decision_index,phase,time_s,duration_s,requested_current_A,screened_current_A,executed_current_A,reward,goal,failure_reason,protective_stop,numerical_failure,post_switch_peak_unknown,intervention,filter_wall_s,safety_details,reward_terms
0,charge,90.0,90.0,"[6.0, 4.5, 3.0]","[6.0, 4.5, 3.0]","[6.0, 4.5, 3.0]",-2.696461220623312,False,,False,False,False,False,0.5398203999975522,"{""requested_current_A"": [6.0, 4.5, 3.0], ""applied_current_A"": [6.0, 4.5, 3.0], ""intervention"": false, ""infeasible"": false, ""reason"": ""Requested currents passed nominal screening"", ""voltage_margin_V"": 0.03, ""temperature_margin_K"": 1.0, ""soc_max"": 0.95, ""voltage_guard_V"": 4.17, ""temperature_guard_K"": 308.0, ""nominal_state"": [[0.2436764510811578, 3.51976283892227, 298.15], [0.3064504641613644, 3.604982372706563, 298.15], [0.39512766798027454, 3.6885494387403632, 298.15]], ""observation"": [[0.2436764510811578, 3.51976283892227, 298.15], [0.3064504641613644, 3.604982372706563, 298.15], [0.39512766798027454, 3.6885494387403632, 298.15]], ""positive_voltage_bias_V"": [0.0, 0.0, 0.0], ""positive_temperature_bias_K"": [0.0, 0.0, 0.0], ""absolute_soc_bias"": [0.0, 0.0, 0.0], ""cells"": [{""cell_index"": 0, ""candidate_count"": 1, ""feasible"": true, ""rejections"": [], ""current_A"": 6.0, ""nominal_next_peaks"": {""voltage_V"": 3.74559244032989, ""temperature_K"": 298.5135250246858, ""soc"": 0.27890859717239064}, ""nominal_backup_peaks"": {""voltage_V"": 3.599379548208129, ""temperature_K"": 298.5135250246858, ""soc"": 0.2789085971723908}, ""bias_adjusted_peaks"": {""voltage_V"": 3.74559244032989, ""temperature_K"": 298.5135250246858, ""soc"": 0.2789085971723908}}, {""cell_index"": 1, ""candidate_count"": 1, ""feasible"": true, ""rejections"": [], ""current_A"": 4.5, ""nominal_next_peaks"": {""voltage_V"": 3.7834944641079393, ""temperature_K"": 298.33774748297077, ""soc"": 0.33444382315887916}, ""nominal_backup_peaks"": {""voltage_V"": 3.6665045436901496, ""temperature_K"": 298.33774748297077, ""soc"": 0.33444382315887916}, ""bias_adjusted_peaks"": {""voltage_V"": 3.7834944641079393, ""temperature_K"": 298.33774748297077, ""soc"": 0.33444382315887916}}, {""cell_index"": 2, ""candidate_count"": 1, ""feasible"": true, ""rejections"": [], ""current_A"": 3.0, ""nominal_next_peaks"": {""voltage_V"": 3.81676001414535, ""temperature_K"": 298.2271052944005, ""soc"": 0.4146684777848504}, ""nominal_backup_peaks"": {""voltage_V"": 3.7327149199038434, ""temperature_K"": 298.2271052944005, ""soc"": 0.4146684777848504}, ""bias_adjusted_peaks"": {""voltage_V"": 3.81676001414535, ""temperature_K"": 298.2271052944005, ""soc"": 0.4146684777848504}}], ""candidate_solve_count"": 6, ""screen_horizon_s"": 90.0, ""zero_current_backup_horizon_s"": 90.0, ""safety_guarantee"": ""finite-horizon sampled screen only"", ""filter_wall_time_s"": 0.5398018000014417}","{""time"": -0.75, ""balance"": -1.9464612206233118, ""voltage"": -0.0, ""temperature"": -0.0, ""numerical_failure"": 0.0, ""protective_stop"": 0.0}"
1,charge,180.0,90.0,"[5.5, 4.5, 3.0]","[5.5, 4.5, 3.0]","[5.5, 4.5, 3.0]",-2.404424965051968,False,,False,False,False,False,0.434667300000001,"{""requested_current_A"": [5.5, 4.5, 3.0], ""applied_current_A"": [5.5, 4.5, 3.0], ""intervention"": false, ""infeasible"": false, ""reason"": ""Requested currents passed nominal screening"", ""voltage_margin_V"": 0.03, ""temperature_margin_K"": 1.0, ""soc_max"": 0.95, ""voltage_guard_V"": 4.17, ""temperature_guard_K"": 308.0, ""nominal_state"": [[0.27890859717239125, 3.74559244032989, 298.5135250246858], [0.3344438231588795, 3.7834944641079393, 298.33774748297077], [0.41466847778484983, 3.81676001414535, 298.2271052944005]], ""observation"": [[0.27890859717239125, 3.74559244032989, 298.5135250246858], [0.3344438231588795, 3.7834944641079393, 298.33774748297077], [0.41466847778484983, 3.81676001414535, 298.2271052944005]], ""positive_voltage_bias_V"": [0.0, 0.0, 0.0], ""positive_temperature_bias_K"": [0.0, 0.0, 0.0], ""absolute_soc_bias"": [0.0, 0.0, 0.0], ""cells"": [{""cell_index"": 0, ""candidate_count"": 1, ""feasible"": true, ""rejections"": [], ""current_A"": 5.5, ""nominal_next_peaks"": {""voltage_V"": 3.771123998659049, ""temperature_K"": 298.8329903494026, ""soc"": 0.31120473108935076}, ""nominal_backup_peaks"": {""voltage_V"": 3.6360986384141745, ""temperature_K"": 298.8329903494026, ""soc"": 0.31120473108935076}, ""bias_adjusted_peaks"": {""voltage_V"": 3.771123998659049, ""temperature_K"": 298.8329903494026, ""soc"": 0.31120473108935076}}, {""cell_index"": 1, ""candidate_count"": 1, ""feasible"": true, ""rejections"": [], ""current_A"": 4.5, ""nominal_next_peaks"": {""voltage_V"": 3.8143215448827257, ""temperature_K"": 298.5297279378366, ""soc"": 0.36243718215639414}, ""nominal_backup_peaks"": {""voltage_V"": 3.698129524601839, ""temperature_K"": 298.5297279378366, ""soc"": 0.3624371821563947}, ""bias_adjusted_peaks"": {""voltage_V"": 3.8143215448827257, ""temperature_K"": 298.5297279378366, ""soc"": 0.3624371821563947}}, {""cell_index"": 2, ""candidate_count"": 1, ""feasible"": true, ""rejections"": [], ""current_A"": 3.0, ""nominal_next_peaks"": {""voltage_V"": 3.8397935797835596, ""temperature_K"": 298.3063259488285, ""soc"": 0.43420928758942573}, ""nominal_backup_peaks"": {""voltage_V"": 3.7559299907661927, ""temperature_K"": 298.3063259488285, ""soc"": 0.43420928758942573}, ""bias_adjusted_peaks"": {""voltage_V"": 3.8397935797835596, ""temperature_K"": 298.3063259488285, ""soc"": 0.43420928758942573}}], ""candidate_solve_count"": 6, ""screen_horizon_s"": 90.0, ""zero_current_backup_horizon_s"": 90.0, ""safety_guarantee"": ""finite-horizon sampled screen only"", ""filter_wall_time_s"": 0.4346430000005057}","{""time"": -0.75, ""balance"": -1.6544249650519678, ""voltage"": -0.0, ""temperature"": -0.0, ""numerical_failure"": 0.0, ""protective_stop"": 0.0}"
2,charge,270.0,90.0,"[5.0, 4.0, 3.0]","[5.0, 4.0, 3.0]","[5.0, 4.0, 3.0]",-2.1722225572882543,False,,False,False,False,False,0.402928300001804,"{""requested_current_A"": [5.0, 4.0, 3.0], ""applied_current_A"": [5.0, 4.0, 3.0], ""intervention"": false, ""infeasible"": false, ""reason"": ""Requested currents passed nominal screening"", ""voltage_margin_V"": 0.03, ""temperature_margin_K"": 1.0, ""soc_max"": 0.95, ""voltage_guard_V"": 4.17, ""temperature_guard_K"": 308.0, ""nominal_state"": [[0.3112047310893512, 3.771123998659049, 298.8329903494026], [0.36243718215639364, 3.8143215448827257, 298.5297279378366], [0.43420928758942645, 3.8397935797835596, 298.3063259488285]], ""observation"": [[0.3112047310893512, 3.771123998659049, 298.8329903494026], [0.36243718215639364, 3.8143215448827257, 298.5297279378366], [0.43420928758942645, 3.8397935797835596, 298.3063259488285]], ""positive_voltage_bias_V"": [0.0, 0.0, 0.0], ""positive_temperature_bias_K"": [0.0, 0.0, 0.0], ""absolute_soc_bias"": [0.0, 0.0, 0.0], ""cells"": [{""cell_index"": 0, ""candidate_count"": 1, ""feasible"": true, ""rejections"": [], ""current_A"": 5.0, ""nominal_next_peaks"": {""voltage_V"": 3.7859544930147893, ""temperature_K"": 299.0925536967126, ""soc"": 0.340564852832043}, ""nominal_backup_peaks"": {""voltage_V"": 3.662647150236313, ""temperature_K"": 299.0925536967126, ""soc"": 0.34056485283208116}, ""bias_adjusted_peaks"": {""voltage_V"": 3.7859544930147893, ""temperature_K"": 299.0925536967126, ""soc"": 0.34056485283208116}}, {""cell_index"": 1, ""candidate_count"": 1, ""feasible"": true, ""rejections"": [], ""current_A"": 4.0, ""nominal_next_peaks"": {""voltage_V"": 3.8237879590036226, ""temperature_K"": 298.6806453482291, ""soc"": 0.38732016793196183}, ""nominal_backup_peaks"": {""voltage_V"": 3.7191821232936917, ""temperature_K"": 298.6806453482291, ""soc"": 0.38732016793196333}, ""bias_adjusted_peaks"": {""voltage_V"": 3.8237879590036226, ""temperature_K"": 298.6806453482291, ""soc"": 0.38732016793196333}}, {""cell_index"": 2, ""candidate_count"": 1, ""feasible"": true, ""rejections"": [], ""current_A"": 3.0, ""nominal_next_peaks"": {""voltage_V"": 3.8598517118213316, ""temperature_K"": 298.38468114764254, ""soc"": 0.4537500973940024}, ""nominal_backup_peaks"": {""voltage_V"": 3.7763756507549324, ""temperature_K"": 298.38468114764254, ""soc"": 0.4537500973940024}, ""bias_adjusted_peaks"": {""voltage_V"": 3.8598517118213316, ""temperature_K"": 298.38468114764254, ""soc"": 0.4537500973940024}}], ""candidate_solve_count"": 6, ""screen_horizon_s"": 90.0, ""zero_current_backup_horizon_s"": 90.0, ""safety_guarantee"": ""finite-horizon sampled screen only"", ""filter_wall_time_s"": 0.4028961000003619}","{""time"": -0.75, ""balance"": -1.4222225572882545, ""voltage"": -0.0, ""temperature"": -0.0, ""numerical_failure"": 0.0, ""protective_stop"": 0.0}"
3,charge,360.0,90.0,"[5.0, 4.0, 3.0]","[5.0, 4.0, 3.0]","[5.0, 4.0, 3.0]",-1.9717714217682196,False,,False,False,False,False,0.34634319999895524,"{""requested_current_A"": [5.0, 4.0, 3.0], ""applied_current_A"": [5.0, 4.0, 3.0], ""intervention"": false, ""infeasible"": false, ""reason"": ""Requested currents passed nominal screening"", ""voltage_margin_V"": 0.03, ""temperature_margin_K"": 1.0, ""soc_max"": 0.95, ""voltage_guard_V"": 4.17, ""temperature_guard_K"": 308.0, ""nominal_state"": [[0.34056485283204413, 3.7859544930147893, 299.0925536967126], [0.3873201679319625, 3.8237879590036226, 298.6806453482291], [0.4537500973940031, 3.8598517118213316, 298.38468114764254]], ""observation"": [[0.34056485283204413, 3.7859544930147893, 299.0925536967126], [0.3873201679319625, 3.8237879590036226, 298.6806453482291], [0.4537500973940031, 3.8598517118213316, 298.38468114764254]], ""positive_voltage_bias_V"": [0.0, 0.0, 0.0], ""positive_temperature_bias_K"": [0.0, 0.0, 0.0], ""absolute_soc_bias"": [0.0, 0.0, 0.0], ""cells"": [{""cell_index"": 0, ""candidate_count"": 1, ""feasible"": true, ""rejections"": [], ""current_A"": 5.0, ""nominal_next_peaks"": {""voltage_V"": 3.810920498260516, ""temperature_K"": 299.3434774327341, ""soc"": 0.3699249745747362}, ""nominal_backup_peaks"": {""voltage_V"": 3.6891391534509417, ""temperature_K"": 299.3434774327341, ""soc"": 0.3699249745747362}, ""bias_adjusted_peaks"": {""voltage_V"": 3.810920498260516, ""temperature_K"": 299.3434774327341, ""soc"": 0.3699249745747362}}, {""cell_index"": 1, ""candidate_count"": 1, ""feasible"": true, ""rejections"": [], ""current_A"": 4.0, ""nominal_next_peaks"": {""voltage_V"": 3.8468949720222168, ""temperature_K"": 298.82706835921886, ""soc"": 0.41220315370753025}, ""nominal_backup_peaks"": {""voltage_V"": 3.743170078417209, ""temperature_K"": 298.82706835921886, ""soc"": 0.41220315370753335}, ""bias_adjusted_peaks"": {""voltage_V"": 3.8468949720222168, ""temperature_K"": 298.82706835921886, ""soc"": 0.41220315370753335}}, {""cell_index"": 2, ""candidate_count"": 1, ""feasible"": true, ""rejections"": [], ""current_A"": 3.0, ""nominal_next_peaks"": {""voltage_V"": 3.878186086154905, ""temperature_K"": 298.46209869611323, ""soc"": 0.4732909071985822}, ""nominal_backup_peaks"": {""voltage_V"": 3.7950475114509112, ""temperature_K"": 298.46209869611323, ""soc"": 0.4732909071985822}, ""bias_adjusted_peaks"": {""voltage_V"": 3.878186086154905, ""temperature_K"": 298.46209869611323, ""soc"": 0.4732909071985822}}], ""candidate_solve_count"": 6, ""screen_horizon_s"": 90.0, ""zero_current_backup_horizon_s"": 90.0, ""safety_guarantee"": ""finite-horizon sampled screen only"", ""filter_wall_time_s"": 0.3463147000002209}","{""time"": -0.75, ""balance"": -1.2217714217682196, ""voltage"": -0.0, ""temperature"": -0.0, ""numerical_failure"": 0.0, ""protective_stop"": 0.0}"
4,charge,450.0,90.0,"[5.0, 4.0, 3.0]","[5.0, 4.0, 3.0]","[5.0, 4.0, 3.0]",-1.7713687829333358,False,,False,False,False,False,0.3245513000001665,"{""requested_current_A"": [5.0, 4.0, 3.0], ""applied_current_A"": [5.0, 4.0, 3.0], ""intervention"": false, ""infeasible"": false, ""reason"": ""Requested currents passed nominal screening"", ""voltage_margin_V"": 0.03, ""temperature_margin_K"": 1.0, ""soc_max"": 0.95, ""voltage_guard_V"": 4.17, ""temperature_guard_K"": 308.0, ""nominal_state"": [[0.3699249745747365, 3.810920498260516, 299.3434774327341], [0.4122031537075315, 3.8468949720222168, 298.82706835921886], [0.4732909071985814, 3.878186086154905, 298.46209869611323]], ""observation"": [[0.3699249745747365, 3.810920498260516, 299.3434774327341], [0.4122031537075315, 3.8468949720222168, 298.82706835921886], [0.4732909071985814, 3.878186086154905, 298.46209869611323]], ""positive_voltage_bias_V"": [0.0, 0.0, 0.0], ""positive_temperature_bias_K"": [0.0, 0.0, 0.0], ""absolute_soc_bias"": [0.0, 0.0, 0.0], ""cells"": [{""cell_index"": 0, ""candidate_count"": 1, ""feasible"": true, ""rejections"": [], ""current_A"": 5.0, ""nominal_next_peaks"": {""voltage_V"": 3.8359056711788755, ""temperature_K"": 299.5878413926428, ""soc"": 0.39928509631742803}, ""nominal_backup_peaks"": {""voltage_V"": 3.7153902422975857, ""temperature_K"": 299.5878413926428, ""soc"": 0.39928509631742803}, ""bias_adjusted_peaks"": {""voltage_V"": 3.8359056711788755, ""temperature_K"": 299.5878413926428, ""soc"": 0.39928509631742803}}, {""cell_index"": 1, ""candidate_count"": 1, ""feasible"": true, ""rejections"": [], ""current_A"": 4.0, ""nominal_next_peaks"": {""voltage_V"": 3.870310364841141, ""temperature_K"": 298.9701359671178, ""soc"": 0.4370861394831019}, ""nominal_backup_peaks"": {""voltage_V"": 3.767298166441827, ""temperature_K"": 298.9701359671178, ""soc"": 0.4370861394831021}, ""bias_adjusted_peaks"": {""voltage_V"": 3.870310364841141, ""temperature_K"": 298.9701359671178, ""soc"": 0.4370861394831021}}, {""cell_index"": 2, ""candidate_count"": 1, ""feasible"": true, ""rejections"": [], ""current_A"": 3.0, ""nominal_next_peaks"": {""voltage_V"": 3.8949866246294955, ""temperature_K"": 298.53863372634055, ""soc"": 0.492831717003159}, ""nominal_backup_peaks"": {""voltage_V"": 3.8121274426535527, ""temperature_K"": 298.53863372634055, ""soc"": 0.492831717003159}, ""bias_adjusted_peaks"": {""voltage_V"": 3.8949866246294955, ""temperature_K"": 298.53863372634055, ""soc"": 0.492831717003159}}], ""candidate_solve_count"": 6, ""screen_horizon_s"": 90.0, ""zero_current_backup_horizon_s"": 90.0, ""safety_guarantee"": ""finite-horizon sampled screen only"", ""filter_wall_time_s"": 0.324525399999402}","{""time"": -0.75, ""balance"": -1.0213687829333358, ""voltage"": -0.0, ""temperature"": -0.0, ""numerical_failure"": 0.0, ""protective_stop"": 0.0}"
5,charge,540.0,90.0,"[4.5, 4.0, 3.0]","[4.5, 4.0, 3.0]","[4.5, 4.0, 3.0]",-1.5989740051603771,False,,False,False,False,False,0.3737805999990087,"{""requested_current_A"": [4.5, 4.0, 3.0], ""applied_current_A"": [4.5, 4.0, 3.0], ""intervention"": false, ""infeasible"": false, ""reason"": ""Requested currents passed nominal screening"", ""voltage_margin_V"": 0.03, ""temperature_margin_K"": 1.0, ""soc_max"": 0.95, ""voltage_guard_V"": 4.17, ""temperature_guard_K"": 308.0, ""nominal_state"": [[0.3992850963174285, 3.8359056711788755, 299.5878413926428], [0.4370861394831017, 3.870310364841141, 298.9701359671178], [0.4928317170031599, 3.8949866246294955, 298.53863372634055]], ""observation"": [[0.3992850963174285, 3.8359056711788755, 299.5878413926428], [0.4370861394831017, 3.870310364841141, 298.9701359671178], [0.4928317170031599, 3.8949866246294955, 298.53863372634055]], ""positive_voltage_bias_V"": [0.0, 0.0, 0.0], ""positive_temperature_bias_K"": [0.0, 0.0, 0.0], ""absolute_soc_bias"": [0.0, 0.0, 0.0], ""cells"": [{""cell_index"": 0, ""candidate_count"": 1, ""feasible"": true, ""rejections"": [], ""current_A"": 4.5, ""nominal_next_peaks"": {""voltage_V"": 3.8447996737153796, ""temperature_K"": 299.7812819492101, ""soc"": 0.42570920588585387}, ""nominal_backup_peaks"": {""voltage_V"": 3.735374445995329, ""temperature_K"": 299.7812819492101, ""soc"": 0.42570920588585387}, ""bias_adjusted_peaks"": {""voltage_V"": 3.8447996737153796, ""temperature_K"": 299.7812819492101, ""soc"": 0.42570920588585387}}, {""cell_index"": 1, ""candidate_count"": 1, ""feasible"": true, ""rejections"": [], ""current_A"": 4.0, ""nominal_next_peaks"": {""voltage_V"": 3.893144810031556, ""temperature_K"": 299.11009424353097, ""soc"": 0.46196912525867057}, ""nominal_backup_peaks"": {""voltage_V"": 3.7907316358261105, ""temperature_K"": 299.11009424353097, ""soc"": 0.4619691252586739}, ""bias_adjusted_peaks"": {""voltage_V"": 3.893144810031556, ""temperature_K"": 299.11009424353097, ""soc"": 0.4619691252586739}}, {""cell_index"": 2, ""candidate_count"": 1, ""feasible"": true, ""rejections"": [], ""current_A"": 3.0, ""nominal_next_peaks"": {""voltage_V"": 3.910405728195374, ""temperature_K"": 298.6143439915663, ""soc"": 0.5123725268077339}, ""nominal_backup_peaks"": {""voltage_V"": 3.827769116289992, ""temperature_K"": 298.6143439915663, ""soc"": 0.5123725268077339}, ""bias_adjusted_peaks"": {""voltage_V"": 3.910405728195374, ""temperature_K"": 298.6143439915663, ""soc"": 0.5123725268077339}}], ""candidate_solve_count"": 6, ""screen_horizon_s"": 90.0, ""zero_current_backup_horizon_s"": 90.0, ""safety_guarantee"": ""finite-horizon sampled screen only"", ""filter_wall_time_s"": 0.37375519999841345}","{""time"": -0.75, ""balance"": -0.848974005160377, ""voltage"": -0.0, ""temperature"": -0.0, ""numerical_failure"": 0.0, ""protective_stop"": 0.0}"
6,charge,630.0,90.0,"[4.5, 4.0, 3.0]","[4.5, 4.0, 3.0]","[4.5, 4.0, 3.0]",-1.4548979162084787,False,,False,False,False,False,0.3423459000005096,"{""requested_current_A"": [4.5, 4.0, 3.0], ""applied_current_A"": [4.5, 4.0, 3.0], ""intervention"": false, ""infeasible"": false, ""reason"": ""Requested currents passed nominal screening"", ""voltage_margin_V"": 0.03, ""temperature_margin_K"": 1.0, ""soc_max"": 0.95, ""voltage_guard_V"": 4.17, ""temperature_guard_K"": 308.0, ""nominal_state"": [[0.4257092058858538, 3.8447996737153796, 299.7812819492101], [0.4619691252586714, 3.893144810031556, 299.11009424353097], [0.5123725268077356, 3.910405728195374, 298.6143439915663]], ""observation"": [[0.4257092058858538, 3.8447996737153796, 299.7812819492101], [0.4619691252586714, 3.893144810031556, 299.11009424353097], [0.5123725268077356, 3.910405728195374, 298.6143439915663]], ""positive_voltage_bias_V"": [0.0, 0.0, 0.0], ""positive_temperature_bias_K"": [0.0, 0.0, 0.0], ""absolute_soc_bias"": [0.0, 0.0, 0.0], ""cells"": [{""cell_index"": 0, ""candidate_count"": 1, ""feasible"": true, ""rejections"": [], ""current_A"": 4.5, ""nominal_next_peaks"": {""voltage_V"": 3.868973389529147, ""temperature_K"": 299.9689782052724, ""soc"": 0.45213331545427643}, ""nominal_backup_peaks"": {""voltage_V"": 3.760383750060199, ""temperature_K"": 299.9689782052724, ""soc"": 0.45213331545427826}, ""bias_adjusted_peaks"": {""voltage_V"": 3.868973389529147, ""temperature_K"": 299.9689782052724, ""soc"": 0.45213331545427826}}, {""cell_index"": 1, ""candidate_count"": 1, ""feasible"": true, ""rejections"": [], ""current_A"": 4.0, ""nominal_next_peaks"": {""voltage_V"": 3.914510524173058, ""temperature_K"": 299.24714183527493, ""soc"": 0.4868521110342409}, ""nominal_backup_peaks"": {""voltage_V"": 3.812589675921166, ""temperature_K"": 299.24714183527493, ""soc"": 0.48685211103424275}, ""bias_adjusted_peaks"": {""voltage_V"": 3.914510524173058, ""temperature_K"": 299.24714183527493, ""soc"": 0.48685211103424275}}, {""cell_index"": 2, ""candidate_count"": 1, ""feasible"": true, ""rejections"": [], ""current_A"": 3.0, ""nominal_next_peaks"": {""voltage_V"": 3.924702374219151, ""temperature_K"": 298.6892861153586, ""soc"": 0.5319133366123138}, ""nominal_backup_peaks"": {""voltage_V"": 3.8422325316579893, ""temperature_K"": 298.6892861153586, ""soc"": 0.5319133366123138}, ""bias_adjusted_peaks"": {""voltage_V"": 3.924702374219151, ""temperature_K"": 298.6892861153586, ""soc"": 0.5319133366123138}}], ""candidate_solve_count"": 6, ""screen_horizon_s"": 90.0, ""zero_current_backup_horizon_s"": 90.0, ""safety_guarantee"": ""finite-horizon sampled screen only"", ""filter_wall_time_s"": 0.34232519999932265}","{""time"": -0.75, ""balance"": -0.7048979162084787, ""voltage"": -0.0, ""temperature"": -0.0, ""numerical_failure"": 0.0, ""protective_stop"": 0.0}"
7,charge,720.0,90.0,"[4.5, 3.5, 3.0]","[4.5, 3.5, 3.0]","[4.5, 3.5, 3.0]",-1.314230735801143,False,,False,False,False,False,0.35742240000035963,"{""requested_current_A"": [4.5, 3.5, 3.0], ""applied_current_A"": [4.5, 3.5, 3.0], ""intervention"": false, ""infeasible"": false, ""reason"": ""Requested currents passed nominal screening"", ""voltage_margin_V"": 0.03, ""temperature_margin_K"": 1.0, ""soc_max"": 0.95, ""voltage_guard_V"": 4.17, ""temperature_guard_K"": 308.0, ""nominal_state"": [[0.45213331545427626, 3.868973389529147, 299.9689782052724], [0.48685211103424064, 3.914510524173058, 299.24714183527493], [0.5319133366123123, 3.924702374219151, 298.6892861153586]], ""observation"": [[0.45213331545427626, 3.868973389529147, 299.9689782052724], [0.48685211103424064, 3.914510524173058, 299.24714183527493], [0.5319133366123123, 3.924702374219151, 298.6892861153586]], ""positive_voltage_bias_V"": [0.0, 0.0, 0.0], ""positive_temperature_bias_K"": [0.0, 0.0, 0.0], ""absolute_soc_bias"": [0.0, 0.0, 0.0], ""cells"": [{""cell_index"": 0, ""candidate_count"": 1, ""feasible"": true, ""rejections"": [], ""current_A"": 4.5, ""nominal_next_peaks"": {""voltage_V"": 3.8939869662224664, ""temperature_K"": 300.152508733087, ""soc"": 0.478557425022699}, ""nominal_backup_peaks"": {""voltage_V"": 3.7860526423749175, ""temperature_K"": 300.152508733087, ""soc"": 0.4785574250227009}, ""bias_adjusted_peaks"": {""voltage_V"": 3.8939869662224664, ""temperature_K"": 300.152508733087, ""soc"": 0.4785574250227009}}, {""cell_index"": 1, ""candidate_count"": 1, ""feasible"": true, ""rejections"": [], ""current_A"": 3.5, ""nominal_next_peaks"": {""voltage_V"": 3.91636290558385, ""temperature_K"": 299.34886563445656, ""soc"": 0.5086247235878624}, ""nominal_backup_peaks"": {""voltage_V"": 3.82571630478283, ""temperature_K"": 299.34886563445656, ""soc"": 0.5086247235878644}, ""bias_adjusted_peaks"": {""voltage_V"": 3.91636290558385, ""temperature_K"": 299.34886563445656, ""soc"": 0.5086247235878644}}, {""cell_index"": 2, ""candidate_count"": 1, ""feasible"": true, ""rejections"": [], ""current_A"": 3.0, ""nominal_next_peaks"": {""voltage_V"": 3.938244588636316, ""temperature_K"": 298.76351383273783, ""soc"": 0.5514541464168873}, ""nominal_backup_peaks"": {""voltage_V"": 3.8558862145443724, ""temperature_K"": 298.76351383273783, ""soc"": 0.5514541464168883}, ""bias_adjusted_peaks"": {""voltage_V"": 3.938244588636316, ""temperature_K"": 298.76351383273783, ""soc"": 0.5514541464168883}}], ""candidate_solve_count"": 6, ""screen_horizon_s"": 90.0, ""zero_current_backup_horizon_s"": 90.0, ""safety_guarantee"": ""finite-horizon sampled screen only"", ""filter_wall_time_s"": 0.3573876999980712}","{""time"": -0.75, ""balance"": -0.564230735801143, ""voltage"": -0.0, ""temperature"": -0.0, ""numerical_failure"": 0.0, ""protective_stop"": 0.0}"
8,charge,810.0,90.0,"[4.0, 3.5, 3.0]","[4.0, 3.5, 3.0]","[4.0, 3.5, 3.0]",-1.2051918840328915,False,,False,False,False,False,0.37499989999923855,"{""requested_current_A"": [4.0, 3.5, 3.0], ""applied_current_A"": [4.0, 3.5, 3.0], ""intervention"": false, ""infeasible"": false, ""reason"": ""Requested currents passed nominal screening"", ""voltage_margin_V"": 0.03, ""temperature_margin_K"": 1.0, ""soc_max"": 0.95, ""voltage_guard_V"": 4.17, ""temperature_guard_K"": 308.0, ""nominal_state"": [[0.4785574250226987, 3.8939869662224664, 300.152508733087], [0.5086247235878633, 3.91636290558385, 299.34886563445656], [0.5514541464168867, 3.938244588636316, 298.76351383273783]], ""observation"": [[0.4785574250226987, 3.8939869662224664, 300.152508733087], [0.5086247235878633, 3.91636290558385, 299.34886563445656], [0.5514541464168867, 3.938244588636316, 298.76351383273783]], ""positive_voltage_bias_V"": [0.0, 0.0, 0.0], ""positive_temperature_bias_K"": [0.0, 0.0, 0.0], ""absolute_soc_bias"": [0.0, 0.0, 0.0], ""cells"": [{""cell_index"": 0, ""candidate_count"": 1, ""feasible"": true, ""rejections"": [], ""current_A"": 4.0, ""nominal_next_peaks"": {""voltage_V"": 3.9002060573191493, ""temperature_K"": 300.2916282272973, ""soc"": 0.5020455224168534}, ""nominal_backup_peaks"": {""voltage_V"": 3.80311888471869, ""temperature_K"": 300.2916282272973, ""soc"": 0.5020455224168535}, ""bias_adjusted_peaks"": {""voltage_V"": 3.9002060573191493, ""temperature_K"": 300.2916282272973, ""soc"": 0.5020455224168535}}, {""cell_index"": 1, ""candidate_count"": 1, ""feasible"": true, ""rejections"": [], ""current_A"": 3.5, ""nominal_next_peaks"": {""voltage_V"": 3.931818969772623, ""temperature_K"": 299.44791906304255, ""soc"": 0.530397336141484}, ""nominal_backup_peaks"": {""voltage_V"": 3.8414487866955165, ""temperature_K"": 299.44791906304255, ""soc"": 0.530397336141484}, ""bias_adjusted_peaks"": {""voltage_V"": 3.931818969772623, ""temperature_K"": 299.44791906304255, ""soc"": 0.530397336141484}}, {""cell_index"": 2, ""candidate_count"": 1, ""feasible"": true, ""rejections"": [], ""current_A"": 3.0, ""nominal_next_peaks"": {""voltage_V"": 3.9515135622820132, ""temperature_K"": 298.8370826084306, ""soc"": 0.5709949562214698}, ""nominal_backup_peaks"": {""voltage_V"": 3.869211381861524, ""temperature_K"": 298.8370826084306, ""soc"": 0.5709949562214698}, ""bias_adjusted_peaks"": {""voltage_V"": 3.9515135622820132, ""temperature_K"": 298.8370826084306, ""soc"": 0.5709949562214698}}], ""candidate_solve_count"": 6, ""screen_horizon_s"": 90.0, ""zero_current_backup_horizon_s"": 90.0, ""safety_guarantee"": ""finite-horizon sampled screen only"", ""filter_wall_time_s"": 0.3749753000010969}","{""time"": -0.75, ""balance"": -0.45519188403289146, ""voltage"": -0.0, ""temperature"": -0.0, ""numerical_failure"": 0.0, ""protective_stop"": 0.0}"
9,charge,900.0,90.0,"[4.0, 3.5, 3.0]","[4.0, 3.5, 3.0]","[4.0, 3.5, 3.0]",-1.1244178574346693,False,,False,False,False,False,0.3229666000006546,"{""requested_current_A"": [4.0, 3.5, 3.0], ""applied_current_A"": [4.0, 3.5, 3.0], ""intervention"": false, ""infeasible"": false, ""reason"": ""Requested currents passed nominal screening"", ""voltage_margin_V"": 0.03, ""temperature_margin_K"": 1.0, ""soc_max"": 0.95, ""voltage_guard_V"": 4.17, ""temperature_guard_K"": 308.0, ""nominal_state"": [[0.5020455224168521, 3.9002060573191493, 300.2916282272973], [0.5303973361414858, 3.931818969772623, 299.44791906304255], [0.5709949562214686, 3.9515135622820132, 298.8370826084306]], ""observation"": [[0.5020455224168521, 3.9002060573191493, 300.2916282272973], [0.5303973361414858, 3.931818969772623, 299.44791906304255], [0.5709949562214686, 3.9515135622820132, 298.8370826084306]], ""positive_voltage_bias_V"": [0.0, 0.0, 0.0], ""positive_temperature_bias_K"": [0.0, 0.0, 0.0], ""absolute_soc_bias"": [0.0, 0.0, 0.0], ""cells"": [{""cell_index"": 0, ""candidate_count"": 1, ""feasible"": true, ""rejections"": [], ""current_A"": 4.0, ""nominal_next_peaks"": {""voltage_V"": 3.919639575020864, ""temperature_K"": 300.426959612095, ""soc"": 0.5255336198110057}, ""nominal_backup_peaks"": {""voltage_V"": 3.822934895644967, ""temperature_K"": 300.426959612095, ""soc"": 0.5255336198110057}, ""bias_adjusted_peaks"": {""voltage_V"": 3.919639575020864, ""temperature_K"": 300.426959612095, ""soc"": 0.5255336198110057}}, {""cell_index"": 1, ""candidate_count"": 1, ""feasible"": true, ""rejections"": [], ""current_A"": 3.5, ""nominal_next_peaks"": {""voltage_V"": 3.946831178300617, ""temperature_K"": 299.54518178317335, ""soc"": 0.5521699486951094}, ""nominal_backup_peaks"": {""voltage_V"": 3.8566188096445453, ""temperature_K"": 299.54518178317335, ""soc"": 0.5521699486951109}, ""bias_adjusted_peaks"": {""voltage_V"": 3.946831178300617, ""temperature_K"": 299.54518178317335, ""soc"": 0.5521699486951109}}, {""cell_index"": 2, ""candidate_count"": 1, ""feasible"": true, ""rejections"": [], ""current_A"": 3.0, ""nominal_next_peaks"": {""voltage_V"": 3.9651963684805134, ""temperature_K"": 298.91004692750136, ""soc"": 0.5905357660260475}, ""nominal_backup_peaks"": {""voltage_V"": 3.882894669746064, ""temperature_K"": 298.91004692750136, ""soc"": 0.5905357660260475}, ""bias_adjusted_peaks"": {""voltage_V"": 3.9651963684805134, ""temperature_K"": 298.91004692750136, ""soc"": 0.5905357660260475}}], ""candidate_solve_count"": 6, ""screen_horizon_s"": 90.0, ""zero_current_backup_horizon_s"": 90.0, ""safety_guarantee"": ""finite-horizon sampled screen only"", ""filter_wall_time_s"": 0.32294379999802914}","{""time"": -0.75, ""balance"": -0.3744178574346694, ""voltage"": -0.0, ""temperature"": -0.0, ""numerical_failure"": 0.0, ""protective_stop"": 0.0}"
10,charge,990.0,90.0,"[4.0, 3.5, 3.0]","[4.0, 3.5, 3.0]","[4.0, 3.5, 3.0]",-1.043647466231572,False,,False,False,False,False,0.3136135999993712,"{""requested_current_A"": [4.0, 3.5, 3.0], ""applied_current_A"": [4.0, 3.5, 3.0], ""intervention"": false, ""infeasible"": false, ""reason"": ""Requested currents passed nominal screening"", ""voltage_margin_V"": 0.03, ""temperature_margin_K"": 1.0, ""soc_max"": 0.95, ""voltage_guard_V"": 4.17, ""temperature_guard_K"": 308.0, ""nominal_state"": [[0.5255336198110047, 3.919639575020864, 300.426959612095], [0.5521699486951092, 3.946831178300617, 299.54518178317335], [0.5905357660260486, 3.9651963684805134, 298.91004692750136]], ""observation"": [[0.5255336198110047, 3.919639575020864, 300.426959612095], [0.5521699486951092, 3.946831178300617, 299.54518178317335], [0.5905357660260486, 3.9651963684805134, 298.91004692750136]], ""positive_voltage_bias_V"": [0.0, 0.0, 0.0], ""positive_temperature_bias_K"": [0.0, 0.0, 0.0], ""absolute_soc_bias"": [0.0, 0.0, 0.0], ""cells"": [{""cell_index"": 0, ""candidate_count"": 1, ""feasible"": true, ""rejections"": [], ""current_A"": 4.0, ""nominal_next_peaks"": {""voltage_V"": 3.9380327217544906, ""temperature_K"": 300.55974969647343, ""soc"": 0.5490217172051601}, ""nominal_backup_peaks"": {""voltage_V"": 3.841573240002655, ""temperature_K"": 300.55974969647343, ""soc"": 0.5490217172051602}, ""bias_adjusted_peaks"": {""voltage_V"": 3.9380327217544906, ""temperature_K"": 300.55974969647343, ""soc"": 0.5490217172051602}}, {""cell_index"": 1, ""candidate_count"": 1, ""feasible"": true, ""rejections"": [], ""current_A"": 3.5, ""nominal_next_peaks"": {""voltage_V"": 3.9616947029524945, ""temperature_K"": 299.6407995432623, ""soc"": 0.573942561248729}, ""nominal_backup_peaks"": {""voltage_V"": 3.8715654232850043, ""temperature_K"": 299.6407995432623, ""soc"": 0.5739425612487294}, ""bias_adjusted_peaks"": {""voltage_V"": 3.9616947029524945, ""temperature_K"": 299.6407995432623, ""soc"": 0.5739425612487294}}, {""cell_index"": 2, ""candidate_count"": 1, ""feasible"": true, ""rejections"": [], ""current_A"": 3.0, ""nominal_next_peaks"": {""voltage_V"": 3.9804490256422014, ""temperature_K"": 298.9824596846377, ""soc"": 0.6100765758306204}, ""nominal_backup_peaks"": {""voltage_V"": 3.8980911876034243, ""temperature_K"": 298.9824596846377, ""soc"": 0.6100765758306204}, ""bias_adjusted_peaks"": {""voltage_V"": 3.9804490256422014, ""temperature_K"": 298.9824596846377, ""soc"": 0.6100765758306204}}], ""candidate_solve_count"": 6, ""screen_horizon_s"": 90.0, ""zero_current_backup_horizon_s"": 90.0, ""safety_guarantee"": ""finite-horizon sampled screen only"", ""filter_wall_time_s"": 0.31359010000232956}","{""time"": -0.75, ""balance"": -0.293647466231572, ""voltage"": -0.0, ""temperature"": -0.0, ""numerical_failure"": 0.0, ""protective_stop"": 0.0}"
11,charge,1080.0,89.99999999999989,"[4.0, 3.5, 3.0]","[4.0, 3.5, 3.0]","[4.0, 3.5, 3.0]",-0.9628814376894343,False,,False,False,False,False,0.316380799999024,"{""requested_current_A"": [4.0, 3.5, 3.0], ""applied_current_A"": [4.0, 3.5, 3.0], ""intervention"": false, ""infeasible"": false, ""reason"": ""Requested currents passed nominal screening"", ""voltage_margin_V"": 0.03, ""temperature_margin_K"": 1.0, ""soc_max"": 0.95, ""voltage_guard_V"": 4.17, ""temperature_guard_K"": 308.0, ""nominal_state"": [[0.5490217172051587, 3.9380327217544906, 300.55974969647343], [0.573942561248729, 3.9616947029524945, 299.6407995432623], [0.6100765758306199, 3.9804490256422014, 298.9824596846377]], ""observation"": [[0.5490217172051587, 3.9380327217544906, 300.55974969647343], [0.573942561248729, 3.9616947029524945, 299.6407995432623], [0.6100765758306199, 3.9804490256422014, 298.9824596846377]], ""positive_voltage_bias_V"": [0.0, 0.0, 0.0], ""positive_temperature_bias_K"": [0.0, 0.0, 0.0], ""absolute_soc_bias"": [0.0, 0.0, 0.0], ""cells"": [{""cell_index"": 0, ""candidate_count"": 1, ""feasible"": true, ""rejections"": [], ""current_A"": 4.0, ""nominal_next_peaks"": {""voltage_V"": 3.9555678088493913, ""temperature_K"": 300.69021992517816, ""soc"": 0.5725098145993079}, ""nominal_backup_peaks"": {""voltage_V"": 3.8592634734583786, ""temperature_K"": 300.69021992517816, ""soc"": 0.572509814599368}, ""bias_adjusted_peaks"": {""voltage_V"": 3.9555678088493913, ""temperature_K"": 300.69021992517816, ""soc"": 0.572509814599368}}, {""cell_index"": 1, ""candidate_count"": 1, ""feasible"": true, ""rejections"": [], ""current_A"": 3.5, ""nominal_next_peaks"": {""voltage_V"": 3.977334433481327, ""temperature_K"": 299.73488650230877, ""soc"": 0.5957151738023491}, ""nominal_backup_peaks"": {""voltage_V"": 3.8872146202556674, ""temperature_K"": 299.73488650230877, ""soc"": 0.5957151738023546}, ""bias_adjusted_peaks"": {""voltage_V"": 3.977334433481327, ""temperature_K"": 299.73488650230877, ""soc"": 0.5957151738023546}}, {""cell_index"": 2, ""candidate_count"": 1, ""feasible"": true, ""rejections"": [], ""current_A"": 3.0, ""nominal_next_peaks"": {""voltage_V"": 3.9991281025640504, ""temperature_K"": 299.0543758835086, ""soc"": 0.6296173856351935}, ""nominal_backup_peaks"": {""voltage_V"": 3.916656105654605, ""temperature_K"": 299.0543758835086, ""soc"": 0.6296173856351935}, ""bias_adjusted_peaks"": {""voltage_V"": 3.9991281025640504, ""temperature_K"": 299.0543758835086, ""soc"": 0.6296173856351935}}], ""candidate_solve_count"": 6, ""screen_horizon_s"": 90.0, ""zero_current_backup_horizon_s"": 90.0, ""safety_guarantee"": ""finite-horizon sampled screen only"", ""filter_wall_time_s"": 0.31635539999842877}","{""time"": -0.749999999999999, ""balance"": -0.21288143768943538, ""voltage"": -0.0, ""temperature"": -0.0, ""numerical_failure"": 0.0, ""protective_stop"": 0.0}"
12,charge,1170.0,90.0,"[4.0, 3.5, 3.0]","[4.0, 3.5, 3.0]","[4.0, 3.5, 3.0]",-0.8821207069507401,False,,False,False,False,False,0.3026157999993302,"{""requested_current_A"": [4.0, 3.5, 3.0], ""applied_current_A"": [4.0, 3.5, 3.0], ""intervention"": false, ""infeasible"": false, ""reason"": ""Requested currents passed nominal screening"", ""voltage_margin_V"": 0.03, ""temperature_margin_K"": 1.0, ""soc_max"": 0.95, ""voltage_guard_V"": 4.17, ""temperature_guard_K"": 308.0, ""nominal_state"": [[0.5725098145993097, 3.9555678088493913, 300.69021992517816], [0.5957151738023506, 3.977334433481327, 299.73488650230877], [0.6296173856351924, 3.9991281025640504, 299.0543758835086]], ""observation"": [[0.5725098145993097, 3.9555678088493913, 300.69021992517816], [0.5957151738023506, 3.977334433481327, 299.73488650230877], [0.6296173856351924, 3.9991281025640504, 299.0543758835086]], ""positive_voltage_bias_V"": [0.0, 0.0, 0.0], ""positive_temperature_bias_K"": [0.0, 0.0, 0.0], ""absolute_soc_bias"": [0.0, 0.0, 0.0], ""cells"": [{""cell_index"": 0, ""candidate_count"": 1, ""feasible"": true, ""rejections"": [], ""current_A"": 4.0, ""nominal_next_peaks"": {""voltage_V"": 3.9734131087208704, ""temperature_K"": 300.81854717542035, ""soc"": 0.5959979119934654}, ""nominal_backup_peaks"": {""voltage_V"": 3.8771750889924155, ""temperature_K"": 300.81854717542035, ""soc"": 0.5959979119934665}, ""bias_adjusted_peaks"": {""voltage_V"": 3.9734131087208704, ""temperature_K"": 300.81854717542035, ""soc"": 0.5959979119934665}}, {""cell_index"": 1, ""candidate_count"": 1, ""feasible"": true, ""rejections"": [], ""current_A"": 3.5, ""nominal_next_peaks"": {""voltage_V"": 3.9955608372243767, ""temperature_K"": 299.82755223280606, ""soc"": 0.6174877863559745}, ""nominal_backup_peaks"": {""voltage_V"": 3.9053755543779447, ""temperature_K"": 299.82755223280606, ""soc"": 0.6174877863559747}, ""bias_adjusted_peaks"": {""voltage_V"": 3.9955608372243767, ""temperature_K"": 299.82755223280606, ""soc"": 0.6174877863559747}}, {""cell_index"": 2, ""candidate_count"": 1, ""feasible"": true, ""rejections"": [], ""current_A"": 3.0, ""nominal_next_peaks"": {""voltage_V"": 4.022565665035751, ""temperature_K"": 299.1258510170916, ""soc"": 0.6491581954397695}, ""nominal_backup_peaks"": {""voltage_V"": 3.9399195578271637, ""temperature_K"": 299.1258510170916, ""soc"": 0.6491581954397695}, ""bias_adjusted_peaks"": {""voltage_V"": 4.022565665035751, ""temperature_K"": 299.1258510170916, ""soc"": 0.6491581954397695}}], ""candidate_solve_count"": 6, ""screen_horizon_s"": 90.0, ""zero_current_backup_horizon_s"": 90.0, ""safety_guarantee"": ""finite-horizon sampled screen only"", ""filter_wall_time_s"": 0.30259490000025835}","{""time"": -0.75, ""balance"": -0.13212070695074007, ""voltage"": -0.0, ""temperature"": -0.0, ""numerical_failure"": 0.0, ""protective_stop"": 0.0}"
13,charge,1260.0,90.0,"[4.0, 3.5, 3.0]","[4.0, 3.5, 3.0]","[4.0, 3.5, 3.0]",-0.8013664970359224,False,,False,False,False,False,0.29083860000173445,"{""requested_current_A"": [4.0, 3.5, 3.0], ""applied_current_A"": [4.0, 3.5, 3.0], ""intervention"": false, ""infeasible"": false, ""reason"": ""Requested currents passed nominal screening"", ""voltage_margin_V"": 0.03, ""temperature_margin_K"": 1.0, ""soc_max"": 0.95, ""voltage_guard_V"": 4.17, ""temperature_guard_K"": 308.0, ""nominal_state"": [[0.5959979119934652, 3.9734131087208704, 300.81854717542035], [0.6174877863559729, 3.9955608372243767, 299.82755223280606], [0.6491581954397685, 4.022565665035751, 299.1258510170916]], ""observation"": [[0.5959979119934652, 3.9734131087208704, 300.81854717542035], [0.6174877863559729, 3.9955608372243767, 299.82755223280606], [0.6491581954397685, 4.022565665035751, 299.1258510170916]], ""positive_voltage_bias_V"": [0.0, 0.0, 0.0], ""positive_temperature_bias_K"": [0.0, 0.0, 0.0], ""absolute_soc_bias"": [0.0, 0.0, 0.0], ""cells"": [{""cell_index"": 0, ""candidate_count"": 1, ""feasible"": true, ""rejections"": [], ""current_A"": 4.0, ""nominal_next_peaks"": {""voltage_V"": 3.9939822075246103, ""temperature_K"": 300.9449022256379, ""soc"": 0.6194860093876186}, ""nominal_backup_peaks"": {""voltage_V"": 3.8977201193679916, ""temperature_K"": 300.9449022256379, ""soc"": 0.6194860093876186}, ""bias_adjusted_peaks"": {""voltage_V"": 3.9939822075246103, ""temperature_K"": 300.9449022256379, ""soc"": 0.6194860093876186}}, {""cell_index"": 1, ""candidate_count"": 1, ""feasible"": true, ""rejections"": [], ""current_A"": 3.5, ""nominal_next_peaks"": {""voltage_V"": 4.018993458557733, ""temperature_K"": 299.9189126624224, ""soc"": 0.6392603989095983}, ""nominal_backup_peaks"": {""voltage_V"": 3.9286656222255565, ""temperature_K"": 299.9189126624224, ""soc"": 0.6392603989096022}, ""bias_adjusted_peaks"": {""voltage_V"": 4.018993458557733, ""temperature_K"": 299.9189126624224, ""soc"": 0.6392603989096022}}, {""cell_index"": 2, ""candidate_count"": 1, ""feasible"": true, ""rejections"": [], ""current_A"": 3.0, ""nominal_next_peaks"": {""voltage_V"": 4.048276576137024, ""temperature_K"": 299.19694267831215, ""soc"": 0.668699005244339}, ""nominal_backup_peaks"": {""voltage_V"": 3.965393887428583, ""temperature_K"": 299.19694267831215, ""soc"": 0.668699005244339}, ""bias_adjusted_peaks"": {""voltage_V"": 4.048276576137024, ""temperature_K"": 299.19694267831215, ""soc"": 0.668699005244339}}], ""candidate_solve_count"": 6, ""screen_horizon_s"": 90.0, ""zero_current_backup_horizon_s"": 90.0, ""safety_guarantee"": ""finite-horizon sampled screen only"", ""filter_wall_time_s"": 0.2908195000018168}","{""time"": -0.75, ""balance"": -0.0513664970359224, ""voltage"": -0.0, ""temperature"": -0.0, ""numerical_failure"": 0.0, ""protective_stop"": 0.0}"
14,charge,1350.0,90.0,"[3.5, 3.5, 3.0]","[3.5, 3.5, 3.0]","[3.5, 3.5, 3.0]",-0.7524281140430636,False,,False,False,False,False,0.33530360000077053,"{""requested_current_A"": [3.5, 3.5, 3.0], ""applied_current_A"": [3.5, 3.5, 3.0], ""intervention"": false, ""infeasible"": false, ""reason"": ""Requested currents passed nominal screening"", ""voltage_margin_V"": 0.03, ""temperature_margin_K"": 1.0, ""soc_max"": 0.95, ""voltage_guard_V"": 4.17, ""temperature_guard_K"": 308.0, ""nominal_state"": [[0.6194860093876184, 3.9939822075246103, 300.9449022256379], [0.6392603989095987, 4.018993458557733, 299.9189126624224], [0.6686990052443401, 4.048276576137024, 299.19694267831215]], ""observation"": [[0.6194860093876184, 3.9939822075246103, 300.9449022256379], [0.6392603989095987, 4.018993458557733, 299.9189126624224], [0.6686990052443401, 4.048276576137024, 299.19694267831215]], ""positive_voltage_bias_V"": [0.0, 0.0, 0.0], ""positive_temperature_bias_K"": [0.0, 0.0, 0.0], ""absolute_soc_bias"": [0.0, 0.0, 0.0], ""cells"": [{""cell_index"": 0, ""candidate_count"": 1, ""feasible"": true, ""rejections"": [], ""current_A"": 3.5, ""nominal_next_peaks"": {""voltage_V"": 4.001595274068569, ""temperature_K"": 301.03298883307144, ""soc"": 0.640038094607502}, ""nominal_backup_peaks"": {""voltage_V"": 3.9159564097313373, ""temperature_K"": 301.03298883307144, ""soc"": 0.6400380946075022}, ""bias_adjusted_peaks"": {""voltage_V"": 4.001595274068569, ""temperature_K"": 301.03298883307144, ""soc"": 0.6400380946075022}}, {""cell_index"": 1, ""candidate_count"": 1, ""feasible"": true, ""rejections"": [], ""current_A"": 3.5, ""nominal_next_peaks"": {""voltage_V"": 4.047350580770921, ""temperature_K"": 300.0090799797339, ""soc"": 0.6610330114632258}, ""nominal_backup_peaks"": {""voltage_V"": 3.956800080780699, ""temperature_K"": 300.0090799797339, ""soc"": 0.6610330114632296}, ""bias_adjusted_peaks"": {""voltage_V"": 4.047350580770921, ""temperature_K"": 300.0090799797339, ""soc"": 0.6610330114632296}}, {""cell_index"": 2, ""candidate_count"": 1, ""feasible"": true, ""rejections"": [], ""current_A"": 3.0, ""nominal_next_peaks"": {""voltage_V"": 4.071883120323406, ""temperature_K"": 299.2677102198124, ""soc"": 0.6882398150489184}, ""nominal_backup_peaks"": {""voltage_V"": 3.9886981930980725, ""temperature_K"": 299.2677102198124, ""soc"": 0.6882398150489186}, ""bias_adjusted_peaks"": {""voltage_V"": 4.071883120323406, ""temperature_K"": 299.2677102198124, ""soc"": 0.6882398150489186}}], ""candidate_solve_count"": 6, ""screen_horizon_s"": 90.0, ""zero_current_backup_horizon_s"": 90.0, ""safety_guarantee"": ""finite-horizon sampled screen only"", ""filter_wall_time_s"": 0.33528239999941434}","{""time"": -0.75, ""balance"": -0.002428114043063624, ""voltage"": -0.0, ""temperature"": -0.0, ""numerical_failure"": 0.0, ""protective_stop"": 0.0}"
15,charge,1440.0,90.0,"[3.5, 3.5, 3.0]","[3.5, 3.5, 3.0]","[3.5, 3.5, 3.0]",-0.75,False,,False,False,False,False,0.31502479999835487,"{""requested_current_A"": [3.5, 3.5, 3.0], ""applied_current_A"": [3.5, 3.5, 3.0], ""intervention"": false, ""infeasible"": false, ""reason"": ""Requested currents passed nominal screening"", ""voltage_margin_V"": 0.03, ""temperature_margin_K"": 1.0, ""soc_max"": 0.95, ""voltage_guard_V"": 4.17, ""temperature_guard_K"": 308.0, ""nominal_state"": [[0.6400380946075009, 4.001595274068569, 301.03298883307144], [0.6610330114632256, 4.047350580770921, 300.0090799797339], [0.6882398150489175, 4.071883120323406, 299.2677102198124]], ""observation"": [[0.6400380946075009, 4.001595274068569, 301.03298883307144], [0.6610330114632256, 4.047350580770921, 300.0090799797339], [0.6882398150489175, 4.071883120323406, 299.2677102198124]], ""positive_voltage_bias_V"": [0.0, 0.0, 0.0], ""positive_temperature_bias_K"": [0.0, 0.0, 0.0], ""absolute_soc_bias"": [0.0, 0.0, 0.0], ""cells"": [{""cell_index"": 0, ""candidate_count"": 1, ""feasible"": true, ""rejections"": [], ""current_A"": 3.5, ""nominal_next_peaks"": {""voltage_V"": 4.027648458690197, ""temperature_K"": 301.1190797810092, ""soc"": 0.6605901798273863}, ""nominal_backup_peaks"": {""voltage_V"": 3.9418577434046664, ""temperature_K"": 301.1190797810092, ""soc"": 0.6605901798273872}, ""bias_adjusted_peaks"": {""voltage_V"": 4.027648458690197, ""temperature_K"": 301.1190797810092, ""soc"": 0.6605901798273872}}, {""cell_index"": 1, ""candidate_count"": 1, ""feasible"": true, ""rejections"": [], ""current_A"": 3.5, ""nominal_next_peaks"": {""voltage_V"": 4.074877223489141, ""temperature_K"": 300.0981707730524, ""soc"": 0.6828056240168446}, ""nominal_backup_peaks"": {""voltage_V"": 3.9840199438214103, ""temperature_K"": 300.0981707730524, ""soc"": 0.6828056240168494}, ""bias_adjusted_peaks"": {""voltage_V"": 4.074877223489141, ""temperature_K"": 300.0981707730524, ""soc"": 0.6828056240168494}}, {""cell_index"": 2, ""candidate_count"": 1, ""feasible"": true, ""rejections"": [], ""current_A"": 3.0, ""nominal_next_peaks"": {""voltage_V"": 4.092694080431372, ""temperature_K"": 299.3382193045306, ""soc"": 0.7077806248534934}, ""nominal_backup_peaks"": {""voltage_V"": 4.009137312688404, ""temperature_K"": 299.3382193045306, ""soc"": 0.7077806248534934}, ""bias_adjusted_peaks"": {""voltage_V"": 4.092694080431372, ""temperature_K"": 299.3382193045306, ""soc"": 0.7077806248534934}}], ""candidate_solve_count"": 6, ""screen_horizon_s"": 90.0, ""zero_current_backup_horizon_s"": 90.0, ""safety_guarantee"": ""finite-horizon sampled screen only"", ""filter_wall_time_s"": 0.3150010999997903}","{""time"": -0.75, ""balance"": -0.0, ""voltage"": -0.0, ""temperature"": -0.0, ""numerical_failure"": 0.0, ""protective_stop"": 0.0}"
16,charge,1530.0,90.0,"[3.5, 3.0, 3.0]","[3.5, 3.0, 3.0]","[3.5, 3.0, 3.0]",-0.75,False,,False,False,False,False,0.3275067999966268,"{""requested_current_A"": [3.5, 3.0, 3.0], ""applied_current_A"": [3.5, 3.0, 3.0], ""intervention"": false, ""infeasible"": false, ""reason"": ""Requested currents passed nominal screening"", ""voltage_margin_V"": 0.03, ""temperature_margin_K"": 1.0, ""soc_max"": 0.95, ""voltage_guard_V"": 4.17, ""temperature_guard_K"": 308.0, ""nominal_state"": [[0.6605901798273861, 4.027648458690197, 301.1190797810092], [0.6828056240168469, 4.074877223489141, 300.0981707730524], [0.7077806248534934, 4.092694080431372, 299.3382193045306]], ""observation"": [[0.6605901798273861, 4.027648458690197, 301.1190797810092], [0.6828056240168469, 4.074877223489141, 300.0981707730524], [0.7077806248534934, 4.092694080431372, 299.3382193045306]], ""positive_voltage_bias_V"": [0.0, 0.0, 0.0], ""positive_temperature_bias_K"": [0.0, 0.0, 0.0], ""absolute_soc_bias"": [0.0, 0.0, 0.0], ""cells"": [{""cell_index"": 0, ""candidate_count"": 1, ""feasible"": true, ""rejections"": [], ""current_A"": 3.5, ""nominal_next_peaks"": {""voltage_V"": 4.0534791622568065, ""temperature_K"": 301.2041661706243, ""soc"": 0.6811422650472714}, ""nominal_backup_peaks"": {""voltage_V"": 3.9674189880143373, ""temperature_K"": 301.2041661706243, ""soc"": 0.6811422650472743}, ""bias_adjusted_peaks"": {""voltage_V"": 4.0534791622568065, ""temperature_K"": 301.2041661706243, ""soc"": 0.6811422650472743}}, {""cell_index"": 1, ""candidate_count"": 1, ""feasible"": true, ""rejections"": [], ""current_A"": 3.0, ""nominal_next_peaks"": {""voltage_V"": 4.07908427702208, ""temperature_K"": 300.15707750763886, ""soc"": 0.7014678633485242}, ""nominal_backup_peaks"": {""voltage_V"": 3.999377424440108, ""temperature_K"": 300.15707750763886, ""soc"": 0.7014678633485298}, ""bias_adjusted_peaks"": {""voltage_V"": 4.07908427702208, ""temperature_K"": 300.15707750763886, ""soc"": 0.7014678633485298}}, {""cell_index"": 2, ""candidate_count"": 1, ""feasible"": true, ""rejections"": [], ""current_A"": 3.0, ""nominal_next_peaks"": {""voltage_V"": 4.112061619595195, ""temperature_K"": 299.40854498900586, ""soc"": 0.7273214346580629}, ""nominal_backup_peaks"": {""voltage_V"": 4.028058578219801, ""temperature_K"": 299.40854498900586, ""soc"": 0.7273214346580629}, ""bias_adjusted_peaks"": {""voltage_V"": 4.112061619595195, ""temperature_K"": 299.40854498900586, ""soc"": 0.7273214346580629}}], ""candidate_solve_count"": 6, ""screen_horizon_s"": 90.0, ""zero_current_backup_horizon_s"": 90.0, ""safety_guarantee"": ""finite-horizon sampled screen only"", ""filter_wall_time_s"": 0.3274831999988237}","{""time"": -0.75, ""balance"": -0.0, ""voltage"": -0.0, ""temperature"": -0.0, ""numerical_failure"": 0.0, ""protective_stop"": 0.0}"
17,charge,1620.0,90.0,"[3.5, 3.5, 3.0]","[3.5, 3.5, 3.0]","[3.5, 3.5, 3.0]",-0.75,False,,False,False,False,False,0.3358903999978793,"{""requested_current_A"": [3.5, 3.5, 3.0], ""applied_current_A"": [3.5, 3.5, 3.0], ""intervention"": false, ""infeasible"": false, ""reason"": ""Requested currents passed nominal screening"", ""voltage_margin_V"": 0.03, ""temperature_margin_K"": 1.0, ""soc_max"": 0.95, ""voltage_guard_V"": 4.17, ""temperature_guard_K"": 308.0, ""nominal_state"": [[0.6811422650472716, 4.0534791622568065, 301.2041661706243], [0.701467863348525, 4.07908427702208, 300.15707750763886], [0.7273214346580621, 4.112061619595195, 299.40854498900586]], ""observation"": [[0.6811422650472716, 4.0534791622568065, 301.2041661706243], [0.701467863348525, 4.07908427702208, 300.15707750763886], [0.7273214346580621, 4.112061619595195, 299.40854498900586]], ""positive_voltage_bias_V"": [0.0, 0.0, 0.0], ""positive_temperature_bias_K"": [0.0, 0.0, 0.0], ""absolute_soc_bias"": [0.0, 0.0, 0.0], ""cells"": [{""cell_index"": 0, ""candidate_count"": 1, ""feasible"": true, ""rejections"": [], ""current_A"": 3.5, ""nominal_next_peaks"": {""voltage_V"": 4.076356161024991, ""temperature_K"": 301.2884028503983, ""soc"": 0.7016943502671543}, ""nominal_backup_peaks"": {""voltage_V"": 3.989947676639113, ""temperature_K"": 301.2884028503983, ""soc"": 0.7016943502671543}, ""bias_adjusted_peaks"": {""voltage_V"": 4.076356161024991, ""temperature_K"": 301.2884028503983, ""soc"": 0.7016943502671543}}, {""cell_index"": 1, ""candidate_count"": 1, ""feasible"": true, ""rejections"": [], ""current_A"": 3.5, ""nominal_next_peaks"": {""voltage_V"": 4.11686120949213, ""temperature_K"": 300.2440450021786, ""soc"": 0.7232404759021512}, ""nominal_backup_peaks"": {""voltage_V"": 4.025208457815664, ""temperature_K"": 300.2440450021786, ""soc"": 0.7232404759021512}, ""bias_adjusted_peaks"": {""voltage_V"": 4.11686120949213, ""temperature_K"": 300.2440450021786, ""soc"": 0.7232404759021512}}, {""cell_index"": 2, ""candidate_count"": 1, ""feasible"": true, ""rejections"": [], ""current_A"": 3.0, ""nominal_next_peaks"": {""voltage_V"": 4.130617072114468, ""temperature_K"": 299.47875988041613, ""soc"": 0.746862244462641}, ""nominal_backup_peaks"": {""voltage_V"": 4.046087410327937, ""temperature_K"": 299.47875988041613, ""soc"": 0.746862244462641}, ""bias_adjusted_peaks"": {""voltage_V"": 4.130617072114468, ""temperature_K"": 299.47875988041613, ""soc"": 0.746862244462641}}], ""candidate_solve_count"": 6, ""screen_horizon_s"": 90.0, ""zero_current_backup_horizon_s"": 90.0, ""safety_guarantee"": ""finite-horizon sampled screen only"", ""filter_wall_time_s"": 0.33586660000219126}","{""time"": -0.75, ""balance"": -0.0, ""voltage"": -0.0, ""temperature"": -0.0, ""numerical_failure"": 0.0, ""protective_stop"": 0.0}"
18,charge,1710.0,90.0,"[3.5, 3.0, 3.0]","[3.5, 3.0, 3.0]","[3.5, 3.0, 3.0]",-0.75,False,,False,False,False,False,0.32938600000125007,"{""requested_current_A"": [3.5, 3.0, 3.0], ""applied_current_A"": [3.5, 3.0, 3.0], ""intervention"": false, ""infeasible"": false, ""reason"": ""Requested currents passed nominal screening"", ""voltage_margin_V"": 0.03, ""temperature_margin_K"": 1.0, ""soc_max"": 0.95, ""voltage_guard_V"": 4.17, ""temperature_guard_K"": 308.0, ""nominal_state"": [[0.7016943502671544, 4.076356161024991, 301.2884028503983], [0.7232404759021508, 4.11686120949213, 300.2440450021786], [0.7468622444626392, 4.130617072114468, 299.47875988041613]], ""observation"": [[0.7016943502671544, 4.076356161024991, 301.2884028503983], [0.7232404759021508, 4.11686120949213, 300.2440450021786], [0.7468622444626392, 4.130617072114468, 299.47875988041613]], ""positive_voltage_bias_V"": [0.0, 0.0, 0.0], ""positive_temperature_bias_K"": [0.0, 0.0, 0.0], ""absolute_soc_bias"": [0.0, 0.0, 0.0], ""cells"": [{""cell_index"": 0, ""candidate_count"": 1, ""feasible"": true, ""rejections"": [], ""current_A"": 3.5, ""nominal_next_peaks"": {""voltage_V"": 4.097649029468015, ""temperature_K"": 301.37191491041966, ""soc"": 0.7222464354870345}, ""nominal_backup_peaks"": {""voltage_V"": 4.010809987307953, ""temperature_K"": 301.37191491041966, ""soc"": 0.7222464354870379}, ""bias_adjusted_peaks"": {""voltage_V"": 4.097649029468015, ""temperature_K"": 301.37191491041966, ""soc"": 0.7222464354870379}}, {""cell_index"": 1, ""candidate_count"": 1, ""feasible"": true, ""rejections"": [], ""current_A"": 3.0, ""nominal_next_peaks"": {""voltage_V"": 4.118977317139619, ""temperature_K"": 300.30156746304976, ""soc"": 0.7419027152338306}, ""nominal_backup_peaks"": {""voltage_V"": 4.038339809599391, ""temperature_K"": 300.30156746304976, ""soc"": 0.7419027152338308}, ""bias_adjusted_peaks"": {""voltage_V"": 4.118977317139619, ""temperature_K"": 300.30156746304976, ""soc"": 0.7419027152338308}}, {""cell_index"": 2, ""candidate_count"": 1, ""feasible"": true, ""rejections"": [], ""current_A"": 3.0, ""nominal_next_peaks"": {""voltage_V"": 4.147973117908061, ""temperature_K"": 299.54894021509665, ""soc"": 0.7664030542672174}, ""nominal_backup_peaks"": {""voltage_V"": 4.0628292766430185, ""temperature_K"": 299.54894021509665, ""soc"": 0.7664030542672174}, ""bias_adjusted_peaks"": {""voltage_V"": 4.147973117908061, ""temperature_K"": 299.54894021509665, ""soc"": 0.7664030542672174}}], ""candidate_solve_count"": 6, ""screen_horizon_s"": 90.0, ""zero_current_backup_horizon_s"": 90.0, ""safety_guarantee"": ""finite-horizon sampled screen only"", ""filter_wall_time_s"": 0.3293618999996397}","{""time"": -0.75, ""balance"": -0.0, ""voltage"": -0.0, ""temperature"": -0.0, ""numerical_failure"": 0.0, ""protective_stop"": 0.0}"
19,charge,1800.0,90.0,"[3.5, 3.0, 3.0]","[3.5, 3.0, 3.0]","[3.5, 3.0, 3.0]",-0.75,False,,False,False,False,False,0.30565589999969234,"{""requested_current_A"": [3.5, 3.0, 3.0], ""applied_current_A"": [3.5, 3.0, 3.0], ""intervention"": false, ""infeasible"": false, ""reason"": ""Requested currents passed nominal screening"", ""voltage_margin_V"": 0.03, ""temperature_margin_K"": 1.0, ""soc_max"": 0.95, ""voltage_guard_V"": 4.17, ""temperature_guard_K"": 308.0, ""nominal_state"": [[0.7222464354870355, 4.097649029468015, 301.37191491041966], [0.741902715233828, 4.118977317139619, 300.30156746304976], [0.7664030542672189, 4.147973117908061, 299.54894021509665]], ""observation"": [[0.7222464354870355, 4.097649029468015, 301.37191491041966], [0.741902715233828, 4.118977317139619, 300.30156746304976], [0.7664030542672189, 4.147973117908061, 299.54894021509665]], ""positive_voltage_bias_V"": [0.0, 0.0, 0.0], ""positive_temperature_bias_K"": [0.0, 0.0, 0.0], ""absolute_soc_bias"": [0.0, 0.0, 0.0], ""cells"": [{""cell_index"": 0, ""candidate_count"": 1, ""feasible"": true, ""rejections"": [], ""current_A"": 3.5, ""nominal_next_peaks"": {""voltage_V"": 4.118601954047768, ""temperature_K"": 301.45483160795925, ""soc"": 0.7427985207069173}, ""nominal_backup_peaks"": {""voltage_V"": 4.031243790667341, ""temperature_K"": 301.45483160795925, ""soc"": 0.7427985207069173}, ""bias_adjusted_peaks"": {""voltage_V"": 4.118601954047768, ""temperature_K"": 301.45483160795925, ""soc"": 0.7427985207069173}}, {""cell_index"": 1, ""candidate_count"": 1, ""feasible"": true, ""rejections"": [], ""current_A"": 3.0, ""nominal_next_peaks"": {""voltage_V"": 4.135721574420007, ""temperature_K"": 300.3581347508979, ""soc"": 0.7605649545655029}, ""nominal_backup_peaks"": {""voltage_V"": 4.054561518089612, ""temperature_K"": 300.3581347508979, ""soc"": 0.7605649545655071}, ""bias_adjusted_peaks"": {""voltage_V"": 4.135721574420007, ""temperature_K"": 300.3581347508979, ""soc"": 0.7605649545655071}}, {""cell_index"": 2, ""candidate_count"": 1, ""feasible"": true, ""rejections"": [], ""current_A"": 3.0, ""nominal_next_peaks"": {""voltage_V"": 4.163156419745254, ""temperature_K"": 299.61916891241657, ""soc"": 0.785943864071786}, ""nominal_backup_peaks"": {""voltage_V"": 4.077302033548543, ""temperature_K"": 299.61916891241657, ""soc"": 0.785943864071786}, ""bias_adjusted_peaks"": {""voltage_V"": 4.163156419745254, ""temperature_K"": 299.61916891241657, ""soc"": 0.785943864071786}}], ""candidate_solve_count"": 6, ""screen_horizon_s"": 90.0, ""zero_current_backup_horizon_s"": 90.0, ""safety_guarantee"": ""finite-horizon sampled screen only"", ""filter_wall_time_s"": 0.30563180000171997}","{""time"": -0.75, ""balance"": -0.0, ""voltage"": -0.0, ""temperature"": -0.0, ""numerical_failure"": 0.0, ""protective_stop"": 0.0}"
20,charge,1890.0,90.0,"[3.5, 3.5, 3.0]","[3.5, 3.5, 2.5]","[3.5, 3.5, 2.5]",-0.75,False,,False,False,False,True,0.40108669999972335,"{""requested_current_A"": [3.5, 3.5, 3.0], ""applied_current_A"": [3.5, 3.5, 2.5], ""intervention"": true, ""infeasible"": false, ""reason"": ""Reduced requested current by nominal V/T/SOC and backup screening"", ""voltage_margin_V"": 0.03, ""temperature_margin_K"": 1.0, ""soc_max"": 0.95, ""voltage_guard_V"": 4.17, ""temperature_guard_K"": 308.0, ""nominal_state"": [[0.7427985207069171, 4.118601954047768, 301.45483160795925], [0.7605649545655048, 4.135721574420007, 300.3581347508979], [0.7859438640717844, 4.163156419745254, 299.61916891241657]], ""observation"": [[0.7427985207069171, 4.118601954047768, 301.45483160795925], [0.7605649545655048, 4.135721574420007, 300.3581347508979], [0.7859438640717844, 4.163156419745254, 299.61916891241657]], ""positive_voltage_bias_V"": [0.0, 0.0, 0.0], ""positive_temperature_bias_K"": [0.0, 0.0, 0.0], ""absolute_soc_bias"": [0.0, 0.0, 0.0], ""cells"": [{""cell_index"": 0, ""candidate_count"": 1, ""feasible"": true, ""rejections"": [], ""current_A"": 3.5, ""nominal_next_peaks"": {""voltage_V"": 4.139107777979479, ""temperature_K"": 301.53729228849335, ""soc"": 0.7633506059268019}, ""nominal_backup_peaks"": {""voltage_V"": 4.051134029968532, ""temperature_K"": 301.53729228849335, ""soc"": 0.763350605926803}, ""bias_adjusted_peaks"": {""voltage_V"": 4.139107777979479, ""temperature_K"": 301.53729228849335, ""soc"": 0.763350605926803}}, {""cell_index"": 1, ""candidate_count"": 1, ""feasible"": true, ""rejections"": [], ""current_A"": 3.5, ""nominal_next_peaks"": {""voltage_V"": 4.1696652205646085, ""temperature_K"": 300.4440867231054, ""soc"": 0.7823375671191259}, ""nominal_backup_peaks"": {""voltage_V"": 4.07610511231522, ""temperature_K"": 300.4440867231054, ""soc"": 0.7823375671191292}, ""bias_adjusted_peaks"": {""voltage_V"": 4.1696652205646085, ""temperature_K"": 300.4440867231054, ""soc"": 0.7823375671191292}}, {""cell_index"": 2, ""candidate_count"": 2, ""feasible"": true, ""rejections"": [{""current_A"": 3.0, ""nominal_next_peaks"": {""voltage_V"": 4.175139968404427, ""temperature_K"": 299.6895371559417, ""soc"": 0.8054846738763647}, ""nominal_backup_peaks"": null, ""bias_adjusted_peaks"": {""voltage_V"": 4.175139968404427, ""temperature_K"": 299.6895371559417, ""soc"": 0.8054846738763647}, ""reason"": ""next_interval:voltage_V""}], ""current_A"": 2.5, ""nominal_next_peaks"": {""voltage_V"": 4.157381573378142, ""temperature_K"": 299.6661598910371, ""soc"": 0.8022278722422576}, ""nominal_backup_peaks"": {""voltage_V"": 4.083466065037753, ""temperature_K"": 299.6661598910371, ""soc"": 0.8022278722422578}, ""bias_adjusted_peaks"": {""voltage_V"": 4.157381573378142, ""temperature_K"": 299.6661598910371, ""soc"": 0.8022278722422578}}], ""candidate_solve_count"": 7, ""screen_horizon_s"": 90.0, ""zero_current_backup_horizon_s"": 90.0, ""safety_guarantee"": ""finite-horizon sampled screen only"", ""filter_wall_time_s"": 0.40106139999988955}","{""time"": -0.75, ""balance"": -0.0, ""voltage"": -0.0, ""temperature"": -0.0, ""numerical_failure"": 0.0, ""protective_stop"": 0.0}"
21,charge,1980.0,90.0,"[3.5, 3.0, 3.0]","[3.5, 3.0, 2.5]","[3.5, 3.0, 2.5]",-0.75,False,,False,False,False,True,0.42281419999926584,"{""requested_current_A"": [3.5, 3.0, 3.0], ""applied_current_A"": [3.5, 3.0, 2.5], ""intervention"": true, ""infeasible"": false, ""reason"": ""Reduced requested current by nominal V/T/SOC and backup screening"", ""voltage_margin_V"": 0.03, ""temperature_margin_K"": 1.0, ""soc_max"": 0.95, ""voltage_guard_V"": 4.17, ""temperature_guard_K"": 308.0, ""nominal_state"": [[0.7633506059268034, 4.139107777979479, 301.53729228849335], [0.7823375671191282, 4.1696652205646085, 300.4440867231054], [0.8022278722422598, 4.157381573378142, 299.6661598910371]], ""observation"": [[0.7633506059268034, 4.139107777979479, 301.53729228849335], [0.7823375671191282, 4.1696652205646085, 300.4440867231054], [0.8022278722422598, 4.157381573378142, 299.6661598910371]], ""positive_voltage_bias_V"": [0.0, 0.0, 0.0], ""positive_temperature_bias_K"": [0.0, 0.0, 0.0], ""absolute_soc_bias"": [0.0, 0.0, 0.0], ""cells"": [{""cell_index"": 0, ""candidate_count"": 1, ""feasible"": true, ""rejections"": [], ""current_A"": 3.5, ""nominal_next_peaks"": {""voltage_V"": 4.1580290336290435, ""temperature_K"": 301.61944723255056, ""soc"": 0.7839026911466858}, ""nominal_backup_peaks"": {""voltage_V"": 4.069333463217616, ""temperature_K"": 301.61944723255056, ""soc"": 0.7839026911466858}, ""bias_adjusted_peaks"": {""voltage_V"": 4.1580290336290435, ""temperature_K"": 301.61944723255056, ""soc"": 0.7839026911466858}}, {""cell_index"": 1, ""candidate_count"": 1, ""feasible"": true, ""rejections"": [], ""current_A"": 3.0, ""nominal_next_peaks"": {""voltage_V"": 4.167338433210491, ""temperature_K"": 300.5005141010381, ""soc"": 0.8009998064508052}, ""nominal_backup_peaks"": {""voltage_V"": 4.08464728113651, ""temperature_K"": 300.5005141010381, ""soc"": 0.8009998064508064}, ""bias_adjusted_peaks"": {""voltage_V"": 4.167338433210491, ""temperature_K"": 300.5005141010381, ""soc"": 0.8009998064508064}}, {""cell_index"": 2, ""candidate_count"": 2, ""feasible"": true, ""rejections"": [{""current_A"": 3.0, ""nominal_next_peaks"": {""voltage_V"": 4.181981151114691, ""temperature_K"": 299.736241321987, ""soc"": 0.821768682046828}, ""nominal_backup_peaks"": null, ""bias_adjusted_peaks"": {""voltage_V"": 4.181981151114691, ""temperature_K"": 299.736241321987, ""soc"": 0.821768682046828}, ""reason"": ""next_interval:voltage_V""}], ""current_A"": 2.5, ""nominal_next_peaks"": {""voltage_V"": 4.165341248980356, ""temperature_K"": 299.7128446467023, ""soc"": 0.8185118804127384}, ""nominal_backup_peaks"": {""voltage_V"": 4.090751829495812, ""temperature_K"": 299.7128446467023, ""soc"": 0.8185118804127384}, ""bias_adjusted_peaks"": {""voltage_V"": 4.165341248980356, ""temperature_K"": 299.7128446467023, ""soc"": 0.8185118804127384}}], ""candidate_solve_count"": 7, ""screen_horizon_s"": 90.0, ""zero_current_backup_horizon_s"": 90.0, ""safety_guarantee"": ""finite-horizon sampled screen only"", ""filter_wall_time_s"": 0.4227833999975701}","{""time"": -0.75, ""balance"": -0.0, ""voltage"": -0.0, ""temperature"": -0.0, ""numerical_failure"": 0.0, ""protective_stop"": 0.0}"
22,charge,2070.0,90.0,"[3.5, 3.0, 3.0]","[3.0, 2.5, 2.0]","[3.0, 2.5, 2.0]",-0.75,False,,False,False,False,True,0.5629427000021678,"{""requested_current_A"": [3.5, 3.0, 3.0], ""applied_current_A"": [3.0, 2.5, 2.0], ""intervention"": true, ""infeasible"": false, ""reason"": ""Reduced requested current by nominal V/T/SOC and backup screening"", ""voltage_margin_V"": 0.03, ""temperature_margin_K"": 1.0, ""soc_max"": 0.95, ""voltage_guard_V"": 4.17, ""temperature_guard_K"": 308.0, ""nominal_state"": [[0.7839026911466863, 4.1580290336290435, 301.61944723255056], [0.8009998064508052, 4.167338433210491, 300.5005141010381], [0.8185118804127363, 4.165341248980356, 299.7128446467023]], ""observation"": [[0.7839026911466863, 4.1580290336290435, 301.61944723255056], [0.8009998064508052, 4.167338433210491, 300.5005141010381], [0.8185118804127363, 4.165341248980356, 299.7128446467023]], ""positive_voltage_bias_V"": [0.0, 0.0, 0.0], ""positive_temperature_bias_K"": [0.0, 0.0, 0.0], ""absolute_soc_bias"": [0.0, 0.0, 0.0], ""cells"": [{""cell_index"": 0, ""candidate_count"": 2, ""feasible"": true, ""rejections"": [{""current_A"": 3.5, ""nominal_next_peaks"": {""voltage_V"": 4.173742853239204, ""temperature_K"": 301.7014566638752, ""soc"": 0.8044547763665711}, ""nominal_backup_peaks"": null, ""bias_adjusted_peaks"": {""voltage_V"": 4.173742853239204, ""temperature_K"": 301.7014566638752, ""soc"": 0.8044547763665711}, ""reason"": ""next_interval:voltage_V""}], ""current_A"": 3.0, ""nominal_next_peaks"": {""voltage_V"": 4.156545673014033, ""temperature_K"": 301.66798177488687, ""soc"": 0.8015187641923007}, ""nominal_backup_peaks"": {""voltage_V"": 4.078548319011523, ""temperature_K"": 301.66798177488687, ""soc"": 0.801518764192302}, ""bias_adjusted_peaks"": {""voltage_V"": 4.156545673014033, ""temperature_K"": 301.66798177488687, ""soc"": 0.801518764192302}}, {""cell_index"": 1, ""candidate_count"": 2, ""feasible"": true, ""rejections"": [{""current_A"": 3.0, ""nominal_next_peaks"": {""voltage_V"": 4.176549932402123, ""temperature_K"": 300.5562912980106, ""soc"": 0.8196620457824859}, ""nominal_backup_peaks"": null, ""bias_adjusted_peaks"": {""voltage_V"": 4.176549932402123, ""temperature_K"": 300.5562912980106, ""soc"": 0.8196620457824859}, ""reason"": ""next_interval:voltage_V""}], ""current_A"": 2.5, ""nominal_next_peaks"": {""voltage_V"": 4.159984275453629, ""temperature_K"": 300.5298527863072, ""soc"": 0.8165516725605394}, ""nominal_backup_peaks"": {""voltage_V"": 4.088991712859247, ""temperature_K"": 300.5298527863072, ""soc"": 0.8165516725605394}, ""bias_adjusted_peaks"": {""voltage_V"": 4.159984275453629, ""temperature_K"": 300.5298527863072, ""soc"": 0.8165516725605394}}, {""cell_index"": 2, ""candidate_count"": 3, ""feasible"": true, ""rejections"": [{""current_A"": 3.0, ""nominal_next_peaks"": {""voltage_V"": 4.187093305959998, ""temperature_K"": 299.78327421438877, ""soc"": 0.8380526902173079}, ""nominal_backup_peaks"": null, ""bias_adjusted_peaks"": {""voltage_V"": 4.187093305959998, ""temperature_K"": 299.78327421438877, ""soc"": 0.8380526902173079}, ""reason"": ""next_interval:voltage_V""}, {""current_A"": 2.5, ""nominal_next_peaks"": {""voltage_V"": 4.1713473106768095, ""temperature_K"": 299.75970662868076, ""soc"": 0.8347958885832097}, ""nominal_backup_peaks"": null, ""bias_adjusted_peaks"": {""voltage_V"": 4.1713473106768095, ""temperature_K"": 299.75970662868076, ""soc"": 0.8347958885832097}, ""reason"": ""next_interval:voltage_V""}], ""current_A"": 2.0, ""nominal_next_peaks"": {""voltage_V"": 4.154380253816066, ""temperature_K"": 299.7395408679566, ""soc"": 0.8315390869491163}, ""nominal_backup_peaks"": {""voltage_V"": 4.092710936503247, ""temperature_K"": 299.7395408679566, ""soc"": 0.8315390869491163}, ""bias_adjusted_peaks"": {""voltage_V"": 4.154380253816066, ""temperature_K"": 299.7395408679566, ""soc"": 0.8315390869491163}}], ""candidate_solve_count"": 10, ""screen_horizon_s"": 90.0, ""zero_current_backup_horizon_s"": 90.0, ""safety_guarantee"": ""finite-horizon sampled screen only"", ""filter_wall_time_s"": 0.5629162000004726}","{""time"": -0.75, ""balance"": -0.0, ""voltage"": -0.0, ""temperature"": -0.0, ""numerical_failure"": 0.0, ""protective_stop"": 0.0}"
23,charge,2160.0,90.0,"[3.5, 3.0, 3.0]","[3.0, 2.5, 2.0]","[3.0, 2.5, 2.0]",-0.75,False,,False,False,False,True,0.6023362000014458,"{""requested_current_A"": [3.5, 3.0, 3.0], ""applied_current_A"": [3.0, 2.5, 2.0], ""intervention"": true, ""infeasible"": false, ""reason"": ""Reduced requested current by nominal V/T/SOC and backup screening"", ""voltage_margin_V"": 0.03, ""temperature_margin_K"": 1.0, ""soc_max"": 0.95, ""voltage_guard_V"": 4.17, ""temperature_guard_K"": 308.0, ""nominal_state"": [[0.8015187641923013, 4.156545673014033, 301.66798177488687], [0.8165516725605394, 4.159984275453629, 300.5298527863072], [0.8315390869491144, 4.154380253816066, 299.7395408679566]], ""observation"": [[0.8015187641923013, 4.156545673014033, 301.66798177488687], [0.8165516725605394, 4.159984275453629, 300.5298527863072], [0.8315390869491144, 4.154380253816066, 299.7395408679566]], ""positive_voltage_bias_V"": [0.0, 0.0, 0.0], ""positive_temperature_bias_K"": [0.0, 0.0, 0.0], ""absolute_soc_bias"": [0.0, 0.0, 0.0], ""cells"": [{""cell_index"": 0, ""candidate_count"": 2, ""feasible"": true, ""rejections"": [{""current_A"": 3.5, ""nominal_next_peaks"": {""voltage_V"": 4.183274563834393, ""temperature_K"": 301.74948997944193, ""soc"": 0.822070849412185}, ""nominal_backup_peaks"": null, ""bias_adjusted_peaks"": {""voltage_V"": 4.183274563834393, ""temperature_K"": 301.74948997944193, ""soc"": 0.822070849412185}, ""reason"": ""next_interval:voltage_V""}], ""current_A"": 3.0, ""nominal_next_peaks"": {""voltage_V"": 4.167364978908433, ""temperature_K"": 301.71594406741, ""soc"": 0.8191348372379152}, ""nominal_backup_peaks"": {""voltage_V"": 4.088620002187151, ""temperature_K"": 301.71594406741, ""soc"": 0.819134837237916}, ""bias_adjusted_peaks"": {""voltage_V"": 4.167364978908433, ""temperature_K"": 301.71594406741, ""soc"": 0.819134837237916}}, {""cell_index"": 1, ""candidate_count"": 2, ""feasible"": true, ""rejections"": [{""current_A"": 3.0, ""nominal_next_peaks"": {""voltage_V"": 4.181769739706654, ""temperature_K"": 300.5853313913378, ""soc"": 0.8352139118922189}, ""nominal_backup_peaks"": null, ""bias_adjusted_peaks"": {""voltage_V"": 4.181769739706654, ""temperature_K"": 300.5853313913378, ""soc"": 0.8352139118922189}, ""reason"": ""next_interval:voltage_V""}], ""current_A"": 2.5, ""nominal_next_peaks"": {""voltage_V"": 4.166107635953701, ""temperature_K"": 300.55883403833275, ""soc"": 0.8321035386702719}, ""nominal_backup_peaks"": {""voltage_V"": 4.094402035861794, ""temperature_K"": 300.55883403833275, ""soc"": 0.8321035386702743}, ""bias_adjusted_peaks"": {""voltage_V"": 4.166107635953701, ""temperature_K"": 300.55883403833275, ""soc"": 0.8321035386702743}}, {""cell_index"": 2, ""candidate_count"": 3, ""feasible"": true, ""rejections"": [{""current_A"": 3.0, ""nominal_next_peaks"": {""voltage_V"": 4.190172826212491, ""temperature_K"": 299.8098766358751, ""soc"": 0.8510798967536846}, ""nominal_backup_peaks"": null, ""bias_adjusted_peaks"": {""voltage_V"": 4.190172826212491, ""temperature_K"": 299.8098766358751, ""soc"": 0.8510798967536846}, ""reason"": ""next_interval:voltage_V""}, {""current_A"": 2.5, ""nominal_next_peaks"": {""voltage_V"": 4.174710846996954, ""temperature_K"": 299.78626470458033, ""soc"": 0.8478230951195834}, ""nominal_backup_peaks"": null, ""bias_adjusted_peaks"": {""voltage_V"": 4.174710846996954, ""temperature_K"": 299.78626470458033, ""soc"": 0.8478230951195834}, ""reason"": ""next_interval:voltage_V""}], ""current_A"": 2.0, ""nominal_next_peaks"": {""voltage_V"": 4.15825264693772, ""temperature_K"": 299.7660582608081, ""soc"": 0.8445662934854952}, ""nominal_backup_peaks"": {""voltage_V"": 4.095986912920903, ""temperature_K"": 299.7660582608081, ""soc"": 0.8445662934854952}, ""bias_adjusted_peaks"": {""voltage_V"": 4.15825264693772, ""temperature_K"": 299.7660582608081, ""soc"": 0.8445662934854952}}], ""candidate_solve_count"": 10, ""screen_horizon_s"": 90.0, ""zero_current_backup_horizon_s"": 90.0, ""safety_guarantee"": ""finite-horizon sampled screen only"", ""filter_wall_time_s"": 0.6023108000008506}","{""time"": -0.75, ""balance"": -0.0, ""voltage"": -0.0, ""temperature"": -0.0, ""numerical_failure"": 0.0, ""protective_stop"": 0.0}"
24,charge,2250.0,90.0,"[3.5, 3.0, 3.0]","[2.5, 2.0, 2.0]","[2.5, 2.0, 2.0]",-0.75,False,,False,False,False,True,0.6986202000007324,"{""requested_current_A"": [3.5, 3.0, 3.0], ""applied_current_A"": [2.5, 2.0, 2.0], ""intervention"": true, ""infeasible"": false, ""reason"": ""Reduced requested current by nominal V/T/SOC and backup screening"", ""voltage_margin_V"": 0.03, ""temperature_margin_K"": 1.0, ""soc_max"": 0.95, ""voltage_guard_V"": 4.17, ""temperature_guard_K"": 308.0, ""nominal_state"": [[0.8191348372379139, 4.167364978908433, 301.71594406741], [0.8321035386702694, 4.166107635953701, 300.55883403833275], [0.8445662934854936, 4.15825264693772, 299.7660582608081]], ""observation"": [[0.8191348372379139, 4.167364978908433, 301.71594406741], [0.8321035386702694, 4.166107635953701, 300.55883403833275], [0.8445662934854936, 4.15825264693772, 299.7660582608081]], ""positive_voltage_bias_V"": [0.0, 0.0, 0.0], ""positive_temperature_bias_K"": [0.0, 0.0, 0.0], ""absolute_soc_bias"": [0.0, 0.0, 0.0], ""cells"": [{""cell_index"": 0, ""candidate_count"": 3, ""feasible"": true, ""rejections"": [{""current_A"": 3.5, ""nominal_next_peaks"": {""voltage_V"": 4.190064923304855, ""temperature_K"": 301.7979675724257, ""soc"": 0.8396869224577996}, ""nominal_backup_peaks"": null, ""bias_adjusted_peaks"": {""voltage_V"": 4.190064923304855, ""temperature_K"": 301.7979675724257, ""soc"": 0.8396869224577996}, ""reason"": ""next_interval:voltage_V""}, {""current_A"": 3.0, ""nominal_next_peaks"": {""voltage_V"": 4.175331827744259, ""temperature_K"": 301.7641639877881, ""soc"": 0.8367509102835303}, ""nominal_backup_peaks"": null, ""bias_adjusted_peaks"": {""voltage_V"": 4.175331827744259, ""temperature_K"": 301.7641639877881, ""soc"": 0.8367509102835303}, ""reason"": ""next_interval:voltage_V""}], ""current_A"": 2.5, ""nominal_next_peaks"": {""voltage_V"": 4.159619142197396, ""temperature_K"": 301.73458516536755, ""soc"": 0.8338148981092612}, ""nominal_backup_peaks"": {""voltage_V"": 4.092201911288878, ""temperature_K"": 301.73458516536755, ""soc"": 0.8338148981092616}, ""bias_adjusted_peaks"": {""voltage_V"": 4.159619142197396, ""temperature_K"": 301.73458516536755, ""soc"": 0.8338148981092616}}, {""cell_index"": 1, ""candidate_count"": 3, ""feasible"": true, ""rejections"": [{""current_A"": 3.0, ""nominal_next_peaks"": {""voltage_V"": 4.1859438577423695, ""temperature_K"": 300.6147450921709, ""soc"": 0.8507657780019499}, ""nominal_backup_peaks"": null, ""bias_adjusted_peaks"": {""voltage_V"": 4.1859438577423695, ""temperature_K"": 300.6147450921709, ""soc"": 0.8507657780019499}, ""reason"": ""next_interval:voltage_V""}, {""current_A"": 2.5, ""nominal_next_peaks"": {""voltage_V"": 4.17078763799522, ""temperature_K"": 300.5880348109052, ""soc"": 0.8476554047800029}, ""nominal_backup_peaks"": null, ""bias_adjusted_peaks"": {""voltage_V"": 4.17078763799522, ""temperature_K"": 300.5880348109052, ""soc"": 0.8476554047800029}, ""reason"": ""next_interval:voltage_V""}], ""current_A"": 2.0, ""nominal_next_peaks"": {""voltage_V"": 4.1547042519831905, ""temperature_K"": 300.56526766310526, ""soc"": 0.8445450315580553}, ""nominal_backup_peaks"": {""voltage_V"": 4.09556889699307, ""temperature_K"": 300.56526766310526, ""soc"": 0.8445450315580563}, ""bias_adjusted_peaks"": {""voltage_V"": 4.1547042519831905, ""temperature_K"": 300.56526766310526, ""soc"": 0.8445450315580563}}, {""cell_index"": 2, ""candidate_count"": 3, ""feasible"": true, ""rejections"": [{""current_A"": 3.0, ""nominal_next_peaks"": {""voltage_V"": 4.1935938045300105, ""temperature_K"": 299.83689187453393, ""soc"": 0.8641071032900633}, ""nominal_backup_peaks"": null, ""bias_adjusted_peaks"": {""voltage_V"": 4.1935938045300105, ""temperature_K"": 299.83689187453393, ""soc"": 0.8641071032900633}, ""reason"": ""next_interval:voltage_V""}, {""current_A"": 2.5, ""nominal_next_peaks"": {""voltage_V"": 4.177916365916607, ""temperature_K"": 299.8131128292192, ""soc"": 0.8608503016559641}, ""nominal_backup_peaks"": null, ""bias_adjusted_peaks"": {""voltage_V"": 4.177916365916607, ""temperature_K"": 299.8131128292192, ""soc"": 0.8608503016559641}, ""reason"": ""next_interval:voltage_V""}], ""current_A"": 2.0, ""nominal_next_peaks"": {""voltage_V"": 4.161563119589941, ""temperature_K"": 299.7927473087947, ""soc"": 0.8575935000218733}, ""nominal_backup_peaks"": {""voltage_V"": 4.098603472475373, ""temperature_K"": 299.7927473087947, ""soc"": 0.8575935000218733}, ""bias_adjusted_peaks"": {""voltage_V"": 4.161563119589941, ""temperature_K"": 299.7927473087947, ""soc"": 0.8575935000218733}}], ""candidate_solve_count"": 12, ""screen_horizon_s"": 90.0, ""zero_current_backup_horizon_s"": 90.0, ""safety_guarantee"": ""finite-horizon sampled screen only"", ""filter_wall_time_s"": 0.698587700000644}","{""time"": -0.75, ""balance"": -0.0, ""voltage"": -0.0, ""temperature"": -0.0, ""numerical_failure"": 0.0, ""protective_stop"": 0.0}"
25,charge,2340.0,90.0,"[3.0, 3.0, 3.0]","[2.5, 2.0, 2.0]","[2.5, 2.0, 2.0]",-0.75,False,,False,False,False,True,0.6301093000001856,"{""requested_current_A"": [3.0, 3.0, 3.0], ""applied_current_A"": [2.5, 2.0, 2.0], ""intervention"": true, ""infeasible"": false, ""reason"": ""Reduced requested current by nominal V/T/SOC and backup screening"", ""voltage_margin_V"": 0.03, ""temperature_margin_K"": 1.0, ""soc_max"": 0.95, ""voltage_guard_V"": 4.17, ""temperature_guard_K"": 308.0, ""nominal_state"": [[0.8338148981092608, 4.159619142197396, 301.73458516536755], [0.844545031558054, 4.1547042519831905, 300.56526766310526], [0.8575935000218731, 4.161563119589941, 299.7927473087947]], ""observation"": [[0.8338148981092608, 4.159619142197396, 301.73458516536755], [0.844545031558054, 4.1547042519831905, 300.56526766310526], [0.8575935000218731, 4.161563119589941, 299.7927473087947]], ""positive_voltage_bias_V"": [0.0, 0.0, 0.0], ""positive_temperature_bias_K"": [0.0, 0.0, 0.0], ""absolute_soc_bias"": [0.0, 0.0, 0.0], ""cells"": [{""cell_index"": 0, ""candidate_count"": 2, ""feasible"": true, ""rejections"": [{""current_A"": 3.0, ""nominal_next_peaks"": {""voltage_V"": 4.179749739194808, ""temperature_K"": 301.78277619239884, ""soc"": 0.851430971154876}, ""nominal_backup_peaks"": null, ""bias_adjusted_peaks"": {""voltage_V"": 4.179749739194808, ""temperature_K"": 301.78277619239884, ""soc"": 0.851430971154876}, ""reason"": ""next_interval:voltage_V""}], ""current_A"": 2.5, ""nominal_next_peaks"": {""voltage_V"": 4.16475426993337, ""temperature_K"": 301.75310939949253, ""soc"": 0.8484949589806071}, ""nominal_backup_peaks"": {""voltage_V"": 4.096599944931402, ""temperature_K"": 301.75310939949253, ""soc"": 0.8484949589806071}, ""bias_adjusted_peaks"": {""voltage_V"": 4.16475426993337, ""temperature_K"": 301.75310939949253, ""soc"": 0.8484949589806071}}, {""cell_index"": 1, ""candidate_count"": 3, ""feasible"": true, ""rejections"": [{""current_A"": 3.0, ""nominal_next_peaks"": {""voltage_V"": 4.188952983066052, ""temperature_K"": 300.62126923563704, ""soc"": 0.8632072708897294}, ""nominal_backup_peaks"": null, ""bias_adjusted_peaks"": {""voltage_V"": 4.188952983066052, ""temperature_K"": 300.62126923563704, ""soc"": 0.8632072708897294}, ""reason"": ""next_interval:voltage_V""}, {""current_A"": 2.5, ""nominal_next_peaks"": {""voltage_V"": 4.173712699336447, ""temperature_K"": 300.5944936836873, ""soc"": 0.8600968976677826}, ""nominal_backup_peaks"": null, ""bias_adjusted_peaks"": {""voltage_V"": 4.173712699336447, ""temperature_K"": 300.5944936836873, ""soc"": 0.8600968976677826}, ""reason"": ""next_interval:voltage_V""}], ""current_A"": 2.0, ""nominal_next_peaks"": {""voltage_V"": 4.15780596443032, ""temperature_K"": 300.5716661578159, ""soc"": 0.8569865244458368}, ""nominal_backup_peaks"": {""voltage_V"": 4.098041688733188, ""temperature_K"": 300.5716661578159, ""soc"": 0.8569865244458368}, ""bias_adjusted_peaks"": {""voltage_V"": 4.15780596443032, ""temperature_K"": 300.5716661578159, ""soc"": 0.8569865244458368}}, {""cell_index"": 2, ""candidate_count"": 3, ""feasible"": true, ""rejections"": [{""current_A"": 3.0, ""nominal_next_peaks"": {""voltage_V"": 4.198174127213306, ""temperature_K"": 299.8641680688923, ""soc"": 0.8771343098264469}, ""nominal_backup_peaks"": null, ""bias_adjusted_peaks"": {""voltage_V"": 4.198174127213306, ""temperature_K"": 299.8641680688923, ""soc"": 0.8771343098264469}, ""reason"": ""next_interval:voltage_V""}, {""current_A"": 2.5, ""nominal_next_peaks"": {""voltage_V"": 4.18165580830272, ""temperature_K"": 299.8402020098347, ""soc"": 0.8738775081923486}, ""nominal_backup_peaks"": null, ""bias_adjusted_peaks"": {""voltage_V"": 4.18165580830272, ""temperature_K"": 299.8402020098347, ""soc"": 0.8738775081923486}, ""reason"": ""next_interval:voltage_V""}], ""current_A"": 2.0, ""nominal_next_peaks"": {""voltage_V"": 4.164827732294251, ""temperature_K"": 299.8196583964115, ""soc"": 0.8706207065582547}, ""nominal_backup_peaks"": {""voltage_V"": 4.101104769850869, ""temperature_K"": 299.8196583964115, ""soc"": 0.8706207065582547}, ""bias_adjusted_peaks"": {""voltage_V"": 4.164827732294251, ""temperature_K"": 299.8196583964115, ""soc"": 0.8706207065582547}}], ""candidate_solve_count"": 11, ""screen_horizon_s"": 90.0, ""zero_current_backup_horizon_s"": 90.0, ""safety_guarantee"": ""finite-horizon sampled screen only"", ""filter_wall_time_s"": 0.630079200000182}","{""time"": -0.75, ""balance"": -0.0, ""voltage"": -0.0, ""temperature"": -0.0, ""numerical_failure"": 0.0, ""protective_stop"": 0.0}"
26,charge,2430.0,90.0,"[3.0, 3.0, 3.0]","[2.5, 2.0, 2.0]","[2.5, 2.0, 2.0]",-0.75,False,,False,False,False,True,0.5987243999989005,"{""requested_current_A"": [3.0, 3.0, 3.0], ""applied_current_A"": [2.5, 2.0, 2.0], ""intervention"": true, ""infeasible"": false, ""reason"": ""Reduced requested current by nominal V/T/SOC and backup screening"", ""voltage_margin_V"": 0.03, ""temperature_margin_K"": 1.0, ""soc_max"": 0.95, ""voltage_guard_V"": 4.17, ""temperature_guard_K"": 308.0, ""nominal_state"": [[0.8484949589806066, 4.16475426993337, 301.75310939949253], [0.856986524445839, 4.15780596443032, 300.5716661578159], [0.8706207065582535, 4.164827732294251, 299.8196583964115]], ""observation"": [[0.8484949589806066, 4.16475426993337, 301.75310939949253], [0.856986524445839, 4.15780596443032, 300.5716661578159], [0.8706207065582535, 4.164827732294251, 299.8196583964115]], ""positive_voltage_bias_V"": [0.0, 0.0, 0.0], ""positive_temperature_bias_K"": [0.0, 0.0, 0.0], ""absolute_soc_bias"": [0.0, 0.0, 0.0], ""cells"": [{""cell_index"": 0, ""candidate_count"": 2, ""feasible"": true, ""rejections"": [{""current_A"": 3.0, ""nominal_next_peaks"": {""voltage_V"": 4.183672797492234, ""temperature_K"": 301.80207629260667, ""soc"": 0.8661110320262209}, ""nominal_backup_peaks"": null, ""bias_adjusted_peaks"": {""voltage_V"": 4.183672797492234, ""temperature_K"": 301.80207629260667, ""soc"": 0.8661110320262209}, ""reason"": ""next_interval:voltage_V""}], ""current_A"": 2.5, ""nominal_next_peaks"": {""voltage_V"": 4.168835361252322, ""temperature_K"": 301.7721481217422, ""soc"": 0.8631750198519531}, ""nominal_backup_peaks"": {""voltage_V"": 4.099823643976142, ""temperature_K"": 301.7721481217422, ""soc"": 0.8631750198519533}, ""bias_adjusted_peaks"": {""voltage_V"": 4.168835361252322, ""temperature_K"": 301.7721481217422, ""soc"": 0.8631750198519533}}, {""cell_index"": 1, ""candidate_count"": 3, ""feasible"": true, ""rejections"": [{""current_A"": 3.0, ""nominal_next_peaks"": {""voltage_V"": 4.192908234422362, ""temperature_K"": 300.62843953907975, ""soc"": 0.8756487637775136}, ""nominal_backup_peaks"": null, ""bias_adjusted_peaks"": {""voltage_V"": 4.192908234422362, ""temperature_K"": 300.62843953907975, ""soc"": 0.8756487637775136}, ""reason"": ""next_interval:voltage_V""}, {""current_A"": 2.5, ""nominal_next_peaks"": {""voltage_V"": 4.177055079536199, ""temperature_K"": 300.6014554827606, ""soc"": 0.8725383905555698}, ""nominal_backup_peaks"": null, ""bias_adjusted_peaks"": {""voltage_V"": 4.177055079536199, ""temperature_K"": 300.6014554827606, ""soc"": 0.8725383905555698}, ""reason"": ""next_interval:voltage_V""}], ""current_A"": 2.0, ""nominal_next_peaks"": {""voltage_V"": 4.160854731997072, ""temperature_K"": 300.5784300154118, ""soc"": 0.869428017333623}, ""nominal_backup_peaks"": {""voltage_V"": 4.100366218578186, ""temperature_K"": 300.5784300154118, ""soc"": 0.8694280173336294}, ""bias_adjusted_peaks"": {""voltage_V"": 4.160854731997072, ""temperature_K"": 300.5784300154118, ""soc"": 0.8694280173336294}}, {""cell_index"": 2, ""candidate_count"": 3, ""feasible"": true, ""rejections"": [{""current_A"": 3.0, ""nominal_next_peaks"": {""voltage_V"": 4.204925475890246, ""temperature_K"": 299.89174118754204, ""soc"": 0.8901615163628295}, ""nominal_backup_peaks"": null, ""bias_adjusted_peaks"": {""voltage_V"": 4.204925475890246, ""temperature_K"": 299.89174118754204, ""soc"": 0.8901615163628295}, ""reason"": ""next_interval:voltage_V""}, {""current_A"": 2.5, ""nominal_next_peaks"": {""voltage_V"": 4.186945144804394, ""temperature_K"": 299.86757107297433, ""soc"": 0.88690471472873}, ""nominal_backup_peaks"": null, ""bias_adjusted_peaks"": {""voltage_V"": 4.186945144804394, ""temperature_K"": 299.86757107297433, ""soc"": 0.88690471472873}, ""reason"": ""next_interval:voltage_V""}], ""current_A"": 2.0, ""nominal_next_peaks"": {""voltage_V"": 4.168993801433742, ""temperature_K"": 299.8468329885511, ""soc"": 0.8836479130946324}, ""nominal_backup_peaks"": {""voltage_V"": 4.104431583420341, ""temperature_K"": 299.8468329885511, ""soc"": 0.8836479130946324}, ""bias_adjusted_peaks"": {""voltage_V"": 4.168993801433742, ""temperature_K"": 299.8468329885511, ""soc"": 0.8836479130946324}}], ""candidate_solve_count"": 11, ""screen_horizon_s"": 90.0, ""zero_current_backup_horizon_s"": 90.0, ""safety_guarantee"": ""finite-horizon sampled screen only"", ""filter_wall_time_s"": 0.5986991999998281}","{""time"": -0.75, ""balance"": -0.0, ""voltage"": -0.0, ""temperature"": -0.0, ""numerical_failure"": 0.0, ""protective_stop"": 0.0}"
27,charge,2520.0,90.0,"[3.0, 3.0, 3.0]","[2.0, 2.0, 1.5]","[2.0, 2.0, 1.5]",-0.75,False,,False,False,False,True,0.7049948999992921,"{""requested_current_A"": [3.0, 3.0, 3.0], ""applied_current_A"": [2.0, 2.0, 1.5], ""intervention"": true, ""infeasible"": false, ""reason"": ""Reduced requested current by nominal V/T/SOC and backup screening"", ""voltage_margin_V"": 0.03, ""temperature_margin_K"": 1.0, ""soc_max"": 0.95, ""voltage_guard_V"": 4.17, ""temperature_guard_K"": 308.0, ""nominal_state"": [[0.8631750198519537, 4.168835361252322, 301.7721481217422], [0.8694280173336247, 4.160854731997072, 300.5784300154118], [0.8836479130946308, 4.168993801433742, 299.8468329885511]], ""observation"": [[0.8631750198519537, 4.168835361252322, 301.7721481217422], [0.8694280173336247, 4.160854731997072, 300.5784300154118], [0.8836479130946308, 4.168993801433742, 299.8468329885511]], ""positive_voltage_bias_V"": [0.0, 0.0, 0.0], ""positive_temperature_bias_K"": [0.0, 0.0, 0.0], ""absolute_soc_bias"": [0.0, 0.0, 0.0], ""cells"": [{""cell_index"": 0, ""candidate_count"": 3, ""feasible"": true, ""rejections"": [{""current_A"": 3.0, ""nominal_next_peaks"": {""voltage_V"": 4.188453403604456, ""temperature_K"": 301.8220258317099, ""soc"": 0.8807910928975676}, ""nominal_backup_peaks"": null, ""bias_adjusted_peaks"": {""voltage_V"": 4.188453403604456, ""temperature_K"": 301.8220258317099, ""soc"": 0.8807910928975676}, ""reason"": ""next_interval:voltage_V""}, {""current_A"": 2.5, ""nominal_next_peaks"": {""voltage_V"": 4.172937373518275, ""temperature_K"": 301.79180404031223, ""soc"": 0.8778550807232978}, ""nominal_backup_peaks"": null, ""bias_adjusted_peaks"": {""voltage_V"": 4.172937373518275, ""temperature_K"": 301.79180404031223, ""soc"": 0.8778550807232978}, ""reason"": ""next_interval:voltage_V""}], ""current_A"": 2.0, ""nominal_next_peaks"": {""voltage_V"": 4.157206246476381, ""temperature_K"": 301.7721481217422, ""soc"": 0.87491906854903}, ""nominal_backup_peaks"": {""voltage_V"": 4.100389192144624, ""temperature_K"": 301.76615128155055, ""soc"": 0.8749190685490308}, ""bias_adjusted_peaks"": {""voltage_V"": 4.157206246476381, ""temperature_K"": 301.7721481217422, ""soc"": 0.8749190685490308}}, {""cell_index"": 1, ""candidate_count"": 3, ""feasible"": true, ""rejections"": [{""current_A"": 3.0, ""nominal_next_peaks"": {""voltage_V"": 4.198602175707482, ""temperature_K"": 300.63607401015577, ""soc"": 0.8880902566652997}, ""nominal_backup_peaks"": null, ""bias_adjusted_peaks"": {""voltage_V"": 4.198602175707482, ""temperature_K"": 300.63607401015577, ""soc"": 0.8880902566652997}, ""reason"": ""next_interval:voltage_V""}, {""current_A"": 2.5, ""nominal_next_peaks"": {""voltage_V"": 4.181561843197089, ""temperature_K"": 300.60885831783264, ""soc"": 0.884979883443354}, ""nominal_backup_peaks"": null, ""bias_adjusted_peaks"": {""voltage_V"": 4.181561843197089, ""temperature_K"": 300.60885831783264, ""soc"": 0.884979883443354}, ""reason"": ""next_interval:voltage_V""}], ""current_A"": 2.0, ""nominal_next_peaks"": {""voltage_V"": 4.164493166805506, ""temperature_K"": 300.5856128286636, ""soc"": 0.8818695102214071}, ""nominal_backup_peaks"": {""voltage_V"": 4.103212122929435, ""temperature_K"": 300.5856128286636, ""soc"": 0.8818695102214109}, ""bias_adjusted_peaks"": {""voltage_V"": 4.164493166805506, ""temperature_K"": 300.5856128286636, ""soc"": 0.8818695102214109}}, {""cell_index"": 2, ""candidate_count"": 4, ""feasible"": true, ""rejections"": [{""current_A"": 3.0, ""nominal_next_peaks"": {""voltage_V"": 4.214700012274005, ""temperature_K"": 299.91966047009817, ""soc"": 0.9031887228992035}, ""nominal_backup_peaks"": null, ""bias_adjusted_peaks"": {""voltage_V"": 4.214700012274005, ""temperature_K"": 299.91966047009817, ""soc"": 0.9031887228992035}, ""reason"": ""next_interval:voltage_V""}, {""current_A"": 2.5, ""nominal_next_peaks"": {""voltage_V"": 4.194772468718318, ""temperature_K"": 299.89526754261476, ""soc"": 0.8999319212651091}, ""nominal_backup_peaks"": null, ""bias_adjusted_peaks"": {""voltage_V"": 4.194772468718318, ""temperature_K"": 299.89526754261476, ""soc"": 0.8999319212651091}, ""reason"": ""next_interval:voltage_V""}, {""current_A"": 2.0, ""nominal_next_peaks"": {""voltage_V"": 4.175111652919206, ""temperature_K"": 299.8743167341718, ""soc"": 0.8966751196310101}, ""nominal_backup_peaks"": null, ""bias_adjusted_peaks"": {""voltage_V"": 4.175111652919206, ""temperature_K"": 299.8743167341718, ""soc"": 0.8966751196310101}, ""reason"": ""next_interval:voltage_V""}], ""current_A"": 1.5, ""nominal_next_peaks"": {""voltage_V"": 4.155470778835326, ""temperature_K"": 299.8571754263206, ""soc"": 0.8934183179969118}, ""nominal_backup_peaks"": {""voltage_V"": 4.105268933606235, ""temperature_K"": 299.8571754263206, ""soc"": 0.8934183179969118}, ""bias_adjusted_peaks"": {""voltage_V"": 4.155470778835326, ""temperature_K"": 299.8571754263206, ""soc"": 0.8934183179969118}}], ""candidate_solve_count"": 13, ""screen_horizon_s"": 90.0, ""zero_current_backup_horizon_s"": 90.0, ""safety_guarantee"": ""finite-horizon sampled screen only"", ""filter_wall_time_s"": 0.7049674000008963}","{""time"": -0.75, ""balance"": -0.0, ""voltage"": -0.0, ""temperature"": -0.0, ""numerical_failure"": 0.0, ""protective_stop"": 0.0}"
28,charge,2610.0,90.0,"[3.0, 3.0, 3.0]","[2.0, 2.0, 1.5]","[2.0, 2.0, 1.5]",-0.75,False,,False,False,False,True,0.7344894000016211,"{""requested_current_A"": [3.0, 3.0, 3.0], ""applied_current_A"": [2.0, 2.0, 1.5], ""intervention"": true, ""infeasible"": false, ""reason"": ""Reduced requested current by nominal V/T/SOC and backup screening"", ""voltage_margin_V"": 0.03, ""temperature_margin_K"": 1.0, ""soc_max"": 0.95, ""voltage_guard_V"": 4.17, ""temperature_guard_K"": 308.0, ""nominal_state"": [[0.8749190685490316, 4.157206246476381, 301.76615128155055], [0.8818695102214091, 4.164493166805506, 300.5856128286636], [0.8934183179969106, 4.155470778835326, 299.8571754263206]], ""observation"": [[0.8749190685490316, 4.157206246476381, 301.76615128155055], [0.8818695102214091, 4.164493166805506, 300.5856128286636], [0.8934183179969106, 4.155470778835326, 299.8571754263206]], ""positive_voltage_bias_V"": [0.0, 0.0, 0.0], ""positive_temperature_bias_K"": [0.0, 0.0, 0.0], ""absolute_soc_bias"": [0.0, 0.0, 0.0], ""cells"": [{""cell_index"": 0, ""candidate_count"": 3, ""feasible"": true, ""rejections"": [{""current_A"": 3.0, ""nominal_next_peaks"": {""voltage_V"": 4.193643845899562, ""temperature_K"": 301.8164814401082, ""soc"": 0.8925351415946458}, ""nominal_backup_peaks"": null, ""bias_adjusted_peaks"": {""voltage_V"": 4.193643845899562, ""temperature_K"": 301.8164814401082, ""soc"": 0.8925351415946458}, ""reason"": ""next_interval:voltage_V""}, {""current_A"": 2.5, ""nominal_next_peaks"": {""voltage_V"": 4.177029960715034, ""temperature_K"": 301.7861467631675, ""soc"": 0.8895991294203759}, ""nominal_backup_peaks"": null, ""bias_adjusted_peaks"": {""voltage_V"": 4.177029960715034, ""temperature_K"": 301.7861467631675, ""soc"": 0.8895991294203759}, ""reason"": ""next_interval:voltage_V""}], ""current_A"": 2.0, ""nominal_next_peaks"": {""voltage_V"": 4.1605027609325, ""temperature_K"": 301.76615128155055, ""soc"": 0.8866631172461067}, ""nominal_backup_peaks"": {""voltage_V"": 4.102971588183609, ""temperature_K"": 301.760390614268, ""soc"": 0.8866631172461075}, ""bias_adjusted_peaks"": {""voltage_V"": 4.1605027609325, ""temperature_K"": 301.76615128155055, ""soc"": 0.8866631172461075}}, {""cell_index"": 1, ""candidate_count"": 3, ""feasible"": true, ""rejections"": [{""current_A"": 3.0, ""nominal_next_peaks"": {""voltage_V"": 4.206874426960123, ""temperature_K"": 300.6442093993178, ""soc"": 0.9005317495530867}, ""nominal_backup_peaks"": null, ""bias_adjusted_peaks"": {""voltage_V"": 4.206874426960123, ""temperature_K"": 300.6442093993178, ""soc"": 0.9005317495530867}, ""reason"": ""next_interval:voltage_V""}, {""current_A"": 2.5, ""nominal_next_peaks"": {""voltage_V"": 4.188148801633533, ""temperature_K"": 300.6167422527293, ""soc"": 0.8974213763311414}, ""nominal_backup_peaks"": null, ""bias_adjusted_peaks"": {""voltage_V"": 4.188148801633533, ""temperature_K"": 300.6167422527293, ""soc"": 0.8974213763311414}, ""reason"": ""next_interval:voltage_V""}], ""current_A"": 2.0, ""nominal_next_peaks"": {""voltage_V"": 4.169647305292112, ""temperature_K"": 300.5932577353968, ""soc"": 0.8943110031091943}, ""nominal_backup_peaks"": {""voltage_V"": 4.107498807242866, ""temperature_K"": 300.5932577353968, ""soc"": 0.8943110031092042}, ""bias_adjusted_peaks"": {""voltage_V"": 4.169647305292112, ""temperature_K"": 300.5932577353968, ""soc"": 0.8943110031092042}}, {""cell_index"": 2, ""candidate_count"": 4, ""feasible"": true, ""rejections"": [{""current_A"": 3.0, ""nominal_next_peaks"": {""voltage_V"": 4.2233444101539845, ""temperature_K"": 299.930159343157, ""soc"": 0.9129591278014828}, ""nominal_backup_peaks"": null, ""bias_adjusted_peaks"": {""voltage_V"": 4.2233444101539845, ""temperature_K"": 299.930159343157, ""soc"": 0.9129591278014828}, ""reason"": ""next_interval:voltage_V""}, {""current_A"": 2.5, ""nominal_next_peaks"": {""voltage_V"": 4.201930857687877, ""temperature_K"": 299.90569562605083, ""soc"": 0.9097023261673881}, ""nominal_backup_peaks"": null, ""bias_adjusted_peaks"": {""voltage_V"": 4.201930857687877, ""temperature_K"": 299.90569562605083, ""soc"": 0.9097023261673881}, ""reason"": ""next_interval:voltage_V""}, {""current_A"": 2.0, ""nominal_next_peaks"": {""voltage_V"": 4.180858671622599, ""temperature_K"": 299.8846776472772, ""soc"": 0.9064455245332902}, ""nominal_backup_peaks"": null, ""bias_adjusted_peaks"": {""voltage_V"": 4.180858671622599, ""temperature_K"": 299.8846776472772, ""soc"": 0.9064455245332902}, ""reason"": ""next_interval:voltage_V""}], ""current_A"": 1.5, ""nominal_next_peaks"": {""voltage_V"": 4.159934229152088, ""temperature_K"": 299.8674783668181, ""soc"": 0.9031887228991916}, ""nominal_backup_peaks"": {""voltage_V"": 4.109131749903133, ""temperature_K"": 299.8674783668181, ""soc"": 0.9031887228991916}, ""bias_adjusted_peaks"": {""voltage_V"": 4.159934229152088, ""temperature_K"": 299.8674783668181, ""soc"": 0.9031887228991916}}], ""candidate_solve_count"": 13, ""screen_horizon_s"": 90.0, ""zero_current_backup_horizon_s"": 90.0, ""safety_guarantee"": ""finite-horizon sampled screen only"", ""filter_wall_time_s"": 0.7344626000012795}","{""time"": -0.75, ""balance"": -0.0, ""voltage"": -0.0, ""temperature"": -0.0, ""numerical_failure"": 0.0, ""protective_stop"": 0.0}"
29,charge,2700.0,90.0,"[3.0, 3.0, 0.0]","[2.0, 1.5, 0.0]","[2.0, 1.5, 0.0]",-0.75,False,,False,False,False,True,0.6201025000009395,"{""requested_current_A"": [3.0, 3.0, 0.0], ""applied_current_A"": [2.0, 1.5, 0.0], ""intervention"": true, ""infeasible"": false, ""reason"": ""Reduced requested current by nominal V/T/SOC and backup screening"", ""voltage_margin_V"": 0.03, ""temperature_margin_K"": 1.0, ""soc_max"": 0.95, ""voltage_guard_V"": 4.17, ""temperature_guard_K"": 308.0, ""nominal_state"": [[0.8866631172461084, 4.1605027609325, 301.760390614268], [0.8943110031091955, 4.169647305292112, 300.5932577353968], [0.9031887228991916, 4.159934229152088, 299.8674783668181]], ""observation"": [[0.8866631172461084, 4.1605027609325, 301.760390614268], [0.8943110031091955, 4.169647305292112, 300.5932577353968], [0.9031887228991916, 4.159934229152088, 299.8674783668181]], ""positive_voltage_bias_V"": [0.0, 0.0, 0.0], ""positive_temperature_bias_K"": [0.0, 0.0, 0.0], ""absolute_soc_bias"": [0.0, 0.0, 0.0], ""cells"": [{""cell_index"": 0, ""candidate_count"": 3, ""feasible"": true, ""rejections"": [{""current_A"": 3.0, ""nominal_next_peaks"": {""voltage_V"": 4.2014283671769626, ""temperature_K"": 301.81196294204995, ""soc"": 0.9042791902917215}, ""nominal_backup_peaks"": null, ""bias_adjusted_peaks"": {""voltage_V"": 4.2014283671769626, ""temperature_K"": 301.81196294204995, ""soc"": 0.9042791902917215}, ""reason"": ""next_interval:voltage_V""}, {""current_A"": 2.5, ""nominal_next_peaks"": {""voltage_V"": 4.183201952818392, ""temperature_K"": 301.78134683872446, ""soc"": 0.9013431781174509}, ""nominal_backup_peaks"": null, ""bias_adjusted_peaks"": {""voltage_V"": 4.183201952818392, ""temperature_K"": 301.78134683872446, ""soc"": 0.9013431781174509}, ""reason"": ""next_interval:voltage_V""}], ""current_A"": 2.0, ""nominal_next_peaks"": {""voltage_V"": 4.1653172269447545, ""temperature_K"": 301.760390614268, ""soc"": 0.8984071659431868}, ""nominal_backup_peaks"": {""voltage_V"": 4.106970803385286, ""temperature_K"": 301.7553250823812, ""soc"": 0.8984071659431869}, ""bias_adjusted_peaks"": {""voltage_V"": 4.1653172269447545, ""temperature_K"": 301.760390614268, ""soc"": 0.8984071659431869}}, {""cell_index"": 1, ""candidate_count"": 4, ""feasible"": true, ""rejections"": [{""current_A"": 3.0, ""nominal_next_peaks"": {""voltage_V"": 4.21831705054203, ""temperature_K"": 300.6528977332896, ""soc"": 0.9129732424408751}, ""nominal_backup_peaks"": null, ""bias_adjusted_peaks"": {""voltage_V"": 4.21831705054203, ""temperature_K"": 300.6528977332896, ""soc"": 0.9129732424408751}, ""reason"": ""next_interval:voltage_V""}, {""current_A"": 2.5, ""nominal_next_peaks"": {""voltage_V"": 4.197584864715534, ""temperature_K"": 300.6251572817166, ""soc"": 0.9098628692189273}, ""nominal_backup_peaks"": null, ""bias_adjusted_peaks"": {""voltage_V"": 4.197584864715534, ""temperature_K"": 300.6251572817166, ""soc"": 0.9098628692189273}, ""reason"": ""next_interval:voltage_V""}, {""current_A"": 2.0, ""nominal_next_peaks"": {""voltage_V"": 4.177209570747772, ""temperature_K"": 300.6014124731253, ""soc"": 0.906752495996979}, ""nominal_backup_peaks"": null, ""bias_adjusted_peaks"": {""voltage_V"": 4.177209570747772, ""temperature_K"": 300.6014124731253, ""soc"": 0.906752495996979}, ""reason"": ""next_interval:voltage_V""}], ""current_A"": 1.5, ""nominal_next_peaks"": {""voltage_V"": 4.157045388574668, ""temperature_K"": 300.5932577353968, ""soc"": 0.9036421227750446}, ""nominal_backup_peaks"": {""voltage_V"": 4.108847417380597, ""temperature_K"": 300.58207005793827, ""soc"": 0.9036421227750446}, ""bias_adjusted_peaks"": {""voltage_V"": 4.157045388574668, ""temperature_K"": 300.5932577353968, ""soc"": 0.9036421227750446}}, {""cell_index"": 2, ""candidate_count"": 1, ""feasible"": true, ""rejections"": [], ""current_A"": 0.0, ""nominal_next_peaks"": {""voltage_V"": 4.109131749903133, ""temperature_K"": 299.8674783668181, ""soc"": 0.9031887228991916}, ""nominal_backup_peaks"": {""voltage_V"": 4.1006133901187045, ""temperature_K"": 299.85395364971805, ""soc"": 0.9031887228991804}, ""bias_adjusted_peaks"": {""voltage_V"": 4.109131749903133, ""temperature_K"": 299.8674783668181, ""soc"": 0.9031887228991916}}], ""candidate_solve_count"": 11, ""screen_horizon_s"": 90.0, ""zero_current_backup_horizon_s"": 90.0, ""safety_guarantee"": ""finite-horizon sampled screen only"", ""filter_wall_time_s"": 0.6200227000008454}","{""time"": -0.75, ""balance"": -0.0, ""voltage"": -0.0, ""temperature"": -0.0, ""numerical_failure"": 0.0, ""protective_stop"": 0.0}"
30,charge,2790.0,90.0,"[3.0, 0.0, 0.0]","[1.5, 0.0, 0.0]","[1.5, 0.0, 0.0]",-0.75,True,,False,False,False,True,0.4708226000002469,"{""requested_current_A"": [3.0, 0.0, 0.0], ""applied_current_A"": [1.5, 0.0, 0.0], ""intervention"": true, ""infeasible"": false, ""reason"": ""Reduced requested current by nominal V/T/SOC and backup screening"", ""voltage_margin_V"": 0.03, ""temperature_margin_K"": 1.0, ""soc_max"": 0.95, ""voltage_guard_V"": 4.17, ""temperature_guard_K"": 308.0, ""nominal_state"": [[0.898407165943187, 4.1653172269447545, 301.7553250823812], [0.9036421227750429, 4.157045388574668, 300.58207005793827], [0.9031887228991827, 4.1006133901187045, 299.85395364971805]], ""observation"": [[0.898407165943187, 4.1653172269447545, 301.7553250823812], [0.9036421227750429, 4.157045388574668, 300.58207005793827], [0.9031887228991827, 4.1006133901187045, 299.85395364971805]], ""positive_voltage_bias_V"": [0.0, 0.0, 0.0], ""positive_temperature_bias_K"": [0.0, 0.0, 0.0], ""absolute_soc_bias"": [0.0, 0.0, 0.0], ""cells"": [{""cell_index"": 0, ""candidate_count"": 4, ""feasible"": true, ""rejections"": [{""current_A"": 3.0, ""nominal_next_peaks"": {""voltage_V"": 4.212328353098506, ""temperature_K"": 301.8082619930763, ""soc"": 0.9160232389888026}, ""nominal_backup_peaks"": null, ""bias_adjusted_peaks"": {""voltage_V"": 4.212328353098506, ""temperature_K"": 301.8082619930763, ""soc"": 0.9160232389888026}, ""reason"": ""next_interval:voltage_V""}, {""current_A"": 2.5, ""nominal_next_peaks"": {""voltage_V"": 4.192136638501536, ""temperature_K"": 301.77733463429024, ""soc"": 0.9130872268145277}, ""nominal_backup_peaks"": null, ""bias_adjusted_peaks"": {""voltage_V"": 4.192136638501536, ""temperature_K"": 301.77733463429024, ""soc"": 0.9130872268145277}, ""reason"": ""next_interval:voltage_V""}, {""current_A"": 2.0, ""nominal_next_peaks"": {""voltage_V"": 4.172432988568179, ""temperature_K"": 301.7553250823812, ""soc"": 0.9101512146402644}, ""nominal_backup_peaks"": null, ""bias_adjusted_peaks"": {""voltage_V"": 4.172432988568179, ""temperature_K"": 301.7553250823812, ""soc"": 0.9101512146402644}, ""reason"": ""next_interval:voltage_V""}], ""current_A"": 1.5, ""nominal_next_peaks"": {""voltage_V"": 4.153114898206898, ""temperature_K"": 301.7553250823812, ""soc"": 0.9072152024659919}, ""nominal_backup_peaks"": {""voltage_V"": 4.108119547662385, ""temperature_K"": 301.72974128474004, ""soc"": 0.9072152024659943}, ""bias_adjusted_peaks"": {""voltage_V"": 4.153114898206898, ""temperature_K"": 301.7553250823812, ""soc"": 0.9072152024659943}}, {""cell_index"": 1, ""candidate_count"": 1, ""feasible"": true, ""rejections"": [], ""current_A"": 0.0, ""nominal_next_peaks"": {""voltage_V"": 4.108847417380597, ""temperature_K"": 300.58207005793827, ""soc"": 0.9036421227750446}, ""nominal_backup_peaks"": {""voltage_V"": 4.1003922010492015, ""temperature_K"": 300.54451091441814, ""soc"": 0.9036421227750483}, ""bias_adjusted_peaks"": {""voltage_V"": 4.108847417380597, ""temperature_K"": 300.58207005793827, ""soc"": 0.9036421227750483}}, {""cell_index"": 2, ""candidate_count"": 1, ""feasible"": true, ""rejections"": [], ""current_A"": 0.0, ""nominal_next_peaks"": {""voltage_V"": 4.1006133901187045, ""temperature_K"": 299.85395364971805, ""soc"": 0.9031887228991804}, ""nominal_backup_peaks"": {""voltage_V"": 4.099594251087579, ""temperature_K"": 299.8405354366873, ""soc"": 0.9031887228991753}, ""bias_adjusted_peaks"": {""voltage_V"": 4.1006133901187045, ""temperature_K"": 299.85395364971805, ""soc"": 0.9031887228991804}}], ""candidate_solve_count"": 9, ""screen_horizon_s"": 90.0, ""zero_current_backup_horizon_s"": 90.0, ""safety_guarantee"": ""finite-horizon sampled screen only"", ""filter_wall_time_s"": 0.470795299999736}","{""time"": -0.75, ""balance"": -0.0, ""voltage"": -0.0, ""temperature"": -0.0, ""numerical_failure"": 0.0, ""protective_stop"": 0.0}"
31,hold,2880.0,90.0,"[0.0, 0.0, 0.0]","[0.0, 0.0, 0.0]","[0.0, 0.0, 0.0]",-0.75,True,,False,False,False,False,0.0,"{""reason"": ""zero-current terminal observation with common interlock""}","{""time"": -0.75, ""balance"": -0.0, ""voltage"": -0.0, ""temperature"": -0.0, ""numerical_failure"": 0.0, ""protective_stop"": 0.0}"
32,hold,2970.0,90.0,"[0.0, 0.0, 0.0]","[0.0, 0.0, 0.0]","[0.0, 0.0, 0.0]",-0.75,True,,False,False,False,False,0.0,"{""reason"": ""zero-current terminal observation with common interlock""}","{""time"": -0.75, ""balance"": -0.0, ""voltage"": -0.0, ""temperature"": -0.0, ""numerical_failure"": 0.0, ""protective_stop"": 0.0}"
33,hold,3060.0,90.0,"[0.0, 0.0, 0.0]","[0.0, 0.0, 0.0]","[0.0, 0.0, 0.0]",-0.75,True,,False,False,False,False,0.0,"{""reason"": ""zero-current terminal observation with common interlock""}","{""time"": -0.75, ""balance"": -0.0, ""voltage"": -0.0, ""temperature"": -0.0, ""numerical_failure"": 0.0, ""protective_stop"": 0.0}"
