time_s,measured_voltage_V,predicted_voltage_V,measured_temperature_C,predicted_temperature_C,covered,split,prediction_kind
0.0,4.1189,4.044563795319288,25.0,25.0,True,prefix,full_fit
1.0,4.1189,4.0364412278611965,25.0,25.003047854139822,True,prefix,full_fit
2.0,4.113955585374035,4.031416698143202,24.9,25.00608844592341,True,prefix,full_fit
3.0,4.110272358269037,4.027680310475191,25.0,25.009124430908287,True,prefix,full_fit
4.0,4.10669647769205,4.024624542634626,25.0,25.012156783333467,True,prefix,full_fit
5.0,4.1036199597450524,4.02199116869051,25.0,25.015186090907264,True,prefix,full_fit
6.0,4.10110318685005,4.019653619663286,24.9,25.01821275678128,True,prefix,full_fit
7.0,4.098457497484066,4.017537294168552,25.0,25.021237086467295,True,prefix,full_fit
8.0,4.096190405904059,4.015592127464412,25.0,25.024259324182765,True,prefix,full_fit
9.0,4.094134015431063,4.013787416216973,24.9,25.02727966410714,True,prefix,full_fit
10.0,4.092038007380074,4.012101728074205,25.0,25.030298266381408,True,prefix,full_fit
11.0,4.090101107011071,4.010516511732353,25.0,25.033315268812032,True,prefix,full_fit
12.0,4.08850382422006,4.009018609079101,25.0,25.036330786734425,True,prefix,full_fit
13.0,4.0868285810130836,4.0075979791935,25.0,25.03934491826493,True,prefix,full_fit
14.0,4.085204461590071,4.0062460301748,24.9,25.04235774794762,True,prefix,full_fit
15.0,4.083556055015096,4.0049556569542535,24.9,25.045369348536838,True,prefix,full_fit
16.0,4.081905098960081,4.003721117035621,25.0,25.0483797825965,True,prefix,full_fit
17.0,4.0805413619590745,4.002537775918273,24.9,25.05138910367549,True,prefix,full_fit
18.0,4.079324589064072,4.001401645660684,25.0,25.054397357721825,True,prefix,full_fit
19.0,4.078019792016102,4.000309155710077,25.0,25.057404584299206,True,prefix,full_fit
20.0,4.0765063737001,3.9992572741682153,25.0,25.060410817133857,True,prefix,full_fit
21.0,4.075115800067092,3.998243149726295,25.0,25.063416085392305,True,prefix,full_fit
22.0,4.073885608856089,3.9972644883048654,25.0,25.066420413404444,True,prefix,full_fit
23.0,4.07279439785307,3.9963190420372694,25.0,25.06942382214578,True,prefix,full_fit
24.0,4.071846628648105,3.995404940126413,25.0,25.072426328948836,True,prefix,full_fit
25.0,4.070606373700101,3.9945205593068662,25.0,25.075427947709784,True,prefix,full_fit
26.0,4.069484971486078,3.9936643613386984,25.0,25.07842869005276,True,prefix,full_fit
27.0,4.068549178128145,3.9928349851553904,25.0,25.081428564765247,True,prefix,full_fit
28.0,4.067045353908084,3.9920311817064604,25.0,25.084427578652537,True,prefix,full_fit
29.0,4.066172827910098,3.9912517489416546,25.0,25.08742573668917,True,prefix,full_fit
30.0,4.065206373700101,3.9904956046080216,24.9,25.090423042134432,True,prefix,full_fit
31.0,4.064047903388125,3.989761734100173,25.0,25.093419496859894,True,prefix,full_fit
32.0,4.063166118752097,3.9890492294559445,25.0,25.096415101216223,True,prefix,full_fit
33.0,4.062207011070111,3.9883572430989487,25.0,25.099409854500436,True,prefix,full_fit
34.0,4.061326501174103,3.987684984230798,25.0,25.10240375478304,True,prefix,full_fit
35.0,4.060208923180141,3.987031721756697,25.0,25.105396799238235,True,prefix,full_fit
36.0,4.059207648440121,3.9863967520534294,25.0,25.10838898417984,True,prefix,full_fit
37.0,4.058317074807111,3.985779434291766,25.0,25.111380305106536,True,prefix,full_fit
38.0,4.057447266018115,3.9851791446864677,25.0,25.114370756938,True,prefix,full_fit
39.0,4.056784971486079,3.9845952885841287,25.0,25.117360334044577,True,prefix,full_fit
40.0,4.055941831600134,3.984027354494261,25.0,25.12034902999511,True,prefix,full_fit
41.0,4.055225226434082,3.9834747940043673,25.0,25.12333683834919,True,prefix,full_fit
42.0,4.054468030862127,3.9829371236872255,25.0,25.126323751973644,True,prefix,full_fit
43.0,4.053542468970144,3.9824138934737725,25.0,25.129309763326717,True,prefix,full_fit
44.0,4.052785608856088,3.981904646934251,25.0,25.132294864926564,True,prefix,full_fit
45.0,4.051911472660182,3.9814089743247987,25.0,25.13527904851162,True,prefix,full_fit
46.0,4.051025863804092,3.980926471198308,25.0,25.138262305990736,True,prefix,full_fit
47.0,4.050276652130157,3.9804567542638143,25.0,25.14124462896899,True,prefix,full_fit
48.0,4.049466118752097,3.9799994562618037,25.0,25.14422600876543,True,prefix,full_fit
49.0,4.048779369339148,3.979554223755337,25.0,25.147206436727856,True,prefix,full_fit
50.0,4.0480063737001,3.979120719959022,25.0,25.15018590401945,True,prefix,full_fit
51.0,4.04739758470312,3.9786986206297827,25.0,25.153164401741265,True,prefix,full_fit
52.0,4.046669942972157,3.978287611561518,25.0,25.156141920989967,True,prefix,full_fit
53.0,4.0458667561221064,3.9778873964328376,25.0,25.159118452729388,True,prefix,full_fit
54.0,4.045286883596109,3.977497685178907,25.0,25.162093988017205,True,prefix,full_fit
55.0,4.0446450184501845,3.977118199667605,25.0,25.16506851787392,True,prefix,full_fit
56.0,4.043690707816169,3.9767486717835103,25.0,25.16804203328246,True,prefix,full_fit
57.0,4.042873633009058,3.9763888422958864,25.0,25.171014525347857,True,prefix,full_fit
58.0,4.042567393492117,3.9760384602755865,25.0,25.173985985140575,True,prefix,full_fit
59.0,4.041981281449178,3.975697282746439,25.0,25.176956403808845,True,prefix,full_fit
60.0,4.041111472660181,3.9753650742734816,25.0,25.179925772583488,True,prefix,full_fit
61.0,4.040432405233143,3.975041607977116,25.0,25.182894082716018,True,prefix,full_fit
62.0,4.039847903388124,3.9747266623238984,25.0,25.185861325584312,True,prefix,full_fit
63.0,4.039268030862127,3.9744200231471183,25.0,25.188827492634175,True,prefix,full_fit
64.0,4.038688158336129,3.9741214830985827,25.0,25.191792575395425,True,prefix,full_fit
65.0,4.038108285810131,3.9738308399694207,25.0,25.194756565524244,True,prefix,full_fit
66.0,4.037449815498155,3.973547897511115,25.2,25.19771945475418,True,prefix,full_fit
67.0,4.036848540758134,3.973272464809132,25.2,25.200681234949116,True,prefix,full_fit
68.0,4.036053002348205,3.9730043560202217,25.1,25.20364189809044,True,prefix,full_fit
69.0,4.0353887957061385,3.9727433901282945,25.0,25.20660143625355,True,prefix,full_fit
70.0,4.034743743710164,3.972489390648219,25.0,25.20955984166511,True,prefix,full_fit
71.0,4.034129050654143,3.972242185756625,25.0,25.21251710666013,True,prefix,full_fit
72.0,4.033549178128145,3.972001608001194,25.0,25.21547322369588,True,prefix,full_fit
73.0,4.033134652801073,3.9717674936694944,25.0,25.218428185374762,True,prefix,full_fit
74.0,4.032689433076149,3.971539683516559,25.0,25.221381984411835,True,prefix,full_fit
75.0,4.0321095605501505,3.9713180217429205,25.0,25.224334613668304,True,prefix,full_fit
76.0,4.031619792016102,3.9711023562700554,25.1,25.227286066135548,True,prefix,full_fit
77.0,4.031149815498154,3.9708925385651916,25.2,25.230236334929202,True,prefix,full_fit
78.0,4.030569942972157,3.970688423396423,25.2,25.233185413313038,True,prefix,full_fit
79.0,4.029990070446159,3.970489868756717,25.2,25.236133294678382,True,prefix,full_fit
80.0,4.0294101979201615,3.9702967357168513,25.2,25.239079972552872,True,prefix,full_fit
81.0,4.028717208990272,3.970108888305041,25.2,25.24202544060529,True,prefix,full_fit
82.0,4.027850452868165,3.969926193676252,25.2,25.24496969263123,True,prefix,full_fit
83.0,4.0273352901710835,3.9697485215518533,25.0,25.24791272257056,True,prefix,full_fit
84.0,4.027045353908084,3.969575744443783,25.2,25.250854524495026,True,prefix,full_fit
85.0,4.026710835290171,3.96940773755954,25.0,25.253795092605912,True,prefix,full_fit
86.0,4.0261309627641735,3.9692443785388614,25.2,25.25673442124588,True,prefix,full_fit
87.0,4.025567393492117,3.969085547543269,25.2,25.25967250488452,True,prefix,full_fit
88.0,4.0251712177121775,3.968931127097499,25.2,25.262609338125003,True,prefix,full_fit
89.0,4.02459567259309,3.968781002011749,25.2,25.2655449157034,True,prefix,full_fit
90.0,4.024305736330091,3.968635059373402,25.2,25.268479232481354,True,prefix,full_fit
91.0,4.023731600134183,3.9684931883934214,25.2,25.27141228345357,True,prefix,full_fit
92.0,4.023425863804092,3.9683552804022995,25.2,25.27434406374084,True,prefix,full_fit
93.0,4.022871855082188,3.9682212288023253,25.2,25.277274568589405,True,prefix,full_fit
94.0,4.022545991278094,3.9680909289747115,25.2,25.280203793371243,True,prefix,full_fit
95.0,4.021930795035223,3.967964278259971,25.2,25.283131733581342,True,prefix,full_fit
96.0,4.021566118752096,3.9678411758622314,25.0,25.28605838483702,True,prefix,full_fit
97.0,4.021052364978195,3.9677215228339247,25.1,25.288983742876496,True,prefix,full_fit
98.0,4.020472492452197,3.967605222025666,25.2,25.291907803557365,True,prefix,full_fit
99.0,4.0198926199262,3.9674921780331225,25.2,25.294830562854713,True,prefix,full_fit
100.0,4.019506373700101,3.9673822971469974,25.2,25.29775201685993,True,prefix,full_fit
101.0,4.018971687353237,3.9672754873166625,25.2,25.300672161778607,True,prefix,full_fit
102.0,4.018526501174103,3.9671716581154364,25.2,25.303590993929674,True,prefix,full_fit
103.0,4.018236564911104,3.9670707207103444,25.2,25.306508509743367,True,prefix,full_fit
104.0,4.0179466286481045,3.9669725878163193,25.2,25.309424705759966,True,prefix,full_fit
105.0,4.017513384770211,3.9668771736598645,25.2,25.312339578627473,True,prefix,full_fit
106.0,4.017066756122106,3.9667843939377656,25.2,25.315253125100583,True,prefix,full_fit
107.0,4.016653639718215,3.966694165798355,25.2,25.31816534203881,True,prefix,full_fit
108.0,4.0161491781281455,3.966606407804475,25.2,25.321076226405125,True,prefix,full_fit
109.0,4.015693894666219,3.96652103991397,25.2,25.323985775264134,True,prefix,full_fit
110.0,4.01520701107011,3.966437983437637,25.2,25.326893985780146,True,prefix,full_fit
111.0,4.014917074807111,3.966357161016994,25.2,25.32980085521598,True,prefix,full_fit
112.0,4.014627138544113,3.966278496592907,25.2,25.332706380931313,True,prefix,full_fit
113.0,4.014274404562228,3.9662019153871864,25.2,25.33561056038053,True,prefix,full_fit
114.0,4.013747266018115,3.9661273438748488,25.2,25.33851339111203,True,prefix,full_fit
115.0,4.01340043609527,3.9660547097614183,25.2,25.341414870765675,True,prefix,full_fit
116.0,4.0128,3.9659839419577745,25.2,25.34431499707182,True,prefix,full_fit
117.0,4.0127323716873535,3.965914970558627,25.2,25.347213767849553,True,prefix,full_fit
118.0,4.011887520966119,3.965847726820866,25.2,25.35011118100482,True,prefix,full_fit
119.0,4.01159758470312,3.965782143143506,25.2,25.353007234529287,True,prefix,full_fit
120.0,4.011307648440121,3.9657181530477823,25.2,25.35590192649886,True,prefix,full_fit
121.0,4.0110177121771216,3.9656556911570684,25.2,25.35879525507164,True,prefix,full_fit
122.0,4.010455551828246,3.965594693178084,25.1,25.361687218486793,True,prefix,full_fit
123.0,4.010137839651124,3.9655350958825526,25.2,25.364577815063058,True,prefix,full_fit
124.0,4.009763871184166,3.9654768370901223,25.1,25.36746704319694,True,prefix,full_fit
125.0,4.009457967125126,3.9654198556506923,25.1,25.370354901361736,True,prefix,full_fit
126.0,4.0089360617242535,3.9653640914282065,25.2,25.373241388105498,True,prefix,full_fit
127.0,4.008578094599128,3.9653094852839077,25.1,25.37612650205017,True,prefix,full_fit
128.0,4.008288158336129,3.9652559790610713,25.1,25.379010241889773,True,prefix,full_fit
129.0,4.00799822207313,3.9652035155696836,25.2,25.381892606389215,True,prefix,full_fit
130.0,4.007708285810131,3.9651520385722936,25.1,25.384773594382807,True,prefix,full_fit
131.0,4.007418349547132,3.965101492768796,25.1,25.387653204772846,True,prefix,full_fit
132.0,4.007128413284133,3.9650518237826597,25.1,25.390531436528477,True,prefix,full_fit
133.0,4.006623113049312,3.9650029781469938,25.2,25.3934082886841,True,prefix,full_fit
134.0,4.006148540758135,3.964954903291627,25.3,25.396283760338235,True,prefix,full_fit
135.0,4.005858604495136,3.9649075475307622,25.3,25.399157850652387,True,prefix,full_fit
136.0,4.0055686682321365,3.9648608600480975,25.3,25.402030558849276,True,prefix,full_fit
137.0,4.005278731969137,3.96481479088869,25.2,25.404901884211995,True,prefix,full_fit
138.0,4.004877591412278,3.964769290941631,25.2,25.40777182608258,True,prefix,full_fit
139.0,4.00439885944314,3.964724311933913,25.1,25.410640383861107,True,prefix,full_fit
140.0,4.004108923180141,3.9646798064138125,25.1,25.41350755700404,True,prefix,full_fit
141.0,4.003791982556189,3.964635727716522,25.2,25.416373345012857,True,prefix,full_fit
142.0,4.003429050654143,3.9645920300132014,25.3,25.419237747456805,True,prefix,full_fit
143.0,4.003139114391144,3.9645486682722435,25.3,25.422100763960657,True,prefix,full_fit
144.0,4.0028491781281454,3.964505598255898,25.3,25.424962394206602,True,prefix,full_fit
145.0,4.002559241865146,3.964462776373539,25.3,25.42782263787933,True,prefix,full_fit
146.0,4.002269305602147,3.9644201599203743,25.3,25.430681494762553,True,prefix,full_fit
147.0,4.001979369339148,3.964377706967741,25.3,25.43353896469887,True,prefix,full_fit
148.0,4.001689433076149,3.9643353763239366,25.3,25.436395047577037,True,prefix,full_fit
149.0,4.00139949681315,3.964293127370264,25.1,25.439249743269556,True,prefix,full_fit
150.0,4.001109560550151,3.96425092029202,25.3,25.44210305172726,True,prefix,full_fit
151.0,4.000819624287152,3.964208716110469,25.3,25.444954972994537,True,prefix,full_fit
152.0,4.000439584032204,3.964166476504568,25.3,25.447805507141197,True,prefix,full_fit
153.0,4.000139751761154,3.9641241637346,25.3,25.450654654232835,True,prefix,full_fit
154.0,3.999849815498155,3.9640817407156437,25.3,25.453502414364095,True,prefix,full_fit
155.0,3.999559879235156,3.964039171248424,25.1,25.456348787755473,True,prefix,full_fit
156.0,3.999269942972157,3.9639964197302335,25.3,25.45919377463713,True,prefix,full_fit
157.0,3.998980006709158,3.963953451102957,25.2,25.462037375227965,True,prefix,full_fit
158.0,3.998690070446159,3.9639102307972722,25.2,25.4648795897146,True,prefix,full_fit
159.0,3.99840013418316,3.963866725329435,25.3,25.467720418509714,True,prefix,full_fit
160.0,3.998110197920161,3.9638229017006363,25.3,25.470559861996605,True,prefix,full_fit
161.0,3.997820261657162,3.963778727564045,25.3,25.473397920603134,True,prefix,full_fit
162.0,3.9974737671922176,3.963734171219329,25.3,25.47623459480218,True,prefix,full_fit
163.0,3.997140389131164,3.9636892016073055,25.3,25.47906988511113,True,prefix,full_fit
164.0,3.99670090573633,3.9636437873641164,25.3,25.48190379167727,True,prefix,full_fit
165.0,3.9964,3.963597898980302,25.3,25.48473631523575,True,prefix,full_fit
166.0,3.996270580342167,3.9635515072177263,25.3,25.487567456409238,True,prefix,full_fit
167.0,3.995980644079168,3.963504583375932,25.3,25.490397215829717,True,prefix,full_fit
168.0,3.995690707816169,3.963457099357057,25.3,25.493225594168564,True,prefix,full_fit
169.0,3.99540077155317,3.963409027660716,25.3,25.496052592137232,True,prefix,full_fit
170.0,3.995110835290171,3.963360340848963,25.3,25.498878210248563,True,prefix,full_fit
171.0,3.994820899027172,3.9633110120647412,25.3,25.50170244905553,True,prefix,full_fit
172.0,3.994507950352231,3.963261015843499,25.3,25.504525309514293,True,prefix,full_fit
173.0,3.994141026501174,3.9632103268476184,25.3,25.507346792418844,True,prefix,full_fit
174.0,3.9939,3.963158920296256,25.5,25.51016689859631,True,prefix,full_fit
175.0,3.993861153975176,3.963106771960711,25.3,25.51298562890696,True,prefix,full_fit
176.0,3.993571217712177,3.9630538580872505,25.3,25.515802984210723,True,prefix,full_fit
177.0,3.9932812814491783,3.963000153558456,25.3,25.518618964521465,True,prefix,full_fit
178.0,3.992991345186179,3.962945636759562,25.3,25.52143357126198,True,prefix,full_fit
179.0,3.9927014089231805,3.962890285428272,25.5,25.52424680534091,True,prefix,full_fit
180.0,3.992411472660181,3.9628340778287816,25.3,25.527058667699976,True,prefix,full_fit
181.0,3.9921215363971823,3.962776992750042,25.5,25.529869159315126,True,prefix,full_fit
182.0,3.9921,3.9627190095040667,25.3,25.532678281197775,True,prefix,full_fit
183.0,3.991841663871184,3.9626601079244557,25.5,25.535486034396,True,prefix,full_fit
184.0,3.991551727608185,3.962600268364997,25.5,25.538292419995685,True,prefix,full_fit
185.0,3.991182388460248,3.962539471698463,25.5,25.5410974391217,True,prefix,full_fit
186.0,3.990871855082187,3.9624776993155324,25.3,25.54390109293871,True,prefix,full_fit
187.0,3.9908,3.962414933123932,25.4,25.54670338265288,True,prefix,full_fit
188.0,3.9903839651123785,3.962351155547612,25.4,25.549504309512656,True,prefix,full_fit
189.0,3.9902,3.962286349526206,25.3,25.552303874810036,True,prefix,full_fit
190.0,3.9900121100301913,3.9622204968350063,25.4,25.555102079121525,True,prefix,full_fit
191.0,3.989722173767192,3.962153577915487,25.5,25.55789892224942,True,prefix,full_fit
192.0,3.9896,3.962085579694752,25.5,25.56069440674969,True,prefix,full_fit
193.0,3.989442301241194,3.962016486564873,25.5,25.56348853384486,True,prefix,full_fit
194.0,3.9890047299563904,3.9619462833546777,25.5,25.56628130477668,True,prefix,full_fit
195.0,3.988562428715196,3.961874955324821,25.4,25.569072720806048,True,prefix,full_fit
196.0,3.9884,3.9618024881629044,25.4,25.571862783211998,True,prefix,full_fit
197.0,3.988243408252264,3.9617288679785316,25.5,25.574651493291867,True,prefix,full_fit
198.0,3.9878926199261993,3.96165408129852,25.5,25.577438852360444,True,prefix,full_fit
199.0,3.9876026836632,3.96157811506208,25.5,25.580224861749798,True,prefix,full_fit
200.0,3.9873127474002015,3.9615009549406306,25.5,25.58300952207759,True,prefix,full_fit
201.0,3.9871,3.9614225889858243,25.5,25.585792834850338,True,prefix,full_fit
202.0,3.987032874874203,3.9613430055317957,25.5,25.58857480153779,True,prefix,full_fit
203.0,3.9867429386112043,3.9612621928727814,25.5,25.591355423437562,True,prefix,full_fit
204.0,3.986453002348205,3.961180139662006,25.5,25.594134701851374,True,prefix,full_fit
205.0,3.9862,3.961096834905188,25.5,25.596912638084575,True,prefix,full_fit
206.0,3.9861731298222076,3.961012267953949,25.5,25.599689233444963,True,prefix,full_fit
207.0,3.9858831935592085,3.960926428499179,25.5,25.60246448924181,True,prefix,full_fit
208.0,3.985593257296209,3.960839306564517,25.5,25.605238406785077,True,prefix,full_fit
209.0,3.9853033210332103,3.9607508928554527,25.5,25.608010987534044,True,prefix,full_fit
210.0,3.9853,3.960661179380655,25.5,25.610782233354826,True,prefix,full_fit
211.0,3.984931264676283,3.9605701563072593,25.5,25.613552145205233,True,prefix,full_fit
212.0,3.9846335122442134,3.9604778151146336,25.5,25.616320724462526,True,prefix,full_fit
213.0,3.9846,3.960384147604647,25.5,25.61908797250868,True,prefix,full_fit
214.0,3.9843536397182153,3.96028914589645,25.5,25.621853890728914,True,prefix,full_fit
215.0,3.984063703455216,3.9601928024210764,25.7,25.624618480511685,True,prefix,full_fit
216.0,3.984,3.9600951099161152,25.5,25.627381743248066,True,prefix,full_fit
217.0,3.983783830929218,3.9599960614203926,25.5,25.630143680331173,True,prefix,full_fit
218.0,3.9837,3.959895650268666,25.5,25.632904293155605,True,prefix,full_fit
219.0,3.9833079168064405,3.9597938714116436,25.5,25.63566358364784,True,prefix,full_fit
220.0,3.9831,3.9596907188141053,25.5,25.63842155321788,True,prefix,full_fit
221.0,3.9829240858772224,3.959586186362544,25.5,25.641178203133222,True,prefix,full_fit
222.0,3.9826341496142232,3.9594802687471207,25.6,25.643933534871962,True,prefix,full_fit
223.0,3.9825,3.9593729609538597,25.6,25.646687549919875,True,prefix,full_fit
224.0,3.9823542770882256,3.9592642582609434,25.6,25.649440249770464,True,prefix,full_fit
225.0,3.982019121100302,3.9591541562349626,25.7,25.65219163592417,True,prefix,full_fit
226.0,3.981674404562227,3.9590426507272864,25.7,25.654941709889158,True,prefix,full_fit
227.0,3.9815,3.9589297378703128,25.6,25.657690473180537,True,prefix,full_fit
228.0,3.9813945320362296,3.958815414075538,25.5,25.660437927321595,True,prefix,full_fit
229.0,3.9810091915464607,3.9586996760383633,25.5,25.663184073850914,True,prefix,full_fit
230.0,3.9806,3.958582520706096,25.6,25.665928914298547,True,prefix,full_fit
231.0,3.9805247232472323,3.9584639453010144,25.7,25.668672450207794,True,prefix,full_fit
232.0,3.9803,3.958343947308844,25.7,25.67141468312883,True,prefix,full_fit
233.0,3.9802448507212347,3.9582225244752465,25.7,25.674155614617916,True,prefix,full_fit
234.0,3.9799549144582356,3.958099674802445,25.5,25.67689524623796,True,prefix,full_fit
235.0,3.9797,3.957975396545778,25.5,25.679633579558015,True,prefix,full_fit
236.0,3.9796750419322375,3.957849688210282,25.7,25.68237061615298,True,prefix,full_fit
237.0,3.9793851056692384,3.9577225485473475,25.5,25.685106357603956,True,prefix,full_fit
238.0,3.9790935592083194,3.9575939757252776,25.7,25.68784080520959,True,prefix,full_fit
239.0,3.9787069775243205,3.957463968794615,25.7,25.690573960502718,True,prefix,full_fit
240.0,3.9787,3.9573325276171136,25.7,25.693305825221444,True,prefix,full_fit
241.0,3.978425360617243,3.957199651803754,25.7,25.69603640094016,True,prefix,full_fit
242.0,3.9781354243542437,3.9570653411901437,25.7,25.69876568923752,True,prefix,full_fit
243.0,3.9781,3.956929595833512,25.7,25.701493691695873,True,prefix,full_fit
244.0,3.9778555518282452,3.956792416009514,25.7,25.704220409901723,True,prefix,full_fit
245.0,3.9775656155652466,3.956653802209174,25.7,25.70694584544532,True,prefix,full_fit
246.0,3.9775,3.9565137551358935,25.7,25.709669999920607,True,prefix,full_fit
247.0,3.9772857430392485,3.9563722757023907,25.7,25.7123928749254,True,prefix,full_fit
248.0,3.9769958067762494,3.9562293650276796,25.7,25.715114472060918,True,prefix,full_fit
249.0,3.9769,3.9560850244341923,25.7,25.71783479293208,True,prefix,full_fit
250.0,3.9767159342502514,3.955939255444763,25.6,25.720553839147215,True,prefix,full_fit
251.0,3.9764259979872527,3.955792059779772,25.6,25.723271612318,True,prefix,full_fit
252.0,3.9763,3.9556434389937776,25.7,25.72598811394937,True,prefix,full_fit
253.0,3.9761461254612547,3.9554933934843275,25.7,25.728703345141525,True,prefix,full_fit
254.0,3.976,3.9553419268862333,25.7,25.731417307929405,True,prefix,full_fit
255.0,3.975821670580342,3.9551890415714936,25.7,25.73413000390707,True,prefix,full_fit
256.0,3.9754763166722578,3.9550347400867425,25.7,25.7368414346696,True,prefix,full_fit
257.0,3.9753,3.95487902515017,25.7,25.739551601812934,True,prefix,full_fit
258.0,3.9751964441462597,3.954721899648498,25.7,25.74226050693352,True,prefix,full_fit
259.0,3.9749065078832606,3.954563366633952,25.7,25.74496815162837,True,prefix,full_fit
260.0,3.9747,3.954403429321303,25.7,25.74767453749496,True,prefix,full_fit
261.0,3.9746266353572626,3.954242091084838,25.7,25.75037966613104,True,prefix,full_fit
262.0,3.974336699094264,3.95407935545549,25.7,25.75308353913431,True,prefix,full_fit
263.0,3.9741,3.9539152261178367,25.7,25.75578615810275,True,prefix,full_fit
264.0,3.974056826568266,3.95374970690727,25.7,25.75848752463412,True,prefix,full_fit
265.0,3.9737668903052668,3.9535828018070696,25.7,25.761187640326057,True,prefix,full_fit
266.0,3.9735,3.953414514945557,25.7,25.763886506775634,True,prefix,full_fit
267.0,3.9734870177792687,3.9532448499196278,25.7,25.76658412547971,True,prefix,full_fit
268.0,3.973193190204629,3.953073811369884,25.7,25.769280498069634,True,prefix,full_fit
269.0,3.972516672257632,3.9529014039813095,25.7,25.771975626162146,True,prefix,full_fit
270.0,3.9725,3.9527276323904372,25.7,25.774669511345735,True,prefix,full_fit
271.0,3.9722272727272725,3.952552501361313,25.7,25.77736215520781,True,prefix,full_fit
272.0,3.971937336464274,3.9523760157826384,25.7,25.780053559333908,True,prefix,full_fit
273.0,3.9719,3.9521981806649196,25.7,25.782743725308137,True,prefix,full_fit
274.0,3.971657463938276,3.952019001137579,25.9,25.78543265471268,True,prefix,full_fit
275.0,3.9716,3.951838482446246,25.7,25.78812034912778,True,prefix,full_fit
276.0,3.9713775914122778,3.951656629949854,25.7,25.790806810131585,True,prefix,full_fit
277.0,3.9713,3.9514734491179966,25.7,25.79349203929985,True,prefix,full_fit
278.0,3.9710977188862797,3.9512889455280313,25.7,25.796176038206283,True,prefix,full_fit
279.0,3.9708077826232806,3.9511031248624673,25.7,25.7988588084217,True,prefix,full_fit
280.0,3.970517846360282,3.950915992906181,25.7,25.80154035151463,True,prefix,full_fit
281.0,3.9704,3.950727555808535,25.7,25.80422066918146,True,prefix,full_fit
282.0,3.970237973834284,3.9505378199266716,25.7,25.80689976316853,True,prefix,full_fit
283.0,3.9701,3.950346790952911,25.7,25.80957763484406,True,prefix,full_fit
284.0,3.969958101308286,3.950154475092341,25.7,25.812254285781364,True,prefix,full_fit
285.0,3.9698,3.949960878642126,25.8,25.814929717551877,True,prefix,full_fit
286.0,3.969637638376384,3.949766007989171,25.8,25.817603931724875,True,prefix,full_fit
287.0,3.969288292519289,3.9495698696075605,25.8,25.820276929867248,True,prefix,full_fit
288.0,3.9691,3.949372470056185,25.9,25.822948713543553,True,prefix,full_fit
289.0,3.969008419993291,3.949173815976345,25.9,25.825619284315906,True,prefix,full_fit
290.0,3.968718483730292,3.9489739140892732,25.9,25.82828864374386,True,prefix,full_fit
291.0,3.9685,3.9487727711938287,25.9,25.830956793384473,True,prefix,full_fit
292.0,3.9684386112042938,3.948570394164122,25.7,25.833623734791615,True,prefix,full_fit
293.0,3.9681486749412946,3.9483667899471886,25.7,25.83628946951677,True,prefix,full_fit
294.0,3.967858738678296,3.948161965560641,25.9,25.838953999108128,True,prefix,full_fit
295.0,3.9676,3.9479559280904457,25.9,25.841617325111088,True,prefix,full_fit
296.0,3.9676,3.9477486857928765,25.7,25.844279449471856,True,prefix,full_fit
297.0,3.967588929889299,3.94754024518641,25.7,25.84694037347134,True,prefix,full_fit
298.0,3.9672989936263,3.947330613540548,25.9,25.84960009864085,True,prefix,full_fit
299.0,3.967009057363301,3.947119798247832,25.7,25.85225862653158,True,prefix,full_fit
300.0,3.967,3.9469078067623204,25.7,25.85491595869246,True,prefix,full_fit
301.0,3.9667291848373027,3.9466946465976296,25.9,25.857572096670197,True,prefix,full_fit
302.0,3.966352331432405,3.946480325324903,25.9,25.860227042009512,True,prefix,full_fit
303.0,3.9663,3.946264850570854,25.7,25.862880796252455,True,prefix,full_fit
304.0,3.9660593760483063,3.9460482300158146,25.9,25.86553336093891,True,prefix,full_fit
305.0,3.966,3.945830471391824,25.7,25.868184737606214,True,prefix,full_fit
306.0,3.965779503522308,3.945611582480682,25.8,25.870834927789303,True,prefix,full_fit
307.0,3.9654895672593087,3.9453915711121414,25.9,25.873483933020623,True,prefix,full_fit
308.0,3.9654,3.945170445161912,25.9,25.876131754829885,True,prefix,full_fit
309.0,3.965019389466622,3.9449482125499267,25.9,25.87877839474436,True,prefix,full_fit
310.0,3.9646197584703122,3.9447248814896962,25.8,25.881423854374702,True,prefix,full_fit
311.0,3.9645,3.9445004600652536,25.8,25.884068135269843,True,prefix,full_fit
312.0,3.9645,3.9442749561469395,25.9,25.886711238889347,True,prefix,full_fit
313.0,3.964349949681315,3.94404837783632,25.9,25.889353166756507,True,prefix,full_fit
314.0,3.964060013418316,3.943820733271963,25.9,25.891993920392622,True,prefix,full_fit
315.0,3.963770077155317,3.9435920306278396,25.9,25.894633501316264,True,prefix,full_fit
316.0,3.9636,3.9433622781116395,25.9,25.89727191104373,True,prefix,full_fit
317.0,3.9634536061724255,3.9431314839632035,25.9,25.899909151088934,True,prefix,full_fit
318.0,3.9632,3.9428996564528505,25.9,25.902545222963056,True,prefix,full_fit
319.0,3.963110332103321,3.9426668038798063,25.9,25.90518012817489,True,prefix,full_fit
320.0,3.962820395840322,3.942432934570638,25.9,25.907813868230505,True,prefix,full_fit
321.0,3.9626,3.9421980568777233,25.9,25.91044644463358,True,prefix,full_fit
322.0,3.962540523314324,3.941962179177687,25.9,25.913077858884833,True,prefix,full_fit
323.0,3.962250587051325,3.9417253098699043,25.9,25.915708112482662,True,prefix,full_fit
324.0,3.962,3.941487457380794,25.9,25.91833720692597,True,prefix,full_fit
325.0,3.9619707145253273,3.94124863019677,25.9,25.92096514373651,True,prefix,full_fit
326.0,3.9616807782623282,3.9410088367413163,25.9,25.92359192438198,True,prefix,full_fit
327.0,3.9614,3.9407680854923877,25.9,25.926217550350714,True,prefix,full_fit
328.0,3.9614,3.9405263849435537,25.9,25.92884202312854,True,prefix,full_fit
329.0,3.961110969473331,3.9402837436026488,25.9,25.931465344198443,True,prefix,full_fit
330.0,3.9611,3.940040169990316,25.9,25.93408751504046,True,prefix,full_fit
331.0,3.960831096947333,3.939795672638698,25.9,25.936708537131835,True,prefix,full_fit
332.0,3.9608,3.9395502600900465,25.9,25.939328411946917,True,prefix,full_fit
333.0,3.960551224421335,3.9393039408954547,25.9,25.941947140957097,True,prefix,full_fit
334.0,3.9601817175444483,3.9390567236134624,25.9,25.944564725630755,True,prefix,full_fit
335.0,3.9601,3.938808616808809,25.9,25.947181167433484,True,prefix,full_fit
336.0,3.959881415632338,3.9385596290511478,25.9,25.949796467827696,True,prefix,full_fit
337.0,3.959591479369339,3.9383097689137845,25.9,25.95241062827256,True,prefix,full_fit
338.0,3.9595,3.9380590449724022,26.0,25.955023650224405,True,prefix,full_fit
339.0,3.959311606843341,3.937807466186479,26.0,25.957635535277802,True,prefix,full_fit
340.0,3.9590216705803423,3.9375550410225086,26.0,25.960246284841162,True,prefix,full_fit
341.0,3.9589,3.9373017779286568,26.0,25.962855900313627,True,prefix,full_fit
342.0,3.9587417980543442,3.937047685491641,26.0,25.96546438314357,True,prefix,full_fit
343.0,3.9586,3.936792772294967,26.0,25.968071734776004,True,prefix,full_fit
344.0,3.958461925528346,3.9365370469177208,26.0,25.97067795665282,True,prefix,full_fit
345.0,3.958171989265347,3.9362805179334126,26.0,25.973283050212558,True,prefix,full_fit
346.0,3.958,3.936023193908839,25.9,25.975887016890624,True,prefix,full_fit
347.0,3.9578921167393495,3.935765083402972,25.9,25.978489858118905,True,prefix,full_fit
348.0,3.9577,3.9355061949658254,25.9,25.981091575326104,True,prefix,full_fit
349.0,3.9574074807111708,3.935246537137397,26.0,25.983692169937456,True,prefix,full_fit
350.0,3.9567,3.934986118446521,26.0,25.986291643374614,True,prefix,full_fit
351.0,3.9566323716873533,3.9347249474099,25.9,25.988889997055992,True,prefix,full_fit
352.0,3.9564,3.934463032530987,26.1,25.991487232396196,True,prefix,full_fit
353.0,3.9563524991613552,3.9342003822989495,26.1,25.994083350806534,True,prefix,full_fit
354.0,3.9561,3.9339370051876807,26.1,25.996678353694392,True,prefix,full_fit
355.0,3.9560726266353576,3.9336729096547947,26.1,25.999272242463803,True,prefix,full_fit
356.0,3.955782690372358,3.9334081041405953,26.1,26.00186501851499,True,prefix,full_fit
357.0,3.9555,3.93314259706714,26.1,26.00445668324437,True,prefix,full_fit
358.0,3.9555,3.932876396837246,26.1,26.00704723804472,True,prefix,full_fit
359.0,3.9552128815833614,3.9326095118335562,25.9,26.009636684304894,True,prefix,full_fit
360.0,3.9549229453203623,3.9323419504176034,26.1,26.012225023409826,True,prefix,full_fit
361.0,3.9549,3.9320737209288774,26.1,26.01481225674081,True,prefix,full_fit
362.0,3.9546430727943642,3.9318048316839556,26.1,26.017398385674994,True,prefix,full_fit
363.0,3.9546,3.931535290975529,26.3,26.019983411585486,True,prefix,full_fit
364.0,3.954363200268366,3.9312651103380807,26.1,26.02256733689319,True,prefix,full_fit
365.0,3.95399768534049,3.930994295765937,26.1,26.02515016223589,True,prefix,full_fit
366.0,3.9539,3.930722855169516,26.1,26.027731888875167,True,prefix,full_fit
367.0,3.9536933914793693,3.9304507967976763,26.1,26.030312518186406,True,prefix,full_fit
368.0,3.95340345521637,3.9301781288737705,26.1,26.032892051541467,True,prefix,full_fit
369.0,3.9533,3.9299048595947257,26.1,26.03547049030874,True,prefix,full_fit
370.0,3.953123582690372,3.929630997130384,26.1,26.038047835853035,True,prefix,full_fit
371.0,3.9528336464273734,3.9293565496226917,26.1,26.040624089535868,True,prefix,full_fit
372.0,3.9525437101643743,3.9290815251849596,26.2,26.043199252714714,True,prefix,full_fit
373.0,3.9524,3.9288059319011577,26.2,26.04577332674404,True,prefix,full_fit
374.0,3.9522638376383763,3.928529777825164,26.1,26.04834631297416,True,prefix,full_fit
375.0,3.9521,3.9282530709800634,26.1,26.050918212751924,True,prefix,full_fit
376.0,3.9519839651123787,3.9279758193574548,26.1,26.053489027420596,True,prefix,full_fit
377.0,3.9518,3.927698030916785,26.1,26.056058758319523,True,prefix,full_fit
378.0,3.9517040925863802,3.927419713584637,26.1,26.058627406784296,True,prefix,full_fit
379.0,3.951414156323381,3.927140875254077,26.1,26.06119497414693,True,prefix,full_fit
380.0,3.9510989600805098,3.9268615237840603,26.1,26.063761461735282,True,prefix,full_fit
381.0,3.9508,3.926581666998702,26.1,26.066326870873638,True,prefix,full_fit
382.0,3.9507443475343846,3.9263013126867286,26.1,26.068891202882185,True,prefix,full_fit
383.0,3.9504544112713855,3.9260204686008024,26.1,26.071454459077245,True,prefix,full_fit
384.0,3.9502,3.9257391424569636,26.3,26.074016640771276,True,prefix,full_fit
385.0,3.9501745387453875,3.925457341934015,26.1,26.0765777492727,True,prefix,full_fit
386.0,3.9498846024823884,3.9251750746729437,26.3,26.079137785885848,True,prefix,full_fit
387.0,3.9496,3.924892348276323,26.1,26.081696751911068,True,prefix,full_fit
388.0,3.9496,3.9246091707388917,26.3,26.084254648774845,True,prefix,full_fit
389.0,3.9490295873867827,3.9243255548662628,26.3,26.086811479363462,True,prefix,full_fit
390.0,3.9487248574303924,3.924041503473826,26.3,26.08936724355175,True,prefix,full_fit
391.0,3.9484349211673933,3.923757024093833,26.3,26.091921942649265,True,prefix,full_fit
392.0,3.9484,3.9234721242214814,26.3,26.09447557796267,True,prefix,full_fit
393.0,3.9481550486413957,3.9231868113144817,26.3,26.09702815079561,True,prefix,full_fit
394.0,3.9477868165045287,3.9229010927926233,26.3,26.099579662448605,True,prefix,full_fit
395.0,3.9477,3.9226149760374,26.3,26.102130114218937,True,prefix,full_fit
396.0,3.9474852398523987,3.922328468391552,26.2,26.104679507401045,True,prefix,full_fit
397.0,3.9471953035893996,3.922041577158706,26.2,26.107227843285898,True,prefix,full_fit
398.0,3.9471,3.921754309602963,26.3,26.109775123161796,True,prefix,full_fit
399.0,3.9469154310634016,3.921466672948557,26.3,26.112321348313458,True,prefix,full_fit
400.0,3.9466254948004025,3.9211786743794446,26.3,26.11486652002276,True,prefix,full_fit
401.0,3.946335558537404,3.9208903210389865,26.3,26.11741063956822,True,prefix,full_fit
402.0,3.9462,3.920601620029564,26.3,26.119953708225353,True,prefix,full_fit
403.0,3.9460556860114058,3.9203125784122523,26.3,26.122495727266482,True,prefix,full_fit
404.0,3.9459,3.920023203206487,26.3,26.125036697960468,True,prefix,full_fit
405.0,3.945651626970815,3.9197335013897447,26.3,26.127576621573326,True,prefix,full_fit
406.0,3.9453,3.9194434798972173,26.3,26.130115499367662,True,prefix,full_fit
407.0,3.9451959409594095,3.9191531456215056,26.3,26.132653332602956,True,prefix,full_fit
408.0,3.944874672928547,3.9188625054123243,26.3,26.13519012253539,True,prefix,full_fit
409.0,3.9446,3.9185715660762117,26.3,26.13772587041791,True,prefix,full_fit
410.0,3.9445261321704126,3.9182803343762456,26.3,26.14026057750027,True,prefix,full_fit
411.0,3.944236195907414,3.917988817031761,26.3,26.142794245028767,True,prefix,full_fit
412.0,3.943946259644415,3.9176970207180997,26.3,26.14532687424679,True,prefix,full_fit
413.0,3.9436563233814157,3.9174049531929303,26.3,26.147858466698608,True,prefix,full_fit
414.0,3.9434,3.9171126235599747,26.3,26.150389024300523,True,prefix,full_fit
415.0,3.9433764508554177,3.916820035508496,26.3,26.152918547513593,True,prefix,full_fit
416.0,3.9430865145924185,3.916527195601358,26.3,26.155447037585475,True,prefix,full_fit
417.0,3.9428,3.9162341103591296,26.3,26.157974495760925,True,prefix,full_fit
418.0,3.9428,3.9159407862599718,26.3,26.160500923282484,True,prefix,full_fit
419.0,3.9425167058034214,3.9156472297394735,26.3,26.163026321389907,True,prefix,full_fit
420.0,3.9422267695404227,3.9153534471904567,26.3,26.16555069132056,True,prefix,full_fit
421.0,3.9422,3.915059444962889,26.3,26.168074034309086,True,prefix,full_fit
422.0,3.9419468970144247,3.9147652293636757,26.3,26.170596351587903,True,prefix,full_fit
423.0,3.9415759476685674,3.9144708066566043,26.3,26.17311764438665,True,prefix,full_fit
424.0,3.9410340489768534,3.9141761830621324,26.3,26.17563791393252,True,prefix,full_fit
425.0,3.940677088225428,3.91388136475733,26.3,26.1781571614502,True,prefix,full_fit
426.0,3.9403871519624287,3.9135863578757446,26.4,26.180675388162058,True,prefix,full_fit
427.0,3.9403,3.9132911685072735,26.4,26.183192595287494,True,prefix,full_fit
428.0,3.9401072794364307,3.9129958026981013,26.3,26.185708784043925,True,prefix,full_fit
429.0,3.939817343173432,3.9127002664505537,26.3,26.188223955645924,True,prefix,full_fit
430.0,3.939527406910433,3.912404565723041,26.3,26.19073811130579,True,prefix,full_fit
431.0,3.939237470647434,3.912108706429967,26.3,26.193251252233097,True,prefix,full_fit
432.0,3.9391,3.9118126944416254,26.3,26.195763379635252,True,prefix,full_fit
433.0,3.9389575981214358,3.91151653558417,26.3,26.19827449471694,True,prefix,full_fit
434.0,3.9386235491445825,3.9112202356394796,26.4,26.200784598680457,True,prefix,full_fit
435.0,3.9382777255954378,3.9109238003451825,26.4,26.203293692725595,True,prefix,full_fit
436.0,3.9379877893324386,3.9106272353944878,26.3,26.20580177804976,True,prefix,full_fit
437.0,3.9378,3.910330546436253,26.3,26.20830885584786,True,prefix,full_fit
438.0,3.937707916806441,3.910033739674729,26.4,26.21081492739978,True,prefix,full_fit
439.0,3.937417980543442,3.9097368209781607,26.5,26.21331999394056,True,prefix,full_fit
440.0,3.937128044280443,3.9094397951992024,26.5,26.21582405656096,True,prefix,full_fit
441.0,3.9368381080174437,3.9091426678287906,26.5,26.218327116449018,True,prefix,full_fit
442.0,3.9365481717544446,3.9088454443141627,26.3,26.220829174790367,True,prefix,full_fit
443.0,3.9363,3.908548130058828,26.5,26.223330232768603,True,prefix,full_fit
444.0,3.936268299228447,3.9082507304225502,26.5,26.225830291564762,True,prefix,full_fit
445.0,3.935978362965448,3.907953250721383,26.5,26.22832935235766,True,prefix,full_fit
446.0,3.9356845689365985,3.9076556962276414,26.5,26.23082741632402,True,prefix,full_fit
447.0,3.9352984904394495,3.907358072169937,26.5,26.233324484638047,True,prefix,full_fit
448.0,3.935008554176451,3.9070603837331586,26.5,26.2358205584718,True,prefix,full_fit
449.0,3.9347186179134517,3.9067626360585237,26.5,26.238315638994948,True,prefix,full_fit
450.0,3.9347,3.9064648342435904,26.5,26.240809727375165,True,prefix,full_fit
451.0,3.934438745387454,3.906166983342251,26.5,26.243302824777743,True,prefix,full_fit
452.0,3.934148809124455,3.905869088364798,26.5,26.24579493236564,True,prefix,full_fit
453.0,3.933858872861456,3.905571154277962,26.5,26.24828605129977,True,prefix,full_fit
454.0,3.9333378731969137,3.9052731860048966,26.5,26.250776182738605,True,prefix,full_fit
455.0,3.932979000335458,3.9049751884252655,26.5,26.25326532783862,True,prefix,full_fit
456.0,3.9329,3.9046771663752766,26.5,26.255753487753964,True,prefix,full_fit
457.0,3.93269912780946,3.904379124647714,26.5,26.258240663636627,True,prefix,full_fit
458.0,3.9323455887286145,3.9040810679920037,26.5,26.260726856636325,True,prefix,full_fit
459.0,3.932019255283462,3.9037830011142542,26.5,26.263212067900724,True,prefix,full_fit
460.0,3.931729319020463,3.9034849286773174,26.5,26.265696298575108,True,prefix,full_fit
461.0,3.9314393827574636,3.9031868553008513,26.5,26.26817954980288,True,prefix,full_fit
462.0,3.931149446494465,3.9028887855613954,26.5,26.270661822725003,True,prefix,full_fit
463.0,3.930859510231466,3.9025907240059134,26.6,26.273143118359826,True,prefix,full_fit
464.0,3.9305695739684667,3.9022926751221645,26.6,26.275623437868035,True,prefix,full_fit
465.0,3.9304,3.901994643350748,26.5,26.278102782446183,True,prefix,full_fit
466.0,3.930179402884938,3.901696633096647,26.6,26.28058115322392,True,prefix,full_fit
467.0,3.9298,3.9013986487220973,26.7,26.28305855132851,True,prefix,full_fit
468.0,3.929589600805099,3.9011006945466247,26.6,26.28553497788505,True,prefix,full_fit
469.0,3.929019892653472,3.900802774847194,26.4,26.28801043401654,True,prefix,full_fit
470.0,3.9287299563904727,3.9005048938582236,26.5,26.290484920843596,True,prefix,full_fit
471.0,3.9285,3.900207055771719,26.4,26.292958439484607,True,prefix,full_fit
472.0,3.928450083864475,3.899909264737338,26.5,26.29543099105564,True,prefix,full_fit
473.0,3.928160147601476,3.8996115248625243,26.6,26.297902576670765,True,prefix,full_fit
474.0,3.9278702113384774,3.899313840212529,26.4,26.300373197441616,True,prefix,full_fit
475.0,3.927580275075478,3.8990162148105885,26.5,26.302842854477717,True,prefix,full_fit
476.0,3.9272903388124787,3.8987186526379802,26.5,26.305311548886266,True,prefix,full_fit
477.0,3.92700040254948,3.8984211576341083,26.4,26.30777928177247,True,prefix,full_fit
478.0,3.926710466286481,3.8981237336966594,26.5,26.31024605423903,True,prefix,full_fit
479.0,3.9264205300234822,3.8978263846816725,26.4,26.312711867386724,True,prefix,full_fit
480.0,3.926040791680644,3.897529114403638,26.5,26.315176722313936,True,prefix,full_fit
481.0,3.9257406574974842,3.8972319266356434,26.6,26.317640620117004,True,prefix,full_fit
482.0,3.9252014424689703,3.89693482510946,26.4,26.32010356188988,True,prefix,full_fit
483.0,3.924860784971486,3.896637813515652,26.6,26.322565548724526,True,prefix,full_fit
484.0,3.924570848708487,3.8963408955037178,26.6,26.325026581710688,True,prefix,full_fit
485.0,3.924280912445488,3.896044074682173,26.6,26.327486661935893,True,prefix,full_fit
486.0,3.9239909761824894,3.8957473546187034,26.6,26.329945790485453,True,prefix,full_fit
487.0,3.9237010399194903,3.895450738840246,26.6,26.332403968442634,True,prefix,full_fit
488.0,3.923411103656491,3.8951542312771217,26.6,26.334861196898657,True,prefix,full_fit
489.0,3.923061556524656,3.8948578351135215,26.5,26.337317476926387,True,prefix,full_fit
490.0,3.922731231130493,3.8945615536711404,26.5,26.33977280960073,True,prefix,full_fit
491.0,3.922441294867494,3.8942653903231492,26.6,26.342227195996372,True,prefix,full_fit
492.0,3.9221513586044954,3.893969348402948,26.6,26.344680637185945,True,prefix,full_fit
493.0,3.9218614223414963,3.8936734312042978,26.5,26.347133134239982,True,prefix,full_fit
494.0,3.9217,3.8933776419814548,26.5,26.349584688226912,True,prefix,full_fit
495.0,3.9214630996309965,3.8930819839493322,26.6,26.35203530021289,True,prefix,full_fit
496.0,3.920991613552499,3.8927864602836113,26.6,26.354484971262252,True,prefix,full_fit
497.0,3.9207016772895003,3.892491074120891,26.6,26.356933702436777,True,prefix,full_fit
498.0,3.920411741026501,3.8921958285588083,26.6,26.35938149479665,True,prefix,full_fit
499.0,3.9200957396846694,3.891900726656227,26.6,26.361828349399502,True,prefix,full_fit
500.0,3.919731868500503,3.8916057714333316,26.6,26.364274267301255,True,prefix,full_fit
501.0,3.9194419322375045,3.8913109658717913,26.6,26.366719249555388,True,prefix,full_fit
502.0,3.9191519959745054,3.8910163129148896,26.6,26.36916329721356,True,prefix,full_fit
503.0,3.9188620597115063,3.890721815467714,26.6,26.371606411325274,True,prefix,full_fit
504.0,3.918572123448507,3.8904274763972166,26.6,26.37404859293781,True,prefix,full_fit
505.0,3.918282187185508,3.8901332985324526,26.6,26.376489843096522,True,prefix,full_fit
506.0,3.9179845018450186,3.889839284664659,26.6,26.378930162844767,True,prefix,full_fit
507.0,3.917404629319021,3.889545437547442,26.6,26.381369553223635,True,prefix,full_fit
508.0,3.9171123783965114,3.8892517598969047,26.6,26.383808015272336,True,prefix,full_fit
509.0,3.916729922844683,3.888958254391792,26.6,26.386245550027922,True,prefix,full_fit
510.0,3.916432505870513,3.888664923673664,26.6,26.3886821585254,True,prefix,full_fit
511.0,3.9161425696075143,3.8883717703470255,26.6,26.391117841797893,True,prefix,full_fit
512.0,3.915852633344515,3.888078796981743,26.6,26.39355260087649,True,prefix,full_fit
513.0,3.9155626970815165,3.8877860071317922,26.6,26.39598643697292,True,prefix,full_fit
514.0,3.9152727608185174,3.8874934024376584,26.6,26.398419350961717,True,prefix,full_fit
515.0,3.9149828245555183,3.8872009853712504,26.6,26.400851343870386,True,prefix,full_fit
516.0,3.914692888292519,3.8869087583688104,26.6,26.403282416724494,True,prefix,full_fit
517.0,3.914205904059041,3.8866167238310223,26.6,26.40571257054762,True,prefix,full_fit
518.0,3.913750687688695,3.8863248841232467,26.6,26.40814180636147,True,prefix,full_fit
519.0,3.9134230795035223,3.886033241575607,26.6,26.410570125185927,True,prefix,full_fit
520.0,3.913133143240523,3.8857417984832066,26.6,26.412997528039,True,prefix,full_fit
521.0,3.912843206977524,3.8854505571062594,26.6,26.415424015936708,True,prefix,full_fit
522.0,3.9125532707145254,3.885159519670268,26.6,26.417849589893308,True,prefix,full_fit
523.0,3.9122633344515263,3.8848686883661845,26.6,26.420274250921125,True,prefix,full_fit
524.0,3.911973398188527,3.8845780653505537,26.6,26.422698000030834,True,prefix,full_fit
525.0,3.9115669238510566,3.884287652745714,26.6,26.42512083823101,True,prefix,full_fit
526.0,3.911093525662529,3.883997452639904,26.7,26.42754276652846,True,prefix,full_fit
527.0,3.910771452532707,3.8837074670874845,26.6,26.42996378592835,True,prefix,full_fit
528.0,3.910413653136531,3.8834176981090476,26.7,26.432383897433738,True,prefix,full_fit
529.0,3.9101237168735326,3.8831281476916026,26.7,26.43480310204609,True,prefix,full_fit
530.0,3.9097675612210665,3.88283881778875,26.7,26.43722140076494,True,prefix,full_fit
531.0,3.909243844347534,3.8825497103208146,26.7,26.439638794588063,True,prefix,full_fit
532.0,3.908953908084535,3.8822608271750085,26.7,26.44205528451141,True,prefix,full_fit
533.0,3.9086639718215364,3.8819721702056094,26.7,26.444470871529234,True,prefix,full_fit
534.0,3.9083740355585372,3.8816837412341045,26.6,26.44688555663396,True,prefix,full_fit
535.0,3.9080840992955386,3.8813955420493658,26.7,26.449299340816083,True,prefix,full_fit
536.0,3.907792217376719,3.881107574407781,26.7,26.451712225064625,True,prefix,full_fit
537.0,3.9074056356927205,3.8808198401425518,26.7,26.454124210376676,True,prefix,full_fit
538.0,3.907114290506541,3.8805323413681547,26.7,26.456535297776156,True,prefix,full_fit
539.0,3.906548708487085,3.88024507931808,26.7,26.458945488207746,True,prefix,full_fit
540.0,3.9062344179805435,3.8799580556289586,26.7,26.46135478265427,True,prefix,full_fit
541.0,3.9059444817175444,3.879671271906139,26.7,26.463763182096613,True,prefix,full_fit
542.0,3.9056545454545457,3.8793847297237876,26.7,26.466170687514023,True,prefix,full_fit
543.0,3.9053646091915466,3.879098430625076,26.7,26.468577299884146,True,prefix,full_fit
544.0,3.9050746729285475,3.87881237612235,26.7,26.47098302018304,True,prefix,full_fit
545.0,3.90449771888628,3.878526567697257,26.7,26.473387849384835,True,prefix,full_fit
546.0,3.9040948004025493,3.878241006800935,26.7,26.475791788462175,True,prefix,full_fit
547.0,3.9038048641395506,3.877955694854153,26.7,26.478194838386116,True,prefix,full_fit
548.0,3.9035149278765515,3.8776706332474644,26.7,26.48059700012584,True,prefix,full_fit
549.0,3.9032249916135524,3.8773858233413834,26.7,26.48299827464922,True,prefix,full_fit
550.0,3.9029350553505533,3.8771012664665094,26.7,26.485398662922137,True,prefix,full_fit
551.0,3.902490238175109,3.8768169639237073,26.7,26.487798165909226,True,prefix,full_fit
552.0,3.9020551828245553,3.8765329169842415,26.7,26.490196784573186,True,prefix,full_fit
553.0,3.9015855753102984,3.876249126889937,26.7,26.492594519875297,True,prefix,full_fit
554.0,3.9010753102985576,3.8759655948533394,26.7,26.49499137277519,True,prefix,full_fit
555.0,3.9007853740355585,3.8756823220578234,26.7,26.497387344230845,True,prefix,full_fit
556.0,3.9004954377725594,3.8753993096578037,26.7,26.499782435198824,True,prefix,full_fit
557.0,3.9002055015095607,3.8751165587788234,26.7,26.50217664663404,True,prefix,full_fit
558.0,3.8998311304931232,3.8748340705177378,26.7,26.50456997948976,True,prefix,full_fit
559.0,3.8993256289835623,3.874551845942846,26.7,26.506962434717764,True,prefix,full_fit
560.0,3.8990356927205636,3.874269886094036,26.9,26.509354013268194,True,prefix,full_fit
561.0,3.898727675276753,3.8739881919829338,26.7,26.511744716089936,True,prefix,full_fit
562.0,3.898311640389131,3.8737067646134724,26.7,26.51413454408862,True,prefix,full_fit
563.0,3.8977658839315668,3.873425604961435,26.7,26.516523498168738,True,prefix,full_fit
564.0,3.8974759476685676,3.873144713923493,26.7,26.518911579336702,True,prefix,full_fit
565.0,3.897186011405569,3.8728640924003512,26.7,26.521298788533386,True,prefix,full_fit
566.0,3.89689607514257,3.872583741265182,26.7,26.52368512669824,True,prefix,full_fit
567.0,3.8966061388795703,3.8723036613637314,26.7,26.526070594768953,True,prefix,full_fit
568.0,3.8963162026165716,3.8720238535144897,26.7,26.528455193681737,True,prefix,full_fit
569.0,3.8960262663535725,3.871744318508782,26.9,26.530838924371267,True,prefix,full_fit
570.0,3.8953847702113387,3.8714650571109392,26.7,26.53322178777063,True,prefix,full_fit
571.0,3.895046393827575,3.8711860700584175,26.7,26.535603784811258,True,prefix,full_fit
572.0,3.8947564575645757,3.8709073580619044,26.7,26.537984916423397,True,prefix,full_fit
573.0,3.8944665213015766,3.870628921805455,26.7,26.540365183535243,True,prefix,full_fit
574.0,3.893729755115733,3.8703507619466553,26.8,26.542744587074026,True,prefix,full_fit
575.0,3.893286648775579,3.8700728791166736,26.9,26.545123127964985,True,prefix,full_fit
576.0,3.8929967125125797,3.869795273920455,26.8,26.547500807132053,True,prefix,full_fit
577.0,3.892449144582355,3.869517946936785,26.8,26.549877625497686,True,prefix,full_fit
578.0,3.8920168399865815,3.8692408987184477,26.9,26.55225358398269,True,prefix,full_fit
579.0,3.891726903723583,3.8689641297923325,26.9,26.55462868350662,True,prefix,full_fit
580.0,3.8914369674605838,3.868687640659527,26.8,26.55700292498716,True,prefix,full_fit
581.0,3.8911470311975846,3.8684114317954728,26.8,26.559376309340905,True,prefix,full_fit
582.0,3.8907141898691715,3.868135503650029,26.9,26.56174883748281,True,prefix,full_fit
583.0,3.8904,3.8678598566476285,26.8,26.564120510326234,True,prefix,full_fit
584.0,3.8901544448171754,3.8675844911873534,26.8,26.566491328783172,True,prefix,full_fit
585.0,3.889687286145589,3.8673094076430568,26.9,26.568861293764314,True,prefix,full_fit
586.0,3.8893631331767864,3.8670346063634815,26.9,26.5712304061787,True,prefix,full_fit
587.0,3.8889148272391814,3.8667600876642383,26.9,26.573598666912915,True,prefix,full_fit
588.0,3.8884174773565916,3.8664858518413627,26.9,26.57596607686611,True,prefix,full_fit
589.0,3.8881275410935925,3.866211899173199,26.9,26.578332636954485,True,prefix,full_fit
590.0,3.887837604830594,3.865938229908018,26.9,26.580698348078897,True,prefix,full_fit
591.0,3.8875476685675947,3.865664844269382,26.9,26.583063211138608,True,prefix,full_fit
592.0,3.887215464609192,3.865391742456244,26.9,26.585427227031232,True,prefix,full_fit
593.0,3.8866677960415967,3.8651189246430464,26.9,26.587790396652736,True,prefix,full_fit
594.0,3.886370479704797,3.864846390979781,26.9,26.590152720897777,True,prefix,full_fit
595.0,3.8859637705467964,3.8645741415921133,26.9,26.592514200659082,True,prefix,full_fit
596.0,3.8850979872525997,3.8643021765814383,26.9,26.5948748368279,True,prefix,full_fit
597.0,3.8848080509896006,3.864030496024949,26.9,26.597234630293883,True,prefix,full_fit
598.0,3.884518114726602,3.8637590999757716,26.9,26.5995935819451,True,prefix,full_fit
599.0,3.884228178463603,3.8634879884629765,26.9,26.601951692668024,True,prefix,full_fit
600.0,3.883938242200604,3.863217189548985,26.9,26.604307206221222,True,prefix,full_fit
601.0,3.883648305937605,3.8629466771719647,26.7,26.606661732580278,True,prefix,full_fit
602.0,3.8830361959074136,3.8626764356446817,26.7,26.60901625893939,True,prefix,full_fit
603.0,3.882668433411607,3.862406475066918,26.9,26.6113701420407,True,prefix,full_fit
604.0,3.882156994297216,3.8621368199933075,26.9,26.61372180286253,True,prefix,full_fit
605.0,3.882,3.861867435885932,26.9,26.61607346368436,True,prefix,full_fit
606.0,3.8815972492452198,3.8615983227708144,26.9,26.61842512450619,True,prefix,full_fit
607.0,3.881208688359611,3.861329527033416,26.9,26.620773579500167,True,prefix,full_fit
608.0,3.880918752096612,3.8610610214423806,26.9,26.623120699490357,True,prefix,full_fit
609.0,3.880628815833613,3.860792794569848,26.9,26.625467267984504,True,prefix,full_fit
610.0,3.8801240523314324,3.8605248463140516,26.9,26.627813284982494,True,prefix,full_fit
611.0,3.879648943307615,3.8602571765489593,26.9,26.630158750484384,True,prefix,full_fit
612.0,3.879359007044616,3.8599897851243012,26.9,26.63250366449023,True,prefix,full_fit
613.0,3.878938141563234,3.8597226718656676,26.9,26.634848026999975,True,prefix,full_fit
614.0,3.878479134518618,3.8594558365745097,26.9,26.637191838013564,True,prefix,full_fit
615.0,3.8780783965112375,3.859189279028247,26.9,26.639535097531052,True,prefix,full_fit
616.0,3.87759926199262,3.858922998980292,26.9,26.641877805552497,True,prefix,full_fit
617.0,3.877188426702449,3.8586569961600876,26.9,26.644219962077784,True,prefix,full_fit
618.0,3.876619389466622,3.858391270273197,26.9,26.64656156710697,True,prefix,full_fit
619.0,3.8763294532036228,3.858125821001278,26.9,26.64890262064,True,prefix,full_fit
620.0,3.876039516940624,3.857860648002191,26.9,26.651243122677045,True,prefix,full_fit
621.0,3.875749580677625,3.857595763307044,26.9,26.653581888881547,True,prefix,full_fit
622.0,3.875419288829252,3.857331157087744,27.1,26.65591981740772,True,prefix,full_fit
623.0,3.8748697081516266,3.8570668277696383,26.9,26.658257018344216,True,prefix,full_fit
624.0,3.874579771888628,3.856802774908294,27.1,26.660593491691202,True,prefix,full_fit
625.0,3.8742762831264677,3.856538998035612,27.1,26.66292923744851,True,prefix,full_fit
626.0,3.87359989936263,3.8562754966598742,27.1,26.665264255616194,True,prefix,full_fit
627.0,3.873309963099631,3.8560122702657553,27.1,26.667598546194256,True,prefix,full_fit
628.0,3.8730200268366324,3.8557493183143334,27.1,26.669932109182753,True,prefix,full_fit
629.0,3.8727300905736333,3.85548664024311,27.1,26.672264944581627,True,prefix,full_fit
630.0,3.8721803086212683,3.855224235466073,27.1,26.67459705239088,True,prefix,full_fit
631.0,3.871850218047635,3.854962103373604,27.1,26.67692843261051,True,prefix,full_fit
632.0,3.871560281784636,3.8547002433325983,27.1,26.67925908524063,True,prefix,full_fit
633.0,3.871040691043274,3.8544386546863874,27.1,26.681589010281016,True,prefix,full_fit
634.0,3.8706072123448507,3.8541773367269325,27.1,26.68391819834369,True,prefix,full_fit
635.0,3.870290472995639,3.853916287676262,27.1,26.686246287309416,True,prefix,full_fit
636.0,3.8698010734652803,3.853655507758909,27.1,26.688573597681227,True,prefix,full_fit
637.0,3.869410600469641,3.8533949962242406,27.1,26.69090012945918,True,prefix,full_fit
638.0,3.868941328413284,3.8531347522981005,27.1,26.69322588264322,True,prefix,full_fit
639.0,3.868530727943643,3.852874775182736,27.1,26.69555085723323,True,prefix,full_fit
640.0,3.868240791680644,3.852615064056823,27.0,26.69787505322938,True,prefix,full_fit
641.0,3.8677519959745053,3.8523556180754195,27.0,26.700198470631562,True,prefix,full_fit
642.0,3.867260919154646,3.852096436369962,27.1,26.702521109439886,True,prefix,full_fit
643.0,3.8669709828916474,3.8518375180482214,27.1,26.704842969654237,True,prefix,full_fit
644.0,3.866681046628648,3.851578862194266,27.1,26.707164051274617,True,prefix,full_fit
645.0,3.866282220731298,3.8513204678684603,27.1,26.70948435430114,True,prefix,full_fit
646.0,3.86580117410265,3.8510623341073904,27.1,26.711803878733747,True,prefix,full_fit
647.0,3.8655112378396512,3.8508044599238387,27.1,26.714122624572326,True,prefix,full_fit
648.0,3.865221301576652,3.850546842525044,27.1,26.716440580178414,True,prefix,full_fit
649.0,3.864839852398524,3.8502894714897753,27.1,26.718757684130253,True,prefix,full_fit
650.0,3.8642414290506544,3.850032355982604,27.1,26.721074003114722,True,prefix,full_fit
651.0,3.8639514927876553,3.84977549492379,27.1,26.723389537131766,True,prefix,full_fit
652.0,3.8636231130493126,3.849518887209536,27.1,26.725704286181383,True,prefix,full_fit
653.0,3.8630716202616573,3.8492625317118847,27.1,26.72801825026363,True,prefix,full_fit
654.0,3.862781683998658,3.8490064272786766,27.1,26.73033142937851,True,prefix,full_fit
655.0,3.8624752432069775,3.8487505727334534,27.3,26.73264382352596,True,prefix,full_fit
656.0,3.8616054344179807,3.8484949668754,27.1,26.734955432706045,True,prefix,full_fit
657.0,3.861215833612882,3.84823960847926,27.1,26.737266256918815,True,prefix,full_fit
658.0,3.860921938946662,3.8479844962952456,27.1,26.739576296164103,True,prefix,full_fit
659.0,3.860632002683663,3.8477296290489655,27.1,26.74188555044202,True,prefix,full_fit
660.0,3.8600841328413282,3.8474750054413147,27.1,26.744194019752513,True,prefix,full_fit
661.0,3.8597521301576654,3.8472206241483815,27.3,26.74650170409558,True,prefix,full_fit
662.0,3.8594621938946663,3.846966483821366,27.1,26.74880860347139,True,prefix,full_fit
663.0,3.859172257631667,3.846712583086458,27.1,26.751114717879716,True,prefix,full_fit
664.0,3.8586646427373363,3.8464589205447166,27.1,26.753420047320617,True,prefix,full_fit
665.0,3.858223180140892,3.846205494771989,27.2,26.755724591794262,True,prefix,full_fit
666.0,3.8579024488426703,3.8459523043187636,27.3,26.758028351300368,True,prefix,full_fit
667.0,3.857612512579671,3.8456993477100827,27.3,26.760331325839218,True,prefix,full_fit
668.0,3.8573225763166725,3.8454466234453784,27.3,26.762633515410528,True,prefix,full_fit
669.0,3.8568652801073466,3.84519412999836,27.2,26.764934920014582,True,prefix,full_fit
670.0,3.856442703790674,3.8449418658168786,27.1,26.767235539651153,True,prefix,full_fit
671.0,3.856005535055351,3.8446898293227925,27.2,26.769535374320355,True,prefix,full_fit
672.0,3.8557,3.8444380189118093,27.2,26.77183442402213,True,prefix,full_fit
673.0,3.8554034216705806,3.8441864329533555,27.2,26.774132688756595,True,prefix,full_fit
674.0,3.854882958738678,3.8439350548932394,27.2,26.776430293082342,True,prefix,full_fit
675.0,3.854593022475679,3.843683894159427,27.2,26.778727144409174,True,prefix,full_fit
676.0,3.854109258638041,3.843432951534716,27.3,26.781023221950875,True,prefix,full_fit
677.0,3.8534131499496813,3.8431822252861094,27.2,26.783318525707443,True,prefix,full_fit
678.0,3.8531232136866826,3.842931713653477,27.2,26.785613055678823,True,prefix,full_fit
679.0,3.852833277423683,3.8426814148493627,27.3,26.787906811865014,True,prefix,full_fit
680.0,3.8524677960415965,3.84243132705884,27.3,26.790199794266016,True,prefix,full_fit
681.0,3.8518534048976854,3.8421814484392858,27.1,26.79249200288183,True,prefix,full_fit
682.0,3.8515634686346862,3.8419317771202115,27.3,26.794783437712567,True,prefix,full_fit
683.0,3.851247064743375,3.8416823112030434,27.1,26.797074098758117,True,prefix,full_fit
684.0,3.8507,3.841433048760964,27.3,26.79936398601842,True,prefix,full_fit
685.0,3.8506873196913785,3.841183987838636,27.3,26.801653099493592,True,prefix,full_fit
686.0,3.8501074471653807,3.8409351264520506,27.3,26.803941439183575,True,prefix,full_fit
687.0,3.8498137873196914,3.8406864625882795,27.3,26.806229005088483,True,prefix,full_fit
688.0,3.8495238510566923,3.840437994205262,27.3,26.808515797208145,True,prefix,full_fit
689.0,3.848879134518618,3.840189719231568,27.3,26.810801815542618,True,prefix,full_fit
690.0,3.8485439785306945,3.8399416355661717,27.3,26.81308706009196,True,prefix,full_fit
691.0,3.8482540422676954,3.839693741078204,27.3,26.81537153085617,True,prefix,full_fit
692.0,3.8477282120093927,3.8394460336067144,27.3,26.817655227835132,True,prefix,full_fit
693.0,3.8476,3.8391985109604274,27.3,26.819938151028964,True,prefix,full_fit
694.0,3.8471684669573967,3.838951170917464,27.3,26.822220300437607,True,prefix,full_fit
695.0,3.846794297215699,3.838704011225115,27.3,26.82450167606106,True,prefix,full_fit
696.0,3.8460478698423346,3.8384570295995273,27.3,26.82678227789944,True,prefix,full_fit
697.0,3.8457,3.83821022372549,27.3,26.829062105952517,True,prefix,full_fit
698.0,3.845348976853405,3.8379635912561048,27.3,26.831341160220518,True,prefix,full_fit
699.0,3.8449345521637035,3.8377171206645446,27.3,26.8336195607925,True,prefix,full_fit
700.0,3.8446446159007044,3.8374708105636612,27.3,26.83589729460141,True,prefix,full_fit
701.0,3.844209359275411,3.837224665411563,27.3,26.83817427119493,True,prefix,full_fit
702.0,3.8437647433747064,3.8369786827356482,27.3,26.840450490572948,True,prefix,full_fit
703.0,3.8434748071117073,3.8367328600301485,27.3,26.84272595273552,True,prefix,full_fit
704.0,3.8431848708487086,3.836487194755807,27.3,26.845000657682647,True,prefix,full_fit
705.0,3.842859912780946,3.836241684339566,27.3,26.84727460541427,True,prefix,full_fit
706.0,3.8425049983227106,3.8359963261742376,27.3,26.849547795930448,True,prefix,full_fit
707.0,3.842130124119423,3.835751117618182,27.3,26.851820229231237,True,prefix,full_fit
708.0,3.8416251257967127,3.835506055994972,27.3,26.854091905316523,True,prefix,full_fit
709.0,3.8413351895337136,3.835261138593033,27.3,26.856362824186306,True,prefix,full_fit
710.0,3.840990506541429,3.835016362665329,27.3,26.858632985840643,True,prefix,full_fit
711.0,3.8404553170077156,3.834771725428976,27.3,26.86090239027959,True,prefix,full_fit
712.0,3.8401653807447165,3.8345272240649058,27.3,26.86317103750298,True,prefix,full_fit
713.0,3.839867259308957,3.834282855717487,27.3,26.86543892751098,True,prefix,full_fit
714.0,3.8394710164374373,3.834038617494172,27.3,26.867706060303476,True,prefix,full_fit
715.0,3.8388955719557196,3.8337945064650913,27.3,26.869972435880584,True,prefix,full_fit
716.0,3.8386056356927205,3.8335505196627127,27.3,26.872238054242132,True,prefix,full_fit
717.0,3.838031398859443,3.8333066540814014,27.3,26.87450291538829,True,prefix,full_fit
718.0,3.8377257631667225,3.833062906677066,27.3,26.876767019318947,True,prefix,full_fit
719.0,3.837435826903724,3.832819274366753,27.3,26.879030366034215,True,prefix,full_fit
720.0,3.8371458906407248,3.8325757540282166,27.5,26.881292955533922,True,prefix,full_fit
721.0,3.8368559543777256,3.832332342499532,27.3,26.88355478781824,True,prefix,full_fit
722.0,3.8362540422676954,3.8320890365786626,27.3,26.885815862887057,True,prefix,full_fit
723.0,3.8358760818517275,3.831845833023041,27.3,26.888076180740427,True,prefix,full_fit
724.0,3.835586145588729,3.831602723920418,27.3,26.8903358261403,True,prefix,full_fit
725.0,3.8350924186514592,3.831359697114638,27.4,26.892594961223324,True,prefix,full_fit
726.0,3.834706273062731,3.831116761280035,27.4,26.89485336578997,True,prefix,full_fit
727.0,3.8344163367997317,3.8308739129999343,27.3,26.897111040055165,True,prefix,full_fit
728.0,3.8341264005367326,3.8306311488149403,27.3,26.89936798423406,True,prefix,full_fit
729.0,3.8338364642737335,3.8303884652224665,27.3,26.901624198541526,True,prefix,full_fit
730.0,3.8334953706809793,3.8301458586762562,27.3,26.903879683192486,True,prefix,full_fit
731.0,3.833156591747736,3.829903325585928,27.3,26.90613443840209,True,prefix,full_fit
732.0,3.8327333109694735,3.82966086231649,27.3,26.908388464385155,True,prefix,full_fit
733.0,3.8322767192217375,3.829418465187869,27.3,26.910641761356715,True,prefix,full_fit
734.0,3.831986782958739,3.829176130474412,27.4,26.912894329531753,True,prefix,full_fit
735.0,3.8316968466957397,3.828933854404403,27.5,26.91514616912525,True,prefix,full_fit
736.0,3.8313138208654816,3.8286916331595666,27.4,26.917397280352304,True,prefix,full_fit
737.0,3.8308169741697418,3.8284494628745525,27.4,26.919647663427668,True,prefix,full_fit
738.0,3.830429755115733,3.8282073396364344,27.5,26.92189731856655,True,prefix,full_fit
739.0,3.8298371016437436,3.827965259484218,27.3,26.924146245983707,True,prefix,full_fit
740.0,3.8294943307614897,3.8277232184082863,27.5,26.926394445894346,True,prefix,full_fit
741.0,3.829,3.8274812123499165,27.5,26.92864191851328,True,prefix,full_fit
742.0,3.8289672928547467,3.827239237200711,27.3,26.930888664055487,True,prefix,full_fit
743.0,3.8286773565917476,3.8269972888021186,27.5,26.933134682736124,True,prefix,full_fit
744.0,3.828374840657497,3.8267553629448505,27.5,26.93537997477,True,prefix,full_fit
745.0,3.8277974840657496,3.8265134553683664,27.5,26.937624540372155,True,prefix,full_fit
746.0,3.827507547802751,3.826271561760333,27.3,26.93986837975757,True,prefix,full_fit
747.0,3.8271234820530027,3.8260296777560576,27.5,26.942111493141226,True,prefix,full_fit
748.0,3.826827675276753,3.8257877989379594,27.3,26.944353880738106,True,prefix,full_fit
749.0,3.826537739013754,3.8255459208349993,27.5,26.94659554276319,True,prefix,full_fit
750.0,3.8262478027507547,3.825304038922132,27.3,26.948836479431407,True,prefix,full_fit
751.0,3.8257157329755116,3.825062148619746,27.5,26.951076690957848,True,prefix,full_fit
752.0,3.8253679302247567,3.82482024529307,27.5,26.95331617755744,True,prefix,full_fit
753.0,3.825077993961758,3.824578324251667,27.5,26.955554939445108,True,prefix,full_fit
754.0,3.824788057698759,3.8243363807487976,27.5,26.957792976835947,True,prefix,full_fit
755.0,3.82449812143576,3.8240944099809058,27.5,26.96003028994477,True,prefix,full_fit
756.0,3.8239524320697753,3.8238524070870046,27.4,26.96226687898678,True,prefix,full_fit
757.0,3.8237,3.8236103671481225,27.5,26.964502744176798,True,prefix,full_fit
758.0,3.823356625293526,3.823368285186713,27.5,26.9667378857298,True,prefix,full_fit
759.0,3.822938376383764,3.823126156166105,27.4,26.968972303860824,True,prefix,full_fit
760.0,3.8224968802415296,3.8228839749898924,27.4,26.97120599878491,True,prefix,full_fit
761.0,3.822058503857766,3.8226417365013727,27.5,26.97343897071687,True,prefix,full_fit
762.0,3.821768567594767,3.822399435482959,27.5,26.9756712198718,True,prefix,full_fit
763.0,3.821316806440792,3.8221570666556115,27.4,26.977902746464736,True,prefix,full_fit
764.0,3.8209,3.8219146246782563,27.4,26.980133550710548,True,prefix,full_fit
765.0,3.82069751761154,3.8216721041471944,27.4,26.982363632824217,True,prefix,full_fit
766.0,3.820208822542771,3.8214294995955624,27.4,26.98459299302084,True,prefix,full_fit
767.0,3.8199188862797717,3.8211868054927,27.5,26.986821631515284,True,prefix,full_fit
768.0,3.819628950016773,3.8209440162436477,27.4,26.989049548522587,True,prefix,full_fit
769.0,3.819339013753774,3.8207011261884984,27.4,26.991276744257675,True,prefix,full_fit
770.0,3.819049077490775,3.820458129601924,27.5,26.993503218935587,True,prefix,full_fit
771.0,3.8187591412277757,3.8202150206925207,27.4,26.995728972771246,True,prefix,full_fit
772.0,3.8184692049647766,3.8199717936023116,27.4,26.99795400597975,True,prefix,full_fit
773.0,3.8181723582690372,3.819728442406169,27.4,27.00017831877591,True,prefix,full_fit
774.0,3.817778664877558,3.819484961111269,27.4,27.002401911374875,True,prefix,full_fit
775.0,3.81719939617578,3.8192413436565458,27.4,27.00462478399146,True,prefix,full_fit
776.0,3.816909459912781,3.8189975839121613,27.4,27.006846936840816,True,prefix,full_fit
777.0,3.816619523649782,3.818753675678968,27.4,27.009068370137754,True,prefix,full_fit
778.0,3.816329587386783,3.8185096126879774,27.4,27.011289084097427,True,prefix,full_fit
779.0,3.8160396511237837,3.8182653885998694,27.4,27.013509078934646,True,prefix,full_fit
780.0,3.815749714860785,3.818020997004469,27.4,27.015728354864564,True,prefix,full_fit
781.0,3.815459778597786,3.817776425206031,27.4,27.017947096975945,True,prefix,full_fit
782.0,3.8151698423347873,3.8175316673403246,27.4,27.02016528537547,True,prefix,full_fit
783.0,3.8143663535726264,3.817286721720066,27.4,27.022382773502045,True,prefix,full_fit
784.0,3.8141,3.81704158163753,27.4,27.0245995618792,True,prefix,full_fit
785.0,3.81390003354579,3.8167962403117555,27.4,27.0268156510308,True,prefix,full_fit
786.0,3.813610097282791,3.816550690888141,27.4,27.02903104148038,True,prefix,full_fit
787.0,3.813140322039584,3.8163049264379643,27.4,27.031245733751803,True,prefix,full_fit
788.0,3.8129,3.8160589399580336,27.4,27.03345972836877,True,prefix,full_fit
789.0,3.812580576987588,3.8158127243702467,27.4,27.03567302585492,True,prefix,full_fit
790.0,3.812150352230795,3.8155662725212327,27.5,27.03788562673401,True,prefix,full_fit
791.0,3.811813887957061,3.815319577181983,27.5,27.04009753152974,True,prefix,full_fit
792.0,3.811470479704797,3.815072631047512,27.5,27.042308740765748,True,prefix,full_fit
793.0,3.811180543441798,3.8148254267365425,27.5,27.044519254965962,True,prefix,full_fit
794.0,3.810890607178799,3.814577956791196,27.4,27.046729074653797,True,prefix,full_fit
795.0,3.8105013418316003,3.814330213676701,27.4,27.048938200353177,True,prefix,full_fit
796.0,3.8101,3.814082189781166,27.5,27.051146632587745,True,prefix,full_fit
797.0,3.809941596779604,3.8138338774153038,27.5,27.05335437188114,True,prefix,full_fit
798.0,3.8095,3.8135852688122687,27.4,27.055561418757236,True,prefix,full_fit
799.0,3.8094409258638042,3.8133363561274196,27.4,27.057767773739613,True,prefix,full_fit
800.0,3.809085642401879,3.813087131438232,27.6,27.05997343735197,True,prefix,full_fit
801.0,3.808461053337806,3.8128375867440987,27.4,27.062178410118065,True,prefix,full_fit
802.0,3.808171117074807,3.8125877139662823,27.6,27.06438269256165,True,prefix,full_fit
803.0,3.8078811808118083,3.8123375049478434,27.4,27.066586285206427,True,prefix,full_fit
804.0,3.807591244548809,3.812086951453569,27.4,27.068789188575977,True,prefix,full_fit
805.0,3.8073013082858105,3.811836045170029,27.6,27.07099140319417,True,prefix,full_fit
806.0,3.807011372022811,3.811584777705561,27.6,27.073192929584593,True,prefix,full_fit
807.0,3.806442871519624,3.811333140590375,27.6,27.075393768271,True,prefix,full_fit
808.0,3.806131499496813,3.8110811252766443,27.6,27.0775939197772,True,prefix,full_fit
809.0,3.8058415632338143,3.810828723138665,27.4,27.079793384626782,True,prefix,full_fit
810.0,3.805468835961087,3.8105759254730307,27.6,27.0819921633435,True,prefix,full_fit
811.0,3.8051616907078163,3.810322723498905,27.4,27.084190256450995,True,prefix,full_fit
812.0,3.804871754444817,3.81006910835823,27.4,27.086387664473023,True,prefix,full_fit
813.0,3.804581818181818,3.8098150711161116,27.4,27.088584387933395,True,prefix,full_fit
814.0,3.804291881918819,3.8095606027611635,27.4,27.090780427355696,True,prefix,full_fit
815.0,3.8040019456558203,3.8093056942059214,27.5,27.092975783263626,True,prefix,full_fit
816.0,3.803712009392821,3.809050336287318,27.6,27.095170456180995,True,prefix,full_fit
817.0,3.803422073129822,3.8087945197672024,27.6,27.097364446631445,True,prefix,full_fit
818.0,3.8031321368668234,3.8085382353329327,27.6,27.099557755138733,True,prefix,full_fit
819.0,3.8028422006038243,3.8082814735979706,27.6,27.10175038222644,True,prefix,full_fit
820.0,3.8025030191211004,3.808024225102611,27.5,27.10394232841844,True,prefix,full_fit
821.0,3.8021623280778263,3.807766480314705,27.5,27.106133594238372,True,prefix,full_fit
822.0,3.801872391814827,3.8075082296304803,27.6,27.108324180209934,True,prefix,full_fit
823.0,3.801582455551828,3.8072494633754133,27.6,27.11051408685688,True,prefix,full_fit
824.0,3.8012925192888294,3.8069901718051526,27.6,27.112703314702856,True,prefix,full_fit
825.0,3.8010025830258303,3.806730345106568,27.5,27.114891864271613,True,prefix,full_fit
826.0,3.8006252935256626,3.806469973398765,27.5,27.11707973608685,True,prefix,full_fit
827.0,3.8002,3.8062090467342977,27.5,27.119266930672325,True,prefix,full_fit
828.0,3.800132774236833,3.8059475551003157,27.4,27.12145344855162,True,prefix,full_fit
829.0,3.7998428379738343,3.805685488419917,27.6,27.123639290248605,True,prefix,full_fit
830.0,3.7995372022811136,3.8054228365534937,27.6,27.125824456286864,True,prefix,full_fit
831.0,3.7991629654478363,3.8051595893001733,27.6,27.12800894719021,True,prefix,full_fit
832.0,3.798819087554512,3.804895736399383,27.4,27.130192763482285,True,prefix,full_fit
833.0,3.798,3.8046312675324065,27.6,27.132375905686786,True,prefix,full_fit
834.0,3.797993156658839,3.8043661723241513,27.6,27.134558374327412,True,prefix,full_fit
835.0,3.79770322039584,3.8041004403448877,27.6,27.136740169927975,True,prefix,full_fit
836.0,3.7974132841328414,3.8038340611121235,27.6,27.138921293012118,True,prefix,full_fit
837.0,3.7971233478698423,3.803567024092605,27.6,27.141101744103537,True,prefix,full_fit
838.0,3.7968334116068436,3.803299319746064,27.6,27.143281632546746,True,prefix,full_fit
839.0,3.7965434753438445,3.8030309366729274,27.6,27.145460878389883,True,prefix,full_fit
840.0,3.796171385441127,3.802761863995814,27.6,27.147639460802395,True,prefix,full_fit
841.0,3.795863602817846,3.8024920910009987,27.6,27.149817380427294,True,prefix,full_fit
842.0,3.7955736665548474,3.8022216069352646,27.6,27.15199463790782,True,prefix,full_fit
843.0,3.7952837302918483,3.8019504010084173,27.6,27.154171233886984,True,prefix,full_fit
844.0,3.7949937940288496,3.801678462395968,27.6,27.156347169007915,True,prefix,full_fit
845.0,3.7947038577658505,3.801405780241926,27.6,27.15852244391374,True,prefix,full_fit
846.0,3.7944139215028514,3.8011323436616333,27.6,27.160697059247525,True,prefix,full_fit
847.0,3.7941239852398523,3.800858141744782,27.6,27.162871015652456,True,prefix,full_fit
848.0,3.793834048976853,3.800583163558498,27.6,27.165044313771602,True,prefix,full_fit
849.0,3.7935441127138545,3.8003073981505637,27.6,27.167216954248147,True,prefix,full_fit
850.0,3.7932055686011408,3.8000308345527563,27.6,27.169388937725046,True,prefix,full_fit
851.0,3.7928642401878565,3.7997534617842694,27.6,27.17156026484554,True,prefix,full_fit
852.0,3.7925743039248574,3.7994752688553075,27.6,27.17373093625264,True,prefix,full_fit
853.0,3.7922843676618587,3.7991962447707683,27.6,27.17590095258953,True,prefix,full_fit
854.0,3.7919944313988596,3.7989163785340403,27.6,27.17807031449928,True,prefix,full_fit
855.0,3.7918,3.7986356591509454,27.6,27.180239022625074,True,prefix,full_fit
856.0,3.791629117745723,3.798354075633798,27.6,27.182407077609923,True,prefix,full_fit
857.0,3.7912,3.7980716170055784,27.6,27.184574480097012,True,prefix,full_fit
858.0,3.791069372693727,3.7977882723042606,27.6,27.18674123072941,True,prefix,full_fit
859.0,3.7905447500838645,3.7975040305872274,27.6,27.188907330150187,True,prefix,full_fit
860.0,3.790239751761154,3.797218880935863,27.6,27.191072779002525,True,prefix,full_fit
861.0,3.7898648775578665,3.7969328124602257,27.6,27.19323757792955,True,prefix,full_fit
862.0,3.7895749412948674,3.796645814303882,27.6,27.19540172757428,True,prefix,full_fit
863.0,3.7892850050318683,3.7963578756488685,27.6,27.19756522857989,True,prefix,full_fit
864.0,3.7889950687688696,3.7960689857207797,27.7,27.199728081589456,True,prefix,full_fit
865.0,3.7887051325058705,3.795779133793957,27.6,27.201890287246215,True,prefix,full_fit
866.0,3.788415196242872,3.7954883091968963,27.6,27.204051846193067,True,prefix,full_fit
867.0,3.7881252599798727,3.795196501317655,27.6,27.206212759073253,True,prefix,full_fit
868.0,3.7878353237168736,3.7949036996095247,27.6,27.208373026529898,True,prefix,full_fit
869.0,3.7875453874538745,3.794609893596731,27.7,27.210532649206073,True,prefix,full_fit
870.0,3.7872554511908754,3.7943150728803148,27.6,27.21269162774479,True,prefix,full_fit
871.0,3.7868873532371685,3.7940192271441306,27.6,27.214849962789287,True,prefix,full_fit
872.0,3.786575578664878,3.7937223461609744,27.6,27.217007654982694,True,prefix,full_fit
873.0,3.7865,3.793424419798831,27.6,27.219164704968023,True,prefix,full_fit
874.0,3.786091412277759,3.793125438027235,27.6,27.221321113388456,True,prefix,full_fit
875.0,3.7859,3.7928253909237934,27.6,27.223476880887063,True,prefix,full_fit
876.0,3.7857158336128816,3.792524268680797,27.6,27.22563200810697,True,prefix,full_fit
877.0,3.7854258973498824,3.7922220616119375,27.7,27.227786495691305,True,prefix,full_fit
878.0,3.7851359610868838,3.7919187601591977,27.6,27.229940344283136,True,prefix,full_fit
879.0,3.7848460248238847,3.791614354899789,27.6,27.23209355452559,True,prefix,full_fit
880.0,3.7845560885608855,3.79130883655323,27.6,27.234246127061795,True,prefix,full_fit
881.0,3.784266152297887,3.791002195988571,27.6,27.23639806253476,True,prefix,full_fit
882.0,3.7839349547131835,3.7906944242316376,27.6,27.238549361587843,True,prefix,full_fit
883.0,3.7835862797718884,3.790385512472435,27.6,27.240700024863884,True,prefix,full_fit
884.0,3.7832963435088898,3.7900754520726587,27.7,27.242850053006066,True,prefix,full_fit
885.0,3.7829128144917816,3.7897642345732416,27.7,27.24499944665763,True,prefix,full_fit
886.0,3.7825,3.789451851702042,27.7,27.24714820646153,True,prefix,full_fit
887.0,3.782426534719893,3.789138295381589,27.6,27.249296333060954,True,prefix,full_fit
888.0,3.7821365984568938,3.788823557736899,27.7,27.251443827099024,True,prefix,full_fit
889.0,3.7818466621938946,3.7885076311033803,27.7,27.25359068921881,True,prefix,full_fit
890.0,3.7815567259308955,3.7881905080348166,27.7,27.255736920063384,True,prefix,full_fit
891.0,3.7812667896678964,3.787872181311365,27.6,27.257882520275928,True,prefix,full_fit
892.0,3.780969137873197,3.7875526439476332,27.6,27.26002749049951,True,prefix,full_fit
893.0,3.780586917141899,3.787231889200849,27.7,27.262171831377316,True,prefix,full_fit
894.0,3.7802969808788998,3.786909911305262,27.7,27.26431554341093,True,prefix,full_fit
895.0,3.7800070446159006,3.786586709211749,27.7,27.266458626234737,True,prefix,full_fit
896.0,3.7797171083529015,3.7862622713923555,27.7,27.268601081574502,True,prefix,full_fit
897.0,3.7794271720899024,3.7859365921628605,27.6,27.270742910072272,True,prefix,full_fit
898.0,3.7794,3.785609666122755,27.6,27.272884112370036,True,prefix,full_fit
899.0,3.779147299563905,3.785281488163468,27.7,27.275024689109557,True,prefix,full_fit
900.0,3.7786147266018117,3.7849520534765793,27.7,27.277164640932938,True,prefix,full_fit
901.0,3.7785,3.7846213575620977,27.7,27.27930396848211,True,prefix,full_fit
902.0,3.778277490774908,3.784289396236587,27.6,27.281442672398953,True,prefix,full_fit
903.0,3.777987554511909,3.7839561656413894,27.7,27.283580753325452,True,prefix,full_fit
904.0,3.7776301576652127,3.7836216622506833,27.7,27.285718211903486,True,prefix,full_fit
905.0,3.777307681985911,3.7832858828795572,27.7,27.2878550487751,True,prefix,full_fit
906.0,3.7770177457229117,3.782948824691994,27.6,27.28999126458217,True,prefix,full_fit
907.0,3.7769,3.7826104852087656,27.7,27.29212685996663,True,prefix,full_fit
908.0,3.7767378731969137,3.7822708623152463,27.7,27.294261835570524,True,prefix,full_fit
909.0,3.776447936933915,3.7819299542691214,27.7,27.296396192035616,True,prefix,full_fit
910.0,3.776158000670916,3.7815877597079837,27.7,27.29852993000401,True,prefix,full_fit
911.0,3.775868064407917,3.7812442776568096,27.7,27.300663050117578,True,prefix,full_fit
912.0,3.7755781281449177,3.7808995075352865,27.7,27.302795553018314,True,prefix,full_fit
913.0,3.7752881918819186,3.780553449164997,27.7,27.304927439348035,True,prefix,full_fit
914.0,3.7748625964441462,3.780206102776445,27.7,27.3070587097489,True,prefix,full_fit
915.0,3.774308319355921,3.7798574690158926,27.7,27.30918936486262,True,prefix,full_fit
916.0,3.7741,3.779507548952039,27.7,27.311319405331346,True,prefix,full_fit
917.0,3.774028446829923,3.7791563440824594,27.7,27.313448831796848,True,prefix,full_fit
918.0,3.7737385105669237,3.7788038563398727,27.7,27.31557764490111,True,prefix,full_fit
919.0,3.7734485743039246,3.778450088098158,27.7,27.317705845286184,True,prefix,full_fit
920.0,3.773158638040926,3.7780950421781343,27.7,27.319833433593942,True,prefix,full_fit
921.0,3.7728687017779268,3.7777387218531073,27.7,27.32196041046626,True,prefix,full_fit
922.0,3.772578765514928,3.777381130854134,27.7,27.324086776545187,True,prefix,full_fit
923.0,3.772288829251929,3.7770222733750307,27.7,27.326212532472596,True,prefix,full_fit
924.0,3.77199889298893,3.7766621540770533,27.7,27.328337678890477,True,prefix,full_fit
925.0,3.7717089567259308,3.776300778093337,27.7,27.330462216440765,True,prefix,full_fit
926.0,3.7717,3.7759381510329693,27.7,27.33258614576539,True,prefix,full_fit
927.0,3.7713387789332438,3.775574278984754,27.7,27.334709467506286,True,prefix,full_fit
928.0,3.771039147936934,3.7752091685206626,27.7,27.336832182305443,True,prefix,full_fit
929.0,3.770749211673935,3.774842826698878,27.7,27.338954290804736,True,prefix,full_fit
930.0,3.770459275410936,3.7744752610665455,27.7,27.341075793646098,True,prefix,full_fit
931.0,3.770169339147937,3.774106479662109,27.7,27.343196691471633,True,prefix,full_fit
932.0,3.769879402884938,3.773736491017257,27.7,27.345316984923045,True,prefix,full_fit
933.0,3.7695894666219387,3.77336530415852,27.7,27.347436674642495,True,prefix,full_fit
934.0,3.76929953035894,3.7729929286084083,27.7,27.3495557612718,True,prefix,full_fit
935.0,3.7692,3.772619374386184,27.7,27.351674245452955,True,prefix,full_fit
936.0,3.769019657832942,3.7722446520081636,27.7,27.35379212782783,True,prefix,full_fit
937.0,3.7685026836632005,3.7718687724876365,27.7,27.355909409038475,True,prefix,full_fit
938.0,3.7682,3.771491747334319,27.7,27.358026089726764,True,prefix,full_fit
939.0,3.768049849043945,3.7711135885533484,27.7,27.360142170534743,True,prefix,full_fit
940.0,3.767759912780946,3.770734308643841,27.7,27.362257652104176,True,prefix,full_fit
941.0,3.767469976517947,3.770353920596984,27.7,27.36437253507711,True,prefix,full_fit
942.0,3.7670600805098964,3.7699724378936605,27.7,27.366486820095474,True,prefix,full_fit
943.0,3.766590103991949,3.769589874501589,27.7,27.368600507801204,True,prefix,full_fit
944.0,3.7664,3.7692062448720014,27.7,27.37071359883629,True,prefix,full_fit
945.0,3.766310231465951,3.7688215639358393,27.7,27.37282609384266,True,prefix,full_fit
946.0,3.766020295202952,3.768435847099439,27.7,27.374937993462197,True,prefix,full_fit
947.0,3.765730358939953,3.7680491102397884,27.7,27.377049298336942,True,prefix,full_fit
948.0,3.765420563569272,3.767661369699202,27.7,27.379160009108773,True,prefix,full_fit
949.0,3.765050486413955,3.767272642279603,27.7,27.381270126419565,True,prefix,full_fit
950.0,3.7647605501509562,3.7668829452362704,27.7,27.38337965091148,True,prefix,full_fit
951.0,3.7645,3.7664922987551996,27.7,27.385488565967307,True,prefix,full_fit
952.0,3.764480677624958,3.7661007225547047,27.7,27.387596861308623,True,prefix,full_fit
953.0,3.7641907413619595,3.765708231492903,27.7,27.38970456340644,True,prefix,full_fit
954.0,3.76390080509896,3.765314844572782,27.7,27.391811672862218,True,prefix,full_fit
955.0,3.763610868835961,3.7649205812121895,27.7,27.393918190277475,True,prefix,full_fit
956.0,3.763320932572962,3.7645254612346606,27.7,27.396024116253784,True,prefix,full_fit
957.0,3.763030996309963,3.764129504859823,27.7,27.398129451392492,True,prefix,full_fit
958.0,3.763,3.7637327326933363,27.7,27.400234196295287,True,prefix,full_fit
959.0,3.76250224756793,3.76333516571637,27.7,27.402338351563458,True,prefix,full_fit
960.0,3.7620815833612884,3.7629368252746422,27.7,27.40444191779875,True,prefix,full_fit
961.0,3.762,3.7625377330670355,27.7,27.406544895602394,True,prefix,full_fit
962.0,3.761781314994968,3.7621379111337814,27.7,27.408647285576137,True,prefix,full_fit
963.0,3.7614913787319693,3.7617373818442292,27.7,27.410749088321268,True,prefix,full_fit
964.0,3.76120144246897,3.7613361678842296,27.7,27.412850304439473,True,prefix,full_fit
965.0,3.760911506205971,3.7609342922431237,27.7,27.4149509345321,True,prefix,full_fit
966.0,3.7608,3.7605317782003445,27.7,27.417050979200724,True,prefix,full_fit
967.0,3.760631633679973,3.760128649311703,27.7,27.419150439046803,True,prefix,full_fit
968.0,3.7601833948339483,3.759724929395283,27.7,27.42124931467191,True,prefix,full_fit
969.0,3.7599,3.759320642517042,27.7,27.42334760667751,True,prefix,full_fit
970.0,3.759761824890976,3.7589158129760922,27.7,27.425445315665,True,prefix,full_fit
971.0,3.759471888627977,3.758510465289673,27.7,27.427542442236074,True,prefix,full_fit
972.0,3.7590245555182826,3.7581046241778804,27.7,27.429638986992018,True,prefix,full_fit
973.0,3.7584920161019792,3.7576983145481293,27.7,27.431734950534462,True,prefix,full_fit
974.0,3.7583,3.757291561479339,27.7,27.433830333464982,True,prefix,full_fit
975.0,3.7581242871519627,3.7568843902059754,27.7,27.435925136384924,True,prefix,full_fit
976.0,3.7577,3.756476826101837,27.8,27.438019359895748,True,prefix,full_fit
977.0,3.757632271049983,3.7560688946636795,27.9,27.440113004599198,True,prefix,full_fit
978.0,3.7573423347869843,3.7556606214947026,27.7,27.442206071096507,True,prefix,full_fit
979.0,3.757052398523985,3.7552520322878804,27.7,27.444298559989306,True,prefix,full_fit
980.0,3.7567624622609865,3.754843152809193,27.7,27.446390471879056,True,prefix,full_fit
981.0,3.756472525997987,3.7544340088807537,27.7,27.448481807367386,True,prefix,full_fit
982.0,3.7562,3.754024626363891,27.7,27.450572567055588,True,prefix,full_fit
983.0,3.7561828581013086,3.753615031142154,27.7,27.45266275154529,True,prefix,full_fit
984.0,3.755506340154311,3.7532052491043157,27.9,27.454752361437954,True,prefix,full_fit
985.0,3.7555,3.7527953061273847,27.7,27.456841397335097,True,prefix,full_fit
986.0,3.7552228446829923,3.7523852280595813,27.7,27.45892985983818,True,prefix,full_fit
987.0,3.7549329084199936,3.7519750407034427,27.7,27.461017749548773,True,prefix,full_fit
988.0,3.754642972156994,3.751564769798927,27.7,27.463105067068227,True,prefix,full_fit
989.0,3.7543530358939954,3.7511544410066113,27.7,27.465191812998285,True,prefix,full_fit
990.0,3.7540630996309963,3.750744079891044,27.7,27.467277987940236,True,prefix,full_fit
991.0,3.754,3.7503337119041777,27.7,27.469363592495654,True,prefix,full_fit
992.0,3.7537832271049982,3.74992336236899,27.7,27.471448627266057,True,prefix,full_fit
993.0,3.753493290841999,3.7495130564632424,27.7,27.473533092852847,True,prefix,full_fit
994.0,3.7532033545790005,3.749102819203481,27.7,27.475616989857656,True,prefix,full_fit
995.0,3.752851224421335,3.7486926754291963,27.7,27.477700318881944,True,prefix,full_fit
996.0,3.7525234820530025,3.748282649787283,27.8,27.479783080527113,True,prefix,full_fit
997.0,3.7522335457900033,3.7478727667166885,27.8,27.481865275394853,True,prefix,full_fit
998.0,3.7521,3.7474630504333626,27.8,27.48394690408645,True,prefix,full_fit
999.0,3.7519536732640053,3.7470535249155335,27.9,27.48602796720354,True,prefix,full_fit
1000.0,3.751663737001006,3.7466442138892075,27.8,27.48810846534758,True,prefix,full_fit
1001.0,3.751247601476015,3.746235140814071,27.7,27.490188399120086,True,prefix,full_fit
1002.0,3.7507838644750087,3.745826328869708,27.8,27.492267769122577,True,prefix,full_fit
1003.0,3.7504939282120096,3.7454178009421644,27.9,27.494346575956456,True,prefix,full_fit
1004.0,3.7502039919490104,3.7450095796108753,27.9,27.496424820223353,True,prefix,full_fit
1005.0,3.7498854075813486,3.744601687136028,27.8,27.498502502524616,True,prefix,full_fit
1006.0,3.7495241194230124,3.7441941454462535,27.8,27.50057962346193,True,prefix,full_fit
1007.0,3.7493,3.7437869761267835,27.9,27.502656183636645,True,prefix,full_fit
1008.0,3.7492442468970144,3.7433802033586945,27.7,27.504732153566863,True,prefix,full_fit
1009.0,3.7489543106340157,3.742973846677031,27.7,27.506807547485266,True,prefix,full_fit
1010.0,3.748664374371016,3.7425679251922226,27.9,27.50888238006138,True,prefix,full_fit
1011.0,3.7483744381080175,3.7421624590106797,27.7,27.510956651855906,True,prefix,full_fit
1012.0,3.7481,3.7417574678426377,27.7,27.51303036342938,True,prefix,full_fit
1013.0,3.748089131164039,3.7413529709929687,27.9,27.51510351534256,True,prefix,full_fit
1014.0,3.747509258638041,3.7409489873524846,27.7,27.517176108156093,True,prefix,full_fit
1015.0,3.7475,3.7405455353896864,27.7,27.519248142430627,True,prefix,full_fit
1016.0,3.747224756793022,3.740142633143018,27.9,27.521319618726864,True,prefix,full_fit
1017.0,3.7468464273733644,3.7397402982135675,27.7,27.52339053760545,True,prefix,full_fit
1018.0,3.7465448842670246,3.7393385477583285,27.9,27.525460899627035,True,prefix,full_fit
1019.0,3.7462549480040255,3.7389373984838787,27.9,27.52753070535232,True,prefix,full_fit
1020.0,3.7459650117410264,3.7385368666405965,27.7,27.529599955342064,True,prefix,full_fit
1021.0,3.7456750754780277,3.7381369680173453,27.7,27.531668650156746,True,prefix,full_fit
1022.0,3.7453851392150286,3.7377377179366698,27.8,27.533736790357125,True,prefix,full_fit
1023.0,3.7453,3.7373391312504602,27.9,27.535804376503904,True,prefix,full_fit
1024.0,3.7451052666890305,3.736941222336109,27.9,27.537871409157674,True,prefix,full_fit
1025.0,3.7448153304260314,3.736544005093178,27.8,27.539937888879194,True,prefix,full_fit
1026.0,3.7445253941630328,3.7361474929405087,27.8,27.542003816229055,True,prefix,full_fit
1027.0,3.7442354579000336,3.735751698813818,27.9,27.54406919176796,True,prefix,full_fit
1028.0,3.7438940288493794,3.735356635163811,27.9,27.54613401605667,True,prefix,full_fit
1029.0,3.7435555853740357,3.7349623139546595,27.9,27.548198289655602,True,prefix,full_fit
1030.0,3.743131298222073,3.7345687466630704,27.9,27.55026201312569,True,prefix,full_fit
1031.0,3.7426757128480377,3.7341759442776796,27.9,27.552325187027407,True,prefix,full_fit
1032.0,3.7425,3.733783917298976,27.9,27.554387811921572,True,prefix,full_fit
1033.0,3.7423958403220396,3.733392675739634,27.9,27.55644988836883,True,prefix,full_fit
1034.0,3.7421059040590405,3.7330022291252494,27.9,27.55851141692972,True,prefix,full_fit
1035.0,3.7418159677960414,3.732612586495531,27.9,27.56057239816505,True,prefix,full_fit
1036.0,3.7415260315330428,3.7322237564058964,27.9,27.56263283263536,True,prefix,full_fit
1037.0,3.7413,3.7318357469294243,27.9,27.56469272090152,True,prefix,full_fit
1038.0,3.741174371016437,3.7314485656592575,27.9,27.566752063524007,True,prefix,full_fit
1039.0,3.7405562227440456,3.7310622197113266,27.9,27.568810861063525,True,prefix,full_fit
1040.0,3.7403,3.730676715727472,27.8,27.57086911408078,True,prefix,full_fit
1041.0,3.7402763502180476,3.730292059878913,27.9,27.572926823136413,True,prefix,full_fit
1042.0,3.739986413955049,3.72990825787006,27.8,27.57498398879119,True,prefix,full_fit
1043.0,3.73969647769205,3.7295253149426366,27.9,27.57704061160564,True,prefix,full_fit
1044.0,3.7394065414290503,3.72914323588017,27.8,27.579096692140524,True,prefix,full_fit
1045.0,3.7391166051660516,3.728762025012716,27.8,27.581152230956548,True,prefix,full_fit
1046.0,3.7388266689030525,3.7283816862219554,27.8,27.583207228614242,True,prefix,full_fit
1047.0,3.738536732640054,3.728002222946506,27.8,27.585261685674254,True,prefix,full_fit
1048.0,3.7382467963770547,3.727623638187543,27.8,27.58731560269746,True,prefix,full_fit
1049.0,3.7382,3.7272459345146585,27.7,27.58936898024433,True,prefix,full_fit
1050.0,3.7376561556524655,3.726869114071953,27.8,27.591421818875688,True,prefix,full_fit
1051.0,3.7375,3.7264931785843896,27.8,27.59347411915212,True,prefix,full_fit
1052.0,3.7372870513250587,3.7261181293643313,27.8,27.595525881634273,True,prefix,full_fit
1053.0,3.7369971150620596,3.7257439673182944,27.8,27.597577106882852,True,prefix,full_fit
1054.0,3.736707178799061,3.7253706929539083,27.8,27.599627795458503,True,prefix,full_fit
1055.0,3.736417242536062,3.7249983063870307,27.8,27.601677947921985,True,prefix,full_fit
1056.0,3.7361273062730627,3.72462680734903,27.8,27.603727564833832,True,prefix,full_fit
1057.0,3.735837370010064,3.724256195194241,27.9,27.605776646754748,True,prefix,full_fit
1058.0,3.735547433747065,3.72388646890756,27.8,27.607825194245436,True,prefix,full_fit
1059.0,3.7354,3.723517627112142,27.8,27.6098732078666,True,prefix,full_fit
1060.0,3.7351351224421334,3.7231496680772453,27.8,27.611920688178827,True,prefix,full_fit
1061.0,3.7346368332774236,3.722782589726178,27.8,27.613967635742824,True,prefix,full_fit
1062.0,3.7342876886950687,3.722416389644299,27.8,27.616014051119294,True,prefix,full_fit
1063.0,3.73399775243207,3.7220510650871845,27.8,27.618059934868825,True,prefix,full_fit
1064.0,3.733707816169071,3.721686612988784,27.8,27.620105287552065,True,prefix,full_fit
1065.0,3.7334178799060718,3.72132303244643,27.8,27.6221500764932,True,prefix,full_fit
1066.0,3.7331279436430727,3.720960317552086,27.8,27.624194332180707,True,prefix,full_fit
1067.0,3.7329,3.7205984642169203,27.8,27.62623805662912,True,prefix,full_fit
1068.0,3.7328480711170746,3.7202374681743366,27.8,27.628281250367422,True,prefix,full_fit
1069.0,3.732558134854076,3.71987732487779,27.8,27.63032391392477,True,prefix,full_fit
1070.0,3.732268198591077,3.719518029509217,27.8,27.632366047830203,True,prefix,full_fit
1071.0,3.731978262328078,3.7191595769874546,27.8,27.634407652612765,True,prefix,full_fit
1072.0,3.7316844347534386,3.7188019619766184,27.8,27.636448728801497,True,prefix,full_fit
1073.0,3.7312983898020797,3.7184451788945148,27.8,27.63848927692544,True,prefix,full_fit
1074.0,3.7310084535390806,3.7180892219210113,27.8,27.64052929751375,True,prefix,full_fit
1075.0,3.730718517276082,3.717734085006354,27.8,27.642568791095357,True,prefix,full_fit
1076.0,3.730428581013083,3.7173797618795,27.8,27.644607758199356,True,prefix,full_fit
1077.0,3.7304,3.7170262460563537,28.0,27.646646199354848,True,prefix,full_fit
1078.0,3.7298974169741697,3.716673530847972,28.0,27.64868411509076,True,prefix,full_fit
1079.0,3.7295587722240855,3.716321609368729,27.8,27.65072150593636,True,prefix,full_fit
1080.0,3.7295,3.7159704745443816,27.8,27.65275837242052,True,prefix,full_fit
1081.0,3.729278899698088,3.7156201191200755,27.8,27.65479471507234,True,prefix,full_fit
1082.0,3.728988963435089,3.715270535668321,27.9,27.656830534420976,True,prefix,full_fit
1083.0,3.72869902717209,3.714921716596801,28.0,27.65886583099541,True,prefix,full_fit
1084.0,3.7283454545454546,3.714573654156171,27.9,27.660900605324628,True,prefix,full_fit
1085.0,3.728019154646092,3.7142263404477314,27.9,27.662934857937728,True,prefix,full_fit
1086.0,3.727729218383093,3.713879767430996,27.9,27.664968589363866,True,prefix,full_fit
1087.0,3.7272785642401876,3.713533926931204,27.9,27.66700180013197,True,prefix,full_fit
1088.0,3.726849345857095,3.7131888106466873,27.9,27.66903449077114,True,prefix,full_fit
1089.0,3.726559409594096,3.7128444101561184,27.9,27.67106666181047,True,prefix,full_fit
1090.0,3.726269473331097,3.7125007169257307,28.0,27.673098313779008,True,prefix,full_fit
1091.0,3.7261,3.7121577223163187,27.9,27.675129447205734,True,prefix,full_fit
1092.0,3.7259896008050992,3.7118154175901905,27.9,27.67716006261975,True,prefix,full_fit
1093.0,3.7256996645421,3.711473793918002,28.0,27.67919016055015,True,prefix,full_fit
1094.0,3.7253796377054678,3.71113284238542,27.9,27.68121974152598,True,prefix,full_fit
1095.0,3.725019792016102,3.7107925539997177,27.9,27.683248806076165,True,prefix,full_fit
1096.0,3.724729855753103,3.710452919696226,28.0,27.685277354729976,True,prefix,full_fit
1097.0,3.724439919490104,3.710113930344639,27.8,27.687305388016284,True,prefix,full_fit
1098.0,3.724149983227105,3.7097755767552165,27.8,27.689332906464244,True,prefix,full_fit
1099.0,3.723860046964106,3.709437849684848,28.0,27.691359910602955,True,prefix,full_fit
1100.0,3.7236,3.7091007398430067,28.0,27.693386400961288,True,prefix,full_fit
1101.0,3.723560348876216,3.708764237897539,28.0,27.69541237806851,True,prefix,full_fit
1102.0,3.723,3.7084283344803337,27.8,27.697437842453553,True,prefix,full_fit
1103.0,3.723,3.7080930201928766,28.0,27.699462794645513,True,prefix,full_fit
1104.0,3.722710365649111,3.7077582856116695,28.0,27.70148723517343,True,prefix,full_fit
1105.0,3.722420429386112,3.707424121293496,27.8,27.703511164566294,True,prefix,full_fit
1106.0,3.7220406574974843,3.7070905177805837,28.0,27.705534583353312,True,prefix,full_fit
1107.0,3.721740556860114,3.706757465605613,27.8,27.707557492063472,True,prefix,full_fit
1108.0,3.721450620597115,3.706424955296601,28.0,27.709579891225815,True,prefix,full_fit
1109.0,3.721160684334116,3.7060929773816707,28.0,27.71160178136938,True,prefix,full_fit
1110.0,3.720870748071117,3.705761522393665,27.8,27.713623163023158,True,prefix,full_fit
1111.0,3.720580811808118,3.705430580874654,27.9,27.715644036716412,True,prefix,full_fit
1112.0,3.7202908755451194,3.705100143380293,28.0,27.717664402978016,True,prefix,full_fit
1113.0,3.7200009392821203,3.7047702004840684,28.0,27.71968426233707,True,prefix,full_fit
1114.0,3.719711003019121,3.704440742781419,27.9,27.721703615322667,True,prefix,full_fit
1115.0,3.7191824890976184,3.7041117608937233,27.9,27.723722462463797,True,prefix,full_fit
1116.0,3.7189,3.703783245472163,28.0,27.725740804289615,True,prefix,full_fit
1117.0,3.718741194230124,3.703455187201463,28.0,27.72775864132916,True,prefix,full_fit
1118.0,3.718451257967125,3.703127576803525,28.0,27.729775974111362,True,prefix,full_fit
1119.0,3.7181613217041263,3.7028004050409256,27.9,27.731792803165376,True,prefix,full_fit
1120.0,3.717871385441127,3.7024736627203088,27.9,27.7338091290203,True,prefix,full_fit
1121.0,3.717581449178128,3.7021473410377697,28.0,27.735824946153798,True,prefix,full_fit
1122.0,3.717291512915129,3.701821431705106,27.9,27.73784024085802,True,prefix,full_fit
1123.0,3.7170015766521303,3.7014959246123835,27.9,27.73985503258058,True,prefix,full_fit
1124.0,3.716711640389131,3.701170810775681,28.0,27.74186932182681,True,prefix,full_fit
1125.0,3.716421704126132,3.700846081270367,28.0,27.743883109102228,True,prefix,full_fit
1126.0,3.716109023817511,3.7005217272337885,28.0,27.745896394912165,True,prefix,full_fit
1127.0,3.7157418316001345,3.70019773986792,28.0,27.74790917976202,True,prefix,full_fit
1128.0,3.7154518953371354,3.6998741104418276,28.0,27.749921464157296,True,prefix,full_fit
1129.0,3.715161959074136,3.6995508302940836,28.0,27.75193324860345,True,prefix,full_fit
1130.0,3.7149,3.69922789083508,28.0,27.75394453360576,True,prefix,full_fit
1131.0,3.7148641730962764,3.698905283549208,28.0,27.755955319669795,True,prefix,full_fit
1132.0,3.7142921502851394,3.6985829999969964,27.8,27.757965607300832,True,prefix,full_fit
1133.0,3.7140022140221403,3.698261031817089,28.0,27.75997539700444,True,prefix,full_fit
1134.0,3.714,3.697939370728183,28.0,27.761984689285896,True,prefix,full_fit
1135.0,3.713722341496142,3.6976180085308625,28.0,27.76399348465077,True,prefix,full_fit
1136.0,3.713432405233143,3.6972969371093516,28.0,27.766001783604338,True,prefix,full_fit
1137.0,3.713142468970144,3.696976148433139,28.0,27.76800958665217,True,prefix,full_fit
1138.0,3.712770043609527,3.696655634558563,28.0,27.7700168942996,True,prefix,full_fit
1139.0,3.7124625964441464,3.696335387630326,28.0,27.77202370705203,True,prefix,full_fit
1140.0,3.7121726601811473,3.6960153998828664,28.2,27.774030025414902,True,prefix,full_fit
1141.0,3.711882723918148,3.6956956636417093,28.1,27.776035849893674,True,prefix,full_fit
1142.0,3.7113855753102984,3.69537617132473,28.0,27.778041180993682,True,prefix,full_fit
1143.0,3.7110028513921502,3.695056915443307,28.0,27.78004601922055,True,prefix,full_fit
1144.0,3.710712915129151,3.6947378886034468,28.0,27.782050365079442,True,prefix,full_fit
1145.0,3.7104229788661525,3.6944190835068316,28.0,27.784054219075927,True,prefix,full_fit
1146.0,3.7103,3.6941004929517574,28.0,27.786057581715397,True,prefix,full_fit
1147.0,3.7099339147936936,3.693782109834072,28.0,27.78806045350325,True,prefix,full_fit
1148.0,3.7094531700771554,3.6934639271479623,28.0,27.790062834944933,True,prefix,full_fit
1149.0,3.7093,3.6931459379867837,28.0,27.792064726545846,True,prefix,full_fit
1150.0,3.7090465951023144,3.692828135543727,28.0,27.794066128811494,True,prefix,full_fit
1151.0,3.7085833612881585,3.6925105131124867,28.0,27.79606704224716,True,prefix,full_fit
1152.0,3.7084,3.692193064087866,28.0,27.79806746735835,True,prefix,full_fit
1153.0,3.7083034887621604,3.691875781966278,28.0,27.80006740465052,True,prefix,full_fit
1154.0,3.7079271049983227,3.6915586603462622,27.9,27.80206685462906,True,prefix,full_fit
1155.0,3.7075,3.691241692928897,27.9,27.804065817799312,True,prefix,full_fit
1156.0,3.7074336799731635,3.690924873518192,28.0,27.806064294666783,True,prefix,full_fit
1157.0,3.7071437437101644,3.6906081960213886,28.0,27.808062285736867,True,prefix,full_fit
1158.0,3.706838409929554,3.690291654449258,28.0,27.810059791515016,True,prefix,full_fit
1159.0,3.7064638711841664,3.6899752429163453,28.0,27.812056812506682,True,prefix,full_fit
1160.0,3.7061739349211673,3.689658955641124,28.0,27.814053349217147,True,prefix,full_fit
1161.0,3.7058839986581686,3.68934278694616,28.2,27.81604940215192,True,prefix,full_fit
1162.0,3.7055940623951695,3.689026731258219,28.0,27.818044971816505,True,prefix,full_fit
1163.0,3.7053041261321704,3.688710783108317,28.0,27.82004005871613,True,prefix,full_fit
1164.0,3.7050141898691713,3.6883949371317355,28.0,27.82203466335642,True,prefix,full_fit
1165.0,3.704724253606172,3.6880791880680115,28.0,27.82402878624265,True,prefix,full_fit
1166.0,3.7044343173431735,3.6877635307608774,28.2,27.826022427880332,True,prefix,full_fit
1167.0,3.7041443810801744,3.6874479601581713,28.0,27.828015588774804,True,prefix,full_fit
1168.0,3.7038544448171757,3.6871324713117315,28.0,27.830008269431517,True,prefix,full_fit
1169.0,3.703250519959745,3.686817059377198,28.0,27.83200047035598,True,prefix,full_fit
1170.0,3.7028745722911776,3.6865017196138705,28.0,27.83399219205353,True,prefix,full_fit
1171.0,3.7028,3.6861864473844355,28.0,27.83598343502962,True,prefix,full_fit
1172.0,3.7023893995303587,3.6858712381547662,28.0,27.83797419978964,True,prefix,full_fit
1173.0,3.7020047635021807,3.6855560874936026,28.0,27.83996448683905,True,prefix,full_fit
1174.0,3.7017148272391815,3.6852409910722894,28.0,27.841954296683184,True,prefix,full_fit
1175.0,3.7014248909761824,3.6849259446643803,28.0,27.84394362982755,True,prefix,full_fit
1176.0,3.7011349547131833,3.684610944145338,28.0,27.8459324867776,True,prefix,full_fit
1177.0,3.701,3.6842959854921244,28.0,27.84792086803867,True,prefix,full_fit
1178.0,3.7006618584367663,3.6839810649094553,28.0,27.84990877156781,True,prefix,full_fit
1179.0,3.7001651459241867,3.683666178597341,28.0,27.851896197450912,True,prefix,full_fit
1180.0,3.6998752096611875,3.6833513227281043,28.0,27.853883148343186,True,prefix,full_fit
1181.0,3.6995852733981884,3.6830364936821476,28.0,27.855869624718196,True,prefix,full_fit
1182.0,3.6992953371351893,3.6827216879391234,28.0,27.857855627049332,True,prefix,full_fit
1183.0,3.6990054008721907,3.682406902077438,28.0,27.859841155810216,True,prefix,full_fit
1184.0,3.6987154646091915,3.68209213277371,28.1,27.861826211474238,True,prefix,full_fit
1185.0,3.6984255283461924,3.6817773768022506,28.2,27.863810794515018,True,prefix,full_fit
1186.0,3.6982,3.6814626310344445,28.0,27.86579490540595,True,prefix,full_fit
1187.0,3.6980913116403893,3.681147892438238,28.0,27.86777854462065,True,prefix,full_fit
1188.0,3.697540959409594,3.6808331580774944,28.0,27.869761712632567,True,prefix,full_fit
1189.0,3.6971657832941967,3.680518425111409,28.0,27.871744409915152,True,prefix,full_fit
1190.0,3.6969,3.680203690793868,28.0,27.873726636942024,True,prefix,full_fit
1191.0,3.6968859107681986,3.6798889524728473,28.0,27.87570839418663,True,prefix,full_fit
1192.0,3.6965919490103993,3.6795742075897095,28.0,27.877689682122423,True,prefix,full_fit
1193.0,3.6960120764844016,3.6792594536785934,28.0,27.87967050122296,True,prefix,full_fit
1194.0,3.696,3.678944688365709,28.0,27.88165085196181,True,prefix,full_fit
1195.0,3.695452331432405,3.678629909368665,28.0,27.883630734812357,True,prefix,full_fit
1196.0,3.6948724589064073,3.678315114495784,28.0,27.885610150248226,True,prefix,full_fit
1197.0,3.6948,3.6780003016453717,28.0,27.88758909874275,True,prefix,full_fit
1198.0,3.6945563569272055,3.6776854688050387,28.0,27.889567580769608,True,prefix,full_fit
1199.0,3.694188560885609,3.677370612496839,28.0,27.891544621453534,True,prefix,full_fit
1200.0,3.6938764844012075,3.6770557323120574,28.0,27.893521114224882,True,prefix,full_fit
1201.0,3.6935865481382084,3.6767408273762783,28.0,27.89549760699623,True,prefix,full_fit
1202.0,3.6932966118752097,3.676425890175186,28.1,27.897470596512846,True,prefix,full_fit
1203.0,3.6930066756122106,3.6761109047751583,28.1,27.8994314832442,True,prefix,full_fit
1204.0,3.6927167393492115,3.6757958899022833,28.0,27.90139236997561,True,prefix,full_fit
1205.0,3.6922536061724256,3.675480844147894,28.1,27.903353256706964,True,prefix,full_fit
1206.0,3.692,3.6751657661866113,28.1,27.905314143438318,True,prefix,full_fit
1207.0,3.6918469305602146,3.674850654775603,28.0,27.90727503016973,True,prefix,full_fit
1208.0,3.6915569942972155,3.6745355087537623,28.1,27.90923591690114,True,prefix,full_fit
1209.0,3.6912227440456222,3.674220327040966,28.2,27.911196803632492,True,prefix,full_fit
1210.0,3.6908771217712175,3.673905108637232,28.1,27.913157690363846,True,prefix,full_fit
1211.0,3.690587185508219,3.6735898526219675,28.1,27.9151185770952,True,prefix,full_fit
1212.0,3.6902972492452197,3.673274558153137,28.2,27.917079463826667,True,prefix,full_fit
1213.0,3.6900073129822206,3.6729592244664784,28.2,27.91904035055802,True,prefix,full_fit
1214.0,3.6897173767192215,3.6726438508746786,28.2,27.921001237289374,True,prefix,full_fit
1215.0,3.6893548809124455,3.6723284367665814,28.2,27.922962124020728,True,prefix,full_fit
1216.0,3.6888375041932235,3.672012981606351,28.2,27.92492301075208,True,prefix,full_fit
1217.0,3.6886,3.6716974849326833,28.2,27.92688389748355,True,prefix,full_fit
1218.0,3.688557631667226,3.671381946357963,28.2,27.928844784214903,True,prefix,full_fit
1219.0,3.688192318014089,3.671066365567458,28.2,27.930805670946256,True,prefix,full_fit
1220.0,3.6872777591412276,3.6707507423184866,28.2,27.93276655767761,True,prefix,full_fit
1221.0,3.687,3.6704350764396065,28.2,27.934727444409077,True,prefix,full_fit
1222.0,3.6869978866152295,3.670119367829776,28.2,27.93668833114043,True,prefix,full_fit
1223.0,3.686707950352231,3.6698036164575347,28.2,27.938649217871784,True,prefix,full_fit
1224.0,3.686136028178464,3.6694878223601766,28.2,27.940610104603138,True,prefix,full_fit
1225.0,3.6861,3.66917198564291,28.2,27.94257099133455,True,prefix,full_fit
1226.0,3.685576283126468,3.668856106478044,28.2,27.94453187806596,True,prefix,full_fit
1227.0,3.6855,3.6685401851041437,28.0,27.946492764797313,True,prefix,full_fit
1228.0,3.6852582690372357,3.6682242218252075,28.2,27.948453651528666,True,prefix,full_fit
1229.0,3.684891110365649,3.667908217009834,28.0,27.950414538260077,True,prefix,full_fit
1230.0,3.684356793022476,3.6675921710903916,28.1,27.95237542499143,True,prefix,full_fit
1231.0,3.6842,3.6672760845621895,28.2,27.95433631172284,True,prefix,full_fit
1232.0,3.68379704797048,3.6669599579826375,28.2,27.956297198454195,True,prefix,full_fit
1233.0,3.6836,3.666643791970421,28.2,27.958258085185605,True,prefix,full_fit
1234.0,3.6832373029184837,3.6663275872046754,28.2,27.96021897191696,True,prefix,full_fit
1235.0,3.682828715196243,3.6660113444241533,28.2,27.962179858648312,True,prefix,full_fit
1236.0,3.6825387789332438,3.6656950644263873,28.2,27.964140745379723,True,prefix,full_fit
1237.0,3.682248842670245,3.6653787301562115,28.2,27.96609133510367,True,prefix,full_fit
1238.0,3.6819118752096616,3.6650623580201387,28.2,27.968040532714156,True,prefix,full_fit
1239.0,3.681568970144247,3.6647459509113878,28.2,27.969989444316354,True,prefix,full_fit
1240.0,3.681279033881248,3.664429509854431,28.2,27.971938069910266,True,prefix,full_fit
1241.0,3.680989097618249,3.6641130359284064,28.2,27.973886409495776,True,prefix,full_fit
1242.0,3.6806991613552498,3.6637965302662634,28.2,27.975834463072943,True,prefix,full_fit
1243.0,3.6804092250922507,3.663479994053957,28.2,27.977782230641935,True,prefix,full_fit
1244.0,3.680119288829252,3.663163428529629,28.2,27.97972971220247,True,prefix,full_fit
1245.0,3.679758705132506,3.6628468349827754,28.2,27.98167690775466,True,prefix,full_fit
1246.0,3.679239416303254,3.6625302147534455,28.2,27.98362381729862,True,prefix,full_fit
1247.0,3.6789326400536733,3.662213569231412,28.2,27.98557044083418,True,prefix,full_fit
1248.0,3.678559543777256,3.6618968998553676,28.2,27.987516778361396,True,prefix,full_fit
1249.0,3.678269607514257,3.661580208112106,28.2,27.98946282988038,True,prefix,full_fit
1250.0,3.677979671251258,3.661263495535712,28.2,27.991408595390965,True,prefix,full_fit
1251.0,3.677689734988259,3.6609467637067543,28.2,27.993354074893205,True,prefix,full_fit
1252.0,3.67739979872526,3.6606300142514905,28.2,27.995299268387157,True,prefix,full_fit
1253.0,3.677109862462261,3.6603132488410273,28.2,27.997244175872822,True,prefix,full_fit
1254.0,3.6768199261992622,3.659996469190573,28.2,27.999188797350143,True,prefix,full_fit
1255.0,3.676529989936263,3.6596796770585955,28.2,28.001133132819064,True,prefix,full_fit
1256.0,3.676240053673264,3.6593628742460234,28.2,28.003077182279696,True,prefix,full_fit
1257.0,3.675950117410265,3.659046062595478,28.2,28.005020945732042,True,prefix,full_fit
1258.0,3.675580241529688,3.658729243990479,28.2,28.006964423175987,True,prefix,full_fit
1259.0,3.675270244884267,3.658412420354614,28.2,28.0089076146117,True,prefix,full_fit
1260.0,3.6749803086212682,3.6580955936507946,28.2,28.010850520039014,True,prefix,full_fit
1261.0,3.674690372358269,3.6577787658804475,28.2,28.01279313945804,True,prefix,full_fit
1262.0,3.67440043609527,3.657461939082753,28.2,28.014735472868722,True,prefix,full_fit
1263.0,3.674110499832271,3.6571451153338352,28.2,28.01667752027106,True,prefix,full_fit
1264.0,3.6738205635692722,3.656828296746011,28.2,28.01861928166511,True,prefix,full_fit
1265.0,3.673530627306273,3.6565114854669982,28.2,28.020560757050816,True,prefix,full_fit
1266.0,3.673240691043274,3.6561946836791552,28.2,28.02250194642818,True,prefix,full_fit
1267.0,3.672950754780275,3.6558778935986984,28.2,28.024442849797254,True,prefix,full_fit
1268.0,3.6726144246897015,3.6555611174749725,28.2,28.026383467157927,True,prefix,full_fit
1269.0,3.672270882254277,3.6552443575896243,28.2,28.02832379851037,True,prefix,full_fit
1270.0,3.671742837973834,3.654927616255906,28.2,28.03026384385447,True,prefix,full_fit
1271.0,3.6712,3.654610895817883,28.2,28.032203603190112,True,prefix,full_fit
1272.0,3.67110107346528,3.654294198649689,28.2,28.034143076517637,True,prefix,full_fit
1273.0,3.670811137202281,3.653977527154777,28.2,28.036082263836704,True,prefix,full_fit
1274.0,3.670521200939282,3.6536608837651716,28.2,28.038021165147427,True,prefix,full_fit
1275.0,3.6701625293525666,3.653344270940724,28.2,28.039959780449863,True,prefix,full_fit
1276.0,3.6697,3.6530276911683703,28.2,28.041898109743954,True,prefix,full_fit
1277.0,3.6695865816839985,3.652711146961396,28.2,28.04383615302976,True,prefix,full_fit
1278.0,3.668961455887286,3.652394640858704,28.2,28.04577391030722,True,prefix,full_fit
1279.0,3.668671519624287,3.6520781754240854,28.2,28.04771138157639,True,prefix,full_fit
1280.0,3.6683815833612883,3.6517617532454825,28.2,28.049648566837163,True,prefix,full_fit
1281.0,3.668091647098289,3.651445376934271,28.2,28.051585466089648,True,prefix,full_fit
1282.0,3.6678017108352905,3.6511290491245605,28.2,28.05352207933373,True,prefix,full_fit
1283.0,3.6675117745722914,3.6508127724724333,28.2,28.055458406569585,True,prefix,full_fit
1284.0,3.667221838309292,3.650496549655281,28.2,28.05739444779715,True,prefix,full_fit
1285.0,3.666931902046293,3.65018038337106,28.2,28.059330203016316,True,prefix,full_fit
1286.0,3.666641965783294,3.6498642763376035,28.2,28.061265672227137,True,prefix,full_fit
1287.0,3.6662693726937268,3.649548231291926,28.2,28.06320085542967,True,prefix,full_fit
1288.0,3.6659620932572965,3.6492322509895097,28.2,28.06513575262386,True,prefix,full_fit
1289.0,3.6656721569942974,3.6489163382036116,28.2,28.067070363809705,True,prefix,full_fit
1290.0,3.665382220731298,3.6486004957246063,28.2,28.069004688987263,True,prefix,full_fit
1291.0,3.665092284468299,3.648284726359252,28.2,28.07093872815642,True,prefix,full_fit
1292.0,3.6648023482053,3.6479690329300447,28.2,28.072872481317347,True,prefix,full_fit
1293.0,3.6645124119423014,3.6476534182745315,28.2,28.074805948469873,True,prefix,full_fit
1294.0,3.6638674270379066,3.6473378852446334,28.2,28.07673912961411,True,prefix,full_fit
1295.0,3.6635,3.647022436705983,28.2,28.078672024750006,True,prefix,full_fit
1296.0,3.663290137537739,3.6467070755372597,28.2,28.08060463387767,True,prefix,full_fit
1297.0,3.662805333780611,3.6463918046295243,28.2,28.082536956996876,True,prefix,full_fit
1298.0,3.662362730627306,3.646076626885558,28.2,28.084468994107795,True,prefix,full_fit
1299.0,3.6620727943643074,3.6457615452192256,28.2,28.08640074521037,True,prefix,full_fit
1300.0,3.6617828581013083,3.645446562554831,28.2,28.088332210304657,True,prefix,full_fit
1301.0,3.661492921838309,3.645131681826455,28.2,28.0902633893906,True,prefix,full_fit
1302.0,3.6612029855753105,3.6448169059773274,28.2,28.0921942824682,True,prefix,full_fit
1303.0,3.6609130493123114,3.644502237959195,28.3,28.094124889537568,True,prefix,full_fit
1304.0,3.6606231130493123,3.6441876807316955,28.3,28.09605521059848,True,prefix,full_fit
1305.0,3.660310902381751,3.6438732372617277,28.2,28.09798524565116,True,prefix,full_fit
1306.0,3.6599432405233143,3.6435589105228328,28.2,28.09991499469544,True,prefix,full_fit
1307.0,3.659653304260315,3.643244703494579,28.2,28.10184445773143,True,prefix,full_fit
1308.0,3.6593633679973165,3.6429306191619544,28.2,28.10377363475908,True,prefix,full_fit
1309.0,3.6590734317343174,3.6426166605147667,28.2,28.10570252577844,True,prefix,full_fit
1310.0,3.6587834954713183,3.642302830547015,28.2,28.1076311307894,True,prefix,full_fit
1311.0,3.6584935592083196,3.6419891322563416,28.2,28.10955944979213,True,prefix,full_fit
1312.0,3.65820362294532,3.6416755686433984,28.2,28.11148748278646,True,prefix,full_fit
1313.0,3.6579136866823214,3.641362142711283,28.2,28.1134152297725,True,prefix,full_fit
1314.0,3.6576237504193223,3.6410488574649547,28.2,28.115342690750197,True,prefix,full_fit
1315.0,3.6569788996980876,3.6407357159106493,28.2,28.117269865719607,True,prefix,full_fit
1316.0,3.6566438778933246,3.6404227154007414,28.2,28.11919396971325,True,prefix,full_fit
1317.0,3.6563539416303255,3.6401098642540566,28.2,28.1211176185775,True,prefix,full_fit
1318.0,3.655828010734653,3.63979716567418,28.2,28.123040909266138,True,prefix,full_fit
1319.0,3.6554740691043275,3.639484622666853,28.2,28.12496384177922,True,prefix,full_fit
1320.0,3.6551841328413284,3.639172238236304,28.2,28.12688641611669,True,prefix,full_fit
1321.0,3.6548941965783293,3.6388600153846995,28.2,28.128808632278606,True,prefix,full_fit
1322.0,3.6546042603153306,3.6385479571116157,28.3,28.130730490264966,True,prefix,full_fit
1323.0,3.6543143240523315,3.638236066413488,28.4,28.132651990075715,True,prefix,full_fit
1324.0,3.6539658503857764,3.6379243462830733,28.3,28.13457313171091,True,prefix,full_fit
1325.0,3.6536344515263335,3.6376127997089753,28.3,28.136493915170433,True,prefix,full_fit
1326.0,3.6533445152633344,3.63730142967506,28.3,28.13841434045446,True,prefix,full_fit
1327.0,3.6530545790003353,3.6369902391599975,28.3,28.140334407562875,True,prefix,full_fit
1328.0,3.652629285474673,3.6366792311367337,28.3,28.142254116495735,True,prefix,full_fit
1329.0,3.6521747064743373,3.6363684085719816,28.2,28.144173467252983,True,prefix,full_fit
1330.0,3.6518847702113386,3.6360577744257476,28.2,28.14609245983462,True,prefix,full_fit
1331.0,3.6515948339483395,3.6357473316508173,28.2,28.148011094240758,True,prefix,full_fit
1332.0,3.651304897685341,3.6354370831922855,28.2,28.149929370471284,True,prefix,full_fit
1333.0,3.6509866152297885,3.635127031987089,28.2,28.1518472885262,True,prefix,full_fit
1334.0,3.6506250251593424,3.6348171809634953,28.2,28.153764848405558,True,prefix,full_fit
1335.0,3.6503350888963433,3.6345075330406713,28.1,28.155682050109363,True,prefix,full_fit
1336.0,3.6500451526333446,3.634198091128214,28.2,28.157598893637555,True,prefix,full_fit
1337.0,3.6497552163703455,3.633888858125685,28.1,28.159515378990193,True,prefix,full_fit
1338.0,3.649465280107347,3.6335798369221646,28.1,28.161431506167162,True,prefix,full_fit
1339.0,3.649150687688695,3.633271030395819,28.1,28.163347275168633,True,prefix,full_fit
1340.0,3.6485854075813484,3.632962441413441,28.2,28.16526268599449,True,prefix,full_fit
1341.0,3.648289433076149,3.632654072830028,28.1,28.167177738644796,True,prefix,full_fit
1342.0,3.6476129151291516,3.6323459274883687,28.1,28.169092433119545,True,prefix,full_fit
1343.0,3.6473155987923516,3.632038008218599,28.2,28.171006769418625,True,prefix,full_fit
1344.0,3.6470256625293525,3.631730317837795,28.2,28.172920747542207,True,prefix,full_fit
1345.0,3.6467357262663533,3.631422859149575,28.1,28.17483436749012,True,prefix,full_fit
1346.0,3.6464457900033547,3.6311156349436846,28.2,28.176747629262536,True,prefix,full_fit
1347.0,3.6461558537403556,3.6308086479956048,28.1,28.17866053285934,True,prefix,full_fit
1348.0,3.6458659174773564,3.6305019010661614,28.1,28.18057307828053,True,prefix,full_fit
1349.0,3.6455759812143578,3.630195396901125,28.1,28.182485265526168,True,prefix,full_fit
1350.0,3.6452860449513587,3.629889138230873,28.1,28.18439709459625,True,prefix,full_fit
1351.0,3.6449961086883595,3.6295831277699553,28.2,28.18630856549072,True,prefix,full_fit
1352.0,3.644641563233814,3.6292773682167874,28.2,28.188219678209634,True,prefix,full_fit
1353.0,3.6443162361623616,3.628971862253244,28.1,28.19013043275288,True,prefix,full_fit
1354.0,3.6440262998993624,3.62866661254434,28.1,28.19204082912063,True,prefix,full_fit
1355.0,3.6437363636363638,3.6283616217378505,28.1,28.193950867312765,True,prefix,full_fit
1356.0,3.6434464273733647,3.628056892463985,28.1,28.195860547329346,True,prefix,full_fit
1357.0,3.643012982220731,3.627752427335054,28.1,28.197769869170372,True,prefix,full_fit
1358.0,3.6425665548473667,3.6274482289451253,28.1,28.19967883283573,True,prefix,full_fit
1359.0,3.6422766185843676,3.6271442998697,28.2,28.20158743832559,True,prefix,full_fit
1360.0,3.641986682321369,3.626840642665421,28.2,28.203495685639837,True,prefix,full_fit
1361.0,3.641662328077826,3.626537259869706,28.1,28.205403574778472,True,prefix,full_fit
1362.0,3.6413068097953705,3.6262341540005094,28.1,28.207311105741553,True,prefix,full_fit
1363.0,3.6410168735323714,3.6259313275559615,28.2,28.20921827852908,True,prefix,full_fit
1364.0,3.6407269372693727,3.6256287830141023,28.3,28.21112509314105,True,prefix,full_fit
1365.0,3.6403740020127473,3.6253265228326,28.1,28.21303154957735,True,prefix,full_fit
1366.0,3.6398470647433747,3.625024549448457,28.1,28.214937647838155,True,prefix,full_fit
1367.0,3.6395142569607515,3.6247228652777186,28.1,28.21684338792329,True,prefix,full_fit
1368.0,3.6389671922173763,3.6244214727152433,28.3,28.21874876983287,True,prefix,full_fit
1369.0,3.638669674605837,3.6241203741343897,28.3,28.220653793566896,True,prefix,full_fit
1370.0,3.6382873196913788,3.6238195718868074,28.3,28.222558459125366,True,prefix,full_fit
1371.0,3.6379973834283796,3.623519068302147,28.1,28.224462766508168,True,prefix,full_fit
1372.0,3.637707447165381,3.6232188656878233,28.3,28.226366715715415,True,prefix,full_fit
1373.0,3.637417510902382,3.6229189663287884,28.3,28.228270306747163,True,prefix,full_fit
1374.0,3.6371275746393827,3.622619372487292,28.3,28.2301735396033,True,prefix,full_fit
1375.0,3.6368376383763836,3.622320086402633,28.3,28.232076414283767,True,prefix,full_fit
1376.0,3.6365477021133845,3.6220211102909623,28.3,28.233978930788737,True,prefix,full_fit
1377.0,3.6360155317007714,3.6217224463450597,28.3,28.235881089118095,True,prefix,full_fit
1378.0,3.635667829587387,3.621424096734124,28.1,28.23778288927184,True,prefix,full_fit
1379.0,3.6353038577658507,3.621126063603551,28.1,28.239684331250146,True,prefix,full_fit
1380.0,3.634987957061389,3.6208283490747606,28.2,28.241585415052725,True,prefix,full_fit
1381.0,3.63469802079839,3.6205309552449902,28.3,28.243486140679693,True,prefix,full_fit
1382.0,3.6344080845353908,3.6202338841871033,28.2,28.24538650813122,True,prefix,full_fit
1383.0,3.6341181482723917,3.6199371379494156,28.2,28.247286517407076,True,prefix,full_fit
1384.0,3.633828212009393,3.61964071855553,28.3,28.24918616850738,True,prefix,full_fit
1385.0,3.633538275746394,3.6193446280041366,28.3,28.251085461432126,True,prefix,full_fit
1386.0,3.6332483394833948,3.619048868268879,28.3,28.252984396181205,True,prefix,full_fit
1387.0,3.632958403220396,3.6187534412981632,28.3,28.254882972754842,True,prefix,full_fit
1388.0,3.632668466957397,3.6184583490150564,28.3,28.256781191152754,True,prefix,full_fit
1389.0,3.6322165716202615,3.6181635933170773,28.3,28.258679051375168,True,prefix,full_fit
1390.0,3.631577188862798,3.6178691760760975,28.3,28.260576553421913,True,prefix,full_fit
1391.0,3.6310986581684,3.617575099138197,28.3,28.26247369729316,True,prefix,full_fit
1392.0,3.630808721905401,3.6172813643235138,28.2,28.264370482988795,True,prefix,full_fit
1393.0,3.6305187856424017,3.6169879734261454,28.2,28.266266910508932,True,prefix,full_fit
1394.0,3.630228849379403,3.6166949282198892,28.3,28.26816301183385,True,prefix,full_fit
1395.0,3.629938913116404,3.6164022306339025,28.3,28.27005979534715,True,prefix,full_fit
1396.0,3.629648976853405,3.616109882197044,28.3,28.271956233115702,True,prefix,full_fit
1397.0,3.6293453874538746,3.615817884598194,28.3,28.273852325139387,True,prefix,full_fit
1398.0,3.6289382086548136,3.615526239499611,28.1,28.275748071418263,True,prefix,full_fit
1399.0,3.628379168064408,3.615234948536868,28.1,28.277643471952274,True,prefix,full_fit
1400.0,3.6281,3.6149440133187687,28.3,28.279538526741362,True,prefix,full_fit
1401.0,3.6280985910768195,3.614653435427252,28.3,28.2814332357857,True,prefix,full_fit
1402.0,3.6275187185508218,3.614363216417315,28.3,28.28332759908517,True,prefix,full_fit
1403.0,3.627219423012412,3.6140733578169586,28.3,28.28522161663983,True,prefix,full_fit
1404.0,3.626929486749413,3.613783861127084,28.3,28.287115288449627,True,prefix,full_fit
1405.0,3.6266395504864137,3.61349472782147,28.3,28.289008614514444,True,prefix,full_fit
1406.0,3.626349614223415,3.613205959346701,28.3,28.290901594834622,True,prefix,full_fit
1407.0,3.625979570613888,3.612917557122101,28.3,28.29279422940982,True,prefix,full_fit
1408.0,3.625669741697417,3.6126295225396974,28.3,28.29468651824027,True,prefix,full_fit
1409.0,3.625379805434418,3.6123418569641843,28.2,28.296578461325737,True,prefix,full_fit
1410.0,3.625089869171419,3.6120545617328785,28.2,28.29847005866651,True,prefix,full_fit
1411.0,3.62439979872526,3.611767638155688,28.3,28.30036131026236,True,prefix,full_fit
1412.0,3.623909996645421,3.611481087515072,28.3,28.302252216113402,True,prefix,full_fit
1413.0,3.623620060382422,3.611194911066039,28.3,28.30414277621952,True,prefix,full_fit
1414.0,3.623330124119423,3.6109091100361095,28.3,28.30603299058089,True,prefix,full_fit
1415.0,3.622986917141899,3.6106236856253027,28.3,28.30792285919739,True,prefix,full_fit
1416.0,3.622650251593425,3.61033863900615,28.3,28.309812382069026,True,prefix,full_fit
1417.0,3.622360315330426,3.6100539713236532,28.3,28.311701559195797,True,prefix,full_fit
1418.0,3.622070379067427,3.6097696836953017,28.3,28.313590390577815,True,prefix,full_fit
1419.0,3.6216608856088564,3.609485777211086,28.3,28.31547887621491,True,prefix,full_fit
1420.0,3.6213,3.6092022529334824,28.3,28.31736701610714,True,prefix,full_fit
1421.0,3.6212005702784302,3.6089191118974764,28.3,28.319254810254563,True,prefix,full_fit
1422.0,3.620910634015431,3.608636355110587,28.3,28.32114225865712,True,prefix,full_fit
1423.0,3.620541395504864,3.6083539835528726,28.3,28.323029361314923,True,prefix,full_fit
1424.0,3.6200076819859106,3.6080719981769525,28.3,28.324916118227748,True,prefix,full_fit
1425.0,3.619640825226434,3.6077903999080565,28.3,28.32680252939582,True,prefix,full_fit
1426.0,3.619350888963435,3.6075091896440226,28.1,28.328688594819027,True,prefix,full_fit
1427.0,3.619060952700436,3.607228368255373,28.3,28.330574314497426,True,prefix,full_fit
1428.0,3.618771016437437,3.6069479365853305,28.3,28.3324596884309,True,prefix,full_fit
1429.0,3.6184810801744383,3.60666789544985,28.3,28.33434471661957,True,prefix,full_fit
1430.0,3.618191143911439,3.606388245637696,28.3,28.33622939906337,True,prefix,full_fit
1431.0,3.61790120764844,3.6061089879104675,28.3,28.338113735762363,True,prefix,full_fit
1432.0,3.617322542770882,3.6058301230026726,28.3,28.33999772671649,True,prefix,full_fit
1433.0,3.6173,3.6055516516217763,28.3,28.34188137192581,True,prefix,full_fit
1434.0,3.617031398859443,3.605273574448261,28.3,28.34376467139026,True,prefix,full_fit
1435.0,3.616138208654814,3.6049958921356886,28.3,28.345647625109848,True,prefix,full_fit
1436.0,3.615751526333445,3.6047186053107874,28.3,28.34753023308457,True,prefix,full_fit
1437.0,3.615461590070446,3.604441714573496,28.3,28.349412495314482,True,prefix,full_fit
1438.0,3.615171653807447,3.60416522049707,28.3,28.351294411799586,True,prefix,full_fit
1439.0,3.614881717544448,3.6038891236281323,28.3,28.353175982539767,True,prefix,full_fit
1440.0,3.614591781281449,3.603613424486762,28.3,28.355057207535197,True,prefix,full_fit
1441.0,3.61430184501845,3.6033381235666004,28.3,28.35693808678576,True,prefix,full_fit
1442.0,3.6140119087554514,3.603063221334909,28.4,28.35881862029146,True,prefix,full_fit
1443.0,3.6134846024823886,3.602788718232672,28.4,28.36069880805229,True,prefix,full_fit
1444.0,3.6130320362294532,3.602514614674698,28.3,28.362578650068315,True,prefix,full_fit
1445.0,3.612742099966454,3.6022409110497104,28.3,28.364458146339416,True,prefix,full_fit
1446.0,3.612452163703455,3.6019676077204377,28.3,28.36633729686571,True,prefix,full_fit
1447.0,3.6121622274404563,3.601694705023727,28.3,28.368216101647192,True,prefix,full_fit
1448.0,3.6118722911774572,3.6014222032706567,28.3,28.370094560683867,True,prefix,full_fit
1449.0,3.611582354914458,3.601150102746607,28.3,28.371972673975677,True,prefix,full_fit
1450.0,3.6112924186514594,3.6008784037114276,28.3,28.37385044152262,True,prefix,full_fit
1451.0,3.6110024823884603,3.6006071063995013,28.2,28.3757278633247,True,prefix,full_fit
1452.0,3.6105959409594095,3.6003362110198793,28.2,28.37760493938191,True,prefix,full_fit
1453.0,3.610022609862462,3.6000657177563893,28.2,28.379481669694314,True,prefix,full_fit
1454.0,3.609732673599463,3.599795626767782,28.1,28.38135805426191,True,prefix,full_fit
1455.0,3.6094427373364644,3.5995259381878157,28.3,28.38323409308458,True,prefix,full_fit
1456.0,3.6091528010734653,3.5992566521254066,28.3,28.385109786162502,True,prefix,full_fit
1457.0,3.6088257296209325,3.5989877686647462,28.3,28.3869851334955,True,prefix,full_fit
1458.0,3.6082729285474673,3.598719287865431,28.3,28.38886013508369,True,prefix,full_fit
1459.0,3.607982992284468,3.5984512097625965,28.3,28.39073479092707,True,prefix,full_fit
1460.0,3.6076907413619588,3.598183534367046,28.3,28.392609101025528,True,prefix,full_fit
1461.0,3.6073041596779603,3.5979162616653877,28.3,28.394483065379234,True,prefix,full_fit
1462.0,3.6070131834954715,3.597649391620174,28.3,28.396356683988017,True,prefix,full_fit
1463.0,3.6067232472324724,3.597382924170029,28.3,28.398229956851992,True,prefix,full_fit
1464.0,3.6064333109694733,3.597116859229802,28.3,28.4001028839711,True,prefix,full_fit
1465.0,3.6058867494129485,3.596851196690716,28.3,28.401975465345345,True,prefix,full_fit
1466.0,3.6055534384434753,3.596585936420482,28.3,28.403847700974836,True,prefix,full_fit
1467.0,3.6055,3.596321078263477,28.3,28.405719590859405,True,prefix,full_fit
1468.0,3.605047131834955,3.5960566220408756,28.5,28.40759113499911,True,prefix,full_fit
1469.0,3.6046836296544784,3.595792567550792,28.4,28.409462333394004,True,prefix,full_fit
1470.0,3.6043249245219724,3.5955289145684515,28.3,28.41133318604409,True,prefix,full_fit
1471.0,3.6040037571284804,3.5952656628463178,28.3,28.41320369294931,True,prefix,full_fit
1472.0,3.6037138208654813,3.5950028121142727,28.3,28.415073854109608,True,prefix,full_fit
1473.0,3.6034238846024826,3.594740362079735,28.3,28.416943669525153,True,prefix,full_fit
1474.0,3.6031339483394835,3.594478312427857,28.3,28.418813139195834,True,prefix,full_fit
1475.0,3.6026880241529686,3.5942166628216397,28.3,28.420682263121705,True,prefix,full_fit
1476.0,3.6024,3.593955412902142,28.3,28.422551041302654,True,prefix,full_fit
1477.0,3.6021282791009726,3.59369456228858,28.3,28.424419473738794,True,prefix,full_fit
1478.0,3.6016742032874873,3.593434110578534,28.3,28.426287560430126,True,prefix,full_fit
1479.0,3.6013456893659845,3.5931740573480937,28.3,28.42815530137659,True,prefix,full_fit
1480.0,3.6009943307614893,3.592914402151999,28.3,28.43002269657819,True,prefix,full_fit
1481.0,3.600608788996981,3.5926551445238486,28.3,28.431889746034983,True,prefix,full_fit
1482.0,3.6001144582354914,3.5923962839762393,28.4,28.43375644974691,True,prefix,full_fit
1483.0,3.5998245219724923,3.592137820000906,28.4,28.43562280771397,True,prefix,full_fit
1484.0,3.5995345857094936,3.5918797520689356,28.3,28.437488819936164,True,prefix,full_fit
1485.0,3.5992446494464945,3.591622079630893,28.3,28.439354486413606,True,prefix,full_fit
1486.0,3.598954713183496,3.591364802117022,28.3,28.441219807146183,True,prefix,full_fit
1487.0,3.5986647769204962,3.5911079189373774,28.3,28.443084782133838,True,prefix,full_fit
1488.0,3.598341294867494,3.590851429482037,28.3,28.444949411376683,True,prefix,full_fit
1489.0,3.5976849043944985,3.5905953331212097,28.3,28.44681369487472,True,prefix,full_fit
1490.0,3.5973949681314994,3.590339629205471,28.3,28.448677632627835,True,prefix,full_fit
1491.0,3.5971050318685007,3.5900843170658874,28.3,28.450541224636197,True,prefix,full_fit
1492.0,3.5968150956055016,3.58982939601421,28.3,28.452404470899694,True,prefix,full_fit
1493.0,3.5965251593425025,3.589574865343023,28.3,28.454267371418325,True,prefix,full_fit
1494.0,3.5962352230795034,3.5893207243259404,28.1,28.45612992619209,True,prefix,full_fit
1495.0,3.5959452868165043,3.5890669722177595,28.3,28.457992135221048,True,prefix,full_fit
1496.0,3.5956553505535056,3.588813608254635,28.3,28.45985399850514,True,prefix,full_fit
1497.0,3.5953654142905065,3.588560631654263,28.3,28.46171551604442,True,prefix,full_fit
1498.0,3.5950006373700103,3.588308041616037,28.3,28.463576687838838,True,prefix,full_fit
1499.0,3.5946855417645085,3.5880558373212232,28.3,28.465437513888446,True,prefix,full_fit
1500.0,3.5943956055015094,3.58780401793313,28.3,28.46729799419313,True,prefix,full_fit
1501.0,3.5939113384770214,3.58755258259731,28.3,28.469158128753065,True,prefix,full_fit
1502.0,3.5935157329755114,3.58730153044168,28.3,28.47101791756802,True,prefix,full_fit
1503.0,3.5932257967125127,3.5870508605767313,28.3,28.472877360638222,True,prefix,full_fit
1504.0,3.5929358604495136,3.586800572095703,28.3,28.474736457963616,True,prefix,full_fit
1505.0,3.592440489768534,3.5865506640747253,28.3,28.476595209544087,True,prefix,full_fit
1506.0,3.5919559879235154,3.5863011355730094,28.3,28.478453615379806,True,prefix,full_fit
1507.0,3.591666051660517,3.5860519856330297,28.3,28.480311675470602,True,prefix,full_fit
1508.0,3.5913761153975177,3.585803213280677,28.3,28.482169389816534,True,prefix,full_fit
1509.0,3.5910861791345186,3.5855548175254346,28.3,28.484026758417713,True,prefix,full_fit
1510.0,3.5907962428715194,3.585306797360551,28.3,28.48588378127397,True,prefix,full_fit
1511.0,3.5905063066085208,3.5850591517632138,28.3,28.487740458385417,True,prefix,full_fit
1512.0,3.5901327406910433,3.5848118796947146,28.3,28.489596789752056,True,prefix,full_fit
1513.0,3.5897,3.5845649801006294,28.3,28.491452775373773,True,prefix,full_fit
1514.0,3.5895518282455554,3.5843184519109608,28.3,28.49330841525068,True,prefix,full_fit
1515.0,3.589,3.5840722940403458,28.3,28.49516370938278,True,prefix,full_fit
1516.0,3.5889132505870514,3.5838265053881857,28.3,28.497018657769956,True,prefix,full_fit
1517.0,3.5883666890305266,3.5835810848388556,28.3,28.498873260412324,True,prefix,full_fit
1518.0,3.5880767527675275,3.5833360312618314,28.3,28.500727517309883,True,prefix,full_fit
1519.0,3.587786816504529,3.583091343511888,28.3,28.502581428462577,True,prefix,full_fit
1520.0,3.5874968802415297,3.5828470204292486,28.3,28.504434993870404,True,prefix,full_fit
1521.0,3.5872069439785306,3.5826030608397383,28.5,28.506288213533423,True,prefix,full_fit
1522.0,3.586917007715532,3.5823594635549973,28.3,28.50814108745152,True,prefix,full_fit
1523.0,3.5866270714525323,3.5821162273726035,28.3,28.509993615624865,True,prefix,full_fit
1524.0,3.5863371351895337,3.5818733510762244,28.3,28.511845798053287,True,prefix,full_fit
1525.0,3.5859629319020465,3.5816308334358298,28.5,28.513697634736957,True,prefix,full_fit
1526.0,3.5856572626635357,3.5813886732078286,28.5,28.51554912567576,True,prefix,full_fit
1527.0,3.5851346528010737,3.5811468691352113,28.3,28.5174002708697,True,prefix,full_fit
1528.0,3.5845547802750755,3.5809054199477384,28.3,28.519251070318774,True,prefix,full_fit
1529.0,3.5841874538745384,3.5806643243620915,28.3,28.52110152402298,True,prefix,full_fit
1530.0,3.5838975176115397,3.5804235810820426,28.3,28.52295163198238,True,prefix,full_fit
1531.0,3.5836075813485406,3.5801831887985793,28.3,28.52480139419697,True,prefix,full_fit
1532.0,3.583317645085542,3.579943146190109,28.3,28.526650810666695,True,prefix,full_fit
1533.0,3.582970278430057,3.579703451922578,28.4,28.528499881391497,True,prefix,full_fit
1534.0,3.582637772559544,3.5794641046496496,28.4,28.530348606371547,True,prefix,full_fit
1535.0,3.582347836296545,3.5792251030128424,28.3,28.53219698560673,True,prefix,full_fit
1536.0,3.5820579000335457,3.5789864456417027,28.4,28.53404501909705,True,prefix,full_fit
1537.0,3.5817679637705466,3.578748131153935,28.5,28.53589270684256,True,prefix,full_fit
1538.0,3.581478027507548,3.5785101581555745,28.4,28.537740048843204,True,prefix,full_fit
1539.0,3.581188091244549,3.578272525241136,28.4,28.53958704509904,True,prefix,full_fit
1540.0,3.5808981549815497,3.5780352309937387,28.4,28.541433695609953,True,prefix,full_fit
1541.0,3.580516437437102,3.577798273985291,28.3,28.543280000376058,True,prefix,full_fit
1542.0,3.5801,3.577561652776615,28.3,28.545125959397353,True,prefix,full_fit
1543.0,3.5799328077826233,3.5773253659176008,28.3,28.546971572673783,True,prefix,full_fit
1544.0,3.5793384099295538,3.577089411947345,28.5,28.548816840205347,True,prefix,full_fit
1545.0,3.5790484736665547,3.5768537893942995,28.3,28.550661761992046,True,prefix,full_fit
1546.0,3.578758537403556,3.576618496776425,28.5,28.552506338033993,True,prefix,full_fit
1547.0,3.578468601140557,3.576383532601325,28.5,28.554350568331074,True,prefix,full_fit
1548.0,3.5781786648775578,3.576148895366371,28.5,28.556194452883233,True,prefix,full_fit
1549.0,3.577888728614559,3.5759145835588715,28.5,28.558037991690583,True,prefix,full_fit
1550.0,3.57759879235156,3.575680595656194,28.5,28.559881184753124,True,prefix,full_fit
1551.0,3.577308856088561,3.5754469301258984,28.3,28.561724032070742,True,prefix,full_fit
1552.0,3.5770189198255617,3.5752135854258844,28.3,28.563566533643552,True,prefix,full_fit
1553.0,3.5763676283126467,3.5749805600045237,28.3,28.56540868947161,True,prefix,full_fit
1554.0,3.576039047299564,3.5747478523007894,28.5,28.56725049955469,True,prefix,full_fit
1555.0,3.575749111036565,3.5745154607443874,28.3,28.569091963893015,True,prefix,full_fit
1556.0,3.5752183495471317,3.5742833837559074,28.5,28.570933082486476,True,prefix,full_fit
1557.0,3.5751,3.574051619746913,28.3,28.572773855335015,True,prefix,full_fit
1558.0,3.574879302247568,3.5738201671201137,28.4,28.5746142824388,True,prefix,full_fit
1559.0,3.574589365984569,3.573589024269474,28.4,28.57645436379778,True,prefix,full_fit
1560.0,3.57409885944314,3.573358189580315,28.4,28.578294099411835,True,prefix,full_fit
1561.0,3.5739,3.5731276614294973,28.5,28.580133489281025,True,prefix,full_fit
1562.0,3.573478966789668,3.5728974381854837,28.5,28.581972533405462,True,prefix,full_fit
1563.0,3.573029620932573,3.5726675182084975,28.5,28.58381123178492,True,prefix,full_fit
1564.0,3.5729,3.5724378998506445,28.5,28.585649584419627,True,prefix,full_fit
1565.0,3.57259949681315,3.5722085814560076,28.5,28.587487591309525,True,prefix,full_fit
1566.0,3.572159812143576,3.5719795656902673,28.5,28.589327880817848,True,prefix,full_fit
1567.0,3.571869875880577,3.5717508500434345,28.4,28.59116994167539,True,prefix,full_fit
1568.0,3.571579939617578,3.5715224294401384,28.4,28.59301171146285,True,prefix,full_fit
1569.0,3.571290003354579,3.571294302193672,28.4,28.594853190180004,True,prefix,full_fit
1570.0,3.57100006709158,3.5710664666098855,28.3,28.596694377827077,True,prefix,full_fit
1571.0,3.5706801744381083,3.570838920987316,28.4,28.598535274403957,True,prefix,full_fit
1572.0,3.570320194565582,3.570611663617296,28.5,28.600375879910644,True,prefix,full_fit
1573.0,3.570030258302583,3.570384692784052,28.5,28.602216194347136,True,prefix,full_fit
1574.0,3.569740322039584,3.570158006764826,28.5,28.604056217713435,True,prefix,full_fit
1575.0,3.569450385776585,3.569931603829959,28.3,28.605895950009653,True,prefix,full_fit
1576.0,3.569120899027172,3.569705482243018,28.3,28.607735391235565,True,prefix,full_fit
1577.0,3.568570513250587,3.569479640260895,28.3,28.609574541391396,True,prefix,full_fit
1578.0,3.568280576987588,3.569254076133907,28.5,28.611413400477034,True,prefix,full_fit
1579.0,3.567990640724589,3.5690287881058858,28.3,28.613251968492477,True,prefix,full_fit
1580.0,3.56770070446159,3.568803774414294,28.3,28.615090245437784,True,prefix,full_fit
1581.0,3.5673143575981214,3.5685790332903036,28.3,28.61692823131284,True,prefix,full_fit
1582.0,3.566741663871184,3.568354562958918,28.3,28.618765926117817,True,prefix,full_fit
1583.0,3.5667,3.5681303616390494,28.5,28.620603329852486,True,prefix,full_fit
1584.0,3.566440959409594,3.567906427543609,28.3,28.622440442517075,True,prefix,full_fit
1585.0,3.566151023146595,3.56768275887961,28.3,28.62427726411147,True,prefix,full_fit
1586.0,3.5656221737671925,3.5674593538482515,28.5,28.62611379463567,True,prefix,full_fit
1587.0,3.565271150620597,3.5672362106450177,28.5,28.627950034089736,True,prefix,full_fit
1588.0,3.5652,3.567013327459751,28.5,28.62978598247355,True,prefix,full_fit
1589.0,3.5649912780945994,3.566790702476745,28.4,28.631621639787284,True,prefix,full_fit
1590.0,3.564436464273734,3.5665683338748364,28.4,28.63345700603071,True,prefix,full_fit
1591.0,3.5642,3.56634621982748,28.5,28.635292081204057,True,prefix,full_fit
1592.0,3.564021469305602,3.566124358502839,28.4,28.637126865307266,True,prefix,full_fit
1593.0,3.563731533042603,3.565902748063858,28.4,28.638961358340225,True,prefix,full_fit
1594.0,3.5632831935592084,3.5656813866683366,28.5,28.64079556030299,True,prefix,full_fit
1595.0,3.563,3.5654602724690365,28.5,28.64262947119562,True,prefix,full_fit
1596.0,3.5627234485072123,3.5652394036137185,28.4,28.644463091017997,True,prefix,full_fit
1597.0,3.562271787990607,3.565018778245257,28.4,28.646296419770295,True,prefix,full_fit
1598.0,3.5619818517276083,3.564798394501681,28.5,28.6481294574524,True,prefix,full_fit
1599.0,3.561691915464609,3.5645782505162638,28.4,28.649962204064366,True,prefix,full_fit
1600.0,3.561369305602147,3.5643583444175957,28.3,28.651794659606082,True,prefix,full_fit
1601.0,3.5609240858772226,3.5641386743296453,28.3,28.653626824077605,True,prefix,full_fit
1602.0,3.5605,3.5639192383718408,28.4,28.65545869747899,True,prefix,full_fit
1603.0,3.5603643408252266,3.5637000346591154,28.5,28.657290279810184,True,prefix,full_fit
1604.0,3.559842234149614,3.5634810613019985,28.5,28.65912157107124,True,prefix,full_fit
1605.0,3.5595522978866154,3.5632623164066684,28.5,28.660952571262044,True,prefix,full_fit
1606.0,3.5592623616236163,3.563043798075006,28.3,28.662783280382712,True,prefix,full_fit
1607.0,3.558972425360617,3.562825504404673,28.3,28.664613698433186,True,prefix,full_fit
1608.0,3.558682489097618,3.562607433489165,28.5,28.666443825413523,True,prefix,full_fit
1609.0,3.558390070446159,3.5623895834178736,28.5,28.668273661323724,True,prefix,full_fit
1610.0,3.5580034887621603,3.5621719522761364,28.5,28.670103206163617,True,prefix,full_fit
1611.0,3.5577126803086214,3.561954538145299,28.3,28.671932459933373,True,prefix,full_fit
1612.0,3.5574227440456223,3.5617373391027756,28.5,28.67376142263305,True,prefix,full_fit
1613.0,3.557132807782623,3.5615203532220914,28.5,28.675590094262475,True,prefix,full_fit
1614.0,3.556842871519624,3.5613035785729474,28.5,28.677418474821707,True,prefix,full_fit
1615.0,3.5565529352566254,3.561087013221261,28.5,28.6792465643108,True,prefix,full_fit
1616.0,3.5562629989936263,3.5608706552292233,28.5,28.681074362729703,True,prefix,full_fit
1617.0,3.555973062730627,3.560654502655339,28.3,28.682901870078467,True,prefix,full_fit
1618.0,3.5556831264676285,3.5604385535544907,28.3,28.68472908635698,True,prefix,full_fit
1619.0,3.5553931902046294,3.5602228059779564,28.4,28.686556011565358,True,prefix,full_fit
1620.0,3.5550376719221735,3.5600072579734907,28.5,28.68838264570354,True,prefix,full_fit
1621.0,3.5547133176786314,3.5597919075853364,28.4,28.69020898877153,True,prefix,full_fit
1622.0,3.5544233814156323,3.5595767528542845,28.4,28.69203504076944,True,prefix,full_fit
1623.0,3.554133445152633,3.5593617918177185,28.4,28.693860801697042,True,prefix,full_fit
1624.0,3.5538435088896345,3.5591470225096327,28.4,28.695686271554507,True,prefix,full_fit
1625.0,3.5535535726266354,3.5589324429606877,28.5,28.697511450341892,True,prefix,full_fit
1626.0,3.5532636363636363,3.5587180511982526,28.5,28.69933633805897,True,prefix,full_fit
1627.0,3.552847400201275,3.5585038452464355,28.5,28.70116093470591,True,prefix,full_fit
1628.0,3.5523837638376383,3.558289823126096,28.4,28.702985240282715,True,prefix,full_fit
1629.0,3.5520584367661856,3.558075982854922,28.4,28.704809254789325,True,prefix,full_fit
1630.0,3.5517038913116403,3.557862322447424,28.5,28.70663297822574,True,prefix,full_fit
1631.0,3.551413955048641,3.557648839914987,28.5,28.70845641059202,True,prefix,full_fit
1632.0,3.5511240187856425,3.5574355332659016,28.4,28.71027955188805,True,prefix,full_fit
1633.0,3.5508340825226434,3.557222400505382,28.3,28.712102402113942,True,prefix,full_fit
1634.0,3.5505441462596448,3.5570094396355945,28.5,28.713924961269697,True,prefix,full_fit
1635.0,3.550254209996645,3.556796648655694,28.3,28.715747229355145,True,prefix,full_fit
1636.0,3.549964273733646,3.5565840255618406,28.5,28.717569206370513,True,prefix,full_fit
1637.0,3.5497,3.556371568347235,28.5,28.719390892315744,True,prefix,full_fit
1638.0,3.5496844012076485,3.556159275002129,28.5,28.721212287190724,True,prefix,full_fit
1639.0,3.5493870848708484,3.5559471435138414,28.5,28.723033390995624,True,prefix,full_fit
1640.0,3.5487105669238512,3.5557351718668184,28.5,28.724854203730217,True,prefix,full_fit
1641.0,3.5484145924186516,3.5555233580425973,28.5,28.72667472539473,True,prefix,full_fit
1642.0,3.548124656155652,3.55531170001987,28.5,28.72849495598905,True,prefix,full_fit
1643.0,3.5478347198926534,3.555100195774488,28.5,28.730314895513175,True,prefix,full_fit
1644.0,3.5475447836296543,3.5548888432794588,28.5,28.732134543967106,True,prefix,full_fit
1645.0,3.5475,3.554677640504995,28.5,28.733953901350844,True,prefix,full_fit
1646.0,3.547029822207313,3.5544665854185067,28.5,28.735772967664445,True,prefix,full_fit
1647.0,3.5469,3.554255675984619,28.5,28.737591742907853,True,prefix,full_fit
1648.0,3.5466850385776585,3.5540449101651834,28.5,28.739410227081066,True,prefix,full_fit
1649.0,3.546190204629319,3.553834285919301,28.5,28.741228420184143,True,prefix,full_fit
1650.0,3.545740221402214,3.5536238012033285,28.4,28.743046322217026,True,prefix,full_fit
1651.0,3.5456,3.553413453970859,28.4,28.744863933179715,True,prefix,full_fit
1652.0,3.5454252935256627,3.5532032421727893,28.5,28.746681253072325,True,prefix,full_fit
1653.0,3.544970714525327,3.552993163757265,28.5,28.748498281894626,True,prefix,full_fit
1654.0,3.5445454209996647,3.552783216669726,28.4,28.750315019646848,True,prefix,full_fit
1655.0,3.5442554847366656,3.552573398852908,28.4,28.752131466328763,True,prefix,full_fit
1656.0,3.5439655484736665,3.552363708246822,28.5,28.753947621940597,True,prefix,full_fit
1657.0,3.5436756122106674,3.5521541427887997,28.5,28.755763486482238,True,prefix,full_fit
1658.0,3.5433856759476687,3.551944700413456,28.5,28.75757905995374,True,prefix,full_fit
1659.0,3.5430957396846696,3.5517353790527157,28.5,28.75939434235505,True,prefix,full_fit
1660.0,3.5427744045622274,3.551526176635801,28.5,28.76120933368611,True,prefix,full_fit
1661.0,3.5424158671586716,3.5513170910892464,28.5,28.76302403394709,True,prefix,full_fit
1662.0,3.5421259308956725,3.5511081203368757,28.5,28.764838443137876,True,prefix,full_fit
1663.0,3.541835994632674,3.5508992622998212,28.5,28.76665256125841,True,prefix,full_fit
1664.0,3.5415460583696747,3.5506905148965107,28.5,28.76846638830881,True,prefix,full_fit
1665.0,3.5412561221066756,3.550481876042675,28.5,28.77027992428907,True,prefix,full_fit
1666.0,3.5409661858436765,3.5502733436513267,28.5,28.772093169199138,True,prefix,full_fit
1667.0,3.540676249580678,3.550064915632751,28.5,28.773906123038955,True,prefix,full_fit
1668.0,3.5403863133176787,3.5498565898945404,28.5,28.775718785808692,True,prefix,full_fit
1669.0,3.5400963770546796,3.5496483643415315,28.5,28.777531157508236,True,prefix,full_fit
1670.0,3.539806440791681,3.549440236875851,28.5,28.77934323813753,True,prefix,full_fit
1671.0,3.5394220060382424,3.5492322053968604,28.5,28.781155027696684,True,prefix,full_fit
1672.0,3.5391265682656825,3.5490242678011747,28.5,28.78296652618576,True,prefix,full_fit
1673.0,3.538836632002684,3.548816421982663,28.5,28.78477773360453,True,prefix,full_fit
1674.0,3.5385466957396847,3.548608665832385,28.5,28.78658864995316,True,prefix,full_fit
1675.0,3.5382567594766856,3.548400997238654,28.5,28.788399275231654,True,prefix,full_fit
1676.0,3.5379668232136865,3.548193414086958,28.5,28.790209609439955,True,prefix,full_fit
1677.0,3.5376768869506874,3.547985914259998,28.5,28.792019652578006,True,prefix,full_fit
1678.0,3.5373869506876887,3.5477784956376297,28.5,28.79382940464592,True,prefix,full_fit
1679.0,3.5368940288493795,3.547571156096878,28.5,28.795638865643753,True,prefix,full_fit
1680.0,3.5367,3.547363893511931,28.5,28.79744803557128,True,prefix,full_fit
1681.0,3.536273331096947,3.5471567057540896,28.5,28.799256914428668,True,prefix,full_fit
1682.0,3.536,3.546949590691773,28.5,28.80106550221592,True,prefix,full_fit
1683.0,3.535837269372694,3.5467425461905084,28.5,28.80287379893292,True,prefix,full_fit
1684.0,3.5353946662193896,3.5465355701128907,28.5,28.804681804579786,True,prefix,full_fit
1685.0,3.5351,3.5463286603185944,28.5,28.806489519156457,True,prefix,full_fit
1686.0,3.534967460583697,3.5461218146643203,28.5,28.80829694266299,True,prefix,full_fit
1687.0,3.534677524320698,3.545915031003804,28.5,28.81010407509939,True,prefix,full_fit
1688.0,3.5343875880576987,3.545708307187783,28.5,28.81191091646548,True,prefix,full_fit
1689.0,3.5340976517946996,3.545501641063988,28.4,28.81371746676149,True,prefix,full_fit
1690.0,3.533807715531701,3.5452950304770905,28.3,28.815523725987248,True,prefix,full_fit
1691.0,3.5334903723582687,3.5450884732687333,28.3,28.817329694142927,True,prefix,full_fit
1692.0,3.533127843005703,3.5448819672774463,28.3,28.819135371228356,True,prefix,full_fit
1693.0,3.532837906742704,3.5446755103386836,28.5,28.820940757243648,True,prefix,full_fit
1694.0,3.5325479704797047,3.5444691002847617,28.5,28.82274585218869,True,prefix,full_fit
1695.0,3.532258034216706,3.5442627349448363,28.5,28.82455065606365,True,prefix,full_fit
1696.0,3.531968097953707,3.544056412144903,28.5,28.82635516886836,True,prefix,full_fit
1697.0,3.531678161690708,3.5438501297077547,28.5,28.828159390602934,True,prefix,full_fit
1698.0,3.5313882254277087,3.543643885452961,28.5,28.82996332126737,True,prefix,full_fit
1699.0,3.5311,3.5434376771968363,28.5,28.831766960861557,True,prefix,full_fit
1700.0,3.5311,3.5432315027524135,28.5,28.833570309385607,True,prefix,full_fit
1701.0,3.5305368332774236,3.5430253599294472,28.5,28.835373366839463,True,prefix,full_fit
1702.0,3.5305,3.5428192465343447,28.5,28.83717613322318,True,prefix,full_fit
1703.0,3.530151392150285,3.542613160370147,28.5,28.83897860853665,True,prefix,full_fit
1704.0,3.5298486078497144,3.5424070992365326,28.5,28.84078079277998,True,prefix,full_fit
1705.0,3.5295586715867158,3.5422010609297585,28.5,28.842582685953175,True,prefix,full_fit
1706.0,3.5290374706474337,3.54199504324264,28.5,28.844384288056062,True,prefix,full_fit
1707.0,3.528678799060718,3.541789043964526,28.5,28.846185599088926,True,prefix,full_fit
1708.0,3.528388862797719,3.541583060881268,28.5,28.84798661905154,True,prefix,full_fit
1709.0,3.52809892653472,3.5413770917752005,28.5,28.84978734794396,True,prefix,full_fit
1710.0,3.527808990271721,3.541171134425073,28.5,28.85158778576624,True,prefix,full_fit
1711.0,3.527519054008722,3.540965186606082,28.5,28.853387932518274,True,prefix,full_fit
1712.0,3.5274,3.5407592460897863,28.5,28.855187788200226,True,prefix,full_fit
1713.0,3.5271855753102987,3.5405533106441016,28.5,28.856987352811927,True,prefix,full_fit
1714.0,3.52669849043945,3.5403473780332773,28.5,28.858786626353492,True,prefix,full_fit
1715.0,3.5264,3.540141446017847,28.5,28.860585608824863,True,prefix,full_fit
1716.0,3.526269372693727,3.5399355123546004,28.6,28.862384300226097,True,prefix,full_fit
1717.0,3.525858872861456,3.5397295747965707,28.6,28.864182700557137,True,prefix,full_fit
1718.0,3.5255,3.5395236310929725,28.6,28.865980809817984,True,prefix,full_fit
1719.0,3.5253995639047297,3.5393176789892022,28.6,28.867778628008693,True,prefix,full_fit
1720.0,3.525109627641731,3.53911171622679,28.5,28.869576155129153,True,prefix,full_fit
1721.0,3.524819691378732,3.5389057405433615,28.5,28.871373391179475,True,prefix,full_fit
1722.0,3.524529755115733,3.5386997496726225,28.5,28.873170336159603,True,prefix,full_fit
1723.0,3.5242197584703123,3.5384937413443174,28.7,28.874966990069538,True,prefix,full_fit
1724.0,3.5239,3.538287713284194,28.7,28.876763352909393,True,prefix,full_fit
1725.0,3.523859946326736,3.5380816632139815,28.7,28.87855942467894,True,prefix,full_fit
1726.0,3.523540020127474,3.5378755888513513,28.7,28.880355205378407,True,prefix,full_fit
1727.0,3.522980073800738,3.5376694879098904,28.7,28.88215069500768,True,prefix,full_fit
1728.0,3.522690137537739,3.5374633580990573,28.5,28.88394589356676,True,prefix,full_fit
1729.0,3.52240020127474,3.537257197124161,28.7,28.885740801055647,True,prefix,full_fit
1730.0,3.5224,3.537051002686338,28.7,28.887535417474396,True,prefix,full_fit
1731.0,3.522120328748742,3.5368447724824854,28.5,28.889329742822895,True,prefix,full_fit
1732.0,3.521830392485743,3.5366385042052633,28.7,28.891123777101313,True,prefix,full_fit
1733.0,3.5215404562227444,3.5364321955430604,28.7,28.892917520309425,True,prefix,full_fit
1734.0,3.520917879906072,3.5362258441799406,28.7,28.894710972447456,True,prefix,full_fit
1735.0,3.520560583696746,3.536019447795619,28.7,28.896504133515293,True,prefix,full_fit
1736.0,3.520270647433747,3.5358130040654467,28.7,28.898297003512994,True,prefix,full_fit
1737.0,3.519980711170748,3.5356065109198935,28.6,28.90008972561833,True,prefix,full_fit
1738.0,3.5199,3.5353999685169932,28.5,28.901883674160104,True,prefix,full_fit
1739.0,3.51970083864475,3.535193371866548,28.6,28.903677385846265,True,prefix,full_fit
1740.0,3.5194109023817512,3.5349867186261097,28.7,28.905470860676985,True,prefix,full_fit
1741.0,3.519120966118752,3.5347800064486954,28.6,28.907264098652092,True,prefix,full_fit
1742.0,3.518831029855753,3.5345732329827637,28.5,28.9090570997717,True,prefix,full_fit
1743.0,3.5185410935927544,3.534366395872179,28.6,28.910849864035697,True,prefix,full_fit
1744.0,3.5182511573297552,3.5341594927561726,28.7,28.91264239144425,True,prefix,full_fit
1745.0,3.5179149614223415,3.533952521269335,28.7,28.91443468199725,True,prefix,full_fit
1746.0,3.5175712848037572,3.533745479041565,28.7,28.916226735694636,True,prefix,full_fit
1747.0,3.517281348540758,3.5335383636980593,28.7,28.918018552536523,True,prefix,full_fit
1748.0,3.5171,3.533331172859266,28.7,28.919810132522855,True,prefix,full_fit
1749.0,3.5169029520295205,3.5331239041408655,28.7,28.921601475653688,True,prefix,full_fit
1750.0,3.5165,3.5329165551537405,28.7,28.923392581928965,True,prefix,full_fit
1751.0,3.5164216034887623,3.532709123503948,28.7,28.925183451348687,True,prefix,full_fit
1752.0,3.516131667225763,3.5325016067927004,28.7,28.926974083912853,True,prefix,full_fit
1753.0,3.515841730962764,3.53229400261632,28.7,28.92876447962152,True,prefix,full_fit
1754.0,3.515551794699765,3.5320863085662273,28.5,28.930554638474632,True,prefix,full_fit
1755.0,3.5152618584367663,3.5318785222289257,28.7,28.93234456047219,True,prefix,full_fit
1756.0,3.5149625628983565,3.5316706411859315,28.5,28.934134245614246,True,prefix,full_fit
1757.0,3.5145819859107683,3.5314626630138033,28.5,28.935923693900747,True,prefix,full_fit
1758.0,3.514292049647769,3.5312545852840818,28.5,28.937712905331637,True,prefix,full_fit
1759.0,3.51400211338477,3.5310464055632935,28.7,28.939501879907084,True,prefix,full_fit
1760.0,3.514,3.5308381214128897,28.7,28.94129061762692,True,prefix,full_fit
1761.0,3.513722240858772,3.5306297303892635,28.7,28.943079118491255,True,prefix,full_fit
1762.0,3.513432304595773,3.5304212300437023,28.7,28.944867382500092,True,prefix,full_fit
1763.0,3.5128847366655482,3.530212617922375,28.7,28.946655409653374,True,prefix,full_fit
1764.0,3.5125524320697754,3.530003891566305,28.5,28.948443199951043,True,prefix,full_fit
1765.0,3.5122624958067763,3.529795048511373,28.7,28.950230753393214,True,prefix,full_fit
1766.0,3.511972559543777,3.5295860862882655,28.7,28.952018069979886,True,prefix,full_fit
1767.0,3.5116101643743707,3.52937700242247,28.7,28.953805149710945,True,prefix,full_fit
1768.0,3.511292687017779,3.529167794434269,28.7,28.955591992586506,True,prefix,full_fit
1769.0,3.5110027507547805,3.5289584598387105,28.7,28.95737859860651,True,prefix,full_fit
1770.0,3.5107128144917814,3.528748996145586,28.7,28.95916496777096,True,prefix,full_fit
1771.0,3.5106,3.5285394008594198,28.7,28.96095110007991,True,prefix,full_fit
1772.0,3.5104329419657834,3.5283296714794847,28.7,28.962736995533305,True,prefix,full_fit
1773.0,3.5101430057027843,3.528119805499726,28.7,28.9645226541312,True,prefix,full_fit
1774.0,3.509853069439785,3.527909800408798,28.7,28.966308075873485,True,prefix,full_fit
1775.0,3.5095631331767865,3.5276996536900462,28.7,28.96809326076027,True,prefix,full_fit
1776.0,3.5092731969137874,3.527489362821477,28.6,28.969878208791442,True,prefix,full_fit
1777.0,3.5089832606507882,3.5272789252757617,28.6,28.971662919967173,True,prefix,full_fit
1778.0,3.5088,3.5270683385202344,28.7,28.973447394287348,True,prefix,full_fit
1779.0,3.508671184166387,3.526857600016856,28.7,28.975231631751967,True,prefix,full_fit
1780.0,3.5083134518617913,3.526646707222234,28.7,28.97701563236103,True,prefix,full_fit
1781.0,3.5080235155987927,3.526435657587614,28.7,28.97879939611454,True,prefix,full_fit
1782.0,3.5077335793357936,3.526224448558855,28.7,28.98058292301255,True,prefix,full_fit
1783.0,3.5074436430727944,3.526013077576457,28.7,28.982366213055002,True,prefix,full_fit
1784.0,3.5071537068097953,3.5258015420755306,28.7,28.9841492662419,True,prefix,full_fit
1785.0,3.506863770546796,3.525589839485804,28.5,28.985932082573242,True,prefix,full_fit
1786.0,3.5065738342837975,3.525377967231633,28.7,28.987714662049143,True,prefix,full_fit
1787.0,3.5063,3.525165922731988,28.7,28.98949700466943,True,prefix,full_fit
1788.0,3.5062939617577995,3.5249537034004677,28.5,28.991279110434164,True,prefix,full_fit
1789.0,3.5060040254948,3.5247413066452844,28.7,28.993060979343397,True,prefix,full_fit
1790.0,3.5057140892318013,3.5245287298692998,28.7,28.99484261139702,True,prefix,full_fit
1791.0,3.5050563569272053,3.5243159704699973,28.7,28.996624006595198,True,prefix,full_fit
1792.0,3.5047342167058035,3.524103025839522,28.7,28.99840516493782,True,prefix,full_fit
1793.0,3.5044442804428044,3.5238898933646525,28.5,29.000186086424833,True,prefix,full_fit
1794.0,3.5041543441798058,3.52367657042685,28.7,29.001966771056345,True,prefix,full_fit
1795.0,3.5038644079168066,3.523463054402236,28.5,29.003747218832302,True,prefix,full_fit
1796.0,3.5035744716538075,3.523249342661635,28.7,29.00552742975276,True,prefix,full_fit
1797.0,3.5035,3.5230354325705595,28.7,29.007307403817663,True,prefix,full_fit
1798.0,3.5032945991278095,3.5228213207188803,28.7,29.00908675509089,True,prefix,full_fit
1799.0,3.5030046628648104,3.5226070052430796,28.6,29.010865877735284,True,prefix,full_fit
1800.0,3.5027147266018117,3.522392483947723,28.6,29.01264500037962,True,prefix,full_fit
1801.0,3.5023663871184167,3.5221777513566,28.7,29.014422703814716,True,prefix,full_fit
1802.0,3.5020348540758137,3.5219627978845107,28.7,29.016195504270797,True,prefix,full_fit
1803.0,3.501744917812814,3.5217476306103803,28.6,29.017968304726878,True,prefix,full_fit
1804.0,3.5014549815498155,3.5215322468632255,28.6,29.01974110518296,True,prefix,full_fit
1805.0,3.5013,3.521316643966947,28.7,29.02151390563904,True,prefix,full_fit
1806.0,3.5011751090238175,3.5211008192403517,28.6,29.02328670609512,True,prefix,full_fit
1807.0,3.5008851727608183,3.5208847699971852,28.6,29.0250595065512,True,prefix,full_fit
1808.0,3.5005952364978197,3.5206684935461556,28.6,29.026832307007226,True,prefix,full_fit
1809.0,3.5003053002348206,3.5204519871909943,28.6,29.028605107463306,True,prefix,full_fit
1810.0,3.5000153639718214,3.520235248230465,28.7,29.030377907919387,True,prefix,full_fit
1811.0,3.4997254277088223,3.5200182739583985,28.7,29.032150708375468,True,prefix,full_fit
1812.0,3.4995,3.5198010616637796,28.5,29.03392350883155,True,prefix,full_fit
1813.0,3.499372962093257,3.5195836086307173,28.5,29.03569630928763,True,prefix,full_fit
1814.0,3.4988,3.519365912138566,28.5,29.03746910974371,True,prefix,full_fit
1815.0,3.4987656826568267,3.519147969461902,28.7,29.03924191019979,True,prefix,full_fit
1816.0,3.4984757463938276,3.5189297778706234,28.7,29.041014710655872,True,prefix,full_fit
1817.0,3.4981858101308285,3.5187113346299808,28.5,29.042787511111953,True,prefix,full_fit
1818.0,3.4978917477356593,3.5184926370006164,28.5,29.044560311568034,True,prefix,full_fit
1819.0,3.4973118752096615,3.5182736822386396,28.5,29.046333112024058,True,prefix,full_fit
1820.0,3.4970160013418314,3.5180544675956824,28.7,29.04810591248014,True,prefix,full_fit
1821.0,3.497,3.5178349903189403,28.7,29.049878712936163,True,prefix,full_fit
1822.0,3.496736128815834,3.5176152476512588,28.7,29.051651513392244,True,prefix,full_fit
1823.0,3.4964461925528347,3.517395236831173,28.7,29.053424313848325,True,prefix,full_fit
1824.0,3.4960750083864474,3.517174955092986,28.7,29.055197114304406,True,prefix,full_fit
1825.0,3.4957663200268363,3.5169543996668384,28.6,29.056969914760487,True,prefix,full_fit
1826.0,3.4954763837638376,3.5167335677787745,28.7,29.058742715216567,True,prefix,full_fit
1827.0,3.4951864475008385,3.5165124566508172,28.7,29.06051551567265,True,prefix,full_fit
1828.0,3.49489651123784,3.5162910635010314,28.6,29.06228831612873,True,prefix,full_fit
1829.0,3.4948,3.5160693855436236,28.7,29.06406111658481,True,prefix,full_fit
1830.0,3.494616638711842,3.5158474199890106,28.7,29.065833917040834,True,prefix,full_fit
1831.0,3.4943267024488427,3.515625164043895,28.7,29.067606717496915,True,prefix,full_fit
1832.0,3.4940367661858436,3.515402614911359,28.7,29.069379517952996,True,prefix,full_fit
1833.0,3.4937468299228445,3.515179769790957,28.7,29.071152318409077,True,prefix,full_fit
1834.0,3.493456893659846,3.5149566258787965,28.7,29.072925118865157,True,prefix,full_fit
1835.0,3.4931226098624624,3.514733180367619,28.7,29.07469791932124,True,prefix,full_fit
1836.0,3.4929,3.514509414747379,28.7,29.076462818346442,True,prefix,full_fit
1837.0,3.492787084870849,3.5142853400505203,28.7,29.07822678503004,True,prefix,full_fit
1838.0,3.4924971486078498,3.5140609551606348,28.7,29.079990675154704,True,prefix,full_fit
1839.0,3.4922072123448507,3.5138362572580393,28.7,29.08175448872032,True,prefix,full_fit
1840.0,3.4919172760818515,3.513611243520205,28.6,29.08351822572689,True,prefix,full_fit
1841.0,3.4916273398188524,3.5133859111218624,28.7,29.085281886174528,True,prefix,full_fit
1842.0,3.4914,3.513160257235116,28.7,29.087045470063117,True,prefix,full_fit
1843.0,3.491347467292855,3.512934279029576,28.6,29.088808977392716,True,prefix,full_fit
1844.0,3.4910150620597116,3.5127079736724394,28.7,29.090572408163325,True,prefix,full_fit
1845.0,3.4905,3.5124813383286577,28.6,29.092335762374944,True,prefix,full_fit
1846.0,3.490477658503858,3.512254370161023,28.7,29.09409904002763,True,prefix,full_fit
1847.0,3.4901836296544784,3.5120270663303033,28.7,29.09586224112121,True,prefix,full_fit
1848.0,3.489795571955719,3.5117994239953934,28.7,29.0976253656558,True,prefix,full_fit
1849.0,3.4892156994297214,3.5115714403134204,28.7,29.09938841363146,True,prefix,full_fit
1850.0,3.488917913451862,3.511343112439902,28.7,29.10115138504807,True,prefix,full_fit
1851.0,3.4889,3.511114437528873,28.7,29.10291427990569,True,prefix,full_fit
1852.0,3.488638040925864,3.5108854127330233,28.7,29.104677098204263,True,prefix,full_fit
1853.0,3.488348104662865,3.5106560352038643,28.6,29.106439839943903,True,prefix,full_fit
1854.0,3.4880581683998657,3.510426302091848,28.6,29.108202505124552,True,prefix,full_fit
1855.0,3.4877682321368666,3.5101962105465585,28.7,29.109965093746155,True,prefix,full_fit
1856.0,3.487478295873868,3.5099657577168184,28.6,29.111727605808767,True,prefix,full_fit
1857.0,3.487188359610869,3.509734940750893,28.7,29.113490041312446,True,prefix,full_fit
1858.0,3.486831231130493,3.5095037567966223,28.7,29.115252400257077,True,prefix,full_fit
1859.0,3.4867,3.5092722030016086,28.7,29.11701468264272,True,prefix,full_fit
1860.0,3.486337101643744,3.509040276513363,28.7,29.118776888469313,True,prefix,full_fit
1861.0,3.4861,3.5088079744794873,28.7,29.120539017736974,True,prefix,full_fit
1862.0,3.4859386782958737,3.5085752940478585,28.8,29.122301070445587,True,prefix,full_fit
1863.0,3.4856487420328746,3.508342232366797,28.7,29.12406304659521,True,prefix,full_fit
1864.0,3.485358805769876,3.5081087865852494,28.7,29.125824946185787,True,prefix,full_fit
1865.0,3.4850688695068768,3.5078749538529874,28.7,29.12758676921743,True,prefix,full_fit
1866.0,3.4849,3.5076407313207594,28.7,29.129348515690083,True,prefix,full_fit
1867.0,3.484788996980879,3.5074061161405568,28.7,29.131110185603745,True,prefix,full_fit
1868.0,3.48449906071788,3.5071711054657175,28.7,29.132871778958304,True,prefix,full_fit
1869.0,3.484209124454881,3.5069356964512037,28.6,29.134633295753986,True,prefix,full_fit
1870.0,3.483892250922509,3.5066998862537755,28.6,29.13639473599062,True,prefix,full_fit
1871.0,3.483529251928883,3.506463672032178,28.6,29.138156099668265,True,prefix,full_fit
1872.0,3.483239315665884,3.5062270509474,28.7,29.139917386786863,True,prefix,full_fit
1873.0,3.483,3.5059900201628427,28.7,29.141678597346527,True,prefix,full_fit
1874.0,3.482918886279772,3.5057525768445736,28.7,29.1434397313472,True,prefix,full_fit
1875.0,3.4824,3.505514718161518,28.6,29.14520078878877,True,prefix,full_fit
1876.0,3.482379570613888,3.5052764412857247,28.7,29.146961769671464,True,prefix,full_fit
1877.0,3.482089634350889,3.5050377433925406,28.7,29.14872267399511,True,prefix,full_fit
1878.0,3.4817993961757794,3.5047986216609024,28.6,29.150483501759766,True,prefix,full_fit
1879.0,3.481219523649782,3.5045590732735357,28.6,29.152244252965374,True,prefix,full_fit
1880.0,3.4812,3.504319095417216,28.7,29.15400492761205,True,prefix,full_fit
1881.0,3.480929889298893,3.504078685283,28.6,29.155765525699678,True,prefix,full_fit
1882.0,3.4805532707145255,3.5038378400664802,28.6,29.157526047228316,True,prefix,full_fit
1883.0,3.480250016772895,3.5035965569680476,28.6,29.159286492197964,True,prefix,full_fit
1884.0,3.4799600805098962,3.5033548331931383,28.6,29.16104686060862,True,prefix,full_fit
1885.0,3.479670144246897,3.5031126659524827,28.6,29.162807152460232,True,prefix,full_fit
1886.0,3.479380207983898,3.502870052462401,28.6,29.164567367752852,True,prefix,full_fit
1887.0,3.4793,3.5026269899450453,28.7,29.16632750648654,True,prefix,full_fit
1888.0,3.4791003354579,3.5023834756286876,28.6,29.16808756866118,True,prefix,full_fit
1889.0,3.478810399194901,3.502139506747982,28.6,29.16984755427677,True,prefix,full_fit
1890.0,3.478520462931902,3.501895080544254,28.6,29.171607463333487,True,prefix,full_fit
1891.0,3.478230526668903,3.5016501942657907,28.7,29.1733672958311,True,prefix,full_fit
1892.0,3.477940590405904,3.5014048451681177,28.8,29.175127051769778,True,prefix,full_fit
1893.0,3.47760087219054,3.5011590305142937,28.7,29.176886731149466,True,prefix,full_fit
1894.0,3.4774,3.5009127475752106,28.7,29.17864633397005,True,prefix,full_fit
1895.0,3.477270781616907,3.5006659936299,28.8,29.180405860231758,True,prefix,full_fit
1896.0,3.476980845353908,3.500418765965825,28.8,29.18216530993442,True,prefix,full_fit
1897.0,3.4766909090909093,3.5001710618791866,28.8,29.183924683078033,True,prefix,full_fit
1898.0,3.47640097282791,3.49992287867525,28.7,29.185683979662656,True,prefix,full_fit
1899.0,3.476111036564911,3.4996742136686576,28.7,29.187443199688346,True,prefix,full_fit
1900.0,3.4759,3.499425064183736,28.8,29.18920234315499,True,prefix,full_fit
1901.0,3.475831164038913,3.4991754275548246,28.8,29.19096141006264,True,prefix,full_fit
1902.0,3.475541227775914,3.4989253011266297,28.8,29.192720400411304,True,prefix,full_fit
1903.0,3.475251291512915,3.498674682254518,28.6,29.194479314200976,True,prefix,full_fit
1904.0,3.474961355249916,3.498423568304875,28.8,29.1962381514316,True,prefix,full_fit
1905.0,3.4747,3.498171956655435,28.8,29.19799691210335,True,prefix,full_fit
1906.0,3.4746567930224757,3.4979198446956326,28.8,29.199755596215994,True,prefix,full_fit
1907.0,3.4739830929218387,3.497667229826961,28.7,29.201514203769648,True,prefix,full_fit
1908.0,3.47340322039584,3.497414109463284,28.8,29.203272734764255,True,prefix,full_fit
1909.0,3.4734,3.497160481031241,28.8,29.205031189199985,True,prefix,full_fit
1910.0,3.473121737671922,3.4969063419705813,28.8,29.206789567076612,True,prefix,full_fit
1911.0,3.472831801408923,3.496651689734514,28.8,29.208547868394305,True,prefix,full_fit
1912.0,3.4725418651459243,3.496396521790102,28.9,29.21030609315295,True,prefix,full_fit
1913.0,3.472251928882925,3.4961408356186316,28.7,29.212064241352607,True,prefix,full_fit
1914.0,3.4722,3.4958846287159577,28.8,29.213822312993273,True,prefix,full_fit
1915.0,3.471972056356927,3.4956278985929203,28.8,29.215580308074948,True,prefix,full_fit
1916.0,3.471682120093928,3.4953706427757014,28.8,29.217338226597633,True,prefix,full_fit
1917.0,3.4713229117745725,3.4951128588062095,28.7,29.219096068561328,True,prefix,full_fit
1918.0,3.47100224756793,3.494854544242499,28.7,29.22085383396592,True,prefix,full_fit
1919.0,3.4707123113049314,3.4945956966591263,28.7,29.222611522811633,True,prefix,full_fit
1920.0,3.4704223750419323,3.4943363136475747,28.7,29.2243691350983,True,prefix,full_fit
1921.0,3.4703,3.4940763928166394,28.8,29.226126670825977,True,prefix,full_fit
1922.0,3.4701425025159343,3.493815931792833,28.8,29.227884129994607,True,prefix,full_fit
1923.0,3.469852566252935,3.4935549282208016,28.8,29.229641512604303,True,prefix,full_fit
1924.0,3.469562629989936,3.4932933797637338,28.8,29.231398818654952,True,prefix,full_fit
1925.0,3.4692726937269374,3.4930312841037647,28.7,29.233156048146668,True,prefix,full_fit
1926.0,3.4689827574639382,3.4927686389424064,28.7,29.234913201079337,True,prefix,full_fit
1927.0,3.4688,3.4925054420009585,28.8,29.236670277453015,True,prefix,full_fit
1928.0,3.46870288493794,3.4922416910209617,28.8,29.238427277267647,True,prefix,full_fit
1929.0,3.4683839315665885,3.4919773837645693,28.7,29.2401842005234,True,prefix,full_fit
1930.0,3.4680230124119427,3.4917125180150475,28.7,29.241941047220052,True,prefix,full_fit
1931.0,3.467733076148943,3.4914470915771343,28.8,29.24369781735777,True,prefix,full_fit
1932.0,3.467443139885944,3.4911811022775536,28.8,29.245454510936383,True,prefix,full_fit
1933.0,3.4671532036229453,3.4909145479654047,28.8,29.24721112795612,True,prefix,full_fit
1934.0,3.4669,3.490647426512612,28.8,29.248967668416753,True,prefix,full_fit
1935.0,3.4668733310969473,3.4903797358143933,28.8,29.250724132318453,True,prefix,full_fit
1936.0,3.4665833948339486,3.490111473789688,28.8,29.252480519661162,True,prefix,full_fit
1937.0,3.4662934585709495,3.489842638381616,28.8,29.25423683044488,True,prefix,full_fit
1938.0,3.4660035223079504,3.489573227557937,28.8,29.255993064669497,True,prefix,full_fit
1939.0,3.4654271720899024,3.489303239311497,28.8,29.25774922233518,True,prefix,full_fit
1940.0,3.4650315330426027,3.4890326716606967,28.8,29.25950530344187,True,prefix,full_fit
1941.0,3.465,3.4887615226499538,28.8,29.26126130798957,True,prefix,full_fit
1942.0,3.4647437772559546,3.4884897903501706,28.8,29.263017235978225,True,prefix,full_fit
1943.0,3.4644538409929555,3.4882174728591826,28.8,29.264773087407946,True,prefix,full_fit
1944.0,3.4641639047299564,3.487944568302245,28.8,29.26652886227862,True,prefix,full_fit
1945.0,3.4638739684669573,3.487671074832518,28.8,29.268284560590303,True,prefix,full_fit
1946.0,3.463584032203958,3.487396990631503,28.8,29.270040182343052,True,prefix,full_fit
1947.0,3.4632940959409595,3.4871223139095484,28.8,29.2717957275367,True,prefix,full_fit
1948.0,3.4632,3.486847042906323,28.8,29.27355119617141,True,prefix,full_fit
1949.0,3.4630142234149615,3.4865711758912763,28.8,29.275306588247133,True,prefix,full_fit
1950.0,3.4627242871519623,3.486294711164146,28.8,29.27706190376381,True,prefix,full_fit
1951.0,3.4624343508889632,3.4860176470554256,28.8,29.278817142721437,True,prefix,full_fit
1952.0,3.462092552834619,3.4857399819268484,28.8,29.280572305120188,True,prefix,full_fit
1953.0,3.4617544783629652,3.4854617141718762,28.8,29.282327390959836,True,prefix,full_fit
1954.0,3.4616,3.4851828422161937,28.8,29.28408240024055,True,prefix,full_fit
1955.0,3.461474605836967,3.4849033645181944,28.8,29.285837332962274,True,prefix,full_fit
1956.0,3.4611846695739685,3.484623279569446,28.8,29.28759218912495,True,prefix,full_fit
1957.0,3.4608947333109694,3.4843425858952224,28.8,29.289346968728637,True,prefix,full_fit
1958.0,3.4606047970479707,3.4840612820549652,28.8,29.29110167177339,True,prefix,full_fit
1959.0,3.4603148607849716,3.4837793666427874,28.7,29.292856298259096,True,prefix,full_fit
1960.0,3.4600249245219725,3.483496838287958,28.7,29.294610848185755,True,prefix,full_fit
1961.0,3.4598,3.4832136956554054,28.8,29.29636532155348,True,prefix,full_fit
1962.0,3.4597450519959745,3.482929937446212,28.8,29.298119718362216,True,prefix,full_fit
1963.0,3.4594551157329754,3.482645562398089,28.8,29.299874038611904,True,prefix,full_fit
1964.0,3.459153572626635,3.482360569285897,28.8,29.3016282823026,True,prefix,full_fit
1965.0,3.4587752432069774,3.4820749569221388,29.0,29.30338244943431,True,prefix,full_fit
1966.0,3.4584853069439787,3.4817887241574077,28.8,29.30513654000697,True,prefix,full_fit
1967.0,3.4582,3.481501869880965,28.8,29.30689055402064,True,prefix,full_fit
1968.0,3.4582,3.4812143930211397,28.8,29.308644491475434,True,prefix,full_fit
1969.0,3.457630996309963,3.4809262925459077,28.8,29.310398352371124,True,prefix,full_fit
1970.0,3.4573255618919827,3.4806375674633143,28.8,29.312152136707766,True,prefix,full_fit
1971.0,3.4570356256289836,3.48034821682202,28.8,29.313905844485532,True,prefix,full_fit
1972.0,3.4567456893659845,3.4800582397117528,28.8,29.315659475704194,True,prefix,full_fit
1973.0,3.4564557531029854,3.4797676352638316,29.0,29.31741303036398,True,prefix,full_fit
1974.0,3.4564,3.479476402651602,28.8,29.319166508464605,True,prefix,full_fit
1975.0,3.455877054679638,3.4791845410909965,28.9,29.320919910006353,True,prefix,full_fit
1976.0,3.4557,3.4788920498409657,29.0,29.32267323498911,True,prefix,full_fit
1977.0,3.4554960080509898,3.4785989282039695,28.9,29.324426483412765,True,prefix,full_fit
1978.0,3.4552060717879907,3.4783051755264944,28.9,29.326179655277485,True,prefix,full_fit
1979.0,3.4549161355249915,3.478010791199486,29.0,29.327932750583216,True,prefix,full_fit
1980.0,3.4546261992619924,3.477715774658851,29.0,29.329685769329956,True,prefix,full_fit
1981.0,3.4545,3.4774201253859465,29.0,29.33143871151765,True,prefix,full_fit
1982.0,3.454346326735995,3.4771238429080253,28.9,29.33319157714635,True,prefix,full_fit
1983.0,3.4540563904729957,3.476826926798715,28.8,29.334944366216064,True,prefix,full_fit
1984.0,3.4537664542099966,3.4765293766785206,28.9,29.336697078726786,True,prefix,full_fit
1985.0,3.4534765179469975,3.4762311922152156,29.0,29.338449714678518,True,prefix,full_fit
1986.0,3.4531865816839984,3.4759323731243836,29.0,29.340202274071203,True,prefix,full_fit
1987.0,3.453,3.475632919169828,29.0,29.341954756904954,True,prefix,full_fit
1988.0,3.452875612210667,3.475332830164037,29.0,29.343707163179715,True,prefix,full_fit
1989.0,3.4525167728950015,3.475032105968638,29.0,29.345459492895372,True,prefix,full_fit
1990.0,3.452226836632003,3.4747307464948634,29.0,29.347211746052096,True,prefix,full_fit
1991.0,3.4519369003690037,3.4744287517039503,28.8,29.348963922649887,True,prefix,full_fit
1992.0,3.4517,3.4741261216076236,28.8,29.350716022688573,True,prefix,full_fit
1993.0,3.451657027843006,3.473822856268507,29.0,29.352468046168326,True,prefix,full_fit
1994.0,3.4513670915800065,3.4735189558005577,29.0,29.354219993088975,True,prefix,full_fit
1995.0,3.4510771553170074,3.4732144203694997,29.0,29.355971863450748,True,prefix,full_fit
1996.0,3.4507872190540088,3.4729092501932333,29.0,29.357723657253473,True,prefix,full_fit
1997.0,3.4504972827910096,3.4726034455422576,29.0,29.35947537449715,True,prefix,full_fit
1998.0,3.450207346528011,3.472297006740086,29.0,29.361227015181896,True,prefix,full_fit
1999.0,3.4502,3.4719899341636293,29.0,29.36297857930765,True,prefix,full_fit
2000.0,3.449291580006709,3.4716822282436315,29.0,29.364730066874415,True,prefix,full_fit
2001.0,3.4492,3.471373889465024,29.0,29.366481477882132,True,prefix,full_fit
2002.0,3.4489476014760148,3.4710649183673414,29.0,29.36823281233086,True,prefix,full_fit
2003.0,3.4486576652130156,3.470755315545082,29.0,29.369984070220596,True,prefix,full_fit
2004.0,3.448367728950017,3.4704450816481076,29.0,29.371735251551343,True,prefix,full_fit
2005.0,3.4483,3.470134217381977,29.0,29.373486356323042,True,prefix,full_fit
2006.0,3.4478757128480377,3.4698227235083454,29.0,29.375237384535808,True,prefix,full_fit
2007.0,3.4477,3.4695106008452883,29.0,29.376988336189527,True,prefix,full_fit
2008.0,3.4475079838980207,3.469197850267657,29.0,29.3787392112842,True,prefix,full_fit
2009.0,3.4472180476350216,3.4688844727074355,29.0,29.380490009819994,True,prefix,full_fit
2010.0,3.446928111372023,3.4685704691540513,29.0,29.382240731796742,True,prefix,full_fit
2011.0,3.4465842334786987,3.4682558406546975,29.0,29.3839913772145,True,prefix,full_fit
2012.0,3.446248238846025,3.467940588314672,29.0,29.38574194607321,True,prefix,full_fit
2013.0,3.4461,3.4676247132976696,29.0,29.38749243837293,True,prefix,full_fit
2014.0,3.445968366320027,3.4673082168260816,29.0,29.38924285411366,True,prefix,full_fit
2015.0,3.445678430057028,3.466991100181286,29.0,29.390993193295458,True,prefix,full_fit
2016.0,3.4453884937940287,3.466673364703944,29.0,29.39274345591815,True,prefix,full_fit
2017.0,3.4450985575310296,3.4663550117942608,29.0,29.39449364198191,True,prefix,full_fit
2018.0,3.4449,3.4660360429122496,29.0,29.39624375148668,True,prefix,full_fit
2019.0,3.444818685005032,3.4657164595779992,29.0,29.3979937844324,True,prefix,full_fit
2020.0,3.444528748742033,3.465396263371901,29.0,29.399743740819133,True,prefix,full_fit
2021.0,3.444238812479034,3.465075455934911,29.0,29.401493620646875,True,prefix,full_fit
2022.0,3.4439488762160346,3.4647540389687403,29.0,29.403243423915626,True,prefix,full_fit
2023.0,3.4436452532707147,3.4644320142361194,29.0,29.404993150625387,True,prefix,full_fit
2024.0,3.4432690036900366,3.4641093835609578,29.0,29.4067428007761,True,prefix,full_fit
2025.0,3.443,3.4637861488285706,29.0,29.40849237436788,True,prefix,full_fit
2026.0,3.442989131164039,3.4634623119858508,29.0,29.41024187140067,True,prefix,full_fit
2027.0,3.44269919490104,3.4631378750414443,29.0,29.411991291874415,True,prefix,full_fit
2028.0,3.4424092586380413,3.462812840065925,29.2,29.41374063578911,True,prefix,full_fit
2029.0,3.441838644750084,3.4624872091919277,29.0,29.415489903144874,True,prefix,full_fit
2030.0,3.441529386112043,3.462160984614309,29.0,29.417239093941646,True,prefix,full_fit
2031.0,3.4415,3.461834168590274,29.0,29.41898820817937,True,prefix,full_fit
2032.0,3.441249513586045,3.4615067634394734,29.0,29.420737245858106,True,prefix,full_fit
2033.0,3.440959577323046,3.4611787715441507,29.2,29.422486206977908,True,prefix,full_fit
2034.0,3.440669641060047,3.460850195349197,29.2,29.424235091538606,True,prefix,full_fit
2035.0,3.4403062730627307,3.460521037362254,29.1,29.425983899540427,True,prefix,full_fit
2036.0,3.439989768534049,3.46019130015379,29.0,29.4277326309832,True,prefix,full_fit
2037.0,3.4399,3.459860986357149,29.1,29.42948128586687,True,prefix,full_fit
2038.0,3.439709896008051,3.4595300986685844,29.2,29.431229864191664,True,prefix,full_fit
2039.0,3.439419959745052,3.4591986398473242,29.1,29.432978365957467,True,prefix,full_fit
2040.0,3.4391300234820528,3.458866612715573,29.1,29.434726791164223,True,prefix,full_fit
2041.0,3.438840087219054,3.4585340201585,29.2,29.43647513981199,True,prefix,full_fit
2042.0,3.438550150956055,3.4582008651242817,29.1,29.438223411900765,True,prefix,full_fit
2043.0,3.4384,3.4578671506240384,29.1,29.439971607430437,True,prefix,full_fit
2044.0,3.438270278430057,3.4575328797318203,29.1,29.44171972640129,True,prefix,full_fit
2045.0,3.437980342167058,3.4571980555845823,29.1,29.443467768813036,True,prefix,full_fit
2046.0,3.437690405904059,3.4568626813820673,29.2,29.445215734665794,True,prefix,full_fit
2047.0,3.4373672928547467,3.4565267603868204,29.1,29.44696362395956,True,prefix,full_fit
2048.0,3.437010533378061,3.4561902959240056,29.1,29.448711436694282,True,prefix,full_fit
2049.0,3.4368,3.455853291381393,29.1,29.450459172870012,True,prefix,full_fit
2050.0,3.436730660852063,3.4555157502091807,29.0,29.452206832486866,True,prefix,full_fit
2051.0,3.436440724589064,3.455177675919905,29.0,29.45395441554456,True,prefix,full_fit
2052.0,3.436150788326065,3.4548390720882782,29.0,29.455701922043374,True,prefix,full_fit
2053.0,3.4358608520630662,3.454499942351046,29.0,29.457449351983144,True,prefix,full_fit
2054.0,3.435570915800067,3.4541602904068047,29.0,29.459196705363922,True,prefix,full_fit
2055.0,3.435280979537068,3.453820120015822,29.0,29.460943982185654,True,prefix,full_fit
2056.0,3.435,3.4534794349998448,29.2,29.462691182448452,True,prefix,full_fit
2057.0,3.435,3.4531382392418575,29.0,29.464438306152203,True,prefix,full_fit
2058.0,3.434711170748071,3.452796536685896,29.0,29.466185353296964,True,prefix,full_fit
2059.0,3.434328312646763,3.4524543313367646,29.0,29.467932323882792,True,prefix,full_fit
2060.0,3.4337625964441463,3.452111627259792,29.0,29.469679217909572,True,prefix,full_fit
2061.0,3.433441361959074,3.451768428580566,29.0,29.471426035377362,True,prefix,full_fit
2062.0,3.433151425696075,3.4514247394846436,29.0,29.47317277628605,True,prefix,full_fit
2063.0,3.4331,3.4510805642172326,29.0,29.4749194406358,True,prefix,full_fit
2064.0,3.432871553170077,3.4507359225631964,29.0,29.47667375259755,True,prefix,full_fit
2065.0,3.432581616907078,3.4503908046178347,29.0,29.478428591722263,True,prefix,full_fit
2066.0,3.432291680644079,3.450045213738138,29.0,29.480183426441783,True,prefix,full_fit
2067.0,3.4320017443810804,3.4496991544047013,29.1,29.48193825675611,True,prefix,full_fit
2068.0,3.4317118081180813,3.449352631155993,29.2,29.48369308266524,True,prefix,full_fit
2069.0,3.4316,3.4490056485880562,29.2,29.485447904169177,True,prefix,full_fit
2070.0,3.4313759141227775,3.4486582113540276,29.2,29.48720272126792,True,prefix,full_fit
2071.0,3.431041999329084,3.4483103241637627,29.2,29.488957533961468,True,prefix,full_fit
2072.0,3.4307520630660853,3.4479619917833775,29.2,29.49071234224988,True,prefix,full_fit
2073.0,3.430462126803086,3.4476132190347872,29.2,29.49246714613298,True,prefix,full_fit
2074.0,3.430172190540087,3.4472640107952746,29.2,29.494221945611002,True,prefix,full_fit
2075.0,3.43,3.44691437199696,29.2,29.495976740683773,True,prefix,full_fit
2076.0,3.4297846360281783,3.446564307626348,29.2,29.49773153135135,True,prefix,full_fit
2077.0,3.4294,3.4462138227237835,29.1,29.499486317613787,True,prefix,full_fit
2078.0,3.429312445488091,3.4458629223829496,29.1,29.50124109947103,True,prefix,full_fit
2079.0,3.429022509225092,3.4455116117503053,29.1,29.502995876923023,True,prefix,full_fit
2080.0,3.428732572962093,3.4451598960245438,29.0,29.50475064996988,True,prefix,full_fit
2081.0,3.4284235155987925,3.4448077804560175,29.0,29.50650541861154,True,prefix,full_fit
2082.0,3.4281,3.4444552703461615,29.0,29.508260182848005,True,prefix,full_fit
2083.0,3.4280627641730965,3.4441023710468803,29.2,29.51001494267922,True,prefix,full_fit
2084.0,3.4277728279100974,3.4437490879599353,29.2,29.511769698105297,True,prefix,full_fit
2085.0,3.4274828916470983,3.443395426536331,29.2,29.513524449126237,True,prefix,full_fit
2086.0,3.427192955384099,3.4430413922756706,29.0,29.515279195741925,True,prefix,full_fit
2087.0,3.4269030191211,3.4426869907254773,29.2,29.51703393795242,True,prefix,full_fit
2088.0,3.4269,3.4423322274805646,29.2,29.51878867575772,True,prefix,full_fit
2089.0,3.4266231465951025,3.441977108182323,29.2,29.520543409157824,True,prefix,full_fit
2090.0,3.4263332103321034,3.441621638518015,29.2,29.522298138152735,True,prefix,full_fit
2091.0,3.4257865481382086,3.441265824220115,29.2,29.524052862742508,True,prefix,full_fit
2092.0,3.425453337806105,3.440909671065521,29.0,29.525807582927087,True,prefix,full_fit
2093.0,3.425084535390808,3.440553184874857,29.2,29.527562298706357,True,prefix,full_fit
2094.0,3.425,3.4401963715117345,29.2,29.529317010080547,True,prefix,full_fit
2095.0,3.4247835290171085,3.4398392368819435,29.2,29.531071717049542,True,prefix,full_fit
2096.0,3.4244935927541094,3.4394817869327214,29.2,29.532826419613343,True,prefix,full_fit
2097.0,3.4242036564911102,3.439124027651939,29.1,29.534581117771893,True,prefix,full_fit
2098.0,3.423913720228111,3.438765965067317,29.1,29.536335811525305,True,prefix,full_fit
2099.0,3.4236237839651125,3.4384076052455885,29.2,29.538090500873523,True,prefix,full_fit
2100.0,3.4235,3.4380489542917108,29.2,29.539845185816546,True,prefix,full_fit
2101.0,3.4233439114391144,3.4376900183480044,29.2,29.541599866354375,True,prefix,full_fit
2102.0,3.4230539751761153,3.437330803593311,29.2,29.54335454248701,True,prefix,full_fit
2103.0,3.422764038913116,3.436971316242122,29.2,29.54510921421445,True,prefix,full_fit
2104.0,3.4224741026501175,3.436611562543743,29.2,29.54686388153675,True,prefix,full_fit
2105.0,3.4223,3.4362515487813594,29.2,29.548618544453802,True,prefix,full_fit
2106.0,3.4221589734988256,3.4358912812712035,29.2,29.55037320296566,True,prefix,full_fit
2107.0,3.4218042938611206,3.4355307663616106,29.2,29.552127857072378,True,prefix,full_fit
2108.0,3.4215143575981215,3.4351700104321123,29.2,29.553882506773846,True,prefix,full_fit
2109.0,3.4212244213351224,3.4348090198925316,29.2,29.55563715207012,True,prefix,full_fit
2110.0,3.4209344850721233,3.43444780118203,29.2,29.557391792961255,True,prefix,full_fit
2111.0,3.4207,3.434086360768179,29.2,29.559146429447196,True,prefix,full_fit
2112.0,3.4206546125461257,3.433724705146004,29.2,29.560901061527886,True,prefix,full_fit
2113.0,3.420364676283126,3.4333628408370105,29.2,29.56265568920344,True,prefix,full_fit
2114.0,3.4200747400201275,3.4330007743882467,29.2,29.564410312473797,True,prefix,full_fit
2115.0,3.4197848037571283,3.432638512371288,29.2,29.56616493133896,True,prefix,full_fit
2116.0,3.4194948674941297,3.4322760613812884,29.2,29.56791954579893,True,prefix,full_fit
2117.0,3.4192049312311306,3.431913428035948,29.2,29.569674155853647,True,prefix,full_fit
2118.0,3.418819993290842,3.4315506189745415,29.2,29.571428761503284,True,prefix,full_fit
2119.0,3.4188,3.431187640856896,29.2,29.57318336274767,True,prefix,full_fit
2120.0,3.4185351224421336,3.4308245003623807,29.2,29.574937959586862,True,prefix,full_fit
2121.0,3.4179903723582687,3.4304612041888767,29.2,29.57669255202086,True,prefix,full_fit
2122.0,3.4176552499161357,3.4300977590517427,29.2,29.578447140049718,True,prefix,full_fit
2123.0,3.4173653136531366,3.4297341716827976,29.2,29.580201723673326,True,prefix,full_fit
2124.0,3.4170753773901374,3.4293704488292716,29.2,29.581956302891797,True,prefix,full_fit
2125.0,3.417,3.429006597252745,29.2,29.583710877705016,True,prefix,full_fit
2126.0,3.4167955048641394,3.4286426237281002,29.2,29.585465448113098,True,prefix,full_fit
2127.0,3.4165055686011407,3.4282785350424883,29.2,29.58722001411593,True,prefix,full_fit
2128.0,3.4162156323381416,3.4279143379942334,29.2,29.58897457571362,True,prefix,full_fit
2129.0,3.415867594766857,3.42755003939179,29.2,29.59072913290612,True,prefix,full_fit
2130.0,3.4155357598121436,3.4271856460526466,29.2,29.592483685693367,True,prefix,full_fit
2131.0,3.4154,3.426821164802276,29.2,29.594238234075533,True,prefix,full_fit
2132.0,3.4152558872861456,3.426456602473039,29.2,29.59599277805239,True,prefix,full_fit
2133.0,3.4149659510231465,3.4260919659031206,29.2,29.59774731762417,True,prefix,full_fit
2134.0,3.4146760147601474,3.42572726193543,29.2,29.599501852790638,True,prefix,full_fit
2135.0,3.4143860784971487,3.42536249741651,29.2,29.60125638355197,True,prefix,full_fit
2136.0,3.4140961422341496,3.4249976791954726,29.2,29.603010909908107,True,prefix,full_fit
2137.0,3.4139,3.424632814122873,29.2,29.604765431859107,True,prefix,full_fit
2138.0,3.4138162697081516,3.4242679090496577,29.2,29.606519949404912,True,prefix,full_fit
2139.0,3.413526333445153,3.4239029708260205,29.2,29.608274462545467,True,prefix,full_fit
2140.0,3.4132363971821538,3.4235380063003653,29.2,29.610028971280826,True,prefix,full_fit
2141.0,3.4129286145588726,3.4231730223181622,29.2,29.61178347561105,True,prefix,full_fit
2142.0,3.4125565246561558,3.422808025720875,29.3,29.613537975536076,True,prefix,full_fit
2143.0,3.4122665883931567,3.422443023344862,29.4,29.615292471055852,True,prefix,full_fit
2144.0,3.412,3.4220780220202798,29.1,29.617046962170434,True,prefix,full_fit
2145.0,3.4119867158671586,3.421713028569983,29.4,29.61880144887988,True,prefix,full_fit
2146.0,3.41169677960416,3.4213480498084463,29.4,29.62055593118413,True,prefix,full_fit
2147.0,3.411406843341161,3.420983092540661,29.2,29.622310409083184,True,prefix,full_fit
2148.0,3.4111169070781613,3.420618163561031,29.1,29.624064882577045,True,prefix,full_fit
2149.0,3.4111,3.4202532696523225,29.2,29.62581935166571,True,prefix,full_fit
2150.0,3.4108370345521637,3.4198884175845325,29.2,29.627573816349184,True,prefix,full_fit
2151.0,3.4105470982891646,3.419523614113838,29.2,29.62932827662746,True,prefix,full_fit
2152.0,3.4100143240523315,3.4191588659815073,29.2,29.6310827325006,True,prefix,full_fit
2153.0,3.409589634350889,3.4187941799127963,29.2,29.63283718396849,True,prefix,full_fit
2154.0,3.4092772895001677,3.418429562615927,29.2,29.634591631031185,True,prefix,full_fit
2155.0,3.4089873532371686,3.4180650207809635,29.3,29.636346073688685,True,prefix,full_fit
2156.0,3.4086974169741695,3.4177005610787807,29.4,29.63810051194099,True,prefix,full_fit
2157.0,3.4086,3.4173361901599884,29.3,29.63985494578816,True,prefix,full_fit
2158.0,3.408417544448172,3.4169719146538737,29.1,29.641609375230075,True,prefix,full_fit
2159.0,3.408127608185173,3.416607741167355,29.2,29.643363800266854,True,prefix,full_fit
2160.0,3.4078376719221737,3.416243676283929,29.2,29.64511822089844,True,prefix,full_fit
2161.0,3.4077,3.4158797265626424,29.2,29.64687263712483,True,prefix,full_fit
2162.0,3.4075577993961756,3.4155158985370253,29.2,29.648627048946025,True,prefix,full_fit
2163.0,3.4072678631331765,3.41515219871411,29.2,29.65038145636197,True,prefix,full_fit
2164.0,3.406977926870178,3.4147886335733624,29.2,29.652135859372777,True,prefix,full_fit
2165.0,3.406650654142905,3.414425209565693,29.2,29.653890257978446,True,prefix,full_fit
2166.0,3.40629805434418,3.4140619331124427,29.2,29.655644652178808,True,prefix,full_fit
2167.0,3.4060081180811808,3.413698810604374,29.2,29.657399041974088,True,prefix,full_fit
2168.0,3.4058,3.4133358484006804,29.2,29.659153427364117,True,prefix,full_fit
2169.0,3.4056564911103657,3.4129730528280042,29.1,29.66090780834901,True,prefix,full_fit
2170.0,3.4052,3.41261043017945,29.2,29.66266218492865,True,prefix,full_fit
2171.0,3.4051483730291845,3.4122479867136253,29.3,29.664416557103095,True,prefix,full_fit
2172.0,3.404858436766186,3.411885728653668,29.2,29.666170924872347,True,prefix,full_fit
2173.0,3.4045685005031867,3.4115236621862923,29.3,29.667925288236404,True,prefix,full_fit
2174.0,3.404278564240188,3.4111617934608507,29.2,29.66967964719538,True,prefix,full_fit
2175.0,3.404,3.4108001285884098,29.4,29.671434001749105,True,prefix,full_fit
2176.0,3.40399869171419,3.4104386736407926,29.3,29.67318835189758,True,prefix,full_fit
2177.0,3.403708755451191,3.410077434649696,29.3,29.67494269764086,True,prefix,full_fit
2178.0,3.4033250922509226,3.4097164176057633,29.4,29.676697038979,True,prefix,full_fit
2179.0,3.403028882925193,3.4093556284576936,29.3,29.678451375911948,True,prefix,full_fit
2180.0,3.402738946662194,3.408995073111358,29.4,29.6802057084397,True,prefix,full_fit
2181.0,3.4021980207983895,3.408634757428926,29.2,29.681960036562316,True,prefix,full_fit
2182.0,3.4021,3.408274687227993,29.3,29.683714360279623,True,prefix,full_fit
2183.0,3.401869137873197,3.407914868280733,29.3,29.68546867959185,True,prefix,full_fit
2184.0,3.4015792016101978,3.40755530631304,29.3,29.687222994498768,True,prefix,full_fit
2185.0,3.4012892653471987,3.407196007003715,29.3,29.688977305000606,True,prefix,full_fit
2186.0,3.4009993290842,3.4068369759836417,29.2,29.690731611097192,True,prefix,full_fit
2187.0,3.400709392821201,3.40647821883496,29.3,29.69248591278864,True,prefix,full_fit
2188.0,3.4003592754109357,3.406119741090289,29.3,29.694240210074838,True,prefix,full_fit
2189.0,3.400029520295203,3.4057615482319172,29.2,29.695994502955898,True,prefix,full_fit
2190.0,3.3999,3.4054036456910506,29.3,29.697748791431707,True,prefix,full_fit
2191.0,3.399749647769205,3.4050460388470407,29.3,29.69950307550232,True,prefix,full_fit
2192.0,3.399459711506206,3.4046887330266227,29.3,29.701257355167854,True,prefix,full_fit
2193.0,3.399169775243207,3.4043317335031897,29.3,29.703011630428136,True,prefix,full_fit
2194.0,3.398879838980208,3.4039750454960758,29.2,29.704765901283167,True,prefix,full_fit
2195.0,3.398589902717209,3.4036186741698025,29.2,29.70652016773306,True,prefix,full_fit
2196.0,3.3982999664542097,3.403262624633421,29.3,29.70827442977776,True,prefix,full_fit
2197.0,3.3981,3.4029069019398106,29.3,29.710028687417264,True,prefix,full_fit
2198.0,3.3980200939282117,3.402551511084982,29.3,29.711782940651574,True,prefix,full_fit
2199.0,3.397730157665213,3.4021964570074292,29.3,29.71353718948069,True,prefix,full_fit
2200.0,3.397420295202952,3.4018417445874887,29.3,29.71529143390461,True,prefix,full_fit
2201.0,3.397050285139215,3.4014873786466855,29.3,29.717045673923394,True,prefix,full_fit
2202.0,3.396760348876216,3.4011333639471006,29.2,29.718799909536926,True,prefix,full_fit
2203.0,3.3964704126132172,3.4007797051907858,29.3,29.72055414074532,True,prefix,full_fit
2204.0,3.3962,3.4004264070191397,29.3,29.722308367548465,True,prefix,full_fit
2205.0,3.3961905400872188,3.400073474012326,29.3,29.724062589946413,True,prefix,full_fit
2206.0,3.39590060382422,3.399720910688722,29.4,29.725816807939225,True,prefix,full_fit
2207.0,3.3953213351224423,3.399368721504305,29.4,29.727571021526842,True,prefix,full_fit
2208.0,3.3953,3.399016910852178,29.3,29.729325230709208,True,prefix,full_fit
2209.0,3.395030795035223,3.398665483061964,29.4,29.731079435486436,True,prefix,full_fit
2210.0,3.394740858772224,3.398314442399343,29.3,29.73283363585847,True,prefix,full_fit
2211.0,3.394118819188192,3.3979637930655024,29.3,29.73458783182531,True,prefix,full_fit
2212.0,3.394,3.39761353919665,29.4,29.736342023386953,True,prefix,full_fit
2213.0,3.393771049983227,3.397263684863562,29.3,29.738096210543404,True,prefix,full_fit
2214.0,3.3934811137202283,3.396914234071068,29.4,29.73985039329466,True,prefix,full_fit
2215.0,3.393191177457229,3.3965651907576273,29.3,29.74160457164072,True,prefix,full_fit
2216.0,3.39290124119423,3.396216558794869,29.3,29.743358745581588,True,prefix,full_fit
2217.0,3.392611304931231,3.395868341987168,29.3,29.74511291511726,True,prefix,full_fit
2218.0,3.3923213686682323,3.395520544071227,29.3,29.746867080247796,True,prefix,full_fit
2219.0,3.392031432405233,3.395173168715674,29.3,29.74862124097308,True,prefix,full_fit
2220.0,3.3919,3.3948262195206453,29.3,29.750375397293226,True,prefix,full_fit
2221.0,3.391751559879235,3.3944797000174507,29.3,29.75212954920812,True,prefix,full_fit
2222.0,3.391461623616236,3.394133613668161,29.4,29.75388369671782,True,prefix,full_fit
2223.0,3.391128916470983,3.393787963865292,29.3,29.75563783982244,True,prefix,full_fit
2224.0,3.390781751090238,3.3934427539314242,29.3,29.757391978521753,True,prefix,full_fit
2225.0,3.3904918148272394,3.3930979871188924,29.3,29.75914611281587,True,prefix,full_fit
2226.0,3.3902018785642403,3.3927536666094706,29.3,29.76090024270485,True,prefix,full_fit
2227.0,3.389911942301241,3.392409795514056,29.3,29.762654368188635,True,prefix,full_fit
2228.0,3.389622006038242,3.392066376872377,29.3,29.764408489267225,True,prefix,full_fit
2229.0,3.3894,3.3917234136527257,29.4,29.76616260594062,True,prefix,full_fit
2230.0,3.3893421335122444,3.391380908751652,29.4,29.767916718208824,True,prefix,full_fit
2231.0,3.3890521972492453,3.3910388649937375,29.4,29.76967082607183,True,prefix,full_fit
2232.0,3.388762260986246,3.3906972851313215,29.4,29.7714249295297,True,prefix,full_fit
2233.0,3.388472324723247,3.3903561718443047,29.3,29.77317902858232,True,prefix,full_fit
2234.0,3.3881765179469974,3.390015527739859,29.3,29.7749331232298,True,prefix,full_fit
2235.0,3.387792452197249,3.3896753553522765,29.4,29.77668721347203,True,prefix,full_fit
2236.0,3.3875025159342504,3.389335657142735,29.3,29.778441299309065,True,prefix,full_fit
2237.0,3.3872125796712513,3.3889964354990907,29.4,29.780195380740906,True,prefix,full_fit
2238.0,3.386922643408252,3.3886576927357366,29.4,29.781949457767666,True,prefix,full_fit
2239.0,3.3866327071452536,3.38831943109339,29.4,29.78370353038912,True,prefix,full_fit
2240.0,3.3866,3.3879816527389512,29.3,29.785457598605433,True,prefix,full_fit
2241.0,3.385858503857766,3.3876443597653454,29.4,29.787211662416553,True,prefix,full_fit
2242.0,3.3857,3.3873075541913757,29.4,29.78896572182242,True,prefix,full_fit
2243.0,3.3854729620932575,3.3869712379616033,29.4,29.790719776823153,True,prefix,full_fit
2244.0,3.3851830258302584,3.3866354129462133,29.4,29.79247382741869,True,prefix,full_fit
2245.0,3.3848241194230124,3.386300080940895,29.4,29.794227873608975,True,prefix,full_fit
2246.0,3.38450315330426,3.385965243666754,29.4,29.795981915394236,True,prefix,full_fit
2247.0,3.3842132170412613,3.3856309027701905,29.3,29.797735952774133,True,prefix,full_fit
2248.0,3.383923280778262,3.385297059822845,29.3,29.79948998574889,True,prefix,full_fit
2249.0,3.3836333445152635,3.384963716321481,29.3,29.801244014318456,True,prefix,full_fit
2250.0,3.3833434082522644,3.384630873687941,29.4,29.802998038482883,True,prefix,full_fit
2251.0,3.3832,3.384298533269078,29.4,29.804752058242116,True,prefix,full_fit
2252.0,3.3830635357262664,3.383966696336681,29.3,29.80650607359604,True,prefix,full_fit
2253.0,3.3827735994632673,3.3836353640874597,29.4,29.808260084544884,True,prefix,full_fit
2254.0,3.382483663200268,3.3833045376429727,29.4,29.810014091088533,True,prefix,full_fit
2255.0,3.3821937269372695,3.382974218049606,29.4,29.81176809322693,True,prefix,full_fit
2256.0,3.3818717208990274,3.382644406278546,29.3,29.813522090960248,True,prefix,full_fit
2257.0,3.3815138544112715,3.3823151032257717,29.4,29.815276084288257,True,prefix,full_fit
2258.0,3.3812239181482724,3.381986309712007,29.4,29.817030073211072,True,prefix,full_fit
2259.0,3.3809339818852733,3.381658026482745,29.4,29.818784057728806,True,prefix,full_fit
2260.0,3.380644045622274,3.381330254208242,29.4,29.82053803784129,True,prefix,full_fit
2261.0,3.3803541093592755,3.3810029934834955,29.4,29.822292013548577,True,prefix,full_fit
2262.0,3.3800641730962764,3.380676244828285,29.4,29.82404598485067,True,prefix,full_fit
2263.0,3.3797742368332773,3.380350008687163,29.4,29.82579995174757,True,prefix,full_fit
2264.0,3.3795,3.380024285429495,29.4,29.827553914239274,True,prefix,full_fit
2265.0,3.379488728614559,3.3796990753494556,29.3,29.829307872325785,True,prefix,full_fit
2266.0,3.3789088560885605,3.3793743786660873,29.4,29.831061826007158,True,prefix,full_fit
2267.0,3.3785193223750416,3.379050195523304,29.4,29.83281577528328,True,prefix,full_fit
2268.0,3.3785,3.378726525989949,29.4,29.834569720154263,True,prefix,full_fit
2269.0,3.3782346192552835,3.3784033700598197,29.4,29.836323660619996,True,prefix,full_fit
2270.0,3.3779446829922843,3.3780807276517333,29.4,29.83807759668059,True,prefix,full_fit
2271.0,3.3776547467292857,3.3777585986095287,29.4,29.839831528335992,True,prefix,full_fit
2272.0,3.3773648104662866,3.3774369827021706,29.4,29.84158545558614,True,prefix,full_fit
2273.0,3.376849748406575,3.3771158796237537,29.4,29.843339378431153,True,prefix,full_fit
2274.0,3.3764849379402886,3.3767952889935953,29.4,29.845093296870914,True,prefix,full_fit
2275.0,3.3761950016772895,3.3764752103562463,29.4,29.846847210905594,True,prefix,full_fit
2276.0,3.3759050654142904,3.376155643181601,29.4,29.848601120535022,True,prefix,full_fit
2277.0,3.375553505535055,3.3758365868649154,29.4,29.8503550257592,True,prefix,full_fit
2278.0,3.375225192888293,3.3755180407268885,29.4,29.85210892657824,True,prefix,full_fit
2279.0,3.3749352566252937,3.3752000040137062,29.4,29.85386282299214,True,prefix,full_fit
2280.0,3.3748,3.3748824758971208,29.4,29.855616715000792,True,prefix,full_fit
2281.0,3.374655384099295,3.374565455474511,29.4,29.857370602604306,True,prefix,full_fit
2282.0,3.3743654478362965,3.3742489417689314,29.4,29.859124485802568,True,prefix,full_fit
2283.0,3.3740755115732974,3.3739329337291872,29.4,29.860878364595635,True,prefix,full_fit
2284.0,3.3737855753102983,3.373617430229894,29.4,29.862632238983565,True,prefix,full_fit
2285.0,3.3734956390472997,3.3733024300715244,29.4,29.864386108966244,True,prefix,full_fit
2286.0,3.3732057027843005,3.372987931980492,29.4,29.866139974543728,True,prefix,full_fit
2287.0,3.372915766521302,3.3726739346092005,29.4,29.867893835716075,True,prefix,full_fit
2288.0,3.37260110701107,3.3723604365360935,29.4,29.86964769248317,True,prefix,full_fit
2289.0,3.3722358939953034,3.372047436265716,29.4,29.871401544845185,True,prefix,full_fit
2290.0,3.3719459577323043,3.371734932228767,29.4,29.873155392801948,True,prefix,full_fit
2291.0,3.3716560214693057,3.3714229227821573,29.3,29.87490923635346,True,prefix,full_fit
2292.0,3.3713660852063065,3.371111419133737,29.4,29.876669404097527,True,prefix,full_fit
2293.0,3.371076148943308,3.370800407235164,29.4,29.87842989260855,True,prefix,full_fit
2294.0,3.3707862126803088,3.3704898848101568,29.4,29.88019050003919,True,prefix,full_fit
2295.0,3.370496276417309,3.3701798499209845,29.4,29.88195122638939,True,prefix,full_fit
2296.0,3.3702063401543105,3.3698703005563484,29.4,29.88371207165926,True,prefix,full_fit
2297.0,3.3699164038913114,3.3695612346313895,29.4,29.885473035848804,True,prefix,full_fit
2298.0,3.3696264676283127,3.3692526499877187,29.4,29.887234118957963,True,prefix,full_fit
2299.0,3.3692487084870852,3.3689445443934543,29.4,29.88899532098668,True,prefix,full_fit
2300.0,3.3686931902046293,3.368636915543233,29.4,29.89075664193507,True,prefix,full_fit
2301.0,3.368356658839316,3.368329761058213,29.4,29.892518081803132,True,prefix,full_fit
2302.0,3.368066722576317,3.368023078486094,29.4,29.894279640590753,True,prefix,full_fit
2303.0,3.3677767863133177,3.3677168653011,29.4,29.89604131829799,True,prefix,full_fit
2304.0,3.3674868500503186,3.367411118904001,29.4,29.897803114924898,True,prefix,full_fit
2305.0,3.36719691378732,3.3671058366220934,29.4,29.899565030471422,True,prefix,full_fit
2306.0,3.3669069775243208,3.36680101570916,29.4,29.901327064937618,True,prefix,full_fit
2307.0,3.3666170412613217,3.3664966533454757,29.4,29.90308921832343,True,prefix,full_fit
2308.0,3.366269473331097,3.3661927466377666,29.4,29.904851490628857,True,prefix,full_fit
2309.0,3.3659371687353237,3.365889292619163,29.4,29.906613881853843,True,prefix,full_fit
2310.0,3.3656472324723246,3.365586288249175,29.4,29.90837639199856,True,prefix,full_fit
2311.0,3.365357296209326,3.3652837304136125,29.5,29.91013902106289,True,prefix,full_fit
2312.0,3.3650673599463268,3.3649816159245387,29.5,29.911901769046835,True,prefix,full_fit
2313.0,3.3647774236833277,3.364679941520198,29.4,29.913664635950397,True,prefix,full_fit
2314.0,3.3644874874203285,3.3643787038649444,29.4,29.915427621773574,True,prefix,full_fit
2315.0,3.3643,3.364077899549134,29.4,29.917190726516424,True,prefix,full_fit
2316.0,3.364115229788662,3.3637775250890476,29.4,29.91895395017889,True,prefix,full_fit
2317.0,3.363617678631332,3.3634775769267784,29.4,29.92071729276097,True,prefix,full_fit
2318.0,3.36330365649111,3.3631780514301095,29.4,29.922480754262665,True,prefix,full_fit
2319.0,3.3629378061053337,3.362878944892401,29.4,29.924244334684033,True,prefix,full_fit
2320.0,3.3627,3.362580253532447,29.4,29.926008034025017,True,prefix,full_fit
2321.0,3.3626158671586714,3.3622819734943143,29.4,29.927771852285673,True,prefix,full_fit
2322.0,3.3620679973163368,3.361984100847217,29.6,29.929535789465888,True,prefix,full_fit
2323.0,3.361778061053338,3.36168663158532,29.6,29.931299845565718,True,prefix,full_fit
2324.0,3.3614762495806776,3.361389561627564,29.4,29.93306402058522,True,prefix,full_fit
2325.0,3.3608981885273397,3.361092886817508,29.6,29.934828314524395,True,prefix,full_fit
2326.0,3.3606082522643406,3.3607966029230605,29.6,29.93659272738313,True,prefix,full_fit
2327.0,3.360318316001342,3.3605007056363227,29.6,29.938357259161478,True,prefix,full_fit
2328.0,3.3599378396511237,3.3602051905733417,29.4,29.9401219098595,True,prefix,full_fit
2329.0,3.3599,3.3599100532738593,29.4,29.941886679477136,True,prefix,full_fit
2330.0,3.35939701442469,3.3596152892010824,29.4,29.943651568014445,True,prefix,full_fit
2331.0,3.3590585709493457,3.359320893741388,29.6,29.94541657547137,True,prefix,full_fit
2332.0,3.3587686346863466,3.359026862204071,29.4,29.94718170184791,True,prefix,full_fit
2333.0,3.358478698423348,3.358733189821037,29.5,29.94894694714401,True,prefix,full_fit
2334.0,3.358188762160349,3.358439871746495,29.6,29.95071231135978,True,prefix,full_fit
2335.0,3.3581,3.3581469030566513,29.5,29.952477794495223,True,prefix,full_fit
2336.0,3.3577177792687016,3.3578542787493415,29.5,29.954243396550282,True,prefix,full_fit
2337.0,3.357318953371352,3.3575619937437304,29.6,29.9560091175249,True,prefix,full_fit
2338.0,3.3569720228111373,3.3572700428798936,29.6,29.957774957419304,True,prefix,full_fit
2339.0,3.356639080845354,3.3569784209184825,29.5,29.95954091623321,True,prefix,full_fit
2340.0,3.356349144582355,3.3566871225403028,29.5,29.96130699396673,True,prefix,full_fit
2341.0,3.3560592083193557,3.356396142345905,29.6,29.96307319061998,True,prefix,full_fit
2342.0,3.355769272056357,3.3561054748551777,29.6,29.96483950619279,True,prefix,full_fit
2343.0,3.355479335793358,3.355815114506881,29.6,29.966605940685213,True,prefix,full_fit
2344.0,3.355189399530359,3.355525055658208,29.6,29.968372494097366,True,prefix,full_fit
2345.0,3.3548994632673597,3.3552352925842843,29.6,29.97013916642902,True,prefix,full_fit
2346.0,3.354609527004361,3.3549458194777064,29.6,29.97190595768035,True,prefix,full_fit
2347.0,3.354319590741362,3.3546566304480088,29.6,29.97367286785135,True,prefix,full_fit
2348.0,3.3540062059711504,3.3543677195211483,29.6,29.975439896941964,True,prefix,full_fit
2349.0,3.353519154646092,3.3540790806389564,29.6,29.977207044952195,True,prefix,full_fit
2350.0,3.3528,3.353790707658586,29.6,29.97897431188204,True,prefix,full_fit
2351.0,3.352759845689366,3.353502594351901,29.6,29.980741697731503,True,prefix,full_fit
2352.0,3.352439818852734,3.353214734404932,29.6,29.982509202500637,True,prefix,full_fit
2353.0,3.351879973163368,3.3529271214171956,29.6,29.984276826189387,True,prefix,full_fit
2354.0,3.351590036900369,3.352639748901124,29.6,29.98604456879775,True,prefix,full_fit
2355.0,3.35130010063737,3.352352610281362,29.6,29.98781243032579,True,prefix,full_fit
2356.0,3.3513,3.3520656988941075,29.6,29.989580410773442,True,prefix,full_fit
2357.0,3.3506471989265347,3.351779007986434,29.6,29.99134851014071,True,prefix,full_fit
2358.0,3.3503302918483726,3.351492530715558,29.6,29.993116728427594,True,prefix,full_fit
2359.0,3.350040355585374,3.3512062601481234,29.6,29.994885065634094,True,prefix,full_fit
2360.0,3.349750419322375,3.3509201892594285,29.6,29.996653521760265,True,prefix,full_fit
2361.0,3.349460483059376,3.3506343109326773,29.6,29.998422096806053,True,prefix,full_fit
2362.0,3.349170546796377,3.350348617958172,29.6,30.000190790771455,True,prefix,full_fit
2363.0,3.3488806105333784,3.3500631030325136,29.6,30.001959603656474,True,prefix,full_fit
2364.0,3.3485906742703793,3.349777758757736,29.6,30.003728535461164,True,prefix,full_fit
2365.0,3.34830073800738,3.349492577640492,29.6,30.00549758618547,True,prefix,full_fit
2366.0,3.348010801744381,3.349207552091146,29.6,30.00726675582939,True,prefix,full_fit
2367.0,3.347661153975176,3.348922674422888,29.6,30.009036044392985,True,prefix,full_fit
2368.0,3.347330929218383,3.348637936850816,29.6,30.010805451876138,True,prefix,full_fit
2369.0,3.3468819859107684,3.3483533314909817,29.6,30.01257497827902,True,prefix,full_fit
2370.0,3.346451056692385,3.3480688503594447,29.6,30.01434462360146,True,prefix,full_fit
2371.0,3.346161120429386,3.347784485371256,29.6,30.01611438784346,True,prefix,full_fit
2372.0,3.3458711841663873,3.3475002283394995,29.6,30.017884271005244,True,prefix,full_fit
2373.0,3.3457,3.34721607097421,29.6,30.01965427308653,True,prefix,full_fit
2374.0,3.3452290171083527,3.3469320048813307,29.6,30.02142439408749,True,prefix,full_fit
2375.0,3.3444,3.346648021561656,29.6,30.023194634008064,True,prefix,full_fit
2376.0,3.344311439114391,3.3463641124097228,29.6,30.02496499284831,True,prefix,full_fit
2377.0,3.344021502851392,3.346080268712668,29.6,30.026735470608173,True,prefix,full_fit
2378.0,3.343731566588393,3.3457964816491104,29.6,30.02850606728765,True,prefix,full_fit
2379.0,3.3434416303253944,3.3455127422879354,29.6,30.030276782886745,True,prefix,full_fit
2380.0,3.3431033881247902,3.3452290415871637,29.6,30.03204761740551,True,prefix,full_fit
2381.0,3.342561757799396,3.344945370392662,29.6,30.03381857084389,True,prefix,full_fit
2382.0,3.342271821536397,3.344661719436955,29.6,30.035589643201888,True,prefix,full_fit
2383.0,3.3419818852733982,3.3443780793379307,29.6,30.0373608344795,True,prefix,full_fit
2384.0,3.341689265347199,3.344094440597533,29.6,30.039132144676785,True,prefix,full_fit
2385.0,3.3413026836632005,3.343810793600495,29.6,30.040903573793685,True,suffix,full_fit
2386.0,3.3410120764844016,3.3435271286129424,29.6,30.0426751218302,True,suffix,full_fit
2387.0,3.340722140221402,3.343243435781056,29.6,30.04444678878633,True,suffix,full_fit
2388.0,3.3401644079168067,3.3429597051296747,29.6,30.046218574662134,True,suffix,full_fit
2389.0,3.3401,3.342675926560875,29.6,30.047990479457553,True,suffix,full_fit
2390.0,3.3396046628648106,3.3423920898525425,29.6,30.04976250317253,True,suffix,full_fit
2391.0,3.3392623951694063,3.3421081846568725,29.6,30.051534645807237,True,suffix,full_fit
2392.0,3.3389724589064076,3.341824200498907,29.6,30.053306907361502,True,suffix,full_fit
2393.0,3.3386825226434085,3.3415401267750147,29.6,30.05507928783544,True,suffix,full_fit
2394.0,3.338323448507212,3.341255952751326,29.6,30.056851787228993,True,suffix,full_fit
2395.0,3.33800265011741,3.340971667562182,29.6,30.05862440554222,True,suffix,full_fit
2396.0,3.3377127138544114,3.3406872602085382,29.6,30.060397142775003,True,suffix,full_fit
2397.0,3.337245555182825,3.3404027207355114,29.6,30.062170569740204,True,suffix,full_fit
2398.0,3.3366656826568266,3.340118037039306,29.6,30.0639442829484,True,suffix,full_fit
2399.0,3.336242905065414,3.3398331971195585,29.6,30.065717996156536,True,suffix,full_fit
2400.0,3.3359529688024154,3.3395481936630707,29.6,30.067493759266313,True,suffix,full_fit
2401.0,3.3356630325394163,3.339263025380002,29.6,30.069276604224058,True,suffix,full_fit
2402.0,3.3353307950352233,3.3389776658036627,29.6,30.07105944918186,True,suffix,full_fit
2403.0,3.3349831600134183,3.33869210295436,29.6,30.07284229413966,True,suffix,full_fit
2404.0,3.3345864475008384,3.3384063247053057,29.6,30.074625139097407,True,suffix,full_fit
2405.0,3.3341032874874204,3.338120318780806,29.6,30.07640798405515,True,suffix,full_fit
2406.0,3.3338133512244212,3.337834072754403,29.7,30.078190829012954,True,suffix,full_fit
2407.0,3.3335234149614226,3.3375475740470035,29.7,30.0799736739707,True,suffix,full_fit
2408.0,3.3332334786984235,3.3372608099249588,29.6,30.0817565189285,True,suffix,full_fit
2409.0,3.3329435424354243,3.336973767498148,29.6,30.083539363886302,True,suffix,full_fit
2410.0,3.3326536061724252,3.33668643371802,29.6,30.085322208844048,True,suffix,full_fit
2411.0,3.332351559879235,3.336398795375612,29.6,30.087105053801793,True,suffix,full_fit
2412.0,3.3319474672928546,3.3361108390995513,29.6,30.088887898759538,True,suffix,full_fit
2413.0,3.3313837973834284,3.3358225513540134,29.6,30.090670743717396,True,suffix,full_fit
2414.0,3.3310938611204297,3.3355339184366617,29.8,30.09245358867514,True,suffix,full_fit
2415.0,3.3308039248574306,3.335244926476615,29.6,30.094236433632886,True,suffix,full_fit
2416.0,3.330513988594431,3.334955561432269,29.6,30.09601927859069,True,suffix,full_fit
2417.0,3.3302240523314324,3.3346658090892243,29.6,30.097802123548433,True,suffix,full_fit
2418.0,3.329668232136867,3.3343756550581323,29.6,30.099584968506235,True,suffix,full_fit
2419.0,3.3290030862126803,3.3340850847724974,29.6,30.10136781346398,True,suffix,full_fit
2420.0,3.3286542435424353,3.33379408348649,29.6,30.103150658421782,True,suffix,full_fit
2421.0,3.3283643072794367,3.333502636272729,29.6,30.104933503379527,True,suffix,full_fit
2422.0,3.327848742032875,3.333210728020034,29.6,30.106716348337272,True,suffix,full_fit
2423.0,3.3274844347534387,3.3329183434311656,29.6,30.10849919329513,True,suffix,full_fit
2424.0,3.3271944984904396,3.3326254670205437,29.6,30.110282038252876,True,suffix,full_fit
2425.0,3.3269045622274405,3.332332083111917,29.7,30.11206488321062,True,suffix,full_fit
2426.0,3.3266146259644414,3.3320381758360704,29.8,30.113847728168366,True,suffix,full_fit
2427.0,3.326090942636699,3.3317437291284397,29.8,30.115630573126168,True,suffix,full_fit
2428.0,3.3256347534384436,3.33144872672677,29.8,30.11741341808397,True,suffix,full_fit
2429.0,3.3253448171754445,3.3311531521687208,29.7,30.119196263041715,True,suffix,full_fit
2430.0,3.3250548809124454,3.330856988789445,29.6,30.120979107999517,True,suffix,full_fit
2431.0,3.324629889298893,3.3305602197191915,29.6,30.122761952957262,True,suffix,full_fit
2432.0,3.3241750083864474,3.330262827880846,29.6,30.124544797915007,True,suffix,full_fit
2433.0,3.3238850721234483,3.329964795987481,29.7,30.12632764287281,True,suffix,full_fit
2434.0,3.3235951358604496,3.3296661065398814,29.8,30.12811048783061,True,suffix,full_fit
2435.0,3.323178799060718,3.329366789800165,29.8,30.12991644475767,True,suffix,full_fit
2436.0,3.322615263334452,3.3290667856617784,29.7,30.13172518958777,True,suffix,full_fit
2437.0,3.3223253270714523,3.3287660707849716,29.6,30.133534222260778,True,suffix,full_fit
2438.0,3.3220353908084537,3.3284646267966336,29.6,30.13534354277681,True,suffix,full_fit
2439.0,3.321690909090909,3.328162435098778,29.6,30.13715315113592,True,suffix,full_fit
2440.0,3.3211110365649112,3.3278594768660152,29.8,30.13896304733794,True,suffix,full_fit
2441.0,3.320565582019457,3.3275557330429706,29.6,30.14077323138298,True,suffix,full_fit
2442.0,3.3202756457564577,3.3272511843417387,29.8,30.142583703271043,True,suffix,full_fit
2443.0,3.3199666554847367,3.326945811239279,29.8,30.144394463002186,True,suffix,full_fit
2444.0,3.3192957732304595,3.3266395939748623,29.6,30.146205510576294,True,suffix,full_fit
2445.0,3.3190058369674604,3.3263325125474705,29.8,30.148016845993368,True,suffix,full_fit
2446.0,3.3187159007044618,3.326024546713198,29.8,30.149828469253464,True,suffix,full_fit
2447.0,3.3184259644414627,3.325715675982674,29.6,30.151640380356525,True,suffix,full_fit
2448.0,3.3181360281784635,3.325405879618448,29.6,30.153452579302723,True,suffix,full_fit
2449.0,3.317592183830929,3.3250951366324335,29.8,30.15526506609183,True,suffix,full_fit
2450.0,3.3172561556524656,3.3247834257832656,29.6,30.157077840723957,True,suffix,full_fit
2451.0,3.3169662193894665,3.324470725573752,29.8,30.158890903199108,True,suffix,full_fit
2452.0,3.3163779939617575,3.3241570142482804,29.7,30.160704253517224,True,suffix,full_fit
2453.0,3.3159863468634687,3.3238422697902283,29.6,30.16251789167842,True,suffix,full_fit
2454.0,3.3156964106004696,3.3235264699194103,29.6,30.16433181768258,True,suffix,full_fit
2455.0,3.3154064743374705,3.3232095920895253,29.6,30.166146031529706,True,suffix,full_fit
2456.0,3.3149330761489435,3.32289161348559,29.6,30.16796053321997,True,suffix,full_fit
2457.0,3.3145266018114725,3.3225725110214377,29.7,30.16977532275314,True,suffix,full_fit
2458.0,3.3142366655484734,3.32225226133718,29.7,30.171590400129332,True,suffix,full_fit
2459.0,3.313589097618249,3.3219308407967123,29.7,30.173405765348548,True,suffix,full_fit
2460.0,3.312956793022476,3.3216082254852726,29.7,30.17522141841073,True,suffix,full_fit
2461.0,3.312666856759477,3.3212843912069303,29.6,30.177037359315932,True,suffix,full_fit
2462.0,3.3122538409929554,3.3209593134822253,29.7,30.178853588064158,True,suffix,full_fit
2463.0,3.311786984233479,3.3206329675457074,29.8,30.180670104655405,True,suffix,full_fit
2464.0,3.3114970479704797,3.3203053283436272,29.7,30.18248690908962,True,suffix,full_fit
2465.0,3.3111142234149615,3.3199763705315473,29.6,30.184304001366854,True,suffix,full_fit
2466.0,3.310589567259309,3.3196460684720632,29.7,30.186121381487112,True,suffix,full_fit
2467.0,3.310154478362965,3.319314396232573,29.8,30.187939049450392,True,suffix,full_fit
2468.0,3.3096373029184836,3.3189813275829843,29.6,30.189757005256638,True,suffix,full_fit
2469.0,3.309347366655485,3.3186468359936088,29.8,30.191575248905906,True,suffix,full_fit
2470.0,3.309057430392486,3.318310894632989,29.8,30.193393780398196,True,suffix,full_fit
2471.0,3.3087349882589736,3.3179734763658315,29.8,30.19521259973351,True,suffix,full_fit
2472.0,3.308177557866488,3.317634553750992,29.8,30.197031706911844,True,suffix,full_fit
2473.0,3.307871117074807,3.317294099039474,29.6,30.198851101933087,True,suffix,full_fit
2474.0,3.3071976853404896,3.316952084172562,29.8,30.20067078479741,True,suffix,full_fit
2475.0,3.306907749077491,3.316608480779943,29.8,30.202490755504698,True,suffix,full_fit
2476.0,3.306617812814492,3.316263260177943,29.8,30.204311014055065,True,suffix,full_fit
2477.0,3.3060557531029855,3.315916393367818,29.8,30.206131560448398,True,suffix,full_fit
2478.0,3.3057379402884934,3.3155678510341144,29.8,30.207952394684696,True,suffix,full_fit
2479.0,3.3051960080509892,3.3152176035431364,29.8,30.209773516764074,True,suffix,full_fit
2480.0,3.3046161355249914,3.3148656209414544,29.8,30.211594926686416,True,suffix,full_fit
2481.0,3.304190841999329,3.314511872954535,29.8,30.213416624451725,True,suffix,full_fit
2482.0,3.303656390472996,3.314156328985443,29.8,30.215238610060112,True,suffix,full_fit
2483.0,3.303288258973499,3.313798958113657,29.8,30.21706088351152,True,suffix,full_fit
2484.0,3.3029983227105,3.3134397290939632,29.8,30.218883444805954,True,suffix,full_fit
2485.0,3.3025167728950016,3.3130786103554755,29.8,30.220706293943294,True,suffix,full_fit
2486.0,3.302118450184502,3.3127155700007465,29.8,30.222529430923714,True,suffix,full_fit
2487.0,3.3016570278430057,3.312350575805011,29.8,30.2243528557471,True,suffix,full_fit
2488.0,3.301184770211339,3.311983595215538,29.8,30.226176568413507,True,suffix,full_fit
2489.0,3.300848641395505,3.3116145953511134,29.8,30.228000568922937,True,suffix,full_fit
2490.0,3.3004174102650117,3.311243543001645,29.8,30.229824857275332,True,suffix,full_fit
2491.0,3.299837537739014,3.310870404627903,29.8,30.231649433470807,True,suffix,full_fit
2492.0,3.2993788326065077,3.3104951463614296,29.8,30.233474297509247,True,suffix,full_fit
2493.0,3.299088896343509,3.31011773400453,29.8,30.23529944939071,True,suffix,full_fit
2494.0,3.2986979201610196,3.309738133030506,29.8,30.237124889115137,True,suffix,full_fit
2495.0,3.2981786984233477,3.309356308583956,29.8,30.238950616682644,True,suffix,full_fit
2496.0,3.2977381751090236,3.308972225481297,29.8,30.24077663209306,True,suffix,full_fit
2497.0,3.297158302583026,3.308585848211462,29.8,30.242602935346554,True,suffix,full_fit
2498.0,3.296578430057028,3.308197140936708,29.8,30.244429526443014,True,suffix,full_fit
2499.0,3.296049278765515,3.307806067493689,29.8,30.246256405382553,True,suffix,full_fit
2500.0,3.2957186850050317,3.3074125913946615,29.8,30.248083572165,True,suffix,full_fit
2501.0,3.295159208319356,3.3070166758289012,29.8,30.249911026790585,True,suffix,full_fit
2502.0,3.2947589399530357,3.3066182836643296,29.8,30.251738769259077,True,suffix,full_fit
2503.0,3.294189533713519,3.3062173774493386,29.8,30.253566799570592,True,suffix,full_fit
2504.0,3.29389919490104,3.305813919414823,29.8,30.25539511772513,True,suffix,full_fit
2505.0,3.2933193223750417,3.305407871476472,30.0,30.257223723722632,True,suffix,full_fit
2506.0,3.293019724924522,3.3049991952372464,29.8,30.259052617563214,True,suffix,full_fit
2507.0,3.2927297886615228,3.30458785199011,29.8,30.26088179924676,True,suffix,full_fit
2508.0,3.292179704797048,3.304173802720994,29.8,30.262711268773273,True,suffix,full_fit
2509.0,3.2915164709828915,3.303757008112054,29.8,30.264541026142922,True,suffix,full_fit
2510.0,3.291159979872526,3.3033374285451136,29.8,30.26637107135548,True,suffix,full_fit
2511.0,3.2906400872190544,3.302915024105449,29.8,30.268201404411002,True,suffix,full_fit
2512.0,3.290060214693056,3.3024897545857845,29.9,30.27003202530966,True,suffix,full_fit
2513.0,3.289480342167058,3.302061579490603,29.9,30.271862934051228,True,suffix,full_fit
2514.0,3.2888338812479034,3.3016304580407363,29.8,30.273694130635818,True,suffix,full_fit
2515.0,3.288410298557531,3.301196349178256,29.8,30.27552561506343,True,suffix,full_fit
2516.0,3.287940724589064,3.3007592115716595,29.9,30.277357387334064,True,suffix,full_fit
2517.0,3.287360852063066,3.300319003621359,29.8,30.27918944744772,True,suffix,full_fit
2518.0,3.286940489768534,3.2998756834655243,29.8,30.281021795404342,True,suffix,full_fit
2519.0,3.28650110701107,3.299429208986216,29.8,30.28285443120393,True,suffix,full_fit
2520.0,3.286060617242536,3.2989795378158693,29.8,30.284687354846596,True,suffix,full_fit
2521.0,3.28559825561892,3.2985266273441045,29.9,30.28652056633223,True,suffix,full_fit
2522.0,3.2849614894330763,3.2980704347249454,29.9,30.28835406566094,True,suffix,full_fit
2523.0,3.284490808453539,3.297610916884287,29.9,30.290187852832616,True,suffix,full_fit
2524.0,3.28410174438108,3.2971480305278527,30.0,30.29202192784726,True,suffix,full_fit
2525.0,3.2835218718550823,3.2966817321494277,30.0,30.293856290704923,True,suffix,full_fit
2526.0,3.2830209996645423,3.2962119780395414,29.9,30.29569094140561,True,suffix,full_fit
2527.0,3.282639147936934,3.295738724294479,29.8,30.29752587994932,True,suffix,full_fit
2528.0,3.2819233814156323,3.2952619268257544,30.0,30.29936110633605,True,suffix,full_fit
2529.0,3.2811023817510905,3.294781541369922,30.0,30.301196620565747,True,suffix,full_fit
2530.0,3.280561254612546,3.294297523498854,29.9,30.303032422638466,True,suffix,full_fit
2531.0,3.280233076148943,3.293809828630387,29.8,30.304868512554208,True,suffix,full_fit
2532.0,3.279581382086548,3.293318412039456,30.0,30.306704890312915,True,suffix,full_fit
2533.0,3.2792828916470986,3.292823228869578,30.0,30.308541555914644,True,suffix,full_fit
2534.0,3.2787030191211004,3.2923242341448664,30.0,30.310378509359396,True,suffix,full_fit
2535.0,3.278123146595102,3.291821382782415,30.0,30.31221575064717,True,suffix,full_fit
2536.0,3.2775432740691044,3.29131462960517,30.0,30.314053279777966,True,suffix,full_fit
2537.0,3.276963401543106,3.2908039293552673,30.0,30.315891096751727,True,suffix,full_fit
2538.0,3.2765556860114056,3.290289236707797,29.9,30.31772920156851,True,suffix,full_fit
2539.0,3.27600365649111,3.2897705062850893,30.0,30.319567594228317,True,suffix,full_fit
2540.0,3.2754237839651124,3.2892476926714047,30.0,30.32140627473109,True,suffix,full_fit
2541.0,3.2748439114391146,3.288720750428195,30.0,30.323245243076883,True,suffix,full_fit
2542.0,3.274482019456558,3.2881896341097545,30.0,30.325084499265643,True,suffix,full_fit
2543.0,3.2737069439785307,3.2876542982794352,30.0,30.32692404329748,True,suffix,full_fit
2544.0,3.2730042938611206,3.2871146975262944,29.9,30.328763875172342,True,suffix,full_fit
2545.0,3.272424421335123,3.2865707864822893,30.0,30.33060399489017,True,suffix,full_fit
2546.0,3.2720222744045624,3.286022519839931,29.9,30.332444402451017,True,suffix,full_fit
2547.0,3.2715646762831265,3.2854698523704684,29.9,30.334285097854888,True,suffix,full_fit
2548.0,3.2709848037571287,3.2849127389425465,29.9,30.336126081101668,True,suffix,full_fit
2549.0,3.2703557531029857,3.284351134541398,29.9,30.337967352191527,True,suffix,full_fit
2550.0,3.2697250587051325,3.2837849942885304,30.0,30.339808911124408,True,suffix,full_fit
2551.0,3.2691451861791347,3.283214273461904,29.9,30.34165075790031,True,suffix,full_fit
2552.0,3.268565313653137,3.28263892751664,29.9,30.34349289251918,True,suffix,full_fit
2553.0,3.2679854411271383,3.282058912106219,29.9,30.34533531498107,True,suffix,full_fit
2554.0,3.267373163367997,3.2814741831042014,30.0,30.347178025285984,True,suffix,full_fit
2555.0,3.266812848037571,3.2808846966264102,30.0,30.349021023433863,True,suffix,full_fit
2556.0,3.2664458235491445,3.2802904090536846,30.0,30.350864309424765,True,suffix,full_fit
2557.0,3.26579892653472,3.279691277055028,29.9,30.352707883258688,True,suffix,full_fit
2558.0,3.2649860784971487,3.279087257611364,29.9,30.354551744935577,True,suffix,full_fit
2559.0,3.264390573633009,3.27847830803967,29.9,30.356395894455545,True,suffix,full_fit
2560.0,3.2637263334451525,3.277864386017673,29.9,30.358240331818536,True,suffix,full_fit
2561.0,3.2631464609191543,3.27724544960899,29.9,30.360085057024435,True,suffix,full_fit
2562.0,3.2625665883931565,3.27662145728872,30.0,30.361930070073413,True,suffix,full_fit
2563.0,3.2619867158671587,3.2759923679695087,29.9,30.363775370965357,True,suffix,full_fit
2564.0,3.261406843341161,3.2753581410280703,29.9,30.365620959700323,True,suffix,full_fit
2565.0,3.260731465951023,3.2747187363321437,30.0,30.367466836278254,True,suffix,full_fit
2566.0,3.2601470982891647,3.2740741142678607,29.9,30.369313000699265,True,suffix,full_fit
2567.0,3.259567225763167,3.2734242357675525,29.9,30.37115945296324,True,suffix,full_fit
2568.0,3.2589873532371687,3.2727690623379413,30.0,30.373006193070296,True,suffix,full_fit
2569.0,3.258407480711171,3.2721085560887273,29.9,30.37485322102026,True,suffix,full_fit
2570.0,3.257512680308621,3.271442679761546,29.9,30.376700536813303,True,suffix,full_fit
2571.0,3.2568477356591745,3.2707713967592777,29.9,30.37854814044931,True,suffix,full_fit
2572.0,3.2562678631331767,3.2700946711757233,30.0,30.380396031928342,True,suffix,full_fit
2573.0,3.255687990607179,3.26941246782554,30.0,30.382244211250338,True,suffix,full_fit
2574.0,3.255042804428044,3.2687247522745437,29.9,30.384092678415414,True,suffix,full_fit
2575.0,3.2544282455551827,3.268031490870235,29.9,30.385941433423454,True,suffix,full_fit
2576.0,3.253848373029185,3.267332650772638,29.9,30.387790476274517,True,suffix,full_fit
2577.0,3.2532685005031867,3.266628199985318,29.9,30.389639806968603,True,suffix,full_fit
2578.0,3.252688627977189,3.2659181073866312,29.9,30.391489425505654,True,suffix,full_fit
2579.0,3.252060214693056,3.265202342761173,30.0,30.393339331885727,True,suffix,full_fit
2580.0,3.251293324387789,3.264480876831371,30.1,30.395189526108823,True,suffix,full_fit
2581.0,3.2505490103991947,3.263753681289182,30.1,30.397040008174883,True,suffix,full_fit
2582.0,3.2498537068097955,3.2630207288279287,30.1,30.398890778083967,True,suffix,full_fit
2583.0,3.2490541429050652,3.26228199317418,30.1,30.40074183583613,True,suffix,full_fit
2584.0,3.248409392821201,3.261537449119688,30.1,30.402593181431257,True,suffix,full_fit
2585.0,3.247829520295203,3.2607870725532946,30.1,30.40444481486935,True,suffix,full_fit
2586.0,3.247249647769205,3.2600308404928455,30.1,30.406296736150523,True,suffix,full_fit
2587.0,3.2466697752432068,3.259268731117017,30.1,30.40814894527466,True,suffix,full_fit
2588.0,3.2460165045286815,3.2585007237970456,29.9,30.410001442241764,True,suffix,full_fit
2589.0,3.2451100301912112,3.2577267991283465,30.1,30.41185422705189,True,suffix,full_fit
2590.0,3.244530157665213,3.256946938961884,30.1,30.413707299705038,True,suffix,full_fit
2591.0,3.2439502851392152,3.2561611264354244,30.1,30.415560660201265,True,suffix,full_fit
2592.0,3.2433704126132166,3.2553693460044277,30.1,30.417414308540458,True,suffix,full_fit
2593.0,3.2427795035223075,3.2545715834727273,30.1,30.419268244722616,True,suffix,full_fit
2594.0,3.2415231130493125,3.2537678260228144,30.1,30.421122468747797,True,suffix,full_fit
2595.0,3.240930795035223,3.2529580622457654,30.1,30.422976980616,True,suffix,full_fit
2596.0,3.2403509225092253,3.2521422821706976,30.1,30.424831780327168,True,suffix,full_fit
2597.0,3.239771049983227,3.2513204772938504,30.1,30.426686867881415,True,suffix,full_fit
2598.0,3.2388519624287153,3.2504926406069896,30.1,30.428542243278628,True,suffix,full_fit
2599.0,3.238211304931231,3.2496587666254007,30.1,30.430397906518806,True,suffix,full_fit
2600.0,3.237631432405233,3.2488188514151646,30.1,30.43225385760212,True,suffix,full_fit
2601.0,3.2368273398188525,3.2479728926198135,30.1,30.434110096528343,True,suffix,full_fit
2602.0,3.23610030191211,3.2471208894862764,30.1,30.43596662329759,True,suffix,full_fit
2603.0,3.235491814827239,3.2462628428900535,30.1,30.437823437909856,True,suffix,full_fit
2604.0,3.2349119423012413,3.245398755359567,30.1,30.43968054036509,True,suffix,full_fit
2605.0,3.233964139550486,3.244528631099704,30.2,30.4415379306634,True,suffix,full_fit
2606.0,3.2330942301241192,3.243652476014403,30.2,30.44339560880468,True,suffix,full_fit
2607.0,3.2324723247232474,3.2427702977282946,30.1,30.445253574788865,True,suffix,full_fit
2608.0,3.231738678295874,3.241882105607358,30.1,30.447111828616187,True,suffix,full_fit
2609.0,3.231012579671251,3.240987910778496,30.1,30.448970370286474,True,suffix,full_fit
2610.0,3.2302545119087553,3.24008772614801,30.2,30.450829199799784,True,suffix,full_fit
2611.0,3.2294528346192553,3.239181566418928,30.3,30.452688317156117,True,suffix,full_fit
2612.0,3.228759443139886,3.238269505894026,30.3,30.454574814133537,True,suffix,full_fit
2613.0,3.2279930895672595,3.237351525448725,30.2,30.45647111375939,True,suffix,full_fit
2614.0,3.227382086548138,3.2364276258459466,30.1,30.45836810876216,True,suffix,full_fit
2615.0,3.2265666890305265,3.2354978291245757,30.2,30.46026579914195,True,suffix,full_fit
2616.0,3.225553471989265,3.234562159187837,30.3,30.462164184898654,True,suffix,full_fit
2617.0,3.2249103991949006,3.233620641812694,30.1,30.464063266032383,True,suffix,full_fit
2618.0,3.2240760147601475,3.232673304657755,30.1,30.465963042543024,True,suffix,full_fit
2619.0,3.2233707816169073,3.2317201772696547,30.1,30.46786351443069,True,suffix,full_fit
2620.0,3.2225339818852734,3.2307612910878944,30.3,30.46976468169538,True,suffix,full_fit
2621.0,3.221931164038913,3.229796679448047,30.1,30.471666544336983,True,suffix,full_fit
2622.0,3.2210699429721568,3.228826377583342,30.5,30.473569102355555,True,suffix,full_fit
2623.0,3.2203915464609194,3.227850422624573,30.3,30.47547235575115,True,suffix,full_fit
2624.0,3.219521737671922,3.2268688535982344,30.3,30.47737630452366,True,suffix,full_fit
2625.0,3.2189346192552835,3.2258817114230283,30.3,30.47928094867325,True,suffix,full_fit
2626.0,3.217718617913452,3.224889038904445,30.3,30.481186288199694,True,suffix,full_fit
2627.0,3.2170748742032877,3.223890880727668,30.3,30.48309232310322,True,suffix,full_fit
2628.0,3.2162425025159345,3.222887283448542,30.3,30.48499905338366,True,suffix,full_fit
2629.0,3.2153726937269367,3.2218782954827523,30.1,30.48690647904101,True,suffix,full_fit
2630.0,3.214657799396176,3.2208639670930936,30.3,30.488814600075443,True,suffix,full_fit
2631.0,3.2138330761489433,3.2198443503748395,30.3,30.490723416486787,True,suffix,full_fit
2632.0,3.2131755115732976,3.2188194992391974,30.3,30.4926329282751,True,suffix,full_fit
2633.0,3.2123934585709493,3.21778946939485,30.3,30.494543135440438,True,suffix,full_fit
2634.0,3.211459610868836,3.2167543183275034,30.3,30.496454037982744,True,suffix,full_fit
2635.0,3.2107358939953037,3.2157141052775824,30.3,30.49836563590202,True,suffix,full_fit
2636.0,3.2098120429386108,3.2146688912158514,30.3,30.500277929198262,True,suffix,full_fit
2637.0,3.2087602482388458,3.213618738817175,30.3,30.502190917871474,True,suffix,full_fit
2638.0,3.2079962764173096,3.212563712432275,30.3,30.504104601921654,True,suffix,full_fit
2639.0,3.207274605836967,3.2115038780575507,30.3,30.50601898134886,True,suffix,full_fit
2640.0,3.2064047970479703,3.210439303302958,30.3,30.507934056153033,True,suffix,full_fit
2641.0,3.2056161019792015,3.2093700573579325,30.4,30.50984982633412,True,suffix,full_fit
2642.0,3.2048651794699765,3.2082962109554343,30.4,30.51176629189223,True,suffix,full_fit
2643.0,3.2039953706809796,3.2072178363340464,30.3,30.51368345282731,True,suffix,full_fit
2644.0,3.2032170412613215,3.2061350071982333,30.3,30.515601309139356,True,suffix,full_fit
2645.0,3.2024471989265346,3.2050477986767003,30.3,30.517519860828372,True,suffix,full_fit
2646.0,3.2012859443139883,3.203956287278967,30.3,30.519439107894357,True,suffix,full_fit
2647.0,3.200416135524992,3.202860550850099,30.3,30.521359050337367,True,suffix,full_fit
2648.0,3.199580476350218,3.201760668523721,30.3,30.52327968815723,True,suffix,full_fit
2649.0,3.1988765179469976,3.20065672067325,30.3,30.525201021354235,True,suffix,full_fit
2650.0,3.1980067091580007,3.1995487888614838,30.5,30.527123049928093,True,suffix,full_fit
2651.0,3.1971369003690038,3.1984369557885413,30.3,30.529045773878977,True,suffix,full_fit
2652.0,3.196263435088896,3.197321305238166,30.3,30.53096919320683,True,suffix,full_fit
2653.0,3.1952963770546794,3.19620192202255,30.3,30.532893307911593,True,suffix,full_fit
2654.0,3.1941366320026834,3.195078891925594,30.3,30.53481811799338,True,suffix,full_fit
2655.0,3.193257665213016,3.1939523016447966,30.3,30.536743623452196,True,suffix,full_fit
2656.0,3.1922976182489102,3.19282223873173,30.5,30.538669824287922,True,suffix,full_fit
2657.0,3.1914180476350222,3.1916887915311696,30.5,30.540596720500673,True,suffix,full_fit
2658.0,3.19079882589735,3.1905520491190686,30.5,30.542524312090393,True,suffix,full_fit
2659.0,3.1898982556189197,3.1894121012392214,30.5,30.54445259905708,True,suffix,full_fit
2660.0,3.189008621268031,3.1882690382389205,30.5,30.54638158140068,True,suffix,full_fit
2661.0,3.1881388124790337,3.1871229510034986,30.5,30.548311259121306,True,suffix,full_fit
2662.0,3.187269003690037,3.1859739308899417,30.5,30.5502416322189,True,suffix,full_fit
2663.0,3.186132170412613,3.1848220696595604,30.5,30.55217270069346,True,suffix,full_fit
2664.0,3.185129386112043,3.18366745940992,30.5,30.55410446454505,True,suffix,full_fit
2665.0,3.1842595773230458,3.182510192505929,30.5,30.556036923773547,True,suffix,full_fit
2666.0,3.1833330761489433,3.1813503615103778,30.5,30.557970078379014,True,suffix,full_fit
2667.0,3.1824199597450518,3.180188059113798,30.5,30.559903928361564,True,suffix,full_fit
2668.0,3.181550150956055,3.17902337806393,30.5,30.561838473720968,True,suffix,full_fit
2669.0,3.1806337135189535,3.1778564110946768,30.5,30.563773714457398,True,suffix,full_fit
2670.0,3.179710533378061,3.1766872508548447,30.5,30.565709650570795,True,suffix,full_fit
2671.0,3.178720966118752,3.175515989836522,30.5,30.56764628206122,True,suffix,full_fit
2672.0,3.1776343508889635,3.174342720303428,30.5,30.569583608928497,True,suffix,full_fit
2673.0,3.1766014760147603,3.173167534219111,30.5,30.571521631172857,True,suffix,full_fit
2674.0,3.175531298222073,3.1719905231751886,30.5,30.573460348794185,True,suffix,full_fit
2675.0,3.1746349882589735,3.1708117783197256,30.5,30.575399761792426,True,suffix,full_fit
2676.0,3.173691680644079,3.1696313902857396,30.5,30.57733987016769,True,suffix,full_fit
2677.0,3.1728218718550822,3.168449449120053,30.7,30.579280673919925,True,suffix,full_fit
2678.0,3.1719356256289832,3.1672660442124507,30.5,30.581222173049127,True,suffix,full_fit
2679.0,3.1709037571284804,3.1660812642253173,30.7,30.583164367555298,True,suffix,full_fit
2680.0,3.1695124454880914,3.164895197023812,30.7,30.585107257438438,True,suffix,full_fit
2681.0,3.168636262998994,3.1637079296065904,30.7,30.587050842698545,True,suffix,full_fit
2682.0,3.1676637705467963,3.1625195480373005,30.7,30.58899512333568,True,suffix,full_fit
2683.0,3.1665040254948003,3.161330137376801,30.7,30.59094009934978,True,suffix,full_fit
2684.0,3.1656332103321034,3.1601397816162096,30.7,30.592885770740793,True,suffix,full_fit
2685.0,3.164670446159007,3.1589485636109154,30.7,30.59483213750883,True,suffix,full_fit
2686.0,3.1637935927541094,3.157756565015557,30.7,30.59677919965378,True,suffix,full_fit
2687.0,3.1624063066085206,3.156563866220095,30.7,30.598726957175757,True,suffix,full_fit
2688.0,3.161371083529017,3.155370546286938,30.7,30.600675410074757,True,suffix,full_fit
2689.0,3.160484166387118,3.154176682889399,30.7,30.60262455835067,True,suffix,full_fit
2690.0,3.159385810130828,3.1529823522512856,30.7,30.604574402003607,True,suffix,full_fit
2691.0,3.158371720899027,3.1517876290878934,30.7,30.606524941033456,True,suffix,full_fit
2692.0,3.1574747400201275,3.1505925865483615,30.7,30.60847617544033,True,suffix,full_fit
2693.0,3.156406574974841,3.1493972961594476,30.7,30.610428105224116,True,suffix,full_fit
2694.0,3.1553723582690374,3.1482018277708077,30.7,30.612380730384984,True,suffix,full_fit
2695.0,3.1541088560885613,3.1470062495018287,30.7,30.614334050922707,True,suffix,full_fit
2696.0,3.152939449849044,3.1458106276900097,30.7,30.616288066837456,True,suffix,full_fit
2697.0,3.1520256960751425,3.1446150268410014,30.8,30.61824277812923,True,suffix,full_fit
2698.0,3.1510078497148606,3.1434195095803035,30.9,30.620198184797914,True,suffix,full_fit
2699.0,3.1499400872190537,3.142224136606659,30.9,30.622154286843568,True,suffix,full_fit
2700.0,3.148888359610869,3.14102896664719,30.8,30.624111084266247,True,suffix,full_fit
2701.0,3.147728614558873,3.1398340564143,30.7,30.626068577065894,True,suffix,full_fit
2702.0,3.1465329419657833,3.138639460564387,30.7,30.628026765242453,True,suffix,full_fit
2703.0,3.145406843341161,3.1374452316583197,30.7,30.629985648796037,True,suffix,full_fit
2704.0,3.144449379402885,3.1362514201238074,30.7,30.63194522772659,True,suffix,full_fit
2705.0,3.1432637705467967,3.1350580742196055,30.7,30.63390550203411,True,suffix,full_fit
2706.0,3.14209741697417,3.1338652400015548,30.7,30.6358664717186,True,suffix,full_fit
2707.0,3.141150989600805,3.1326729612905333,30.7,30.637828136780115,True,suffix,full_fit
2708.0,3.139910399194901,3.131481279642275,30.7,30.6397904972186,True,suffix,full_fit
2709.0,3.138750654142905,3.130290234319051,30.7,30.64175355303405,True,suffix,full_fit
2710.0,3.1375818181818182,3.1290998622632946,30.9,30.643717304226413,True,suffix,full_fit
2711.0,3.1363311640389133,3.127910198073031,30.9,30.645681750795745,True,suffix,full_fit
2712.0,3.1351785642401877,3.1267212739792196,30.7,30.64764689274216,True,suffix,full_fit
2713.0,3.134308755451191,3.1255331198249854,30.9,30.649612730065485,True,suffix,full_fit
2714.0,3.1330562562898354,3.124345763046675,30.9,30.65157926276578,True,suffix,full_fit
2715.0,3.1318921838309293,3.123159228656717,30.9,30.65354649084304,True,suffix,full_fit
2716.0,3.130376585038577,3.121973539228388,30.9,30.65551441429733,True,suffix,full_fit
2717.0,3.1294295202952034,3.1207887148823095,30.9,30.65748303312853,True,suffix,full_fit
2718.0,3.1283129486749415,3.11960477327474,30.9,30.659452347336753,True,suffix,full_fit
2719.0,3.1270743039248576,3.1184217295876384,30.9,30.661422356921946,True,suffix,full_fit
2720.0,3.1258934585709492,3.1172395965204402,30.9,30.663393061884108,True,suffix,full_fit
2721.0,3.124661522978866,3.1160583842835057,30.9,30.66536446222318,True,suffix,full_fit
2722.0,3.1234739684669575,3.114878100593286,30.9,30.66733655793928,True,suffix,full_fit
2723.0,3.1220522978866154,3.113698750669068,30.9,30.669309349032403,True,suffix,full_fit
2724.0,3.1207544783629655,3.1125203372313166,30.9,30.67128283550244,True,suffix,full_fit
2725.0,3.1195947333109695,3.111342860501623,30.9,30.6732570173495,True,suffix,full_fit
2726.0,3.118379570613888,3.1101663182041,31.0,30.67523189457347,True,suffix,full_fit
2727.0,3.1171752432069773,3.108990705568308,30.9,30.67720746717447,True,suffix,full_fit
2728.0,3.1161129151291513,3.107816015333583,30.9,30.679183735152435,True,suffix,full_fit
2729.0,3.114919691378732,3.1066422377547784,30.9,30.68116069850737,True,suffix,full_fit
2730.0,3.1135960080509895,3.1054693606093116,30.9,30.68313835723933,True,suffix,full_fit
2731.0,3.11239761824891,3.1042973692055846,31.0,30.6851167113482,True,suffix,full_fit
2732.0,3.1111765179469977,3.1031262463925557,30.9,30.68709576083404,True,suffix,full_fit
2733.0,3.1099848373029184,3.101955972570625,30.9,30.68907550569685,True,suffix,full_fit
2734.0,3.108757027843006,3.1007865257035814,31.0,30.691055945936682,True,suffix,full_fit
2735.0,3.1074206977524317,3.0996178813317252,31.0,30.693037081553427,True,suffix,full_fit
2736.0,3.1057375377390133,3.098450012586023,31.0,30.695018912547198,True,suffix,full_fit
2737.0,3.1045777926870177,3.097282890203275,31.0,30.697001438917937,True,suffix,full_fit
2738.0,3.1034028849379403,3.096116482542217,31.0,30.698984660665644,True,suffix,full_fit
2739.0,3.102158302583026,3.0949507556005913,31.0,30.70096857779032,True,suffix,full_fit
2740.0,3.1009647433747065,3.093785673033021,31.0,30.702953190291964,True,suffix,full_fit
2741.0,3.0994235155987924,3.092621196169713,31.0,30.704938498170577,True,suffix,full_fit
2742.0,3.097977323045958,3.0914572840359096,30.9,30.706924501426215,True,suffix,full_fit
2743.0,3.096720932572962,3.090293893372085,31.0,30.70891120005882,True,suffix,full_fit
2744.0,3.095559577323046,3.089130978654727,31.0,30.710898594068397,True,suffix,full_fit
2745.0,3.0940331096947333,3.0879684921178194,31.0,30.71288668345494,True,suffix,full_fit
2746.0,3.092840087219054,3.086806383774803,31.0,30.71487546821845,True,suffix,full_fit
2747.0,3.091680342167058,3.085644601441093,31.0,30.716864948358932,True,suffix,full_fit
2748.0,3.089949278765515,3.0844830907570637,31.0,30.71885512387638,True,suffix,full_fit
2749.0,3.0886608520630663,3.083321795211413,31.0,30.720845994770855,True,suffix,full_fit
2750.0,3.0874261992619925,3.082160656164929,31.0,30.72283756104224,True,suffix,full_fit
2751.0,3.086026702448842,3.0809996128745807,31.0,30.724829822690594,True,suffix,full_fit
2752.0,3.0847134183160008,3.0798386025178655,31.0,30.726822779715917,True,suffix,full_fit
2753.0,3.083132807782623,3.0786775602174146,31.0,30.728816432118265,True,suffix,full_fit
2754.0,3.08170063737001,3.077516419065763,31.0,30.730810779897638,True,suffix,full_fit
2755.0,3.0803279771888628,3.0763551101503226,31.0,30.732805823053923,True,suffix,full_fit
2756.0,3.078987856424019,3.0751935625783937,31.0,30.73480156158712,True,suffix,full_fit
2757.0,3.0776286145588734,3.074031703502296,31.1,30.736797995497398,True,suffix,full_fit
2758.0,3.076323146595102,3.0728694581445035,31.2,30.738795124784588,True,suffix,full_fit
2759.0,3.0749845353908083,3.071706749822801,31.2,30.740792949448803,True,suffix,full_fit
2760.0,3.073479570613888,3.070543499975356,31.2,30.74279146948993,True,suffix,full_fit
2761.0,3.071991881918819,3.0693796281857257,31.1,30.744790684908082,True,suffix,full_fit
2762.0,3.070480207983898,3.068215052207745,31.1,30.746790595703203,True,suffix,full_fit
2763.0,3.0690931231130496,3.0670496879903117,31.2,30.748791201875292,True,suffix,full_fit
2764.0,3.067780845353908,3.065883449701885,31.2,30.75079250342435,True,suffix,full_fit
2765.0,3.06630657497484,3.064716249754868,31.2,30.752794500350376,True,suffix,full_fit
2766.0,3.064781482723918,3.063547998829703,31.2,30.754797192653427,True,suffix,full_fit
2767.0,3.0633139215028513,3.062378605898726,31.2,30.75680058033339,True,suffix,full_fit
2768.0,3.0618256960751427,3.0612079782496497,31.2,30.758804663390322,True,suffix,full_fit
2769.0,3.0605877557866488,3.060036021508829,31.2,30.76080944182428,True,suffix,full_fit
2770.0,3.0587827574639386,3.058862639664069,31.2,30.762814915635204,True,suffix,full_fit
2771.0,3.057328614558873,3.057687735087142,31.2,30.764821084823097,True,suffix,full_fit
2772.0,3.0557833948339486,3.056511208555831,31.2,30.766827949387903,True,suffix,full_fit
2773.0,3.054333713518953,3.0553329592756384,31.2,30.76883550932979,True,suffix,full_fit
2774.0,3.053072827910097,3.0541528849009563,31.2,30.770843764648646,True,suffix,full_fit
2775.0,3.051361221066756,3.052970881555874,31.2,30.772852715344413,True,suffix,full_fit
2776.0,3.0497969808788996,3.0517868438544324,31.4,30.77486236141715,True,suffix,full_fit
2777.0,3.048334988258973,3.050600664920421,31.2,30.77687270286691,True,suffix,full_fit
2778.0,3.0468043274069103,3.0494122364066536,31.4,30.77888373969364,True,suffix,full_fit
2779.0,3.045335625628984,3.0482214485137047,31.2,30.78089547189728,True,suffix,full_fit
2780.0,3.043588862797719,3.0470281900081275,31.3,30.782907899478005,True,suffix,full_fit
2781.0,3.0420362629989937,3.0458323482401104,31.4,30.78492102243564,True,suffix,full_fit
2782.0,3.040519020462932,3.044633809160528,31.3,30.786934840770243,True,suffix,full_fit
2783.0,3.0390369003690036,3.0434324573374916,31.2,30.788949354481815,True,suffix,full_fit
2784.0,3.0375263669909427,3.042228175972231,31.2,30.790964563570355,True,suffix,full_fit
2785.0,3.036037537739014,3.0410208469144253,31.3,30.79298046803592,True,suffix,full_fit
2786.0,3.034371284803757,3.039810350676922,31.4,30.7949970678784,True,suffix,full_fit
2787.0,3.0326873867829587,3.0385965664498134,31.4,30.797014363097958,True,suffix,full_fit
2788.0,3.0311884937940285,3.0373793721139277,31.4,30.799032353694372,True,suffix,full_fit
2789.0,3.0296947333109694,3.03615868450754,31.4,30.801069277149622,True,suffix,full_fit
2790.0,3.0280669573968466,3.034934367479411,31.4,30.803119934796882,True,suffix,full_fit
2791.0,3.0264020798389804,3.0337062677025513,31.4,30.805171930294534,True,suffix,full_fit
2792.0,3.0248897685340492,3.032474257943777,31.4,30.807225263642465,True,suffix,full_fit
2793.0,3.023409426366991,3.0312382097185044,31.4,30.80927993484073,True,suffix,full_fit
2794.0,3.021890405904059,3.0299979933003796,31.4,30.81133594388939,True,suffix,full_fit
2795.0,3.020273062730628,3.028753477730275,31.4,30.81339329078827,True,suffix,full_fit
2796.0,3.0182910432740693,3.027504530824647,31.4,30.815451975537542,True,suffix,full_fit
2797.0,3.016824119423012,3.0262510191831815,31.4,30.81751199813715,True,suffix,full_fit
2798.0,3.0152500167728946,3.0249928081958757,31.4,30.81957335858698,True,suffix,full_fit
2799.0,3.013531465951023,3.0237297620493973,31.4,30.8216360568872,True,suffix,full_fit
2800.0,3.0119636028178465,3.0224617437328103,31.4,30.823700093037758,True,suffix,full_fit
2801.0,3.0101426366990944,3.0211886150426768,31.4,30.82576546703865,True,suffix,full_fit
2802.0,3.008691076819859,3.019910236587476,31.4,30.827832178889878,True,suffix,full_fit
2803.0,3.0068548138208655,3.0186264677913766,31.4,30.82990022859144,True,suffix,full_fit
2804.0,3.0053935927541096,3.0173371668974003,31.6,30.83196961614334,True,suffix,full_fit
2805.0,3.003582287822878,3.0160421909699004,31.4,30.83404034154546,True,suffix,full_fit
2806.0,3.001833076148943,3.0147413958964338,31.4,30.83611240479803,True,suffix,full_fit
2807.0,3.0002608520630663,3.013434636388964,31.4,30.838185805900878,True,suffix,full_fit
2808.0,2.9987948674941296,3.0121217659844577,31.6,30.84026054485406,True,suffix,full_fit
2809.0,2.997037235826904,3.010802637044867,31.6,30.842336621657523,True,suffix,full_fit
2810.0,2.9952009728279103,3.0094771007564356,31.5,30.844414036311377,True,suffix,full_fit
2811.0,2.993434988258973,3.00814500712842,31.5,30.84649278881551,True,suffix,full_fit
2812.0,2.9918292183830926,3.006806204991206,31.5,30.84857287916998,True,suffix,full_fit
2813.0,2.9901557531029854,3.0054605419937777,31.5,30.850654307374782,True,suffix,full_fit
2814.0,2.9883559208319355,3.0041078646006216,31.6,30.85273707342992,True,suffix,full_fit
2815.0,2.9865765179469976,3.0027480180879924,31.6,30.854821177335396,True,suffix,full_fit
2816.0,2.9849439114391147,3.001380846539606,31.5,30.85690661909115,True,suffix,full_fit
2817.0,2.983447735659175,3.0000061928417243,31.5,30.858993398697294,True,suffix,full_fit
2818.0,2.981810868835961,2.9986238986776894,31.6,30.861081516153718,True,suffix,full_fit
2819.0,2.9798442804428045,2.997233804521838,31.6,30.863170971460534,True,suffix,full_fit
2820.0,2.97799869171419,2.9958357496328487,31.6,30.86526176461757,True,suffix,full_fit
2821.0,2.97640207983898,2.9944295720465424,31.6,30.867353895625,True,suffix,full_fit
2822.0,2.9745991949010397,2.993015108568108,31.6,30.869447364482767,True,suffix,full_fit
2823.0,2.9728295538409926,2.991592194763765,31.6,30.87154217119081,True,suffix,full_fit
2824.0,2.9709932908419994,2.9901606649518677,31.6,30.873638315749247,True,suffix,full_fit
2825.0,2.969250285139215,2.9887203521934826,31.6,30.87573579815796,True,suffix,full_fit
2826.0,2.9677207648440116,2.9872710882824265,31.6,30.877834618417012,True,suffix,full_fit
2827.0,2.96590110701107,2.985812703734725,31.6,30.87993477652634,True,suffix,full_fit
2828.0,2.964148238846025,2.9843450277776005,31.6,30.88203627248606,True,suffix,full_fit
2829.0,2.9623119758470313,2.982867888337925,31.6,30.884139106296118,True,suffix,full_fit
2830.0,2.9604822542770886,2.981381112030088,31.6,30.886243277956453,True,suffix,full_fit
2831.0,2.9587394498490442,2.9798845241434533,31.6,30.888348787467123,True,suffix,full_fit
2832.0,2.9569031868500506,2.9783779486292254,31.6,30.89045563482813,True,suffix,full_fit
2833.0,2.954777490774908,2.9768612080868566,31.6,30.892563820039527,True,suffix,full_fit
2834.0,2.95330315330426,2.975334123749951,31.6,30.894673343101203,True,suffix,full_fit
2835.0,2.951494397853069,2.9737965154716344,31.6,30.89678420401316,True,suffix,full_fit
2836.0,2.9497445488091243,2.97224820170953,31.6,30.898896402775506,True,suffix,full_fit
2837.0,2.947672693726937,2.9706889995101333,31.6,30.901009939388132,True,suffix,full_fit
2838.0,2.945785608856088,2.9691187244928106,31.6,30.903124813851093,True,suffix,full_fit
2839.0,2.9442547467292854,2.9675371908332537,31.6,30.905241026164447,True,suffix,full_fit
2840.0,2.94229409594096,2.965944211246518,31.7,30.907358576328022,True,suffix,full_fit
2841.0,2.9404464609191545,2.96433959696955,31.8,30.90947746434199,True,suffix,full_fit
2842.0,2.9386405568601144,2.9627231577432918,31.8,30.911597690206293,True,suffix,full_fit
2843.0,2.9368042938611207,2.9610947017943037,31.8,30.913719253920874,True,suffix,full_fit
2844.0,2.9350276081851727,2.9594540358159582,31.8,30.91584215548579,True,suffix,full_fit
2845.0,2.9330630996309965,2.9578009649491652,31.8,30.917966394901043,True,suffix,full_fit
2846.0,2.9311483730291847,2.9561352927626494,31.8,30.92009197216663,True,suffix,full_fit
2847.0,2.929507782623281,2.954456821232826,31.8,30.922218887282554,True,suffix,full_fit
2848.0,2.9276845018450186,2.952765350723182,31.7,30.924347140248756,True,suffix,full_fit
2849.0,2.9257295202952025,2.951060679963269,31.7,30.92647673106535,True,suffix,full_fit
2850.0,2.9238321033210326,2.949342606027237,31.8,30.928607659732222,True,suffix,full_fit
2851.0,2.921814189869171,2.9476109243119586,31.8,30.930739926249487,True,suffix,full_fit
2852.0,2.920010667561221,2.94586542851472,31.8,30.932873530616973,True,suffix,full_fit
2853.0,2.9182416638711843,2.9441059106104692,31.8,30.93500847283491,True,suffix,full_fit
2854.0,2.9163533378061057,2.9423321608287005,31.8,30.937144752903066,True,suffix,full_fit
2855.0,2.9143011070110707,2.940543967629845,31.8,30.93928237082156,True,suffix,full_fit
2856.0,2.912232874874203,2.9387411176813076,31.8,30.941421326590444,True,suffix,full_fit
2857.0,2.91030080509896,2.9369233958330545,31.8,30.943561620209607,True,suffix,full_fit
2858.0,2.907972962093257,2.935090585092822,31.8,30.945703251679163,True,suffix,full_fit
2859.0,2.9062240858772226,2.9332424666008405,31.8,30.94784622099894,True,suffix,full_fit
2860.0,2.9043760147601474,2.9313788196042747,32.0,30.94999052816911,True,suffix,full_fit
2861.0,2.9023439114391145,2.9294994214311267,31.8,30.952136173189615,True,suffix,full_fit
2862.0,2.9002177121771218,2.9276040474638014,31.8,30.9542831560604,True,suffix,full_fit
2863.0,2.898379033881248,2.9256924711122823,32.0,30.956431476781518,True,suffix,full_fit
2864.0,2.896635256625293,2.923764463786843,31.8,30.95858113535303,True,suffix,full_fit
2865.0,2.8945391143911436,2.9218197948703915,31.8,30.960732131774762,True,suffix,full_fit
2866.0,2.8924129151291513,2.9198582316904176,31.8,30.962884466046944,True,suffix,full_fit
2867.0,2.890369137873197,2.9178795394905177,31.8,30.965038138169348,True,suffix,full_fit
2868.0,2.888260516605166,2.915883481401524,31.8,30.967193148142144,True,suffix,full_fit
2869.0,2.886361455887286,2.9138698184122394,32.0,30.96934949596522,True,suffix,full_fit
2870.0,2.8840910432740694,2.9118383093397373,31.9,30.97150718163863,True,suffix,full_fit
2871.0,2.8821579335793355,2.9097887107993143,31.9,30.973666205162374,True,suffix,full_fit
2872.0,2.8801557195571954,2.9077207771739797,31.9,30.975826566536455,True,suffix,full_fit
2873.0,2.8780295202952026,2.905634260583577,31.9,30.97798826576087,True,suffix,full_fit
2874.0,2.8759622609862463,2.9035289108534945,32.0,30.980151302835566,True,suffix,full_fit
2875.0,2.8738771217712173,2.9014044754829573,32.0,30.982315677760596,True,suffix,full_fit
2876.0,2.8717509225092246,2.8992606996129116,31.9,30.98448139053602,True,suffix,full_fit
2877.0,2.869673599463267,2.897097325993534,31.8,30.986648441161776,True,suffix,full_fit
2878.0,2.86759852398524,2.894914094951278,31.9,30.988816829637756,True,suffix,full_fit
2879.0,2.865472324723247,2.892710744355557,32.0,30.990986555964128,True,suffix,full_fit
2880.0,2.8633849379402885,2.8904870095849664,32.0,30.993157620140835,True,suffix,full_fit
2881.0,2.8612135524991613,2.8882426234931473,32.0,30.99533002216782,True,suffix,full_fit
2882.0,2.8587974169741694,2.8859773163741727,31.9,30.9975037620452,True,suffix,full_fit
2883.0,2.8565537739013753,2.8836908159275705,31.9,30.999678839772855,True,suffix,full_fit
2884.0,2.854488963435089,2.881382896623196,32.0,31.001877183039483,True,suffix,full_fit
2885.0,2.8519371687353234,2.8790533025357217,32.0,31.004108394830666,True,suffix,full_fit
2886.0,2.849888929889299,2.876701684831437,32.0,31.006342046603436,True,suffix,full_fit
2887.0,2.8477627306273057,2.874327760474677,32.0,31.008578138357848,True,suffix,full_fit
2888.0,2.845564676283126,2.8719312436538047,32.0,31.01081667009379,True,suffix,full_fit
2889.0,2.8429189533713517,2.86951184574364,32.0,31.013057641811372,True,suffix,full_fit
2890.0,2.840884132841329,2.867069275267424,32.0,31.015301053510598,True,suffix,full_fit
2891.0,2.838746460919155,2.864603237858385,32.0,31.017546905191296,True,suffix,full_fit
2892.0,2.8360403891311643,2.8621134362208047,32.2,31.019795196853693,True,suffix,full_fit
2893.0,2.833905535055351,2.859599570090672,32.0,31.022045928497676,True,suffix,full_fit
2894.0,2.831595639047299,2.857061336195868,32.0,31.0242991001233,True,suffix,full_fit
2895.0,2.8291876551492785,2.854498428215893,32.0,31.026554711730455,True,suffix,full_fit
2896.0,2.826771519624287,2.8519105367411326,32.2,31.028812763319138,True,suffix,full_fit
2897.0,2.824355384099295,2.8492973492316542,32.0,31.031073254889577,True,suffix,full_fit
2898.0,2.821939248574304,2.846658549975555,32.2,31.033336186441545,True,suffix,full_fit
2899.0,2.8193729620932575,2.843993820046758,32.2,31.0356015579751,True,suffix,full_fit
2900.0,2.8169069775243205,2.8413028372624383,32.1,31.037869369490238,True,suffix,full_fit
2901.0,2.8146959409594094,2.838585276139874,32.1,31.040139620986963,True,suffix,full_fit
2902.0,2.8119846360281784,2.835840807852845,32.2,31.042412312465387,True,suffix,full_fit
2903.0,2.809358570949346,2.833069100187518,32.1,31.04468744392534,True,suffix,full_fit
2904.0,2.806942435424354,2.8302698174978502,32.1,31.046965015366823,True,suffix,full_fit
2905.0,2.8043614558872862,2.8274426206604657,32.2,31.049245026790004,True,suffix,full_fit
2906.0,2.8018617577993963,2.8245871670290055,32.2,31.051527478194714,True,suffix,full_fit
2907.0,2.799349312311305,2.8217031103880093,32.1,31.053812369581067,True,suffix,full_fit
2908.0,2.7966432405233146,2.81879010090621,32.0,31.056099700949062,True,suffix,full_fit
2909.0,2.794061757799396,2.8158477850893218,32.1,31.058389472298586,True,suffix,full_fit
2910.0,2.791531096947333,2.81287580573231,32.2,31.060681683629696,True,suffix,full_fit
2911.0,2.788825025159342,2.809873801871067,32.2,31.062976334942448,True,suffix,full_fit
2912.0,2.7861189533713513,2.806841408733585,32.2,31.06527342623673,True,suffix,full_fit
2913.0,2.7833285474672924,2.8037782576905226,32.2,31.06757295751271,True,suffix,full_fit
2914.0,2.7804068097953705,2.8006839762052405,32.2,31.06987492877022,True,suffix,full_fit
2915.0,2.7777221402214027,2.7975581877832436,32.2,31.07217934000937,True,suffix,full_fit
2916.0,2.7750405233143245,2.794400511921049,32.2,31.074486191230108,True,suffix,full_fit
2917.0,2.7720885944313984,2.7912105640544507,32.2,31.07679548243243,True,suffix,full_fit
2918.0,2.769382522643408,2.7879879555061984,32.2,31.07910721361634,True,suffix,full_fit
2919.0,2.766652499161355,2.7847322934330663,32.2,31.08142138478189,True,suffix,full_fit
2920.0,2.7636564911103654,2.781443180772298,32.2,31.08373799592897,True,suffix,full_fit
2921.0,2.7606643072794363,2.778120216187438,32.2,31.086057047057636,True,suffix,full_fit
2922.0,2.757958235491446,2.774762994013538,32.2,31.088378538168,True,suffix,full_fit
2923.0,2.7549684669573966,2.7713711042016795,32.2,31.090702469259895,True,suffix,full_fit
2924.0,2.7519724589064074,2.76794413226291,32.2,31.093028840333375,True,suffix,full_fit
2925.0,2.7487128815833604,2.76448165921145,32.2,31.095357651388497,True,suffix,full_fit
2926.0,2.7456804428044284,2.7609832615072833,32.2,31.097688902425205,True,suffix,full_fit
2927.0,2.742927876551493,2.757448510998038,32.2,31.100022593443498,True,suffix,full_fit
2928.0,2.7395216705803427,2.7538769748601677,32.2,31.102358724443377,True,suffix,full_fit
2929.0,2.7363924186514597,2.7502682155394735,32.3,31.1046972954249,True,suffix,full_fit
2930.0,2.733183160013419,2.746621790690855,32.4,31.107038306388006,True,suffix,full_fit
2931.0,2.7301004025494806,2.7429372531173737,32.4,31.1093817573327,True,suffix,full_fit
2932.0,2.7266537739013748,2.7392141507086,32.4,31.111727648258977,True,suffix,full_fit
2933.0,2.7234083864475003,2.7354520263781286,32.4,31.11407597916684,True,suffix,full_fit
2934.0,2.720066387118416,2.731650418000452,32.4,31.11642675005629,True,suffix,full_fit
2935.0,2.7166534384434753,2.7278088583469566,32.4,31.118779960927384,True,suffix,full_fit
2936.0,2.7133674941294865,2.723926875021208,32.4,31.121135611780062,True,suffix,full_fit
2937.0,2.7097959409594092,2.7200039903933853,32.4,31.123493702614383,True,suffix,full_fit
2938.0,2.70619560550151,2.7160397215339374,32.4,31.12585423343029,True,suffix,full_fit
2939.0,2.7027460919154658,2.7120335801464233,32.4,31.128217204227724,True,suffix,full_fit
2940.0,2.699111103656491,2.707985072499457,32.5,31.1305826150068,True,suffix,full_fit
2941.0,2.695432673599463,2.703893699357874,32.4,31.13295046576752,True,suffix,full_fit
2942.0,2.6917518282455553,2.6997589559129747,32.4,31.135320756509714,True,suffix,full_fit
2943.0,2.6881911439114394,2.695580331711881,32.4,31.137693487233605,True,suffix,full_fit
2944.0,2.684107581348541,2.6913573105860547,32.4,31.140068657939025,True,suffix,full_fit
2945.0,2.680469406239517,2.68708937057883,32.5,31.142446268626088,True,suffix,full_fit
2946.0,2.6766035893995306,2.6827759838720464,32.5,31.144826319294793,True,suffix,full_fit
2947.0,2.672681549815497,2.678416616711732,32.5,31.147208809945027,True,suffix,full_fit
2948.0,2.668471955719556,2.6740107293327977,32.4,31.149593740576847,True,suffix,full_fit
2949.0,2.664576752767527,2.6695577758827866,32.5,31.151981111190366,True,suffix,full_fit
2950.0,2.6603283461925518,2.66505720434457,32.5,31.154370921785414,True,suffix,full_fit
2951.0,2.656170043609528,2.6605084564580355,32.5,31.15676317236199,True,suffix,full_fit
2952.0,2.6516277088225437,2.65591096764078,32.5,31.159157862920267,True,suffix,full_fit
2953.0,2.647461086883597,2.651264166907625,32.5,31.161554993460072,True,suffix,full_fit
2954.0,2.6433053337806114,2.646567476789179,32.5,31.163954563981576,True,suffix,full_fit
2955.0,2.6385390472995636,2.641820313249182,32.5,31.16635657448461,True,suffix,full_fit
2956.0,2.634293827574639,2.6370220856007784,32.5,31.16876102496923,True,suffix,full_fit
2957.0,2.629574505199597,2.632172196421609,32.5,31.17116791543549,True,suffix,full_fit
2958.0,2.625050855417645,2.6272700414677383,32.5,31.17357724588328,True,suffix,full_fit
2959.0,2.620309963099631,2.622315009586372,32.6,31.175989016312712,True,suffix,full_fit
2960.0,2.6154776920496476,2.6173064826273142,32.6,31.17840322672373,True,suffix,full_fit
2961.0,2.610511237839651,2.6122438353532282,32.6,31.18081987711639,True,suffix,full_fit
2962.0,2.6054219389466624,2.6071264353485426,32.7,31.18323896749058,True,suffix,full_fit
2963.0,2.6004808788996976,2.601953642927073,32.7,31.185660497846413,True,suffix,full_fit
2964.0,2.595534552163704,2.5967248110383223,32.7,31.188084468183888,True,suffix,full_fit
2965.0,2.5902942972156997,2.5914392851723402,32.7,31.190510878502835,True,suffix,full_fit
2966.0,2.5848821536397186,2.58609640326322,32.7,31.19293972880348,True,suffix,full_fit
2967.0,2.5796109023817517,2.58069549559113,32.7,31.195371019085655,True,suffix,full_fit
2968.0,2.574227037906743,2.57523588468287,32.7,31.197804749349473,True,suffix,full_fit
2969.0,2.5686859778597793,2.569716885210932,32.7,31.200240919594933,True,suffix,full_fit
2970.0,2.563222878228781,2.56413780389092,32.7,31.20267952982192,True,suffix,full_fit
2971.0,2.557520798389801,2.5584979393775105,32.7,31.205120580030496,True,suffix,full_fit
2972.0,2.5517281449178117,2.5527965821586167,32.7,31.207564070220712,True,suffix,full_fit
2973.0,2.545736128815833,2.5470330144480147,32.8,31.210010000392515,True,suffix,full_fit
2974.0,2.5396736665548465,2.5412065100761465,32.9,31.212458370545903,True,suffix,full_fit
2975.0,2.533452096611875,2.535316334379164,32.7,31.214909180680934,True,suffix,full_fit
2976.0,2.5274097618248925,2.529361744086193,32.9,31.217362430797436,True,suffix,full_fit
2977.0,2.521127809459914,2.5233419872046476,32.7,31.21981812089564,True,suffix,full_fit
2978.0,2.51480560214693,2.5172563029036783,32.9,31.222276250975483,True,suffix,full_fit
2979.0,2.5081437772559543,2.511103922256502,32.9,31.224737196129468,True,suffix,full_fit
2980.0,2.5015618248909757,2.504884070064324,32.9,31.227202553313077,True,suffix,full_fit
2981.0,2.4947,,32.7,,False,suffix,full_fit
