time_s,measured_voltage_V,predicted_voltage_V,measured_temperature_C,predicted_temperature_C,covered,split,prediction_kind
0.0,4.1189,4.071626055457302,25.0,25.0,True,prefix,SPM_with_SPMe_parameters
1.0,4.1189,4.063539191236581,25.0,25.002441346190153,True,prefix,SPM_with_SPMe_parameters
2.0,4.113955585374035,4.058551892175696,24.9,25.004874720142595,True,prefix,SPM_with_SPMe_parameters
3.0,4.110272358269037,4.05485801710214,25.0,25.007302689348535,True,prefix,SPM_with_SPMe_parameters
4.0,4.10669647769205,4.051845842594478,25.0,25.00972615592127,True,prefix,SPM_with_SPMe_parameters
5.0,4.1036199597450524,4.049260540218856,25.0,25.012145629019358,True,prefix,SPM_with_SPMe_parameters
6.0,4.10110318685005,4.046974325444563,24.9,25.01456144680924,True,prefix,SPM_with_SPMe_parameters
7.0,4.098457497484066,4.0449101644590675,25.0,25.016973858684025,True,prefix,SPM_with_SPMe_parameters
8.0,4.096190405904059,4.043020775739086,25.0,25.01938305428604,True,prefix,SPM_with_SPMe_parameters
9.0,4.094134015431063,4.041274767052042,24.9,25.021789183680426,True,prefix,SPM_with_SPMe_parameters
10.0,4.092038007380074,4.0396487158136685,25.0,25.024192371609217,True,prefix,SPM_with_SPMe_parameters
11.0,4.090101107011071,4.038124460433684,25.0,25.026592724445777,True,prefix,SPM_with_SPMe_parameters
12.0,4.08850382422006,4.03668819994451,25.0,25.028990333484842,True,prefix,SPM_with_SPMe_parameters
13.0,4.0868285810130836,4.035329528480503,25.0,25.031385276919877,True,prefix,SPM_with_SPMe_parameters
14.0,4.085204461590071,4.034039758528236,24.9,25.033777624346953,True,prefix,SPM_with_SPMe_parameters
15.0,4.083556055015096,4.032812451103203,24.9,25.036167435112645,True,prefix,SPM_with_SPMe_parameters
16.0,4.081905098960081,4.031641663279059,25.0,25.038554764100752,True,prefix,SPM_with_SPMe_parameters
17.0,4.0805413619590745,4.030522260942682,24.9,25.040939661468144,True,prefix,SPM_with_SPMe_parameters
18.0,4.079324589064072,4.029450023807665,25.0,25.043322172041144,True,prefix,SPM_with_SPMe_parameters
19.0,4.078019792016102,4.028421196812884,25.0,25.04570233739645,True,prefix,SPM_with_SPMe_parameters
20.0,4.0765063737001,4.027432597291842,25.0,25.048080195536556,True,prefix,SPM_with_SPMe_parameters
21.0,4.075115800067092,4.026481352589315,25.0,25.05045578205602,True,prefix,SPM_with_SPMe_parameters
22.0,4.073885608856089,4.025565124734529,25.0,25.052829128630606,True,prefix,SPM_with_SPMe_parameters
23.0,4.07279439785307,4.024681764764125,25.0,25.05520026514614,True,prefix,SPM_with_SPMe_parameters
24.0,4.071846628648105,4.0238292380468765,25.0,25.057569220182017,True,prefix,SPM_with_SPMe_parameters
25.0,4.070606373700101,4.023006076685405,25.0,25.059936017789596,True,prefix,SPM_with_SPMe_parameters
26.0,4.069484971486078,4.022210407005187,25.0,25.062300684763045,True,prefix,SPM_with_SPMe_parameters
27.0,4.068549178128145,4.021441045269597,25.0,25.06466324192843,True,prefix,SPM_with_SPMe_parameters
28.0,4.067045353908084,4.020696528453019,25.0,25.067023712440744,True,prefix,SPM_with_SPMe_parameters
29.0,4.066172827910098,4.019975693420676,25.0,25.069382116308702,True,prefix,SPM_with_SPMe_parameters
30.0,4.065206373700101,4.019277438012089,24.9,25.07173847297156,True,prefix,SPM_with_SPMe_parameters
31.0,4.064047903388125,4.01860070620653,25.0,25.074092801428264,True,prefix,SPM_with_SPMe_parameters
32.0,4.063166118752097,4.0179445807473755,25.0,25.076445118820516,True,prefix,SPM_with_SPMe_parameters
33.0,4.062207011070111,4.017308171203727,25.0,25.078795442312753,True,prefix,SPM_with_SPMe_parameters
34.0,4.061326501174103,4.01669069529329,25.0,25.081143787408166,True,prefix,SPM_with_SPMe_parameters
35.0,4.060208923180141,4.016091382966892,25.0,25.08349016962427,True,prefix,SPM_with_SPMe_parameters
36.0,4.059207648440121,4.0155095517373605,25.0,25.085834603217222,True,prefix,SPM_with_SPMe_parameters
37.0,4.058317074807111,4.014944527422826,25.0,25.088177102388897,True,prefix,SPM_with_SPMe_parameters
38.0,4.057447266018115,4.014395673710734,25.0,25.09051768081565,True,prefix,SPM_with_SPMe_parameters
39.0,4.056784971486079,4.0138624536667304,25.0,25.09285635059007,True,prefix,SPM_with_SPMe_parameters
40.0,4.055941831600134,4.013344361264555,25.0,25.095193123268757,True,prefix,SPM_with_SPMe_parameters
41.0,4.055225226434082,4.012840779109342,25.0,25.097528012497662,True,prefix,SPM_with_SPMe_parameters
42.0,4.054468030862127,4.012351271348089,25.0,25.099861028695898,True,prefix,SPM_with_SPMe_parameters
43.0,4.053542468970144,4.01187541928689,25.0,25.102192181935038,True,prefix,SPM_with_SPMe_parameters
44.0,4.052785608856088,4.011412802612379,25.0,25.104521482333325,True,prefix,SPM_with_SPMe_parameters
45.0,4.051911472660182,4.010962900532548,25.0,25.10684894225318,True,prefix,SPM_with_SPMe_parameters
46.0,4.051025863804092,4.01052538755705,25.0,25.10917456996333,True,prefix,SPM_with_SPMe_parameters
47.0,4.050276652130157,4.010099901127328,25.0,25.111498374519897,True,prefix,SPM_with_SPMe_parameters
48.0,4.049466118752097,4.009686065244096,25.0,25.11382036547394,True,prefix,SPM_with_SPMe_parameters
49.0,4.048779369339148,4.009283501180266,25.0,25.11614055262544,True,prefix,SPM_with_SPMe_parameters
50.0,4.0480063737001,4.008891905719905,25.0,25.118458943814687,True,prefix,SPM_with_SPMe_parameters
51.0,4.04739758470312,4.008510966994279,25.0,25.12077554720122,True,prefix,SPM_with_SPMe_parameters
52.0,4.046669942972157,4.008140365003604,25.0,25.123090371534033,True,prefix,SPM_with_SPMe_parameters
53.0,4.0458667561221064,4.007779808276538,25.0,25.125403424701233,True,prefix,SPM_with_SPMe_parameters
54.0,4.045286883596109,4.007429022418291,25.0,25.127714714128786,True,prefix,SPM_with_SPMe_parameters
55.0,4.0446450184501845,4.007087739875925,25.0,25.13002424718104,True,prefix,SPM_with_SPMe_parameters
56.0,4.043690707816169,4.006755690676374,25.0,25.132332031694432,True,prefix,SPM_with_SPMe_parameters
57.0,4.042873633009058,4.006432631649533,25.0,25.134638074420252,True,prefix,SPM_with_SPMe_parameters
58.0,4.042567393492117,4.006118324028046,25.0,25.13694238216425,True,prefix,SPM_with_SPMe_parameters
59.0,4.041981281449178,4.0058125309783685,25.0,25.13924496186246,True,prefix,SPM_with_SPMe_parameters
60.0,4.041111472660181,4.005515014775739,25.0,25.141545820732688,True,prefix,SPM_with_SPMe_parameters
61.0,4.040432405233143,4.0052255694938355,25.0,25.143844964674315,True,prefix,SPM_with_SPMe_parameters
62.0,4.039847903388124,4.004943988453136,25.0,25.146142399790733,True,prefix,SPM_with_SPMe_parameters
63.0,4.039268030862127,4.0046700729423,25.0,25.148438131960575,True,prefix,SPM_with_SPMe_parameters
64.0,4.038688158336129,4.004403631825868,25.0,25.150732166837543,True,prefix,SPM_with_SPMe_parameters
65.0,4.038108285810131,4.00414444826094,25.0,25.15302451156373,True,prefix,SPM_with_SPMe_parameters
66.0,4.037449815498155,4.00389233354573,25.2,25.155315172060796,True,prefix,SPM_with_SPMe_parameters
67.0,4.036848540758134,4.003647124270272,25.2,25.15760415306005,True,prefix,SPM_with_SPMe_parameters
68.0,4.036053002348205,4.003408649001145,25.1,25.1598914598257,True,prefix,SPM_with_SPMe_parameters
69.0,4.0353887957061385,4.0031767419669135,25.0,25.1621770974412,True,prefix,SPM_with_SPMe_parameters
70.0,4.034743743710164,4.002951242790185,25.0,25.16446107081009,True,prefix,SPM_with_SPMe_parameters
71.0,4.034129050654143,4.002731948207655,25.0,25.166743387652048,True,prefix,SPM_with_SPMe_parameters
72.0,4.033549178128145,4.00251872276646,25.0,25.169024051743918,True,prefix,SPM_with_SPMe_parameters
73.0,4.033134652801073,4.002311417752747,25.0,25.17130306777699,True,prefix,SPM_with_SPMe_parameters
74.0,4.032689433076149,4.0021098853810635,25.0,25.173580440515423,True,prefix,SPM_with_SPMe_parameters
75.0,4.0321095605501505,4.001913981902829,25.0,25.175856174596106,True,prefix,SPM_with_SPMe_parameters
76.0,4.031619792016102,4.001723561372835,25.1,25.178130275026945,True,prefix,SPM_with_SPMe_parameters
77.0,4.031149815498154,4.001538458312853,25.2,25.18040274868173,True,prefix,SPM_with_SPMe_parameters
78.0,4.030569942972157,4.0013585549945905,25.2,25.182673598736187,True,prefix,SPM_with_SPMe_parameters
79.0,4.029990070446159,4.001183718985876,25.2,25.18494282972381,True,prefix,SPM_with_SPMe_parameters
80.0,4.0294101979201615,4.001013821282008,25.2,25.187210446068548,True,prefix,SPM_with_SPMe_parameters
81.0,4.028717208990272,4.000848736213225,25.2,25.18947645208044,True,prefix,SPM_with_SPMe_parameters
82.0,4.027850452868165,4.000688341351933,25.2,25.191740851952375,True,prefix,SPM_with_SPMe_parameters
83.0,4.0273352901710835,4.000532517419595,25.0,25.194003649756496,True,prefix,SPM_with_SPMe_parameters
84.0,4.027045353908084,4.000381148193871,25.2,25.19626484944007,True,prefix,SPM_with_SPMe_parameters
85.0,4.026710835290171,4.000234102892014,25.0,25.198524456664074,True,prefix,SPM_with_SPMe_parameters
86.0,4.0261309627641735,4.000091254915909,25.2,25.200782476972677,True,prefix,SPM_with_SPMe_parameters
87.0,4.025567393492117,3.999952509937674,25.2,25.20303891269583,True,prefix,SPM_with_SPMe_parameters
88.0,4.0251712177121775,3.9998177595193036,25.2,25.205293767791375,True,prefix,SPM_with_SPMe_parameters
89.0,4.02459567259309,3.999686897658544,25.2,25.207547046133243,True,prefix,SPM_with_SPMe_parameters
90.0,4.024305736330091,3.9995598207176855,25.2,25.209798751510164,True,prefix,SPM_with_SPMe_parameters
91.0,4.023731600134183,3.9994364273541456,25.2,25.212048887624576,True,prefix,SPM_with_SPMe_parameters
92.0,4.023425863804092,3.9993166184526663,25.2,25.214297458090755,True,prefix,SPM_with_SPMe_parameters
93.0,4.022871855082188,3.999200297059702,25.2,25.216544466433902,True,prefix,SPM_with_SPMe_parameters
94.0,4.022545991278094,3.9990873450569695,25.2,25.21878991891316,True,prefix,SPM_with_SPMe_parameters
95.0,4.021930795035223,3.9989776714145773,25.2,25.221033818826584,True,prefix,SPM_with_SPMe_parameters
96.0,4.021566118752096,3.998871190109747,25.0,25.223276168982636,True,prefix,SPM_with_SPMe_parameters
97.0,4.021052364978195,3.998767809390546,25.1,25.225516973038054,True,prefix,SPM_with_SPMe_parameters
98.0,4.020472492452197,3.9986674391960952,25.2,25.227756234610922,True,prefix,SPM_with_SPMe_parameters
99.0,4.0198926199262,3.998569991109372,25.2,25.229993957281806,True,prefix,SPM_with_SPMe_parameters
100.0,4.019506373700101,3.998475378312061,25.2,25.232230144595178,True,prefix,SPM_with_SPMe_parameters
101.0,4.018971687353237,3.998383515541746,25.2,25.234464800061005,True,prefix,SPM_with_SPMe_parameters
102.0,4.018526501174103,3.998294319050857,25.2,25.23669792715583,True,prefix,SPM_with_SPMe_parameters
103.0,4.018236564911104,3.998207698247199,25.2,25.238929530393648,True,prefix,SPM_with_SPMe_parameters
104.0,4.0179466286481045,3.9981235767678243,25.2,25.241159612665683,True,prefix,SPM_with_SPMe_parameters
105.0,4.017513384770211,3.998041874673933,25.2,25.243388177454847,True,prefix,SPM_with_SPMe_parameters
106.0,4.017066756122106,3.997962513163519,25.2,25.245615228253655,True,prefix,SPM_with_SPMe_parameters
107.0,4.016653639718215,3.9978854147194007,25.2,25.24784076854337,True,prefix,SPM_with_SPMe_parameters
108.0,4.0161491781281455,3.9978105030780853,25.2,25.250064801796555,True,prefix,SPM_with_SPMe_parameters
109.0,4.015693894666219,3.9977377032000216,25.2,25.252287331478612,True,prefix,SPM_with_SPMe_parameters
110.0,4.01520701107011,3.997666941240588,25.2,25.25450836105057,True,prefix,SPM_with_SPMe_parameters
111.0,4.014917074807111,3.9975981459713577,25.2,25.256727893695484,True,prefix,SPM_with_SPMe_parameters
112.0,4.014627138544113,3.9975312509621723,25.2,25.25894593186888,True,prefix,SPM_with_SPMe_parameters
113.0,4.014274404562228,3.997466182542768,25.2,25.26116247960124,True,prefix,SPM_with_SPMe_parameters
114.0,4.013747266018115,3.9974028720005723,25.2,25.263377540196757,True,prefix,SPM_with_SPMe_parameters
115.0,4.01340043609527,3.9973412517384586,25.2,25.265591116946837,True,prefix,SPM_with_SPMe_parameters
116.0,4.0128,3.9972812552516728,25.2,25.267803213131003,True,prefix,SPM_with_SPMe_parameters
117.0,4.0127323716873535,3.997222817105521,25.2,25.27001383201798,True,prefix,SPM_with_SPMe_parameters
118.0,4.011887520966119,3.99716587291348,25.2,25.272222976867113,True,prefix,SPM_with_SPMe_parameters
119.0,4.01159758470312,3.9971103593159194,25.2,25.27443065092922,True,prefix,SPM_with_SPMe_parameters
120.0,4.011307648440121,3.9970562165217722,25.2,25.27663685687395,True,prefix,SPM_with_SPMe_parameters
121.0,4.0110177121771216,3.99700338504536,25.2,25.27884159748595,True,prefix,SPM_with_SPMe_parameters
122.0,4.010455551828246,3.9969518028546593,25.1,25.281044876331237,True,prefix,SPM_with_SPMe_parameters
123.0,4.010137839651124,3.9969014110373005,25.2,25.28324669648657,True,prefix,SPM_with_SPMe_parameters
124.0,4.009763871184166,3.996852151660731,25.1,25.285447061008313,True,prefix,SPM_with_SPMe_parameters
125.0,4.009457967125126,3.9968039677561498,25.1,25.287645972933035,True,prefix,SPM_with_SPMe_parameters
126.0,4.0089360617242535,3.9967568033030823,25.2,25.289843435276907,True,prefix,SPM_with_SPMe_parameters
127.0,4.008578094599128,3.9967106032144075,25.1,25.292039451036942,True,prefix,SPM_with_SPMe_parameters
128.0,4.008288158336129,3.9966653133220165,25.1,25.29423402319088,True,prefix,SPM_with_SPMe_parameters
129.0,4.00799822207313,3.996620880078554,25.2,25.296427154683272,True,prefix,SPM_with_SPMe_parameters
130.0,4.007708285810131,3.9965772511473396,25.1,25.29861884845542,True,prefix,SPM_with_SPMe_parameters
131.0,4.007418349547132,3.9965343750732054,25.1,25.300809107430155,True,prefix,SPM_with_SPMe_parameters
132.0,4.007128413284133,3.9964922011873356,25.1,25.302997934508426,True,prefix,SPM_with_SPMe_parameters
133.0,4.006623113049312,3.996450679670814,25.2,25.305185332572762,True,prefix,SPM_with_SPMe_parameters
134.0,4.006148540758135,3.9964097615428678,25.3,25.307371304487788,True,prefix,SPM_with_SPMe_parameters
135.0,4.005858604495136,3.9963693986495104,25.3,25.30955585310039,True,prefix,SPM_with_SPMe_parameters
136.0,4.0055686682321365,3.9963295436526827,25.3,25.311738981240126,True,prefix,SPM_with_SPMe_parameters
137.0,4.005278731969137,3.996290150008081,25.2,25.313920691721933,True,prefix,SPM_with_SPMe_parameters
138.0,4.004877591412278,3.9962511702509063,25.2,25.316100987747234,True,prefix,SPM_with_SPMe_parameters
139.0,4.00439885944314,3.996212560350412,25.1,25.31827987188194,True,prefix,SPM_with_SPMe_parameters
140.0,4.004108923180141,3.9961742759441927,25.1,25.32045734693338,True,prefix,SPM_with_SPMe_parameters
141.0,4.003791982556189,3.996136273412467,25.2,25.32263341569808,True,prefix,SPM_with_SPMe_parameters
142.0,4.003429050654143,3.9960985098668855,25.3,25.324808080962498,True,prefix,SPM_with_SPMe_parameters
143.0,4.003139114391144,3.9960609431396845,25.3,25.32698134550344,True,prefix,SPM_with_SPMe_parameters
144.0,4.0028491781281454,3.9960235317730586,25.3,25.329153212088556,True,prefix,SPM_with_SPMe_parameters
145.0,4.002559241865146,3.9959862350082664,25.3,25.331323683476796,True,prefix,SPM_with_SPMe_parameters
146.0,4.002269305602147,3.9959490129075177,25.3,25.333492762392495,True,prefix,SPM_with_SPMe_parameters
147.0,4.001979369339148,3.9959118264694684,25.3,25.335660451500132,True,prefix,SPM_with_SPMe_parameters
148.0,4.001689433076149,3.995874636744628,25.3,25.33782675358202,True,prefix,SPM_with_SPMe_parameters
149.0,4.00139949681315,3.9958374057339823,25.1,25.33999167135505,True,prefix,SPM_with_SPMe_parameters
150.0,4.001109560550151,3.995800096093915,25.3,25.342155207528265,True,prefix,SPM_with_SPMe_parameters
151.0,4.000819624287152,3.995762671126288,25.3,25.344317364803942,True,prefix,SPM_with_SPMe_parameters
152.0,4.000439584032204,3.9957250947684613,25.3,25.346478145877597,True,prefix,SPM_with_SPMe_parameters
153.0,4.000139751761154,3.9956873315833166,25.3,25.348637553438778,True,prefix,SPM_with_SPMe_parameters
154.0,3.999849815498155,3.9956493467492304,25.3,25.350795590171117,True,prefix,SPM_with_SPMe_parameters
155.0,3.999559879235156,3.9956111077246654,25.1,25.352952258306004,True,prefix,SPM_with_SPMe_parameters
156.0,3.999269942972157,3.9955725817489345,25.3,25.35510756029737,True,prefix,SPM_with_SPMe_parameters
157.0,3.998980006709158,3.995533734792767,25.2,25.35726149909084,True,prefix,SPM_with_SPMe_parameters
158.0,3.998690070446159,3.9954945346499047,25.2,25.35941407729507,True,prefix,SPM_with_SPMe_parameters
159.0,3.99840013418316,3.99545494969691,25.3,25.361565297513835,True,prefix,SPM_with_SPMe_parameters
160.0,3.998110197920161,3.9954149488829827,25.3,25.363715162345784,True,prefix,SPM_with_SPMe_parameters
161.0,3.997820261657162,3.995374501719669,25.3,25.36586367438548,True,prefix,SPM_with_SPMe_parameters
162.0,3.9974737671922176,3.995333578270409,25.3,25.368010836224244,True,prefix,SPM_with_SPMe_parameters
163.0,3.997140389131164,3.995292149139729,25.3,25.370156650450326,True,prefix,SPM_with_SPMe_parameters
164.0,3.99670090573633,3.995250185462451,25.3,25.372301119649876,True,prefix,SPM_with_SPMe_parameters
165.0,3.9964,3.9952076588924146,25.3,25.374444246407563,True,prefix,SPM_with_SPMe_parameters
166.0,3.996270580342167,3.9951645415911274,25.3,25.376586033307262,True,prefix,SPM_with_SPMe_parameters
167.0,3.995980644079168,3.995120806216092,25.3,25.37872648293245,True,prefix,SPM_with_SPMe_parameters
168.0,3.995690707816169,3.9950764259087745,25.3,25.38086559786717,True,prefix,SPM_with_SPMe_parameters
169.0,3.99540077155317,3.995031376580828,25.3,25.383003380174898,True,prefix,SPM_with_SPMe_parameters
170.0,3.995110835290171,3.9949856395486676,25.3,25.385139830835328,True,prefix,SPM_with_SPMe_parameters
171.0,3.994820899027172,3.994939183573524,25.3,25.3872749537893,True,prefix,SPM_with_SPMe_parameters
172.0,3.994507950352231,3.9948919842518005,25.3,25.389408751518488,True,prefix,SPM_with_SPMe_parameters
173.0,3.994141026501174,3.9948440176664426,25.3,25.39154122650058,True,prefix,SPM_with_SPMe_parameters
174.0,3.9939,3.9947952603776464,25.5,25.39367238120974,True,prefix,SPM_with_SPMe_parameters
175.0,3.993861153975176,3.99474568941314,25.3,25.395802218117183,True,prefix,SPM_with_SPMe_parameters
176.0,3.993571217712177,3.994695282258344,25.3,25.39793073969156,True,prefix,SPM_with_SPMe_parameters
177.0,3.9932812814491783,3.9946440168463253,25.3,25.400057948399535,True,prefix,SPM_with_SPMe_parameters
178.0,3.992991345186179,3.994591871547556,25.3,25.402183846706293,True,prefix,SPM_with_SPMe_parameters
179.0,3.9927014089231805,3.9945388251593443,25.5,25.404308437075883,True,prefix,SPM_with_SPMe_parameters
180.0,3.992411472660181,3.9944848568951037,25.3,25.4064317219719,True,prefix,SPM_with_SPMe_parameters
181.0,3.9921215363971823,3.9944299463733977,25.5,25.408553703857592,True,prefix,SPM_with_SPMe_parameters
182.0,3.9921,3.9943740736066147,25.3,25.410674385196728,True,prefix,SPM_with_SPMe_parameters
183.0,3.991841663871184,3.9943172189895,25.5,25.41279376845415,True,prefix,SPM_with_SPMe_parameters
184.0,3.991551727608185,3.994259377230523,25.5,25.414911853412264,True,prefix,SPM_with_SPMe_parameters
185.0,3.991182388460248,3.994200520991283,25.5,25.417028644254174,True,prefix,SPM_with_SPMe_parameters
186.0,3.990871855082187,3.99414063187477,25.3,25.41914414346644,True,prefix,SPM_with_SPMe_parameters
187.0,3.9908,3.994079692604437,25.4,25.421258353393227,True,prefix,SPM_with_SPMe_parameters
188.0,3.9903839651123785,3.9940176863205252,25.4,25.423371276372677,True,prefix,SPM_with_SPMe_parameters
189.0,3.9902,3.993954596573322,25.3,25.42548291473713,True,prefix,SPM_with_SPMe_parameters
190.0,3.9900121100301913,3.9938904073162416,25.4,25.42759327081319,True,prefix,SPM_with_SPMe_parameters
191.0,3.989722173767192,3.9938251028989433,25.5,25.429702346921943,True,prefix,SPM_with_SPMe_parameters
192.0,3.9896,3.9937586680604484,25.5,25.43181014537936,True,prefix,SPM_with_SPMe_parameters
193.0,3.989442301241194,3.9936910879218908,25.5,25.43391666849618,True,prefix,SPM_with_SPMe_parameters
194.0,3.9890047299563904,3.993622347979631,25.5,25.436021918578206,True,prefix,SPM_with_SPMe_parameters
195.0,3.988562428715196,3.9935524340979187,25.4,25.43812589792668,True,prefix,SPM_with_SPMe_parameters
196.0,3.9884,3.9934813325016902,25.4,25.44022860883831,True,prefix,SPM_with_SPMe_parameters
197.0,3.988243408252264,3.9934090297692064,25.5,25.442330053605588,True,prefix,SPM_with_SPMe_parameters
198.0,3.9878926199261993,3.9933355184384802,25.5,25.444430233592755,True,prefix,SPM_with_SPMe_parameters
199.0,3.9876026836632,3.993260785447979,25.5,25.44652915117382,True,prefix,SPM_with_SPMe_parameters
200.0,3.9873127474002015,3.9931848163426618,25.5,25.448626808991264,True,prefix,SPM_with_SPMe_parameters
201.0,3.9871,3.9931075995731926,25.5,25.450723209257546,True,prefix,SPM_with_SPMe_parameters
202.0,3.987032874874203,3.993029123960644,25.5,25.452818354176372,True,prefix,SPM_with_SPMe_parameters
203.0,3.9867429386112043,3.992949378692213,25.5,25.454912245943945,True,prefix,SPM_with_SPMe_parameters
204.0,3.986453002348205,3.992868353316853,25.5,25.45700488674811,True,prefix,SPM_with_SPMe_parameters
205.0,3.9862,3.992786037740982,25.5,25.459096278768698,True,prefix,SPM_with_SPMe_parameters
206.0,3.9861731298222076,3.9927024222242093,25.5,25.461186424177697,True,prefix,SPM_with_SPMe_parameters
207.0,3.9858831935592085,3.992617497375061,25.5,25.46327532513908,True,prefix,SPM_with_SPMe_parameters
208.0,3.985593257296209,3.992531254146776,25.5,25.465362983808802,True,prefix,SPM_with_SPMe_parameters
209.0,3.9853033210332103,3.9924436838330206,25.5,25.467449402335262,True,prefix,SPM_with_SPMe_parameters
210.0,3.9853,3.9923547780637434,25.5,25.46953458285884,True,prefix,SPM_with_SPMe_parameters
211.0,3.984931264676283,3.992264528800977,25.5,25.47161852751225,True,prefix,SPM_with_SPMe_parameters
212.0,3.9846335122442134,3.9921729283757115,25.5,25.47370123843399,True,prefix,SPM_with_SPMe_parameters
213.0,3.9846,3.992079969454864,25.5,25.475782717759273,True,prefix,SPM_with_SPMe_parameters
214.0,3.9843536397182153,3.991985644914261,25.5,25.4778629675788,True,prefix,SPM_with_SPMe_parameters
215.0,3.984063703455216,3.9918899480076675,25.7,25.47994198999629,True,prefix,SPM_with_SPMe_parameters
216.0,3.984,3.991792872300535,25.5,25.482019787108015,True,prefix,SPM_with_SPMe_parameters
217.0,3.983783830929218,3.9916944116659883,25.5,25.484096361003083,True,prefix,SPM_with_SPMe_parameters
218.0,3.9837,3.9915945602806486,25.5,25.4861717137631,True,prefix,SPM_with_SPMe_parameters
219.0,3.9833079168064405,3.9914933126207024,25.5,25.48824584746228,True,prefix,SPM_with_SPMe_parameters
220.0,3.9831,3.9913906634577154,25.5,25.490318764167853,True,prefix,SPM_with_SPMe_parameters
221.0,3.9829240858772224,3.991286607854687,25.5,25.49239046593965,True,prefix,SPM_with_SPMe_parameters
222.0,3.9826341496142232,3.99118114116192,25.6,25.49446095483046,True,prefix,SPM_with_SPMe_parameters
223.0,3.9825,3.9910742590130854,25.6,25.496530232885846,True,prefix,SPM_with_SPMe_parameters
224.0,3.9823542770882256,3.990965957321096,25.6,25.498598302144444,True,prefix,SPM_with_SPMe_parameters
225.0,3.982019121100302,3.9908562322742256,25.7,25.500665164637724,True,prefix,SPM_with_SPMe_parameters
226.0,3.981674404562227,3.990745080237261,25.7,25.502730822411365,True,prefix,SPM_with_SPMe_parameters
227.0,3.9815,3.9906324966115627,25.6,25.504795277772985,True,prefix,SPM_with_SPMe_parameters
228.0,3.9813945320362296,3.9905184793273265,25.5,25.506858532518322,True,prefix,SPM_with_SPMe_parameters
229.0,3.9810091915464607,3.9904030255537677,25.5,25.50892058866492,True,prefix,SPM_with_SPMe_parameters
230.0,3.9806,3.990286132707353,25.6,25.510981448224754,True,prefix,SPM_with_SPMe_parameters
231.0,3.9805247232472323,3.990167798447387,25.7,25.513041113203826,True,prefix,SPM_with_SPMe_parameters
232.0,3.9803,3.990048020671504,25.7,25.51509958560291,True,prefix,SPM_with_SPMe_parameters
233.0,3.9802448507212347,3.9899267975113126,25.7,25.517156867417043,True,prefix,SPM_with_SPMe_parameters
234.0,3.9799549144582356,3.9898041273278344,25.5,25.519212960635798,True,prefix,SPM_with_SPMe_parameters
235.0,3.9797,3.9896800087071314,25.5,25.521267867243523,True,prefix,SPM_with_SPMe_parameters
236.0,3.9796750419322375,3.989554440455771,25.7,25.52332158921928,True,prefix,SPM_with_SPMe_parameters
237.0,3.9793851056692384,3.989427421596368,25.5,25.525374128536896,True,prefix,SPM_with_SPMe_parameters
238.0,3.9790935592083194,3.989298951363117,25.7,25.52742548716509,True,prefix,SPM_with_SPMe_parameters
239.0,3.9787069775243205,3.989169029197287,25.7,25.52947566706746,True,prefix,SPM_with_SPMe_parameters
240.0,3.9787,3.9890376547427353,25.7,25.53152467020277,True,prefix,SPM_with_SPMe_parameters
241.0,3.978425360617243,3.988904829852827,25.7,25.53357249838109,True,prefix,SPM_with_SPMe_parameters
242.0,3.9781354243542437,3.9887705538344536,25.7,25.535619153607115,True,prefix,SPM_with_SPMe_parameters
243.0,3.9781,3.98863482656821,25.7,25.537664637852004,True,prefix,SPM_with_SPMe_parameters
244.0,3.9778555518282452,3.988497648609184,25.7,25.539708953047068,True,prefix,SPM_with_SPMe_parameters
245.0,3.9775656155652466,3.9883590207060786,25.7,25.54175210111839,True,prefix,SPM_with_SPMe_parameters
246.0,3.9775,3.988218943797412,25.7,25.543794083987052,True,prefix,SPM_with_SPMe_parameters
247.0,3.9772857430392485,3.9880774190077606,25.7,25.545834903569016,True,prefix,SPM_with_SPMe_parameters
248.0,3.9769958067762494,3.987934447643866,25.7,25.547874561775302,True,prefix,SPM_with_SPMe_parameters
249.0,3.9769,3.9877900311909564,25.7,25.549913060511983,True,prefix,SPM_with_SPMe_parameters
250.0,3.9767159342502514,3.9876441713089568,25.6,25.55195040168013,True,prefix,SPM_with_SPMe_parameters
251.0,3.9764259979872527,3.9874968698286333,25.6,25.55398658717621,True,prefix,SPM_with_SPMe_parameters
252.0,3.9763,3.9873481287479935,25.7,25.55602161889169,True,prefix,SPM_with_SPMe_parameters
253.0,3.9761461254612547,3.987197950228444,25.7,25.558055498713543,True,prefix,SPM_with_SPMe_parameters
254.0,3.976,3.9870463365910678,25.7,25.56008822852408,True,prefix,SPM_with_SPMe_parameters
255.0,3.975821670580342,3.986893292004572,25.7,25.56211981002525,True,prefix,SPM_with_SPMe_parameters
256.0,3.9754763166722578,3.9867388199630853,25.7,25.56415024500552,True,prefix,SPM_with_SPMe_parameters
257.0,3.9753,3.9865829219308946,25.7,25.56617953547459,True,prefix,SPM_with_SPMe_parameters
258.0,3.9751964441462597,3.9864256010244334,25.7,25.56820768328015,True,prefix,SPM_with_SPMe_parameters
259.0,3.9749065078832606,3.986266860519132,25.7,25.570234690264385,True,prefix,SPM_with_SPMe_parameters
260.0,3.9747,3.986106703846648,25.7,25.57226055826385,True,prefix,SPM_with_SPMe_parameters
261.0,3.9746266353572626,3.9859451345921286,25.7,25.57428528910964,True,prefix,SPM_with_SPMe_parameters
262.0,3.974336699094264,3.985782156491521,25.7,25.576308884627394,True,prefix,SPM_with_SPMe_parameters
263.0,3.9741,3.985617773428787,25.7,25.578331346637015,True,prefix,SPM_with_SPMe_parameters
264.0,3.974056826568266,3.9854519894333484,25.7,25.580352676953282,True,prefix,SPM_with_SPMe_parameters
265.0,3.9737668903052668,3.9852848086773935,25.7,25.58237287738524,True,prefix,SPM_with_SPMe_parameters
266.0,3.9735,3.9851162354732788,25.7,25.584391949736528,True,prefix,SPM_with_SPMe_parameters
267.0,3.9734870177792687,3.984946274270926,25.7,25.586409895805502,True,prefix,SPM_with_SPMe_parameters
268.0,3.973193190204629,3.9847749296553103,25.7,25.58842671738506,True,prefix,SPM_with_SPMe_parameters
269.0,3.972516672257632,3.98460220640154,25.7,25.590442416250767,True,prefix,SPM_with_SPMe_parameters
270.0,3.9725,3.9844281095808425,25.7,25.59245699413958,True,prefix,SPM_with_SPMe_parameters
271.0,3.9722272727272725,3.984252643988056,25.7,25.59447045286595,True,prefix,SPM_with_SPMe_parameters
272.0,3.971937336464274,3.984075814738803,25.7,25.596482794198437,True,prefix,SPM_with_SPMe_parameters
273.0,3.9719,3.983897627072754,25.7,25.598494019900386,True,prefix,SPM_with_SPMe_parameters
274.0,3.971657463938276,3.9837180863511885,25.9,25.600504131729508,True,prefix,SPM_with_SPMe_parameters
275.0,3.9716,3.9835371980547487,25.7,25.602513131438116,True,prefix,SPM_with_SPMe_parameters
276.0,3.9713775914122778,3.9833549677811417,25.7,25.604521020773007,True,prefix,SPM_with_SPMe_parameters
277.0,3.9713,3.9831714012427906,25.7,25.606527801475465,True,prefix,SPM_with_SPMe_parameters
278.0,3.9710977188862797,3.982986504264723,25.7,25.608533475281547,True,prefix,SPM_with_SPMe_parameters
279.0,3.9708077826232806,3.9828002827822564,25.7,25.610538043921565,True,prefix,SPM_with_SPMe_parameters
280.0,3.970517846360282,3.9826127428388163,25.7,25.612541509120774,True,prefix,SPM_with_SPMe_parameters
281.0,3.9704,3.982423890583786,25.7,25.6145438725988,True,prefix,SPM_with_SPMe_parameters
282.0,3.970237973834284,3.9822337322703247,25.7,25.616545136069874,True,prefix,SPM_with_SPMe_parameters
283.0,3.9701,3.9820422742533075,25.7,25.618545301243046,True,prefix,SPM_with_SPMe_parameters
284.0,3.969958101308286,3.981849521474056,25.7,25.62054436997562,True,prefix,SPM_with_SPMe_parameters
285.0,3.9698,3.9816554813631413,25.8,25.62254234387416,True,prefix,SPM_with_SPMe_parameters
286.0,3.969637638376384,3.9814601606130573,25.8,25.624539224625778,True,prefix,SPM_with_SPMe_parameters
287.0,3.969288292519289,3.9812635658772546,25.8,25.626535013925604,True,prefix,SPM_with_SPMe_parameters
288.0,3.9691,3.981065703893068,25.9,25.628529713464104,True,prefix,SPM_with_SPMe_parameters
289.0,3.969008419993291,3.980866581479379,25.9,25.630523324927083,True,prefix,SPM_with_SPMe_parameters
290.0,3.968718483730292,3.9806662055343383,25.9,25.63251584999557,True,prefix,SPM_with_SPMe_parameters
291.0,3.9685,3.9804645830329894,25.9,25.634507290345937,True,prefix,SPM_with_SPMe_parameters
292.0,3.9684386112042938,3.980261721025119,25.7,25.636497647649946,True,prefix,SPM_with_SPMe_parameters
293.0,3.9681486749412946,3.9800576266328993,25.7,25.638486923574874,True,prefix,SPM_with_SPMe_parameters
294.0,3.967858738678296,3.979852307048716,25.9,25.64047511978322,True,prefix,SPM_with_SPMe_parameters
295.0,3.9676,3.9796457695329424,25.9,25.64246223793316,True,prefix,SPM_with_SPMe_parameters
296.0,3.9676,3.979438021411707,25.7,25.644448279678386,True,prefix,SPM_with_SPMe_parameters
297.0,3.967588929889299,3.979229070074781,25.7,25.64643324666781,True,prefix,SPM_with_SPMe_parameters
298.0,3.9672989936263,3.979018922897351,25.9,25.648417140576157,True,prefix,SPM_with_SPMe_parameters
299.0,3.967009057363301,3.9788075873885616,25.7,25.650399963043355,True,prefix,SPM_with_SPMe_parameters
300.0,3.967,3.9785950711496487,25.7,25.652381715691945,True,prefix,SPM_with_SPMe_parameters
301.0,3.9667291848373027,3.97838138179668,25.9,25.65436240015549,True,prefix,SPM_with_SPMe_parameters
302.0,3.966352331432405,3.978166526998113,25.9,25.656342018063697,True,prefix,SPM_with_SPMe_parameters
303.0,3.9663,3.977950514472692,25.7,25.65832057104211,True,prefix,SPM_with_SPMe_parameters
304.0,3.9660593760483063,3.9777333519873537,25.9,25.660298060712194,True,prefix,SPM_with_SPMe_parameters
305.0,3.966,3.9775150473551943,25.7,25.66227448869131,True,prefix,SPM_with_SPMe_parameters
306.0,3.965779503522308,3.9772956084333853,25.8,25.664249856592903,True,prefix,SPM_with_SPMe_parameters
307.0,3.9654895672593087,3.9770750431211748,25.9,25.666224166026325,True,prefix,SPM_with_SPMe_parameters
308.0,3.9654,3.976853359357848,25.9,25.66819741859723,True,prefix,SPM_with_SPMe_parameters
309.0,3.965019389466622,3.9766305651207867,25.9,25.670169615907014,True,prefix,SPM_with_SPMe_parameters
310.0,3.9646197584703122,3.976406668423425,25.8,25.672140759553656,True,prefix,SPM_with_SPMe_parameters
311.0,3.9645,3.976181677313316,25.8,25.67411085113099,True,prefix,SPM_with_SPMe_parameters
312.0,3.9645,3.975955600377122,25.9,25.676079892213806,True,prefix,SPM_with_SPMe_parameters
313.0,3.964349949681315,3.975728446533109,25.9,25.678047884357966,True,prefix,SPM_with_SPMe_parameters
314.0,3.964060013418316,3.9755002230962933,25.9,25.68001482916543,True,prefix,SPM_with_SPMe_parameters
315.0,3.963770077155317,3.975270938302547,25.9,25.681980728209226,True,prefix,SPM_with_SPMe_parameters
316.0,3.9636,3.975040600419071,25.9,25.683945583058005,True,prefix,SPM_with_SPMe_parameters
317.0,3.9634536061724255,3.9748092177429513,25.9,25.6859093952761,True,prefix,SPM_with_SPMe_parameters
318.0,3.9632,3.974576798599654,25.9,25.687872166423574,True,prefix,SPM_with_SPMe_parameters
319.0,3.963110332103321,3.9743433513416786,25.9,25.689833898056122,True,prefix,SPM_with_SPMe_parameters
320.0,3.962820395840322,3.9741088843470824,25.9,25.691794591724886,True,prefix,SPM_with_SPMe_parameters
321.0,3.9626,3.9738734060181864,25.9,25.69375424897686,True,prefix,SPM_with_SPMe_parameters
322.0,3.962540523314324,3.973636924780145,25.9,25.695712871354715,True,prefix,SPM_with_SPMe_parameters
323.0,3.962250587051325,3.9733994490796403,25.9,25.69767046039658,True,prefix,SPM_with_SPMe_parameters
324.0,3.962,3.9731609873835723,25.9,25.699627017636487,True,prefix,SPM_with_SPMe_parameters
325.0,3.9619707145253273,3.9729215481777453,25.9,25.70158254460381,True,prefix,SPM_with_SPMe_parameters
326.0,3.9616807782623282,3.972681139965636,25.9,25.70353704282394,True,prefix,SPM_with_SPMe_parameters
327.0,3.9614,3.9724397712670725,25.9,25.70549051381755,True,prefix,SPM_with_SPMe_parameters
328.0,3.9614,3.9721974506170743,25.9,25.707442959101115,True,prefix,SPM_with_SPMe_parameters
329.0,3.961110969473331,3.971954186564572,25.9,25.70939438018695,True,prefix,SPM_with_SPMe_parameters
330.0,3.9611,3.971709987671276,25.9,25.711344778582657,True,prefix,SPM_with_SPMe_parameters
331.0,3.960831096947333,3.971464862510455,25.9,25.7132941557918,True,prefix,SPM_with_SPMe_parameters
332.0,3.9608,3.9712188196657974,25.9,25.715242513313342,True,prefix,SPM_with_SPMe_parameters
333.0,3.960551224421335,3.97097186773028,25.9,25.717189852642093,True,prefix,SPM_with_SPMe_parameters
334.0,3.9601817175444483,3.9707240153050605,25.9,25.71913617526843,True,prefix,SPM_with_SPMe_parameters
335.0,3.9601,3.9704752716523535,25.9,25.72108148309843,True,prefix,SPM_with_SPMe_parameters
336.0,3.959881415632338,3.9702256448928264,25.9,25.723025777291866,True,prefix,SPM_with_SPMe_parameters
337.0,3.959591479369339,3.9699751436176873,25.9,25.724969059307,True,prefix,SPM_with_SPMe_parameters
338.0,3.9595,3.9697237764602322,26.0,25.726911330622215,True,prefix,SPM_with_SPMe_parameters
339.0,3.959311606843341,3.969471552057029,26.0,25.72885259271152,True,prefix,SPM_with_SPMe_parameters
340.0,3.9590216705803423,3.9692184790468192,26.0,25.73079284704511,True,prefix,SPM_with_SPMe_parameters
341.0,3.9589,3.968964566069593,26.0,25.73273209508858,True,prefix,SPM_with_SPMe_parameters
342.0,3.9587417980543442,3.968709821765584,26.0,25.734670338303545,True,prefix,SPM_with_SPMe_parameters
343.0,3.9586,3.9684542547743016,26.0,25.736607578147186,True,prefix,SPM_with_SPMe_parameters
344.0,3.958461925528346,3.9681978737336476,26.0,25.738543816072763,True,prefix,SPM_with_SPMe_parameters
345.0,3.958171989265347,3.967940687278972,26.0,25.7404790535291,True,prefix,SPM_with_SPMe_parameters
346.0,3.958,3.967682704042121,25.9,25.742413291960816,True,prefix,SPM_with_SPMe_parameters
347.0,3.9578921167393495,3.967423932650612,25.9,25.744346532808493,True,prefix,SPM_with_SPMe_parameters
348.0,3.9577,3.967164381726727,25.9,25.746278777508394,True,prefix,SPM_with_SPMe_parameters
349.0,3.9574074807111708,3.9669040598866836,26.0,25.748210027492405,True,prefix,SPM_with_SPMe_parameters
350.0,3.9567,3.9666429757397474,26.0,25.750140284188547,True,prefix,SPM_with_SPMe_parameters
351.0,3.9566323716873533,3.9663811378874545,25.9,25.752069549020348,True,prefix,SPM_with_SPMe_parameters
352.0,3.9564,3.966118554922792,26.1,25.753997823407246,True,prefix,SPM_with_SPMe_parameters
353.0,3.9563524991613552,3.965855235429372,26.1,25.75592510876436,True,prefix,SPM_with_SPMe_parameters
354.0,3.9561,3.965591187980681,26.1,25.757851406502766,True,prefix,SPM_with_SPMe_parameters
355.0,3.9560726266353576,3.9653264211393147,26.1,25.759776718029173,True,prefix,SPM_with_SPMe_parameters
356.0,3.955782690372358,3.965060943456205,26.1,25.76170104474619,True,prefix,SPM_with_SPMe_parameters
357.0,3.9555,3.9647947616822052,26.1,25.763624388596497,True,prefix,SPM_with_SPMe_parameters
358.0,3.9555,3.9645278842366003,26.1,25.765546751002773,True,prefix,SPM_with_SPMe_parameters
359.0,3.9552128815833614,3.9642603209368037,25.9,25.76746813295506,True,prefix,SPM_with_SPMe_parameters
360.0,3.9549229453203623,3.963992080236601,26.1,25.769388535851363,True,prefix,SPM_with_SPMe_parameters
361.0,3.9549,3.963723170573184,26.1,25.771307961085427,True,prefix,SPM_with_SPMe_parameters
362.0,3.9546430727943642,3.9634536003665253,26.1,25.773226410047243,True,prefix,SPM_with_SPMe_parameters
363.0,3.9546,3.963183378018694,26.3,25.775143884122883,True,prefix,SPM_with_SPMe_parameters
364.0,3.954363200268366,3.962912511913209,26.1,25.777060384694664,True,prefix,SPM_with_SPMe_parameters
365.0,3.95399768534049,3.962641010414459,26.1,25.77897591314087,True,prefix,SPM_with_SPMe_parameters
366.0,3.9539,3.9623688818670137,26.1,25.78089047083614,True,prefix,SPM_with_SPMe_parameters
367.0,3.9536933914793693,3.9620961345950807,26.1,25.78280405915092,True,prefix,SPM_with_SPMe_parameters
368.0,3.95340345521637,3.9618227769018817,26.1,25.784716679452004,True,prefix,SPM_with_SPMe_parameters
369.0,3.9533,3.961548817069112,26.1,25.786628333102385,True,prefix,SPM_with_SPMe_parameters
370.0,3.953123582690372,3.961274263356319,26.1,25.78853902146085,True,prefix,SPM_with_SPMe_parameters
371.0,3.9528336464273734,3.960999124000415,26.1,25.790448745882657,True,prefix,SPM_with_SPMe_parameters
372.0,3.9525437101643743,3.9607234072150903,26.2,25.792357507719032,True,prefix,SPM_with_SPMe_parameters
373.0,3.9524,3.960447121190325,26.2,25.79426530831728,True,prefix,SPM_with_SPMe_parameters
374.0,3.9522638376383763,3.9601702740918103,26.1,25.79617214902089,True,prefix,SPM_with_SPMe_parameters
375.0,3.9521,3.959892874060538,26.1,25.79807803116961,True,prefix,SPM_with_SPMe_parameters
376.0,3.9519839651123787,3.9596149292121927,26.1,25.799982956099086,True,prefix,SPM_with_SPMe_parameters
377.0,3.9518,3.9593364476367885,26.1,25.80188692514116,True,prefix,SPM_with_SPMe_parameters
378.0,3.9517040925863802,3.959057437398119,26.1,25.80378993962387,True,prefix,SPM_with_SPMe_parameters
379.0,3.951414156323381,3.9587779056860715,26.1,25.80569200104884,True,prefix,SPM_with_SPMe_parameters
380.0,3.9510989600805098,3.9584978563255544,26.1,25.807593111610913,True,prefix,SPM_with_SPMe_parameters
381.0,3.9508,3.958217301368078,26.1,25.80949327177126,True,prefix,SPM_with_SPMe_parameters
382.0,3.9507443475343846,3.9579362486971226,26.1,25.81139248285632,True,prefix,SPM_with_SPMe_parameters
383.0,3.9504544112713855,3.9576547061655716,26.1,25.813290746188954,True,prefix,SPM_with_SPMe_parameters
384.0,3.9502,3.9573726815953245,26.3,25.815188063088556,True,prefix,SPM_with_SPMe_parameters
385.0,3.9501745387453875,3.9570901827769007,26.1,25.817084434871163,True,prefix,SPM_with_SPMe_parameters
386.0,3.9498846024823884,3.956807217469063,26.3,25.81897986284912,True,prefix,SPM_with_SPMe_parameters
387.0,3.9496,3.956523793398432,26.1,25.82087434833153,True,prefix,SPM_with_SPMe_parameters
388.0,3.9496,3.956239918259136,26.3,25.822767892623858,True,prefix,SPM_with_SPMe_parameters
389.0,3.9490295873867827,3.955955599712442,26.3,25.82466049702822,True,prefix,SPM_with_SPMe_parameters
390.0,3.9487248574303924,3.955670845386438,26.3,25.82655216284303,True,prefix,SPM_with_SPMe_parameters
391.0,3.9484349211673933,3.955385662875668,26.3,25.828442891363466,True,prefix,SPM_with_SPMe_parameters
392.0,3.9484,3.955100059740841,26.3,25.830332683881124,True,prefix,SPM_with_SPMe_parameters
393.0,3.9481550486413957,3.9548140435085,26.3,25.83222154168402,True,prefix,SPM_with_SPMe_parameters
394.0,3.9477868165045287,3.9545276216707252,26.3,25.834109466056873,True,prefix,SPM_with_SPMe_parameters
395.0,3.9477,3.954240801684835,26.3,25.83599645828076,True,prefix,SPM_with_SPMe_parameters
396.0,3.9474852398523987,3.9539535909730907,26.2,25.83788251963341,True,prefix,SPM_with_SPMe_parameters
397.0,3.9471953035893996,3.9536659969224517,26.2,25.839767651388968,True,prefix,SPM_with_SPMe_parameters
398.0,3.9471,3.9533780268842746,26.3,25.84165185481828,True,prefix,SPM_with_SPMe_parameters
399.0,3.9469154310634016,3.9530896881740665,26.3,25.843535131188332,True,prefix,SPM_with_SPMe_parameters
400.0,3.9466254948004025,3.9528009880712527,26.3,25.845417481763036,True,prefix,SPM_with_SPMe_parameters
401.0,3.946335558537404,3.9525119338189016,26.3,25.847298907802667,True,prefix,SPM_with_SPMe_parameters
402.0,3.9462,3.952222528949489,26.3,25.849179411355237,True,prefix,SPM_with_SPMe_parameters
403.0,3.9460556860114058,3.9519327824895205,26.3,25.851058993271863,True,prefix,SPM_with_SPMe_parameters
404.0,3.9459,3.951642702539653,26.3,25.852937654593063,True,prefix,SPM_with_SPMe_parameters
405.0,3.945651626970815,3.9513522961352283,26.3,25.854815396577578,True,prefix,SPM_with_SPMe_parameters
406.0,3.9453,3.9510615702724086,26.3,25.85669222048108,True,prefix,SPM_with_SPMe_parameters
407.0,3.9451959409594095,3.9507705319079953,26.3,25.85856812755594,True,prefix,SPM_with_SPMe_parameters
408.0,3.944874672928547,3.950479187959239,26.3,25.860443119051524,True,prefix,SPM_with_SPMe_parameters
409.0,3.9446,3.9501875453036654,26.3,25.86231719621395,True,prefix,SPM_with_SPMe_parameters
410.0,3.9445261321704126,3.949895610778931,26.3,25.864190360286386,True,prefix,SPM_with_SPMe_parameters
411.0,3.944236195907414,3.949603391182641,26.3,25.866062612508642,True,prefix,SPM_with_SPMe_parameters
412.0,3.943946259644415,3.949310893272207,26.3,25.867933954117632,True,prefix,SPM_with_SPMe_parameters
413.0,3.9436563233814157,3.949018123764695,26.3,25.8698043863468,True,prefix,SPM_with_SPMe_parameters
414.0,3.9434,3.94872508933672,26.3,25.871673910426807,True,prefix,SPM_with_SPMe_parameters
415.0,3.9433764508554177,3.9484317966242473,26.3,25.873542527585073,True,prefix,SPM_with_SPMe_parameters
416.0,3.9430865145924185,3.948138252222578,26.3,25.87541023904572,True,prefix,SPM_with_SPMe_parameters
417.0,3.9428,3.9478444626861187,26.3,25.877277046029974,True,prefix,SPM_with_SPMe_parameters
418.0,3.9428,3.947550434528364,26.3,25.879142949755646,True,prefix,SPM_with_SPMe_parameters
419.0,3.9425167058034214,3.9472561742217382,26.3,25.881007951437766,True,prefix,SPM_with_SPMe_parameters
420.0,3.9422267695404227,3.946961688197535,26.3,25.882872052287837,True,prefix,SPM_with_SPMe_parameters
421.0,3.9422,3.9466669828457897,26.3,25.884735253514634,True,prefix,SPM_with_SPMe_parameters
422.0,3.9419468970144247,3.9463720645152507,26.3,25.886597556323466,True,prefix,SPM_with_SPMe_parameters
423.0,3.9415759476685674,3.9460769395132584,26.3,25.88845896191657,True,prefix,SPM_with_SPMe_parameters
424.0,3.9410340489768534,3.945781613044635,26.3,25.890319471791543,True,prefix,SPM_with_SPMe_parameters
425.0,3.940677088225428,3.9454860903109146,26.3,25.89217908743109,True,prefix,SPM_with_SPMe_parameters
426.0,3.9403871519624287,3.9451903790800227,26.4,25.894037809581846,True,prefix,SPM_with_SPMe_parameters
427.0,3.9403,3.944894485457726,26.4,25.89589563944338,True,prefix,SPM_with_SPMe_parameters
428.0,3.9401072794364307,3.944598415507075,26.3,25.89775257821242,True,prefix,SPM_with_SPMe_parameters
429.0,3.939817343173432,3.944302175248428,26.3,25.8996086270825,True,prefix,SPM_with_SPMe_parameters
430.0,3.939527406910433,3.944005770659345,26.3,25.901463787244666,True,prefix,SPM_with_SPMe_parameters
431.0,3.939237470647434,3.9437092076746305,26.3,25.903318059886885,True,prefix,SPM_with_SPMe_parameters
432.0,3.9391,3.943412492186267,26.3,25.9051714461944,True,prefix,SPM_with_SPMe_parameters
433.0,3.9389575981214358,3.943115630043421,26.3,25.907023947349387,True,prefix,SPM_with_SPMe_parameters
434.0,3.9386235491445825,3.942818627052414,26.4,25.908875564531456,True,prefix,SPM_with_SPMe_parameters
435.0,3.9382777255954378,3.942521488976741,26.4,25.910726298916984,True,prefix,SPM_with_SPMe_parameters
436.0,3.9379877893324386,3.9422242215370473,26.3,25.912576151679957,True,prefix,SPM_with_SPMe_parameters
437.0,3.9378,3.9419268304111466,26.3,25.91442512399101,True,prefix,SPM_with_SPMe_parameters
438.0,3.937707916806441,3.9416293212340143,26.4,25.916273217018272,True,prefix,SPM_with_SPMe_parameters
439.0,3.937417980543442,3.941331699597832,26.5,25.918120431926866,True,prefix,SPM_with_SPMe_parameters
440.0,3.937128044280443,3.9410339710519615,26.5,25.91996676987901,True,prefix,SPM_with_SPMe_parameters
441.0,3.9368381080174437,3.9407361411030175,26.5,25.921812232034256,True,prefix,SPM_with_SPMe_parameters
442.0,3.9365481717544446,3.9404382152148534,26.3,25.923656819549024,True,prefix,SPM_with_SPMe_parameters
443.0,3.9363,3.940140198808607,26.5,25.925500533577065,True,prefix,SPM_with_SPMe_parameters
444.0,3.936268299228447,3.939842097262757,26.5,25.927343375269174,True,prefix,SPM_with_SPMe_parameters
445.0,3.935978362965448,3.939543915913125,26.5,25.929185345773476,True,prefix,SPM_with_SPMe_parameters
446.0,3.9356845689365985,3.939245660052958,26.5,25.93102644623491,True,prefix,SPM_with_SPMe_parameters
447.0,3.9352984904394495,3.9389473330360967,26.5,25.932866678477467,True,prefix,SPM_with_SPMe_parameters
448.0,3.935008554176451,3.938648941627627,26.5,25.934706043080723,True,prefix,SPM_with_SPMe_parameters
449.0,3.9347186179134517,3.938350490997474,26.5,25.936544541179558,True,prefix,SPM_with_SPMe_parameters
450.0,3.9347,3.9380519862460823,26.5,25.938382173916068,True,prefix,SPM_with_SPMe_parameters
451.0,3.934438745387454,3.937753432430963,26.5,25.940218942429397,True,prefix,SPM_with_SPMe_parameters
452.0,3.934148809124455,3.937454834566765,26.5,25.942054847856127,True,prefix,SPM_with_SPMe_parameters
453.0,3.933858872861456,3.9371561976253737,26.5,25.943889891330343,True,prefix,SPM_with_SPMe_parameters
454.0,3.9333378731969137,3.936857526535933,26.5,25.945724073983342,True,prefix,SPM_with_SPMe_parameters
455.0,3.932979000335458,3.9365588261849704,26.5,25.947557396943864,True,prefix,SPM_with_SPMe_parameters
456.0,3.9329,3.9362601014164773,26.5,25.94938986133792,True,prefix,SPM_with_SPMe_parameters
457.0,3.93269912780946,3.9359613570319616,26.5,25.951221468289077,True,prefix,SPM_with_SPMe_parameters
458.0,3.9323455887286145,3.9356625977905897,26.5,25.953052218918117,True,prefix,SPM_with_SPMe_parameters
459.0,3.932019255283462,3.935363828409237,26.5,25.95488211434315,True,prefix,SPM_with_SPMe_parameters
460.0,3.931729319020463,3.935065053562608,26.5,25.956711155679784,True,prefix,SPM_with_SPMe_parameters
461.0,3.9314393827574636,3.9347662778833103,26.5,25.958539344041014,True,prefix,SPM_with_SPMe_parameters
462.0,3.931149446494465,3.934467505961988,26.5,25.960366680536936,True,prefix,SPM_with_SPMe_parameters
463.0,3.930859510231466,3.9341687423474188,26.6,25.96219316627537,True,prefix,SPM_with_SPMe_parameters
464.0,3.9305695739684667,3.9338699915465933,26.6,25.964018802361295,True,prefix,SPM_with_SPMe_parameters
465.0,3.9304,3.933571258024868,26.5,25.96584358989702,True,prefix,SPM_with_SPMe_parameters
466.0,3.930179402884938,3.933272546206039,26.6,25.967667529982464,True,prefix,SPM_with_SPMe_parameters
467.0,3.9298,3.9329738604724866,26.7,25.969490623714535,True,prefix,SPM_with_SPMe_parameters
468.0,3.929589600805099,3.9326752051652853,26.6,25.971312872187923,True,prefix,SPM_with_SPMe_parameters
469.0,3.929019892653472,3.932376583213516,26.4,25.97313427698117,True,prefix,SPM_with_SPMe_parameters
470.0,3.9287299563904727,3.932077999018127,26.5,25.97495483913326,True,prefix,SPM_with_SPMe_parameters
471.0,3.9285,3.9317794576389136,26.4,25.97677455943193,True,prefix,SPM_with_SPMe_parameters
472.0,3.928450083864475,3.931480963228603,26.5,25.97859343896971,True,prefix,SPM_with_SPMe_parameters
473.0,3.928160147601476,3.931182519898808,26.6,25.98041147883697,True,prefix,SPM_with_SPMe_parameters
474.0,3.9278702113384774,3.930884131720157,26.4,25.982228680121466,True,prefix,SPM_with_SPMe_parameters
475.0,3.927580275075478,3.9305858027224296,26.5,25.98404504390851,True,prefix,SPM_with_SPMe_parameters
476.0,3.9272903388124787,3.930287536894742,26.5,25.985860571280853,True,prefix,SPM_with_SPMe_parameters
477.0,3.92700040254948,3.9299893381856674,26.4,25.98767526331892,True,prefix,SPM_with_SPMe_parameters
478.0,3.926710466286481,3.9296912105033877,26.5,25.989489121100576,True,prefix,SPM_with_SPMe_parameters
479.0,3.9264205300234822,3.9293931577158663,26.4,25.99130214570124,True,prefix,SPM_with_SPMe_parameters
480.0,3.926040791680644,3.9290951836509858,26.5,25.99311433819372,True,prefix,SPM_with_SPMe_parameters
481.0,3.9257406574974842,3.928797292096715,26.6,25.99492569964866,True,prefix,SPM_with_SPMe_parameters
482.0,3.9252014424689703,3.928499486801269,26.4,25.996736231133696,True,prefix,SPM_with_SPMe_parameters
483.0,3.924860784971486,3.9282017714732667,26.6,25.99854593371441,True,prefix,SPM_with_SPMe_parameters
484.0,3.924570848708487,3.9279041497818783,26.6,26.00035480845378,True,prefix,SPM_with_SPMe_parameters
485.0,3.924280912445488,3.9276066253570168,26.6,26.002162856412156,True,prefix,SPM_with_SPMe_parameters
486.0,3.9239909761824894,3.927309201789478,26.6,26.003970078647512,True,prefix,SPM_with_SPMe_parameters
487.0,3.9237010399194903,3.9270118826311355,26.6,26.005776476215146,True,prefix,SPM_with_SPMe_parameters
488.0,3.923411103656491,3.9267146713950587,26.6,26.007582050168082,True,prefix,SPM_with_SPMe_parameters
489.0,3.923061556524656,3.9264175715557355,26.5,26.009386801556616,True,prefix,SPM_with_SPMe_parameters
490.0,3.922731231130493,3.926120586549194,26.5,26.011190731428655,True,prefix,SPM_with_SPMe_parameters
491.0,3.922441294867494,3.9258237197732315,26.6,26.012993840829495,True,prefix,SPM_with_SPMe_parameters
492.0,3.9221513586044954,3.9255269745875054,26.6,26.01479613080187,True,prefix,SPM_with_SPMe_parameters
493.0,3.9218614223414963,3.9252303543137805,26.5,26.016597602386184,True,prefix,SPM_with_SPMe_parameters
494.0,3.9217,3.9249338622360725,26.5,26.01839825662006,True,prefix,SPM_with_SPMe_parameters
495.0,3.9214630996309965,3.924637501600798,26.6,26.020198094538728,True,prefix,SPM_with_SPMe_parameters
496.0,3.920991613552499,3.9243412756170026,26.6,26.021997117174863,True,prefix,SPM_with_SPMe_parameters
497.0,3.9207016772895003,3.9240451874564823,26.6,26.023795325558524,True,prefix,SPM_with_SPMe_parameters
498.0,3.920411741026501,3.923749240254006,26.6,26.025592720717214,True,prefix,SPM_with_SPMe_parameters
499.0,3.9200957396846694,3.9234534371074523,26.6,26.027389303676046,True,prefix,SPM_with_SPMe_parameters
500.0,3.919731868500503,3.9231577810780185,26.6,26.029185075457406,True,prefix,SPM_with_SPMe_parameters
501.0,3.9194419322375045,3.9228622751903828,26.6,26.03098003708118,True,prefix,SPM_with_SPMe_parameters
502.0,3.9191519959745054,3.922566922432889,26.6,26.032774189564634,True,prefix,SPM_with_SPMe_parameters
503.0,3.9188620597115063,3.922271725380794,26.6,26.034567534054588,True,prefix,SPM_with_SPMe_parameters
504.0,3.918572123448507,3.9219766827682374,26.6,26.036360073028447,True,prefix,SPM_with_SPMe_parameters
505.0,3.918282187185508,3.9216818014268715,26.6,26.038151806113433,True,prefix,SPM_with_SPMe_parameters
506.0,3.9179845018450186,3.921387084165289,26.6,26.039942734329713,True,prefix,SPM_with_SPMe_parameters
507.0,3.917404629319021,3.921092533755617,26.6,26.041732858695013,True,prefix,SPM_with_SPMe_parameters
508.0,3.9171123783965114,3.920798152933709,26.6,26.043522180225295,True,prefix,SPM_with_SPMe_parameters
509.0,3.916729922844683,3.9205039443993264,26.6,26.04531069993402,True,prefix,SPM_with_SPMe_parameters
510.0,3.916432505870513,3.920209910816296,26.6,26.047098418832547,True,prefix,SPM_with_SPMe_parameters
511.0,3.9161425696075143,3.919916054812706,26.6,26.048885337930074,True,prefix,SPM_with_SPMe_parameters
512.0,3.915852633344515,3.919622378981059,26.6,26.050671458233694,True,prefix,SPM_with_SPMe_parameters
513.0,3.9155626970815165,3.9193288858784725,26.6,26.052456780748116,True,prefix,SPM_with_SPMe_parameters
514.0,3.9152727608185174,3.9190355780268513,26.6,26.054241306475944,True,prefix,SPM_with_SPMe_parameters
515.0,3.9149828245555183,3.9187424579130394,26.6,26.056025036417793,True,prefix,SPM_with_SPMe_parameters
516.0,3.914692888292519,3.918449527989031,26.6,26.05780797157189,True,prefix,SPM_with_SPMe_parameters
517.0,3.914205904059041,3.918156790672131,26.6,26.059590112934245,True,prefix,SPM_with_SPMe_parameters
518.0,3.913750687688695,3.9178642483451287,26.6,26.061371461498936,True,prefix,SPM_with_SPMe_parameters
519.0,3.9134230795035223,3.9175719033564875,26.6,26.06315201825754,True,prefix,SPM_with_SPMe_parameters
520.0,3.913133143240523,3.9172797580205074,26.6,26.064931784199644,True,prefix,SPM_with_SPMe_parameters
521.0,3.912843206977524,3.9169878146175012,26.6,26.066710760312674,True,prefix,SPM_with_SPMe_parameters
522.0,3.9125532707145254,3.9166960753939994,26.6,26.06848894758184,True,prefix,SPM_with_SPMe_parameters
523.0,3.9122633344515263,3.916404542562892,26.6,26.070266346990024,True,prefix,SPM_with_SPMe_parameters
524.0,3.911973398188527,3.916113218303611,26.6,26.072042959518285,True,prefix,SPM_with_SPMe_parameters
525.0,3.9115669238510566,3.9158221047623285,26.6,26.07381878614524,True,prefix,SPM_with_SPMe_parameters
526.0,3.911093525662529,3.91553120405211,26.7,26.07559382784717,True,prefix,SPM_with_SPMe_parameters
527.0,3.910771452532707,3.9152405182530963,26.6,26.07736808559872,True,prefix,SPM_with_SPMe_parameters
528.0,3.910413653136531,3.9149500494126883,26.7,26.07914156037174,True,prefix,SPM_with_SPMe_parameters
529.0,3.9101237168735326,3.914659799545692,26.7,26.080914253136314,True,prefix,SPM_with_SPMe_parameters
530.0,3.9097675612210665,3.9143697706345337,26.7,26.082686164860263,True,prefix,SPM_with_SPMe_parameters
531.0,3.909243844347534,3.9140799646294027,26.7,26.08445729650913,True,prefix,SPM_with_SPMe_parameters
532.0,3.908953908084535,3.913790383448446,26.7,26.086227649046407,True,prefix,SPM_with_SPMe_parameters
533.0,3.9086639718215364,3.9135010289779144,26.7,26.087997223433376,True,prefix,SPM_with_SPMe_parameters
534.0,3.9083740355585372,3.9132119030723578,26.6,26.0897660206291,True,prefix,SPM_with_SPMe_parameters
535.0,3.9080840992955386,3.912923007554791,26.7,26.091534041590478,True,prefix,SPM_with_SPMe_parameters
536.0,3.907792217376719,3.9126343442168685,26.7,26.093301287272368,True,prefix,SPM_with_SPMe_parameters
537.0,3.9074056356927205,3.912345914819028,26.7,26.095067758627295,True,prefix,SPM_with_SPMe_parameters
538.0,3.907114290506541,3.9120577188201584,26.7,26.096833457505852,True,prefix,SPM_with_SPMe_parameters
539.0,3.906548708487085,3.911769758093281,26.7,26.098598384789227,True,prefix,SPM_with_SPMe_parameters
540.0,3.9062344179805435,3.9114820358973668,26.7,26.10036254079381,True,prefix,SPM_with_SPMe_parameters
541.0,3.9059444817175444,3.911194553840734,26.7,26.102125926475594,True,prefix,SPM_with_SPMe_parameters
542.0,3.9056545454545457,3.910907313500533,26.7,26.103888542788752,True,prefix,SPM_with_SPMe_parameters
543.0,3.9053646091915466,3.910620316422833,26.7,26.10565039068564,True,prefix,SPM_with_SPMe_parameters
544.0,3.9050746729285475,3.910333564122844,26.7,26.10741147111696,True,prefix,SPM_with_SPMe_parameters
545.0,3.90449771888628,3.910047058085015,26.7,26.109171785031663,True,prefix,SPM_with_SPMe_parameters
546.0,3.9040948004025493,3.9097607997632564,26.7,26.110931333376755,True,prefix,SPM_with_SPMe_parameters
547.0,3.9038048641395506,3.909474790581033,26.7,26.1126901170976,True,prefix,SPM_with_SPMe_parameters
548.0,3.9035149278765515,3.909189031931547,26.7,26.11444813713797,True,prefix,SPM_with_SPMe_parameters
549.0,3.9032249916135524,3.908903525177897,26.7,26.11620539443959,True,prefix,SPM_with_SPMe_parameters
550.0,3.9029350553505533,3.9086182716532183,26.7,26.11796188994265,True,prefix,SPM_with_SPMe_parameters
551.0,3.902490238175109,3.9083332726608346,26.7,26.11971762458552,True,prefix,SPM_with_SPMe_parameters
552.0,3.9020551828245553,3.9080485294744234,26.7,26.12147259930498,True,prefix,SPM_with_SPMe_parameters
553.0,3.9015855753102984,3.9077640433381333,26.7,26.123226815035878,True,prefix,SPM_with_SPMe_parameters
554.0,3.9010753102985576,3.9074798154667896,26.7,26.124980272711525,True,prefix,SPM_with_SPMe_parameters
555.0,3.9007853740355585,3.9071958470459673,26.7,26.126732973263415,True,prefix,SPM_with_SPMe_parameters
556.0,3.9004954377725594,3.9069121392322046,26.7,26.128484917621392,True,prefix,SPM_with_SPMe_parameters
557.0,3.9002055015095607,3.9066286931531033,26.7,26.130236106713653,True,prefix,SPM_with_SPMe_parameters
558.0,3.8998311304931232,3.906345509907513,26.7,26.131986541466574,True,prefix,SPM_with_SPMe_parameters
559.0,3.8993256289835623,3.9060625905656225,26.7,26.133736222804885,True,prefix,SPM_with_SPMe_parameters
560.0,3.8990356927205636,3.9057799361691616,26.9,26.135485151651665,True,prefix,SPM_with_SPMe_parameters
561.0,3.898727675276753,3.905497547731489,26.7,26.13723332892846,True,prefix,SPM_with_SPMe_parameters
562.0,3.898311640389131,3.9052154262377603,26.7,26.138980755554826,True,prefix,SPM_with_SPMe_parameters
563.0,3.8977658839315668,3.9049335726450773,26.7,26.140727432448955,True,prefix,SPM_with_SPMe_parameters
564.0,3.8974759476685676,3.9046519878825907,26.7,26.142473360527163,True,prefix,SPM_with_SPMe_parameters
565.0,3.897186011405569,3.904370672851657,26.7,26.144218540704287,True,prefix,SPM_with_SPMe_parameters
566.0,3.89689607514257,3.9040896284259827,26.7,26.145962973893404,True,prefix,SPM_with_SPMe_parameters
567.0,3.8966061388795703,3.9038088554517296,26.7,26.147706661005998,True,prefix,SPM_with_SPMe_parameters
568.0,3.8963162026165716,3.903528354747681,26.7,26.149449602951904,True,prefix,SPM_with_SPMe_parameters
569.0,3.8960262663535725,3.9032481271053467,26.9,26.15119180063931,True,prefix,SPM_with_SPMe_parameters
570.0,3.8953847702113387,3.9029681732890826,26.7,26.152933254974926,True,prefix,SPM_with_SPMe_parameters
571.0,3.895046393827575,3.9026884940362696,26.7,26.154673966863527,True,prefix,SPM_with_SPMe_parameters
572.0,3.8947564575645757,3.9024090900345247,26.7,26.15641393722757,True,prefix,SPM_with_SPMe_parameters
573.0,3.8944665213015766,3.902129961578685,26.7,26.1581531672918,True,prefix,SPM_with_SPMe_parameters
574.0,3.893729755115733,3.9018511096746016,26.8,26.159891657667515,True,prefix,SPM_with_SPMe_parameters
575.0,3.893286648775579,3.9015725349481336,26.9,26.16162940925733,True,prefix,SPM_with_SPMe_parameters
576.0,3.8929967125125797,3.9012942379985325,26.8,26.163366422962497,True,prefix,SPM_with_SPMe_parameters
577.0,3.892449144582355,3.9010162193986044,26.8,26.16510269968279,True,prefix,SPM_with_SPMe_parameters
578.0,3.8920168399865815,3.90073847969479,26.9,26.166838240316793,True,prefix,SPM_with_SPMe_parameters
579.0,3.891726903723583,3.900461019407297,26.9,26.168573045761548,True,prefix,SPM_with_SPMe_parameters
580.0,3.8914369674605838,3.90018383903021,26.8,26.170307116912625,True,prefix,SPM_with_SPMe_parameters
581.0,3.8911470311975846,3.8999069390315935,26.8,26.172040454664455,True,prefix,SPM_with_SPMe_parameters
582.0,3.8907141898691715,3.8996303198535864,26.9,26.173773059909934,True,prefix,SPM_with_SPMe_parameters
583.0,3.8904,3.899353981912552,26.8,26.17550493354065,True,prefix,SPM_with_SPMe_parameters
584.0,3.8901544448171754,3.8990779255991277,26.8,26.177236076447002,True,prefix,SPM_with_SPMe_parameters
585.0,3.889687286145589,3.8988021512783795,26.9,26.17896648951779,True,prefix,SPM_with_SPMe_parameters
586.0,3.8893631331767864,3.8985266592898533,26.9,26.180696173640683,True,prefix,SPM_with_SPMe_parameters
587.0,3.8889148272391814,3.8982514499477148,26.9,26.18242512970204,True,prefix,SPM_with_SPMe_parameters
588.0,3.8884174773565916,3.8979765235408257,26.9,26.18415335858674,True,prefix,SPM_with_SPMe_parameters
589.0,3.8881275410935925,3.8977018803328436,26.9,26.185880861178475,True,prefix,SPM_with_SPMe_parameters
590.0,3.887837604830594,3.8974275205623106,26.9,26.187607638359793,True,prefix,SPM_with_SPMe_parameters
591.0,3.8875476685675947,3.8971534444427633,26.9,26.18933369101171,True,prefix,SPM_with_SPMe_parameters
592.0,3.887215464609192,3.896879652162802,26.9,26.191059020014166,True,prefix,SPM_with_SPMe_parameters
593.0,3.8866677960415967,3.8966061438861876,26.9,26.192783626245728,True,prefix,SPM_with_SPMe_parameters
594.0,3.886370479704797,3.8963329197519267,26.9,26.194507510583662,True,prefix,SPM_with_SPMe_parameters
595.0,3.8859637705467964,3.896059979874355,26.9,26.196230673904267,True,prefix,SPM_with_SPMe_parameters
596.0,3.8850979872525997,3.8957873243432157,26.9,26.197953117082307,True,prefix,SPM_with_SPMe_parameters
597.0,3.8848080509896006,3.8955149532237576,26.9,26.199674840991406,True,prefix,SPM_with_SPMe_parameters
598.0,3.884518114726602,3.8952428665567793,26.9,26.201395846504113,True,prefix,SPM_with_SPMe_parameters
599.0,3.884228178463603,3.8949710643587445,26.9,26.20311613449155,True,prefix,SPM_with_SPMe_parameters
600.0,3.883938242200604,3.8946995568890745,26.9,26.204835178192184,True,prefix,SPM_with_SPMe_parameters
601.0,3.883648305937605,3.894428334060493,26.7,26.206553492678893,True,prefix,SPM_with_SPMe_parameters
602.0,3.8830361959074136,3.8941573911052,26.7,26.208271330612035,True,prefix,SPM_with_SPMe_parameters
603.0,3.882668433411607,3.8938867292449357,26.9,26.209988627583584,True,prefix,SPM_with_SPMe_parameters
604.0,3.882156994297216,3.8936163530704704,26.9,26.21170512941211,True,prefix,SPM_with_SPMe_parameters
605.0,3.882,3.8933462596855097,26.9,26.21342099776001,True,prefix,SPM_with_SPMe_parameters
606.0,3.8815972492452198,3.8930764490720993,26.9,26.2151362326274,True,prefix,SPM_with_SPMe_parameters
607.0,3.881208688359611,3.8928069228336213,26.9,26.216850697356392,True,prefix,SPM_with_SPMe_parameters
608.0,3.880918752096612,3.892537680218506,26.9,26.21856444832366,True,prefix,SPM_with_SPMe_parameters
609.0,3.880628815833613,3.8922687207628504,26.9,26.22027751621897,True,prefix,SPM_with_SPMe_parameters
610.0,3.8801240523314324,3.8920000443484435,26.9,26.22198990104232,True,prefix,SPM_with_SPMe_parameters
611.0,3.879648943307615,3.8917316508327944,26.9,26.223701602793597,True,prefix,SPM_with_SPMe_parameters
612.0,3.879359007044616,3.8914635400491537,26.9,26.225412621472856,True,prefix,SPM_with_SPMe_parameters
613.0,3.878938141563234,3.8911957101670964,26.9,26.22712291133928,True,prefix,SPM_with_SPMe_parameters
614.0,3.878479134518618,3.8909281613108955,26.9,26.228832481724908,True,prefix,SPM_with_SPMe_parameters
615.0,3.8780783965112375,3.890660894140402,26.9,26.23054135764812,True,prefix,SPM_with_SPMe_parameters
616.0,3.87759926199262,3.8903939083937615,26.9,26.232249539108977,True,prefix,SPM_with_SPMe_parameters
617.0,3.877188426702449,3.8901272037851635,26.9,26.233957026107362,True,prefix,SPM_with_SPMe_parameters
618.0,3.876619389466622,3.8898607800048746,26.9,26.23566381864339,True,prefix,SPM_with_SPMe_parameters
619.0,3.8763294532036228,3.8895946367193006,26.9,26.237369916716887,True,prefix,SPM_with_SPMe_parameters
620.0,3.876039516940624,3.889328773571014,26.9,26.239075320328027,True,prefix,SPM_with_SPMe_parameters
621.0,3.875749580677625,3.8890631901787946,26.9,26.240780029476753,True,prefix,SPM_with_SPMe_parameters
622.0,3.875419288829252,3.888797886137689,27.1,26.24248404416312,True,prefix,SPM_with_SPMe_parameters
623.0,3.8748697081516266,3.888532861019006,26.9,26.24418736438696,True,prefix,SPM_with_SPMe_parameters
624.0,3.874579771888628,3.8882681143704043,27.1,26.24588999014844,True,prefix,SPM_with_SPMe_parameters
625.0,3.8742762831264677,3.8880036411281877,27.1,26.247591941871462,True,prefix,SPM_with_SPMe_parameters
626.0,3.87359989936263,3.8877394392151836,27.1,26.24929322665747,True,prefix,SPM_with_SPMe_parameters
627.0,3.873309963099631,3.8874755132515757,27.1,26.250993821650297,True,prefix,SPM_with_SPMe_parameters
628.0,3.8730200268366324,3.887211862694137,27.1,26.252693726849827,True,prefix,SPM_with_SPMe_parameters
629.0,3.8727300905736333,3.886948486976048,27.1,26.254392942256118,True,prefix,SPM_with_SPMe_parameters
630.0,3.8721803086212683,3.886685385506954,27.1,26.25609146786917,True,prefix,SPM_with_SPMe_parameters
631.0,3.871850218047635,3.886422557672954,27.1,26.25778930368898,True,prefix,SPM_with_SPMe_parameters
632.0,3.871560281784636,3.886160002836608,27.1,26.259486449715496,True,prefix,SPM_with_SPMe_parameters
633.0,3.871040691043274,3.8858977203369496,27.1,26.261182905948715,True,prefix,SPM_with_SPMe_parameters
634.0,3.8706072123448507,3.8856357094894896,27.1,26.26287867238881,True,prefix,SPM_with_SPMe_parameters
635.0,3.870290472995639,3.8853739695862157,27.1,26.264573749035605,True,prefix,SPM_with_SPMe_parameters
636.0,3.8698010734652803,3.8851124998955835,27.1,26.266268135889163,True,prefix,SPM_with_SPMe_parameters
637.0,3.869410600469641,3.884851299662502,27.1,26.26796183294948,True,prefix,SPM_with_SPMe_parameters
638.0,3.868941328413284,3.8845903681083374,27.1,26.26965484021656,True,prefix,SPM_with_SPMe_parameters
639.0,3.868530727943643,3.884329704430907,27.1,26.271347157690343,True,prefix,SPM_with_SPMe_parameters
640.0,3.868240791680644,3.8840693078044275,27.0,26.273038785370886,True,prefix,SPM_with_SPMe_parameters
641.0,3.8677519959745053,3.883809177379537,27.0,26.27472972325819,True,prefix,SPM_with_SPMe_parameters
642.0,3.867260919154646,3.8835493122832423,27.1,26.276419971352254,True,prefix,SPM_with_SPMe_parameters
643.0,3.8669709828916474,3.8832897116188954,27.1,26.27810952965308,True,prefix,SPM_with_SPMe_parameters
644.0,3.866681046628648,3.8830303637283774,27.1,26.27979849213949,True,prefix,SPM_with_SPMe_parameters
645.0,3.866282220731298,3.8827712751288628,27.1,26.28148679376119,True,prefix,SPM_with_SPMe_parameters
646.0,3.86580117410265,3.8825124468457997,27.1,26.283174417132727,True,prefix,SPM_with_SPMe_parameters
647.0,3.8655112378396512,3.882253877892119,27.1,26.284861362254162,True,prefix,SPM_with_SPMe_parameters
648.0,3.865221301576652,3.8819955672568915,27.1,26.286547629125437,True,prefix,SPM_with_SPMe_parameters
649.0,3.864839852398524,3.8817375139052777,27.1,26.288233217746665,True,prefix,SPM_with_SPMe_parameters
650.0,3.8642414290506544,3.8814797167785025,27.1,26.289918128117677,True,prefix,SPM_with_SPMe_parameters
651.0,3.8639514927876553,3.8812221747937534,27.1,26.29160236023864,True,prefix,SPM_with_SPMe_parameters
652.0,3.8636231130493126,3.8809648868441653,27.1,26.293285914109504,True,prefix,SPM_with_SPMe_parameters
653.0,3.8630716202616573,3.880707851798741,27.1,26.294968789730206,True,prefix,SPM_with_SPMe_parameters
654.0,3.862781683998658,3.880451068502246,27.1,26.29665098710086,True,prefix,SPM_with_SPMe_parameters
655.0,3.8624752432069775,3.88019453577522,27.3,26.2983325062213,True,prefix,SPM_with_SPMe_parameters
656.0,3.8616054344179807,3.8799382524138126,27.1,26.30001334709175,True,prefix,SPM_with_SPMe_parameters
657.0,3.861215833612882,3.8796822171897656,27.1,26.30169350971198,True,prefix,SPM_with_SPMe_parameters
658.0,3.860921938946662,3.879426428850286,27.1,26.30337299408211,True,prefix,SPM_with_SPMe_parameters
659.0,3.860632002683663,3.879170886117996,27.1,26.305051800202136,True,prefix,SPM_with_SPMe_parameters
660.0,3.8600841328413282,3.878915587690817,27.1,26.306729928072116,True,prefix,SPM_with_SPMe_parameters
661.0,3.8597521301576654,3.8786605322418817,27.3,26.30840737769188,True,prefix,SPM_with_SPMe_parameters
662.0,3.8594621938946663,3.878405715854127,27.1,26.31008417652839,True,prefix,SPM_with_SPMe_parameters
663.0,3.859172257631667,3.8781511296041438,27.1,26.31176040557176,True,prefix,SPM_with_SPMe_parameters
664.0,3.8586646427373363,3.877896780967935,27.1,26.31343596992224,True,prefix,SPM_with_SPMe_parameters
665.0,3.858223180140892,3.877642668522688,27.2,26.31511086957977,True,prefix,SPM_with_SPMe_parameters
666.0,3.8579024488426703,3.8773887908202513,27.3,26.31678510454435,True,prefix,SPM_with_SPMe_parameters
667.0,3.857612512579671,3.8771351463869914,27.3,26.3184586748161,True,prefix,SPM_with_SPMe_parameters
668.0,3.8573225763166725,3.87688173372367,27.3,26.320131580394843,True,prefix,SPM_with_SPMe_parameters
669.0,3.8568652801073466,3.876628551305322,27.2,26.32180382128064,True,prefix,SPM_with_SPMe_parameters
670.0,3.856442703790674,3.876375597581115,27.1,26.323475397473544,True,prefix,SPM_with_SPMe_parameters
671.0,3.856005535055351,3.8761228709742,27.2,26.325146308973558,True,prefix,SPM_with_SPMe_parameters
672.0,3.8557,3.875870369881595,27.2,26.326816555780624,True,prefix,SPM_with_SPMe_parameters
673.0,3.8554034216705806,3.875618092674002,27.2,26.328486137894686,True,prefix,SPM_with_SPMe_parameters
674.0,3.854882958738678,3.875366037695676,27.2,26.330155055315856,True,prefix,SPM_with_SPMe_parameters
675.0,3.854593022475679,3.875114203264255,27.2,26.331823308044193,True,prefix,SPM_with_SPMe_parameters
676.0,3.854109258638041,3.8748625876706075,27.3,26.333490896079525,True,prefix,SPM_with_SPMe_parameters
677.0,3.8534131499496813,3.874611189178655,27.2,26.335157819421852,True,prefix,SPM_with_SPMe_parameters
678.0,3.8531232136866826,3.874360006025199,27.2,26.336824078071345,True,prefix,SPM_with_SPMe_parameters
679.0,3.852833277423683,3.8741090364197577,27.3,26.338489672027947,True,prefix,SPM_with_SPMe_parameters
680.0,3.8524677960415965,3.873858278544367,27.3,26.340154601291545,True,prefix,SPM_with_SPMe_parameters
681.0,3.8518534048976854,3.873607725420861,27.1,26.341818930448085,True,prefix,SPM_with_SPMe_parameters
682.0,3.8515634686346862,3.8733573759042863,27.3,26.343482650537965,True,prefix,SPM_with_SPMe_parameters
683.0,3.851247064743375,3.873107231356627,27.1,26.34514572058913,True,prefix,SPM_with_SPMe_parameters
684.0,3.8507,3.8728572898172593,27.3,26.346808141038935,True,prefix,SPM_with_SPMe_parameters
685.0,3.8506873196913785,3.8726075492972383,27.3,26.348469912324788,True,prefix,SPM_with_SPMe_parameters
686.0,3.8501074471653807,3.872358007779051,27.3,26.350131034884043,True,prefix,SPM_with_SPMe_parameters
687.0,3.8498137873196914,3.8721086632164443,27.3,26.351791509154282,True,prefix,SPM_with_SPMe_parameters
688.0,3.8495238510566923,3.8718595135341505,27.3,26.3534513355728,True,prefix,SPM_with_SPMe_parameters
689.0,3.848879134518618,3.8716105566276893,27.3,26.355110514577177,True,prefix,SPM_with_SPMe_parameters
690.0,3.8485439785306945,3.8713617903631268,27.3,26.35676904660471,True,prefix,SPM_with_SPMe_parameters
691.0,3.8482540422676954,3.8711132125768284,27.3,26.35842693209287,True,prefix,SPM_with_SPMe_parameters
692.0,3.8477282120093927,3.8708648210752137,27.3,26.360084171479116,True,prefix,SPM_with_SPMe_parameters
693.0,3.8476,3.87061661363451,27.3,26.361740765200864,True,prefix,SPM_with_SPMe_parameters
694.0,3.8471684669573967,3.8703685880004874,27.3,26.363396713695465,True,prefix,SPM_with_SPMe_parameters
695.0,3.846794297215699,3.8701207418882024,27.3,26.365052017400387,True,prefix,SPM_with_SPMe_parameters
696.0,3.8460478698423346,3.869873072981733,27.3,26.366706676753154,True,prefix,SPM_with_SPMe_parameters
697.0,3.8457,3.8696255789338956,27.3,26.368360692191118,True,prefix,SPM_with_SPMe_parameters
698.0,3.845348976853405,3.8693782573659687,27.3,26.37001406415169,True,prefix,SPM_with_SPMe_parameters
699.0,3.8449345521637035,3.8691311058674134,27.3,26.371666793072336,True,prefix,SPM_with_SPMe_parameters
700.0,3.8446446159007044,3.868884121995575,27.3,26.373318879390524,True,prefix,SPM_with_SPMe_parameters
701.0,3.844209359275411,3.8686373032754,27.3,26.37497032354355,True,prefix,SPM_with_SPMe_parameters
702.0,3.8437647433747064,3.8683906471991034,27.3,26.376621125968995,True,prefix,SPM_with_SPMe_parameters
703.0,3.8434748071117073,3.868144151225907,27.3,26.3782712871041,True,prefix,SPM_with_SPMe_parameters
704.0,3.8431848708487086,3.867897812781678,27.3,26.379920807386497,True,prefix,SPM_with_SPMe_parameters
705.0,3.842859912780946,3.8676516292586607,27.3,26.381569687253602,True,prefix,SPM_with_SPMe_parameters
706.0,3.8425049983227106,3.867405598015095,27.3,26.383217927142653,True,prefix,SPM_with_SPMe_parameters
707.0,3.842130124119423,3.867159714247918,27.3,26.384865566794872,True,prefix,SPM_with_SPMe_parameters
708.0,3.8416251257967127,3.866913976101778,27.3,26.386512590951668,True,prefix,SPM_with_SPMe_parameters
709.0,3.8413351895337136,3.8666683817425547,27.3,26.388158983245205,True,prefix,SPM_with_SPMe_parameters
710.0,3.840990506541429,3.866422928377067,27.3,26.38980474435948,True,prefix,SPM_with_SPMe_parameters
711.0,3.8404553170077156,3.866177613176463,27.3,26.39144987497832,True,prefix,SPM_with_SPMe_parameters
712.0,3.8401653807447165,3.865932433275912,27.3,26.393094375785836,True,prefix,SPM_with_SPMe_parameters
713.0,3.839867259308957,3.865687385774194,27.3,26.394738247465853,True,prefix,SPM_with_SPMe_parameters
714.0,3.8394710164374373,3.865442467733344,27.3,26.396381490702368,True,prefix,SPM_with_SPMe_parameters
715.0,3.8388955719557196,3.8651976761782896,27.3,26.39802410617932,True,prefix,SPM_with_SPMe_parameters
716.0,3.8386056356927205,3.8649530080964327,27.3,26.39966609458071,True,prefix,SPM_with_SPMe_parameters
717.0,3.838031398859443,3.8647084604372846,27.3,26.401307456590416,True,prefix,SPM_with_SPMe_parameters
718.0,3.8377257631667225,3.8644640301120554,27.3,26.40294819289244,True,prefix,SPM_with_SPMe_parameters
719.0,3.837435826903724,3.864219713993253,27.3,26.404588304170773,True,prefix,SPM_with_SPMe_parameters
720.0,3.8371458906407248,3.863975508914285,27.5,26.406227791109302,True,prefix,SPM_with_SPMe_parameters
721.0,3.8368559543777256,3.8637314116690264,27.3,26.407866654391967,True,prefix,SPM_with_SPMe_parameters
722.0,3.8362540422676954,3.8634874190114266,27.3,26.409504894702707,True,prefix,SPM_with_SPMe_parameters
723.0,3.8358760818517275,3.8632435276550376,27.3,26.411142512725576,True,prefix,SPM_with_SPMe_parameters
724.0,3.835586145588729,3.8629997342726394,27.3,26.412779509144514,True,prefix,SPM_with_SPMe_parameters
725.0,3.8350924186514592,3.862756035495754,27.4,26.41441588464329,True,prefix,SPM_with_SPMe_parameters
726.0,3.834706273062731,3.8625124279142216,27.4,26.416051639906073,True,prefix,SPM_with_SPMe_parameters
727.0,3.8344163367997317,3.8622689080757535,27.3,26.417686775616687,True,prefix,SPM_with_SPMe_parameters
728.0,3.8341264005367326,3.862025472485471,27.3,26.419321292459074,True,prefix,SPM_with_SPMe_parameters
729.0,3.8338364642737335,3.86178211760545,27.3,26.420955191117287,True,prefix,SPM_with_SPMe_parameters
730.0,3.8334953706809793,3.861538839854244,27.3,26.422588472275265,True,prefix,SPM_with_SPMe_parameters
731.0,3.833156591747736,3.861295635606422,27.3,26.424221136616893,True,prefix,SPM_with_SPMe_parameters
732.0,3.8327333109694735,3.8610525011920838,27.3,26.425853184826053,True,prefix,SPM_with_SPMe_parameters
733.0,3.8322767192217375,3.8608094334187903,27.3,26.427484628069465,True,prefix,SPM_with_SPMe_parameters
734.0,3.831986782958739,3.8605664282210896,27.4,26.429115460930518,True,prefix,SPM_with_SPMe_parameters
735.0,3.8316968466957397,3.86032348165366,27.5,26.43074568130811,True,prefix,SPM_with_SPMe_parameters
736.0,3.8313138208654816,3.86008058986651,27.4,26.43237528994382,True,prefix,SPM_with_SPMe_parameters
737.0,3.8308169741697418,3.8598377489627236,27.4,26.43400428757934,True,prefix,SPM_with_SPMe_parameters
738.0,3.830429755115733,3.859594954997919,27.5,26.43563267495631,True,prefix,SPM_with_SPMe_parameters
739.0,3.8298371016437436,3.8593522039797654,27.3,26.437260452816304,True,prefix,SPM_with_SPMe_parameters
740.0,3.8294943307614897,3.859109491867445,27.5,26.438887621901017,True,prefix,SPM_with_SPMe_parameters
741.0,3.829,3.8588668145711185,27.5,26.440514182952143,True,prefix,SPM_with_SPMe_parameters
742.0,3.8289672928547467,3.858624167951423,27.3,26.442140136711146,True,prefix,SPM_with_SPMe_parameters
743.0,3.8286773565917476,3.858381547818926,27.5,26.443765483919776,True,prefix,SPM_with_SPMe_parameters
744.0,3.828374840657497,3.858138949933593,27.5,26.44539022531967,True,prefix,SPM_with_SPMe_parameters
745.0,3.8277974840657496,3.8578963700042355,27.5,26.447014361652464,True,prefix,SPM_with_SPMe_parameters
746.0,3.827507547802751,3.8576538036879753,27.3,26.448637893659793,True,prefix,SPM_with_SPMe_parameters
747.0,3.8271234820530027,3.8574112465897032,27.5,26.450260822083237,True,prefix,SPM_with_SPMe_parameters
748.0,3.826827675276753,3.857168694261496,27.3,26.451883147664546,True,prefix,SPM_with_SPMe_parameters
749.0,3.826537739013754,3.8569261422021066,27.5,26.453504871145242,True,prefix,SPM_with_SPMe_parameters
750.0,3.8262478027507547,3.856683585856362,27.3,26.455125993267018,True,prefix,SPM_with_SPMe_parameters
751.0,3.8257157329755116,3.856441020614616,27.5,26.45674651477151,True,prefix,SPM_with_SPMe_parameters
752.0,3.8253679302247567,3.8561984418121913,27.5,26.458366436400354,True,prefix,SPM_with_SPMe_parameters
753.0,3.825077993961758,3.85595584472881,27.5,26.459985758895186,True,prefix,SPM_with_SPMe_parameters
754.0,3.824788057698759,3.8557132245880026,27.5,26.461604482997643,True,prefix,SPM_with_SPMe_parameters
755.0,3.82449812143576,3.855470576556563,27.5,26.46322260944936,True,prefix,SPM_with_SPMe_parameters
756.0,3.8239524320697753,3.8552278957439476,27.4,26.464840138991974,True,prefix,SPM_with_SPMe_parameters
757.0,3.8237,3.8549851772017245,27.5,26.46645707236712,True,prefix,SPM_with_SPMe_parameters
758.0,3.823356625293526,3.8547424159229724,27.5,26.468073410316435,True,prefix,SPM_with_SPMe_parameters
759.0,3.822938376383764,3.8544996099706657,27.4,26.46968914351322,True,prefix,SPM_with_SPMe_parameters
760.0,3.8224968802415296,3.8542567518547033,27.4,26.47130428028896,True,prefix,SPM_with_SPMe_parameters
761.0,3.822058503857766,3.8540138359407483,27.5,26.47291882282491,True,prefix,SPM_with_SPMe_parameters
762.0,3.821768567594767,3.853770856986695,27.5,26.474532771845645,True,prefix,SPM_with_SPMe_parameters
763.0,3.821316806440792,3.8535278096890506,27.4,26.476146128075982,True,prefix,SPM_with_SPMe_parameters
764.0,3.8209,3.8532846886823604,27.4,26.4777588922405,True,prefix,SPM_with_SPMe_parameters
765.0,3.82069751761154,3.8530414885386213,27.4,26.4793710650639,True,prefix,SPM_with_SPMe_parameters
766.0,3.820208822542771,3.8527982037666995,27.4,26.480982647270935,True,prefix,SPM_with_SPMe_parameters
767.0,3.8199188862797717,3.852554828811775,27.5,26.482593639586298,True,prefix,SPM_with_SPMe_parameters
768.0,3.819628950016773,3.852311358054737,27.4,26.48420404273452,True,prefix,SPM_with_SPMe_parameters
769.0,3.819339013753774,3.8520677858116534,27.4,26.485813857440462,True,prefix,SPM_with_SPMe_parameters
770.0,3.819049077490775,3.8518241063331637,27.5,26.48742308442877,True,prefix,SPM_with_SPMe_parameters
771.0,3.8187591412277757,3.851580313803936,27.4,26.489031724424024,True,prefix,SPM_with_SPMe_parameters
772.0,3.8184692049647766,3.8513364023421066,27.4,26.490639778151092,True,prefix,SPM_with_SPMe_parameters
773.0,3.8181723582690372,3.8510923659987037,27.4,26.4922472463345,True,prefix,SPM_with_SPMe_parameters
774.0,3.817778664877558,3.850848198757124,27.4,26.49385412969906,True,prefix,SPM_with_SPMe_parameters
775.0,3.81719939617578,3.850603894532573,27.4,26.495460428969352,True,prefix,SPM_with_SPMe_parameters
776.0,3.816909459912781,3.850359447171522,27.4,26.497066144870132,True,prefix,SPM_with_SPMe_parameters
777.0,3.816619523649782,3.850114850451192,27.4,26.498671278125983,True,prefix,SPM_with_SPMe_parameters
778.0,3.816329587386783,3.849870098079011,27.4,26.50027582946177,True,prefix,SPM_with_SPMe_parameters
779.0,3.8160396511237837,3.8496251836921047,27.4,26.501879799602023,True,prefix,SPM_with_SPMe_parameters
780.0,3.815749714860785,3.8493801008567794,27.4,26.50348318927155,True,prefix,SPM_with_SPMe_parameters
781.0,3.815459778597786,3.8491348430680588,27.4,26.505085999194932,True,prefix,SPM_with_SPMe_parameters
782.0,3.8151698423347873,3.8488894037491432,27.4,26.506688230096927,True,prefix,SPM_with_SPMe_parameters
783.0,3.8143663535726264,3.8486437762509698,27.4,26.508289882702172,True,prefix,SPM_with_SPMe_parameters
784.0,3.8141,3.848397953851728,27.4,26.509890957735365,True,prefix,SPM_with_SPMe_parameters
785.0,3.81390003354579,3.8481519297564146,27.4,26.511491455921202,True,prefix,SPM_with_SPMe_parameters
786.0,3.813610097282791,3.84790569709639,27.4,26.51309137798438,True,prefix,SPM_with_SPMe_parameters
787.0,3.813140322039584,3.847659248928952,27.4,26.51469072464954,True,prefix,SPM_with_SPMe_parameters
788.0,3.8129,3.8474125782369226,27.4,26.51628949664149,True,prefix,SPM_with_SPMe_parameters
789.0,3.812580576987588,3.8471656779282535,27.4,26.51788769468476,True,prefix,SPM_with_SPMe_parameters
790.0,3.812150352230795,3.846918540835646,27.5,26.519485319504156,True,prefix,SPM_with_SPMe_parameters
791.0,3.811813887957061,3.846671159716192,27.5,26.521082371824264,True,prefix,SPM_with_SPMe_parameters
792.0,3.811470479704797,3.8464235272510248,27.5,26.522678852369836,True,prefix,SPM_with_SPMe_parameters
793.0,3.811180543441798,3.846175636045,27.5,26.52427476186557,True,prefix,SPM_with_SPMe_parameters
794.0,3.810890607178799,3.845927478626385,27.4,26.525870101036162,True,prefix,SPM_with_SPMe_parameters
795.0,3.8105013418316003,3.845679047446606,27.4,26.527464870606252,True,prefix,SPM_with_SPMe_parameters
796.0,3.8101,3.8454303348799304,27.5,26.52905907130048,True,prefix,SPM_with_SPMe_parameters
797.0,3.809941596779604,3.8451813332232945,27.5,26.530652703843657,True,prefix,SPM_with_SPMe_parameters
798.0,3.8095,3.8449320346960683,27.4,26.532245768960365,True,prefix,SPM_with_SPMe_parameters
799.0,3.8094409258638042,3.8446824314398507,27.4,26.53383826737536,True,prefix,SPM_with_SPMe_parameters
800.0,3.809085642401879,3.8444325155183514,27.6,26.535430199813334,True,prefix,SPM_with_SPMe_parameters
801.0,3.808461053337806,3.8441822847529936,27.4,26.53702153980555,True,prefix,SPM_with_SPMe_parameters
802.0,3.808171117074807,3.8439317256404584,27.6,26.538612313257147,True,prefix,SPM_with_SPMe_parameters
803.0,3.8078811808118083,3.8436808300015946,27.4,26.540202520929256,True,prefix,SPM_with_SPMe_parameters
804.0,3.807591244548809,3.8434295895965547,27.4,26.541792163501555,True,prefix,SPM_with_SPMe_parameters
805.0,3.8073013082858105,3.8431779961072166,27.6,26.54338124165372,True,prefix,SPM_with_SPMe_parameters
806.0,3.807011372022811,3.8429260411372637,27.6,26.544969756065314,True,prefix,SPM_with_SPMe_parameters
807.0,3.806442871519624,3.8426737162122646,27.6,26.546557707416014,True,prefix,SPM_with_SPMe_parameters
808.0,3.806131499496813,3.8424210127797154,27.6,26.54814509638544,True,prefix,SPM_with_SPMe_parameters
809.0,3.8058415632338143,3.84216792220926,27.4,26.549731923653155,True,prefix,SPM_with_SPMe_parameters
810.0,3.805468835961087,3.841914435792858,27.6,26.55131818989895,True,prefix,SPM_with_SPMe_parameters
811.0,3.8051616907078163,3.8416605447449825,27.4,26.552903895802274,True,prefix,SPM_with_SPMe_parameters
812.0,3.804871754444817,3.8414062402029514,27.4,26.55448904204286,True,prefix,SPM_with_SPMe_parameters
813.0,3.804581818181818,3.8411515132272003,27.4,26.556073629300386,True,prefix,SPM_with_SPMe_parameters
814.0,3.804291881918819,3.840896354801687,27.4,26.557657658254413,True,prefix,SPM_with_SPMe_parameters
815.0,3.8040019456558203,3.840640755834293,27.5,26.559241129584564,True,prefix,SPM_with_SPMe_parameters
816.0,3.803712009392821,3.8403847071572885,27.6,26.56082404397057,True,prefix,SPM_with_SPMe_parameters
817.0,3.803422073129822,3.8401281995278667,27.6,26.56240640209188,True,prefix,SPM_with_SPMe_parameters
818.0,3.8031321368668234,3.839871223628719,27.6,26.563988204628288,True,prefix,SPM_with_SPMe_parameters
819.0,3.8028422006038243,3.83961377006865,27.6,26.56556945225941,True,prefix,SPM_with_SPMe_parameters
820.0,3.8025030191211004,3.8393558293832615,27.5,26.56715014566481,True,prefix,SPM_with_SPMe_parameters
821.0,3.8021623280778263,3.8390973920357534,27.5,26.56873028552417,True,prefix,SPM_with_SPMe_parameters
822.0,3.801872391814827,3.83883844841766,27.6,26.570309872517157,True,prefix,SPM_with_SPMe_parameters
823.0,3.801582455551828,3.8385789888497834,27.6,26.571888907323284,True,prefix,SPM_with_SPMe_parameters
824.0,3.8012925192888294,3.8383190035830914,27.6,26.573467390622284,True,prefix,SPM_with_SPMe_parameters
825.0,3.8010025830258303,3.8380584827997524,27.5,26.575045323093775,True,prefix,SPM_with_SPMe_parameters
826.0,3.8006252935256626,3.8377974166141797,27.5,26.57662270541738,True,prefix,SPM_with_SPMe_parameters
827.0,3.8002,3.8375357950742086,27.5,26.578199538272713,True,prefix,SPM_with_SPMe_parameters
828.0,3.800132774236833,3.837273608162301,27.4,26.5797758223394,True,prefix,SPM_with_SPMe_parameters
829.0,3.7998428379738343,3.8370108457968266,27.6,26.581351558297172,True,prefix,SPM_with_SPMe_parameters
830.0,3.7995372022811136,3.836747497833442,27.6,26.582926746825535,True,prefix,SPM_with_SPMe_parameters
831.0,3.7991629654478363,3.8364835540665534,27.6,26.584501388604224,True,prefix,SPM_with_SPMe_parameters
832.0,3.798819087554512,3.8362190042308453,27.4,26.586075484312744,True,prefix,SPM_with_SPMe_parameters
833.0,3.798,3.835953838002856,27.6,26.587649034630886,True,prefix,SPM_with_SPMe_parameters
834.0,3.797993156658839,3.835688045002733,27.6,26.589222040238155,True,prefix,SPM_with_SPMe_parameters
835.0,3.79770322039584,3.835421614795964,27.6,26.59079450181423,True,prefix,SPM_with_SPMe_parameters
836.0,3.7974132841328414,3.8351545368953004,27.6,26.59236642003873,True,prefix,SPM_with_SPMe_parameters
837.0,3.7971233478698423,3.834886800762692,27.6,26.593937795591387,True,prefix,SPM_with_SPMe_parameters
838.0,3.7968334116068436,3.834618395811348,27.6,26.59550862915171,True,prefix,SPM_with_SPMe_parameters
839.0,3.7965434753438445,3.83434931140791,27.6,26.597078921399316,True,prefix,SPM_with_SPMe_parameters
840.0,3.796171385441127,3.8340795368746847,27.6,26.59864867301394,True,prefix,SPM_with_SPMe_parameters
841.0,3.795863602817846,3.833809061492016,27.6,26.600217884675203,True,prefix,SPM_with_SPMe_parameters
842.0,3.7955736665548474,3.8335378751029867,27.6,26.60178655395532,True,prefix,SPM_with_SPMe_parameters
843.0,3.7952837302918483,3.833265970711114,27.6,26.60335466192214,True,prefix,SPM_with_SPMe_parameters
844.0,3.7949937940288496,3.832993333433207,27.6,26.604922230156603,True,prefix,SPM_with_SPMe_parameters
845.0,3.7947038577658505,3.8327199524152444,27.6,26.606489259295813,True,prefix,SPM_with_SPMe_parameters
846.0,3.7944139215028514,3.8324458167745687,27.6,26.60805574997738,True,prefix,SPM_with_SPMe_parameters
847.0,3.7941239852398523,3.8321709156028354,27.6,26.609621702838467,True,prefix,SPM_with_SPMe_parameters
848.0,3.793834048976853,3.831895237969149,27.6,26.61118711851657,True,prefix,SPM_with_SPMe_parameters
849.0,3.7935441127138545,3.8316187729232665,27.6,26.612751997649013,True,prefix,SPM_with_SPMe_parameters
850.0,3.7932055686011408,3.831341509498896,27.6,26.614316340873017,True,prefix,SPM_with_SPMe_parameters
851.0,3.7928642401878565,3.831063436717198,27.6,26.615880148826136,True,prefix,SPM_with_SPMe_parameters
852.0,3.7925743039248574,3.830784543590306,27.6,26.617443422145527,True,prefix,SPM_with_SPMe_parameters
853.0,3.7922843676618587,3.8305048191250477,27.6,26.61900616146869,True,prefix,SPM_with_SPMe_parameters
854.0,3.7919944313988596,3.8302242523267376,27.6,26.620568367432895,True,prefix,SPM_with_SPMe_parameters
855.0,3.7918,3.8299428322031175,27.6,26.622130040675472,True,prefix,SPM_with_SPMe_parameters
856.0,3.791629117745723,3.8296605477684107,27.6,26.623691181833863,True,prefix,SPM_with_SPMe_parameters
857.0,3.7912,3.8293773880475017,27.6,26.625251791545338,True,prefix,SPM_with_SPMe_parameters
858.0,3.791069372693727,3.8290933420802573,27.6,26.62681187044734,True,prefix,SPM_with_SPMe_parameters
859.0,3.7905447500838645,3.828808398925957,27.6,26.6283714191772,True,prefix,SPM_with_SPMe_parameters
860.0,3.790239751761154,3.8285225476678577,27.6,26.629930438372185,True,prefix,SPM_with_SPMe_parameters
861.0,3.7898648775578665,3.828235777417911,27.6,26.631488928669626,True,prefix,SPM_with_SPMe_parameters
862.0,3.7895749412948674,3.827948077321548,27.6,26.63304689070702,True,prefix,SPM_with_SPMe_parameters
863.0,3.7892850050318683,3.8276594365626733,27.6,26.634604325121643,True,prefix,SPM_with_SPMe_parameters
864.0,3.7889950687688696,3.827369844368738,27.7,26.63616123255082,True,prefix,SPM_with_SPMe_parameters
865.0,3.7887051325058705,3.8270792900159605,27.6,26.637717613631935,True,prefix,SPM_with_SPMe_parameters
866.0,3.788415196242872,3.82678776283465,27.6,26.639273469002433,True,prefix,SPM_with_SPMe_parameters
867.0,3.7881252599798727,3.826495252214744,27.6,26.64082879929947,True,prefix,SPM_with_SPMe_parameters
868.0,3.7878353237168736,3.826201747611358,27.6,26.64238360516049,True,prefix,SPM_with_SPMe_parameters
869.0,3.7875453874538745,3.8259072385505553,27.7,26.643937887222876,True,prefix,SPM_with_SPMe_parameters
870.0,3.7872554511908754,3.825611714635215,27.6,26.645491646124015,True,prefix,SPM_with_SPMe_parameters
871.0,3.7868873532371685,3.825315165551011,27.6,26.64704488250112,True,prefix,SPM_with_SPMe_parameters
872.0,3.786575578664878,3.825017581072568,27.6,26.648597596991635,True,prefix,SPM_with_SPMe_parameters
873.0,3.7865,3.8247189510696824,27.6,26.650149790232888,True,prefix,SPM_with_SPMe_parameters
874.0,3.786091412277759,3.8244192655137157,27.6,26.651701462862263,True,prefix,SPM_with_SPMe_parameters
875.0,3.7859,3.824118514484084,27.6,26.65325261551709,True,prefix,SPM_with_SPMe_parameters
876.0,3.7857158336128816,3.8238166881748867,27.6,26.654803248834696,True,prefix,SPM_with_SPMe_parameters
877.0,3.7854258973498824,3.823513776901614,27.7,26.656353363452467,True,prefix,SPM_with_SPMe_parameters
878.0,3.7851359610868838,3.8232097711080533,27.6,26.65790296000779,True,prefix,SPM_with_SPMe_parameters
879.0,3.7848460248238847,3.8229046613732214,27.6,26.659452039137932,True,prefix,SPM_with_SPMe_parameters
880.0,3.7845560885608855,3.8225984384184373,27.6,26.661000601480282,True,prefix,SPM_with_SPMe_parameters
881.0,3.784266152297887,3.8222910931145355,27.6,26.662548647672224,True,prefix,SPM_with_SPMe_parameters
882.0,3.7839349547131835,3.821982616489136,27.6,26.66409617835103,True,prefix,SPM_with_SPMe_parameters
883.0,3.7835862797718884,3.8216729997340337,27.6,26.665643194154086,True,prefix,SPM_with_SPMe_parameters
884.0,3.7832963435088898,3.8213622350568377,27.7,26.667189690650957,True,prefix,SPM_with_SPMe_parameters
885.0,3.7829128144917816,3.8210503157922053,27.7,26.668735657721356,True,prefix,SPM_with_SPMe_parameters
886.0,3.7825,3.8207372312774943,27.7,26.670281110365977,True,prefix,SPM_with_SPMe_parameters
887.0,3.782426534719893,3.820422973442787,27.6,26.671826049188383,True,prefix,SPM_with_SPMe_parameters
888.0,3.7821365984568938,3.8201075344206483,27.7,26.673370474792023,True,prefix,SPM_with_SPMe_parameters
889.0,3.7818466621938946,3.8197909065540774,27.7,26.674914387780234,True,prefix,SPM_with_SPMe_parameters
890.0,3.7815567259308955,3.819473082404427,27.7,26.676457788756522,True,prefix,SPM_with_SPMe_parameters
891.0,3.7812667896678964,3.8191540547594505,27.6,26.67800067832445,True,prefix,SPM_with_SPMe_parameters
892.0,3.780969137873197,3.8188338166413915,27.6,26.6795430570873,True,prefix,SPM_with_SPMe_parameters
893.0,3.780586917141899,3.818512361315085,27.7,26.681084925648634,True,prefix,SPM_with_SPMe_parameters
894.0,3.7802969808788998,3.8181896822961416,27.7,26.682626284611842,True,prefix,SPM_with_SPMe_parameters
895.0,3.7800070446159006,3.817865773359155,27.7,26.684167134580434,True,prefix,SPM_with_SPMe_parameters
896.0,3.7797171083529015,3.817540628545884,27.7,26.685707476157802,True,prefix,SPM_with_SPMe_parameters
897.0,3.7794271720899024,3.8172142421735598,27.6,26.687247309947395,True,prefix,SPM_with_SPMe_parameters
898.0,3.7794,3.816886608843063,27.6,26.688786636552663,True,prefix,SPM_with_SPMe_parameters
899.0,3.779147299563905,3.8165577234472265,27.7,26.69032545657717,True,prefix,SPM_with_SPMe_parameters
900.0,3.7786147266018117,3.81622758117906,27.7,26.691863770624195,True,prefix,SPM_with_SPMe_parameters
901.0,3.7785,3.815896177539963,27.7,26.6934015792973,True,prefix,SPM_with_SPMe_parameters
902.0,3.778277490774908,3.8155635083479096,27.6,26.69493888319988,True,prefix,SPM_with_SPMe_parameters
903.0,3.777987554511909,3.815229569745652,27.7,26.696475682935386,True,prefix,SPM_with_SPMe_parameters
904.0,3.7776301576652127,3.8148943582087695,27.7,26.69801197910732,True,prefix,SPM_with_SPMe_parameters
905.0,3.777307681985911,3.8145578705537693,27.7,26.69954777231908,True,prefix,SPM_with_SPMe_parameters
906.0,3.7770177457229117,3.8142201039460253,27.6,26.701083063174167,True,prefix,SPM_with_SPMe_parameters
907.0,3.7769,3.8138810559077183,27.7,26.70261785227592,True,prefix,SPM_with_SPMe_parameters
908.0,3.7767378731969137,3.813540724325635,27.7,26.704152140227905,True,prefix,SPM_with_SPMe_parameters
909.0,3.776447936933915,3.813199107458854,27.7,26.705685927633567,True,prefix,SPM_with_SPMe_parameters
910.0,3.776158000670916,3.8128562039463825,27.7,26.70721921509636,True,prefix,SPM_with_SPMe_parameters
911.0,3.775868064407917,3.8125120128146106,27.7,26.70875200321956,True,prefix,SPM_with_SPMe_parameters
912.0,3.7755781281449177,3.812166533484623,27.7,26.710284292606843,True,prefix,SPM_with_SPMe_parameters
913.0,3.7752881918819186,3.8118197657794264,27.7,26.71181608386155,True,prefix,SPM_with_SPMe_parameters
914.0,3.7748625964441462,3.8114717099309185,27.7,26.713347377587183,True,prefix,SPM_with_SPMe_parameters
915.0,3.774308319355921,3.8111223665867855,27.7,26.714878174387195,True,prefix,SPM_with_SPMe_parameters
916.0,3.7741,3.810771736817135,27.7,26.716408474864863,True,prefix,SPM_with_SPMe_parameters
917.0,3.774028446829923,3.8104198221209615,27.7,26.717938279623866,True,prefix,SPM_with_SPMe_parameters
918.0,3.7737385105669237,3.8100666244324044,27.7,26.719467589267595,True,prefix,SPM_with_SPMe_parameters
919.0,3.7734485743039246,3.8097121461267585,27.7,26.720996404399443,True,prefix,SPM_with_SPMe_parameters
920.0,3.773158638040926,3.809356390026272,27.7,26.72252472562286,True,prefix,SPM_with_SPMe_parameters
921.0,3.7728687017779268,3.80899935940566,27.7,26.72405255354124,True,prefix,SPM_with_SPMe_parameters
922.0,3.772578765514928,3.8086410579974337,27.7,26.725579888758205,True,prefix,SPM_with_SPMe_parameters
923.0,3.772288829251929,3.808281489996816,27.7,26.727106731877143,True,prefix,SPM_with_SPMe_parameters
924.0,3.77199889298893,3.807920660066509,27.7,26.72863308350145,True,prefix,SPM_with_SPMe_parameters
925.0,3.7717089567259308,3.807558573341088,27.7,26.730158944234574,True,prefix,SPM_with_SPMe_parameters
926.0,3.7717,3.807195236264036,27.7,26.731684308484887,True,prefix,SPM_with_SPMe_parameters
927.0,3.7713387789332438,3.8068306555507223,27.7,26.733209172215368,True,prefix,SPM_with_SPMe_parameters
928.0,3.771039147936934,3.8064648364776503,27.7,26.73473354568023,True,prefix,SPM_with_SPMe_parameters
929.0,3.770749211673935,3.8060977861083987,27.7,26.73625742945569,True,prefix,SPM_with_SPMe_parameters
930.0,3.770459275410936,3.8057295119955104,27.7,26.737780824117635,True,prefix,SPM_with_SPMe_parameters
931.0,3.770169339147937,3.80536002218284,27.7,26.739303730242227,True,prefix,SPM_with_SPMe_parameters
932.0,3.769879402884938,3.80498932520753,27.7,26.74082614840546,True,prefix,SPM_with_SPMe_parameters
933.0,3.7695894666219387,3.8046174301015627,27.7,26.742348079183444,True,prefix,SPM_with_SPMe_parameters
934.0,3.76929953035894,3.8042443463929327,27.7,26.743869523152284,True,prefix,SPM_with_SPMe_parameters
935.0,3.7692,3.803870084106391,27.7,26.74539048088792,True,prefix,SPM_with_SPMe_parameters
936.0,3.769019657832942,3.8034946537637913,27.7,26.746910952966402,True,prefix,SPM_with_SPMe_parameters
937.0,3.7685026836632005,3.803118066383956,27.7,26.74843093996401,True,prefix,SPM_with_SPMe_parameters
938.0,3.7682,3.8027403334821743,27.7,26.749950442456566,True,prefix,SPM_with_SPMe_parameters
939.0,3.768049849043945,3.8023614670691637,27.7,26.75146946102018,True,prefix,SPM_with_SPMe_parameters
940.0,3.767759912780946,3.8019814796496494,27.7,26.752987996231013,True,prefix,SPM_with_SPMe_parameters
941.0,3.767469976517947,3.8016003842204666,27.7,26.75450604866495,True,prefix,SPM_with_SPMe_parameters
942.0,3.7670600805098964,3.8012181942681424,27.7,26.75602361889827,True,prefix,SPM_with_SPMe_parameters
943.0,3.766590103991949,3.8008349237660832,27.7,26.75754070750685,True,prefix,SPM_with_SPMe_parameters
944.0,3.7664,3.8004505871712397,27.7,26.759057315066798,True,prefix,SPM_with_SPMe_parameters
945.0,3.766310231465951,3.800065199420268,27.7,26.760573442154225,True,prefix,SPM_with_SPMe_parameters
946.0,3.766020295202952,3.7996787759252872,27.7,26.76208908934518,True,prefix,SPM_with_SPMe_parameters
947.0,3.765730358939953,3.7992913325690485,27.7,26.76360425721566,True,prefix,SPM_with_SPMe_parameters
948.0,3.765420563569272,3.798902885699702,27.7,26.765118946341772,True,prefix,SPM_with_SPMe_parameters
949.0,3.765050486413955,3.7985134521250026,27.7,26.76663315729951,True,prefix,SPM_with_SPMe_parameters
950.0,3.7647605501509562,3.7981230491060916,27.7,26.768146890665093,True,prefix,SPM_with_SPMe_parameters
951.0,3.7645,3.7977316943507473,27.7,26.76966014701435,True,prefix,SPM_with_SPMe_parameters
952.0,3.764480677624958,3.797339406006145,27.7,26.77117292692361,True,prefix,SPM_with_SPMe_parameters
953.0,3.7641907413619595,3.7969462026511636,27.7,26.772685230968705,True,prefix,SPM_with_SPMe_parameters
954.0,3.76390080509896,3.796552103288194,27.7,26.774197059725736,True,prefix,SPM_with_SPMe_parameters
955.0,3.763610868835961,3.796157127334466,27.7,26.775708413770815,True,prefix,SPM_with_SPMe_parameters
956.0,3.763320932572962,3.7957612946128982,27.7,26.777219293680048,True,prefix,SPM_with_SPMe_parameters
957.0,3.763030996309963,3.795364625342514,27.7,26.77872970002943,True,prefix,SPM_with_SPMe_parameters
958.0,3.763,3.7949671401283536,27.7,26.780239633394956,True,prefix,SPM_with_SPMe_parameters
959.0,3.76250224756793,3.7945688599509726,27.7,26.78174909435279,True,prefix,SPM_with_SPMe_parameters
960.0,3.7620815833612884,3.7941698061554807,27.7,26.783258083478927,True,prefix,SPM_with_SPMe_parameters
961.0,3.762,3.7937700004401447,27.7,26.78476660134953,True,prefix,SPM_with_SPMe_parameters
962.0,3.761781314994968,3.793369464844585,27.7,26.786274648540484,True,prefix,SPM_with_SPMe_parameters
963.0,3.7614913787319693,3.7929682217375342,27.7,26.787782225628007,True,prefix,SPM_with_SPMe_parameters
964.0,3.76120144246897,3.792566293804221,27.7,26.789289333188037,True,prefix,SPM_with_SPMe_parameters
965.0,3.760911506205971,3.7921637040333773,27.7,26.79079597179674,True,prefix,SPM_with_SPMe_parameters
966.0,3.7608,3.7917604757038292,27.7,26.792302142030053,True,prefix,SPM_with_SPMe_parameters
967.0,3.760631633679973,3.7913566323707553,27.7,26.793807844464197,True,prefix,SPM_with_SPMe_parameters
968.0,3.7601833948339483,3.790952198607941,27.7,26.79531307260885,True,prefix,SPM_with_SPMe_parameters
969.0,3.7599,3.7905471985325603,27.7,26.796817826571328,True,prefix,SPM_with_SPMe_parameters
970.0,3.759761824890976,3.790141655745461,27.7,26.798322113452798,True,prefix,SPM_with_SPMe_parameters
971.0,3.759471888627977,3.78973559476605,27.7,26.799825933806233,True,prefix,SPM_with_SPMe_parameters
972.0,3.7590245555182826,3.7893290403165927,27.7,26.801329288184263,True,prefix,SPM_with_SPMe_parameters
973.0,3.7584920161019792,3.7889220173066764,27.7,26.802832177139692,True,prefix,SPM_with_SPMe_parameters
974.0,3.7583,3.7885145508174283,27.7,26.804334601225378,True,prefix,SPM_with_SPMe_parameters
975.0,3.7581242871519627,3.788106666085504,27.7,26.805836560993953,True,prefix,SPM_with_SPMe_parameters
976.0,3.7577,3.78769838848693,27.8,26.80733805699839,True,prefix,SPM_with_SPMe_parameters
977.0,3.757632271049983,3.787289743520705,27.9,26.808839089791377,True,prefix,SPM_with_SPMe_parameters
978.0,3.7573423347869843,3.786880756792261,27.7,26.810339659925603,True,prefix,SPM_with_SPMe_parameters
979.0,3.757052398523985,3.786471453996844,27.7,26.81183976795404,True,prefix,SPM_with_SPMe_parameters
980.0,3.7567624622609865,3.7860618609027012,27.7,26.813339414429265,True,prefix,SPM_with_SPMe_parameters
981.0,3.756472525997987,3.785652003334251,27.7,26.814838599904192,True,prefix,SPM_with_SPMe_parameters
982.0,3.7562,3.785241907155114,27.7,26.816337324931567,True,prefix,SPM_with_SPMe_parameters
983.0,3.7561828581013086,3.784831598251161,27.7,26.817835590064192,True,prefix,SPM_with_SPMe_parameters
984.0,3.755506340154311,3.7844211025135,27.9,26.819333395854756,True,prefix,SPM_with_SPMe_parameters
985.0,3.7555,3.7840104458214867,27.7,26.820830742856174,True,prefix,SPM_with_SPMe_parameters
986.0,3.7552228446829923,3.783599654025709,27.7,26.822327631621192,True,prefix,SPM_with_SPMe_parameters
987.0,3.7549329084199936,3.783188752931085,27.7,26.823824062702613,True,prefix,SPM_with_SPMe_parameters
988.0,3.754642972156994,3.782777768279962,27.7,26.82532003665301,True,prefix,SPM_with_SPMe_parameters
989.0,3.7543530358939954,3.782366725735341,27.7,26.826815554025472,True,prefix,SPM_with_SPMe_parameters
990.0,3.7540630996309963,3.7819556508641816,27.7,26.828310615372516,True,prefix,SPM_with_SPMe_parameters
991.0,3.754,3.781544569120899,27.7,26.829805221247113,True,prefix,SPM_with_SPMe_parameters
992.0,3.7537832271049982,3.7811335058309137,27.7,26.831299372201954,True,prefix,SPM_with_SPMe_parameters
993.0,3.753493290841999,3.780722486174474,27.7,26.832793068789783,True,prefix,SPM_with_SPMe_parameters
994.0,3.7532033545790005,3.7803115351706116,27.7,26.834286311563517,True,prefix,SPM_with_SPMe_parameters
995.0,3.752851224421335,3.7799006776613413,27.7,26.835779101075843,True,prefix,SPM_with_SPMe_parameters
996.0,3.7525234820530025,3.7794899382960803,27.8,26.837271437879508,True,prefix,SPM_with_SPMe_parameters
997.0,3.7522335457900033,3.7790793415163093,27.8,26.83876332252737,True,prefix,SPM_with_SPMe_parameters
998.0,3.7521,3.7786689115405623,27.8,26.840254755572175,True,prefix,SPM_with_SPMe_parameters
999.0,3.7519536732640053,3.778258672349625,27.9,26.84174573756667,True,prefix,SPM_with_SPMe_parameters
1000.0,3.751663737001006,3.777848647672113,27.8,26.843236269063766,True,prefix,SPM_with_SPMe_parameters
1001.0,3.751247601476015,3.7774388609703338,27.7,26.844726350616043,True,prefix,SPM_with_SPMe_parameters
1002.0,3.7507838644750087,3.777029335426496,27.8,26.84621598277647,True,prefix,SPM_with_SPMe_parameters
1003.0,3.7504939282120096,3.7766200939293006,27.9,26.84770516609774,True,prefix,SPM_with_SPMe_parameters
1004.0,3.7502039919490104,3.7762111590608556,27.9,26.849193901132594,True,prefix,SPM_with_SPMe_parameters
1005.0,3.7498854075813486,3.7758025530840382,27.8,26.850682188433836,True,prefix,SPM_with_SPMe_parameters
1006.0,3.7495241194230124,3.7753942979301796,27.8,26.85217002855427,True,prefix,SPM_with_SPMe_parameters
1007.0,3.7493,3.774986415187254,27.9,26.85365742204681,True,prefix,SPM_with_SPMe_parameters
1008.0,3.7492442468970144,3.774578926088382,27.7,26.85514436946397,True,prefix,SPM_with_SPMe_parameters
1009.0,3.7489543106340157,3.7741718515008627,27.7,26.856630871358732,True,prefix,SPM_with_SPMe_parameters
1010.0,3.748664374371016,3.773765212606916,27.9,26.85811692046161,True,prefix,SPM_with_SPMe_parameters
1011.0,3.7483744381080175,3.7733590292763632,27.7,26.859602520000408,True,prefix,SPM_with_SPMe_parameters
1012.0,3.7481,3.7729533208419563,27.7,26.86108767478322,True,prefix,SPM_with_SPMe_parameters
1013.0,3.748089131164039,3.77254810660863,27.9,26.862572385342446,True,prefix,SPM_with_SPMe_parameters
1014.0,3.747509258638041,3.772143405467245,27.7,26.86405665221031,True,prefix,SPM_with_SPMe_parameters
1015.0,3.7475,3.7717392358863524,27.7,26.86554047591909,True,prefix,SPM_with_SPMe_parameters
1016.0,3.747224756793022,3.7713356159044618,27.9,26.867023857001186,True,prefix,SPM_with_SPMe_parameters
1017.0,3.7468464273733644,3.7709325631227255,27.7,26.868506795988708,True,prefix,SPM_with_SPMe_parameters
1018.0,3.7465448842670246,3.7705300946982088,27.9,26.86998929341405,True,prefix,SPM_with_SPMe_parameters
1019.0,3.7462549480040255,3.770128227337577,27.9,26.87147134980944,True,prefix,SPM_with_SPMe_parameters
1020.0,3.7459650117410264,3.7697269772912665,27.7,26.872952965707213,True,prefix,SPM_with_SPMe_parameters
1021.0,3.7456750754780277,3.769326360348246,27.7,26.874434141639654,True,prefix,SPM_with_SPMe_parameters
1022.0,3.7453851392150286,3.768926391831128,27.8,26.875914878138985,True,prefix,SPM_with_SPMe_parameters
1023.0,3.7453,3.7685270865919085,27.9,26.877395175737604,True,prefix,SPM_with_SPMe_parameters
1024.0,3.7451052666890305,3.7681284590080786,27.9,26.87887503496762,True,prefix,SPM_with_SPMe_parameters
1025.0,3.7448153304260314,3.767730522979289,27.8,26.880354456361488,True,prefix,SPM_with_SPMe_parameters
1026.0,3.7445253941630328,3.767333291924496,27.8,26.88183344045143,True,prefix,SPM_with_SPMe_parameters
1027.0,3.7442354579000336,3.7669367787795336,27.9,26.883311987769673,True,prefix,SPM_with_SPMe_parameters
1028.0,3.7438940288493794,3.7665409959952023,27.9,26.88479009884861,True,prefix,SPM_with_SPMe_parameters
1029.0,3.7435555853740357,3.76614595553582,27.9,26.88626777422047,True,prefix,SPM_with_SPMe_parameters
1030.0,3.743131298222073,3.7657516688781985,27.9,26.887745014417533,True,prefix,SPM_with_SPMe_parameters
1031.0,3.7426757128480377,3.765358147011115,27.9,26.88922181997208,True,prefix,SPM_with_SPMe_parameters
1032.0,3.7425,3.764965400435182,27.9,26.890698191416448,True,prefix,SPM_with_SPMe_parameters
1033.0,3.7423958403220396,3.7645734391632164,27.9,26.892174129282807,True,prefix,SPM_with_SPMe_parameters
1034.0,3.7421059040590405,3.7641822727209506,27.9,26.893649634103554,True,prefix,SPM_with_SPMe_parameters
1035.0,3.7418159677960414,3.763791910148259,27.9,26.895124706410968,True,prefix,SPM_with_SPMe_parameters
1036.0,3.7415260315330428,3.763402360000695,27.9,26.896599346737275,True,prefix,SPM_with_SPMe_parameters
1037.0,3.7413,3.7630136303515056,27.9,26.898073555614758,True,prefix,SPM_with_SPMe_parameters
1038.0,3.741174371016437,3.7626257287939864,27.9,26.899547333575754,True,prefix,SPM_with_SPMe_parameters
1039.0,3.7405562227440456,3.762238662444237,27.9,26.90102068115243,True,prefix,SPM_with_SPMe_parameters
1040.0,3.7403,3.761852437944274,27.8,26.902493598877243,True,prefix,SPM_with_SPMe_parameters
1041.0,3.7402763502180476,3.7614670614654835,27.9,26.903966087282413,True,prefix,SPM_with_SPMe_parameters
1042.0,3.739986413955049,3.761082538712464,27.8,26.905438146900224,True,prefix,SPM_with_SPMe_parameters
1043.0,3.73969647769205,3.7606988749271273,27.9,26.9069097782629,True,prefix,SPM_with_SPMe_parameters
1044.0,3.7394065414290503,3.7603160748931765,27.8,26.908380981902724,True,prefix,SPM_with_SPMe_parameters
1045.0,3.7391166051660516,3.759934142940877,27.8,26.90985175835209,True,prefix,SPM_with_SPMe_parameters
1046.0,3.7388266689030525,3.759553082952103,27.8,26.91132210814328,True,prefix,SPM_with_SPMe_parameters
1047.0,3.738536732640054,3.759172898365679,27.8,26.912792031808465,True,prefix,SPM_with_SPMe_parameters
1048.0,3.7382467963770547,3.7587935921829874,27.8,26.914261529879923,True,prefix,SPM_with_SPMe_parameters
1049.0,3.7382,3.7584151669738346,27.7,26.915730602890108,True,prefix,SPM_with_SPMe_parameters
1050.0,3.7376561556524655,3.758037624882543,27.8,26.91719925137113,True,prefix,SPM_with_SPMe_parameters
1051.0,3.7375,3.757660967634295,27.8,26.91866747585533,True,prefix,SPM_with_SPMe_parameters
1052.0,3.7372870513250587,3.7572851971824277,27.8,26.92013526847404,True,prefix,SPM_with_SPMe_parameters
1053.0,3.7369971150620596,3.756910314042384,27.8,26.921602634914905,True,prefix,SPM_with_SPMe_parameters
1054.0,3.736707178799061,3.7565363185356597,27.8,26.923069578159584,True,prefix,SPM_with_SPMe_parameters
1055.0,3.736417242536062,3.7561632107800005,27.8,26.924536098722115,True,prefix,SPM_with_SPMe_parameters
1056.0,3.7361273062730627,3.7557909905086713,27.8,26.926002197116475,True,prefix,SPM_with_SPMe_parameters
1057.0,3.735837370010064,3.755419657077908,27.9,26.927467873856756,True,prefix,SPM_with_SPMe_parameters
1058.0,3.735547433747065,3.7550492094745307,27.8,26.928933129456993,True,prefix,SPM_with_SPMe_parameters
1059.0,3.7354,3.75467964632362,27.8,26.930397964431222,True,prefix,SPM_with_SPMe_parameters
1060.0,3.7351351224421334,3.7543109658963814,27.8,26.93186237929342,True,prefix,SPM_with_SPMe_parameters
1061.0,3.7346368332774236,3.7539431661180727,27.8,26.933326374557737,True,prefix,SPM_with_SPMe_parameters
1062.0,3.7342876886950687,3.7535762445760446,27.8,26.93478995073815,True,prefix,SPM_with_SPMe_parameters
1063.0,3.73399775243207,3.75321019852785,27.8,26.93625310834875,True,prefix,SPM_with_SPMe_parameters
1064.0,3.733707816169071,3.7528450249094405,27.8,26.937715847903462,True,prefix,SPM_with_SPMe_parameters
1065.0,3.7334178799060718,3.752480720343404,27.8,26.93917816991643,True,prefix,SPM_with_SPMe_parameters
1066.0,3.7331279436430727,3.7521172811473,27.8,26.940640074901694,True,prefix,SPM_with_SPMe_parameters
1067.0,3.7329,3.751754703341973,27.8,26.942101563373228,True,prefix,SPM_with_SPMe_parameters
1068.0,3.7328480711170746,3.75139298265994,27.8,26.94356263584507,True,prefix,SPM_with_SPMe_parameters
1069.0,3.732558134854076,3.751032114553779,27.8,26.94502329283131,True,prefix,SPM_with_SPMe_parameters
1070.0,3.732268198591077,3.7506720942045497,27.8,26.946483534845925,True,prefix,SPM_with_SPMe_parameters
1071.0,3.731978262328078,3.7503129165301887,27.8,26.94794336240301,True,prefix,SPM_with_SPMe_parameters
1072.0,3.7316844347534386,3.749954576193946,27.8,26.949402776016598,True,prefix,SPM_with_SPMe_parameters
1073.0,3.7312983898020797,3.7495970676127315,27.8,26.950861776200668,True,prefix,SPM_with_SPMe_parameters
1074.0,3.7310084535390806,3.7492403849655194,27.8,26.952320363469312,True,prefix,SPM_with_SPMe_parameters
1075.0,3.730718517276082,3.748884522201669,27.8,26.953778538336564,True,prefix,SPM_with_SPMe_parameters
1076.0,3.730428581013083,3.748529473049246,27.8,26.95523630131646,True,prefix,SPM_with_SPMe_parameters
1077.0,3.7304,3.748175231023259,28.0,26.956693652923036,True,prefix,SPM_with_SPMe_parameters
1078.0,3.7298974169741697,3.7478217894338686,28.0,26.958150593670325,True,prefix,SPM_with_SPMe_parameters
1079.0,3.7295587722240855,3.747469141394549,27.8,26.959607124072363,True,prefix,SPM_with_SPMe_parameters
1080.0,3.7295,3.7471172798301535,27.8,26.961063244643185,True,prefix,SPM_with_SPMe_parameters
1081.0,3.729278899698088,3.746766197484936,27.8,26.962518955896883,True,prefix,SPM_with_SPMe_parameters
1082.0,3.728988963435089,3.7464158869304955,27.9,26.963974258347434,True,prefix,SPM_with_SPMe_parameters
1083.0,3.72869902717209,3.7460663405736048,28.0,26.965429152508875,True,prefix,SPM_with_SPMe_parameters
1084.0,3.7283454545454546,3.7457175506640183,27.9,26.96688363889524,True,prefix,SPM_with_SPMe_parameters
1085.0,3.728019154646092,3.7453695093021326,27.9,26.968337718020678,True,prefix,SPM_with_SPMe_parameters
1086.0,3.727729218383093,3.745022208446539,27.9,26.96979139039911,True,prefix,SPM_with_SPMe_parameters
1087.0,3.7272785642401876,3.744675639921571,27.9,26.971244656544513,True,prefix,SPM_with_SPMe_parameters
1088.0,3.726849345857095,3.7443297954246217,27.9,26.97269751697104,True,prefix,SPM_with_SPMe_parameters
1089.0,3.726559409594096,3.7439846665334837,27.9,26.974149972192777,True,prefix,SPM_with_SPMe_parameters
1090.0,3.726269473331097,3.7436402447134465,28.0,26.97560202272365,True,prefix,SPM_with_SPMe_parameters
1091.0,3.7261,3.743296521324382,27.9,26.977053669077804,True,prefix,SPM_with_SPMe_parameters
1092.0,3.7259896008050992,3.742953487627686,27.9,26.978504911769107,True,prefix,SPM_with_SPMe_parameters
1093.0,3.7256996645421,3.7426111347930773,28.0,26.979955751311763,True,prefix,SPM_with_SPMe_parameters
1094.0,3.7253796377054678,3.742269454494439,27.9,26.981406179476664,True,prefix,SPM_with_SPMe_parameters
1095.0,3.725019792016102,3.7419284372641,27.9,26.98285620383797,True,prefix,SPM_with_SPMe_parameters
1096.0,3.724729855753103,3.7415880739710796,28.0,26.98430582588395,True,prefix,SPM_with_SPMe_parameters
1097.0,3.724439919490104,3.741248355485434,27.8,26.985755046112445,True,prefix,SPM_with_SPMe_parameters
1098.0,3.724149983227105,3.7409092726177775,27.8,26.98720386502123,True,prefix,SPM_with_SPMe_parameters
1099.0,3.723860046964106,3.7405708161253775,28.0,26.98865228310831,True,prefix,SPM_with_SPMe_parameters
1100.0,3.7236,3.740232976718064,28.0,26.990100300871347,True,prefix,SPM_with_SPMe_parameters
1101.0,3.723560348876216,3.7398957450640555,28.0,26.991547918808408,True,prefix,SPM_with_SPMe_parameters
1102.0,3.723,3.7395591117956175,27.8,26.992995137417097,True,prefix,SPM_with_SPMe_parameters
1103.0,3.723,3.739223067514616,28.0,26.994441957195363,True,prefix,SPM_with_SPMe_parameters
1104.0,3.722710365649111,3.7388876027979383,28.0,26.99588837864104,True,prefix,SPM_with_SPMe_parameters
1105.0,3.722420429386112,3.738552708202756,27.8,26.99733440225208,True,prefix,SPM_with_SPMe_parameters
1106.0,3.7220406574974843,3.738218374271683,28.0,26.99878002852614,True,prefix,SPM_with_SPMe_parameters
1107.0,3.721740556860114,3.7378845915377963,27.8,27.000225257961176,True,prefix,SPM_with_SPMe_parameters
1108.0,3.721450620597115,3.737551350529512,28.0,27.00167009105502,True,prefix,SPM_with_SPMe_parameters
1109.0,3.721160684334116,3.737218641775359,28.0,27.003114528305503,True,prefix,SPM_with_SPMe_parameters
1110.0,3.720870748071117,3.736886455808581,27.8,27.00455857021052,True,prefix,SPM_with_SPMe_parameters
1111.0,3.720580811808118,3.73655478317166,27.9,27.00600221726785,True,prefix,SPM_with_SPMe_parameters
1112.0,3.7202908755451194,3.7362236144206613,28.0,27.007445469975266,True,prefix,SPM_with_SPMe_parameters
1113.0,3.7200009392821203,3.7358929401294847,28.0,27.008888328830835,True,prefix,SPM_with_SPMe_parameters
1114.0,3.719711003019121,3.7355627508940037,27.9,27.010330794332276,True,prefix,SPM_with_SPMe_parameters
1115.0,3.7191824890976184,3.735233037336001,27.9,27.011772866977367,True,prefix,SPM_with_SPMe_parameters
1116.0,3.7189,3.7349037901070923,28.0,27.013214547264,True,prefix,SPM_with_SPMe_parameters
1117.0,3.718741194230124,3.7345749998924322,28.0,27.01465583569012,True,prefix,SPM_with_SPMe_parameters
1118.0,3.718451257967125,3.7342466574143605,28.0,27.016096732753454,True,prefix,SPM_with_SPMe_parameters
1119.0,3.7181613217041263,3.733918753435882,27.9,27.01753723895189,True,prefix,SPM_with_SPMe_parameters
1120.0,3.717871385441127,3.733591278764078,27.9,27.01897735478326,True,prefix,SPM_with_SPMe_parameters
1121.0,3.717581449178128,3.733264224253362,28.0,27.020417080745403,True,prefix,SPM_with_SPMe_parameters
1122.0,3.717291512915129,3.7329375808086205,27.9,27.021856417336153,True,prefix,SPM_with_SPMe_parameters
1123.0,3.7170015766521303,3.73261133938829,27.9,27.0232953650534,True,prefix,SPM_with_SPMe_parameters
1124.0,3.716711640389131,3.732285491007259,28.0,27.02473392439498,True,prefix,SPM_with_SPMe_parameters
1125.0,3.716421704126132,3.731960026739687,28.0,27.02617209585867,True,prefix,SPM_with_SPMe_parameters
1126.0,3.716109023817511,3.731634937721728,28.0,27.027609879942418,True,prefix,SPM_with_SPMe_parameters
1127.0,3.7157418316001345,3.7313102151541493,28.0,27.029047277143945,True,prefix,SPM_with_SPMe_parameters
1128.0,3.7154518953371354,3.7309858503048074,28.0,27.030484287961315,True,prefix,SPM_with_SPMe_parameters
1129.0,3.715161959074136,3.730661834511073,28.0,27.031920912892076,True,prefix,SPM_with_SPMe_parameters
1130.0,3.7149,3.730338159182106,28.0,27.03335715243429,True,prefix,SPM_with_SPMe_parameters
1131.0,3.7148641730962764,3.73001481580109,28.0,27.03479300708574,True,prefix,SPM_with_SPMe_parameters
1132.0,3.7142921502851394,3.729691795927329,27.8,27.036228477344196,True,prefix,SPM_with_SPMe_parameters
1133.0,3.7140022140221403,3.7293690911982367,28.0,27.037663563707667,True,prefix,SPM_with_SPMe_parameters
1134.0,3.714,3.7290466933312865,28.0,27.039098266673875,True,prefix,SPM_with_SPMe_parameters
1135.0,3.713722341496142,3.72872459413827,28.0,27.04053258652567,True,prefix,SPM_with_SPMe_parameters
1136.0,3.713432405233143,3.728402786033028,28.0,27.041966514589433,True,prefix,SPM_with_SPMe_parameters
1137.0,3.713142468970144,3.7280812604823192,28.0,27.04340006005276,True,prefix,SPM_with_SPMe_parameters
1138.0,3.712770043609527,3.727760009542413,28.0,27.044833223395926,True,prefix,SPM_with_SPMe_parameters
1139.0,3.7124625964441464,3.7274390253579415,28.0,27.046266005098857,True,prefix,SPM_with_SPMe_parameters
1140.0,3.7121726601811473,3.727118300163303,28.2,27.047698405641654,True,prefix,SPM_with_SPMe_parameters
1141.0,3.711882723918148,3.7267978262839594,28.1,27.04913042550453,True,prefix,SPM_with_SPMe_parameters
1142.0,3.7113855753102984,3.7264775961377383,28.0,27.050562065167128,True,prefix,SPM_with_SPMe_parameters
1143.0,3.7110028513921502,3.7261576022359777,28.0,27.051993325109606,True,prefix,SPM_with_SPMe_parameters
1144.0,3.710712915129151,3.725837837184652,28.0,27.053424205811723,True,prefix,SPM_with_SPMe_parameters
1145.0,3.7104229788661525,3.725518293685406,28.0,27.054854707753123,True,prefix,SPM_with_SPMe_parameters
1146.0,3.7103,3.725198964536513,28.0,27.056284831413734,True,prefix,SPM_with_SPMe_parameters
1147.0,3.7099339147936936,3.724879842633781,28.0,27.057714577273032,True,prefix,SPM_with_SPMe_parameters
1148.0,3.7094531700771554,3.7245609209714035,28.0,27.05914394581083,True,prefix,SPM_with_SPMe_parameters
1149.0,3.7093,3.7242421926426994,28.0,27.06057293750655,True,prefix,SPM_with_SPMe_parameters
1150.0,3.7090465951023144,3.7239236508408577,28.0,27.062001552839718,True,prefix,SPM_with_SPMe_parameters
1151.0,3.7085833612881585,3.7236052888595754,28.0,27.063429792289753,True,prefix,SPM_with_SPMe_parameters
1152.0,3.7084,3.7232871000936325,28.0,27.064857656336073,True,prefix,SPM_with_SPMe_parameters
1153.0,3.7083034887621604,3.7229690780394615,28.0,27.066285145457982,True,prefix,SPM_with_SPMe_parameters
1154.0,3.7079271049983227,3.7226512162956147,27.9,27.06771226013484,True,prefix,SPM_with_SPMe_parameters
1155.0,3.7075,3.7223335085631817,27.9,27.06913900084578,True,prefix,SPM_with_SPMe_parameters
1156.0,3.7074336799731635,3.7220159486461686,28.0,27.070565368069992,True,prefix,SPM_with_SPMe_parameters
1157.0,3.7071437437101644,3.7216985304518535,28.0,27.071991362286553,True,prefix,SPM_with_SPMe_parameters
1158.0,3.706838409929554,3.7213812479910464,28.0,27.073416983974596,True,prefix,SPM_with_SPMe_parameters
1159.0,3.7064638711841664,3.721064095378295,28.0,27.07484223361297,True,prefix,SPM_with_SPMe_parameters
1160.0,3.7061739349211673,3.7207470668321267,28.0,27.07626711168075,True,prefix,SPM_with_SPMe_parameters
1161.0,3.7058839986581686,3.720430156675139,28.2,27.07769161865673,True,prefix,SPM_with_SPMe_parameters
1162.0,3.7055940623951695,3.720113359334146,28.0,27.079115755019757,True,prefix,SPM_with_SPMe_parameters
1163.0,3.7053041261321704,3.7197966693402065,28.0,27.080539521248625,True,prefix,SPM_with_SPMe_parameters
1164.0,3.7050141898691713,3.7194800813286504,28.0,27.08196291782201,True,prefix,SPM_with_SPMe_parameters
1165.0,3.704724253606172,3.719163590039075,28.0,27.083385945218595,True,prefix,SPM_with_SPMe_parameters
1166.0,3.7044343173431735,3.7188471903152664,28.2,27.08480860391694,True,prefix,SPM_with_SPMe_parameters
1167.0,3.7041443810801744,3.7185308771051453,28.0,27.08623089439567,True,prefix,SPM_with_SPMe_parameters
1168.0,3.7038544448171757,3.718214645460595,28.0,27.087652817133176,True,prefix,SPM_with_SPMe_parameters
1169.0,3.703250519959745,3.7178984905373476,28.0,27.08907437260791,True,prefix,SPM_with_SPMe_parameters
1170.0,3.7028745722911776,3.71758240759476,28.0,27.090495561298326,True,prefix,SPM_with_SPMe_parameters
1171.0,3.7028,3.7172663919956133,28.0,27.091916383682644,True,prefix,SPM_with_SPMe_parameters
1172.0,3.7023893995303587,3.7169504392058554,28.0,27.093336840239147,True,prefix,SPM_with_SPMe_parameters
1173.0,3.7020047635021807,3.716634544794335,28.0,27.094756931446,True,prefix,SPM_with_SPMe_parameters
1174.0,3.7017148272391815,3.71631870443246,28.0,27.096176657781484,True,prefix,SPM_with_SPMe_parameters
1175.0,3.7014248909761824,3.7160029138939015,28.0,27.09759601972354,True,prefix,SPM_with_SPMe_parameters
1176.0,3.7011349547131833,3.7156871690542133,28.0,27.099015017750332,True,prefix,SPM_with_SPMe_parameters
1177.0,3.701,3.715371465890468,28.0,27.100433652339746,True,prefix,SPM_with_SPMe_parameters
1178.0,3.7006618584367663,3.715055800480822,28.0,27.101851923969775,True,prefix,SPM_with_SPMe_parameters
1179.0,3.7001651459241867,3.7147401690041164,28.0,27.103269833118247,True,prefix,SPM_with_SPMe_parameters
1180.0,3.6998752096611875,3.7144245677393974,28.0,27.104687380262874,True,prefix,SPM_with_SPMe_parameters
1181.0,3.6995852733981884,3.714108993065481,28.0,27.10610456588165,True,prefix,SPM_with_SPMe_parameters
1182.0,3.6992953371351893,3.713793441460423,28.0,27.107521390452064,True,prefix,SPM_with_SPMe_parameters
1183.0,3.6990054008721907,3.713477909501025,28.0,27.108937854451824,True,prefix,SPM_with_SPMe_parameters
1184.0,3.6987154646091915,3.713162393862323,28.1,27.110353958358587,True,prefix,SPM_with_SPMe_parameters
1185.0,3.6984255283461924,3.712846891316999,28.2,27.11176970264978,True,prefix,SPM_with_SPMe_parameters
1186.0,3.6982,3.712531398734858,28.0,27.11318508780289,True,prefix,SPM_with_SPMe_parameters
1187.0,3.6980913116403893,3.71221591308224,28.0,27.114600114295342,True,prefix,SPM_with_SPMe_parameters
1188.0,3.697540959409594,3.7119004314214035,28.0,27.116014782604566,True,prefix,SPM_with_SPMe_parameters
1189.0,3.6971657832941967,3.7115849509099332,28.0,27.11742909320776,True,prefix,SPM_with_SPMe_parameters
1190.0,3.6969,3.711269468800124,28.0,27.1188430465823,True,prefix,SPM_with_SPMe_parameters
1191.0,3.6968859107681986,3.7109539824383315,28.0,27.12025664320521,True,prefix,SPM_with_SPMe_parameters
1192.0,3.6965919490103993,3.710638489264333,28.0,27.121669883553693,True,prefix,SPM_with_SPMe_parameters
1193.0,3.6960120764844016,3.7103229868106413,28.0,27.12308276810495,True,prefix,SPM_with_SPMe_parameters
1194.0,3.696,3.710007472701866,28.0,27.12449529733584,True,prefix,SPM_with_SPMe_parameters
1195.0,3.695452331432405,3.7096919446540237,28.0,27.125907471723337,True,prefix,SPM_with_SPMe_parameters
1196.0,3.6948724589064073,3.709376400473814,28.0,27.127319291744527,True,prefix,SPM_with_SPMe_parameters
1197.0,3.6948,3.7090608380579457,28.0,27.1287307578761,True,prefix,SPM_with_SPMe_parameters
1198.0,3.6945563569272055,3.7087452553924227,28.0,27.130141870594855,True,prefix,SPM_with_SPMe_parameters
1199.0,3.694188560885609,3.7084296494007796,28.0,27.131551891129675,True,prefix,SPM_with_SPMe_parameters
1200.0,3.6938764844012075,3.7081140193276143,28.0,27.132961496481016,True,prefix,SPM_with_SPMe_parameters
1201.0,3.6935865481382084,3.7077983640784526,28.0,27.134371101832357,True,prefix,SPM_with_SPMe_parameters
1202.0,3.6932966118752097,3.707482678546425,28.1,27.13577862452911,True,prefix,SPM_with_SPMe_parameters
1203.0,3.6930066756122106,3.707166952705776,28.1,27.137178952225042,True,prefix,SPM_with_SPMe_parameters
1204.0,3.6927167393492115,3.706851196962528,28.0,27.13857927992092,True,prefix,SPM_with_SPMe_parameters
1205.0,3.6922536061724256,3.706535409907662,28.1,27.13997960761685,True,prefix,SPM_with_SPMe_parameters
1206.0,3.692,3.706219590215475,28.1,27.141379935312727,True,prefix,SPM_with_SPMe_parameters
1207.0,3.6918469305602146,3.705903736642774,28.0,27.14278026300866,True,prefix,SPM_with_SPMe_parameters
1208.0,3.6915569942972155,3.705587848028133,28.1,27.144180590704593,True,prefix,SPM_with_SPMe_parameters
1209.0,3.6912227440456222,3.7052719232910816,28.2,27.14558091840047,True,prefix,SPM_with_SPMe_parameters
1210.0,3.6908771217712175,3.704955961431298,28.1,27.146981246096402,True,prefix,SPM_with_SPMe_parameters
1211.0,3.690587185508219,3.7046399615278505,28.1,27.14838157379228,True,prefix,SPM_with_SPMe_parameters
1212.0,3.6902972492452197,3.7043239227383653,28.2,27.14978190148821,True,prefix,SPM_with_SPMe_parameters
1213.0,3.6900073129822206,3.704007844298235,28.2,27.151182229184087,True,prefix,SPM_with_SPMe_parameters
1214.0,3.6897173767192215,3.7036917255198114,28.2,27.152582556880077,True,prefix,SPM_with_SPMe_parameters
1215.0,3.6893548809124455,3.703375565791589,28.2,27.15398288457601,True,prefix,SPM_with_SPMe_parameters
1216.0,3.6888375041932235,3.7030593645774035,28.2,27.155383212271886,True,prefix,SPM_with_SPMe_parameters
1217.0,3.6886,3.7027431214155966,28.2,27.15678353996782,True,prefix,SPM_with_SPMe_parameters
1218.0,3.688557631667226,3.702426835918223,28.2,27.158183867663695,True,prefix,SPM_with_SPMe_parameters
1219.0,3.688192318014089,3.7021105077702003,28.2,27.159584195359628,True,prefix,SPM_with_SPMe_parameters
1220.0,3.6872777591412276,3.701794136728506,28.2,27.160984523055504,True,prefix,SPM_with_SPMe_parameters
1221.0,3.687,3.701477722621354,28.2,27.162384850751437,True,prefix,SPM_with_SPMe_parameters
1222.0,3.6869978866152295,3.7011612653473605,28.2,27.16378517844737,True,prefix,SPM_with_SPMe_parameters
1223.0,3.686707950352231,3.7008447648747316,28.2,27.165185506143246,True,prefix,SPM_with_SPMe_parameters
1224.0,3.686136028178464,3.7005282212404054,28.2,27.16658583383918,True,prefix,SPM_with_SPMe_parameters
1225.0,3.6861,3.7002116345492473,28.2,27.167986161535055,True,prefix,SPM_with_SPMe_parameters
1226.0,3.685576283126468,3.699895004973226,28.2,27.169386489230988,True,prefix,SPM_with_SPMe_parameters
1227.0,3.6855,3.6995783327505607,28.0,27.170786816926864,True,prefix,SPM_with_SPMe_parameters
1228.0,3.6852582690372357,3.6992616181849027,28.2,27.172187144622796,True,prefix,SPM_with_SPMe_parameters
1229.0,3.684891110365649,3.698944858296257,28.0,27.173585531621598,True,prefix,SPM_with_SPMe_parameters
1230.0,3.684356793022476,3.698628048836748,28.1,27.1749792641088,True,prefix,SPM_with_SPMe_parameters
1231.0,3.6842,3.698311197958597,28.2,27.176372779602787,True,prefix,SPM_with_SPMe_parameters
1232.0,3.68379704797048,3.697994306218963,28.2,27.177766078103673,True,prefix,SPM_with_SPMe_parameters
1233.0,3.6836,3.6976773742362607,28.2,27.1791591596114,True,prefix,SPM_with_SPMe_parameters
1234.0,3.6832373029184837,3.6973604026893656,28.2,27.180552024125973,True,prefix,SPM_with_SPMe_parameters
1235.0,3.682828715196243,3.6970433923167483,28.2,27.181944671647386,True,prefix,SPM_with_SPMe_parameters
1236.0,3.6825387789332438,3.6967263439156635,28.2,27.1833371021757,True,prefix,SPM_with_SPMe_parameters
1237.0,3.682248842670245,3.6964092583413204,28.2,27.184729315710797,True,prefix,SPM_with_SPMe_parameters
1238.0,3.6819118752096616,3.696092136506043,28.2,27.186121312252794,True,prefix,SPM_with_SPMe_parameters
1239.0,3.681568970144247,3.695774979378469,28.2,27.187513091801577,True,prefix,SPM_with_SPMe_parameters
1240.0,3.681279033881248,3.6954577879826926,28.2,27.188904654357316,True,prefix,SPM_with_SPMe_parameters
1241.0,3.680989097618249,3.695140563397458,28.2,27.19029599991984,True,prefix,SPM_with_SPMe_parameters
1242.0,3.6806991613552498,3.6948233067553335,28.2,27.191687128489264,True,prefix,SPM_with_SPMe_parameters
1243.0,3.6804092250922507,3.6945060192418904,28.2,27.193078040065586,True,prefix,SPM_with_SPMe_parameters
1244.0,3.680119288829252,3.694188702094889,28.2,27.194468734648694,True,prefix,SPM_with_SPMe_parameters
1245.0,3.679758705132506,3.6938713566034327,28.2,27.195859212238588,True,prefix,SPM_with_SPMe_parameters
1246.0,3.679239416303254,3.693553984107193,28.2,27.19724947283538,True,prefix,SPM_with_SPMe_parameters
1247.0,3.6789326400536733,3.6932365859955416,28.2,27.198639516439073,True,prefix,SPM_with_SPMe_parameters
1248.0,3.678559543777256,3.6929191637067933,28.2,27.200029343049664,True,prefix,SPM_with_SPMe_parameters
1249.0,3.678269607514257,3.6926017187273517,28.2,27.201418952666984,True,prefix,SPM_with_SPMe_parameters
1250.0,3.677979671251258,3.6922842525909054,28.2,27.202808345291203,True,prefix,SPM_with_SPMe_parameters
1251.0,3.677689734988259,3.691966766877651,28.2,27.204197520922264,True,prefix,SPM_with_SPMe_parameters
1252.0,3.67739979872526,3.6916492632134315,28.2,27.205586479560225,True,prefix,SPM_with_SPMe_parameters
1253.0,3.677109862462261,3.6913317432689814,28.2,27.206975221205028,True,prefix,SPM_with_SPMe_parameters
1254.0,3.6768199261992622,3.69101420875911,28.2,27.208363745856673,True,prefix,SPM_with_SPMe_parameters
1255.0,3.676529989936263,3.690696661441878,28.2,27.20975205351516,True,prefix,SPM_with_SPMe_parameters
1256.0,3.676240053673264,3.690379103117844,28.2,27.21114014418049,True,prefix,SPM_with_SPMe_parameters
1257.0,3.675950117410265,3.690061535629226,28.2,27.21252801785272,True,prefix,SPM_with_SPMe_parameters
1258.0,3.675580241529688,3.6897439608591367,28.2,27.213915674531734,True,prefix,SPM_with_SPMe_parameters
1259.0,3.675270244884267,3.689426380730778,28.2,27.215303114217647,True,prefix,SPM_with_SPMe_parameters
1260.0,3.6749803086212682,3.6891087972066674,28.2,27.21669033691046,True,prefix,SPM_with_SPMe_parameters
1261.0,3.674690372358269,3.6887912122878337,28.2,27.218077342610115,True,prefix,SPM_with_SPMe_parameters
1262.0,3.67440043609527,3.6884736280130457,28.2,27.2194641313165,True,prefix,SPM_with_SPMe_parameters
1263.0,3.674110499832271,3.688156046458047,28.2,27.22085070302984,True,prefix,SPM_with_SPMe_parameters
1264.0,3.6738205635692722,3.6878384697347437,28.2,27.22223705775002,True,prefix,SPM_with_SPMe_parameters
1265.0,3.673530627306273,3.687520899990457,28.2,27.223623195477046,True,prefix,SPM_with_SPMe_parameters
1266.0,3.673240691043274,3.68720333940714,28.2,27.225009116210913,True,prefix,SPM_with_SPMe_parameters
1267.0,3.672950754780275,3.6868857902006185,28.2,27.22639481995168,True,prefix,SPM_with_SPMe_parameters
1268.0,3.6726144246897015,3.6865682546198117,28.2,27.227780306699287,True,prefix,SPM_with_SPMe_parameters
1269.0,3.672270882254277,3.6862507349459834,28.2,27.229165576453738,True,prefix,SPM_with_SPMe_parameters
1270.0,3.671742837973834,3.6859332334919763,28.2,27.23055062921503,True,prefix,SPM_with_SPMe_parameters
1271.0,3.6712,3.6856157526014477,28.2,27.231935464983167,True,prefix,SPM_with_SPMe_parameters
1272.0,3.67110107346528,3.6852982946481188,28.2,27.233320083758144,True,prefix,SPM_with_SPMe_parameters
1273.0,3.670811137202281,3.6849808620350513,28.2,27.23470448554002,True,prefix,SPM_with_SPMe_parameters
1274.0,3.670521200939282,3.684663457193852,28.2,27.23608867032874,True,prefix,SPM_with_SPMe_parameters
1275.0,3.6701625293525666,3.6843460825839616,28.2,27.237472638124302,True,prefix,SPM_with_SPMe_parameters
1276.0,3.6697,3.684028740691911,28.2,27.238856388926706,True,prefix,SPM_with_SPMe_parameters
1277.0,3.6695865816839985,3.68371143403058,28.2,27.240239922735952,True,prefix,SPM_with_SPMe_parameters
1278.0,3.668961455887286,3.6833941651384574,28.2,27.241623239552098,True,prefix,SPM_with_SPMe_parameters
1279.0,3.668671519624287,3.683076936578909,28.2,27.243006339375086,True,prefix,SPM_with_SPMe_parameters
1280.0,3.6683815833612883,3.6827597509394896,28.2,27.244389222204916,True,prefix,SPM_with_SPMe_parameters
1281.0,3.668091647098289,3.682442610831146,28.2,27.24577188804159,True,prefix,SPM_with_SPMe_parameters
1282.0,3.6678017108352905,3.6821255188875694,28.2,27.24715433688516,True,prefix,SPM_with_SPMe_parameters
1283.0,3.6675117745722914,3.681808477764444,28.2,27.248536568735574,True,prefix,SPM_with_SPMe_parameters
1284.0,3.667221838309292,3.681491490138723,28.2,27.249918583592773,True,prefix,SPM_with_SPMe_parameters
1285.0,3.666931902046293,3.6811745587079674,28.2,27.251300381456872,True,prefix,SPM_with_SPMe_parameters
1286.0,3.666641965783294,3.6808576861895834,28.2,27.252681962327813,True,prefix,SPM_with_SPMe_parameters
1287.0,3.6662693726937268,3.6805408753201636,28.2,27.254063326205596,True,prefix,SPM_with_SPMe_parameters
1288.0,3.6659620932572965,3.6802241284704986,28.2,27.255444285169915,True,prefix,SPM_with_SPMe_parameters
1289.0,3.6656721569942974,3.679907445772491,28.2,27.256823547701856,True,prefix,SPM_with_SPMe_parameters
1290.0,3.665382220731298,3.6795908329285565,28.2,27.258202538044316,True,prefix,SPM_with_SPMe_parameters
1291.0,3.665092284468299,3.679274292745056,28.2,27.259581256197123,True,prefix,SPM_with_SPMe_parameters
1292.0,3.6648023482053,3.6789578280440565,28.2,27.26095970216045,True,prefix,SPM_with_SPMe_parameters
1293.0,3.6645124119423014,3.6786414416626863,28.2,27.262337875934236,True,prefix,SPM_with_SPMe_parameters
1294.0,3.6638674270379066,3.6783251364524387,28.2,27.263715777518485,True,prefix,SPM_with_SPMe_parameters
1295.0,3.6635,3.678008915278538,28.2,27.265093406913195,True,prefix,SPM_with_SPMe_parameters
1296.0,3.663290137537739,3.6776927810192266,28.2,27.266470764118253,True,prefix,SPM_with_SPMe_parameters
1297.0,3.662805333780611,3.6773767365651397,28.2,27.26784784913383,True,prefix,SPM_with_SPMe_parameters
1298.0,3.662362730627306,3.677060784818641,28.2,27.269224661959925,True,prefix,SPM_with_SPMe_parameters
1299.0,3.6620727943643074,3.676744928693172,28.2,27.270601202596367,True,prefix,SPM_with_SPMe_parameters
1300.0,3.6617828581013083,3.6764291711126,28.2,27.27197747104333,True,prefix,SPM_with_SPMe_parameters
1301.0,3.661492921838309,3.6761135150105746,28.2,27.273353467300694,True,prefix,SPM_with_SPMe_parameters
1302.0,3.6612029855753105,3.675797963329904,28.2,27.27472919136858,True,prefix,SPM_with_SPMe_parameters
1303.0,3.6609130493123114,3.6754825190219025,28.3,27.276104643246867,True,prefix,SPM_with_SPMe_parameters
1304.0,3.6606231130493123,3.6751671850457788,28.3,27.277479822935618,True,prefix,SPM_with_SPMe_parameters
1305.0,3.660310902381751,3.6748519643679987,28.2,27.27885473043483,True,prefix,SPM_with_SPMe_parameters
1306.0,3.6599432405233143,3.6745368599616555,28.2,27.280229365744503,True,prefix,SPM_with_SPMe_parameters
1307.0,3.659653304260315,3.674221874805903,28.2,27.28160372886464,True,prefix,SPM_with_SPMe_parameters
1308.0,3.6593633679973165,3.67390701188528,28.2,27.282977819795178,True,prefix,SPM_with_SPMe_parameters
1309.0,3.6590734317343174,3.673592274189157,28.2,27.28435163853618,True,prefix,SPM_with_SPMe_parameters
1310.0,3.6587834954713183,3.673277664711111,28.2,27.285725185087642,True,prefix,SPM_with_SPMe_parameters
1311.0,3.6584935592083196,3.6729631864483254,28.2,27.287098459449567,True,prefix,SPM_with_SPMe_parameters
1312.0,3.65820362294532,3.6726488424010304,28.2,27.288471461621953,True,prefix,SPM_with_SPMe_parameters
1313.0,3.6579136866823214,3.6723346355718665,28.2,27.289844191604743,True,prefix,SPM_with_SPMe_parameters
1314.0,3.6576237504193223,3.6720205689653618,28.2,27.291216649398052,True,prefix,SPM_with_SPMe_parameters
1315.0,3.6569788996980876,3.671706645587305,28.2,27.292588835001823,True,prefix,SPM_with_SPMe_parameters
1316.0,3.6566438778933246,3.671392868444215,28.2,27.29396074841594,True,prefix,SPM_with_SPMe_parameters
1317.0,3.6563539416303255,3.6710792405427437,28.2,27.295332389640578,True,prefix,SPM_with_SPMe_parameters
1318.0,3.655828010734653,3.6707657648891483,28.2,27.296703758675676,True,prefix,SPM_with_SPMe_parameters
1319.0,3.6554740691043275,3.6704524444886957,28.2,27.29807485552118,True,prefix,SPM_with_SPMe_parameters
1320.0,3.6551841328413284,3.670139282345147,28.2,27.2994456801772,True,prefix,SPM_with_SPMe_parameters
1321.0,3.6548941965783293,3.669826281460199,28.2,27.300816232643683,True,prefix,SPM_with_SPMe_parameters
1322.0,3.6546042603153306,3.669513444832956,28.3,27.30218651292057,True,prefix,SPM_with_SPMe_parameters
1323.0,3.6543143240523315,3.669200775459369,28.4,27.303556521007863,True,prefix,SPM_with_SPMe_parameters
1324.0,3.6539658503857764,3.6688882763317414,28.3,27.304926256905674,True,prefix,SPM_with_SPMe_parameters
1325.0,3.6536344515263335,3.6685759504381843,28.3,27.306295720613946,True,prefix,SPM_with_SPMe_parameters
1326.0,3.6533445152633344,3.668263800762095,28.3,27.30766491213268,True,prefix,SPM_with_SPMe_parameters
1327.0,3.6530545790003353,3.6679518302816607,28.3,27.309033831461818,True,prefix,SPM_with_SPMe_parameters
1328.0,3.652629285474673,3.6676400419693564,28.3,27.310402478601418,True,prefix,SPM_with_SPMe_parameters
1329.0,3.6521747064743373,3.6673284387914147,28.2,27.31177085355148,True,prefix,SPM_with_SPMe_parameters
1330.0,3.6518847702113386,3.6670170237073565,28.2,27.313138956312002,True,prefix,SPM_with_SPMe_parameters
1331.0,3.6515948339483395,3.6667057996694887,28.2,27.314506786882987,True,prefix,SPM_with_SPMe_parameters
1332.0,3.651304897685341,3.66639476962243,28.2,27.315874345264376,True,prefix,SPM_with_SPMe_parameters
1333.0,3.6509866152297885,3.6660839365026234,28.2,27.317241631456284,True,prefix,SPM_with_SPMe_parameters
1334.0,3.6506250251593424,3.6657733032378537,28.2,27.318608645458596,True,prefix,SPM_with_SPMe_parameters
1335.0,3.6503350888963433,3.6654628727468146,28.1,27.31997538727137,True,prefix,SPM_with_SPMe_parameters
1336.0,3.6500451526333446,3.6651526479386085,28.2,27.321341856894605,True,prefix,SPM_with_SPMe_parameters
1337.0,3.6497552163703455,3.6648426317123164,28.1,27.322708054328245,True,prefix,SPM_with_SPMe_parameters
1338.0,3.649465280107347,3.664532826956526,28.1,27.32407397957246,True,prefix,SPM_with_SPMe_parameters
1339.0,3.649150687688695,3.66422323654891,28.1,27.325439632626967,True,prefix,SPM_with_SPMe_parameters
1340.0,3.6485854075813484,3.663913863355784,28.2,27.326805013492105,True,prefix,SPM_with_SPMe_parameters
1341.0,3.648289433076149,3.663604710231646,28.1,27.32817012216759,True,prefix,SPM_with_SPMe_parameters
1342.0,3.6476129151291516,3.663295780018793,28.1,27.32953495865354,True,prefix,SPM_with_SPMe_parameters
1343.0,3.6473155987923516,3.662987075546878,28.2,27.330899522949835,True,prefix,SPM_with_SPMe_parameters
1344.0,3.6470256625293525,3.6626785996324798,28.2,27.332263815056763,True,prefix,SPM_with_SPMe_parameters
1345.0,3.6467357262663533,3.6623703550787203,28.1,27.333627834974095,True,prefix,SPM_with_SPMe_parameters
1346.0,3.6464457900033547,3.6620623446748555,28.2,27.334991582701832,True,prefix,SPM_with_SPMe_parameters
1347.0,3.6461558537403556,3.6617545711958708,28.1,27.33635505824003,True,prefix,SPM_with_SPMe_parameters
1348.0,3.6458659174773564,3.6614470371289154,28.1,27.337718782483762,True,prefix,SPM_with_SPMe_parameters
1349.0,3.6455759812143578,3.6611397454694288,28.1,27.339082282682455,True,prefix,SPM_with_SPMe_parameters
1350.0,3.6452860449513587,3.6608326989681936,28.1,27.340445519305206,True,prefix,SPM_with_SPMe_parameters
1351.0,3.6449961086883595,3.660525900339373,28.2,27.34180849235196,True,prefix,SPM_with_SPMe_parameters
1352.0,3.644641563233814,3.660219352280972,28.2,27.343171201822884,True,prefix,SPM_with_SPMe_parameters
1353.0,3.6443162361623616,3.6599130574744803,28.1,27.34453364771781,True,prefix,SPM_with_SPMe_parameters
1354.0,3.6440262998993624,3.6596070185845058,28.1,27.34589583003691,True,prefix,SPM_with_SPMe_parameters
1355.0,3.6437363636363638,3.6593012382584287,28.1,27.34725774878001,True,prefix,SPM_with_SPMe_parameters
1356.0,3.6434464273733647,3.658995719126057,28.1,27.348619403947225,True,prefix,SPM_with_SPMe_parameters
1357.0,3.643012982220731,3.6586904637993074,28.1,27.349980795538443,True,prefix,SPM_with_SPMe_parameters
1358.0,3.6425665548473667,3.6583854748718525,28.1,27.351341923553775,True,prefix,SPM_with_SPMe_parameters
1359.0,3.6422766185843676,3.658080754918794,28.2,27.352702787993223,True,prefix,SPM_with_SPMe_parameters
1360.0,3.641986682321369,3.6577763064963786,28.2,27.35406338885673,True,prefix,SPM_with_SPMe_parameters
1361.0,3.641662328077826,3.65747213214163,28.1,27.355423726144238,True,prefix,SPM_with_SPMe_parameters
1362.0,3.6413068097953705,3.6571682343720973,28.1,27.35678379985586,True,prefix,SPM_with_SPMe_parameters
1363.0,3.6410168735323714,3.6568646156855213,28.2,27.3581436099916,True,prefix,SPM_with_SPMe_parameters
1364.0,3.6407269372693727,3.656561278559548,28.3,27.359503156551398,True,prefix,SPM_with_SPMe_parameters
1365.0,3.6403740020127473,3.6562582254514493,28.1,27.360862439535197,True,prefix,SPM_with_SPMe_parameters
1366.0,3.6398470647433747,3.6559554587978225,28.1,27.362221458943168,True,prefix,SPM_with_SPMe_parameters
1367.0,3.6395142569607515,3.6556529810143266,28.1,27.36358021477514,True,prefix,SPM_with_SPMe_parameters
1368.0,3.6389671922173763,3.655350794495416,28.3,27.36493870703123,True,prefix,SPM_with_SPMe_parameters
1369.0,3.638669674605837,3.655048901614064,28.3,27.366296935711375,True,prefix,SPM_with_SPMe_parameters
1370.0,3.6382873196913788,3.6547473047215204,28.3,27.367654900815637,True,prefix,SPM_with_SPMe_parameters
1371.0,3.6379973834283796,3.654446006147031,28.1,27.369012602343957,True,prefix,SPM_with_SPMe_parameters
1372.0,3.637707447165381,3.654145008197625,28.3,27.37037004029628,True,prefix,SPM_with_SPMe_parameters
1373.0,3.637417510902382,3.653844313157862,28.3,27.371727214672774,True,prefix,SPM_with_SPMe_parameters
1374.0,3.6371275746393827,3.6535439232895817,28.3,27.37308412547327,True,prefix,SPM_with_SPMe_parameters
1375.0,3.6368376383763836,3.6532438408316943,28.3,27.37444077269788,True,prefix,SPM_with_SPMe_parameters
1376.0,3.6365477021133845,3.652944067999963,28.3,27.37579715634655,True,prefix,SPM_with_SPMe_parameters
1377.0,3.6360155317007714,3.6526446069867644,28.3,27.37715327641928,True,prefix,SPM_with_SPMe_parameters
1378.0,3.635667829587387,3.6523454599608947,28.1,27.378509132916065,True,prefix,SPM_with_SPMe_parameters
1379.0,3.6353038577658507,3.6520466290673648,28.1,27.379864725837024,True,prefix,SPM_with_SPMe_parameters
1380.0,3.634987957061389,3.6517481164272008,28.2,27.381220055181927,True,prefix,SPM_with_SPMe_parameters
1381.0,3.63469802079839,3.651449924137233,28.3,27.382575120950946,True,prefix,SPM_with_SPMe_parameters
1382.0,3.6344080845353908,3.6511520542699336,28.2,27.38392992314408,True,prefix,SPM_with_SPMe_parameters
1383.0,3.6341181482723917,3.650854508873234,28.2,27.385284461761273,True,prefix,SPM_with_SPMe_parameters
1384.0,3.633828212009393,3.6505572899703185,28.3,27.38663873680258,True,prefix,SPM_with_SPMe_parameters
1385.0,3.633538275746394,3.6502603995594987,28.3,27.387992748267834,True,prefix,SPM_with_SPMe_parameters
1386.0,3.6332483394833948,3.6499638396140104,28.3,27.389346496157316,True,prefix,SPM_with_SPMe_parameters
1387.0,3.632958403220396,3.6496676120818803,28.3,27.3906999804708,True,prefix,SPM_with_SPMe_parameters
1388.0,3.632668466957397,3.6493717188857566,28.3,27.39205320120834,True,prefix,SPM_with_SPMe_parameters
1389.0,3.6322165716202615,3.6490761619227796,28.3,27.39340615836994,True,prefix,SPM_with_SPMe_parameters
1390.0,3.631577188862798,3.648780943064417,28.3,27.394758851955658,True,prefix,SPM_with_SPMe_parameters
1391.0,3.6310986581684,3.648486064156342,28.3,27.39611128196543,True,prefix,SPM_with_SPMe_parameters
1392.0,3.630808721905401,3.6481915270183127,28.2,27.39746344839932,True,prefix,SPM_with_SPMe_parameters
1393.0,3.6305187856424017,3.647897333444025,28.2,27.398815351257213,True,prefix,SPM_with_SPMe_parameters
1394.0,3.630228849379403,3.6476034852009986,28.3,27.40016699053922,True,prefix,SPM_with_SPMe_parameters
1395.0,3.629938913116404,3.6473099840304775,28.3,27.401518366245284,True,prefix,SPM_with_SPMe_parameters
1396.0,3.629648976853405,3.647016831647304,28.3,27.402869478375408,True,prefix,SPM_with_SPMe_parameters
1397.0,3.6293453874538746,3.646724029739822,28.3,27.404220326929646,True,prefix,SPM_with_SPMe_parameters
1398.0,3.6289382086548136,3.646431579969783,28.1,27.405570911907944,True,prefix,SPM_with_SPMe_parameters
1399.0,3.628379168064408,3.6461394839722376,28.1,27.406921233310356,True,prefix,SPM_with_SPMe_parameters
1400.0,3.6281,3.6458477433554726,28.3,27.40827129113677,True,prefix,SPM_with_SPMe_parameters
1401.0,3.6280985910768195,3.645556359700903,28.3,27.409621085387244,True,prefix,SPM_with_SPMe_parameters
1402.0,3.6275187185508218,3.6452653345630077,28.3,27.41097061606189,True,prefix,SPM_with_SPMe_parameters
1403.0,3.627219423012412,3.6449746694692653,28.3,27.412319883160535,True,prefix,SPM_with_SPMe_parameters
1404.0,3.626929486749413,3.644684365920059,28.3,27.413668886683297,True,prefix,SPM_with_SPMe_parameters
1405.0,3.6266395504864137,3.6443944253886476,28.3,27.41501762663006,True,prefix,SPM_with_SPMe_parameters
1406.0,3.626349614223415,3.6441048493210895,28.3,27.41636610300094,True,prefix,SPM_with_SPMe_parameters
1407.0,3.625979570613888,3.643815639136186,28.3,27.41771431579599,True,prefix,SPM_with_SPMe_parameters
1408.0,3.625669741697417,3.6435267962254487,28.3,27.419062265014986,True,prefix,SPM_with_SPMe_parameters
1409.0,3.625379805434418,3.643238321953055,28.2,27.42040995065804,True,prefix,SPM_with_SPMe_parameters
1410.0,3.625089869171419,3.642950217655788,28.2,27.421757372725267,True,prefix,SPM_with_SPMe_parameters
1411.0,3.62439979872526,3.642662484643034,28.3,27.423104531216552,True,prefix,SPM_with_SPMe_parameters
1412.0,3.623909996645421,3.642375124196736,28.3,27.42445142613184,True,prefix,SPM_with_SPMe_parameters
1413.0,3.623620060382422,3.642088137571376,28.3,27.42579805747124,True,prefix,SPM_with_SPMe_parameters
1414.0,3.623330124119423,3.641801525993958,28.3,27.427144425234758,True,prefix,SPM_with_SPMe_parameters
1415.0,3.622986917141899,3.6415152906639685,28.3,27.428490529422334,True,prefix,SPM_with_SPMe_parameters
1416.0,3.622650251593425,3.6412294327534234,28.3,27.42983637003391,True,prefix,SPM_with_SPMe_parameters
1417.0,3.622360315330426,3.6409439534067918,28.3,27.431181947069604,True,prefix,SPM_with_SPMe_parameters
1418.0,3.622070379067427,3.6406588537410514,28.3,27.43252726052941,True,prefix,SPM_with_SPMe_parameters
1419.0,3.6216608856088564,3.6403741348456613,28.3,27.43387231041322,True,prefix,SPM_with_SPMe_parameters
1420.0,3.6213,3.6400897977825757,28.3,27.435217096721146,True,prefix,SPM_with_SPMe_parameters
1421.0,3.6212005702784302,3.6398058435862715,28.3,27.43656161945313,True,prefix,SPM_with_SPMe_parameters
1422.0,3.620910634015431,3.639522273263719,28.3,27.43790587860923,True,prefix,SPM_with_SPMe_parameters
1423.0,3.620541395504864,3.6392390877944636,28.3,27.439249874189386,True,prefix,SPM_with_SPMe_parameters
1424.0,3.6200076819859106,3.638956288130605,28.3,27.440593606193545,True,prefix,SPM_with_SPMe_parameters
1425.0,3.619640825226434,3.6386738751968384,28.3,27.441937074621876,True,prefix,SPM_with_SPMe_parameters
1426.0,3.619350888963435,3.6383918498904997,28.1,27.44328027947421,True,prefix,SPM_with_SPMe_parameters
1427.0,3.619060952700436,3.638110213081572,28.3,27.444623220750657,True,prefix,SPM_with_SPMe_parameters
1428.0,3.618771016437437,3.637828965612741,28.3,27.445965898451163,True,prefix,SPM_with_SPMe_parameters
1429.0,3.6184810801744383,3.6375481082994696,28.3,27.447308312575785,True,prefix,SPM_with_SPMe_parameters
1430.0,3.618191143911439,3.637267641929971,28.3,27.448650463124466,True,prefix,SPM_with_SPMe_parameters
1431.0,3.61790120764844,3.6369875672653347,28.3,27.449992350097148,True,prefix,SPM_with_SPMe_parameters
1432.0,3.617322542770882,3.636707885039548,28.3,27.451333973494002,True,prefix,SPM_with_SPMe_parameters
1433.0,3.6173,3.6364285959595435,28.3,27.452675333314858,True,prefix,SPM_with_SPMe_parameters
1434.0,3.617031398859443,3.63614970070528,28.3,27.45401642955983,True,prefix,SPM_with_SPMe_parameters
1435.0,3.616138208654814,3.6358711999297966,28.3,27.45535726222886,True,prefix,SPM_with_SPMe_parameters
1436.0,3.615751526333445,3.6355930942593093,28.3,27.456697831322003,True,prefix,SPM_with_SPMe_parameters
1437.0,3.615461590070446,3.635315384293217,28.3,27.458038136839093,True,prefix,SPM_with_SPMe_parameters
1438.0,3.615171653807447,3.6350380706042658,28.3,27.459378178780412,True,prefix,SPM_with_SPMe_parameters
1439.0,3.614881717544448,3.6347611537385407,28.3,27.460717957145732,True,prefix,SPM_with_SPMe_parameters
1440.0,3.614591781281449,3.6344846342156183,28.3,27.46205747193511,True,prefix,SPM_with_SPMe_parameters
1441.0,3.61430184501845,3.6342085125285952,28.3,27.463396723148605,True,prefix,SPM_with_SPMe_parameters
1442.0,3.6140119087554514,3.633932789144227,28.4,27.464735710786158,True,prefix,SPM_with_SPMe_parameters
1443.0,3.6134846024823886,3.6336574645029667,28.4,27.46607443484777,True,prefix,SPM_with_SPMe_parameters
1444.0,3.6130320362294532,3.6333825390191037,28.3,27.46741289533344,True,prefix,SPM_with_SPMe_parameters
1445.0,3.612742099966454,3.6331080130808417,28.3,27.468751092243224,True,prefix,SPM_with_SPMe_parameters
1446.0,3.612452163703455,3.6328338870503805,28.3,27.470089025577067,True,prefix,SPM_with_SPMe_parameters
1447.0,3.6121622274404563,3.6325601612640477,28.3,27.47142669533497,True,prefix,SPM_with_SPMe_parameters
1448.0,3.6118722911774572,3.6322868360324,28.3,27.472764101516987,True,prefix,SPM_with_SPMe_parameters
1449.0,3.611582354914458,3.6320139116403065,28.3,27.474101244123062,True,prefix,SPM_with_SPMe_parameters
1450.0,3.6112924186514594,3.631741388347079,28.3,27.475438123153253,True,prefix,SPM_with_SPMe_parameters
1451.0,3.6110024823884603,3.631469266386584,28.2,27.47677473860739,True,prefix,SPM_with_SPMe_parameters
1452.0,3.6105959409594095,3.6311975459673587,28.2,27.478111090485697,True,prefix,SPM_with_SPMe_parameters
1453.0,3.610022609862462,3.630926227272712,28.2,27.47944717878812,True,prefix,SPM_with_SPMe_parameters
1454.0,3.609732673599463,3.6306553104608588,28.1,27.480783003514546,True,prefix,SPM_with_SPMe_parameters
1455.0,3.6094427373364644,3.63038479566505,28.3,27.482118564664972,True,prefix,SPM_with_SPMe_parameters
1456.0,3.6091528010734653,3.630114682993669,28.3,27.48345386223957,True,prefix,SPM_with_SPMe_parameters
1457.0,3.6088257296209325,3.6298449725304067,28.3,27.484788896238285,True,prefix,SPM_with_SPMe_parameters
1458.0,3.6082729285474673,3.629575664334328,28.3,27.486123666661,True,prefix,SPM_with_SPMe_parameters
1459.0,3.607982992284468,3.6293067584400465,28.3,27.487458173507775,True,prefix,SPM_with_SPMe_parameters
1460.0,3.6076907413619588,3.6290382548578544,28.3,27.488792416778722,True,prefix,SPM_with_SPMe_parameters
1461.0,3.6073041596779603,3.628770153573833,28.3,27.490126396473613,True,prefix,SPM_with_SPMe_parameters
1462.0,3.6070131834954715,3.6285024545500217,28.3,27.49146011259262,True,prefix,SPM_with_SPMe_parameters
1463.0,3.6067232472324724,3.628235157724528,28.3,27.49279356513574,True,prefix,SPM_with_SPMe_parameters
1464.0,3.6064333109694733,3.6279682630116836,28.3,27.494126754102922,True,prefix,SPM_with_SPMe_parameters
1465.0,3.6058867494129485,3.6277017703021883,28.3,27.495459679494218,True,prefix,SPM_with_SPMe_parameters
1466.0,3.6055534384434753,3.627435679463237,28.3,27.496792341309515,True,prefix,SPM_with_SPMe_parameters
1467.0,3.6055,3.6271699903386896,28.3,27.49812473954887,True,prefix,SPM_with_SPMe_parameters
1468.0,3.605047131834955,3.626904702749202,28.5,27.4994568742124,True,prefix,SPM_with_SPMe_parameters
1469.0,3.6046836296544784,3.6266398164923785,28.4,27.50078874529993,True,prefix,SPM_with_SPMe_parameters
1470.0,3.6043249245219724,3.626375331342925,28.3,27.502120352811517,True,prefix,SPM_with_SPMe_parameters
1471.0,3.6040037571284804,3.6261112470527883,28.3,27.503451696747277,True,prefix,SPM_with_SPMe_parameters
1472.0,3.6037138208654813,3.625847563351322,28.3,27.504782777106982,True,prefix,SPM_with_SPMe_parameters
1473.0,3.6034238846024826,3.6255842799454556,28.3,27.506113593890802,True,prefix,SPM_with_SPMe_parameters
1474.0,3.6031339483394835,3.6253213965198006,28.3,27.507444147098738,True,prefix,SPM_with_SPMe_parameters
1475.0,3.6026880241529686,3.6250589127368706,28.3,27.508774436730732,True,prefix,SPM_with_SPMe_parameters
1476.0,3.6024,3.6247968282371867,28.3,27.510104462786842,True,prefix,SPM_with_SPMe_parameters
1477.0,3.6021282791009726,3.624535145212342,28.3,27.51143593404896,True,prefix,SPM_with_SPMe_parameters
1478.0,3.6016742032874873,3.6242738620577666,28.3,27.512768049736394,True,prefix,SPM_with_SPMe_parameters
1479.0,3.6013456893659845,3.624012977042689,28.3,27.514099941619577,True,prefix,SPM_with_SPMe_parameters
1480.0,3.6009943307614893,3.623752489721456,28.3,27.515431609698453,True,prefix,SPM_with_SPMe_parameters
1481.0,3.600608788996981,3.6234923996272537,28.3,27.51676305397308,True,prefix,SPM_with_SPMe_parameters
1482.0,3.6001144582354914,3.6232327062722782,28.4,27.518094274443513,True,prefix,SPM_with_SPMe_parameters
1483.0,3.5998245219724923,3.622973409147857,28.4,27.519425271109583,True,prefix,SPM_with_SPMe_parameters
1484.0,3.5995345857094936,3.622714507724675,28.3,27.520756043971517,True,prefix,SPM_with_SPMe_parameters
1485.0,3.5992446494464945,3.6224560014529,28.3,27.522086593029144,True,prefix,SPM_with_SPMe_parameters
1486.0,3.598954713183496,3.6221978897623597,28.3,27.523416918282464,True,prefix,SPM_with_SPMe_parameters
1487.0,3.5986647769204962,3.621940172062711,28.3,27.524747019731535,True,prefix,SPM_with_SPMe_parameters
1488.0,3.598341294867494,3.6216828477436143,28.3,27.526076897376356,True,prefix,SPM_with_SPMe_parameters
1489.0,3.5976849043944985,3.6214259161748945,28.3,27.527406551216984,True,prefix,SPM_with_SPMe_parameters
1490.0,3.5973949681314994,3.621169376706708,28.3,27.528735981253305,True,prefix,SPM_with_SPMe_parameters
1491.0,3.5971050318685007,3.6209132286697145,28.3,27.530065187485377,True,prefix,SPM_with_SPMe_parameters
1492.0,3.5968150956055016,3.6206574713752597,28.3,27.531394169913142,True,prefix,SPM_with_SPMe_parameters
1493.0,3.5965251593425025,3.620402104115524,28.3,27.53272292853677,True,prefix,SPM_with_SPMe_parameters
1494.0,3.5962352230795034,3.6201471261637073,28.1,27.534051463356036,True,prefix,SPM_with_SPMe_parameters
1495.0,3.5959452868165043,3.619892536774207,28.3,27.53537977437111,True,prefix,SPM_with_SPMe_parameters
1496.0,3.5956553505535056,3.619638335182768,28.3,27.53670786158193,True,prefix,SPM_with_SPMe_parameters
1497.0,3.5953654142905065,3.6193845206066757,28.3,27.538035724988447,True,prefix,SPM_with_SPMe_parameters
1498.0,3.5950006373700103,3.6191310922449076,28.3,27.539363364590713,True,prefix,SPM_with_SPMe_parameters
1499.0,3.5946855417645085,3.6188780492783392,28.3,27.540690780388672,True,prefix,SPM_with_SPMe_parameters
1500.0,3.5943956055015094,3.618625390869857,28.3,27.54201797238244,True,prefix,SPM_with_SPMe_parameters
1501.0,3.5939113384770214,3.618373116164599,28.3,27.543344940571956,True,prefix,SPM_with_SPMe_parameters
1502.0,3.5935157329755114,3.618121224290085,28.3,27.544671684957166,True,prefix,SPM_with_SPMe_parameters
1503.0,3.5932257967125127,3.6178697143563925,28.3,27.545998205538183,True,prefix,SPM_with_SPMe_parameters
1504.0,3.5929358604495136,3.617618585456334,28.3,27.547324502314893,True,prefix,SPM_with_SPMe_parameters
1505.0,3.592440489768534,3.6173678366656397,28.3,27.54865057528741,True,prefix,SPM_with_SPMe_parameters
1506.0,3.5919559879235154,3.6171174670431165,28.3,27.549976424455622,True,prefix,SPM_with_SPMe_parameters
1507.0,3.591666051660517,3.616867475630817,28.3,27.551302049819526,True,prefix,SPM_with_SPMe_parameters
1508.0,3.5913761153975177,3.616617861454217,28.3,27.552627451379237,True,prefix,SPM_with_SPMe_parameters
1509.0,3.5910861791345186,3.616368623522388,28.3,27.553952629134642,True,prefix,SPM_with_SPMe_parameters
1510.0,3.5907962428715194,3.61611976082817,28.3,27.555277583085854,True,prefix,SPM_with_SPMe_parameters
1511.0,3.5905063066085208,3.615871272348335,28.3,27.556602313232816,True,prefix,SPM_with_SPMe_parameters
1512.0,3.5901327406910433,3.615623157043754,28.3,27.55792681957547,True,prefix,SPM_with_SPMe_parameters
1513.0,3.5897,3.615375413859581,28.3,27.559251102113876,True,prefix,SPM_with_SPMe_parameters
1514.0,3.5895518282455554,3.615128041725418,28.3,27.560575160848032,True,prefix,SPM_with_SPMe_parameters
1515.0,3.589,3.6148810395554762,28.3,27.561898995777938,True,prefix,SPM_with_SPMe_parameters
1516.0,3.5889132505870514,3.614634406248754,28.3,27.563222606903594,True,prefix,SPM_with_SPMe_parameters
1517.0,3.5883666890305266,3.614388140689187,28.3,27.564545994224943,True,prefix,SPM_with_SPMe_parameters
1518.0,3.5880767527675275,3.6141422417458506,28.3,27.5658691577421,True,prefix,SPM_with_SPMe_parameters
1519.0,3.587786816504529,3.6138967082730913,28.3,27.56719209745495,True,prefix,SPM_with_SPMe_parameters
1520.0,3.5874968802415297,3.6136515391107102,28.3,27.568514813363606,True,prefix,SPM_with_SPMe_parameters
1521.0,3.5872069439785306,3.6134067330841297,28.5,27.569837305467956,True,prefix,SPM_with_SPMe_parameters
1522.0,3.586917007715532,3.6131622890045545,28.3,27.571159573768,True,prefix,SPM_with_SPMe_parameters
1523.0,3.5866270714525323,3.6129182056691422,28.3,27.57248161826385,True,prefix,SPM_with_SPMe_parameters
1524.0,3.5863371351895337,3.6126744818611467,28.3,27.57380343895545,True,prefix,SPM_with_SPMe_parameters
1525.0,3.5859629319020465,3.612431116350119,28.5,27.575125035842746,True,prefix,SPM_with_SPMe_parameters
1526.0,3.5856572626635357,3.612188107892029,28.5,27.576446408925904,True,prefix,SPM_with_SPMe_parameters
1527.0,3.5851346528010737,3.6119454552294563,28.3,27.577767558204698,True,prefix,SPM_with_SPMe_parameters
1528.0,3.5845547802750755,3.6117031570917413,28.3,27.579088483679243,True,prefix,SPM_with_SPMe_parameters
1529.0,3.5841874538745384,3.611461212195137,28.3,27.580409185349538,True,prefix,SPM_with_SPMe_parameters
1530.0,3.5838975176115397,3.6112196192429797,28.3,27.581729663215583,True,prefix,SPM_with_SPMe_parameters
1531.0,3.5836075813485406,3.6109783769258463,28.3,27.58304991727738,True,prefix,SPM_with_SPMe_parameters
1532.0,3.583317645085542,3.6107374839217172,28.3,27.584369947534924,True,prefix,SPM_with_SPMe_parameters
1533.0,3.582970278430057,3.6104969388961035,28.4,27.585689753988163,True,prefix,SPM_with_SPMe_parameters
1534.0,3.582637772559544,3.610256740502247,28.4,27.58700933663721,True,prefix,SPM_with_SPMe_parameters
1535.0,3.582347836296545,3.6100168873812484,28.3,27.588328695481948,True,prefix,SPM_with_SPMe_parameters
1536.0,3.5820579000335457,3.609777378162202,28.4,27.589647830522438,True,prefix,SPM_with_SPMe_parameters
1537.0,3.5817679637705466,3.609538211462406,28.5,27.590966741758677,True,prefix,SPM_with_SPMe_parameters
1538.0,3.581478027507548,3.609299385887458,28.4,27.59228542919061,True,prefix,SPM_with_SPMe_parameters
1539.0,3.581188091244549,3.6090609000314378,28.4,27.593603892818408,True,prefix,SPM_with_SPMe_parameters
1540.0,3.5808981549815497,3.6088227524770398,28.4,27.59492213264184,True,prefix,SPM_with_SPMe_parameters
1541.0,3.580516437437102,3.6085849417957436,28.3,27.59624014866108,True,prefix,SPM_with_SPMe_parameters
1542.0,3.5801,3.6083474665479307,28.3,27.597557940876015,True,prefix,SPM_with_SPMe_parameters
1543.0,3.5799328077826233,3.6081103252830613,28.3,27.598875509286756,True,prefix,SPM_with_SPMe_parameters
1544.0,3.5793384099295538,3.6078735165398004,28.5,27.600192853893134,True,prefix,SPM_with_SPMe_parameters
1545.0,3.5790484736665547,3.6076370388461716,28.3,27.601509974695375,True,prefix,SPM_with_SPMe_parameters
1546.0,3.578758537403556,3.607400890719697,28.5,27.602826871693253,True,prefix,SPM_with_SPMe_parameters
1547.0,3.578468601140557,3.607165070667536,28.5,27.604143544886995,True,prefix,SPM_with_SPMe_parameters
1548.0,3.5781786648775578,3.606929577186639,28.5,27.60545999427643,True,prefix,SPM_with_SPMe_parameters
1549.0,3.577888728614559,3.6066944087638717,28.5,27.6067762198615,True,prefix,SPM_with_SPMe_parameters
1550.0,3.57759879235156,3.606459563876163,28.5,27.608092221642437,True,prefix,SPM_with_SPMe_parameters
1551.0,3.577308856088561,3.6062250409906365,28.3,27.609407999619066,True,prefix,SPM_with_SPMe_parameters
1552.0,3.5770189198255617,3.6059908385647543,28.3,27.610723553791445,True,prefix,SPM_with_SPMe_parameters
1553.0,3.5763676283126467,3.6057569550464508,28.3,27.61203888415963,True,prefix,SPM_with_SPMe_parameters
1554.0,3.576039047299564,3.6055233888742597,28.5,27.613353990723454,True,prefix,SPM_with_SPMe_parameters
1555.0,3.575749111036565,3.605290138477446,28.3,27.614668873483026,True,prefix,SPM_with_SPMe_parameters
1556.0,3.5752183495471317,3.6050572022761482,28.5,27.615983532438406,True,prefix,SPM_with_SPMe_parameters
1557.0,3.5751,3.604824578681507,28.3,27.617297967589536,True,prefix,SPM_with_SPMe_parameters
1558.0,3.574879302247568,3.60459226609578,28.4,27.618612178936417,True,prefix,SPM_with_SPMe_parameters
1559.0,3.574589365984569,3.604360262912481,28.4,27.61992616647899,True,prefix,SPM_with_SPMe_parameters
1560.0,3.57409885944314,3.6041285675165056,28.4,27.621239930217314,True,prefix,SPM_with_SPMe_parameters
1561.0,3.5739,3.603897178284255,28.5,27.622553470151388,True,prefix,SPM_with_SPMe_parameters
1562.0,3.573478966789668,3.6036660935837554,28.5,27.623866786281155,True,prefix,SPM_with_SPMe_parameters
1563.0,3.573029620932573,3.603435311774787,28.5,27.62517987860673,True,prefix,SPM_with_SPMe_parameters
1564.0,3.5729,3.603204831209003,28.5,27.626492747128054,True,prefix,SPM_with_SPMe_parameters
1565.0,3.57259949681315,3.60297465023004,28.5,27.627805391845072,True,prefix,SPM_with_SPMe_parameters
1566.0,3.572159812143576,3.6027447671736565,28.5,27.62911781275784,True,prefix,SPM_with_SPMe_parameters
1567.0,3.571869875880577,3.602515180367817,28.4,27.630430009866416,True,prefix,SPM_with_SPMe_parameters
1568.0,3.571579939617578,3.602285888132863,28.4,27.631741983170684,True,prefix,SPM_with_SPMe_parameters
1569.0,3.571290003354579,3.6020568887815574,28.4,27.633053732670703,True,prefix,SPM_with_SPMe_parameters
1570.0,3.57100006709158,3.601828180619249,28.3,27.634365258366415,True,prefix,SPM_with_SPMe_parameters
1571.0,3.5706801744381083,3.601599761943974,28.4,27.635676560257934,True,prefix,SPM_with_SPMe_parameters
1572.0,3.570320194565582,3.6013716310465402,28.5,27.636987638345204,True,prefix,SPM_with_SPMe_parameters
1573.0,3.570030258302583,3.601143786210675,28.5,27.638298492628167,True,prefix,SPM_with_SPMe_parameters
1574.0,3.569740322039584,3.6009162257131,28.5,27.63960912310688,True,prefix,SPM_with_SPMe_parameters
1575.0,3.569450385776585,3.6006889478236555,28.3,27.640919529781343,True,prefix,SPM_with_SPMe_parameters
1576.0,3.569120899027172,3.6004619508054003,28.3,27.642229712651556,True,prefix,SPM_with_SPMe_parameters
1577.0,3.568570513250587,3.6002352329147187,28.3,27.64353967171752,True,prefix,SPM_with_SPMe_parameters
1578.0,3.568280576987588,3.600008792401408,28.5,27.644849406979233,True,prefix,SPM_with_SPMe_parameters
1579.0,3.567990640724589,3.5997826275088,28.3,27.64615891843664,True,prefix,SPM_with_SPMe_parameters
1580.0,3.56770070446159,3.5995567364738434,28.3,27.64746820608991,True,prefix,SPM_with_SPMe_parameters
1581.0,3.5673143575981214,3.599331117527203,28.3,27.64877726993882,True,prefix,SPM_with_SPMe_parameters
1582.0,3.566741663871184,3.5991057688933736,28.3,27.65008610998342,True,prefix,SPM_with_SPMe_parameters
1583.0,3.5667,3.598880688790753,28.5,27.651394726223884,True,prefix,SPM_with_SPMe_parameters
1584.0,3.566440959409594,3.598655875431746,28.3,27.652703118660042,True,prefix,SPM_with_SPMe_parameters
1585.0,3.566151023146595,3.598431327022859,28.3,27.65401128729195,True,prefix,SPM_with_SPMe_parameters
1586.0,3.5656221737671925,3.598207041764774,28.5,27.65531923211961,True,prefix,SPM_with_SPMe_parameters
1587.0,3.565271150620597,3.5979830178524743,28.5,27.656626953143018,True,prefix,SPM_with_SPMe_parameters
1588.0,3.5652,3.5977592534752803,28.5,27.65793445036212,True,prefix,SPM_with_SPMe_parameters
1589.0,3.5649912780945994,3.5975357468169884,28.4,27.659241723776972,True,prefix,SPM_with_SPMe_parameters
1590.0,3.564436464273734,3.5973124960559217,28.4,27.660548773387575,True,prefix,SPM_with_SPMe_parameters
1591.0,3.5642,3.5970894993650275,28.5,27.661855599193927,True,prefix,SPM_with_SPMe_parameters
1592.0,3.564021469305602,3.5968667549119546,28.4,27.66316220119603,True,prefix,SPM_with_SPMe_parameters
1593.0,3.563731533042603,3.596644260859127,28.4,27.664468579393883,True,prefix,SPM_with_SPMe_parameters
1594.0,3.5632831935592084,3.59642201536386,28.5,27.665774733787487,True,prefix,SPM_with_SPMe_parameters
1595.0,3.563,3.5962000165783863,28.5,27.667080664376783,True,prefix,SPM_with_SPMe_parameters
1596.0,3.5627234485072123,3.595978262649964,28.4,27.668386371161887,True,prefix,SPM_with_SPMe_parameters
1597.0,3.562271787990607,3.5957567517209474,28.4,27.669691854142684,True,prefix,SPM_with_SPMe_parameters
1598.0,3.5619818517276083,3.5955354819288683,28.5,27.67099711331923,True,prefix,SPM_with_SPMe_parameters
1599.0,3.561691915464609,3.59531445140648,28.4,27.672302148691585,True,prefix,SPM_with_SPMe_parameters
1600.0,3.561369305602147,3.5950936582818698,28.3,27.673606960259576,True,prefix,SPM_with_SPMe_parameters
1601.0,3.5609240858772226,3.59487310067849,28.3,27.674911548023374,True,prefix,SPM_with_SPMe_parameters
1602.0,3.5605,3.5946527767152614,28.4,27.676215911982865,True,prefix,SPM_with_SPMe_parameters
1603.0,3.5603643408252266,3.5944326845066072,28.5,27.677520052138163,True,prefix,SPM_with_SPMe_parameters
1604.0,3.559842234149614,3.594212822162545,28.5,27.678823968489155,True,prefix,SPM_with_SPMe_parameters
1605.0,3.5595522978866154,3.593993187788738,28.5,27.680127661035954,True,prefix,SPM_with_SPMe_parameters
1606.0,3.5592623616236163,3.593773781887917,28.3,27.681432430195457,True,prefix,SPM_with_SPMe_parameters
1607.0,3.558972425360617,3.593554603920212,28.3,27.682739013185653,True,prefix,SPM_with_SPMe_parameters
1608.0,3.558682489097618,3.593335648310684,28.5,27.684045423312853,True,prefix,SPM_with_SPMe_parameters
1609.0,3.558390070446159,3.5931169131482457,28.5,27.68535166057694,True,prefix,SPM_with_SPMe_parameters
1610.0,3.5580034887621603,3.5928983965177737,28.5,27.68665772497792,True,prefix,SPM_with_SPMe_parameters
1611.0,3.5577126803086214,3.592680096500133,28.3,27.6879636165159,True,prefix,SPM_with_SPMe_parameters
1612.0,3.5574227440456223,3.5924620111722696,28.5,27.68926933519083,True,prefix,SPM_with_SPMe_parameters
1613.0,3.557132807782623,3.5922441386072332,28.5,27.69057488100259,True,prefix,SPM_with_SPMe_parameters
1614.0,3.556842871519624,3.5920264768742522,28.5,27.691880253951354,True,prefix,SPM_with_SPMe_parameters
1615.0,3.5565529352566254,3.591809024038767,28.5,27.693185454037064,True,prefix,SPM_with_SPMe_parameters
1616.0,3.5562629989936263,3.591591778162499,28.5,27.69449048125972,True,prefix,SPM_with_SPMe_parameters
1617.0,3.555973062730627,3.5913747373034686,28.3,27.69579533561921,True,prefix,SPM_with_SPMe_parameters
1618.0,3.5556831264676285,3.5911578995160895,28.3,27.69710001711576,True,prefix,SPM_with_SPMe_parameters
1619.0,3.5553931902046294,3.5909412628511594,28.4,27.69840452574914,True,prefix,SPM_with_SPMe_parameters
1620.0,3.5550376719221735,3.5907248253559563,28.5,27.699708861519525,True,prefix,SPM_with_SPMe_parameters
1621.0,3.5547133176786314,3.590508585074253,28.4,27.7010130244268,True,prefix,SPM_with_SPMe_parameters
1622.0,3.5544233814156323,3.590292540046351,28.4,27.702317014471078,True,prefix,SPM_with_SPMe_parameters
1623.0,3.554133445152633,3.5900766883091575,28.4,27.703620831652245,True,prefix,SPM_with_SPMe_parameters
1624.0,3.5538435088896345,3.589861027896191,28.4,27.7049244759703,True,prefix,SPM_with_SPMe_parameters
1625.0,3.5535535726266354,3.5896455568376417,28.5,27.70622794742536,True,prefix,SPM_with_SPMe_parameters
1626.0,3.5532636363636363,3.5894302731603793,28.5,27.707531246017368,True,prefix,SPM_with_SPMe_parameters
1627.0,3.552847400201275,3.5892151748880408,28.5,27.708834371746264,True,prefix,SPM_with_SPMe_parameters
1628.0,3.5523837638376383,3.5890002600410127,28.4,27.710137324612106,True,prefix,SPM_with_SPMe_parameters
1629.0,3.5520584367661856,3.5887855266364843,28.4,27.711440104614837,True,prefix,SPM_with_SPMe_parameters
1630.0,3.5517038913116403,3.588570972688497,28.5,27.712742711754572,True,prefix,SPM_with_SPMe_parameters
1631.0,3.551413955048641,3.5883565962079595,28.5,27.714045146031197,True,prefix,SPM_with_SPMe_parameters
1632.0,3.5511240187856425,3.588142395202662,28.4,27.715347407444767,True,prefix,SPM_with_SPMe_parameters
1633.0,3.5508340825226434,3.58792836767734,28.3,27.716649495995284,True,prefix,SPM_with_SPMe_parameters
1634.0,3.5505441462596448,3.5877145116336826,28.5,27.717951411682748,True,prefix,SPM_with_SPMe_parameters
1635.0,3.550254209996645,3.5875008250703546,28.3,27.719253154507157,True,prefix,SPM_with_SPMe_parameters
1636.0,3.549964273733646,3.5872873059830357,28.5,27.7205547244684,True,prefix,SPM_with_SPMe_parameters
1637.0,3.5497,3.5870739523644337,28.5,27.721856121566702,True,prefix,SPM_with_SPMe_parameters
1638.0,3.5496844012076485,3.5868607622043216,28.5,27.723157345801894,True,prefix,SPM_with_SPMe_parameters
1639.0,3.5493870848708484,3.586647733489532,28.5,27.724458397173976,True,prefix,SPM_with_SPMe_parameters
1640.0,3.5487105669238512,3.586434864204016,28.5,27.72575927568306,True,prefix,SPM_with_SPMe_parameters
1641.0,3.5484145924186516,3.5862221523288307,28.5,27.727059981329035,True,prefix,SPM_with_SPMe_parameters
1642.0,3.548124656155652,3.586009595842182,28.5,27.728360514111955,True,prefix,SPM_with_SPMe_parameters
1643.0,3.5478347198926534,3.585797192719426,28.5,27.729660874031765,True,prefix,SPM_with_SPMe_parameters
1644.0,3.5475447836296543,3.5855849409330887,28.5,27.730961061088635,True,prefix,SPM_with_SPMe_parameters
1645.0,3.5475,3.5853728384528822,28.5,27.732261075282338,True,prefix,SPM_with_SPMe_parameters
1646.0,3.547029822207313,3.5851608832457296,28.5,27.733560916612987,True,prefix,SPM_with_SPMe_parameters
1647.0,3.5469,3.584949073275773,28.5,27.734860585080526,True,prefix,SPM_with_SPMe_parameters
1648.0,3.5466850385776585,3.5847374065043733,28.5,27.736160080685124,True,prefix,SPM_with_SPMe_parameters
1649.0,3.546190204629319,3.5845258808901326,28.5,27.737459403426556,True,prefix,SPM_with_SPMe_parameters
1650.0,3.545740221402214,3.5843144943889182,28.4,27.738758553304933,True,prefix,SPM_with_SPMe_parameters
1651.0,3.5456,3.584103244953835,28.4,27.740057530320314,True,prefix,SPM_with_SPMe_parameters
1652.0,3.5454252935256627,3.583892130535276,28.5,27.741356334472528,True,prefix,SPM_with_SPMe_parameters
1653.0,3.544970714525327,3.583681149080907,28.5,27.742654965761744,True,prefix,SPM_with_SPMe_parameters
1654.0,3.5445454209996647,3.583470298535666,28.4,27.743953424187907,True,prefix,SPM_with_SPMe_parameters
1655.0,3.5442554847366656,3.583259576841789,28.4,27.74525170975096,True,prefix,SPM_with_SPMe_parameters
1656.0,3.5439655484736665,3.5830489819388074,28.5,27.74654982245096,True,prefix,SPM_with_SPMe_parameters
1657.0,3.5436756122106674,3.5828385117635464,28.5,27.747847762287847,True,prefix,SPM_with_SPMe_parameters
1658.0,3.5433856759476687,3.5826281642501314,28.5,27.74914552926174,True,prefix,SPM_with_SPMe_parameters
1659.0,3.5430957396846696,3.5824179373299767,28.5,27.750443123372577,True,prefix,SPM_with_SPMe_parameters
1660.0,3.5427744045622274,3.5822078289318275,28.5,27.751740544620247,True,prefix,SPM_with_SPMe_parameters
1661.0,3.5424158671586716,3.5819978369817025,28.5,27.753037793004978,True,prefix,SPM_with_SPMe_parameters
1662.0,3.5421259308956725,3.5817879594029387,28.5,27.7543348685266,True,prefix,SPM_with_SPMe_parameters
1663.0,3.541835994632674,3.581578194116174,28.5,27.755631771185108,True,prefix,SPM_with_SPMe_parameters
1664.0,3.5415460583696747,3.581368539039334,28.5,27.75692850098062,True,prefix,SPM_with_SPMe_parameters
1665.0,3.5412561221066756,3.581158992087636,28.5,27.758225057913023,True,prefix,SPM_with_SPMe_parameters
1666.0,3.5409661858436765,3.580949551173607,28.5,27.759521441982315,True,prefix,SPM_with_SPMe_parameters
1667.0,3.540676249580678,3.580740214207033,28.5,27.760817653188667,True,prefix,SPM_with_SPMe_parameters
1668.0,3.5403863133176787,3.5805309790949975,28.5,27.76211369153185,True,prefix,SPM_with_SPMe_parameters
1669.0,3.5400963770546796,3.580321843741845,28.5,27.763409557011983,True,prefix,SPM_with_SPMe_parameters
1670.0,3.539806440791681,3.5801128060491854,28.5,27.76470524962906,True,prefix,SPM_with_SPMe_parameters
1671.0,3.5394220060382424,3.5799038639158907,28.5,27.76600076938314,True,prefix,SPM_with_SPMe_parameters
1672.0,3.5391265682656825,3.57969501523808,28.5,27.767296116274053,True,prefix,SPM_with_SPMe_parameters
1673.0,3.538836632002684,3.5794862579090974,28.5,27.76859129030197,True,prefix,SPM_with_SPMe_parameters
1674.0,3.5385466957396847,3.5792775898195224,28.5,27.769886291466776,True,prefix,SPM_with_SPMe_parameters
1675.0,3.5382567594766856,3.579069008857145,28.5,27.771181119768528,True,prefix,SPM_with_SPMe_parameters
1676.0,3.5379668232136865,3.578860512906962,28.5,27.772475775207226,True,prefix,SPM_with_SPMe_parameters
1677.0,3.5376768869506874,3.5786520998511495,28.5,27.773770257782814,True,prefix,SPM_with_SPMe_parameters
1678.0,3.5373869506876887,3.5784437675690857,28.5,27.77506456749535,True,prefix,SPM_with_SPMe_parameters
1679.0,3.5368940288493795,3.578235513937276,28.5,27.776358704344887,True,prefix,SPM_with_SPMe_parameters
1680.0,3.5367,3.578027336829392,28.5,27.777652668331314,True,prefix,SPM_with_SPMe_parameters
1681.0,3.536273331096947,3.5778192341162436,28.5,27.77894645945463,True,prefix,SPM_with_SPMe_parameters
1682.0,3.536,3.577611203665732,28.5,27.78024007771495,True,prefix,SPM_with_SPMe_parameters
1683.0,3.535837269372694,3.577403243342881,28.5,27.781533523112216,True,prefix,SPM_with_SPMe_parameters
1684.0,3.5353946662193896,3.577195351009777,28.5,27.782826795646315,True,prefix,SPM_with_SPMe_parameters
1685.0,3.5351,3.57698752452558,28.5,27.784119895317474,True,prefix,SPM_with_SPMe_parameters
1686.0,3.534967460583697,3.576779761746492,28.5,27.785412822125465,True,prefix,SPM_with_SPMe_parameters
1687.0,3.534677524320698,3.5765720605257276,28.5,27.78670557607046,True,prefix,SPM_with_SPMe_parameters
1688.0,3.5343875880576987,3.576364418713522,28.5,27.787998157152344,True,prefix,SPM_with_SPMe_parameters
1689.0,3.5340976517946996,3.576156834157088,28.4,27.789290565371175,True,prefix,SPM_with_SPMe_parameters
1690.0,3.533807715531701,3.575949304700597,28.3,27.79058280072701,True,prefix,SPM_with_SPMe_parameters
1691.0,3.5334903723582687,3.575741828185158,28.3,27.791874863219675,True,prefix,SPM_with_SPMe_parameters
1692.0,3.533127843005703,3.5755344024488203,28.3,27.793166752849288,True,prefix,SPM_with_SPMe_parameters
1693.0,3.532837906742704,3.575327025326504,28.5,27.794458469615847,True,prefix,SPM_with_SPMe_parameters
1694.0,3.5325479704797047,3.575119694650003,28.5,27.795750013519353,True,prefix,SPM_with_SPMe_parameters
1695.0,3.532258034216706,3.5749124082479855,28.5,27.797041384559805,True,prefix,SPM_with_SPMe_parameters
1696.0,3.531968097953707,3.574705163945922,28.5,27.798332582737203,True,prefix,SPM_with_SPMe_parameters
1697.0,3.531678161690708,3.5744979595660875,28.5,27.79962360805149,True,prefix,SPM_with_SPMe_parameters
1698.0,3.5313882254277087,3.574290792927534,28.5,27.80091446050278,True,prefix,SPM_with_SPMe_parameters
1699.0,3.5311,3.5740836618460676,28.5,27.802205140090962,True,prefix,SPM_with_SPMe_parameters
1700.0,3.5311,3.57387656413421,28.5,27.80349564681609,True,prefix,SPM_with_SPMe_parameters
1701.0,3.5305368332774236,3.5736694976011805,28.5,27.80478598067816,True,prefix,SPM_with_SPMe_parameters
1702.0,3.5305,3.573462460052874,28.5,27.806076141677067,True,prefix,SPM_with_SPMe_parameters
1703.0,3.530151392150285,3.573255449291837,28.5,27.807366129813033,True,prefix,SPM_with_SPMe_parameters
1704.0,3.5298486078497144,3.5730484631172064,28.5,27.80865594508589,True,prefix,SPM_with_SPMe_parameters
1705.0,3.5295586715867158,3.5728414993247295,28.5,27.809945587495633,True,prefix,SPM_with_SPMe_parameters
1706.0,3.5290374706474337,3.572634555706703,28.5,27.81123505704238,True,prefix,SPM_with_SPMe_parameters
1707.0,3.528678799060718,3.5724276300519544,28.5,27.81252435372602,True,prefix,SPM_with_SPMe_parameters
1708.0,3.528388862797719,3.572220720145818,28.5,27.813813477546603,True,prefix,SPM_with_SPMe_parameters
1709.0,3.52809892653472,3.572013823770102,28.5,27.815102428504133,True,prefix,SPM_with_SPMe_parameters
1710.0,3.527808990271721,3.571806938703043,28.5,27.816391206598553,True,prefix,SPM_with_SPMe_parameters
1711.0,3.527519054008722,3.571600062719309,28.5,27.817679811829976,True,prefix,SPM_with_SPMe_parameters
1712.0,3.5274,3.5713931935899472,28.5,27.818968244198288,True,prefix,SPM_with_SPMe_parameters
1713.0,3.5271855753102987,3.571186329082351,28.5,27.820256503703547,True,prefix,SPM_with_SPMe_parameters
1714.0,3.52669849043945,3.5709794669602357,28.5,27.821544590345752,True,prefix,SPM_with_SPMe_parameters
1715.0,3.5264,3.570772604983617,28.5,27.822832504124904,True,prefix,SPM_with_SPMe_parameters
1716.0,3.526269372693727,3.5705657409087697,28.6,27.824120245041,True,prefix,SPM_with_SPMe_parameters
1717.0,3.525858872861456,3.5703588724881876,28.6,27.82540781309399,True,prefix,SPM_with_SPMe_parameters
1718.0,3.5255,3.570151997470574,28.6,27.826695208283923,True,prefix,SPM_with_SPMe_parameters
1719.0,3.5253995639047297,3.5699451136008036,28.6,27.827982430610803,True,prefix,SPM_with_SPMe_parameters
1720.0,3.525109627641731,3.5697382186198667,28.5,27.829269480074515,True,prefix,SPM_with_SPMe_parameters
1721.0,3.524819691378732,3.5695313102648774,28.5,27.830556356675288,True,prefix,SPM_with_SPMe_parameters
1722.0,3.524529755115733,3.569324386269002,28.5,27.83184306041295,True,prefix,SPM_with_SPMe_parameters
1723.0,3.5242197584703123,3.569117444361472,28.7,27.83312959128756,True,prefix,SPM_with_SPMe_parameters
1724.0,3.5239,3.5689104822674973,28.7,27.834415949299114,True,prefix,SPM_with_SPMe_parameters
1725.0,3.523859946326736,3.568703497708287,28.7,27.83570213444756,True,prefix,SPM_with_SPMe_parameters
1726.0,3.523540020127474,3.5684964884009904,28.7,27.836988146733006,True,prefix,SPM_with_SPMe_parameters
1727.0,3.522980073800738,3.5682894520586492,28.7,27.838273986155286,True,prefix,SPM_with_SPMe_parameters
1728.0,3.522690137537739,3.568082386390207,28.5,27.839559652714627,True,prefix,SPM_with_SPMe_parameters
1729.0,3.52240020127474,3.56787528910044,28.7,27.8408451464108,True,prefix,SPM_with_SPMe_parameters
1730.0,3.5224,3.5676681578899516,28.7,27.842130467243976,True,prefix,SPM_with_SPMe_parameters
1731.0,3.522120328748742,3.567460990455118,28.5,27.84341561521404,True,prefix,SPM_with_SPMe_parameters
1732.0,3.521830392485743,3.5672537844880585,28.7,27.844700590321054,True,prefix,SPM_with_SPMe_parameters
1733.0,3.5215404562227444,3.5670465376766374,28.7,27.845985392565012,True,prefix,SPM_with_SPMe_parameters
1734.0,3.520917879906072,3.566839247704378,28.7,27.84727002194586,True,prefix,SPM_with_SPMe_parameters
1735.0,3.520560583696746,3.5666319126078356,28.7,27.8485546602181,True,prefix,SPM_with_SPMe_parameters
1736.0,3.520270647433747,3.5664245322310477,28.7,27.84984041055327,True,prefix,SPM_with_SPMe_parameters
1737.0,3.519980711170748,3.566217101809232,28.6,27.85112603430855,True,prefix,SPM_with_SPMe_parameters
1738.0,3.5199,3.5660096190083768,28.5,27.852411531483995,True,prefix,SPM_with_SPMe_parameters
1739.0,3.51970083864475,3.5658020814899896,28.6,27.853696902079605,True,prefix,SPM_with_SPMe_parameters
1740.0,3.5194109023817512,3.5655944869110794,28.7,27.854982146095438,True,prefix,SPM_with_SPMe_parameters
1741.0,3.519120966118752,3.5653868329241227,28.6,27.85626726353138,True,prefix,SPM_with_SPMe_parameters
1742.0,3.518831029855753,3.565179117177032,28.5,27.857552254387485,True,prefix,SPM_with_SPMe_parameters
1743.0,3.5185410935927544,3.564971337313129,28.6,27.858837118663757,True,prefix,SPM_with_SPMe_parameters
1744.0,3.5182511573297552,3.5647634909711097,28.7,27.860121856360195,True,prefix,SPM_with_SPMe_parameters
1745.0,3.5179149614223415,3.5645555757850182,28.7,27.86140646747674,True,prefix,SPM_with_SPMe_parameters
1746.0,3.5175712848037572,3.5643475893842074,28.7,27.86269095201351,True,prefix,SPM_with_SPMe_parameters
1747.0,3.517281348540758,3.5641395293933265,28.7,27.863975309970385,True,prefix,SPM_with_SPMe_parameters
1748.0,3.5171,3.5639313934322767,28.7,27.86525954134737,True,prefix,SPM_with_SPMe_parameters
1749.0,3.5169029520295205,3.563723179116209,28.7,27.866543646144635,True,prefix,SPM_with_SPMe_parameters
1750.0,3.5165,3.563514884055444,28.7,27.86782762436195,True,prefix,SPM_with_SPMe_parameters
1751.0,3.5164216034887623,3.5633065058555076,28.7,27.869111475999432,True,prefix,SPM_with_SPMe_parameters
1752.0,3.516131667225763,3.563098042117052,28.7,27.870395201057136,True,prefix,SPM_with_SPMe_parameters
1753.0,3.515841730962764,3.562889490435861,28.7,27.871678799534948,True,prefix,SPM_with_SPMe_parameters
1754.0,3.515551794699765,3.5626808484028145,28.5,27.872962271432925,True,prefix,SPM_with_SPMe_parameters
1755.0,3.5152618584367663,3.5624721136038433,28.7,27.874245616751068,True,prefix,SPM_with_SPMe_parameters
1756.0,3.5149625628983565,3.562263283619943,28.5,27.87552883548932,True,prefix,SPM_with_SPMe_parameters
1757.0,3.5145819859107683,3.562054356027117,28.5,27.87681192764785,True,prefix,SPM_with_SPMe_parameters
1758.0,3.514292049647769,3.561845328396358,28.5,27.878094893226432,True,prefix,SPM_with_SPMe_parameters
1759.0,3.51400211338477,3.561636198293635,28.7,27.879377732225123,True,prefix,SPM_with_SPMe_parameters
1760.0,3.514,3.561426963279861,28.7,27.880660444644093,True,prefix,SPM_with_SPMe_parameters
1761.0,3.513722240858772,3.561217620910877,28.7,27.88194303048317,True,prefix,SPM_with_SPMe_parameters
1762.0,3.513432304595773,3.561008168737414,28.7,27.883225489742415,True,prefix,SPM_with_SPMe_parameters
1763.0,3.5128847366655482,3.5607986043051008,28.7,27.884507822421767,True,prefix,SPM_with_SPMe_parameters
1764.0,3.5125524320697754,3.560588925154404,28.5,27.885790028521285,True,prefix,SPM_with_SPMe_parameters
1765.0,3.5122624958067763,3.56037912882065,28.7,27.887072108041025,True,prefix,SPM_with_SPMe_parameters
1766.0,3.511972559543777,3.5601692128339826,28.7,27.888354060980873,True,prefix,SPM_with_SPMe_parameters
1767.0,3.5116101643743707,3.5599591747193386,28.7,27.889635887340887,True,prefix,SPM_with_SPMe_parameters
1768.0,3.511292687017779,3.5597490119964412,28.7,27.89091758712101,True,prefix,SPM_with_SPMe_parameters
1769.0,3.5110027507547805,3.559538722179788,28.7,27.89219916032141,True,prefix,SPM_with_SPMe_parameters
1770.0,3.5107128144917814,3.559328302778616,28.7,27.893480606941864,True,prefix,SPM_with_SPMe_parameters
1771.0,3.5106,3.5591177512969048,28.7,27.894761926982483,True,prefix,SPM_with_SPMe_parameters
1772.0,3.5104329419657834,3.558907065233361,28.7,27.896043120443267,True,prefix,SPM_with_SPMe_parameters
1773.0,3.5101430057027843,3.558696242081384,28.7,27.897324187324273,True,prefix,SPM_with_SPMe_parameters
1774.0,3.509853069439785,3.558485279329081,28.7,27.89860512762533,True,prefix,SPM_with_SPMe_parameters
1775.0,3.5095631331767865,3.558274174459231,28.7,27.89988594134661,True,prefix,SPM_with_SPMe_parameters
1776.0,3.5092731969137874,3.5580629249492897,28.6,27.901166628488,True,prefix,SPM_with_SPMe_parameters
1777.0,3.5089832606507882,3.557851528271372,28.6,27.90244718904961,True,prefix,SPM_with_SPMe_parameters
1778.0,3.5088,3.557639981892249,28.7,27.903727623031386,True,prefix,SPM_with_SPMe_parameters
1779.0,3.508671184166387,3.5574282832733437,28.7,27.905007930433214,True,prefix,SPM_with_SPMe_parameters
1780.0,3.5083134518617913,3.5572164298706923,28.7,27.90628811125532,True,prefix,SPM_with_SPMe_parameters
1781.0,3.5080235155987927,3.5570044191349863,28.7,27.90756816549748,True,prefix,SPM_with_SPMe_parameters
1782.0,3.5077335793357936,3.5567922485115373,28.7,27.90884809315986,True,prefix,SPM_with_SPMe_parameters
1783.0,3.5074436430727944,3.5565799154402766,28.7,27.91012789424235,True,prefix,SPM_with_SPMe_parameters
1784.0,3.5071537068097953,3.556367417355756,28.7,27.911407568745005,True,prefix,SPM_with_SPMe_parameters
1785.0,3.506863770546796,3.5561547516871554,28.5,27.912687116667882,True,prefix,SPM_with_SPMe_parameters
1786.0,3.5065738342837975,3.5559419158582606,28.7,27.91396653801081,True,prefix,SPM_with_SPMe_parameters
1787.0,3.5063,3.555728907287495,28.7,27.915245832773962,True,prefix,SPM_with_SPMe_parameters
1788.0,3.5062939617577995,3.5555157233878814,28.5,27.916525000957222,True,prefix,SPM_with_SPMe_parameters
1789.0,3.5060040254948,3.555302361567091,28.7,27.917804042560704,True,prefix,SPM_with_SPMe_parameters
1790.0,3.5057140892318013,3.5550888192274126,28.7,27.91908295758435,True,prefix,SPM_with_SPMe_parameters
1791.0,3.5050563569272053,3.5548750937657787,28.7,27.92036174602805,True,prefix,SPM_with_SPMe_parameters
1792.0,3.5047342167058035,3.554661182573759,28.7,27.921640407892028,True,prefix,SPM_with_SPMe_parameters
1793.0,3.5044442804428044,3.5544470830375907,28.5,27.922918943176114,True,prefix,SPM_with_SPMe_parameters
1794.0,3.5041543441798058,3.5542327925381487,28.7,27.92419735188031,True,prefix,SPM_with_SPMe_parameters
1795.0,3.5038644079168066,3.554018308451014,28.5,27.925475634004727,True,prefix,SPM_with_SPMe_parameters
1796.0,3.5035744716538075,3.553803628146442,28.7,27.926753789549252,True,prefix,SPM_with_SPMe_parameters
1797.0,3.5035,3.5535887489893803,28.7,27.928031818513944,True,prefix,SPM_with_SPMe_parameters
1798.0,3.5032945991278095,3.553373667993361,28.7,27.92930955647961,True,prefix,SPM_with_SPMe_parameters
1799.0,3.5030046628648104,3.55315838290461,28.6,27.930587191300845,True,prefix,SPM_with_SPMe_parameters
1800.0,3.5027147266018117,3.55294289128838,28.6,27.93186482612208,True,prefix,SPM_with_SPMe_parameters
1801.0,3.5023663871184167,3.5527271892277823,28.7,27.933141858747206,True,prefix,SPM_with_SPMe_parameters
1802.0,3.5020348540758137,3.552511270966356,28.7,27.93441681094987,True,prefix,SPM_with_SPMe_parameters
1803.0,3.501744917812814,3.5522951381935552,28.6,27.93569176315259,True,prefix,SPM_with_SPMe_parameters
1804.0,3.5014549815498155,3.5520787882378233,28.6,27.936966715355197,True,prefix,SPM_with_SPMe_parameters
1805.0,3.5013,3.5518622184224817,28.7,27.938241667557918,True,prefix,SPM_with_SPMe_parameters
1806.0,3.5011751090238175,3.551645426065751,28.6,27.93951661976058,True,prefix,SPM_with_SPMe_parameters
1807.0,3.5008851727608183,3.551428408480798,28.6,27.940791571963302,True,prefix,SPM_with_SPMe_parameters
1808.0,3.5005952364978197,3.551211162975755,28.6,27.942066524165966,True,prefix,SPM_with_SPMe_parameters
1809.0,3.5003053002348206,3.550993686853762,28.6,27.943341476368687,True,prefix,SPM_with_SPMe_parameters
1810.0,3.5000153639718214,3.5507759774129997,28.7,27.94461642857135,True,prefix,SPM_with_SPMe_parameters
1811.0,3.4997254277088223,3.5505580319467223,28.7,27.94589138077407,True,prefix,SPM_with_SPMe_parameters
1812.0,3.4995,3.55033984774332,28.5,27.947166332976735,True,prefix,SPM_with_SPMe_parameters
1813.0,3.499372962093257,3.5501214220863244,28.5,27.948441285179456,True,prefix,SPM_with_SPMe_parameters
1814.0,3.4988,3.549902752254502,28.5,27.94971623738212,True,prefix,SPM_with_SPMe_parameters
1815.0,3.4987656826568267,3.5496838355218476,28.7,27.95099118958484,True,prefix,SPM_with_SPMe_parameters
1816.0,3.4984757463938276,3.5494646691576603,28.7,27.952266141787504,True,prefix,SPM_with_SPMe_parameters
1817.0,3.4981858101308285,3.549245250426609,28.5,27.953541093990225,True,prefix,SPM_with_SPMe_parameters
1818.0,3.4978917477356593,3.549025576588748,28.5,27.95481604619289,True,prefix,SPM_with_SPMe_parameters
1819.0,3.4973118752096615,3.5488056448996024,28.5,27.95609099839561,True,prefix,SPM_with_SPMe_parameters
1820.0,3.4970160013418314,3.548585452610206,28.7,27.957365950598273,True,prefix,SPM_with_SPMe_parameters
1821.0,3.497,3.5483649969671776,28.7,27.958640902800994,True,prefix,SPM_with_SPMe_parameters
1822.0,3.496736128815834,3.5481442752127554,28.7,27.959915855003658,True,prefix,SPM_with_SPMe_parameters
1823.0,3.4964461925528347,3.5479232845848916,28.7,27.96119080720638,True,prefix,SPM_with_SPMe_parameters
1824.0,3.4960750083864474,3.547702022317301,28.7,27.962465759408985,True,prefix,SPM_with_SPMe_parameters
1825.0,3.4957663200268363,3.5474804856395226,28.6,27.963740711611706,True,prefix,SPM_with_SPMe_parameters
1826.0,3.4954763837638376,3.547258671777017,28.7,27.96501566381437,True,prefix,SPM_with_SPMe_parameters
1827.0,3.4951864475008385,3.5470365779512036,28.7,27.96629061601709,True,prefix,SPM_with_SPMe_parameters
1828.0,3.49489651123784,3.546814201379562,28.6,27.967565568219754,True,prefix,SPM_with_SPMe_parameters
1829.0,3.4948,3.5465915392757,28.7,27.968840520422475,True,prefix,SPM_with_SPMe_parameters
1830.0,3.494616638711842,3.5463685888494356,28.7,27.97011547262514,True,prefix,SPM_with_SPMe_parameters
1831.0,3.4943267024488427,3.546145347306881,28.7,27.97139042482786,True,prefix,SPM_with_SPMe_parameters
1832.0,3.4940367661858436,3.5459218118505156,28.7,27.972665377030523,True,prefix,SPM_with_SPMe_parameters
1833.0,3.4937468299228445,3.5456979796793062,28.7,27.973940329233244,True,prefix,SPM_with_SPMe_parameters
1834.0,3.493456893659846,3.5454738479887435,28.7,27.975215281435908,True,prefix,SPM_with_SPMe_parameters
1835.0,3.4931226098624624,3.5452494139709936,28.7,27.97649023363863,True,prefix,SPM_with_SPMe_parameters
1836.0,3.4929,3.545024672144487,28.7,27.97776391574996,True,prefix,SPM_with_SPMe_parameters
1837.0,3.492787084870849,3.5447996220435565,28.7,27.97903744483574,True,prefix,SPM_with_SPMe_parameters
1838.0,3.4924971486078498,3.5445742611397675,28.7,27.98031095829299,True,prefix,SPM_with_SPMe_parameters
1839.0,3.4922072123448507,3.54434858661285,28.7,27.981584456121823,True,prefix,SPM_with_SPMe_parameters
1840.0,3.4919172760818515,3.5441225956396876,28.6,27.982857938322127,True,prefix,SPM_with_SPMe_parameters
1841.0,3.4916273398188524,3.543896285394432,28.7,27.984131404893844,True,prefix,SPM_with_SPMe_parameters
1842.0,3.4914,3.5436696530486085,28.7,27.985404855837146,True,prefix,SPM_with_SPMe_parameters
1843.0,3.491347467292855,3.543442695771229,28.6,27.986678291151918,True,prefix,SPM_with_SPMe_parameters
1844.0,3.4910150620597116,3.543215410728916,28.7,27.98795171083816,True,prefix,SPM_with_SPMe_parameters
1845.0,3.4905,3.542987795086022,28.6,27.98922511489593,True,prefix,SPM_with_SPMe_parameters
1846.0,3.490477658503858,3.542759846004762,28.7,27.990498503325227,True,prefix,SPM_with_SPMe_parameters
1847.0,3.4901836296544784,3.542531560645317,28.7,27.991771876125995,True,prefix,SPM_with_SPMe_parameters
1848.0,3.489795571955719,3.5423029361659917,28.7,27.993045233298233,True,prefix,SPM_with_SPMe_parameters
1849.0,3.4892156994297214,3.5420739697233294,28.7,27.994318574842055,True,prefix,SPM_with_SPMe_parameters
1850.0,3.488917913451862,3.541844658472252,28.7,27.99559190075729,True,prefix,SPM_with_SPMe_parameters
1851.0,3.4889,3.5416149995662023,28.7,27.996865211044053,True,prefix,SPM_with_SPMe_parameters
1852.0,3.488638040925864,3.5413849901572925,28.7,27.998138505702286,True,prefix,SPM_with_SPMe_parameters
1853.0,3.488348104662865,3.5411546273964367,28.6,27.999411784732047,True,prefix,SPM_with_SPMe_parameters
1854.0,3.4880581683998657,3.540923908433496,28.6,28.000685048133334,True,prefix,SPM_with_SPMe_parameters
1855.0,3.4877682321368666,3.5406928304174614,28.7,28.00195829590615,True,prefix,SPM_with_SPMe_parameters
1856.0,3.487478295873868,3.540461390496568,28.6,28.003231528050378,True,prefix,SPM_with_SPMe_parameters
1857.0,3.487188359610869,3.540229585818481,28.7,28.004504744566134,True,prefix,SPM_with_SPMe_parameters
1858.0,3.486831231130493,3.5399974135304624,28.7,28.005777945453417,True,prefix,SPM_with_SPMe_parameters
1859.0,3.4867,3.539764870779506,28.7,28.00705113071217,True,prefix,SPM_with_SPMe_parameters
1860.0,3.486337101643744,3.539531954712535,28.7,28.00832430034245,True,prefix,SPM_with_SPMe_parameters
1861.0,3.4861,3.53929866247656,28.7,28.009597454344203,True,prefix,SPM_with_SPMe_parameters
1862.0,3.4859386782958737,3.5390649912188588,28.8,28.01087059271748,True,prefix,SPM_with_SPMe_parameters
1863.0,3.4856487420328746,3.5388309380871577,28.7,28.01214371546223,True,prefix,SPM_with_SPMe_parameters
1864.0,3.485358805769876,3.5385965002298123,28.7,28.01341682257845,True,prefix,SPM_with_SPMe_parameters
1865.0,3.4850688695068768,3.53836167479598,28.7,28.014689914066253,True,prefix,SPM_with_SPMe_parameters
1866.0,3.4849,3.5381264589358405,28.7,28.01596298992547,True,prefix,SPM_with_SPMe_parameters
1867.0,3.484788996980879,3.5378908498007653,28.7,28.01723605015627,True,prefix,SPM_with_SPMe_parameters
1868.0,3.48449906071788,3.5376548445435017,28.7,28.018509094758485,True,prefix,SPM_with_SPMe_parameters
1869.0,3.484209124454881,3.5374184403184197,28.6,28.019782123732284,True,prefix,SPM_with_SPMe_parameters
1870.0,3.483892250922509,3.537181634281665,28.6,28.021055137077497,True,prefix,SPM_with_SPMe_parameters
1871.0,3.483529251928883,3.536944423591403,28.6,28.022328134794236,True,prefix,SPM_with_SPMe_parameters
1872.0,3.483239315665884,3.5367068054080026,28.7,28.023601116882503,True,prefix,SPM_with_SPMe_parameters
1873.0,3.483,3.536468776894282,28.7,28.02487408334224,True,prefix,SPM_with_SPMe_parameters
1874.0,3.482918886279772,3.5362303352156976,28.7,28.02614703417356,True,prefix,SPM_with_SPMe_parameters
1875.0,3.4824,3.5359914775405796,28.6,28.02741996937624,True,prefix,SPM_with_SPMe_parameters
1876.0,3.482379570613888,3.5357522010403564,28.7,28.028692888950502,True,prefix,SPM_with_SPMe_parameters
1877.0,3.482089634350889,3.535512502889797,28.7,28.02996579289629,True,prefix,SPM_with_SPMe_parameters
1878.0,3.4817993961757794,3.535272380267226,28.6,28.031238681213495,True,prefix,SPM_with_SPMe_parameters
1879.0,3.481219523649782,3.5350318303547654,28.6,28.03251155390228,True,prefix,SPM_with_SPMe_parameters
1880.0,3.4812,3.534790850338582,28.7,28.033784410962483,True,prefix,SPM_with_SPMe_parameters
1881.0,3.480929889298893,3.534549437409136,28.6,28.035057252394267,True,prefix,SPM_with_SPMe_parameters
1882.0,3.4805532707145255,3.5343075887614073,28.6,28.036330078197523,True,prefix,SPM_with_SPMe_parameters
1883.0,3.480250016772895,3.534065301595189,28.6,28.03760288837225,True,prefix,SPM_with_SPMe_parameters
1884.0,3.4799600805098962,3.533822573115296,28.6,28.038875682918558,True,prefix,SPM_with_SPMe_parameters
1885.0,3.479670144246897,3.5335794005318757,28.6,28.040148461836225,True,prefix,SPM_with_SPMe_parameters
1886.0,3.479380207983898,3.5333357810606203,28.6,28.041421225125475,True,prefix,SPM_with_SPMe_parameters
1887.0,3.4793,3.53309171192309,28.7,28.042693972786253,True,prefix,SPM_with_SPMe_parameters
1888.0,3.4791003354579,3.532847190346936,28.6,28.0439667048185,True,prefix,SPM_with_SPMe_parameters
1889.0,3.478810399194901,3.532602213566205,28.6,28.045239421222277,True,prefix,SPM_with_SPMe_parameters
1890.0,3.478520462931902,3.532356778821628,28.6,28.046512121997466,True,prefix,SPM_with_SPMe_parameters
1891.0,3.478230526668903,3.5321108833608656,28.7,28.04778480714424,True,prefix,SPM_with_SPMe_parameters
1892.0,3.477940590405904,3.531864524438842,28.8,28.049057476662483,True,prefix,SPM_with_SPMe_parameters
1893.0,3.47760087219054,3.5316176993180015,28.7,28.050330130552197,True,prefix,SPM_with_SPMe_parameters
1894.0,3.4774,3.531370405268628,28.7,28.051602768813495,True,prefix,SPM_with_SPMe_parameters
1895.0,3.477270781616907,3.5311226395691433,28.8,28.05287539144615,True,prefix,SPM_with_SPMe_parameters
1896.0,3.476980845353908,3.530874399506387,28.8,28.054147998450446,True,prefix,SPM_with_SPMe_parameters
1897.0,3.4766909090909093,3.5306256823759585,28.8,28.055420589826156,True,prefix,SPM_with_SPMe_parameters
1898.0,3.47640097282791,3.5303764854825097,28.7,28.056693165573392,True,prefix,SPM_with_SPMe_parameters
1899.0,3.476111036564911,3.5301268061400584,28.7,28.057965725692156,True,prefix,SPM_with_SPMe_parameters
1900.0,3.4759,3.529876641672334,28.8,28.05923827018239,True,prefix,SPM_with_SPMe_parameters
1901.0,3.475831164038913,3.52962598941305,28.8,28.060510799044096,True,prefix,SPM_with_SPMe_parameters
1902.0,3.475541227775914,3.5293748467063004,28.8,28.061783312277385,True,prefix,SPM_with_SPMe_parameters
1903.0,3.475251291512915,3.5291232109068282,28.6,28.063055809882087,True,prefix,SPM_with_SPMe_parameters
1904.0,3.474961355249916,3.5288710793804143,28.8,28.064328291858374,True,prefix,SPM_with_SPMe_parameters
1905.0,3.4747,3.5286184495041693,28.8,28.065600758206074,True,prefix,SPM_with_SPMe_parameters
1906.0,3.4746567930224757,3.52836531866692,28.8,28.0668732089253,True,prefix,SPM_with_SPMe_parameters
1907.0,3.4739830929218387,3.5281116842695273,28.7,28.068145644016056,True,prefix,SPM_with_SPMe_parameters
1908.0,3.47340322039584,3.5278575437252497,28.8,28.06941806347828,True,prefix,SPM_with_SPMe_parameters
1909.0,3.4734,3.5276028944601023,28.8,28.070690467311977,True,prefix,SPM_with_SPMe_parameters
1910.0,3.473121737671922,3.527347733913209,28.8,28.071962855517256,True,prefix,SPM_with_SPMe_parameters
1911.0,3.472831801408923,3.5270920595371713,28.8,28.07323522809395,True,prefix,SPM_with_SPMe_parameters
1912.0,3.4725418651459243,3.526835868798425,28.9,28.074507585042227,True,prefix,SPM_with_SPMe_parameters
1913.0,3.472251928882925,3.5265791591776323,28.7,28.075779926361918,True,prefix,SPM_with_SPMe_parameters
1914.0,3.4722,3.5263219281700358,28.8,28.077052252053136,True,prefix,SPM_with_SPMe_parameters
1915.0,3.471972056356927,3.5260641732858446,28.8,28.07832456211588,True,prefix,SPM_with_SPMe_parameters
1916.0,3.471682120093928,3.5258058920506206,28.8,28.079596856550154,True,prefix,SPM_with_SPMe_parameters
1917.0,3.4713229117745725,3.5255470820056574,28.7,28.08086913535584,True,prefix,SPM_with_SPMe_parameters
1918.0,3.47100224756793,3.5252877407083814,28.7,28.082141398533054,True,prefix,SPM_with_SPMe_parameters
1919.0,3.4707123113049314,3.5250278657327168,28.7,28.083413646081794,True,prefix,SPM_with_SPMe_parameters
1920.0,3.4704223750419323,3.5247674546695333,28.7,28.084685878002063,True,prefix,SPM_with_SPMe_parameters
1921.0,3.4703,3.5245065051269964,28.8,28.085958094293687,True,prefix,SPM_with_SPMe_parameters
1922.0,3.4701425025159343,3.524245014730993,28.8,28.087230294956953,True,prefix,SPM_with_SPMe_parameters
1923.0,3.469852566252935,3.5239829811255494,28.8,28.088502479991746,True,prefix,SPM_with_SPMe_parameters
1924.0,3.469562629989936,3.5237204019732165,28.8,28.089774649397896,True,prefix,SPM_with_SPMe_parameters
1925.0,3.4692726937269374,3.52345727495551,28.7,28.09104680317563,True,prefix,SPM_with_SPMe_parameters
1926.0,3.4689827574639382,3.5231935977733135,28.7,28.092318941324834,True,prefix,SPM_with_SPMe_parameters
1927.0,3.4688,3.52292936814731,28.8,28.093591063845565,True,prefix,SPM_with_SPMe_parameters
1928.0,3.46870288493794,3.5226645838183845,28.8,28.094863170737767,True,prefix,SPM_with_SPMe_parameters
1929.0,3.4683839315665885,3.5223992425480897,28.7,28.096135262001553,True,prefix,SPM_with_SPMe_parameters
1930.0,3.4680230124119427,3.5221333421190306,28.7,28.097407337636753,True,prefix,SPM_with_SPMe_parameters
1931.0,3.467733076148943,3.5218668803353523,28.8,28.09867939764348,True,prefix,SPM_with_SPMe_parameters
1932.0,3.467443139885944,3.5215998550231244,28.8,28.099951442021677,True,prefix,SPM_with_SPMe_parameters
1933.0,3.4671532036229453,3.5213322640308236,28.8,28.1012234707714,True,prefix,SPM_with_SPMe_parameters
1934.0,3.4669,3.521064105229743,28.8,28.102495483892596,True,prefix,SPM_with_SPMe_parameters
1935.0,3.4668733310969473,3.520795376514464,28.8,28.10376748138532,True,prefix,SPM_with_SPMe_parameters
1936.0,3.4665833948339486,3.5205260758032937,28.8,28.105039463249568,True,prefix,SPM_with_SPMe_parameters
1937.0,3.4662934585709495,3.520256201038722,28.8,28.10631142948523,True,prefix,SPM_with_SPMe_parameters
1938.0,3.4660035223079504,3.5199857501878724,28.8,28.10758338009248,True,prefix,SPM_with_SPMe_parameters
1939.0,3.4654271720899024,3.519714721242961,28.8,28.108855315071196,True,prefix,SPM_with_SPMe_parameters
1940.0,3.4650315330426027,3.519443112221745,28.8,28.110127234421384,True,prefix,SPM_with_SPMe_parameters
1941.0,3.465,3.519170921168023,28.8,28.1113991381431,True,prefix,SPM_with_SPMe_parameters
1942.0,3.4647437772559546,3.518898146152043,28.8,28.11267102623634,True,prefix,SPM_with_SPMe_parameters
1943.0,3.4644538409929555,3.518624785271015,28.8,28.113942898700998,True,prefix,SPM_with_SPMe_parameters
1944.0,3.4641639047299564,3.518350836649564,28.8,28.115214755537238,True,prefix,SPM_with_SPMe_parameters
1945.0,3.4638739684669573,3.5180762984401968,28.8,28.11648659674495,True,prefix,SPM_with_SPMe_parameters
1946.0,3.463584032203958,3.517801168823796,28.8,28.117758422324187,True,prefix,SPM_with_SPMe_parameters
1947.0,3.4632940959409595,3.5175254460100565,28.8,28.119030232274895,True,prefix,SPM_with_SPMe_parameters
1948.0,3.4632,3.5172491282380136,28.8,28.12030202659713,True,prefix,SPM_with_SPMe_parameters
1949.0,3.4630142234149615,3.516972213776481,28.8,28.12157380529078,True,prefix,SPM_with_SPMe_parameters
1950.0,3.4627242871519623,3.516694700924551,28.8,28.122845568356013,True,prefix,SPM_with_SPMe_parameters
1951.0,3.4624343508889632,3.5164165880120777,28.8,28.124117315792716,True,prefix,SPM_with_SPMe_parameters
1952.0,3.462092552834619,3.516137873400161,28.8,28.12538904760089,True,prefix,SPM_with_SPMe_parameters
1953.0,3.4617544783629652,3.515858555481618,28.8,28.126660763780592,True,prefix,SPM_with_SPMe_parameters
1954.0,3.4616,3.5155786326814926,28.8,28.127932464331877,True,prefix,SPM_with_SPMe_parameters
1955.0,3.461474605836967,3.515298103457528,28.8,28.12920414925452,True,prefix,SPM_with_SPMe_parameters
1956.0,3.4611846695739685,3.5150169663006596,28.8,28.130475818548746,True,prefix,SPM_with_SPMe_parameters
1957.0,3.4608947333109694,3.5147352197355146,28.8,28.131747472214442,True,prefix,SPM_with_SPMe_parameters
1958.0,3.4606047970479707,3.5144528623208893,28.8,28.133019110251666,True,prefix,SPM_with_SPMe_parameters
1959.0,3.4603148607849716,3.5141698926502554,28.7,28.13429073266036,True,prefix,SPM_with_SPMe_parameters
1960.0,3.4600249245219725,3.5138863093522383,28.7,28.135562339440582,True,prefix,SPM_with_SPMe_parameters
1961.0,3.4598,3.5136021110911173,28.8,28.136833930592218,True,prefix,SPM_with_SPMe_parameters
1962.0,3.4597450519959745,3.513317296567327,28.8,28.138105506115437,True,prefix,SPM_with_SPMe_parameters
1963.0,3.4594551157329754,3.5130318645179512,28.8,28.139377066010127,True,prefix,SPM_with_SPMe_parameters
1964.0,3.459153572626635,3.512745813717179,28.8,28.140648610276287,True,prefix,SPM_with_SPMe_parameters
1965.0,3.4587752432069774,3.512459142976875,29.0,28.14192013891403,True,prefix,SPM_with_SPMe_parameters
1966.0,3.4584853069439787,3.512171851147,28.8,28.143191651923246,True,prefix,SPM_with_SPMe_parameters
1967.0,3.4582,3.511883937116142,28.8,28.144463149303988,True,prefix,SPM_with_SPMe_parameters
1968.0,3.4582,3.511595399812001,28.8,28.145734631056143,True,prefix,SPM_with_SPMe_parameters
1969.0,3.457630996309963,3.511306238201892,28.8,28.147006097179826,True,prefix,SPM_with_SPMe_parameters
1970.0,3.4573255618919827,3.511016451293221,28.8,28.14827754767498,True,prefix,SPM_with_SPMe_parameters
1971.0,3.4570356256289836,3.510726038133993,28.8,28.149548982541717,True,prefix,SPM_with_SPMe_parameters
1972.0,3.4567456893659845,3.510434997813284,28.8,28.150820401779924,True,prefix,SPM_with_SPMe_parameters
1973.0,3.4564557531029854,3.5101433294617532,29.0,28.152091805389603,True,prefix,SPM_with_SPMe_parameters
1974.0,3.4564,3.5098510322521155,28.8,28.153363193370808,True,prefix,SPM_with_SPMe_parameters
1975.0,3.455877054679638,3.509558105399638,28.9,28.154634565723484,True,prefix,SPM_with_SPMe_parameters
1976.0,3.4557,3.5092645481626303,29.0,28.155905922447687,True,prefix,SPM_with_SPMe_parameters
1977.0,3.4554960080509898,3.508970359842889,28.9,28.15717726354336,True,prefix,SPM_with_SPMe_parameters
1978.0,3.4552060717879907,3.5086755397862435,28.9,28.15844858901056,True,prefix,SPM_with_SPMe_parameters
1979.0,3.4549161355249915,3.5083800873829896,29.0,28.15971989884929,True,prefix,SPM_with_SPMe_parameters
1980.0,3.4546261992619924,3.508084002068387,29.0,28.16099119305943,True,prefix,SPM_with_SPMe_parameters
1981.0,3.4545,3.5077872833231307,29.0,28.162262471641156,True,prefix,SPM_with_SPMe_parameters
1982.0,3.454346326735995,3.5074899306738176,28.9,28.163533734594353,True,prefix,SPM_with_SPMe_parameters
1983.0,3.4540563904729957,3.5071919436934285,28.8,28.16480498191902,True,prefix,SPM_with_SPMe_parameters
1984.0,3.4537664542099966,3.5068933220017966,28.9,28.166076213615213,True,prefix,SPM_with_SPMe_parameters
1985.0,3.4534765179469975,3.5065940652660497,29.0,28.167347429682877,True,prefix,SPM_with_SPMe_parameters
1986.0,3.4531865816839984,3.5062941732011166,29.0,28.16861863012207,True,prefix,SPM_with_SPMe_parameters
1987.0,3.453,3.5059936455701317,29.0,28.169889814932787,True,prefix,SPM_with_SPMe_parameters
1988.0,3.452875612210667,3.505692482184932,29.0,28.171160984114977,True,prefix,SPM_with_SPMe_parameters
1989.0,3.4525167728950015,3.5053906829064907,29.0,28.172432137668636,True,prefix,SPM_with_SPMe_parameters
1990.0,3.452226836632003,3.5050882476453706,29.0,28.173703275593823,True,prefix,SPM_with_SPMe_parameters
1991.0,3.4519369003690037,3.504785176362156,28.8,28.17497439789048,True,prefix,SPM_with_SPMe_parameters
1992.0,3.4517,3.504481469067909,28.8,28.176245504558665,True,prefix,SPM_with_SPMe_parameters
1993.0,3.451657027843006,3.5041771258245964,29.0,28.177516595598377,True,prefix,SPM_with_SPMe_parameters
1994.0,3.4513670915800065,3.503872146745507,29.0,28.178787671009502,True,prefix,SPM_with_SPMe_parameters
1995.0,3.4510771553170074,3.503566531995709,29.0,28.18005873079221,True,prefix,SPM_with_SPMe_parameters
1996.0,3.4507872190540088,3.503260281792438,29.0,28.18132977494639,True,prefix,SPM_with_SPMe_parameters
1997.0,3.4504972827910096,3.5029533964055326,29.0,28.18260080347204,True,prefix,SPM_with_SPMe_parameters
1998.0,3.450207346528011,3.5026458761578394,29.0,28.18387181636922,True,prefix,SPM_with_SPMe_parameters
1999.0,3.4502,3.5023377214256137,29.0,28.18514281363798,True,prefix,SPM_with_SPMe_parameters
2000.0,3.449291580006709,3.502028932638929,29.0,28.1864137952781,True,prefix,SPM_with_SPMe_parameters
2001.0,3.4492,3.5017195102820535,29.0,28.187684761289802,True,prefix,SPM_with_SPMe_parameters
2002.0,3.4489476014760148,3.5014094548938535,29.0,28.188955711672918,True,prefix,SPM_with_SPMe_parameters
2003.0,3.4486576652130156,3.501098767068171,29.0,28.190226646427618,True,prefix,SPM_with_SPMe_parameters
2004.0,3.448367728950017,3.5007874474541847,29.0,28.191497565553846,True,prefix,SPM_with_SPMe_parameters
2005.0,3.4483,3.5004754967568097,29.0,28.192768469051487,True,prefix,SPM_with_SPMe_parameters
2006.0,3.4478757128480377,3.5001629157370133,29.0,28.19403935692071,True,prefix,SPM_with_SPMe_parameters
2007.0,3.4477,3.499849705212214,29.0,28.19531022916135,True,prefix,SPM_with_SPMe_parameters
2008.0,3.4475079838980207,3.4995358660566005,29.0,28.196581085773516,True,prefix,SPM_with_SPMe_parameters
2009.0,3.4472180476350216,3.4992213992014864,29.0,28.19785192675721,True,prefix,SPM_with_SPMe_parameters
2010.0,3.446928111372023,3.498906305635615,29.0,28.199122752112316,True,prefix,SPM_with_SPMe_parameters
2011.0,3.4465842334786987,3.4985905864055327,29.0,28.200393561839064,True,prefix,SPM_with_SPMe_parameters
2012.0,3.446248238846025,3.4982742426158513,29.0,28.201664355937226,True,prefix,SPM_with_SPMe_parameters
2013.0,3.4461,3.497957275429601,29.0,28.202935134406914,True,prefix,SPM_with_SPMe_parameters
2014.0,3.445968366320027,3.4976396860685033,29.0,28.204205897248073,True,prefix,SPM_with_SPMe_parameters
2015.0,3.445678430057028,3.497321491317896,29.0,28.205484027091813,True,prefix,SPM_with_SPMe_parameters
2016.0,3.4453884937940287,3.4970026880511584,29.0,28.206767396247244,True,prefix,SPM_with_SPMe_parameters
2017.0,3.4450985575310296,3.4966832668214387,29.0,28.208050839895122,True,prefix,SPM_with_SPMe_parameters
2018.0,3.4449,3.4963632290881166,29.0,28.209334358035676,True,prefix,SPM_with_SPMe_parameters
2019.0,3.444818685005032,3.4960425763706375,29.0,28.210617950668734,True,prefix,SPM_with_SPMe_parameters
2020.0,3.444528748742033,3.4957213102487605,29.0,28.21190161779441,True,prefix,SPM_with_SPMe_parameters
2021.0,3.444238812479034,3.4953994323627846,29.0,28.21318535941259,True,prefix,SPM_with_SPMe_parameters
2022.0,3.4439488762160346,3.495076944413802,29.0,28.21446917552339,True,prefix,SPM_with_SPMe_parameters
2023.0,3.4436452532707147,3.4947538481638882,29.0,28.215753066126695,True,prefix,SPM_with_SPMe_parameters
2024.0,3.4432690036900366,3.4944301454363162,29.0,28.217037031222617,True,prefix,SPM_with_SPMe_parameters
2025.0,3.443,3.49410583811576,29.0,28.218321070811157,True,prefix,SPM_with_SPMe_parameters
2026.0,3.442989131164039,3.4937809281484777,29.0,28.219605184892146,True,prefix,SPM_with_SPMe_parameters
2027.0,3.44269919490104,3.4934554175424606,29.0,28.22088937346581,True,prefix,SPM_with_SPMe_parameters
2028.0,3.4424092586380413,3.493129308367644,29.2,28.22217363653192,True,prefix,SPM_with_SPMe_parameters
2029.0,3.441838644750084,3.492802602756032,29.0,28.223457974090707,True,prefix,SPM_with_SPMe_parameters
2030.0,3.441529386112043,3.4924753029018243,29.0,28.224742386141997,True,prefix,SPM_with_SPMe_parameters
2031.0,3.4415,3.492147411061585,29.0,28.226026872685907,True,prefix,SPM_with_SPMe_parameters
2032.0,3.441249513586045,3.491818929554329,29.0,28.22731143372232,True,prefix,SPM_with_SPMe_parameters
2033.0,3.440959577323046,3.491489860761646,29.2,28.228596069251353,True,prefix,SPM_with_SPMe_parameters
2034.0,3.440669641060047,3.4911602071277894,29.2,28.229880779272946,True,prefix,SPM_with_SPMe_parameters
2035.0,3.4403062730627307,3.4908299711597577,29.1,28.2311655637871,True,prefix,SPM_with_SPMe_parameters
2036.0,3.439989768534049,3.4904991554273717,29.0,28.232450422793818,True,prefix,SPM_with_SPMe_parameters
2037.0,3.4399,3.4901677625633205,29.1,28.23373535629304,True,prefix,SPM_with_SPMe_parameters
2038.0,3.439709896008051,3.4898357952632337,29.2,28.235020364284935,True,prefix,SPM_with_SPMe_parameters
2039.0,3.439419959745052,3.4895032562856754,29.1,28.23630544676928,True,prefix,SPM_with_SPMe_parameters
2040.0,3.4391300234820528,3.489170148452213,29.1,28.23759060374624,True,prefix,SPM_with_SPMe_parameters
2041.0,3.438840087219054,3.488836474647368,29.2,28.238875835215822,True,prefix,SPM_with_SPMe_parameters
2042.0,3.438550150956055,3.4885022378186687,29.1,28.240161141177964,True,prefix,SPM_with_SPMe_parameters
2043.0,3.4384,3.4881674409765875,29.1,28.24144652163261,True,prefix,SPM_with_SPMe_parameters
2044.0,3.438270278430057,3.4878320871945316,29.1,28.242731976579876,True,prefix,SPM_with_SPMe_parameters
2045.0,3.437980342167058,3.4874961796088035,29.1,28.244017506019702,True,prefix,SPM_with_SPMe_parameters
2046.0,3.437690405904059,3.4871597214185055,29.2,28.24530310995209,True,prefix,SPM_with_SPMe_parameters
2047.0,3.4373672928547467,3.4868227158855225,29.1,28.246588788376982,True,prefix,SPM_with_SPMe_parameters
2048.0,3.437010533378061,3.4864851663343814,29.1,28.247874541294493,True,prefix,SPM_with_SPMe_parameters
2049.0,3.4368,3.4861470761521955,29.1,28.249160368704622,True,prefix,SPM_with_SPMe_parameters
2050.0,3.436730660852063,3.485808448788518,29.0,28.250446270607256,True,prefix,SPM_with_SPMe_parameters
2051.0,3.436440724589064,3.485469287755244,29.0,28.25173224700245,True,prefix,SPM_with_SPMe_parameters
2052.0,3.436150788326065,3.4851295966264146,29.0,28.253018297890264,True,prefix,SPM_with_SPMe_parameters
2053.0,3.4358608520630662,3.4847893790381477,29.0,28.254304423270582,True,prefix,SPM_with_SPMe_parameters
2054.0,3.435570915800067,3.4844486386883773,29.0,28.255590623143462,True,prefix,SPM_with_SPMe_parameters
2055.0,3.435280979537068,3.4841073793367268,29.0,28.25687689750896,True,prefix,SPM_with_SPMe_parameters
2056.0,3.435,3.4837656048042844,29.2,28.25816324636702,True,prefix,SPM_with_SPMe_parameters
2057.0,3.435,3.483423318973397,29.0,28.25944966971764,True,prefix,SPM_with_SPMe_parameters
2058.0,3.434711170748071,3.48308052578743,29.0,28.260736167560765,True,prefix,SPM_with_SPMe_parameters
2059.0,3.434328312646763,3.48273722925055,29.0,28.262022739896565,True,prefix,SPM_with_SPMe_parameters
2060.0,3.4337625964441463,3.4823934334274327,29.0,28.26330938672487,True,prefix,SPM_with_SPMe_parameters
2061.0,3.433441361959074,3.4820491424430107,29.0,28.264596108045737,True,prefix,SPM_with_SPMe_parameters
2062.0,3.433151425696075,3.481704360482193,29.0,28.265882903859165,True,prefix,SPM_with_SPMe_parameters
2063.0,3.4331,3.4813590917895243,29.0,28.26716977416521,True,prefix,SPM_with_SPMe_parameters
2064.0,3.432871553170077,3.4810133406689223,29.0,28.268456718963762,True,prefix,SPM_with_SPMe_parameters
2065.0,3.432581616907078,3.480667111483291,29.0,28.26974373825493,True,prefix,SPM_with_SPMe_parameters
2066.0,3.432291680644079,3.4803204086542148,29.0,28.271030832038605,True,prefix,SPM_with_SPMe_parameters
2067.0,3.4320017443810804,3.4799732366615697,29.1,28.272318000314897,True,prefix,SPM_with_SPMe_parameters
2068.0,3.4317118081180813,3.4796256000431667,29.2,28.27360524308375,True,prefix,SPM_with_SPMe_parameters
2069.0,3.4316,3.479277503394326,29.2,28.274892560345222,True,prefix,SPM_with_SPMe_parameters
2070.0,3.4313759141227775,3.478928951367511,29.2,28.27617995209914,True,prefix,SPM_with_SPMe_parameters
2071.0,3.431041999329084,3.478579948671882,29.2,28.277467418345736,True,prefix,SPM_with_SPMe_parameters
2072.0,3.4307520630660853,3.478230500072858,29.2,28.27875495908478,True,prefix,SPM_with_SPMe_parameters
2073.0,3.430462126803086,3.477880610391666,29.2,28.28004257431644,True,prefix,SPM_with_SPMe_parameters
2074.0,3.430172190540087,3.477530284504887,29.2,28.28133026404072,True,prefix,SPM_with_SPMe_parameters
2075.0,3.43,3.4771795273439583,29.2,28.28261802825756,True,prefix,SPM_with_SPMe_parameters
2076.0,3.4297846360281783,3.476828343894684,29.2,28.283905866966904,True,prefix,SPM_with_SPMe_parameters
2077.0,3.4294,3.4764767391967157,29.1,28.285193780168868,True,prefix,SPM_with_SPMe_parameters
2078.0,3.429312445488091,3.4761247183430353,29.1,28.286481767863393,True,prefix,SPM_with_SPMe_parameters
2079.0,3.429022509225092,3.4757722864794145,29.1,28.28776983005048,True,prefix,SPM_with_SPMe_parameters
2080.0,3.428732572962093,3.475419448803847,29.0,28.289057966730127,True,prefix,SPM_with_SPMe_parameters
2081.0,3.4284235155987925,3.4750662105659926,29.0,28.29034617790228,True,prefix,SPM_with_SPMe_parameters
2082.0,3.4281,3.4747125770665868,29.0,28.291634463567107,True,prefix,SPM_with_SPMe_parameters
2083.0,3.4280627641730965,3.474358553656827,29.2,28.29292282372444,True,prefix,SPM_with_SPMe_parameters
2084.0,3.4277728279100974,3.474004145737793,29.2,28.29421125837439,True,prefix,SPM_with_SPMe_parameters
2085.0,3.4274828916470983,3.473649358759785,29.2,28.295499767516844,True,prefix,SPM_with_SPMe_parameters
2086.0,3.427192955384099,3.473294198221699,29.0,28.29678835115186,True,prefix,SPM_with_SPMe_parameters
2087.0,3.4269030191211,3.4729386696703783,29.2,28.298077009279496,True,prefix,SPM_with_SPMe_parameters
2088.0,3.4269,3.472582778699919,29.2,28.299365741899635,True,prefix,SPM_with_SPMe_parameters
2089.0,3.4266231465951025,3.4722265309510174,29.2,28.300654549012393,True,prefix,SPM_with_SPMe_parameters
2090.0,3.4263332103321034,3.471869932110244,29.2,28.301943430617712,True,prefix,SPM_with_SPMe_parameters
2091.0,3.4257865481382086,3.4715129879093616,29.2,28.30323238671565,True,prefix,SPM_with_SPMe_parameters
2092.0,3.425453337806105,3.4711557041245746,29.0,28.304521417306034,True,prefix,SPM_with_SPMe_parameters
2093.0,3.425084535390808,3.47079808657581,29.2,28.305810522389095,True,prefix,SPM_with_SPMe_parameters
2094.0,3.425,3.470440141125963,29.2,28.307099701964603,True,prefix,SPM_with_SPMe_parameters
2095.0,3.4247835290171085,3.4700818736801358,29.2,28.308388956032786,True,prefix,SPM_with_SPMe_parameters
2096.0,3.4244935927541094,3.469723290184855,29.2,28.30967828459353,True,prefix,SPM_with_SPMe_parameters
2097.0,3.4242036564911102,3.4693643966272925,29.1,28.31096768764678,True,prefix,SPM_with_SPMe_parameters
2098.0,3.423913720228111,3.469005199034459,29.1,28.31225716519259,True,prefix,SPM_with_SPMe_parameters
2099.0,3.4236237839651125,3.468645703472402,29.2,28.31354671723102,True,prefix,SPM_with_SPMe_parameters
2100.0,3.4235,3.468285916045358,29.2,28.31483634376201,True,prefix,SPM_with_SPMe_parameters
2101.0,3.4233439114391144,3.467925842894951,29.2,28.316126044785562,True,prefix,SPM_with_SPMe_parameters
2102.0,3.4230539751761153,3.4675654901993105,29.2,28.317415820301676,True,prefix,SPM_with_SPMe_parameters
2103.0,3.422764038913116,3.467204864172235,29.2,28.318705670310408,True,prefix,SPM_with_SPMe_parameters
2104.0,3.4224741026501175,3.466843971062312,29.2,28.319995594811587,True,prefix,SPM_with_SPMe_parameters
2105.0,3.4223,3.4664828171520368,29.2,28.32128559380544,True,prefix,SPM_with_SPMe_parameters
2106.0,3.4221589734988256,3.4661214087569236,29.2,28.3225756672918,True,prefix,SPM_with_SPMe_parameters
2107.0,3.4218042938611206,3.4657597522246024,29.2,28.32386581527072,True,prefix,SPM_with_SPMe_parameters
2108.0,3.4215143575981215,3.465397853933902,29.2,28.325156037742317,True,prefix,SPM_with_SPMe_parameters
2109.0,3.4212244213351224,3.465035720293935,29.2,28.32644633470636,True,prefix,SPM_with_SPMe_parameters
2110.0,3.4209344850721233,3.464673357743161,29.2,28.327736706163023,True,prefix,SPM_with_SPMe_parameters
2111.0,3.4207,3.464310772748438,29.2,28.329027152112246,True,prefix,SPM_with_SPMe_parameters
2112.0,3.4206546125461257,3.463947971804083,29.2,28.330317672553974,True,prefix,SPM_with_SPMe_parameters
2113.0,3.420364676283126,3.4635849614309007,29.2,28.33160826748832,True,prefix,SPM_with_SPMe_parameters
2114.0,3.4200747400201275,3.4632217481752243,29.2,28.332898936915285,True,prefix,SPM_with_SPMe_parameters
2115.0,3.4197848037571283,3.462858338607923,29.2,28.334189680834697,True,prefix,SPM_with_SPMe_parameters
2116.0,3.4194948674941297,3.4624947393234353,29.2,28.335480499246785,True,prefix,SPM_with_SPMe_parameters
2117.0,3.4192049312311306,3.4621309569387635,29.2,28.336771392151377,True,prefix,SPM_with_SPMe_parameters
2118.0,3.418819993290842,3.461766998092463,29.2,28.338062359548587,True,prefix,SPM_with_SPMe_parameters
2119.0,3.4188,3.4614028694436576,29.2,28.33935340143836,True,prefix,SPM_with_SPMe_parameters
2120.0,3.4185351224421336,3.461038577670991,29.2,28.340644517820635,True,prefix,SPM_with_SPMe_parameters
2121.0,3.4179903723582687,3.4606741294716485,29.2,28.34193570869553,True,prefix,SPM_with_SPMe_parameters
2122.0,3.4176552499161357,3.4603095315602728,29.2,28.343226974062986,True,prefix,SPM_with_SPMe_parameters
2123.0,3.4173653136531366,3.459944790667973,29.2,28.344518313923004,True,prefix,SPM_with_SPMe_parameters
2124.0,3.4170753773901374,3.4595799135412575,29.2,28.345809728275526,True,prefix,SPM_with_SPMe_parameters
2125.0,3.417,3.459214906941007,29.2,28.347101217120724,True,prefix,SPM_with_SPMe_parameters
2126.0,3.4167955048641394,3.458849777641391,29.2,28.348392780458425,True,prefix,SPM_with_SPMe_parameters
2127.0,3.4165055686011407,3.458484532428839,29.2,28.34968441828869,True,prefix,SPM_with_SPMe_parameters
2128.0,3.4162156323381416,3.4581191781009704,29.2,28.35097613061157,True,prefix,SPM_with_SPMe_parameters
2129.0,3.415867594766857,3.4577537214655116,29.2,28.352267917426957,True,prefix,SPM_with_SPMe_parameters
2130.0,3.4155357598121436,3.4573881693392563,29.2,28.35355977873496,True,prefix,SPM_with_SPMe_parameters
2131.0,3.4154,3.457022528546946,29.2,28.35485171453547,True,prefix,SPM_with_SPMe_parameters
2132.0,3.4152558872861456,3.456656805920251,29.2,28.3561437248286,True,prefix,SPM_with_SPMe_parameters
2133.0,3.4149659510231465,3.4562910082966174,29.2,28.357435809614287,True,prefix,SPM_with_SPMe_parameters
2134.0,3.4146760147601474,3.4559251425182493,29.2,28.358727968892538,True,prefix,SPM_with_SPMe_parameters
2135.0,3.4143860784971487,3.4555592154309727,29.2,28.36002020266335,True,prefix,SPM_with_SPMe_parameters
2136.0,3.4140961422341496,3.4551932338831874,29.2,28.36131251092678,True,prefix,SPM_with_SPMe_parameters
2137.0,3.4139,3.4548272047247317,29.2,28.362604893682658,True,prefix,SPM_with_SPMe_parameters
2138.0,3.4138162697081516,3.454461134805833,29.2,28.36389735093121,True,prefix,SPM_with_SPMe_parameters
2139.0,3.413526333445153,3.454095030975971,29.2,28.36518988267227,True,prefix,SPM_with_SPMe_parameters
2140.0,3.4132363971821538,3.453728900082834,29.2,28.366482488905888,True,prefix,SPM_with_SPMe_parameters
2141.0,3.4129286145588726,3.4533627489711742,29.2,28.367775169632182,True,prefix,SPM_with_SPMe_parameters
2142.0,3.4125565246561558,3.452996584481735,29.3,28.369067924850924,True,prefix,SPM_with_SPMe_parameters
2143.0,3.4122665883931567,3.452630413450163,29.4,28.370360754562284,True,prefix,SPM_with_SPMe_parameters
2144.0,3.412,3.4522642427058905,29.1,28.371653658766206,True,prefix,SPM_with_SPMe_parameters
2145.0,3.4119867158671586,3.4518980790710603,29.4,28.37294663746269,True,prefix,SPM_with_SPMe_parameters
2146.0,3.41169677960416,3.451531929359434,29.4,28.374239690651677,True,prefix,SPM_with_SPMe_parameters
2147.0,3.411406843341161,3.4511658003752697,29.2,28.37553281833334,True,prefix,SPM_with_SPMe_parameters
2148.0,3.4111169070781613,3.4507996989122662,29.1,28.376826020507508,True,prefix,SPM_with_SPMe_parameters
2149.0,3.4111,3.4504336317524573,29.2,28.378119297174237,True,prefix,SPM_with_SPMe_parameters
2150.0,3.4108370345521637,3.4500676056651334,29.2,28.379412648333528,True,prefix,SPM_with_SPMe_parameters
2151.0,3.4105470982891646,3.449701627405748,29.2,28.380706073985436,True,prefix,SPM_with_SPMe_parameters
2152.0,3.4100143240523315,3.4493357037148473,29.2,28.381999574129907,True,prefix,SPM_with_SPMe_parameters
2153.0,3.409589634350889,3.448969841316974,29.2,28.38329314876688,True,prefix,SPM_with_SPMe_parameters
2154.0,3.4092772895001677,3.4486040469196197,29.2,28.384586797896475,True,prefix,SPM_with_SPMe_parameters
2155.0,3.4089873532371686,3.448238327212138,29.3,28.38588052151863,True,prefix,SPM_with_SPMe_parameters
2156.0,3.4086974169741695,3.44787268886468,29.4,28.387174319633345,True,prefix,SPM_with_SPMe_parameters
2157.0,3.4086,3.44750713852713,29.3,28.388468192240623,True,prefix,SPM_with_SPMe_parameters
2158.0,3.408417544448172,3.447141682828061,29.1,28.38976213934052,True,prefix,SPM_with_SPMe_parameters
2159.0,3.408127608185173,3.4467763283736677,29.2,28.39105616093292,True,prefix,SPM_with_SPMe_parameters
2160.0,3.4078376719221737,3.446411081746725,29.2,28.39235025701788,True,prefix,SPM_with_SPMe_parameters
2161.0,3.4077,3.4460459495055495,29.2,28.39364442759546,True,prefix,SPM_with_SPMe_parameters
2162.0,3.4075577993961756,3.4456809381829716,29.2,28.394938672665546,True,prefix,SPM_with_SPMe_parameters
2163.0,3.4072678631331765,3.4453160542852825,29.2,28.39623299222825,True,prefix,SPM_with_SPMe_parameters
2164.0,3.406977926870178,3.4449513042912296,29.2,28.397527386283514,True,prefix,SPM_with_SPMe_parameters
2165.0,3.406650654142905,3.444586694651007,29.2,28.398821854831283,True,prefix,SPM_with_SPMe_parameters
2166.0,3.40629805434418,3.4442222317852296,29.2,28.40011639787167,True,prefix,SPM_with_SPMe_parameters
2167.0,3.4060081180811808,3.443857922083935,29.2,28.401411015404676,True,prefix,SPM_with_SPMe_parameters
2168.0,3.4058,3.443493771905593,29.2,28.40270570743013,True,prefix,SPM_with_SPMe_parameters
2169.0,3.4056564911103657,3.4431297875761318,29.1,28.4040004739482,True,prefix,SPM_with_SPMe_parameters
2170.0,3.4052,3.4427659753879256,29.2,28.40529531495889,True,prefix,SPM_with_SPMe_parameters
2171.0,3.4051483730291845,3.442402341598861,29.3,28.406590230462086,True,prefix,SPM_with_SPMe_parameters
2172.0,3.404858436766186,3.4420388924313414,29.2,28.4078852204579,True,prefix,SPM_with_SPMe_parameters
2173.0,3.4045685005031867,3.4416756340713737,29.3,28.409180284946217,True,prefix,SPM_with_SPMe_parameters
2174.0,3.404278564240188,3.441312572667582,29.2,28.410475423927153,True,prefix,SPM_with_SPMe_parameters
2175.0,3.404,3.440949714330303,29.4,28.411770637400593,True,prefix,SPM_with_SPMe_parameters
2176.0,3.40399869171419,3.440587065130641,29.3,28.413065925366652,True,prefix,SPM_with_SPMe_parameters
2177.0,3.403708755451191,3.44022463109956,29.3,28.414361287825272,True,prefix,SPM_with_SPMe_parameters
2178.0,3.4033250922509226,3.439862418226988,29.4,28.415656724776454,True,prefix,SPM_with_SPMe_parameters
2179.0,3.403028882925193,3.4395004324608998,29.3,28.416952236220197,True,prefix,SPM_with_SPMe_parameters
2180.0,3.402738946662194,3.4391386797064385,29.4,28.41824782215656,True,prefix,SPM_with_SPMe_parameters
2181.0,3.4021980207983895,3.4387771658250514,29.2,28.419543482585368,True,prefix,SPM_with_SPMe_parameters
2182.0,3.4021,3.438415896633601,29.3,28.420839217506852,True,prefix,SPM_with_SPMe_parameters
2183.0,3.401869137873197,3.438054877903542,29.3,28.42213502692084,True,prefix,SPM_with_SPMe_parameters
2184.0,3.4015792016101978,3.4376941153600447,29.3,28.423430910827506,True,prefix,SPM_with_SPMe_parameters
2185.0,3.4012892653471987,3.4373336146811866,29.3,28.424726869226618,True,prefix,SPM_with_SPMe_parameters
2186.0,3.4009993290842,3.4369733814971153,29.2,28.426022902118348,True,prefix,SPM_with_SPMe_parameters
2187.0,3.400709392821201,3.4366134213892585,29.3,28.427319009502583,True,prefix,SPM_with_SPMe_parameters
2188.0,3.4003592754109357,3.436253739889497,29.3,28.428615191379436,True,prefix,SPM_with_SPMe_parameters
2189.0,3.400029520295203,3.435894342479402,29.2,28.42991144774885,True,prefix,SPM_with_SPMe_parameters
2190.0,3.3999,3.435535234589452,29.3,28.431207778610883,True,prefix,SPM_with_SPMe_parameters
2191.0,3.399749647769205,3.4351764215982694,29.3,28.432504183965364,True,prefix,SPM_with_SPMe_parameters
2192.0,3.399459711506206,3.4348179088318704,29.3,28.43380066381252,True,prefix,SPM_with_SPMe_parameters
2193.0,3.399169775243207,3.4344597015629166,29.3,28.435097218152237,True,prefix,SPM_with_SPMe_parameters
2194.0,3.398879838980208,3.4341018050100094,29.2,28.43639384698446,True,prefix,SPM_with_SPMe_parameters
2195.0,3.398589902717209,3.4337442243369596,29.2,28.43769055030924,True,prefix,SPM_with_SPMe_parameters
2196.0,3.3982999664542097,3.4333869646520854,29.3,28.4389873281267,True,prefix,SPM_with_SPMe_parameters
2197.0,3.3981,3.4330300310075312,29.3,28.440284180436606,True,prefix,SPM_with_SPMe_parameters
2198.0,3.3980200939282117,3.432673428398587,29.3,28.44158110723913,True,prefix,SPM_with_SPMe_parameters
2199.0,3.397730157665213,3.43231716176303,29.3,28.442878108534217,True,prefix,SPM_with_SPMe_parameters
2200.0,3.397420295202952,3.4319612359804585,29.3,28.444175184321864,True,prefix,SPM_with_SPMe_parameters
2201.0,3.397050285139215,3.4316056558716723,29.3,28.445472334602016,True,prefix,SPM_with_SPMe_parameters
2202.0,3.396760348876216,3.4312504261980283,29.2,28.446769559374843,True,prefix,SPM_with_SPMe_parameters
2203.0,3.3964704126132172,3.4308955516608517,29.3,28.44806685864023,True,prefix,SPM_with_SPMe_parameters
2204.0,3.3962,3.4305410369008094,29.3,28.449364232398125,True,prefix,SPM_with_SPMe_parameters
2205.0,3.3961905400872188,3.4301868864973515,29.3,28.450661680648636,True,prefix,SPM_with_SPMe_parameters
2206.0,3.39590060382422,3.4298331049681043,29.4,28.451959203391652,True,prefix,SPM_with_SPMe_parameters
2207.0,3.3953213351224423,3.4294796967683525,29.4,28.45325680062723,True,prefix,SPM_with_SPMe_parameters
2208.0,3.3953,3.429126666290439,29.3,28.454554472355426,True,prefix,SPM_with_SPMe_parameters
2209.0,3.395030795035223,3.4287740178632857,29.4,28.45585221857624,True,prefix,SPM_with_SPMe_parameters
2210.0,3.394740858772224,3.4284217557518284,29.3,28.45715003928956,True,prefix,SPM_with_SPMe_parameters
2211.0,3.394118819188192,3.4280698841565274,29.3,28.458447934495382,True,prefix,SPM_with_SPMe_parameters
2212.0,3.394,3.4277184072128866,29.4,28.459745904193824,True,prefix,SPM_with_SPMe_parameters
2213.0,3.393771049983227,3.4273673289909268,29.3,28.461043948384884,True,prefix,SPM_with_SPMe_parameters
2214.0,3.3934811137202283,3.4270166534947695,29.4,28.46234206706839,True,prefix,SPM_with_SPMe_parameters
2215.0,3.393191177457229,3.426666384662136,29.3,28.463640260244574,True,prefix,SPM_with_SPMe_parameters
2216.0,3.39290124119423,3.426316526363941,29.3,28.46493852791326,True,prefix,SPM_with_SPMe_parameters
2217.0,3.392611304931231,3.425967082403824,29.3,28.466236870074624,True,prefix,SPM_with_SPMe_parameters
2218.0,3.3923213686682323,3.425618056517761,29.3,28.467535286728435,True,prefix,SPM_with_SPMe_parameters
2219.0,3.392031432405233,3.4252694523736524,29.3,28.468833777874863,True,prefix,SPM_with_SPMe_parameters
2220.0,3.3919,3.424921273570924,29.3,28.470132343513853,True,prefix,SPM_with_SPMe_parameters
2221.0,3.391751559879235,3.4245735236401402,29.3,28.471430983645405,True,prefix,SPM_with_SPMe_parameters
2222.0,3.391461623616236,3.4242262060426523,29.4,28.472729698269518,True,prefix,SPM_with_SPMe_parameters
2223.0,3.391128916470983,3.423879324170244,29.3,28.474028487386192,True,prefix,SPM_with_SPMe_parameters
2224.0,3.390781751090238,3.423532881344776,29.3,28.475327350995485,True,prefix,SPM_with_SPMe_parameters
2225.0,3.3904918148272394,3.423186880817855,29.3,28.476626289097226,True,prefix,SPM_with_SPMe_parameters
2226.0,3.3902018785642403,3.4228413257705346,29.3,28.47792530169164,True,prefix,SPM_with_SPMe_parameters
2227.0,3.389911942301241,3.4224962193129804,29.3,28.47922438877856,True,prefix,SPM_with_SPMe_parameters
2228.0,3.389622006038242,3.4221515644841998,29.3,28.480523550358157,True,prefix,SPM_with_SPMe_parameters
2229.0,3.3894,3.4218073642517526,29.4,28.4818227864302,True,prefix,SPM_with_SPMe_parameters
2230.0,3.3893421335122444,3.421463621511462,29.4,28.48312209699486,True,prefix,SPM_with_SPMe_parameters
2231.0,3.3890521972492453,3.42112033908719,29.4,28.484421482052085,True,prefix,SPM_with_SPMe_parameters
2232.0,3.388762260986246,3.420777519730552,29.4,28.48572094160187,True,prefix,SPM_with_SPMe_parameters
2233.0,3.388472324723247,3.420435166120716,29.3,28.487020475644215,True,prefix,SPM_with_SPMe_parameters
2234.0,3.3881765179469974,3.4200932808641387,29.3,28.488320084179122,True,prefix,SPM_with_SPMe_parameters
2235.0,3.387792452197249,3.419751866494378,29.4,28.489619767206648,True,prefix,SPM_with_SPMe_parameters
2236.0,3.3875025159342504,3.4194109254718903,29.3,28.49091952472662,True,prefix,SPM_with_SPMe_parameters
2237.0,3.3872125796712513,3.419070460183808,29.4,28.49221935673927,True,prefix,SPM_with_SPMe_parameters
2238.0,3.386922643408252,3.418730472943799,29.4,28.493519263244423,True,prefix,SPM_with_SPMe_parameters
2239.0,3.3866327071452536,3.4183909659918585,29.4,28.49481924424225,True,prefix,SPM_with_SPMe_parameters
2240.0,3.3866,3.4180519414941553,29.3,28.496119299732527,True,prefix,SPM_with_SPMe_parameters
2241.0,3.385858503857766,3.4177134015429,29.4,28.49741942971542,True,prefix,SPM_with_SPMe_parameters
2242.0,3.3857,3.417375348156168,29.4,28.498719634190877,True,prefix,SPM_with_SPMe_parameters
2243.0,3.3854729620932575,3.4170377832777943,29.4,28.500019913158894,True,prefix,SPM_with_SPMe_parameters
2244.0,3.3851830258302584,3.4167007087772427,29.4,28.501320266619473,True,prefix,SPM_with_SPMe_parameters
2245.0,3.3848241194230124,3.4163641264494853,29.4,28.502620694572613,True,prefix,SPM_with_SPMe_parameters
2246.0,3.38450315330426,3.4160280380148875,29.4,28.50392119701837,True,prefix,SPM_with_SPMe_parameters
2247.0,3.3842132170412613,3.4156924451191486,29.3,28.505221773956578,True,prefix,SPM_with_SPMe_parameters
2248.0,3.383923280778262,3.4153573493331733,29.3,28.50652242538746,True,prefix,SPM_with_SPMe_parameters
2249.0,3.3836333445152635,3.415022752153004,29.3,28.5078231513109,True,prefix,SPM_with_SPMe_parameters
2250.0,3.3833434082522644,3.41468865499977,29.4,28.509123951726906,True,prefix,SPM_with_SPMe_parameters
2251.0,3.3832,3.4143550592195844,29.4,28.510424826635415,True,prefix,SPM_with_SPMe_parameters
2252.0,3.3830635357262664,3.414021966083539,29.3,28.511725776036542,True,prefix,SPM_with_SPMe_parameters
2253.0,3.3827735994632673,3.4136893767876004,29.4,28.51302679993023,True,prefix,SPM_with_SPMe_parameters
2254.0,3.382483663200268,3.4133572924526168,29.4,28.51432789831648,True,prefix,SPM_with_SPMe_parameters
2255.0,3.3821937269372695,3.4130257141242484,29.4,28.515629071195292,True,prefix,SPM_with_SPMe_parameters
2256.0,3.3818717208990274,3.4126946427729736,29.3,28.516930318566665,True,prefix,SPM_with_SPMe_parameters
2257.0,3.3815138544112715,3.41236407929403,29.4,28.518231640430656,True,prefix,SPM_with_SPMe_parameters
2258.0,3.3812239181482724,3.412034024507443,29.4,28.519533036787152,True,prefix,SPM_with_SPMe_parameters
2259.0,3.3809339818852733,3.4117044791579816,29.4,28.520834507636266,True,prefix,SPM_with_SPMe_parameters
2260.0,3.380644045622274,3.411375443915167,29.4,28.522136052977885,True,prefix,SPM_with_SPMe_parameters
2261.0,3.3803541093592755,3.4110469193732946,29.4,28.523437672812122,True,prefix,SPM_with_SPMe_parameters
2262.0,3.3800641730962764,3.410718906051417,29.4,28.52473936713892,True,prefix,SPM_with_SPMe_parameters
2263.0,3.3797742368332773,3.4103914043933754,29.4,28.526041135958224,True,prefix,SPM_with_SPMe_parameters
2264.0,3.3795,3.4100644147678043,29.4,28.527342979270145,True,prefix,SPM_with_SPMe_parameters
2265.0,3.379488728614559,3.4097379374681767,29.3,28.528644897074628,True,prefix,SPM_with_SPMe_parameters
2266.0,3.3789088560885605,3.409411972712808,29.4,28.529946889371672,True,prefix,SPM_with_SPMe_parameters
2267.0,3.3785193223750416,3.4090865206448973,29.4,28.531248956161335,True,prefix,SPM_with_SPMe_parameters
2268.0,3.3785,3.408761581332574,29.4,28.532551097443502,True,prefix,SPM_with_SPMe_parameters
2269.0,3.3782346192552835,3.408437154768923,29.4,28.53385331321823,True,prefix,SPM_with_SPMe_parameters
2270.0,3.3779446829922843,3.4081132408720296,29.4,28.535155603485578,True,prefix,SPM_with_SPMe_parameters
2271.0,3.3776547467292857,3.407789839485039,29.4,28.53645796824543,True,prefix,SPM_with_SPMe_parameters
2272.0,3.3773648104662866,3.4074669503761825,29.4,28.5377604074979,True,prefix,SPM_with_SPMe_parameters
2273.0,3.376849748406575,3.4071445732388566,29.4,28.53906292124293,True,prefix,SPM_with_SPMe_parameters
2274.0,3.3764849379402886,3.4068227076916453,29.4,28.540365509480523,True,prefix,SPM_with_SPMe_parameters
2275.0,3.3761950016772895,3.406501353278401,29.4,28.54166817221062,True,prefix,SPM_with_SPMe_parameters
2276.0,3.3759050654142904,3.406180509468302,29.4,28.542970909433336,True,prefix,SPM_with_SPMe_parameters
2277.0,3.375553505535055,3.405860175655893,29.4,28.54427372114867,True,prefix,SPM_with_SPMe_parameters
2278.0,3.375225192888293,3.4055403511611533,29.4,28.54557660735651,True,prefix,SPM_with_SPMe_parameters
2279.0,3.3749352566252937,3.405221035229562,29.4,28.546879568056966,True,prefix,SPM_with_SPMe_parameters
2280.0,3.3748,3.4049022270321627,29.4,28.548182603249927,True,prefix,SPM_with_SPMe_parameters
2281.0,3.374655384099295,3.4045839256656194,29.4,28.54948571293545,True,prefix,SPM_with_SPMe_parameters
2282.0,3.3743654478362965,3.4042661301522803,29.4,28.55078889711359,True,prefix,SPM_with_SPMe_parameters
2283.0,3.3740755115732974,3.403948839440236,29.4,28.552092155784294,True,prefix,SPM_with_SPMe_parameters
2284.0,3.3737855753102983,3.4036320524033896,29.4,28.5533954889475,True,prefix,SPM_with_SPMe_parameters
2285.0,3.3734956390472997,3.4033157678415153,29.4,28.554698896603327,True,prefix,SPM_with_SPMe_parameters
2286.0,3.3732057027843005,3.4029999844803167,29.4,28.55600237875177,True,prefix,SPM_with_SPMe_parameters
2287.0,3.372915766521302,3.4026847009714776,29.4,28.55730593539272,True,prefix,SPM_with_SPMe_parameters
2288.0,3.37260110701107,3.402369915892746,29.4,28.55860956652623,True,prefix,SPM_with_SPMe_parameters
2289.0,3.3722358939953034,3.4020556277479614,29.4,28.5599132721523,True,prefix,SPM_with_SPMe_parameters
2290.0,3.3719459577323043,3.401741834967107,29.4,28.561217052270933,True,prefix,SPM_with_SPMe_parameters
2291.0,3.3716560214693057,3.4014285359063994,29.3,28.562520906882185,True,prefix,SPM_with_SPMe_parameters
2292.0,3.3713660852063065,3.4011157288482883,29.4,28.56382483598594,True,prefix,SPM_with_SPMe_parameters
2293.0,3.371076148943308,3.4008034167654513,29.4,28.565131071299675,True,prefix,SPM_with_SPMe_parameters
2294.0,3.3707862126803088,3.4004916040893503,29.4,28.566442561714553,True,prefix,SPM_with_SPMe_parameters
2295.0,3.370496276417309,3.4001802781252035,29.4,28.56775426792416,True,prefix,SPM_with_SPMe_parameters
2296.0,3.3702063401543105,3.399869436861001,29.4,28.569066189928378,True,prefix,SPM_with_SPMe_parameters
2297.0,3.3699164038913114,3.3995590782111527,29.4,28.570378327727155,True,prefix,SPM_with_SPMe_parameters
2298.0,3.3696264676283127,3.3992492000165653,29.4,28.571690681320604,True,prefix,SPM_with_SPMe_parameters
2299.0,3.3692487084870852,3.3989398000446376,29.4,28.573003250708666,True,prefix,SPM_with_SPMe_parameters
2300.0,3.3686931902046293,3.3986308759892854,29.4,28.574316035891343,True,prefix,SPM_with_SPMe_parameters
2301.0,3.368356658839316,3.3983224254709516,29.4,28.57562903686869,True,prefix,SPM_with_SPMe_parameters
2302.0,3.368066722576317,3.3980144460366195,29.4,28.576942253640652,True,prefix,SPM_with_SPMe_parameters
2303.0,3.3677767863133177,3.3977069351598104,29.4,28.57825568620723,True,prefix,SPM_with_SPMe_parameters
2304.0,3.3674868500503186,3.3973998902405724,29.4,28.57956933456842,True,prefix,SPM_with_SPMe_parameters
2305.0,3.36719691378732,3.3970933086054806,29.4,28.580883198724223,True,prefix,SPM_with_SPMe_parameters
2306.0,3.3669069775243208,3.396787187507616,29.4,28.5821972786747,True,prefix,SPM_with_SPMe_parameters
2307.0,3.3666170412613217,3.396481524126536,29.4,28.583511574419788,True,prefix,SPM_with_SPMe_parameters
2308.0,3.366269473331097,3.3961763155682534,29.4,28.58482608595949,True,prefix,SPM_with_SPMe_parameters
2309.0,3.3659371687353237,3.3958715588651978,29.4,28.586140813293866,True,prefix,SPM_with_SPMe_parameters
2310.0,3.3656472324723246,3.3955672509761623,29.4,28.5874557564228,True,prefix,SPM_with_SPMe_parameters
2311.0,3.365357296209326,3.395263388786241,29.5,28.5887709153464,True,prefix,SPM_with_SPMe_parameters
2312.0,3.3650673599463268,3.394959969106797,29.5,28.59008629006462,True,prefix,SPM_with_SPMe_parameters
2313.0,3.3647774236833277,3.39465698867537,29.4,28.59140188057745,True,prefix,SPM_with_SPMe_parameters
2314.0,3.3644874874203285,3.394354444155595,29.4,28.592717686884896,True,prefix,SPM_with_SPMe_parameters
2315.0,3.3643,3.394052332137125,29.4,28.594033708987013,True,prefix,SPM_with_SPMe_parameters
2316.0,3.364115229788662,3.393750649135545,29.4,28.595349946883744,True,prefix,SPM_with_SPMe_parameters
2317.0,3.363617678631332,3.393449391592226,29.4,28.59666640057503,True,prefix,SPM_with_SPMe_parameters
2318.0,3.36330365649111,3.3931485558742667,29.4,28.597983070061048,True,prefix,SPM_with_SPMe_parameters
2319.0,3.3629378061053337,3.3928481382743074,29.4,28.59929995534162,True,prefix,SPM_with_SPMe_parameters
2320.0,3.3627,3.392548135010439,29.4,28.60061705641681,True,prefix,SPM_with_SPMe_parameters
2321.0,3.3626158671586714,3.3922485422260404,29.4,28.601934373286724,True,prefix,SPM_with_SPMe_parameters
2322.0,3.3620679973163368,3.391949355989608,29.6,28.603251905951197,True,prefix,SPM_with_SPMe_parameters
2323.0,3.361778061053338,3.391650572294613,29.6,28.604569654410227,True,prefix,SPM_with_SPMe_parameters
2324.0,3.3614762495806776,3.391352187059308,29.4,28.605887618663985,True,prefix,SPM_with_SPMe_parameters
2325.0,3.3608981885273397,3.3910541961265297,29.6,28.6072057987123,True,prefix,SPM_with_SPMe_parameters
2326.0,3.3606082522643406,3.390756595263504,29.6,28.608524194555287,True,prefix,SPM_with_SPMe_parameters
2327.0,3.360318316001342,3.390459380161636,29.6,28.609842806192887,True,prefix,SPM_with_SPMe_parameters
2328.0,3.3599378396511237,3.390162546436266,29.4,28.61116163362516,True,prefix,SPM_with_SPMe_parameters
2329.0,3.3599,3.3898660896264543,29.4,28.612480676851987,True,prefix,SPM_with_SPMe_parameters
2330.0,3.35939701442469,3.389570005194697,29.4,28.61379993587343,True,prefix,SPM_with_SPMe_parameters
2331.0,3.3590585709493457,3.3892742885266944,29.6,28.6151194106896,True,prefix,SPM_with_SPMe_parameters
2332.0,3.3587686346863466,3.3889789349310373,29.4,28.61643910130033,True,prefix,SPM_with_SPMe_parameters
2333.0,3.358478698423348,3.3886839396389403,29.5,28.617759007705672,True,prefix,SPM_with_SPMe_parameters
2334.0,3.358188762160349,3.3883892978039256,29.6,28.61907912990563,True,prefix,SPM_with_SPMe_parameters
2335.0,3.3581,3.388095004501508,29.5,28.620399467900256,True,prefix,SPM_with_SPMe_parameters
2336.0,3.3577177792687016,3.387801054728829,29.5,28.621720021689498,True,prefix,SPM_with_SPMe_parameters
2337.0,3.357318953371352,3.387507443404372,29.6,28.623040791273354,True,prefix,SPM_with_SPMe_parameters
2338.0,3.3569720228111373,3.387214165367529,29.6,28.62436177665188,True,prefix,SPM_with_SPMe_parameters
2339.0,3.356639080845354,3.3869212153782575,29.5,28.625682977824965,True,prefix,SPM_with_SPMe_parameters
2340.0,3.356349144582355,3.3866285881166744,29.5,28.627004394792664,True,prefix,SPM_with_SPMe_parameters
2341.0,3.3560592083193557,3.386336278182664,29.6,28.628326027555033,True,prefix,SPM_with_SPMe_parameters
2342.0,3.355769272056357,3.386044280095416,29.6,28.629647876112074,True,prefix,SPM_with_SPMe_parameters
2343.0,3.355479335793358,3.385752588293016,29.6,28.63096994046373,True,prefix,SPM_with_SPMe_parameters
2344.0,3.355189399530359,3.385461197131964,29.6,28.63229222060994,True,prefix,SPM_with_SPMe_parameters
2345.0,3.3548994632673597,3.3851701008867257,29.6,28.633614716550767,True,prefix,SPM_with_SPMe_parameters
2346.0,3.354609527004361,3.3848792937492034,29.6,28.634937428286264,True,prefix,SPM_with_SPMe_parameters
2347.0,3.354319590741362,3.384588769828263,29.6,28.636260355816432,True,prefix,SPM_with_SPMe_parameters
2348.0,3.3540062059711504,3.3842985231491864,29.6,28.637583499141158,True,prefix,SPM_with_SPMe_parameters
2349.0,3.353519154646092,3.3840085476531225,29.6,28.638906858260555,True,prefix,SPM_with_SPMe_parameters
2350.0,3.3528,3.3837188371965508,29.6,28.640230433174565,True,prefix,SPM_with_SPMe_parameters
2351.0,3.352759845689366,3.383429385550669,29.6,28.64155422388319,True,prefix,SPM_with_SPMe_parameters
2352.0,3.352439818852734,3.383140186400825,29.6,28.64287823038643,True,prefix,SPM_with_SPMe_parameters
2353.0,3.351879973163368,3.3828512333458858,29.6,28.644202452684283,True,prefix,SPM_with_SPMe_parameters
2354.0,3.351590036900369,3.382562519897593,29.6,28.645526890776807,True,prefix,SPM_with_SPMe_parameters
2355.0,3.35130010063737,3.3822740394799253,29.6,28.64685154466389,True,prefix,SPM_with_SPMe_parameters
2356.0,3.3513,3.3819857854284314,29.6,28.64817641434564,True,prefix,SPM_with_SPMe_parameters
2357.0,3.3506471989265347,3.381697750989502,29.6,28.649501499822065,True,prefix,SPM_with_SPMe_parameters
2358.0,3.3503302918483726,3.381409929319696,29.6,28.650826801093103,True,prefix,SPM_with_SPMe_parameters
2359.0,3.350040355585374,3.3811223134849886,29.6,28.652152318158755,True,prefix,SPM_with_SPMe_parameters
2360.0,3.349750419322375,3.380834896460027,29.6,28.653478051018965,True,prefix,SPM_with_SPMe_parameters
2361.0,3.349460483059376,3.3805476711273483,29.6,28.654803999673902,True,prefix,SPM_with_SPMe_parameters
2362.0,3.349170546796377,3.3802606302766023,29.6,28.65613016412334,True,prefix,SPM_with_SPMe_parameters
2363.0,3.3488806105333784,3.379973766603726,29.6,28.657456544367506,True,prefix,SPM_with_SPMe_parameters
2364.0,3.3485906742703793,3.3796870727100923,29.6,28.658783140406285,True,prefix,SPM_with_SPMe_parameters
2365.0,3.34830073800738,3.379400541101713,29.6,28.66010995223968,True,prefix,SPM_with_SPMe_parameters
2366.0,3.348010801744381,3.3791141641882856,29.6,28.661436979867688,True,prefix,SPM_with_SPMe_parameters
2367.0,3.347661153975176,3.378827934282361,29.6,28.66276422329031,True,prefix,SPM_with_SPMe_parameters
2368.0,3.347330929218383,3.3785418435983767,29.6,28.664091682507603,True,prefix,SPM_with_SPMe_parameters
2369.0,3.3468819859107684,3.3782558842517365,29.6,28.66541935751951,True,prefix,SPM_with_SPMe_parameters
2370.0,3.346451056692385,3.3779700482578576,29.6,28.666747248326033,True,prefix,SPM_with_SPMe_parameters
2371.0,3.346161120429386,3.37768432753115,29.6,28.668075354927225,True,prefix,SPM_with_SPMe_parameters
2372.0,3.3458711841663873,3.37739871388404,29.6,28.669403677322975,True,prefix,SPM_with_SPMe_parameters
2373.0,3.3457,3.3771131990259162,29.6,28.67073221551334,True,prefix,SPM_with_SPMe_parameters
2374.0,3.3452290171083527,3.3768277745620994,29.6,28.672060969498375,True,prefix,SPM_with_SPMe_parameters
2375.0,3.3444,3.3765424319927346,29.6,28.673389939278024,True,prefix,SPM_with_SPMe_parameters
2376.0,3.344311439114391,3.376257162711716,29.6,28.674719124852288,True,prefix,SPM_with_SPMe_parameters
2377.0,3.344021502851392,3.375971958005549,29.6,28.676048526221223,True,prefix,SPM_with_SPMe_parameters
2378.0,3.343731566588393,3.3756868090522048,29.6,28.67737814338477,True,prefix,SPM_with_SPMe_parameters
2379.0,3.3434416303253944,3.3754017069199627,29.6,28.678707976342878,True,prefix,SPM_with_SPMe_parameters
2380.0,3.3431033881247902,3.375116642566184,29.6,28.680038025095655,True,prefix,SPM_with_SPMe_parameters
2381.0,3.342561757799396,3.3748316068361266,29.6,28.681368289643103,True,prefix,SPM_with_SPMe_parameters
2382.0,3.342271821536397,3.3745465904616703,29.6,28.68269876998511,True,prefix,SPM_with_SPMe_parameters
2383.0,3.3419818852733982,3.3742615840600765,29.6,28.684029466121785,True,prefix,SPM_with_SPMe_parameters
2384.0,3.341689265347199,3.3739765781326843,29.6,28.685360378053076,True,prefix,SPM_with_SPMe_parameters
2385.0,3.3413026836632005,3.373691563063586,29.6,28.68669150577898,True,suffix,SPM_with_SPMe_parameters
2386.0,3.3410120764844016,3.3734065291182844,29.6,28.6880228492995,True,suffix,SPM_with_SPMe_parameters
2387.0,3.340722140221402,3.3731214664423472,29.6,28.689354408614633,True,suffix,SPM_with_SPMe_parameters
2388.0,3.3401644079168067,3.3728363650599955,29.6,28.690686183724495,True,suffix,SPM_with_SPMe_parameters
2389.0,3.3401,3.372551214872693,29.6,28.692018174628856,True,suffix,SPM_with_SPMe_parameters
2390.0,3.3396046628648106,3.372266005657698,29.6,28.693350381327946,True,suffix,SPM_with_SPMe_parameters
2391.0,3.3392623951694063,3.3719807270666093,29.6,28.694682803821593,True,suffix,SPM_with_SPMe_parameters
2392.0,3.3389724589064076,3.371695368623846,29.6,28.696015442109854,True,suffix,SPM_with_SPMe_parameters
2393.0,3.3386825226434085,3.3714099197251786,29.6,28.697348296192843,True,suffix,SPM_with_SPMe_parameters
2394.0,3.338323448507212,3.371124369636122,29.6,28.69868136607039,True,suffix,SPM_with_SPMe_parameters
2395.0,3.33800265011741,3.370838707490415,29.6,28.70001465174255,True,suffix,SPM_with_SPMe_parameters
2396.0,3.3377127138544114,3.3705529222884127,29.6,28.701348153209324,True,suffix,SPM_with_SPMe_parameters
2397.0,3.337245555182825,3.370267004606773,29.6,28.702682665806606,True,suffix,SPM_with_SPMe_parameters
2398.0,3.3366656826568266,3.3699809418812148,29.6,28.7040175884581,True,suffix,SPM_with_SPMe_parameters
2399.0,3.336242905065414,3.36969472181976,29.6,28.705352511109652,True,suffix,SPM_with_SPMe_parameters
2400.0,3.3359529688024154,3.369408339021552,29.6,28.70669029083291,True,suffix,SPM_with_SPMe_parameters
2401.0,3.3356630325394163,3.3691217968918856,29.6,28.70803794095599,True,suffix,SPM_with_SPMe_parameters
2402.0,3.3353307950352233,3.3688350623546426,29.6,28.709385591079183,True,suffix,SPM_with_SPMe_parameters
2403.0,3.3349831600134183,3.368548123429509,29.6,28.710733241202263,True,suffix,SPM_with_SPMe_parameters
2404.0,3.3345864475008384,3.3682609679890816,29.6,28.7120808913254,True,suffix,SPM_with_SPMe_parameters
2405.0,3.3341032874874204,3.3679735837570575,29.6,28.71342854144848,True,suffix,SPM_with_SPMe_parameters
2406.0,3.3338133512244212,3.3676859583063656,29.7,28.714776191571616,True,suffix,SPM_with_SPMe_parameters
2407.0,3.3335234149614226,3.3673980790572973,29.7,28.716123841694696,True,suffix,SPM_with_SPMe_parameters
2408.0,3.3332334786984235,3.367109933275608,29.6,28.717471491817832,True,suffix,SPM_with_SPMe_parameters
2409.0,3.3329435424354243,3.3668215080705663,29.6,28.718819141940912,True,suffix,SPM_with_SPMe_parameters
2410.0,3.3326536061724252,3.36653279039302,29.6,28.72016679206405,True,suffix,SPM_with_SPMe_parameters
2411.0,3.332351559879235,3.3662437670334135,29.6,28.721514442187186,True,suffix,SPM_with_SPMe_parameters
2412.0,3.3319474672928546,3.365954424619767,29.6,28.722862092310322,True,suffix,SPM_with_SPMe_parameters
2413.0,3.3313837973834284,3.365664749615662,29.6,28.724209742433402,True,suffix,SPM_with_SPMe_parameters
2414.0,3.3310938611204297,3.3653747283181876,29.8,28.72555739255648,True,suffix,SPM_with_SPMe_parameters
2415.0,3.3308039248574306,3.365084346855836,29.6,28.72690504267962,True,suffix,SPM_with_SPMe_parameters
2416.0,3.330513988594431,3.3647935911864404,29.6,28.728252692802698,True,suffix,SPM_with_SPMe_parameters
2417.0,3.3302240523314324,3.364502447095024,29.6,28.729600342925835,True,suffix,SPM_with_SPMe_parameters
2418.0,3.329668232136867,3.3642109001916345,29.6,28.730947993048915,True,suffix,SPM_with_SPMe_parameters
2419.0,3.3290030862126803,3.363918935909204,29.6,28.73229564317205,True,suffix,SPM_with_SPMe_parameters
2420.0,3.3286542435424353,3.3636265395013245,29.6,28.73364329329513,True,suffix,SPM_with_SPMe_parameters
2421.0,3.3283643072794367,3.363333696040036,29.6,28.734990943418325,True,suffix,SPM_with_SPMe_parameters
2422.0,3.327848742032875,3.3630403904135964,29.6,28.736338593541404,True,suffix,SPM_with_SPMe_parameters
2423.0,3.3274844347534387,3.3627466073241865,29.6,28.73768624366454,True,suffix,SPM_with_SPMe_parameters
2424.0,3.3271944984904396,3.3624523312856565,29.6,28.73903389378762,True,suffix,SPM_with_SPMe_parameters
2425.0,3.3269045622274405,3.3621575466211993,29.7,28.740381543910758,True,suffix,SPM_with_SPMe_parameters
2426.0,3.3266146259644414,3.361862237461027,29.8,28.741729194033837,True,suffix,SPM_with_SPMe_parameters
2427.0,3.326090942636699,3.361566387740026,29.8,28.743076844156917,True,suffix,SPM_with_SPMe_parameters
2428.0,3.3256347534384436,3.3612699811953806,29.8,28.744424494280054,True,suffix,SPM_with_SPMe_parameters
2429.0,3.3253448171754445,3.360973001364183,29.7,28.745772144403134,True,suffix,SPM_with_SPMe_parameters
2430.0,3.3250548809124454,3.360675431581056,29.6,28.747119794526327,True,suffix,SPM_with_SPMe_parameters
2431.0,3.324629889298893,3.360377254975689,29.6,28.748467444649407,True,suffix,SPM_with_SPMe_parameters
2432.0,3.3241750083864474,3.3600784544704276,29.6,28.749815094772543,True,suffix,SPM_with_SPMe_parameters
2433.0,3.3238850721234483,3.3597790127777922,29.7,28.751162744895623,True,suffix,SPM_with_SPMe_parameters
2434.0,3.3235951358604496,3.359478912398031,29.8,28.75251039501876,True,suffix,SPM_with_SPMe_parameters
2435.0,3.323178799060718,3.35917817929005,29.8,28.75387827588338,True,suffix,SPM_with_SPMe_parameters
2436.0,3.322615263334452,3.358876757288306,29.7,28.755248672710195,True,suffix,SPM_with_SPMe_parameters
2437.0,3.3223253270714523,3.3585746235260183,29.6,28.75661940100656,True,suffix,SPM_with_SPMe_parameters
2438.0,3.3220353908084537,3.3582717596294773,29.6,28.757990460772703,True,suffix,SPM_with_SPMe_parameters
2439.0,3.321690909090909,3.357968147000107,29.6,28.75936185200851,True,suffix,SPM_with_SPMe_parameters
2440.0,3.3211110365649112,3.3576637668119176,29.8,28.76073357471398,True,suffix,SPM_with_SPMe_parameters
2441.0,3.320565582019457,3.3573586000089644,29.6,28.76210562888906,True,suffix,SPM_with_SPMe_parameters
2442.0,3.3202756457564577,3.3570526273027403,29.8,28.76347801453386,True,suffix,SPM_with_SPMe_parameters
2443.0,3.3199666554847367,3.356745829169631,29.8,28.764850731648323,True,suffix,SPM_with_SPMe_parameters
2444.0,3.3192957732304595,3.3564381858483214,29.6,28.766223780232508,True,suffix,SPM_with_SPMe_parameters
2445.0,3.3190058369674604,3.356129677337221,29.8,28.7675971602863,True,suffix,SPM_with_SPMe_parameters
2446.0,3.3187159007044618,3.3558202833918473,29.8,28.768970871809813,True,suffix,SPM_with_SPMe_parameters
2447.0,3.3184259644414627,3.355509983522258,29.6,28.77034491480299,True,suffix,SPM_with_SPMe_parameters
2448.0,3.3181360281784635,3.35519875699044,29.6,28.77171928926583,True,suffix,SPM_with_SPMe_parameters
2449.0,3.317592183830929,3.3548865828077306,29.8,28.773093995198337,True,suffix,SPM_with_SPMe_parameters
2450.0,3.3172561556524656,3.354573439732218,29.6,28.774469032600507,True,suffix,SPM_with_SPMe_parameters
2451.0,3.3169662193894665,3.354259306266134,29.8,28.775844401472455,True,suffix,SPM_with_SPMe_parameters
2452.0,3.3163779939617575,3.353944160653322,29.7,28.777220101813953,True,suffix,SPM_with_SPMe_parameters
2453.0,3.3159863468634687,3.3536279808766007,29.6,28.77859613362517,True,suffix,SPM_with_SPMe_parameters
2454.0,3.3156964106004696,3.3533107446552415,29.6,28.779972496906055,True,suffix,SPM_with_SPMe_parameters
2455.0,3.3154064743374705,3.3529924294423883,29.6,28.78134919165666,True,suffix,SPM_with_SPMe_parameters
2456.0,3.3149330761489435,3.3526730124225232,29.6,28.78272621787687,True,suffix,SPM_with_SPMe_parameters
2457.0,3.3145266018114725,3.3523524705089303,29.7,28.784103575566746,True,suffix,SPM_with_SPMe_parameters
2458.0,3.3142366655484734,3.352030780341187,29.7,28.785481264726343,True,suffix,SPM_with_SPMe_parameters
2459.0,3.313589097618249,3.3517079182826635,29.7,28.786859285355604,True,suffix,SPM_with_SPMe_parameters
2460.0,3.312956793022476,3.351383860418048,29.7,28.78823763745453,True,suffix,SPM_with_SPMe_parameters
2461.0,3.312666856759477,3.351058582550904,29.6,28.789616321023118,True,suffix,SPM_with_SPMe_parameters
2462.0,3.3122538409929554,3.3507320602012323,29.7,28.790995336061428,True,suffix,SPM_with_SPMe_parameters
2463.0,3.311786984233479,3.350404268603075,29.8,28.79237468256929,True,suffix,SPM_with_SPMe_parameters
2464.0,3.3114970479704797,3.3500751827021524,29.7,28.793754360546927,True,suffix,SPM_with_SPMe_parameters
2465.0,3.3111142234149615,3.3497447771535227,29.6,28.79513436999423,True,suffix,SPM_with_SPMe_parameters
2466.0,3.310589567259309,3.3494130263192785,29.7,28.796514710911254,True,suffix,SPM_with_SPMe_parameters
2467.0,3.310154478362965,3.3490799042662953,29.8,28.797895383297885,True,suffix,SPM_with_SPMe_parameters
2468.0,3.3096373029184836,3.348745384763993,29.6,28.79927638715418,True,suffix,SPM_with_SPMe_parameters
2469.0,3.309347366655485,3.3484094412821803,29.8,28.800657722480196,True,suffix,SPM_with_SPMe_parameters
2470.0,3.309057430392486,3.3480720469888987,29.8,28.802039389275876,True,suffix,SPM_with_SPMe_parameters
2471.0,3.3087349882589736,3.3477331747483685,29.8,28.803421387541164,True,suffix,SPM_with_SPMe_parameters
2472.0,3.308177557866488,3.347392797118952,29.8,28.804803717276172,True,suffix,SPM_with_SPMe_parameters
2473.0,3.307871117074807,3.347050886351181,29.6,28.806186378480845,True,suffix,SPM_with_SPMe_parameters
2474.0,3.3071976853404896,3.346707414385855,29.8,28.80756937115524,True,suffix,SPM_with_SPMe_parameters
2475.0,3.306907749077491,3.346362352852177,29.8,28.80895269529924,True,suffix,SPM_with_SPMe_parameters
2476.0,3.306617812814492,3.346015673066015,29.8,28.810336350912962,True,suffix,SPM_with_SPMe_parameters
2477.0,3.3060557531029855,3.3456673460281396,29.8,28.81172033799635,True,suffix,SPM_with_SPMe_parameters
2478.0,3.3057379402884934,3.3453173424226463,29.8,28.813104656549342,True,suffix,SPM_with_SPMe_parameters
2479.0,3.3051960080509892,3.344965632615375,29.8,28.814489306572113,True,suffix,SPM_with_SPMe_parameters
2480.0,3.3046161355249914,3.3446121866524416,29.8,28.815874288064492,True,suffix,SPM_with_SPMe_parameters
2481.0,3.304190841999329,3.344256974258859,29.8,28.817259601026592,True,suffix,SPM_with_SPMe_parameters
2482.0,3.303656390472996,3.3438999648372456,29.8,28.8186452454583,True,suffix,SPM_with_SPMe_parameters
2483.0,3.303288258973499,3.3435411274666333,29.8,28.820031221359784,True,suffix,SPM_with_SPMe_parameters
2484.0,3.3029983227105,3.343180430901376,29.8,28.821417528730876,True,suffix,SPM_with_SPMe_parameters
2485.0,3.3025167728950016,3.3428178435701463,29.8,28.822804167571633,True,suffix,SPM_with_SPMe_parameters
2486.0,3.302118450184502,3.342453333575068,29.8,28.824191137882053,True,suffix,SPM_with_SPMe_parameters
2487.0,3.3016570278430057,3.3420868686909517,29.8,28.825578439662138,True,suffix,SPM_with_SPMe_parameters
2488.0,3.301184770211339,3.3417184163646447,29.8,28.826966072911944,True,suffix,SPM_with_SPMe_parameters
2489.0,3.300848641395505,3.341347943714511,29.8,28.828354037631414,True,suffix,SPM_with_SPMe_parameters
2490.0,3.3004174102650117,3.3409754175300472,29.8,28.829742333820548,True,suffix,SPM_with_SPMe_parameters
2491.0,3.299837537739014,3.3406008042716175,29.8,28.831130961479346,True,suffix,SPM_with_SPMe_parameters
2492.0,3.2993788326065077,3.3402240700703536,29.8,28.832519920607865,True,suffix,SPM_with_SPMe_parameters
2493.0,3.299088896343509,3.3398451807281804,29.8,28.833909211205935,True,suffix,SPM_with_SPMe_parameters
2494.0,3.2986979201610196,3.3394641017179754,29.8,28.835298833273782,True,suffix,SPM_with_SPMe_parameters
2495.0,3.2981786984233477,3.3390807981839714,29.8,28.836688786811294,True,suffix,SPM_with_SPMe_parameters
2496.0,3.2977381751090236,3.338695234942199,29.8,28.838079071818527,True,suffix,SPM_with_SPMe_parameters
2497.0,3.297158302583026,3.338307376481197,29.8,28.83946968829531,True,suffix,SPM_with_SPMe_parameters
2498.0,3.296578430057028,3.337917186962862,29.8,28.84086063624187,True,suffix,SPM_with_SPMe_parameters
2499.0,3.296049278765515,3.337524630223474,29.8,28.842251915658096,True,suffix,SPM_with_SPMe_parameters
2500.0,3.2957186850050317,3.337129669774918,29.8,28.84364352654393,True,suffix,SPM_with_SPMe_parameters
2501.0,3.295159208319356,3.336732268806115,29.8,28.845035468899482,True,suffix,SPM_with_SPMe_parameters
2502.0,3.2947589399530357,3.336332390184623,29.8,28.8464277427247,True,suffix,SPM_with_SPMe_parameters
2503.0,3.294189533713519,3.3359299964584888,29.8,28.84782034801958,True,suffix,SPM_with_SPMe_parameters
2504.0,3.29389919490104,3.335525049858276,29.8,28.849213284784128,True,suffix,SPM_with_SPMe_parameters
2505.0,3.2933193223750417,3.3351175122993197,30.0,28.850606553018395,True,suffix,SPM_with_SPMe_parameters
2506.0,3.293019724924522,3.3347073453842464,29.8,28.85200015272227,True,suffix,SPM_with_SPMe_parameters
2507.0,3.2927297886615228,3.33429451040569,29.8,28.853394083895864,True,suffix,SPM_with_SPMe_parameters
2508.0,3.292179704797048,3.3338789683492647,29.8,28.85478834653918,True,suffix,SPM_with_SPMe_parameters
2509.0,3.2915164709828915,3.3334606798968043,29.8,28.856182940652047,True,suffix,SPM_with_SPMe_parameters
2510.0,3.291159979872526,3.333039605429824,29.8,28.857577866234635,True,suffix,SPM_with_SPMe_parameters
2511.0,3.2906400872190544,3.332615705033286,29.8,28.858973123287,True,suffix,SPM_with_SPMe_parameters
2512.0,3.290060214693056,3.3321889384996113,29.9,28.860368711808917,True,suffix,SPM_with_SPMe_parameters
2513.0,3.289480342167058,3.3317592653329937,29.9,28.861764631800554,True,suffix,SPM_with_SPMe_parameters
2514.0,3.2888338812479034,3.331326644753979,29.8,28.863160883261855,True,suffix,SPM_with_SPMe_parameters
2515.0,3.288410298557531,3.330891035704342,29.8,28.86455746619282,True,suffix,SPM_with_SPMe_parameters
2516.0,3.287940724589064,3.330452396852303,29.9,28.86595438059345,True,suffix,SPM_with_SPMe_parameters
2517.0,3.287360852063066,3.3300106865980097,29.8,28.8673516264638,True,suffix,SPM_with_SPMe_parameters
2518.0,3.286940489768534,3.3295658630793596,29.8,28.86874920380376,True,suffix,SPM_with_SPMe_parameters
2519.0,3.28650110701107,3.32911788417816,29.8,28.870147112613438,True,suffix,SPM_with_SPMe_parameters
2520.0,3.286060617242536,3.3286667075265717,29.8,28.87154535289278,True,suffix,SPM_with_SPMe_parameters
2521.0,3.28559825561892,3.3282122905139917,29.9,28.87294392464179,True,suffix,SPM_with_SPMe_parameters
2522.0,3.2849614894330763,3.327754590294178,29.9,28.874342827860517,True,suffix,SPM_with_SPMe_parameters
2523.0,3.284490808453539,3.3272935637928027,29.9,28.875742062548852,True,suffix,SPM_with_SPMe_parameters
2524.0,3.28410174438108,3.3268291677153514,30.0,28.877141628706852,True,suffix,SPM_with_SPMe_parameters
2525.0,3.2835218718550823,3.326361358555401,30.0,28.878541526334573,True,suffix,SPM_with_SPMe_parameters
2526.0,3.2830209996645423,3.32589009260324,29.9,28.879941755432014,True,suffix,SPM_with_SPMe_parameters
2527.0,3.282639147936934,3.3254153259549595,29.8,28.881342315999007,True,suffix,SPM_with_SPMe_parameters
2528.0,3.2819233814156323,3.324937014521867,30.0,28.882743208035777,True,suffix,SPM_with_SPMe_parameters
2529.0,3.2811023817510905,3.3244551140403127,30.0,28.884144431542154,True,suffix,SPM_with_SPMe_parameters
2530.0,3.280561254612546,3.323969580081974,29.9,28.885545986518252,True,suffix,SPM_with_SPMe_parameters
2531.0,3.280233076148943,3.3234803680645197,29.8,28.886947872963958,True,suffix,SPM_with_SPMe_parameters
2532.0,3.279581382086548,3.322987433262683,30.0,28.88835009087944,True,suffix,SPM_with_SPMe_parameters
2533.0,3.2792828916470986,3.3224907308198355,30.0,28.889752640264476,True,suffix,SPM_with_SPMe_parameters
2534.0,3.2787030191211004,3.321990215759911,30.0,28.891155521119288,True,suffix,SPM_with_SPMe_parameters
2535.0,3.278123146595102,3.3214858429998495,30.0,28.892558733443707,True,suffix,SPM_with_SPMe_parameters
2536.0,3.2775432740691044,3.3209775673624504,30.0,28.89396227723779,True,suffix,SPM_with_SPMe_parameters
2537.0,3.276963401543106,3.320465343589698,30.0,28.89536615250165,True,suffix,SPM_with_SPMe_parameters
2538.0,3.2765556860114056,3.319949126356556,29.9,28.89677035923512,True,suffix,SPM_with_SPMe_parameters
2539.0,3.27600365649111,3.3194288702852144,30.0,28.898174897438196,True,suffix,SPM_with_SPMe_parameters
2540.0,3.2754237839651124,3.3189045299598257,30.0,28.899579767111106,True,suffix,SPM_with_SPMe_parameters
2541.0,3.2748439114391146,3.318376059941719,30.0,28.900984968253567,True,suffix,SPM_with_SPMe_parameters
2542.0,3.274482019456558,3.3178434147850897,30.0,28.902390500865693,True,suffix,SPM_with_SPMe_parameters
2543.0,3.2737069439785307,3.31730654905318,30.0,28.90379636494754,True,suffix,SPM_with_SPMe_parameters
2544.0,3.2730042938611206,3.3167654173349623,29.9,28.90520256049905,True,suffix,SPM_with_SPMe_parameters
2545.0,3.272424421335123,3.316219974262311,30.0,28.906609087520224,True,suffix,SPM_with_SPMe_parameters
2546.0,3.2720222744045624,3.3156701745276593,29.9,28.908015946011062,True,suffix,SPM_with_SPMe_parameters
2547.0,3.2715646762831265,3.3151159729021904,29.9,28.909423135971622,True,suffix,SPM_with_SPMe_parameters
2548.0,3.2709848037571287,3.3145573242544843,29.9,28.91083065740179,True,suffix,SPM_with_SPMe_parameters
2549.0,3.2703557531029857,3.313994183569728,29.9,28.912238510301677,True,suffix,SPM_with_SPMe_parameters
2550.0,3.2697250587051325,3.3134265059693715,30.0,28.91364669467123,True,suffix,SPM_with_SPMe_parameters
2551.0,3.2691451861791347,3.3128542467313555,29.9,28.915055210510502,True,suffix,SPM_with_SPMe_parameters
2552.0,3.268565313653137,3.3122773613107586,29.9,28.916464057819326,True,suffix,SPM_with_SPMe_parameters
2553.0,3.2679854411271383,3.3116958053610537,29.9,28.917873236597927,True,suffix,SPM_with_SPMe_parameters
2554.0,3.267373163367997,3.3111095347557766,30.0,28.919282746846193,True,suffix,SPM_with_SPMe_parameters
2555.0,3.266812848037571,3.3105185056107698,30.0,28.920692588564066,True,suffix,SPM_with_SPMe_parameters
2556.0,3.2664458235491445,3.3099226743068466,30.0,28.92210276175166,True,suffix,SPM_with_SPMe_parameters
2557.0,3.26579892653472,3.3093219975130523,29.9,28.923513266408918,True,suffix,SPM_with_SPMe_parameters
2558.0,3.2649860784971487,3.3087164322103133,29.9,28.92492410253584,True,suffix,SPM_with_SPMe_parameters
2559.0,3.264390573633009,3.308105935715647,29.9,28.926335270132483,True,suffix,SPM_with_SPMe_parameters
2560.0,3.2637263334451525,3.307490465706834,29.9,28.927746769198734,True,suffix,SPM_with_SPMe_parameters
2561.0,3.2631464609191543,3.3068699802475177,29.9,28.929158599734706,True,suffix,SPM_with_SPMe_parameters
2562.0,3.2625665883931565,3.306244437812862,30.0,28.93057076174034,True,suffix,SPM_with_SPMe_parameters
2563.0,3.2619867158671587,3.3056137973155844,29.9,28.93198325521564,True,suffix,SPM_with_SPMe_parameters
2564.0,3.261406843341161,3.304978018132479,29.9,28.933396080160605,True,suffix,SPM_with_SPMe_parameters
2565.0,3.260731465951023,3.3043370601313553,30.0,28.934809236575234,True,suffix,SPM_with_SPMe_parameters
2566.0,3.2601470982891647,3.303690883698461,29.9,28.93622272445964,True,suffix,SPM_with_SPMe_parameters
2567.0,3.259567225763167,3.3030394497662177,29.9,28.937636543813596,True,suffix,SPM_with_SPMe_parameters
2568.0,3.2589873532371687,3.3023827198414617,30.0,28.939050694637274,True,suffix,SPM_with_SPMe_parameters
2569.0,3.258407480711171,3.3017206766347726,29.9,28.940474596681895,True,suffix,SPM_with_SPMe_parameters
2570.0,3.257512680308621,3.301053287149354,29.9,28.9419101953535,True,suffix,SPM_with_SPMe_parameters
2571.0,3.2568477356591745,3.3003804906023704,29.9,28.943346430348242,True,suffix,SPM_with_SPMe_parameters
2572.0,3.2562678631331767,3.2997022510880005,30.0,28.94478330166612,True,suffix,SPM_with_SPMe_parameters
2573.0,3.255687990607179,3.299018533421293,30.0,28.946220809307192,True,suffix,SPM_with_SPMe_parameters
2574.0,3.255042804428044,3.298329303168455,29.9,28.9476589532714,True,suffix,SPM_with_SPMe_parameters
2575.0,3.2544282455551827,3.2976345266774074,29.9,28.9490977335588,True,suffix,SPM_with_SPMe_parameters
2576.0,3.253848373029185,3.296934171108582,29.9,28.950537150169282,True,suffix,SPM_with_SPMe_parameters
2577.0,3.2532685005031867,3.2962282044659714,29.9,28.951977203102956,True,suffix,SPM_with_SPMe_parameters
2578.0,3.252688627977189,3.295516595628389,29.9,28.95341789235971,True,suffix,SPM_with_SPMe_parameters
2579.0,3.252060214693056,3.2947993143808705,30.0,28.954859217939713,True,suffix,SPM_with_SPMe_parameters
2580.0,3.251293324387789,3.2940763314463073,30.1,28.956301179842853,True,suffix,SPM_with_SPMe_parameters
2581.0,3.2505490103991947,3.2933476185171315,30.1,28.957743778069073,True,suffix,SPM_with_SPMe_parameters
2582.0,3.2498537068097955,3.2926131482871552,30.1,28.959187012618486,True,suffix,SPM_with_SPMe_parameters
2583.0,3.2490541429050652,3.2918728944834434,30.1,28.960630883491092,True,suffix,SPM_with_SPMe_parameters
2584.0,3.248409392821201,3.2911268318982474,30.1,28.962075390686778,True,suffix,SPM_with_SPMe_parameters
2585.0,3.247829520295203,3.2903749364209403,30.1,28.963520534205713,True,suffix,SPM_with_SPMe_parameters
2586.0,3.247249647769205,3.2896171850698965,30.1,28.964966314047672,True,suffix,SPM_with_SPMe_parameters
2587.0,3.2466697752432068,3.2888535560243346,30.1,28.96641273021288,True,suffix,SPM_with_SPMe_parameters
2588.0,3.2460165045286815,3.2880840286560513,29.9,28.967859782701225,True,suffix,SPM_with_SPMe_parameters
2589.0,3.2451100301912112,3.2873085835610194,30.1,28.96930747151265,True,suffix,SPM_with_SPMe_parameters
2590.0,3.244530157665213,3.2865272025907997,30.1,28.970755796647325,True,suffix,SPM_with_SPMe_parameters
2591.0,3.2439502851392152,3.285739868883725,30.1,28.97220475810508,True,suffix,SPM_with_SPMe_parameters
2592.0,3.2433704126132166,3.28494656689588,30.1,28.97365435588597,True,suffix,SPM_with_SPMe_parameters
2593.0,3.2427795035223075,3.284147282431714,30.1,28.97510458999011,True,suffix,SPM_with_SPMe_parameters
2594.0,3.2415231130493125,3.2833420026743445,30.1,28.97655546041733,True,suffix,SPM_with_SPMe_parameters
2595.0,3.240930795035223,3.2825307162154758,30.1,28.978006967167687,True,suffix,SPM_with_SPMe_parameters
2596.0,3.2403509225092253,3.28171341308491,30.1,28.979459110241237,True,suffix,SPM_with_SPMe_parameters
2597.0,3.239771049983227,3.2808900847795233,30.1,28.980911889637923,True,suffix,SPM_with_SPMe_parameters
2598.0,3.2388519624287153,3.2800607242917788,30.1,28.982365305357803,True,suffix,SPM_with_SPMe_parameters
2599.0,3.238211304931231,3.279225326137659,30.1,28.983819357400705,True,suffix,SPM_with_SPMe_parameters
2600.0,3.237631432405233,3.27838388638394,30.1,28.985274045766857,True,suffix,SPM_with_SPMe_parameters
2601.0,3.2368273398188525,3.2775364026748894,30.1,28.986729370456203,True,suffix,SPM_with_SPMe_parameters
2602.0,3.23610030191211,3.276682874258159,30.1,28.988185331468628,True,suffix,SPM_with_SPMe_parameters
2603.0,3.235491814827239,3.2758233020099974,30.1,28.989641928804247,True,suffix,SPM_with_SPMe_parameters
2604.0,3.2349119423012413,3.2749576884595974,30.1,28.991099162462945,True,suffix,SPM_with_SPMe_parameters
2605.0,3.233964139550486,3.274086037812613,30.2,28.992557032444836,True,suffix,SPM_with_SPMe_parameters
2606.0,3.2330942301241192,3.273208355973778,30.2,28.994015538749863,True,suffix,SPM_with_SPMe_parameters
2607.0,3.2324723247232474,3.272324650568524,30.1,28.99547468137814,True,suffix,SPM_with_SPMe_parameters
2608.0,3.231738678295874,3.2714349309636477,30.1,28.99693446032944,True,suffix,SPM_with_SPMe_parameters
2609.0,3.231012579671251,3.270539208286889,30.1,28.998394875603935,True,suffix,SPM_with_SPMe_parameters
2610.0,3.2302545119087553,3.269637495445393,30.2,28.999855927201565,True,suffix,SPM_with_SPMe_parameters
2611.0,3.2294528346192553,3.268729807143051,30.3,29.00131761512239,True,suffix,SPM_with_SPMe_parameters
2612.0,3.228759443139886,3.2678161598966176,30.3,29.00277993936635,True,suffix,SPM_with_SPMe_parameters
2613.0,3.2279930895672595,3.266896572050573,30.2,29.004242899933445,True,suffix,SPM_with_SPMe_parameters
2614.0,3.227382086548138,3.2659710637906927,30.1,29.005706496823677,True,suffix,SPM_with_SPMe_parameters
2615.0,3.2265666890305265,3.265039657156275,30.2,29.007170730037103,True,suffix,SPM_with_SPMe_parameters
2616.0,3.225553471989265,3.2641023760509684,30.3,29.008635599573665,True,suffix,SPM_with_SPMe_parameters
2617.0,3.2249103991949006,3.2631592462521652,30.1,29.01010110543342,True,suffix,SPM_with_SPMe_parameters
2618.0,3.2240760147601475,3.262210295418924,30.1,29.0115672476162,True,suffix,SPM_with_SPMe_parameters
2619.0,3.2233707816169073,3.2612555530983425,30.1,29.013034026122284,True,suffix,SPM_with_SPMe_parameters
2620.0,3.2225339818852734,3.260295050730405,30.3,29.01450144095145,True,suffix,SPM_with_SPMe_parameters
2621.0,3.221931164038913,3.2593288216511636,30.1,29.01596949210375,True,suffix,SPM_with_SPMe_parameters
2622.0,3.2210699429721568,3.2583569010943614,30.5,29.017438179579187,True,suffix,SPM_with_SPMe_parameters
2623.0,3.2203915464609194,3.2573793261913124,30.3,29.018907503377818,True,suffix,SPM_with_SPMe_parameters
2624.0,3.219521737671922,3.2563961359690623,30.3,29.020377463499585,True,suffix,SPM_with_SPMe_parameters
2625.0,3.2189346192552835,3.2554073713468448,30.3,29.021848059944546,True,suffix,SPM_with_SPMe_parameters
2626.0,3.217718617913452,3.2544130751307283,30.3,29.023319292712586,True,suffix,SPM_with_SPMe_parameters
2627.0,3.2170748742032877,3.2534132920064804,30.3,29.024791161803762,True,suffix,SPM_with_SPMe_parameters
2628.0,3.2162425025159345,3.252408068530541,30.3,29.02626366721819,True,suffix,SPM_with_SPMe_parameters
2629.0,3.2153726937269367,3.2513974531192162,30.1,29.027736808955694,True,suffix,SPM_with_SPMe_parameters
2630.0,3.214657799396176,3.2503814960359305,30.3,29.029210587016394,True,suffix,SPM_with_SPMe_parameters
2631.0,3.2138330761489433,3.249360249376609,30.3,29.030685001400172,True,suffix,SPM_with_SPMe_parameters
2632.0,3.2131755115732976,3.2483337670531185,30.3,29.0321600521072,True,suffix,SPM_with_SPMe_parameters
2633.0,3.2123934585709493,3.2473021047748163,30.3,29.03363573913731,True,suffix,SPM_with_SPMe_parameters
2634.0,3.211459610868836,3.2462653200281255,30.3,29.03511206249061,True,suffix,SPM_with_SPMe_parameters
2635.0,3.2107358939953037,3.245223472054167,30.3,29.03658902216705,True,suffix,SPM_with_SPMe_parameters
2636.0,3.2098120429386108,3.2441766218244434,30.3,29.038066618166624,True,suffix,SPM_with_SPMe_parameters
2637.0,3.2087602482388458,3.243124832014573,30.3,29.039544850489335,True,suffix,SPM_with_SPMe_parameters
2638.0,3.2079962764173096,3.242068166976037,30.3,29.04102371913524,True,suffix,SPM_with_SPMe_parameters
2639.0,3.207274605836967,3.241006692706028,30.3,29.04250322410428,True,suffix,SPM_with_SPMe_parameters
2640.0,3.2064047970479703,3.23994047681529,30.3,29.043983365396457,True,suffix,SPM_with_SPMe_parameters
2641.0,3.2056161019792015,3.238869588494096,30.4,29.04546414301177,True,suffix,SPM_with_SPMe_parameters
2642.0,3.2048651794699765,3.2377940984762317,30.4,29.046945556950277,True,suffix,SPM_with_SPMe_parameters
2643.0,3.2039953706809796,3.236714079001146,30.3,29.04842760721192,True,suffix,SPM_with_SPMe_parameters
2644.0,3.2032170412613215,3.235629603774171,30.3,29.0499102937967,True,suffix,SPM_with_SPMe_parameters
2645.0,3.2024471989265346,3.234540747924912,30.3,29.051393616704672,True,suffix,SPM_with_SPMe_parameters
2646.0,3.2012859443139883,3.2334475879638,30.3,29.052877575935725,True,suffix,SPM_with_SPMe_parameters
2647.0,3.200416135524992,3.232350201736838,30.3,29.05436217148997,True,suffix,SPM_with_SPMe_parameters
2648.0,3.199580476350218,3.231248668378596,30.3,29.05584740336741,True,suffix,SPM_with_SPMe_parameters
2649.0,3.1988765179469976,3.230143068263466,30.3,29.057333271567927,True,suffix,SPM_with_SPMe_parameters
2650.0,3.1980067091580007,3.2290334829552387,30.5,29.058819776091696,True,suffix,SPM_with_SPMe_parameters
2651.0,3.1971369003690038,3.227919995155041,30.3,29.060306916938487,True,suffix,SPM_with_SPMe_parameters
2652.0,3.196263435088896,3.226802688647645,30.3,29.06179469410847,True,suffix,SPM_with_SPMe_parameters
2653.0,3.1952963770546794,3.2256816482463,30.3,29.06328310760165,True,suffix,SPM_with_SPMe_parameters
2654.0,3.1941366320026834,3.2245569597359807,30.3,29.064772157417963,True,suffix,SPM_with_SPMe_parameters
2655.0,3.193257665213016,3.223428709815284,30.3,29.066261843557413,True,suffix,SPM_with_SPMe_parameters
2656.0,3.1922976182489102,3.2222969860368806,30.5,29.067752166020057,True,suffix,SPM_with_SPMe_parameters
2657.0,3.1914180476350222,3.2211618767467005,30.5,29.06924312480578,True,suffix,SPM_with_SPMe_parameters
2658.0,3.19079882589735,3.22002347102184,30.5,29.070734719914697,True,suffix,SPM_with_SPMe_parameters
2659.0,3.1898982556189197,3.2188818586072854,30.5,29.072226951346806,True,suffix,SPM_with_SPMe_parameters
2660.0,3.189008621268031,3.2177371298515203,30.5,29.073719819101996,True,suffix,SPM_with_SPMe_parameters
2661.0,3.1881388124790337,3.216589375641104,30.5,29.07521332318032,True,suffix,SPM_with_SPMe_parameters
2662.0,3.187269003690037,3.215438687334268,30.5,29.07670746358184,True,suffix,SPM_with_SPMe_parameters
2663.0,3.186132170412613,3.2142851566935935,30.5,29.078202240306553,True,suffix,SPM_with_SPMe_parameters
2664.0,3.185129386112043,3.213128875817932,30.5,29.079697653354344,True,suffix,SPM_with_SPMe_parameters
2665.0,3.1842595773230458,3.211969937073521,30.5,29.081193702725272,True,suffix,SPM_with_SPMe_parameters
2666.0,3.1833330761489433,3.2108084330244715,30.5,29.082690388419394,True,suffix,SPM_with_SPMe_parameters
2667.0,3.1824199597450518,3.2096444563626854,30.5,29.08418771043671,True,suffix,SPM_with_SPMe_parameters
2668.0,3.181550150956055,3.2084780998372873,30.5,29.085685668777103,True,suffix,SPM_with_SPMe_parameters
2669.0,3.1806337135189535,3.2073094561836006,30.5,29.087184263440747,True,suffix,SPM_with_SPMe_parameters
2670.0,3.179710533378061,3.206138618051837,30.5,29.088683494427414,True,suffix,SPM_with_SPMe_parameters
2671.0,3.178720966118752,3.2049656779355717,30.5,29.090183361737274,True,suffix,SPM_with_SPMe_parameters
2672.0,3.1776343508889635,3.203790728099996,30.5,29.091683865370385,True,suffix,SPM_with_SPMe_parameters
2673.0,3.1766014760147603,3.2026138605101693,30.5,29.09318500532646,True,suffix,SPM_with_SPMe_parameters
2674.0,3.175531298222073,3.201435166759252,30.5,29.094686781605787,True,suffix,SPM_with_SPMe_parameters
2675.0,3.1746349882589735,3.200254737996855,30.5,29.096189194208307,True,suffix,SPM_with_SPMe_parameters
2676.0,3.173691680644079,3.19907266485759,30.5,29.097692243133906,True,suffix,SPM_with_SPMe_parameters
2677.0,3.1728218718550822,3.1978890373898854,30.7,29.099195928382755,True,suffix,SPM_with_SPMe_parameters
2678.0,3.1719356256289832,3.196703944985169,30.5,29.100700249954684,True,suffix,SPM_with_SPMe_parameters
2679.0,3.1709037571284804,3.195517476307498,30.7,29.10220520784975,True,suffix,SPM_with_SPMe_parameters
2680.0,3.1695124454880914,3.1943297192237097,30.7,29.103710802068008,True,suffix,SPM_with_SPMe_parameters
2681.0,3.168636262998994,3.193140760734192,30.7,29.105217032609403,True,suffix,SPM_with_SPMe_parameters
2682.0,3.1676637705467963,3.1919506869043466,30.7,29.106723899473877,True,suffix,SPM_with_SPMe_parameters
2683.0,3.1665040254948003,3.190759582796789,30.7,29.10823140266166,True,suffix,SPM_with_SPMe_parameters
2684.0,3.1656332103321034,3.189567532404449,30.7,29.109739542172463,True,suffix,SPM_with_SPMe_parameters
2685.0,3.164670446159007,3.1883746185845587,30.7,29.11124831800646,True,suffix,SPM_with_SPMe_parameters
2686.0,3.1637935927541094,3.18718092299362,30.7,29.112757730163594,True,suffix,SPM_with_SPMe_parameters
2687.0,3.1624063066085206,3.1859865260234614,30.7,29.11426777864392,True,suffix,SPM_with_SPMe_parameters
2688.0,3.161371083529017,3.1847915067384305,30.7,29.115778463447327,True,suffix,SPM_with_SPMe_parameters
2689.0,3.160484166387118,3.1835959428137928,30.7,29.117289784573927,True,suffix,SPM_with_SPMe_parameters
2690.0,3.159385810130828,3.182399910475325,30.7,29.118801742023663,True,suffix,SPM_with_SPMe_parameters
2691.0,3.158371720899027,3.181203484440352,30.7,29.120314335796536,True,suffix,SPM_with_SPMe_parameters
2692.0,3.1574747400201275,3.180006737860036,30.7,29.121827565892602,True,suffix,SPM_with_SPMe_parameters
2693.0,3.156406574974841,3.178809742263211,30.7,29.123341432311804,True,suffix,SPM_with_SPMe_parameters
2694.0,3.1553723582690374,3.1776125675016544,30.7,29.1248559350542,True,suffix,SPM_with_SPMe_parameters
2695.0,3.1541088560885613,3.1764152816968707,30.7,29.126371074119675,True,suffix,SPM_with_SPMe_parameters
2696.0,3.152939449849044,3.175217951188538,30.7,29.127886849508343,True,suffix,SPM_with_SPMe_parameters
2697.0,3.1520256960751425,3.174020640484507,30.8,29.129403261220148,True,suffix,SPM_with_SPMe_parameters
2698.0,3.1510078497148606,3.172823412212514,30.9,29.13092030925509,True,suffix,SPM_with_SPMe_parameters
2699.0,3.1499400872190537,3.1716263270735645,30.9,29.132437993613223,True,suffix,SPM_with_SPMe_parameters
2700.0,3.148888359610869,3.1704294437970875,30.8,29.133956314294494,True,suffix,SPM_with_SPMe_parameters
2701.0,3.147728614558873,3.1692328190978247,30.7,29.1354752712989,True,suffix,SPM_with_SPMe_parameters
2702.0,3.1465329419657833,3.16803650763453,30.7,29.1369948646265,True,suffix,SPM_with_SPMe_parameters
2703.0,3.145406843341161,3.1668405629434093,30.7,29.13851553264044,True,suffix,SPM_with_SPMe_parameters
2704.0,3.144449379402885,3.165645102019451,30.7,29.140067263409037,True,suffix,SPM_with_SPMe_parameters
2705.0,3.1432637705467967,3.1644501066134043,30.7,29.141620086162334,True,suffix,SPM_with_SPMe_parameters
2706.0,3.14209741697417,3.163255622783986,30.7,29.143174000900615,True,suffix,SPM_with_SPMe_parameters
2707.0,3.141150989600805,3.162061694354981,30.7,29.144729007623653,True,suffix,SPM_with_SPMe_parameters
2708.0,3.139910399194901,3.160868362885068,30.7,29.146285106331675,True,suffix,SPM_with_SPMe_parameters
2709.0,3.138750654142905,3.159675667639511,30.7,29.147842297024454,True,suffix,SPM_with_SPMe_parameters
2710.0,3.1375818181818182,3.1584836455637566,30.9,29.149400579702103,True,suffix,SPM_with_SPMe_parameters
2711.0,3.1363311640389133,3.1572923312588848,30.9,29.150959954364623,True,suffix,SPM_with_SPMe_parameters
2712.0,3.1351785642401877,3.156101756958962,30.7,29.152520421011957,True,suffix,SPM_with_SPMe_parameters
2713.0,3.134308755451191,3.154911952510255,30.9,29.154081979644275,True,suffix,SPM_with_SPMe_parameters
2714.0,3.1330562562898354,3.1537229453522695,30.9,29.15564463026135,True,suffix,SPM_with_SPMe_parameters
2715.0,3.1318921838309293,3.1525347605006613,30.9,29.157208372863238,True,suffix,SPM_with_SPMe_parameters
2716.0,3.130376585038577,3.1513474205319616,30.9,29.158773207450054,True,suffix,SPM_with_SPMe_parameters
2717.0,3.1294295202952034,3.1501609455700863,30.9,29.160339134021683,True,suffix,SPM_with_SPMe_parameters
2718.0,3.1283129486749415,3.148975353274636,30.9,29.161906152578297,True,suffix,SPM_with_SPMe_parameters
2719.0,3.1270743039248576,3.1477906588309468,30.9,29.16347426311961,True,suffix,SPM_with_SPMe_parameters
2720.0,3.1258934585709492,3.146606874941878,30.9,29.16504346564585,True,suffix,SPM_with_SPMe_parameters
2721.0,3.124661522978866,3.145424011821251,30.9,29.166613760156963,True,suffix,SPM_with_SPMe_parameters
2722.0,3.1234739684669575,3.144242077189029,30.9,29.16818514665289,True,suffix,SPM_with_SPMe_parameters
2723.0,3.1220522978866154,3.1430610762680393,30.9,29.169757625133684,True,suffix,SPM_with_SPMe_parameters
2724.0,3.1207544783629655,3.1418810117823535,30.9,29.17133119559935,True,suffix,SPM_with_SPMe_parameters
2725.0,3.1195947333109695,3.1407018839571954,30.9,29.17290585804983,True,suffix,SPM_with_SPMe_parameters
2726.0,3.118379570613888,3.139523690520363,31.0,29.17448161248518,True,suffix,SPM_with_SPMe_parameters
2727.0,3.1171752432069773,3.1383464267051484,30.9,29.17605845890546,True,suffix,SPM_with_SPMe_parameters
2728.0,3.1161129151291513,3.1371700852546622,30.9,29.17763639731055,True,suffix,SPM_with_SPMe_parameters
2729.0,3.114919691378732,3.135994656427579,30.9,29.179215427700456,True,suffix,SPM_with_SPMe_parameters
2730.0,3.1135960080509895,3.134820128005186,30.9,29.18079555007523,True,suffix,SPM_with_SPMe_parameters
2731.0,3.11239761824891,3.133646485299799,31.0,29.182376764434935,True,suffix,SPM_with_SPMe_parameters
2732.0,3.1111765179469977,3.1324737111643444,30.9,29.183959070779395,True,suffix,SPM_with_SPMe_parameters
2733.0,3.1099848373029184,3.1313017860032333,30.9,29.185542469108782,True,suffix,SPM_with_SPMe_parameters
2734.0,3.108757027843006,3.130130687784315,31.0,29.18712695942304,True,suffix,SPM_with_SPMe_parameters
2735.0,3.1074206977524317,3.128960392052012,31.0,29.18871254172211,True,suffix,SPM_with_SPMe_parameters
2736.0,3.1057375377390133,3.127790871941436,31.0,29.190299216006053,True,suffix,SPM_with_SPMe_parameters
2737.0,3.1045777926870177,3.126622098193612,31.0,29.19188698227481,True,suffix,SPM_with_SPMe_parameters
2738.0,3.1034028849379403,3.1254540391715353,31.0,29.193475840528436,True,suffix,SPM_with_SPMe_parameters
2739.0,3.102158302583026,3.1242866608772766,31.0,29.19506579076699,True,suffix,SPM_with_SPMe_parameters
2740.0,3.1009647433747065,3.123119926969812,31.0,29.196656832990357,True,suffix,SPM_with_SPMe_parameters
2741.0,3.0994235155987924,3.121953798783777,31.0,29.198248967198595,True,suffix,SPM_with_SPMe_parameters
2742.0,3.097977323045958,3.120788235348892,30.9,29.199842193391703,True,suffix,SPM_with_SPMe_parameters
2743.0,3.096720932572962,3.1196231934101597,31.0,29.201436511569625,True,suffix,SPM_with_SPMe_parameters
2744.0,3.095559577323046,3.1184586274486557,31.0,29.20303192173236,True,suffix,SPM_with_SPMe_parameters
2745.0,3.0940331096947333,3.1172944897030015,31.0,29.204628423880024,True,suffix,SPM_with_SPMe_parameters
2746.0,3.092840087219054,3.1161307301913377,31.0,29.206226018012558,True,suffix,SPM_with_SPMe_parameters
2747.0,3.091680342167058,3.1149672967338384,31.0,29.207824704129962,True,suffix,SPM_with_SPMe_parameters
2748.0,3.089949278765515,3.1138041349756818,31.0,29.20942448223218,True,suffix,SPM_with_SPMe_parameters
2749.0,3.0886608520630663,3.1126411884104432,31.0,29.21102535231921,True,suffix,SPM_with_SPMe_parameters
2750.0,3.0874261992619925,3.11147839840384,31.0,29.21262731439117,True,suffix,SPM_with_SPMe_parameters
2751.0,3.086026702448842,3.110315704217828,31.0,29.214230368447943,True,suffix,SPM_with_SPMe_parameters
2752.0,3.0847134183160008,3.1091530430349574,31.0,29.215834514489586,True,suffix,SPM_with_SPMe_parameters
2753.0,3.083132807782623,3.1079903499829635,31.0,29.217439752516043,True,suffix,SPM_with_SPMe_parameters
2754.0,3.08170063737001,3.1068275581595715,31.0,29.219046082527427,True,suffix,SPM_with_SPMe_parameters
2755.0,3.0803279771888628,3.10566459865741,31.0,29.220653504523682,True,suffix,SPM_with_SPMe_parameters
2756.0,3.078987856424019,3.1045014005890867,31.0,29.22226201850475,True,suffix,SPM_with_SPMe_parameters
2757.0,3.0776286145588734,3.1033378911122824,31.1,29.22387162447069,True,suffix,SPM_with_SPMe_parameters
2758.0,3.076323146595102,3.1021739954549092,31.2,29.225482322421442,True,suffix,SPM_with_SPMe_parameters
2759.0,3.0749845353908083,3.1010096369402316,31.2,29.227094112357122,True,suffix,SPM_with_SPMe_parameters
2760.0,3.073479570613888,3.099844737011983,31.2,29.228706994277616,True,suffix,SPM_with_SPMe_parameters
2761.0,3.071991881918819,3.0986792152593488,31.1,29.23032096818298,True,suffix,SPM_with_SPMe_parameters
2762.0,3.070480207983898,3.097512989441863,31.1,29.231936034073215,True,suffix,SPM_with_SPMe_parameters
2763.0,3.0690931231130496,3.096345975514175,31.2,29.233552191948263,True,suffix,SPM_with_SPMe_parameters
2764.0,3.067780845353908,3.0951780876505914,31.2,29.235169441808182,True,suffix,SPM_with_SPMe_parameters
2765.0,3.06630657497484,3.094009238269413,31.2,29.23678778365297,True,suffix,SPM_with_SPMe_parameters
2766.0,3.064781482723918,3.092839338057062,31.2,29.23840721748263,True,suffix,SPM_with_SPMe_parameters
2767.0,3.0633139215028513,3.0916682959919224,31.2,29.240027743297105,True,suffix,SPM_with_SPMe_parameters
2768.0,3.0618256960751427,3.090496019367826,31.2,29.241649361096506,True,suffix,SPM_with_SPMe_parameters
2769.0,3.0605877557866488,3.0893224138173245,31.2,29.24327207088072,True,suffix,SPM_with_SPMe_parameters
2770.0,3.0587827574639386,3.0881473833344932,31.2,29.24489587264975,True,suffix,SPM_with_SPMe_parameters
2771.0,3.057328614558873,3.086970830297452,31.2,29.24652076640365,True,suffix,SPM_with_SPMe_parameters
2772.0,3.0557833948339486,3.0857926554904074,31.2,29.24814675214253,True,suffix,SPM_with_SPMe_parameters
2773.0,3.054333713518953,3.084612758125359,31.2,29.249773829866115,True,suffix,SPM_with_SPMe_parameters
2774.0,3.053072827910097,3.0834310358632884,31.2,29.251401999574625,True,suffix,SPM_with_SPMe_parameters
2775.0,3.051361221066756,3.082247384834936,31.2,29.25303126126795,True,suffix,SPM_with_SPMe_parameters
2776.0,3.0497969808788996,3.081061699661087,31.4,29.2546616149462,True,suffix,SPM_with_SPMe_parameters
2777.0,3.048334988258973,3.0798738734723505,31.2,29.256293060609266,True,suffix,SPM_with_SPMe_parameters
2778.0,3.0468043274069103,3.078683797928448,31.4,29.257925598257145,True,suffix,SPM_with_SPMe_parameters
2779.0,3.045335625628984,3.0774913632369385,31.2,29.25955922788995,True,suffix,SPM_with_SPMe_parameters
2780.0,3.043588862797719,3.076296458171455,31.3,29.26119394950757,True,suffix,SPM_with_SPMe_parameters
2781.0,3.0420362629989937,3.0750989700893383,31.4,29.26282976311012,True,suffix,SPM_with_SPMe_parameters
2782.0,3.040519020462932,3.0738987849487223,31.3,29.26446666869748,True,suffix,SPM_with_SPMe_parameters
2783.0,3.0390369003690036,3.0726957873250402,31.2,29.266104666269655,True,suffix,SPM_with_SPMe_parameters
2784.0,3.0375263669909427,3.071489860426952,31.2,29.267743755826757,True,suffix,SPM_with_SPMe_parameters
2785.0,3.036037537739014,3.07028088611165,31.3,29.269383937368616,True,suffix,SPM_with_SPMe_parameters
2786.0,3.034371284803757,3.069068744899589,31.4,29.27102521089546,True,suffix,SPM_with_SPMe_parameters
2787.0,3.0326873867829587,3.067853315988554,31.4,29.272667576407116,True,suffix,SPM_with_SPMe_parameters
2788.0,3.0311884937940285,3.0666344772671827,31.4,29.274311033903587,True,suffix,SPM_with_SPMe_parameters
2789.0,3.0296947333109694,3.065412105327761,31.4,29.275955583384928,True,suffix,SPM_with_SPMe_parameters
2790.0,3.0280669573968466,3.0641860754784807,31.4,29.27760122485114,True,suffix,SPM_with_SPMe_parameters
2791.0,3.0264020798389804,3.0629562617549992,31.4,29.279247958302165,True,suffix,SPM_with_SPMe_parameters
2792.0,3.0248897685340492,3.061722536931364,31.4,29.280895783738117,True,suffix,SPM_with_SPMe_parameters
2793.0,3.023409426366991,3.0604847725303364,31.4,29.282544701158884,True,suffix,SPM_with_SPMe_parameters
2794.0,3.021890405904059,3.059242838832995,31.4,29.284194710564577,True,suffix,SPM_with_SPMe_parameters
2795.0,3.020273062730628,3.057996604887754,31.4,29.285845811955028,True,suffix,SPM_with_SPMe_parameters
2796.0,3.0182910432740693,3.0567459385187146,31.4,29.287498005330406,True,suffix,SPM_with_SPMe_parameters
2797.0,3.016824119423012,3.0554907063333085,31.4,29.289151290690597,True,suffix,SPM_with_SPMe_parameters
2798.0,3.0152500167728946,3.054230773729386,31.4,29.290805668035603,True,suffix,SPM_with_SPMe_parameters
2799.0,3.013531465951023,3.052966004901573,31.4,29.292461137365592,True,suffix,SPM_with_SPMe_parameters
2800.0,3.0119636028178465,3.051696262847009,31.4,29.29411769868034,True,suffix,SPM_with_SPMe_parameters
2801.0,3.0101426366990944,3.050421409370427,31.4,29.295775351979955,True,suffix,SPM_with_SPMe_parameters
2802.0,3.008691076819859,3.0491413050886003,31.4,29.297434097264443,True,suffix,SPM_with_SPMe_parameters
2803.0,3.0068548138208655,3.0478558094341044,31.4,29.2990939345338,True,suffix,SPM_with_SPMe_parameters
2804.0,3.0053935927541096,3.0465647806584775,31.6,29.300754863787972,True,suffix,SPM_with_SPMe_parameters
2805.0,3.003582287822878,3.04526807583471,31.4,29.30241688502707,True,suffix,SPM_with_SPMe_parameters
2806.0,3.001833076148943,3.04396555085911,31.4,29.304079998250984,True,suffix,SPM_with_SPMe_parameters
2807.0,3.0002608520630663,3.0426570604525187,31.4,29.30574420345971,True,suffix,SPM_with_SPMe_parameters
2808.0,2.9987948674941296,3.041342458160895,31.6,29.307409500653364,True,suffix,SPM_with_SPMe_parameters
2809.0,2.997037235826904,3.0400215963553077,31.6,29.309075889831888,True,suffix,SPM_with_SPMe_parameters
2810.0,2.9952009728279103,3.0386943262312434,31.5,29.310743370995226,True,suffix,SPM_with_SPMe_parameters
2811.0,2.993434988258973,3.037360497807331,31.5,29.312411944143435,True,suffix,SPM_with_SPMe_parameters
2812.0,2.9918292183830926,3.0360199599234527,31.5,29.314081609276514,True,suffix,SPM_with_SPMe_parameters
2813.0,2.9901557531029854,3.034672560238221,31.5,29.315752366394406,True,suffix,SPM_with_SPMe_parameters
2814.0,2.9883559208319355,3.0333181452258877,31.6,29.317424215497226,True,suffix,SPM_with_SPMe_parameters
2815.0,2.9865765179469976,3.0319565601725884,31.6,29.319097156584803,True,suffix,SPM_with_SPMe_parameters
2816.0,2.9849439114391147,3.0305876491720882,31.5,29.320771189657307,True,suffix,SPM_with_SPMe_parameters
2817.0,2.983447735659175,3.0292112551208064,31.5,29.322446314714682,True,suffix,SPM_with_SPMe_parameters
2818.0,2.981810868835961,3.0278272197123943,31.6,29.324122531756814,True,suffix,SPM_with_SPMe_parameters
2819.0,2.9798442804428045,3.026435383431644,31.6,29.32579984078393,True,suffix,SPM_with_SPMe_parameters
2820.0,2.97799869171419,3.0250355855478253,31.6,29.327478241795802,True,suffix,SPM_with_SPMe_parameters
2821.0,2.97640207983898,3.0236276641075035,31.6,29.329157734792602,True,suffix,SPM_with_SPMe_parameters
2822.0,2.9745991949010397,3.0222114559267528,31.6,29.330838319774216,True,suffix,SPM_with_SPMe_parameters
2823.0,2.9728295538409926,3.0207867965828354,31.6,29.3325199967407,True,suffix,SPM_with_SPMe_parameters
2824.0,2.9709932908419994,3.019353520405298,31.6,29.334202765691998,True,suffix,SPM_with_SPMe_parameters
2825.0,2.969250285139215,3.017911460466554,31.6,29.33588662662828,True,suffix,SPM_with_SPMe_parameters
2826.0,2.9677207648440116,3.016460448571925,31.6,29.33757157954932,True,suffix,SPM_with_SPMe_parameters
2827.0,2.96590110701107,3.0150003152491034,31.6,29.339257624455172,True,suffix,SPM_with_SPMe_parameters
2828.0,2.964148238846025,3.0135308897371393,31.6,29.340944761345952,True,suffix,SPM_with_SPMe_parameters
2829.0,2.9623119758470313,3.0120519999748936,31.6,29.342632990221603,True,suffix,SPM_with_SPMe_parameters
2830.0,2.9604822542770886,3.010563472588916,31.6,29.344322311082067,True,suffix,SPM_with_SPMe_parameters
2831.0,2.9587394498490442,3.0090651328808953,31.6,29.3460127239274,True,suffix,SPM_with_SPMe_parameters
2832.0,2.9569031868500506,3.0075568048145405,31.6,29.347704228757607,True,suffix,SPM_with_SPMe_parameters
2833.0,2.954777490774908,3.0060383110019755,31.6,29.349396825572626,True,suffix,SPM_with_SPMe_parameters
2834.0,2.95330315330426,3.0045094726896577,31.6,29.351090514372572,True,suffix,SPM_with_SPMe_parameters
2835.0,2.951494397853069,3.002970109743744,31.6,29.352785295157332,True,suffix,SPM_with_SPMe_parameters
2836.0,2.9497445488091243,3.0014200406350753,31.6,29.354481167926963,True,suffix,SPM_with_SPMe_parameters
2837.0,2.947672693726937,2.999859082423545,31.6,29.356178132681407,True,suffix,SPM_with_SPMe_parameters
2838.0,2.945785608856088,2.9982870785225684,31.6,29.35788851405124,True,suffix,SPM_with_SPMe_parameters
2839.0,2.9442547467292854,2.9967038374334045,31.6,29.359609784715303,True,suffix,SPM_with_SPMe_parameters
2840.0,2.94229409594096,2.99510915129523,31.7,29.36133280890118,True,suffix,SPM_with_SPMe_parameters
2841.0,2.9404464609191545,2.9935028313596255,31.8,29.363057586608875,True,suffix,SPM_with_SPMe_parameters
2842.0,2.9386405568601144,2.991884687382373,31.8,29.364784117838383,True,suffix,SPM_with_SPMe_parameters
2843.0,2.9368042938611207,2.990254527605062,31.8,29.36651240258965,True,suffix,SPM_with_SPMe_parameters
2844.0,2.9350276081851727,2.988612158736313,31.8,29.36824244086273,True,suffix,SPM_with_SPMe_parameters
2845.0,2.9330630996309965,2.9869573859324787,31.8,29.36997423265757,True,suffix,SPM_with_SPMe_parameters
2846.0,2.9311483730291847,2.985290012777944,31.8,29.371707777974336,True,suffix,SPM_with_SPMe_parameters
2847.0,2.929507782623281,2.983609841264999,31.8,29.373443076812805,True,suffix,SPM_with_SPMe_parameters
2848.0,2.9276845018450186,2.9819166717732197,31.7,29.37518012917303,True,suffix,SPM_with_SPMe_parameters
2849.0,2.9257295202952025,2.9802103030484752,31.7,29.376918935055187,True,suffix,SPM_with_SPMe_parameters
2850.0,2.9238321033210326,2.97849053218145,31.8,29.378659494459043,True,suffix,SPM_with_SPMe_parameters
2851.0,2.921814189869171,2.9767571545857816,31.8,29.38040180738477,True,suffix,SPM_with_SPMe_parameters
2852.0,2.920010667561221,2.9750099639757557,31.8,29.382145873832258,True,suffix,SPM_with_SPMe_parameters
2853.0,2.9182416638711843,2.973248752343556,31.8,29.383891693801502,True,suffix,SPM_with_SPMe_parameters
2854.0,2.9163533378061057,2.971473309936147,31.8,29.385639267292675,True,suffix,SPM_with_SPMe_parameters
2855.0,2.9143011070110707,2.9696834252316773,31.8,29.38738859430555,True,suffix,SPM_with_SPMe_parameters
2856.0,2.912232874874203,2.96787888491552,31.8,29.389139674840237,True,suffix,SPM_with_SPMe_parameters
2857.0,2.91030080509896,2.9660594738558568,31.8,29.390892508896684,True,suffix,SPM_with_SPMe_parameters
2858.0,2.907972962093257,2.964224975078893,31.8,29.392647096474946,True,suffix,SPM_with_SPMe_parameters
2859.0,2.9062240858772226,2.9623751697435963,31.8,29.39440343757508,True,suffix,SPM_with_SPMe_parameters
2860.0,2.9043760147601474,2.960509837116121,32.0,29.39616153219697,True,suffix,SPM_with_SPMe_parameters
2861.0,2.9023439114391145,2.9586287545437395,31.8,29.39792138034062,True,suffix,SPM_with_SPMe_parameters
2862.0,2.9002177121771218,2.956731697428399,31.8,29.39968298200614,True,suffix,SPM_with_SPMe_parameters
2863.0,2.898379033881248,2.9548184391998906,32.0,29.40144633719342,True,suffix,SPM_with_SPMe_parameters
2864.0,2.896635256625293,2.952888751288595,31.8,29.403211445902514,True,suffix,SPM_with_SPMe_parameters
2865.0,2.8945391143911436,2.9509424030978018,31.8,29.404978308133423,True,suffix,SPM_with_SPMe_parameters
2866.0,2.8924129151291513,2.948979161975682,31.8,29.40674692388609,True,suffix,SPM_with_SPMe_parameters
2867.0,2.890369137873197,2.9469987931868116,31.8,29.40851729316057,True,suffix,SPM_with_SPMe_parameters
2868.0,2.888260516605166,2.9450010598832947,31.8,29.410289415956925,True,suffix,SPM_with_SPMe_parameters
2869.0,2.886361455887286,2.942985723075524,32.0,29.41206329227498,True,suffix,SPM_with_SPMe_parameters
2870.0,2.8840910432740694,2.9409525416024724,31.9,29.41383892211485,True,suffix,SPM_with_SPMe_parameters
2871.0,2.8821579335793355,2.938901272101652,31.9,29.415616305476533,True,suffix,SPM_with_SPMe_parameters
2872.0,2.8801557195571954,2.936831668978614,31.9,29.417395442360032,True,suffix,SPM_with_SPMe_parameters
2873.0,2.8780295202952026,2.9347434843760807,31.9,29.419176332765346,True,suffix,SPM_with_SPMe_parameters
2874.0,2.8759622609862463,2.9326364681426327,32.0,29.420958976692418,True,suffix,SPM_with_SPMe_parameters
2875.0,2.8738771217712173,2.930510367801056,32.0,29.422743374141305,True,suffix,SPM_with_SPMe_parameters
2876.0,2.8717509225092246,2.9283649285161846,31.9,29.42452952511195,True,suffix,SPM_with_SPMe_parameters
2877.0,2.869673599463267,2.9261998930624475,31.8,29.426317429604467,True,suffix,SPM_with_SPMe_parameters
2878.0,2.86759852398524,2.9240150017909086,31.9,29.4281070876188,True,suffix,SPM_with_SPMe_parameters
2879.0,2.865472324723247,2.921809992595954,32.0,29.42989849915483,True,suffix,SPM_with_SPMe_parameters
2880.0,2.8633849379402885,2.9195846008815307,32.0,29.431691664212735,True,suffix,SPM_with_SPMe_parameters
2881.0,2.8612135524991613,2.917338559527009,32.0,29.433486582792455,True,suffix,SPM_with_SPMe_parameters
2882.0,2.8587974169741694,2.9150715988525757,31.9,29.435283254893932,True,suffix,SPM_with_SPMe_parameters
2883.0,2.8565537739013753,2.91278344658427,31.9,29.437081680517167,True,suffix,SPM_with_SPMe_parameters
2884.0,2.854488963435089,2.910473827818535,32.0,29.438881859662274,True,suffix,SPM_with_SPMe_parameters
2885.0,2.8519371687353234,2.9081424649863843,32.0,29.440683792329196,True,suffix,SPM_with_SPMe_parameters
2886.0,2.849888929889299,2.9057890778171416,32.0,29.442487478517876,True,suffix,SPM_with_SPMe_parameters
2887.0,2.8477627306273057,2.9034133833017224,32.0,29.44429291822837,True,suffix,SPM_with_SPMe_parameters
2888.0,2.845564676283126,2.9010150956555094,32.0,29.446100111460623,True,suffix,SPM_with_SPMe_parameters
2889.0,2.8429189533713517,2.8985939262807863,32.0,29.447909058214748,True,suffix,SPM_with_SPMe_parameters
2890.0,2.840884132841329,2.8961495837287083,32.0,29.44971975849063,True,suffix,SPM_with_SPMe_parameters
2891.0,2.838746460919155,2.893681773660884,32.0,29.451532212288328,True,suffix,SPM_with_SPMe_parameters
2892.0,2.8360403891311643,2.891190198810442,32.2,29.453346419607783,True,suffix,SPM_with_SPMe_parameters
2893.0,2.833905535055351,2.8886745589427023,32.0,29.455162380449167,True,suffix,SPM_with_SPMe_parameters
2894.0,2.831595639047299,2.8861345508153624,32.0,29.456980094812195,True,suffix,SPM_with_SPMe_parameters
2895.0,2.8291876551492785,2.883569868138239,32.0,29.458799562697095,True,suffix,SPM_with_SPMe_parameters
2896.0,2.826771519624287,2.8809802015325463,32.2,29.46062078410381,True,suffix,SPM_with_SPMe_parameters
2897.0,2.824355384099295,2.878365238489695,32.0,29.462443759032226,True,suffix,SPM_with_SPMe_parameters
2898.0,2.821939248574304,2.8757246633296556,32.2,29.46426848748257,True,suffix,SPM_with_SPMe_parameters
2899.0,2.8193729620932575,2.873058157158768,32.2,29.466094969454616,True,suffix,SPM_with_SPMe_parameters
2900.0,2.8169069775243205,2.8703653978271735,32.1,29.46792320494859,True,suffix,SPM_with_SPMe_parameters
2901.0,2.8146959409594094,2.8676460598856766,32.1,29.469753193964266,True,suffix,SPM_with_SPMe_parameters
2902.0,2.8119846360281784,2.864899814542152,32.2,29.471584936501756,True,suffix,SPM_with_SPMe_parameters
2903.0,2.809358570949346,2.862126385735455,32.1,29.473443166240315,True,suffix,SPM_with_SPMe_parameters
2904.0,2.806942435424354,2.8593253950361737,32.1,29.475309006256623,True,suffix,SPM_with_SPMe_parameters
2905.0,2.8043614558872862,2.856496492129409,32.2,29.477177507500755,True,suffix,SPM_with_SPMe_parameters
2906.0,2.8018617577993963,2.8536393344057336,32.2,29.479048669972542,True,suffix,SPM_with_SPMe_parameters
2907.0,2.799349312311305,2.850753575687243,32.1,29.480922493672097,True,suffix,SPM_with_SPMe_parameters
2908.0,2.7966432405233146,2.8478388661808745,32.0,29.482798978599362,True,suffix,SPM_with_SPMe_parameters
2909.0,2.794061757799396,2.8448948524311923,32.1,29.484678124754396,True,suffix,SPM_with_SPMe_parameters
2910.0,2.791531096947333,2.8419211772726776,32.2,29.48655993213714,True,suffix,SPM_with_SPMe_parameters
2911.0,2.788825025159342,2.8389174797814203,32.2,29.488444400747596,True,suffix,SPM_with_SPMe_parameters
2912.0,2.7861189533713513,2.835883395226304,32.2,29.490331530585877,True,suffix,SPM_with_SPMe_parameters
2913.0,2.7833285474672924,2.8328185550195886,32.2,29.49222132165181,True,suffix,SPM_with_SPMe_parameters
2914.0,2.7804068097953705,2.829722586666964,32.2,29.494113773945514,True,suffix,SPM_with_SPMe_parameters
2915.0,2.7777221402214027,2.8265951137169987,32.2,29.496008887466985,True,suffix,SPM_with_SPMe_parameters
2916.0,2.7750405233143245,2.8234357557100327,32.2,29.497906662216167,True,suffix,SPM_with_SPMe_parameters
2917.0,2.7720885944313984,2.820244128126456,32.2,29.499807098193003,True,suffix,SPM_with_SPMe_parameters
2918.0,2.769382522643408,2.817019842334406,32.2,29.501710195397663,True,suffix,SPM_with_SPMe_parameters
2919.0,2.766652499161355,2.8137625055368467,32.2,29.503615953830035,True,suffix,SPM_with_SPMe_parameters
2920.0,2.7636564911103654,2.8104717207180485,32.2,29.505524373490175,True,suffix,SPM_with_SPMe_parameters
2921.0,2.7606643072794363,2.8071470865894144,32.2,29.507435454378026,True,suffix,SPM_with_SPMe_parameters
2922.0,2.757958235491446,2.8037881975347236,32.2,29.509349196493588,True,suffix,SPM_with_SPMe_parameters
2923.0,2.7549684669573966,2.80039464355467,32.2,29.511265599836918,True,suffix,SPM_with_SPMe_parameters
2924.0,2.7519724589064074,2.7969660102108076,32.2,29.51318466440796,True,suffix,SPM_with_SPMe_parameters
2925.0,2.7487128815833604,2.793501878568799,32.2,29.515106390206768,True,suffix,SPM_with_SPMe_parameters
2926.0,2.7456804428044284,2.7900018251410073,32.2,29.517030777233288,True,suffix,SPM_with_SPMe_parameters
2927.0,2.742927876551493,2.7864654218284026,32.2,29.518957825487576,True,suffix,SPM_with_SPMe_parameters
2928.0,2.7395216705803427,2.782892235861785,32.2,29.520887534969575,True,suffix,SPM_with_SPMe_parameters
2929.0,2.7363924186514597,2.7792818297422945,32.3,29.522819905679228,True,suffix,SPM_with_SPMe_parameters
2930.0,2.733183160013419,2.775633761181222,32.4,29.524754937616763,True,suffix,SPM_with_SPMe_parameters
2931.0,2.7301004025494806,2.7719475830390703,32.4,29.526692630781895,True,suffix,SPM_with_SPMe_parameters
2932.0,2.7266537739013748,2.768222843263943,32.4,29.52863298517491,True,suffix,SPM_with_SPMe_parameters
2933.0,2.7234083864475003,2.7644590848290793,32.4,29.530576000795577,True,suffix,SPM_with_SPMe_parameters
2934.0,2.720066387118416,2.760655845669755,32.4,29.532521677643956,True,suffix,SPM_with_SPMe_parameters
2935.0,2.7166534384434753,2.7568126586193036,32.4,29.53447001572016,True,suffix,SPM_with_SPMe_parameters
2936.0,2.7133674941294865,2.7529290513444375,32.4,29.53642101502396,True,suffix,SPM_with_SPMe_parameters
2937.0,2.7097959409594092,2.7490045462796977,32.4,29.538374675555644,True,suffix,SPM_with_SPMe_parameters
2938.0,2.70619560550151,2.7450386605611743,32.4,29.54033099731498,True,suffix,SPM_with_SPMe_parameters
2939.0,2.7027460919154658,2.741030905959316,32.4,29.54228998030203,True,suffix,SPM_with_SPMe_parameters
2940.0,2.699111103656491,2.7369807888109756,32.5,29.544251624516846,True,suffix,SPM_with_SPMe_parameters
2941.0,2.695432673599463,2.7328878099505656,32.4,29.54621592995943,True,suffix,SPM_with_SPMe_parameters
2942.0,2.6917518282455553,2.728751464640349,32.4,29.548182896629726,True,suffix,SPM_with_SPMe_parameters
2943.0,2.6881911439114394,2.7245712424998363,32.4,29.550152524527732,True,suffix,SPM_with_SPMe_parameters
2944.0,2.684107581348541,2.7203466274343353,32.4,29.552124813653563,True,suffix,SPM_with_SPMe_parameters
2945.0,2.680469406239517,2.716077097562514,32.5,29.55409976400705,True,suffix,SPM_with_SPMe_parameters
2946.0,2.6766035893995306,2.7117621251430912,32.5,29.556077375588245,True,suffix,SPM_with_SPMe_parameters
2947.0,2.672681549815497,2.7074011765005386,32.5,29.55805764839721,True,suffix,SPM_with_SPMe_parameters
2948.0,2.668471955719556,2.7029937119498304,32.4,29.560040582433942,True,suffix,SPM_with_SPMe_parameters
2949.0,2.664576752767527,2.698539185720232,32.5,29.562026177698385,True,suffix,SPM_with_SPMe_parameters
2950.0,2.6603283461925518,2.6940370458780447,32.5,29.564014434190597,True,suffix,SPM_with_SPMe_parameters
2951.0,2.656170043609528,2.689486734248323,32.5,29.566005351910462,True,suffix,SPM_with_SPMe_parameters
2952.0,2.6516277088225437,2.6848876863356423,32.5,29.567998930858096,True,suffix,SPM_with_SPMe_parameters
2953.0,2.647461086883597,2.6802393312436354,32.5,29.569995171033497,True,suffix,SPM_with_SPMe_parameters
2954.0,2.6433053337806114,2.675541091593628,32.5,29.57199407243661,True,suffix,SPM_with_SPMe_parameters
2955.0,2.6385390472995636,2.6707923834420138,32.5,29.57399563506749,True,suffix,SPM_with_SPMe_parameters
2956.0,2.634293827574639,2.6659926161966063,32.5,29.57599985892608,True,suffix,SPM_with_SPMe_parameters
2957.0,2.629574505199597,2.6611411925317654,32.5,29.57800674401244,True,suffix,SPM_with_SPMe_parameters
2958.0,2.625050855417645,2.6562375083023992,32.5,29.580016290326455,True,suffix,SPM_with_SPMe_parameters
2959.0,2.620309963099631,2.6512809524567253,32.6,29.582028497868293,True,suffix,SPM_with_SPMe_parameters
2960.0,2.6154776920496476,2.6462709069478088,32.6,29.584043366637843,True,suffix,SPM_with_SPMe_parameters
2961.0,2.610511237839651,2.6412067466438716,32.6,29.586060896635104,True,suffix,SPM_with_SPMe_parameters
2962.0,2.6054219389466624,2.6360878392372724,32.7,29.588081087860076,True,suffix,SPM_with_SPMe_parameters
2963.0,2.6004808788996976,2.630913545152204,32.7,29.590103940312872,True,suffix,SPM_with_SPMe_parameters
2964.0,2.595534552163704,2.6256832174510545,32.7,29.592129453993323,True,suffix,SPM_with_SPMe_parameters
2965.0,2.5902942972156997,2.6203962017393474,32.7,29.594157628901485,True,suffix,SPM_with_SPMe_parameters
2966.0,2.5848821536397186,2.615051836069309,32.7,29.59618846503747,True,suffix,SPM_with_SPMe_parameters
2967.0,2.5796109023817517,2.609649452360067,32.7,29.598222628827614,True,suffix,SPM_with_SPMe_parameters
2968.0,2.574227037906743,2.604188388050635,32.7,29.600266612156247,True,suffix,SPM_with_SPMe_parameters
2969.0,2.5686859778597793,2.598667943968202,32.7,29.602314281216252,True,suffix,SPM_with_SPMe_parameters
2970.0,2.563222878228781,2.5930874269580695,32.7,29.604365636007913,True,suffix,SPM_with_SPMe_parameters
2971.0,2.557520798389801,2.5874461358076593,32.7,29.606420676531116,True,suffix,SPM_with_SPMe_parameters
2972.0,2.5517281449178117,2.581743361140821,32.7,29.608479402785747,True,suffix,SPM_with_SPMe_parameters
2973.0,2.545736128815833,2.5759783853105267,32.8,29.610541814772034,True,suffix,SPM_with_SPMe_parameters
2974.0,2.5396736665548465,2.5701504822897867,32.9,29.612607912489807,True,suffix,SPM_with_SPMe_parameters
2975.0,2.533452096611875,2.5642589175608,32.7,29.614677695939122,True,suffix,SPM_with_SPMe_parameters
2976.0,2.5274097618248925,2.558302948002342,32.9,29.61675116511998,True,suffix,SPM_with_SPMe_parameters
2977.0,2.521127809459914,2.5522818217751855,32.7,29.61882832003232,True,suffix,SPM_with_SPMe_parameters
2978.0,2.51480560214693,2.5461947782056695,32.9,29.62090916067632,True,suffix,SPM_with_SPMe_parameters
2979.0,2.5081437772559543,2.5400410476672253,32.9,29.622993687051746,True,suffix,SPM_with_SPMe_parameters
2980.0,2.5015618248909757,2.5338198514599215,32.9,29.625081899158715,True,suffix,SPM_with_SPMe_parameters
2981.0,2.4947,2.5275304016878213,32.7,29.627173796997283,True,suffix,SPM_with_SPMe_parameters
