decision_index,phase,time_s,duration_s,requested_current_A,screened_current_A,executed_current_A,reward,goal,failure_reason,protective_stop,numerical_failure,post_switch_peak_unknown,intervention,filter_wall_s,safety_details,reward_terms
0,charge,90.0,90.0,"[7.5, 3.0, 7.5]","[7.5, 3.0, 7.5]","[7.5, 3.0, 7.5]",-10.674785339718552,False,,False,False,False,False,0.8754511512815952,"{""requested_current_A"": [7.5, 3.0, 7.5], ""applied_current_A"": [7.5, 3.0, 7.5], ""intervention"": false, ""infeasible"": false, ""reason"": ""Requested currents passed nominal screening"", ""voltage_margin_V"": 0.03, ""temperature_margin_K"": 1.0, ""soc_max"": 0.95, ""voltage_guard_V"": 4.17, ""temperature_guard_K"": 308.0, ""nominal_state"": [[0.23383551920636286, 3.510626354536697, 298.15], [0.7337258904753063, 3.9906791758965574, 298.15], [0.28318691375946364, 3.5851603975896027, 298.15]], ""observation"": [[0.23383551920636286, 3.510626354536697, 298.15], [0.7337258904753063, 3.9906791758965574, 298.15], [0.28318691375946364, 3.5851603975896027, 298.15]], ""positive_voltage_bias_V"": [0.0, 0.0, 0.0], ""positive_temperature_bias_K"": [0.0, 0.0, 0.0], ""absolute_soc_bias"": [0.0, 0.0, 0.0], ""cells"": [{""cell_index"": 0, ""candidate_count"": 1, ""feasible"": true, ""rejections"": [], ""current_A"": 7.5, ""nominal_next_peaks"": {""voltage_V"": 3.7846372282299687, ""temperature_K"": 298.6912517145516, ""soc"": 0.2778757018203996}, ""nominal_backup_peaks"": {""voltage_V"": 3.6101603727795464, ""temperature_K"": 298.6912517145516, ""soc"": 0.27787570182040033}, ""bias_adjusted_peaks"": {""voltage_V"": 3.7846372282299687, ""temperature_K"": 298.6912517145516, ""soc"": 0.27787570182040033}}, {""cell_index"": 1, ""candidate_count"": 1, ""feasible"": true, ""rejections"": [], ""current_A"": 3.0, ""nominal_next_peaks"": {""voltage_V"": 4.12205985617323, ""temperature_K"": 298.23975250335866, ""soc"": 0.7523881298069824}, ""nominal_backup_peaks"": {""voltage_V"": 4.037448347191308, ""temperature_K"": 298.23975250335866, ""soc"": 0.7523881298069877}, ""bias_adjusted_peaks"": {""voltage_V"": 4.12205985617323, ""temperature_K"": 298.23975250335866, ""soc"": 0.7523881298069877}}, {""cell_index"": 2, ""candidate_count"": 1, ""feasible"": true, ""rejections"": [], ""current_A"": 7.5, ""nominal_next_peaks"": {""voltage_V"": 3.876562884850007, ""temperature_K"": 298.5576133189056, ""soc"": 0.33203893827091685}, ""nominal_backup_peaks"": {""voltage_V"": 3.6986601135474695, ""temperature_K"": 298.5576133189056, ""soc"": 0.33203893827091696}, ""bias_adjusted_peaks"": {""voltage_V"": 3.876562884850007, ""temperature_K"": 298.5576133189056, ""soc"": 0.33203893827091696}}], ""candidate_solve_count"": 6, ""screen_horizon_s"": 90.0, ""zero_current_backup_horizon_s"": 90.0, ""safety_guarantee"": ""finite-horizon sampled screen only"", ""filter_wall_time_s"": 0.875430304557085}","{""time"": -0.75, ""balance"": -9.924785339718552, ""voltage"": -0.0, ""temperature"": -0.0, ""numerical_failure"": 0.0, ""protective_stop"": 0.0}"
1,charge,180.0,90.0,"[7.5, 3.0, 7.5]","[7.5, 3.0, 7.5]","[7.5, 3.0, 7.5]",-10.0337630169059,False,,False,False,False,False,0.6171955745667219,"{""requested_current_A"": [7.5, 3.0, 7.5], ""applied_current_A"": [7.5, 3.0, 7.5], ""intervention"": false, ""infeasible"": false, ""reason"": ""Requested currents passed nominal screening"", ""voltage_margin_V"": 0.03, ""temperature_margin_K"": 1.0, ""soc_max"": 0.95, ""voltage_guard_V"": 4.17, ""temperature_guard_K"": 308.0, ""nominal_state"": [[0.27787570182039933, 3.7846372282299687, 298.6912517145516], [0.7523881298069841, 4.12205985617323, 298.23975250335866], [0.33203893827091635, 3.876562884850007, 298.5576133189056]], ""observation"": [[0.27787570182039933, 3.7846372282299687, 298.6912517145516], [0.7523881298069841, 4.12205985617323, 298.23975250335866], [0.33203893827091635, 3.876562884850007, 298.5576133189056]], ""positive_voltage_bias_V"": [0.0, 0.0, 0.0], ""positive_temperature_bias_K"": [0.0, 0.0, 0.0], ""absolute_soc_bias"": [0.0, 0.0, 0.0], ""cells"": [{""cell_index"": 0, ""candidate_count"": 1, ""feasible"": true, ""rejections"": [], ""current_A"": 7.5, ""nominal_next_peaks"": {""voltage_V"": 3.8375933725098728, ""temperature_K"": 299.2535118112073, ""soc"": 0.32191588443443664}, ""nominal_backup_peaks"": {""voltage_V"": 3.664944299824261, ""temperature_K"": 299.2535118112073, ""soc"": 0.32191588443443664}, ""bias_adjusted_peaks"": {""voltage_V"": 3.8375933725098728, ""temperature_K"": 299.2535118112073, ""soc"": 0.32191588443443664}}, {""cell_index"": 1, ""candidate_count"": 1, ""feasible"": true, ""rejections"": [], ""current_A"": 3.0, ""nominal_next_peaks"": {""voltage_V"": 4.144459982787437, ""temperature_K"": 298.33239306612853, ""soc"": 0.7710503691386632}, ""nominal_backup_peaks"": {""voltage_V"": 4.058997375099885, ""temperature_K"": 298.33239306612853, ""soc"": 0.7710503691386676}, ""bias_adjusted_peaks"": {""voltage_V"": 4.144459982787437, ""temperature_K"": 298.33239306612853, ""soc"": 0.7710503691386676}}, {""cell_index"": 2, ""candidate_count"": 1, ""feasible"": true, ""rejections"": [], ""current_A"": 7.5, ""nominal_next_peaks"": {""voltage_V"": 3.9374975220274604, ""temperature_K"": 298.9858183621957, ""soc"": 0.3808909627823693}, ""nominal_backup_peaks"": {""voltage_V"": 3.7605508209783824, ""temperature_K"": 298.9858183621957, ""soc"": 0.38089096278237505}, ""bias_adjusted_peaks"": {""voltage_V"": 3.9374975220274604, ""temperature_K"": 298.9858183621957, ""soc"": 0.38089096278237505}}], ""candidate_solve_count"": 6, ""screen_horizon_s"": 90.0, ""zero_current_backup_horizon_s"": 90.0, ""safety_guarantee"": ""finite-horizon sampled screen only"", ""filter_wall_time_s"": 0.6171775292605162}","{""time"": -0.75, ""balance"": -9.2837630169059, ""voltage"": -0.0, ""temperature"": -0.0, ""numerical_failure"": 0.0, ""protective_stop"": 0.0}"
2,charge,270.0,90.0,"[7.5, 3.0, 7.5]","[7.5, 3.0, 7.5]","[7.5, 3.0, 7.5]",-9.395604906698669,False,,False,False,False,False,0.5887230318039656,"{""requested_current_A"": [7.5, 3.0, 7.5], ""applied_current_A"": [7.5, 3.0, 7.5], ""intervention"": false, ""infeasible"": false, ""reason"": ""Requested currents passed nominal screening"", ""voltage_margin_V"": 0.03, ""temperature_margin_K"": 1.0, ""soc_max"": 0.95, ""voltage_guard_V"": 4.17, ""temperature_guard_K"": 308.0, ""nominal_state"": [[0.32191588443443636, 3.8375933725098728, 299.2535118112073], [0.7710503691386646, 4.144459982787437, 298.33239306612853], [0.3808909627823697, 3.9374975220274604, 298.9858183621957]], ""observation"": [[0.32191588443443636, 3.8375933725098728, 299.2535118112073], [0.7710503691386646, 4.144459982787437, 298.33239306612853], [0.3808909627823697, 3.9374975220274604, 298.9858183621957]], ""positive_voltage_bias_V"": [0.0, 0.0, 0.0], ""positive_temperature_bias_K"": [0.0, 0.0, 0.0], ""absolute_soc_bias"": [0.0, 0.0, 0.0], ""cells"": [{""cell_index"": 0, ""candidate_count"": 1, ""feasible"": true, ""rejections"": [], ""current_A"": 7.5, ""nominal_next_peaks"": {""voltage_V"": 3.8809044230325984, ""temperature_K"": 299.8004133246473, ""soc"": 0.36595606704847156}, ""nominal_backup_peaks"": {""voltage_V"": 3.710975989610689, ""temperature_K"": 299.8004133246473, ""soc"": 0.36595606704847156}, ""bias_adjusted_peaks"": {""voltage_V"": 3.8809044230325984, ""temperature_K"": 299.8004133246473, ""soc"": 0.36595606704847156}}, {""cell_index"": 1, ""candidate_count"": 1, ""feasible"": true, ""rejections"": [], ""current_A"": 3.0, ""nominal_next_peaks"": {""voltage_V"": 4.161473013626267, ""temperature_K"": 298.4243976343992, ""soc"": 0.7897126084703424}, ""nominal_backup_peaks"": {""voltage_V"": 4.075348026307742, ""temperature_K"": 298.4243976343992, ""soc"": 0.7897126084703494}, ""bias_adjusted_peaks"": {""voltage_V"": 4.161473013626267, ""temperature_K"": 298.4243976343992, ""soc"": 0.7897126084703494}}, {""cell_index"": 2, ""candidate_count"": 1, ""feasible"": true, ""rejections"": [], ""current_A"": 7.5, ""nominal_next_peaks"": {""voltage_V"": 3.987667076660869, ""temperature_K"": 299.4074259778679, ""soc"": 0.42974298729382426}, ""nominal_backup_peaks"": {""voltage_V"": 3.812613920423452, ""temperature_K"": 299.4074259778679, ""soc"": 0.4297429872938366}, ""bias_adjusted_peaks"": {""voltage_V"": 3.987667076660869, ""temperature_K"": 299.4074259778679, ""soc"": 0.4297429872938366}}], ""candidate_solve_count"": 6, ""screen_horizon_s"": 90.0, ""zero_current_backup_horizon_s"": 90.0, ""safety_guarantee"": ""finite-horizon sampled screen only"", ""filter_wall_time_s"": 0.5887032821774483}","{""time"": -0.75, ""balance"": -8.645604906698669, ""voltage"": -0.0, ""temperature"": -0.0, ""numerical_failure"": 0.0, ""protective_stop"": 0.0}"
3,charge,360.0,90.0,"[7.5, 3.0, 7.5]","[7.5, 2.5, 7.5]","[7.5, 2.5, 7.5]",-8.724702543186641,False,,False,False,False,True,0.6949808150529861,"{""requested_current_A"": [7.5, 3.0, 7.5], ""applied_current_A"": [7.5, 2.5, 7.5], ""intervention"": true, ""infeasible"": false, ""reason"": ""Reduced requested current by nominal V/T/SOC and backup screening"", ""voltage_margin_V"": 0.03, ""temperature_margin_K"": 1.0, ""soc_max"": 0.95, ""voltage_guard_V"": 4.17, ""temperature_guard_K"": 308.0, ""nominal_state"": [[0.36595606704847156, 3.8809044230325984, 299.8004133246473], [0.7897126084703422, 4.161473013626267, 298.4243976343992], [0.42974298729382343, 3.987667076660869, 299.4074259778679]], ""observation"": [[0.36595606704847156, 3.8809044230325984, 299.8004133246473], [0.7897126084703422, 4.161473013626267, 298.4243976343992], [0.42974298729382343, 3.987667076660869, 299.4074259778679]], ""positive_voltage_bias_V"": [0.0, 0.0, 0.0], ""positive_temperature_bias_K"": [0.0, 0.0, 0.0], ""absolute_soc_bias"": [0.0, 0.0, 0.0], ""cells"": [{""cell_index"": 0, ""candidate_count"": 1, ""feasible"": true, ""rejections"": [], ""current_A"": 7.5, ""nominal_next_peaks"": {""voltage_V"": 3.923955267560302, ""temperature_K"": 300.3316171756956, ""soc"": 0.4099962496625071}, ""nominal_backup_peaks"": {""voltage_V"": 3.756330953674655, ""temperature_K"": 300.3316171756956, ""soc"": 0.4099962496625071}, ""bias_adjusted_peaks"": {""voltage_V"": 3.923955267560302, ""temperature_K"": 300.3316171756956, ""soc"": 0.4099962496625071}}, {""cell_index"": 1, ""candidate_count"": 2, ""feasible"": true, ""rejections"": [{""current_A"": 3.0, ""nominal_next_peaks"": {""voltage_V"": 4.174204572048978, ""temperature_K"": 298.5157138454544, ""soc"": 0.8083748478020232}, ""nominal_backup_peaks"": null, ""bias_adjusted_peaks"": {""voltage_V"": 4.174204572048978, ""temperature_K"": 298.5157138454544, ""soc"": 0.8083748478020232}, ""reason"": ""next_interval:voltage_V""}], ""current_A"": 2.5, ""nominal_next_peaks"": {""voltage_V"": 4.1564332981913115, ""temperature_K"": 298.48851164564593, ""soc"": 0.8052644745800709}, ""nominal_backup_peaks"": {""voltage_V"": 4.082291682493876, ""temperature_K"": 298.48851164564593, ""soc"": 0.8052644745800721}, ""bias_adjusted_peaks"": {""voltage_V"": 4.1564332981913115, ""temperature_K"": 298.48851164564593, ""soc"": 0.8052644745800721}}, {""cell_index"": 2, ""candidate_count"": 1, ""feasible"": true, ""rejections"": [], ""current_A"": 7.5, ""nominal_next_peaks"": {""voltage_V"": 4.027049205925925, ""temperature_K"": 299.8220101518889, ""soc"": 0.4785950118052771}, ""nominal_backup_peaks"": {""voltage_V"": 3.8534808834659584, ""temperature_K"": 299.8220101518889, ""soc"": 0.47859501180527825}, ""bias_adjusted_peaks"": {""voltage_V"": 4.027049205925925, ""temperature_K"": 299.8220101518889, ""soc"": 0.47859501180527825}}], ""candidate_solve_count"": 7, ""screen_horizon_s"": 90.0, ""zero_current_backup_horizon_s"": 90.0, ""safety_guarantee"": ""finite-horizon sampled screen only"", ""filter_wall_time_s"": 0.6949525810778141}","{""time"": -0.75, ""balance"": -7.974702543186642, ""voltage"": -0.0, ""temperature"": -0.0, ""numerical_failure"": 0.0, ""protective_stop"": 0.0}"
4,charge,450.0,90.0,"[7.5, 3.0, 7.5]","[7.5, 2.5, 7.5]","[7.5, 2.5, 7.5]",-8.022244997050368,False,,False,False,False,True,0.6596729606389999,"{""requested_current_A"": [7.5, 3.0, 7.5], ""applied_current_A"": [7.5, 2.5, 7.5], ""intervention"": true, ""infeasible"": false, ""reason"": ""Reduced requested current by nominal V/T/SOC and backup screening"", ""voltage_margin_V"": 0.03, ""temperature_margin_K"": 1.0, ""soc_max"": 0.95, ""voltage_guard_V"": 4.17, ""temperature_guard_K"": 308.0, ""nominal_state"": [[0.4099962496625068, 3.923955267560302, 300.3316171756956], [0.8052644745800699, 4.1564332981913115, 298.48851164564593], [0.4785950118052767, 4.027049205925925, 299.8220101518889]], ""observation"": [[0.4099962496625068, 3.923955267560302, 300.3316171756956], [0.8052644745800699, 4.1564332981913115, 298.48851164564593], [0.4785950118052767, 4.027049205925925, 299.8220101518889]], ""positive_voltage_bias_V"": [0.0, 0.0, 0.0], ""positive_temperature_bias_K"": [0.0, 0.0, 0.0], ""absolute_soc_bias"": [0.0, 0.0, 0.0], ""cells"": [{""cell_index"": 0, ""candidate_count"": 1, ""feasible"": true, ""rejections"": [], ""current_A"": 7.5, ""nominal_next_peaks"": {""voltage_V"": 3.9672576102747623, ""temperature_K"": 300.8486226492989, ""soc"": 0.454036432276541}, ""nominal_backup_peaks"": {""voltage_V"": 3.8015117688024427, ""temperature_K"": 300.8486226492989, ""soc"": 0.454036432276541}, ""bias_adjusted_peaks"": {""voltage_V"": 3.9672576102747623, ""temperature_K"": 300.8486226492989, ""soc"": 0.454036432276541}}, {""cell_index"": 1, ""candidate_count"": 2, ""feasible"": true, ""rejections"": [{""current_A"": 3.0, ""nominal_next_peaks"": {""voltage_V"": 4.181364471563725, ""temperature_K"": 298.57890488880673, ""soc"": 0.8239267139117514}, ""nominal_backup_peaks"": null, ""bias_adjusted_peaks"": {""voltage_V"": 4.181364471563725, ""temperature_K"": 298.57890488880673, ""soc"": 0.8239267139117514}, ""reason"": ""next_interval:voltage_V""}], ""current_A"": 2.5, ""nominal_next_peaks"": {""voltage_V"": 4.164698003935177, ""temperature_K"": 298.55166615776267, ""soc"": 0.8208163406898046}, ""nominal_backup_peaks"": {""voltage_V"": 4.089938541067712, ""temperature_K"": 298.55166615776267, ""soc"": 0.8208163406898056}, ""bias_adjusted_peaks"": {""voltage_V"": 4.164698003935177, ""temperature_K"": 298.55166615776267, ""soc"": 0.8208163406898056}}, {""cell_index"": 2, ""candidate_count"": 1, ""feasible"": true, ""rejections"": [], ""current_A"": 7.5, ""nominal_next_peaks"": {""voltage_V"": 4.06014365451313, ""temperature_K"": 300.23057468979204, ""soc"": 0.5274470363167312}, ""nominal_backup_peaks"": {""voltage_V"": 3.8876167616294897, ""temperature_K"": 300.23057468979204, ""soc"": 0.5274470363167314}, ""bias_adjusted_peaks"": {""voltage_V"": 4.06014365451313, ""temperature_K"": 300.23057468979204, ""soc"": 0.5274470363167314}}], ""candidate_solve_count"": 7, ""screen_horizon_s"": 90.0, ""zero_current_backup_horizon_s"": 90.0, ""safety_guarantee"": ""finite-horizon sampled screen only"", ""filter_wall_time_s"": 0.6596479266881943}","{""time"": -0.75, ""balance"": -7.272244997050369, ""voltage"": -0.0, ""temperature"": -0.0, ""numerical_failure"": 0.0, ""protective_stop"": 0.0}"
5,charge,540.0,90.0,"[7.5, 3.0, 7.5]","[7.5, 2.0, 7.5]","[7.5, 2.0, 7.5]",-7.290099585844704,False,,False,False,False,True,0.7353950850665569,"{""requested_current_A"": [7.5, 3.0, 7.5], ""applied_current_A"": [7.5, 2.0, 7.5], ""intervention"": true, ""infeasible"": false, ""reason"": ""Reduced requested current by nominal V/T/SOC and backup screening"", ""voltage_margin_V"": 0.03, ""temperature_margin_K"": 1.0, ""soc_max"": 0.95, ""voltage_guard_V"": 4.17, ""temperature_guard_K"": 308.0, ""nominal_state"": [[0.4540364322765418, 3.9672576102747623, 300.8486226492989], [0.8208163406898026, 4.164698003935177, 298.55166615776267], [0.5274470363167313, 4.06014365451313, 300.23057468979204]], ""observation"": [[0.4540364322765418, 3.9672576102747623, 300.8486226492989], [0.8208163406898026, 4.164698003935177, 298.55166615776267], [0.5274470363167313, 4.06014365451313, 300.23057468979204]], ""positive_voltage_bias_V"": [0.0, 0.0, 0.0], ""positive_temperature_bias_K"": [0.0, 0.0, 0.0], ""absolute_soc_bias"": [0.0, 0.0, 0.0], ""cells"": [{""cell_index"": 0, ""candidate_count"": 1, ""feasible"": true, ""rejections"": [], ""current_A"": 7.5, ""nominal_next_peaks"": {""voltage_V"": 4.005277815877468, ""temperature_K"": 301.3528674163709, ""soc"": 0.4980766148905764}, ""nominal_backup_peaks"": {""voltage_V"": 3.841017517246635, ""temperature_K"": 301.3528674163709, ""soc"": 0.4980766148905764}, ""bias_adjusted_peaks"": {""voltage_V"": 4.005277815877468, ""temperature_K"": 301.3528674163709, ""soc"": 0.4980766148905764}}, {""cell_index"": 1, ""candidate_count"": 3, ""feasible"": true, ""rejections"": [{""current_A"": 3.0, ""nominal_next_peaks"": {""voltage_V"": 4.1866119432001625, ""temperature_K"": 298.64185004228517, ""soc"": 0.8394785800214856}, ""nominal_backup_peaks"": null, ""bias_adjusted_peaks"": {""voltage_V"": 4.1866119432001625, ""temperature_K"": 298.64185004228517, ""soc"": 0.8394785800214856}, ""reason"": ""next_interval:voltage_V""}, {""current_A"": 2.5, ""nominal_next_peaks"": {""voltage_V"": 4.170857971270811, ""temperature_K"": 298.61442858189105, ""soc"": 0.8363682067995356}, ""nominal_backup_peaks"": null, ""bias_adjusted_peaks"": {""voltage_V"": 4.170857971270811, ""temperature_K"": 298.61442858189105, ""soc"": 0.8363682067995356}, ""reason"": ""next_interval:voltage_V""}], ""current_A"": 2.0, ""nominal_next_peaks"": {""voltage_V"": 4.153864395940649, ""temperature_K"": 298.59094945580915, ""soc"": 0.8332578335775933}, ""nominal_backup_peaks"": {""voltage_V"": 4.092063631093541, ""temperature_K"": 298.59094945580915, ""soc"": 0.8332578335775945}, ""bias_adjusted_peaks"": {""voltage_V"": 4.153864395940649, ""temperature_K"": 298.59094945580915, ""soc"": 0.8332578335775945}}, {""cell_index"": 2, ""candidate_count"": 1, ""feasible"": true, ""rejections"": [], ""current_A"": 7.5, ""nominal_next_peaks"": {""voltage_V"": 4.094081775092476, ""temperature_K"": 300.63414150301037, ""soc"": 0.5762990608281852}, ""nominal_backup_peaks"": {""voltage_V"": 3.9221608962730876, ""temperature_K"": 300.63414150301037, ""soc"": 0.5762990608281973}, ""bias_adjusted_peaks"": {""voltage_V"": 4.094081775092476, ""temperature_K"": 300.63414150301037, ""soc"": 0.5762990608281973}}], ""candidate_solve_count"": 8, ""screen_horizon_s"": 90.0, ""zero_current_backup_horizon_s"": 90.0, ""safety_guarantee"": ""finite-horizon sampled screen only"", ""filter_wall_time_s"": 0.7353715356439352}","{""time"": -0.75, ""balance"": -6.540099585844704, ""voltage"": -0.0, ""temperature"": -0.0, ""numerical_failure"": 0.0, ""protective_stop"": 0.0}"
6,charge,630.0,90.0,"[7.5, 3.0, 7.5]","[7.5, 2.0, 7.5]","[7.5, 2.0, 7.5]",-6.5309824918667285,False,,False,False,False,True,0.8098158091306686,"{""requested_current_A"": [7.5, 3.0, 7.5], ""applied_current_A"": [7.5, 2.0, 7.5], ""intervention"": true, ""infeasible"": false, ""reason"": ""Reduced requested current by nominal V/T/SOC and backup screening"", ""voltage_margin_V"": 0.03, ""temperature_margin_K"": 1.0, ""soc_max"": 0.95, ""voltage_guard_V"": 4.17, ""temperature_guard_K"": 308.0, ""nominal_state"": [[0.4980766148905764, 4.005277815877468, 301.3528674163709], [0.8332578335775933, 4.153864395940649, 298.59094945580915], [0.5762990608281865, 4.094081775092476, 300.63414150301037]], ""observation"": [[0.4980766148905764, 4.005277815877468, 301.3528674163709], [0.8332578335775933, 4.153864395940649, 298.59094945580915], [0.5762990608281865, 4.094081775092476, 300.63414150301037]], ""positive_voltage_bias_V"": [0.0, 0.0, 0.0], ""positive_temperature_bias_K"": [0.0, 0.0, 0.0], ""absolute_soc_bias"": [0.0, 0.0, 0.0], ""cells"": [{""cell_index"": 0, ""candidate_count"": 1, ""feasible"": true, ""rejections"": [], ""current_A"": 7.5, ""nominal_next_peaks"": {""voltage_V"": 4.037651349420538, ""temperature_K"": 301.8456858743711, ""soc"": 0.5421167975046134}, ""nominal_backup_peaks"": {""voltage_V"": 3.8745023927406903, ""temperature_K"": 301.8456858743711, ""soc"": 0.5421167975046135}, ""bias_adjusted_peaks"": {""voltage_V"": 4.037651349420538, ""temperature_K"": 301.8456858743711, ""soc"": 0.5421167975046135}}, {""cell_index"": 1, ""candidate_count"": 3, ""feasible"": true, ""rejections"": [{""current_A"": 3.0, ""nominal_next_peaks"": {""voltage_V"": 4.18966726744368, ""temperature_K"": 298.68060668794647, ""soc"": 0.8519200729092743}, ""nominal_backup_peaks"": null, ""bias_adjusted_peaks"": {""voltage_V"": 4.18966726744368, ""temperature_K"": 298.68060668794647, ""soc"": 0.8519200729092743}, ""reason"": ""next_interval:voltage_V""}, {""current_A"": 2.5, ""nominal_next_peaks"": {""voltage_V"": 4.174262093706558, ""temperature_K"": 298.6531470946662, ""soc"": 0.8488096996873258}, ""nominal_backup_peaks"": null, ""bias_adjusted_peaks"": {""voltage_V"": 4.174262093706558, ""temperature_K"": 298.6531470946662, ""soc"": 0.8488096996873258}, ""reason"": ""next_interval:voltage_V""}], ""current_A"": 2.0, ""nominal_next_peaks"": {""voltage_V"": 4.157808138416628, ""temperature_K"": 298.62963316904893, ""soc"": 0.8456993264653802}, ""nominal_backup_peaks"": {""voltage_V"": 4.095457930124033, ""temperature_K"": 298.62963316904893, ""soc"": 0.8456993264653844}, ""bias_adjusted_peaks"": {""voltage_V"": 4.157808138416628, ""temperature_K"": 298.62963316904893, ""soc"": 0.8456993264653844}}, {""cell_index"": 2, ""candidate_count"": 1, ""feasible"": true, ""rejections"": [], ""current_A"": 7.5, ""nominal_next_peaks"": {""voltage_V"": 4.141028142276785, ""temperature_K"": 301.0337229707773, ""soc"": 0.6251510853396363}, ""nominal_backup_peaks"": {""voltage_V"": 3.969268429095008, ""temperature_K"": 301.0337229707773, ""soc"": 0.6251510853396417}, ""bias_adjusted_peaks"": {""voltage_V"": 4.141028142276785, ""temperature_K"": 301.0337229707773, ""soc"": 0.6251510853396417}}], ""candidate_solve_count"": 8, ""screen_horizon_s"": 90.0, ""zero_current_backup_horizon_s"": 90.0, ""safety_guarantee"": ""finite-horizon sampled screen only"", ""filter_wall_time_s"": 0.8097933363169432}","{""time"": -0.75, ""balance"": -5.7809824918667285, ""voltage"": -0.0, ""temperature"": -0.0, ""numerical_failure"": 0.0, ""protective_stop"": 0.0}"
7,charge,720.0,90.0,"[7.5, 3.0, 7.0]","[7.5, 2.0, 6.5]","[7.5, 2.0, 6.5]",-5.801927610921653,False,,False,False,False,True,0.996450886130333,"{""requested_current_A"": [7.5, 3.0, 7.0], ""applied_current_A"": [7.5, 2.0, 6.5], ""intervention"": true, ""infeasible"": false, ""reason"": ""Reduced requested current by nominal V/T/SOC and backup screening"", ""voltage_margin_V"": 0.03, ""temperature_margin_K"": 1.0, ""soc_max"": 0.95, ""voltage_guard_V"": 4.17, ""temperature_guard_K"": 308.0, ""nominal_state"": [[0.5421167975046122, 4.037651349420538, 301.8456858743711], [0.8456993264653799, 4.157808138416628, 298.62963316904893], [0.6251510853396357, 4.141028142276785, 301.0337229707773]], ""observation"": [[0.5421167975046122, 4.037651349420538, 301.8456858743711], [0.8456993264653799, 4.157808138416628, 298.62963316904893], [0.6251510853396357, 4.141028142276785, 301.0337229707773]], ""positive_voltage_bias_V"": [0.0, 0.0, 0.0], ""positive_temperature_bias_K"": [0.0, 0.0, 0.0], ""absolute_soc_bias"": [0.0, 0.0, 0.0], ""cells"": [{""cell_index"": 0, ""candidate_count"": 1, ""feasible"": true, ""rejections"": [], ""current_A"": 7.5, ""nominal_next_peaks"": {""voltage_V"": 4.06973087410444, ""temperature_K"": 302.3283653139013, ""soc"": 0.5861569801186497}, ""nominal_backup_peaks"": {""voltage_V"": 3.9073240416585433, ""temperature_K"": 302.3283653139013, ""soc"": 0.5861569801186579}, ""bias_adjusted_peaks"": {""voltage_V"": 4.06973087410444, ""temperature_K"": 302.3283653139013, ""soc"": 0.5861569801186579}}, {""cell_index"": 1, ""candidate_count"": 3, ""feasible"": true, ""rejections"": [{""current_A"": 3.0, ""nominal_next_peaks"": {""voltage_V"": 4.192870129058644, ""temperature_K"": 298.71945133374555, ""soc"": 0.8643615657970597}, ""nominal_backup_peaks"": null, ""bias_adjusted_peaks"": {""voltage_V"": 4.192870129058644, ""temperature_K"": 298.71945133374555, ""soc"": 0.8643615657970597}, ""reason"": ""next_interval:voltage_V""}, {""current_A"": 2.5, ""nominal_next_peaks"": {""voltage_V"": 4.1773760517483485, ""temperature_K"": 298.69181277823526, ""soc"": 0.86125119257511}, ""nominal_backup_peaks"": null, ""bias_adjusted_peaks"": {""voltage_V"": 4.1773760517483485, ""temperature_K"": 298.69181277823526, ""soc"": 0.86125119257511}, ""reason"": ""next_interval:voltage_V""}], ""current_A"": 2.0, ""nominal_next_peaks"": {""voltage_V"": 4.161113304876376, ""temperature_K"": 298.668128342312, ""soc"": 0.8581408193531685}, ""nominal_backup_peaks"": {""voltage_V"": 4.098121066751318, ""temperature_K"": 298.668128342312, ""soc"": 0.8581408193531689}, ""bias_adjusted_peaks"": {""voltage_V"": 4.161113304876376, ""temperature_K"": 298.668128342312, ""soc"": 0.8581408193531689}}, {""cell_index"": 2, ""candidate_count"": 2, ""feasible"": true, ""rejections"": [{""current_A"": 7.0, ""nominal_next_peaks"": {""voltage_V"": 4.188080976609264, ""temperature_K"": 301.3811995978411, ""soc"": 0.6707463082169948}, ""nominal_backup_peaks"": null, ""bias_adjusted_peaks"": {""voltage_V"": 4.188080976609264, ""temperature_K"": 301.3811995978411, ""soc"": 0.6707463082169948}, ""reason"": ""next_interval:voltage_V""}], ""current_A"": 6.5, ""nominal_next_peaks"": {""voltage_V"": 4.168249839426867, ""temperature_K"": 301.33510857646314, ""soc"": 0.6674895065829003}, ""nominal_backup_peaks"": {""voltage_V"": 4.01569472012171, ""temperature_K"": 301.33510857646314, ""soc"": 0.6674895065829016}, ""bias_adjusted_peaks"": {""voltage_V"": 4.168249839426867, ""temperature_K"": 301.33510857646314, ""soc"": 0.6674895065829016}}], ""candidate_solve_count"": 9, ""screen_horizon_s"": 90.0, ""zero_current_backup_horizon_s"": 90.0, ""safety_guarantee"": ""finite-horizon sampled screen only"", ""filter_wall_time_s"": 0.9964293092489243}","{""time"": -0.75, ""balance"": -5.051927610921653, ""voltage"": -0.0, ""temperature"": -0.0, ""numerical_failure"": 0.0, ""protective_stop"": 0.0}"
8,charge,810.0,90.0,"[7.5, 3.0, 6.5]","[7.5, 2.0, 5.0]","[7.5, 2.0, 5.0]",-5.123755449488951,False,,False,False,False,True,1.10869812220335,"{""requested_current_A"": [7.5, 3.0, 6.5], ""applied_current_A"": [7.5, 2.0, 5.0], ""intervention"": true, ""infeasible"": false, ""reason"": ""Reduced requested current by nominal V/T/SOC and backup screening"", ""voltage_margin_V"": 0.03, ""temperature_margin_K"": 1.0, ""soc_max"": 0.95, ""voltage_guard_V"": 4.17, ""temperature_guard_K"": 308.0, ""nominal_state"": [[0.5861569801186487, 4.06973087410444, 302.3283653139013], [0.8581408193531701, 4.161113304876376, 298.668128342312], [0.6674895065828996, 4.168249839426867, 301.33510857646314]], ""observation"": [[0.5861569801186487, 4.06973087410444, 302.3283653139013], [0.8581408193531701, 4.161113304876376, 298.668128342312], [0.6674895065828996, 4.168249839426867, 301.33510857646314]], ""positive_voltage_bias_V"": [0.0, 0.0, 0.0], ""positive_temperature_bias_K"": [0.0, 0.0, 0.0], ""absolute_soc_bias"": [0.0, 0.0, 0.0], ""cells"": [{""cell_index"": 0, ""candidate_count"": 1, ""feasible"": true, ""rejections"": [], ""current_A"": 7.5, ""nominal_next_peaks"": {""voltage_V"": 4.113665195135355, ""temperature_K"": 302.8021677975682, ""soc"": 0.6301971627326826}, ""nominal_backup_peaks"": {""voltage_V"": 3.9516230636556795, ""temperature_K"": 302.8021677975682, ""soc"": 0.6301971627326826}, ""bias_adjusted_peaks"": {""voltage_V"": 4.113665195135355, ""temperature_K"": 302.8021677975682, ""soc"": 0.6301971627326826}}, {""cell_index"": 1, ""candidate_count"": 3, ""feasible"": true, ""rejections"": [{""current_A"": 3.0, ""nominal_next_peaks"": {""voltage_V"": 4.196941018385823, ""temperature_K"": 298.75820906757696, ""soc"": 0.8768030586848483}, ""nominal_backup_peaks"": null, ""bias_adjusted_peaks"": {""voltage_V"": 4.196941018385823, ""temperature_K"": 298.75820906757696, ""soc"": 0.8768030586848483}, ""reason"": ""next_interval:voltage_V""}, {""current_A"": 2.5, ""nominal_next_peaks"": {""voltage_V"": 4.180795402120321, ""temperature_K"": 298.7303699546801, ""soc"": 0.8736926854629018}, ""nominal_backup_peaks"": null, ""bias_adjusted_peaks"": {""voltage_V"": 4.180795402120321, ""temperature_K"": 298.7303699546801, ""soc"": 0.8736926854629018}, ""reason"": ""next_interval:voltage_V""}], ""current_A"": 2.0, ""nominal_next_peaks"": {""voltage_V"": 4.164212143042181, ""temperature_K"": 298.70649431915695, ""soc"": 0.8705823122409547}, ""nominal_backup_peaks"": {""voltage_V"": 4.1005142499451885, ""temperature_K"": 298.70649431915695, ""soc"": 0.8705823122409547}, ""bias_adjusted_peaks"": {""voltage_V"": 4.164212143042181, ""temperature_K"": 298.70649431915695, ""soc"": 0.8705823122409547}}, {""cell_index"": 2, ""candidate_count"": 4, ""feasible"": true, ""rejections"": [{""current_A"": 6.5, ""nominal_next_peaks"": {""voltage_V"": 4.213881666043612, ""temperature_K"": 301.6310618785463, ""soc"": 0.7098279278261641}, ""nominal_backup_peaks"": null, ""bias_adjusted_peaks"": {""voltage_V"": 4.213881666043612, ""temperature_K"": 301.6310618785463, ""soc"": 0.7098279278261641}, ""reason"": ""next_interval:voltage_V""}, {""current_A"": 6.0, ""nominal_next_peaks"": {""voltage_V"": 4.195664524748969, ""temperature_K"": 301.5882367811977, ""soc"": 0.706571126192062}, ""nominal_backup_peaks"": null, ""bias_adjusted_peaks"": {""voltage_V"": 4.195664524748969, ""temperature_K"": 301.5882367811977, ""soc"": 0.706571126192062}, ""reason"": ""next_interval:voltage_V""}, {""current_A"": 5.5, ""nominal_next_peaks"": {""voltage_V"": 4.177158290043403, ""temperature_K"": 301.54820251122385, ""soc"": 0.7033143245579717}, ""nominal_backup_peaks"": null, ""bias_adjusted_peaks"": {""voltage_V"": 4.177158290043403, ""temperature_K"": 301.54820251122385, ""soc"": 0.7033143245579717}, ""reason"": ""next_interval:voltage_V""}], ""current_A"": 5.0, ""nominal_next_peaks"": {""voltage_V"": 4.158333126892744, ""temperature_K"": 301.51092023801493, ""soc"": 0.7000575229238685}, ""nominal_backup_peaks"": {""voltage_V"": 4.035121702963844, ""temperature_K"": 301.51092023801493, ""soc"": 0.7000575229238688}, ""bias_adjusted_peaks"": {""voltage_V"": 4.158333126892744, ""temperature_K"": 301.51092023801493, ""soc"": 0.7000575229238688}}], ""candidate_solve_count"": 11, ""screen_horizon_s"": 90.0, ""zero_current_backup_horizon_s"": 90.0, ""safety_guarantee"": ""finite-horizon sampled screen only"", ""filter_wall_time_s"": 1.1086719632148743}","{""time"": -0.75, ""balance"": -4.373755449488951, ""voltage"": -0.0, ""temperature"": -0.0, ""numerical_failure"": 0.0, ""protective_stop"": 0.0}"
9,charge,900.0,90.0,"[7.5, 3.0, 6.0]","[7.0, 2.0, 4.5]","[7.0, 2.0, 4.5]",-4.507070190534913,False,,False,False,False,True,1.0794490911066532,"{""requested_current_A"": [7.5, 3.0, 6.0], ""applied_current_A"": [7.0, 2.0, 4.5], ""intervention"": true, ""infeasible"": false, ""reason"": ""Reduced requested current by nominal V/T/SOC and backup screening"", ""voltage_margin_V"": 0.03, ""temperature_margin_K"": 1.0, ""soc_max"": 0.95, ""voltage_guard_V"": 4.17, ""temperature_guard_K"": 308.0, ""nominal_state"": [[0.6301971627326832, 4.113665195135355, 302.8021677975682], [0.8705823122409547, 4.164212143042181, 298.70649431915695], [0.7000575229238672, 4.158333126892744, 301.51092023801493]], ""observation"": [[0.6301971627326832, 4.113665195135355, 302.8021677975682], [0.8705823122409547, 4.164212143042181, 298.70649431915695], [0.7000575229238672, 4.158333126892744, 301.51092023801493]], ""positive_voltage_bias_V"": [0.0, 0.0, 0.0], ""positive_temperature_bias_K"": [0.0, 0.0, 0.0], ""absolute_soc_bias"": [0.0, 0.0, 0.0], ""cells"": [{""cell_index"": 0, ""candidate_count"": 2, ""feasible"": true, ""rejections"": [{""current_A"": 7.5, ""nominal_next_peaks"": {""voltage_V"": 4.174375036538271, ""temperature_K"": 303.2683758255649, ""soc"": 0.6742373453467185}, ""nominal_backup_peaks"": null, ""bias_adjusted_peaks"": {""voltage_V"": 4.174375036538271, ""temperature_K"": 303.2683758255649, ""soc"": 0.6742373453467185}, ""reason"": ""next_interval:voltage_V""}], ""current_A"": 7.0, ""nominal_next_peaks"": {""voltage_V"": 4.155204366835696, ""temperature_K"": 303.2042884823443, ""soc"": 0.6713013331724491}, ""nominal_backup_peaks"": {""voltage_V"": 4.00277793057422, ""temperature_K"": 303.2042884823443, ""soc"": 0.6713013331724491}, ""bias_adjusted_peaks"": {""voltage_V"": 4.155204366835696, ""temperature_K"": 303.2042884823443, ""soc"": 0.6713013331724491}}, {""cell_index"": 1, ""candidate_count"": 3, ""feasible"": true, ""rejections"": [{""current_A"": 3.0, ""nominal_next_peaks"": {""voltage_V"": 4.202817448052954, ""temperature_K"": 298.79692096103616, ""soc"": 0.8892445515726343}, ""nominal_backup_peaks"": null, ""bias_adjusted_peaks"": {""voltage_V"": 4.202817448052954, ""temperature_K"": 298.79692096103616, ""soc"": 0.8892445515726343}, ""reason"": ""next_interval:voltage_V""}, {""current_A"": 2.5, ""nominal_next_peaks"": {""voltage_V"": 4.185438565279169, ""temperature_K"": 298.76886323464237, ""soc"": 0.8861341783506884}, ""nominal_backup_peaks"": null, ""bias_adjusted_peaks"": {""voltage_V"": 4.185438565279169, ""temperature_K"": 298.76886323464237, ""soc"": 0.8861341783506884}, ""reason"": ""next_interval:voltage_V""}], ""current_A"": 2.0, ""nominal_next_peaks"": {""voltage_V"": 4.167943950247112, ""temperature_K"": 298.7447788636341, ""soc"": 0.8830238051287417}, ""nominal_backup_peaks"": {""voltage_V"": 4.103471342022148, ""temperature_K"": 298.7447788636341, ""soc"": 0.8830238051287421}, ""bias_adjusted_peaks"": {""voltage_V"": 4.167943950247112, ""temperature_K"": 298.7447788636341, ""soc"": 0.8830238051287421}}, {""cell_index"": 2, ""candidate_count"": 4, ""feasible"": true, ""rejections"": [{""current_A"": 6.0, ""nominal_next_peaks"": {""voltage_V"": 4.2212868417349, ""temperature_K"": 301.7590149817664, ""soc"": 0.7391391425330289}, ""nominal_backup_peaks"": null, ""bias_adjusted_peaks"": {""voltage_V"": 4.2212868417349, ""temperature_K"": 301.7590149817664, ""soc"": 0.7391391425330289}, ""reason"": ""next_interval:voltage_V""}, {""current_A"": 5.5, ""nominal_next_peaks"": {""voltage_V"": 4.204092030814266, ""temperature_K"": 301.7194135085966, ""soc"": 0.7358823408989402}, ""nominal_backup_peaks"": null, ""bias_adjusted_peaks"": {""voltage_V"": 4.204092030814266, ""temperature_K"": 301.7194135085966, ""soc"": 0.7358823408989402}, ""reason"": ""next_interval:voltage_V""}, {""current_A"": 5.0, ""nominal_next_peaks"": {""voltage_V"": 4.186362046440239, ""temperature_K"": 301.6825259318052, ""soc"": 0.732625539264837}, ""nominal_backup_peaks"": null, ""bias_adjusted_peaks"": {""voltage_V"": 4.186362046440239, ""temperature_K"": 301.6825259318052, ""soc"": 0.732625539264837}, ""reason"": ""next_interval:voltage_V""}], ""current_A"": 4.5, ""nominal_next_peaks"": {""voltage_V"": 4.168094933111027, ""temperature_K"": 301.6483594973373, ""soc"": 0.7293687376307432}, ""nominal_backup_peaks"": {""voltage_V"": 4.054716719866738, ""temperature_K"": 301.6483594973373, ""soc"": 0.7293687376307463}, ""bias_adjusted_peaks"": {""voltage_V"": 4.168094933111027, ""temperature_K"": 301.6483594973373, ""soc"": 0.7293687376307463}}], ""candidate_solve_count"": 12, ""screen_horizon_s"": 90.0, ""zero_current_backup_horizon_s"": 90.0, ""safety_guarantee"": ""finite-horizon sampled screen only"", ""filter_wall_time_s"": 1.0794286411255598}","{""time"": -0.75, ""balance"": -3.7570701905349133, ""voltage"": -0.0, ""temperature"": -0.0, ""numerical_failure"": 0.0, ""protective_stop"": 0.0}"
10,charge,990.0,90.0,"[7.0, 3.0, 6.0]","[6.0, 1.5, 3.5]","[6.0, 1.5, 3.5]",-3.959438969716657,False,,False,False,False,True,1.8324173036962748,"{""requested_current_A"": [7.0, 3.0, 6.0], ""applied_current_A"": [6.0, 1.5, 3.5], ""intervention"": true, ""infeasible"": false, ""reason"": ""Reduced requested current by nominal V/T/SOC and backup screening"", ""voltage_margin_V"": 0.03, ""temperature_margin_K"": 1.0, ""soc_max"": 0.95, ""voltage_guard_V"": 4.17, ""temperature_guard_K"": 308.0, ""nominal_state"": [[0.6713013331724477, 4.155204366835696, 303.2042884823443], [0.8830238051287411, 4.167943950247112, 298.7447788636341], [0.7293687376307415, 4.168094933111027, 301.6483594973373]], ""observation"": [[0.6713013331724477, 4.155204366835696, 303.2042884823443], [0.8830238051287411, 4.167943950247112, 298.7447788636341], [0.7293687376307415, 4.168094933111027, 301.6483594973373]], ""positive_voltage_bias_V"": [0.0, 0.0, 0.0], ""positive_temperature_bias_K"": [0.0, 0.0, 0.0], ""absolute_soc_bias"": [0.0, 0.0, 0.0], ""cells"": [{""cell_index"": 0, ""candidate_count"": 3, ""feasible"": true, ""rejections"": [{""current_A"": 7.0, ""nominal_next_peaks"": {""voltage_V"": 4.201991197941785, ""temperature_K"": 303.59798037115644, ""soc"": 0.712405503612213}, ""nominal_backup_peaks"": null, ""bias_adjusted_peaks"": {""voltage_V"": 4.201991197941785, ""temperature_K"": 303.59798037115644, ""soc"": 0.712405503612213}, ""reason"": ""next_interval:voltage_V""}, {""current_A"": 6.5, ""nominal_next_peaks"": {""voltage_V"": 4.183874040596034, ""temperature_K"": 303.5382639252566, ""soc"": 0.7094694914379426}, ""nominal_backup_peaks"": null, ""bias_adjusted_peaks"": {""voltage_V"": 4.183874040596034, ""temperature_K"": 303.5382639252566, ""soc"": 0.7094694914379426}, ""reason"": ""next_interval:voltage_V""}], ""current_A"": 6.0, ""nominal_next_peaks"": {""voltage_V"": 4.1657341517969915, ""temperature_K"": 303.48245986860945, ""soc"": 0.7065334792636747}, ""nominal_backup_peaks"": {""voltage_V"": 4.032222437669265, ""temperature_K"": 303.48245986860945, ""soc"": 0.706533479263694}, ""bias_adjusted_peaks"": {""voltage_V"": 4.1657341517969915, ""temperature_K"": 303.48245986860945, ""soc"": 0.706533479263694}}, {""cell_index"": 1, ""candidate_count"": 4, ""feasible"": true, ""rejections"": [{""current_A"": 3.0, ""nominal_next_peaks"": {""voltage_V"": 4.211339144670141, ""temperature_K"": 298.83564197310955, ""soc"": 0.9016860444604212}, ""nominal_backup_peaks"": null, ""bias_adjusted_peaks"": {""voltage_V"": 4.211339144670141, ""temperature_K"": 298.83564197310955, ""soc"": 0.9016860444604212}, ""reason"": ""next_interval:voltage_V""}, {""current_A"": 2.5, ""nominal_next_peaks"": {""voltage_V"": 4.192239981314531, ""temperature_K"": 298.8073459044447, ""soc"": 0.8985756712384758}, ""nominal_backup_peaks"": null, ""bias_adjusted_peaks"": {""voltage_V"": 4.192239981314531, ""temperature_K"": 298.8073459044447, ""soc"": 0.8985756712384758}, ""reason"": ""next_interval:voltage_V""}, {""current_A"": 2.0, ""nominal_next_peaks"": {""voltage_V"": 4.173272751513816, ""temperature_K"": 298.7830336622637, ""soc"": 0.8954652980165286}, ""nominal_backup_peaks"": null, ""bias_adjusted_peaks"": {""voltage_V"": 4.173272751513816, ""temperature_K"": 298.7830336622637, ""soc"": 0.8954652980165286}, ""reason"": ""next_interval:voltage_V""}], ""current_A"": 1.5, ""nominal_next_peaks"": {""voltage_V"": 4.154179258417845, ""temperature_K"": 298.7631344570756, ""soc"": 0.8923549247945862}, ""nominal_backup_peaks"": {""voltage_V"": 4.104076780224595, ""temperature_K"": 298.7631344570756, ""soc"": 0.892354924794593}, ""bias_adjusted_peaks"": {""voltage_V"": 4.154179258417845, ""temperature_K"": 298.7631344570756, ""soc"": 0.892354924794593}}, {""cell_index"": 2, ""candidate_count"": 6, ""feasible"": true, ""rejections"": [{""current_A"": 6.0, ""nominal_next_peaks"": {""voltage_V"": 4.239009233741326, ""temperature_K"": 301.8953113056262, ""soc"": 0.7684503572399084}, ""nominal_backup_peaks"": null, ""bias_adjusted_peaks"": {""voltage_V"": 4.239009233741326, ""temperature_K"": 301.8953113056262, ""soc"": 0.7684503572399084}, ""reason"": ""next_interval:voltage_V""}, {""current_A"": 5.5, ""nominal_next_peaks"": {""voltage_V"": 4.223647522713584, ""temperature_K"": 301.85571474325695, ""soc"": 0.7651935556058108}, ""nominal_backup_peaks"": null, ""bias_adjusted_peaks"": {""voltage_V"": 4.223647522713584, ""temperature_K"": 301.85571474325695, ""soc"": 0.7651935556058108}, ""reason"": ""next_interval:voltage_V""}, {""current_A"": 5.0, ""nominal_next_peaks"": {""voltage_V"": 4.207541793210693, ""temperature_K"": 301.8188256658928, ""soc"": 0.761936753971713}, ""nominal_backup_peaks"": null, ""bias_adjusted_peaks"": {""voltage_V"": 4.207541793210693, ""temperature_K"": 301.8188256658928, ""soc"": 0.761936753971713}, ""reason"": ""next_interval:voltage_V""}, {""current_A"": 4.5, ""nominal_next_peaks"": {""voltage_V"": 4.19065728231001, ""temperature_K"": 301.7846537395583, ""soc"": 0.7586799523376156}, ""nominal_backup_peaks"": null, ""bias_adjusted_peaks"": {""voltage_V"": 4.19065728231001, ""temperature_K"": 301.7846537395583, ""soc"": 0.7586799523376156}, ""reason"": ""next_interval:voltage_V""}, {""current_A"": 4.0, ""nominal_next_peaks"": {""voltage_V"": 4.172977857549708, ""temperature_K"": 301.75324242745205, ""soc"": 0.7554231507035175}, ""nominal_backup_peaks"": null, ""bias_adjusted_peaks"": {""voltage_V"": 4.172977857549708, ""temperature_K"": 301.75324242745205, ""soc"": 0.7554231507035175}, ""reason"": ""next_interval:voltage_V""}], ""current_A"": 3.5, ""nominal_next_peaks"": {""voltage_V"": 4.154497447614139, ""temperature_K"": 301.72467180503946, ""soc"": 0.7521663490694225}, ""nominal_backup_peaks"": {""voltage_V"": 4.062283731465692, ""temperature_K"": 301.72467180503946, ""soc"": 0.752166349069432}, ""bias_adjusted_peaks"": {""voltage_V"": 4.154497447614139, ""temperature_K"": 301.72467180503946, ""soc"": 0.752166349069432}}], ""candidate_solve_count"": 16, ""screen_horizon_s"": 90.0, ""zero_current_backup_horizon_s"": 90.0, ""safety_guarantee"": ""finite-horizon sampled screen only"", ""filter_wall_time_s"": 1.8323991373181343}","{""time"": -0.75, ""balance"": -3.209438969716657, ""voltage"": -0.0, ""temperature"": -0.0, ""numerical_failure"": 0.0, ""protective_stop"": 0.0}"
11,charge,1080.0,89.99999999999989,"[6.5, 3.0, 5.5]","[5.0, 1.5, 3.0]","[5.0, 1.5, 3.0]",-3.5071474049753455,False,,False,False,False,True,1.5419316682964563,"{""requested_current_A"": [6.5, 3.0, 5.5], ""applied_current_A"": [5.0, 1.5, 3.0], ""intervention"": true, ""infeasible"": false, ""reason"": ""Reduced requested current by nominal V/T/SOC and backup screening"", ""voltage_margin_V"": 0.03, ""temperature_margin_K"": 1.0, ""soc_max"": 0.95, ""voltage_guard_V"": 4.17, ""temperature_guard_K"": 308.0, ""nominal_state"": [[0.7065334792636748, 4.1657341517969915, 303.48245986860945], [0.8923549247945874, 4.154179258417845, 298.7631344570756], [0.7521663490694235, 4.154497447614139, 301.72467180503946]], ""observation"": [[0.7065334792636748, 4.1657341517969915, 303.48245986860945], [0.8923549247945874, 4.154179258417845, 298.7631344570756], [0.7521663490694235, 4.154497447614139, 301.72467180503946]], ""positive_voltage_bias_V"": [0.0, 0.0, 0.0], ""positive_temperature_bias_K"": [0.0, 0.0, 0.0], ""absolute_soc_bias"": [0.0, 0.0, 0.0], ""cells"": [{""cell_index"": 0, ""candidate_count"": 4, ""feasible"": true, ""rejections"": [{""current_A"": 6.5, ""nominal_next_peaks"": {""voltage_V"": 4.216380275233459, ""temperature_K"": 303.8086175082299, ""soc"": 0.7447016375291688}, ""nominal_backup_peaks"": null, ""bias_adjusted_peaks"": {""voltage_V"": 4.216380275233459, ""temperature_K"": 303.8086175082299, ""soc"": 0.7447016375291688}, ""reason"": ""next_interval:voltage_V""}, {""current_A"": 6.0, ""nominal_next_peaks"": {""voltage_V"": 4.19919449023859, ""temperature_K"": 303.7532382688358, ""soc"": 0.7417656253548985}, ""nominal_backup_peaks"": null, ""bias_adjusted_peaks"": {""voltage_V"": 4.19919449023859, ""temperature_K"": 303.7532382688358, ""soc"": 0.7417656253548985}, ""reason"": ""next_interval:voltage_V""}, {""current_A"": 5.5, ""nominal_next_peaks"": {""voltage_V"": 4.181695860909365, ""temperature_K"": 303.70160744374664, ""soc"": 0.7388296131806343}, ""nominal_backup_peaks"": null, ""bias_adjusted_peaks"": {""voltage_V"": 4.181695860909365, ""temperature_K"": 303.70160744374664, ""soc"": 0.7388296131806343}, ""reason"": ""next_interval:voltage_V""}], ""current_A"": 5.0, ""nominal_next_peaks"": {""voltage_V"": 4.163880731224134, ""temperature_K"": 303.6536797912086, ""soc"": 0.7358936010063601}, ""nominal_backup_peaks"": {""voltage_V"": 4.0494725166807015, ""temperature_K"": 303.6536797912086, ""soc"": 0.7358936010063601}, ""bias_adjusted_peaks"": {""voltage_V"": 4.163880731224134, ""temperature_K"": 303.6536797912086, ""soc"": 0.7358936010063601}}, {""cell_index"": 1, ""candidate_count"": 4, ""feasible"": true, ""rejections"": [{""current_A"": 3.0, ""nominal_next_peaks"": {""voltage_V"": 4.218941672845144, ""temperature_K"": 298.8539223543967, ""soc"": 0.911017164126263}, ""nominal_backup_peaks"": null, ""bias_adjusted_peaks"": {""voltage_V"": 4.218941672845144, ""temperature_K"": 298.8539223543967, ""soc"": 0.911017164126263}, ""reason"": ""next_interval:voltage_V""}, {""current_A"": 2.5, ""nominal_next_peaks"": {""voltage_V"": 4.19848660489024, ""temperature_K"": 298.8255602031566, ""soc"": 0.9079067909043207}, ""nominal_backup_peaks"": null, ""bias_adjusted_peaks"": {""voltage_V"": 4.19848660489024, ""temperature_K"": 298.8255602031566, ""soc"": 0.9079067909043207}, ""reason"": ""next_interval:voltage_V""}, {""current_A"": 2.0, ""nominal_next_peaks"": {""voltage_V"": 4.178260733568286, ""temperature_K"": 298.80118574117256, ""soc"": 0.904796417682374}, ""nominal_backup_peaks"": null, ""bias_adjusted_peaks"": {""voltage_V"": 4.178260733568286, ""temperature_K"": 298.80118574117256, ""soc"": 0.904796417682374}, ""reason"": ""next_interval:voltage_V""}], ""current_A"": 1.5, ""nominal_next_peaks"": {""voltage_V"": 4.158048663916902, ""temperature_K"": 298.7812326948052, ""soc"": 0.9016860444604239}, ""nominal_backup_peaks"": {""voltage_V"": 4.10739459173219, ""temperature_K"": 298.7812326948052, ""soc"": 0.9016860444604267}, ""bias_adjusted_peaks"": {""voltage_V"": 4.158048663916902, ""temperature_K"": 298.7812326948052, ""soc"": 0.9016860444604267}}, {""cell_index"": 2, ""candidate_count"": 6, ""feasible"": true, ""rejections"": [{""current_A"": 5.5, ""nominal_next_peaks"": {""voltage_V"": 4.2337972367206795, ""temperature_K"": 301.93029965127556, ""soc"": 0.7879911670444898}, ""nominal_backup_peaks"": null, ""bias_adjusted_peaks"": {""voltage_V"": 4.2337972367206795, ""temperature_K"": 301.93029965127556, ""soc"": 0.7879911670444898}, ""reason"": ""next_interval:voltage_V""}, {""current_A"": 5.0, ""nominal_next_peaks"": {""voltage_V"": 4.219201988297333, ""temperature_K"": 301.89354489066926, ""soc"": 0.7847343654103914}, ""nominal_backup_peaks"": null, ""bias_adjusted_peaks"": {""voltage_V"": 4.219201988297333, ""temperature_K"": 301.89354489066926, ""soc"": 0.7847343654103914}, ""reason"": ""next_interval:voltage_V""}, {""current_A"": 4.5, ""nominal_next_peaks"": {""voltage_V"": 4.203762872006817, ""temperature_K"": 301.8594942153357, ""soc"": 0.7814775637762977}, ""nominal_backup_peaks"": null, ""bias_adjusted_peaks"": {""voltage_V"": 4.203762872006817, ""temperature_K"": 301.8594942153357, ""soc"": 0.7814775637762977}, ""reason"": ""next_interval:voltage_V""}, {""current_A"": 4.0, ""nominal_next_peaks"": {""voltage_V"": 4.187402109918589, ""temperature_K"": 301.8281943625111, ""soc"": 0.7782207621422045}, ""nominal_backup_peaks"": null, ""bias_adjusted_peaks"": {""voltage_V"": 4.187402109918589, ""temperature_K"": 301.8281943625111, ""soc"": 0.7782207621422045}, ""reason"": ""next_interval:voltage_V""}, {""current_A"": 3.5, ""nominal_next_peaks"": {""voltage_V"": 4.17007071703121, ""temperature_K"": 301.7997280216445, ""soc"": 0.7749639605081061}, ""nominal_backup_peaks"": null, ""bias_adjusted_peaks"": {""voltage_V"": 4.17007071703121, ""temperature_K"": 301.7997280216445, ""soc"": 0.7749639605081061}, ""reason"": ""next_interval:voltage_V""}], ""current_A"": 3.0, ""nominal_next_peaks"": {""voltage_V"": 4.151742768194527, ""temperature_K"": 301.7742197613997, ""soc"": 0.7717071588740076}, ""nominal_backup_peaks"": {""voltage_V"": 4.070581586066867, ""temperature_K"": 301.7742197613997, ""soc"": 0.7717071588740093}, ""bias_adjusted_peaks"": {""voltage_V"": 4.151742768194527, ""temperature_K"": 301.7742197613997, ""soc"": 0.7717071588740093}}], ""candidate_solve_count"": 17, ""screen_horizon_s"": 90.0, ""zero_current_backup_horizon_s"": 90.0, ""safety_guarantee"": ""finite-horizon sampled screen only"", ""filter_wall_time_s"": 1.5419136807322502}","{""time"": -0.749999999999999, ""balance"": -2.7571474049753464, ""voltage"": -0.0, ""temperature"": -0.0, ""numerical_failure"": 0.0, ""protective_stop"": 0.0}"
12,charge,1170.0,90.0,"[6.0, 0.0, 5.5]","[4.0, 0.0, 3.0]","[4.0, 0.0, 3.0]",-3.055145363027471,False,,False,False,False,True,1.3568802010267973,"{""requested_current_A"": [6.0, 0.0, 5.5], ""applied_current_A"": [4.0, 0.0, 3.0], ""intervention"": true, ""infeasible"": false, ""reason"": ""Reduced requested current by nominal V/T/SOC and backup screening"", ""voltage_margin_V"": 0.03, ""temperature_margin_K"": 1.0, ""soc_max"": 0.95, ""voltage_guard_V"": 4.17, ""temperature_guard_K"": 308.0, ""nominal_state"": [[0.7358936010063607, 4.163880731224134, 303.6536797912086], [0.9016860444604263, 4.158048663916902, 298.7812326948052], [0.7717071588740062, 4.151742768194527, 301.7742197613997]], ""observation"": [[0.7358936010063607, 4.163880731224134, 303.6536797912086], [0.9016860444604263, 4.158048663916902, 298.7812326948052], [0.7717071588740062, 4.151742768194527, 301.7742197613997]], ""positive_voltage_bias_V"": [0.0, 0.0, 0.0], ""positive_temperature_bias_K"": [0.0, 0.0, 0.0], ""absolute_soc_bias"": [0.0, 0.0, 0.0], ""cells"": [{""cell_index"": 0, ""candidate_count"": 5, ""feasible"": true, ""rejections"": [{""current_A"": 6.0, ""nominal_next_peaks"": {""voltage_V"": 4.22138697514375, ""temperature_K"": 303.91952296751975, ""soc"": 0.7711257470975857}, ""nominal_backup_peaks"": null, ""bias_adjusted_peaks"": {""voltage_V"": 4.22138697514375, ""temperature_K"": 303.91952296751975, ""soc"": 0.7711257470975857}, ""reason"": ""next_interval:voltage_V""}, {""current_A"": 5.5, ""nominal_next_peaks"": {""voltage_V"": 4.205330248976814, ""temperature_K"": 303.868176931237, ""soc"": 0.7681897349233174}, ""nominal_backup_peaks"": null, ""bias_adjusted_peaks"": {""voltage_V"": 4.205330248976814, ""temperature_K"": 303.868176931237, ""soc"": 0.7681897349233174}, ""reason"": ""next_interval:voltage_V""}, {""current_A"": 5.0, ""nominal_next_peaks"": {""voltage_V"": 4.188689668876899, ""temperature_K"": 303.82050372557757, ""soc"": 0.7652537227490516}, ""nominal_backup_peaks"": null, ""bias_adjusted_peaks"": {""voltage_V"": 4.188689668876899, ""temperature_K"": 303.82050372557757, ""soc"": 0.7652537227490516}, ""reason"": ""next_interval:voltage_V""}, {""current_A"": 4.5, ""nominal_next_peaks"": {""voltage_V"": 4.171465533500339, ""temperature_K"": 303.77651449203825, ""soc"": 0.7623177105747792}, ""nominal_backup_peaks"": null, ""bias_adjusted_peaks"": {""voltage_V"": 4.171465533500339, ""temperature_K"": 303.77651449203825, ""soc"": 0.7623177105747792}, ""reason"": ""next_interval:voltage_V""}], ""current_A"": 4.0, ""nominal_next_peaks"": {""voltage_V"": 4.153669363878448, ""temperature_K"": 303.7362652992837, ""soc"": 0.7593816984005091}, ""nominal_backup_peaks"": {""voltage_V"": 4.0591368080253805, ""temperature_K"": 303.7362652992837, ""soc"": 0.7593816984005091}, ""bias_adjusted_peaks"": {""voltage_V"": 4.153669363878448, ""temperature_K"": 303.7362652992837, ""soc"": 0.7593816984005091}}, {""cell_index"": 1, ""candidate_count"": 1, ""feasible"": true, ""rejections"": [], ""current_A"": 0.0, ""nominal_next_peaks"": {""voltage_V"": 4.10739459173219, ""temperature_K"": 298.7812326948052, ""soc"": 0.9016860444604267}, ""nominal_backup_peaks"": {""voltage_V"": 4.099687424393082, ""temperature_K"": 298.77148439035096, ""soc"": 0.9016860444604333}, ""bias_adjusted_peaks"": {""voltage_V"": 4.10739459173219, ""temperature_K"": 298.7812326948052, ""soc"": 0.9016860444604333}}, {""cell_index"": 2, ""candidate_count"": 6, ""feasible"": true, ""rejections"": [{""current_A"": 5.5, ""nominal_next_peaks"": {""voltage_V"": 4.239896602549663, ""temperature_K"": 301.97963422159154, ""soc"": 0.8075319768490747}, ""nominal_backup_peaks"": null, ""bias_adjusted_peaks"": {""voltage_V"": 4.239896602549663, ""temperature_K"": 301.97963422159154, ""soc"": 0.8075319768490747}, ""reason"": ""next_interval:voltage_V""}, {""current_A"": 5.0, ""nominal_next_peaks"": {""voltage_V"": 4.226437425945077, ""temperature_K"": 301.94285445144305, ""soc"": 0.8042751752149766}, ""nominal_backup_peaks"": null, ""bias_adjusted_peaks"": {""voltage_V"": 4.226437425945077, ""temperature_K"": 301.94285445144305, ""soc"": 0.8042751752149766}, ""reason"": ""next_interval:voltage_V""}, {""current_A"": 4.5, ""nominal_next_peaks"": {""voltage_V"": 4.212260156269021, ""temperature_K"": 301.9087752849245, ""soc"": 0.8010183735808821}, ""nominal_backup_peaks"": null, ""bias_adjusted_peaks"": {""voltage_V"": 4.212260156269021, ""temperature_K"": 301.9087752849245, ""soc"": 0.8010183735808821}, ""reason"": ""next_interval:voltage_V""}, {""current_A"": 4.0, ""nominal_next_peaks"": {""voltage_V"": 4.197198315260157, ""temperature_K"": 301.8774449245359, ""soc"": 0.797761571946784}, ""nominal_backup_peaks"": null, ""bias_adjusted_peaks"": {""voltage_V"": 4.197198315260157, ""temperature_K"": 301.8774449245359, ""soc"": 0.797761571946784}, ""reason"": ""next_interval:voltage_V""}, {""current_A"": 3.5, ""nominal_next_peaks"": {""voltage_V"": 4.18112631226523, ""temperature_K"": 301.848947320767, ""soc"": 0.7945047703126853}, ""nominal_backup_peaks"": null, ""bias_adjusted_peaks"": {""voltage_V"": 4.18112631226523, ""temperature_K"": 301.848947320767, ""soc"": 0.7945047703126853}, ""reason"": ""next_interval:voltage_V""}], ""current_A"": 3.0, ""nominal_next_peaks"": {""voltage_V"": 4.163956680851717, ""temperature_K"": 301.82340829129976, ""soc"": 0.791247968678588}, ""nominal_backup_peaks"": {""voltage_V"": 4.082087312156714, ""temperature_K"": 301.82340829129976, ""soc"": 0.7912479686785938}, ""bias_adjusted_peaks"": {""voltage_V"": 4.163956680851717, ""temperature_K"": 301.82340829129976, ""soc"": 0.7912479686785938}}], ""candidate_solve_count"": 15, ""screen_horizon_s"": 90.0, ""zero_current_backup_horizon_s"": 90.0, ""safety_guarantee"": ""finite-horizon sampled screen only"", ""filter_wall_time_s"": 1.3568602446466684}","{""time"": -0.75, ""balance"": -2.305145363027471, ""voltage"": -0.0, ""temperature"": -0.0, ""numerical_failure"": 0.0, ""protective_stop"": 0.0}"
13,charge,1260.0,90.0,"[5.5, 0.0, 5.0]","[3.5, 0.0, 2.5]","[3.5, 0.0, 2.5]",-2.577444101094027,False,,False,False,False,True,1.2773051355034113,"{""requested_current_A"": [5.5, 0.0, 5.0], ""applied_current_A"": [3.5, 0.0, 2.5], ""intervention"": true, ""infeasible"": false, ""reason"": ""Reduced requested current by nominal V/T/SOC and backup screening"", ""voltage_margin_V"": 0.03, ""temperature_margin_K"": 1.0, ""soc_max"": 0.95, ""voltage_guard_V"": 4.17, ""temperature_guard_K"": 308.0, ""nominal_state"": [[0.7593816984005106, 4.153669363878448, 303.7362652992837], [0.9016860444604283, 4.099687424393082, 298.77148439035096], [0.791247968678589, 4.163956680851717, 301.82340829129976]], ""observation"": [[0.7593816984005106, 4.153669363878448, 303.7362652992837], [0.9016860444604283, 4.099687424393082, 298.77148439035096], [0.791247968678589, 4.163956680851717, 301.82340829129976]], ""positive_voltage_bias_V"": [0.0, 0.0, 0.0], ""positive_temperature_bias_K"": [0.0, 0.0, 0.0], ""absolute_soc_bias"": [0.0, 0.0, 0.0], ""cells"": [{""cell_index"": 0, ""candidate_count"": 5, ""feasible"": true, ""rejections"": [{""current_A"": 5.5, ""nominal_next_peaks"": {""voltage_V"": 4.219301696704555, ""temperature_K"": 303.94791552852416, ""soc"": 0.7916778323174681}, ""nominal_backup_peaks"": null, ""bias_adjusted_peaks"": {""voltage_V"": 4.219301696704555, ""temperature_K"": 303.94791552852416, ""soc"": 0.7916778323174681}, ""reason"": ""next_interval:voltage_V""}, {""current_A"": 5.0, ""nominal_next_peaks"": {""voltage_V"": 4.204155416975476, ""temperature_K"": 303.90044051116126, ""soc"": 0.7887418201431992}, ""nominal_backup_peaks"": null, ""bias_adjusted_peaks"": {""voltage_V"": 4.204155416975476, ""temperature_K"": 303.90044051116126, ""soc"": 0.7887418201431992}, ""reason"": ""next_interval:voltage_V""}, {""current_A"": 4.5, ""nominal_next_peaks"": {""voltage_V"": 4.188262368628126, ""temperature_K"": 303.85662893095, ""soc"": 0.785805807968927}, ""nominal_backup_peaks"": null, ""bias_adjusted_peaks"": {""voltage_V"": 4.188262368628126, ""temperature_K"": 303.85662893095, ""soc"": 0.785805807968927}, ""reason"": ""next_interval:voltage_V""}, {""current_A"": 4.0, ""nominal_next_peaks"": {""voltage_V"": 4.1716000870185335, ""temperature_K"": 303.81654166920436, ""soc"": 0.782869795794662}, ""nominal_backup_peaks"": null, ""bias_adjusted_peaks"": {""voltage_V"": 4.1716000870185335, ""temperature_K"": 303.81654166920436, ""soc"": 0.782869795794662}, ""reason"": ""next_interval:voltage_V""}], ""current_A"": 3.5, ""nominal_next_peaks"": {""voltage_V"": 4.1541694142162395, ""temperature_K"": 303.78028487930004, ""soc"": 0.7799337836203917}, ""nominal_backup_peaks"": {""voltage_V"": 4.069705334416488, ""temperature_K"": 303.78028487930004, ""soc"": 0.7799337836203917}, ""bias_adjusted_peaks"": {""voltage_V"": 4.1541694142162395, ""temperature_K"": 303.78028487930004, ""soc"": 0.7799337836203917}}, {""cell_index"": 1, ""candidate_count"": 1, ""feasible"": true, ""rejections"": [], ""current_A"": 0.0, ""nominal_next_peaks"": {""voltage_V"": 4.099687424393082, ""temperature_K"": 298.77148439035096, ""soc"": 0.9016860444604333}, ""nominal_backup_peaks"": {""voltage_V"": 4.0987809687857, ""temperature_K"": 298.76188663208393, ""soc"": 0.9016860444604345}, ""bias_adjusted_peaks"": {""voltage_V"": 4.099687424393082, ""temperature_K"": 298.77148439035096, ""soc"": 0.9016860444604345}}, {""cell_index"": 2, ""candidate_count"": 6, ""feasible"": true, ""rejections"": [{""current_A"": 5.0, ""nominal_next_peaks"": {""voltage_V"": 4.231884763694156, ""temperature_K"": 301.9931135893458, ""soc"": 0.8238159850195623}, ""nominal_backup_peaks"": null, ""bias_adjusted_peaks"": {""voltage_V"": 4.231884763694156, ""temperature_K"": 301.9931135893458, ""soc"": 0.8238159850195623}, ""reason"": ""next_interval:voltage_V""}, {""current_A"": 4.5, ""nominal_next_peaks"": {""voltage_V"": 4.218587582429112, ""temperature_K"": 301.95883520327294, ""soc"": 0.8205591833854667}, ""nominal_backup_peaks"": null, ""bias_adjusted_peaks"": {""voltage_V"": 4.218587582429112, ""temperature_K"": 301.95883520327294, ""soc"": 0.8205591833854667}, ""reason"": ""next_interval:voltage_V""}, {""current_A"": 4.0, ""nominal_next_peaks"": {""voltage_V"": 4.204668282411304, ""temperature_K"": 301.92731175687214, ""soc"": 0.8173023817513684}, ""nominal_backup_peaks"": null, ""bias_adjusted_peaks"": {""voltage_V"": 4.204668282411304, ""temperature_K"": 301.92731175687214, ""soc"": 0.8173023817513684}, ""reason"": ""next_interval:voltage_V""}, {""current_A"": 3.5, ""nominal_next_peaks"": {""voltage_V"": 4.189896551741078, ""temperature_K"": 301.89862717799633, ""soc"": 0.8140455801172702}, ""nominal_backup_peaks"": null, ""bias_adjusted_peaks"": {""voltage_V"": 4.189896551741078, ""temperature_K"": 301.89862717799633, ""soc"": 0.8140455801172702}, ""reason"": ""next_interval:voltage_V""}, {""current_A"": 3.0, ""nominal_next_peaks"": {""voltage_V"": 4.174085192533166, ""temperature_K"": 301.872907732981, ""soc"": 0.8107887784831729}, ""nominal_backup_peaks"": null, ""bias_adjusted_peaks"": {""voltage_V"": 4.174085192533166, ""temperature_K"": 301.872907732981, ""soc"": 0.8107887784831729}, ""reason"": ""next_interval:voltage_V""}], ""current_A"": 2.5, ""nominal_next_peaks"": {""voltage_V"": 4.157097236127756, ""temperature_K"": 301.85033086204425, ""soc"": 0.8075319768490746}, ""nominal_backup_peaks"": {""voltage_V"": 4.086849365238146, ""temperature_K"": 301.85033086204425, ""soc"": 0.807531976849079}, ""bias_adjusted_peaks"": {""voltage_V"": 4.157097236127756, ""temperature_K"": 301.85033086204425, ""soc"": 0.807531976849079}}], ""candidate_solve_count"": 15, ""screen_horizon_s"": 90.0, ""zero_current_backup_horizon_s"": 90.0, ""safety_guarantee"": ""finite-horizon sampled screen only"", ""filter_wall_time_s"": 1.2772821970283985}","{""time"": -0.75, ""balance"": -1.8274441010940272, ""voltage"": -0.0, ""temperature"": -0.0, ""numerical_failure"": 0.0, ""protective_stop"": 0.0}"
14,charge,1350.0,90.0,"[5.0, 0.0, 4.5]","[3.5, 0.0, 2.5]","[3.5, 0.0, 2.5]",-2.1347590863623793,False,,False,False,False,True,1.0736693181097507,"{""requested_current_A"": [5.0, 0.0, 4.5], ""applied_current_A"": [3.5, 0.0, 2.5], ""intervention"": true, ""infeasible"": false, ""reason"": ""Reduced requested current by nominal V/T/SOC and backup screening"", ""voltage_margin_V"": 0.03, ""temperature_margin_K"": 1.0, ""soc_max"": 0.95, ""voltage_guard_V"": 4.17, ""temperature_guard_K"": 308.0, ""nominal_state"": [[0.7799337836203903, 4.1541694142162395, 303.78028487930004], [0.9016860444604309, 4.0987809687857, 298.76188663208393], [0.8075319768490746, 4.157097236127756, 301.85033086204425]], ""observation"": [[0.7799337836203903, 4.1541694142162395, 303.78028487930004], [0.9016860444604309, 4.0987809687857, 298.76188663208393], [0.8075319768490746, 4.157097236127756, 301.85033086204425]], ""positive_voltage_bias_V"": [0.0, 0.0, 0.0], ""positive_temperature_bias_K"": [0.0, 0.0, 0.0], ""absolute_soc_bias"": [0.0, 0.0, 0.0], ""cells"": [{""cell_index"": 0, ""candidate_count"": 4, ""feasible"": true, ""rejections"": [{""current_A"": 5.0, ""nominal_next_peaks"": {""voltage_V"": 4.214270331123959, ""temperature_K"": 303.9441220535774, ""soc"": 0.8092939053630743}, ""nominal_backup_peaks"": null, ""bias_adjusted_peaks"": {""voltage_V"": 4.214270331123959, ""temperature_K"": 303.9441220535774, ""soc"": 0.8092939053630743}, ""reason"": ""next_interval:voltage_V""}, {""current_A"": 4.5, ""nominal_next_peaks"": {""voltage_V"": 4.199818122167367, ""temperature_K"": 303.9002547123751, ""soc"": 0.8063578931888141}, ""nominal_backup_peaks"": null, ""bias_adjusted_peaks"": {""voltage_V"": 4.199818122167367, ""temperature_K"": 303.9002547123751, ""soc"": 0.8063578931888141}, ""reason"": ""next_interval:voltage_V""}, {""current_A"": 4.0, ""nominal_next_peaks"": {""voltage_V"": 4.1845381914977215, ""temperature_K"": 303.8601082132686, ""soc"": 0.8034218810145417}, ""nominal_backup_peaks"": null, ""bias_adjusted_peaks"": {""voltage_V"": 4.1845381914977215, ""temperature_K"": 303.8601082132686, ""soc"": 0.8034218810145417}, ""reason"": ""next_interval:voltage_V""}], ""current_A"": 3.5, ""nominal_next_peaks"": {""voltage_V"": 4.168370947260723, ""temperature_K"": 303.82379087977586, ""soc"": 0.8004858688402716}, ""nominal_backup_peaks"": {""voltage_V"": 4.083092217550719, ""temperature_K"": 303.82379087977586, ""soc"": 0.8004858688402716}, ""bias_adjusted_peaks"": {""voltage_V"": 4.168370947260723, ""temperature_K"": 303.82379087977586, ""soc"": 0.8004858688402716}}, {""cell_index"": 1, ""candidate_count"": 1, ""feasible"": true, ""rejections"": [], ""current_A"": 0.0, ""nominal_next_peaks"": {""voltage_V"": 4.0987809687857, ""temperature_K"": 298.76188663208393, ""soc"": 0.9016860444604345}, ""nominal_backup_peaks"": {""voltage_V"": 4.098447723882005, ""temperature_K"": 298.75243709904794, ""soc"": 0.901686044460438}, ""bias_adjusted_peaks"": {""voltage_V"": 4.0987809687857, ""temperature_K"": 298.76188663208393, ""soc"": 0.901686044460438}}, {""cell_index"": 2, ""candidate_count"": 5, ""feasible"": true, ""rejections"": [{""current_A"": 4.5, ""nominal_next_peaks"": {""voltage_V"": 4.222475475559883, ""temperature_K"": 301.9858724337688, ""soc"": 0.8368431915559498}, ""nominal_backup_peaks"": null, ""bias_adjusted_peaks"": {""voltage_V"": 4.222475475559883, ""temperature_K"": 301.9858724337688, ""soc"": 0.8368431915559498}, ""reason"": ""next_interval:voltage_V""}, {""current_A"": 4.0, ""nominal_next_peaks"": {""voltage_V"": 4.208930787326993, ""temperature_K"": 301.95428983261695, ""soc"": 0.8335863899218566}, ""nominal_backup_peaks"": null, ""bias_adjusted_peaks"": {""voltage_V"": 4.208930787326993, ""temperature_K"": 301.95428983261695, ""soc"": 0.8335863899218566}, ""reason"": ""next_interval:voltage_V""}, {""current_A"": 3.5, ""nominal_next_peaks"": {""voltage_V"": 4.1948305972828015, ""temperature_K"": 301.92554615984955, ""soc"": 0.8303295882877528}, ""nominal_backup_peaks"": null, ""bias_adjusted_peaks"": {""voltage_V"": 4.1948305972828015, ""temperature_K"": 301.92554615984955, ""soc"": 0.8303295882877528}, ""reason"": ""next_interval:voltage_V""}, {""current_A"": 3.0, ""nominal_next_peaks"": {""voltage_V"": 4.179904622174121, ""temperature_K"": 301.8997687409413, ""soc"": 0.8270727866536649}, ""nominal_backup_peaks"": null, ""bias_adjusted_peaks"": {""voltage_V"": 4.179904622174121, ""temperature_K"": 301.8997687409413, ""soc"": 0.8270727866536649}, ""reason"": ""next_interval:voltage_V""}], ""current_A"": 2.5, ""nominal_next_peaks"": {""voltage_V"": 4.163928891211917, ""temperature_K"": 301.8771366260468, ""soc"": 0.8238159850195623}, ""nominal_backup_peaks"": {""voltage_V"": 4.092968590121112, ""temperature_K"": 301.8771366260468, ""soc"": 0.823815985019567}, ""bias_adjusted_peaks"": {""voltage_V"": 4.163928891211917, ""temperature_K"": 301.8771366260468, ""soc"": 0.823815985019567}}], ""candidate_solve_count"": 13, ""screen_horizon_s"": 90.0, ""zero_current_backup_horizon_s"": 90.0, ""safety_guarantee"": ""finite-horizon sampled screen only"", ""filter_wall_time_s"": 1.0736508686095476}","{""time"": -0.75, ""balance"": -1.384759086362379, ""voltage"": -0.0, ""temperature"": -0.0, ""numerical_failure"": 0.0, ""protective_stop"": 0.0}"
15,charge,1440.0,90.0,"[5.0, 0.0, 4.5]","[3.0, 0.0, 2.5]","[3.0, 0.0, 2.5]",-1.7159143408852637,False,,False,False,False,True,1.1418274007737637,"{""requested_current_A"": [5.0, 0.0, 4.5], ""applied_current_A"": [3.0, 0.0, 2.5], ""intervention"": true, ""infeasible"": false, ""reason"": ""Reduced requested current by nominal V/T/SOC and backup screening"", ""voltage_margin_V"": 0.03, ""temperature_margin_K"": 1.0, ""soc_max"": 0.95, ""voltage_guard_V"": 4.17, ""temperature_guard_K"": 308.0, ""nominal_state"": [[0.8004858688402711, 4.168370947260723, 303.82379087977586], [0.9016860444604338, 4.098447723882005, 298.75243709904794], [0.8238159850195623, 4.163928891211917, 301.8771366260468]], ""observation"": [[0.8004858688402711, 4.168370947260723, 303.82379087977586], [0.9016860444604338, 4.098447723882005, 298.75243709904794], [0.8238159850195623, 4.163928891211917, 301.8771366260468]], ""positive_voltage_bias_V"": [0.0, 0.0, 0.0], ""positive_temperature_bias_K"": [0.0, 0.0, 0.0], ""absolute_soc_bias"": [0.0, 0.0, 0.0], ""cells"": [{""cell_index"": 0, ""candidate_count"": 5, ""feasible"": true, ""rejections"": [{""current_A"": 5.0, ""nominal_next_peaks"": {""voltage_V"": 4.221393978953897, ""temperature_K"": 303.9891059599498, ""soc"": 0.8298459905829584}, ""nominal_backup_peaks"": null, ""bias_adjusted_peaks"": {""voltage_V"": 4.221393978953897, ""temperature_K"": 303.9891059599498, ""soc"": 0.8298459905829584}, ""reason"": ""next_interval:voltage_V""}, {""current_A"": 4.5, ""nominal_next_peaks"": {""voltage_V"": 4.208180445001042, ""temperature_K"": 303.9449394195892, ""soc"": 0.826909978408685}, ""nominal_backup_peaks"": null, ""bias_adjusted_peaks"": {""voltage_V"": 4.208180445001042, ""temperature_K"": 303.9449394195892, ""soc"": 0.826909978408685}, ""reason"": ""next_interval:voltage_V""}, {""current_A"": 4.0, ""nominal_next_peaks"": {""voltage_V"": 4.194318929153475, ""temperature_K"": 303.9045021802421, ""soc"": 0.8239739662344188}, ""nominal_backup_peaks"": null, ""bias_adjusted_peaks"": {""voltage_V"": 4.194318929153475, ""temperature_K"": 303.9045021802421, ""soc"": 0.8239739662344188}, ""reason"": ""next_interval:voltage_V""}, {""current_A"": 3.5, ""nominal_next_peaks"": {""voltage_V"": 4.179645997108838, ""temperature_K"": 303.8679033023229, ""soc"": 0.8210379540601508}, ""nominal_backup_peaks"": null, ""bias_adjusted_peaks"": {""voltage_V"": 4.179645997108838, ""temperature_K"": 303.8679033023229, ""soc"": 0.8210379540601508}, ""reason"": ""next_interval:voltage_V""}], ""current_A"": 3.0, ""nominal_next_peaks"": {""voltage_V"": 4.1640465969694525, ""temperature_K"": 303.8353016612426, ""soc"": 0.8181019418858868}, ""nominal_backup_peaks"": {""voltage_V"": 4.089138338420115, ""temperature_K"": 303.8353016612426, ""soc"": 0.8181019418858868}, ""bias_adjusted_peaks"": {""voltage_V"": 4.1640465969694525, ""temperature_K"": 303.8353016612426, ""soc"": 0.8181019418858868}}, {""cell_index"": 1, ""candidate_count"": 1, ""feasible"": true, ""rejections"": [], ""current_A"": 0.0, ""nominal_next_peaks"": {""voltage_V"": 4.098447723882005, ""temperature_K"": 298.75243709904794, ""soc"": 0.901686044460438}, ""nominal_backup_peaks"": {""voltage_V"": 4.098292474901768, ""temperature_K"": 298.74313350980685, ""soc"": 0.9016860444604398}, ""bias_adjusted_peaks"": {""voltage_V"": 4.098447723882005, ""temperature_K"": 298.75243709904794, ""soc"": 0.9016860444604398}}, {""cell_index"": 2, ""candidate_count"": 5, ""feasible"": true, ""rejections"": [{""current_A"": 4.5, ""nominal_next_peaks"": {""voltage_V"": 4.227027645213997, ""temperature_K"": 302.01382257319705, ""soc"": 0.8531271997264362}, ""nominal_backup_peaks"": null, ""bias_adjusted_peaks"": {""voltage_V"": 4.227027645213997, ""temperature_K"": 302.01382257319705, ""soc"": 0.8531271997264362}, ""reason"": ""next_interval:voltage_V""}, {""current_A"": 4.0, ""nominal_next_peaks"": {""voltage_V"": 4.21306263026807, ""temperature_K"": 301.9820347279765, ""soc"": 0.8498703980923376}, ""nominal_backup_peaks"": null, ""bias_adjusted_peaks"": {""voltage_V"": 4.21306263026807, ""temperature_K"": 301.9820347279765, ""soc"": 0.8498703980923376}, ""reason"": ""next_interval:voltage_V""}, {""current_A"": 3.5, ""nominal_next_peaks"": {""voltage_V"": 4.198977579579824, ""temperature_K"": 301.95309187705175, ""soc"": 0.8466135964582439}, ""nominal_backup_peaks"": null, ""bias_adjusted_peaks"": {""voltage_V"": 4.198977579579824, ""temperature_K"": 301.95309187705175, ""soc"": 0.8466135964582439}, ""reason"": ""next_interval:voltage_V""}, {""current_A"": 3.0, ""nominal_next_peaks"": {""voltage_V"": 4.184444220734948, ""temperature_K"": 301.9271216604161, ""soc"": 0.8433567948241413}, ""nominal_backup_peaks"": null, ""bias_adjusted_peaks"": {""voltage_V"": 4.184444220734948, ""temperature_K"": 301.9271216604161, ""soc"": 0.8433567948241413}, ""reason"": ""next_interval:voltage_V""}], ""current_A"": 2.5, ""nominal_next_peaks"": {""voltage_V"": 4.169159746759005, ""temperature_K"": 301.9043044260479, ""soc"": 0.8400999931900479}, ""nominal_backup_peaks"": {""voltage_V"": 4.097360012690064, ""temperature_K"": 301.9043044260479, ""soc"": 0.8400999931900534}, ""bias_adjusted_peaks"": {""voltage_V"": 4.169159746759005, ""temperature_K"": 301.9043044260479, ""soc"": 0.8400999931900534}}], ""candidate_solve_count"": 14, ""screen_horizon_s"": 90.0, ""zero_current_backup_horizon_s"": 90.0, ""safety_guarantee"": ""finite-horizon sampled screen only"", ""filter_wall_time_s"": 1.1418106406927109}","{""time"": -0.75, ""balance"": -0.9659143408852636, ""voltage"": -0.0, ""temperature"": -0.0, ""numerical_failure"": 0.0, ""protective_stop"": 0.0}"
16,charge,1530.0,90.0,"[4.5, 0.0, 4.0]","[2.5, 0.0, 2.0]","[2.5, 0.0, 2.0]",-1.3568685015710737,False,,False,False,False,True,1.1332218013703823,"{""requested_current_A"": [4.5, 0.0, 4.0], ""applied_current_A"": [2.5, 0.0, 2.0], ""intervention"": true, ""infeasible"": false, ""reason"": ""Reduced requested current by nominal V/T/SOC and backup screening"", ""voltage_margin_V"": 0.03, ""temperature_margin_K"": 1.0, ""soc_max"": 0.95, ""voltage_guard_V"": 4.17, ""temperature_guard_K"": 308.0, ""nominal_state"": [[0.818101941885886, 4.1640465969694525, 303.8353016612426], [0.9016860444604365, 4.098292474901768, 298.74313350980685], [0.8400999931900492, 4.169159746759005, 301.9043044260479]], ""observation"": [[0.818101941885886, 4.1640465969694525, 303.8353016612426], [0.9016860444604365, 4.098292474901768, 298.74313350980685], [0.8400999931900492, 4.169159746759005, 301.9043044260479]], ""positive_voltage_bias_V"": [0.0, 0.0, 0.0], ""positive_temperature_bias_K"": [0.0, 0.0, 0.0], ""absolute_soc_bias"": [0.0, 0.0, 0.0], ""cells"": [{""cell_index"": 0, ""candidate_count"": 5, ""feasible"": true, ""rejections"": [{""current_A"": 4.5, ""nominal_next_peaks"": {""voltage_V"": 4.212991214173379, ""temperature_K"": 303.9569460336756, ""soc"": 0.8445260514543029}, ""nominal_backup_peaks"": null, ""bias_adjusted_peaks"": {""voltage_V"": 4.212991214173379, ""temperature_K"": 303.9569460336756, ""soc"": 0.8445260514543029}, ""reason"": ""next_interval:voltage_V""}, {""current_A"": 4.0, ""nominal_next_peaks"": {""voltage_V"": 4.199758339234625, ""temperature_K"": 303.9163908719117, ""soc"": 0.8415900392800403}, ""nominal_backup_peaks"": null, ""bias_adjusted_peaks"": {""voltage_V"": 4.199758339234625, ""temperature_K"": 303.9163908719117, ""soc"": 0.8415900392800403}, ""reason"": ""next_interval:voltage_V""}, {""current_A"": 3.5, ""nominal_next_peaks"": {""voltage_V"": 4.1859934111607755, ""temperature_K"": 303.87967424346255, ""soc"": 0.8386540271057615}, ""nominal_backup_peaks"": null, ""bias_adjusted_peaks"": {""voltage_V"": 4.1859934111607755, ""temperature_K"": 303.87967424346255, ""soc"": 0.8386540271057615}, ""reason"": ""next_interval:voltage_V""}, {""current_A"": 3.0, ""nominal_next_peaks"": {""voltage_V"": 4.1714892255578455, ""temperature_K"": 303.8469576208394, ""soc"": 0.8357180149315016}, ""nominal_backup_peaks"": null, ""bias_adjusted_peaks"": {""voltage_V"": 4.1714892255578455, ""temperature_K"": 303.8469576208394, ""soc"": 0.8357180149315016}, ""reason"": ""next_interval:voltage_V""}], ""current_A"": 2.5, ""nominal_next_peaks"": {""voltage_V"": 4.156093770727415, ""temperature_K"": 303.8353016612426, ""soc"": 0.8327820027572326}, ""nominal_backup_peaks"": {""voltage_V"": 4.092191370992319, ""temperature_K"": 303.81845827327453, ""soc"": 0.8327820027572326}, ""bias_adjusted_peaks"": {""voltage_V"": 4.156093770727415, ""temperature_K"": 303.8353016612426, ""soc"": 0.8327820027572326}}, {""cell_index"": 1, ""candidate_count"": 1, ""feasible"": true, ""rejections"": [], ""current_A"": 0.0, ""nominal_next_peaks"": {""voltage_V"": 4.098292474901768, ""temperature_K"": 298.74313350980685, ""soc"": 0.9016860444604398}, ""nominal_backup_peaks"": {""voltage_V"": 4.098216163894309, ""temperature_K"": 298.7339736097432, ""soc"": 0.9016860444604425}, ""bias_adjusted_peaks"": {""voltage_V"": 4.098292474901768, ""temperature_K"": 298.74313350980685, ""soc"": 0.9016860444604425}}, {""cell_index"": 2, ""candidate_count"": 5, ""feasible"": true, ""rejections"": [{""current_A"": 4.0, ""nominal_next_peaks"": {""voltage_V"": 4.2186055098437985, ""temperature_K"": 302.01030319868255, ""soc"": 0.86615440626283}, ""nominal_backup_peaks"": null, ""bias_adjusted_peaks"": {""voltage_V"": 4.2186055098437985, ""temperature_K"": 302.01030319868255, ""soc"": 0.86615440626283}, ""reason"": ""next_interval:voltage_V""}, {""current_A"": 3.5, ""nominal_next_peaks"": {""voltage_V"": 4.203596275457118, ""temperature_K"": 301.98113421536004, ""soc"": 0.8628976046287314}, ""nominal_backup_peaks"": null, ""bias_adjusted_peaks"": {""voltage_V"": 4.203596275457118, ""temperature_K"": 301.98113421536004, ""soc"": 0.8628976046287314}, ""reason"": ""next_interval:voltage_V""}, {""current_A"": 3.0, ""nominal_next_peaks"": {""voltage_V"": 4.188607551234689, ""temperature_K"": 301.95494509536667, ""soc"": 0.8596408029946332}, ""nominal_backup_peaks"": null, ""bias_adjusted_peaks"": {""voltage_V"": 4.188607551234689, ""temperature_K"": 301.95494509536667, ""soc"": 0.8596408029946332}, ""reason"": ""next_interval:voltage_V""}, {""current_A"": 2.5, ""nominal_next_peaks"": {""voltage_V"": 4.173302950096019, ""temperature_K"": 301.93191773882074, ""soc"": 0.8563840013605389}, ""nominal_backup_peaks"": null, ""bias_adjusted_peaks"": {""voltage_V"": 4.173302950096019, ""temperature_K"": 301.93191773882074, ""soc"": 0.8563840013605389}, ""reason"": ""next_interval:voltage_V""}], ""current_A"": 2.0, ""nominal_next_peaks"": {""voltage_V"": 4.157372753570288, ""temperature_K"": 301.9122984892191, ""soc"": 0.8531271997264404}, ""nominal_backup_peaks"": {""voltage_V"": 4.098113709040707, ""temperature_K"": 301.9122984892191, ""soc"": 0.8531271997264481}, ""bias_adjusted_peaks"": {""voltage_V"": 4.157372753570288, ""temperature_K"": 301.9122984892191, ""soc"": 0.8531271997264481}}], ""candidate_solve_count"": 14, ""screen_horizon_s"": 90.0, ""zero_current_backup_horizon_s"": 90.0, ""safety_guarantee"": ""finite-horizon sampled screen only"", ""filter_wall_time_s"": 1.133204048499465}","{""time"": -0.75, ""balance"": -0.6068685015710737, ""voltage"": -0.0, ""temperature"": -0.0, ""numerical_failure"": 0.0, ""protective_stop"": 0.0}"
17,charge,1620.0,90.0,"[4.0, 0.0, 3.5]","[2.5, 0.0, 2.0]","[2.5, 0.0, 2.0]",-1.0345625471958946,False,,False,False,False,True,0.9653545878827572,"{""requested_current_A"": [4.0, 0.0, 3.5], ""applied_current_A"": [2.5, 0.0, 2.0], ""intervention"": true, ""infeasible"": false, ""reason"": ""Reduced requested current by nominal V/T/SOC and backup screening"", ""voltage_margin_V"": 0.03, ""temperature_margin_K"": 1.0, ""soc_max"": 0.95, ""voltage_guard_V"": 4.17, ""temperature_guard_K"": 308.0, ""nominal_state"": [[0.8327820027572302, 4.156093770727415, 303.81845827327453], [0.9016860444604418, 4.098216163894309, 298.7339736097432], [0.853127199726441, 4.157372753570288, 301.9122984892191]], ""observation"": [[0.8327820027572302, 4.156093770727415, 303.81845827327453], [0.9016860444604418, 4.098216163894309, 298.7339736097432], [0.853127199726441, 4.157372753570288, 301.9122984892191]], ""positive_voltage_bias_V"": [0.0, 0.0, 0.0], ""positive_temperature_bias_K"": [0.0, 0.0, 0.0], ""absolute_soc_bias"": [0.0, 0.0, 0.0], ""cells"": [{""cell_index"": 0, ""candidate_count"": 4, ""feasible"": true, ""rejections"": [{""current_A"": 4.0, ""nominal_next_peaks"": {""voltage_V"": 4.203468768241463, ""temperature_K"": 303.90027616933287, ""soc"": 0.8562701001513798}, ""nominal_backup_peaks"": null, ""bias_adjusted_peaks"": {""voltage_V"": 4.203468768241463, ""temperature_K"": 303.90027616933287, ""soc"": 0.8562701001513798}, ""reason"": ""next_interval:voltage_V""}, {""current_A"": 3.5, ""nominal_next_peaks"": {""voltage_V"": 4.189878597961615, ""temperature_K"": 303.86345677388175, ""soc"": 0.8533340879771076}, ""nominal_backup_peaks"": null, ""bias_adjusted_peaks"": {""voltage_V"": 4.189878597961615, ""temperature_K"": 303.86345677388175, ""soc"": 0.8533340879771076}, ""reason"": ""next_interval:voltage_V""}, {""current_A"": 3.0, ""nominal_next_peaks"": {""voltage_V"": 4.175843169217426, ""temperature_K"": 303.8306389547291, ""soc"": 0.8503980758028372}, ""nominal_backup_peaks"": null, ""bias_adjusted_peaks"": {""voltage_V"": 4.175843169217426, ""temperature_K"": 303.8306389547291, ""soc"": 0.8503980758028372}, ""reason"": ""next_interval:voltage_V""}], ""current_A"": 2.5, ""nominal_next_peaks"": {""voltage_V"": 4.161139926162159, ""temperature_K"": 303.81845827327453, ""soc"": 0.8474620636285723}, ""nominal_backup_peaks"": {""voltage_V"": 4.096479073225755, ""temperature_K"": 303.8020431412354, ""soc"": 0.8474620636285723}, ""bias_adjusted_peaks"": {""voltage_V"": 4.161139926162159, ""temperature_K"": 303.81845827327453, ""soc"": 0.8474620636285723}}, {""cell_index"": 1, ""candidate_count"": 1, ""feasible"": true, ""rejections"": [], ""current_A"": 0.0, ""nominal_next_peaks"": {""voltage_V"": 4.098216163894309, ""temperature_K"": 298.7339736097432, ""soc"": 0.9016860444604425}, ""nominal_backup_peaks"": {""voltage_V"": 4.098178197096384, ""temperature_K"": 298.72495520527303, ""soc"": 0.9016860444604435}, ""bias_adjusted_peaks"": {""voltage_V"": 4.098216163894309, ""temperature_K"": 298.7339736097432, ""soc"": 0.9016860444604435}}, {""cell_index"": 2, ""candidate_count"": 4, ""feasible"": true, ""rejections"": [{""current_A"": 3.5, ""nominal_next_peaks"": {""voltage_V"": 4.208478156646686, ""temperature_K"": 301.9893811782417, ""soc"": 0.8759248111651252}, ""nominal_backup_peaks"": null, ""bias_adjusted_peaks"": {""voltage_V"": 4.208478156646686, ""temperature_K"": 301.9893811782417, ""soc"": 0.8759248111651252}, ""reason"": ""next_interval:voltage_V""}, {""current_A"": 3.0, ""nominal_next_peaks"": {""voltage_V"": 4.192504392753017, ""temperature_K"": 301.96311426015995, ""soc"": 0.8726680095310279}, ""nominal_backup_peaks"": null, ""bias_adjusted_peaks"": {""voltage_V"": 4.192504392753017, ""temperature_K"": 301.96311426015995, ""soc"": 0.8726680095310279}, ""reason"": ""next_interval:voltage_V""}, {""current_A"": 2.5, ""nominal_next_peaks"": {""voltage_V"": 4.1765606746949295, ""temperature_K"": 301.940011769513, ""soc"": 0.8694112078969294}, ""nominal_backup_peaks"": null, ""bias_adjusted_peaks"": {""voltage_V"": 4.1765606746949295, ""temperature_K"": 301.940011769513, ""soc"": 0.8694112078969294}, ""reason"": ""next_interval:voltage_V""}], ""current_A"": 2.0, ""nominal_next_peaks"": {""voltage_V"": 4.1603284240122, ""temperature_K"": 301.92032358352714, ""soc"": 0.8661544062628312}, ""nominal_backup_peaks"": {""voltage_V"": 4.100367714386211, ""temperature_K"": 301.92032358352714, ""soc"": 0.8661544062628348}, ""bias_adjusted_peaks"": {""voltage_V"": 4.1603284240122, ""temperature_K"": 301.92032358352714, ""soc"": 0.8661544062628348}}], ""candidate_solve_count"": 12, ""screen_horizon_s"": 90.0, ""zero_current_backup_horizon_s"": 90.0, ""safety_guarantee"": ""finite-horizon sampled screen only"", ""filter_wall_time_s"": 0.9653354827314615}","{""time"": -0.75, ""balance"": -0.28456254719589447, ""voltage"": -0.0, ""temperature"": -0.0, ""numerical_failure"": 0.0, ""protective_stop"": 0.0}"
18,charge,1710.0,90.0,"[4.0, 0.0, 3.5]","[2.5, 0.0, 2.0]","[2.5, 0.0, 2.0]",-0.7743867759079076,False,,False,False,False,True,1.009820094332099,"{""requested_current_A"": [4.0, 0.0, 3.5], ""applied_current_A"": [2.5, 0.0, 2.0], ""intervention"": true, ""infeasible"": false, ""reason"": ""Reduced requested current by nominal V/T/SOC and backup screening"", ""voltage_margin_V"": 0.03, ""temperature_margin_K"": 1.0, ""soc_max"": 0.95, ""voltage_guard_V"": 4.17, ""temperature_guard_K"": 308.0, ""nominal_state"": [[0.8474620636285738, 4.161139926162159, 303.8020431412354], [0.9016860444604442, 4.098178197096384, 298.72495520527303], [0.8661544062628339, 4.1603284240122, 301.92032358352714]], ""observation"": [[0.8474620636285738, 4.161139926162159, 303.8020431412354], [0.9016860444604442, 4.098178197096384, 298.72495520527303], [0.8661544062628339, 4.1603284240122, 301.92032358352714]], ""positive_voltage_bias_V"": [0.0, 0.0, 0.0], ""positive_temperature_bias_K"": [0.0, 0.0, 0.0], ""absolute_soc_bias"": [0.0, 0.0, 0.0], ""cells"": [{""cell_index"": 0, ""candidate_count"": 4, ""feasible"": true, ""rejections"": [{""current_A"": 4.0, ""nominal_next_peaks"": {""voltage_V"": 4.208142445633218, ""temperature_K"": 303.885786401761, ""soc"": 0.8709501610227227}, ""nominal_backup_peaks"": null, ""bias_adjusted_peaks"": {""voltage_V"": 4.208142445633218, ""temperature_K"": 303.885786401761, ""soc"": 0.8709501610227227}, ""reason"": ""next_interval:voltage_V""}, {""current_A"": 3.5, ""nominal_next_peaks"": {""voltage_V"": 4.193969203110671, ""temperature_K"": 303.84866814057455, ""soc"": 0.8680141488484535}, ""nominal_backup_peaks"": null, ""bias_adjusted_peaks"": {""voltage_V"": 4.193969203110671, ""temperature_K"": 303.84866814057455, ""soc"": 0.8680141488484535}, ""reason"": ""next_interval:voltage_V""}, {""current_A"": 3.0, ""nominal_next_peaks"": {""voltage_V"": 4.179753478577762, ""temperature_K"": 303.81556110046625, ""soc"": 0.8650781366741829}, ""nominal_backup_peaks"": null, ""bias_adjusted_peaks"": {""voltage_V"": 4.179753478577762, ""temperature_K"": 303.81556110046625, ""soc"": 0.8650781366741829}, ""reason"": ""next_interval:voltage_V""}], ""current_A"": 2.5, ""nominal_next_peaks"": {""voltage_V"": 4.1652290812515265, ""temperature_K"": 303.8020431412354, ""soc"": 0.8621421244999139}, ""nominal_backup_peaks"": {""voltage_V"": 4.099691949802208, ""temperature_K"": 303.7866891963202, ""soc"": 0.8621421244999139}, ""bias_adjusted_peaks"": {""voltage_V"": 4.1652290812515265, ""temperature_K"": 303.8020431412354, ""soc"": 0.8621421244999139}}, {""cell_index"": 1, ""candidate_count"": 1, ""feasible"": true, ""rejections"": [], ""current_A"": 0.0, ""nominal_next_peaks"": {""voltage_V"": 4.098178197096384, ""temperature_K"": 298.72495520527303, ""soc"": 0.9016860444604435}, ""nominal_backup_peaks"": {""voltage_V"": 4.098159179009778, ""temperature_K"": 298.71607613283146, ""soc"": 0.9016860444604435}, ""bias_adjusted_peaks"": {""voltage_V"": 4.098178197096384, ""temperature_K"": 298.72495520527303, ""soc"": 0.9016860444604435}}, {""cell_index"": 2, ""candidate_count"": 4, ""feasible"": true, ""rejections"": [{""current_A"": 3.5, ""nominal_next_peaks"": {""voltage_V"": 4.215910825682707, ""temperature_K"": 301.99838896259723, ""soc"": 0.8889520177015173}, ""nominal_backup_peaks"": null, ""bias_adjusted_peaks"": {""voltage_V"": 4.215910825682707, ""temperature_K"": 301.99838896259723, ""soc"": 0.8889520177015173}, ""reason"": ""next_interval:voltage_V""}, {""current_A"": 3.0, ""nominal_next_peaks"": {""voltage_V"": 4.19836660104029, ""temperature_K"": 301.9719132594904, ""soc"": 0.8856952160674207}, ""nominal_backup_peaks"": null, ""bias_adjusted_peaks"": {""voltage_V"": 4.19836660104029, ""temperature_K"": 301.9719132594904, ""soc"": 0.8856952160674207}, ""reason"": ""next_interval:voltage_V""}, {""current_A"": 2.5, ""nominal_next_peaks"": {""voltage_V"": 4.181164810923571, ""temperature_K"": 301.94860955867944, ""soc"": 0.8824384144333223}, ""nominal_backup_peaks"": null, ""bias_adjusted_peaks"": {""voltage_V"": 4.181164810923571, ""temperature_K"": 301.94860955867944, ""soc"": 0.8824384144333223}, ""reason"": ""next_interval:voltage_V""}], ""current_A"": 2.0, ""nominal_next_peaks"": {""voltage_V"": 4.164018946283898, ""temperature_K"": 301.92873075636425, ""soc"": 0.8791816127992238}, ""nominal_backup_peaks"": {""voltage_V"": 4.103249776526239, ""temperature_K"": 301.92873075636425, ""soc"": 0.8791816127992275}, ""bias_adjusted_peaks"": {""voltage_V"": 4.164018946283898, ""temperature_K"": 301.92873075636425, ""soc"": 0.8791816127992275}}], ""candidate_solve_count"": 12, ""screen_horizon_s"": 90.0, ""zero_current_backup_horizon_s"": 90.0, ""safety_guarantee"": ""finite-horizon sampled screen only"", ""filter_wall_time_s"": 1.0097992438822985}","{""time"": -0.75, ""balance"": -0.024386775907907606, ""voltage"": -0.0, ""temperature"": -0.0, ""numerical_failure"": 0.0, ""protective_stop"": 0.0}"
19,charge,1800.0,90.0,"[3.5, 0.0, 3.0]","[2.5, 0.0, 2.0]","[2.5, 0.0, 2.0]",-0.75,False,,False,False,False,True,0.7355795577168465,"{""requested_current_A"": [3.5, 0.0, 3.0], ""applied_current_A"": [2.5, 0.0, 2.0], ""intervention"": true, ""infeasible"": false, ""reason"": ""Reduced requested current by nominal V/T/SOC and backup screening"", ""voltage_margin_V"": 0.03, ""temperature_margin_K"": 1.0, ""soc_max"": 0.95, ""voltage_guard_V"": 4.17, ""temperature_guard_K"": 308.0, ""nominal_state"": [[0.8621421244999143, 4.1652290812515265, 303.7866891963202], [0.9016860444604458, 4.098159179009778, 298.71607613283146], [0.879181612799225, 4.164018946283898, 301.92873075636425]], ""observation"": [[0.8621421244999143, 4.1652290812515265, 303.7866891963202], [0.9016860444604458, 4.098159179009778, 298.71607613283146], [0.879181612799225, 4.164018946283898, 301.92873075636425]], ""positive_voltage_bias_V"": [0.0, 0.0, 0.0], ""positive_temperature_bias_K"": [0.0, 0.0, 0.0], ""absolute_soc_bias"": [0.0, 0.0, 0.0], ""cells"": [{""cell_index"": 0, ""candidate_count"": 3, ""feasible"": true, ""rejections"": [{""current_A"": 3.5, ""nominal_next_peaks"": {""voltage_V"": 4.19970535915906, ""temperature_K"": 303.8350995193391, ""soc"": 0.8826942097197932}, ""nominal_backup_peaks"": null, ""bias_adjusted_peaks"": {""voltage_V"": 4.19970535915906, ""temperature_K"": 303.8350995193391, ""soc"": 0.8826942097197932}, ""reason"": ""next_interval:voltage_V""}, {""current_A"": 3.0, ""nominal_next_peaks"": {""voltage_V"": 4.184437772865781, ""temperature_K"": 303.80166919408884, ""soc"": 0.8797581975455248}, ""nominal_backup_peaks"": null, ""bias_adjusted_peaks"": {""voltage_V"": 4.184437772865781, ""temperature_K"": 303.80166919408884, ""soc"": 0.8797581975455248}, ""reason"": ""next_interval:voltage_V""}], ""current_A"": 2.5, ""nominal_next_peaks"": {""voltage_V"": 4.169282361622383, ""temperature_K"": 303.7866891963202, ""soc"": 0.8768221853712557}, ""nominal_backup_peaks"": {""voltage_V"": 4.10277751517698, ""temperature_K"": 303.7724886023141, ""soc"": 0.8768221853712557}, ""bias_adjusted_peaks"": {""voltage_V"": 4.169282361622383, ""temperature_K"": 303.7866891963202, ""soc"": 0.8768221853712557}}, {""cell_index"": 1, ""candidate_count"": 1, ""feasible"": true, ""rejections"": [], ""current_A"": 0.0, ""nominal_next_peaks"": {""voltage_V"": 4.098159179009778, ""temperature_K"": 298.71607613283146, ""soc"": 0.9016860444604435}, ""nominal_backup_peaks"": {""voltage_V"": 4.0981496570181815, ""temperature_K"": 298.70733458715995, ""soc"": 0.9016860444604492}, ""bias_adjusted_peaks"": {""voltage_V"": 4.098159179009778, ""temperature_K"": 298.71607613283146, ""soc"": 0.9016860444604492}}, {""cell_index"": 2, ""candidate_count"": 3, ""feasible"": true, ""rejections"": [{""current_A"": 3.0, ""nominal_next_peaks"": {""voltage_V"": 4.207002348598325, ""temperature_K"": 301.9811946554066, ""soc"": 0.8987224226038099}, ""nominal_backup_peaks"": null, ""bias_adjusted_peaks"": {""voltage_V"": 4.207002348598325, ""temperature_K"": 301.9811946554066, ""soc"": 0.8987224226038099}, ""reason"": ""next_interval:voltage_V""}, {""current_A"": 2.5, ""nominal_next_peaks"": {""voltage_V"": 4.188001702512729, ""temperature_K"": 301.9576667299805, ""soc"": 0.8954656209697153}, ""nominal_backup_peaks"": null, ""bias_adjusted_peaks"": {""voltage_V"": 4.188001702512729, ""temperature_K"": 301.9576667299805, ""soc"": 0.8954656209697153}, ""reason"": ""next_interval:voltage_V""}], ""current_A"": 2.0, ""nominal_next_peaks"": {""voltage_V"": 4.169329395824011, ""temperature_K"": 301.9375754131063, ""soc"": 0.8922088193356182}, ""nominal_backup_peaks"": {""voltage_V"": 4.1076698301972225, ""temperature_K"": 301.9375754131063, ""soc"": 0.8922088193356279}, ""bias_adjusted_peaks"": {""voltage_V"": 4.169329395824011, ""temperature_K"": 301.9375754131063, ""soc"": 0.8922088193356279}}], ""candidate_solve_count"": 10, ""screen_horizon_s"": 90.0, ""zero_current_backup_horizon_s"": 90.0, ""safety_guarantee"": ""finite-horizon sampled screen only"", ""filter_wall_time_s"": 0.7355591468513012}","{""time"": -0.75, ""balance"": -0.0, ""voltage"": -0.0, ""temperature"": -0.0, ""numerical_failure"": 0.0, ""protective_stop"": 0.0}"
20,charge,1890.0,90.0,"[3.0, 0.0, 3.0]","[2.0, 0.0, 1.5]","[2.0, 0.0, 1.5]",-0.75,False,,False,False,False,True,0.9725413024425507,"{""requested_current_A"": [3.0, 0.0, 3.0], ""applied_current_A"": [2.0, 0.0, 1.5], ""intervention"": true, ""infeasible"": false, ""reason"": ""Reduced requested current by nominal V/T/SOC and backup screening"", ""voltage_margin_V"": 0.03, ""temperature_margin_K"": 1.0, ""soc_max"": 0.95, ""voltage_guard_V"": 4.17, ""temperature_guard_K"": 308.0, ""nominal_state"": [[0.8768221853712556, 4.169282361622383, 303.7724886023141], [0.9016860444604462, 4.0981496570181815, 298.70733458715995], [0.8922088193356196, 4.169329395824011, 301.9375754131063]], ""observation"": [[0.8768221853712556, 4.169282361622383, 303.7724886023141], [0.9016860444604462, 4.0981496570181815, 298.70733458715995], [0.8922088193356196, 4.169329395824011, 301.9375754131063]], ""positive_voltage_bias_V"": [0.0, 0.0, 0.0], ""positive_temperature_bias_K"": [0.0, 0.0, 0.0], ""absolute_soc_bias"": [0.0, 0.0, 0.0], ""cells"": [{""cell_index"": 0, ""candidate_count"": 3, ""feasible"": true, ""rejections"": [{""current_A"": 3.0, ""nominal_next_peaks"": {""voltage_V"": 4.191669938674309, ""temperature_K"": 303.789040050061, ""soc"": 0.8944382584168635}, ""nominal_backup_peaks"": null, ""bias_adjusted_peaks"": {""voltage_V"": 4.191669938674309, ""temperature_K"": 303.789040050061, ""soc"": 0.8944382584168635}, ""reason"": ""next_interval:voltage_V""}, {""current_A"": 2.5, ""nominal_next_peaks"": {""voltage_V"": 4.17498069185144, ""temperature_K"": 303.7724886023141, ""soc"": 0.8915022462426004}, ""nominal_backup_peaks"": null, ""bias_adjusted_peaks"": {""voltage_V"": 4.17498069185144, ""temperature_K"": 303.7724886023141, ""soc"": 0.8915022462426004}, ""reason"": ""next_interval:voltage_V""}], ""current_A"": 2.0, ""nominal_next_peaks"": {""voltage_V"": 4.1585664453912505, ""temperature_K"": 303.7724886023141, ""soc"": 0.8885662340683258}, ""nominal_backup_peaks"": {""voltage_V"": 4.103877858415066, ""temperature_K"": 303.73456447978435, ""soc"": 0.8885662340683258}, ""bias_adjusted_peaks"": {""voltage_V"": 4.1585664453912505, ""temperature_K"": 303.7724886023141, ""soc"": 0.8885662340683258}}, {""cell_index"": 1, ""candidate_count"": 1, ""feasible"": true, ""rejections"": [], ""current_A"": 0.0, ""nominal_next_peaks"": {""voltage_V"": 4.0981496570181815, ""temperature_K"": 298.70733458715995, ""soc"": 0.9016860444604492}, ""nominal_backup_peaks"": {""voltage_V"": 4.098144881150789, ""temperature_K"": 298.6987283597891, ""soc"": 0.9016860444604492}, ""bias_adjusted_peaks"": {""voltage_V"": 4.0981496570181815, ""temperature_K"": 298.70733458715995, ""soc"": 0.9016860444604492}}, {""cell_index"": 2, ""candidate_count"": 4, ""feasible"": true, ""rejections"": [{""current_A"": 3.0, ""nominal_next_peaks"": {""voltage_V"": 4.219039640272474, ""temperature_K"": 301.99100220201507, ""soc"": 0.9117496291402064}, ""nominal_backup_peaks"": null, ""bias_adjusted_peaks"": {""voltage_V"": 4.219039640272474, ""temperature_K"": 301.99100220201507, ""soc"": 0.9117496291402064}, ""reason"": ""next_interval:voltage_V""}, {""current_A"": 2.5, ""nominal_next_peaks"": {""voltage_V"": 4.197897432872622, ""temperature_K"": 301.96722931826844, ""soc"": 0.9084928275061053}, ""nominal_backup_peaks"": null, ""bias_adjusted_peaks"": {""voltage_V"": 4.197897432872622, ""temperature_K"": 301.96722931826844, ""soc"": 0.9084928275061053}, ""reason"": ""next_interval:voltage_V""}, {""current_A"": 2.0, ""nominal_next_peaks"": {""voltage_V"": 4.177221119102016, ""temperature_K"": 301.94690565423474, ""soc"": 0.9052360258720106}, ""nominal_backup_peaks"": null, ""bias_adjusted_peaks"": {""voltage_V"": 4.177221119102016, ""temperature_K"": 301.94690565423474, ""soc"": 0.9052360258720106}, ""reason"": ""next_interval:voltage_V""}], ""current_A"": 1.5, ""nominal_next_peaks"": {""voltage_V"": 4.156875640183817, ""temperature_K"": 301.9375754131063, ""soc"": 0.9019792242379137}, ""nominal_backup_peaks"": {""voltage_V"": 4.10909382346898, ""temperature_K"": 301.9303756537117, ""soc"": 0.9019792242379231}, ""bias_adjusted_peaks"": {""voltage_V"": 4.156875640183817, ""temperature_K"": 301.9375754131063, ""soc"": 0.9019792242379231}}], ""candidate_solve_count"": 11, ""screen_horizon_s"": 90.0, ""zero_current_backup_horizon_s"": 90.0, ""safety_guarantee"": ""finite-horizon sampled screen only"", ""filter_wall_time_s"": 0.9725202061235905}","{""time"": -0.75, ""balance"": -0.0, ""voltage"": -0.0, ""temperature"": -0.0, ""numerical_failure"": 0.0, ""protective_stop"": 0.0}"
21,charge,1980.0,90.0,"[3.0, 0.0, 0.0]","[2.0, 0.0, 0.0]","[2.0, 0.0, 0.0]",-0.75,True,,False,False,False,True,0.6002676598727703,"{""requested_current_A"": [3.0, 0.0, 0.0], ""applied_current_A"": [2.0, 0.0, 0.0], ""intervention"": true, ""infeasible"": false, ""reason"": ""Reduced requested current by nominal V/T/SOC and backup screening"", ""voltage_margin_V"": 0.03, ""temperature_margin_K"": 1.0, ""soc_max"": 0.95, ""voltage_guard_V"": 4.17, ""temperature_guard_K"": 308.0, ""nominal_state"": [[0.8885662340683284, 4.1585664453912505, 303.73456447978435], [0.9016860444604468, 4.098144881150789, 298.6987283597891], [0.9019792242379162, 4.156875640183817, 301.9303756537117]], ""observation"": [[0.8885662340683284, 4.1585664453912505, 303.73456447978435], [0.9016860444604468, 4.098144881150789, 298.6987283597891], [0.9019792242379162, 4.156875640183817, 301.9303756537117]], ""positive_voltage_bias_V"": [0.0, 0.0, 0.0], ""positive_temperature_bias_K"": [0.0, 0.0, 0.0], ""absolute_soc_bias"": [0.0, 0.0, 0.0], ""cells"": [{""cell_index"": 0, ""candidate_count"": 3, ""feasible"": true, ""rejections"": [{""current_A"": 3.0, ""nominal_next_peaks"": {""voltage_V"": 4.199695120800509, ""temperature_K"": 303.75220072877755, ""soc"": 0.9061823071139463}, ""nominal_backup_peaks"": null, ""bias_adjusted_peaks"": {""voltage_V"": 4.199695120800509, ""temperature_K"": 303.75220072877755, ""soc"": 0.9061823071139463}, ""reason"": ""next_interval:voltage_V""}, {""current_A"": 2.5, ""nominal_next_peaks"": {""voltage_V"": 4.181369945823368, ""temperature_K"": 303.73456447978435, ""soc"": 0.9032462949396701}, ""nominal_backup_peaks"": null, ""bias_adjusted_peaks"": {""voltage_V"": 4.181369945823368, ""temperature_K"": 303.73456447978435, ""soc"": 0.9032462949396701}, ""reason"": ""next_interval:voltage_V""}], ""current_A"": 2.0, ""nominal_next_peaks"": {""voltage_V"": 4.16354216797918, ""temperature_K"": 303.73456447978435, ""soc"": 0.9003102827653975}, ""nominal_backup_peaks"": {""voltage_V"": 4.108048343875383, ""temperature_K"": 303.6974322996966, ""soc"": 0.9003102827653983}, ""bias_adjusted_peaks"": {""voltage_V"": 4.16354216797918, ""temperature_K"": 303.73456447978435, ""soc"": 0.9003102827653983}}, {""cell_index"": 1, ""candidate_count"": 1, ""feasible"": true, ""rejections"": [], ""current_A"": 0.0, ""nominal_next_peaks"": {""voltage_V"": 4.098144881150789, ""temperature_K"": 298.6987283597891, ""soc"": 0.9016860444604492}, ""nominal_backup_peaks"": {""voltage_V"": 4.098142480122176, ""temperature_K"": 298.69025544790435, ""soc"": 0.9016860444604492}, ""bias_adjusted_peaks"": {""voltage_V"": 4.098144881150789, ""temperature_K"": 298.6987283597891, ""soc"": 0.9016860444604492}}, {""cell_index"": 2, ""candidate_count"": 1, ""feasible"": true, ""rejections"": [], ""current_A"": 0.0, ""nominal_next_peaks"": {""voltage_V"": 4.10909382346898, ""temperature_K"": 301.9303756537117, ""soc"": 0.9019792242379231}, ""nominal_backup_peaks"": {""voltage_V"": 4.100385803427516, ""temperature_K"": 301.90060613099985, ""soc"": 0.901979224237928}, ""bias_adjusted_peaks"": {""voltage_V"": 4.10909382346898, ""temperature_K"": 301.9303756537117, ""soc"": 0.901979224237928}}], ""candidate_solve_count"": 8, ""screen_horizon_s"": 90.0, ""zero_current_backup_horizon_s"": 90.0, ""safety_guarantee"": ""finite-horizon sampled screen only"", ""filter_wall_time_s"": 0.6002457123249769}","{""time"": -0.75, ""balance"": -0.0, ""voltage"": -0.0, ""temperature"": -0.0, ""numerical_failure"": 0.0, ""protective_stop"": 0.0}"
22,hold,2070.0,90.0,"[0.0, 0.0, 0.0]","[0.0, 0.0, 0.0]","[0.0, 0.0, 0.0]",-0.75,True,,False,False,False,False,0.0,"{""reason"": ""zero-current terminal observation with common interlock""}","{""time"": -0.75, ""balance"": -0.0, ""voltage"": -0.0, ""temperature"": -0.0, ""numerical_failure"": 0.0, ""protective_stop"": 0.0}"
23,hold,2160.0,90.0,"[0.0, 0.0, 0.0]","[0.0, 0.0, 0.0]","[0.0, 0.0, 0.0]",-0.75,True,,False,False,False,False,0.0,"{""reason"": ""zero-current terminal observation with common interlock""}","{""time"": -0.75, ""balance"": -0.0, ""voltage"": -0.0, ""temperature"": -0.0, ""numerical_failure"": 0.0, ""protective_stop"": 0.0}"
24,hold,2250.0,90.0,"[0.0, 0.0, 0.0]","[0.0, 0.0, 0.0]","[0.0, 0.0, 0.0]",-0.75,True,,False,False,False,False,0.0,"{""reason"": ""zero-current terminal observation with common interlock""}","{""time"": -0.75, ""balance"": -0.0, ""voltage"": -0.0, ""temperature"": -0.0, ""numerical_failure"": 0.0, ""protective_stop"": 0.0}"
