time_s,cell,phase,soc,voltage_V,temperature_K,current_A,decision_index
0.0,1,charge,0.6583569496784795,3.898139036428676,298.15,0.0,-1
0.0,2,charge,0.2785667987219722,3.575216020439906,298.15,0.0,-1
0.0,3,charge,0.5376534711901045,3.8123741728681315,298.15,0.0,-1
0.0,1,charge,0.6583569496784795,3.898139036428676,298.15,3.0,0
0.0,1,charge,0.6583569496784775,3.9724233783320466,298.15,3.0,0
0.0,2,charge,0.2785667987219722,3.575216020439906,298.15,7.5,0
0.0,2,charge,0.2785667987219731,3.7335677827140126,298.15,7.5,0
0.0,3,charge,0.5376534711901045,3.8123741728681315,298.15,5.0,0
0.0,3,charge,0.5376534711901026,3.9280248288594093,298.15,5.0,0
0.9999999999999999,1,charge,0.6585526838234295,3.975745365115515,298.1510526125985,3.0,0
0.9999999999999999,2,charge,0.27908519425896233,3.7403185532928944,298.1546647889417,7.5,0
0.9999999999999999,3,charge,0.5380153380383383,3.9329289153287714,298.1519356882024,5.0,0
2.0,1,charge,0.6587484179683805,3.97782319376586,298.15211028471185,3.0,0
2.0,2,charge,0.27960358979595545,3.7445678042096753,298.159350777827,7.5,0
2.0,3,charge,0.5383772048865711,3.936168901218659,298.1538815741627,5.0,0
3.0,1,charge,0.6589441521133328,3.9794817666240125,298.1531726686002,3.0,0
3.0,2,charge,0.2801219853329446,3.7480227939356636,298.1640586114845,7.5,0
3.0,3,charge,0.5387390717348028,3.9387326909324374,298.1558371771758,5.0,0
4.0,1,charge,0.659139886258285,3.980917213611984,298.15423953440256,3.0,0
4.0,2,charge,0.2806403808699357,3.7510586241854633,298.16878821569173,7.5,0
4.0,3,charge,0.5391009385830358,3.94093574644931,298.15780214416463,5.0,0
5.0,1,charge,0.659335620403236,3.982210363990714,298.1553106972812,3.0,0
5.0,2,charge,0.2811587764069269,3.753829103183479,298.17353940479325,7.5,0
5.0,3,charge,0.5394628054312676,3.9429099557355416,298.15977618434175,5.0,0
6.0,1,charge,0.6595313545481881,3.983402442541885,298.1563859981818,3.0,0
6.0,2,charge,0.281677171943918,3.756412586292879,298.17831196524185,7.5,0
6.0,3,charge,0.5398246722795033,3.9447226287271207,298.1617590447657,5.0,0
7.0,1,charge,0.6597270886931369,3.984517761087159,298.1574652949893,3.0,0
7.0,2,charge,0.2821955674809091,3.7588549691637785,298.18310567616885,7.5,0
7.0,3,charge,0.5401865391277361,3.9464129107425965,298.16375049774956,5.0,0
7.999999999999999,1,charge,0.6599228228380893,3.985571700888065,298.1585484577376,3.0,0
7.999999999999999,2,charge,0.28271396301790025,3.76118554905202,298.1879203137584,7.5,0
7.999999999999999,3,charge,0.5405484059759678,3.948005834353159,298.1657503332525,5.0,0
9.0,1,charge,0.6601185569830403,3.9865749960845274,298.1596353654378,3.0,0
9.0,2,charge,0.2832323585548914,3.763424235208387,298.1927556508102,7.5,0
9.0,3,charge,0.5409102728242006,3.9495185272151803,298.1677583538427,5.0,0
10.0,1,charge,0.6603142911279924,3.987535324209141,298.1607259040832,3.0,0
10.0,2,charge,0.2837507540918824,3.765585281686688,298.19761145485006,7.5,0
10.0,3,charge,0.5412721396724325,3.950963269036114,298.16977437121267,5.0,0
11.0,1,charge,0.6605100252729412,3.988458465843233,298.1618199651883,3.0,0
11.0,2,charge,0.2842691496288735,3.7676791583569664,298.2024874858512,7.5,0
11.0,3,charge,0.5416340065206681,3.952349228407383,298.17179820364555,5.0,0
12.0,1,charge,0.6607057594178934,3.9893488966488606,298.16291744474364,3.0,0
12.0,2,charge,0.28478754516586474,3.7697138341418457,298.20738349432287,7.5,0
12.0,3,charge,0.5419958733689008,3.953683401088626,298.17382967424646,5.0,0
13.0,1,charge,0.6609014935628443,3.9902101374791297,298.16401824249783,3.0,0
13.0,2,charge,0.2853059407028558,3.7716954974744974,298.2122992197775,7.5,0
13.0,3,charge,0.5423577402171327,3.9549712784051136,298.1758686096242,5.0,0
14.0,1,charge,0.6610972277077974,3.9910450304618657,298.1651222613903,3.0,0
14.0,2,charge,0.28582433623984693,3.7736289774064202,298.21723438979717,7.5,0
14.0,3,charge,0.5427196070653644,3.956217282701269,298.1779148389136,5.0,0
15.0,1,charge,0.6612929618527464,3.991855921749718,298.1662294071201,3.0,0
15.0,2,charge,0.28634273177683806,3.775518147064066,298.22218871957637,7.5,0
15.0,3,charge,0.5430814739135974,3.9574250434751637,298.1799681931083,5.0,0
16.0,1,charge,0.6614886959976987,3.9926447851243916,298.16733958782385,3.0,0
16.0,2,charge,0.2868611273138287,3.7773661793956945,298.22716191187544,7.5,0
16.0,3,charge,0.5434433407618328,3.9585975591436675,298.1820285046874,5.0,0
17.0,1,charge,0.6616844301426495,3.9934132931952355,298.16845271386865,3.0,0
17.0,2,charge,0.2873795228508198,3.7791756871726694,298.23215365732466,7.5,0
17.0,3,charge,0.5438052076100655,3.959737334308449,298.18409560738496,5.0,0
18.0,1,charge,0.6618801642876018,3.9941628720701754,298.16956869770553,3.0,0
18.0,2,charge,0.2878979183878109,3.7809488510112357,298.2371636350244,7.5,0
18.0,3,charge,0.5441670744582974,3.9608465071564445,298.186169336031,5.0,0
19.0,1,charge,0.6620758984325507,3.9948947516972106,298.17068745375093,3.0,0
19.0,2,charge,0.2884163139248021,3.7826875245027596,298.24219151336786,7.5,0
19.0,3,charge,0.5445289413065293,3.961926935728282,298.18824952648845,5.0,0
20.0,1,charge,0.6622716325775052,3.9956100102211503,298.1718088982888,3.0,0
20.0,2,charge,0.2889347094617932,3.7843933017578246,298.24723695099124,7.5,0
20.0,3,charge,0.5448908081547621,3.9629802452261247,298.19033601569225,5.0,0
21.0,1,charge,0.6624673667224572,3.996309607094803,298.17293294939566,3.0,0
21.0,2,charge,0.28945310499878435,3.786067569368492,298.25229959782723,7.5,0
21.0,3,charge,0.5452526750029977,3.9640078645644135,298.19242864174805,5.0,0
22.0,1,charge,0.6626631008674061,3.996994403281712,298.17405952689296,3.0,0
22.0,2,charge,0.2899715005357755,3.787711550692473,298.2573790962251,7.5,0
22.0,3,charge,0.5456145418512304,3.9650110643600587,298.1945272440487,5.0,0
23.0,1,charge,0.6628588350123583,3.9976651693802845,298.1751885523284,3.0,0
23.0,2,charge,0.2904898960727665,3.7893263391531287,298.26247508208246,7.5,0
23.0,3,charge,0.5459764086994624,3.965990988974098,298.1966316634011,5.0,0
24.0,1,charge,0.6630545691573092,3.9983225995430507,298.1763199489573,3.0,0
24.0,2,charge,0.2910082916097576,3.790912922685533,298.2675871859723,7.5,0
24.0,3,charge,0.5463382755476942,3.9669486775202936,298.1987417421694,5.0,0
25.0,1,charge,0.6632503033022613,3.9989673260289127,298.1774536417221,3.0,0
25.0,2,charge,0.29152668714674873,3.792472203816943,298.2727150342499,7.5,0
25.0,3,charge,0.5467001423959269,3.967885078471455,298.20085732442766,5.0,0
26.0,1,charge,0.6634460374472104,3.99959992843472,298.17858955723676,3.0,0
26.0,2,charge,0.29204508268373985,3.7940050159202245,298.2778582501238,7.5,0
26.0,3,charge,0.5470620092441626,3.9688010630354364,298.2029782561107,5.0,0
27.0,1,charge,0.6636417715921626,4.000220938773102,298.17972762377826,3.0,0
27.0,2,charge,0.29256347822073103,3.795512135468729,298.28301645467,7.5,0
27.0,3,charge,0.5474238760923953,3.9696974376000043,298.20510438515873,5.0,0
28.0,1,charge,0.6638375057371135,4.000830854504885,298.18086777126854,3.0,0
28.0,2,charge,0.29308187375772216,3.7969942917876365,298.28818926779337,7.5,0
28.0,3,charge,0.5477857429406273,3.9705749522251397,298.20723556164603,5.0,0
29.0,1,charge,0.6640332398820666,4.001430131430163,298.1820099312797,3.0,0
29.0,2,charge,0.2936002692947133,3.798452175047821,298.29337630913085,7.5,0
29.0,3,charge,0.5481476097888591,3.971434310853874,298.20937163792564,5.0,0
30.0,1,charge,0.6642289740270154,4.002019204663178,298.1831540370049,3.0,0
30.0,2,charge,0.2941186648317044,3.7998864424745227,298.2985771988908,7.5,0
30.0,3,charge,0.5485094766370919,3.972276174182487,298.2115124687259,5.0,0
31.0,1,charge,0.6644247081719679,4.0025984712811535,298.1843000232728,3.0,0
31.0,2,charge,0.2946370603686955,3.8012977232688034,298.3037915586267,7.5,0
31.0,3,charge,0.5488713434853277,3.9731011651505392,298.2136579112556,5.0,0
31.999999999999996,1,charge,0.6646204423169187,4.003168310949897,298.1854478265143,3.0,0
31.999999999999996,2,charge,0.29515545590568665,3.8026866225187086,298.30901901194494,7.5,0
31.999999999999996,3,charge,0.5492332103335603,3.9739098748071093,298.21580782531413,5.0,0
33.0,1,charge,0.664816176461871,4.00372907427937,298.1865973847683,3.0,0
33.0,2,charge,0.29567385144267716,3.804053724394738,298.31425918515845,7.5,0
33.0,3,charge,0.5495950771817922,3.974702862743288,298.21796207334603,5.0,0
34.0,1,charge,0.6650119106068199,4.004281094783124,298.18774863764855,3.0,0
34.0,2,charge,0.29619224697966823,3.805399594651951,298.3195117078794,7.5,0
34.0,3,charge,0.5499569440300239,3.9754806623333017,298.22012052051724,5.0,0
35.0,1,charge,0.6652076447517719,4.004824686229645,298.1889015263429,3.0,0
35.0,2,charge,0.29671064251666013,3.8067247834954445,298.3247762136688,7.5,0
35.0,3,charge,0.5503188108782567,3.9762437830524657,298.22228303478533,5.0,0
36.0,1,charge,0.6654033788967264,4.005360147173981,298.190055993574,3.0,0
36.0,2,charge,0.29722903805365125,3.8080298255339984,298.3300523403068,7.5,0
36.0,3,charge,0.5506806777264923,3.9769927125324864,298.22444948692623,5.0,0
37.0,1,charge,0.6655991130416753,4.005887762233742,298.1912119836034,3.0,0
37.0,2,charge,0.2977474335906424,3.8093152401717107,298.33533973011373,7.5,0
37.0,3,charge,0.5510425445747251,3.9777279180871963,298.2266197505746,5.0,0
38.0,1,charge,0.6657948471866274,4.006407801026111,298.1923694421886,3.0,0
38.0,2,charge,0.2982658291276335,3.8105815354005075,298.3406380306538,7.5,0
38.0,3,charge,0.5514044114229569,3.9784498488179145,298.2287937022619,5.0,0
39.0,1,charge,0.6659905813315785,4.0069205232361185,298.1935283165795,3.0,0
39.0,2,charge,0.2987842246646247,3.811829206127383,298.34594689476705,7.5,0
39.0,3,charge,0.5517662782711888,3.9791589360278206,298.23097122141655,5.0,0
40.0,1,charge,0.6661863154765305,4.007426173505152,298.19468855548376,3.0,0
40.0,2,charge,0.29930262020161585,3.813058736187584,298.35126598105285,7.5,0
40.0,3,charge,0.5521281451194217,3.9798555947241088,298.2331521903745,5.0,0
41.0,1,charge,0.6663820496214795,4.007924987699365,298.19585010905314,3.0,0
41.0,2,charge,0.299821015738607,3.8142705999255235,298.3565949542184,7.5,0
41.0,3,charge,0.5524900119676572,3.980540224571067,298.23533649436985,5.0,0
42.0,1,charge,0.6665777837664317,4.0084171894003795,298.1970129288489,3.0,0
42.0,2,charge,0.30033941127559804,3.8154652611404813,298.3619334851009,7.5,0
42.0,3,charge,0.55285187881589,3.9812132109772413,298.23752402154804,5.0,0
43.0,1,charge,0.6667735179113828,4.008902993254527,298.1981769678256,3.0,0
43.0,2,charge,0.30085780681258917,3.816643172060556,298.3672812507615,7.5,0
43.0,3,charge,0.5532137456641217,3.9818749261109536,298.23971466297144,5.0,0
44.0,1,charge,0.6669692520563358,4.009382604778274,298.19934218029454,3.0,0
44.0,2,charge,0.30137620234957957,3.8178047755548103,298.3726379347836,7.5,0
44.0,3,charge,0.5535756125123537,3.98252572827594,298.24190831248006,5.0,0
45.0,1,charge,0.6671649862012846,4.009856220763023,298.2005085219011,3.0,0
45.0,2,charge,0.3018945978865707,3.818950504871593,298.37800322732306,7.5,0
45.0,3,charge,0.5539374793605862,3.9831659660838294,298.24410486695484,5.0,0
46.0,1,charge,0.6673607203462366,4.010324030282554,298.20167594959526,3.0,0
46.0,2,charge,0.30241299342356176,3.8200807846969456,298.3833768252292,7.5,0
46.0,3,charge,0.5542993462088219,3.9837959731215906,298.24630422584755,5.0,0
47.0,1,charge,0.6675564544911877,4.010786215821156,298.2028444216188,3.0,0
47.0,2,charge,0.3029313889605529,3.821196027124868,298.38875843196945,7.5,0
47.0,3,charge,0.5546612130570537,3.9844160749376716,298.24850629160767,5.0,0
48.0,1,charge,0.6677521886361398,4.011242950607542,298.2040138974444,3.0,0
48.0,2,charge,0.303449784497544,3.8222966378799184,298.3941477578298,7.5,0
48.0,3,charge,0.5550230799052867,3.985026585351656,298.25071096935824,5.0,0
49.0,1,charge,0.6679479227810888,4.011694402572871,298.2051843377806,3.0,0
49.0,2,charge,0.3039681800345352,3.8233830101675785,298.39954451979133,7.5,0
49.0,3,charge,0.5553849467535183,3.9856278065084623,298.25291816683114,5.0,0
50.0,1,charge,0.6681436569260409,4.0121407350737215,298.20635570454664,3.0,0
50.0,2,charge,0.3044865755715263,3.824455528693737,298.40494844156905,7.5,0
50.0,3,charge,0.55574681360175,3.9862200329307074,298.25512779456346,5.0,0
51.0,1,charge,0.668339391070992,4.012582100623632,298.20752796079034,3.0,0
51.0,2,charge,0.30500497110851743,3.8255145706195126,298.41035925367447,7.5,0
51.0,3,charge,0.556108680449983,3.986803547335003,298.2573397655596,5.0,0
52.0,1,charge,0.6685351252159442,4.013018649584815,298.2087010707265,3.0,0
52.0,2,charge,0.30552336664550844,3.8265605019149005,298.41577669328456,7.5,0
52.0,3,charge,0.5564705472982187,3.987378624858939,298.2595539954835,5.0,0
53.0,1,charge,0.668730859360893,4.0134505272507734,298.20987499968214,3.0,0
53.0,2,charge,0.3060417621824995,3.8275936825610666,298.4212005042741,7.5,0
53.0,3,charge,0.5568324141464513,3.987945531091631,298.26177040246915,5.0,0
54.0,1,charge,0.6689265935058453,4.013877869370315,298.21104971403804,3.0,0
54.0,2,charge,0.30656015771949063,3.8286144626405125,298.4266304371617,7.5,0
54.0,3,charge,0.5571942809946832,3.988504523240072,298.2639889071181,5.0,0
55.0,1,charge,0.6691223276507996,4.014300810445036,298.21222518125086,3.0,0
55.0,2,charge,0.30707855325648176,3.8296231833502046,298.4320662488925,7.5,0
55.0,3,charge,0.557556147842915,3.989055850630748,298.26620943245916,5.0,0
56.0,1,charge,0.6693180617957485,4.014719479113651,298.2134013697947,3.0,0
56.0,2,charge,0.3075969487934728,3.830620178618852,298.4375077030082,7.5,0
56.0,3,charge,0.5579180146911478,3.989599754144474,298.26843190385443,5.0,0
57.0,1,charge,0.6695137959407006,4.015133997947096,298.21457824914467,3.0,0
57.0,2,charge,0.30811534433046395,3.8316057717138916,298.4429545692415,7.5,0
57.0,3,charge,0.5582798815393833,3.990136467919549,298.2706562490065,5.0,0
58.0,1,charge,0.6697095300856519,4.015544486540044,298.21575578973994,3.0,0
58.0,2,charge,0.308633739867455,3.832580279005204,298.4484066237357,7.5,0
58.0,3,charge,0.5586417483876162,3.9906662177129926,298.27288239782996,5.0,0
59.0,1,charge,0.6699052642306039,4.0159510598032995,298.21693396296496,3.0,0
59.0,2,charge,0.3091521354044458,3.8335440074502323,298.45386364868006,7.5,0
59.0,3,charge,0.5590036152358479,3.9911892229110744,298.27511028246056,5.0,0
60.0,1,charge,0.6701009983755528,4.016353828030017,298.218112741138,3.0,0
60.0,2,charge,0.30967053094143693,3.834497256217365,298.45932543241116,7.5,0
60.0,3,charge,0.5593654820840798,3.9917056957969317,298.27733983716774,5.0,0
61.0,1,charge,0.6702967325205049,4.016752898381013,298.2192920974486,3.0,0
61.0,2,charge,0.31018892647842805,3.835440316554083,298.4647917691577,7.5,0
61.0,3,charge,0.5597273489323127,3.992215841488056,298.27957099829064,5.0,0
62.0,1,charge,0.670492466665456,4.0171483739912865,298.22047200596114,3.0,0
62.0,2,charge,0.3107073220154192,3.836373472066783,298.47026245904686,7.5,0
62.0,3,charge,0.5600892157805482,3.9927198593259288,298.2818037042133,5.0,0
63.0,1,charge,0.670688200810408,4.017540353812549,298.22165244159675,3.0,0
63.0,2,charge,0.31122571755241035,3.8372969984110736,298.47573730787843,7.5,0
63.0,3,charge,0.5604510826287811,3.9932179416522393,298.2840378952881,5.0,0
64.0,1,charge,0.6708839349553569,4.017928934286147,298.2228333800721,3.0,0
64.0,2,charge,0.3117441130894014,3.8382111646635453,298.48121612711986,7.5,0
64.0,3,charge,0.5608129494770128,3.9937102753148848,298.28627351378697,5.0,0
65.0,1,charge,0.6710796691003098,4.018314208033196,298.2240147979087,3.0,0
65.0,2,charge,0.31226250862639254,3.839116231454754,298.4866987336683,7.5,0
65.0,3,charge,0.5611748163252447,3.9941970410120713,298.2885105038563,5.0,0
66.0,1,charge,0.671275403245261,4.018696264007669,298.2251966724074,3.0,0
66.0,2,charge,0.31278090416338367,3.8400124534059956,298.49218494983603,7.5,0
66.0,3,charge,0.5615366831734773,3.994678413807212,298.29074881145874,5.0,0
67.0,1,charge,0.6714711373902134,4.019075188921262,298.2263789815962,3.0,0
67.0,2,charge,0.3132992997003748,3.840900077157351,298.4976746031475,7.5,0
67.0,3,charge,0.5618985500217131,3.995154563481707,298.2929883843167,5.0,0
68.0,1,charge,0.6716668715351621,4.0194510659808245,298.2275617042423,3.0,0
68.0,2,charge,0.3138176952373659,3.8417793429605256,298.50316752626316,7.5,0
68.0,3,charge,0.562260416869945,3.9956256541640816,298.29522917188126,5.0,0
69.0,1,charge,0.6718626056801142,4.019823975372098,298.2287448198193,3.0,0
69.0,2,charge,0.31433609077435704,3.8426504840846416,298.5086635568433,7.5,0
69.0,3,charge,0.5626222837181777,3.9960918453326775,298.2974711252526,5.0,0
70.0,1,charge,0.6720583398250654,4.020193994989317,298.22992830846295,3.0,0
70.0,2,charge,0.3148544863113481,3.8435137272913567,298.5141625374266,7.5,0
70.0,3,charge,0.5629841505664094,3.9965532910606036,298.2997141971627,5.0,0
71.0,1,charge,0.6722540739700174,4.020561199695457,298.2311121509895,3.0,0
71.0,2,charge,0.31537288184833917,3.844369292956608,298.5196643153156,7.5,0
71.0,3,charge,0.5633460174146422,3.997010140916541,298.30195834190084,5.0,0
72.0,1,charge,0.6724498081149664,4.0209256618377065,298.23229632885136,3.0,0
72.0,2,charge,0.31589127738533035,3.845217395225853,298.5251687424532,7.5,0
72.0,3,charge,0.563707884262878,3.9974625398027976,298.3042035152791,5.0,0
73.0,1,charge,0.6726455422599209,4.021287451516564,298.23348082410456,3.0,0
73.0,2,charge,0.31640967292232147,3.8460582422518206,298.53067567530354,7.5,0
73.0,3,charge,0.5640697511111098,3.9979106279081567,298.30644967459347,5.0,0
74.0,1,charge,0.6728412764048728,4.021646636169601,298.2346656194319,3.0,0
74.0,2,charge,0.3169280684593126,3.846892036160332,298.536184974736,7.5,0
74.0,3,charge,0.5644316179593426,3.9983545414244346,298.30869677855117,5.0,0
75.0,1,charge,0.6730370105498217,4.022003281113324,298.2358506980841,3.0,0
75.0,2,charge,0.3174464639963037,3.847718973550446,298.5416965059045,7.5,0
75.0,3,charge,0.5647934848075742,3.9987944119857075,298.31094478727164,5.0,0
76.0,1,charge,0.6732327446947738,4.0223574495886325,298.2370360438649,3.0,0
76.0,2,charge,0.3179648595332948,3.848539245095399,298.5472101381392,7.5,0
76.0,3,charge,0.5651553516558071,3.9992303674870313,298.31319366219066,5.0,0
77.0,1,charge,0.673428478839725,4.022709202376987,298.23822164115404,3.0,0
77.0,2,charge,0.3184832550702859,3.8493530363709074,298.5527257448218,7.5,0
77.0,3,charge,0.5655172185040428,3.9996625317499204,298.31544336606026,5.0,0
78.0,1,charge,0.6736242129846772,4.023058598527713,298.2394074748342,3.0,0
78.0,2,charge,0.31900165060727703,3.850160527248371,298.5582432032955,7.5,0
78.0,3,charge,0.5658790853522757,4.000091024807956,298.31769386289386,5.0,0
79.0,1,charge,0.673819947129626,4.0234056951496235,298.2405935302978,3.0,0
79.0,2,charge,0.31952004614426643,3.8509618928229,298.56376239472235,7.5,0
79.0,3,charge,0.5662409522005075,4.000515963181163,298.31994511791095,5.0,0
80.0,1,charge,0.6740156812745781,4.023750547100949,298.2417797934628,3.0,0
80.0,2,charge,0.32003844168125756,3.8517573028840495,298.5692832040126,7.5,0
80.0,3,charge,0.5666028190487393,4.000937459627281,298.32219709753645,5.0,0
81.0,1,charge,0.6742114154195292,4.024093207800327,298.2429662506935,3.0,0
81.0,2,charge,0.32055683721824874,3.8525469223896067,298.57480551970446,7.5,0
81.0,3,charge,0.566964685896972,4.001355623760476,298.32444976931214,5.0,0
82.0,1,charge,0.6744071495644822,4.024433728830807,298.2441528888244,3.0,0
82.0,2,charge,0.32107523275523986,3.853330911530855,298.5803292338733,7.5,0
82.0,3,charge,0.5673265527452077,4.001770561673124,298.32670310191156,5.0,0
83.0,1,charge,0.674602883709431,4.024772159830121,298.2453396951629,3.0,0
83.0,2,charge,0.321593628292231,3.854109425953857,298.5858542420065,7.5,0
83.0,3,charge,0.5676884195934395,4.002182376392611,298.32895706506656,5.0,0
84.0,1,charge,0.6747986178543831,4.025108549103711,298.24652665742036,3.0,0
84.0,2,charge,0.3221120238292221,3.854882616821425,298.5913804429177,7.5,0
84.0,3,charge,0.5680502864416724,4.002591167880016,298.33121162954495,5.0,0
85.0,1,charge,0.6749943519993344,4.025442943299737,298.24771376373616,3.0,0
85.0,2,charge,0.32263041936621323,3.855650630949765,298.5969077386497,7.5,0
85.0,3,charge,0.568412153289904,4.00299703299728,298.3334667671308,5.0,0
86.0,1,charge,0.6751900861442865,4.025775387393651,298.2489010026758,3.0,0
86.0,2,charge,0.32314881490320435,3.85641361093436,298.60243603438084,7.5,0
86.0,3,charge,0.5687740201381358,4.003400065921923,298.33572245055615,5.0,0
87.0,1,charge,0.6753858202892353,4.026105925114081,298.25008836317,3.0,0
87.0,2,charge,0.3236672104401954,3.8571716953818833,298.6079652383009,7.5,0
87.0,3,charge,0.5691358869863686,4.003800357918607,298.3379786535102,5.0,0
88.0,1,charge,0.6755815544341873,4.026434598720275,298.2512758345376,3.0,0
88.0,2,charge,0.32418560597718643,3.857925019034621,298.6134952615213,7.5,0
88.0,3,charge,0.5694977538346044,4.004197997627278,298.3402353505819,5.0,0
89.0,1,charge,0.6757772885791387,4.026761449034913,298.25246340647726,3.0,0
89.0,2,charge,0.3247040015141771,3.858673712096911,298.6190260182164,7.5,0
89.0,3,charge,0.569859620682837,4.004593071067935,298.3424925172456,5.0,0
90.0,1,charge,0.6759730227240907,4.027086515679073,298.25365106902774,3.0,0
90.0,2,charge,0.32522239705116823,3.8594179014914216,298.624557425204,7.5,0
90.0,3,charge,0.5702214875310689,4.004985661774122,298.34475012982335,5.0,0
90.0,1,charge,0.6759730227240907,4.027086515679073,298.25365106902774,3.0,1
90.0,1,charge,0.6759730227240907,4.027086515679073,298.25365106902774,3.0,1
90.0,2,charge,0.3252223970511687,3.8594179014914216,298.624557425204,7.5,1
90.0,2,charge,0.32522239705116823,3.8594179014914216,298.624557425204,7.5,1
90.0,3,charge,0.570221487531069,4.004985661774122,298.34475012982335,5.0,1
90.0,3,charge,0.5702214875310689,4.004985661774122,298.34475012982335,5.0,1
91.0,1,charge,0.6761687568690395,4.027409828855216,298.2548388128275,3.0,1
91.0,2,charge,0.32574079258815936,3.8601576972089875,298.630089402135,7.5,1
91.0,3,charge,0.5705833543793006,4.005375841137352,298.34700816659745,5.0,1
92.0,1,charge,0.6763644910139941,4.027731446897938,298.25602662682115,3.0,1
92.0,2,charge,0.3262591881251505,3.8608932534378004,298.6356218664105,7.5,1
92.0,3,charge,0.5709452212275336,4.0057637185255,298.3492665997266,5.0,1
93.0,1,charge,0.676560225158946,4.028051394358316,298.25721450327757,3.0,1
93.0,2,charge,0.3267775836621415,3.861624671187803,298.64115474428445,7.5,1
93.0,3,charge,0.5713070880757692,4.006149344623546,298.35152541424145,5.0,1
94.0,1,charge,0.676755959303895,4.028369704027476,298.25840243395066,3.0,1
94.0,2,charge,0.3272959791991326,3.862352053655214,298.6466879680553,7.5,1
94.0,3,charge,0.5716689549240019,4.006532800071292,298.35378458756645,5.0,1
95.0,1,charge,0.676951693448847,4.028686406894668,298.25959041110076,3.0,1
95.0,2,charge,0.32781437473612374,3.8630755070745666,298.6522214691064,7.5,1
95.0,3,charge,0.5720308217722339,4.006914152980439,298.35604410109937,5.0,1
96.0,1,charge,0.6771474275937982,4.029001536093137,298.260778426556,3.0,1
96.0,2,charge,0.32833277027311486,3.863795141718141,298.6577551772935,7.5,1
96.0,3,charge,0.5723926886204656,4.0072934731734815,298.3583039358234,5.0,1
97.0,1,charge,0.6773431617387502,4.0293151243749,298.2619664722889,3.0,1
97.0,2,charge,0.32885116581010604,3.86451106120715,298.66328902657136,7.5,1
97.0,3,charge,0.5727545554686985,4.007670830922767,298.3605640726793,5.0,1
98.0,1,charge,0.677538895883699,4.029627203201372,298.2631545406184,3.0,1
98.0,2,charge,0.32936956134709716,3.865223370010538,298.6688229512092,7.5,1
98.0,3,charge,0.5731164223169339,4.008046289318832,298.36282449487607,5.0,1
99.0,1,charge,0.6777346300286511,4.02993780133632,298.26434262454643,3.0,1
99.0,2,charge,0.3298879568840883,3.8659321655604626,298.67435688971716,7.5,1
99.0,3,charge,0.5734782891651667,4.008419917169257,298.36508518393293,5.0,1
100.0,1,charge,0.6779303641736023,4.0302469501882925,298.2655307164668,3.0,1
100.0,2,charge,0.3304063524210794,3.8666375424473642,298.6798907826914,7.5,1
100.0,3,charge,0.5738401560133984,4.008791781076374,298.36734612211166,5.0,1
101.0,1,charge,0.6781260983185545,4.030554675308206,298.2667188102256,3.0,1
101.0,2,charge,0.3309247479580704,3.867339595133336,298.68542457139904,7.5,1
101.0,3,charge,0.5742020228616304,4.009161940142329,298.3696072940371,5.0,1
102.0,1,charge,0.6783218324635033,4.030861007035975,298.2679068985326,3.0,1
102.0,2,charge,0.33144314349506154,3.8680384116316135,298.6909582009591,7.5,1
102.0,3,charge,0.5745638897098633,4.009530453605377,298.37186868436,5.0,1
103.0,1,charge,0.6785175666084554,4.0311659688982555,298.2690949757944,3.0,1
103.0,2,charge,0.33196153903205267,3.8687340787145303,298.6964916176986,7.5,1
103.0,3,charge,0.5749257565580987,4.009897379953864,298.37413027801375,5.0,1
104.0,1,charge,0.6787133007534066,4.03146958922178,298.2702830352649,3.0,1
104.0,2,charge,0.3324799345690438,3.8694266822502295,298.70202476891626,7.5,1
104.0,3,charge,0.5752876234063315,4.010262774734864,298.3763920609043,5.0,1
105.0,1,charge,0.6789090348983595,4.031771890224173,298.27147107173465,3.0,1
105.0,2,charge,0.33299833010603497,3.870116303162651,298.7075576049755,7.5,1
105.0,3,charge,0.5756494902545634,4.0106266927947445,298.37865401921016,5.0,1
106.0,1,charge,0.6791047690433083,4.032072898355187,298.2726590789695,3.0,1
106.0,2,charge,0.3335167256430261,3.8708030213159557,298.7130900772772,7.5,1
106.0,3,charge,0.5760113571027954,4.010989188227837,298.3809161393913,5.0,1
107.0,1,charge,0.6793005031882603,4.03237263469137,298.273847052098,3.0,1
107.0,2,charge,0.3340351211800172,3.8714869152920617,298.7186221383238,7.5,1
107.0,3,charge,0.5763732239510283,4.01135031270842,298.38317840871883,5.0,1
108.0,1,charge,0.6794962373332118,4.032671124003755,298.27503498535015,3.0,1
108.0,2,charge,0.33455351671700834,3.872168059343311,298.7241537433366,7.5,1
108.0,3,charge,0.5767350907992637,4.011710115840899,298.38544081516517,5.0,1
109.0,1,charge,0.6796919714781638,4.032968386433822,298.276222874137,3.0,1
109.0,2,charge,0.33507191225399946,3.8728465259603198,298.7296848488876,7.5,1
109.0,3,charge,0.5770969576474965,4.012068647293278,298.38770334672,5.0,1
110.0,1,charge,0.6798877056231127,4.033264445091474,298.2774107131478,3.0,1
110.0,2,charge,0.3355903077909906,3.8735223868970587,298.7352154122897,7.5,1
110.0,3,charge,0.5774588244957283,4.012425958358894,298.3899659908945,5.0,1
111.0,1,charge,0.6800834397680646,4.033559319254868,298.2785984980544,3.0,1
111.0,2,charge,0.33610870332798176,3.874195713049604,298.74074539167793,7.5,1
111.0,3,charge,0.5778206913439602,4.012782093193075,298.3922287375152,5.0,1
112.0,1,charge,0.6802791739130193,4.033853030526441,298.27978622396597,3.0,1
112.0,2,charge,0.3366270988649729,3.8748665691593196,298.746274748859,7.5,1
112.0,3,charge,0.5781825581921928,4.013137098797971,298.39449157553486,5.0,1
113.0,1,charge,0.6804749080579682,4.034145597343411,298.2809738868067,3.0,1
113.0,2,charge,0.337145494401964,3.875535023956961,298.7518034437488,7.5,1
113.0,3,charge,0.5785444250404284,4.013491023579871,298.3967544934942,5.0,1
114.0,1,charge,0.6806706422029202,4.034437039927855,298.282161482072,3.0,1
114.0,2,charge,0.33766388993895513,3.876201138429672,298.75733144084177,7.5,1
114.0,3,charge,0.5789062918886603,4.013843909390255,298.399017482067,5.0,1
115.0,1,charge,0.6808663763478715,4.034727375286401,298.283349006084,3.0,1
115.0,2,charge,0.33818228547594625,3.8768649753268,298.7628587038659,7.5,1
115.0,3,charge,0.5792681587368931,4.0141957989357095,298.4012805316843,5.0,1
116.0,1,charge,0.6810621104928234,4.035016622035613,298.2845364547789,3.0,1
116.0,2,charge,0.33870068101293727,3.877526594294139,298.7683851985666,7.5,1
116.0,3,charge,0.5796300255851249,4.014546735750143,298.4035436325438,5.0,1
117.0,1,charge,0.6812578446377725,4.035304799041469,298.2857238240486,3.0,1
117.0,2,charge,0.3392190765499284,3.878186052913634,298.7739108920562,7.5,1
117.0,3,charge,0.5799918924333577,4.014896760301946,298.40580677586524,5.0,1
118.0,1,charge,0.6814535787827245,4.035591922863613,298.28691111038177,3.0,1
118.0,2,charge,0.3397374720869195,3.8788434076255887,298.7794357522988,7.5,1
118.0,3,charge,0.5803537592815934,4.015245912172189,298.4080699531812,5.0,1
119.0,1,charge,0.6816493129276758,4.035878009197084,298.2880983105012,3.0,1
119.0,2,charge,0.3402558676239107,3.879498715323953,298.78495974736455,7.5,1
119.0,3,charge,0.5807156261298253,4.015594230333297,298.4103331562446,5.0,1
120.0,1,charge,0.6818450470726277,4.03616307587674,298.2892854206095,3.0,1
120.0,2,charge,0.3407742631609018,3.8801520274683146,298.79048284830304,7.5,1
120.0,3,charge,0.5810774929780581,4.015941753420642,298.4125963769588,5.0,1
121.0,1,charge,0.6820407812175775,4.03644713908507,298.29047243734016,3.0,1
121.0,2,charge,0.34129265869789294,3.88080339431904,298.7960050270367,7.5,1
121.0,3,charge,0.5814393598262897,4.016288519007004,298.41485960759786,5.0,1
122.0,1,charge,0.6822365153625294,4.036730212791962,298.29165935789723,3.0,1
122.0,2,charge,0.34181105423488406,3.881452864675169,298.8015262564731,7.5,1
122.0,3,charge,0.5818012266745225,4.01663456299859,298.4171228409924,5.0,1
123.0,1,charge,0.6824322495074806,4.037012312872603,298.292846179023,3.0,1
123.0,2,charge,0.3423294497718752,3.882100490373454,298.80704650826004,7.5,1
123.0,3,charge,0.5821630935227543,4.016979921791191,298.41938606985474,5.0,1
124.0,1,charge,0.682627983652433,4.0372934539811425,298.2940328977809,3.0,1
124.0,2,charge,0.3428478453088663,3.882746316533293,298.8125657576219,7.5,1
124.0,3,charge,0.58252496037099,4.017324631087954,298.4216492871507,5.0,1
125.0,1,charge,0.6828237177973818,4.037573650269284,298.2952195113725,3.0,1
125.0,2,charge,0.34336624084585743,3.883390389180037,298.8180839795563,7.5,1
125.0,3,charge,0.5828868272192227,4.017668724843306,298.42391248643116,5.0,1
126.0,1,charge,0.6830194519423337,4.037852915506395,298.29640601711196,3.0,1
126.0,2,charge,0.34388463638284816,3.884032753980421,298.8236011494537,7.5,1
126.0,3,charge,0.5832486940674547,4.018012237255583,298.4261756612017,5.0,1
127.0,1,charge,0.683215186087285,4.038131263009658,298.29759241244,3.0,1
127.0,2,charge,0.3444030319198393,3.884673453813229,298.8291172442981,7.5,1
127.0,3,charge,0.5836105609156876,4.018355202016943,298.42843880516017,5.0,1
128.0,1,charge,0.6834109202322374,4.038408706981251,298.298778694583,3.0,1
128.0,2,charge,0.3449214274568304,3.885312530948392,298.8346322415568,7.5,1
128.0,3,charge,0.5839724277639193,4.018697651492422,298.4307019124589,5.0,1
129.0,1,charge,0.6836066543771894,4.038685260942092,298.2999648609527,3.0,1
129.0,2,charge,0.34543982299382153,3.8859500262975732,298.84014611955763,7.5,1
129.0,3,charge,0.5843342946121549,4.019039617932995,298.4329649773146,5.0,1
130.0,1,charge,0.6838023885221406,4.0389609366873085,298.3011509094119,3.0,1
130.0,2,charge,0.3459582185308126,3.886585979299526,298.8456588575426,7.5,1
130.0,3,charge,0.5846961614603876,4.019381133120469,298.4352279941232,5.0,1
131.0,1,charge,0.6839981226670926,4.039235746149506,298.30233683779863,3.0,1
131.0,2,charge,0.34647661406780383,3.887220428594415,298.8511704352735,7.5,1
131.0,3,charge,0.5850580283086195,4.0197222278338325,298.43749095763275,5.0,1
132.0,1,charge,0.6841938568120414,4.0395097007945076,298.30352264408066,3.0,1
132.0,2,charge,0.34699500960479496,3.887853411108648,298.8566808335485,7.5,1
132.0,3,charge,0.5854198951568512,4.020062932619707,298.4397538626925,5.0,1
133.0,1,charge,0.6843895909569934,4.039782811620141,298.30470832635467,3.0,1
133.0,2,charge,0.347513405141786,3.888484962659208,298.86219003384997,7.5,1
133.0,3,charge,0.585781762005084,4.02040327763569,298.4420167043032,5.0,1
134.0,1,charge,0.6845853251019449,4.040055089991853,298.3058938826327,3.0,1
134.0,2,charge,0.34803180067877715,3.889115118658106,298.8676980179548,7.5,1
134.0,3,charge,0.5861436288533195,4.0207432921079,298.44427947779616,5.0,1
135.0,1,charge,0.6847810592468969,4.040326549547018,298.30707931035363,3.0,1
135.0,2,charge,0.34855019621576827,3.8897439123849553,298.87320476886765,7.5,1
135.0,3,charge,0.5865054957015522,4.021083005181394,298.44654217855333,5.0,1
136.0,1,charge,0.6849767933918457,4.040597199559752,298.3082646080825,3.0,1
136.0,2,charge,0.3490685917527594,3.8903713765751045,298.87871026995026,7.5,1
136.0,3,charge,0.5868673625497846,4.021422445840912,298.44880480203403,5.0,1
137.0,1,charge,0.6851725275367986,4.040867050586424,298.3094497740642,3.0,1
137.0,2,charge,0.34958698728975046,3.8909975433272006,298.8842145049664,7.5,1
137.0,3,charge,0.5872292293980164,4.021761641897404,298.4510673441068,5.0,1
138.0,1,charge,0.685368261681749,4.041136113234268,298.3106348065376,3.0,1
138.0,2,charge,0.3501053828267416,3.891622442827395,298.8897174587651,7.5,1
138.0,3,charge,0.5875910962462492,4.022100620868217,298.4533298007612,5.0,1
139.0,1,charge,0.6855639958267019,4.041404398685589,298.3118197035992,3.0,1
139.0,2,charge,0.35062377836373276,3.8922461050458033,298.89521911634967,7.5,1
139.0,3,charge,0.5879529630944847,4.022439409729694,298.4555921681886,5.0,1
140.0,1,charge,0.6857597299716507,4.041671916608873,298.3130044637449,3.0,1
140.0,2,charge,0.3511421739007239,3.89286855878888,298.90071946339214,7.5,1
140.0,3,charge,0.5883148299427174,4.022778035983192,298.4578544424323,5.0,1
141.0,1,charge,0.6859554641166027,4.041938676945257,298.31418908540627,3.0,1
141.0,2,charge,0.35166056943771495,3.893489831498846,298.9062184863372,7.5,1
141.0,3,charge,0.5886766967909492,4.023116526695164,298.4601166197031,5.0,1
142.0,1,charge,0.6861511982615542,4.042204689449669,298.3153735670676,3.0,1
142.0,2,charge,0.3521789649747061,3.894109950521907,298.9117161716844,7.5,1
142.0,3,charge,0.5890385636391811,4.02345490734149,298.46237869675866,5.0,1
143.0,1,charge,0.6863469324065062,4.042469963718313,298.3165579072569,3.0,1
143.0,2,charge,0.3526973605116972,3.8947289415570396,298.91721250686186,7.5,1
143.0,3,charge,0.5894004304874138,4.023793203518684,298.4646406703415,5.0,1
144.0,1,charge,0.686542666551455,4.042734509045179,298.3177421045913,3.0,1
144.0,2,charge,0.3532157560486883,3.895346829570814,298.9227074796995,7.5,1
144.0,3,charge,0.5897622973356491,4.024131440385379,298.46690253736205,5.0,1
145.0,1,charge,0.6867384006964069,4.042998334546903,298.3189261577369,3.0,1
145.0,2,charge,0.35373415158567945,3.895963639140347,298.9282010782235,7.5,1
145.0,3,charge,0.590124164183882,4.024469643994849,298.4691642944601,5.0,1
146.0,1,charge,0.6869341348413618,4.0432614492894405,298.32011006537533,3.0,1
146.0,2,charge,0.3542525471226706,3.896579393341722,298.93369329129763,7.5,1
146.0,3,charge,0.5904860310321138,4.024807839487224,298.4714259386006,5.0,1
147.0,1,charge,0.6871298689863106,4.043523862312945,298.32129382619667,3.0,1
147.0,2,charge,0.35477094265966175,3.8971941148167133,298.9391841079967,7.5,1
147.0,3,charge,0.5908478978803462,4.025146050980988,298.47368746710964,5.0,1
148.0,1,charge,0.6873256031312626,4.043785581980444,298.32247743907794,3.0,1
148.0,2,charge,0.35528933819665287,3.8978078256504447,298.944673517674,7.5,1
148.0,3,charge,0.591209764728579,4.025484302761379,298.47594887728246,5.0,1
149.0,1,charge,0.6875213372762139,4.044046616629338,298.3236609029043,3.0,1
149.0,2,charge,0.355807733733644,3.898420546494645,298.9501615104712,7.5,1
149.0,3,charge,0.5915716315768142,4.025822618838049,298.4782101665292,5.0,1
150.0,1,charge,0.6877170714211661,4.0443069743813,298.32484421662053,3.0,1
150.0,2,charge,0.3563261292706336,3.8990322972775022,298.9556480768979,7.5,1
150.0,3,charge,0.591933498425047,4.026161023454194,298.4804713322039,5.0,1
151.0,1,charge,0.6879128055661149,4.044566663141378,298.32602737923116,3.0,1
151.0,2,charge,0.3568445248076248,3.8996430972117793,298.9611332078227,7.5,1
151.0,3,charge,0.5922953652732789,4.0264995402663875,298.4827323718805,5.0,1
152.0,1,charge,0.6881085397110669,4.044825690597083,298.3272103898009,3.0,1
152.0,2,charge,0.3573629203446159,3.9002529659983702,298.96661689376214,7.5,1
152.0,3,charge,0.5926572321215107,4.026838192658083,298.48499328324766,5.0,1
153.0,1,charge,0.6883042738560191,4.045084066712459,298.3283932467937,3.0,1
153.0,2,charge,0.35788131588160704,3.900861920795908,298.9720991266613,7.5,1
153.0,3,charge,0.5930190989697436,4.027177003935795,298.4872540640426,5.0,1
154.0,1,charge,0.6885000080009711,4.04534179788693,298.32957594961914,3.0,1
154.0,2,charge,0.35839971141859817,3.901469978542391,298.97757989852374,7.5,1
154.0,3,charge,0.593380965817979,4.027515997243,298.48951471208017,5.0,1
155.0,1,charge,0.6886957421459199,4.045598891362456,298.33075849746524,3.0,1
155.0,2,charge,0.3589181069555893,3.9020771553477536,298.9830592017657,7.5,1
155.0,3,charge,0.5937428326662118,4.027855195040432,298.4917752254197,5.0,1
156.0,1,charge,0.688891476290872,4.045855354327177,298.3319408895356,3.0,1
156.0,2,charge,0.3594365024925804,3.902683467968293,298.98853702834174,7.5,1
156.0,3,charge,0.5941046995144441,4.028194620147631,298.4940356020299,5.0,1
157.0,1,charge,0.6890872104358234,4.046111193776689,298.333123125086,3.0,1
157.0,2,charge,0.3599548980295714,3.9032889311601977,298.9940133713092,7.5,1
157.0,3,charge,0.594466566362676,4.028534295154937,298.49629583997773,5.0,1
158.0,1,charge,0.6892829445807754,4.046366416513202,298.3343052034244,3.0,1
158.0,2,charge,0.36047329356656255,3.9038935591474884,298.9994882239561,7.5,1
158.0,3,charge,0.5948284332109087,4.028874242454629,298.498555937418,5.0,1
159.0,1,charge,0.6894786787257242,4.046621030842008,298.33548712346493,3.0,1
159.0,2,charge,0.3609916891035537,3.9044973656241115,299.00496157979813,7.5,1
159.0,3,charge,0.5951903000591441,4.029214484307371,298.50081589257206,5.0,1
160.0,1,charge,0.6896744128706761,4.046875044683432,298.3366688842238,3.0,1
160.0,2,charge,0.36151008464054485,3.9051003638992605,299.0104334324857,7.5,1
160.0,3,charge,0.5955521669073769,4.029555042152791,298.5030757039536,5.0,1
161.0,1,charge,0.6898701470156308,4.047128463443222,298.3378504853789,3.0,1
161.0,2,charge,0.36202848017753597,3.9057025666898335,299.01590377592953,7.5,1
161.0,3,charge,0.5959140337556086,4.0298959380966455,298.50533536987984,5.0,1
162.0,1,charge,0.6900658811605798,4.047381293662699,298.3390319263104,3.0,1
162.0,2,charge,0.3625468757145271,3.9063039858663577,299.0213726044547,7.5,1
162.0,3,charge,0.5962759006038406,4.030237193843254,298.50759488882215,5.0,1
163.0,1,charge,0.6902616153055318,4.047633541730701,298.3402132064385,3.0,1
163.0,2,charge,0.3630652712515182,3.906904632866895,299.0268399125465,7.5,1
163.0,3,charge,0.5966377674520734,4.030578830948476,298.5098542593228,5.0,1
164.0,1,charge,0.6904573494504831,4.0478852138828465,298.3413943252241,3.0,1
164.0,2,charge,0.36358366678850934,3.9075045184968937,299.03230569496714,7.5,1
164.0,3,charge,0.5969996343003088,4.030920870830849,298.5121134799904,5.0,1
165.0,1,charge,0.690653083595435,4.04813631636641,298.3425752821252,3.0,1
165.0,2,charge,0.36410206232550013,3.9081036527340887,299.03776994686353,7.5,1
165.0,3,charge,0.5973615011485415,4.031263334626297,298.51437254955107,5.0,1
166.0,1,charge,0.6908488177403838,4.048386858240459,298.3437560758656,3.0,1
166.0,2,charge,0.36462045786249125,3.90870204543791,299.04323266336735,7.5,1
166.0,3,charge,0.5977233679967734,4.031606243551552,298.51663146672104,5.0,1
167.0,1,charge,0.691044551885336,4.048636843860905,298.34493670639745,3.0,1
167.0,2,charge,0.3651388533994824,3.909299705791092,299.0486938399071,7.5,1
167.0,3,charge,0.5980852348450058,4.031949618631655,298.51889023030145,5.0,1
168.0,1,charge,0.6912402860302874,4.048886279275674,298.34611717323025,3.0,1
168.0,2,charge,0.3656572489364735,3.9098966424704686,299.0541534721108,7.5,1
168.0,3,charge,0.5984471016932387,4.032293480779163,298.5211488391502,5.0,1
169.0,1,charge,0.6914360201752393,4.0491351704145515,298.34729747590444,3.0,1
169.0,2,charge,0.3661756444734646,3.910492863126618,299.0596115561068,7.5,1
169.0,3,charge,0.598808968541474,4.0326378508072604,298.52340729217786,5.0,1
170.0,1,charge,0.6916317543201881,4.0493835230885225,298.34847761399044,3.0,1
170.0,2,charge,0.3666940400104557,3.9110883754613663,299.06506808789777,7.5,1
170.0,3,charge,0.5991708353897067,4.032982749469828,298.5256655883356,5.0,1
171.0,1,charge,0.691827488465141,4.04963134298907,298.34965758708915,3.0,1
171.0,2,charge,0.36721243554744687,3.911683186502442,299.0705230637812,7.5,1
171.0,3,charge,0.5995327022379386,4.0333281973700945,298.5279237266391,5.0,1
172.0,1,charge,0.6920232226100923,4.049878636983372,298.3508373944973,3.0,1
172.0,2,charge,0.367730831084438,3.9122773027718063,299.07597648025074,7.5,1
172.0,3,charge,0.5998945690861704,4.033674215045821,298.53018170614473,5.0,1
173.0,1,charge,0.6922189567550443,4.050125410955772,298.3520170357646,3.0,1
173.0,2,charge,0.3682492266214291,3.912870730221389,299.0814283340356,7.5,1
173.0,3,charge,0.6002564359344031,4.034020822953229,298.53243952595284,5.0,1
174.0,1,charge,0.6924146908999931,4.050371669939807,298.35319651065953,3.0,1
174.0,2,charge,0.3687676221584203,3.913463474352871,299.08687862202765,7.5,1
174.0,3,charge,0.6006183027826386,4.0343680414300325,298.5346971852194,5.0,1
175.0,1,charge,0.6926104250449453,4.050617419449619,298.3543758188255,3.0,1
175.0,2,charge,0.3692860176954114,3.9140555402446093,299.0923273412653,7.5,1
175.0,3,charge,0.6009801696308713,4.034715890644314,298.5369546831724,5.0,1
176.0,1,charge,0.6928061591898966,4.050862664902784,298.3555549599293,3.0,1
176.0,2,charge,0.36980441323240243,3.914646932488073,299.0977744889721,7.5,1
176.0,3,charge,0.6013420364791039,4.035064390871232,298.53921201901824,5.0,1
177.0,1,charge,0.6930018933348486,4.0511074116197,298.35673393366153,3.0,1
177.0,2,charge,0.37032280876939355,3.9152376552336214,299.10322006253045,7.5,1
177.0,3,charge,0.6017039033273367,4.0354135622480705,298.5414691920232,5.0,1
178.0,1,charge,0.6931976274797974,4.0513516648709,298.3579127397243,3.0,1
178.0,2,charge,0.37084120430638473,3.9158277122110023,299.1086640594705,7.5,1
178.0,3,charge,0.6020657701755685,4.035763424850241,298.543726201487,5.0,1
179.0,1,charge,0.6933933616247523,4.05159543030118,298.3590913777228,3.0,1
179.0,2,charge,0.37135959984337585,3.9164171067112563,299.11410647747806,7.5,1
179.0,3,charge,0.602427637023804,4.0361139986957015,298.54598304674045,5.0,1
180.0,1,charge,0.6935890957697042,4.051838713233575,298.3602698473429,3.0,1
180.0,2,charge,0.371877995380367,3.91700584162425,299.11954731437544,7.5,1
180.0,3,charge,0.6027895038720366,4.036465303749335,298.54823972714286,5.0,1
180.0,1,charge,0.6935890957697021,4.051838713233575,298.3602698473429,3.0,2
180.0,1,charge,0.6935890957697042,4.051838713233575,298.3602698473429,3.0,2
180.0,2,charge,0.3718779953803662,3.91700584162425,299.11954731437544,7.5,2
180.0,2,charge,0.371877995380367,3.91700584162425,299.11954731437544,7.5,2
180.0,3,charge,0.6027895038720358,4.036465303749335,298.54823972714286,4.5,2
180.0,3,charge,0.6027895038720366,4.027672341509957,298.54823972714286,4.5,2
181.0,1,charge,0.693784829914653,4.052081486396963,298.3614481293105,3.0,2
181.0,2,charge,0.3723963909173581,3.9175938863333126,299.1249865061123,7.5,2
181.0,3,charge,0.6031151840354443,4.027490122833676,298.5501342395055,4.5,2
182.0,1,charge,0.693980564059605,4.052323811905307,298.36262625606514,3.0,2
182.0,2,charge,0.3729147864543493,3.918181307627958,299.1304241680171,7.5,2
182.0,3,charge,0.6034408641988556,4.027478593826401,298.5520269397849,4.5,2
183.0,1,charge,0.6941762982045565,4.05256567735559,298.36380421718627,3.0,2
183.0,2,charge,0.37343318199134035,3.9187680795304543,299.13586024560635,7.5,2
183.0,3,charge,0.6037665443622658,4.027534392678485,298.5539179419509,4.5,2
184.0,1,charge,0.6943720323495085,4.052807084158157,298.36498200921915,3.0,2
184.0,2,charge,0.3739515775283315,3.9193542021683054,299.14129473667174,7.5,2
184.0,3,charge,0.6040922245256736,4.027627728559745,298.55580733483066,4.5,2
185.0,1,charge,0.6945677664944573,4.05304803707104,298.3661596312813,3.0,2
185.0,2,charge,0.37446997306532054,3.919939673969376,299.14672763889564,7.5,2
185.0,3,charge,0.6044179046890856,4.027746019593886,298.55769519558015,4.5,2
186.0,1,charge,0.6947635006394093,4.053288535718075,298.3673370843967,3.0,2
186.0,2,charge,0.37498836860231377,3.9205244949763216,299.1521589502654,7.5,2
186.0,3,charge,0.6047435848524932,4.0278828482402504,298.5595815934912,4.5,2
187.0,1,charge,0.6949592347843607,4.053528590501752,298.3685143673969,3.0,2
187.0,2,charge,0.3755067641393028,3.921108666079615,299.15758866916485,7.5,2
187.0,3,charge,0.6050692650159037,4.028034321379385,298.56146659193917,4.5,2
188.0,1,charge,0.6951549689293125,4.053768203110792,298.36969148025054,3.0,2
188.0,2,charge,0.3760251596762939,3.921692184224293,299.16301679471053,7.5,2
188.0,3,charge,0.6053949451793149,4.02819793264994,298.56335024942797,4.5,2
189.0,1,charge,0.6953507030742613,4.0540073731907675,298.3708684232149,3.0,2
189.0,2,charge,0.37654355521328503,3.922275050672934,299.16844332551454,7.5,2
189.0,3,charge,0.6057206253427224,4.028371949118996,298.5652326203197,4.5,2
190.0,1,charge,0.695546437219214,4.054246116617728,298.37204519523016,3.0,2
190.0,2,charge,0.37706195075027615,3.9228572638196493,299.17386826067093,7.5,2
190.0,3,charge,0.6060463055061337,4.028555056589185,298.5671137554457,4.5,2
191.0,1,charge,0.6957421713641657,4.054484428087742,298.37322179679376,3.0,2
191.0,2,charge,0.3775803462872673,3.9234388235410016,299.17929159918054,7.5,2
191.0,3,charge,0.6063719856695413,4.028746255646696,298.56899370247294,4.5,2
192.0,1,charge,0.6959379055091176,4.054722312819155,298.3743982277076,3.0,2
192.0,2,charge,0.3780987418242584,3.9240197283740743,299.1847133402872,7.5,2
192.0,3,charge,0.6066976658329526,4.028944759925594,298.5708725062478,4.5,2
193.0,1,charge,0.6961336396540666,4.054959782516395,298.3755744874335,3.0,2
193.0,2,charge,0.3786171373612495,3.9245999771342674,299.19013348320783,7.5,2
193.0,3,charge,0.6070233459963602,4.029149930850838,298.57275020905894,4.5,2
194.0,1,charge,0.6963293737990185,4.055196835515922,298.3767505761366,3.0,2
194.0,2,charge,0.37913553289824065,3.9251795668126457,299.1955520277535,7.5,2
194.0,3,charge,0.6073490261597714,4.029361244438461,298.5746268508405,4.5,2
195.0,1,charge,0.6965251079439702,4.055433474885886,298.37792649373336,3.0,2
195.0,2,charge,0.37965392843523177,3.925758495778048,299.20096897319354,7.5,2
195.0,3,charge,0.6076747063231827,4.029578263085796,298.57650246937266,4.5,2
196.0,1,charge,0.6967208420889218,4.055669704975719,298.37910224011193,3.0,2
196.0,2,charge,0.3801723239722229,3.926336762444074,299.206384318744,7.5,2
196.0,3,charge,0.6080003864865903,4.029800611755568,298.57837710047636,4.5,2
197.0,1,charge,0.6969165762338738,4.0559055349597415,298.38027781505485,3.0,2
197.0,2,charge,0.380690719509214,3.926914362935766,299.2117980644756,7.5,2
197.0,3,charge,0.6083260666500007,4.030027959896785,298.5802507781892,4.5,2
198.0,1,charge,0.6971123103788255,4.05614096573907,298.38145321852653,3.0,2
198.0,2,charge,0.3812091150462052,3.9274912938700877,299.21721021023245,7.5,2
198.0,3,charge,0.6086517468134082,4.030260016149171,298.58212353489046,4.5,2
199.0,1,charge,0.6973080445237774,4.056376001374545,298.38262845042175,3.0,2
199.0,2,charge,0.3817275105831963,3.9280675532691145,299.2226207552811,7.5,2
199.0,3,charge,0.6089774269768203,4.030496530633608,298.58399540136924,4.5,2
200.0,1,charge,0.6975037786687264,4.056610646057983,298.3838035106451,3.0,2
200.0,2,charge,0.38224590612018744,3.9286431371990025,299.22802969964306,7.5,2
200.0,3,charge,0.6093031071402281,4.030737284336126,298.58586640694307,4.5,2
201.0,1,charge,0.6976995128136783,4.056844905422899,298.38497839920717,3.0,2
201.0,2,charge,0.3827643016571785,3.929218040439152,299.2334370438365,7.5,2
201.0,3,charge,0.6096287873036395,4.030982079975163,298.5877365795697,4.5,2
202.0,1,charge,0.6978952469586299,4.057078782989212,298.386153115962,3.0,2
202.0,2,charge,0.3832826971941697,3.929792260385618,299.2388427872735,7.5,2
202.0,3,charge,0.6099544674670496,4.031230745402349,298.589605945917,4.5,2
203.0,1,charge,0.6980909811035817,4.057312283051489,298.38732766082074,3.0,2
203.0,2,charge,0.38380109273116075,3.930365792960027,299.2442469299492,7.5,2
203.0,3,charge,0.6102801476304575,4.031483119016505,298.59147453147347,4.5,2
204.0,1,charge,0.6982867152485315,4.057545409907302,298.38850203369446,3.0,2
204.0,2,charge,0.3843194882681519,3.9309386317867743,299.24964947280483,7.5,2
204.0,3,charge,0.6106058277938695,4.031739060101916,298.59334236060556,4.5,2
205.0,1,charge,0.6984824493934833,4.057778165607246,298.3896762349229,3.0,2
205.0,2,charge,0.38483788380514294,3.9315107735259294,299.2550504154681,7.5,2
205.0,3,charge,0.6109315079572774,4.031998435773757,298.5952094566153,4.5,2
206.0,1,charge,0.6986781835384347,4.058010555565321,298.390850264205,3.0,2
206.0,2,charge,0.3853562793421342,3.9320822137255655,299.2604497580138,7.5,2
206.0,3,charge,0.6112571881206886,4.032261126238617,298.59707584184304,4.5,2
207.0,1,charge,0.6988739176833867,4.058242584009076,298.3920241214665,3.0,2
207.0,2,charge,0.3858746748791253,3.9326529454872188,299.26584750152676,7.5,2
207.0,3,charge,0.611582868284099,4.032527022332491,298.5989415376463,4.5,2
208.0,1,charge,0.6990696518283355,4.058474255139629,298.3931978066381,3.0,2
208.0,2,charge,0.3863930704161164,3.9332229645270873,299.2712436459668,7.5,2
208.0,3,charge,0.6119085484475066,4.03279602194842,298.60080656454096,4.5,2
209.0,1,charge,0.6992653859732875,4.058705573159605,298.394371319651,3.0,2
209.0,2,charge,0.3869114659531075,3.9337922658370292,299.2766381915808,7.5,2
209.0,3,charge,0.6122342286109186,4.033068034450841,298.6026709421541,4.5,2
210.0,1,charge,0.699461120118239,4.058936542272912,298.3955446604361,3.0,2
210.0,2,charge,0.38742986149009856,3.9343608427948196,299.2820311392612,7.5,2
210.0,3,charge,0.6125599087743262,4.033342974273695,298.6045346893508,4.5,2
211.0,1,charge,0.699656854263191,4.059167165495211,298.3967178290947,3.0,2
211.0,2,charge,0.3879482570270897,3.934928689636058,299.28742248953336,7.5,2
211.0,3,charge,0.6128855889377366,4.033620764254094,298.6063978242122,4.5,2
212.0,1,charge,0.6998525884081398,4.059397443567086,298.3978908260534,3.0,2
212.0,2,charge,0.3884666525640808,3.9354958010888343,299.29281224270704,7.5,2
212.0,3,charge,0.6132112691011442,4.033901332288406,298.60826036412027,4.5,2
213.0,1,charge,0.7000483225530917,4.059627383068623,298.39906365090263,3.0,2
213.0,2,charge,0.388985048101072,3.9360621706292465,299.298200399581,7.5,2
213.0,3,charge,0.6135369492645555,4.034184611352685,298.61012232576417,4.5,2
214.0,1,charge,0.7002440566980433,4.0598569879180495,298.4002363036143,3.0,2
214.0,2,charge,0.3895034436380631,3.9366277913914454,299.3035869610788,7.5,2
214.0,3,charge,0.6138626294279669,4.034470539131227,298.6119837251947,4.5,2
215.0,1,charge,0.7004397908429952,4.060086262033149,298.40140878415986,3.0,2
215.0,2,charge,0.39002183917505384,3.9371926578075294,299.3089719276036,7.5,2
215.0,3,charge,0.6141883095913745,4.034759057281796,298.613844577838,4.5,2
216.0,1,charge,0.7006355249879471,4.060315209331016,298.40258109251124,3.0,2
216.0,2,charge,0.39054023471204496,3.937756763357581,299.3143552999224,7.5,2
216.0,3,charge,0.6145139897547853,4.035050111236654,298.6157048985396,4.5,2
217.0,1,charge,0.7008312591328989,4.060543833727838,298.40375322864014,3.0,2
217.0,2,charge,0.39105863024903614,3.938320100354124,299.3197370792414,7.5,2
217.0,3,charge,0.6148396699181929,4.035343650457889,298.6175647015755,4.5,2
218.0,1,charge,0.7010269932778506,4.060772136565042,298.4049251928677,3.0,2
218.0,2,charge,0.39157702578602727,3.9388826629243607,299.3251172660742,7.5,2
218.0,3,charge,0.6151653500816043,4.035639627363765,298.61942400069125,4.5,2
219.0,1,charge,0.7012227274227993,4.061000120522033,298.4060969853328,3.0,2
219.0,2,charge,0.39209542132301833,3.9394444444836,299.33049586120285,7.5,2
219.0,3,charge,0.6154910302450156,4.035937998014832,298.62128280911395,4.5,2
220.0,1,charge,0.7014184615677511,4.061227790982732,298.4072686058066,3.0,2
220.0,2,charge,0.39261381686000946,3.940005436366564,299.3358728661638,7.5,2
220.0,3,charge,0.6158167104084233,4.036238720947592,298.62314113957467,4.5,2
221.0,1,charge,0.7016141957127031,4.061455151572115,298.40844005429926,3.0,2
221.0,2,charge,0.3931322123970006,3.940565632452662,299.3412482815729,7.5,2
221.0,3,charge,0.6161423905718336,4.036541757466934,298.6249990043378,4.5,2
222.0,1,charge,0.7018099298576549,4.061682205912678,298.4096113308206,3.0,2
222.0,2,charge,0.3936506079339917,3.941125025795537,299.3466221083494,7.5,2
222.0,3,charge,0.6164680707352422,4.0368470713279505,298.6268564152434,4.5,2
223.0,1,charge,0.7020056640026037,4.061908957624254,298.4107824353808,3.0,2
223.0,2,charge,0.3941690034709828,3.9416836094572156,299.35199434741423,7.5,2
223.0,3,charge,0.6167937508986536,4.037154628315646,298.6287133836553,4.5,2
224.0,1,charge,0.7022013981475556,4.062135410323847,298.4119533679897,3.0,2
224.0,2,charge,0.39468739900797395,3.942241376512483,299.35736499969096,7.5,2
224.0,3,charge,0.6171194310620611,4.037464396133975,298.6305699205528,4.5,2
225.0,1,charge,0.7023971322925072,4.062361564249766,298.41312412908906,3.0,2
225.0,2,charge,0.3952057945449651,3.9427983180081494,299.3627340668068,7.5,2
225.0,3,charge,0.6174451112254725,4.037776344179513,298.6324260365673,4.5,2
226.0,1,charge,0.7025928664374591,4.062587424038968,298.4142947185571,3.0,2
226.0,2,charge,0.39572419008195614,3.943354427087227,299.36810154967895,7.5,2
226.0,3,charge,0.6177707913888827,4.038090444118261,298.6342817418663,4.5,2
227.0,1,charge,0.7027886005824078,4.062812993673141,298.4154651363555,3.0,2
227.0,2,charge,0.39624258561894726,3.943909696702859,299.3734674493007,7.5,2
227.0,3,charge,0.6180964715522904,4.0384066688108184,298.6361370462907,4.5,2
228.0,1,charge,0.7029843347273605,4.063038276522466,298.4166353825237,3.0,2
228.0,2,charge,0.3967609811559384,3.9444641194852643,299.37883176678866,7.5,2
228.0,3,charge,0.6184221517157026,4.038724992025602,298.6379919593858,4.5,2
229.0,1,charge,0.7031800688723121,4.063263275952993,298.4178054571011,3.0,2
229.0,2,charge,0.3972793766929295,3.9450176880493135,299.38419450327837,7.5,2
229.0,3,charge,0.6187478318791103,4.039045390104787,298.6398464902757,4.5,2
230.0,1,charge,0.703375803017264,4.063487995326415,298.4189753601274,3.0,2
230.0,2,charge,0.39779777222992063,3.9455703942189975,299.3895556601626,7.5,2
230.0,3,charge,0.6190735120425216,4.039367840239559,298.64170064779074,4.5,2
231.0,1,charge,0.7035715371622128,4.063712437730183,298.42014509167336,3.0,2
231.0,2,charge,0.39831616776691176,3.946122230140461,299.3949152387526,7.5,2
231.0,3,charge,0.6193991922059316,4.039692320242822,298.6435544404885,4.5,2
232.0,1,charge,0.7037672713071648,4.06393660350712,298.4213146521313,3.0,2
232.0,2,charge,0.3988345633039029,3.946673188497141,299.40027324021383,7.5,2
232.0,3,charge,0.6197248723693395,4.040018809952832,298.64540787657694,4.5,2
233.0,1,charge,0.7039630054521165,4.064160497841371,298.42248404132494,3.0,2
233.0,2,charge,0.39935295884089406,3.9472232615928693,299.405629665847,7.5,2
233.0,3,charge,0.6200505525327517,4.040347290041919,298.64726096399227,4.5,2
234.0,1,charge,0.7041587395970683,4.064384123889372,298.4236532593152,3.0,2
234.0,2,charge,0.3998713543778852,3.9477724417074516,299.4109845169811,7.5,2
234.0,3,charge,0.6203762326961592,4.0406777418864745,298.6491137104145,4.5,2
235.0,1,charge,0.7043544737420171,4.064607484802135,298.4248223061633,3.0,2
235.0,2,charge,0.4003897499148763,3.948320721101312,299.4163377949453,7.5,2
235.0,3,charge,0.6207019128595694,4.041010147999438,298.650966123234,4.5,2
236.0,1,charge,0.7045502078869689,4.064830583725083,298.42599118193016,3.0,2
236.0,2,charge,0.4009081454518674,3.9488680920193713,299.4216895010738,7.5,2
236.0,3,charge,0.6210275930229772,4.0413444916780845,298.6528182095963,4.5,2
237.0,1,charge,0.7047459420319206,4.065053423797938,298.42715988667675,3.0,2
237.0,2,charge,0.40142654098885855,3.949414546693178,299.4270396367941,7.5,2
237.0,3,charge,0.6213532731863883,4.04168075691519,298.6546699764146,4.5,2
238.0,1,charge,0.7049416761768723,4.065276007223508,298.4283284205623,3.0,2
238.0,2,charge,0.4019449365258496,3.949960077346864,299.4323882035304,7.5,2
238.0,3,charge,0.6216789533497996,4.042018928599036,298.656521430321,4.5,2
239.0,1,charge,0.7051374103218211,4.065498335728712,298.4294967837951,3.0,2
239.0,2,charge,0.40246333206284074,3.9505046762003744,299.4377352027332,7.5,2
239.0,3,charge,0.6220046335132076,4.042358992094989,298.65837257775047,4.5,2
240.0,1,charge,0.7053331444667761,4.065720413526506,298.43066497632117,3.0,2
240.0,2,charge,0.4029817275998319,3.9510483356416275,299.4430806358022,7.5,2
240.0,3,charge,0.6223303136766173,4.042700933195076,298.6602234249448,4.5,2
241.0,1,charge,0.7055288786117279,4.065942243577602,298.4318329982174,3.0,2
241.0,2,charge,0.40350012313682304,3.9515910488424635,299.4484245038053,7.5,2
241.0,3,charge,0.622655993840026,4.043044738133025,298.6620739779423,4.5,2
242.0,1,charge,0.7057246127566766,4.066163828836089,298.43300084956104,3.0,2
242.0,2,charge,0.4040185186738142,3.9521328075668443,299.45376680848574,7.5,2
242.0,3,charge,0.6229816740034374,4.043390393675526,298.66392424257384,4.5,2
243.0,1,charge,0.7059203469016284,4.066385172249289,298.4341685304291,3.0,2
243.0,2,charge,0.4045369142108053,3.952673604164003,299.4591075513494,7.5,2
243.0,3,charge,0.623307354166845,4.043737888684611,298.6657742242803,4.5,2
244.0,1,charge,0.7061160810465802,4.066606276757664,298.4353360408987,3.0,2
244.0,2,charge,0.4050553097477964,3.9532134309992206,299.46444673392773,7.5,2
244.0,3,charge,0.6236330343302563,4.044087209973131,298.667623928604,4.5,2
245.0,1,charge,0.7063118151915322,4.066827143804947,298.4365033811877,3.0,2
245.0,2,charge,0.40557370528478753,3.953752280457348,299.469784357778,7.5,2
245.0,3,charge,0.6239587144936665,4.044438345384639,298.66947336082626,4.5,2
246.0,1,charge,0.706507549336481,4.067047776189275,298.43767055138505,3.0,2
246.0,2,charge,0.4060921008217787,3.954290144946345,299.47512042448267,7.5,2
246.0,3,charge,0.6242843946570742,4.0447912828865125,298.67132252607746,4.5,2
247.0,1,charge,0.7067032834814329,4.067268177337127,298.43883755151984,3.0,2
247.0,2,charge,0.40661049635876984,3.954827016900685,299.48045493564996,7.5,2
247.0,3,charge,0.6246100748204864,4.045146012023326,298.67317142917693,4.5,2
248.0,1,charge,0.7068990176263845,4.067488350026368,298.4400043816816,3.0,2
248.0,2,charge,0.40712889189576096,3.955362888784797,299.4857878929136,7.5,2
248.0,3,charge,0.6249357549838941,4.045502522822079,298.6750200747582,4.5,2
249.0,1,charge,0.7070947517713363,4.067708297027245,298.4411710419598,3.0,2
249.0,2,charge,0.4076472874327521,3.955897755654342,299.49111929678,7.5,2
249.0,3,charge,0.6252614351473043,4.0458608034875985,298.67686846752844,4.5,2
250.0,1,charge,0.7072904859162851,4.0679280211022615,298.4423375324443,3.0,2
250.0,2,charge,0.4081656829697432,3.9564316086576774,299.49644914955815,7.5,2
250.0,3,charge,0.6255871153107153,4.046220843205616,298.6787166119578,4.5,2
251.0,1,charge,0.7074862200612377,4.068147525006122,298.4435038532245,3.0,2
251.0,2,charge,0.4086840785067343,3.9569644405554323,299.5017774528736,7.5,2
251.0,3,charge,0.6259127954741233,4.046582631193787,298.6805645123882,4.5,2
252.0,1,charge,0.7076819542061893,4.068366809493488,298.44467000455904,3.0,2
252.0,2,charge,0.40920247404372545,3.957496244189834,299.50710420836026,7.5,2
252.0,3,charge,0.6262384756375344,4.0469461588932365,298.6824121727682,4.5,2
253.0,1,charge,0.7078776883511413,4.068585878273716,298.445835986455,3.0,2
253.0,2,charge,0.40972086958071663,3.958027012462998,299.5124294176709,7.5,2
253.0,3,charge,0.626564155800943,4.047311415595905,298.6842595971886,4.5,2
254.0,1,charge,0.7080734224960901,4.068804734082391,298.4470017990014,3.0,2
254.0,2,charge,0.41023926511770775,3.958556738339861,299.51775308247755,7.5,2
254.0,3,charge,0.6268898359643529,4.04767839110007,298.6861067895598,4.5,2
255.0,1,charge,0.7082691566410418,4.069023379523266,298.4481674422977,3.0,2
255.0,2,charge,0.4107576606546975,3.959085414851103,299.52307520447135,7.5,2
255.0,3,charge,0.6272155161277608,4.0480470753911675,298.6879537536531,4.5,2
256.0,1,charge,0.7084648907859936,4.069241817191669,298.4493329164435,3.0,2
256.0,2,charge,0.41127605619169,3.9596130350959573,299.5283957853624,7.5,2
256.0,3,charge,0.6275411962911722,4.048417458618728,298.6898004930953,4.5,2
257.0,1,charge,0.7086606249309456,4.069460049674385,298.4504982215382,3.0,2
257.0,2,charge,0.4117944517286811,3.960139594203267,299.5337148259899,7.5,2
257.0,3,charge,0.6278668764545834,4.048789531375408,298.6916470113175,4.5,2
258.0,1,charge,0.7088563590758944,4.069678079209071,298.45166335770745,3.0,2
258.0,2,charge,0.4123128472656709,3.9606650849315117,299.53903232832215,7.5,2
258.0,3,charge,0.6281925566179914,4.049163283514567,298.6934933117712,4.5,2
259.0,1,charge,0.7090520932208462,4.069895906943273,298.45282832515926,3.0,2
259.0,2,charge,0.4128312428026633,3.9611895004075537,299.5443482942146,7.5,2
259.0,3,charge,0.6285182367814011,4.049538705114555,298.6953393977522,4.5,2
260.0,1,charge,0.7092478273657981,4.070113536368208,298.45399312392175,3.0,2
260.0,2,charge,0.41334963833965316,3.961712834249001,299.54966272535415,7.5,2
260.0,3,charge,0.6288439169448098,4.049915786176873,298.69718527245516,4.5,2
261.0,1,charge,0.7094435615107496,4.070330969929849,298.4551577541027,3.0,2
261.0,2,charge,0.4138680338766443,3.9622350801696165,299.5549756234402,7.5,2
261.0,3,charge,0.6291695971082212,4.050294516681656,298.6990309389374,4.5,2
262.0,1,charge,0.7096392956557015,4.070548210065127,298.4563222158094,3.0,2
262.0,2,charge,0.4143864294136354,3.9627562319816594,299.56028699018435,7.5,2
262.0,3,charge,0.6294952772716288,4.050674886450042,298.7008764001784,4.5,2
263.0,1,charge,0.7098350298006534,4.0707652592018455,298.4574865091494,3.0,2
263.0,2,charge,0.4149048249506266,3.9632762835981343,299.56559682731046,7.5,2
263.0,3,charge,0.6298209574350403,4.051056885106577,298.70272165908995,4.5,2
264.0,1,charge,0.7100307639456052,4.070982119758657,298.4586506342303,3.0,2
264.0,2,charge,0.4154232204876177,3.963795229034949,299.5709051365547,7.5,2
264.0,3,charge,0.63014663759845,4.051440502124792,298.70456671848405,4.5,2
265.0,1,charge,0.7102264980905539,4.071198793569675,298.4598145911989,3.0,2
265.0,2,charge,0.41594161602460883,3.9643130629863643,299.576211919409,7.5,2
265.0,3,charge,0.630472317761858,4.0518257267874445,298.70641158108936,4.5,2
266.0,1,charge,0.7104222322355057,4.071415282536005,298.4609783801969,3.0,2
266.0,2,charge,0.41646001156159995,3.9648297799603687,299.5815171775081,7.5,2
266.0,3,charge,0.63079799792527,4.052212548631675,298.7082562494729,4.5,2
267.0,1,charge,0.7106179663804577,4.071631589411087,298.4621420013068,3.0,2
267.0,2,charge,0.4169784070985911,3.9653453741899893,299.58682091267104,7.5,2
267.0,3,charge,0.631123678088678,4.052600956391447,298.71010072622516,4.5,2
268.0,1,charge,0.7108137005254095,4.071847716468572,298.46330545464343,3.0,2
268.0,2,charge,0.4174968026355822,3.965859840306801,299.59212312660037,7.5,2
268.0,3,charge,0.6314493582520878,4.052990938756375,298.7119450138275,4.5,2
269.0,1,charge,0.7110094346703583,4.07206366597249,298.46446874032154,3.0,2
269.0,2,charge,0.4180151981725734,3.9663731730727827,299.5974238210025,7.5,2
269.0,3,charge,0.6317750384154991,4.05338248414705,298.7137891146914,4.5,2
270.0,1,charge,0.7112051688153102,4.072279440177233,298.465631858456,3.0,2
270.0,2,charge,0.4185335937095645,3.9668853673818827,299.6027229975881,7.5,2
270.0,3,charge,0.6321007185789068,4.053775580733198,298.7156330311571,4.5,2
270.0,1,charge,0.7112051688153103,4.072279440177233,298.465631858456,3.0,3
270.0,1,charge,0.7112051688153102,4.072279440177233,298.465631858456,3.0,3
270.0,2,charge,0.4185335937095657,3.9668853673818827,299.6027229975881,7.5,3
270.0,2,charge,0.4185335937095645,3.9668853673818827,299.6027229975881,7.5,3
270.0,3,charge,0.6321007185789074,4.053775580733198,298.7156330311571,4.5,3
270.0,3,charge,0.6321007185789068,4.053775580733198,298.7156330311571,4.5,3
271.0,1,charge,0.7114009029602619,4.072495001077954,298.4667947559021,3.0,3
271.0,2,charge,0.4190519892465556,3.967396347412422,299.6080203333961,7.5,3
271.0,3,charge,0.6324263987423182,4.054170219913894,298.71747675822684,4.5,3
272.0,1,charge,0.7115966371052145,4.072710408640962,298.467957509398,3.0,3
272.0,2,charge,0.41957038478354675,3.967906225116361,299.61331635924904,7.5,3
272.0,3,charge,0.6327520789057268,4.054566382744601,298.71932031208877,4.5,3
273.0,1,charge,0.7117923712501633,4.072925656687319,298.4691201079624,3.0,3
273.0,2,charge,0.42008878032053787,3.968414967605975,299.61861095142956,7.5,3
273.0,3,charge,0.6330777590691365,4.054964058751606,298.7211636889401,4.5,3
274.0,1,charge,0.7119881053951151,4.07314074636699,298.4702825511394,3.0,3
274.0,2,charge,0.420607175857529,3.9689225581614735,299.62390405435343,7.5,3
274.0,3,charge,0.6334034392325446,4.0553632362151815,298.7230068904718,4.5,3
275.0,1,charge,0.712183839540067,4.07335567325827,298.4714448304758,3.0,3
275.0,2,charge,0.42112557139452017,3.969428988739328,299.629195655603,7.5,3
275.0,3,charge,0.6337291193959559,4.055763902960219,298.7248499181679,4.5,3
276.0,1,charge,0.7123795736850188,4.073570438059358,298.4726069424036,3.0,3
276.0,2,charge,0.4216439669315113,3.969934258096027,299.6344857521797,7.5,3
276.0,3,charge,0.6340547995593672,4.056166045702727,298.72669277385626,4.5,3
277.0,1,charge,0.7125753078299676,4.073785042726945,298.473768889647,3.0,3
277.0,2,charge,0.4221623624685024,3.970438358664037,299.63977434609035,7.5,3
277.0,3,charge,0.6343804797227752,4.056569649631615,298.7285354598417,4.5,3
278.0,1,charge,0.7127710419749194,4.073999491226676,298.474930670576,3.0,3
278.0,2,charge,0.42268075800549354,3.970941282798578,299.64506144018634,7.5,3
278.0,3,charge,0.6347061598861856,4.056974703163025,298.7303779769446,4.5,3
279.0,1,charge,0.7129667761198744,4.074213784918253,298.47609228498555,3.0,3
279.0,2,charge,0.42319915354248466,3.9714430316144886,299.65034703533667,7.5,3
279.0,3,charge,0.6350318400495936,4.057381190256173,298.73222032760714,4.5,3
280.0,1,charge,0.7131625102648231,4.074427923273284,298.4772537336977,3.0,3
280.0,2,charge,0.42371754907947573,3.9719436011134004,299.6556311318121,7.5,3
280.0,3,charge,0.635357520213005,4.057789097028017,298.734062513172,4.5,3
281.0,1,charge,0.7133582444097748,4.07464190724923,298.4784150167125,3.0,3
281.0,2,charge,0.42423594461646685,3.9724429816208,299.6609137292167,7.5,3
281.0,3,charge,0.6356832003764127,4.058198407833417,298.7359045355724,4.5,3
282.0,1,charge,0.7135539785547266,4.074855737841233,298.47957613403065,3.0,3
282.0,2,charge,0.4247543401534579,3.97294117335901,299.6661948308066,7.5,3
282.0,3,charge,0.6360088805398241,4.058609107099798,298.73774639644654,4.5,3
283.0,1,charge,0.7137497126996784,4.075069425910359,298.48073708579676,3.0,3
283.0,2,charge,0.42527273569044916,3.973438177315111,299.6714744401539,7.5,3
283.0,3,charge,0.6363345607032337,4.059021179074958,298.73958809738537,4.5,3
284.0,1,charge,0.7139454468446275,4.075282965978541,298.48189787191745,3.0,3
284.0,2,charge,0.4257911312274402,3.973933982411655,299.6767525544081,7.5,3
284.0,3,charge,0.6366602408666416,4.059434607377012,298.7414296399882,4.5,3
285.0,1,charge,0.7141411809895791,4.075496358958432,298.48305849239284,3.0,3
285.0,2,charge,0.42630952676443135,3.97442858732831,299.6820291763448,7.5,3
285.0,3,charge,0.6369859210300538,4.059849376108699,298.74327102554724,4.5,3
286.0,1,charge,0.714336915134531,4.075709605749854,298.4842189472228,3.0,3
286.0,2,charge,0.42682792230142247,3.9749219992219924,299.6873043143455,7.5,3
286.0,3,charge,0.6373116011934616,4.060265467519127,298.7451122557767,4.5,3
287.0,1,charge,0.7145326492794828,4.075922711234972,298.48537923681675,3.0,3
287.0,2,charge,0.4273463178384136,3.9754142070904024,299.69257796442946,7.5,3
287.0,3,charge,0.6376372813568715,4.060682864091072,298.74695333215607,4.5,3
288.0,1,charge,0.7147283834244323,4.076135681197151,298.48653936167676,3.0,3
288.0,2,charge,0.4278647133754047,3.9759052070784877,299.6978501273004,7.5,3
288.0,3,charge,0.6379629615202829,4.061101549345209,298.7487942556803,4.5,3
289.0,1,charge,0.7149241175693841,4.076348511640138,298.48769932130404,3.0,3
289.0,2,charge,0.42838310891239584,3.9763949955210567,299.7031208036623,7.5,3
289.0,3,charge,0.6382886416836906,4.061521504100507,298.7506350280324,4.5,3
290.0,1,charge,0.7151198517143359,4.076561203419718,298.4888591156985,3.0,3
290.0,2,charge,0.428901504449387,3.9768835689428785,299.70838999421863,7.5,3
290.0,3,charge,0.638614321847102,4.06194270961735,298.75247565060005,4.5,3
291.0,1,charge,0.7153155858592878,4.076773757378842,298.4900187448602,3.0,3
291.0,2,charge,0.42941989998637814,3.9773709315653853,299.7136577056923,7.5,3
291.0,3,charge,0.6389400020105099,4.062365148427638,298.7543161242248,4.5,3
292.0,1,charge,0.7155113200042366,4.076986183034959,298.49117820997344,3.0,3
292.0,2,charge,0.42993829552336926,3.977857081627584,299.71892393988503,7.5,3
292.0,3,charge,0.6392656821739202,4.062788800289022,298.7561564504516,4.5,3
293.0,1,charge,0.7157070541491884,4.077198479328505,298.49233751078026,3.0,3
293.0,2,charge,0.4304566910603604,3.9783420140278865,299.72418869576654,7.5,3
293.0,3,charge,0.6395913623373284,4.063213645271775,298.75799663057774,4.5,3
294.0,1,charge,0.7159027882941402,4.077410645631899,298.4934966470841,3.0,3
294.0,2,charge,0.4309750865973515,3.9788257269367318,299.7294519747793,7.5,3
294.0,3,charge,0.6399170425007396,4.06363966468149,298.7598366653752,4.5,3
295.0,1,charge,0.716098522439092,4.077622683159074,298.49465561894107,3.0,3
295.0,2,charge,0.43149348213434263,3.9793082187078004,299.7347137783658,7.5,3
295.0,3,charge,0.6402427226641509,4.064066837284026,298.7616765562455,4.5,3
296.0,1,charge,0.7162942565840408,4.077834593112144,298.4958144264074,3.0,3
296.0,2,charge,0.4320118776713338,3.9797894879304754,299.73997410802707,7.5,3
296.0,3,charge,0.640568402827559,4.064495142032189,298.7635163043885,4.5,3
297.0,1,charge,0.7164899907289926,4.078046376681446,298.4969730695392,3.0,3
297.0,2,charge,0.43253027320832493,3.9802695371991117,299.7452329695104,7.5,3
297.0,3,charge,0.6408940829909685,4.064924558848266,298.76535591056665,4.5,3
298.0,1,charge,0.7166857248739475,4.078258035045518,298.4981315483925,3.0,3
298.0,2,charge,0.43304866874531567,3.98074836340636,299.7504903620461,7.5,3
298.0,3,charge,0.6412197631543773,4.06535506563532,298.76719537601804,4.5,3
299.0,1,charge,0.7168814590188963,4.078469570140701,298.4992898631547,3.0,3
299.0,2,charge,0.4335670642823068,3.981225965914123,299.7557462874001,7.5,3
299.0,3,charge,0.6415454433177887,4.065786640238661,298.76903470186085,4.5,3
300.0,1,charge,0.7170771931638481,4.078680989281674,298.50044801492953,3.0,3
300.0,2,charge,0.4340854598192979,3.9817023442625095,299.7610007473381,7.5,3
300.0,3,charge,0.6418711234811966,4.06621926119171,298.7708738888673,4.5,3
301.0,1,charge,0.7172729273088,4.078892289444351,298.50160600306253,3.0,3
301.0,2,charge,0.4346038553562891,3.982177498169041,299.7662537436259,7.5,3
301.0,3,charge,0.6421968036446078,4.066652905600595,298.77271293811356,4.5,3
302.0,1,charge,0.7174686614537519,4.079103472078575,298.50276382766316,3.0,3
302.0,2,charge,0.4351222508932802,3.982651427314136,299.77150527835903,7.5,3
302.0,3,charge,0.6425224838080176,4.067087550214367,298.77455185065463,4.5,3
303.0,1,charge,0.7176643955987007,4.079314538623201,298.50392148884083,3.0,3
303.0,2,charge,0.43564064643027134,3.983124131430678,299.7767553538248,7.5,3
303.0,3,charge,0.6428481639714255,4.0675231724093175,298.776390627225,4.5,3
304.0,1,charge,0.7178601297436525,4.079525490506111,298.50507898670486,3.0,3
304.0,2,charge,0.43615904196726246,3.9835956109800006,299.7820039714562,7.5,3
304.0,3,charge,0.6431738441348377,4.067959748536633,298.7782292687502,4.5,3
305.0,1,charge,0.7180558638886043,4.079736329144218,298.5062363213648,3.0,3
305.0,2,charge,0.4366774375042536,3.9840658663334634,299.787251133093,7.5,3
305.0,3,charge,0.6434995242982455,4.068397254379756,298.7800677762082,4.5,3
306.0,1,charge,0.7182515980335569,4.079947055943501,298.50739349293,3.0,3
306.0,2,charge,0.43719583304124465,3.9845348980351663,299.7924968405748,7.5,3
306.0,3,charge,0.6438252044616553,4.068835665520299,298.7819061505213,4.5,3
307.0,1,charge,0.7184473321785056,4.080157673104916,298.5085505017389,3.0,3
307.0,2,charge,0.4377142285782359,3.985002706800782,299.79774109574146,7.5,3
307.0,3,charge,0.6441508846250665,4.069274957279636,298.78374439257664,4.5,3
308.0,1,charge,0.7186430663234573,4.080368182657946,298.50970734808374,3.0,3
308.0,2,charge,0.43823262411522695,3.9854692921561234,299.8029839003284,7.5,3
308.0,3,charge,0.6444765647884744,4.069715105659742,298.78558250293906,4.5,3
309.0,1,charge,0.7188388004684094,4.080578585278229,298.5108640318753,3.0,3
309.0,2,charge,0.4387510196522181,3.9859346552569415,299.80822525618294,7.5,3
309.0,3,charge,0.6448022449518858,4.07015608494096,298.78742048259835,4.5,3
310.0,1,charge,0.7190345346133612,4.080788882411799,298.5120205532464,3.0,3
310.0,2,charge,0.4392694151892092,3.9863987975459185,299.8134651651609,7.5,3
310.0,3,charge,0.6451279251152946,4.070597869628166,298.7892583323708,4.5,3
311.0,1,charge,0.7192302687583099,4.08099907549402,298.5131769123297,3.0,3
311.0,2,charge,0.4397878107262003,3.986861720276085,299.81870362909103,7.5,3
311.0,3,charge,0.645453605278704,4.0710404339473,298.79109605305905,4.5,3
312.0,1,charge,0.7194260029032616,4.081209165949584,298.51433310925813,3.0,3
312.0,2,charge,0.4403062062631914,3.9873234248666716,299.82394064980224,7.5,3
312.0,3,charge,0.6457792854421122,4.071483752048029,298.79293364539205,4.5,3
313.0,1,charge,0.7196217370482136,4.08141915519256,298.5154891441644,3.0,3
313.0,2,charge,0.4408246018001825,3.9877839127365107,299.82917622909827,7.5,3
313.0,3,charge,0.6461049656055236,4.07192779793116,298.7947711100529,4.5,3
314.0,1,charge,0.7198174711931654,4.081629044626391,298.5166450171814,3.0,3
314.0,2,charge,0.44134299733717364,3.9882431840312957,299.8344103685642,7.5,3
314.0,3,charge,0.6464306457689347,4.072372545023519,298.79660844781705,4.5,3
315.0,1,charge,0.7200132053381172,4.08183883501777,298.5178007285517,3.0,3
315.0,2,charge,0.4418613928741648,3.9887012415208365,299.83964307015856,7.5,3
315.0,3,charge,0.6467563259323429,4.072817966698316,298.79844565939254,4.5,3
316.0,1,charge,0.7202089394830692,4.0820485279470375,298.51895627837325,3.0,3
316.0,2,charge,0.44237978841115594,3.9891580871442907,299.8448743356895,7.5,3
316.0,3,charge,0.6470820060957531,4.073264036134333,298.8002827454696,4.5,3
317.0,1,charge,0.7204046736280209,4.082258124884623,298.52011166676147,3.0,3
317.0,2,charge,0.44289818394814706,3.989613723000556,299.8501041669653,7.5,3
317.0,3,charge,0.6474076862591611,4.073710726197122,298.8021197067581,4.5,3
318.0,1,charge,0.7206004077729695,4.08246762715649,298.52126689385517,3.0,3
318.0,2,charge,0.4434165794851382,3.990068151346718,299.85533256579413,7.5,3
318.0,3,charge,0.6477333664225725,4.074158009701427,298.8039565439177,4.5,3
319.0,1,charge,0.7207961419179213,4.082677036078016,298.52242195979323,3.0,3
319.0,2,charge,0.4439349750221293,3.990521373826639,299.86055953390417,7.5,3
319.0,3,charge,0.6480590465859839,4.07460585931723,298.8057932575889,4.5,3
320.0,1,charge,0.7209918760628732,4.08288635295402,298.5235768647145,3.0,3
320.0,2,charge,0.44445337055912043,3.990973392310006,299.8657850730305,7.5,3
320.0,3,charge,0.6483847267493918,4.075054247552019,298.8076298484024,4.5,3
321.0,1,charge,0.7211876102078251,4.083095579078783,298.524731608758,3.0,3
321.0,2,charge,0.4449717660961116,3.9914242100350004,299.8710091850344,7.5,3
321.0,3,charge,0.6487104069128016,4.075503146753779,298.8094663169837,4.5,3
322.0,1,charge,0.7213833443527738,4.083304715437102,298.5258861920633,3.0,3
322.0,2,charge,0.44549016163310273,3.991873829744092,299.87623187170965,7.5,3
322.0,3,charge,0.6490360870762102,4.075952528827257,298.8113026640428,4.5,3
323.0,1,charge,0.7215790784977257,4.083513761197754,298.5270406147759,3.0,3
323.0,2,charge,0.44600855717009386,3.992322254330298,299.88145313485046,7.5,3
323.0,3,charge,0.6493617672396217,4.076402366051416,298.8131388901341,4.5,3
324.0,1,charge,0.7217748126426775,4.083722719267499,298.52819487702953,3.0,3
324.0,2,charge,0.446526952707085,3.9927694868354147,299.8866729762507,7.5,3
324.0,3,charge,0.6496874474030295,4.076852630446619,298.8149749958511,4.5,3
325.0,1,charge,0.7219705467876293,4.083931590851428,298.52934897896336,3.0,3
325.0,2,charge,0.4470453482440761,3.9932155304482793,299.89189139770417,7.5,3
325.0,3,charge,0.650013127566441,4.077303293966118,298.81681098177404,4.5,3
326.0,1,charge,0.722166280932578,4.084140377144102,298.53050292071623,3.0,3
326.0,2,charge,0.4475637437810672,3.9936603885029465,299.8971084010049,7.5,3
326.0,3,charge,0.6503388077298503,4.077754328386734,298.8186468485082,4.5,3
327.0,1,charge,0.7223620150775305,4.084349079329625,298.5316567024272,3.0,3
327.0,2,charge,0.44808213931805835,3.994104064476888,299.9023239879467,7.5,3
327.0,3,charge,0.6506644878932584,4.078205705394124,298.82048259666266,4.5,3
328.0,1,charge,0.7225577492224823,4.084557698581646,298.5328103242354,3.0,3
328.0,2,charge,0.4486005348550495,3.994546561809383,299.9075381603143,7.5,3
328.0,3,charge,0.6509901680566706,4.078657396868418,298.8223182267699,4.5,3
329.0,1,charge,0.7227534833674342,4.0847662360634125,298.5339637862798,3.0,3
329.0,2,charge,0.44911893039204065,3.9949878824397125,299.9127509198091,7.5,3
329.0,3,charge,0.6513158482200785,4.079109374582656,298.8241537393815,4.5,3
330.0,1,charge,0.722949217512383,4.08497469292775,298.5351170886993,3.0,3
330.0,2,charge,0.4496373259290317,3.9954280314404955,299.9179622682842,7.5,3
330.0,3,charge,0.651641528383488,4.079561610318712,298.8259891350386,4.5,3
331.0,1,charge,0.7231449516573346,4.085183070317131,298.53627023163307,3.0,3
331.0,2,charge,0.45015572146602284,3.9958670127150606,299.92317220752653,7.5,3
331.0,3,charge,0.6519672085468994,4.080014075738222,298.8278244143161,4.5,3
332.0,1,charge,0.7233406858022865,4.085391369363666,298.53742321522003,3.0,3
332.0,2,charge,0.45067411700301396,3.9963048302939854,299.9283807393224,7.5,3
332.0,3,charge,0.6522928887103073,4.080466742673928,298.8296595777398,4.5,3
333.0,1,charge,0.7235364199472385,4.085599591189174,298.53857603959926,3.0,3
333.0,2,charge,0.45119251254000503,3.9967414883332655,299.9335878654582,7.5,3
333.0,3,charge,0.6526185688737189,4.080919583017604,298.83149462582486,4.5,3
334.0,1,charge,0.7237321540921872,4.085807734736196,298.53972870491185,3.0,3
334.0,2,charge,0.4517109080769962,3.9971769911124384,299.9387935877194,7.5,3
334.0,3,charge,0.6529442490371268,4.081372568707653,298.8333295590856,4.5,3
335.0,1,charge,0.7239278882371387,4.086015800989257,298.5408812112969,3.0,3
335.0,2,charge,0.4522293036139873,3.9976113430327382,299.9439979078912,7.5,3
335.0,3,charge,0.6532699292005368,4.08182567175779,298.83516437803127,4.5,3
336.0,1,charge,0.7241236223820909,4.086223792305006,298.5420335588923,3.0,3
336.0,2,charge,0.4527476991509785,3.9980445486151988,299.9492008277585,7.5,3
336.0,3,charge,0.6535956093639451,4.082278864180672,298.8369990831947,4.5,3
337.0,1,charge,0.7243193565270425,4.086431709685442,298.54318574783696,3.0,3
337.0,2,charge,0.4532660946879696,3.9984766124987825,299.95440234910564,7.5,3
337.0,3,charge,0.6539212895273563,4.082732118259395,298.83883367505484,4.5,3
338.0,1,charge,0.7245150906719944,4.08663955412225,298.5443377782702,3.0,3
338.0,2,charge,0.4537844902249607,3.998907538624282,299.95960247367344,7.5,3
338.0,3,charge,0.6542469696907677,4.08318540635619,298.8406681541,4.5,3
339.0,1,charge,0.7247108248169463,4.086847326596846,298.5454896503309,3.0,3
339.0,2,charge,0.4543028857619518,3.9993373319941683,299.96480120325236,7.5,3
339.0,3,charge,0.6545726498541757,4.083638700985,298.8425025208106,4.5,3
340.0,1,charge,0.724906558961898,4.087055028080373,298.54664136415835,3.0,3
340.0,2,charge,0.45482128129894295,3.9997659977736806,299.96999853963507,7.5,3
340.0,3,charge,0.6548983300175852,4.084091974732297,298.84433677568825,4.5,3
341.0,1,charge,0.7251022931068468,4.0872626595337636,298.5477929198915,3.0,3
341.0,2,charge,0.45533967683593407,4.000193540980499,299.9751944846001,7.5,3
341.0,3,charge,0.655224010180993,4.084545200357419,298.84617091923036,4.5,3
342.0,1,charge,0.7252980272517985,4.087470221907758,298.5489443176695,3.0,3
342.0,2,charge,0.45585807237292525,4.00061996673657,299.98038903992534,7.5,3
342.0,3,charge,0.6555496903444051,4.084998350975676,298.8480049518788,4.5,3
343.0,1,charge,0.7254937613967506,4.087677716142931,298.55009555763144,3.0,3
343.0,2,charge,0.4563764679099164,4.001045280266218,299.98558220738806,7.5,3
343.0,3,charge,0.6558753705078131,4.085451399841114,298.84983887409106,4.5,3
344.0,1,charge,0.7256894955417023,4.087885143169721,298.5512466399164,3.0,3
344.0,2,charge,0.4568948634469075,4.0014694868942735,299.99077398876494,7.5,3
344.0,3,charge,0.6562010506712225,4.08590432043786,298.85167268631704,4.5,3
345.0,1,charge,0.7258852296866511,4.08809250377044,298.55239756466506,3.0,3
345.0,2,charge,0.4574132589838986,4.001892592044213,299.9959643858317,7.5,3
345.0,3,charge,0.6565267308346305,4.086357086495141,298.8535063889989,4.5,3
346.0,1,charge,0.7260809638316029,4.0882997953826745,298.55354833205337,3.0,3
346.0,2,charge,0.45793165452088974,4.002314601236252,300.00115340036365,7.5,3
346.0,3,charge,0.6568524109980419,4.086809672002015,298.85533998257125,4.5,3
347.0,1,charge,0.7262766979765549,4.088507021544508,298.5546989421928,3.0,3
347.0,2,charge,0.45845005005788086,4.002735520068099,300.0063410341218,7.5,3
347.0,3,charge,0.6571780911614531,4.087262051108391,298.8571734674958,4.5,3
348.0,1,charge,0.7264724321215074,4.088714183056615,298.5558493952234,3.0,3
348.0,2,charge,0.458968445594872,4.003155354219963,300.01152728885813,7.5,3
348.0,3,charge,0.6575037713248614,4.087714197950183,298.8590068443184,4.5,3
349.0,1,charge,0.7266681662664551,4.088921280708071,298.5569996912853,3.0,3
349.0,2,charge,0.45948684113186317,4.003574109514342,300.0167121663637,7.5,3
349.0,3,charge,0.6578294514882714,4.088166087606473,298.8608401133821,4.5,3
350.0,1,charge,0.7268639004114077,4.089128315276426,298.55814983051874,3.0,3
350.0,2,charge,0.4600052366688543,4.0039917918364205,300.0218956684082,7.5,3
350.0,3,charge,0.6581551316516794,4.088617695185049,298.8626732751096,4.5,3
351.0,1,charge,0.7270596345563597,4.08933528752765,298.5592998130641,3.0,3
351.0,2,charge,0.4605236322058454,4.004408407158586,300.0270777967605,7.5,3
351.0,3,charge,0.6584808118150909,4.089068996117478,298.8645063299174,4.5,3
352.0,1,charge,0.7272553687013115,4.089542198216254,298.56044963906146,3.0,3
352.0,2,charge,0.46104202774283654,4.004823961538608,300.03225855318874,7.5,3
352.0,3,charge,0.6588064919784988,4.089519966171659,298.86633927821566,4.5,3
353.0,1,charge,0.7274511028462602,4.08974904808526,298.56159930865124,3.0,3
353.0,2,charge,0.46156042327982766,4.00523846111777,300.03743793945995,7.5,3
353.0,3,charge,0.6591321721419103,4.089970581463981,298.8681721204083,4.5,3
354.0,1,charge,0.7276468369912119,4.089955837866238,298.56274882197374,3.0,3
354.0,2,charge,0.4620788188168188,4.005651912119036,300.04261595734056,7.5,3
354.0,3,charge,0.6594578523053195,4.09042081847109,298.8700048568931,4.5,3
355.0,1,charge,0.7278425711361641,4.090162568279354,298.56389817916926,3.0,3
355.0,2,charge,0.46259721435380996,4.0060643208452085,300.047792608596,7.5,3
355.0,3,charge,0.6597835324687276,4.090870653519789,298.87183748822093,4.5,3
356.0,1,charge,0.7280383052811158,4.090369240033382,298.5650473803782,3.0,3
356.0,2,charge,0.4631156098908011,4.006475693677107,300.05296789499096,7.5,3
356.0,3,charge,0.6601092126321398,4.091320064060262,298.8736700147099,4.5,3
357.0,1,charge,0.7282340394260645,4.090575853825744,298.5661964257411,3.0,3
357.0,2,charge,0.4636340054277922,4.006886037201399,300.0581418182787,7.5,3
357.0,3,charge,0.6604348927955478,4.091769027641129,298.8755024367618,4.5,3
358.0,1,charge,0.7284297735710161,4.090782410342522,298.56734531539814,3.0,3
358.0,2,charge,0.46415240096478333,4.00729535794848,300.0633143802221,7.5,3
358.0,3,charge,0.6607605729589571,4.0922175222048605,298.8773347547749,4.5,3
359.0,1,charge,0.7286255077159681,4.090988910258503,298.56849404948997,3.0,3
359.0,2,charge,0.46467079650177445,4.007703662560294,300.0684855825802,7.5,3
359.0,3,charge,0.6610862531223651,4.092665526098567,298.8791669691438,4.5,3
360.0,1,charge,0.7288212418609198,4.091195354237193,298.5696426281571,3.0,3
360.0,2,charge,0.4651891920387656,4.008110957755736,300.07365542711045,7.5,3
360.0,3,charge,0.6614119332857765,4.093113018083037,298.880999080259,4.5,3
360.0,1,charge,0.7288212418609198,4.091195354237193,298.5696426281571,3.0,4
360.0,1,charge,0.7288212418609198,4.091195354237193,298.5696426281571,3.0,4
360.0,2,charge,0.4651891920387654,4.008110957755736,300.07365542711045,7.5,4
360.0,2,charge,0.4651891920387656,4.008110957755736,300.07365542711045,7.5,4
360.0,3,charge,0.6614119332857772,4.093113018083037,298.880999080259,4.0,4
360.0,3,charge,0.6614119332857765,4.083814165729351,298.880999080259,4.0,4
361.0,1,charge,0.7290169760058686,4.0914017170074555,298.5707909890173,3.0,4
361.0,2,charge,0.46570758757575675,4.008517206528391,300.0788234759205,7.5,4
361.0,3,charge,0.6617014267643644,4.083558444950992,298.88249573163847,4.0,4
362.0,1,charge,0.7292127101508236,4.091608024485026,298.57193919374936,3.0,4
362.0,2,charge,0.4662259831127479,4.008922477953186,300.08399034825794,7.5,4
362.0,3,charge,0.6619909202429498,4.083554906074175,298.8839909007882,4.0,4
363.0,1,charge,0.7294084442957753,4.091814294463369,298.5730872847576,3.0,4
363.0,2,charge,0.466744378649739,4.009326772698165,300.08915598405656,7.5,4
363.0,3,charge,0.6622804137215352,4.083639433038209,298.8854846906031,4.0,4
364.0,1,charge,0.7296041784407241,4.0920205112243,298.5742352225293,3.0,4
364.0,2,charge,0.46726277418673007,4.009730094987885,300.09432036283977,7.5,4
364.0,3,charge,0.6625699072001231,4.083771536406322,298.8869771768948,4.0,4
365.0,1,charge,0.7297999125856758,4.092226679761534,298.57538301899024,3.0,4
365.0,2,charge,0.4677811697237212,4.010132444855059,300.0994834154103,7.5,4
365.0,3,charge,0.6628594006787084,4.083934359291806,298.8884684243318,4.0,4
366.0,1,charge,0.7299956467306279,4.092432795681363,298.5765306615454,3.0,4
366.0,2,charge,0.4682995652607123,4.01053382844257,300.1046451235004,7.5,4
366.0,3,charge,0.6631488941572963,4.084119346575797,298.88995849047313,4.0,4
367.0,1,charge,0.7301913808755796,4.092638860515423,298.57767815329214,3.0,4
367.0,2,charge,0.46881796079770344,4.01093425247032,300.1098054979699,7.5,4
367.0,3,charge,0.6634383876358818,4.084321330395622,298.89144742772714,4.0,4
368.0,1,charge,0.7303871150205284,4.092844873618468,298.5788254895573,3.0,4
368.0,2,charge,0.46933635633469456,4.011333725628339,300.1149645355398,7.5,4
368.0,3,charge,0.6637278811144696,4.084536976880114,298.8929352843752,4.0,4
369.0,1,charge,0.7305828491654802,4.093050835443908,298.5799726734828,3.0,4
369.0,2,charge,0.46985475187168574,4.011732256009401,300.1201222305594,7.5,4
369.0,3,charge,0.6640173745930543,4.0847640078397625,298.89442210522634,4.0,4
370.0,1,charge,0.7307785833104321,4.093256746051797,298.5811197050405,3.0,4
370.0,2,charge,0.47037314740867686,4.012129847796686,300.12527858992394,7.5,4
370.0,3,charge,0.6643068680716419,4.085000696417892,298.8959079321961,4.0,4
371.0,1,charge,0.7309743174553838,4.09346261142333,298.58226658152324,3.0,4
371.0,2,charge,0.470891542945668,4.012526507438395,300.13043361363333,7.5,4
371.0,3,charge,0.6645963615502275,4.085245729976843,298.8973928046197,4.0,4
372.0,1,charge,0.7311700516003324,4.093668426932069,298.58341330501224,3.0,4
372.0,2,charge,0.4714099384826591,4.01292224145209,300.1355873016877,7.5,4
372.0,3,charge,0.664885855028815,4.085498080606508,298.89887675954697,4.0,4
373.0,1,charge,0.731365785745285,4.093874192546007,298.58455987550735,3.0,4
373.0,2,charge,0.47192833401965023,4.013317062295568,300.1407396600251,7.5,4
373.0,3,charge,0.6651753485074008,4.085756915353044,298.9003598319701,4.0,4
374.0,1,charge,0.731561519890237,4.094079908222984,298.5857062930087,3.0,4
374.0,2,charge,0.47244672955664135,4.013710977753517,300.14589068982724,7.5,4
374.0,3,charge,0.665464841985985,4.086021546150899,298.9018420550058,4.0,4
375.0,1,charge,0.7317572540351888,4.094285573910657,298.5868525575162,3.0,4
375.0,2,charge,0.4729651250936324,4.014103991140913,300.1510403876827,7.5,4
375.0,3,charge,0.6657543354645706,4.0862914070999,298.9033234600123,4.0,4
376.0,1,charge,0.7319529881801375,4.0944911895466,298.58799866902984,3.0,4
376.0,2,charge,0.4734835206306236,4.01449610921532,300.1561887535913,7.5,4
376.0,3,charge,0.6660438289431584,4.086566013195307,298.90480407677666,4.0,4
377.0,1,charge,0.732148722325089,4.094696755058347,298.58914462754973,3.0,4
377.0,2,charge,0.47400191616761445,4.014887338795088,300.1613357875532,7.5,4
377.0,3,charge,0.6663333224217439,4.08684493129052,298.9062839336763,4.0,4
378.0,1,charge,0.7323444564700413,4.094902276576622,298.59029043423095,3.0,4
378.0,2,charge,0.47452031170460585,4.015277695042744,300.1664815033833,7.5,4
378.0,3,charge,0.6666228159003316,4.08712778280444,298.9077630577409,4.0,4
379.0,1,charge,0.732540190614993,4.095107754272766,298.5914360891214,3.0,4
379.0,2,charge,0.47503870724159675,4.015667183356344,300.1716258985895,7.5,4
379.0,3,charge,0.6669123093789172,4.08741423769679,298.90924147473316,4.0,4
380.0,1,charge,0.7327359247599416,4.095313184220817,298.5925815915094,3.0,4
380.0,2,charge,0.47555710277858787,4.016055808036346,300.1767689687307,7.5,4
380.0,3,charge,0.6672018028575041,4.087704006196298,298.9107192092287,4.0,4
381.0,1,charge,0.7329316589048933,4.095518566311155,298.59372694139483,3.0,4
381.0,2,charge,0.476075498315579,4.016443576105859,300.18191071380693,7.5,4
381.0,3,charge,0.6674912963360896,4.087996828976443,298.91219628469685,4.0,4
382.0,1,charge,0.7331273930498455,4.095723900424282,298.59487213877793,3.0,4
382.0,2,charge,0.47659389385256995,4.016830494640733,300.18705113381804,7.5,4
382.0,3,charge,0.6677807898146774,4.088292475800031,298.9136727235649,4.0,4
383.0,1,charge,0.7333231271947972,4.095929186430901,298.59601718365855,3.0,4
383.0,2,charge,0.4771122893895611,4.017216580601072,300.192190247859,7.5,4
383.0,3,charge,0.668070283293263,4.088590732801906,298.91514854729485,4.0,4
384.0,1,charge,0.7335188613397489,4.096134424191925,298.59716207603674,3.0,4
384.0,2,charge,0.4776306849265522,4.017601837618637,300.19732804913497,7.5,4
384.0,3,charge,0.6683597767718507,4.08889140912389,298.91662377644,4.0,4
385.0,1,charge,0.7337145954847011,4.096339615361217,298.59830681645144,3.0,4
385.0,2,charge,0.4781490804635433,4.017986271922587,300.20246453576993,7.5,4
385.0,3,charge,0.6686492702504361,4.089194326719258,298.91809843067676,4.0,4
386.0,1,charge,0.7339103296296527,4.096544769002303,298.59945140765865,3.0,4
386.0,2,charge,0.47866747600053444,4.018369891169359,300.20759970856926,7.5,4
386.0,3,charge,0.6689387637290239,4.08949932124367,298.91957252890074,4.0,4
387.0,1,charge,0.7341060637746014,4.096749876863649,298.60059584723984,3.0,4
387.0,2,charge,0.4791858715375256,4.018752703057864,300.2127335683385,7.5,4
387.0,3,charge,0.6692282572076093,4.089806243665204,298.9210460891917,4.0,4
388.0,1,charge,0.734301797919553,4.096954938770189,298.601740135195,3.0,4
388.0,2,charge,0.47970426707451674,4.019134715328128,300.21786611588306,7.5,4
388.0,3,charge,0.6695177506861949,4.090114951832712,298.9225191289463,4.0,4
389.0,1,charge,0.7344975320645052,4.09715995453727,298.60288427152415,3.0,4
389.0,2,charge,0.48022266261150787,4.01951593575982,300.2229973520084,7.5,4
389.0,3,charge,0.6698072441647827,4.090425319027191,298.9239916648171,4.0,4
390.0,1,charge,0.734693266209457,4.097364923970677,298.6040282562272,3.0,4
390.0,2,charge,0.480741058148499,4.019896372218474,300.22812727762744,7.5,4
390.0,3,charge,0.670096737643368,4.090737224357774,298.92546371283265,4.0,4
391.0,1,charge,0.7348890003544057,4.0975698468666995,298.6051720893043,3.0,4
391.0,2,charge,0.4812594536854901,4.020276039742263,300.2332559097853,7.5,4
391.0,3,charge,0.6703862311219558,4.091050557555414,298.926935288363,4.0,4
392.0,1,charge,0.7350847344993574,4.097774723012176,298.6063157707554,3.0,4
392.0,2,charge,0.48177784922248124,4.020654941574981,300.2383832388472,7.5,4
392.0,3,charge,0.6706757246005405,4.09136521510518,298.9284064062012,4.0,4
393.0,1,charge,0.7352804686443094,4.097979560966623,298.6074593036129,3.0,4
393.0,2,charge,0.48229624475947125,4.021033085922939,300.24350926628574,7.5,4
393.0,3,charge,0.6709652180791282,4.091681099847865,298.9298770805543,4.0,4
394.0,1,charge,0.7354762027892611,4.09818435738625,298.6086026868003,3.0,4
394.0,2,charge,0.48281464029646237,4.021410481023697,300.2486339935741,7.5,4
394.0,3,charge,0.6712547115577135,4.091998120418558,298.9313473251037,4.0,4
395.0,1,charge,0.7356719369342106,4.0983891092878935,298.60974591936935,3.0,4
395.0,2,charge,0.48333303583345355,4.0217871351448515,300.253757422185,7.5,4
395.0,3,charge,0.6715442050363014,4.092316191179837,298.93281715299605,4.0,4
396.0,1,charge,0.7358676710791623,4.098593816423328,298.6108890013201,3.0,4
396.0,2,charge,0.4838514313704447,4.022163056582806,300.2588795535913,7.5,4
396.0,3,charge,0.6718336985148835,4.09263523045481,298.93428657690026,4.0,4
397.0,1,charge,0.7360634052241143,4.09879847853502,298.6120319326527,3.0,4
397.0,2,charge,0.4843698269074358,4.022538253661612,300.2640003892659,7.5,4
397.0,3,charge,0.6721231919934714,4.092955163992446,298.9357556089773,4.0,4
398.0,1,charge,0.7362591393690663,4.099003095356199,298.6131747133671,3.0,4
398.0,2,charge,0.4848882224444269,4.022912735000144,300.26911993157825,7.5,4
398.0,3,charge,0.6724126854720568,4.093275918237831,298.9372242609799,4.0,4
399.0,1,charge,0.736454873514015,4.0992076666109,298.61431734346314,3.0,4
399.0,2,charge,0.485406617981418,4.023286510425608,300.2742381868617,7.5,4
399.0,3,charge,0.6727021789506447,4.093597423781048,298.93869254422737,4.0,4
400.0,1,charge,0.7366506076589665,4.099412195409833,298.6154598242163,3.0,4
400.0,2,charge,0.48592501351840917,4.0236595873005765,300.27935515313874,7.5,4
400.0,3,charge,0.67299167242923,4.093919620690459,298.9401604695451,4.0,4
401.0,1,charge,0.7368463418039187,4.099616687378461,298.61660215784775,3.0,4
401.0,2,charge,0.48644340905540034,4.024031974121587,300.28447083213837,7.5,4
401.0,3,charge,0.6732811659078177,4.094242444532044,298.94162804747845,4.0,4
402.0,1,charge,0.7370420759488703,4.099821135714119,298.61774434191545,3.0,4
402.0,2,charge,0.48696180459239147,4.024403679406894,300.2895852255896,7.5,4
402.0,3,charge,0.6735706593864024,4.094565836184443,298.9430952881639,4.0,4
403.0,1,charge,0.7372378100938191,4.1000255401064525,298.61888637641954,3.0,4
403.0,2,charge,0.4874802001293826,4.024774711695465,300.2946983352212,7.5,4
403.0,3,charge,0.6738601528649902,4.094889745606399,298.9445622012656,4.0,4
404.0,1,charge,0.7374335442387706,4.100229900236055,298.6200282613599,3.0,4
404.0,2,charge,0.48799859566637366,4.02514507954601,300.2998101627623,7.5,4
404.0,3,charge,0.6741496463435758,4.095214117926513,298.94602879624193,4.0,4
405.0,1,charge,0.7376292783837228,4.100434215774541,298.6211699967366,3.0,4
405.0,2,charge,0.4885169912033648,4.025514791535978,300.3049207099417,7.5,4
405.0,3,charge,0.6744391398221634,4.095538903478321,298.9474950821674,4.0,4
406.0,1,charge,0.7378250125286744,4.100638486384547,298.6223115825496,3.0,4
406.0,2,charge,0.4890353867403559,4.0258838560554535,300.310029978754,7.5,4
406.0,3,charge,0.674728633300749,4.095864058156027,298.9489610677149,4.0,4
407.0,1,charge,0.7380207466736232,4.100842711719821,298.62345301879895,3.0,4
407.0,2,charge,0.48955378227734714,4.026252281331582,300.3151379714286,7.5,4
407.0,3,charge,0.6750181267793344,4.096189536643635,298.95042676134676,4.0,4
408.0,1,charge,0.7382164808185782,4.101046902766811,298.62459431015753,3.0,4
408.0,2,charge,0.49007217781433826,4.0266200763185545,300.32024468927415,7.5,4
408.0,3,charge,0.675307620257922,4.0965152970706535,298.95189217119116,4.0,4
409.0,1,charge,0.7384122149635299,4.1012510525575845,298.62573545390194,3.0,4
409.0,2,charge,0.4905905733513294,4.026987249631727,300.32535013405743,7.5,4
409.0,3,charge,0.6755971137365075,4.096841300063386,298.95335730505576,4.0,4
410.0,1,charge,0.7386079491084787,4.101455159614979,298.62687644957595,3.0,4
410.0,2,charge,0.4911089688883205,4.027353809900906,300.33045430754515,7.5,4
410.0,3,charge,0.6758866072150952,4.097167507692047,298.9548221705175,4.0,4
411.0,1,charge,0.7388036832534302,4.101659223695231,298.62801729723543,3.0,4
411.0,2,charge,0.49162736442531163,4.027719765769514,300.335557211504,7.5,4
411.0,3,charge,0.6761761006936807,4.097493884003464,298.9562867748719,4.0,4
412.0,1,charge,0.7389994173983824,4.1018632445459,298.6291579969362,3.0,4
412.0,2,charge,0.49214575996230275,4.028085125893785,300.3406588477006,7.5,4
412.0,3,charge,0.6764655941722686,4.097820394773356,298.9577511251471,4.0,4
413.0,1,charge,0.739195151543334,4.102067221905937,298.6302985487341,3.0,4
413.0,2,charge,0.4926641554992939,4.028449898942026,300.3457592179016,7.5,4
413.0,3,charge,0.6767550876508532,4.098147007162944,298.959215228151,4.0,4
414.0,1,charge,0.7393908856882827,4.1022711555056794,298.63143895268496,3.0,4
414.0,2,charge,0.49318255103628506,4.028814092278122,300.3508583232111,7.5,4
414.0,3,charge,0.677044581129441,4.098473690358629,298.9606790904342,4.0,4
415.0,1,charge,0.7395866198332345,4.102475045066914,298.6325792088444,3.0,4
415.0,2,charge,0.4937009465732762,4.029177713929499,300.3559561650589,7.5,4
415.0,3,charge,0.6773340746080266,4.098800415745855,298.96214271829655,4.0,4
416.0,1,charge,0.7397823539781867,4.102678890302929,298.6337193172684,3.0,4
416.0,2,charge,0.49421934211026725,4.029540773796362,300.36105274581377,7.5,4
416.0,3,charge,0.6776235680866142,4.099127154464233,298.96360611787867,4.0,4
417.0,1,charge,0.7399780881231384,4.102882690918513,298.6348592780127,3.0,4
417.0,2,charge,0.49473773764725837,4.029903280557597,300.3661480672257,7.5,4
417.0,3,charge,0.6779130615651998,4.099453879135526,298.96506929510883,4.0,4
418.0,1,charge,0.740173822268087,4.1030864466100105,298.6359990911331,3.0,4
418.0,2,charge,0.4952561331842495,4.030265242900754,300.3712421310447,7.5,4
418.0,3,charge,0.6782025550437875,4.099780563204719,298.9665322557329,4.0,4
419.0,1,charge,0.7403695564130394,4.103290157065377,298.6371387566855,3.0,4
419.0,2,charge,0.49577452872124067,4.030626669521401,300.37633493902047,7.5,4
419.0,3,charge,0.678492048522373,4.100107186625745,298.96799500509644,4.0,4
420.0,1,charge,0.7405652905579918,4.103493821964179,298.63827827472556,3.0,4
420.0,2,charge,0.49629292425823185,4.0309875691225345,300.3814264929031,7.5,4
420.0,3,charge,0.6787815420009609,4.100433724360185,298.96945754860315,4.0,4
421.0,1,charge,0.7407610247029432,4.103697440977662,298.63941764530915,3.0,4
421.0,2,charge,0.4968113197952229,4.031347950414004,300.3865167944422,7.5,4
421.0,3,charge,0.6790710354795431,4.100760153634955,298.970919891436,4.0,4
422.0,1,charge,0.7409567588478921,4.103901019385676,298.6405568712006,3.0,4
422.0,2,charge,0.49732971533221404,4.031707822111942,300.3916058453878,7.5,4
422.0,3,charge,0.6793605289581343,4.10108645261945,298.97238203861485,4.0,4
423.0,1,charge,0.7411524929928437,4.104104556483746,298.6416959522811,3.0,4
423.0,2,charge,0.49784811086920516,4.032067192938261,300.3966936474899,7.5,4
423.0,3,charge,0.6796500224367165,4.101412602629867,298.9738439948897,4.0,4
424.0,1,charge,0.741348227137796,4.104308048710658,298.6428348870592,3.0,4
424.0,2,charge,0.4983665064061963,4.032426071620119,300.40178020249823,7.5,4
424.0,3,charge,0.6799395159153043,4.1017385875531955,298.97530576477374,4.0,4
425.0,1,charge,0.7415439612827476,4.104511495834313,298.6439736756528,3.0,4
425.0,2,charge,0.4988849019431874,4.03278446688946,300.4068655121627,7.5,4
425.0,3,charge,0.6802290093938897,4.102064387435855,298.976767352866,4.0,4
426.0,1,charge,0.7417396954276964,4.104714897614457,298.6451123181797,3.0,4
426.0,2,charge,0.49940329748017853,4.0331423874825605,300.41194957823325,7.5,4
426.0,3,charge,0.6805185028724775,4.102389985046488,298.978228763531,4.0,4
427.0,1,charge,0.7419354295726479,4.104918253802737,298.6462508147578,3.0,4
427.0,2,charge,0.4999216930171697,4.033499842139579,300.41703240245965,7.5,4
427.0,3,charge,0.6808079963510629,4.102715363845097,298.97969000100426,4.0,4
428.0,1,charge,0.7421311637176031,4.105121564142733,298.6473891655052,3.0,4
428.0,2,charge,0.5004400885541608,4.033856837163413,300.4221139854656,7.5,4
428.0,3,charge,0.6810974898296508,4.103040511514324,298.98115106913855,4.0,4
429.0,1,charge,0.7423268978625519,4.1053248283699535,298.6485273705396,3.0,4
429.0,2,charge,0.500958484091152,4.03421338041765,300.42719432858934,7.5,4
429.0,3,charge,0.6813869833082353,4.103365412591722,298.98261197194284,4.0,4
430.0,1,charge,0.7425226320075033,4.1055280462119,298.649665429979,3.0,4
430.0,2,charge,0.501476879628143,4.03456948286754,300.4322734346007,7.5,4
430.0,3,charge,0.6816764767868233,4.103690053599603,298.9840727132122,4.0,4
431.0,1,charge,0.7427183661524558,4.10573121738808,298.6508033439413,3.0,4
431.0,2,charge,0.5019952751651342,4.034925153195807,300.4373513052161,7.5,4
431.0,3,charge,0.6819659702654085,4.104014421860786,298.98553329661763,4.0,4
432.0,1,charge,0.7429141002974072,4.105934341610041,298.6519411125443,3.0,4
432.0,2,charge,0.5025136707021254,4.035280400087426,300.442427942152,7.5,4
432.0,3,charge,0.6822554637439966,4.1043385056016914,298.9869937256667,4.0,4
433.0,1,charge,0.7431098344423562,4.106137418581376,298.6530787359061,3.0,4
433.0,2,charge,0.5030320662391164,4.0356352322293345,300.44750334712484,7.5,4
433.0,3,charge,0.6825449572225819,4.104662293817648,298.98845400373165,4.0,4
434.0,1,charge,0.7433055685873077,4.106340447997786,298.65421621414447,3.0,4
434.0,2,charge,0.5035504617761076,4.035989658310145,300.45257752185097,7.5,4
434.0,3,charge,0.6828344507011671,4.104985775829702,298.9899141341499,4.0,4
435.0,1,charge,0.7435013027322601,4.106543429547083,298.6553535473773,3.0,4
435.0,2,charge,0.5040688573130987,4.036343687019919,300.4576504680469,7.5,4
435.0,3,charge,0.6831239441797551,4.105308941709385,298.9913741201212,4.0,4
436.0,1,charge,0.7436970368772116,4.106746363666261,298.6564907363413,3.0,4
436.0,2,charge,0.5045872528500899,4.036697327049893,300.462722187429,7.5,4
436.0,3,charge,0.6834134376583404,4.105631782102861,298.9928339647449,4.0,4
437.0,1,charge,0.7438927710221611,4.1069492512312245,298.6576277821385,3.0,4
437.0,2,charge,0.505105648387081,4.037050587092323,300.4677926817137,7.5,4
437.0,3,charge,0.6837029311369281,4.105954288349877,298.9942936709617,4.0,4
438.0,1,charge,0.7440885051671127,4.107152090475594,298.6587646837167,3.0,4
438.0,2,charge,0.5056240439240721,4.037403475840282,300.4728619526175,7.5,4
438.0,3,charge,0.6839924246155136,4.106276452122474,298.9957532416917,4.0,4
439.0,1,charge,0.744284239312065,4.107354881089954,298.65990144122156,3.0,4
439.0,2,charge,0.5061424394610633,4.0377560019875025,300.47793000185675,7.5,4
439.0,3,charge,0.6842819180941014,4.106598265631051,298.9972126797403,4.0,4
440.0,1,charge,0.7444799734570166,4.10755762275717,298.66103805479895,3.0,4
440.0,2,charge,0.5066608349980544,4.038108174228252,300.48299683114794,7.5,4
440.0,3,charge,0.6845714115726862,4.106919721527739,298.9986719878283,4.0,4
441.0,1,charge,0.7446757076019653,4.107760315152348,298.66217452459426,3.0,4
441.0,2,charge,0.5071792305350453,4.038460001257213,300.4880624422074,7.5,4
441.0,3,charge,0.6848609050512741,4.1072408133002325,299.0001311685609,4.0,4
442.0,1,charge,0.7448714417469168,4.107962957942913,298.6633108507533,3.0,4
442.0,2,charge,0.5076976260720364,4.038811490537123,300.4931268363339,7.5,4
442.0,3,charge,0.6851503985298593,4.107561534954673,299.00159022445604,4.0,4
443.0,1,charge,0.7450671758918693,4.108165550788595,298.66444703342165,3.0,4
443.0,2,charge,0.5082160216090276,4.039162650135385,300.4981900150298,7.5,4
443.0,3,charge,0.6854398920084471,4.107881880374778,299.00304915799865,4.0,4
444.0,1,charge,0.7452629100368208,4.1083680933414755,298.665583072745,3.0,4
444.0,2,charge,0.5087344171460186,4.0395134896980505,300.50325198033283,7.5,4
444.0,3,charge,0.6857293854870327,4.108201844072793,299.00450797158095,4.0,4
445.0,1,charge,0.7454586441817694,4.10857058524601,298.66671896886896,3.0,4
445.0,2,charge,0.5092528126830098,4.039864017827125,300.5083127339268,7.5,4
445.0,3,charge,0.6860188789656205,4.108521420950426,299.0059666675235,4.0,4
446.0,1,charge,0.7456543783267211,4.1087730261390405,298.6678547219392,3.0,4
446.0,2,charge,0.509771208220001,4.040214243125036,300.51337227749576,7.5,4
446.0,3,charge,0.6863083724442025,4.10884060719557,299.0074252479911,4.0,4
447.0,1,charge,0.7458501124716733,4.108975415649821,298.6689903321013,3.0,4
447.0,2,charge,0.5102896037569921,4.040564174194633,300.5184306127236,7.5,4
447.0,3,charge,0.6865978659227905,4.109159398259074,299.0088837151871,4.0,4
448.0,1,charge,0.7460458466166249,4.109177753400058,298.6701257995011,3.0,4
448.0,2,charge,0.5108079992939832,4.040913819639268,300.5234877412942,7.5,4
448.0,3,charge,0.6868873594013759,4.109477790339414,299.01034207121387,4.0,4
449.0,1,charge,0.7462415807615767,4.109380039003911,298.671261124284,3.0,4
449.0,2,charge,0.5113263948309743,4.041263188062824,300.5285436648915,7.5,4
449.0,3,charge,0.6871768528799637,4.109795779978102,299.01180031811225,4.0,4
450.0,1,charge,0.7464373149065289,4.109582272067964,298.6723963065959,3.0,4
450.0,2,charge,0.5118447903679655,4.041612288069834,300.53359838519935,7.5,4
450.0,3,charge,0.6874663463585491,4.110113364084618,299.01325845785766,4.0,4
450.0,1,charge,0.7464373149065271,4.109582272067964,298.6723963065959,3.0,5
450.0,1,charge,0.7464373149065289,4.109582272067964,298.6723963065959,3.0,5
450.0,2,charge,0.5118447903679645,4.041612288069834,300.53359838519935,7.5,5
450.0,2,charge,0.5118447903679655,4.041612288069834,300.53359838519935,7.5,5
450.0,3,charge,0.68746634635855,4.110113364084618,299.01325845785766,4.0,5
450.0,3,charge,0.6874663463585491,4.110113364084618,299.01325845785766,4.0,5
451.0,1,charge,0.7466330490514804,4.109784436216383,298.6735312786229,3.0,5
451.0,2,charge,0.5123631859049566,4.041961104082369,300.5386514165261,7.5,5
451.0,3,charge,0.6877558398371362,4.110430550382826,299.0147164880991,4.0,5
452.0,1,charge,0.7468287831964292,4.109986547136735,298.6746661088554,3.0,5
452.0,2,charge,0.5128815814419477,4.0423096683027335,300.5437032358757,7.5,5
452.0,3,charge,0.6880453333157215,4.1107473158853525,299.01617441896303,4.0,5
453.0,1,charge,0.7470245173413806,4.110188601521138,298.67580078465795,3.0,5
453.0,2,charge,0.5133999769789389,4.042658005619916,300.5487541825537,7.5,5
453.0,3,charge,0.6883348267943096,4.111063666113393,299.01763224891585,4.0,5
454.0,1,charge,0.7472202514863332,4.110390605638429,298.6769353358984,3.0,5
454.0,2,charge,0.51391837251593,4.043006109214045,300.5538039425196,7.5,5
454.0,3,charge,0.6886243202728947,4.11137960089248,299.01908997928535,4.0,5
455.0,1,charge,0.7474159856312846,4.110592564230224,298.67806978603005,3.0,5
455.0,2,charge,0.514436768052921,4.043353992016477,300.55885261472764,7.5,5
455.0,3,charge,0.6889138137514828,4.111695119893158,299.02054761138464,4.0,5
456.0,1,charge,0.7476117197762334,4.110794466160357,298.6792040878977,3.0,5
456.0,2,charge,0.5149551635899122,4.043701657873624,300.5639000978109,7.5,5
456.0,3,charge,0.6892033072300681,4.11201022188134,299.0220051468069,4.0,5
457.0,1,charge,0.747807453921185,4.110996315673596,298.6803382641257,3.0,5
457.0,2,charge,0.5154735591269033,4.044049116375067,300.56894641983206,7.5,5
457.0,3,charge,0.6894928007086532,4.11232490417257,299.0234625875517,4.0,5
458.0,1,charge,0.7480031880661373,4.111198110230617,298.681472305179,3.0,5
458.0,2,charge,0.5159919546638945,4.04439637498512,300.5739915424233,7.5,5
458.0,3,charge,0.6897822941872412,4.112639169591265,299.0249199341994,4.0,5
459.0,1,charge,0.7481989222110897,4.111399848124371,298.6826062060015,3.0,5
459.0,2,charge,0.5165103502008856,4.0447434422405895,300.5790354902436,7.5,5
459.0,3,charge,0.6900717876658263,4.112953015067606,299.0263771888826,4.0,5
460.0,1,charge,0.7483946563560384,4.1116015294137505,298.68373997080835,3.0,5
460.0,2,charge,0.5170287457378767,4.0450903262638365,300.5840782632929,7.5,5
460.0,3,charge,0.6903612811444144,4.113266441550619,299.027834352688,4.0,5
461.0,1,charge,0.7485903905009899,4.111803153089353,298.684873591537,3.0,5
461.0,2,charge,0.5175471412748679,4.045437040616371,300.58911985200774,7.5,5
461.0,3,charge,0.6906507746229997,4.113579448011597,299.0292914272491,4.0,5
462.0,1,charge,0.7487861246459423,4.11200471852386,298.68600707344405,3.0,5
462.0,2,charge,0.518065536811859,4.045783589767716,300.59416026282116,7.5,5
462.0,3,charge,0.6909402681015878,4.113892034287704,299.030748413963,4.0,5
463.0,1,charge,0.7489818587908937,4.112206224929118,298.6871404165294,3.0,5
463.0,2,charge,0.5185839323488501,4.04612998144778,300.59919949644456,7.5,5
463.0,3,charge,0.6912297615801722,4.114204200665465,299.03220531414024,4.0,5
464.0,1,charge,0.7491775929358427,4.112407671509857,298.68827362079315,3.0,5
464.0,2,charge,0.5191023278858413,4.046476223796232,300.60423755287786,7.5,5
464.0,3,charge,0.6915192550587602,4.114515946977606,299.03366212919894,4.0,5
465.0,1,charge,0.7493733270807942,4.112609062159152,298.68940668602227,3.0,5
465.0,2,charge,0.5196207234228324,4.046822324958401,300.6092744321212,7.5,5
465.0,3,charge,0.6918087485373456,4.114827274799093,299.0351188601395,4.0,5
466.0,1,charge,0.7495690612257466,4.11281039747546,298.69053961215303,3.0,5
466.0,2,charge,0.5201391189598236,4.047168293085683,300.61431013417456,7.5,5
466.0,3,charge,0.6920982420159334,4.115138183891533,299.0365755084063,4.0,5
467.0,1,charge,0.7497647953706981,4.113011671861216,298.69167239940214,3.0,5
467.0,2,charge,0.5206575144968147,4.047514136335974,300.6193446590378,7.5,5
467.0,3,charge,0.6923877354945188,4.115448674496533,299.038032075329,4.0,5
468.0,1,charge,0.7499605295156467,4.113212884492501,298.6928050477696,3.0,5
468.0,2,charge,0.5211759100338059,4.047859865559482,300.6243780150255,7.5,5
468.0,3,charge,0.6926772289731066,4.1157587492432475,299.03948856166085,4.0,5
469.0,1,charge,0.7501562636606021,4.113414034538387,298.69393755725537,3.0,5
469.0,2,charge,0.521694305570797,4.04820549500646,300.62941022097,7.5,5
469.0,3,charge,0.6929667224516888,4.116068408109284,299.0409449687981,4.0,5
470.0,1,charge,0.7503519978055536,4.113615121161011,298.69506992785944,3.0,5
470.0,2,charge,0.5222127011077882,4.0485510265771145,300.634441257438,7.5,5
470.0,3,charge,0.6932562159302766,4.116377651809676,299.04240129795903,4.0,5
471.0,1,charge,0.7505477319505024,4.1138161435155745,298.69620215958184,3.0,5
471.0,2,charge,0.5227310966447793,4.048896468458852,300.63947112442963,7.5,5
471.0,3,charge,0.6935457094088618,4.116686483076368,299.0438575498758,4.0,5
472.0,1,charge,0.750743466095454,4.114017100750402,298.69733425242254,3.0,5
472.0,2,charge,0.5232494921817706,4.049241828848435,300.64449982194486,7.5,5
472.0,3,charge,0.6938352028874498,4.1169949027527535,299.04531372573405,4.0,5
473.0,1,charge,0.7509392002404063,4.114217992006992,298.6984662063816,3.0,5
473.0,2,charge,0.5237678877187616,4.0495871159525985,300.6495273499837,7.5,5
473.0,3,charge,0.6941246963660344,4.117302911900098,299.0467698266655,4.0,5
474.0,1,charge,0.7511349343853578,4.114418816419999,298.69959802145894,3.0,5
474.0,2,charge,0.5242862832557529,4.049932337988671,300.6545537085462,7.5,5
474.0,3,charge,0.6944141898446224,4.117610513183857,299.04822585341594,4.0,5
475.0,1,charge,0.7513306685303067,4.114619573117331,298.7007296976546,3.0,5
475.0,2,charge,0.5248046787927441,4.0502775031852245,300.6595788976322,7.5,5
475.0,3,charge,0.6947036833232078,4.1179177081539144,299.04968180699484,4.0,5
476.0,1,charge,0.7515264026752582,4.114820261220167,298.7018612349686,3.0,5
476.0,2,charge,0.5253230743297352,4.050622626862377,300.6646029457333,7.5,5
476.0,3,charge,0.6949931768017956,4.118224498171187,299.0511376884537,4.0,5
477.0,1,charge,0.7517221368202106,4.11502087984298,298.70299263340087,3.0,5
477.0,2,charge,0.5258414698667263,4.050967716726762,300.6696258506628,7.5,5
477.0,3,charge,0.6952826702803808,4.118530885867153,299.05259349853765,4.0,5
478.0,1,charge,0.751917870965162,4.115221428093594,298.70412389295154,3.0,5
478.0,2,charge,0.5263598654037175,4.051312777259947,300.6746475971925,7.5,5
478.0,3,charge,0.695572163758966,4.118836873303015,299.054049238123,4.0,5
479.0,1,charge,0.7521136051101107,4.11542190597403,298.7052550141174,3.0,5
479.0,2,charge,0.5268782609407086,4.051657816742572,300.6796681853225,7.5,5
479.0,3,charge,0.695861657237554,4.1191424620882024,299.0555049081888,4.0,5
480.0,1,charge,0.7523093392550632,4.115622319440682,298.7063860006844,3.0,5
480.0,2,charge,0.5273966564776997,4.052002843470605,300.68468761505267,7.5,5
480.0,3,charge,0.6961511507161392,4.119447654858552,299.05696050946534,4.0,5
481.0,1,charge,0.7525050734000155,4.115822661785694,298.70751684945634,3.0,5
481.0,2,charge,0.5279150520146909,4.052347865756214,300.6897058863832,7.5,5
481.0,3,charge,0.6964406441947272,4.1197524540532084,299.05841604272365,4.0,5
482.0,1,charge,0.752700807544967,4.11602293208955,298.7086475604333,3.0,5
482.0,2,charge,0.5284334475516821,4.052692891928619,300.6947229993139,7.5,5
482.0,3,charge,0.6967301376733125,4.120056861481532,299.05987150887756,4.0,5
483.0,1,charge,0.7528965416899157,4.116223129426187,298.70977813361515,3.0,5
483.0,2,charge,0.5289518430886733,4.053037930335038,300.6997389538448,7.5,5
483.0,3,charge,0.6970196311519006,4.120360879872423,299.0613269086175,4.0,5
484.0,1,charge,0.7530922758348674,4.116423252863068,298.71090856900196,3.0,5
484.0,2,charge,0.5294702386256643,4.053383000789844,300.7047538010142,7.5,5
484.0,3,charge,0.697309124630485,4.1206645120707535,299.0627822425997,4.0,5
485.0,1,charge,0.7532880099798198,4.116623301461157,298.7120388665937,3.0,5
485.0,2,charge,0.5299886341626555,4.053728103258735,300.70976750328276,7.5,5
485.0,3,charge,0.697598618109073,4.120967760085194,299.06423751166915,4.0,5
486.0,1,charge,0.7534837441247713,4.116823274275012,298.71316902639035,3.0,5
486.0,2,charge,0.5305070296996467,4.054073245854586,300.7147800593358,7.5,5
486.0,3,charge,0.6978881115876583,4.1212706262445025,299.06569271658776,4.0,5
487.0,1,charge,0.7536794782697199,4.117023174044689,298.7142990509604,3.0,5
487.0,2,charge,0.5310254252366378,4.0544184370074925,300.71979146917334,7.5,5
487.0,3,charge,0.6981776050662462,4.121573112854823,299.0671478581143,4.0,5
488.0,1,charge,0.7538752124146755,4.117223000286394,298.7154289406354,3.0,5
488.0,2,charge,0.5315438207736289,4.054763685170964,300.7248017327953,7.5,5
488.0,3,charge,0.6984670985448314,4.121875223348139,299.06860293673714,4.0,5
489.0,1,charge,0.7540709465596269,4.1174227494897195,298.71655869364525,3.0,5
489.0,2,charge,0.53206221631062,4.055108998822994,300.72981085020166,7.5,5
489.0,3,charge,0.6987565920234163,4.122176960010058,299.07005795320225,4.0,5
490.0,1,charge,0.7542666807045756,4.117622420682732,298.71768830999,3.0,5
490.0,2,charge,0.5325806118476112,4.055454386467294,300.7348188213924,7.5,5
490.0,3,charge,0.6990460855020015,4.122478325251185,299.07151290821713,4.0,5
491.0,1,charge,0.7544624148495271,4.117822012887181,298.7188177896697,3.0,5
491.0,2,charge,0.5330990073846023,4.055799859999895,300.7398256624374,7.5,5
491.0,3,charge,0.6993355789805895,4.122779321632484,299.0729678024447,4.0,5
492.0,1,charge,0.7546581489944797,4.1180215251185714,298.71994713268424,3.0,5
492.0,2,charge,0.5336174029215934,4.056145433455053,300.7448313994721,7.5,5
492.0,3,charge,0.6996250724591747,4.12307995179266,299.0744226365201,4.0,5
493.0,1,charge,0.7548538831394312,4.118220956386166,298.72107633903363,3.0,5
493.0,2,charge,0.5341357984585846,4.0564911092108265,300.7498360028327,7.5,5
493.0,3,charge,0.6999145659377626,4.123380218858259,299.07587741095824,4.0,5
494.0,1,charge,0.7550496172843799,4.1184203056970325,298.72220540872115,3.0,5
494.0,2,charge,0.5346541939955757,4.05683689588806,300.7548394725192,7.5,5
494.0,3,charge,0.7002040594163481,4.12368012527432,299.0773321264169,4.0,5
495.0,1,charge,0.7552453514293322,4.118619578256137,298.7233343466535,3.0,5
495.0,2,charge,0.535172589532568,4.057182802139993,300.75984180853175,7.5,5
495.0,3,charge,0.7004935528949353,4.123979673767025,299.0787867834799,4.0,5
496.0,1,charge,0.7554410855742847,4.118818768291085,298.7244631490685,3.0,5
496.0,2,charge,0.535690985069559,4.057528836653651,300.7648430108701,7.5,5
496.0,3,charge,0.7007830463735205,4.124278867080774,299.0802413827153,4.0,5
497.0,1,charge,0.7556368197192361,4.119017874785413,298.72559181596625,3.0,5
497.0,2,charge,0.5362093806065502,4.0578750081513,300.76984307953444,7.5,5
497.0,3,charge,0.7010725398521087,4.124577707917026,299.08169592469295,4.0,5
498.0,1,charge,0.7558325538641848,4.119216896716539,298.7267203473467,3.0,5
498.0,2,charge,0.5367277761435414,4.058221325391926,300.7748420145248,7.5,5
498.0,3,charge,0.7013620333306937,4.1248761989653575,299.08315040997456,4.0,5
499.0,1,charge,0.7560282880091366,4.119415833055843,298.7278487432099,3.0,5
499.0,2,charge,0.5372461716805325,4.0585678048157705,300.7798398553603,7.5,5
499.0,3,charge,0.7016515268092818,4.125174343032023,299.0846048390788,4.0,5
500.0,1,charge,0.756224022154089,4.119614682768685,298.7289770035558,3.0,5
500.0,2,charge,0.5377645672175236,4.0589144539935695,300.7848365954625,7.5,5
500.0,3,charge,0.7019410202878671,4.125472142885422,299.08605921252337,4.0,5
501.0,1,charge,0.7564197562990405,4.119813444814444,298.7301051283844,3.0,5
501.0,2,charge,0.5382829627545147,4.059261278698678,300.78983221875353,7.5,5
501.0,3,charge,0.702230513766455,4.125769601302793,299.08751353081186,4.0,5
502.0,1,charge,0.7566154904439891,4.1200121204416345,298.73123311970915,3.0,5
502.0,2,charge,0.5388013582915059,4.0596082879879445,300.7948267259119,7.5,5
502.0,3,charge,0.7025200072450402,4.1260667207585735,299.08896779451044,4.0,5
503.0,1,charge,0.7568112245889446,4.120210710319991,298.732360979043,3.0,5
503.0,2,charge,0.539319753828497,4.059955490963576,300.79982011761643,7.5,5
503.0,3,charge,0.7028095007236255,4.126363503983262,299.0904220041097,4.0,5
504.0,1,charge,0.7570069587338961,4.120409210986608,298.7334887042784,3.0,5
504.0,2,charge,0.5398381493654881,4.0603028967749495,300.80481239454565,7.5,5
504.0,3,charge,0.7030989942022136,4.126659953742533,299.0918761600789,4.0,5
505.0,1,charge,0.7572026928788448,4.120607621459037,298.73461629548865,3.0,5
505.0,2,charge,0.5403565449024793,4.060650514620428,300.8098035573783,7.5,5
505.0,3,charge,0.7033884876807985,4.126956072730452,299.0933302628924,4.0,5
506.0,1,charge,0.7573984270237963,4.120805940748891,298.7357437527468,3.0,5
506.0,2,charge,0.5408749404394704,4.060998353749238,300.81479360679305,7.5,5
506.0,3,charge,0.7036779811593867,4.127251863615789,299.09478431301767,4.0,5
507.0,1,charge,0.7575941611687488,4.12100416786183,298.73687107612614,3.0,5
507.0,2,charge,0.5413933359764616,4.061346423463451,300.81978254346836,7.5,5
507.0,3,charge,0.7039674746379719,4.127547328743062,299.09623831098907,4.0,5
508.0,1,charge,0.7577898953137004,4.121202301797652,298.7379982656997,3.0,5
508.0,2,charge,0.5419117315134526,4.061694733119905,300.8247703680831,7.5,5
508.0,3,charge,0.7042569681165601,4.127842470865259,299.0976922572271,4.0,5
509.0,1,charge,0.7579856294586491,4.121400341550277,298.7391253215407,3.0,5
509.0,2,charge,0.5424301270504438,4.062043292132308,300.8297570813159,7.5,5
509.0,3,charge,0.7045464615951453,4.1281372925622115,299.0991461521814,4.0,5
510.0,1,charge,0.7581813636036006,4.121598286107805,298.74025224372224,3.0,5
510.0,2,charge,0.5429485225874349,4.062392109973288,300.83474268384526,7.5,5
510.0,3,charge,0.7048359550737326,4.128431796394639,299.10059999629283,4.0,5
511.0,1,charge,0.7583770977485531,4.121796134452559,298.74137903231747,3.0,5
511.0,2,charge,0.543466918124426,4.062741196176545,300.8397271763499,7.5,5
511.0,3,charge,0.705125448552318,4.12872598484026,299.10205379000917,4.0,5
512.0,1,charge,0.7585728318935053,4.121993885561087,298.7425056873996,3.0,5
512.0,2,charge,0.5439853136614172,4.063090560339073,300.84471055950854,7.5,5
512.0,3,charge,0.7054149420309059,4.129019860284295,299.1035075337874,4.0,5
513.0,1,charge,0.758768566038454,4.122191538404222,298.7436322090418,3.0,5
513.0,2,charge,0.5445037091984083,4.063440216872277,300.8496928623004,7.5,5
513.0,3,charge,0.7057044355094914,4.12931342525251,299.1049612280356,4.0,5
514.0,1,charge,0.7589643001834055,4.122389091993362,298.7447585973659,3.0,5
514.0,2,charge,0.5450221047353995,4.063790175407403,300.85467408476944,7.5,5
514.0,3,charge,0.7059939289880791,4.129606682174084,299.1064148731715,4.0,5
515.0,1,charge,0.759160034328358,4.122586548486693,298.7458848558112,3.0,5
515.0,2,charge,0.5455405002723905,4.064140442900463,300.8596542106138,7.5,5
515.0,3,charge,0.7062834224666643,4.129899633451118,299.10786846960565,4.0,5
516.0,1,charge,0.7593557684733097,4.122783904352389,298.74701098183806,3.0,5
516.0,2,charge,0.5460588958093817,4.064491029342805,300.86463324119416,7.5,5
516.0,3,charge,0.7065729159452525,4.130192281371381,299.1093220177629,4.0,5
517.0,1,charge,0.7595515026182583,4.1229811585944205,298.74813697557926,3.0,5
517.0,2,charge,0.5465772913463728,4.0648419448013895,300.8696111778709,7.5,5
517.0,3,charge,0.7068624094238345,4.130484628244739,299.110775518048,4.0,5
518.0,1,charge,0.7597472367632098,4.12317831021106,298.7492628371675,3.0,5
518.0,2,charge,0.5470956868833629,4.065193199421348,300.87458802200456,7.5,5
518.0,3,charge,0.7071519029024227,4.130776676385874,299.11222897085014,4.0,5
519.0,1,charge,0.7599429709081623,4.123375358194966,298.75038856673586,3.0,5
519.0,2,charge,0.5476140824203551,4.0655448034286135,300.8795637749557,7.5,5
519.0,3,charge,0.7074413963810079,4.131068428049843,299.1136823765587,4.0,5
520.0,1,charge,0.760138705053114,4.1235723015331445,298.7515141644169,3.0,5
520.0,2,charge,0.5481324779573462,4.065896767132643,300.8845384380848,7.5,5
520.0,3,charge,0.7077308898595958,4.131359885459195,299.11513573555675,4.0,5
521.0,1,charge,0.7603344391980653,4.123769139207042,298.7526396303436,3.0,5
521.0,2,charge,0.5486508734943374,4.066249100929153,300.88951201275233,7.5,5
521.0,3,charge,0.708020383338181,4.1316510505579425,299.1165890482815,4.0,5
522.0,1,charge,0.760530173343018,4.123965870192517,298.7537649646487,3.0,5
522.0,2,charge,0.5491692690313285,4.066601815302966,300.8944845003188,7.5,5
522.0,3,charge,0.7083098768167684,4.131941925600185,299.118042315079,4.0,5
523.0,1,charge,0.7607259074879696,4.124162493459945,298.75489016746513,3.0,5
523.0,2,charge,0.5496876645683196,4.066954920830879,300.8994559021447,7.5,5
523.0,3,charge,0.7085993702953535,4.132232512683442,299.119495536319,4.0,5
524.0,1,charge,0.7609216416329182,4.1243590079741566,298.7560152389256,3.0,5
524.0,2,charge,0.5502060601053108,4.067308428184662,300.9044262195906,7.5,5
524.0,3,charge,0.7088888637739416,4.132522813869678,299.12094871236565,4.0,5
525.0,1,charge,0.7611173757778698,4.124555412694566,298.75714017916295,3.0,5
525.0,2,charge,0.5507244556423019,4.067662348134057,300.909395454017,7.5,5
525.0,3,charge,0.7091783572525266,4.132812831186806,299.1224018435764,4.0,5
526.0,1,charge,0.761313109922823,4.1247517065751005,298.75826498831003,3.0,5
526.0,2,charge,0.5512428511792931,4.0680166915498805,300.9143636067843,7.5,5
526.0,3,charge,0.7094678507311116,4.133102566628601,299.1238549303027,4.0,5
527.0,1,charge,0.7615088440677745,4.12494788893067,298.75938966726653,3.0,5
527.0,2,charge,0.5517612467162841,4.068371470383737,300.91933068895264,7.5,5
527.0,3,charge,0.7097573442096998,4.133392022154563,299.12530797288935,4.0,5
528.0,1,charge,0.7617045782127232,4.125143958709696,298.7605142161771,3.0,5
528.0,2,charge,0.5522796422532753,4.068726696000131,300.9242967046588,7.5,5
528.0,3,charge,0.7100468376882848,4.133681199287346,299.12676097177365,4.0,5
529.0,1,charge,0.7619003123576746,4.125339914635221,298.7616386347259,3.0,5
529.0,2,charge,0.5527980377902664,4.0690823787815775,300.9292616471927,7.5,5
529.0,3,charge,0.7103363311668729,4.133970099891963,299.1282139272943,4.0,5
530.0,1,charge,0.7620960465026273,4.125535755650766,298.7627629230693,3.0,5
530.0,2,charge,0.5533164333272576,4.0694385300667975,300.93422551821243,7.5,5
530.0,3,charge,0.710625824645458,4.134258725900701,299.1296668397583,4.0,5
531.0,1,charge,0.7622917806475789,4.1257314806945224,298.7638870813636,3.0,5
531.0,2,charge,0.5538348288642487,4.069795161312298,300.9391883193761,7.5,5
531.0,3,charge,0.7109153181240454,4.134547079068785,299.1311197095015,4.0,5
532.0,1,charge,0.7624875147925275,4.125927088699433,298.76501110976506,3.0,5
532.0,2,charge,0.5543532244012398,4.070152284095875,300.9441500523419,7.5,5
532.0,3,charge,0.7112048116026303,4.134835161112263,299.1325725368545,4.0,5
533.0,1,charge,0.762683248937479,4.126122578593158,298.7661350084303,3.0,5
533.0,2,charge,0.554871619938231,4.070509910120269,300.9491107187679,7.5,5
533.0,3,charge,0.7114943050812185,4.1351229737080315,299.13402532214286,4.0,5
534.0,1,charge,0.7628789830824345,4.126317949298169,298.7672587775154,3.0,5
534.0,2,charge,0.555390015475222,4.070868051216822,300.9540703203122,7.5,5
534.0,3,charge,0.7117837985598005,4.13541051849384,299.13547806568664,4.0,5
535.0,1,charge,0.7630747172273831,4.12651319973175,298.768382417177,3.0,5
535.0,2,charge,0.5559084110122132,4.071226719349243,300.9590288586329,7.5,5
535.0,3,charge,0.7120732920383888,4.135697796906759,299.1369307678402,4.0,5
536.0,1,charge,0.7632704513723346,4.126708328806016,298.7695059275713,3.0,5
536.0,2,charge,0.5564268065492043,4.071585926617498,300.96398633538814,7.5,5
536.0,3,charge,0.7123627855169739,4.135984810230203,299.1383834289808,4.0,5
537.0,1,charge,0.7634661855172872,4.1269033354279685,298.7706293088547,3.0,5
537.0,2,charge,0.5569452020861956,4.0719456852616505,300.968942752236,7.5,5
537.0,3,charge,0.712652278995562,4.136271560080641,299.1398360493896,4.0,5
538.0,1,charge,0.7636619196622385,4.127098218499533,298.77175256118363,3.0,5
538.0,2,charge,0.5574635976231866,4.072306007665934,300.9738981108346,7.5,5
538.0,3,charge,0.712941772474147,4.1365580478499915,299.14128862938804,4.0,5
539.0,1,charge,0.7638576538071874,4.127292976914685,298.7728756847179,3.0,5
539.0,2,charge,0.5579819931601777,4.072666906362778,300.97885241284206,7.5,5
539.0,3,charge,0.7132312659527351,4.13684427488197,299.14274116929454,4.0,5
540.0,1,charge,0.7640533879521388,4.12748760951262,298.77399867967836,3.0,5
540.0,2,charge,0.558500388697169,4.073028394037003,300.98380565991647,7.5,5
540.0,3,charge,0.7135207594313204,4.137130242472292,299.1441936694246,4.0,5
540.0,1,charge,0.7640533879521394,4.12748760951262,298.77399867967836,3.0,6
540.0,1,charge,0.7640533879521388,4.12748760951262,298.77399867967836,3.0,6
540.0,2,charge,0.5585003886971681,4.073028394037003,300.98380565991647,7.0,6
540.0,2,charge,0.558500388697169,4.065956298763884,300.98380565991647,7.0,6
540.0,3,charge,0.7135207594313213,4.137130242472292,299.1441936694246,4.0,6
540.0,3,charge,0.7135207594313204,4.137130242472292,299.1441936694246,4.0,6
541.0,1,charge,0.7642491220970913,4.127682103301995,298.77512145406183,3.0,6
541.0,2,charge,0.558984224531691,4.065761758694658,300.98819886640825,7.0,6
541.0,3,charge,0.7138102529099077,4.137415970132529,299.1456461114517,4.0,6
542.0,1,charge,0.7644448562420428,4.127876470982546,298.77624411460727,3.0,6
542.0,2,charge,0.5594680603662172,4.0657158173526025,300.9925859847668,7.0,6
542.0,3,charge,0.7140997463884928,4.137701446690949,299.1470985077486,4.0,6
543.0,1,charge,0.7646405903869915,4.1280707111205,298.7773666595803,3.0,6
543.0,2,charge,0.5599518962007439,4.065735801874121,300.99696736043325,7.0,6
543.0,3,charge,0.7143892398670809,4.137986654212254,299.1485508782118,4.0,6
544.0,1,charge,0.7648363245319437,4.128264813831187,298.7784890188678,3.0,6
544.0,2,charge,0.5604357320352662,4.065794886843882,301.00134329133516,7.0,6
544.0,3,charge,0.714678733345666,4.138271600879843,299.1500032159054,4.0,6
545.0,1,charge,0.7650320586768963,4.128458790285368,298.77961129151487,3.0,6
545.0,2,charge,0.5609195678697925,4.0658814581466425,301.00571404688185,7.0,6
545.0,3,charge,0.7149682268242542,4.138556293522076,299.1514555152604,4.0,6
546.0,1,charge,0.7652277928218477,4.128652639383077,298.78073347907946,3.0,6
546.0,2,charge,0.5614034037043194,4.065989311457812,301.0100798736169,7.0,6
546.0,3,charge,0.7152577203028392,4.138840729437721,299.15290778072836,4.0,6
547.0,1,charge,0.7654235269667964,4.128846356075748,298.7818555499235,3.0,6
547.0,2,charge,0.5618872395388453,4.066114595061437,301.014440998307,7.0,6
547.0,3,charge,0.7155472137814243,4.139124912171181,299.1543600095621,4.0,6
548.0,1,charge,0.765619261111748,4.129039937346132,298.7829774895254,3.0,6
548.0,2,charge,0.5623710753733676,4.066254726671592,301.0187976300455,7.0,6
548.0,3,charge,0.7158367072600126,4.139408843168148,299.1558122016735,4.0,6
549.0,1,charge,0.7658149952567007,4.12923338404285,298.78409931603795,3.0,6
549.0,2,charge,0.5628549112078945,4.066407800470604,301.0231499621406,7.0,6
549.0,3,charge,0.7161262007385975,4.139692523200076,299.1572643577733,4.0,6
550.0,1,charge,0.766010729401652,4.129426694640873,298.78522102716545,3.0,6
550.0,2,charge,0.5633387470424205,4.066572344708318,301.02749817371006,7.0,6
550.0,3,charge,0.7164156942171858,4.139975951198859,299.1587164782391,4.0,6
551.0,1,charge,0.7662064635466007,4.129619866262637,298.78634260636113,3.0,6
551.0,2,charge,0.5638225828769428,4.066747194026516,301.031842431052,7.0,6
551.0,3,charge,0.7167051876957709,4.140259129823115,299.16016856283227,4.0,6
552.0,1,charge,0.766402197691552,4.129812898528627,298.78746406349103,3.0,6
552.0,2,charge,0.56430641871147,4.066931399400578,301.0361828887767,7.0,6
552.0,3,charge,0.7169946811743582,4.140542060309685,299.16162061153534,4.0,6
553.0,1,charge,0.7665979318365047,4.130005790120125,298.78858539855526,3.0,6
553.0,2,charge,0.5647902545459957,4.067124170082931,301.0405196908627,7.0,6
553.0,3,charge,0.7172841746529431,4.1408247437263395,299.16307262434833,4.0,6
554.0,1,charge,0.7667936659814562,4.130198539916947,298.7897066051963,3.0,6
554.0,2,charge,0.5652740903805179,4.067324830341799,301.04485297173454,7.0,6
554.0,3,charge,0.7175736681315313,4.141107181079514,299.1645246012713,4.0,6
555.0,1,charge,0.7669894001264047,4.130391146535445,298.79082768517947,3.0,6
555.0,2,charge,0.565757926215045,4.0675327982635245,301.0491828571078,7.0,6
555.0,3,charge,0.7178631616101133,4.141389371437705,299.1659765434544,4.0,6
556.0,1,charge,0.7671851342713604,4.1305836085767,298.79194864062566,3.0,6
556.0,2,charge,0.5662417620495709,4.067747568968089,301.05350946470463,7.0,6
556.0,3,charge,0.7181526550887015,4.141671312698739,299.1674284527291,4.0,6
557.0,1,charge,0.7673808684163117,4.130775924705432,298.7930694715347,3.0,6
557.0,2,charge,0.5667255978840932,4.067968686667308,301.0578329051049,7.0,6
557.0,3,charge,0.7184421485672864,4.141953008702412,299.1688803272473,4.0,6
558.0,1,charge,0.7675766025612604,4.130968093582391,298.79419017790684,3.0,6
558.0,2,charge,0.5672094337186201,4.068195762977191,301.06215328203683,7.0,6
558.0,3,charge,0.7187316420458745,4.142234460213164,299.1703321670091,4.0,6
559.0,1,charge,0.7677723367062118,4.131160113864366,298.7953107597418,3.0,6
559.0,2,charge,0.567693269553146,4.068428447016741,301.0664706931624,7.0,6
559.0,3,charge,0.7190211355244597,4.14251566793553,299.1717839720145,4.0,6
560.0,1,charge,0.7679680708511644,4.131351986491442,298.79643121831265,3.0,6
560.0,2,charge,0.5681771053876683,4.068666429908327,301.0707852304888,7.0,6
560.0,3,charge,0.7193106290030472,4.142796632514447,299.1732357422635,4.0,6
561.0,1,charge,0.768163804996116,4.131543713694549,298.797551555617,3.0,6
561.0,2,charge,0.5686609412221952,4.068909437507641,301.0750969807562,7.0,6
561.0,3,charge,0.7196001224816323,4.14307734973842,299.1746874811347,4.0,6
562.0,1,charge,0.7683595391410647,4.1317352890766035,298.7986717688519,3.0,6
562.0,2,charge,0.5691447770567212,4.069157220188962,301.0794060259425,7.0,6
562.0,3,charge,0.7198896159602203,4.143357821409048,299.1761391877316,4.0,6
563.0,1,charge,0.7685552732860161,4.131926711277057,298.79979185801716,3.0,6
563.0,2,charge,0.5696286128912434,4.069409550179434,301.0837124436468,7.0,6
563.0,3,charge,0.7201791094388054,4.143638049459134,299.17759086102376,4.0,6
564.0,1,charge,0.7687510074309687,4.1321179789316,298.8009118231129,3.0,6
564.0,2,charge,0.5701124487257704,4.06966621935112,301.0880163073678,7.0,6
564.0,3,charge,0.7204686029173937,4.143918034299616,299.179042501011,4.0,6
565.0,1,charge,0.7689467415759201,4.132309090672283,298.8020316641391,3.0,6
565.0,2,charge,0.5705962845602963,4.069927039512568,301.0923176868075,7.0,6
565.0,3,charge,0.7207580963959788,4.144197776283535,299.1804941076934,4.0,6
566.0,1,charge,0.7691424757208696,4.132500045127465,298.80315138109586,3.0,6
566.0,2,charge,0.5710801203948186,4.0701918381808,301.09661664819737,7.0,6
566.0,3,charge,0.7210475898745636,4.1444772749823855,299.1819456816323,4.0,6
567.0,1,charge,0.769338209865821,4.132690840921946,298.804270973983,3.0,6
567.0,2,charge,0.5715639562293459,4.070460460664186,301.10091325444176,7.0,6
567.0,3,charge,0.7213370833531519,4.144756525266629,299.18339722699164,4.0,6
568.0,1,charge,0.7695339440107737,4.132881476676992,298.8053904428007,3.0,6
568.0,2,charge,0.5720477920638716,4.070732763394301,301.105207565349,7.0,6
568.0,3,charge,0.721626576831737,4.14503553142598,299.18484874058726,4.0,6
569.0,1,charge,0.769729678155725,4.133071951010358,298.80650978754875,3.0,6
569.0,2,charge,0.5725316278983937,4.071008617666687,301.1094996380104,7.0,6
569.0,3,charge,0.7219160703103251,4.1453142935867655,299.18630022241894,4.0,6
570.0,1,charge,0.7699254123006739,4.133262262536363,298.8076290082273,3.0,6
570.0,2,charge,0.5730154637329208,4.071287902898697,301.1137895267044,7.0,6
570.0,3,charge,0.7222055637889102,4.14559281181921,299.18775167248685,4.0,6
571.0,1,charge,0.7701211464456253,4.133452409865956,298.80874810483635,3.0,6
571.0,2,charge,0.5734992995674469,4.071570509000203,301.1180772833959,7.0,6
571.0,3,charge,0.7224950572674985,4.145871086137812,299.18920309079095,4.0,6
572.0,1,charge,0.7703168805905779,4.133642391606735,298.8098670773758,3.0,6
572.0,2,charge,0.573983135401969,4.071856335038834,301.1223629577221,7.0,6
572.0,3,charge,0.7227845507460828,4.146149113580464,299.1906544798132,4.0,6
573.0,1,charge,0.7705126147355293,4.1338322063629995,298.81098592584584,3.0,6
573.0,2,charge,0.5744669712364959,4.0721452865908105,301.12664659696577,7.0,6
573.0,3,charge,0.7230740442246709,4.146426892885169,299.1921058405467,4.0,6
574.0,1,charge,0.770708348880481,4.134021852735842,298.8121046502462,3.0,6
574.0,2,charge,0.5749508070710221,4.072437276756349,301.130928246691,7.0,6
574.0,3,charge,0.7233635377032559,4.146704426160066,299.19355717107425,4.0,6
575.0,1,charge,0.7709040830254336,4.134211329323156,298.8132232505771,3.0,6
575.0,2,charge,0.5754346429055454,4.072732226717643,301.1352079501081,7.0,6
575.0,3,charge,0.7236530311818441,4.146981713202192,299.195008471396,4.0,6
576.0,1,charge,0.771099817170385,4.1344006347196895,298.8143417268385,3.0,6
576.0,2,charge,0.5759184787400713,4.073030061427416,301.1394857489924,7.0,6
576.0,3,charge,0.7239425246604292,4.147258753754801,299.196459741512,4.0,6
577.0,1,charge,0.7712955513153337,4.1345897675171415,298.8154600790303,3.0,6
577.0,2,charge,0.5764023145745973,4.073330714529666,301.1437616830823,7.0,6
577.0,3,charge,0.7242320181390175,4.147535547507725,299.19791098142207,4.0,6
578.0,1,charge,0.7714912854602852,4.134778728957539,298.8165783108916,3.0,6
578.0,2,charge,0.5768861504091203,4.073634123003863,301.1480357906996,7.0,6
578.0,3,charge,0.7245215116175995,4.147812089129466,299.19936219575123,4.0,6
579.0,1,charge,0.7716870196052379,4.134967518873605,298.81769642419124,3.0,6
579.0,2,charge,0.5773699862436462,4.073940229657416,301.15230810853086,7.0,6
579.0,3,charge,0.7248110050961878,4.148088381106178,299.2008133818019,4.0,6
580.0,1,charge,0.7718827537501892,4.135156133084905,298.81881441504356,3.0,6
580.0,2,charge,0.5778538220781725,4.074248981854008,301.1565786718441,7.0,6
580.0,3,charge,0.7251004985747728,4.148364423372909,299.2022645392007,4.0,6
581.0,1,charge,0.7720784878951379,4.135344570168007,298.81993228344857,3.0,6
581.0,2,charge,0.5783376579126944,4.07456033091436,301.1608475145562,7.0,6
581.0,3,charge,0.7253899920533609,4.148640215411717,299.2037156679476,4.0,6
582.0,1,charge,0.7722742220400893,4.135532828696629,298.8210500294063,3.0,6
582.0,2,charge,0.5788214937472215,4.074874231835751,301.1651146692398,7.0,6
582.0,3,charge,0.725679485531946,4.148915756653317,299.2051667680427,4.0,6
583.0,1,charge,0.7724699561850428,4.135720907241655,298.82216765291656,3.0,6
583.0,2,charge,0.5793053295817476,4.07519064309577,301.16938016732183,7.0,6
583.0,3,charge,0.7259689790105335,4.149191045106574,299.2066178408838,4.0,6
584.0,1,charge,0.7726656903299942,4.135908804371203,298.82328515397955,3.0,6
584.0,2,charge,0.5797891654162697,4.07550952681493,301.17364403893447,7.0,6
584.0,3,charge,0.7262584724891185,4.149466077373786,299.2080688892545,4.0,6
585.0,1,charge,0.7728614244749429,4.136096518650714,298.82440253259523,3.0,6
585.0,2,charge,0.5802730012507966,4.075830847402105,301.17790631322885,7.0,6
585.0,3,charge,0.7265479659677068,4.14974085532148,299.20951991051913,4.0,6
586.0,1,charge,0.7730571586198942,4.136284048642942,298.82551978876353,3.0,6
586.0,2,charge,0.5807568370853228,4.076154573376207,301.1821670181544,7.0,6
586.0,3,charge,0.7268374594462916,4.1500153781809015,299.21097090467765,4.0,6
587.0,1,charge,0.7732528927648471,4.1364713929080565,298.82663692248445,3.0,6
587.0,2,charge,0.5812406729198448,4.076480675077822,301.186426180748,7.0,6
587.0,3,charge,0.7271269529248799,4.150289645134019,299.2124218717301,4.0,6
588.0,1,charge,0.7734486269097985,4.136658554784395,298.8277539418822,3.0,6
588.0,2,charge,0.5817245087543718,4.076809126020743,301.19068382702176,7.0,6
588.0,3,charge,0.727416446403465,4.150563655313903,299.2138728116764,4.0,6
589.0,1,charge,0.7736443610547471,4.136845528996002,298.8288708404639,3.0,6
589.0,2,charge,0.5822083445888979,4.077139902284999,301.1949399820662,7.0,6
589.0,3,charge,0.7277059398820498,4.150837404770559,299.2153237279067,4.0,6
590.0,1,charge,0.7738400951996985,4.137032314054448,298.8299876181648,3.0,6
590.0,2,charge,0.58269218042342,4.077472982147916,301.1991946701062,7.0,6
590.0,3,charge,0.7279954333606381,4.1511108931014995,299.21677461979885,4.0,6
591.0,1,charge,0.7740358293446541,4.137218908507144,298.83110427498485,3.0,6
591.0,2,charge,0.5831760162579469,4.077808346162381,301.2034479144946,7.0,6
591.0,3,charge,0.7282849268392231,4.15138412039862,299.2182254861235,4.0,6
592.0,1,charge,0.7742315634896028,4.137405310899133,298.832220810924,3.0,6
592.0,2,charge,0.5836598520924732,4.078145977010303,301.2076997378045,7.0,6
592.0,3,charge,0.7285744203178113,4.15165708560574,299.21967632688063,4.0,6
593.0,1,charge,0.7744272976345542,4.137591519773137,298.83333722598235,3.0,6
593.0,2,charge,0.5841436879269951,4.078485859385266,301.2119501617579,7.0,6
593.0,3,charge,0.7288639137963963,4.151929787619958,299.22112714207026,4.0,6
594.0,1,charge,0.774623031779507,4.1377775336696665,298.83445352015985,3.0,6
594.0,2,charge,0.584627523761522,4.0788279797191365,301.21619920743973,7.0,6
594.0,3,charge,0.7291534072749838,4.15220222496384,299.22257793209343,4.0,6
595.0,1,charge,0.7748187659244582,4.137963351126993,298.83556969345653,3.0,6
595.0,2,charge,0.5851113595960483,4.079172326117932,301.22044689524733,7.0,6
595.0,3,charge,0.7294429007535689,4.152474392840317,299.2240287013552,4.0,6
596.0,1,charge,0.7750145000694071,4.138148970681302,298.83668574587233,3.0,6
596.0,2,charge,0.5855951954305703,4.079518889048894,301.2246932447137,7.0,6
596.0,3,charge,0.729732394232157,4.152746292689882,299.2254794465833,4.0,6
597.0,1,charge,0.7752102342143583,4.13833439294768,298.83780168143477,3.0,6
597.0,2,charge,0.5860790312650973,4.079867660196105,301.2289382748438,7.0,6
597.0,3,charge,0.730021887710742,4.153017923228965,299.22693016777737,4.0,6
598.0,1,charge,0.7754059683593112,4.138519616911982,298.8389175010362,3.0,6
598.0,2,charge,0.5865628670996235,4.080218632389961,301.2331820041402,7.0,6
598.0,3,charge,0.7303113811893271,4.153289283129408,299.2283808649377,4.0,6
599.0,1,charge,0.7756017025042625,4.138704639361038,298.8400332013115,3.0,6
599.0,2,charge,0.5870467029341465,4.080571800272605,301.23742445042404,7.0,6
599.0,3,charge,0.7306008746679122,4.153560371018871,299.22983153806416,4.0,6
600.0,1,charge,0.775797436649212,4.13888945882033,298.8411487822606,3.0,6
600.0,2,charge,0.5875305387686725,4.080927161087258,301.24166563063477,7.0,6
600.0,3,charge,0.7308903681465005,4.153831183789463,299.2312821894173,4.0,6
601.0,1,charge,0.7759931707941633,4.1390740738134255,298.84226424388356,3.0,6
601.0,2,charge,0.5880143746031986,4.081284711817225,301.2459055616066,7.0,6
601.0,3,charge,0.7311798616250854,4.154101719028109,299.23273282027634,4.0,6
602.0,1,charge,0.7761889049391162,4.139258482862115,298.8433795861805,3.0,6
602.0,2,charge,0.5884982104377219,4.081644451195424,301.2501442595373,7.0,6
602.0,3,charge,0.7314693551036736,4.154371976738836,299.23418342863266,4.0,6
603.0,1,charge,0.7763846390840674,4.13944268448639,298.8444948091513,3.0,6
603.0,2,charge,0.5889820462722481,4.082006380187026,301.25438173985077,7.0,6
603.0,3,charge,0.7317588485822587,4.15464195537911,299.23563401448627,4.0,6
604.0,1,charge,0.7765803732290163,4.13962667720458,298.8456099127959,3.0,6
604.0,2,charge,0.5894658821067741,4.082370500402235,301.25861801765325,7.0,6
604.0,3,charge,0.7320483420608462,4.15491165336437,299.23708457783715,4.0,6
605.0,1,charge,0.7767761073739676,4.139810459533383,298.8467248971144,3.0,6
605.0,2,charge,0.589949717941297,4.082736814479865,301.2628531076315,7.0,6
605.0,3,charge,0.7323378355394312,4.1551810690684805,299.2385351186854,4.0,6
606.0,1,charge,0.7769718415189204,4.139994030135686,298.8478397624262,3.0,6
606.0,2,charge,0.5904335537758235,4.083105326474774,301.2670870239434,7.0,6
606.0,3,charge,0.7326273290180194,4.155450197838444,299.2399856413869,4.0,6
607.0,1,charge,0.7771675756638717,4.1401773908707185,298.8489545159698,3.0,6
607.0,2,charge,0.5909173896103492,4.083476041891252,301.27131978020367,7.0,6
607.0,3,charge,0.7329168224966044,4.155719039555878,299.24143614363,4.0,6
608.0,1,charge,0.7773633098088204,4.140360537582783,298.85006915199403,3.0,6
608.0,2,charge,0.5914012254448725,4.083848966892154,301.2755513897497,7.0,6
608.0,3,charge,0.7332063159751928,4.155987592827019,299.24288662490113,4.0,6
609.0,1,charge,0.777559043953776,4.14054346881745,298.8511836705809,3.0,6
609.0,2,charge,0.5918850612793987,4.084224108833739,301.2797818654675,7.0,6
609.0,3,charge,0.7334958094537776,4.156255855866024,299.24433708520036,4.0,6
610.0,1,charge,0.7777547780987274,4.14072618311873,298.8522980718126,3.0,6
610.0,2,charge,0.5923688971139244,4.084601476233255,301.2840112197925,7.0,6
610.0,3,charge,0.7337853029323624,4.156523826847667,299.24578752452754,4.0,6
611.0,1,charge,0.7779505122436761,4.140908679029142,298.8534123557712,3.0,6
611.0,2,charge,0.5928527329484476,4.084981078471409,301.28823946483254,7.0,6
611.0,3,charge,0.734074796410951,4.156791503141187,299.2472379441013,4.0,6
612.0,1,charge,0.7781462463886274,4.14109095508978,298.8545265225388,3.0,6
612.0,2,charge,0.5933365687829738,4.085362925855768,301.29246661234066,7.0,6
612.0,3,charge,0.7343642898895356,4.157058880935103,299.24868834696093,4.0,6
613.0,1,charge,0.7783419805335803,4.14127300984037,298.85564057219756,3.0,6
613.0,2,charge,0.5938204046174995,4.085747029775581,301.29669267366523,7.0,6
613.0,3,charge,0.734653783368124,4.157325960006844,299.25013873038085,4.0,6
614.0,1,charge,0.7785377146785316,4.14145484181935,298.8567545048296,3.0,6
614.0,2,charge,0.5943042404520228,4.086133402748677,301.30091765973924,7.0,6
614.0,3,charge,0.7349432768467083,4.157592738380251,299.251589094361,4.0,6
615.0,1,charge,0.7787334488234803,4.14163644956391,298.85786832051696,3.0,6
615.0,2,charge,0.5947880762865491,4.086522057630536,301.3051415813429,7.0,6
615.0,3,charge,0.7352327703252964,4.157859214041965,299.2530394389014,4.0,6
616.0,1,charge,0.7789291829684317,4.14181783161003,298.85898201934185,3.0,6
616.0,2,charge,0.5952719121210748,4.086913008215985,301.3093644489083,7.0,6
616.0,3,charge,0.7355222638038814,4.15812538494182,299.2544897640021,4.0,6
617.0,1,charge,0.7791249171133845,4.141998986492618,298.8600956013864,3.0,6
617.0,2,charge,0.5957557479555977,4.087306269011346,301.3135862725957,7.0,6
617.0,3,charge,0.7358117572824697,4.158391247194781,299.25594007283627,4.0,6
618.0,1,charge,0.7793206512583366,4.142179912745476,298.8612090667325,3.0,6
618.0,2,charge,0.5962395837901234,4.087701855264239,301.317807062287,7.0,6
618.0,3,charge,0.7361012507610546,4.158656798701142,299.25739036537203,4.0,6
619.0,1,charge,0.7795163854032853,4.142360608901473,298.8623224154626,3.0,6
619.0,2,charge,0.5967234196246497,4.088099785049606,301.32202682691496,7.0,6
619.0,3,charge,0.736390744239643,4.158922037977132,299.2588406404265,4.0,6
620.0,1,charge,0.7797121195482366,4.142541073492501,298.8634356476585,3.0,6
620.0,2,charge,0.5972072554591726,4.088500074260839,301.32624557608136,7.0,6
620.0,3,charge,0.736680237718225,4.159186962758913,299.26029089813034,4.0,6
621.0,1,charge,0.7799078536931894,4.142721305054204,298.8645487634161,3.0,6
621.0,2,charge,0.5976910912936984,4.0889027404329585,301.3304633188241,7.0,6
621.0,3,charge,0.7369697311968134,4.159451570748365,299.26174113861424,4.0,6
622.0,1,charge,0.7801035878381409,4.142901303075446,298.865661765644,3.0,6
622.0,2,charge,0.5981749271282248,4.089307801668175,301.3346800639658,7.0,6
622.0,3,charge,0.7372592246753983,4.159715859613539,299.26319136200914,4.0,6
623.0,1,charge,0.7802993219830895,4.143081065416805,298.86677465246083,3.0,6
623.0,2,charge,0.5986587629627468,4.089715276587187,301.3388958201301,7.0,6
623.0,3,charge,0.7375487181539866,4.159979826989019,299.26464156844577,4.0,6
624.0,1,charge,0.7804950561280409,4.143260590636878,298.8678874240403,3.0,6
624.0,2,charge,0.5991425987972733,4.090125186400159,301.34311059504205,7.0,6
624.0,3,charge,0.7378382116325715,4.160243470476436,299.2660917580548,4.0,6
625.0,1,charge,0.7806907902729937,4.14343987729352,298.8690000805563,3.0,6
625.0,2,charge,0.5996264346318,4.090537551386433,301.34732439671933,7.0,6
625.0,3,charge,0.7381277051111598,4.16050678764485,299.26754193096724,4.0,6
626.0,1,charge,0.7808865244179449,4.143618923943805,298.87011262218266,3.0,6
626.0,2,charge,0.600110270466322,4.0909523917552555,301.3515372331792,7.0,6
626.0,3,charge,0.738417198589744,4.160769775738133,299.268992087918,4.0,6
627.0,1,charge,0.7810822585628936,4.143797729144158,298.8712250490931,3.0,6
627.0,2,charge,0.6005941063008484,4.091369728769869,301.35574911205794,7.0,6
627.0,3,charge,0.7387066920683324,4.1610324318786205,299.27044222983045,4.0,6
628.0,1,charge,0.7812779927078493,4.143976291450418,298.8723373614615,3.0,6
628.0,2,charge,0.6010779421353751,4.09178958414377,301.3599600408135,7.0,6
628.0,3,charge,0.7389961855469174,4.161294753712038,299.271892356485,4.0,6
629.0,1,charge,0.7814737268528006,4.1441546094178605,298.8734495594616,3.0,6
629.0,2,charge,0.6015617779698972,4.092211980114956,301.3641700266967,7.0,6
629.0,3,charge,0.7392856790255056,4.16155673859839,299.27334246818805,4.0,6
630.0,1,charge,0.7816694609977493,4.144332681601327,298.8745616432674,3.0,6
630.0,2,charge,0.6020456138044237,4.09263694035622,301.36837907642024,7.0,6
630.0,3,charge,0.7395751725040905,4.161818383867748,299.27479256524606,4.0,6
630.0,1,charge,0.7816694609977493,4.144332681601327,298.8745616432674,3.0,7
630.0,1,charge,0.7816694609977493,4.144332681601327,298.8745616432674,3.0,7
630.0,2,charge,0.6020456138044233,4.09263694035622,301.36837907642024,6.5,7
630.0,2,charge,0.6020456138044237,4.085323956642359,301.36837907642024,6.5,7
630.0,3,charge,0.7395751725040907,4.161818383867748,299.27479256524606,3.5,7
630.0,3,charge,0.7395751725040905,4.151890289356089,299.27479256524606,3.5,7
631.0,1,charge,0.7818651951427006,4.14451049865222,298.87567349388104,3.0,7
631.0,2,charge,0.6024948899364817,4.085140891318421,301.37205900174325,6.5,7
631.0,3,charge,0.7398284792978523,4.151569902633325,299.27593283802594,3.5,7
632.0,1,charge,0.7820609292876534,4.144688070012801,298.8767852728276,3.0,7
632.0,2,charge,0.6029441660685433,4.0851401970499275,301.37573386260857,6.5,7
632.0,3,charge,0.740081786091616,4.151438584704913,299.2770719348753,3.5,7
633.0,1,charge,0.7822566634326049,4.144865387677786,298.87789688146034,3.0,7
633.0,2,charge,0.6033934422006013,4.085214942727312,301.3794039583091,6.5,7
633.0,3,charge,0.7403350928853814,4.151384652071519,299.27820995080407,3.5,7
634.0,1,charge,0.7824523975775536,4.145042458904349,298.87900845219434,3.0,7
634.0,2,charge,0.6038427183326581,4.085333820260616,301.3830695378753,6.5,7
634.0,3,charge,0.7405883996791432,4.151373050887743,299.2793469505782,3.5,7
635.0,1,charge,0.7826481317225049,4.145219271390859,298.88011981828043,3.0,7
635.0,2,charge,0.6042919944647197,4.085483493491681,301.3867308237934,6.5,7
635.0,3,charge,0.740841706472907,4.1513889053304,299.2804829879986,3.5,7
636.0,1,charge,0.7828438658674577,4.145395831802837,298.8812311056718,3.0,7
636.0,2,charge,0.6047412705967775,4.085656961034049,301.39038801866,6.5,7
636.0,3,charge,0.7410950132666687,4.151424663285961,299.2816181102847,3.5,7
637.0,1,charge,0.7830396000124098,4.145572138846298,298.8823423179304,3.0,7
637.0,2,charge,0.6051905467288355,4.085849942896499,301.394041308581,6.5,7
637.0,3,charge,0.7413483200604305,4.151475759287456,299.28275236011194,3.5,7
638.0,1,charge,0.7832353341573585,4.145748190996304,298.88345345505627,3.0,7
638.0,2,charge,0.6056398228608971,4.086059628213098,301.3976908652575,6.5,7
638.0,3,charge,0.7416016268541943,4.151539259743461,299.2838857766074,3.5,7
639.0,1,charge,0.7834310683023097,4.1459239852843055,298.8845644929063,3.0,7
639.0,2,charge,0.6060890989929552,4.0862839868271195,301.4013368477118,6.5,7
639.0,3,charge,0.7418549336479596,4.151613156908885,299.2850183959953,3.5,7
640.0,1,charge,0.7836268024472625,4.146099518406439,298.88567540156146,3.0,7
640.0,2,charge,0.6065383751250121,4.086521473464201,301.40497940365464,6.5,7
640.0,3,charge,0.7421082404417214,4.151695949171691,299.28615025210325,3.5,7
641.0,1,charge,0.7838225365922139,4.146274790614903,298.8867862105468,3.0,7
641.0,2,charge,0.6069876512570735,4.086770883938035,301.4086186706171,6.5,7
641.0,3,charge,0.7423615472354852,4.151786482916097,299.2872813766835,3.5,7
642.0,1,charge,0.7840182707371626,4.146449800393967,298.88789691986227,3.0,7
642.0,2,charge,0.6074369273891317,4.0870312525288135,301.41225477688107,6.5,7
642.0,3,charge,0.742614854029247,4.151883864485754,299.2884117996351,3.5,7
643.0,1,charge,0.784214004882114,4.14662454622864,298.88900752950786,3.0,7
643.0,2,charge,0.6078862035211895,4.087301787275818,301.41588784227713,6.5,7
643.0,3,charge,0.7428681608230087,4.1519873670241445,299.28954154923025,3.5,7
644.0,1,charge,0.7844097390270668,4.1467990258768985,298.8901180227107,3.0,7
644.0,2,charge,0.608335479653251,4.0875818192376485,301.4195179790266,6.5,7
644.0,3,charge,0.7431214676167724,4.1520963938580735,299.2906706522438,3.5,7
645.0,1,charge,0.7846054731720181,4.146973238086016,298.89122840539915,3.0,7
645.0,2,charge,0.6087847557853091,4.087870780720067,301.4231452923912,6.5,7
645.0,3,charge,0.7433747744105378,4.152210456372517,299.2917991340536,3.5,7
646.0,1,charge,0.7848012073169668,4.147147181483717,298.89233868075297,3.0,7
646.0,2,charge,0.6092340319173669,4.088168172998793,301.42676988135594,6.5,7
646.0,3,charge,0.7436280812042994,4.15232913252804,299.29292701881326,3.5,7
647.0,1,charge,0.7849969414619181,4.147320854560601,298.8934488487723,3.0,7
647.0,2,charge,0.6096833080494275,4.088473571489449,301.4303918389758,6.5,7
647.0,3,charge,0.7438813879980634,4.152452052097629,299.294054329547,3.5,7
648.0,1,charge,0.785192675606871,4.147494255929434,298.8945589075562,3.0,7
648.0,2,charge,0.6101325841814855,4.088786593769264,301.4340112530276,6.5,7
648.0,3,charge,0.7441346947918251,4.15257889008572,299.29518108822225,3.5,7
649.0,1,charge,0.7853884097518222,4.147667384441913,298.8956688514508,3.0,7
649.0,2,charge,0.6105818603135443,4.089106903650322,301.437628206344,6.5,7
649.0,3,charge,0.7443880015855869,4.1527093596173525,299.2963073158178,3.5,7
650.0,1,charge,0.7855841438967709,4.147840238223408,298.8967786862365,3.0,7
650.0,2,charge,0.6110311364456051,4.089434214410511,301.4412427770817,6.5,7
650.0,3,charge,0.7446413083793515,4.152843209840412,299.2974330323748,3.5,7
651.0,1,charge,0.7857798780417266,4.148012815769135,298.8978884119131,3.0,7
651.0,2,charge,0.611480412577663,4.089768264389669,301.44485503925443,6.5,7
651.0,3,charge,0.7448946151731161,4.152980220027363,299.29855825704794,3.5,7
652.0,1,charge,0.7859756121866779,4.148185115575814,298.8989980284808,3.0,7
652.0,2,charge,0.6119296887097208,4.090108824262779,301.4484650629272,6.5,7
652.0,3,charge,0.7451479219668778,4.1531201888702345,299.29968300817836,3.5,7
653.0,1,charge,0.7861713463316266,4.148357136141712,298.90010753593936,3.0,7
653.0,2,charge,0.6123789648417813,4.090455682984874,301.45207291456467,6.5,7
653.0,3,charge,0.7454012287606416,4.153262937612778,299.300807303326,3.5,7
654.0,1,charge,0.7863670804765778,4.1485288759667505,298.901216934289,3.0,7
654.0,2,charge,0.6128282409738394,4.090808648858631,301.45567865730715,6.5,7
654.0,3,charge,0.7456545355544033,4.153408297972945,299.3019311593365,3.5,7
655.0,1,charge,0.7865628146215307,4.148700333552592,298.90232622352954,3.0,7
655.0,2,charge,0.6132775171058982,4.0911675453583385,301.45928235119146,6.5,7
655.0,3,charge,0.7459078423481651,4.1535561201804665,299.30305459236126,3.5,7
656.0,1,charge,0.7867585487664822,4.148871507402696,298.9034354036611,3.0,7
656.0,2,charge,0.613726793237959,4.091532214515633,301.4628840533246,6.5,7
656.0,3,charge,0.7461611491419288,4.153706262357989,299.30417761790324,3.5,7
657.0,1,charge,0.7869542829114308,4.149042396107637,298.9045444748648,3.0,7
657.0,2,charge,0.6141760693700169,4.091902510879478,301.4664838181401,6.5,7
657.0,3,charge,0.7464144559356942,4.153858594867312,299.30530025085574,3.5,7
658.0,1,charge,0.7871500170563821,4.1492130017194775,298.90565344469246,3.0,7
658.0,2,charge,0.6146253455020747,4.092278304076842,301.470081697504,6.5,7
658.0,3,charge,0.7466677627294558,4.15401299802836,299.30642250550864,3.5,7
659.0,1,charge,0.787345751201335,4.149383319521226,298.9067623063003,3.0,7
659.0,2,charge,0.6150746216341355,4.092659472183838,301.4736777408733,6.5,7
659.0,3,charge,0.7469210695232198,4.1541693594371,299.30754439560957,3.5,7
660.0,1,charge,0.7875414853462871,4.149553348022041,298.9078710596885,3.0,7
660.0,2,charge,0.6155238977661933,4.093045906533327,301.47727199559347,6.5,7
660.0,3,charge,0.7471743763169816,4.154327577002649,299.30866593435337,3.5,7
661.0,1,charge,0.7877372194912358,4.14972308573333,298.9089797048569,3.0,7
661.0,2,charge,0.6159731738982521,4.093437503355172,301.48086450677346,6.5,7
661.0,3,charge,0.7474276831107431,4.154487553954169,299.3097871344409,3.5,7
662.0,1,charge,0.787932953636187,4.149892531168742,298.9100882418055,3.0,7
662.0,2,charge,0.6164224500303127,4.093834168301408,301.4844553177348,6.5,7
662.0,3,charge,0.747680989904507,4.154649201048761,299.31090800807715,3.5,7
663.0,1,charge,0.7881286877811399,4.150061682844296,298.9111966705344,3.0,7
663.0,2,charge,0.6168717261623707,4.094235813966968,301.48804446994586,6.5,7
663.0,3,charge,0.7479342966982724,4.1548124340697346,299.3120285670121,3.5,7
664.0,1,charge,0.7883244219260913,4.15023053927845,298.9123049910436,3.0,7
664.0,2,charge,0.6173210022944285,4.094642357269384,301.4916320029692,6.5,7
664.0,3,charge,0.748187603492034,4.154977173526701,299.31314882255083,3.5,7
665.0,1,charge,0.7885201560710398,4.150399098992235,298.913413203333,3.0,7
665.0,2,charge,0.6177702784264891,4.095053720997855,301.49521795505234,6.5,7
665.0,3,charge,0.748440910285798,4.155143345103182,299.314268785572,3.5,7
666.0,1,charge,0.7887158902159913,4.150567360509246,298.91452130740265,3.0,7
666.0,2,charge,0.6182195545585472,4.0954698344678,301.49880236249464,6.5,7
666.0,3,charge,0.7486942170795595,4.155310878324999,299.31538846654945,3.5,7
667.0,1,charge,0.7889116243609441,4.150735322355821,298.9156293032526,3.0,7
667.0,2,charge,0.618668830690606,4.095890628765172,301.50238526046815,6.5,7
667.0,3,charge,0.7489475238733212,4.155479704526172,299.3165078755995,3.5,7
668.0,1,charge,0.7891073585058954,4.1509029830610515,298.91673719088277,3.0,7
668.0,2,charge,0.6191181068226668,4.096316041388276,301.5059666825448,6.5,7
668.0,3,charge,0.7492008306670852,4.155649761753921,299.31762702242537,3.5,7
669.0,1,charge,0.7893030926508441,4.151070341156913,298.9178449702932,3.0,7
669.0,2,charge,0.6195673829547249,4.096746012793066,301.5095466610381,6.5,7
669.0,3,charge,0.7494541374608468,4.155820990467742,299.318745916389,3.5,7
670.0,1,charge,0.7894988267957953,4.151237395178361,298.91895264148394,3.0,7
670.0,2,charge,0.6200166590867825,4.097180486404897,301.51312522703273,6.5,7
670.0,3,charge,0.7497074442546122,4.155993330278477,299.3198645665681,3.5,7
671.0,1,charge,0.7896945609407511,4.151404143663392,298.9200602044549,3.0,7
671.0,2,charge,0.6204659352188432,4.097619409182968,301.51670241037357,6.5,7
671.0,3,charge,0.7499607510483761,4.156166728758645,299.3209829816363,3.5,7
672.0,1,charge,0.7898902950856997,4.151570585153095,298.9211676592061,3.0,7
672.0,2,charge,0.6209152113509023,4.09806273022844,301.52027823985713,6.5,7
672.0,3,charge,0.7502140578421377,4.156341135066894,299.32210116997425,3.5,7
673.0,1,charge,0.790086029230651,4.151736718191849,298.92227500573756,3.0,7
673.0,2,charge,0.6213644874829601,4.098510400591936,301.5238527431203,6.5,7
673.0,3,charge,0.7504673646358995,4.156516497643899,299.32321913971873,3.5,7
674.0,1,charge,0.7902817633756039,4.151902542664125,298.9233822492481,3.0,7
674.0,2,charge,0.6218137636150207,4.0989623731567235,301.5274259468839,6.5,7
674.0,3,charge,0.7507206714296634,4.156692770785989,299.32433689864376,3.5,7
675.0,1,charge,0.7904774975205553,4.152068059681886,298.92448939974753,3.0,7
675.0,2,charge,0.6222630397470787,4.099418602594252,301.5309978768155,6.5,7
675.0,3,charge,0.750973978223425,4.156869910357957,299.3254544542633,3.5,7
676.0,1,charge,0.7906732316655037,4.152233264452228,298.9255964442578,3.0,7
676.0,2,charge,0.6227123158791363,4.0998790445739655,301.5345685576894,6.5,7
676.0,3,charge,0.7512272850171904,4.157047873057865,299.3265718138582,3.5,7
677.0,1,charge,0.7908689658104553,4.152398155529649,298.9267033827788,3.0,7
677.0,2,charge,0.6231615920111971,4.10034365588889,301.5381380134084,6.5,7
677.0,3,charge,0.7514805918109544,4.157226618304561,299.327688984412,3.5,7
678.0,1,charge,0.7910646999554082,4.152562731472303,298.92781021531067,3.0,7
678.0,2,charge,0.6236108681432562,4.100812395051303,301.54170626696475,6.5,7
678.0,3,charge,0.7517338986047161,4.157406107170507,299.32880597267234,3.5,7
679.0,1,charge,0.7912604341003594,4.152726990842016,298.92891694185334,3.0,7
679.0,2,charge,0.6240601442753143,4.101285220516152,301.54527334061146,6.5,7
679.0,3,charge,0.7519872053984779,4.157586302212886,299.32992278516434,3.5,7
680.0,1,charge,0.7914561682453081,4.152890932204478,298.9300235624068,3.0,7
680.0,2,charge,0.6245094204073746,4.1017620922897,301.5488392557535,6.5,7
680.0,3,charge,0.7522405121922416,4.157767167530049,299.33103942816587,3.5,7
681.0,1,charge,0.7916519023902594,4.153054554129245,298.9311300769711,3.0,7
681.0,2,charge,0.6249586965394326,4.102242970446902,301.55240403310546,6.5,7
681.0,3,charge,0.7524938189860071,4.157948668494454,299.3321559077449,3.5,7
682.0,1,charge,0.7918476365352131,4.153217855189876,298.9322364855462,3.0,7
682.0,2,charge,0.6254079726714905,4.102727815532116,301.5559676926381,6.5,7
682.0,3,charge,0.7527471257797689,4.158130771608439,299.3332722297687,3.5,7
683.0,1,charge,0.7920433706801644,4.1533808339640075,298.9333427881321,3.0,7
683.0,2,charge,0.625857248803551,4.10321658831293,301.5595302536489,6.5,7
683.0,3,charge,0.7530004325735334,4.158313445297816,299.3343883998806,3.5,7
684.0,1,charge,0.7922391048251131,4.1535434890334635,298.9344489847288,3.0,7
684.0,2,charge,0.6263065249356101,4.103709249641363,301.5630917347748,6.5,7
684.0,3,charge,0.7532537393672943,4.158496658718997,299.33550442354255,3.5,7
685.0,1,charge,0.7924348389700645,4.153705818984317,298.93555507533637,3.0,7
685.0,2,charge,0.6267558010676682,4.104205760263409,301.5666521539858,6.5,7
685.0,3,charge,0.753507046161056,4.158680381856614,299.336620306039,3.5,7
686.0,1,charge,0.7926305731150173,4.153867822407021,298.9366610599547,3.0,7
686.0,2,charge,0.6272050771997294,4.104706080646514,301.57021152872835,6.5,7
686.0,3,charge,0.7537603529548198,4.158864586671238,299.3377360524466,3.5,7
687.0,1,charge,0.7928263072599686,4.154029497896445,298.9377669385838,3.0,7
687.0,2,charge,0.6276543533317865,4.105210170835674,301.57376987588833,6.5,7
687.0,3,charge,0.7540136597485853,4.15904924571675,299.33885166768414,3.5,7
688.0,1,charge,0.7930220414049173,4.154190844052049,298.9388727112238,3.0,7
688.0,2,charge,0.6281036294638443,4.105717991172086,301.57732721161875,6.5,7
688.0,3,charge,0.754266966542347,4.159234332409683,299.3399671565104,3.5,7
689.0,1,charge,0.7932177755498729,4.154351859477893,298.9399783778746,3.0,7
689.0,2,charge,0.6285529055959056,4.1062295010051315,301.5808835516686,6.5,7
689.0,3,charge,0.7545202733361107,4.159419821464022,299.341082523499,3.5,7
690.0,1,charge,0.7934135096948243,4.1545125427827685,298.9410839385361,3.0,7
690.0,2,charge,0.6290021817279642,4.106744658731228,301.5844389113699,6.5,7
690.0,3,charge,0.7547735801298725,4.1596056883797825,299.3421977730817,3.5,7
691.0,1,charge,0.7936092438397729,4.154672895115059,298.94218940543306,3.0,7
691.0,2,charge,0.629451457860022,4.107263422153843,301.5879933055449,6.5,7
691.0,3,charge,0.7550268869236343,4.159791909519926,299.343312909544,3.5,7
692.0,1,charge,0.7938049779847243,4.154832915277014,298.9432947795354,3.0,7
692.0,2,charge,0.6299007339920824,4.107785750033359,301.59154674814954,6.5,7
692.0,3,charge,0.755280193717398,4.159978462000781,299.3444279370113,3.5,7
693.0,1,charge,0.7940007121296773,4.1549925997084,298.94440005035307,3.0,7
693.0,2,charge,0.6303500101241404,4.108311598245253,301.5950992531733,6.5,7
693.0,3,charge,0.7555335005111634,4.160165323759175,299.34554285948,3.5,7
694.0,1,charge,0.7941964462746286,4.15515194703395,298.94550521788614,3.0,7
694.0,2,charge,0.6307992862561982,4.108840922341477,301.59865083404225,6.5,7
694.0,3,charge,0.7557868073049252,4.160352473443512,299.34665768081413,3.5,7
695.0,1,charge,0.7943921804195773,4.155310955883579,298.9466102821345,3.0,7
695.0,2,charge,0.6312485623882588,4.109373677317166,301.6022015036721,6.5,7
695.0,3,charge,0.7560401140986899,4.1605398905863495,299.34777240472243,3.5,7
696.0,1,charge,0.7945879145645285,4.155469624892444,298.94771524309834,3.0,7
696.0,2,charge,0.6316978385203178,4.109909817786686,301.6057512744283,6.5,7
696.0,3,charge,0.756293420892451,4.1607275551629055,299.3488870348137,3.5,7
697.0,1,charge,0.7947836487094814,4.155627952701085,298.9488201007775,3.0,7
697.0,2,charge,0.6321471146523757,4.110449296235776,301.6093001585537,6.5,7
697.0,3,charge,0.7565467276862154,4.1609154477412,299.3500015745788,3.5,7
698.0,1,charge,0.7949793828544335,4.155785937955496,298.94992485517207,3.0,7
698.0,2,charge,0.6325963907844362,4.110992064443231,301.61284816782677,6.5,7
698.0,3,charge,0.7568000344799772,4.161103549425174,299.3511160273977,3.5,7
699.0,1,charge,0.7951751169993821,4.155943579307234,298.951029506282,3.0,7
699.0,2,charge,0.6330456669164943,4.111538073461078,301.61639531355377,6.5,7
699.0,3,charge,0.757053341273742,4.16129184188291,299.3522303965408,3.5,7
700.0,1,charge,0.7953708511443335,4.1561008754134825,298.95213405410726,3.0,7
700.0,2,charge,0.6334949430485521,4.112087272995765,301.6199416067465,6.5,7
700.0,3,charge,0.7573066480675065,4.161480308716362,299.353344685065,3.5,7
701.0,1,charge,0.7955665852892866,4.156257824937196,298.95323849864803,3.0,7
701.0,2,charge,0.6339442191806124,4.1126396114396515,301.6234870581174,6.5,7
701.0,3,charge,0.7575599548612685,4.1616689321282605,299.3544588960734,3.5,7
702.0,1,charge,0.7957623194342378,4.156414426547187,298.9543428399041,3.0,7
702.0,2,charge,0.634393495312672,4.113195036055057,301.62703167803073,6.5,7
702.0,3,charge,0.7578132616550303,4.161857695399503,299.3555730325271,3.5,7
703.0,1,charge,0.7959580535791865,4.156570678918175,298.95544707787553,3.0,7
703.0,2,charge,0.6348427714447296,4.113753493050368,301.6305754764682,6.5,7
703.0,3,charge,0.7580665684487947,4.162046582187162,299.35668709730123,3.5,7
704.0,1,charge,0.7961537877241377,4.156726580730963,298.9565512125624,3.0,7
704.0,2,charge,0.6352920475767901,4.114314927152677,301.6341184631932,6.5,7
704.0,3,charge,0.7583198752425597,4.162235576958308,299.3578010931489,3.5,7
705.0,1,charge,0.7963495218690935,4.156882130672461,298.9576552439646,3.0,7
705.0,2,charge,0.635741323708848,4.1148792818635815,301.63766064765855,6.5,7
705.0,3,charge,0.7585731820363243,4.162424665923186,299.3589150226192,3.5,7
706.0,1,charge,0.7965452560140421,4.157037327435852,298.9587591720822,3.0,7
706.0,2,charge,0.6361905998409058,4.115446499582044,301.64120203898415,6.5,7
706.0,3,charge,0.7588264888300861,4.1626138334824265,299.3600288883763,3.5,7
707.0,1,charge,0.7967409901589934,4.157192169720618,298.95986299691515,3.0,7
707.0,2,charge,0.6366398759729663,4.116016521634471,301.6447426459566,6.5,7
707.0,3,charge,0.7590797956238479,4.16280306523896,299.3611426929329,3.5,7
708.0,1,charge,0.7969367243039464,4.157346657648157,298.96096672639607,3.0,7
708.0,2,charge,0.6370891521050241,4.116589287516246,301.6482824772613,6.5,7
708.0,3,charge,0.7593331024176116,4.162992347127249,299.3622564387298,3.5,7
709.0,1,charge,0.7971324584488978,4.15750078928051,298.96207035692987,3.0,7
709.0,2,charge,0.6375384282370834,4.117164735567892,301.65182154129366,6.5,7
709.0,3,charge,0.7595864092113733,4.163181665979361,299.3633701280723,3.5,7
710.0,1,charge,0.7973281925938465,4.15765456299169,298.96317388660583,3.0,7
710.0,2,charge,0.6379877043691438,4.117742802769166,301.6553598462314,6.5,7
710.0,3,charge,0.7598397160051389,4.163371009330901,299.36448376315315,3.5,7
711.0,1,charge,0.7975239267387977,4.15780797753553,298.96427731560044,3.0,7
711.0,2,charge,0.6384369805012018,4.118323424729251,301.6588974000498,6.5,7
711.0,3,charge,0.7600930227989028,4.16356036397327,299.3655973462206,3.5,7
712.0,1,charge,0.7977196608837507,4.157961031672402,298.96538064409077,3.0,7
712.0,2,charge,0.6388862566332596,4.118906537474377,301.6624342100313,6.5,7
712.0,3,charge,0.7603463295926645,4.163749717495559,299.3667108794023,3.5,7
713.0,1,charge,0.7979153950287027,4.158113724169215,298.9664838722535,3.0,7
713.0,2,charge,0.6393355327653202,4.119492074375945,301.66597028364646,6.5,7
713.0,3,charge,0.760599636386426,4.163939057794426,299.36782436476307,3.5,7
714.0,1,charge,0.7981111291736513,4.158266053799618,298.9675870002655,3.0,7
714.0,2,charge,0.639784808897378,4.120079967131375,301.6695056282911,6.5,7
714.0,3,charge,0.7608529431801899,4.164128373369831,299.36893780425163,3.5,7
715.0,1,charge,0.7983068633186026,4.158418019344044,298.9686900283035,3.0,7
715.0,2,charge,0.6402340850294373,4.120670146627102,301.6730402510599,6.5,7
715.0,3,charge,0.7611062499739554,4.164317652912227,299.3700511997749,3.5,7
716.0,1,charge,0.7985025974635558,4.158569619589786,298.9697929565444,3.0,7
716.0,2,charge,0.6406833611614976,4.121262542501296,301.6765741588865,6.5,7
716.0,3,charge,0.761359556767717,4.164506885193537,299.3711645532174,3.5,7
717.0,1,charge,0.798698331608507,4.15872085333115,298.97089578516494,3.0,7
717.0,2,charge,0.6411326372935557,4.121857083218282,301.6801073585403,6.5,7
717.0,3,charge,0.761612863561481,4.164696059376878,299.3722778663863,3.5,7
718.0,1,charge,0.7988940657534557,4.158871719369538,298.971998514342,3.0,7
718.0,2,charge,0.6415819134256135,4.122453697681462,301.68363985618106,6.5,7
718.0,3,charge,0.7618661703552426,4.164885164882497,299.37339114103486,3.5,7
719.0,1,charge,0.7990897998984112,4.159022216513495,298.97310114425227,3.0,7
719.0,2,charge,0.642031189557674,4.123052312597951,301.687171658138,6.5,7
719.0,3,charge,0.7621194771490042,4.1650741914251075,299.37450437885303,3.5,7
720.0,1,charge,0.7992855340433627,4.1591723435788985,298.9742036750727,3.0,7
720.0,2,charge,0.6424804656897334,4.123652854243884,301.690702770422,6.5,7
720.0,3,charge,0.7623727839427681,4.165263129006696,299.3756175814685,3.5,7
720.0,1,charge,0.7992855340433603,4.1591723435788985,298.9742036750727,2.5,8
720.0,1,charge,0.7992855340433627,4.147893291281028,298.9742036750727,2.5,8
720.0,2,charge,0.6424804656897326,4.123652854243884,301.690702770422,6.0,8
720.0,2,charge,0.6424804656897334,4.1160664013722705,301.690702770422,6.0,8
720.0,3,charge,0.7623727839427686,4.165263129006696,299.3756175814685,3.0,8
720.0,3,charge,0.7623727839427681,4.154617546779047,299.3756175814685,3.0,8
721.0,1,charge,0.7994486458308191,4.147593176867106,298.9749637642213,2.5,8
721.0,2,charge,0.6428951821193248,4.1159301336882965,301.6937350689917,6.0,8
721.0,3,charge,0.7625899040517069,4.154283443363935,299.376449766286,3.0,8
722.0,1,charge,0.79961175761828,4.147436519650052,298.97572279130287,2.5,8
722.0,2,charge,0.6433098985489177,4.1160445301646735,301.6967632529038,6.0,8
722.0,3,charge,0.7628070241606475,4.154118524398136,299.3772809906257,3.0,8
723.0,1,charge,0.7997748694057372,4.147339263708288,298.97648084233793,2.5,8
723.0,2,charge,0.6437246149785106,4.116249887638583,301.6997875787986,6.0,8
723.0,3,charge,0.763024144269589,4.15402328142026,299.3781113344393,3.0,8
724.0,1,charge,0.799937981193198,4.14727467590045,298.9772379729082,2.5,8
724.0,2,charge,0.644139331408105,4.116506437263167,301.702808252132,6.0,8
724.0,3,charge,0.7632412643785299,4.153966322805923,299.3789408509234,3.0,8
725.0,1,charge,0.8001010929806589,4.147231337659855,298.9779942282185,2.5,8
725.0,2,charge,0.6445540478376979,4.1167974971214125,301.70582545405637,6.0,8
725.0,3,charge,0.7634583844874678,4.153934301074569,299.37976958389993,3.0,8
726.0,1,charge,0.8002642047681153,4.147203441643837,298.97874964747405,2.5,8
726.0,2,charge,0.6449687642672908,4.117114408193322,301.7088393485369,6.0,8
726.0,3,charge,0.7636755045964055,4.1539204370694645,299.38059757166764,3.0,8
727.0,1,charge,0.8004273165555762,4.147187474664316,298.9795042658807,2.5,8
727.0,2,charge,0.645383480696884,4.117451892063588,301.71185008585854,6.0,8
727.0,3,charge,0.7638926247053462,4.153920626966128,299.3814248487772,3.0,8
728.0,1,charge,0.8005904283430335,4.147181168168661,298.98025811560757,2.5,8
728.0,2,charge,0.6457981971264767,4.117806493721725,301.7148578046425,6.0,8
728.0,3,charge,0.7641097448142851,4.153932227671607,299.3822514468853,3.0,8
729.0,1,charge,0.8007535401304944,4.147182969237528,298.9810112263926,2.5,8
729.0,2,charge,0.6462129135560696,4.1181757593516775,301.71786263333854,6.0,8
729.0,3,charge,0.7643268649232257,4.15395342694814,299.3830773953059,3.0,8
730.0,1,charge,0.8009166519179537,4.1471917301169565,298.98176362598934,2.5,8
730.0,2,charge,0.6466276299856625,4.118557806960698,301.72086469147786,6.0,8
730.0,3,charge,0.7645439850321673,4.153982877369437,299.3839027214239,3.0,8
731.0,1,charge,0.8010797637054146,4.147206558755668,298.9825153404867,2.5,8
731.0,2,charge,0.6470423464152554,4.118951172734992,301.7238640905703,6.0,8
731.0,3,charge,0.7647611051411081,4.154019534864306,299.3847274509806,3.0,8
732.0,1,charge,0.8012428754928718,4.147226763881106,298.9832663944929,2.5,8
732.0,2,charge,0.6474570628448487,4.119354680831973,301.7268609348729,6.0,8
732.0,3,charge,0.764978225250046,4.1540625913928935,299.3855516082434,3.0,8
733.0,1,charge,0.8014059872803326,4.147251787585052,298.9840168113208,2.5,8
733.0,2,charge,0.6478717792744416,4.11976736254025,301.72985532201614,6.0,8
733.0,3,charge,0.7651953453589837,4.154111389383779,299.3863752161959,3.0,8
734.0,1,charge,0.8015690990677891,4.147281170563646,298.98476661310656,2.5,8
734.0,2,charge,0.6482864957040345,4.120188398277813,301.7328473436227,6.0,8
734.0,3,charge,0.7654124654679245,4.1541653896308475,299.38719829663466,3.0,8
735.0,1,charge,0.8017322108552499,4.1473145316093305,298.98551582090784,2.5,8
735.0,2,charge,0.6487012121336274,4.120617079018613,301.7358370858765,6.0,8
735.0,3,charge,0.7656295855768632,4.154224145463729,299.38802087026716,3.0,8
736.0,1,charge,0.8018953226427108,4.147351545985963,298.98626445480795,2.5,8
736.0,2,charge,0.6491159285632203,4.121052786267542,301.73882462996403,6.0,8
736.0,3,charge,0.7658467056858039,4.154287273513123,299.3888429568271,3.0,8
737.0,1,charge,0.8020584344301681,4.147391932952667,298.9870125339928,2.5,8
737.0,2,charge,0.6495306449928133,4.1214949761816815,301.74181005245003,6.0,8
737.0,3,charge,0.7660638257947454,4.154354439608978,299.3896645751492,3.0,8
738.0,1,charge,0.802221546217629,4.14743544177214,298.98776007683267,2.5,8
738.0,2,charge,0.6499453614224062,4.121943147223201,301.7447934257664,6.0,8
738.0,3,charge,0.7662809459036863,4.154425348308223,299.3904857432365,3.0,8
739.0,1,charge,0.8023846580050854,4.1474818485213785,298.9885071009329,2.5,8
739.0,2,charge,0.6503600778519991,4.122396871791858,301.7477748182721,6.0,8
739.0,3,charge,0.766498066012625,4.154499734446048,299.3913064783217,3.0,8
740.0,1,charge,0.8025477697925488,4.14753095884649,298.9892536231487,2.5,8
740.0,2,charge,0.650774794281592,4.122855743950918,301.75075429483405,6.0,8
740.0,3,charge,0.7667151861215658,4.154577369076174,299.3921267968814,3.0,8
741.0,1,charge,0.8027108815800055,4.147582600107681,298.9899996596401,2.5,8
741.0,2,charge,0.6511895107111849,4.123319412056459,301.7537319168503,6.0,8
741.0,3,charge,0.7669323062305027,4.154658048763579,299.3929467146923,3.0,8
742.0,1,charge,0.802873993367467,4.14763661574405,298.9907452259157,2.5,8
742.0,2,charge,0.6516042271407778,4.123787549100609,301.75670774261,6.0,8
742.0,3,charge,0.7671494263394415,4.154741587401418,299.3937662468812,3.0,8
743.0,1,charge,0.8030371051549235,4.1476928664979855,298.9914903368589,2.5,8
743.0,2,charge,0.6520189435703707,4.124259854568214,301.7596818275288,6.0,8
743.0,3,charge,0.7673665464483823,4.154827820992569,299.39458540794686,3.0,8
744.0,1,charge,0.8032002169423845,4.147751221552392,298.99223500677647,2.5,8
744.0,2,charge,0.6524336599999636,4.124736045287001,301.7626542243289,6.0,8
744.0,3,charge,0.7675836665573236,4.154916593029942,299.3954042118158,3.0,8
745.0,1,charge,0.8033633287298454,4.147811563127052,298.9929792494197,2.5,8
745.0,2,charge,0.6528483764295565,4.125215858833183,301.76562498321124,6.0,8
745.0,3,charge,0.7678007866662645,4.15500776514779,299.3962226718575,3.0,8
746.0,1,charge,0.8035264405173026,4.147873781258307,298.993723078007,2.5,8
746.0,2,charge,0.6532630928591494,4.125699045355564,301.7685941520803,6.0,8
746.0,3,charge,0.7680179067752024,4.1551012057764645,299.3970408009123,3.0,8
747.0,1,charge,0.8036895523047636,4.147937773239191,298.9944665052673,2.5,8
747.0,2,charge,0.6536778092887423,4.12618537542358,301.77156177660333,6.0,8
747.0,3,charge,0.7682350268841399,4.155196793471056,299.3978586113379,3.0,8
748.0,1,charge,0.80385266409222,4.148003445222598,298.995209543433,2.5,8
748.0,2,charge,0.6540925257183352,4.126674632284068,301.77452790039973,6.0,8
748.0,3,charge,0.7684521469930808,4.1552944172693955,299.3986761149907,3.0,8
749.0,1,charge,0.8040157758796835,4.1480707082354,298.99595220429063,2.5,8
749.0,2,charge,0.6545072421479281,4.127166613246022,301.77749256515426,6.0,8
749.0,3,charge,0.7686692671020197,4.155393970935098,299.3994933232994,3.0,8
750.0,1,charge,0.8041788876671401,4.148139480814562,298.9966944991747,2.5,8
750.0,2,charge,0.654921958577521,4.127661124977447,301.7804558107002,6.0,8
750.0,3,charge,0.7688863872109603,4.155495358991336,299.4003102472311,3.0,8
751.0,1,charge,0.8043419994546016,4.148209686520898,298.9974364390039,2.5,8
751.0,2,charge,0.6553366750071139,4.128157988263647,301.78341767525586,6.0,8
751.0,3,charge,0.7691035073199018,4.155598489988082,299.40112689735815,3.0,8
752.0,1,charge,0.804505111242058,4.14828125388644,298.99817803428954,2.5,8
752.0,2,charge,0.6557513914367071,4.128657027491627,301.78637819526284,6.0,8
752.0,3,charge,0.7693206274288427,4.155703279670348,299.4019432838407,3.0,8
753.0,1,charge,0.804668223029519,4.148354116083528,298.99891929515815,2.5,8
753.0,2,charge,0.6561661078663,4.129158079920334,301.7893374058649,6.0,8
753.0,3,charge,0.7695377475377806,4.15580964850842,299.40275941646865,3.0,8
754.0,1,charge,0.8048313348169799,4.148428209934055,298.9996602313578,2.5,8
754.0,2,charge,0.6565808242958929,4.129660988968942,301.79229534067923,6.0,8
754.0,3,charge,0.7697548676467182,4.1559175213762085,299.40357530465525,3.0,8
755.0,1,charge,0.8049944466044364,4.148503475766564,299.0004008522888,2.5,8
755.0,2,charge,0.6569955407254858,4.130165603890671,301.79525203188336,6.0,8
755.0,3,charge,0.769971987755659,4.156026827288148,299.40439095748627,3.0,8
756.0,1,charge,0.8051575583918981,4.1485798568598184,299.00114116702457,2.5,8
756.0,2,charge,0.6574102571550787,4.130671781039794,301.7982075106037,6.0,8
756.0,3,charge,0.7701891078645976,4.156137498840884,299.40520638371544,3.0,8
757.0,1,charge,0.8053206701793545,4.148657300266587,299.00188118428156,2.5,8
757.0,2,charge,0.6578249735846714,4.1311793847349865,301.8011618064314,6.0,8
757.0,3,charge,0.7704062279735385,4.156249473551469,299.4060215917334,3.0,8
758.0,1,charge,0.805483781966818,4.148735755348918,299.00262091247225,2.5,8
758.0,2,charge,0.6582396900142643,4.131688282387032,301.8041149480713,6.0,8
758.0,3,charge,0.77062334808248,4.156362689550228,299.40683658969334,3.0,8
759.0,1,charge,0.8056468937542746,4.148815172518422,299.00336035974993,2.5,8
759.0,2,charge,0.6586544064438574,4.132198349173253,301.8070669629757,6.0,8
759.0,3,charge,0.7708404681914209,4.156477088335775,299.40765138544214,3.0,8
760.0,1,charge,0.8058100055417362,4.148895506182333,299.00409953393665,2.5,8
760.0,2,charge,0.6590691228734503,4.132709465400055,301.8100178775655,6.0,8
760.0,3,charge,0.7710575883003588,4.156592618069592,299.40846598646834,3.0,8
761.0,1,charge,0.8059731173291925,4.148976714184929,299.0048384425472,2.5,8
761.0,2,charge,0.6594838393030432,4.1332215156235055,301.81296771731064,6.0,8
761.0,3,charge,0.7712747084092964,4.156709224459878,299.40928040009,3.0,8
762.0,1,charge,0.8061362291166535,4.14905875300785,299.0055770929094,2.5,8
762.0,2,charge,0.6598985557326361,4.133734390012693,301.8159165066701,6.0,8
762.0,3,charge,0.771491828518237,4.1568268569855515,299.41009463333967,3.0,8
763.0,1,charge,0.8062993409041145,4.14914158271999,299.00631549205497,2.5,8
763.0,2,charge,0.660313272162229,4.13424798278386,301.8188642692723,6.0,8
763.0,3,charge,0.7717089486271758,4.156945470919663,299.41090869293015,3.0,8
764.0,1,charge,0.806462452691571,4.149225167606875,299.00705364671165,2.5,8
764.0,2,charge,0.6607279885918219,4.134762192157021,301.82181102781396,6.0,8
764.0,3,charge,0.7719260687361167,4.157065019764904,299.4117225854153,3.0,8
765.0,1,charge,0.8066255644790324,4.149309470358194,299.00779156345027,2.5,8
765.0,2,charge,0.6611427050214149,4.135276920315771,301.8247568042347,6.0,8
765.0,3,charge,0.7721431888450582,4.1571854602502185,299.4125363170944,3.0,8
766.0,1,charge,0.806788676266489,4.14939445641577,299.0085292485855,2.5,8
766.0,2,charge,0.6615574214510078,4.135792073230217,301.82770161966766,6.0,8
766.0,3,charge,0.7723603089539961,4.157306752151275,299.4133498940075,3.0,8
767.0,1,charge,0.8069517880539498,4.149480093849256,299.00926670816887,2.5,8
767.0,2,charge,0.6619721378806007,4.136307560567117,301.83064549446243,6.0,8
767.0,3,charge,0.772577429062937,4.157428855859987,299.41416332202266,3.0,8
768.0,1,charge,0.8071148998414089,4.1495663509781,299.01000394808835,2.5,8
768.0,2,charge,0.6623868543101936,4.136823294865637,301.8335884483163,6.0,8
768.0,3,charge,0.7727945491718743,4.15755173378839,299.4149766067907,3.0,8
769.0,1,charge,0.8072780116288699,4.149653197847131,299.01074097401437,2.5,8
769.0,2,charge,0.6628015707397865,4.137339193297873,301.83653050015107,6.0,8
769.0,3,charge,0.7730116692808152,4.157675349781318,299.4157897537469,3.0,8
770.0,1,charge,0.8074411234163263,4.149740605649599,299.0114777913963,2.5,8
770.0,2,charge,0.6632162871693794,4.137855175200633,301.8394716682997,6.0,8
770.0,3,charge,0.7732287893897531,4.157799669131581,299.4166027681592,3.0,8
771.0,1,charge,0.8076042352037878,4.149828546774616,299.0122144055215,2.5,8
771.0,2,charge,0.6636310035989723,4.138371163738812,301.842411970422,6.0,8
771.0,3,charge,0.7734459094986946,4.157924658388723,299.4174156551083,3.0,8
772.0,1,charge,0.8077673469912443,4.149916994597863,299.0129508214909,2.5,8
772.0,2,charge,0.6640457200285652,4.138887085252907,301.8453514235718,6.0,8
772.0,3,charge,0.7736630296076356,4.1580502857602895,299.41822841947845,3.0,8
773.0,1,charge,0.8079304587787051,4.150005923827424,299.01368704420804,2.5,8
773.0,2,charge,0.6644604364581581,4.139402868879133,301.8482900442298,6.0,8
773.0,3,charge,0.773880149716574,4.158176520050741,299.4190410660108,3.0,8
774.0,1,charge,0.808093570566166,4.150095309789695,299.014423078427,2.5,8
774.0,2,charge,0.664875152887751,4.139918446640003,301.8512278482748,6.0,8
774.0,3,charge,0.774097269825515,4.158303331272812,299.41985359927844,3.0,8
775.0,1,charge,0.8082566823536226,4.150185128617567,299.0151589287425,2.5,8
775.0,2,charge,0.6652898693173441,4.140433753529068,301.85416485111017,6.0,8
775.0,3,charge,0.7743143899344525,4.158430691501284,299.420666023671,3.0,8
776.0,1,charge,0.8084197941410841,4.15027535792119,299.01589459957086,2.5,8
776.0,2,charge,0.6657045857469378,4.14094872723126,301.8571010676345,6.0,8
776.0,3,charge,0.7745315100433933,4.158558572776119,299.42147834345735,3.0,8
777.0,1,charge,0.8085829059285405,4.1503659759637,299.0166300951842,2.5,8
777.0,2,charge,0.6661193021765307,4.141463307947603,301.86003651214924,6.0,8
777.0,3,charge,0.7747486301523322,4.158686948426828,299.4222905627534,3.0,8
778.0,1,charge,0.8087460177160015,4.150456961470246,299.0173654197216,2.5,8
778.0,2,charge,0.6665340186061236,4.141977438411402,301.86297119852827,6.0,8
778.0,3,charge,0.7749657502612728,4.158815793373094,299.4231026855116,3.0,8
779.0,1,charge,0.8089091295034606,4.150548294350932,299.0181005771654,2.5,8
779.0,2,charge,0.6669487350357165,4.142491063816072,301.8659051402856,6.0,8
779.0,3,charge,0.7751828703702137,4.158945082849524,299.4239147155735,3.0,8
780.0,1,charge,0.8090722412909216,4.1506399554180256,299.0188355713562,2.5,8
780.0,2,charge,0.6673634514653094,4.143004131651681,301.8688383504869,6.0,8
780.0,3,charge,0.7753999904791525,4.1590747931741525,299.4247266566443,3.0,8
781.0,1,charge,0.8092353530783787,4.150731925872316,299.0195704060212,2.5,8
781.0,2,charge,0.6677781678949023,4.1435165925667405,301.87177084147737,6.0,8
781.0,3,charge,0.7756171105880932,4.1592049015182795,299.4255385122873,3.0,8
782.0,1,charge,0.8093984648658397,4.150824187750157,299.02030508475127,2.5,8
782.0,2,charge,0.6681928843244953,4.144028398439586,301.87470262555735,6.0,8
782.0,3,charge,0.7758342306970306,4.159335385852703,299.4263502859615,3.0,8
783.0,1,charge,0.8095615766533004,4.150916723759625,299.02103961100534,2.5,8
783.0,2,charge,0.6686076007540882,4.144539503567316,301.8776337145465,6.0,8
783.0,3,charge,0.7760513508059687,4.159466224907121,299.4271619810043,3.0,8
784.0,1,charge,0.809724688440757,4.15100951723282,299.0217739881408,2.5,8
784.0,2,charge,0.6690223171836811,4.145049864761143,301.8805641198212,6.0,8
784.0,3,charge,0.7762684709149095,4.159597398082564,299.4279736006151,3.0,8
785.0,1,charge,0.8098878002282179,4.151102552089688,299.02250821939236,2.5,8
785.0,2,charge,0.669437033613274,4.145559441509901,301.88349385228594,6.0,8
785.0,3,charge,0.7764855910238511,4.159728885496232,299.4287851479161,3.0,8
786.0,1,charge,0.8100509120156749,4.151195812760674,299.0232423078637,2.5,8
786.0,2,charge,0.6698517500428669,4.146068194282188,301.88642292270083,6.0,8
786.0,3,charge,0.7767027111327917,4.159860667878416,299.42959662592,3.0,8
787.0,1,charge,0.810214023803136,4.151289284272083,299.02397625658676,2.5,8
787.0,2,charge,0.67026646647246,4.146576085881886,301.88935134142565,6.0,8
787.0,3,charge,0.7769198312417305,4.159992726544214,299.43040803754496,3.0,8
788.0,1,charge,0.8103771355905923,4.151382952124431,299.02471006848634,2.5,8
788.0,2,charge,0.6706811829020529,4.147083081655849,301.8922791183975,6.0,8
788.0,3,charge,0.7771369513506713,4.1601250434372385,299.4312193856074,3.0,8
789.0,1,charge,0.810540247378056,4.151476802282916,299.025443746396,2.5,8
789.0,2,charge,0.6710958993316458,4.147589148490759,301.89520626330335,6.0,8
789.0,3,charge,0.777354071459608,4.160257601688942,299.4320306727407,3.0,8
790.0,1,charge,0.8107033591655124,4.151570821180703,299.02617729305564,2.5,8
790.0,2,charge,0.6715106157612387,4.14809425501433,301.89813278555056,6.0,8
790.0,3,charge,0.7775711915685468,4.160390384038587,299.4328419016234,3.0,8
791.0,1,charge,0.810866470952974,4.1516649962671455,299.026910710994,2.5,8
791.0,2,charge,0.6719253321908316,4.148598371763173,301.9010586942367,6.0,8
791.0,3,charge,0.7777883116774874,4.160523374018144,299.4336530748074,3.0,8
792.0,1,charge,0.8110295827404304,4.151759314608588,299.0276440028247,2.5,8
792.0,2,charge,0.6723400486204245,4.149101471133346,301.9039839981236,6.0,8
792.0,3,charge,0.778005431786429,4.160656555588922,299.4344641947701,3.0,8
793.0,1,charge,0.8111926945278912,4.151853763927891,299.02837717102443,2.5,8
793.0,2,charge,0.6727547650500174,4.149603527065901,301.90690870577515,6.0,8
793.0,3,charge,0.7782225518953698,4.1607899133690065,299.4352752638879,3.0,8
794.0,1,charge,0.8113558063153523,4.151948332292843,299.02911021799787,2.5,8
794.0,2,charge,0.6731694814796103,4.1501045151710905,301.9098328254794,6.0,8
794.0,3,charge,0.7784396720043079,4.160923433504253,299.4360862843307,3.0,8
795.0,1,charge,0.8115189181028089,4.152043008087443,299.0298431460827,2.5,8
795.0,2,charge,0.6735841979092035,4.150604412763855,301.91275636521397,6.0,8
795.0,3,charge,0.7786567921132452,4.161057100865005,299.4368972584016,3.0,8
796.0,1,charge,0.8116820298902703,4.152137781262532,299.03057595734265,2.5,8
796.0,2,charge,0.6739989143387964,4.151103198709523,301.9156793327035,6.0,8
796.0,3,charge,0.7788739122221859,4.161190901341069,299.43770818826044,3.0,8
797.0,1,charge,0.8118451416777268,4.152232640709196,299.03130865400226,2.5,8
797.0,2,charge,0.6744136307683893,4.151600853135525,301.91860173554096,6.0,8
797.0,3,charge,0.7790910323311248,4.161324821178084,299.4385190760045,3.0,8
798.0,1,charge,0.8120082534651905,4.1523275759296165,299.03204123817153,2.5,8
798.0,2,charge,0.6748283471979822,4.1520973576324405,301.92152358107296,6.0,8
798.0,3,charge,0.7793081524400657,4.161458847273238,299.4393299236334,3.0,8
799.0,1,charge,0.8121713652526469,4.152422576807906,299.03277371188335,2.5,8
799.0,2,charge,0.6752430636275751,4.152592695109819,301.9244448764516,6.0,8
799.0,3,charge,0.7795252725490063,4.161592967689469,299.4401407329879,3.0,8
800.0,1,charge,0.8123344770401079,4.152517633493227,299.0335060771138,2.5,8
800.0,2,charge,0.675657780057168,4.153086849770105,301.92736562863536,6.0,8
800.0,3,charge,0.7797423926579452,4.161727169471899,299.4409515060131,3.0,8
801.0,1,charge,0.8124975888275648,4.152612737280949,299.0342383356421,2.5,8
801.0,2,charge,0.6760724964867609,4.153579808808347,301.9302858438673,6.0,8
801.0,3,charge,0.7799595127668858,4.161861440540628,299.44176224453184,3.0,8
802.0,1,charge,0.8126607006150258,4.152707879106302,299.0349704892902,2.5,8
802.0,2,charge,0.6764872129163538,4.15407155829457,301.93320552891646,6.0,8
802.0,3,charge,0.7801766328758233,4.161995769135945,299.4425729503117,3.0,8
803.0,1,charge,0.8128238124024868,4.152803049949227,299.0357025398596,2.5,8
803.0,2,charge,0.6769019293459467,4.154562086282134,301.9361246901296,6.0,8
803.0,3,charge,0.780393752984764,4.16213014400137,299.44338362504106,3.0,8
804.0,1,charge,0.8129869241899433,4.152898241273343,299.0364344890616,2.5,8
804.0,2,charge,0.6773166457755396,4.155051381903794,301.9390433336978,6.0,8
804.0,3,charge,0.7806108730937021,4.162264554490974,299.4441942703145,3.0,8
805.0,1,charge,0.813150035977405,4.152993444784661,299.0371663385565,2.5,8
805.0,2,charge,0.6777313622051325,4.155539435311169,301.94196146566856,6.0,8
805.0,3,charge,0.7808279932026436,4.162398989662929,299.44500488775606,3.0,8
806.0,1,charge,0.8133131477648614,4.153088652690011,299.03789808990996,2.5,8
806.0,2,charge,0.6781460786347254,4.156026238559271,301.9448790916811,6.0,8
806.0,3,charge,0.7810451133115844,4.162533439109676,299.44581547890755,3.0,8
807.0,1,charge,0.813476259552325,4.153183857440135,299.03862974463635,2.5,8
807.0,2,charge,0.6785607950643181,4.156511784818022,301.94779621719044,6.0,8
807.0,3,charge,0.7812622334205233,4.162667892699741,299.44662604526343,3.0,8
808.0,1,charge,0.8136393713397813,4.153279051442647,299.039361304249,2.5,8
808.0,2,charge,0.6789755114939113,4.156996067140028,301.95071284782074,6.0,8
808.0,3,charge,0.7814793535294641,4.162802340594226,299.4474365882682,3.0,8
809.0,1,charge,0.8138024831272431,4.153374227476787,299.04009277018935,2.5,8
809.0,2,charge,0.6793902279235042,4.1574790800673025,301.9536289888908,6.0,8
809.0,3,charge,0.7816964736384014,4.162936773298245,299.4482471093066,3.0,8
810.0,1,charge,0.8139655949146994,4.153469378543667,299.0408241438528,2.5,8
810.0,2,charge,0.6798049443530971,4.157960819055576,301.95654464557566,6.0,8
810.0,3,charge,0.7819135937473423,4.163071181527149,299.4490576097275,3.0,8
810.0,1,charge,0.8139655949147007,4.153469378543667,299.0408241438528,2.5,9
810.0,1,charge,0.8139655949146994,4.153469378543667,299.0408241438528,2.5,9
810.0,2,charge,0.6798049443530976,4.157960819055576,301.95654464557566,5.0,9
810.0,2,charge,0.6798049443530971,4.141802861135554,301.95654464557566,5.0,9
810.0,3,charge,0.7819135937473422,4.163071181527149,299.4490576097275,2.5,9
810.0,3,charge,0.7819135937473423,4.151577353309005,299.4490576097275,2.5,9
811.0,1,charge,0.8141287067021604,4.1535645067845905,299.041555422636,2.5,9
811.0,2,charge,0.6801505413777584,4.140892579995155,301.9585466836578,5.0,9
811.0,3,charge,0.7820945271714603,4.151253711083809,299.4496183496753,2.5,9
812.0,1,charge,0.8142918184896214,4.153659588166098,299.0422866154599,2.5,9
812.0,2,charge,0.6804961384024185,4.140442965588051,301.96054308325625,5.0,9
812.0,3,charge,0.7822754605955747,4.151077083253648,299.4501783540629,2.5,9
813.0,1,charge,0.8144549302770778,4.153754622275374,299.04301772058454,2.5,9
813.0,2,charge,0.6808417354270794,4.140169738647373,301.9625342580043,5.0,9
813.0,3,charge,0.7824563940196926,4.1509610829542805,299.45073768638963,2.5,9
814.0,1,charge,0.8146180420645387,4.153849605082833,299.04374873877026,2.5,9
814.0,2,charge,0.6811873324517407,4.139994260741613,301.96452052692484,5.0,9
814.0,3,charge,0.7826373274438065,4.150878499511538,299.45129638781873,2.5,9
815.0,1,charge,0.8147811538519959,4.153944531271966,299.0444796709621,2.5,9
815.0,2,charge,0.6815329294764008,4.1398833753353745,301.9665021663934,5.0,9
815.0,3,charge,0.7828182608679244,4.150817747879101,299.4518544919109,2.5,9
816.0,1,charge,0.8149442656394569,4.154039393991463,299.04521051853516,2.5,9
816.0,2,charge,0.6818785265010616,4.139819792027255,301.9684794236761,5.0,9
816.0,3,charge,0.7829991942920423,4.150772940538113,299.4524120278263,2.5,9
817.0,1,charge,0.8151073774269159,4.154134188385028,299.04594128240603,2.5,9
817.0,2,charge,0.6822241235257229,4.139793034436504,301.9704525233923,5.0,9
817.0,3,charge,0.7831801277161561,4.150740513050211,299.452969021787,2.5,9
818.0,1,charge,0.8152704892143768,4.154228909600734,299.0466719634913,2.5,9
818.0,2,charge,0.6825697205503833,4.139796377016197,301.9724216712503,5.0,9
818.0,3,charge,0.7833610611402747,4.150718162524113,299.45352549777834,2.5,9
819.0,1,charge,0.8154336010018339,4.154323551707316,299.04740256297646,2.5,9
819.0,2,charge,0.6829153175750439,4.139825031060514,301.9743870568676,5.0,9
819.0,3,charge,0.7835419945643886,4.150704310418215,299.4540814779919,2.5,9
820.0,1,charge,0.815596712789295,4.154418106863634,299.048133082519,2.5,9
820.0,2,charge,0.6832609145997052,4.139875372449155,301.976348855836,5.0,9
820.0,3,charge,0.7837229279885093,4.150697787926527,299.45463698315183,2.5,9
821.0,1,charge,0.8157598245767513,4.15451257296594,299.04886352239,2.5,9
821.0,2,charge,0.6836065116243656,4.139944650111531,301.9783072312816,5.0,9
821.0,3,charge,0.783903861412623,4.1506976855465805,299.45519203274847,2.5,9
822.0,1,charge,0.8159229363642123,4.154606947469517,299.0495938829696,2.5,9
822.0,2,charge,0.6839521086490293,4.140030670380305,301.9802623352416,5.0,9
822.0,3,charge,0.7840847948367409,4.150703297482471,299.4557466451728,2.5,9
823.0,1,charge,0.8160860481516733,4.1547012214219965,299.0503241662037,2.5,9
823.0,2,charge,0.6842977056736878,4.140131622065239,301.98221430978737,5.0,9
823.0,3,charge,0.7842657282608554,4.150714052786901,299.4563008378533,2.5,9
824.0,1,charge,0.8162491599391296,4.15479539306747,299.0510543722893,2.5,9
824.0,2,charge,0.6846433026983478,4.140245997853091,301.98416328795025,5.0,9
824.0,3,charge,0.7844466616849733,4.150729480729851,299.45685462734207,2.5,9
825.0,1,charge,0.8164122717265913,4.154889458068345,299.05178450205693,2.5,9
825.0,2,charge,0.6849888997230117,4.140372538388378,301.9861093945495,5.0,9
825.0,3,charge,0.7846275951090871,4.150749189950622,299.4574080293875,2.5,9
826.0,1,charge,0.8165753835140476,4.15498341062437,299.0525145567029,2.5,9
826.0,2,charge,0.68533449674767,4.140510169609765,301.98805274691375,5.0,9
826.0,3,charge,0.784808528533205,4.150772846276896,299.4579610590117,2.5,9
827.0,1,charge,0.8167384953015084,4.155077246947082,299.0532445369319,2.5,9
827.0,2,charge,0.6856800937723301,4.1406579625292075,301.9899934555527,5.0,9
827.0,3,charge,0.7849894619573231,4.150800160102662,299.45851373056684,2.5,9
828.0,1,charge,0.8169016070889675,4.15517096278097,299.0539744435707,2.5,9
828.0,2,charge,0.6860256907969942,4.140815095194534,301.9919316247861,5.0,9
828.0,3,charge,0.7851703953814366,4.1508308725560195,299.45906605779555,2.5,9
829.0,1,charge,0.8170647188764286,4.155264554151154,299.05470427738453,2.5,9
829.0,2,charge,0.6863712878216522,4.1409808446005885,301.9938673530969,5.0,9
829.0,3,charge,0.7853513288055554,4.150864751964308,299.45961805386867,2.5,9
830.0,1,charge,0.8172278306638856,4.155358016645369,299.0554340392451,2.5,9
830.0,2,charge,0.6867168848463123,4.141154562480358,301.99580073377723,5.0,9
830.0,3,charge,0.7855322622296692,4.150901596899869,299.4601697313964,2.5,9
831.0,1,charge,0.8173909424513467,4.155451346626501,299.0561637298434,2.5,9
831.0,2,charge,0.6870624818709764,4.141335675886046,301.99773185512623,5.0,9
831.0,3,charge,0.7857131956537898,4.150941228094668,299.46072110246877,2.5,9
832.0,1,charge,0.8175540542388077,4.155544540692665,299.05689334981724,2.5,9
832.0,2,charge,0.6874080788956345,4.141523677164572,301.99966080087233,5.0,9
832.0,3,charge,0.7858941290779037,4.150983482466659,299.46127217868934,2.5,9
833.0,1,charge,0.8177171660262639,4.155637594649319,299.0576228999998,2.5,9
833.0,2,charge,0.6877536759202956,4.141718107388067,302.0015876505587,5.0,9
833.0,3,charge,0.7860750625020223,4.151028214968491,299.4618229711932,2.5,9
834.0,1,charge,0.817880277813725,4.155730505421332,299.05835238095864,2.5,9
834.0,2,charge,0.6880992729449587,4.141918552166577,302.0035124798042,5.0,9
834.0,3,charge,0.786255995926136,4.151075288700213,299.46237349068474,2.5,9
835.0,1,charge,0.8180433896011821,4.155823269709908,299.0590817933189,2.5,9
835.0,2,charge,0.6884448699696167,4.142124630095474,302.00543536058285,5.0,9
835.0,3,charge,0.786436929350254,4.151124580631091,299.46292374745207,2.5,9
836.0,1,charge,0.818206501388643,4.155915883769179,299.05981113781775,2.5,9
836.0,2,charge,0.6887904669942778,4.142335991326161,302.0073563614916,5.0,9
836.0,3,charge,0.7866178627743721,4.1511759753387025,299.46347375138447,2.5,9
837.0,1,charge,0.8183696131761021,4.1560083452875904,299.0605404148513,2.5,9
837.0,2,charge,0.6891360640189412,4.1425523132653925,302.00927554794964,5.0,9
837.0,3,charge,0.7867987961984857,4.1512293650474135,299.46402351200555,2.5,9
838.0,1,charge,0.8185327249635631,4.156100651047344,299.0612696250369,2.5,9
838.0,2,charge,0.6894816610435993,4.142773303323105,302.01119298237205,5.0,9
838.0,3,charge,0.7869797296226037,4.151284651137713,299.4645730384658,2.5,9
839.0,1,charge,0.8186958367510202,4.1561927977286,299.06199876902065,2.5,9
839.0,2,charge,0.6898272580682602,4.142998691048746,302.0131087243955,5.0,9
839.0,3,charge,0.7871606630467182,4.1513417397698955,299.465122339584,2.5,9
840.0,1,charge,0.8188589485384812,4.156284782175854,299.06272784741265,2.5,9
840.0,2,charge,0.6901728550929235,4.143228229008368,302.01502283102025,5.0,9
840.0,3,charge,0.7873415964708362,4.151400545159577,299.4656714238384,2.5,9
841.0,1,charge,0.8190220603259375,4.156376601234205,299.06345686082693,2.5,9
841.0,2,charge,0.6905184521175813,4.143461685969564,302.0169353567707,5.0,9
841.0,3,charge,0.7875225298949526,4.1514609863900755,299.4662202993979,2.5,9
842.0,1,charge,0.8191851721133985,4.15646825245846,299.0641858097115,2.5,9
842.0,2,charge,0.6908640491422424,4.143698847385775,302.01884635384994,5.0,9
842.0,3,charge,0.7877034633190706,4.151522987878929,299.466768974125,2.5,9
843.0,1,charge,0.8193482839008595,4.156559734220826,299.0649146943216,2.5,9
843.0,2,charge,0.6912096461669057,4.143939512469355,302.0207558722588,5.0,9
843.0,3,charge,0.7878843967431842,4.15158647873133,299.46731745559526,2.5,9
844.0,1,charge,0.8195113956883165,4.156651042873213,299.0656435154002,2.5,9
844.0,2,charge,0.6915552431915636,4.144183496496816,302.02266395988664,5.0,9
844.0,3,charge,0.788065330167303,4.1516513918454105,299.4678657511,2.5,9
845.0,1,charge,0.8196745074757776,4.156742175697184,299.0663722734716,2.5,9
845.0,2,charge,0.6919008402162247,4.144430621393376,302.02457066275656,5.0,9
845.0,3,charge,0.7882462635914168,4.151717663759502,299.4684138676715,2.5,9
846.0,1,charge,0.819837619263234,4.156833130013025,299.0671009690543,2.5,9
846.0,2,charge,0.692246437240888,4.1446807296506245,302.02647602485195,5.0,9
846.0,3,charge,0.7884271970155345,4.151785234045457,299.4689618120966,2.5,9
847.0,1,charge,0.8200007310506976,4.156923903179669,299.06782960266145,2.5,9
847.0,2,charge,0.6925920342655488,4.1449336632920515,302.02838008863694,5.0,9
847.0,3,charge,0.7886081304396526,4.1518540463041145,299.4695095908927,2.5,9
848.0,1,charge,0.8201638428381539,4.157014494005027,299.06855817446404,2.5,9
848.0,2,charge,0.6929376312902071,4.145189281020459,302.0302828947143,5.0,9
848.0,3,charge,0.7887890638637663,4.1519240462878795,299.4700572103553,2.5,9
849.0,1,charge,0.8203269546256156,4.157104899647015,299.06928668502957,2.5,9
849.0,2,charge,0.6932832283148702,4.145447448600802,302.03218448215995,5.0,9
849.0,3,charge,0.7889699972878843,4.151995181020803,299.470604676582,2.5,9
850.0,1,charge,0.820490066413072,4.1571951177398265,299.0700151348157,2.5,9
850.0,2,charge,0.6936288253395311,4.145708037642773,302.0340848885899,5.0,9
850.0,3,charge,0.7891509307119987,4.152067401920698,299.4711519954185,2.5,9
851.0,1,charge,0.8206531782005329,4.157285146099701,299.0707435242399,2.5,9
851.0,2,charge,0.6939744223641892,4.145970931182928,302.03598415001295,5.0,9
851.0,3,charge,0.7893318641361168,4.152140663375144,299.47169917249056,2.5,9
852.0,1,charge,0.8208162899879938,4.157374982609236,299.0714718537073,2.5,9
852.0,2,charge,0.6943200193888525,4.146236015741885,302.03788230122865,5.0,9
852.0,3,charge,0.7895127975602332,4.152214918810914,299.47224621327695,2.5,9
853.0,1,charge,0.8209794017754504,4.157464625276143,299.07220012359863,2.5,9
853.0,2,charge,0.6946656164135133,4.146503185890681,302.0397793755689,5.0,9
853.0,3,charge,0.7896937309843511,4.152290125535467,299.4727931230323,2.5,9
854.0,1,charge,0.821142513562912,4.1575540721985185,299.0729283342775,2.5,9
854.0,2,charge,0.6950112134381717,4.146772341149792,302.04167540521286,5.0,9
854.0,3,charge,0.7898746644084649,4.152366244721648,299.47333990679226,2.5,9
855.0,1,charge,0.8213056253503684,4.157643321429195,299.0736564861168,2.5,9
855.0,2,charge,0.6953568104628348,4.147043386789049,302.0435704210768,5.0,9
855.0,3,charge,0.7900555978325835,4.152443236268969,299.47388656946936,2.5,9
856.0,1,charge,0.821468737137832,4.15773237114314,299.0743845794661,2.5,9
856.0,2,charge,0.6957024074874956,4.14731623256794,302.04546445296745,5.0,9
856.0,3,charge,0.7902365312566973,4.1525210629388685,299.4744331157831,2.5,9
857.0,1,charge,0.8216318489252883,4.157821219583601,299.07511261466175,2.5,9
857.0,2,charge,0.696048004512154,4.147590793070653,302.0473575295871,5.0,9
857.0,3,charge,0.7904174646808153,4.15259969006957,299.47497955026085,2.5,9
858.0,1,charge,0.8217949607127494,4.157909865062004,299.07584059202696,2.5,9
858.0,2,charge,0.6963936015368171,4.147866987495492,302.04924967857596,5.0,9
858.0,3,charge,0.7905983981049333,4.1526790833812175,299.4755258773047,2.5,9
859.0,1,charge,0.8219580725002065,4.15799830536171,299.07656851202336,2.5,9
859.0,2,charge,0.6967391985614779,4.148144738403606,302.0511409266128,5.0,9
859.0,3,charge,0.7907793315290471,4.1527592103653514,299.4760721011534,2.5,9
860.0,1,charge,0.8221211842876675,4.1580865391233335,299.0772963748994,2.5,9
860.0,2,charge,0.6970847955861362,4.148423973170851,302.0530312993462,5.0,9
860.0,3,charge,0.7909602649531657,4.152840039730538,299.4766182258823,2.5,9
861.0,1,charge,0.8222842960751284,4.158174564765789,299.0780241809638,2.5,9
861.0,2,charge,0.6974303926107993,4.1487046219148205,302.0549208215773,5.0,9
861.0,3,charge,0.7911411983772795,4.152921541429357,299.47716425544456,2.5,9
862.0,1,charge,0.8224474078625847,4.15826238075549,299.0787519305174,2.5,9
862.0,2,charge,0.6977759896354604,4.148986618749536,302.056809517143,5.0,9
862.0,3,charge,0.7913221318014002,4.153003686453159,299.4777101936542,2.5,9
863.0,1,charge,0.8226105196500458,4.158349985615507,299.0794796238508,2.5,9
863.0,2,charge,0.6981215866601185,4.1492699006358835,302.0586974090867,5.0,9
863.0,3,charge,0.7915030652255138,4.153086447265482,299.47825604417403,2.5,9
864.0,1,charge,0.8227736314375029,4.158437377654151,299.0802072613128,2.5,9
864.0,2,charge,0.6984671836847816,4.149554407648273,302.06058451960445,5.0,9
864.0,3,charge,0.7916839986496319,4.153169796836366,299.4788018105622,2.5,9
865.0,1,charge,0.8229367432249639,4.15852455525499,299.08093484323746,2.5,9
865.0,2,charge,0.6988127807094426,4.149840082644035,302.06247087010684,5.0,9
865.0,3,charge,0.7918649320737463,4.153253709094418,299.4793474962527,2.5,9
866.0,1,charge,0.8230998550124229,4.158611517191092,299.08166236986455,2.5,9
866.0,2,charge,0.6991583777341007,4.150126871122801,302.0643564812546,5.0,9
866.0,3,charge,0.7920458654978644,4.1533381596489996,299.4798931045431,2.5,9
867.0,1,charge,0.823262966799884,4.158698262101426,299.0823898414715,2.5,9
867.0,2,charge,0.6995039747587638,4.150414721251345,302.0662413729513,5.0,9
867.0,3,charge,0.7922267989219823,4.153423124485526,299.4804386386314,2.5,9
868.0,1,charge,0.8234260785873408,4.158784788670461,299.0831172583284,2.5,9
868.0,2,charge,0.6998495717834247,4.150703583115597,302.0681255644622,5.0,9
868.0,3,charge,0.792407732346096,4.153508580312673,299.4809841016104,2.5,9
869.0,1,charge,0.823589190374802,4.158871095613035,299.0838446207015,2.5,9
869.0,2,charge,0.700195168808083,4.150993408869816,302.0700090743992,5.0,9
869.0,3,charge,0.792588665770214,4.153594505122788,299.4815294964536,2.5,9
870.0,1,charge,0.8237523021622581,4.158957181381702,299.084571928928,2.5,9
870.0,2,charge,0.700540765832746,4.151284154013931,302.07189192057047,5.0,9
870.0,3,charge,0.7927695991943285,4.153680877675052,299.48207482603493,2.5,9
871.0,1,charge,0.8239154139497193,4.15904304491114,299.0852991832265,2.5,9
871.0,2,charge,0.7008863628574071,4.151575774707068,302.07377412033395,5.0,9
871.0,3,charge,0.7929505326184466,4.153767677276695,299.4826200931395,2.5,9
872.0,1,charge,0.8240785257371803,4.159128685007927,299.086026383852,2.5,9
872.0,2,charge,0.701231959882065,4.151868228851063,302.0756556904711,5.0,9
872.0,3,charge,0.7931314660425601,4.153854884087012,299.4831653004488,2.5,9
873.0,1,charge,0.8242416375246365,4.15921410051776,299.0867535310538,2.5,9
873.0,2,charge,0.7015775569067283,4.152161476631801,302.0775366471214,5.0,9
873.0,3,charge,0.7933123994666809,4.153942478974452,299.48371045055006,2.5,9
874.0,1,charge,0.8244047493120984,4.159299290325423,299.087480625075,2.5,9
874.0,2,charge,0.7019231539313895,4.152455481025767,302.0794170057217,5.0,9
874.0,3,charge,0.7934933328907946,4.154030443469525,299.4842555459517,2.5,9
875.0,1,charge,0.8245678610995546,4.159384253259658,299.0882076661775,2.5,9
875.0,2,charge,0.7022687509560476,4.1527502046271625,302.0812967814529,5.0,9
875.0,3,charge,0.7936742663149124,4.154118759719108,299.48480058906813,2.5,9
876.0,1,charge,0.8247309728870184,4.159468988228552,299.0889346546066,2.5,9
876.0,2,charge,0.7026143479807107,4.15304561202293,302.08317598892336,5.0,9
876.0,3,charge,0.793855199739027,4.154207410435529,299.4853455822221,2.5,9
877.0,1,charge,0.8248940846744746,4.1595534942496055,299.08966159058355,2.5,9
877.0,2,charge,0.7029599450053717,4.153341670591896,302.0850546420313,5.0,9
877.0,3,charge,0.7940361331631449,4.154296378943618,299.48589052767863,2.5,9
878.0,1,charge,0.8250571964619363,4.159637770330418,299.09038847433635,2.5,9
878.0,2,charge,0.7033055420300298,4.1536383479531995,302.08693275438395,5.0,9
878.0,3,charge,0.7942170665872587,4.154385649077513,299.4864354276238,2.5,9
879.0,1,charge,0.8252203082493926,4.15972181551418,299.09111530608766,2.5,9
879.0,2,charge,0.7036511390546939,4.153935613002241,302.08881033913826,5.0,9
879.0,3,charge,0.7943980000113766,4.154475205165047,299.4869802841755,2.5,9
880.0,1,charge,0.8253834200368536,4.159805628863447,299.09184208605933,2.5,9
880.0,2,charge,0.703996736079354,4.154233436130594,302.09068740896055,5.0,9
880.0,3,charge,0.7945789334354947,4.154565032128302,299.4875250993677,2.5,9
881.0,1,charge,0.8255465318243147,4.159889209361475,299.09256881449755,2.5,9
881.0,2,charge,0.7043423331040121,4.154531789270156,302.0925639760084,5.0,9
881.0,3,charge,0.7947598668596091,4.154655115763353,299.4880698751076,2.5,9
882.0,1,charge,0.825709643611771,4.159972556203895,299.09329549159787,2.5,9
882.0,2,charge,0.7046879301286761,4.154830644912839,302.0944400521571,5.0,9
882.0,3,charge,0.7949408002837272,4.154745441614791,299.4886146133425,2.5,9
883.0,1,charge,0.825872755399232,4.160055668549207,299.0940221175694,2.5,9
883.0,2,charge,0.7050335271533364,4.155129976769154,302.09631564885115,5.0,9
883.0,3,charge,0.7951217337078408,4.154835995886057,299.48915931592387,2.5,9
884.0,1,charge,0.8260358671866891,4.160138545588545,299.09474869261675,2.5,9
884.0,2,charge,0.7053791241779975,4.155429759737398,302.09819077709716,5.0,9
884.0,3,charge,0.7953026671319615,4.154926765148293,299.4897039846493,2.5,9
885.0,1,charge,0.8261989789741501,4.1602211865456145,299.09547521694014,2.5,9
885.0,2,charge,0.7057247212026584,4.155729969502347,302.10006544758267,5.0,9
885.0,3,charge,0.7954836005560753,4.1550177364263075,299.49024862125304,2.5,9
886.0,1,charge,0.826362090761609,4.160303590526896,299.0962016907736,2.5,9
886.0,2,charge,0.7060703182273187,4.156030582600524,302.1019396706538,5.0,9
886.0,3,charge,0.795664533980194,4.155108898339078,299.49079322727215,2.5,9
887.0,1,charge,0.8265252025490699,4.160385756783528,299.0969281143182,2.5,9
887.0,2,charge,0.7064159152519798,4.1563315765016515,302.1038134562985,5.0,9
887.0,3,charge,0.7958454674043077,4.155200238139177,299.4913378043938,2.5,9
888.0,1,charge,0.8266883143365263,4.160467684655734,299.0976544877559,2.5,9
888.0,2,charge,0.7067615122766409,4.156632929725168,302.10568681412826,5.0,9
888.0,3,charge,0.7960264008284258,4.155291744040694,299.49188235418313,2.5,9
889.0,1,charge,0.8268514261239881,4.160549373462951,299.0983808112782,2.5,9
889.0,2,charge,0.7071071093013017,4.156934621186753,302.10755975351833,5.0,9
889.0,3,charge,0.7962073342525439,4.155383404564697,299.49242687815934,2.5,9
890.0,1,charge,0.8270145379114444,4.1606308225556905,299.09910708507215,2.5,9
890.0,2,charge,0.7074527063259621,4.157236630616617,302.1094322835242,5.0,9
890.0,3,charge,0.7963882676766575,4.155475208516593,299.4929713777996,2.5,9
891.0,1,charge,0.8271776496989055,4.1607120313158035,299.09983330932084,2.5,9
891.0,2,charge,0.7077983033506232,4.157538938783324,302.1113044128386,5.0,9
891.0,3,charge,0.7965692011007761,4.155567146302664,299.49351585439,2.5,9
892.0,1,charge,0.8273407614863664,4.160792999156824,299.10055948420285,2.5,9
892.0,2,charge,0.708143900375284,4.1578415268998015,302.11317614992015,5.0,9
892.0,3,charge,0.79675013452489,4.155659207044009,299.49406030935177,2.5,9
893.0,1,charge,0.8275038732738228,4.160873725524148,299.10128560989267,2.5,9
893.0,2,charge,0.7084894973999444,4.158144376741472,302.11504750297286,5.0,9
893.0,3,charge,0.7969310679490106,4.155751380654621,299.49460474400723,2.5,9
894.0,1,charge,0.8276669850612846,4.16095420989538,299.1020116865602,2.5,9
894.0,2,charge,0.7088350944246055,4.158447470791999,302.11691847991494,5.0,9
894.0,3,charge,0.7971120013731242,4.155843657358568,299.4951491596348,2.5,9
895.0,1,charge,0.8278300968487408,4.161034451671073,299.10273771439887,2.5,9
895.0,2,charge,0.7091806914492663,4.158750792330887,302.11878908835376,5.0,9
895.0,3,charge,0.7972929347972423,4.1559360276407755,299.4956935574751,2.5,9
896.0,1,charge,0.8279932086362045,4.161114450235315,299.10346369361025,2.5,9
896.0,2,charge,0.7095262884739266,4.159054324906988,302.12065933573,5.0,9
896.0,3,charge,0.7974738682213567,4.156028482733543,299.49623793867096,2.5,9
897.0,1,charge,0.8281563204236608,4.161194205184845,299.1041896243453,2.5,9
897.0,2,charge,0.7098718854985877,4.159358052684324,302.1225292292262,5.0,9
897.0,3,charge,0.7976548016454748,4.1561210136863505,299.4967823043822,2.5,9
898.0,1,charge,0.8283194322111226,4.161273716044272,299.10491550677693,2.5,9
898.0,2,charge,0.7102174825232486,4.159661960402985,302.1243987757702,5.0,9
898.0,3,charge,0.7978357350695884,4.156213611816712,299.4973266557301,2.5,9
899.0,1,charge,0.8284825439985788,4.1613529823564175,299.1056413410776,2.5,9
899.0,2,charge,0.7105630795479091,4.159966033265169,302.1262679820761,5.0,9
899.0,3,charge,0.7980166684937064,4.156306268759442,299.49787099379193,2.5,9
900.0,1,charge,0.8286456557860399,4.161432003681327,299.106367127419,2.5,9
900.0,2,charge,0.71090867657257,4.160270256909411,302.1281368546533,5.0,9
900.0,3,charge,0.7981976019178243,4.156398976383107,299.4984153196118,2.5,9
900.0,1,charge,0.8286456557860399,4.161432003681327,299.106367127419,2.5,10
900.0,1,charge,0.8286456557860399,4.161432003681327,299.106367127419,2.5,10
900.0,2,charge,0.71090867657257,4.160270256909411,302.1281368546533,4.5,10
900.0,2,charge,0.71090867657257,4.151618667357944,302.1281368546533,4.5,10
900.0,3,charge,0.7981976019178227,4.156398976383107,299.4984153196118,2.5,10
900.0,3,charge,0.7981976019178243,4.156398976383107,299.4984153196118,2.5,10
901.0,1,charge,0.828808767573501,4.161510789142463,299.10709284921944,2.5,10
901.0,2,charge,0.7112197138947663,4.151304189139108,302.1295972825219,4.5,10
901.0,3,charge,0.798378535341938,4.156491737856397,299.4989596337675,2.5,10
902.0,1,charge,0.8289718793609571,4.161589325643808,299.1078185284596,2.5,10
902.0,2,charge,0.7115307512169595,4.151189277619349,302.1310554198465,4.5,10
902.0,3,charge,0.7985594687660567,4.156584523847394,299.4995039381619,2.5,10
903.0,1,charge,0.8291349911484183,4.161667612019604,299.1085441668724,2.5,10
903.0,2,charge,0.7118417885391557,4.151155727252941,302.1325114279714,4.5,10
903.0,3,charge,0.7987404021901705,4.156677334960241,299.5000482336042,2.5,10
904.0,1,charge,0.8292981029358752,4.1617456501749714,299.1092697609686,2.5,10
904.0,2,charge,0.7121528258613489,4.151167254546124,302.1339654255702,4.5,10
904.0,3,charge,0.7989213356142912,4.156770165822458,299.50059252068536,2.5,10
905.0,1,charge,0.8294612147233362,4.161823440979324,299.1099953086689,2.5,10
905.0,2,charge,0.712463863183545,4.151208408141159,302.13541751421445,4.5,10
905.0,3,charge,0.7991022690384048,4.156863010393103,299.50113680017785,2.5,10
906.0,1,charge,0.8296243265107953,4.161900983980917,299.11072080993233,2.5,10
906.0,2,charge,0.7127749005057383,4.151271286625007,302.1368677845381,4.5,10
906.0,3,charge,0.7992832024625228,4.156955861573209,299.501681072991,2.5,10
907.0,1,charge,0.8297874382982562,4.161978279234434,299.1114462645043,2.5,10
907.0,2,charge,0.7130859378279345,4.1513510942944105,302.13831631918663,4.5,10
907.0,3,charge,0.7994641358866373,4.15704871178883,299.50222534010015,2.5,10
908.0,1,charge,0.8299505500857125,4.16205532683553,299.1121716728375,2.5,10
908.0,2,charge,0.7133969751501277,4.1514447423524095,302.13976319431447,4.5,10
908.0,3,charge,0.7996450693107553,4.157141557243596,299.50276960188955,2.5,10
909.0,1,charge,0.8301136618731743,4.162132126399417,299.11289703496544,2.5,10
909.0,2,charge,0.7137080124723238,4.151550090714663,302.1412084806161,4.5,10
909.0,3,charge,0.7998260027348689,4.157234390193469,299.50331385936425,2.5,10
910.0,1,charge,0.8302767736606306,4.16220867720005,299.11362235094765,2.5,10
910.0,2,charge,0.714019049794517,4.151665516401434,302.14265224416295,4.5,10
910.0,3,charge,0.800006936158987,4.157327205060271,299.5038581131946,2.5,10
911.0,1,charge,0.8304398854480917,4.162284979935647,299.11434762074157,2.5,10
911.0,2,charge,0.7143300871167132,4.151789782917011,302.14409454689616,4.5,10
911.0,3,charge,0.8001878695831051,4.157419995560655,299.5044023641589,2.5,10
912.0,1,charge,0.8306029972355525,4.16236103457546,299.11507284440506,2.5,10
912.0,2,charge,0.7146411244389064,4.151921915277044,302.1455354470846,4.5,10
912.0,3,charge,0.8003688030072195,4.157512755546891,299.5049466130208,2.5,10
913.0,1,charge,0.8307661090230097,4.162436839582883,299.11579802258956,2.5,10
913.0,2,charge,0.7149521617611025,4.152061119801491,302.1469749996746,4.5,10
913.0,3,charge,0.8005497364313374,4.157605479381239,299.505490860463,2.5,10
914.0,1,charge,0.8309292208104706,4.162512396039954,299.1165231549292,2.5,10
914.0,2,charge,0.7152631990832959,4.1522067434554195,302.1484132565562,4.5,10
914.0,3,charge,0.8007306698554512,4.157698161257374,299.506035107199,2.5,10
915.0,1,charge,0.831092332597927,4.162587704098781,299.11724824142414,2.5,10
915.0,2,charge,0.7155742364054921,4.152358238372016,302.14985026682933,4.5,10
915.0,3,charge,0.8009116032795718,4.157790796214874,299.5065793538082,2.5,10
916.0,1,charge,0.8312554443853908,4.1626627624009505,299.1179732828159,2.5,10
916.0,2,charge,0.7158852737276853,4.152515132827042,302.15128607705964,4.5,10
916.0,3,charge,0.8010925367036855,4.157883378897688,299.5071236009377,2.5,10
917.0,1,charge,0.831418556172847,4.162737571530071,299.1186982789088,2.5,10
917.0,2,charge,0.7161963110498815,4.15267701018796,302.15272073150334,4.5,10
917.0,3,charge,0.8012734701278043,4.157975903551863,299.50766784930335,2.5,10
918.0,1,charge,0.831581667960308,4.162812131903765,299.1194232295909,2.5,10
918.0,2,charge,0.7165073483720746,4.1528435017538685,302.15415427227,4.5,10
918.0,3,charge,0.8014544035519179,4.158068365708109,299.50821209941427,2.5,10
919.0,1,charge,0.8317447797477651,4.162886442480932,299.1201481355497,2.5,10
919.0,2,charge,0.7168183856942708,4.15301428928341,302.155586739411,4.5,10
919.0,3,charge,0.801635336976036,4.158160760773237,299.50875635180256,2.5,10
920.0,1,charge,0.831907891535226,4.162960502785239,299.12087299717166,2.5,10
920.0,2,charge,0.717129423016464,4.153189091889675,302.15701817107254,4.5,10
920.0,3,charge,0.801816270400154,4.158253083227061,299.50930060715615,2.5,10
921.0,1,charge,0.8320710033226871,4.16303431365092,299.12159781412095,2.5,10
921.0,2,charge,0.7174404603386602,4.153367655212437,302.1584486036421,4.5,10
921.0,3,charge,0.8019972038242679,4.158345328746025,299.5098448659697,2.5,10
922.0,1,charge,0.8322341151101433,4.163107875238742,299.12232258644053,2.5,10
922.0,2,charge,0.7177514976608534,4.153549754905969,302.1598780718379,4.5,10
922.0,3,charge,0.8021781372483857,4.1584374934553665,299.51038912866755,2.5,10
923.0,1,charge,0.8323972268976044,4.16318118772009,299.12304731417333,2.5,10
923.0,2,charge,0.7180625349830496,4.153735180054533,302.16130660885256,4.5,10
923.0,3,charge,0.8023590706725002,4.15852957221165,299.5109333958853,2.5,10
924.0,1,charge,0.8325603386850613,4.163254251276987,299.1237719973623,2.5,10
924.0,2,charge,0.7183735723052428,4.153923744495613,302.16273424642367,4.5,10
924.0,3,charge,0.8025400040966183,4.158621560821102,299.511477668106,2.5,10
925.0,1,charge,0.8327234504725225,4.163327066102081,299.12449663605054,2.5,10
925.0,2,charge,0.718684609627439,4.154115271908598,302.16416101491467,4.5,10
925.0,3,charge,0.8027209375207345,4.1587134558878525,299.51202194568526,2.5,10
926.0,1,charge,0.8328865622599786,4.163399631874656,299.1252212306206,2.5,10
926.0,2,charge,0.7189956469496321,4.154309601915369,302.16558694343667,4.5,10
926.0,3,charge,0.8029018709448528,4.158805252664012,299.51256622920283,2.5,10
927.0,1,charge,0.8330496740474423,4.163471947564124,299.1259457819279,2.5,10
927.0,2,charge,0.7193066842718283,4.154506586677694,302.16701205983435,4.5,10
927.0,3,charge,0.803082804368967,4.158896947121265,299.5131105191242,2.5,10
928.0,1,charge,0.8332127858348987,4.163544014353159,299.1266702894014,2.5,10
928.0,2,charge,0.7196177215940215,4.1547060874753745,302.16843639085357,4.5,10
928.0,3,charge,0.803263737793085,4.1589885362166665,299.5136548157568,2.5,10
929.0,1,charge,0.8333758976223604,4.163615832388977,299.1273947531467,2.5,10
929.0,2,charge,0.7199287589162183,4.154907978877645,302.16985996209445,4.5,10
929.0,3,charge,0.8034446712171986,4.159080015563243,299.5141991196303,2.5,10
930.0,1,charge,0.8335390094098167,4.163687401830922,299.12811917326957,2.5,10
930.0,2,charge,0.7202397962384108,4.155112142022491,302.17128279816257,4.5,10
930.0,3,charge,0.8036256046413168,4.159171381318339,299.5147434311889,2.5,10
931.0,1,charge,0.8337021211972778,4.163758722850295,299.1288435498759,2.5,10
931.0,2,charge,0.7205508335606078,4.155318467936606,302.1727049226511,4.5,10
931.0,3,charge,0.8038065380654348,4.159262630734437,299.5152877507014,2.5,10
932.0,1,charge,0.8338652329847389,4.16382979563055,299.12956788307145,2.5,10
932.0,2,charge,0.720861870882801,4.15552685386071,302.1741263582419,4.5,10
932.0,3,charge,0.8039874714895484,4.159353759746576,299.5158320786539,2.5,10
933.0,1,charge,0.8340283447721952,4.16390062036216,299.13029217296696,2.5,10
933.0,2,charge,0.7211729082049971,4.1557372032133815,302.17554712672046,4.5,10
933.0,3,charge,0.8041684049136671,4.159444764742561,299.51637641546137,2.5,10
934.0,1,charge,0.8341914565596569,4.163971196671168,299.1310164202461,2.5,10
934.0,2,charge,0.7214839455271903,4.155949425184345,302.17696724903965,4.5,10
934.0,3,charge,0.8043493383377808,4.159535643257401,299.5169207613572,2.5,10
935.0,1,charge,0.8343545683471132,4.164041525141796,299.13174062465805,2.5,10
935.0,2,charge,0.7217949828493865,4.156163433728041,302.17838674534477,4.5,10
935.0,3,charge,0.8045302717619016,4.159626391653555,299.5174651167661,2.5,10
936.0,1,charge,0.8345176801345768,4.164111605981466,299.1324647863357,2.5,10
936.0,2,charge,0.7221060201715799,4.156379147656406,302.1798056350214,4.5,10
936.0,3,charge,0.8047112051860151,4.15971700660797,299.5180094820651,2.5,10
937.0,1,charge,0.8346807919220333,4.164181439410223,299.1331889054121,2.5,10
937.0,2,charge,0.7224170574937758,4.156596490432823,302.1812239367201,4.5,10
937.0,3,charge,0.8048921386101332,4.159807484867176,299.51855385762275,2.5,10
938.0,1,charge,0.8348439037094942,4.16425102566078,299.1339129820204,2.5,10
938.0,2,charge,0.722728094815969,4.156815389446603,302.1826416683963,4.5,10
938.0,3,charge,0.8050730720342476,4.159897823357875,299.5190982437818,2.5,10
939.0,1,charge,0.8350070154969511,4.1643203649785665,299.1346370162936,2.5,10
939.0,2,charge,0.7230391321381652,4.157035776338834,302.1840588473355,4.5,10
939.0,3,charge,0.8052540054583658,4.159988019904995,299.519642640744,2.5,10
940.0,1,charge,0.8351701272844122,4.164389457621775,299.1353610083648,2.5,10
940.0,2,charge,0.7233501694603586,4.157257585932662,302.18547549017273,4.5,10
940.0,3,charge,0.8054349388824794,4.160078071091929,299.5201870489119,2.5,10
941.0,1,charge,0.8353332390718734,4.164458304048864,299.1360849584296,2.5,10
941.0,2,charge,0.7236612067825547,4.157480756478641,302.18689161294293,4.5,10
941.0,3,charge,0.8056158723065974,4.160167974044642,299.5207314686044,2.5,10
942.0,1,charge,0.8354963508593296,4.164526904512142,299.1368088666109,2.5,10
942.0,2,charge,0.7239722441047479,4.1577052292782986,302.1883072311249,4.5,10
942.0,3,charge,0.8057968057307155,4.160257725944751,299.521275900134,2.5,10
943.0,1,charge,0.8356594626467915,4.164595259264004,299.1375327330272,2.5,10
943.0,2,charge,0.7242832814269441,4.157930948166774,302.18972235956744,4.5,10
943.0,3,charge,0.8059777391548298,4.160347324201869,299.5218203437803,2.5,10
944.0,1,charge,0.8358225744342478,4.164663368625945,299.13825655781557,2.5,10
944.0,2,charge,0.724594318749137,4.1581578594850725,302.1911370126427,4.5,10
944.0,3,charge,0.806158672578948,4.160436766439725,299.5223647997921,2.5,10
945.0,1,charge,0.8359856862217114,4.16473123293221,299.13898034111344,2.5,10
945.0,2,charge,0.7249053560713334,4.15838591174652,302.19255120425277,4.5,10
945.0,3,charge,0.8063396060030642,4.160526049939289,299.52290926847354,2.5,10
946.0,1,charge,0.8361487980091676,4.164798852529879,299.139704083058,2.5,10
946.0,2,charge,0.7252163933935264,4.158615056425314,302.19396494767915,4.5,10
946.0,3,charge,0.8065205394271824,4.160615172226535,299.523453750093,2.5,10
947.0,1,charge,0.8363119097966286,4.1648662277789,299.14042778378644,2.5,10
947.0,2,charge,0.7255274307157229,4.158845246332241,302.19537825582194,4.5,10
947.0,3,charge,0.8067014728512968,4.160704130895818,299.52399824491044,2.5,10
948.0,1,charge,0.8364750215840857,4.164933359252915,299.1411514434053,2.5,10
948.0,2,charge,0.7258384680379157,4.1590764358284105,302.1967911411637,4.5,10
948.0,3,charge,0.806882406275415,4.160792923542319,299.5245427531913,2.5,10
949.0,1,charge,0.8366381333715468,4.165000247508912,299.1418750620254,2.5,10
949.0,2,charge,0.7261495053601122,4.159308582635013,302.19820361562677,4.5,10
949.0,3,charge,0.8070633396995284,4.16088154785556,299.52508727518716,2.5,10
950.0,1,charge,0.8368012451590031,4.165066892769868,299.1425986398105,2.5,10
950.0,2,charge,0.7264605426823052,4.159541645163939,302.19961569079277,4.5,10
950.0,3,charge,0.8072442731236465,4.160970001635954,299.52563181113266,2.5,10
951.0,1,charge,0.8369643569464641,4.165133295468705,299.1433221768944,2.5,10
951.0,2,charge,0.7267715800045016,4.159775583242869,302.20102737785726,4.5,10
951.0,3,charge,0.8074252065477647,4.161058282720797,299.52617636126064,2.5,10
952.0,1,charge,0.8371274687339252,4.165199456051132,299.1440456734108,2.5,10
952.0,2,charge,0.7270826173266948,4.160010359316507,302.20243868755546,4.5,10
952.0,3,charge,0.8076061399718789,4.161146389011892,299.52672092579576,2.5,10
953.0,1,charge,0.8372905805213823,4.165265374975576,299.1447691294935,2.5,10
953.0,2,charge,0.7273936546488909,4.160245936689295,302.2038496302944,4.5,10
953.0,3,charge,0.807787073395997,4.161234317976305,299.5272655050422,2.5,10
954.0,1,charge,0.8374536923088434,4.165331052713315,299.1454925452762,2.5,10
954.0,2,charge,0.7277046919710841,4.160482280032779,302.2052602161291,4.5,10
954.0,3,charge,0.8079680068201107,4.161322067730088,299.52781009919454,2.5,10
955.0,1,charge,0.8376168040963021,4.16539648981313,299.14621592088065,2.5,10
955.0,2,charge,0.7280157292932803,4.1607193555429705,302.20667045473454,4.5,10
955.0,3,charge,0.8081489402442315,4.161409636363951,299.52835470845554,2.5,10
956.0,1,charge,0.8377799158837632,4.165461687103326,299.14693925637846,2.5,10
956.0,2,charge,0.7283267666154735,4.160957130539878,302.208080355481,4.5,10
956.0,3,charge,0.8083298736683452,4.161497021966371,299.5288993330315,2.5,10
957.0,1,charge,0.8379430276712203,4.165526644865372,299.1476625519457,2.5,10
957.0,2,charge,0.7286378039376696,4.161195573476634,302.20948992742615,4.5,10
957.0,3,charge,0.8085108070924639,4.16158422268782,299.5294439731216,2.5,10
958.0,1,charge,0.8381061394586814,4.16559136364071,299.1483858077122,2.5,10
958.0,2,charge,0.7289488412598628,4.1614346541628,302.21089917924854,4.5,10
958.0,3,charge,0.8086917405165776,4.161671236740737,299.5299886289175,2.5,10
959.0,1,charge,0.8382692512461377,4.1656558439834175,299.1491090238081,2.5,10
959.0,2,charge,0.729259878582059,4.161674343132847,302.2123081194049,4.5,10
959.0,3,charge,0.8088726739406957,4.161758062399308,299.53053330060345,2.5,10
960.0,1,charge,0.8384323630335987,4.165720086460258,299.14983220036316,2.5,10
960.0,2,charge,0.7295709159042522,4.161914611830217,302.2137167560749,4.5,10
960.0,3,charge,0.8090536073648138,4.161844697246712,299.53107798848805,2.5,10
961.0,1,charge,0.8385954748210598,4.165784091650751,299.15055533750746,2.5,10
961.0,2,charge,0.7298819532264483,4.162155432502774,302.21512509718065,4.5,10
961.0,3,charge,0.8092345407889282,4.161931139617002,299.53162269275214,2.5,10
962.0,1,charge,0.8387585866085167,4.165847860147101,299.151278435371,2.5,10
962.0,2,charge,0.7301929905486415,4.1623967786508,302.21653315032734,4.5,10
962.0,3,charge,0.8094154742130462,4.162017388111773,299.53216741353344,2.5,10
963.0,1,charge,0.8389216983959779,4.165911392840387,299.15200149404177,2.5,10
963.0,2,charge,0.7305040278708377,4.162638625668229,302.2179409227139,4.5,10
963.0,3,charge,0.8095964076371599,4.162103441122612,299.5327121510093,2.5,10
964.0,1,charge,0.839084810183434,4.165974690211405,299.15272451366945,2.5,10
964.0,2,charge,0.7308150651930309,4.16288094766971,302.21934842159544,4.5,10
964.0,3,charge,0.8097773410612806,4.162189297093075,299.5332569053518,2.5,10
965.0,1,charge,0.8392479219708977,4.16603775287752,299.15344749438583,2.5,10
965.0,2,charge,0.731126102515227,4.163123720107179,302.2207556539081,4.5,10
965.0,3,charge,0.8099582744853944,4.162274954518702,299.533801676727,2.5,10
966.0,1,charge,0.839411033758354,4.166100581495954,299.1541704363186,2.5,10
966.0,2,charge,0.73143713983742,4.1633669189497695,302.22216262639165,4.5,10
966.0,3,charge,0.8101392079095131,4.162360411946748,299.5343464652954,2.5,10
967.0,1,charge,0.8395741455458158,4.166163176736562,299.1548933395956,2.5,10
967.0,2,charge,0.7317481771596164,4.163610522972295,302.2235693452759,4.5,10
967.0,3,charge,0.8103201413336268,4.1624456674428565,299.53489127130575,2.5,10
968.0,1,charge,0.8397372573332719,4.166225539281863,299.1556162043445,2.5,10
968.0,2,charge,0.7320592144818087,4.163854510122332,302.22497581678795,4.5,10
968.0,3,charge,0.810501074757745,4.162530719315827,299.5354360949678,2.5,10
969.0,1,charge,0.8399003691207331,4.166287669827026,299.15633903069306,2.5,10
969.0,2,charge,0.7323702518040051,4.164098858196825,302.22638204706277,4.5,10
969.0,3,charge,0.8106820081818629,4.162615566523797,299.53598093637976,2.5,10
970.0,1,charge,0.8400634809081942,4.16634956921988,299.157061818757,2.5,10
970.0,2,charge,0.732681289126198,4.164343546062184,302.2277880419785,4.5,10
970.0,3,charge,0.8108629416059766,4.162700207699109,299.53652579570104,2.5,10
971.0,1,charge,0.8402265926956503,4.1664112381999825,299.15778456866235,2.5,10
971.0,2,charge,0.7329923264483944,4.164588553282014,302.22919380720816,4.5,10
971.0,3,charge,0.8110438750300955,4.162784641516144,299.5370706730868,2.5,10
972.0,1,charge,0.8403897044831115,4.166472677440261,299.1585072805418,2.5,10
972.0,2,charge,0.7333033637705874,4.164833861947973,302.2305993479433,4.5,10
972.0,3,charge,0.8112248084542091,4.162868866691229,299.53761556868824,2.5,10
973.0,1,charge,0.8405528162705683,4.1665338876970335,299.15922995452235,2.5,10
973.0,2,charge,0.7336144010927838,4.165079451971236,302.23200466961674,4.5,10
973.0,3,charge,0.8114057418783298,4.162952881982537,299.53816048265253,2.5,10
974.0,1,charge,0.8407159280580294,4.166594869739214,299.15995259073054,2.5,10
974.0,2,charge,0.7339254384149767,4.1653253047247984,302.23340977734983,4.5,10
974.0,3,charge,0.8115866753024434,4.163036685954124,299.53870541516477,2.5,10
975.0,1,charge,0.8408790398454883,4.16665562434836,299.1606751892933,2.5,10
975.0,2,charge,0.7342364757371731,4.165571402043066,302.23481467610867,4.5,10
975.0,3,charge,0.8117676087265623,4.163120277047176,299.539250366435,2.5,10
976.0,1,charge,0.8410421516329495,4.166716152318573,299.16139775033736,2.5,10
976.0,2,charge,0.734547513059366,4.165817726571015,302.23621937062507,4.5,10
976.0,3,charge,0.811948542150676,4.163203654384635,299.53979533655615,2.5,10
977.0,1,charge,0.8412052634204056,4.166776454520697,299.16212027398774,2.5,10
977.0,2,charge,0.7348585503815624,4.166064261424675,302.23762386547577,4.5,10
977.0,3,charge,0.812129475574794,4.1632868168123505,299.5403403256737,2.5,10
978.0,1,charge,0.8413683752078674,4.166836531887695,299.1628427603681,2.5,10
978.0,2,charge,0.7351695877037554,4.166310989726317,302.2390281651893,4.5,10
978.0,3,charge,0.8123104089989123,4.163369763211623,299.5408853339299,2.5,10
979.0,1,charge,0.8415314869953238,4.166896385160941,299.16356520960767,2.5,10
979.0,2,charge,0.7354806250259518,4.166557895201229,302.2404322741115,4.5,10
979.0,3,charge,0.8124913424230257,4.163452492499063,299.5414303614644,2.5,10
980.0,1,charge,0.8416945987827849,4.166956015195456,299.1642876218329,2.5,10
980.0,2,charge,0.7357916623481447,4.166804961953775,302.2418361964571,4.5,10
980.0,3,charge,0.8126722758471446,4.163535003626572,299.5419754084137,2.5,10
981.0,1,charge,0.841857710570246,4.1670154228589364,299.1650099971703,2.5,10
981.0,2,charge,0.7361026996703411,4.167052174599883,302.24323993622846,4.5,10
981.0,3,charge,0.8128532092712581,4.163617295507253,299.54252047492463,2.5,10
982.0,1,charge,0.8420208223577029,4.167074609031774,299.16573233574616,2.5,10
982.0,2,charge,0.7364137369925341,4.167299517925205,302.2446434974019,4.5,10
982.0,3,charge,0.8130341426953762,4.163699366838808,299.54306556118496,2.5,10
983.0,1,charge,0.8421839341451641,4.167133574607066,299.16645463768714,2.5,10
983.0,2,charge,0.7367247743147306,4.167546977084375,302.2460468838078,4.5,10
983.0,3,charge,0.8132150761194924,4.163781216854298,299.54361066729194,2.5,10
984.0,1,charge,0.8423470459326229,4.16719232049055,299.1671769031195,2.5,10
984.0,2,charge,0.7370358116369234,4.167794537532476,302.24745009916325,4.5,10
984.0,3,charge,0.8133960095436108,4.163862844600947,299.5441557933788,2.5,10
985.0,1,charge,0.8425101577200841,4.167250847600682,299.16789913216985,2.5,10
985.0,2,charge,0.73734684895912,4.168042185144583,302.2488531470474,4.5,10
985.0,3,charge,0.813576942967725,4.163944249157444,299.5447009395763,2.5,10
986.0,1,charge,0.8426732695075411,4.167309156868594,299.1686213249644,2.5,10
986.0,2,charge,0.7376578862813136,4.168289906273065,302.25025603088983,4.5,10
986.0,3,charge,0.8137578763918432,4.164025429633925,299.54524610601305,2.5,10
987.0,1,charge,0.8428363812950022,4.167367249238138,299.1693434816299,2.5,10
987.0,2,charge,0.73796892360351,4.168537687139348,302.25165875410744,4.5,10
987.0,3,charge,0.8139388098159566,4.164106385171824,299.5457912928154,2.5,10
988.0,1,charge,0.8429994930824584,4.1674251256705155,299.1700656022925,2.5,10
988.0,2,charge,0.7382799609257032,4.168785514367705,302.2530613199866,4.5,10
988.0,3,charge,0.8141197432400747,4.164187114942573,299.54633650010777,2.5,10
989.0,1,charge,0.8431626048699195,4.167482787176718,299.17078768707904,2.5,10
989.0,2,charge,0.7385909982478996,4.169033374809344,302.25446373172315,4.5,10
989.0,3,charge,0.8143006766641929,4.16426761806753,299.5468817280263,2.5,10
990.0,1,charge,0.8433257166573808,4.1675402347600965,299.1715097361161,2.5,10
990.0,2,charge,0.7389020355700926,4.169281255670215,302.2558659924022,4.5,10
990.0,3,charge,0.8144816100883064,4.164347893721713,299.54742697670105,2.5,10
990.0,1,charge,0.8433257166573798,4.1675402347600965,299.1715097361161,2.0,11
990.0,1,charge,0.8433257166573808,4.1552219711689435,299.1715097361161,2.0,11
990.0,2,charge,0.7389020355700938,4.169281255670215,302.2558659924022,3.5,11
990.0,2,charge,0.7389020355700926,4.15048360396173,302.2558659924022,3.5,11
990.0,3,charge,0.8144816100883079,4.164347893721713,299.54742697670105,2.0,11
990.0,3,charge,0.8144816100883064,4.151801015622875,299.54742697670105,2.0,11
991.0,1,charge,0.8434562060873453,4.155040045557118,299.17193336868286,2.0,11
991.0,2,charge,0.7391439534873562,4.149604269601829,302.25654212946904,3.5,11
991.0,3,charge,0.8146263568275999,4.151559968722829,299.54775545605617,2.0,11
992.0,1,charge,0.843586695517314,4.154925909022016,299.1723562437262,2.0,11
992.0,2,charge,0.7393858714046208,4.149084106728104,302.2572153367115,3.5,11
992.0,3,charge,0.8147711035668953,4.151416953665165,299.5480834189979,2.0,11
993.0,1,charge,0.8437171849472802,4.154839909996603,299.17277842981116,2.0,11
993.0,2,charge,0.7396277893218819,4.1487135785841325,302.2578858499479,3.5,11
993.0,3,charge,0.814915850306189,4.151314344914128,299.54841091394826,2.0,11
994.0,1,charge,0.8438476743772497,4.1547699690996005,299.1731999691387,2.0,11
994.0,2,charge,0.7398697072391462,4.148425972312067,302.2585538366902,3.5,11
994.0,3,charge,0.8150605970454797,4.151234281110063,299.5487379709299,2.0,11
995.0,1,charge,0.8439781638072185,4.154710871641147,299.17362089538165,2.0,11
995.0,2,charge,0.7401116251564066,4.148192881117245,302.2592194379422,3.5,11
995.0,3,charge,0.815205343784773,4.151169122367838,299.5490646139626,2.0,11
996.0,1,charge,0.8441086532371855,4.1546599243363875,299.17404123742455,2.0,11
996.0,2,charge,0.740353543073668,4.147999661354858,302.25988277817197,3.5,11
996.0,3,charge,0.8153500905240686,4.151114963787107,299.54939086368194,2.0,11
997.0,1,charge,0.8442391426671493,4.154615473978139,299.1744610210368,2.0,11
997.0,2,charge,0.7405954609909319,4.147837426518819,302.26054396991316,3.5,11
997.0,3,charge,0.8154948372633619,4.151069430405467,299.54971673851435,2.0,11
998.0,1,charge,0.8443696320971183,4.154576432011959,299.17488026966976,2.0,11
998.0,2,charge,0.7408373789081961,4.1477004893610125,302.261203116145,3.5,11
998.0,3,charge,0.815639584002653,4.151030974387024,299.5500422552394,2.0,11
999.0,1,charge,0.8445001215270851,4.15454204315129,299.17529900493696,2.0,11
999.0,2,charge,0.7410792968254603,4.147584932982939,302.26186031195584,3.5,11
999.0,3,charge,0.8157843307419465,4.150998532936337,299.5503674293297,2.0,11
1000.0,1,charge,0.844630610957054,4.154511738810085,299.17571724698314,2.0,11
1000.0,2,charge,0.7413212147427214,4.147487771413285,302.2625156457759,3.5,11
1000.0,3,charge,0.8159290774812372,4.150971313380297,299.55069227521017,2.0,11
1001.0,1,charge,0.8447611003870228,4.154485071976299,299.17613501472687,2.0,11
1001.0,2,charge,0.741563132659982,4.147406739427207,302.2631692001879,3.5,11
1001.0,3,charge,0.8160738242205327,4.1509486976309455,299.551016806432,2.0,11
1002.0,1,charge,0.8448915898169899,4.154461688983414,299.1765523260126,2.0,11
1002.0,2,charge,0.7418050505772461,4.147340065028233,302.2638210526019,3.5,11
1002.0,3,charge,0.8162185709598261,4.150930201696439,299.5513410357795,2.0,11
1003.0,1,charge,0.8450220792469586,4.154441301038829,299.17696919774323,2.0,11
1003.0,2,charge,0.7420469684945072,4.1472863025320255,302.2644712758244,3.5,11
1003.0,3,charge,0.816363317699117,4.150915434035242,299.55166497536413,2.0,11
1004.0,1,charge,0.8451525686769223,4.154423666027644,299.177385645979,2.0,11
1004.0,2,charge,0.7422888864117714,4.147244241518797,302.26511993850005,3.5,11
1004.0,3,charge,0.8165080644384105,4.15090406931193,299.5519886366956,2.0,11
1005.0,1,charge,0.8452830581068893,4.154408579149493,299.17780168600996,2.0,11
1005.0,2,charge,0.7425308043290354,4.14721286300893,302.2657671054782,3.5,11
1005.0,3,charge,0.816652811177706,4.1508958349617435,299.5523120307326,2.0,11
1006.0,1,charge,0.8454135475368582,4.1543958635898255,299.1782173324283,2.0,11
1006.0,2,charge,0.7427727222462968,4.14719130812638,302.266412838133,3.5,11
1006.0,3,charge,0.8167975579169995,4.150890497711452,299.5526351679349,2.0,11
1007.0,1,charge,0.8455440369668269,4.154385365975703,299.1786325991744,2.0,11
1007.0,2,charge,0.7430146401635579,4.147178837358718,302.26705719464684,3.5,11
1007.0,3,charge,0.8169423046562903,4.150887857051954,299.5529580582958,2.0,11
1008.0,1,charge,0.8456745263967939,4.154376945338819,299.1790474996263,2.0,11
1008.0,2,charge,0.7432565580808216,4.147174806073595,302.2677002302799,3.5,11
1008.0,3,charge,0.8170870513955838,4.150887729521559,299.55328071140605,2.0,11
1009.0,1,charge,0.8458050158267626,4.154370475674736,299.17946204660683,2.0,11
1009.0,2,charge,0.7434984759980826,4.147178636981177,302.2683419975996,3.5,11
1009.0,3,charge,0.8172317981348792,4.15088995232505,299.5536031364586,2.0,11
1010.0,1,charge,0.8459355052567271,4.154365844738186,299.17987625240943,2.0,11
1010.0,2,charge,0.7437403939153475,4.147189818865598,302.26898254660995,3.5,11
1010.0,3,charge,0.8173765448741727,4.150894381791895,299.5539253422675,2.0,11
1011.0,1,charge,0.8460659946866962,4.154362951235591,299.1802901288314,2.0,11
1011.0,2,charge,0.7439823118326109,4.147207886662722,302.26962192503464,3.5,11
1011.0,3,charge,0.8175212916134628,4.150900889294683,299.5542473372913,2.0,11
1012.0,1,charge,0.8461964841166624,4.154361703107745,299.1807036872008,2.0,11
1012.0,2,charge,0.7442242297498722,4.147232428985425,302.27026017833066,3.5,11
1012.0,3,charge,0.8176660383527563,4.150909358762855,299.5545691296528,2.0,11
1013.0,1,charge,0.8463269735466319,4.154362015702362,299.18111693840416,2.0,11
1013.0,2,charge,0.7444661476671334,4.147263075445478,302.27089734990324,3.5,11
1013.0,3,charge,0.8178107850920517,4.1509196841927,299.5548907271579,2.0,11
1014.0,1,charge,0.8464574629766006,4.154363810949969,299.1815298929079,2.0,11
1014.0,2,charge,0.7447080655843975,4.1472994896554685,302.27153348123653,3.5,11
1014.0,3,charge,0.8179555318313452,4.150931768330347,299.5552121373119,2.0,11
1015.0,1,charge,0.8465879524065677,4.154367015527233,299.18194256078624,2.0,11
1015.0,2,charge,0.7449499835016615,4.147341364621247,302.2721686119917,3.5,11
1015.0,3,charge,0.818100278570636,4.15094552024234,299.55553336733874,2.0,11
1016.0,1,charge,0.8467184418365314,4.154371561920443,299.18235495172917,2.0,11
1016.0,2,charge,0.7451919014189229,4.147388416524548,302.27280278012313,3.5,11
1016.0,3,charge,0.8182450253099295,4.1509608567233,299.55585442418703,2.0,11
1017.0,1,charge,0.8468489312665004,4.154377385960466,299.18276707506936,2.0,11
1017.0,2,charge,0.745433819336187,4.1474403808829505,302.27343602199534,3.5,11
1017.0,3,charge,0.8183897720492249,4.150977698835672,299.55617531454936,2.0,11
1018.0,1,charge,0.8469794206964673,4.1543844279343505,299.1831789397933,2.0,11
1018.0,2,charge,0.7456757372534476,4.147497013552641,302.2740683724355,3.5,11
1018.0,3,charge,0.8185345187885184,4.1509959735687065,299.5564960448699,2.0,11
1019.0,1,charge,0.8471099101264362,4.154392631852376,299.1835905545509,2.0,11
1019.0,2,charge,0.7459176551707087,4.147558089099329,302.2746998648291,3.5,11
1019.0,3,charge,0.8186792655278092,4.151015612697464,299.5568166213517,2.0,11
1020.0,1,charge,0.8472403995564057,4.15440194463002,299.18400192768087,2.0,11
1020.0,2,charge,0.7461595730879729,4.147623397777149,302.2753305312046,3.5,11
1020.0,3,charge,0.8188240122671001,4.15103655176543,299.5571370499744,2.0,11
1021.0,1,charge,0.8473708889863719,4.154412317064212,299.18441306720723,2.0,11
1021.0,2,charge,0.746401491005237,4.147692745710318,302.275960402282,3.5,11
1021.0,3,charge,0.8189687590063934,4.151058731382165,299.5574573364925,2.0,11
1022.0,1,charge,0.8475013784163408,4.15442370214735,299.18482398086934,2.0,11
1022.0,2,charge,0.746643408922501,4.147765950801467,302.2765895075546,3.5,11
1022.0,3,charge,0.8191135057456891,4.151082094900177,299.5577774864559,2.0,11
1023.0,1,charge,0.8476318678463053,4.154436055825574,299.18523467611936,2.0,11
1023.0,2,charge,0.7468853268397624,4.147842842317422,302.27721787534534,3.5,11
1023.0,3,charge,0.8192582524849825,4.151106589478483,299.5580975052088,2.0,11
1023.9999999999999,1,charge,0.8477623572762715,4.154449336207178,299.18564516014214,2.0,11
1023.9999999999999,2,charge,0.7471272447570229,4.1479232600002955,302.2778455328496,3.5,11
1023.9999999999999,3,charge,0.8194029992242733,4.151132164970505,299.5584173979036,2.0,11
1025.0,1,charge,0.8478928467062402,4.154463503471842,299.1860554398595,2.0,11
1025.0,2,charge,0.7473691626742869,4.148007049764966,302.2784725062478,3.5,11
1025.0,3,charge,0.8195477459635667,4.151158773808103,299.5587371695044,2.0,11
1026.0,1,charge,0.8480233361362097,4.154478519697313,299.18646552195804,2.0,11
1026.0,2,charge,0.7476110805915482,4.148094072977766,302.2790988206212,3.5,11
1026.0,3,charge,0.8196924927028622,4.151186370774454,299.5590568248061,2.0,11
1027.0,1,charge,0.848153825566176,4.154494348704191,299.18687541288557,2.0,11
1027.0,2,charge,0.7478529985088131,4.14818419097301,302.2797245002011,3.5,11
1027.0,3,charge,0.8198372394421557,4.151214912810895,299.55937636843237,2.0,11
1028.0,1,charge,0.8482843149961449,4.154510956812845,299.18728511882165,2.0,11
1028.0,2,charge,0.7480949164260765,4.1482772766198215,302.28034956823444,3.5,11
1028.0,3,charge,0.8199819861814458,4.15124436004066,299.5596958048151,2.0,11
1029.0,1,charge,0.8484148044261093,4.154528310589792,299.1876946457851,2.0,11
1029.0,2,charge,0.7483368343433379,4.148373211097814,302.2809740470694,3.5,11
1029.0,3,charge,0.8201267329207392,4.1512746726404846,299.5600151382705,2.0,11
1030.0,1,charge,0.8485452938560756,4.154546378055314,299.18810399958033,2.0,11
1030.0,2,charge,0.748578752260599,4.148471877714531,302.28159795829407,3.5,11
1030.0,3,charge,0.8202714796600348,4.15130581253559,299.5603343729612,2.0,11
1031.0,1,charge,0.8486757832860443,4.1545651306135465,299.1885131857368,2.0,11
1031.0,2,charge,0.748820670177863,4.1485731702637505,302.2822213225684,3.5,11
1031.0,3,charge,0.8204162263993281,4.151337746303657,299.56065351285054,2.0,11
1032.0,1,charge,0.8488062727160138,4.154584539209818,299.18892220965176,2.0,11
1032.0,2,charge,0.7490625880951274,4.14867698489115,302.2828441598865,3.5,11
1032.0,3,charge,0.820560973138619,4.15137043933411,299.5609725618113,2.0,11
1033.0,1,charge,0.84893676214598,4.154604575786951,299.18933107654294,2.0,11
1033.0,2,charge,0.7493045060123915,4.148783223967762,302.2834664894323,3.5,11
1033.0,3,charge,0.8207057198779124,4.15140385832425,299.56129152358426,2.0,11
1034.0,1,charge,0.8490672515759489,4.154625214473476,299.1897397914103,2.0,11
1034.0,2,charge,0.7495464239296526,4.148891794269888,302.2840883297039,3.5,11
1034.0,3,charge,0.8208504666172078,4.151437972866636,299.56161040175357,2.0,11
1035.0,1,charge,0.8491977410059134,4.154646431041458,299.1901483590602,2.0,11
1035.0,2,charge,0.7497883418469132,4.149002606796361,302.2847096985219,3.5,11
1035.0,3,charge,0.8209952133564986,4.1514727544899,299.5619291997671,2.0,11
1036.0,1,charge,0.8493282304358796,4.154668200924116,299.19055678418357,2.0,11
1036.0,2,charge,0.7500302597641774,4.1491155766144185,302.28533061303773,3.5,11
1036.0,3,charge,0.8211399600957922,4.151508174085944,299.5622479209884,2.0,11
1037.0,1,charge,0.8494587198658483,4.154690501129648,299.19096507128836,2.0,11
1037.0,2,charge,0.7502721776814385,4.149230621986433,302.2859510898053,3.5,11
1037.0,3,charge,0.8212847068350831,4.151544204553306,299.5625665686491,2.0,11
1038.0,1,charge,0.8495892092958178,4.1547133102805125,299.19137322469015,2.0,11
1038.0,2,charge,0.7505140955987026,4.149347665793238,302.2865711447433,3.5,11
1038.0,3,charge,0.8214294535743766,4.15158082081673,299.56288514584423,2.0,11
1039.0,1,charge,0.8497196987257841,4.154736607165584,299.19178124859707,2.0,11
1039.0,2,charge,0.7507560135159667,4.149466633068505,302.28719079323184,3.5,11
1039.0,3,charge,0.821574200313672,4.151617997849432,299.5632036555911,2.0,11
1040.0,1,charge,0.849850188155753,4.154760371680367,299.192189147061,2.0,11
1040.0,2,charge,0.750997931433228,4.149587452669458,302.28781005007437,3.5,11
1040.0,3,charge,0.8217189470529656,4.151655711981978,299.56352210079496,2.0,11
1041.0,1,charge,0.8499806775857174,4.154784584517458,299.19259692397645,2.0,11
1041.0,2,charge,0.7512398493504892,4.149710056540988,302.2884289295415,3.5,11
1041.0,3,charge,0.8218636937922563,4.151693940447973,299.5638404842476,2.0,11
1042.0,1,charge,0.8501111670156837,4.154809227123161,299.19300458311864,2.0,11
1042.0,2,charge,0.7514817672677527,4.14983437906235,302.28904744541086,3.5,11
1042.0,3,charge,0.8220084405315498,4.151732661377268,299.56415880865654,2.0,11
1043.0,1,charge,0.8502416564456526,4.154834281636372,299.19341212813544,2.0,11
1043.0,2,charge,0.7517236851850176,4.149960357693685,302.289665610936,3.5,11
1043.0,3,charge,0.8221531872708452,4.151771853691366,299.5644770766371,2.0,11
1044.0,1,charge,0.850372145875622,4.154859730946733,299.19381956254,2.0,11
1044.0,2,charge,0.751965603102279,4.150087932173074,302.29028343892844,3.5,11
1044.0,3,charge,0.8222979340101386,4.151811497194982,299.56479529070754,2.0,11
1045.0,1,charge,0.8505026353055909,4.154885558616614,299.1942268897214,2.0,11
1045.0,2,charge,0.7522075210195431,4.150217044702197,302.29090094171926,3.5,11
1045.0,3,charge,0.8224426807494295,4.151851572447641,299.56511345329824,2.0,11
1046.0,1,charge,0.8506331247355572,4.154911748649965,299.1946341129692,2.0,11
1046.0,2,charge,0.7524494389368035,4.150347639680033,302.2915181312152,3.5,11
1046.0,3,charge,0.8225874274887223,4.151892060489139,299.5654315667674,2.0,11
1047.0,1,charge,0.8507636141655217,4.154938285716704,299.19504123545505,2.0,11
1047.0,2,charge,0.7526913568540646,4.150479663728616,302.2921350188908,3.5,11
1047.0,3,charge,0.8227321742280178,4.151932943151942,299.56574963338846,2.0,11
1048.0,1,charge,0.8508941035954904,4.154965155486097,299.19544826022025,2.0,11
1048.0,2,charge,0.7529332747713287,4.150613065565302,302.29275161580404,3.5,11
1048.0,3,charge,0.8228769209673112,4.151974203492434,299.56606765534207,2.0,11
1049.0,1,charge,0.8510245930254567,4.154992343645289,299.1958551902315,2.0,11
1049.0,2,charge,0.753175192688593,4.150747795465266,302.29336793265503,3.5,11
1049.0,3,charge,0.823021667706602,4.152015824465234,299.56638563475485,2.0,11
1050.0,1,charge,0.8511550824554263,4.15501983655105,299.19626202834877,2.0,11
1050.0,2,charge,0.7534171106058571,4.15088380540013,302.2939839797768,3.5,11
1050.0,3,charge,0.8231664144458954,4.152057789823663,299.56670357367716,2.0,11
1051.0,1,charge,0.851285571885395,4.155047621389971,299.1966687773143,2.0,11
1051.0,2,charge,0.7536590285231183,4.151021050097254,302.2945997670602,3.5,11
1051.0,3,charge,0.823311161185191,4.152100084376319,299.56702147407395,2.0,11
1052.0,1,charge,0.851416061315362,4.15507568560401,299.19707543979484,2.0,11
1052.0,2,charge,0.7539009464403789,4.151159485247038,302.29521530410415,3.5,11
1052.0,3,charge,0.8234559079244844,4.152142693113209,299.5673393378574,2.0,11
1053.0,1,charge,0.8515465507453257,4.155104017130396,299.19748201836705,2.0,11
1053.0,2,charge,0.754142864357643,4.151299067512818,302.2958306002223,3.5,11
1053.0,3,charge,0.8236006546637753,4.15218560163544,299.5676571668745,2.0,11
1054.0,1,charge,0.8516770401752948,4.1551326044105545,299.19788851551255,2.0,11
1054.0,2,charge,0.7543847822749039,4.151439755055707,302.29644566441,3.5,11
1054.0,3,charge,0.8237454014030688,4.152228796115837,299.5679749629033,2.0,11
1055.0,1,charge,0.8518075296052615,4.1551614363366065,299.19829493362585,2.0,11
1055.0,2,charge,0.7546267001921683,4.151581509828828,302.2970605051418,3.5,11
1055.0,3,charge,0.8238901481423594,4.152272263238503,299.5682927276606,2.0,11
1056.0,1,charge,0.8519380190352305,4.155190502203801,299.19870127503106,2.0,11
1056.0,2,charge,0.7548686181094323,4.151724292499745,302.29767513083334,3.5,11
1056.0,3,charge,0.824034894881655,4.152315990156424,299.56861046281193,2.0,11
1057.0,1,charge,0.8520685084651992,4.155219791715884,299.1991075419675,2.0,11
1057.0,2,charge,0.7551105360266934,4.151868065617654,302.2982895495642,3.5,11
1057.0,3,charge,0.8241796416209485,4.1523599644761235,299.56892816996174,2.0,11
1058.0,1,charge,0.8521989978951661,4.155249294949064,299.19951373658023,2.0,11
1058.0,2,charge,0.7553524539439541,4.152012793126984,302.29890376912226,3.5,11
1058.0,3,charge,0.8243243883602394,4.152404174195146,299.56924585064763,2.0,11
1059.0,1,charge,0.852329487325135,4.155279002356013,299.19991986097017,2.0,11
1059.0,2,charge,0.7555943718612181,4.1521584415388615,302.29951779687633,3.5,11
1059.0,3,charge,0.8244691350995328,4.152448607781642,299.5695635063754,2.0,11
1060.0,1,charge,0.8524599767550988,4.155308904727984,299.20032591716307,2.0,11
1060.0,2,charge,0.755836289778479,4.152304976729453,302.3001316401386,3.5,11
1060.0,3,charge,0.8246138818388284,4.1524932540716,299.5698811385966,2.0,11
1061.0,1,charge,0.8525904661850658,4.15533899318006,299.20073190712134,2.0,11
1061.0,2,charge,0.7560782076957434,4.1524523662316595,302.3007453059131,3.5,11
1061.0,3,charge,0.8247586285781218,4.152538102266904,299.5701987487176,2.0,11
1062.0,1,charge,0.8527209556150346,4.155369259131835,299.20113783274826,2.0,11
1062.0,2,charge,0.7563201256130074,4.152600578796614,302.30135880093576,3.5,11
1062.0,3,charge,0.8249033753174126,4.152583141912987,299.5705163381023,2.0,11
1063.0,1,charge,0.8528514450450033,4.15539969465553,299.2015436957957,2.0,11
1063.0,2,charge,0.7565620435302689,4.152749584440331,302.30197213166707,3.5,11
1063.0,3,charge,0.8250481220567061,4.152628363298609,299.5708339080022,2.0,11
1064.0,1,charge,0.8529819344749703,4.155430291734676,299.20194949805676,2.0,11
1064.0,2,charge,0.7568039614475299,4.1528993536513745,302.3025853044303,3.5,11
1064.0,3,charge,0.8251928687960017,4.152673756572353,299.5711514597073,2.0,11
1065.0,1,charge,0.853112423904939,4.155461042675422,299.2023552412564,2.0,11
1065.0,2,charge,0.7570458793647933,4.153049857997985,302.3031983253075,3.5,11
1065.0,3,charge,0.8253376155352952,4.152719312285933,299.57146899445166,2.0,11
1066.0,1,charge,0.8532429133349037,4.155491940072994,299.20276092705984,2.0,11
1066.0,2,charge,0.7572877972820544,4.153201070060339,302.3038112001442,3.5,11
1066.0,3,charge,0.825482362274586,4.152765021300601,299.5717865134286,2.0,11
1067.0,1,charge,0.8533734027648698,4.155522976755345,299.20316655708586,2.0,11
1067.0,2,charge,0.7575297151993196,4.153352963224943,302.30442393459373,3.5,11
1067.0,3,charge,0.8256271090138794,4.152810874736901,299.57210401779776,2.0,11
1068.0,1,charge,0.8535038921948387,4.155554146165757,299.20357213282784,2.0,11
1068.0,2,charge,0.7577716331165829,4.153505511547534,302.3050365341456,3.5,11
1068.0,3,charge,0.825771855753175,4.152856864470763,299.5724215086233,2.0,11
1069.0,1,charge,0.8536343816248082,4.155585442016283,299.2039776557246,2.0,11
1069.0,2,charge,0.7580135510338443,4.153658689872495,302.30564900409837,3.5,11
1069.0,3,charge,0.8259166024924685,4.152902982573264,299.5727389869435,2.0,11
1070.0,1,charge,0.8537648710547772,4.155616857711196,299.20438312727924,2.0,11
1070.0,2,charge,0.7582554689511054,4.153812474135945,302.3062613495244,3.5,11
1070.0,3,charge,0.8260613492317593,4.1529492208255245,299.5730564538323,2.0,11
1071.0,1,charge,0.8538953604847432,4.155648387123783,299.204788548899,2.0,11
1071.0,2,charge,0.7584973868683688,4.153966840662438,302.30687357537,3.5,11
1071.0,3,charge,0.8262060959710528,4.15299557152366,299.5733739102978,2.0,11
1072.0,1,charge,0.8540258499147076,4.155680024324264,299.20519392195126,2.0,11
1072.0,2,charge,0.7587393047856338,4.154121766450618,302.3074856864189,3.5,11
1072.0,3,charge,0.8263508427103484,4.153042027182538,299.57369135731926,2.0,11
1073.0,1,charge,0.8541563393446765,4.155711763668075,299.20559924774676,2.0,11
1073.0,2,charge,0.7589812227028949,4.154277229186503,302.30809768729233,3.5,11
1073.0,3,charge,0.8264955894496419,4.153088580680388,299.5740087958311,2.0,11
1074.0,1,charge,0.8542868287746429,4.155743600342874,299.2060045274335,2.0,11
1074.0,2,charge,0.759223140620159,4.154433207633107,302.30870958239217,3.5,11
1074.0,3,charge,0.826640336188932,4.153135225787801,299.5743262266608,2.0,11
1075.0,1,charge,0.8544173182046123,4.1557755287788405,299.2064097623037,2.0,11
1075.0,2,charge,0.7594650585374194,4.154589680635663,302.3093213760532,3.5,11
1075.0,3,charge,0.8267850829282253,4.153181955422055,299.57464365073173,2.0,11
1076.0,1,charge,0.8545478076345812,4.155807543954415,299.2068149535423,2.0,11
1076.0,2,charge,0.7597069764546805,4.15474662778572,302.30993307244535,3.5,11
1076.0,3,charge,0.8269298296675209,4.153228763123567,299.57496106889226,2.0,11
1077.0,1,charge,0.8546782970645475,4.155839641025208,299.2072201022984,2.0,11
1077.0,2,charge,0.7599488943719447,4.154904029280881,302.310544675593,3.5,11
1077.0,3,charge,0.8270745764068144,4.153275642630615,299.5752784819653,2.0,11
1078.0,1,charge,0.8548087864945119,4.155871815314403,299.2076252096873,2.0,11
1078.0,2,charge,0.760190812289209,4.155061866027831,302.3111561893552,3.5,11
1078.0,3,charge,0.8272193231461051,4.1533225878684705,299.575595890749,2.0,11
1079.0,1,charge,0.8549392759244807,4.155904062411953,299.20803027677124,2.0,11
1079.0,2,charge,0.7604327302064702,4.155220119255855,302.3117676175058,3.5,11
1079.0,3,charge,0.8273640698853986,4.153369593085428,299.5759132960021,2.0,11
1080.0,1,charge,0.855069765354447,4.155936378199615,299.20843530455517,2.0,11
1080.0,2,charge,0.7606746481237342,4.155378770777483,302.3123789636804,3.5,11
1080.0,3,charge,0.8275088166246942,4.1534166528380485,299.57623069844476,2.0,11
1080.0,1,charge,0.8550697653544486,4.155936378199615,299.20843530455517,2.0,12
1080.0,1,charge,0.855069765354447,4.155936378199615,299.20843530455517,2.0,12
1080.0,2,charge,0.7606746481237332,4.155378770777483,302.3123789636804,3.0,12
1080.0,2,charge,0.7606746481237342,4.145124455389267,302.3123789636804,3.0,12
1080.0,3,charge,0.8275088166246922,4.1534166528380485,299.57623069844476,2.0,12
1080.0,3,charge,0.8275088166246942,4.1534166528380485,299.57623069844476,2.0,12
1081.0,1,charge,0.8552002547844164,4.155968764741565,299.20884029238044,2.0,12
1081.0,2,charge,0.7608820063385306,4.144767575918326,302.31268076866047,3.0,12
1081.0,3,charge,0.8276535633639877,4.153463769539675,299.5765480987349,2.0,12
1082.0,1,charge,0.8553307442143853,4.156001205995398,299.2092452444521,2.0,12
1082.0,2,charge,0.7610893645533271,4.144576996009036,302.3129814704679,3.0,12
1082.0,3,charge,0.8277983101032785,4.153510922610323,299.57686549774655,2.0,12
1083.0,1,charge,0.8554612336443522,4.156033702150871,299.20965016059193,2.0,12
1083.0,2,charge,0.7612967227681235,4.144455680557368,302.31328115915966,3.0,12
1083.0,3,charge,0.827943056842572,4.153558112225138,299.5771828963279,2.0,12
1084.0,1,charge,0.855591723074316,4.156066251298131,299.21005504130693,2.0,12
1084.0,2,charge,0.7615040809829203,4.144372664435732,302.3135798962903,3.0,12
1084.0,3,charge,0.8280878035818626,4.153605335402109,299.5775002948103,2.0,12
1085.0,1,charge,0.8557222125042849,4.156098850420895,299.2104598873524,2.0,12
1085.0,2,charge,0.7617114391977168,4.144314727749276,302.3138777331041,3.0,12
1085.0,3,charge,0.828232550321161,4.153652587980216,299.5778176937793,2.0,12
1086.0,1,charge,0.8558527019342518,4.156131495320705,299.21086469977354,2.0,12
1086.0,2,charge,0.7619187974125132,4.1442751452155075,302.3141747146616,3.0,12
1086.0,3,charge,0.8283772970604518,4.153699864466105,299.57813509398574,2.0,12
1087.0,1,charge,0.8559831913642205,4.1561641835465455,299.2112694792104,2.0,12
1087.0,2,charge,0.7621261556273097,4.144249843525946,302.31447088176753,3.0,12
1087.0,3,charge,0.8285220437997426,4.153747161195002,299.57845249590366,2.0,12
1088.0,1,charge,0.8561136807941895,4.156196912401528,299.211674226364,2.0,12
1088.0,2,charge,0.7623335138421061,4.144236197749386,302.3147662719125,3.0,12
1088.0,3,charge,0.828666790539036,4.153794474384978,299.57876990002944,2.0,12
1089.0,1,charge,0.8562441702241564,4.1562296783589145,299.2120789421366,2.0,12
1089.0,2,charge,0.7625408720569026,4.1442324070385546,302.3150609198828,3.0,12
1089.0,3,charge,0.8288115372783316,4.153841799331498,299.57908730699626,2.0,12
1090.0,1,charge,0.8563746596541201,4.1562624768874725,299.2124836276752,2.0,12
1090.0,2,charge,0.762748230271699,4.144237131186095,302.315354858223,3.0,12
1090.0,3,charge,0.8289562840176251,4.153889129794205,299.57940471766585,2.0,12
1091.0,1,charge,0.8565051490840889,4.156295307053978,299.2128882832763,2.0,12
1091.0,2,charge,0.7629555884864955,4.1442493310550645,302.31564811755743,3.0,12
1091.0,3,charge,0.8291010307569159,4.153936464285525,299.5797221322012,2.0,12
1092.0,1,charge,0.8566356385140558,4.156328168333443,299.2132929091415,2.0,12
1092.0,2,charge,0.7631629467012921,4.144268201609648,302.31594072678337,3.0,12
1092.0,3,charge,0.8292457774962092,4.153983801262926,299.5800395507746,2.0,12
1093.0,1,charge,0.8567661279440247,4.156361054841486,299.21369750675495,2.0,12
1093.0,2,charge,0.7633703049160886,4.144293086879628,302.3162327132881,3.0,12
1093.0,3,charge,0.8293905242355047,4.154031133264192,299.58035697443614,2.0,12
1094.0,1,charge,0.8568966173739936,4.156393966393408,299.2141020762436,2.0,12
1094.0,2,charge,0.763577663130885,4.14432344848062,302.3165241030591,3.0,12
1094.0,3,charge,0.8295352709747983,4.154078459323732,299.5806744032783,2.0,12
1095.0,1,charge,0.8570271068039604,4.156426900895918,299.21450661819375,2.0,12
1095.0,2,charge,0.7637850213456815,4.144358839919292,302.31681492079673,3.0,12
1095.0,3,charge,0.8296800177140891,4.154125776244249,299.5809918377253,2.0,12
1096.0,1,charge,0.8571575962339293,4.156459854970566,299.21491113350766,2.0,12
1096.0,2,charge,0.7639923795604779,4.144398877398949,302.31710519004787,3.0,12
1096.0,3,charge,0.8298247644533818,4.154173079379813,299.5813092784182,2.0,12
1097.0,1,charge,0.857288085663893,4.156492826867186,299.2153156226951,2.0,12
1097.0,2,charge,0.7641997377752744,4.144443225845638,302.317394933293,3.0,12
1097.0,3,charge,0.8299695111926775,4.154220365970087,299.5816267257222,2.0,12
1098.0,1,charge,0.8574185750938599,4.156525814429162,299.2157200863699,2.0,12
1098.0,2,charge,0.7644070959900708,4.144491588813851,302.31768417202414,3.0,12
1098.0,3,charge,0.8301142579319709,4.154267632780361,299.5819441800746,2.0,12
1099.0,1,charge,0.8575490645238288,4.156558815816804,299.2161245250798,2.0,12
1099.0,2,charge,0.7646144542048673,4.144543699851564,302.3179729268167,3.0,12
1099.0,3,charge,0.8302590046712618,4.154314876886619,299.5822616418684,2.0,12
1100.0,1,charge,0.8576795539537976,4.156591828768006,299.21652893946754,2.0,12
1100.0,2,charge,0.7648218124196637,4.1445993285831655,302.318261217347,3.0,12
1100.0,3,charge,0.8304037514105552,4.154362094943225,299.5825791115629,2.0,12
1101.0,1,charge,0.8578100433837647,4.156624851519888,299.21693333006573,2.0,12
1101.0,2,charge,0.7650291706344605,4.144658270018011,302.3185490624582,3.0,12
1101.0,3,charge,0.8305484981498507,4.154409284176237,299.58289658953413,2.0,12
1102.0,1,charge,0.8579405328137334,4.156657882770265,299.2173376973033,2.0,12
1102.0,2,charge,0.765236528849257,4.1447203363838,302.3188364802186,3.0,12
1102.0,3,charge,0.8306932448891442,4.154456442260923,299.58321407609304,2.0,12
1103.0,1,charge,0.8580710222436971,4.156690920396725,299.21774204180133,2.0,12
1103.0,2,charge,0.7654438870640534,4.144785361919215,302.31912348794776,3.0,12
1103.0,3,charge,0.830837991628435,4.1545035660097955,299.5835315716824,2.0,12
1104.0,1,charge,0.8582015116736642,4.156723963040041,299.21814636400734,2.0,12
1104.0,2,charge,0.7656512452788499,4.144853188333382,302.31941010228223,3.0,12
1104.0,3,charge,0.8309827383677284,4.154550653106612,299.58384907661684,2.0,12
1105.0,1,charge,0.8583320011036331,4.156757009519273,299.2185506643304,2.0,12
1105.0,2,charge,0.7658586034936463,4.144923675409402,302.3196963391938,3.0,12
1105.0,3,charge,0.8311274851070239,4.154597701365515,299.5841665911938,2.0,12
1106.0,1,charge,0.8584624905336025,4.156790058043905,299.2189549433232,2.0,12
1106.0,2,charge,0.7660659617084428,4.144996689703966,302.31998221402193,3.0,12
1106.0,3,charge,0.8312722318463175,4.154644707974658,299.58448411580656,2.0,12
1107.0,1,charge,0.8585929799635714,4.156823107779339,299.2193592013208,2.0,12
1107.0,2,charge,0.7662733199232392,4.1450721079067385,302.32026774152956,3.0,12
1107.0,3,charge,0.8314169785856084,4.154691671218967,299.584801650687,2.0,12
1108.0,1,charge,0.8587234693935377,4.15685615771692,299.2197634387009,2.0,12
1108.0,2,charge,0.7664806781380357,4.1451498171505605,302.32055293588076,3.0,12
1108.0,3,charge,0.8315617253249018,4.154738589095642,299.5851191961118,2.0,12
1109.0,1,charge,0.8588539588235021,4.156889206358947,299.2201676559562,2.0,12
1109.0,2,charge,0.7666880363528321,4.145229709335247,302.32083781072794,3.0,12
1109.0,3,charge,0.8317064720641925,4.154785459127595,299.58543675243084,2.0,12
1110.0,1,charge,0.8589844482534709,4.156922252438979,299.22057185352867,2.0,12
1110.0,2,charge,0.7668953945676286,4.145311687096502,302.32112237917255,3.0,12
1110.0,3,charge,0.831851218803488,4.154832279080365,299.58575431995973,2.0,12
1111.0,1,charge,0.8591149376834373,4.156955294688803,299.2209760318634,2.0,12
1111.0,2,charge,0.767102752782425,4.145395657119277,302.3214066538433,3.0,12
1111.0,3,charge,0.8319959655427814,4.154879046719553,299.5860718990164,2.0,12
1112.0,1,charge,0.8592454271134067,4.156988332002104,299.221380191371,2.0,12
1112.0,2,charge,0.7673101109972215,4.145481533287523,302.3216906468763,3.0,12
1112.0,3,charge,0.8321407122820723,4.154925760000468,299.5863894898928,2.0,12
1113.0,1,charge,0.8593759165433754,4.157021364875935,299.2217843320964,2.0,12
1113.0,2,charge,0.7675174692120187,4.145569234219094,302.3219743699648,3.0,12
1113.0,3,charge,0.8322854590213657,4.154972418664123,299.58670709261645,2.0,12
1114.0,1,charge,0.8595064059733425,4.157054391422586,299.2221884546339,2.0,12
1114.0,2,charge,0.7677248274268151,4.145658682950533,302.3222578343514,3.0,12
1114.0,3,charge,0.8324302057606614,4.155019019783391,299.5870247076147,2.0,12
1115.0,1,charge,0.8596368954033062,4.157087410704703,299.22259255936234,2.0,12
1115.0,2,charge,0.7679321856416116,4.145749806669208,302.3225410508872,3.0,12
1115.0,3,charge,0.8325749524999547,4.155065561499199,299.58734233515776,2.0,12
1116.0,1,charge,0.8597673848332751,4.157120421812916,299.2229966466565,2.0,12
1116.0,2,charge,0.768139543856408,4.145842536206182,302.3228240300239,3.0,12
1116.0,3,charge,0.8327196992392455,4.155112041985424,299.58765997551296,2.0,12
1117.0,1,charge,0.859897874263242,4.157153423865732,299.2234007168871,2.0,12
1117.0,2,charge,0.7683469020712045,4.14593680724882,302.3231067817829,3.0,12
1117.0,3,charge,0.8328644459785389,4.155158459448771,299.5879776289448,2.0,12
1118.0,1,charge,0.860028363693211,4.157186416678859,299.2238047702677,2.0,12
1118.0,2,charge,0.7685542602860012,4.146032556151116,302.32338931589777,3.0,12
1118.0,3,charge,0.8330091927178338,4.155204812852054,299.5882952956077,2.0,12
1119.0,1,charge,0.8601588531231797,4.157219399874437,299.22420880705863,2.0,12
1119.0,2,charge,0.7687616185007976,4.146129722785824,302.32367164173365,3.0,12
1119.0,3,charge,0.8331539394571273,4.155251101013957,299.588612975679,2.0,12
1120.0,1,charge,0.8602893425531468,4.157252372508716,299.22461282765124,2.0,12
1120.0,2,charge,0.768968976715594,4.146228253481009,302.3239537682335,3.0,12
1120.0,3,charge,0.8332986861964181,4.155297322053799,299.5889306694419,2.0,12
1121.0,1,charge,0.8604198319831156,4.157285334047446,299.22501683234566,2.0,12
1121.0,2,charge,0.7691763349303905,4.146328092258241,302.324235704131,3.0,12
1121.0,3,charge,0.8334434329357114,4.15534347457175,299.58924837711,2.0,12
1122.0,1,charge,0.8605503214130801,4.157318284006337,299.2254208214327,2.0,12
1122.0,2,charge,0.769383693145187,4.146429187047213,302.3245174578156,3.0,12
1122.0,3,charge,0.8335881796750071,4.155389557225164,299.5895660988903,2.0,12
1123.0,1,charge,0.8606808108430464,4.157351221954428,299.2258247951933,2.0,12
1123.0,2,charge,0.7695910513599834,4.146531491370277,302.3247990373015,3.0,12
1123.0,3,charge,0.8337329264143004,4.155435568728456,299.5898838349833,2.0,12
1124.0,1,charge,0.8608113002730151,4.1573841476321505,299.2262287538738,2.0,12
1124.0,2,charge,0.7697984095747799,4.146634957131141,302.32508045040714,3.0,12
1124.0,3,charge,0.8338776731535913,4.1554815080093634,299.5902015855624,2.0,12
1125.0,1,charge,0.8609417897029845,4.157417060659053,299.2266326977465,2.0,12
1125.0,2,charge,0.7700057677895793,4.146739539506562,302.32536170464584,3.0,12
1125.0,3,charge,0.834022419892882,4.15552737384063,299.59051935082186,2.0,12
1126.0,1,charge,0.8610722791329509,4.157449960771267,299.22703662706044,2.0,12
1126.0,2,charge,0.7702131260043757,4.146845196661342,302.3256428072241,3.0,12
1126.0,3,charge,0.8341671666321754,4.155573165131902,299.5908371309388,2.0,12
1127.0,1,charge,0.8612027685629197,4.157482847756549,299.2274405420552,2.0,12
1127.0,2,charge,0.7704204842191722,4.1469518874451055,302.3259237651399,3.0,12
1127.0,3,charge,0.834311913371471,4.155618880852907,299.59115492608316,2.0,12
1128.0,1,charge,0.8613332579928841,4.15751572145403,299.2278444429603,2.0,12
1128.0,2,charge,0.7706278424339686,4.147059572733589,302.32620458513094,3.0,12
1128.0,3,charge,0.8344566601107644,4.155664520032212,299.5914727364181,2.0,12
1129.0,1,charge,0.8614637474228504,4.157548581534778,299.2282483300475,2.0,12
1129.0,2,charge,0.7708352006487651,4.147168214859981,302.32648527367843,3.0,12
1129.0,3,charge,0.8346014068500552,4.155710081554606,299.59179056213117,2.0,12
1130.0,1,charge,0.8615942368528191,4.15758142771507,299.22865220358,2.0,12
1130.0,2,charge,0.7710425588635615,4.147277777618687,302.3267658370624,3.0,12
1130.0,3,charge,0.8347461535893486,4.155755564268415,299.59210840341837,2.0,12
1131.0,1,charge,0.8617247262827886,4.157614260063905,299.2290560637404,2.0,12
1131.0,2,charge,0.771249917078358,4.147388226106024,302.32704628133723,3.0,12
1131.0,3,charge,0.8348909003286443,4.155800967482838,299.59242626040503,2.0,12
1132.0,1,charge,0.861855215712755,4.157647078534174,299.2294599107408,2.0,12
1132.0,2,charge,0.7714572752931544,4.147499527059367,302.3273266123245,3.0,12
1132.0,3,charge,0.8350356470679369,4.155846290362525,299.59274413324175,2.0,12
1133.0,1,charge,0.8619857051427238,4.157679883120848,299.2298637447855,2.0,12
1133.0,2,charge,0.7716646335079509,4.147611647844013,302.3276068356731,3.0,12
1133.0,3,charge,0.8351803938072278,4.155891532120815,299.5930620220735,2.0,12
1134.0,1,charge,0.8621161945726882,4.157712673860866,299.2302675660714,2.0,12
1134.0,2,charge,0.7718719917227473,4.1477245571115695,302.32788695682916,3.0,12
1134.0,3,charge,0.8353251405465211,4.155936692019494,299.59337992703956,2.0,12
1135.0,1,charge,0.8622466840026545,4.157745450350856,299.23067137490085,2.0,12
1135.0,2,charge,0.7720793499375438,4.147838225510428,302.3281669810221,3.0,12
1135.0,3,charge,0.8354698872858168,4.155981768902939,299.5936978483466,2.0,12
1136.0,1,charge,0.8623771734326233,4.157778212859033,299.23107517142074,2.0,12
1136.0,2,charge,0.7722867081523402,4.147952623713152,302.32844691333503,3.0,12
1136.0,3,charge,0.83561463402511,4.1560267622006535,299.59401578611204,2.0,12
1137.0,1,charge,0.8625076628625928,4.157810961476435,299.2314789558217,2.0,12
1137.0,2,charge,0.772494066367137,4.148067723734183,302.32872675866645,3.0,12
1137.0,3,charge,0.8357593807644009,4.156071671279334,299.5943337404652,2.0,12
1138.0,1,charge,0.8626381522925617,4.15784369631295,299.23188272829174,2.0,12
1138.0,2,charge,0.7727014245819335,4.148183499142236,302.32900652172196,3.0,12
1138.0,3,charge,0.8359041275036942,4.156116495492267,299.59465171153926,2.0,12
1139.0,1,charge,0.862768641722528,4.157876417511248,299.23228648901375,2.0,12
1139.0,2,charge,0.7729087827967299,4.148299923866482,302.32928620707287,3.0,12
1139.0,3,charge,0.8360488742429851,4.156161234231257,299.5949696994637,2.0,12
1140.0,1,charge,0.8628991311524924,4.157909125144214,299.23269023818887,2.0,12
1140.0,2,charge,0.7731161410115264,4.148416972932701,302.329565819126,3.0,12
1140.0,3,charge,0.8361936209822807,4.1562058868484115,299.5952877043761,2.0,12
1141.0,1,charge,0.8630296205824611,4.157941819265193,299.2330939760251,2.0,12
1141.0,2,charge,0.7733234992263228,4.148534622236554,302.32984536212075,3.0,12
1141.0,3,charge,0.8363383677215741,4.156250452597333,299.5956057264314,2.0,12
1142.0,1,charge,0.8631601100124274,4.157974500168486,299.23349770267555,2.0,12
1142.0,2,charge,0.7735308574411193,4.148652848489048,302.33012484017013,3.0,12
1142.0,3,charge,0.836483114460865,4.156294931062185,299.59592376573494,2.0,12
1143.0,1,charge,0.8632905994423969,4.158007168076427,299.2339014183124,2.0,12
1143.0,2,charge,0.7737382156559157,4.1487716291724865,302.33040425723954,3.0,12
1143.0,3,charge,0.8366278612001582,4.156339321733596,299.59624182240844,2.0,12
1144.0,1,charge,0.8634210888723657,4.158039823238852,299.23430512310347,2.0,12
1144.0,2,charge,0.7739455738707122,4.148890942463234,302.33068361713345,3.0,12
1144.0,3,charge,0.8367726079394538,4.156383624134885,299.5965598965707,2.0,12
1145.0,1,charge,0.8635515783023328,4.158072465932911,299.23470881721204,2.0,12
1145.0,2,charge,0.7741529320855096,4.1490107672610055,302.33096292356163,3.0,12
1145.0,3,charge,0.8369173546787472,4.156427837821976,299.5968779883371,2.0,12
1146.0,1,charge,0.8636820677322965,4.158105096333885,299.2351125008277,2.0,12
1146.0,2,charge,0.7743602903003058,4.149131083092723,302.3312421801036,3.0,12
1146.0,3,charge,0.837062101418038,4.156471962270522,299.59719609783804,2.0,12
1147.0,1,charge,0.8638125571622653,4.158137714797328,299.2355161740992,2.0,12
1147.0,2,charge,0.7745676485151023,4.149251870081752,302.33152139022536,3.0,12
1147.0,3,charge,0.8372068481573316,4.156515997088834,299.5975142251847,2.0,12
1148.0,1,charge,0.8639430465922323,4.158170321668863,299.2359198371797,2.0,12
1148.0,2,charge,0.7747750067298987,4.14937310907324,302.3318005572583,3.0,12
1148.0,3,charge,0.8373515948966264,4.1565599419317145,299.59783237048276,2.0,12
1149.0,1,charge,0.8640735360222013,4.1582029173066,299.23632349022137,2.0,12
1149.0,2,charge,0.7749823649446952,4.149494781963346,302.3320796843433,3.0,12
1149.0,3,charge,0.8374963416359199,4.1566037964552836,299.5981505338398,2.0,12
1150.0,1,charge,0.86420402545217,4.158235502093105,299.2367271333725,2.0,12
1150.0,2,charge,0.7751897231594916,4.149616870362976,302.3323587746539,3.0,12
1150.0,3,charge,0.8376410883752106,4.156647560345078,299.5984687153607,2.0,12
1151.0,1,charge,0.8643345148821371,4.15826807639883,299.2371307667864,2.0,12
1151.0,2,charge,0.7753970813742881,4.149739356663211,302.3326378312182,3.0,12
1151.0,3,charge,0.8377858351145041,4.156691233296445,299.59878691515047,2.0,12
1152.0,1,charge,0.8644650043121058,4.158300640575151,299.2375343906224,2.0,12
1152.0,2,charge,0.7756044395890845,4.149862223692693,302.33291685697515,3.0,12
1152.0,3,charge,0.8379305818537998,4.156734814941284,299.5991051333264,2.0,12
1153.0,1,charge,0.8645954937420695,4.15833319510548,299.23793800501096,2.0,12
1153.0,2,charge,0.775811797803881,4.149985455147537,302.33319585471537,3.0,12
1153.0,3,charge,0.838075328593093,4.15677830509358,299.59942336997864,2.0,12
1154.0,1,charge,0.8647259831720363,4.158365740447062,299.2383416100903,2.0,12
1154.0,2,charge,0.7760191560186767,4.1501090358688835,302.3334748270423,3.0,12
1154.0,3,charge,0.8382200753323839,4.156821703532417,299.5997416252048,2.0,12
1155.0,1,charge,0.8648564726020054,4.158398277079082,299.23874520599543,2.0,12
1155.0,2,charge,0.7762265142334731,4.150232949705774,302.33375377667375,3.0,12
1155.0,3,charge,0.8383648220716773,4.156865010063452,299.6000598991,2.0,12
1156.0,1,charge,0.8649869620319741,4.15843080550245,299.23914879285815,2.0,12
1156.0,2,charge,0.7764338724482696,4.150357181468927,302.3340327061674,3.0,12
1156.0,3,charge,0.8385095688109729,4.156908224518987,299.6003781917574,2.0,12
1157.0,1,charge,0.8651174514619411,4.158463326085173,299.2395523708431,2.0,12
1157.0,2,charge,0.776641230663066,4.15048171633245,302.3343116180068,3.0,12
1157.0,3,charge,0.8386543155502664,4.156951346637219,299.6006965032864,2.0,12
1158.0,1,charge,0.8652479408919099,4.158495839384802,299.23995594007243,2.0,12
1158.0,2,charge,0.7768485888778625,4.150606540347166,302.33459051452934,3.0,12
1158.0,3,charge,0.8387990622895573,4.15699437625173,299.6010148337832,2.0,12
1159.0,1,charge,0.8653784303218734,4.158528345966674,299.24035950066803,2.0,12
1159.0,2,charge,0.7770559470926589,4.150731640304002,302.3348693979463,3.0,12
1159.0,3,charge,0.8389438090288479,4.1570373132997105,299.6013331833298,2.0,12
1160.0,1,charge,0.8655089197518405,4.158560846390032,299.2407630527552,2.0,12
1160.0,2,charge,0.7772633053074554,4.150857002297048,302.335148270545,3.0,12
1160.0,3,charge,0.8390885557681413,4.157080157689134,299.6016515520144,2.0,12
1161.0,1,charge,0.8656394091818094,4.158593341234582,299.24116659645574,2.0,12
1161.0,2,charge,0.7774706635222518,4.15098261322645,302.3354271344792,3.0,12
1161.0,3,charge,0.8392333025074371,4.157122909353024,299.6019699399231,2.0,12
1162.0,1,charge,0.8657698986117789,4.15862583110061,299.241570131889,2.0,12
1162.0,2,charge,0.777678021737049,4.151108460320241,302.3357059918368,3.0,12
1162.0,3,charge,0.8393780492467304,4.157165568249594,299.6022883471397,2.0,12
1163.0,1,charge,0.8659003880417453,4.15865831660922,299.2419736591705,2.0,12
1163.0,2,charge,0.7778853799518455,4.151234531443311,302.33598484459196,3.0,12
1163.0,3,charge,0.8395227959860213,4.157208134362431,299.6026067737458,2.0,12
1164.0,1,charge,0.866030877471714,4.158690798402475,299.242377178413,2.0,12
1164.0,2,charge,0.7780927381666419,4.1513608148227465,302.3362636946482,3.0,12
1164.0,3,charge,0.8396675427253146,4.157250607700697,299.6029252198208,2.0,12
1165.0,1,charge,0.8661613669016782,4.158723277143692,299.24278068972575,2.0,12
1165.0,2,charge,0.7783000963814384,4.151487298584861,302.33654254391257,3.0,12
1165.0,3,charge,0.8398122894646103,4.157292988299312,299.60324368544167,2.0,12
1166.0,1,charge,0.8662918563316446,4.158755753438772,299.2431841932333,2.0,12
1166.0,2,charge,0.7785074545962352,4.151613971350509,302.33682139420176,3.0,12
1166.0,3,charge,0.8399570362039037,4.157335276171411,299.60356217069057,2.0,12
1167.0,1,charge,0.8664223457616135,4.158788227888141,299.2435876890629,2.0,12
1167.0,2,charge,0.7787148128110316,4.1517408220236955,302.3371002472764,3.0,12
1167.0,3,charge,0.8401017829431945,4.157377471261926,299.6038806756621,2.0,12
1168.0,1,charge,0.8665528351915829,4.15882070119786,299.243991177319,2.0,12
1168.0,2,charge,0.7789221710258281,4.151867839836207,302.3373791048313,3.0,12
1168.0,3,charge,0.8402465296824879,4.157419573667828,299.60419920042864,2.0,12
1169.0,1,charge,0.866683324621552,4.15885317403883,299.2443946581156,2.0,12
1169.0,2,charge,0.7791295292406245,4.151995014336503,302.33765796849735,3.0,12
1169.0,3,charge,0.8403912764217837,4.157461583446058,299.60451774507067,2.0,12
1170.0,1,charge,0.8668138140515181,4.158885647088626,299.244798131567,2.0,12
1170.0,2,charge,0.779336887455421,4.1521223352959495,302.33793683986113,3.0,12
1170.0,3,charge,0.840536023161077,4.157503500663535,299.60483630966854,2.0,12
1170.0,1,charge,0.8668138140515168,4.158885647088626,299.244798131567,2.0,13
1170.0,1,charge,0.8668138140515181,4.158885647088626,299.244798131567,2.0,13
1170.0,2,charge,0.7793368874554224,4.1521223352959495,302.33793683986113,3.0,13
1170.0,2,charge,0.779336887455421,4.1521223352959495,302.33793683986113,3.0,13
1170.0,3,charge,0.8405360231610756,4.157503500663535,299.60483630966854,2.0,13
1170.0,3,charge,0.840536023161077,4.157503500663535,299.60483630966854,2.0,13
1171.0,1,charge,0.8669443034814824,4.15891812644152,299.2452015953594,2.0,13
1171.0,2,charge,0.7795442456702174,4.152249807340807,302.33821572091966,3.0,13
1171.0,3,charge,0.8406807699003671,4.15754533334621,299.60515490087823,2.0,13
1172.0,1,charge,0.8670747929114513,4.158950605390611,299.24560505290975,2.0,13
1172.0,2,charge,0.7797516038850139,4.152377391842176,302.33849461251674,3.0,13
1172.0,3,charge,0.8408255166396604,4.1575870701429585,299.6054735094745,2.0,13
1173.0,1,charge,0.8672052823414177,4.158983084716794,299.246008504314,2.0,13
1173.0,2,charge,0.7799589620998103,4.1525050908155094,302.33877351669776,3.0,13
1173.0,3,charge,0.8409702633789562,4.15762871242477,299.6057921365246,2.0,13
1174.0,1,charge,0.8673357717713872,4.159015566132357,299.24641194925147,2.0,13
1174.0,2,charge,0.780166320314607,4.152632896450651,302.33905243454154,3.0,13
1174.0,3,charge,0.8411150101182495,4.157670261042343,299.60611078249786,2.0,13
1175.0,1,charge,0.867466261201356,4.1590480511194015,299.2468153875047,2.0,13
1175.0,2,charge,0.7803736785294034,4.152760801155596,302.33933136720583,3.0,13
1175.0,3,charge,0.8412597568575404,4.1577117173389295,299.60642944843386,2.0,13
1176.0,1,charge,0.8675967506313225,4.159080540351379,299.2472188192191,2.0,13
1176.0,2,charge,0.7805810367442041,4.152888796318482,302.33961031599057,3.0,13
1176.0,3,charge,0.8414045035968337,4.157753081553398,299.60674813510155,2.0,13
1177.0,1,charge,0.8677272400612867,4.159113034853838,299.2476222443891,2.0,13
1177.0,2,charge,0.7807883949589963,4.153016871715931,302.33988928248334,3.0,13
1177.0,3,charge,0.8415492503361295,4.15779435415443,299.60706684195134,2.0,13
1178.0,1,charge,0.8678577294912555,4.159145535659753,299.2480256630079,2.0,13
1178.0,2,charge,0.780995753173797,4.153145022547555,302.34016826721137,3.0,13
1178.0,3,charge,0.8416939970754228,4.1578355352734855,299.6073855692003,2.0,13
1179.0,1,charge,0.8679882189212226,4.159178043133325,299.2484290753737,2.0,13
1179.0,2,charge,0.7812031113885892,4.153273238127534,302.3404472718424,3.0,13
1179.0,3,charge,0.8418387438147137,4.157876624281653,299.60770431750484,2.0,13
1180.0,1,charge,0.8681187083511914,4.159210558347765,299.2488324814654,2.0,13
1180.0,2,charge,0.7814104696033899,4.153401511780647,302.3407262972742,3.0,13
1180.0,3,charge,0.841983490554007,4.157917622588674,299.60802308636346,2.0,13
1181.0,1,charge,0.8682491977811603,4.159243082489497,299.24923588121305,2.0,13
1181.0,2,charge,0.7816178278181863,4.153529834707818,302.3410053447975,3.0,13
1181.0,3,charge,0.8421282372932979,4.157958530728879,299.60834187577615,2.0,13
1182.0,1,charge,0.8683796872111271,4.159275615838458,299.24963927497146,2.0,13
1182.0,2,charge,0.7818251860329828,4.153658199148598,302.3412844155204,3.0,13
1182.0,3,charge,0.8422729840325935,4.1579993492426635,299.60866068574285,2.0,13
1183.0,1,charge,0.8685101766410962,4.159308159413844,299.2500426627513,2.0,13
1183.0,2,charge,0.7820325442477792,4.153786597565798,302.3415635104889,3.0,13
1183.0,3,charge,0.8424177307718869,4.1580400763923855,299.6089795170103,2.0,13
1184.0,1,charge,0.8686406660710597,4.159340714481353,299.25044604445014,2.0,13
1184.0,2,charge,0.7822399024625757,4.153915022272777,302.3418426307924,3.0,13
1184.0,3,charge,0.8425624775111777,4.158080713840437,299.60929836921963,2.0,13
1185.0,1,charge,0.8687711555010268,4.159373281376848,299.25084942041644,2.0,13
1185.0,2,charge,0.7824472606773721,4.154043466870327,302.3421217772495,3.0,13
1185.0,3,charge,0.8427072242504711,4.158121262367618,299.6096172423005,2.0,13
1186.0,1,charge,0.8689016449309955,4.159405861055079,299.2512527907002,2.0,13
1186.0,2,charge,0.7826546188921686,4.154171923406382,302.3424009510102,3.0,13
1186.0,3,charge,0.8428519709897669,4.158161722544882,299.60993613625266,2.0,13
1187.0,1,charge,0.869032134360965,4.1594384548274945,299.25165615518,2.0,13
1187.0,2,charge,0.7828619771069654,4.154300384595292,302.3426801530875,3.0,13
1187.0,3,charge,0.8429967177290602,4.158202093618737,299.61025505146176,2.0,13
1188.0,1,charge,0.8691626237909315,4.159471062843254,299.2520595143348,2.0,13
1188.0,2,charge,0.7830693353217618,4.154428845154836,302.342959384074,3.0,13
1188.0,3,charge,0.8431414644683509,4.158242375593729,299.6105739880981,2.0,13
1189.0,1,charge,0.8692931132209002,4.159503685866881,299.252462868325,2.0,13
1189.0,2,charge,0.7832766935365583,4.1545572972597,302.3432386451029,3.0,13
1189.0,3,charge,0.8432862112076442,4.158282569976583,299.61089294589846,2.0,13
1190.0,1,charge,0.8694236026508644,4.159536325301802,299.2528662169798,2.0,13
1190.0,2,charge,0.7834840517513547,4.154685733992103,302.34351793711943,3.0,13
1190.0,3,charge,0.8434309579469393,4.158322677369226,299.61121192486286,2.0,13
1191.0,1,charge,0.8695540920808309,4.159568982182395,299.2532695603236,2.0,13
1191.0,2,charge,0.7836914099661512,4.154814150614579,302.3437972606092,3.0,13
1191.0,3,charge,0.8435757046862327,4.158362697933781,299.61153092512205,2.0,13
1192.0,1,charge,0.8696845815107996,4.159601657547726,299.2536728983808,2.0,13
1192.0,2,charge,0.7838987681809476,4.154942539824052,302.3440766166052,3.0,13
1192.0,3,charge,0.8437204514255234,4.158402629981589,299.6118499473541,2.0,13
1193.0,1,charge,0.8698150709407692,4.15963435244152,299.2540762311758,2.0,13
1193.0,2,charge,0.7841061263957451,4.155070895158762,302.3443560059653,3.0,13
1193.0,3,charge,0.8438651981648169,4.158442475599614,299.6121689911321,2.0,13
1194.0,1,charge,0.8699455603707356,4.159667067912174,299.25447955873295,2.0,13
1194.0,2,charge,0.7843134846105415,4.155199211900296,302.3446354291811,3.0,13
1194.0,3,charge,0.8440099449041126,4.158482235340331,299.61248805648046,2.0,13
1195.0,1,charge,0.8700760498007043,4.159699804552649,299.2548828813461,2.0,13
1195.0,2,charge,0.784520842825338,4.155327483520741,302.34491488713047,3.0,13
1195.0,3,charge,0.8441546916434058,4.158521909763084,299.6128071434235,2.0,13
1196.0,1,charge,0.8702065392306684,4.159732562661291,299.2552861994841,2.0,13
1196.0,2,charge,0.7847282010401344,4.155455703910162,302.34519438060613,3.0,13
1196.0,3,charge,0.8442994383826967,4.158561499433961,299.61312625198553,2.0,13
1197.0,1,charge,0.8703370286606349,4.159765343922101,299.25568951280684,2.0,13
1197.0,2,charge,0.7849355592549309,4.15558386831156,302.3454739101187,3.0,13
1197.0,3,charge,0.84444418512199,4.1586010049259,299.61344538219106,2.0,13
1198.0,1,charge,0.8704675180906036,4.1597981493323015,299.25609282137935,2.0,13
1198.0,2,charge,0.7851429174697273,4.1557119709026225,302.34575347640606,3.0,13
1198.0,3,charge,0.8445889318612807,4.158640426818604,299.6137645340643,2.0,13
1199.0,1,charge,0.8705980075205731,4.159830979893492,299.2564961252664,2.0,13
1199.0,2,charge,0.7853502756845238,4.155840005864274,302.34603308020866,3.0,13
1199.0,3,charge,0.8447336786005765,4.158679765698612,299.6140837076297,2.0,13
1200.0,1,charge,0.8707284969505396,4.159863836611698,299.2568994245328,2.0,13
1200.0,2,charge,0.7855576338993202,4.155967968486669,302.346312722038,3.0,13
1200.0,3,charge,0.8448784253398698,4.15871902053961,299.6144029034514,2.0,13
1201.0,1,charge,0.8708589863805083,4.159896720497188,299.2573027192435,2.0,13
1201.0,2,charge,0.7857649921141167,4.156095853504905,302.3465924025243,3.0,13
1201.0,3,charge,0.8450231720791607,4.158758192597001,299.6147221213387,2.0,13
1202.0,1,charge,0.8709894758104718,4.159929632541014,299.25770600948357,2.0,13
1202.0,2,charge,0.7859723503289131,4.156223655376593,302.3468721223589,3.0,13
1202.0,3,charge,0.8451679188184541,4.158797282708366,299.6150413612409,2.0,13
1203.0,1,charge,0.871119965240439,4.15996257335841,299.2581092956654,2.0,13
1203.0,2,charge,0.7861797085437096,4.156351369573237,302.3471518820264,3.0,13
1203.0,3,charge,0.8453126655577499,4.158836291419353,299.6153606232069,2.0,13
1204.0,1,charge,0.8712504546704077,4.159995544228177,299.25851257763327,2.0,13
1204.0,2,charge,0.786387066758506,4.156478991390113,302.3474316820503,3.0,13
1204.0,3,charge,0.8454574122970431,4.158875219283072,299.6156799072856,2.0,13
1205.0,1,charge,0.8713809441003765,4.160028546156835,299.2589158554698,2.0,13
1205.0,2,charge,0.7865944249733025,4.156606515596156,302.34771152306587,3.0,13
1205.0,3,charge,0.8456021590363338,4.158914066859956,299.61599921352587,2.0,13
1206.0,1,charge,0.8715114335303435,4.160061580154921,299.2593191292572,2.0,13
1206.0,2,charge,0.7868017831880989,4.156733937261269,302.3479914056492,3.0,13
1206.0,3,charge,0.8457469057756272,4.158952834717854,299.61631854197657,2.0,13
1207.0,1,charge,0.8716419229603124,4.160094647236993,299.2597223990782,2.0,13
1207.0,2,charge,0.7870091414028954,4.156861251483445,302.34827133037373,3.0,13
1207.0,3,charge,0.845891652514923,4.158991523431926,299.6166378926866,2.0,13
1208.0,1,charge,0.8717724123902759,4.16012774842157,299.2601256650152,2.0,13
1208.0,2,charge,0.7872164996176918,4.156988454689749,302.3485512975456,3.0,13
1208.0,3,charge,0.8460363992542157,4.1590301334159445,299.61695726580854,2.0,13
1209.0,1,charge,0.871902901820243,4.160160884731128,299.2605289271507,2.0,13
1209.0,2,charge,0.7874238578324882,4.157115541793271,302.34883130778087,3.0,13
1209.0,3,charge,0.8461811459935065,4.159068665136703,299.61727666146845,2.0,13
1210.0,1,charge,0.8720333912502118,4.160194057347309,299.2609321856052,2.0,13
1210.0,2,charge,0.7876312160472847,4.157242508254999,302.3491113615877,3.0,13
1210.0,3,charge,0.8463258927327999,4.159107119344298,299.6175960796221,2.0,13
1211.0,1,charge,0.8721638806801806,4.160227267259324,299.2613354404512,2.0,13
1211.0,2,charge,0.7878385742620811,4.157369349633203,302.349391459457,3.0,13
1211.0,3,charge,0.8464706394720956,4.159145496630052,299.61791552032736,2.0,13
1212.0,1,charge,0.8722943701101475,4.160260515474489,299.2617386917647,2.0,13
1212.0,2,charge,0.7880459324768776,4.157496061681972,302.34967160184425,3.0,13
1212.0,3,charge,0.8466153862113888,4.159183797592761,299.6182349836421,2.0,13
1213.0,1,charge,0.8724248595401164,4.160293803040208,299.26214193963045,2.0,13
1213.0,2,charge,0.788253290691674,4.157622640538786,302.34995178913255,3.0,13
1213.0,3,charge,0.8467601329506796,4.159222022838589,299.6185544696241,2.0,13
1214.0,1,charge,0.8725553489700806,4.160327131007504,299.2625451841334,2.0,13
1214.0,2,charge,0.7884606489064705,4.157749081852369,302.35023202180184,3.0,13
1214.0,3,charge,0.846904879689973,4.1592601729810905,299.6188739783312,2.0,13
1215.0,1,charge,0.8726858384000471,4.160360500431069,299.26294842535833,2.0,13
1215.0,2,charge,0.788668007121267,4.157875381573701,302.35051230027574,3.0,13
1215.0,3,charge,0.8470496264292688,4.159298248641208,299.6191935098211,2.0,13
1216.0,1,charge,0.8728163278300158,4.160393912369171,299.26335166339015,2.0,13
1216.0,2,charge,0.7888753653360634,4.158001535732122,302.35079262496487,3.0,13
1216.0,3,charge,0.8471943731685622,4.159336250483294,299.6195130641525,2.0,13
1217.0,1,charge,0.8729468172599854,4.160427368057518,299.2637548982871,2.0,13
1217.0,2,charge,0.7890827235508598,4.158127540362454,302.35107299628646,3.0,13
1217.0,3,charge,0.8473391199078528,4.1593741795085375,299.61983264138996,2.0,13
1218.0,1,charge,0.8730773066899518,4.16046086867475,299.2641581301169,2.0,13
1218.0,2,charge,0.7892900817656564,4.158253391599072,302.35135341463945,3.0,13
1218.0,3,charge,0.8474838666471437,4.159412036102269,299.6201522415865,2.0,13
1219.0,1,charge,0.8732077961199205,4.160494415161855,299.2645613589839,2.0,13
1219.0,2,charge,0.7894974399804529,4.158379085707665,302.3516338803945,3.0,13
1219.0,3,charge,0.847628613386437,4.159449820929479,299.6204718648002,2.0,13
1220.0,1,charge,0.8733382855498847,4.16052800860928,299.2649645849702,2.0,13
1220.0,2,charge,0.7897047981952495,4.158504618995996,302.35191439391946,3.0,13
1220.0,3,charge,0.8477733601257327,4.159487534662344,299.6207915110893,2.0,13
1221.0,1,charge,0.8734687749798511,4.16056165011092,299.26536780815775,2.0,13
1221.0,2,charge,0.789912156410046,4.158629987845984,302.3521949555702,3.0,13
1221.0,3,charge,0.8479181068650261,4.159525177980221,299.6211111805118,2.0,13
1222.0,1,charge,0.8735992644098199,4.160595340763956,299.2657710286288,2.0,13
1222.0,2,charge,0.7901195146248424,4.158755188352856,302.3524755657725,3.0,13
1222.0,3,charge,0.8480628536043169,4.159562751569563,299.6214308731258,2.0,13
1223.0,1,charge,0.8737297538397893,4.1606290816688904,299.26617424646554,2.0,13
1223.0,2,charge,0.7903268728396415,4.158880217095154,302.3527562248474,3.0,13
1223.0,3,charge,0.8482076003436102,4.159600256123935,299.6217505889895,2.0,13
1224.0,1,charge,0.8738602432697558,4.160662873991396,299.2665774617388,2.0,13
1224.0,2,charge,0.7905342310544381,4.159005070606074,302.35303693313085,3.0,13
1224.0,3,charge,0.8483523470829053,4.159637692343978,299.62207032816093,2.0,13
1225.0,1,charge,0.8739907326997246,4.160696719092229,299.26698067448564,2.0,13
1225.0,2,charge,0.7907415892692345,4.159129745462295,302.3533176909541,3.0,13
1225.0,3,charge,0.8484970938221986,4.159675061350881,299.6223900906582,2.0,13
1226.0,1,charge,0.8741212221296887,4.160730617904925,299.26738388481965,2.0,13
1226.0,2,charge,0.790948947484031,4.159254238242937,302.3535984986522,3.0,13
1226.0,3,charge,0.8486418405614894,4.159712363759449,299.62270987654887,2.0,13
1227.0,1,charge,0.8742517115596552,4.160764571559263,299.26778709282013,2.0,13
1227.0,2,charge,0.7911563056988277,4.159378545398935,302.3538793565943,3.0,13
1227.0,3,charge,0.8487865873007826,4.159749600188766,299.62302968590086,2.0,13
1228.0,1,charge,0.8743822009896242,4.160798581188118,299.268190298566,2.0,13
1228.0,2,charge,0.7913636639136241,4.159502663752285,302.3541602650705,3.0,13
1228.0,3,charge,0.8489313340400785,4.15978677138773,299.62334951877034,2.0,13
1229.0,1,charge,0.8745126904195936,4.160832647927442,299.26859350213664,2.0,13
1229.0,2,charge,0.7915710221284206,4.1596265900570035,302.3544412243908,3.0,13
1229.0,3,charge,0.8490760807793718,4.159823878112066,299.6236693752134,2.0,13
1230.0,1,charge,0.8746431798495624,4.160866772916146,299.26899670361126,2.0,13
1230.0,2,charge,0.791778380343217,4.159750321121745,302.35472223485795,3.0,13
1230.0,3,charge,0.8492208275186626,4.159860921124296,299.62398925528595,2.0,13
1231.0,1,charge,0.8747736692795287,4.160900957296169,299.269399903069,2.0,13
1231.0,2,charge,0.7919857385580135,4.159873853717736,302.3550032967881,3.0,13
1231.0,3,charge,0.8493655742579533,4.159897901193763,299.6243091590442,2.0,13
1232.0,1,charge,0.874904158709493,4.160935202454718,299.2698031005537,2.0,13
1232.0,2,charge,0.7921930967728099,4.159997184684016,302.3552844104867,3.0,13
1232.0,3,charge,0.8495103209972467,4.159934819096517,299.6246290865441,2.0,13
1233.0,1,charge,0.8750346481394593,4.160969509417108,299.2702062961625,2.0,13
1233.0,2,charge,0.7924004549876064,4.160120310999474,302.35556557623244,3.0,13
1233.0,3,charge,0.8496550677365424,4.159971675780507,299.6249490378257,2.0,13
1234.0,1,charge,0.8751651375694282,4.1610038793291055,299.27060948997524,2.0,13
1234.0,2,charge,0.7926078132024028,4.160243229645342,302.35584679430815,3.0,13
1234.0,3,charge,0.8497998144758356,4.160008472248855,299.6252690129241,2.0,13
1235.0,1,charge,0.8752956269993977,4.161038313356762,299.27101268206945,2.0,13
1235.0,2,charge,0.7928151714172003,4.160365937652466,302.35612806499046,3.0,13
1235.0,3,charge,0.8499445612151264,4.160045209087744,299.6255890119157,2.0,13
1236.0,1,charge,0.8754261164293665,4.161072812668829,299.2714158725224,2.0,13
1236.0,2,charge,0.7930225296319967,4.160488431991707,302.3564093885751,3.0,13
1236.0,3,charge,0.8500893079544198,4.16008188711684,299.6259090348549,2.0,13
1237.0,1,charge,0.875556605859333,4.161107378436858,299.27181906141146,2.0,13
1237.0,2,charge,0.7932298878467932,4.160610709800785,302.35669076532406,3.0,13
1237.0,3,charge,0.8502340546937156,4.160118507162239,299.62622908179605,2.0,13
1238.0,1,charge,0.875687095289297,4.161142011835032,299.27222224881405,2.0,13
1238.0,2,charge,0.7934372460615896,4.160732768239743,302.35697219549934,3.0,13
1238.0,3,charge,0.8503788014330089,4.160155070056546,299.62654915279353,2.0,13
1239.0,1,charge,0.875817584719266,4.161176714159997,299.2726254347959,2.0,13
1239.0,2,charge,0.7936446042763861,4.160854604505571,302.35725367935953,3.0,13
1239.0,3,charge,0.8505235481722991,4.160191576638898,299.62686924790154,2.0,13
1240.0,1,charge,0.8759480741492323,4.161211486602962,299.2730286194333,2.0,13
1240.0,2,charge,0.7938519624911825,4.1609762158035295,302.3575352171663,3.0,13
1240.0,3,charge,0.8506682949115925,4.160228027754846,299.62718936717465,2.0,13
1241.0,1,charge,0.8760785635792018,4.161246330299047,299.27343180280826,2.0,13
1241.0,2,charge,0.794059320705979,4.161097599247169,302.3578168092074,3.0,13
1241.0,3,charge,0.8508130416508882,4.160264424261646,299.6275095106667,2.0,13
1242.0,1,charge,0.8762090530091705,4.1612812464423685,299.2738349849971,2.0,13
1242.0,2,charge,0.7942666789207754,4.161218752247379,302.35809845570753,3.0,13
1242.0,3,charge,0.8509577883901817,4.160300767364379,299.6278296784079,2.0,13
1243.0,1,charge,0.876339542439137,4.161316236229612,299.27423816607643,2.0,13
1243.0,2,charge,0.7944740371355719,4.16133967216097,302.35838015690877,3.0,13
1243.0,3,charge,0.8511025351294722,4.16033705769513,299.6281498704688,2.0,13
1244.0,1,charge,0.8764700318691012,4.161351300859874,299.2746413461227,2.0,13
1244.0,2,charge,0.7946813953503683,4.161460356390524,302.3586619130476,3.0,13
1244.0,3,charge,0.8512472818687656,4.160373296137269,299.6284700869028,2.0,13
1245.0,1,charge,0.87660052129907,4.161386441534628,299.2750445252122,2.0,13
1245.0,2,charge,0.7948887535651648,4.161580802384428,302.3589437243552,3.0,13
1245.0,3,charge,0.8513920286080614,4.160409483580431,299.62879032776334,2.0,13
1246.0,1,charge,0.8767310107290371,4.161421659512342,299.27544770341893,2.0,13
1246.0,2,charge,0.7950961117799612,4.161701007636868,302.3592255910572,3.0,13
1246.0,3,charge,0.8515367753473521,4.16044562092047,299.6291105931039,2.0,13
1247.0,1,charge,0.8768615001590059,4.161456956092694,299.27585088081463,2.0,13
1247.0,2,charge,0.795303469994758,4.1618209696877955,302.3595075133737,3.0,13
1247.0,3,charge,0.8516815220866454,4.16048170905939,299.629430882978,2.0,13
1248.0,1,charge,0.8769919895889748,4.161492332411068,299.27625405747955,2.0,13
1248.0,2,charge,0.7955108282095541,4.1619406856002605,302.3597894916387,3.0,13
1248.0,3,charge,0.8518262688259363,4.160517748905379,299.62975119743896,2.0,13
1249.0,1,charge,0.8771224790189417,4.161527789687952,299.2766572334894,2.0,13
1249.0,2,charge,0.7957181864243505,4.162060153228083,302.36007152601104,3.0,13
1249.0,3,charge,0.8519710155652295,4.160553741372734,299.63007153654036,2.0,13
1250.0,1,charge,0.8772529684489052,4.1615633291462535,299.2770604089204,2.0,13
1250.0,2,charge,0.7959255446391473,4.162179370217071,302.36035361670184,3.0,13
1250.0,3,charge,0.8521157623045252,4.160589687546411,299.63039190033004,2.0,13
1251.0,1,charge,0.8773834578788742,4.161598952011207,299.2774635838486,2.0,13
1251.0,2,charge,0.7961329028539436,4.162298334229636,302.3606357639233,3.0,13
1251.0,3,charge,0.8522605090438186,4.160625588346042,299.63071228886173,2.0,13
1252.0,1,charge,0.8775139473088411,4.161634659510346,299.27786675834966,2.0,13
1252.0,2,charge,0.79634026106874,4.162417042969837,302.3609179678833,3.0,13
1252.0,3,charge,0.8524052557831087,4.160661444641324,299.6310327021909,2.0,13
1253.0,1,charge,0.87764443673881,4.161670452873509,299.27826993249977,2.0,13
1253.0,2,charge,0.7965476192835365,4.162535494183427,302.3612002287853,3.0,13
1253.0,3,charge,0.852550002522402,4.160697257379945,299.6313531403708,2.0,13
1254.0,1,charge,0.877774926168779,4.161706333332703,299.2786731063748,2.0,13
1254.0,2,charge,0.7967549774983331,4.1626536856577765,302.3614825468281,3.0,13
1254.0,3,charge,0.8526947492616977,4.160733027515528,299.63167360345443,2.0,13
1255.0,1,charge,0.877905415598746,4.161742302122139,299.27907628005084,2.0,13
1255.0,2,charge,0.7969623357131296,4.1627716149330745,302.3617649222717,3.0,13
1255.0,3,charge,0.852839496000991,4.16076875600759,299.631994091495,2.0,13
1256.0,1,charge,0.8780359050287148,4.161778360478136,299.2794794536035,2.0,13
1256.0,2,charge,0.797169693927926,4.162889279804057,302.3620473553234,3.0,13
1256.0,3,charge,0.8529842427402818,4.160804443821526,299.6323146045457,2.0,13
1257.0,1,charge,0.878166394458679,4.161814509650904,299.27988262710886,2.0,13
1257.0,2,charge,0.7973770521427225,4.163006678214657,302.36232984616174,3.0,13
1257.0,3,charge,0.8531289894795752,4.160840091928588,299.6326351426596,2.0,13
1258.0,1,charge,0.8782968838886455,4.161850750916104,299.280285800642,2.0,13
1258.0,2,charge,0.7975844103575189,4.163123808038652,302.36261239498623,3.0,13
1258.0,3,charge,0.853273736218871,4.1608757013166535,299.6329557058896,2.0,13
1259.0,1,charge,0.8784273733186142,4.1618870855236665,299.28068897427863,2.0,13
1259.0,2,charge,0.7977917685723154,4.163240667183782,302.3628950019934,3.0,13
1259.0,3,charge,0.8534184829581617,4.160911273019789,299.63327629428835,2.0,13
1260.0,1,charge,0.8785578627485837,4.1619235147344185,299.2810921480945,2.0,13
1260.0,2,charge,0.7979991267871118,4.163357253591737,302.36317766737756,3.0,13
1260.0,3,charge,0.853563229697455,4.160946808031572,299.6335969079089,2.0,13
1260.0,1,charge,0.8785578627485822,4.1619235147344185,299.2810921480945,2.0,14
1260.0,1,charge,0.8785578627485837,4.1619235147344185,299.2810921480945,2.0,14
1260.0,2,charge,0.7979991267871114,4.163357253591737,302.36317766737756,2.5,14
1260.0,2,charge,0.7979991267871118,4.152344806871154,302.36317766737756,2.5,14
1260.0,3,charge,0.853563229697455,4.160946808031572,299.6335969079089,2.0,14
1260.0,3,charge,0.853563229697455,4.160946808031572,299.6335969079089,2.0,14
1261.0,1,charge,0.8786883521785501,4.161960043143681,299.2814953223385,2.0,14
1261.0,2,charge,0.7981719252994434,4.152074666420935,302.36318566569133,2.5,14
1261.0,3,charge,0.8537079764367459,4.160982310676417,299.63391755824284,2.0,14
1262.0,1,charge,0.8788188416085189,4.161996669591632,299.28189849709713,2.0,14
1262.0,2,charge,0.7983447238117735,4.151924605742257,302.363192916105,2.5,14
1262.0,3,charge,0.8538527231760392,4.161017780080367,299.63423823932317,2.0,14
1263.0,1,charge,0.8789493310384829,4.162033392945173,299.28230167219516,2.0,14
1263.0,2,charge,0.7985175223241008,4.151824504291374,302.3631994894307,2.5,14
1263.0,3,charge,0.8539974699153351,4.1610532133732345,299.6345589373323,2.0,14
1264.0,1,charge,0.8790798204684495,4.162070214076713,299.2827048476153,2.0,14
1264.0,2,charge,0.7986903208364328,4.151752146046503,302.3632054314573,2.5,14
1264.0,3,charge,0.8541422166546284,4.161088612829034,299.63487965671095,2.0,14
1265.0,1,charge,0.8792103098984184,4.162107136532266,299.2831080237905,2.0,14
1265.0,2,charge,0.7988631193487623,4.151698011011813,302.3632107794383,2.5,14
1265.0,3,charge,0.854286963393919,4.161123980637397,299.63520040159193,2.0,14
1266.0,1,charge,0.8793407993283877,4.162144160522287,299.28351120050627,2.0,14
1266.0,2,charge,0.7990359178610943,4.151657239228301,302.3632155656882,2.5,14
1266.0,3,charge,0.8544317101332124,4.161159317149911,299.6355211691343,2.0,14
1267.0,1,charge,0.8794712887583541,4.1621812874833894,299.28391437784427,2.0,14
1267.0,2,charge,0.7992087163734258,4.151626879610335,302.36321981922714,2.5,14
1267.0,3,charge,0.8545764568725082,4.161194624181358,299.635841962829,2.0,14
1268.0,1,charge,0.8796017781883233,4.162218519203919,299.284317556124,2.0,14
1268.0,2,charge,0.7993815148857559,4.151605018993505,302.3632235665731,2.5,14
1268.0,3,charge,0.8547212036118016,4.161229902543197,299.6361627812006,2.0,14
1269.0,1,charge,0.879732267618287,4.1622558567501535,299.2847207351685,2.0,14
1269.0,2,charge,0.7995543133980875,4.151590341972396,302.36322683223966,2.5,14
1269.0,3,charge,0.8548659503510917,4.16126515335223,299.6364836251418,2.0,14
1270.0,1,charge,0.8798627570482536,4.162293301428989,299.2851239152776,2.0,14
1270.0,2,charge,0.7997271119104158,4.151581872312407,302.3632296391053,2.5,14
1270.0,3,charge,0.855010697090385,4.1613003777321715,299.63680449532495,2.0,14
1271.0,1,charge,0.8799932464782224,4.162330854547385,299.28552709677945,2.0,14
1271.0,2,charge,0.7998999104227448,4.15157884845379,302.3632320086756,2.5,14
1271.0,3,charge,0.8551554438296809,4.161335576805874,299.63712539095883,2.0,14
1272.0,1,charge,0.8801237359081919,4.162368517457682,299.28593027931925,2.0,14
1272.0,2,charge,0.8000727089350766,4.151580677570744,302.36323396123487,2.5,14
1272.0,3,charge,0.8553001905689742,4.1613707517043625,299.6374463120437,2.0,14
1273.0,1,charge,0.8802542253381608,4.162406291491587,299.2863334628969,2.0,14
1273.0,2,charge,0.8002455074474091,4.151586879079305,302.3632355159997,2.5,14
1273.0,3,charge,0.8554449373082649,4.161405903387684,299.63776725893325,2.0,14
1274.0,1,charge,0.8803847147681273,4.162444177982648,299.2867366475124,2.0,14
1274.0,2,charge,0.800418305959741,4.151597055683467,302.3632366912159,2.5,14
1274.0,3,charge,0.8555896840475582,4.161441031784134,299.6380882340695,2.0,14
1275.0,1,charge,0.8805152041980915,4.162482177594733,299.2871398344949,2.0,14
1275.0,2,charge,0.8005911044720699,4.151610876131135,302.36323750423986,2.5,14
1275.0,3,charge,0.8557344307868542,4.161476139168553,299.63840923518717,2.0,14
1276.0,1,charge,0.8806456936280602,4.162520291241963,299.2875430246671,2.0,14
1276.0,2,charge,0.8007639029843983,4.1516280570023145,302.3632379716245,2.5,14
1276.0,3,charge,0.8558791775261474,4.161511226692396,299.6387302622861,2.0,14
1277.0,1,charge,0.8807761830580266,4.162558521085333,299.28794621639196,2.0,14
1277.0,2,charge,0.80093670149673,4.151648352198835,302.3632381091825,2.5,14
1277.0,3,charge,0.8560239242654383,4.161546295512062,299.6390513153665,2.0,14
1278.0,1,charge,0.8809066724879961,4.162596868463018,299.2883494096695,2.0,14
1278.0,2,charge,0.8011095000090591,4.151671541338489,302.36323793205383,2.5,14
1278.0,3,charge,0.8561686710047315,4.161581346788718,299.6393723944282,2.0,14
1279.0,1,charge,0.8810371619179649,4.162635334714778,299.28875260449973,2.0,14
1279.0,2,charge,0.8012822985213917,4.151697426917014,302.3632374547473,2.5,14
1279.0,3,charge,0.8563134177440274,4.161616381688402,299.63969349947126,2.0,14
1280.0,1,charge,0.8811676513479314,4.162673921182162,299.2891558008826,2.0,14
1280.0,2,charge,0.8014550970337234,4.151725836659411,302.36323669115325,2.5,14
1280.0,3,charge,0.8564581644833181,4.161651401381963,299.6400146304957,2.0,14
1281.0,1,charge,0.8812981407778955,4.162712629208224,299.28955899881817,2.0,14
1281.0,2,charge,0.8016278955460532,4.151756616883594,302.36323565458827,2.5,14
1281.0,3,charge,0.8566029112226113,4.161686407045039,299.6403357875016,2.0,14
1282.0,1,charge,0.8814286302078642,4.162751460137747,299.2899621983064,2.0,14
1282.0,2,charge,0.801800694058385,4.151789627696237,302.3632343578319,2.5,14
1282.0,3,charge,0.8567476579619022,4.16172139985809,299.64065697048875,2.0,14
1283.0,1,charge,0.8815591196378314,4.162790415317004,299.2903653993473,2.0,14
1283.0,2,charge,0.8019734925707126,4.151824744137297,302.3632328131479,2.5,14
1283.0,3,charge,0.8568924047011954,4.161756381006348,299.64097817945736,2.0,14
1284.0,1,charge,0.8816896090678001,4.162829496093824,299.2907686019409,2.0,14
1284.0,2,charge,0.8021462910830424,4.151861848533381,302.3632310323243,2.5,14
1284.0,3,charge,0.8570371514404914,4.161791350476075,299.64129941595394,2.0,14
1285.0,1,charge,0.881820098497769,4.162868703817656,299.29117180608716,2.0,14
1285.0,2,charge,0.8023190895953741,4.151900834567508,302.3632290266909,2.5,14
1285.0,3,charge,0.8571818981797846,4.161826309126316,299.6416206804139,2.0,14
1286.0,1,charge,0.8819505879277361,4.162908039839333,299.29157501178605,2.0,14
1286.0,2,charge,0.8024918881077057,4.151941602676667,302.36322680713806,2.5,14
1286.0,3,charge,0.8573266449190754,4.16186125926555,299.64194197141444,2.0,14
1287.0,1,charge,0.8820810773576996,4.162947503466192,299.2919782226623,2.0,14
1287.0,2,charge,0.8026646866200355,4.151984059699707,302.36322438415243,2.5,14
1287.0,3,charge,0.8574713916583687,4.161896202098601,299.64226328895546,2.0,14
1288.0,1,charge,0.8822115667876684,4.162987097042034,299.29238143692953,2.0,14
1288.0,2,charge,0.8028374851323675,4.152028120189437,302.36322176781033,2.5,14
1288.0,3,charge,0.8576161383976646,4.1619311388348725,299.6425846330371,2.0,14
1289.0,1,charge,0.8823420562176355,4.16302682251775,299.29278465351973,2.0,14
1289.0,2,charge,0.8030102836446948,4.152073702972688,302.3632189678215,2.5,14
1289.0,3,charge,0.8577608851369579,4.161966070688389,299.6429060036591,2.0,14
1290.0,1,charge,0.8824725456476045,4.163066681244992,299.2931878724329,2.0,14
1290.0,2,charge,0.8031830821570246,4.152120733497059,302.36321599352164,2.5,14
1290.0,3,charge,0.8579056318762488,4.162000998877741,299.64322740082173,2.0,14
1291.0,1,charge,0.8826030350775732,4.163106674576659,299.2935910936691,2.0,14
1291.0,2,charge,0.8033558806693564,4.152169141569598,302.3632128539041,2.5,14
1291.0,3,charge,0.8580503786155415,4.162035924626066,299.6435488245249,2.0,14
1292.0,1,charge,0.8827335245075404,4.163146803866879,299.2939943172281,2.0,14
1292.0,2,charge,0.8035286791816889,4.152218861435905,302.36320955762574,2.5,14
1292.0,3,charge,0.8581951253548372,4.162070849161078,299.6438702747685,2.0,14
1293.0,1,charge,0.8828640139375091,4.163187070471029,299.2943975431102,2.0,14
1293.0,2,charge,0.803701477694018,4.1522698314115996,302.3632061130264,2.5,14
1293.0,3,charge,0.8583398720941305,4.162105773715013,299.64419175155274,2.0,14
1294.0,1,charge,0.8829945033674732,4.163227475745606,299.29480077131524,2.0,14
1294.0,2,charge,0.8038742762063498,4.152321993079861,302.3632025281332,2.5,14
1294.0,3,charge,0.8584846188334213,4.162140699524608,299.6445132548775,2.0,14
1295.0,1,charge,0.8831249927974397,4.16326802104833,299.2952040018432,2.0,14
1295.0,2,charge,0.8040470747186779,4.152375291153987,302.363198810687,2.5,14
1295.0,3,charge,0.8586293655727147,4.162175625539749,299.6448347876067,2.0,14
1296.0,1,charge,0.8832554822274085,4.163308707737981,299.2956072346941,2.0,14
1296.0,2,charge,0.8042198732310069,4.1524296729931205,302.3631949681585,2.5,14
1296.0,3,charge,0.8587741123120105,4.162210554530446,299.6451563478376,2.0,14
1297.0,1,charge,0.883385971657378,4.1633495371744855,299.296010469868,2.0,14
1297.0,2,charge,0.8043926717433387,4.152485089333117,302.3631910077233,2.5,14
1297.0,3,charge,0.8589188590513037,4.162245488058157,299.6454779351813,2.0,14
1298.0,1,charge,0.8835164610873444,4.1633905104752245,299.296413707809,2.0,14
1298.0,2,charge,0.8045654702556712,4.152541492954233,302.3631869363081,2.5,14
1298.0,3,charge,0.8590636057905946,4.1622804273774765,299.64579954963773,2.0,14
1299.0,1,charge,0.8836469505173136,4.163431626443448,299.29681695315907,2.0,14
1299.0,2,charge,0.8047382687680003,4.152598837707705,302.36318276062445,2.5,14
1299.0,3,charge,0.8592083525298878,4.1623153737473295,299.64612119120704,2.0,14
1300.0,1,charge,0.8837774399472773,4.1634728887454076,299.29722020169316,2.0,14
1300.0,2,charge,0.804911067280332,4.1526570810120145,302.36317848710956,2.5,14
1300.0,3,charge,0.8593530992691838,4.162350328430947,299.64644285988913,2.0,14
1301.0,1,charge,0.8839079293772438,4.163514298739314,299.2976234534113,2.0,14
1301.0,2,charge,0.8050838657926601,4.152716183194594,302.36317412194984,2.5,14
1301.0,3,charge,0.8594978460084771,4.162385292695854,299.646764555684,2.0,14
1302.0,1,charge,0.8840384188072127,4.163555857784228,299.29802670831344,2.0,14
1302.0,2,charge,0.8052566643049892,4.1527761036598605,302.3631696711755,2.5,14
1302.0,3,charge,0.8596425927477678,4.162420267813812,299.6470862785917,2.0,14
1303.0,1,charge,0.8841689082371823,4.163597567240036,299.2984299663996,2.0,14
1303.0,2,charge,0.8054294628173212,4.152836804994655,302.36316514057216,2.5,14
1303.0,3,charge,0.8597873394870587,4.162455255060842,299.64740802861223,2.0,14
1304.0,1,charge,0.884299397667151,4.163639428467408,299.29883322766983,2.0,14
1304.0,2,charge,0.8056022613296537,4.152898253358083,302.3631605356765,2.5,14
1304.0,3,charge,0.859932086226352,4.162490255717223,299.64772980574554,2.0,14
1305.0,1,charge,0.8844298870971176,4.163681442827795,299.2992364921241,2.0,14
1305.0,2,charge,0.8057750598419855,4.152960413758075,302.3631558618944,2.5,14
1305.0,3,charge,0.8600768329656479,4.162525270489248,299.6480516107611,2.0,14
1306.0,1,charge,0.8845603765270817,4.163723611683375,299.2996397597624,2.0,14
1306.0,2,charge,0.8059478583543153,4.153023253635132,302.3631511244202,2.5,14
1306.0,3,charge,0.8602215797049412,4.162560299179159,299.6483734456367,2.0,14
1307.0,1,charge,0.8846908659570505,4.163765936397057,299.3000430305846,2.0,14
1307.0,2,charge,0.8061206568666426,4.1530867427277105,302.3631463282323,2.5,14
1307.0,3,charge,0.860366326444232,4.1625953447072135,299.6486953082057,2.0,14
1308.0,1,charge,0.8848213553870176,4.163808418332373,299.300446304591,2.0,14
1308.0,2,charge,0.8062934553789743,4.153150851106968,302.36314147817313,2.5,14
1308.0,3,charge,0.8605110731835252,4.162630408369798,299.649017198468,2.0,14
1309.0,1,charge,0.8849518448169864,4.163851058853559,299.3008495817814,2.0,14
1309.0,2,charge,0.8064662538913042,4.153215550395929,302.36313657890605,2.5,14
1309.0,3,charge,0.8606558199228211,4.162665491467275,299.64933911642373,2.0,14
1310.0,1,charge,0.8850823342469551,4.1638938581439655,299.30125286442404,2.0,14
1310.0,2,charge,0.8066390524036362,4.153280813297959,302.36313163491235,2.5,14
1310.0,3,charge,0.8608005666621145,4.162700595304057,299.6496610620728,2.0,14
1311.0,1,charge,0.8852128236769222,4.163936816757261,299.3016561540435,2.0,14
1311.0,2,charge,0.806811850915968,4.153346613607859,302.3631266505393,2.5,14
1311.0,3,charge,0.8609453134014052,4.162735721188523,299.6499830354153,2.0,14
1312.0,1,charge,0.8853433131068857,4.163979937555274,299.30205944774445,2.0,14
1312.0,2,charge,0.8069846494282978,4.153412926048519,302.36312162998075,2.5,14
1312.0,3,charge,0.8610900601406986,4.162770870433018,299.65030503645113,2.0,14
1313.0,1,charge,0.8854738025368546,4.1640232218983595,299.302462745527,2.0,14
1313.0,2,charge,0.8071574479406296,4.153479726574023,302.3631165772665,2.5,14
1313.0,3,charge,0.8612348068799937,4.162806044353787,299.6506270651804,2.0,14
1314.0,1,charge,0.8856042919668217,4.1640666711472765,299.30286604739115,2.0,14
1314.0,2,charge,0.8073302464529577,4.153546991717791,302.3631114963052,2.5,14
1314.0,3,charge,0.861379553619287,4.162841244271029,299.650949121603,2.0,14
1315.0,1,charge,0.8857347813967904,4.164110286663202,299.3032693533368,2.0,14
1315.0,2,charge,0.8075030449652867,4.153614698796845,302.3631063908725,2.5,14
1315.0,3,charge,0.8615243003585779,4.162876471508862,299.651271205719,2.0,14
1316.0,1,charge,0.8858652708267594,4.1641540698075135,299.30367266336407,2.0,14
1316.0,2,charge,0.8076758434776184,4.1536828264770485,302.3631012645965,2.5,14
1316.0,3,charge,0.8616690470978712,4.16291172599165,299.65159331956704,2.0,14
1317.0,1,charge,0.8859957602567264,4.1641980219420835,299.30407597747296,2.0,14
1317.0,2,charge,0.807848641989951,4.153751353999899,302.36309612098813,2.5,14
1317.0,3,charge,0.861813793837167,4.162947009254352,299.65191546284854,2.0,14
1318.0,1,charge,0.8861262496866952,4.164242144428957,299.3044792956634,2.0,14
1318.0,2,charge,0.8080214405022801,4.153820261111639,302.3630909634474,2.5,14
1318.0,3,charge,0.8619585405764604,4.162982323424502,299.6522376344111,2.0,14
1319.0,1,charge,0.8862567391166588,4.164286438630459,299.30488261793533,2.0,14
1319.0,2,charge,0.8081942390146118,4.153889528637311,302.3630857952444,2.5,14
1319.0,3,charge,0.862103287315751,4.163017669840384,299.6525598342546,2.0,14
1320.0,1,charge,0.8863872285466257,4.1643309059091616,299.3052859442888,2.0,14
1320.0,2,charge,0.80836703752694,4.15395913820238,302.36308061953383,2.5,14
1320.0,3,charge,0.8622480340550444,4.163053049843892,299.65288206237915,2.0,14
1321.0,1,charge,0.8865177179765946,4.164375547627786,299.3056892747239,2.0,14
1321.0,2,charge,0.8085398360392689,4.1540290718486546,302.3630754393761,2.5,14
1321.0,3,charge,0.8623927807943403,4.163088464780634,299.6532043187847,2.0,14
1322.0,1,charge,0.8866482074065635,4.164420363056838,299.3060926135004,2.0,14
1322.0,2,charge,0.8087126345516008,4.15409931238562,302.3630702577187,2.5,14
1322.0,3,charge,0.8625375275336336,4.163123915999866,299.6535266034712,2.0,14
1323.0,1,charge,0.8867786968365304,4.164465354532567,299.30649595859046,2.0,14
1323.0,2,charge,0.8088854330639332,4.154169843256314,302.3630650774013,2.5,14
1323.0,3,charge,0.8626822742729244,4.163159404854402,299.6538489164388,2.0,14
1324.0,1,charge,0.886909186266494,4.164510524055316,299.3068993086786,2.0,14
1324.0,2,charge,0.8090582315762651,4.1542406484859615,302.3630599011791,2.5,14
1324.0,3,charge,0.8628270210122178,4.163194932700668,299.6541712576874,2.0,14
1325.0,1,charge,0.8870396756964628,4.164555872982062,299.30730266376486,2.0,14
1325.0,2,charge,0.8092310300885943,4.154311712658577,302.3630547317059,2.5,14
1325.0,3,charge,0.8629717677515136,4.163230500898697,299.654493627217,2.0,14
1326.0,1,charge,0.8871701651264298,4.164601402669729,299.30770602384916,2.0,14
1326.0,2,charge,0.8094038286009224,4.154383020860841,302.36304957152856,2.5,14
1326.0,3,charge,0.863116514490807,4.163266110811984,299.65481602502757,2.0,14
1327.0,1,charge,0.8873006545563987,4.164647114475138,299.3081093889315,2.0,14
1327.0,2,charge,0.809576627113254,4.154454558719937,302.36304442313394,2.5,14
1327.0,3,charge,0.8632612612300978,4.163301761657408,299.65513845453955,2.0,14
1328.0,1,charge,0.8874311439863675,4.164693009754999,299.30851275901193,2.0,14
1328.0,2,charge,0.8097494256255833,4.154526312321648,302.36303928892096,2.5,14
1328.0,3,charge,0.8634060079693885,4.1633374565575485,299.6554609129576,2.0,14
1329.0,1,charge,0.8875616334163346,4.164739089865922,299.3089161340904,2.0,14
1329.0,2,charge,0.8099222241379158,4.154598268194373,302.3630341712131,2.5,14
1329.0,3,charge,0.8635507547086818,4.16337319690388,299.6557834002512,2.0,14
1330.0,1,charge,0.8876921228463034,4.164785356164353,299.3093195141669,2.0,14
1330.0,2,charge,0.8100950226502476,4.154670413327178,302.36302907225416,2.5,14
1330.0,3,charge,0.8636955014479777,4.163408984072179,299.6561059164204,2.0,14
1331.0,1,charge,0.8878226122762669,4.164831810006458,299.3097228992414,2.0,14
1331.0,2,charge,0.8102678211625773,4.15474273562732,302.3630239941192,2.5,14
1331.0,3,charge,0.863840248187271,4.1634448194415015,299.65642846146517,2.0,14
1332.0,1,charge,0.887953101706234,4.16487845274829,299.31012628931404,2.0,14
1332.0,2,charge,0.8104406196749047,4.154815222689086,302.3630189389497,2.5,14
1332.0,3,charge,0.8639849949265619,4.163480704394226,299.6567510353856,2.0,14
1333.0,1,charge,0.8880835911362028,4.164925285546475,299.3105296848164,2.0,14
1333.0,2,charge,0.8106134181872364,4.154887862720452,302.363013908775,2.5,14
1333.0,3,charge,0.8641297416658551,4.163516640315973,299.6570736381816,2.0,14
1334.0,1,charge,0.8882140805661723,4.164972307390012,299.3109330908508,2.0,14
1334.0,2,charge,0.8107862166995663,4.154960644262642,302.36300890556504,2.5,14
1334.0,3,charge,0.8642744884051509,4.163552628595608,299.65739626985317,2.0,14
1335.0,1,charge,0.8883445699961389,4.165019521741671,299.31133650281333,2.0,14
1335.0,2,charge,0.8109590152118983,4.155033556163984,302.3630039312349,2.5,14
1335.0,3,charge,0.8644192351444441,4.163588670625258,299.65771893040034,2.0,14
1336.0,1,charge,0.8884750594261076,4.165066929950046,299.31173992070404,2.0,14
1336.0,2,charge,0.81113181372423,4.155106588756308,302.3629989874642,2.5,14
1336.0,3,charge,0.864563981883735,4.163624767800208,299.6580416198231,2.0,14
1337.0,1,charge,0.8886055488560715,4.165114533363294,299.31214334452295,2.0,14
1337.0,2,charge,0.8113046122365599,4.155179731311032,302.36299407608675,2.5,14
1337.0,3,charge,0.8647087286230275,4.163660920827232,299.6583643393239,2.0,14
1338.0,1,charge,0.8887360382860381,4.1651623333290635,299.31254677427,2.0,14
1338.0,2,charge,0.8114774107488917,4.15525297377831,302.36298919882483,2.5,14
1338.0,3,charge,0.8648534753623237,4.163697130348603,299.6586870902149,2.0,14
1339.0,1,charge,0.8888665277160069,4.165210331194463,299.31295020994526,2.0,14
1339.0,2,charge,0.8116502092612198,4.1553263064422,302.362984357342,2.5,14
1339.0,3,charge,0.8649982221016168,4.163733398865742,299.65900987058336,2.0,14
1340.0,1,charge,0.8889970171459765,4.165258528306072,299.3133536515487,2.0,14
1340.0,2,charge,0.8118230077735488,4.155399719845748,302.36297955325483,2.5,14
1340.0,3,charge,0.8651429688409077,4.163769727784389,299.6593326804291,2.0,14
1341.0,1,charge,0.8891275065759454,4.165306926009854,299.3137570990803,2.0,14
1341.0,2,charge,0.8119958062858805,4.155473205626992,302.3629747880097,2.5,14
1341.0,3,charge,0.8652877155802009,4.16380611851327,299.6596555197522,2.0,14
1342.0,1,charge,0.889257996005912,4.165355525651184,299.3141605525401,2.0,14
1342.0,2,charge,0.8121686047982133,4.155546755005021,302.36297006310633,2.5,14
1342.0,3,charge,0.8654324623194968,4.163842572464068,299.6599783885527,2.0,14
1343.0,1,charge,0.8893884854358759,4.165404328574759,299.3145640119281,2.0,14
1343.0,2,charge,0.8123414033105448,4.155620359356057,302.3629653800134,2.5,14
1343.0,3,charge,0.8655772090587902,4.163879091051365,299.6603012868304,2.0,14
1344.0,1,charge,0.8895189748658446,4.165453336124629,299.31496747724424,2.0,14
1344.0,2,charge,0.8125142018228749,4.155694010481595,302.36296074012904,2.5,14
1344.0,3,charge,0.8657219557980808,4.163915675692613,299.66062421458565,2.0,14
1345.0,1,charge,0.8896494642958112,4.165502549226986,299.3153709494083,2.0,14
1345.0,2,charge,0.8126870003352022,4.155767700419343,302.3629561448096,2.5,14
1345.0,3,charge,0.8658667025373741,4.163952327808161,299.6609471718182,2.0,14
1346.0,1,charge,0.8897799537257807,4.165551968785228,299.3157744293715,2.0,14
1346.0,2,charge,0.812859798847534,4.155841421699693,302.3629515953288,2.5,14
1346.0,3,charge,0.8660114492766701,4.16398904882116,299.66127015852805,2.0,14
1347.0,1,charge,0.8899104431557496,4.165601596632164,299.31617791603503,2.0,14
1347.0,2,charge,0.8130325973598641,4.155915167039,302.36294709292656,2.5,14
1347.0,3,charge,0.8661561960159634,4.164025840157583,299.6615931747153,2.0,14
1348.0,1,charge,0.8900409325857167,4.165651434103677,299.31658140939885,2.0,14
1348.0,2,charge,0.8132053958721959,4.1559889291658845,302.3629426388367,2.5,14
1348.0,3,charge,0.8663009427552542,4.164062702919988,299.6619162209647,2.0,14
1349.0,1,charge,0.89017142201568,4.165701482534834,299.31698490946303,2.0,14
1349.0,2,charge,0.8133781943845284,4.15606270115091,302.3629382342349,2.5,14
1349.0,3,charge,0.8664456894945475,4.164099638526196,299.6622392972971,2.0,14
1350.0,1,charge,0.890301911445649,4.165751743259738,299.3173884162275,2.0,14
1350.0,2,charge,0.8135509928968602,4.156136476279547,302.36293388025916,2.5,14
1350.0,3,charge,0.8665904362338435,4.164136648491507,299.6625624035637,2.0,14
1350.0,1,charge,0.8903019114456503,4.165751743259738,299.3173884162275,1.5,15
1350.0,1,charge,0.890301911445649,4.152062666224276,299.3173884162275,1.5,15
1350.0,2,charge,0.813550992896858,4.156136476279547,302.36293388025916,2.5,15
1350.0,2,charge,0.8135509928968602,4.156136476279547,302.36293388025916,2.5,15
1350.0,3,charge,0.8665904362338409,4.164136648491507,299.6625624035637,2.0,15
1350.0,3,charge,0.8665904362338435,4.164136648491507,299.6625624035637,2.0,15
1351.0,1,charge,0.8903997785181235,4.151871317055502,299.31754045879586,1.5,15
1351.0,2,charge,0.8137237914091895,4.156210257301522,302.36292958034136,2.5,15
1351.0,3,charge,0.8667351829731341,4.164173736562107,299.6628855603369,2.0,15
1352.0,1,charge,0.890497645590603,4.151751733645929,299.3176920043754,1.5,15
1352.0,2,charge,0.8138965899215173,4.156284019831084,302.36292533124794,2.5,15
1352.0,3,charge,0.8668799297124273,4.164210901393641,299.66320874532727,2.0,15
1353.0,1,charge,0.8905955126630773,4.151660973344206,299.31784310427616,1.5,15
1353.0,2,charge,0.814069388433849,4.15635776413834,302.3629211363601,2.5,15
1353.0,3,charge,0.8670246764517182,4.164248144338519,299.6635319580639,2.0,15
1354.0,1,charge,0.8906933797355537,4.151586329003407,299.3179937884939,1.5,15
1354.0,2,charge,0.8142421869461783,4.156431486310538,302.36291699614475,2.5,15
1354.0,3,charge,0.8671694231910114,4.164285468360962,299.66385521232843,2.0,15
1355.0,1,charge,0.8907912468080282,4.15152240058097,299.318144080462,1.5,15
1355.0,2,charge,0.8144149854585109,4.156505181324134,302.36291291158614,2.5,15
1355.0,3,charge,0.8673141699303075,4.164322872474196,299.6641784869274,2.0,15
1356.0,1,charge,0.8908891138805023,4.151466434749969,299.3182940000301,1.5,15
1356.0,2,charge,0.8145877839708426,4.15657884272747,302.3629088838385,2.5,15
1356.0,3,charge,0.8674589166696007,4.164360358115496,299.66450178186096,2.0,15
1357.0,1,charge,0.8909869809529768,4.151416763381706,299.31844356477023,1.5,15
1357.0,2,charge,0.8147605824831725,4.1566524656954424,302.3629049136938,2.5,15
1357.0,3,charge,0.8676036634088915,4.1643979280311765,299.6648251094648,2.0,15
1358.0,1,charge,0.891084848025453,4.151372298551304,299.31859279059336,1.5,15
1358.0,2,charge,0.8149333809954998,4.156726045730869,302.3629010018883,2.5,15
1358.0,3,charge,0.8677484101481847,4.164435583250077,299.6651484657621,2.0,15
1359.0,1,charge,0.8911827150979332,4.151332297022811,299.3187416921051,1.5,15
1359.0,2,charge,0.8151061795078316,4.156799577338859,302.3628971493592,2.5,15
1359.0,3,charge,0.8678931568874807,4.164473325067824,299.6654718492995,2.0,15
1360.0,1,charge,0.8912805821704072,4.15129620351059,299.3188902828913,1.5,15
1360.0,2,charge,0.8152789780201614,4.156873052493211,302.3628933575558,2.5,15
1360.0,3,charge,0.8680379036267739,4.16451115515686,299.66579526290695,2.0,15
1361.0,1,charge,0.891378449242884,4.151263587128172,299.31903857569046,1.5,15
1361.0,2,charge,0.8154517765324935,4.1569464698689735,302.3628896265765,2.5,15
1361.0,3,charge,0.868182650366064,4.164549075049385,299.66611870756674,2.0,15
1362.0,1,charge,0.8914763163153585,4.151234109694404,299.3191865825093,1.5,15
1362.0,2,charge,0.8156245750448252,4.157019826760749,302.3628859568014,2.5,15
1362.0,3,charge,0.8683273971053572,4.164587086094773,299.666442181896,2.0,15
1363.0,1,charge,0.8915741833878326,4.151207498490337,299.31933431471447,1.5,15
1363.0,2,charge,0.815797373557155,4.157093114710964,302.36288234977883,2.5,15
1363.0,3,charge,0.8684721438446534,4.164625189734697,299.66676568697403,2.0,15
1364.0,1,charge,0.8916720504603071,4.151183526599156,299.31948178310665,1.5,15
1364.0,2,charge,0.8159701720694867,4.1571663321222605,302.36287880567465,2.5,15
1364.0,3,charge,0.8686168905839465,4.164663387402958,299.6670892244812,2.0,15
1365.0,1,charge,0.8917699175327833,4.151162003496931,299.31962899797173,1.5,15
1365.0,2,charge,0.8161429705818138,4.157239474835528,302.36287532517576,2.5,15
1365.0,3,charge,0.8687616373232372,4.164701680591485,299.6674127926504,2.0,15
1366.0,1,charge,0.8918677846052577,4.151142766353289,299.3197759691281,1.5,15
1366.0,2,charge,0.8163157690941438,4.1573125373737785,302.3628719092385,2.5,15
1366.0,3,charge,0.8689063840625304,4.164740070765602,299.66773639148164,2.0,15
1367.0,1,charge,0.8919656516777373,4.151125675998265,299.3199227059561,1.5,15
1367.0,2,charge,0.8164885676064757,4.157385516185011,302.36286855843804,2.5,15
1367.0,3,charge,0.8690511308018265,4.164778559392551,299.668060020975,2.0,15
1368.0,1,charge,0.8920635187502118,4.151110603697344,299.3200692174692,1.5,15
1368.0,2,charge,0.8166613661188082,4.157458407278792,302.3628652734394,2.5,15
1368.0,3,charge,0.8691958775411197,4.164817147941547,299.66838368113036,2.0,15
1369.0,1,charge,0.8921613858226882,4.151097435624222,299.3202155123092,1.5,15
1369.0,2,charge,0.8168341646311372,4.157531206886258,302.3628620548647,2.5,15
1369.0,3,charge,0.8693406242804104,4.164855837310541,299.66870737426535,2.0,15
1370.0,1,charge,0.8922592528951627,4.1510860705142845,299.3203615987681,1.5,15
1370.0,2,charge,0.817006963143469,4.157603910874279,302.3628589034198,2.5,15
1370.0,3,charge,0.8694853710197012,4.164894627963637,299.66903110442684,2.0,15
1371.0,1,charge,0.8923571199676366,4.151076417443867,299.32050748480964,1.5,15
1371.0,2,charge,0.8171797616557971,4.157676515895231,302.3628558196506,2.5,15
1371.0,3,charge,0.8696301177589945,4.164933522737577,299.66935486608344,2.0,15
1372.0,1,charge,0.8924549870401111,4.1510683948308875,299.3206531780827,1.5,15
1372.0,2,charge,0.8173525601681262,4.1577490187143,302.362852804084,2.5,15
1372.0,3,charge,0.8697748644982906,4.164972523106865,299.6696786592352,2.0,15
1373.0,1,charge,0.8925528541125874,4.151061927179018,299.3207986859457,1.5,15
1373.0,2,charge,0.817525358680458,4.157821415428545,302.3628498573906,2.5,15
1373.0,3,charge,0.8699196112375838,4.165011630547797,299.6700024838822,2.0,15
1374.0,1,charge,0.8926507211850621,4.151056946096892,299.3209440154749,1.5,15
1374.0,2,charge,0.8176981571927905,4.157893703249746,302.36284698001396,2.5,15
1374.0,3,charge,0.8700643579768745,4.165050846538354,299.67032634002425,2.0,15
1375.0,1,charge,0.8927485882575417,4.1510533864279555,299.32108917348785,1.5,15
1375.0,2,charge,0.8178709557051222,4.1579658790506375,302.36284417247225,2.5,15
1375.0,3,charge,0.8702091047161677,4.165090172558215,299.6706502276616,2.0,15
1376.0,1,charge,0.892846455330016,4.151051189161891,299.3212341665454,1.5,15
1376.0,2,charge,0.8180437542174516,4.158037939375959,302.36284143535624,2.5,15
1376.0,3,charge,0.8703538514554637,4.165129610088683,299.6709741467941,2.0,15
1377.0,1,charge,0.8929443224024931,4.1510502978861155,299.3213790009691,1.5,15
1377.0,2,charge,0.8182165527297793,4.158109882208647,302.36283876896294,2.5,15
1377.0,3,charge,0.870498598194757,4.165169160612683,299.6712980974218,2.0,15
1378.0,1,charge,0.8930421894749672,4.151050660090944,299.32152368285244,1.5,15
1378.0,2,charge,0.8183893512421111,4.158181704486431,302.36283617380997,2.5,15
1378.0,3,charge,0.870643344934047,4.16520882561473,299.67162207954465,2.0,15
1379.0,1,charge,0.8931400565474417,4.151052227072293,299.32166821805964,1.5,15
1379.0,2,charge,0.8185621497544404,4.158253403185585,302.36283365041106,2.5,15
1379.0,3,charge,0.8707880916733403,4.165248606580887,299.67194609316266,2.0,15
1380.0,1,charge,0.893237923619918,4.151054952123929,299.32181261225185,1.5,15
1380.0,2,charge,0.818734948266773,4.15832497541164,302.36283119925764,2.5,15
1380.0,3,charge,0.8709328384126365,4.165288504998737,299.67227013827585,2.0,15
1381.0,1,charge,0.8933357906923922,4.151058792593904,299.32195687087517,1.5,15
1381.0,2,charge,0.8189077467791047,4.158396418275373,302.36282882084447,2.5,15
1381.0,3,charge,0.8710775851519296,4.165328522357369,299.67259421488427,2.0,15
1382.0,1,charge,0.8934336577648718,4.151063707457594,299.3221009991874,1.5,15
1382.0,2,charge,0.8190805452914346,4.158467729602455,302.3628265155224,2.5,15
1382.0,3,charge,0.8712223318912203,4.165368660147277,299.67291832298787,2.0,15
1383.0,1,charge,0.8935315248373464,4.151069658499233,299.3222450022525,1.5,15
1383.0,2,charge,0.8192533438037619,4.158538907972792,302.3628242834901,2.5,15
1383.0,3,charge,0.8713670786305134,4.165408919860424,299.6732424625866,2.0,15
1384.0,1,charge,0.8936293919098227,4.151076609421913,299.3223888849559,1.5,15
1384.0,2,charge,0.8194261423160937,4.1586099500320675,302.3628221253506,2.5,15
1384.0,3,charge,0.8715118253698095,4.165449302990165,299.67356663368054,2.0,15
1385.0,1,charge,0.8937272589822973,4.151084525741458,299.3225326520038,1.5,15
1385.0,2,charge,0.8195989408284237,4.1586808533297255,302.3628200415241,2.5,15
1385.0,3,charge,0.8716565721091027,4.165489811031181,299.67389083626966,2.0,15
1386.0,1,charge,0.8938251260547712,4.151093374695086,299.3226763079442,1.5,15
1386.0,2,charge,0.8197717393407554,4.1587516154567385,302.3628180324263,2.5,15
1386.0,3,charge,0.8718013188483936,4.165530445479473,299.6742150703539,2.0,15
1387.0,1,charge,0.8939229931272457,4.151103124897852,299.3228198571687,1.5,15
1387.0,2,charge,0.819944537853088,4.158822234045493,302.3628160984685,2.5,15
1387.0,3,charge,0.8719460655876842,4.165571207832403,299.67453933593333,2.0,15
1388.0,1,charge,0.894020860199722,4.151113747254792,299.32296330389056,1.5,15
1388.0,2,charge,0.8201173363654171,4.158892708108143,302.3628142397819,2.5,15
1388.0,3,charge,0.8720908123269776,4.165612099571848,299.67486363305414,2.0,15
1389.0,1,charge,0.8941187272721964,4.151125213468301,299.32310665219,1.5,15
1389.0,2,charge,0.820290134877749,4.158963035148782,302.36281245681175,2.5,15
1389.0,3,charge,0.8722355590662735,4.165653120659863,299.6751879659636,2.0,15
1390.0,1,charge,0.8942165943446759,4.151137495778646,299.3232499060244,1.5,15
1390.0,2,charge,0.8204629333900769,4.159033213049765,302.36281074992917,2.5,15
1390.0,3,charge,0.8723803058055667,4.1656942738310905,299.67551233121895,2.0,15
1391.0,1,charge,0.8943144614171504,4.151150567789121,299.3233930692085,1.5,15
1391.0,2,charge,0.8206357319024087,4.159103239902047,302.36280911946625,2.5,15
1391.0,3,charge,0.8725250525448576,4.165735560584018,299.67583672882046,2.0,15
1392.0,1,charge,0.8944123284896268,4.151164407182475,299.3235361453582,1.5,15
1392.0,2,charge,0.820808530414738,4.159173113864677,302.36280756574496,2.5,15
1392.0,3,charge,0.8726697992841509,4.165776982418174,299.67616115876797,2.0,15
1393.0,1,charge,0.8945101955621014,4.151178988829585,299.3236791380501,1.5,15
1393.0,2,charge,0.8209813289270705,4.159242833217393,302.3628060890678,2.5,15
1393.0,3,charge,0.8728145460234467,4.165818540834092,299.67648562106154,2.0,15
1394.0,1,charge,0.8946080626345753,4.151194289504848,299.32382205071826,1.5,15
1394.0,2,charge,0.8211541274394023,4.159312396354251,302.36280468971944,2.5,15
1394.0,3,charge,0.8729592927627399,4.165860237333285,299.6768101157011,2.0,15
1395.0,1,charge,0.8947059297070499,4.151210288321778,299.32396488664716,1.5,15
1395.0,2,charge,0.8213269259517321,4.159381801602743,302.3628033679965,2.5,15
1395.0,3,charge,0.8731040395020307,4.1659020734182,299.6771346426867,2.0,15
1396.0,1,charge,0.8948037967795262,4.151226965630228,299.32410764900095,1.5,15
1396.0,2,charge,0.8214997244640594,4.159451047421689,302.362802124175,2.5,15
1396.0,3,charge,0.8732487862413238,4.165944050592202,299.6774592020184,2.0,15
1397.0,1,charge,0.8949016638520008,4.151244300840844,299.32425034087635,1.5,15
1397.0,2,charge,0.8216725229763912,4.159520132339894,302.36280095852004,2.5,15
1397.0,3,charge,0.8733935329806195,4.165986170359534,299.67778379369616,2.0,15
1398.0,1,charge,0.8949995309244803,4.151262274834753,299.32439296525087,1.5,15
1398.0,2,charge,0.8218453214887212,4.159589054955907,302.36279987128586,2.5,15
1398.0,3,charge,0.8735382797199126,4.166028433198075,299.67810842047516,2.0,15
1399.0,1,charge,0.8950973979969546,4.15128087060604,299.32453552495764,1.5,15
1399.0,2,charge,0.822018120001053,4.159657813429989,302.36279886282836,2.5,15
1399.0,3,charge,0.8736830264592033,4.166070841202554,299.67843308074964,2.0,15
1400.0,1,charge,0.895195265069431,4.151300070527318,299.32467802277745,1.5,15
1400.0,2,charge,0.8221909185133855,4.15972640659224,302.3627979333601,2.5,15
1400.0,3,charge,0.8738277731984967,4.16611339605856,299.6787577740294,2.0,15
1401.0,1,charge,0.8952931321419055,4.151319858138097,299.3248204613831,1.5,15
1401.0,2,charge,0.8223637170257146,4.159794833196619,302.3627970831153,2.5,15
1401.0,3,charge,0.8739725199377926,4.166156099270273,299.6790825003144,2.0,15
1402.0,1,charge,0.8953909992143794,4.151340217645469,299.3249628433513,1.5,15
1402.0,2,charge,0.8225365155380466,4.159863092009328,302.3627963123296,2.5,15
1402.0,3,charge,0.8741172666770858,4.166198952342574,299.67940725960455,2.0,15
1403.0,1,charge,0.8954888662868539,4.151361133867551,299.3251051711628,1.5,15
1403.0,2,charge,0.8227093140503745,4.159931181855272,302.3627956212305,2.5,15
1403.0,3,charge,0.8742620134163765,4.1662419567809135,299.6797320519,2.0,15
1404.0,1,charge,0.8955867333593303,4.151382592225411,299.32524744722895,1.5,15
1404.0,2,charge,0.8228821125627035,4.159999101424885,302.36279501007925,2.5,15
1404.0,3,charge,0.8744067601556698,4.1662851140912815,299.6800568772007,2.0,15
1405.0,1,charge,0.8956846004318048,4.151404578658505,299.3253896738761,1.5,15
1405.0,2,charge,0.8230549110750353,4.160066849320929,302.362794479161,2.5,15
1405.0,3,charge,0.8745515068949659,4.166328425780279,299.6803817355065,2.0,15
1406.0,1,charge,0.8957824675042844,4.1514270797970765,299.32553185333694,1.5,15
1406.0,2,charge,0.823227709587368,4.160134424660582,302.36279402865233,2.5,15
1406.0,3,charge,0.8746962536342591,4.166371893354925,299.6807066268177,2.0,15
1407.0,1,charge,0.8958803345767588,4.151450082592693,299.32567398778133,1.5,15
1407.0,2,charge,0.8234005080996999,4.160201826398309,302.3627936587701,2.5,15
1407.0,3,charge,0.87484100037355,4.166415517613015,299.6810315530752,2.0,15
1408.0,1,charge,0.8959782016492358,4.1514735744101205,299.3258160793083,1.5,15
1408.0,2,charge,0.8235733066120289,4.160269053536467,302.3627933697248,2.5,15
1408.0,3,charge,0.8749857471128406,4.166459300213513,299.6813565138434,2.0,15
1409.0,1,charge,0.8960760687217098,4.151497543173773,299.3259581299419,1.5,15
1409.0,2,charge,0.8237461051243568,4.160336105125285,302.36279316172073,2.5,15
1409.0,3,charge,0.8751304938521338,4.166503242991631,299.6816815082166,2.0,15
1410.0,1,charge,0.8961739357941844,4.151521977779338,299.326100141621,1.5,15
1410.0,2,charge,0.8239189036366885,4.160402979972234,302.3627930350204,2.5,15
1410.0,3,charge,0.8752752405914299,4.166547347453095,299.68200653619493,2.0,15
1411.0,1,charge,0.8962718028666606,4.151546866815189,299.32624211624307,1.5,15
1411.0,2,charge,0.8240917021490185,4.160469677282828,302.3627929898028,2.5,15
1411.0,3,charge,0.8754199873307231,4.166591615103899,299.6823315977783,2.0,15
1412.0,1,charge,0.896369669939135,4.151572199488803,299.32638405563597,1.5,15
1412.0,2,charge,0.8242645006613504,4.160536196217274,302.3627930262613,2.5,15
1412.0,3,charge,0.8755647340700138,4.166636047450274,299.6826566929666,2.0,15
1413.0,1,charge,0.8964675370116145,4.151597965749958,299.32652596155356,1.5,15
1413.0,2,charge,0.8244372991736821,4.1606025359544425,302.3627931445892,2.5,15
1413.0,3,charge,0.8757094808093071,4.166680645998649,299.6829818217598,2.0,15
1414.0,1,charge,0.896565404084089,4.151624155851651,299.3266678356948,1.5,15
1414.0,2,charge,0.8246100976860119,4.1606686957148025,302.3627933449752,2.5,15
1414.0,3,charge,0.8758542275486032,4.166725412255599,299.6833069841582,2.0,15
1415.0,1,charge,0.8966632711565654,4.151650760240843,299.3268096797098,1.5,15
1415.0,2,charge,0.824782896198339,4.160734674701446,302.3627936276163,2.5,15
1415.0,3,charge,0.8759989742878963,4.166770347727867,299.68363218016157,2.0,15
1416.0,1,charge,0.8967611382290398,4.151677769838325,299.3269514951896,1.5,15
1416.0,2,charge,0.824955694710671,4.16080047212127,302.36279399271314,2.5,15
1416.0,3,charge,0.8761437210271872,4.16681545349146,299.68395741099766,2.0,15
1417.0,1,charge,0.8968590053015139,4.151705175961456,299.3270932836583,1.5,15
1417.0,2,charge,0.8251284932230009,4.160866087352071,302.36279444043225,2.5,15
1417.0,3,charge,0.8762884677664803,4.166860730845163,299.68428267724113,2.0,15
1418.0,1,charge,0.8969568723739884,4.151732970227484,299.32723504660504,1.5,15
1418.0,2,charge,0.8253012917353326,4.160931519749212,302.3627949709498,2.5,15
1418.0,3,charge,0.8764332145057758,4.166906181686587,299.6846079777641,2.0,15
1419.0,1,charge,0.8970547394464646,4.15176114459604,299.32737678546476,1.5,15
1419.0,2,charge,0.8254740902476644,4.160996768706164,302.3627955844375,2.5,15
1419.0,3,charge,0.8765779612450689,4.166951807507412,299.6849333125998,2.0,15
1420.0,1,charge,0.8971526065189391,4.151789691279982,299.32751850161566,1.5,15
1420.0,2,charge,0.8256468887599944,4.161061833654552,302.36279628106337,2.5,15
1420.0,3,charge,0.8767227079843597,4.166997609799041,299.68525868178176,2.0,15
1421.0,1,charge,0.8972504735914186,4.151818602769558,299.3276601963883,1.5,15
1421.0,2,charge,0.8258196872723262,4.161126713934504,302.3627970610197,2.5,15
1421.0,3,charge,0.8768674547236529,4.167043590052448,299.6855840853433,2.0,15
1422.0,1,charge,0.8973483406638931,4.151847871905083,299.3278018710828,1.5,15
1422.0,2,charge,0.8259924857846532,4.16119140908326,302.3627979244594,2.5,15
1422.0,3,charge,0.877012201462949,4.167089749758331,299.6859095233178,2.0,15
1423.0,1,charge,0.8974462077363695,4.151877491757226,299.3279435269534,1.5,15
1423.0,2,charge,0.8261652842969833,4.161255918630319,302.3627988715411,2.5,15
1423.0,3,charge,0.8771569482022421,4.167136090406824,299.6862349957385,2.0,15
1424.0,1,charge,0.897544074808844,4.151907455643358,299.32808516521567,1.5,15
1424.0,2,charge,0.8263380828093151,4.161320242131739,302.36279990242184,2.5,15
1424.0,3,charge,0.877301694941533,4.167182613487635,299.686560502639,2.0,15
1425.0,1,charge,0.897641941881318,4.151937757120681,299.32822678704713,1.5,15
1425.0,2,charge,0.8265108813216476,4.16138437917872,302.36280101725515,2.5,15
1425.0,3,charge,0.8774464416808262,4.167229320489932,299.6868860440525,2.0,15
1426.0,1,charge,0.8977398089537925,4.151968390236044,299.32836839351467,1.5,15
1426.0,2,charge,0.8266836798339767,4.161448329315208,302.36280221620905,2.5,15
1426.0,3,charge,0.8775911884201223,4.167276212902371,299.68721162001253,2.0,15
1427.0,1,charge,0.8978376760262688,4.151999348895549,299.3285099857499,1.5,15
1427.0,2,charge,0.8268564783463087,4.161512092082241,302.3628034994567,2.5,15
1427.0,3,charge,0.8777359351594155,4.167323292212933,299.6875372305523,2.0,15
1428.0,1,charge,0.897935543098743,4.152030627333184,299.3286515648156,1.5,15
1428.0,2,charge,0.8270292768586365,4.161575667227066,302.3628048671292,2.5,15
1428.0,3,charge,0.8778806818987062,4.167370559908984,299.68786287570526,2.0,15
1429.0,1,charge,0.8980334101712226,4.152062219967518,299.3287931317438,1.5,15
1429.0,2,charge,0.8272020753709683,4.161639054448736,302.362806319373,2.5,15
1429.0,3,charge,0.878025428637997,4.167418017477239,299.6881885555047,2.0,15
1430.0,1,charge,0.8981312772436971,4.152094121387386,299.3289346875381,1.5,15
1430.0,2,charge,0.8273748738832977,4.16170225347979,302.36280785633085,2.5,15
1430.0,3,charge,0.8781701753772903,4.167465666246988,299.68851427053727,2.0,15
1431.0,1,charge,0.8982291443161734,4.152126326739465,299.3290762331157,1.5,15
1431.0,2,charge,0.8275476723956301,4.161765264086453,302.36280947814225,2.5,15
1431.0,3,charge,0.8783149221165863,4.167513507628267,299.6888400210928,2.0,15
1432.0,1,charge,0.8983270113886472,4.152158831303629,299.32921776937076,1.5,15
1432.0,2,charge,0.827720470907962,4.161828086068869,302.3628111849433,2.5,15
1432.0,3,charge,0.8784596688558796,4.167561543238405,299.6891658067283,2.0,15
1433.0,1,charge,0.8984248784611217,4.1521916300803134,299.32935929723595,1.5,15
1433.0,2,charge,0.8278932694202917,4.16189071926129,302.36281297686656,2.5,15
1433.0,3,charge,0.8786044155951701,4.167609774551028,299.68949162750664,2.0,15
1434.0,1,charge,0.8985227455335956,4.152224718454105,299.3295008175832,1.5,15
1434.0,2,charge,0.8280660679326237,4.16195316353234,302.3628148540409,2.5,15
1434.0,3,charge,0.8787491623344632,4.167658203038801,299.68981748349074,2.0,15
1435.0,1,charge,0.8986206126060701,4.152258091952414,299.3296423312596,1.5,15
1435.0,2,charge,0.8282388664449508,4.162015418743879,302.3628168166009,2.5,15
1435.0,3,charge,0.8788939090737594,4.1677068301731754,299.6901433747435,2.0,15
1436.0,1,charge,0.8987184796785463,4.152291746252391,299.32978383908693,1.5,15
1436.0,2,charge,0.8284116649572806,4.162077484625398,302.3628188647147,2.5,15
1436.0,3,charge,0.8790386558130526,4.167755657424502,299.69046930132777,2.0,15
1437.0,1,charge,0.8988163467510207,4.15232567770118,299.32992534179635,1.5,15
1437.0,2,charge,0.8285844634696127,4.162139361186428,302.362820998492,2.5,15
1437.0,3,charge,0.8791834025523428,4.167804686261955,299.6907952633066,2.0,15
1438.0,1,charge,0.8989142138235002,4.152359882200241,299.3300668401689,1.5,15
1438.0,2,charge,0.8287572619819452,4.162201048357174,302.36282321806436,2.5,15
1438.0,3,charge,0.879328149291636,4.167853918153369,299.69112126074265,2.0,15
1439.0,1,charge,0.8990120808959747,4.152394356022295,299.3302083349332,1.5,15
1439.0,2,charge,0.8289300604942742,4.1622625460884155,302.36282552356266,2.5,15
1439.0,3,charge,0.8794728960309323,4.1679033545654045,299.69144729369896,2.0,15
1440.0,1,charge,0.8991099479684511,4.152429095597019,299.33034982679214,1.5,15
1440.0,2,charge,0.829102859006606,4.162323854350461,302.3628279151176,2.5,15
1440.0,3,charge,0.8796176427702254,4.167952996963302,299.6917733622384,2.0,15
1440.0,1,charge,0.8991099479684489,4.152429095597019,299.33034982679214,1.5,16
1440.0,1,charge,0.8991099479684511,4.152429095597019,299.33034982679214,1.5,16
1440.0,2,charge,0.8291028590066043,4.162323854350461,302.3628279151176,2.5,16
1440.0,2,charge,0.829102859006606,4.162323854350461,302.3628279151176,2.5,16
1440.0,3,charge,0.8796176427702239,4.167952996963302,299.6917733622384,1.5,16
1440.0,3,charge,0.8796176427702254,4.153841278331402,299.6917733622384,1.5,16
1441.0,1,charge,0.8992078150409256,4.152464104457136,299.3304913163527,1.5,16
1441.0,2,charge,0.8292756575189338,4.162384983399756,302.36283042057363,2.5,16
1441.0,3,charge,0.879726202824696,4.153653103529603,299.69191442211,1.5,16
1442.0,1,charge,0.8993056821133996,4.152499365789343,299.33063280447203,1.5,16
1442.0,2,charge,0.8294484560312632,4.162445918154216,302.36283300005937,2.5,16
1442.0,3,charge,0.8798347628791644,4.1535352796762695,299.6920551297441,1.5,16
1443.0,1,charge,0.8994035491858741,4.152534880936393,299.33077429195345,1.5,16
1443.0,2,charge,0.8296212545435949,4.162506660829292,302.3628356594085,2.5,16
1443.0,3,charge,0.8799433229336346,4.1534454394818905,299.69219552343566,1.5,16
1444.0,1,charge,0.8995014162583505,4.152570648597635,299.33091577911074,1.5,16
1444.0,2,charge,0.8297940530559277,4.162567212045479,302.36283839955934,2.5,16
1444.0,3,charge,0.8800518829881052,4.153371270032767,299.69233562526824,1.5,16
1445.0,1,charge,0.8995992833308248,4.152606666330798,299.33105726650444,1.5,16
1445.0,2,charge,0.8299668515682594,4.162627573474692,302.36284122495465,2.5,16
1445.0,3,charge,0.8801604430425708,4.153307553806785,299.6924754524028,1.5,16
1446.0,1,charge,0.8996971504033043,4.1526429304685974,299.3311987548515,1.5,16
1446.0,2,charge,0.8301396500805885,4.162687745414887,302.3628441379891,2.5,16
1446.0,3,charge,0.8802690030970415,4.1532516301109865,299.692615019331,1.5,16
1447.0,1,charge,0.8997950174757788,4.152679439005735,299.33134024460213,1.5,16
1447.0,2,charge,0.8303124485929163,4.162747728281593,302.3628471367932,2.5,16
1447.0,3,charge,0.8803775631515116,4.153201884547254,299.6927543388577,1.5,16
1448.0,1,charge,0.8998928845482552,4.152716189781987,299.33148173623164,1.5,16
1448.0,2,charge,0.8304852471052481,4.162807521837278,302.3628502224374,2.5,16
1448.0,3,charge,0.88048612320598,4.153157262828524,299.69289342256053,1.5,16
1449.0,1,charge,0.8999907516207298,4.152753179779904,299.3316232303434,1.5,16
1449.0,2,charge,0.8306580456175782,4.1628671258368914,302.36285339602944,2.5,16
1449.0,3,charge,0.8805946832604508,4.153117043229697,299.6930322810563,1.5,16
1450.0,1,charge,0.9000886186932036,4.15279040448336,299.3317647277666,1.5,16
1450.0,2,charge,0.8308308441299099,4.162926541649718,302.3628566564415,2.5,16
1450.0,3,charge,0.8807032433149209,4.153080685735741,299.69317092421306,1.5,16
1451.0,1,charge,0.9001864857656782,4.1528278637948635,299.3319062286535,1.5,16
1451.0,2,charge,0.8310036426422417,4.1629857698453225,302.3628600036738,2.5,16
1451.0,3,charge,0.8808118033693918,4.153047770599604,299.693309361278,1.5,16
1452.0,1,charge,0.9002843528381546,4.152865557645566,299.3320477331522,1.5,16
1452.0,2,charge,0.8311764411545718,4.163044810746637,302.3628634378755,2.5,16
1452.0,3,charge,0.8809203634238625,4.153017967868704,299.6934476009624,1.5,16
1453.0,1,charge,0.9003822199106291,4.152903480208479,299.33218924228566,1.5,16
1453.0,2,charge,0.8313492396669036,4.16310366225389,302.3628669606118,2.5,16
1453.0,3,charge,0.8810289234783325,4.152991010956775,299.6935856515097,1.5,16
1454.0,1,charge,0.9004800869831087,4.152941631871445,299.3323307561303,1.5,16
1454.0,2,charge,0.8315220381792306,4.16316232678205,302.3628705708426,2.5,16
1454.0,3,charge,0.8811374835328033,4.152966677712548,299.6937235207507,1.5,16
1455.0,1,charge,0.900577954055583,4.152980010933048,299.3324722750793,1.5,16
1455.0,2,charge,0.8316948366915606,4.163220804956181,302.3628742685678,2.5,16
1455.0,3,charge,0.8812460435872717,4.152944781319574,299.6938612161403,1.5,16
1456.0,1,charge,0.9006758211280593,4.153018614160626,299.33261379975454,1.5,16
1456.0,2,charge,0.8318676352038925,4.16327909741271,302.36287805378737,2.5,16
1456.0,3,charge,0.8813546036417425,4.1529251618355145,299.69399874479313,1.5,16
1457.0,1,charge,0.9007736882005338,4.153057440176941,299.332755330498,1.5,16
1457.0,2,charge,0.8320404337162243,4.163337202402365,302.36288192756297,2.5,16
1457.0,3,charge,0.8814631636962128,4.1529076822758,299.69413611350467,1.5,16
1458.0,1,charge,0.9008715552730079,4.153096487079064,299.3328968677288,1.5,16
1458.0,2,charge,0.832213232228554,4.163395121213442,302.3628858896251,2.5,16
1458.0,3,charge,0.881571723750678,4.152892215880768,299.6942733288041,1.5,16
1459.0,1,charge,0.9009694223454824,4.153135753287304,299.33303841181333,1.5,16
1459.0,2,charge,0.8323860307408858,4.16345285509979,302.3628899397211,2.5,16
1459.0,3,charge,0.8816802838051486,4.152878650376656,299.6944103969502,1.5,16
1460.0,1,charge,0.9010672894179592,4.153175236765786,299.3331799631894,1.5,16
1460.0,2,charge,0.8325588292532137,4.163510404754762,302.362894077851,2.5,16
1460.0,3,charge,0.8817888438596189,4.1528668857534745,299.6945473239478,1.5,16
1461.0,1,charge,0.9011651564904332,4.153214935903595,299.33332152222755,1.5,16
1461.0,2,charge,0.832731627765543,4.163567769485143,302.3628983046012,2.5,16
1461.0,3,charge,0.8818974039140898,4.1528568320831045,299.6946841155629,1.5,16
1462.0,1,charge,0.9012630235629128,4.153254849705693,299.3334630892021,1.5,16
1462.0,2,charge,0.8329044262778748,4.163624948571401,302.3629026205812,2.5,16
1462.0,3,charge,0.882005963968558,4.152848408526683,299.69482077733335,1.5,16
1463.0,1,charge,0.9013608906353896,4.153294976187912,299.3336046645388,1.5,16
1463.0,2,charge,0.8330772247902073,4.163681944009971,302.3629070252675,2.5,16
1463.0,3,charge,0.8821145240230281,4.152841540234098,299.69495731458625,1.5,16
1464.0,1,charge,0.9014587577078641,4.153335314075429,299.3337462485534,1.5,16
1464.0,2,charge,0.8332500233025391,4.163738756453958,302.36291151870284,2.5,16
1464.0,3,charge,0.8822230840774989,4.152836159257752,299.6950937324437,1.5,16
1465.0,1,charge,0.9015566247803382,4.15337586248367,299.3338878415008,1.5,16
1465.0,2,charge,0.8334228218148684,4.163795386569294,302.36291610093036,2.5,16
1465.0,3,charge,0.8823316441319697,4.152832200884148,299.6952300358408,1.5,16
1466.0,1,charge,0.9016544918528127,4.15341661970485,299.3340294437611,1.5,16
1466.0,2,charge,0.8335956203271959,4.163851835034814,302.36292077199306,2.5,16
1466.0,3,charge,0.8824402041864398,4.152829606377118,299.69536622952603,1.5,16
1467.0,1,charge,0.9017523589252889,4.153457584913858,299.33417105557834,1.5,16
1467.0,2,charge,0.8337684188395279,4.163908102542241,302.3629255319341,2.5,16
1467.0,3,charge,0.8825487642409104,4.152828319587479,299.695502318075,1.5,16
1468.0,1,charge,0.9018502259977633,4.153498757449011,299.33431267717134,1.5,16
1468.0,2,charge,0.8339412173518572,4.163964189796237,302.36293038079634,2.5,16
1468.0,3,charge,0.8826573242953789,4.152828288205349,299.69563830589794,1.5,16
1469.0,1,charge,0.9019480930702429,4.153540135825163,299.334454308883,1.5,16
1469.0,2,charge,0.8341140158641898,4.1640200970939,302.36293531881637,2.5,16
1469.0,3,charge,0.8827658843498496,4.152829463644316,299.6957741972389,1.5,16
1470.0,1,charge,0.9020459601427174,4.15358171885619,299.3345959510098,1.5,16
1470.0,2,charge,0.8342868143765215,4.164075823409627,302.3629403468505,2.5,16
1470.0,3,charge,0.8828744444043201,4.152831799326086,299.6959099961949,1.5,16
1471.0,1,charge,0.9021438272151937,4.153623505333904,299.33473760385033,1.5,16
1471.0,2,charge,0.8344596128888516,4.164131370829173,302.36294546432987,2.5,16
1471.0,3,charge,0.8829830044587906,4.152835252630762,299.69604570670714,1.5,16
1472.0,1,charge,0.9022416942876682,4.153665494027741,299.3348792677058,1.5,16
1472.0,2,charge,0.8346324114011784,4.164186740027722,302.3629506713394,2.5,16
1472.0,3,charge,0.8830915645132561,4.152839782572737,299.69618133258086,1.5,16
1473.0,1,charge,0.9023395613601423,4.153707685479636,299.3350209426088,1.5,16
1473.0,2,charge,0.8348052099135105,4.164241931694631,302.3629559679639,2.5,16
1473.0,3,charge,0.8832001245677268,4.152845350927523,299.6963168774805,1.5,16
1474.0,1,charge,0.9024374284326168,4.1537500782780485,299.33516262888645,1.5,16
1474.0,2,charge,0.8349780084258402,4.164296946533456,302.36296135428825,2.5,16
1474.0,3,charge,0.8833086846221969,4.152851921373103,299.69645234494175,1.5,16
1475.0,1,charge,0.902535295505093,4.153792671224204,299.3353043268322,1.5,16
1475.0,2,charge,0.835150806938172,4.164351785261909,302.3629668303973,2.5,16
1475.0,3,charge,0.8834172446766654,4.1528594593868755,299.6965877383702,1.5,16
1476.0,1,charge,0.9026331625775674,4.15383546339861,299.3354460366969,1.5,16
1476.0,2,charge,0.8353236054505038,4.164406448611887,302.3629723963759,2.5,16
1476.0,3,charge,0.8835258047311362,4.152867932151576,299.69672306105736,1.5,16
1477.0,1,charge,0.9027310296500474,4.1538784538926095,299.33558775872854,1.5,16
1477.0,2,charge,0.8354964039628339,4.164460937329492,302.36297805230896,2.5,16
1477.0,3,charge,0.8836343647856063,4.152877308222254,299.6968583161814,1.5,16
1478.0,1,charge,0.9028288967225218,4.153921641970566,299.3357294931483,1.5,16
1478.0,2,charge,0.8356692024751656,4.164515251684332,302.36298379867225,2.5,16
1478.0,3,charge,0.8837429248400771,4.152887558445173,299.69699350679093,1.5,16
1479.0,1,charge,0.902926763794998,4.153965028126519,299.33587123999376,1.5,16
1479.0,2,charge,0.8358420009874927,4.164569392748067,302.3629896353181,2.5,16
1479.0,3,charge,0.8838514848945479,4.152898654408049,299.6971286358395,1.5,16
1480.0,1,charge,0.9030246308674725,4.154008610964568,299.33601299958315,1.5,16
1480.0,2,charge,0.8360147994998225,4.1646233613140335,302.36299556232984,2.5,16
1480.0,3,charge,0.8839600449490179,4.152910568296439,299.69726370619134,1.5,16
1481.0,1,charge,0.9031224979399464,4.154052389881096,299.3361547721157,1.5,16
1481.0,2,charge,0.8361875980121546,4.164677158168621,302.3630015798075,2.5,16
1481.0,3,charge,0.8840686050034887,4.15292327368994,299.69739872060666,1.5,16
1482.0,1,charge,0.9032203650124211,4.154096364309742,299.3362965577845,1.5,16
1482.0,2,charge,0.8363603965244863,4.164730784112724,302.3630076878515,2.5,16
1482.0,3,charge,0.8841771650579571,4.152936748071756,299.6975336817029,1.5,16
1483.0,1,charge,0.9033182320848973,4.154140533721495,299.3364383567761,1.5,16
1483.0,2,charge,0.8365331950368161,4.164784239961691,302.363013886562,2.5,16
1483.0,3,charge,0.884285725112428,4.1529509662775705,299.6976685920691,1.5,16
1484.0,1,charge,0.9034160991573718,4.154184897695014,299.3365801692615,1.5,16
1484.0,2,charge,0.8367059935491479,4.164837526545364,302.3630201760393,2.5,16
1484.0,3,charge,0.8843942851668982,4.152965905006415,299.69780345419076,1.5,16
1485.0,1,charge,0.9035139662298514,4.15422945587434,299.3367219954018,1.5,16
1485.0,2,charge,0.8368787920614758,4.164890644708009,302.3630265563835,2.5,16
1485.0,3,charge,0.8845028452213688,4.152981543335213,299.69793827044424,1.5,16
1486.0,1,charge,0.9036118333023258,4.154274207807058,299.3368638353693,1.5,16
1486.0,2,charge,0.8370515905738051,4.164943595608857,302.36303302771205,2.5,16
1486.0,3,charge,0.8846114052758344,4.152997861413666,299.69807304312116,1.5,16
1487.0,1,charge,0.9037097003748028,4.154319153147225,299.337005689321,1.5,16
1487.0,2,charge,0.8372243890861368,4.164996380073452,302.36303959012247,2.5,16
1487.0,3,charge,0.8847199653303051,4.153014838613816,299.698207774463,1.5,16
1488.0,1,charge,0.9038075674472769,4.154364291590074,299.3371475574073,1.5,16
1488.0,2,charge,0.8373971875984694,4.165048998899657,302.36304624370985,2.5,16
1488.0,3,charge,0.8848285253847752,4.153032455750847,299.69834246662487,1.5,16
1489.0,1,charge,0.9039054345197514,4.154409622872221,299.3372894397716,1.5,16
1489.0,2,charge,0.8375699861108011,4.16510145300523,302.36305298857553,2.5,16
1489.0,3,charge,0.8849370854392435,4.1530506956919195,299.69847712165785,1.5,16
1490.0,1,charge,0.9040033015922275,4.15445514637043,299.3374313366128,1.5,16
1490.0,2,charge,0.8377427846231305,4.165153743322209,302.36305982482065,2.5,16
1490.0,3,charge,0.8850456454937143,4.153069540732384,299.69861174157546,1.5,16
1491.0,1,charge,0.9041011686647019,4.154500861859945,299.3375732480675,1.5,16
1491.0,2,charge,0.837915583135458,4.1652058707969,302.3630667525464,2.5,16
1491.0,3,charge,0.8851542055481846,4.153088974324467,299.69874632831284,1.5,16
1492.0,1,charge,0.9041990357371815,4.154546769213322,299.3377151742572,1.5,16
1492.0,2,charge,0.83808838164779,4.1652578363898645,302.3630737718539,2.5,16
1492.0,3,charge,0.8852627656026554,4.153108980589373,299.6988808837353,1.5,16
1493.0,1,charge,0.9042969028096561,4.154592868231747,299.337857115314,1.5,16
1493.0,2,charge,0.8382611801601193,4.165309641075847,302.3630808828443,2.5,16
1493.0,3,charge,0.8853713256571261,4.153129544265456,299.69901540963957,1.5,16
1494.0,1,charge,0.9043947698821326,4.154639158748776,299.33799907136466,1.5,16
1494.0,2,charge,0.8384339786724518,4.1653612861122475,302.36308808558596,2.5,16
1494.0,3,charge,0.8854798857115969,4.153150650692178,299.6991499077718,1.5,16
1495.0,1,charge,0.9044926369546071,4.154685640611708,299.3381410425336,1.5,16
1495.0,2,charge,0.8386067771847836,4.165412772703034,302.36309538015473,2.5,16
1495.0,3,charge,0.885588445766067,4.153172285732549,299.69928437981685,1.5,16
1496.0,1,charge,0.904590504027081,4.1547323131465665,299.33828302902435,1.5,16
1496.0,2,charge,0.8387795756971137,4.165464101623037,302.36310276668166,2.5,16
1496.0,3,charge,0.8856970058205352,4.153194435951809,299.6994188273913,1.5,16
1497.0,1,charge,0.9046883710995555,4.154779176500424,299.3384250309146,1.5,16
1497.0,2,charge,0.8389523742094455,4.165515273925857,302.3631102452648,2.5,16
1497.0,3,charge,0.8858055658750061,4.153217088222995,299.6995532520673,1.5,16
1498.0,1,charge,0.9047862381720319,4.154826230540286,299.33856704832476,1.5,16
1498.0,2,charge,0.8391251727217726,4.1655662906790045,302.3631178160025,2.5,16
1498.0,3,charge,0.8859141259294764,4.153240229851832,299.6996876553653,1.5,16
1499.0,1,charge,0.9048841052445064,4.154873475156347,299.3387090813712,1.5,16
1499.0,2,charge,0.8392979712341023,4.1656171529639145,302.36312547899297,2.5,16
1499.0,3,charge,0.8860226859839471,4.153263848721477,299.69982203875117,1.5,16
1500.0,1,charge,0.904981972316986,4.1549209102619855,299.33885113016646,1.5,16
1500.0,2,charge,0.8394707697464343,4.165667861875852,302.3631332343345,2.5,16
1500.0,3,charge,0.8861312460384122,4.15328793364024,299.69995640363004,1.5,16
1501.0,1,charge,0.9050798393894603,4.154968535697756,299.33899319483396,1.5,16
1501.0,2,charge,0.8396435682587662,4.165718418523957,302.3631410821253,2.5,16
1501.0,3,charge,0.8862398060928826,4.1533124731549655,299.7000907513766,1.5,16
1502.0,1,charge,0.9051777064619366,4.155016351210781,299.3391352755109,1.5,16
1502.0,2,charge,0.8398163667710962,4.165768824130412,302.36314902245164,2.5,16
1502.0,3,charge,0.8863483661473534,4.153337456424169,299.70022508331544,1.5,16
1503.0,1,charge,0.9052755735344111,4.155064356864398,299.3392773722862,1.5,16
1503.0,2,charge,0.8399891652834279,4.165819080204697,302.36315705536674,2.5,16
1503.0,3,charge,0.8864569262018218,4.153362873366947,299.7003594007169,1.5,16
1504.0,1,charge,0.905373440606885,4.155112552608872,299.3394194852653,1.5,16
1504.0,2,charge,0.8401619637957556,4.1658691876096245,302.36316518100335,2.5,16
1504.0,3,charge,0.8865654862562925,4.153388714163634,299.7004937048131,1.5,16
1505.0,1,charge,0.9054713076793596,4.155160938412497,299.33956161455114,1.5,16
1505.0,2,charge,0.8403347623080848,4.165919147527909,302.36317339945714,2.5,16
1505.0,3,charge,0.8866740463107625,4.153414969229846,299.70062799679977,1.5,16
1506.0,1,charge,0.905569174751836,4.155209514261755,299.33970376024337,1.5,16
1506.0,2,charge,0.8405075608204169,4.165968961155761,302.3631817108241,2.5,16
1506.0,3,charge,0.8867826063652333,4.153441629447769,299.7007622778301,1.5,16
1507.0,1,charge,0.9056670418243105,4.155258280059886,299.33984592245406,1.5,16
1507.0,2,charge,0.8406803593327494,4.166018629702913,302.36319011520004,2.5,16
1507.0,3,charge,0.8868911664197042,4.153468686098251,299.70089654900937,1.5,16
1508.0,1,charge,0.9057649088967901,4.155307235792284,299.3399881012827,1.5,16
1508.0,2,charge,0.8408531578450812,4.166068154392651,302.36319861268083,2.5,16
1508.0,3,charge,0.8869997264741744,4.153496130763867,299.7010308114172,1.5,16
1509.0,1,charge,0.9058627759692645,4.155356381513202,299.34013029681773,1.5,16
1509.0,2,charge,0.8410259563574112,4.166117536461622,302.36320720336226,2.5,16
1509.0,3,charge,0.887108286528645,4.15352395537218,299.70116506609395,1.5,16
1510.0,1,charge,0.9059606430417405,4.155405717252283,299.3402725091513,1.5,16
1510.0,2,charge,0.841198754869738,4.166166777159971,302.3632158873403,2.5,16
1510.0,3,charge,0.8872168465831135,4.153552152106126,299.7012993140389,1.5,16
1511.0,1,charge,0.9060585101142152,4.155455243054966,299.34041473837306,1.5,16
1511.0,2,charge,0.84137155338207,4.166215878128559,302.36322466468266,2.5,16
1511.0,3,charge,0.8873254066375842,4.153580713439466,299.7014335562178,1.5,16
1512.0,1,charge,0.9061563771866891,4.155504958982247,299.34055698456973,1.5,16
1512.0,2,charge,0.8415443518944001,4.166264840410205,302.3632335355025,2.5,16
1512.0,3,charge,0.8874339666920543,4.153609632185727,299.70156779357364,1.5,16
1513.0,1,charge,0.9062542442591636,4.155554864974778,299.3406992478464,1.5,16
1513.0,2,charge,0.8417171504067319,4.166313665297428,302.3632424998954,2.5,16
1513.0,3,charge,0.8875425267465197,4.153638901395277,299.7017020270164,1.5,16
1514.0,1,charge,0.90635211133164,4.1556049611668415,299.3408415282783,1.5,16
1514.0,2,charge,0.8418899489190644,4.166362354107166,302.3632515579561,2.5,16
1514.0,3,charge,0.8876510868009904,4.153668514367325,299.70183625742834,1.5,16
1515.0,1,charge,0.9064499784041145,4.15565524764868,299.3409838259475,1.5,16
1515.0,2,charge,0.8420627474313938,4.166410908169519,302.3632607097795,2.5,16
1515.0,3,charge,0.8877596468554607,4.153698464651769,299.7019704856625,1.5,16
1516.0,1,charge,0.9065478454765941,4.155705724518996,299.34112614093414,1.5,16
1516.0,2,charge,0.8422355459437255,4.166459328827676,302.3632699554602,2.5,16
1516.0,3,charge,0.887868206909929,4.153728746282393,299.70210471249544,1.5,16
1517.0,1,charge,0.9066457125490684,4.155756391890115,299.3412684733164,1.5,16
1517.0,2,charge,0.8424083444560531,4.166507617437912,302.3632792950931,2.5,16
1517.0,3,charge,0.8879767669643999,4.153759353154462,299.702238938748,1.5,16
1518.0,1,charge,0.9067435796215447,4.155807249841064,299.3414108231771,1.5,16
1518.0,2,charge,0.8425811429683852,4.166555775369547,302.36328872877294,2.5,16
1518.0,3,charge,0.88808532701887,4.153790279494697,299.702373165192,1.5,16
1519.0,1,charge,0.9068414466940192,4.155858298345781,299.3415531906146,1.5,16
1519.0,2,charge,0.8427539414807151,4.166603804206522,302.3632982565913,2.5,16
1519.0,3,charge,0.8881938870733407,4.153821519716602,299.702507392577,1.5,16
1520.0,1,charge,0.9069393137664933,4.155909537628674,299.34169557568964,1.5,16
1520.0,2,charge,0.8429267399930469,4.166651705304503,302.3633078786436,2.5,16
1520.0,3,charge,0.8883024471278115,4.153853068405882,299.70264162163215,1.5,16
1521.0,1,charge,0.9070371808389678,4.155960967826387,299.3418379784757,1.5,16
1521.0,2,charge,0.843099538505379,4.166699480015927,302.36331759502553,2.5,16
1521.0,3,charge,0.8884110071822823,4.153884920745955,299.7027758530203,1.5,16
1522.0,1,charge,0.9071350479114446,4.156012589087849,299.3419803990446,1.5,16
1522.0,2,charge,0.8432723370177088,4.1667471297719345,302.36332740583157,2.5,16
1522.0,3,charge,0.8885195672367525,4.153917071972911,299.7029100873962,1.5,16
1523.0,1,charge,0.9072329149839242,4.156064401574774,299.34212283746587,1.5,16
1523.0,2,charge,0.8434451355300407,4.166794656016442,302.3633373111564,2.5,16
1523.0,3,charge,0.8886281272912233,4.1539495171085115,299.70304432543594,1.5,16
1524.0,1,charge,0.9073307820563987,4.156116405461728,299.34226529380675,1.5,16
1524.0,2,charge,0.8436179340423676,4.16684206020609,302.36334731109457,2.5,16
1524.0,3,charge,0.8887366873456917,4.1539822515441145,299.70317856777336,1.5,16
1525.0,1,charge,0.907428649128875,4.156168600936648,299.3424077681328,1.5,16
1525.0,2,charge,0.8437907325546977,4.166889343810185,302.36335740574077,2.5,16
1525.0,3,charge,0.8888452474001619,4.154015270815778,299.70331281502456,1.5,16
1526.0,1,charge,0.9075265162013496,4.1562209882010235,299.3425502605071,1.5,16
1526.0,2,charge,0.8439635310670295,4.166936508310727,302.3633675951896,2.5,16
1526.0,3,charge,0.8889538074546326,4.154048570628527,299.7034470677856,1.5,16
1527.0,1,charge,0.9076243832738236,4.156273567470249,299.3426927709905,1.5,16
1527.0,2,charge,0.844136329579362,4.16698355523638,302.3633778795363,2.5,16
1527.0,3,charge,0.8890623675090978,4.154082147334825,299.7035813265893,1.5,16
1528.0,1,charge,0.907722250346298,4.156326338866551,299.3428352996574,1.5,16
1528.0,2,charge,0.8443091280916912,4.167030486144112,302.36338825887685,2.5,16
1528.0,3,charge,0.8891709275635685,4.154115996850658,299.703715592004,1.5,16
1529.0,1,charge,0.9078201174187743,4.156379302545705,299.3429778465771,1.5,16
1529.0,2,charge,0.8444819266040231,4.167077302543385,302.3633987333055,2.5,16
1529.0,3,charge,0.8892794876180389,4.154150115464568,299.7038498645601,1.5,16
1530.0,1,charge,0.9079179844912488,4.156432458670175,299.3431204118179,1.5,16
1530.0,2,charge,0.8446547251163506,4.167124005979973,302.3634093029172,2.5,16
1530.0,3,charge,0.8893880476725097,4.154184499622973,299.70398414476944,1.5,16
1530.0,1,charge,0.9079179844912512,4.156432458670175,299.3431204118179,0.0,17
1530.0,1,charge,0.9079179844912488,4.108135680671756,299.3431204118179,0.0,17
1530.0,2,charge,0.8446547251163521,4.167124005979973,302.3634093029172,2.0,17
1530.0,2,charge,0.8446547251163506,4.155124882548803,302.3634093029172,2.0,17
1530.0,3,charge,0.8893880476725099,4.154184499622973,299.70398414476944,1.5,17
1530.0,3,charge,0.8893880476725097,4.154184499622973,299.70398414476944,1.5,17
1531.0,1,charge,0.9079179844912487,4.107332907516101,299.3429014547501,0.0,17
1531.0,2,charge,0.8447929639262155,4.1549691886230065,302.36318033837233,2.0,17
1531.0,3,charge,0.889496607726978,4.154219152804992,299.70411843351184,1.5,17
1532.0,1,charge,0.9079179844912487,4.106828417498088,299.3426825378645,0.0,17
1532.0,2,charge,0.8449312027360834,4.154867844976097,302.3629508632377,2.0,17
1532.0,3,charge,0.8896051677814482,4.154254058360822,299.70425273058345,1.5,17
1533.0,1,charge,0.9079179844912487,4.106444632850705,299.34246366115354,0.0,17
1533.0,2,charge,0.8450694415459438,4.154789034093921,302.3627209340977,2.0,17
1533.0,3,charge,0.889713727835919,4.154289217585703,299.70438703694936,1.5,17
1534.0,1,charge,0.9079179844912487,4.106125375111491,299.3422448246101,0.0,17
1534.0,2,charge,0.8452076803558092,4.154723292775888,302.3624905857132,2.0,17
1534.0,3,charge,0.8898222878903896,4.1543246292172125,299.7045213528242,1.5,17
1535.0,1,charge,0.9079179844912487,4.105847044062683,299.34202602822666,0.0,17
1535.0,2,charge,0.8453459191656763,4.154666521283106,302.3622598458038,2.0,17
1535.0,3,charge,0.8899308479448605,4.154360290836053,299.7046556786349,1.5,17
1536.0,1,charge,0.9079179844912487,4.1055977643032495,299.341807271996,0.0,17
1536.0,2,charge,0.8454841579755367,4.154616588657961,302.36202873813653,2.0,17
1536.0,3,charge,0.8900394079993307,4.154396198799988,299.70479001490844,1.5,17
1537.0,1,charge,0.9079179844912487,4.1053705252789126,299.34158855591056,0.0,17
1537.0,2,charge,0.8456223967854021,4.1545721784680465,302.3617972839086,2.0,17
1537.0,3,charge,0.8901479680538015,4.154432351138683,299.70492436197355,1.5,17
1538.0,1,charge,0.9079179844912487,4.105160881097131,299.34136987996317,0.0,17
1538.0,2,charge,0.8457606355952694,4.1545324179267125,302.36156550240605,2.0,17
1538.0,3,charge,0.8902565281082698,4.154468745722082,299.70505872017833,1.5,17
1539.0,1,charge,0.9079179844912487,4.104965757996084,299.34115124414643,0.0,17
1539.0,2,charge,0.8458988744051348,4.154496696753101,302.3613334113998,2.0,17
1539.0,3,charge,0.8903650881627401,4.154505379564188,299.7051930899638,1.5,17
1540.0,1,charge,0.9079179844912487,4.1047829053027876,299.34093264845285,0.0,17
1540.0,2,charge,0.8460371132149952,4.154464552679287,302.36110102745045,2.0,17
1540.0,3,charge,0.8904736482172108,4.1545422481804435,299.7053274719358,1.5,17
1541.0,1,charge,0.9079179844912487,4.104610664217612,299.3407140928752,0.0,17
1541.0,2,charge,0.846175352024863,4.1544356200464225,302.36086836610855,2.0,17
1541.0,3,charge,0.890582208271676,4.154579351511872,299.70546186620555,1.5,17
1542.0,1,charge,0.907917984491248,4.1044477546772065,299.34049557740605,0.0,17
1542.0,2,charge,0.8463135908347277,4.154409607549885,302.36063544204023,2.0,17
1542.0,3,charge,0.8906907683261467,4.154616689530818,299.70559627288117,1.5,17
1543.0,1,charge,0.9079179844912487,4.104293140357866,299.34027710203804,0.0,17
1543.0,2,charge,0.8464518296445881,4.15438627571886,302.36040226913616,2.0,17
1543.0,3,charge,0.890799328380617,4.154654256442271,299.7057306927109,1.5,17
1544.0,1,charge,0.9079179844912487,4.1041459792161294,299.34005866676387,0.0,17
1544.0,2,charge,0.846590068454456,4.154365422572771,302.3601688605935,2.0,17
1544.0,3,charge,0.8909078884350878,4.154692052676073,299.7058651257503,1.5,17
1545.0,1,charge,0.907917984491248,4.104005580997052,299.3398402715761,0.0,17
1545.0,2,charge,0.8467283072643206,4.154346876165055,302.3599352289753,2.0,17
1545.0,3,charge,0.8910164484895561,4.154730076570714,299.705999572287,1.5,17
1546.0,1,charge,0.907917984491248,4.103871363202943,299.3396219164674,0.0,17
1546.0,2,charge,0.8468665460741838,4.1543304871427,302.3597013862706,2.0,17
1546.0,3,charge,0.8911250085440263,4.154768324934837,299.7061340327766,1.5,17
1547.0,1,charge,0.907917984491248,4.103742827466187,299.33940360143043,0.0,17
1547.0,2,charge,0.8470047848840492,4.1543161251010785,302.3594673439321,2.0,17
1547.0,3,charge,0.8912335685984971,4.154806796431489,299.70626850746896,1.5,17
1548.0,1,charge,0.907917984491248,4.103619543583683,299.3391853264579,0.0,17
1548.0,2,charge,0.8471430236939138,4.154303669862448,302.35923311294977,2.0,17
1548.0,3,charge,0.8913421286529679,4.154845489199971,299.70640299667093,1.5,17
1549.0,1,charge,0.907917984491248,4.103501136357437,299.3389670915424,0.0,17
1549.0,2,charge,0.8472812625037767,4.154293013421862,302.35899870385674,2.0,17
1549.0,3,charge,0.8914506887074386,4.154884401708133,299.70653750065196,1.5,17
1550.0,1,charge,0.907917984491248,4.103387277507425,299.33874889667646,0.0,17
1550.0,2,charge,0.8474195013136421,4.154284059019079,302.35876412675066,2.0,17
1550.0,3,charge,0.8915592487619088,4.15492353196155,299.70667201973225,1.5,17
1551.0,1,charge,0.907917984491248,4.103277675994848,299.33853074185294,0.0,17
1551.0,2,charge,0.8475577401235074,4.154276718880968,302.3585293913212,2.0,17
1551.0,3,charge,0.8916678088163772,4.154962878394819,299.70680655418346,1.5,17
1552.0,1,charge,0.907917984491248,4.1031720716103575,299.33831262706434,0.0,17
1552.0,2,charge,0.8476959789333698,4.15427091283323,302.358294506872,2.0,17
1552.0,3,charge,0.8917763688708479,4.155002440063724,299.70694110420817,1.5,17
1553.0,1,charge,0.907917984491248,4.103070230951429,299.33809455230335,0.0,17
1553.0,2,charge,0.847834217743235,4.154266566874366,302.35805948234326,2.0,17
1553.0,3,charge,0.8918849289253182,4.155042215028085,299.7070756701179,1.5,17
1554.0,1,charge,0.907917984491248,4.1029719401046965,299.3378765175627,0.0,17
1554.0,2,charge,0.8479724565531006,4.154263612455823,302.3578243263301,2.0,17
1554.0,3,charge,0.8919934889797889,4.155082202061949,299.7072102521449,1.5,17
1555.0,1,charge,0.907917984491248,4.1028770079549215,299.3376585228349,0.0,17
1555.0,2,charge,0.8481106953629627,4.15426198507084,302.3575890471047,2.0,17
1555.0,3,charge,0.8921020490342543,4.155122400333144,299.7073448504774,1.5,17
1556.0,1,charge,0.907917984491248,4.102785253279462,299.3374405681127,0.0,17
1556.0,2,charge,0.8482489341728281,4.1542616250382105,302.35735365262315,2.0,17
1556.0,3,charge,0.8922106090887248,4.155162808180948,299.7074794653941,1.5,17
1557.0,1,charge,0.9079179844912487,4.102696517115525,299.3372226533888,0.0,17
1557.0,2,charge,0.8483871729826962,4.154262475568534,302.3571181505482,2.0,17
1557.0,3,charge,0.8923191691431951,4.155203424833154,299.70761409707563,1.5,17
1558.0,1,charge,0.9079179844912487,4.102610646371032,299.33700477865574,0.0,17
1558.0,2,charge,0.8485254117925566,4.154264483630585,302.35688254825726,2.0,17
1558.0,3,charge,0.8924277291976636,4.155244249683239,299.707748745684,1.5,17
1559.0,1,charge,0.9079179844912487,4.102527506113237,299.3367869439063,0.0,17
1559.0,2,charge,0.8486636506024212,4.154267599354234,302.35664685285116,2.0,17
1559.0,3,charge,0.8925362892521344,4.155285281295571,299.707883411471,1.5,17
1560.0,1,charge,0.9079179844912487,4.102446967550144,299.3365691491331,0.0,17
1560.0,2,charge,0.8488018894122891,4.154271775390704,302.3564110711748,2.0,17
1560.0,3,charge,0.8926448493066046,4.155326518535991,299.708018094655,1.5,17
1561.0,1,charge,0.9079179844912487,4.102368913257555,299.33635139432874,0.0,17
1561.0,2,charge,0.8489401282221495,4.154276967664507,302.35617520981407,2.0,17
1561.0,3,charge,0.8927534093610753,4.155367960248434,299.708152795456,1.5,17
1562.0,1,charge,0.9079179844912487,4.1022932327221735,299.33613367948595,0.0,17
1562.0,2,charge,0.8490783670320141,4.154283134037351,302.3559392751208,2.0,17
1562.0,3,charge,0.8928619694155461,4.155409605254647,299.7082875140954,1.5,17
1563.0,1,charge,0.9079179844912487,4.102219822171049,299.33591600459744,0.0,17
1563.0,2,charge,0.849216605841882,4.154290234899523,302.3557032732109,2.0,17
1563.0,3,charge,0.8929705294700169,4.155451454158304,299.70842225060164,1.5,17
1564.0,1,charge,0.907917984491248,4.102148584545972,299.3356983696558,0.0,17
1564.0,2,charge,0.8493548446517424,4.15429823253471,302.3554672099798,2.0,17
1564.0,3,charge,0.8930790895244871,4.155493505603881,299.7085570052144,1.5,17
1565.0,1,charge,0.9079179844912487,4.1020794279617725,299.3354807746537,0.0,17
1565.0,2,charge,0.849493083461607,4.15430709104324,302.3552310911072,2.0,17
1565.0,3,charge,0.8931876495789578,4.155535758444214,299.70869177815035,1.5,17
1566.0,1,charge,0.9079179844912487,4.102012266476525,299.3352632195839,0.0,17
1566.0,2,charge,0.8496313222714749,4.154316776190135,302.354994922079,2.0,17
1566.0,3,charge,0.8932962096334263,4.155578211815303,299.7088265695945,1.5,17
1567.0,1,charge,0.9079179844912487,4.101947018914309,299.335045704439,0.0,17
1567.0,2,charge,0.8497695610813354,4.15432725529067,302.35475870818465,2.0,17
1567.0,3,charge,0.8934047696878965,4.155620864864466,299.7089613797304,1.5,17
1568.0,1,charge,0.9079179844912487,4.1018836089459345,299.3348282292116,0.0,17
1568.0,2,charge,0.8499077998912,4.154338497807093,302.35452245449324,2.0,17
1568.0,3,charge,0.8935133297423672,4.155663716910812,299.7090962087223,1.5,17
1569.0,1,charge,0.9079179844912487,4.101821964603291,299.3346107938945,0.0,17
1569.0,2,charge,0.8500460387010679,4.154350473515012,302.3542861659417,2.0,17
1569.0,3,charge,0.8936218897968324,4.155706768517566,299.7092310566013,1.5,17
1570.0,1,charge,0.907917984491248,4.101762017627442,299.33439339848036,0.0,17
1570.0,2,charge,0.8501842775109283,4.154363153483181,302.3540498472903,2.0,17
1570.0,3,charge,0.8937304498513031,4.1557500183408385,299.7093659236015,1.5,17
1571.0,1,charge,0.907917984491248,4.101703703507306,299.3341760429618,0.0,17
1571.0,2,charge,0.8503225163207936,4.154376511699887,302.3538135030721,2.0,17
1571.0,3,charge,0.8938390099057734,4.155793465835959,299.70950080987126,1.5,17
1572.0,1,charge,0.907917984491248,4.101646960869015,299.3339587273315,0.0,17
1572.0,2,charge,0.8504607551306608,4.154390521785508,302.35357713771435,2.0,17
1572.0,3,charge,0.8939475699602443,4.155837110495938,299.70963571555404,1.5,17
1573.0,1,charge,0.907917984491248,4.10159173128722,299.3337414515822,0.0,17
1573.0,2,charge,0.8505989939405212,4.1544051583384,302.35334075549446,2.0,17
1573.0,3,charge,0.8940561300147126,4.155880951851653,299.709770640789,1.5,17
1574.0,1,charge,0.907917984491248,4.101537959798764,299.3335242157065,0.0,17
1574.0,2,charge,0.8507372327503858,4.154420397858448,302.35310436050975,2.0,17
1574.0,3,charge,0.8941646900691828,4.155924989541622,299.7099055857039,1.5,17
1575.0,1,charge,0.907917984491248,4.1014855932295955,299.3333070196972,0.0,17
1575.0,2,charge,0.8508754715602537,4.154436218220399,302.3528679567012,2.0,17
1575.0,3,charge,0.8942732501236536,4.155969223271616,299.7100405504195,1.5,17
1576.0,1,charge,0.907917984491248,4.101434580692295,299.3330898635469,0.0,17
1576.0,2,charge,0.8510137103701141,4.1544525971503035,302.35263154791306,2.0,17
1576.0,3,charge,0.8943818101781242,4.156013652650103,299.7101755350645,1.5,17
1577.0,1,charge,0.907917984491248,4.101384875672165,299.33287274724825,0.0,17
1577.0,2,charge,0.8511519491799794,4.1544695137497865,302.3523951378387,2.0,17
1577.0,3,charge,0.894490370232595,4.156058277392968,299.7103105397566,1.5,17
1578.0,1,charge,0.9079179844912487,4.101336431314685,299.33265567079405,0.0,17
1578.0,2,charge,0.8512901879898468,4.154486948516946,302.3521587300145,2.0,17
1578.0,3,charge,0.8945989302870652,4.156103097257703,299.7104455646088,1.5,17
1579.0,1,charge,0.907917984491248,4.101289203199846,299.3324386341769,0.0,17
1579.0,2,charge,0.8514284267997072,4.154504882167908,302.3519223278879,2.0,17
1579.0,3,charge,0.8947074903415335,4.156148112043603,299.710580609729,1.5,17
1580.0,1,charge,0.907917984491248,4.101243151217449,299.33222163738947,0.0,17
1580.0,2,charge,0.8515666656095726,4.154523296402839,302.3516859347778,2.0,17
1580.0,3,charge,0.8948160503960043,4.1561933211894475,299.71071567526474,1.5,17
1581.0,1,charge,0.907917984491248,4.101198234424118,299.3320046804245,0.0,17
1581.0,2,charge,0.8517049044194397,4.154542173659656,302.3514495538733,2.0,17
1581.0,3,charge,0.8949246104504747,4.15623872453016,299.71085076131976,1.5,17
1582.0,1,charge,0.907917984491248,4.101154414279533,299.3317877632747,0.0,17
1582.0,2,charge,0.8518431432293051,4.15456149705906,302.35121318826646,2.0,17
1582.0,3,charge,0.8950331705049454,4.156284322003912,299.71098586798576,1.5,17
1583.0,1,charge,0.9079179844912478,4.101111655167783,299.33157088593265,0.0,17
1583.0,2,charge,0.8519813820391655,4.15458125035926,302.3509768409438,2.0,17
1583.0,3,charge,0.8951417305594106,4.156330113475528,299.71112099536265,1.5,17
1584.0,1,charge,0.9079179844912478,4.101069921681773,299.33135404839123,0.0,17
1584.0,2,charge,0.8521196208490334,4.154601418012009,302.35074051478097,2.0,17
1584.0,3,charge,0.8952502906138813,4.156376098842561,299.7112561435463,1.5,17
1585.0,1,charge,0.9079179844912478,4.101029180276516,299.33113725064305,0.0,17
1585.0,2,charge,0.852257859658898,4.154621985078905,302.35050421255215,2.0,17
1585.0,3,charge,0.8953588506683515,4.156422278018649,299.7113913126308,1.5,17
1586.0,1,charge,0.9079179844912478,4.100989398998694,299.3309204926807,0.0,17
1586.0,2,charge,0.8523960984687584,4.154642937046181,302.3502679369496,2.0,17
1586.0,3,charge,0.89546741072282,4.156468650386777,299.71152650276764,1.5,17
1587.0,1,charge,0.9079179844912478,4.100950546965242,299.330703774497,0.0,17
1587.0,2,charge,0.8525343372786263,4.15466426001817,302.35003169056785,2.0,17
1587.0,3,charge,0.8955759707772907,4.156515216161997,299.7116617140175,1.5,17
1588.0,1,charge,0.9079179844912478,4.100912594573577,299.3304870960847,0.0,17
1588.0,2,charge,0.8526725760884909,4.154685940971378,302.34979547589523,2.0,17
1588.0,3,charge,0.8956845308317608,4.156561975275941,299.7117969464717,1.5,17
1589.0,1,charge,0.9079179844912478,4.1008755134378685,299.33027045743637,0.0,17
1589.0,2,charge,0.8528108148983513,4.154707966952768,302.34955929535823,2.0,17
1589.0,3,charge,0.8957930908862317,4.156608927683655,299.71193220021854,1.5,17
1590.0,1,charge,0.9079179844912478,4.100839276139007,299.3300538585448,0.0,17
1590.0,2,charge,0.8529490537082192,4.154730325613894,302.3493231512958,2.0,17
1590.0,3,charge,0.8959016509407025,4.156656073363612,299.71206747534376,1.5,17
1591.0,1,charge,0.9079179844912478,4.1008038563079925,299.3298372994026,0.0,17
1591.0,2,charge,0.853087292518084,4.15475300536301,302.3490870459492,2.0,17
1591.0,3,charge,0.8960102109951725,4.156703412222605,299.7122027719408,1.5,17
1592.0,1,charge,0.9079179844912478,4.10076922889102,299.3296207800026,0.0,17
1592.0,2,charge,0.853225531327947,4.154775994835806,302.34885098149925,2.0,17
1592.0,3,charge,0.8961187710496433,4.156750944069171,299.7123380901136,1.5,17
1593.0,1,charge,0.9079179844912454,4.100735369385381,299.3294043003374,0.0,17
1593.0,2,charge,0.8533637701378123,4.154799283143541,302.3486149600515,2.0,17
1593.0,3,charge,0.8962273311041118,4.15679866903412,299.71247342993047,1.5,17
1594.0,1,charge,0.9079179844912454,4.100702254307322,299.32918786039977,0.0,17
1594.0,2,charge,0.8535020089476777,4.154822859860124,302.3483789836334,2.0,17
1594.0,3,charge,0.8963358911585825,4.156846587133282,299.71260879147223,1.5,17
1595.0,1,charge,0.9079179844912454,4.100669861373525,299.3289714601824,0.0,17
1595.0,2,charge,0.8536402477575401,4.154846714975372,302.34814305420133,2.0,17
1595.0,3,charge,0.8964444512130528,4.156894698400838,299.71274417481754,1.5,17
1596.0,1,charge,0.9079179844912454,4.100638168773996,299.328755099678,0.0,17
1596.0,2,charge,0.8537784865674055,4.15487083885152,302.3479071736537,2.0,17
1596.0,3,charge,0.8965530112675233,4.15694300288922,299.7128795800429,1.5,17
1597.0,1,charge,0.9079179844912454,4.1006071556134085,299.3285387788793,0.0,17
1597.0,2,charge,0.8539167253772708,4.1548952222331925,302.3476713438183,2.0,17
1597.0,3,charge,0.8966615713219885,4.156991500568075,299.71301500723365,1.5,17
1598.0,1,charge,0.9079179844912454,4.100576801877578,299.32832249777897,0.0,17
1598.0,2,charge,0.8540549641871338,4.154919856223533,302.3474355664467,2.0,17
1598.0,3,charge,0.8967701313764589,4.1570401914871695,299.7131504564663,1.5,17
1599.0,1,charge,0.9079179844912453,4.100547088160734,299.3281062563698,0.0,17
1599.0,2,charge,0.8541932029969986,4.154944732259059,302.3471998432538,2.0,17
1599.0,3,charge,0.8968786914309297,4.157089075768021,299.7132859278091,1.5,17
1600.0,1,charge,0.9079179844912453,4.10051799579799,299.3278900546444,0.0,17
1600.0,2,charge,0.8543314418068665,4.154969842096851,302.34696417589237,2.0,17
1600.0,3,charge,0.8969872514853982,4.157138153506762,299.71342142133324,1.5,17
1601.0,1,charge,0.9079179844912454,4.100489506824134,299.3276738925956,0.0,17
1601.0,2,charge,0.8544696806167269,4.154995177795091,302.34672856596376,2.0,17
1601.0,3,charge,0.8970958115398688,4.157187424815328,299.7135569371078,1.5,17
1602.0,1,charge,0.9079179844912453,4.100461603852761,299.32745777021603,0.0,17
1602.0,2,charge,0.8546079194265923,4.155020731695155,302.3464930150202,2.0,17
1602.0,3,charge,0.8972043715943392,4.157236889821504,299.71369247520016,1.5,17
1603.0,1,charge,0.9079179844912454,4.100434270101621,299.3272416874985,0.0,17
1603.0,2,charge,0.8547461582364596,4.155046496777978,302.34625752448596,2.0,17
1603.0,3,charge,0.8973129316488099,4.157286548532861,299.71382803569037,1.5,17
1604.0,1,charge,0.9079179844912453,4.100407489342119,299.3270256444356,0.0,17
1604.0,2,charge,0.854884397046325,4.155072465886815,302.34602209582783,2.0,17
1604.0,3,charge,0.8974214917032807,4.157336401149153,299.71396361863776,1.5,17
1605.0,1,charge,0.9079179844912453,4.100381246129041,299.3268096410201,0.0,17
1605.0,2,charge,0.8550226358561854,4.155098632200491,302.34578673045,2.0,17
1605.0,3,charge,0.8975300517577515,4.157386447828333,299.7140992241058,1.5,17
1606.0,1,charge,0.9079179844912453,4.10035552538103,299.32659367724483,0.0,17
1606.0,2,charge,0.8551608746660533,4.15512498915998,302.3455514297094,2.0,17
1606.0,3,charge,0.8976386118122216,4.157436688736107,299.7142348521571,1.5,17
1607.0,1,charge,0.9079179844912453,4.100330312413519,299.3263777531024,0.0,17
1607.0,2,charge,0.8552991134759179,4.1551515304231765,302.34531619492446,2.0,17
1607.0,3,charge,0.89774717186669,4.157487124051913,299.7143705028528,1.5,17
1608.0,1,charge,0.9079179844912451,4.100305593052193,299.3261618685856,0.0,17
1608.0,2,charge,0.8554373522857783,4.155178250255527,302.3450810273055,2.0,17
1608.0,3,charge,0.8978557319211607,4.157537753923317,299.714506176257,1.5,17
1609.0,1,charge,0.9079179844912451,4.100281353671194,299.32594602368704,0.0,17
1609.0,2,charge,0.8555755910956462,4.155205143106118,302.34484592803,2.0,17
1609.0,3,charge,0.897964291975631,4.157588578388047,299.7146418724454,1.5,17
1610.0,1,charge,0.9079179844912451,4.10025758158551,299.32573021839966,0.0,17
1610.0,2,charge,0.855713829905511,4.15523220318618,302.344610898319,2.0,17
1610.0,3,charge,0.8980728520301017,4.157639597739276,299.71477759146654,1.5,17
1611.0,1,charge,0.9079179844912451,4.100234263768465,299.325514452716,0.0,17
1611.0,2,charge,0.855852068715374,4.155259425132491,302.3443759393173,2.0,17
1611.0,3,charge,0.898181412084567,4.1576908121809115,299.7149133333782,1.5,17
1612.0,1,charge,0.9079179844912451,4.1002113878572946,299.32529872662894,0.0,17
1612.0,2,charge,0.8559903075252393,4.155286803765745,302.3441410521369,2.0,17
1612.0,3,charge,0.8982899721390377,4.157742221929326,299.71504909823676,1.5,17
1613.0,1,charge,0.9079179844912451,4.100188941851723,299.32508304013106,0.0,17
1613.0,2,charge,0.8561285463351047,4.155314334196886,302.34390623783924,2.0,17
1613.0,3,charge,0.898398532193508,4.157793827213513,299.7151848860969,1.5,17
1614.0,1,charge,0.9079179844912451,4.100166914582415,299.3248673932152,0.0,17
1614.0,2,charge,0.8562667851449669,4.155342012266026,302.34367149736056,2.0,17
1614.0,3,charge,0.8985070922479763,4.157845628275646,299.71532069701215,1.5,17
1615.0,1,charge,0.9079179844912444,4.10014529495249,299.3246517858741,0.0,17
1615.0,2,charge,0.8564050239548325,4.155369833141254,302.34343683174956,2.0,17
1615.0,3,charge,0.8986156523024471,4.1578976253711515,299.71545653103414,1.5,17
1616.0,1,charge,0.9079179844912444,4.100124072068352,299.3244362181004,0.0,17
1616.0,2,charge,0.8565432627646978,4.155397792494241,302.343202241968,2.0,17
1616.0,3,charge,0.8987242123569172,4.157949818769121,299.71559238821334,1.5,17
1617.0,1,charge,0.9079179844912444,4.100103235482996,299.32422068988694,0.0,17
1617.0,2,charge,0.85668150157456,4.155425886162182,302.3429677289487,2.0,17
1617.0,3,charge,0.8988327724113881,4.158002208752722,299.71572826859824,1.5,17
1618.0,1,charge,0.9079179844912444,4.100082775084283,299.3240052012265,0.0,17
1618.0,2,charge,0.8568197403844254,4.155454110138896,302.34273329359604,2.0,17
1618.0,3,charge,0.8989413324658588,4.1580547955128795,299.71586417224717,1.5,17
1619.0,1,charge,0.9079179844912444,4.100062681247126,299.3237897521116,0.0,17
1619.0,2,charge,0.8569579791942907,4.155482460678648,302.34249893676986,2.0,17
1619.0,3,charge,0.8990498925203296,4.1581075792709745,299.71600009921485,1.5,17
1620.0,1,charge,0.9079179844912444,4.100042944600457,299.3235743425352,0.0,17
1620.0,2,charge,0.8570962180041537,4.155510934293897,302.3422646592848,2.0,17
1620.0,3,charge,0.8991584525747998,4.158160560257037,299.71613604955536,1.5,17
1620.0,1,charge,0.9079179844912458,4.100042944600457,299.3235743425352,0.0,18
1620.0,1,charge,0.9079179844912444,4.100042944600457,299.3235743425352,0.0,18
1620.0,2,charge,0.8570962180041547,4.155510934293897,302.3422646592848,2.0,18
1620.0,2,charge,0.8570962180041537,4.155510934293897,302.3422646592848,2.0,18
1620.0,3,charge,0.8991584525747978,4.158160560257037,299.71613604955536,1.5,18
1620.0,3,charge,0.8991584525747998,4.158160560257037,299.71613604955536,1.5,18
1621.0,1,charge,0.9079179844912444,4.100023561670408,299.32335897321155,0.0,18
1621.0,2,charge,0.8572344568140183,4.15553953337233,302.3420304655676,2.0,18
1621.0,3,charge,0.8992670126292681,4.1582137491150615,299.7162720312318,1.5,18
1622.0,1,charge,0.9079179844912444,4.1000045116723935,299.32314364274424,0.0,18
1622.0,2,charge,0.8573726956238864,4.155568243107237,302.3417963496423,2.0,18
1622.0,3,charge,0.8993755726837389,4.1582671317321225,299.71640803350607,1.5,18
1623.0,1,charge,0.9079179844912444,4.099985790607647,299.32292835176804,0.0,18
1623.0,2,charge,0.8575109344337466,4.1555970640787585,302.3415623156632,2.0,18
1623.0,3,charge,0.8994841327382093,4.158320708842514,299.71654405677,1.5,18
1624.0,1,charge,0.9079179844912443,4.099967391066523,299.3227131002815,0.0,18
1624.0,2,charge,0.8576491732436115,4.155625994921123,302.34132836388295,2.0,18
1624.0,3,charge,0.89959269279268,4.158374482264629,299.71668010207725,1.5,18
1625.0,1,charge,0.9079179844912443,4.099949306013366,299.3224978882891,0.0,18
1625.0,2,charge,0.8577874120534793,4.155655033192214,302.34109449511544,2.0,18
1625.0,3,charge,0.8997012528471452,4.15842845373178,299.71681617060955,1.5,18
1626.0,1,charge,0.9079179844912444,4.099931527793972,299.322282715789,0.0,18
1626.0,2,charge,0.8579256508633395,4.155684175319321,302.34086071025297,2.0,18
1626.0,3,charge,0.8998098129016152,4.158482623500789,299.71695226299664,1.5,18
1627.0,1,charge,0.9079179844912443,4.099914049187181,299.3220675827761,0.0,18
1627.0,2,charge,0.8580638896732051,4.15571341939168,302.3406270098169,2.0,18
1627.0,3,charge,0.899918372956086,4.15853699222071,299.71708837891055,1.5,18
1628.0,1,charge,0.9079179844912444,4.09989686254341,299.32185248924327,0.0,18
1628.0,2,charge,0.8582021284830724,4.155742763274733,302.34039339438675,2.0,18
1628.0,3,charge,0.9000269330105545,4.158591560554563,299.7172245182263,1.5,18
1629.0,1,charge,0.9079179844912443,4.099879961766577,299.3216374351846,0.0,18
1629.0,2,charge,0.8583403672929326,4.155772204038389,302.3401598646936,2.0,18
1629.0,3,charge,0.9001354930650253,4.158646327968425,299.71736068147675,1.5,18
1630.0,1,charge,0.9079179844912443,4.099863339405454,299.32142242059257,0.0,18
1630.0,2,charge,0.858478606102798,4.155801737728817,302.3399264216702,2.0,18
1630.0,3,charge,0.9002440531194953,4.158701295506645,299.7174968684942,1.5,18
1631.0,1,charge,0.9079179844912443,4.099846988499218,299.32120744545966,0.0,18
1631.0,2,charge,0.8586168449126653,4.155831363940999,302.33969306554707,2.0,18
1631.0,3,charge,0.9003526131739662,4.158756463956571,299.71763307922583,1.5,18
1632.0,1,charge,0.9079179844912441,4.099830902365088,299.32099250977865,0.0,18
1632.0,2,charge,0.8587550837225255,4.1558610825945,302.33945979649206,2.0,18
1632.0,3,charge,0.9004611732284368,4.15881183237353,299.7177693140024,1.5,18
1633.0,1,charge,0.9079179844912441,4.099815074567816,299.32077761354185,0.0,18
1633.0,2,charge,0.8588933225323909,4.155890888465406,302.33922661569693,2.0,18
1633.0,3,charge,0.900569733282907,4.158867401956762,299.7179055727128,1.5,18
1634.0,1,charge,0.9079179844912441,4.099799498996433,299.3205627567421,0.0,18
1634.0,2,charge,0.8590315613422582,4.155920781818609,302.338993523265,2.0,18
1634.0,3,charge,0.9006782933373778,4.1589231735091765,299.71804185532795,1.5,18
1635.0,1,charge,0.9079179844912441,4.09978416958136,299.320347939372,0.0,18
1635.0,2,charge,0.8591698001521236,4.155950761071121,302.33876051966894,2.0,18
1635.0,3,charge,0.9007868533918464,4.158979145976066,299.71817816210836,1.5,18
1636.0,1,charge,0.9079179844912441,4.099769080731546,299.3201331614245,0.0,18
1636.0,2,charge,0.859308038961984,4.155980823402056,302.3385276056309,2.0,18
1636.0,3,charge,0.9008954134463165,4.159035320619861,299.71831449296116,1.5,18
1637.0,1,charge,0.9079179844912441,4.099754226850438,299.3199184228923,0.0,18
1637.0,2,charge,0.8594462777718519,4.156010967555366,302.3382947815618,2.0,18
1637.0,3,charge,0.9010039735007871,4.159091698226245,299.7184508478663,1.5,18
1638.0,1,charge,0.9079179844912441,4.099739602688347,299.31970372376793,0.0,18
1638.0,2,charge,0.8595845165817165,4.156041191881619,302.33806204795434,2.0,18
1638.0,3,charge,0.9011125335552524,4.159148276898731,299.7185872271721,1.5,18
1639.0,1,charge,0.907917984491244,4.0997252027086315,299.31948906404443,0.0,18
1639.0,2,charge,0.8597227553915769,4.1560714950336894,302.337829405245,2.0,18
1639.0,3,charge,0.901221093609723,4.159205058108469,299.7187236307648,1.5,18
1640.0,1,charge,0.9079179844912441,4.09971102200838,299.31927444371445,0.0,18
1640.0,2,charge,0.8598609942014448,4.156101875250996,302.3375968539509,2.0,18
1640.0,3,charge,0.9013296536641935,4.159262042580477,299.71886005863286,1.5,18
1641.0,1,charge,0.907917984491244,4.099697055643988,299.31905986277087,0.0,18
1641.0,2,charge,0.8599992330113096,4.15613233125759,302.3373643944972,2.0,18
1641.0,3,charge,0.9014382137186642,4.159319230874685,299.71899651078746,1.5,18
1642.0,1,charge,0.9079179844912438,4.099683298518023,299.31884532120637,0.0,18
1642.0,2,charge,0.8601374718211724,4.1561628622157025,302.33713202722527,2.0,18
1642.0,3,charge,0.9015467737731326,4.15937662355007,299.7191329872395,1.5,18
1643.0,1,charge,0.907917984491244,4.099669746169555,299.3186308190137,0.0,18
1643.0,2,charge,0.860275710631038,4.156193466490759,302.3368997526335,2.0,18
1643.0,3,charge,0.9016553338276034,4.159434221164682,299.71926948800024,1.5,18
1644.0,1,charge,0.9079179844912438,4.099656394026258,299.31841635618576,0.0,18
1644.0,2,charge,0.8604139494409033,4.1562241431893785,302.3366675710773,2.0,18
1644.0,3,charge,0.9017638938820736,4.159492024275659,299.71940601308063,1.5,18
1645.0,1,charge,0.9079179844912438,4.099643237598718,299.3182019327152,0.0,18
1645.0,2,charge,0.8605521882507655,4.156254891582035,302.33643548288217,2.0,18
1645.0,3,charge,0.9018724539365442,4.159550031790636,299.71954256271687,1.5,18
1646.0,1,charge,0.9079179844912438,4.099630272673229,299.3179875485949,0.0,18
1646.0,2,charge,0.8606904270606309,4.156285710346941,302.3362034884901,2.0,18
1646.0,3,charge,0.9019810139910152,4.159608244025018,299.719679136951,1.5,18
1647.0,1,charge,0.9079179844912438,4.099617495105255,299.3177732038175,0.0,18
1647.0,2,charge,0.8608286658704962,4.1563165990939,302.3359715881643,2.0,18
1647.0,3,charge,0.9020895740454853,4.1596666622147325,299.7198157356994,1.5,18
1648.0,1,charge,0.9079179844912438,4.0996049008958,299.3175588983759,0.0,18
1648.0,2,charge,0.8609669046803586,4.156347557251601,302.33573978220437,2.0,18
1648.0,3,charge,0.902198134099956,4.1597252867697705,299.7199523589912,1.5,18
1649.0,1,charge,0.9079179844912438,4.099592485890854,299.31734463226286,0.0,18
1649.0,2,charge,0.861105143490224,4.156378583774285,302.33550807100335,2.0,18
1649.0,3,charge,0.9023066941544245,4.159784118097636,299.7200890068555,1.5,18
1650.0,1,charge,0.9079179844912438,4.0995802464122715,299.3171304054711,0.0,18
1650.0,2,charge,0.8612433823000895,4.156409677836915,302.33527645491296,2.0,18
1650.0,3,charge,0.9024152542088947,4.159843156603269,299.72022567932163,1.5,18
1651.0,1,charge,0.9079179844912438,4.0995681788145415,299.31691621799354,0.0,18
1651.0,2,charge,0.8613816211099523,4.156440838609274,302.3350449342872,2.0,18
1651.0,3,charge,0.9025238142633654,4.159902402689104,299.72036237641856,1.5,18
1652.0,1,charge,0.9079179844912437,4.099556279589029,299.3167020698228,0.0,18
1652.0,2,charge,0.8615198599198169,4.156472065411267,302.334813509453,2.0,18
1652.0,3,charge,0.9026323743178306,4.159961856474903,299.72049909822204,1.5,18
1653.0,1,charge,0.9079179844912437,4.099544545154769,299.3164879609518,0.0,18
1653.0,2,charge,0.8616580987296824,4.1565033591432305,302.33458218043387,2.0,18
1653.0,3,charge,0.9027409343723013,4.160021517801914,299.7206358448525,1.5,18
1654.0,1,charge,0.9079179844912438,4.099532971748946,299.3162738913732,0.0,18
1654.0,2,charge,0.8617963375395452,4.1565347183552115,302.3343509477075,2.0,18
1654.0,3,charge,0.9028494944267716,4.160081387494407,299.72077261626725,1.5,18
1655.0,1,charge,0.9079179844912437,4.099521556368673,299.31605986108,0.0,18
1655.0,2,charge,0.8619345763494098,4.156566142528006,302.33411981157377,2.0,18
1655.0,3,charge,0.9029580544812423,4.160141465894194,299.72090941250303,1.5,18
1656.0,1,charge,0.9079179844912438,4.099510295865695,299.3158458700647,0.0,18
1656.0,2,charge,0.8620728151592753,4.156597631166629,302.3338887723292,2.0,18
1656.0,3,charge,0.9030666145357108,4.160201753339828,299.7210462335967,1.5,18
1657.0,1,charge,0.9079179844912437,4.099499187207433,299.3156319183203,0.0,18
1657.0,2,charge,0.8622110539691381,4.156629183800026,302.33365783026693,2.0,18
1657.0,3,charge,0.9031751745901817,4.160262250166594,299.72118307958493,1.5,18
1658.0,1,charge,0.9079179844912437,4.099488227023185,299.31541800583955,0.0,18
1658.0,2,charge,0.862349292779003,4.156660800626753,302.3334269855532,2.0,18
1658.0,3,charge,0.9032837346446518,4.1603229567063895,299.72131995050455,1.5,18
1659.0,1,charge,0.9079179844912437,4.099477412281102,299.31520413261524,0.0,18
1659.0,2,charge,0.8624875315888708,4.1566924816827715,302.3331962383867,2.0,18
1659.0,3,charge,0.9033922946991224,4.160383873292304,299.7214568463927,1.5,18
1660.0,1,charge,0.9079179844912437,4.099466740282169,299.3149902986401,0.0,18
1660.0,2,charge,0.862625770398731,4.156724226419183,302.33296558907927,2.0,18
1660.0,3,charge,0.9035008547535933,4.160445000488181,299.7215937673027,1.5,18
1661.0,1,charge,0.9079179844912437,4.099456208261229,299.31477650390707,0.0,18
1661.0,2,charge,0.8627640092085966,4.156756034693563,302.33273503786626,2.0,18
1661.0,3,charge,0.9036094148080634,4.160506338468114,299.7217307132609,1.5,18
1662.0,1,charge,0.9079179844912437,4.099445813546167,299.3145627484088,0.0,18
1662.0,2,charge,0.8629022480184637,4.1567879064097255,302.33250458497514,2.0,18
1662.0,3,charge,0.9037179748625342,4.160567887562256,299.72186768430515,1.5,18
1663.0,1,charge,0.9079179844912436,4.099435553041506,299.3143490321382,0.0,18
1663.0,2,charge,0.8630404868283241,4.156819841519225,302.33227423062567,2.0,18
1663.0,3,charge,0.9038265349170027,4.160629648097306,299.7220046804728,1.5,18
1664.0,1,charge,0.9079179844912436,4.099425424368965,299.314135355088,0.0,18
1664.0,2,charge,0.8631787256381895,4.15685184014404,302.3320439750085,2.0,18
1664.0,3,charge,0.9039350949714735,4.160691620396562,299.7221417018016,1.5,18
1665.0,1,charge,0.9079179844912436,4.099415425021059,299.313921717251,0.0,18
1665.0,2,charge,0.863316964448057,4.156883902279979,302.3318138183363,2.0,18
1665.0,3,charge,0.9040436550259439,4.160753804779898,299.7222787483291,1.5,18
1666.0,1,charge,0.9079179844912436,4.099405552557958,299.31370811862,0.0,18
1666.0,2,charge,0.8634552032579222,4.156916028036093,302.3315837608024,2.0,18
1666.0,3,charge,0.9041522150804145,4.1608162015636925,299.72241582009275,1.5,18
1667.0,1,charge,0.9079179844912428,4.099395804542416,299.3134945591879,0.0,18
1667.0,2,charge,0.8635934420677827,4.156948217569357,302.33135380259216,2.0,18
1667.0,3,charge,0.9042607751348798,4.16087881150394,299.7225529171087,1.5,18
1668.0,1,charge,0.9079179844912428,4.0993861784380226,299.3132810389474,0.0,18
1668.0,2,charge,0.8637316808776498,4.156980471084598,302.3311239438831,2.0,18
1668.0,3,charge,0.9043693351893498,4.160941634848721,299.7226900394176,1.5,18
1669.0,1,charge,0.9079179844912428,4.099376672088889,299.31306755789143,0.0,18
1669.0,2,charge,0.8638699196875151,4.157012788628969,302.33089418488504,2.0,18
1669.0,3,charge,0.9044778952438206,4.161004671796653,299.7228271870623,1.5,18
1670.0,1,charge,0.9079179844912428,4.099367283282936,299.31285411601266,0.0,18
1670.0,2,charge,0.8640081584973757,4.1570451702652464,302.3306645258064,2.0,18
1670.0,3,charge,0.9045864552982891,4.16106792268183,299.72296436007895,1.5,18
1671.0,1,charge,0.9079179844912428,4.0993580098752,299.31264071330395,0.0,18
1671.0,2,charge,0.8641463973072435,4.1570776164224785,302.3304349667844,2.0,18
1671.0,3,charge,0.9046950153527599,4.161131387834937,299.7231015585037,1.5,18
1672.0,1,charge,0.9079179844912428,4.099348849653229,299.31242734975814,0.0,18
1672.0,2,charge,0.8642846361171084,4.157110127406628,302.3302055079822,2.0,18
1672.0,3,charge,0.90480357540723,4.161195067583376,299.7232387823726,1.5,18
1673.0,1,charge,0.9079179844912428,4.099339800508284,299.31221402536806,0.0,18
1673.0,2,charge,0.8644228749269686,4.157142703562525,302.32997614955656,2.0,18
1673.0,3,charge,0.9049121354617009,4.1612589622510745,299.72337603172195,1.5,18
1674.0,1,charge,0.9079179844912428,4.099330860500297,299.31200074012645,0.0,18
1674.0,2,charge,0.8645611137368364,4.157175345273685,302.3297468916578,2.0,18
1674.0,3,charge,0.9050206955161716,4.161323072395419,299.7235133065758,1.5,18
1675.0,1,charge,0.9079179844912428,4.099322027687638,299.3117874940261,0.0,18
1675.0,2,charge,0.8646993525467015,4.157208052502932,302.3295177345204,2.0,18
1675.0,3,charge,0.9051292555706424,4.161387398583737,299.7236506069578,1.5,18
1676.0,1,charge,0.9079179844912428,4.099313300187932,299.31157428705995,0.0,18
1676.0,2,charge,0.8648375913565639,4.157240825831228,302.3292886782584,2.0,18
1676.0,3,charge,0.9052378156251125,4.161451940899215,299.7237879329158,1.5,18
1677.0,1,charge,0.9079179844912428,4.09930467596204,299.3113611192207,0.0,18
1677.0,2,charge,0.8649758301664295,4.157273665697663,302.3290597230154,2.0,18
1677.0,3,charge,0.905346375679581,4.161516699682862,299.72392528448444,1.5,18
1678.0,1,charge,0.9079179844912428,4.099296153269512,299.3111479905013,0.0,18
1678.0,2,charge,0.8651140689762944,4.157306572547069,302.32883086893486,2.0,18
1678.0,3,charge,0.9054549357340517,4.161581675272461,299.72406266169844,1.5,18
1679.0,1,charge,0.9079179844912428,4.099287730363276,299.3109349008945,0.0,18
1679.0,2,charge,0.8652523077861568,4.157339546854015,302.3286021161558,2.0,18
1679.0,3,charge,0.905563495788522,4.161646868002493,299.7242000645925,1.5,18
1680.0,1,charge,0.9079179844912428,4.099279405534125,299.31072185039307,0.0,18
1680.0,2,charge,0.8653905465960224,4.157372589030492,302.3283734648307,2.0,18
1680.0,3,charge,0.9056720558429927,4.161712278204216,299.7243374932012,1.5,18
1681.0,1,charge,0.9079179844912428,4.099271177063985,299.3105088389899,0.0,18
1681.0,2,charge,0.8655287854058878,4.157405699444399,302.32814491512175,2.0,18
1681.0,3,charge,0.9057806158974581,4.161777906258008,299.7244749475571,1.5,18
1682.0,1,charge,0.9079179844912428,4.099263043072444,299.3102958666778,0.0,18
1682.0,2,charge,0.8656670242157497,4.157438878717283,302.32791646714276,2.0,18
1682.0,3,charge,0.9058891759519286,4.1618437529056145,299.7246124276786,1.5,18
1683.0,1,charge,0.9079179844912428,4.099255002085835,299.3100829334496,0.0,18
1683.0,2,charge,0.8658052630256153,4.157472127391989,302.32768812102427,2.0,18
1683.0,3,charge,0.905997736006399,4.161909818196582,299.72474993361106,1.5,18
1684.0,1,charge,0.9079179844912427,4.0992470525390825,299.3098700392981,0.0,18
1684.0,2,charge,0.8659435018354807,4.15750544603588,302.32745987689293,2.0,18
1684.0,3,charge,0.9061062960608673,4.16197610247344,299.72488746538835,1.5,18
1685.0,1,charge,0.9079179844912427,4.09923919291599,299.30965718421623,0.0,18
1685.0,2,charge,0.8660817406453426,4.157538835240787,302.32723173487193,2.0,18
1685.0,3,charge,0.906214856115338,4.162042606075521,299.72502502304405,1.5,18
1686.0,1,charge,0.9079179844912427,4.099231421749847,299.3094443681967,0.0,18
1686.0,2,charge,0.8662199794552082,4.157572295502177,302.3270036951047,2.0,18
1686.0,3,charge,0.9063234161698083,4.162109329339049,299.72516260661206,1.5,18
1687.0,1,charge,0.9079179844912428,4.099223737624277,299.30923159123233,0.0,18
1687.0,2,charge,0.8663582182650736,4.157605827473754,302.3267757577044,2.0,18
1687.0,3,charge,0.9064319762242791,4.162176272596984,299.72530021612613,1.5,18
1688.0,1,charge,0.9079179844912427,4.099216139174031,299.30901885331605,0.0,18
1688.0,2,charge,0.8664964570749357,4.157639431811573,302.32654792278515,2.0,18
1688.0,3,charge,0.9065405362787499,4.162243436179108,299.7254378516199,1.5,18
1689.0,1,charge,0.9079179844912427,4.099208625037123,299.3088061544407,0.0,18
1689.0,2,charge,0.8666346958848011,4.157673109177296,302.326320190461,2.0,18
1689.0,3,charge,0.9066490963332199,4.162310820728147,299.7255755131191,1.5,18
1690.0,1,charge,0.9079179844912427,4.099201193094045,299.30859349459894,0.0,18
1690.0,2,charge,0.8667729346946665,4.157706860254295,302.3260925608429,2.0,18
1690.0,3,charge,0.9067576563876906,4.162378426456875,299.7257132006603,1.5,18
1691.0,1,charge,0.9079179844912427,4.099193842544391,299.30838087378385,0.0,18
1691.0,2,charge,0.8669111735045287,4.15774068571668,302.3258650340445,2.0,18
1691.0,3,charge,0.9068662164421591,4.1624462536502245,299.7258509142782,1.5,18
1692.0,1,charge,0.9079179844912427,4.099186572112634,299.30816829198807,0.0,18
1692.0,2,charge,0.8670494123143943,4.157774586204408,302.32563761018787,2.0,18
1692.0,3,charge,0.9069747764966299,4.162514302644523,299.7259886540061,1.5,18
1693.0,1,charge,0.9079179844912427,4.099179380564282,299.3079557492046,0.0,18
1693.0,2,charge,0.8671876511242597,4.157808562496026,302.3254102893683,2.0,18
1693.0,3,charge,0.9070833365510999,4.162582573773046,299.72612641987723,1.5,18
1694.0,1,charge,0.9079179844912427,4.099172266706109,299.30774324542614,0.0,18
1694.0,2,charge,0.8673258899341223,4.157842615338876,302.3251830716885,2.0,18
1694.0,3,charge,0.9071918966055652,4.1626510673658546,299.726264211925,1.5,18
1695.0,1,charge,0.9079179844912427,4.09916522938652,299.30753078064555,0.0,18
1695.0,2,charge,0.8674641287439873,4.157876745499465,302.3249559572486,2.0,18
1695.0,3,charge,0.9073004566600358,4.162719783749845,299.7264020301825,1.5,18
1696.0,1,charge,0.9079179844912427,4.099158267495882,299.3073183548558,0.0,18
1696.0,2,charge,0.8676023675538553,4.157910953763438,302.3247289461461,2.0,18
1696.0,3,charge,0.907409016714506,4.162788723408432,299.72653987468095,1.5,18
1697.0,1,charge,0.9079179844912427,4.099151379966797,299.30710596804965,0.0,18
1697.0,2,charge,0.8677406063637155,4.157945240793835,302.324502038503,2.0,18
1697.0,3,charge,0.9075175767689745,4.162857886740917,299.72667774545226,1.5,18
1698.0,1,charge,0.9079179844912427,4.099144564838197,299.3068936202199,0.0,18
1698.0,2,charge,0.8678788451735804,4.157979607409621,302.3242752344123,2.0,18
1698.0,3,charge,0.9076261368234453,4.162927273964383,299.7268156425313,1.5,18
1699.0,1,charge,0.9079179844912427,4.099137821458342,299.30668131135945,0.0,18
1699.0,2,charge,0.8680170839834482,4.1580140544598105,302.3240485339621,2.0,18
1699.0,3,charge,0.9077346968779154,4.162996885409356,299.72695356595096,1.5,18
1700.0,1,charge,0.9079179844912428,4.099131148833038,299.3064690414611,0.0,18
1700.0,2,charge,0.8681553227933084,4.158048582777904,302.3238219372444,2.0,18
1700.0,3,charge,0.907843256932386,4.163066721403298,299.7270915157445,1.5,18
1701.0,1,charge,0.9079179844912427,4.099124545918928,299.3062568105179,0.0,18
1701.0,2,charge,0.8682935616031741,4.158083193215243,302.3235954443488,2.0,18
1701.0,3,charge,0.9079518169868569,4.163136782270507,299.7272294919449,1.5,18
1702.0,1,charge,0.9079179844912427,4.099118011698897,299.3060446185224,0.0,18
1702.0,2,charge,0.8684318004130411,4.158117886641108,302.3233690553623,2.0,18
1702.0,3,charge,0.908060377041327,4.163207068332147,299.7273674945853,1.5,18
1703.0,1,charge,0.9079179844912427,4.09911154518146,299.30583246546763,0.0,18
1703.0,2,charge,0.8685700392229015,4.158152663942985,302.3231427703693,2.0,18
1703.0,3,charge,0.9081689370957979,4.163277579962855,299.72750552369826,1.5,18
1704.0,1,charge,0.9079179844912427,4.099105145400271,299.3056203513464,0.0,18
1704.0,2,charge,0.868708278032767,4.158187526026858,302.32291658945184,2.0,18
1704.0,3,charge,0.9082774971502663,4.163348317678179,299.72764357931544,1.5,18
1705.0,1,charge,0.9079179844912427,4.099098811413549,299.3054082761516,0.0,18
1705.0,2,charge,0.8688465168426343,4.158222473817294,302.3226905126889,2.0,18
1705.0,3,charge,0.9083860572047371,4.163419281649625,299.72778166147094,1.5,18
1706.0,1,charge,0.9079179844912427,4.099092542153331,299.3051962398759,0.0,18
1706.0,2,charge,0.8689847556524997,4.158257508189747,302.32246454017,2.0,18
1706.0,3,charge,0.9084946172592071,4.163490472200267,299.72791977019784,1.5,18
1707.0,1,charge,0.9079179844912427,4.099086336659095,299.3049842425125,0.0,18
1707.0,2,charge,0.8691229944623599,4.158292629991561,302.32223867199116,2.0,18
1707.0,3,charge,0.9086031773136723,4.163561889650136,299.7280579055289,1.5,18
1708.0,1,charge,0.9079179844912427,4.099080194015295,299.304772284054,0.0,18
1708.0,2,charge,0.8692612332722279,4.158327840184765,302.32201290822695,2.0,18
1708.0,3,charge,0.908711737368143,4.163633534316142,299.72819606749704,1.5,18
1709.0,1,charge,0.9079179844912427,4.0990741132802295,299.3045603644934,0.0,18
1709.0,2,charge,0.8693994720820926,4.158363139691639,302.3217872489607,2.0,18
1709.0,3,charge,0.9088202974226134,4.163705406512039,299.72833425613544,1.5,18
1710.0,1,charge,0.9079179844912427,4.099068093517269,299.30434848382345,0.0,18
1710.0,2,charge,0.869537710891953,4.15839852943838,302.3215616942754,2.0,18
1710.0,3,charge,0.9089288574770842,4.163777506548496,299.72847247147695,1.5,18
1710.0,1,charge,0.9079179844912405,4.099068093517269,299.30434848382345,0.0,19
1710.0,1,charge,0.9079179844912427,4.099068093517269,299.30434848382345,0.0,19
1710.0,2,charge,0.8695377108919554,4.15839852943838,302.3215616942754,2.0,19
1710.0,2,charge,0.869537710891953,4.15839852943838,302.3215616942754,2.0,19
1710.0,3,charge,0.9089288574770844,4.163777506548496,299.72847247147695,0.0,19
1710.0,3,charge,0.9089288574770842,4.112354918380969,299.72847247147695,0.0,19
1711.0,1,charge,0.9079179844912427,4.099062143026938,299.30413664851676,0.0,19
1711.0,2,charge,0.8696759497018208,4.158434016230743,302.3213362795742,2.0,19
1711.0,3,charge,0.9089288574770842,4.111331315450679,299.7283388430911,0.0,19
1712.0,1,charge,0.9079179844912427,4.099056245107763,299.3039248474879,0.0,19
1712.0,2,charge,0.8698141885116857,4.158469592842846,302.321110956476,2.0,19
1712.0,3,charge,0.9089288574770817,4.1106994002893185,299.72820522601785,0.0,19
1713.0,1,charge,0.9079179844912426,4.099050403738323,299.3037130840317,0.0,19
1713.0,2,charge,0.8699524273215459,4.158505260596286,302.3208857270635,2.0,19
1713.0,3,charge,0.9089288574770842,4.1102245649950575,299.7280716202563,0.0,19
1714.0,1,charge,0.9079179844912426,4.099044619521825,299.303501359309,0.0,19
1714.0,2,charge,0.8700906661314137,4.158541021324815,302.3206605957171,2.0,19
1714.0,3,charge,0.9089288574770817,4.1098331002426125,299.72793802580526,0.0,19
1715.0,1,charge,0.9079179844912426,4.099038891274512,299.3032896732675,0.0,19
1715.0,2,charge,0.8702289049412789,4.158576876839981,302.3204355675692,2.0,19
1715.0,3,charge,0.9089288574770817,4.109494168152221,299.7278044426639,0.0,19
1716.0,1,charge,0.9079179844912426,4.099033218382234,299.3030780261022,0.0,19
1716.0,2,charge,0.8703671437511412,4.158612828074853,302.3202106450559,2.0,19
1716.0,3,charge,0.9089288574770817,4.109192300301865,299.7276708708312,0.0,19
1717.0,1,charge,0.9079179844912426,4.099027601250379,299.3028664176242,0.0,19
1717.0,2,charge,0.8705053825610068,4.158648876303023,302.3199858267986,2.0,19
1717.0,3,charge,0.9089288574770817,4.108918382983125,299.72753731030633,0.0,19
1718.0,1,charge,0.9079179844912426,4.099022038613638,299.3026548478977,0.0,19
1718.0,2,charge,0.8706436213708718,4.158685022790907,302.31976111233,2.0,19
1718.0,3,charge,0.9089288574770815,4.108666651385178,299.7274037610882,0.0,19
1719.0,1,charge,0.9079179844912426,4.099016528773294,299.30244331701067,0.0,19
1719.0,2,charge,0.8707818601807342,4.158721267952925,302.319536503555,2.0,19
1719.0,3,charge,0.9089288574770815,4.108433128065183,299.727270223176,0.0,19
1720.0,1,charge,0.9079179844912426,4.099011072821456,299.3022318248982,0.0,19
1720.0,2,charge,0.8709200989905997,4.15875761339645,302.31931199970876,2.0,19
1720.0,3,charge,0.9089288574770815,4.1082149065664755,299.7271366965686,0.0,19
1721.0,1,charge,0.9079179844912402,4.0990056697730655,299.30202037156766,0.0,19
1721.0,2,charge,0.8710583378004652,4.158794060433953,302.3190876006983,2.0,19
1721.0,3,charge,0.9089288574770815,4.108009851205436,299.72700318126516,0.0,19
1722.0,1,charge,0.9079179844912426,4.099000317136431,299.30180895703825,0.0,19
1722.0,2,charge,0.8711965766103273,4.1588306091844345,302.3188633074731,2.0,19
1722.0,3,charge,0.9089288574770815,4.107816318187892,299.72686967726474,0.0,19
1723.0,1,charge,0.9079179844912426,4.098995016344498,299.30159758129776,0.0,19
1723.0,2,charge,0.8713348154201928,4.158867261488356,302.31863911956833,2.0,19
1723.0,3,charge,0.9089288574770815,4.107632979506944,299.7267361845662,0.0,19
1724.0,1,charge,0.9079179844912402,4.098989766812105,299.30138624434284,0.0,19
1724.0,2,charge,0.871473054230058,4.158904018575131,302.3184150370078,2.0,19
1724.0,3,charge,0.9089288574770814,4.107458759298892,299.7266027031688,0.0,19
1725.0,1,charge,0.9079179844912426,4.098984565322956,299.30117494615143,0.0,19
1725.0,2,charge,0.8716112930399202,4.158940880607652,302.31819106033214,2.0,19
1725.0,3,charge,0.9089288574770815,4.107292778562487,299.72646923307155,0.0,19
1726.0,1,charge,0.9079179844912402,4.098979413111701,299.3009636867328,0.0,19
1726.0,2,charge,0.8717495318497859,4.158977849437391,302.3179671892671,2.0,19
1726.0,3,charge,0.9089288574770815,4.107134297692916,299.7263357742735,0.0,19
1727.0,1,charge,0.9079179844912402,4.098974309835635,299.30075246608516,0.0,19
1727.0,2,charge,0.8718877706596513,4.159014926197874,302.3177434238703,2.0,19
1727.0,3,charge,0.9089288574770814,4.106982685864635,299.7262023267735,0.0,19
1728.0,1,charge,0.9079179844912402,4.098969255153287,299.3005412842066,0.0,19
1728.0,2,charge,0.8720260094695139,4.159052110653821,302.31751976471145,2.0,19
1728.0,3,charge,0.9089288574770815,4.106837400365231,299.7260688905708,0.0,19
1729.0,1,charge,0.9079179844912402,4.098964248724458,299.30033014109523,0.0,19
1729.0,2,charge,0.8721642482793788,4.159089404811218,302.31729621152255,2.0,19
1729.0,3,charge,0.9089288574770815,4.106697969564982,299.72593546566435,0.0,19
1730.0,1,charge,0.9079179844912402,4.098959288011054,299.3001190367123,0.0,19
1730.0,2,charge,0.8723024870892442,4.159126809914501,302.31707276432195,2.0,19
1730.0,3,charge,0.9089288574770815,4.106563982319999,299.7258020520533,0.0,19
1731.0,1,charge,0.9079179844912402,4.098954373631544,299.29990797107195,0.0,19
1731.0,2,charge,0.8724407258991068,4.15916432721116,302.31684942312796,2.0,19
1731.0,3,charge,0.9089288574770815,4.106435075466299,299.7256686497365,0.0,19
1732.0,1,charge,0.9079179844912402,4.098949505107992,299.2996969441701,0.0,19
1732.0,2,charge,0.8725789647089717,4.1592019579518364,302.31662618795906,2.0,19
1732.0,3,charge,0.9089288574770815,4.10631092547607,299.7255352587132,0.0,19
1733.0,1,charge,0.9079179844912402,4.0989446819134105,299.2994859560014,0.0,19
1733.0,2,charge,0.8727172035188397,4.15923970339025,302.3164030588336,2.0,19
1733.0,3,charge,0.9089288574770815,4.106191243219554,299.7254018789824,0.0,19
1734.0,1,charge,0.9079179844912402,4.098939903522263,299.29927500656083,0.0,19
1734.0,2,charge,0.8728554423286999,4.1592775647831095,302.31618003576983,2.0,19
1734.0,3,charge,0.9089288574770815,4.106075764506338,299.725268510543,0.0,19
1735.0,1,charge,0.9079179844912402,4.098935169040001,299.299064095829,0.0,19
1735.0,2,charge,0.8729936811385646,4.159315541955808,302.3159571192956,2.0,19
1735.0,3,charge,0.9089288574770815,4.105964254295698,299.72513515339415,0.0,19
1736.0,1,charge,0.9079179844912402,4.098930477971312,299.29885322380176,0.0,19
1736.0,2,charge,0.8731319199484326,4.159353636758262,302.31573430921793,2.0,19
1736.0,3,charge,0.9089288574770817,4.105856490099114,299.7250018075349,0.0,19
1737.0,1,charge,0.9079179844912402,4.098925829836736,299.29864239047566,0.0,19
1737.0,2,charge,0.8732701587582928,4.159391850560464,302.31551160551646,2.0,19
1737.0,3,charge,0.9089288574770817,4.105752277863347,299.7248684729643,0.0,19
1738.0,1,charge,0.9079179844912402,4.098921224073486,299.29843159584385,0.0,19
1738.0,2,charge,0.8734083975681585,4.159430184545513,302.31528900823787,2.0,19
1738.0,3,charge,0.9089288574770817,4.1056514309102266,299.7247351496813,0.0,19
1739.0,1,charge,0.9079179844912402,4.098916660120214,299.29822083989967,0.0,19
1739.0,2,charge,0.8735466363780255,4.1594686398985425,302.31506651742905,2.0,19
1739.0,3,charge,0.9089288574770817,4.105553785701909,299.7246018376851,0.0,19
1740.0,1,charge,0.9079179844912402,4.098912137597736,299.29801012263334,0.0,19
1740.0,2,charge,0.8736848751878857,4.159507217806763,302.3148441331368,2.0,19
1740.0,3,charge,0.9089288574770815,4.105459186373528,299.72446853697465,0.0,19
1741.0,1,charge,0.9079179844912402,4.098907656045524,299.2977994440366,0.0,19
1741.0,2,charge,0.8738231139977514,4.1595459194593065,302.3146218554079,2.0,19
1741.0,3,charge,0.9089288574770817,4.105367491446836,299.72433524754894,0.0,19
1742.0,1,charge,0.9079179844912402,4.09890321483236,299.2975888041039,0.0,19
1742.0,2,charge,0.8739613528076188,4.159584745736497,302.3143996844303,2.0,19
1742.0,3,charge,0.9089288574770815,4.10527856806274,299.7242019694072,0.0,19
1743.0,1,charge,0.9079179844912402,4.098898813432548,299.2973782028278,0.0,19
1743.0,2,charge,0.8740995916174841,4.1596236977698755,302.3141776202774,2.0,19
1743.0,3,charge,0.9089288574770815,4.105192291768448,299.7240687025483,0.0,19
1744.0,1,charge,0.9079179844912402,4.098894451321726,299.2971676402012,0.0,19
1744.0,2,charge,0.8742378304273443,4.159662776891302,302.31395566293264,2.0,19
1744.0,3,charge,0.9089288574770815,4.105108546526191,299.7239354469713,0.0,19
1745.0,1,charge,0.9079179844912398,4.098890128146449,299.29695711621673,0.0,19
1745.0,2,charge,0.8743760692372117,4.159701984269037,302.31373381245464,2.0,19
1745.0,3,charge,0.9089288574770815,4.105027222630136,299.7238022026754,0.0,19
1746.0,1,charge,0.9079179844912402,4.09888584369636,299.29674663086735,0.0,19
1746.0,2,charge,0.874514308047077,4.159741321072674,302.31351206890196,2.0,19
1746.0,3,charge,0.9089288574770815,4.104948217876617,299.72366896965946,0.0,19
1747.0,1,charge,0.9079179844912402,4.098881597276128,299.2965361841456,0.0,19
1747.0,2,charge,0.8746525468569374,4.15978078847311,302.31329043233313,2.0,19
1747.0,3,charge,0.9089288574770815,4.104871435847038,299.7235357479226,0.0,19
1748.0,1,charge,0.9079179844912398,4.098877388412864,299.29632577604434,0.0,19
1748.0,2,charge,0.8747907856668052,4.159820387642452,302.3130689028069,2.0,19
1748.0,3,charge,0.9089288574770815,4.104796786207045,299.7234025374638,0.0,19
1749.0,1,charge,0.9079179844912398,4.098873216634846,299.2961154065561,0.0,19
1749.0,2,charge,0.8749290244766699,4.159860119815176,302.3128474803893,2.0,19
1749.0,3,charge,0.9089288574770814,4.10472418394567,299.7232693382822,0.0,19
1750.0,1,charge,0.9079179844912398,4.098869081534065,299.2959050756741,0.0,19
1750.0,2,charge,0.8750672632865303,4.159899986268184,302.31262616515176,2.0,19
1750.0,3,charge,0.9089288574770814,4.104653548601592,299.7231361503769,0.0,19
1751.0,1,charge,0.9079179844912398,4.09886498303962,299.2956947833918,0.0,19
1751.0,2,charge,0.8752055020963982,4.159939988093652,302.31240495714246,2.0,19
1751.0,3,charge,0.9089288574770814,4.104584804315747,299.7230029737468,0.0,19
1752.0,1,charge,0.9079179844912398,4.098860920483693,299.2954845297015,0.0,19
1752.0,2,charge,0.8753437409062631,4.159980126477348,302.31218385642114,2.0,19
1752.0,3,charge,0.9089288574770815,4.104517879027609,299.722869808391,0.0,19
1753.0,1,charge,0.9079179844912393,4.098856893439963,299.2952743145961,0.0,19
1753.0,2,charge,0.8754819797161233,4.160020402605949,302.3119628630475,2.0,19
1753.0,3,charge,0.9089288574770814,4.104452704255687,299.72273665430856,0.0,19
1754.0,1,charge,0.9079179844912393,4.09885290148323,299.29506413806837,0.0,19
1754.0,2,charge,0.8756202185259914,4.160060817667013,302.31174197708134,2.0,19
1754.0,3,charge,0.9089288574770814,4.104389215769519,299.7226035114985,0.0,19
1755.0,1,charge,0.9079179844912393,4.098848944189234,299.2948540001112,0.0,19
1755.0,2,charge,0.8757584573358562,4.160101372848901,302.3115211985824,2.0,19
1755.0,3,charge,0.9089288574770814,4.10432735140059,299.7224703799598,0.0,19
1756.0,1,charge,0.9079179844912393,4.098845021499022,299.29464390071803,0.0,19
1756.0,2,charge,0.8758966961457186,4.16014206937366,302.3113005276069,2.0,19
1756.0,3,charge,0.9089288574770814,4.1042670517481685,299.72233725969176,0.0,19
1757.0,1,charge,0.9079179844912393,4.098841132838677,299.2944338398815,0.0,19
1757.0,2,charge,0.8760349349555843,4.160182908808118,302.3110799641726,2.0,19
1757.0,3,charge,0.9089288574770814,4.1042082628519445,299.72220415069313,0.0,19
1758.0,1,charge,0.9079179844912393,4.098837277807236,299.2942238175945,0.0,19
1758.0,2,charge,0.8761731737654491,4.160223892101918,302.31085950836643,2.0,19
1758.0,3,charge,0.9089288574770814,4.104150930066398,299.72207105296314,0.0,19
1759.0,1,charge,0.9079179844912393,4.0988334560168465,299.2940138338499,0.0,19
1759.0,2,charge,0.8763114125753115,4.16026502046696,302.31063916024567,2.0,19
1759.0,3,charge,0.9089288574770814,4.1040950017430955,299.7219379665008,0.0,19
1760.0,1,charge,0.9079179844912393,4.098829667080498,299.2938038886406,0.0,19
1760.0,2,charge,0.8764496513851772,4.160306295115691,302.3104189198679,2.0,19
1760.0,3,charge,0.9089288574770814,4.104040431606327,299.721804891305,0.0,19
1761.0,1,charge,0.9079179844912393,4.098825910833801,299.2935939819596,0.0,19
1761.0,2,charge,0.8765878901950428,4.160347717261183,302.3101987872907,2.0,19
1761.0,3,charge,0.9089288574770814,4.1039871720857715,299.721671827375,0.0,19
1762.0,1,charge,0.9079179844912393,4.098822186881661,299.2933841138001,0.0,19
1762.0,2,charge,0.8767261290049047,4.160389288116969,302.3099787625715,2.0,19
1762.0,3,charge,0.9089288574770814,4.103935178573765,299.72153877470976,0.0,19
1763.0,1,charge,0.9079179844912393,4.098818494811857,299.29317428415465,0.0,19
1763.0,2,charge,0.8768643678147703,4.160431008896981,302.30975884576793,2.0,19
1763.0,3,charge,0.9089288574770814,4.103884410059768,299.7214057333083,0.0,19
1764.0,1,charge,0.9079179844912393,4.098814834267285,299.2929644930164,0.0,19
1764.0,2,charge,0.8770026066246357,4.160472881139567,302.3095390369004,2.0,19
1764.0,3,charge,0.9089288574770814,4.103834825627914,299.72127270316975,0.0,19
1765.0,1,charge,0.9079179844912393,4.098811204891694,299.2927547403782,0.0,19
1765.0,2,charge,0.8771408454344976,4.1605149059408335,302.30931933604023,2.0,19
1765.0,3,charge,0.9089288574770814,4.103786386616653,299.72113968429306,0.0,19
1766.0,1,charge,0.9079179844912392,4.098807606461856,299.29254502623303,0.0,19
1766.0,2,charge,0.8772790842443632,4.160557084483342,302.3090997432488,2.0,19
1766.0,3,charge,0.9089288574770814,4.103739056253744,299.72100667667735,0.0,19
1767.0,1,charge,0.9079179844912388,4.098804038701752,299.2923353505738,0.0,19
1767.0,2,charge,0.8774173230542286,4.160599418002047,302.3088802585814,2.0,19
1767.0,3,charge,0.9089288574770814,4.103692799007318,299.72087368032163,0.0,19
1768.0,1,charge,0.9079179844912393,4.098800501200039,299.2921257133935,0.0,19
1768.0,2,charge,0.8775555618640912,4.160641907732209,302.3086608820935,2.0,19
1768.0,3,charge,0.9089288574770814,4.103647580852842,299.72074069522495,0.0,19
1769.0,1,charge,0.9079179844912393,4.098796993626221,299.291916114685,0.0,19
1769.0,2,charge,0.8776938006739561,4.160684554909321,302.30844161384044,2.0,19
1769.0,3,charge,0.9089288574770814,4.103603369183771,299.7206077213863,0.0,19
1770.0,1,charge,0.9079179844912388,4.098793515650668,299.2917065544413,0.0,19
1770.0,2,charge,0.8778320394838243,4.160727360768996,302.30822245387765,2.0,19
1770.0,3,charge,0.9089288574770814,4.103560132515648,299.72047475880487,0.0,19
1771.0,1,charge,0.9079179844912388,4.098790067015184,299.2914970326553,0.0,19
1771.0,2,charge,0.8779702782936841,4.160770326728799,302.30800340224556,2.0,19
1771.0,3,charge,0.9089288574770814,4.103517840593321,299.7203418074796,0.0,19
1772.0,1,charge,0.9079179844912388,4.098786647530591,299.29128754932003,0.0,19
1772.0,2,charge,0.8781085171035493,4.160813454079335,302.3077844589953,2.0,19
1772.0,3,charge,0.9089288574770814,4.103476464718822,299.7202088674095,0.0,19
1773.0,1,charge,0.9079179844912388,4.098783256792149,299.2910781044283,0.0,19
1773.0,2,charge,0.8782467559134172,4.160856743968633,302.3075656241894,2.0,19
1773.0,3,charge,0.9089288574770814,4.103435976790189,299.72007593859377,0.0,19
1774.0,1,charge,0.9079179844912388,4.098779894493328,299.29086869797317,0.0,19
1774.0,2,charge,0.8783849947232772,4.160900197651785,302.30734689788187,2.0,19
1774.0,3,charge,0.9089288574770814,4.103396349910259,299.7199430210313,0.0,19
1775.0,1,charge,0.9079179844912388,4.098776560328126,299.2906593299475,0.0,19
1775.0,2,charge,0.8785232335331429,4.160943816384362,302.3071282801265,2.0,19
1775.0,3,charge,0.9089288574770814,4.103357558604555,299.7198101147212,0.0,19
1776.0,1,charge,0.9079179844912388,4.098773254025,299.29045000034426,0.0,19
1776.0,2,charge,0.8786614723430103,4.160987601422154,302.3069097709772,2.0,19
1776.0,3,charge,0.9089288574770814,4.103319577907337,299.7196772196625,0.0,19
1777.0,1,charge,0.9079179844912388,4.098769975516101,299.29024070915654,0.0,19
1777.0,2,charge,0.8787997111528757,4.161031554021274,302.3066913704877,2.0,19
1777.0,3,charge,0.9089288574770814,4.103282383929377,299.7195443358544,0.0,19
1778.0,1,charge,0.9079179844912388,4.098766724378258,299.2900314563771,0.0,19
1778.0,2,charge,0.8789379499627358,4.161075675438002,302.30647307871186,2.0,19
1778.0,3,charge,0.9089288574770814,4.103245953806203,299.71941146329567,0.0,19
1779.0,1,charge,0.9079179844912388,4.098763500331144,299.28982224199905,0.0,19
1779.0,2,charge,0.8790761887726032,4.161119966928825,302.30625489570343,2.0,19
1779.0,3,charge,0.9089288574770814,4.103210265369311,299.7192786019856,0.0,19
1780.0,1,charge,0.9079179844912388,4.098760303094954,299.28961306601525,0.0,19
1780.0,2,charge,0.8792144275824686,4.161164429750256,302.3060368215161,2.0,19
1780.0,3,charge,0.9089288574770814,4.103175297307358,299.71914575192307,0.0,19
1781.0,1,charge,0.9079179844912388,4.0987571323902525,299.2894039284186,0.0,19
1781.0,2,charge,0.879352666392329,4.161209065158932,302.30581885620364,2.0,19
1781.0,3,charge,0.9089288574770807,4.103141029104277,299.71901291310724,0.0,19
1782.0,1,charge,0.9079179844912388,4.098753987938103,299.28919482920213,0.0,19
1782.0,2,charge,0.8794909052021969,4.161253874572522,302.30560099981534,2.0,19
1782.0,3,charge,0.9089288574770807,4.103107440921828,299.71888008553714,0.0,19
1783.0,1,charge,0.9079179844912388,4.098750869459904,299.2889857683588,0.0,19
1783.0,2,charge,0.8796291440120619,4.1612988592533275,302.3053832524048,2.0,19
1783.0,3,charge,0.9089288574770807,4.103074513611892,299.71874726921175,0.0,19
1784.0,1,charge,0.9079179844912388,4.098747776677532,299.2887767458815,0.0,19
1784.0,2,charge,0.8797673828219243,4.16134402039164,302.30516561402743,2.0,19
1784.0,3,charge,0.9089288574770807,4.1030422286612005,299.7186144641301,0.0,19
1785.0,1,charge,0.9079179844912388,4.098744709344368,299.28856776176326,0.0,19
1785.0,2,charge,0.87990562163179,4.161389359257807,302.3049480847366,2.0,19
1785.0,3,charge,0.9089288574770807,4.103010568467431,299.7184816702914,0.0,19
1786.0,1,charge,0.9079179844912388,4.098741667535643,299.28835881599707,0.0,19
1786.0,2,charge,0.8800438604416548,4.161434877122777,302.3047306645853,2.0,19
1786.0,3,charge,0.9089288574770805,4.102979515814182,299.71834888769456,0.0,19
1787.0,1,charge,0.9079179844912388,4.098738650754841,299.2881499085758,0.0,19
1787.0,2,charge,0.8801820992515172,4.16148057525804,302.30451335362693,2.0,19
1787.0,3,charge,0.9089288574770805,4.102949053958628,299.7182161163387,0.0,19
1788.0,1,charge,0.9079179844912388,4.098735658752689,299.28794103949247,0.0,19
1788.0,2,charge,0.8803203380613829,4.161526454935697,302.3042961519144,2.0,19
1788.0,3,charge,0.9089288574770805,4.102919166733319,299.71808335622273,0.0,19
1789.0,1,charge,0.9079179844912388,4.098732691281784,299.28773220874007,0.0,19
1789.0,2,charge,0.8804585768712483,4.1615725174282305,302.3040790595009,2.0,19
1789.0,3,charge,0.9089288574770804,4.102889838619479,299.7179506073459,0.0,19
1790.0,1,charge,0.9079179844912388,4.098729748096783,299.2875234163115,0.0,19
1790.0,2,charge,0.8805968156811105,4.161618764008618,302.3038620764395,2.0,19
1790.0,3,charge,0.9089288574770804,4.102861055157236,299.7178178697072,0.0,19
1791.0,1,charge,0.9079179844912388,4.098726828954268,299.2873146621997,0.0,19
1791.0,2,charge,0.880735054490976,4.161665195950212,302.3036452027831,2.0,19
1791.0,3,charge,0.9089288574770804,4.102832801484789,299.7176851433056,0.0,19
1792.0,1,charge,0.9079179844912388,4.098723933612751,299.2871059463977,0.0,19
1792.0,2,charge,0.8808732933008414,4.16171181452672,302.3034284385846,2.0,19
1792.0,3,charge,0.9089288574770804,4.10280506350208,299.7175524281401,0.0,19
1793.0,1,charge,0.9079179844912388,4.098721061832736,299.28689726889843,0.0,19
1793.0,2,charge,0.8810115321107034,4.161758621049191,302.30321178390034,2.0,19
1793.0,3,charge,0.9089288574770804,4.102777827519143,299.71741972420983,0.0,19
1794.0,1,charge,0.9079179844912332,4.098718213380957,299.2866886296948,0.0,19
1794.0,2,charge,0.881149770920569,4.161805616793674,302.30299523878324,2.0,19
1794.0,3,charge,0.9089288574770805,4.102751080846119,299.717287031514,0.0,19
1795.0,1,charge,0.9079179844912332,4.098715388165079,299.2864800287799,0.0,19
1795.0,2,charge,0.8812880097304343,4.161852803026442,302.30277880328526,2.0,19
1795.0,3,charge,0.9089288574770805,4.102724810798579,299.71715435005143,0.0,19
1796.0,1,charge,0.9079179844912332,4.09871258589,299.28627146614673,0.0,19
1796.0,2,charge,0.8814262485402969,4.161900181028182,302.3025624774597,2.0,19
1796.0,3,charge,0.9089288574770805,4.10269900495725,299.71702167982124,0.0,19
1797.0,1,charge,0.9079179844912332,4.098709806345399,299.28606294178815,0.0,19
1797.0,2,charge,0.8815644873501619,4.161947752080301,302.3023462613598,2.0,19
1797.0,3,charge,0.9089288574770805,4.102673651405473,299.71688902082246,0.0,19
1798.0,1,charge,0.9079179844912332,4.098707049324927,299.2858544556972,0.0,19
1798.0,2,charge,0.8817027261600272,4.1619955174647805,302.30213015503887,2.0,19
1798.0,3,charge,0.9089288574770805,4.1026487386113875,299.7167563730542,0.0,19
1799.0,1,charge,0.9079179844912332,4.098704314626193,299.2856460078668,0.0,19
1799.0,2,charge,0.8818409649698898,4.162043478464259,302.3019141585501,2.0,19
1799.0,3,charge,0.9089288574770807,4.102624255604697,299.71662373651543,0.0,19
1800.0,1,charge,0.9079179844912332,4.0987016020507845,299.28543759829,0.0,19
1800.0,2,charge,0.8819792037797548,4.1620916363619775,302.3016982719468,2.0,19
1800.0,3,charge,0.9089288574770805,4.102600191695817,299.71649111120524,0.0,19
1800.0,1,charge,0.9079179844912361,4.0987016020507845,299.28543759829,0.0,20
1800.0,1,charge,0.9079179844912332,4.0987016020507845,299.28543759829,0.0,20
1800.0,2,charge,0.881979203779756,4.1620916363619775,302.3016982719468,2.0,20
1800.0,2,charge,0.8819792037797548,4.1620916363619775,302.3016982719468,2.0,20
1800.0,3,charge,0.9089288574770819,4.102600191695817,299.71649111120524,0.0,20
1800.0,3,charge,0.9089288574770805,4.102600191695817,299.71649111120524,0.0,20
1801.0,1,charge,0.9079179844912332,4.098698918753302,299.28522924053556,0.0,20
1801.0,2,charge,0.8821174425896229,4.162139996789,302.30148255018815,2.0,20
1801.0,3,charge,0.9089288574770805,4.1025765430443055,299.7163584973273,0.0,20
1802.0,1,charge,0.9079179844912332,4.098696255165768,299.2850209175417,0.0,20
1802.0,2,charge,0.8822556813994827,4.162188558357565,302.3012669611779,2.0,20
1802.0,3,charge,0.9089288574770807,4.102553285715048,299.7162258944871,0.0,20
1803.0,1,charge,0.9079179844912332,4.098693609952225,299.2848126271472,0.0,20
1803.0,2,charge,0.8823939202093479,4.162237318098851,302.3010514499484,2.0,20
1803.0,3,charge,0.9089288574770804,4.102530415260388,299.71609330286543,0.0,20
1804.0,1,charge,0.9079179844912332,4.098690984751805,299.2846043725439,0.0,20
1804.0,2,charge,0.8825321590192158,4.16228627768998,302.30083602164774,2.0,20
1804.0,3,charge,0.9089288574770805,4.1025079231990755,299.7159607224631,0.0,20
1805.0,1,charge,0.9079179844912332,4.098688380332868,299.28439615569357,0.0,20
1805.0,2,charge,0.882670397829076,4.162335440888808,302.3006207089586,2.0,20
1805.0,3,charge,0.9089288574770805,4.102485801481327,299.71582815328236,0.0,20
1806.0,1,charge,0.9079179844912332,4.098685796352065,299.28418797620486,0.0,20
1806.0,2,charge,0.8828086366389416,4.162384807728865,302.3004054942013,2.0,20
1806.0,3,charge,0.9089288574770804,4.102464041361316,299.7156955953237,0.0,20
1807.0,1,charge,0.9079179844912332,4.098683232982667,299.2839798350519,0.0,20
1807.0,2,charge,0.8829468754488089,4.162434380004145,302.3001903851097,2.0,20
1807.0,3,charge,0.9089288574770804,4.102442634581383,299.7155630485868,0.0,20
1808.0,1,charge,0.9079179844912332,4.098680690086724,299.2837717316311,0.0,20
1808.0,2,charge,0.8830851142586743,4.16248415932946,302.29997538624514,2.0,20
1808.0,3,charge,0.9089288574770805,4.10242157240428,299.7154305130707,0.0,20
1809.0,1,charge,0.9079179844912332,4.098678166888201,299.28356366652525,0.0,20
1809.0,2,charge,0.8832233530685345,4.162534146814881,302.29976049359647,2.0,20
1809.0,3,charge,0.9089288574770805,4.102400847834462,299.7152979887747,0.0,20
1810.0,1,charge,0.9079179844912332,4.098675663420623,299.2833556396947,0.0,20
1810.0,2,charge,0.8833615918784018,4.162584343778611,302.29954571428783,2.0,20
1810.0,3,charge,0.9089288574770804,4.102380452363828,299.7151654756979,0.0,20
1811.0,1,charge,0.9079179844912332,4.098673179993648,299.28314765088754,0.0,20
1811.0,2,charge,0.8834998306882672,4.162634751578831,302.2993310448806,2.0,20
1811.0,3,charge,0.9089288574770804,4.10236037802874,299.7150329738393,0.0,20
1812.0,1,charge,0.9079179844912332,4.098670716589389,299.28293970010395,0.0,20
1812.0,2,charge,0.8836380694981276,4.162685371563461,302.2991164845843,2.0,20
1812.0,3,charge,0.9089288574770804,4.102340617185746,299.71490048319794,0.0,20
1813.0,1,charge,0.9079179844912332,4.098668273190157,299.2827317873436,0.0,20
1813.0,2,charge,0.8837763083079955,4.162736205077258,302.29890203339903,2.0,20
1813.0,3,charge,0.9089288574770804,4.102321162465843,299.71476800377286,0.0,20
1814.0,1,charge,0.9079179844912332,4.098665849302218,299.2825239126564,0.0,20
1814.0,2,charge,0.8839145471178607,4.162787253102172,302.2986876925798,2.0,20
1814.0,3,charge,0.9089288574770804,4.102302006868749,299.714635535563,0.0,20
1815.0,1,charge,0.907917984491233,4.098663443484588,299.2823160761909,0.0,20
1815.0,2,charge,0.884052785927723,4.162838515409839,302.2984734675298,2.0,20
1815.0,3,charge,0.9089288574770804,4.102283143440838,299.7145030785676,0.0,20
1816.0,1,charge,0.9079179844912328,4.098661056932951,299.2821082778206,0.0,20
1816.0,2,charge,0.8841910247375884,4.1628899948934786,302.2982593528452,2.0,20
1816.0,3,charge,0.9089288574770804,4.1022645657648855,299.71437063278546,0.0,20
1817.0,1,charge,0.9079179844912332,4.098658689630744,299.2819005175456,0.0,20
1817.0,2,charge,0.8843292635474536,4.162941692891717,302.29804534852616,2.0,20
1817.0,3,charge,0.9089288574770804,4.102246267422013,299.7142381982158,0.0,20
1818.0,1,charge,0.907917984491233,4.0986563415616715,299.28169279536576,0.0,20
1818.0,2,charge,0.884467502357316,4.16299361074285,302.29783145457253,2.0,20
1818.0,3,charge,0.9089288574770804,4.102228242378677,299.71410577485756,0.0,20
1819.0,1,charge,0.907917984491233,4.098654012709391,299.28148511128126,0.0,20
1819.0,2,charge,0.8846057411671815,4.163045749784715,302.2976176709844,2.0,20
1819.0,3,charge,0.9089288574770804,4.102210484288058,299.71397336270996,0.0,20
1820.0,1,charge,0.9079179844912328,4.098651701082618,299.2812774652886,0.0,20
1820.0,2,charge,0.8847439799770465,4.163098111354688,302.2974039977617,2.0,20
1820.0,3,charge,0.9089288574770804,4.102192987510795,299.71384096177184,0.0,20
1821.0,1,charge,0.9079179844912328,4.098649407539741,299.28106985738935,0.0,20
1821.0,2,charge,0.8848822187869089,4.16315069678969,302.2971904349045,2.0,20
1821.0,3,charge,0.9089288574770804,4.1021757463611,299.71370857204244,0.0,20
1822.0,1,charge,0.9079179844912328,4.098647132405572,299.280862287584,0.0,20
1822.0,2,charge,0.8850204575967745,4.163203507426082,302.2969769824128,2.0,20
1822.0,3,charge,0.9089288574770804,4.102158754988965,299.7135761935207,0.0,20
1823.0,1,charge,0.9079179844912328,4.098644875665018,299.2806547558726,0.0,20
1823.0,2,charge,0.8851586964066398,4.1632565445997765,302.2967636402865,2.0,20
1823.0,3,charge,0.9089288574770803,4.102142008253239,299.71344382620566,0.0,20
1824.0,1,charge,0.9079179844912328,4.0986426373031115,299.28044726225517,0.0,20
1824.0,2,charge,0.8852969352165018,4.163309809645968,302.29655040852566,2.0,20
1824.0,3,charge,0.9089288574770804,4.102125500888995,299.71331147009647,0.0,20
1825.0,1,charge,0.9079179844912328,4.098640416428902,299.2802398066995,0.0,20
1825.0,2,charge,0.8854351740263674,4.163363303899391,302.29633728713037,2.0,20
1825.0,3,charge,0.9089288574770804,4.10210922772824,299.7131791251921,0.0,20
1826.0,1,charge,0.9079179844912328,4.098638212049819,299.28003238916943,0.0,20
1826.0,2,charge,0.885573412836233,4.16341702522175,302.29612428070476,2.0,20
1826.0,3,charge,0.9089288574770803,4.102093183910959,299.7130467914916,0.0,20
1827.0,1,charge,0.9079179844912328,4.098636025073192,299.2798250096989,0.0,20
1827.0,2,charge,0.8857116516460949,4.163470977436411,302.2959113858991,2.0,20
1827.0,3,charge,0.9089288574770803,4.102077364655512,299.71291446899403,0.0,20
1828.0,1,charge,0.9079179844912328,4.098633855417065,299.27961766828554,0.0,20
1828.0,2,charge,0.8858498904559605,4.163525162184148,302.2956986022909,2.0,20
1828.0,3,charge,0.9089288574770802,4.102061765344068,299.7127821576985,0.0,20
1829.0,1,charge,0.9079179844912328,4.098631702999642,299.27941036492666,0.0,20
1829.0,2,charge,0.8859881292658259,4.16357958078788,302.29548592988004,2.0,20
1829.0,3,charge,0.9089288574770802,4.102046381191299,299.71264985760394,0.0,20
1830.0,1,charge,0.9079179844912328,4.098629567739286,299.2792030996198,0.0,20
1830.0,2,charge,0.8861263680756878,4.163634234569546,302.29527336866676,2.0,20
1830.0,3,charge,0.9089288574770803,4.102031207939573,299.71251756870953,0.0,20
1831.0,1,charge,0.9079179844912328,4.098627449554593,299.27899587236254,0.0,20
1831.0,2,charge,0.8862646068855534,4.163689124850227,302.2950609186508,2.0,20
1831.0,3,charge,0.9089288574770802,4.102016241370071,299.7123852910143,0.0,20
1832.0,1,charge,0.9079179844912328,4.098625348364282,299.2787886831522,0.0,20
1832.0,2,charge,0.8864028456954188,4.163744252950132,302.2948485798323,2.0,20
1832.0,3,charge,0.9089288574770802,4.10200147741765,299.7122530245173,0.0,20
1833.0,1,charge,0.9079179844912328,4.098623264087312,299.2785815319864,0.0,20
1833.0,2,charge,0.8865410845052815,4.163799620188493,302.2946363522113,2.0,20
1833.0,3,charge,0.9089288574770802,4.1019869119383845,299.71212076921745,0.0,20
1834.0,1,charge,0.9079179844912328,4.098621195681041,299.2783744188023,0.0,20
1834.0,2,charge,0.8866793233151463,4.163855227883529,302.2944242357877,2.0,20
1834.0,3,charge,0.9089288574770802,4.101972540594694,299.71198852511395,0.0,20
1835.0,1,charge,0.9079179844912322,4.098619143266751,299.27816734361005,0.0,20
1835.0,2,charge,0.8868175621250144,4.1639110773525125,302.2942122305615,2.0,20
1835.0,3,charge,0.9089288574770802,4.101958359886128,299.7118562922059,0.0,20
1836.0,1,charge,0.9079179844912322,4.09861710703456,299.277960306424,0.0,20
1836.0,2,charge,0.8869558009348746,4.163967169911664,302.29400033653275,2.0,20
1836.0,3,charge,0.9089288574770802,4.101944366155511,299.71172407049215,0.0,20
1837.0,1,charge,0.9079179844912322,4.0986150868574605,299.2777533072388,0.0,20
1837.0,2,charge,0.8870940397447394,4.164023504208921,302.2937885563728,2.0,20
1837.0,3,charge,0.9089288574770802,4.101930555875452,299.7115918599719,0.0,20
1838.0,1,charge,0.9079179844912322,4.098613082608551,299.27754634604895,0.0,20
1838.0,2,charge,0.8872322785546073,4.164080082140042,302.2935768894644,2.0,20
1838.0,3,charge,0.9089288574770802,4.101916925146169,299.71145966064415,0.0,20
1839.0,1,charge,0.9079179844912322,4.098611094161203,299.27733942284885,0.0,20
1839.0,2,charge,0.8873705173644675,4.164136906356049,302.29336533445075,2.0,20
1839.0,3,charge,0.9089288574770802,4.101903470450056,299.711327472508,0.0,20
1840.0,1,charge,0.9079179844912322,4.098609121389034,299.27713253763324,0.0,20
1840.0,2,charge,0.8875087561743331,4.164193978158423,302.29315389133194,2.0,20
1840.0,3,charge,0.9089288574770802,4.101890188633012,299.71119529556245,0.0,20
1841.0,1,charge,0.9079179844912322,4.098607164165788,299.2769256903966,0.0,20
1841.0,2,charge,0.8876469949842002,4.1642512988473666,302.2929425601079,2.0,20
1841.0,3,charge,0.9089288574770802,4.101877076472027,299.71106312980663,0.0,20
1842.0,1,charge,0.907917984491232,4.0986052223595255,299.27671888113264,0.0,20
1842.0,2,charge,0.8877852337940606,4.164308869721754,302.29273134077874,2.0,20
1842.0,3,charge,0.9089288574770802,4.101864130848741,299.7109309752394,0.0,20
1843.0,1,charge,0.907917984491232,4.0986032955473295,299.27651210979684,0.0,20
1843.0,2,charge,0.887923472603926,4.164366692079087,302.2925202333443,2.0,20
1843.0,3,charge,0.9089288574770802,4.101851348179535,299.71079883186013,0.0,20
1844.0,1,charge,0.907917984491232,4.098601383806459,299.2763053764104,0.0,20
1844.0,2,charge,0.8880617114137934,4.164424767215471,302.2923092378046,2.0,20
1844.0,3,charge,0.9089288574770802,4.101838725677748,299.71066669966757,0.0,20
1845.0,1,charge,0.907917984491232,4.098599487001218,299.2760986809665,0.0,20
1845.0,2,charge,0.888199950223659,4.164483096425639,302.29209835415975,2.0,20
1845.0,3,charge,0.9089288574770802,4.101826260411647,299.71053457866094,0.0,20
1846.0,1,charge,0.907917984491232,4.098597604996138,299.2758920234583,0.0,20
1846.0,2,charge,0.8883381890335189,4.164541681002807,302.2918875824097,2.0,20
1846.0,3,charge,0.9089288574770801,4.10181394952771,299.7104024688392,0.0,20
1847.0,1,charge,0.907917984491232,4.098595737655909,299.27568540387915,0.0,20
1847.0,2,charge,0.8884764278433863,4.164600522238766,302.2916769225545,2.0,20
1847.0,3,charge,0.9089288574770801,4.101801790176372,299.7102703702015,0.0,20
1848.0,1,charge,0.9079179844912294,4.098593884845448,299.275478822222,0.0,20
1848.0,2,charge,0.888614666653252,4.164659619889867,302.29146637604316,2.0,20
1848.0,3,charge,0.9089288574770801,4.101789779404944,299.71013828274687,0.0,20
1849.0,1,charge,0.9079179844912294,4.09859204642987,299.2752722784802,0.0,20
1849.0,2,charge,0.8887529054631118,4.164718973739972,302.29125594427006,2.0,20
1849.0,3,charge,0.90892885747708,4.101777914677784,299.71000620647425,0.0,20
1850.0,1,charge,0.9079179844912294,4.098590222274455,299.27506577264677,0.0,20
1850.0,2,charge,0.88889114427298,4.164778587367109,302.2910456250511,2.0,20
1850.0,3,charge,0.90892885747708,4.101766193400527,299.70987414138284,0.0,20
1851.0,1,charge,0.9079179844912294,4.098588412306844,299.27485930471227,0.0,20
1851.0,2,charge,0.8890293830828451,4.164838462046448,302.2908354183863,2.0,20
1851.0,3,charge,0.90892885747708,4.101754613054771,299.7097420874716,0.0,20
1852.0,1,charge,0.9079179844912294,4.098586616502638,299.2746528746648,0.0,20
1852.0,2,charge,0.889167621892705,4.164898599051497,302.2906253242756,2.0,20
1852.0,3,charge,0.90892885747708,4.10174317104906,299.7096100447397,0.0,20
1853.0,1,charge,0.9079179844912294,4.098584834627106,299.2744464825021,0.0,20
1853.0,2,charge,0.8893058607025729,4.164958999653937,302.2904153427191,2.0,20
1853.0,3,charge,0.90892885747708,4.101731864911224,299.70947801318596,0.0,20
1854.0,1,charge,0.9079179844912294,4.098583066553411,299.27424012821706,0.0,20
1854.0,2,charge,0.889444099512438,4.16501966512371,302.29020547371664,2.0,20
1854.0,3,charge,0.90892885747708,4.101720692353215,299.70934599280974,0.0,20
1855.0,1,charge,0.9079179844912293,4.098581312154829,299.2740338118026,0.0,20
1855.0,2,charge,0.8895823383223004,4.1650805967289175,302.28999571726837,2.0,20
1855.0,3,charge,0.90892885747708,4.10170965108831,299.7092139836098,0.0,20
1856.0,1,charge,0.9079179844912293,4.098579571304869,299.2738275332515,0.0,20
1856.0,2,charge,0.889720577132166,4.165141795735814,302.2897860733743,2.0,20
1856.0,3,charge,0.90892885747708,4.101698738896728,299.70908198558544,0.0,20
1857.0,1,charge,0.9079179844912293,4.0985778438771785,299.2736212925565,0.0,20
1857.0,2,charge,0.8898588159420309,4.165203263408774,302.28957654203424,2.0,20
1857.0,3,charge,0.90892885747708,4.101687953387314,299.70894999873553,0.0,20
1858.0,1,charge,0.9079179844912293,4.098576129745567,299.2734150897107,0.0,20
1858.0,2,charge,0.8899970547518933,4.165265001010258,302.2893671232484,2.0,20
1858.0,3,charge,0.90892885747708,4.101677292502535,299.70881802305934,0.0,20
1859.0,1,charge,0.9079179844912293,4.098574428784021,299.2732089247068,0.0,20
1859.0,2,charge,0.8901352935617589,4.165327009369844,302.28915781743234,2.0,20
1859.0,3,charge,0.90892885747708,4.101666754176039,299.70868605855566,0.0,20
1860.0,1,charge,0.9079179844912293,4.098572741059966,299.27300279753865,0.0,20
1860.0,2,charge,0.8902735323716245,4.165389286351497,302.28894862783926,2.0,20
1860.0,3,charge,0.90892885747708,4.101656336385945,299.70855410522364,0.0,20
1861.0,1,charge,0.9079179844912293,4.098571066452246,299.272796708199,0.0,20
1861.0,2,charge,0.8904117711814864,4.165451836312187,302.2887395514543,2.0,20
1861.0,3,charge,0.90892885747708,4.1016460371005525,299.7084221630625,0.0,20
1862.0,1,charge,0.9079179844912293,4.098569404750432,299.27259065668034,0.0,20
1862.0,2,charge,0.890550009991352,4.165514660496388,302.2885305882776,2.0,20
1862.0,3,charge,0.9089288574770792,4.101635854116646,299.7082902320711,0.0,20
1863.0,1,charge,0.9079179844912292,4.09856775584003,299.2723846429757,0.0,20
1863.0,2,charge,0.8906882488012174,4.165577760146391,302.2883217383091,2.0,20
1863.0,3,charge,0.9089288574770792,4.101625785675369,299.7081583122485,0.0,20
1864.0,1,charge,0.9079179844912293,4.098566119606714,299.27217866707775,0.0,20
1864.0,2,charge,0.8908264876110799,4.165641136502331,302.28811300154877,2.0,20
1864.0,3,charge,0.9089288574770792,4.101615829920329,299.70802640359386,0.0,20
1865.0,1,charge,0.9079179844912292,4.098564495936284,299.27197272897973,0.0,20
1865.0,2,charge,0.8909647264209449,4.165704790802127,302.28790437799665,2.0,20
1865.0,3,charge,0.9089288574770792,4.101605985050506,299.7078945061061,0.0,20
1866.0,1,charge,0.9079179844912292,4.09856288471469,299.2717668286743,0.0,20
1866.0,2,charge,0.8911029652308103,4.165768724281496,302.28769586765276,2.0,20
1866.0,3,charge,0.9089288574770792,4.101596249320933,299.70776261978443,0.0,20
1867.0,1,charge,0.9079179844912292,4.098561285828021,299.27156096615454,0.0,20
1867.0,2,charge,0.8912412040406728,4.165832938173793,302.28748747051714,2.0,20
1867.0,3,charge,0.90892885747708,4.101586621043593,299.7076307446278,0.0,20
1868.0,1,charge,0.9079179844912292,4.098559699162529,299.27135514141315,0.0,20
1868.0,2,charge,0.8913794428505378,4.165897433710185,302.2872791865896,2.0,20
1868.0,3,charge,0.9089288574770792,4.1015770985881606,299.70749888063534,0.0,20
1869.0,1,charge,0.9079179844912292,4.098558124870239,299.2711493544458,0.0,20
1869.0,2,charge,0.891517681660406,4.165962212119469,302.2870710158704,2.0,20
1869.0,3,charge,0.9089288574770792,4.101567680325674,299.707367027806,0.0,20
1870.0,1,charge,0.9079179844912292,4.0985565626810505,299.2709436052438,0.0,20
1870.0,2,charge,0.8916559204702659,4.166027274628049,302.28686295835934,2.0,20
1870.0,3,charge,0.90892885747708,4.101558363807554,299.70723518613903,0.0,20
1871.0,1,charge,0.9079179844912292,4.09855501247525,299.2707378938001,0.0,20
1871.0,2,charge,0.8917941592801311,4.166092619101174,302.2866550174385,2.0,20
1871.0,3,charge,0.9089288574770792,4.101549148025841,299.7071033556332,0.0,20
1872.0,1,charge,0.9079179844912292,4.098553474149231,299.2705322201076,0.0,20
1872.0,2,charge,0.8919323980899989,4.16615824886455,302.28644719095115,2.0,20
1872.0,3,charge,0.9089288574770792,4.101540031455185,299.70697153628777,0.0,20
1873.0,1,charge,0.9079179844912292,4.098551947599498,299.27032658415936,0.0,20
1873.0,2,charge,0.892070636899859,4.166224165686346,302.28623947833216,2.0,20
1873.0,3,charge,0.9089288574770792,4.101531012616828,299.7068397281017,0.0,20
1874.0,1,charge,0.9079179844912292,4.09855043272273,299.2701209859484,0.0,20
1874.0,2,charge,0.8922088757097246,4.166290370773536,302.2860318795816,2.0,20
1874.0,3,charge,0.90892885747708,4.101522090078799,299.7067079310741,0.0,20
1875.0,1,charge,0.9079179844912292,4.098548929415703,299.26991542546756,0.0,20
1875.0,2,charge,0.892347114519592,4.166356865330538,302.28582439469943,2.0,20
1875.0,3,charge,0.90892885747708,4.101513262456354,299.7065761452041,0.0,20
1876.0,1,charge,0.9079179844912292,4.098547437575304,299.2697099027101,0.0,20
1876.0,2,charge,0.8924853533294574,4.166423650559173,302.28561702368563,2.0,20
1876.0,3,charge,0.9089288574770792,4.101504528412155,299.7064443704906,0.0,20
1877.0,1,charge,0.9079179844912292,4.098545957152416,299.26950441766917,0.0,20
1877.0,2,charge,0.8926235921393175,4.166490727658605,302.2854097665402,2.0,20
1877.0,3,charge,0.9089288574770792,4.101495886656753,299.7063126069327,0.0,20
1878.0,1,charge,0.9079179844912285,4.098544488213763,299.2692989703391,0.0,20
1878.0,2,charge,0.8927618309491849,4.166558097825332,302.2852026232632,2.0,20
1878.0,3,charge,0.9089288574770792,4.1014873349173495,299.7061808545294,0.0,20
1879.0,1,charge,0.9079179844912292,4.098543030521688,299.2690935607119,0.0,20
1879.0,2,charge,0.8929000697590506,4.166625762253129,302.2849955938546,2.0,20
1879.0,3,charge,0.9089288574770792,4.101478872370349,299.70604911327996,0.0,20
1880.0,1,charge,0.9079179844912285,4.098541583983199,299.26888818878064,0.0,20
1880.0,2,charge,0.8930383085689105,4.166693722133119,302.2847886783144,2.0,20
1880.0,3,charge,0.9089288574770792,4.1014704978081635,299.7059173831833,0.0,20
1881.0,1,charge,0.9079179844912292,4.098540148505611,299.2686828545383,0.0,20
1881.0,2,charge,0.8931765473787778,4.166761978653593,302.2845818766425,2.0,20
1881.0,3,charge,0.9089288574770792,4.1014622099735,299.7057856642385,0.0,20
1882.0,1,charge,0.9079179844912285,4.098538723996423,299.2684775579782,0.0,20
1882.0,2,charge,0.8933147861886435,4.166830531457918,302.2843751904759,2.0,20
1882.0,3,charge,0.9089288574770792,4.101454007639184,299.7056539564445,0.0,20
1883.0,1,charge,0.9079179844912292,4.098537310363378,299.26827229909327,0.0,20
1883.0,2,charge,0.8934530249985037,4.166899381674189,302.28416861984897,2.0,20
1883.0,3,charge,0.9089288574770792,4.1014458896075805,299.70552225980055,0.0,20
1884.0,1,charge,0.9079179844912285,4.09853590751454,299.2680670778766,0.0,20
1884.0,2,charge,0.8935912638083715,4.1669685314634775,302.28396216370646,2.0,20
1884.0,3,charge,0.9089288574770792,4.101437854709969,299.70539057430557,0.0,20
1885.0,1,charge,0.9079179844912285,4.098534515358086,299.26786189432113,0.0,20
1885.0,2,charge,0.8937295026182366,4.167037981994315,302.2837558220484,2.0,20
1885.0,3,charge,0.9089288574770792,4.101429901805934,299.70525889995866,0.0,20
1886.0,1,charge,0.9079179844912285,4.09853313380248,299.26765674842017,0.0,20
1886.0,2,charge,0.8938677414280966,4.167107734432286,302.28354959487484,2.0,20
1886.0,3,charge,0.9089288574770792,4.101422029617103,299.70512723675887,0.0,20
1887.0,1,charge,0.9079179844912292,4.098531762756421,299.2674516401666,0.0,20
1887.0,2,charge,0.8940059802379644,4.167177789939965,302.2833434821856,2.0,20
1887.0,3,charge,0.9089288574770792,4.10141423698567,299.70499558470533,0.0,20
1888.0,1,charge,0.9079179844912292,4.098530402128874,299.26724656955366,0.0,20
1888.0,2,charge,0.8941442190478295,4.167248149676931,302.28313748398085,2.0,20
1888.0,3,charge,0.9089288574770792,4.101406522803694,299.7048639437969,0.0,20
1889.0,1,charge,0.9079179844912292,4.098529051828953,299.26704153657437,0.0,20
1889.0,2,charge,0.8942824578576919,4.167318814799709,302.28293160026044,2.0,20
1889.0,3,charge,0.9089288574770791,4.10139888593597,299.7047323140329,0.0,20
1890.0,1,charge,0.9079179844912292,4.098527711766048,299.2668365412218,0.0,20
1890.0,2,charge,0.8944206966675575,4.16738978646174,302.2827258310245,2.0,20
1890.0,3,charge,0.9089288574770792,4.101391325254079,299.7046006954122,0.0,20
1890.0,1,charge,0.9079179844912302,4.098527711766048,299.2668365412218,0.0,21
1890.0,1,charge,0.9079179844912292,4.098527711766048,299.2668365412218,0.0,21
1890.0,2,charge,0.8944206966675571,4.16738978646174,302.2827258310245,1.5,21
1890.0,2,charge,0.8944206966675575,4.154054875889424,302.2827258310245,1.5,21
1890.0,3,charge,0.9089288574770779,4.101391325254079,299.7046006954122,0.0,21
1890.0,3,charge,0.9089288574770792,4.101391325254079,299.7046006954122,0.0,21
1891.0,1,charge,0.9079179844912285,4.098526386127739,299.26663159969615,0.0,21
1891.0,2,charge,0.894524375774953,4.153810933750766,302.2823175161967,1.5,21
1891.0,3,charge,0.9089288574770791,4.101383851123648,299.7044690897934,0.0,21
1892.0,1,charge,0.9079179844912292,4.098525071491027,299.2664266995049,0.0,21
1892.0,2,charge,0.894628054882354,4.153666151835619,302.2819088896743,1.5,21
1892.0,3,charge,0.9089288574770792,4.1013764427775445,299.70433749399706,0.0,21
1893.0,1,charge,0.9079179844912285,4.098523763604648,299.26622182438285,0.0,21
1893.0,2,charge,0.8947317339897497,4.153561183025069,302.28149999422624,1.5,21
1893.0,3,charge,0.9089288574770791,4.101369105185611,299.7042059089688,0.0,21
1894.0,1,charge,0.9079179844912285,4.098522465441507,299.2660169862702,0.0,21
1894.0,2,charge,0.8948354130971504,4.153478075659141,302.28109085471533,1.5,21
1894.0,3,charge,0.9089288574770791,4.101361839137068,299.7040743350442,0.0,21
1895.0,1,charge,0.9079179844912292,4.098521176303402,299.26581218238374,0.0,21
1895.0,2,charge,0.8949390922045517,4.153409230955129,302.2806814905246,1.5,21
1895.0,3,charge,0.9089288574770791,4.101354643195473,299.703942772209,0.0,21
1896.0,1,charge,0.9079179844912285,4.098519896561088,299.26560741463146,0.0,21
1896.0,2,charge,0.8950427713119472,4.153350802339786,302.28027191805137,1.5,21
1896.0,3,charge,0.9089288574770791,4.101347516609634,299.7038112205216,0.0,21
1897.0,1,charge,0.9079179844912285,4.098518626405005,299.2654026839317,0.0,21
1897.0,2,charge,0.8951464504193481,4.153300476814829,302.2798621517987,1.5,21
1897.0,3,charge,0.9089288574770791,4.101340459847119,299.7036796799258,0.0,21
1898.0,1,charge,0.9079179844912285,4.098517365697495,299.2651979902647,0.0,21
1898.0,2,charge,0.8952501295267437,4.15325675841125,302.2794522048896,1.5,21
1898.0,3,charge,0.9089288574770791,4.101333471407177,299.703548150442,0.0,21
1899.0,1,charge,0.9079179844912285,4.098516114487078,299.26499333452375,0.0,21
1899.0,2,charge,0.8953538086341446,4.1532186344649675,302.27904208936445,1.5,21
1899.0,3,charge,0.9089288574770791,4.101326549185458,299.7034166320989,0.0,21
1900.0,1,charge,0.9079179844912285,4.098514872720452,299.26478871588216,0.0,21
1900.0,2,charge,0.8954574877415401,4.153185354414826,302.27863181641857,1.5,21
1900.0,3,charge,0.9089288574770791,4.101319694500049,299.7032851248756,0.0,21
1901.0,1,charge,0.9079179844912285,4.098513640393319,299.26458413434,0.0,21
1901.0,2,charge,0.8955611668489413,4.153156340308536,302.2782213965456,1.5,21
1901.0,3,charge,0.9089288574770791,4.101312906206013,299.70315362877557,0.0,21
1902.0,1,charge,0.9079179844912283,4.0985124166084415,299.2643795907775,0.0,21
1902.0,2,charge,0.8956648459563366,4.153131142686906,302.27781083963345,1.5,21
1902.0,3,charge,0.9089288574770791,4.10130618120165,299.7030221438091,0.0,21
1903.0,1,charge,0.9079179844912283,4.098511201534292,299.2641750850249,0.0,21
1903.0,2,charge,0.8957685250637377,4.153109402355483,302.2774001550411,1.5,21
1903.0,3,charge,0.9089288574770791,4.10129952123299,299.70289066996975,0.0,21
1904.0,1,charge,0.9079179844912283,4.098509995610277,299.2639706166449,0.0,21
1904.0,2,charge,0.8958722041711332,4.153090822977545,302.27698935165967,1.5,21
1904.0,3,charge,0.908928857477079,4.101292925652157,299.70275920725754,0.0,21
1905.0,1,charge,0.9079179844912283,4.098508798832308,299.2637661856377,0.0,21
1905.0,2,charge,0.8959758832785342,4.153075158038044,302.27657843795464,1.5,21
1905.0,3,charge,0.908928857477079,4.101286390462034,299.70262775567215,0.0,21
1906.0,1,charge,0.9079179844912283,4.098507611196407,299.2635617920031,0.0,21
1906.0,2,charge,0.8960795623859297,4.15306219874982,302.2761674220059,1.5,21
1906.0,3,charge,0.908928857477079,4.101279917175942,299.7024963152138,0.0,21
1907.0,1,charge,0.9079179844912282,4.098506432698551,299.2633574357413,0.0,21
1907.0,2,charge,0.8961832414933306,4.153051768495379,302.27575631153167,1.5,21
1907.0,3,charge,0.908928857477079,4.101273505368779,299.70236488588233,0.0,21
1908.0,1,charge,0.9079179844912283,4.09850526333482,299.26315311685215,0.0,21
1908.0,2,charge,0.8962869206007261,4.153043704519015,302.27534511394725,1.5,21
1908.0,3,charge,0.908928857477079,4.101267154616986,299.70223346767784,0.0,21
1909.0,1,charge,0.9079179844912282,4.0985041031012805,299.26294883533575,0.0,21
1909.0,2,charge,0.8963905997081278,4.153037864163012,302.27493383636147,1.5,21
1909.0,3,charge,0.9089288574770765,4.1012608644987,299.7021020606002,0.0,21
1910.0,1,charge,0.9079179844912282,4.098502951994062,299.262744591192,0.0,21
1910.0,2,charge,0.8964942788155233,4.153034121686674,302.2745224855947,1.5,21
1910.0,3,charge,0.908928857477079,4.101254632002792,299.7019706646439,0.0,21
1911.0,1,charge,0.9079179844912282,4.098501809312557,299.2625403844893,0.0,21
1911.0,2,charge,0.8965979579229243,4.15303236517846,302.27411106819636,1.5,21
1911.0,3,charge,0.9089288574770765,4.10124845774199,299.7018392798111,0.0,21
1912.0,1,charge,0.9079179844912282,4.098500673750701,299.26233621535505,0.0,21
1912.0,2,charge,0.8967016370303198,4.153032495162107,302.2736995904562,1.5,21
1912.0,3,charge,0.9089288574770765,4.101242341181328,299.7017079061015,0.0,21
1913.0,1,charge,0.9079179844912282,4.098499546811537,299.2621320836418,0.0,21
1913.0,2,charge,0.8968053161377207,4.153034420137631,302.2732880584248,1.5,21
1913.0,3,charge,0.9089288574770765,4.1012362816727155,299.7015765435146,0.0,21
1914.0,1,charge,0.9079179844912282,4.098498428491515,299.2619279893496,0.0,21
1914.0,2,charge,0.8969089952451162,4.153038057973369,302.27287647791957,1.5,21
1914.0,3,charge,0.9089288574770765,4.101230278569991,299.7014451920499,0.0,21
1915.0,1,charge,0.9079179844912282,4.098497318787084,299.2617239324784,0.0,21
1915.0,2,charge,0.8970126743525172,4.153043330594391,302.2724648545453,1.5,21
1915.0,3,charge,0.9089288574770765,4.1012243307849925,299.70131385170424,0.0,21
1916.0,1,charge,0.9079179844912281,4.098496217694732,299.2615199130281,0.0,21
1916.0,2,charge,0.8971163534599127,4.15305016802031,302.2720531936948,1.5,21
1916.0,3,charge,0.9089288574770765,4.1012184376754846,299.7011825224771,0.0,21
1917.0,1,charge,0.9079179844912281,4.098495125211011,299.26131593099893,0.0,21
1917.0,2,charge,0.8972200325673136,4.153058503437603,302.27164150056365,1.5,21
1917.0,3,charge,0.9089288574770765,4.101212598667397,299.70105120436835,0.0,21
1918.0,1,charge,0.907917984491228,4.098494041332424,299.26111198639063,0.0,21
1918.0,2,charge,0.8973237116747091,4.153068275081165,302.2712297801596,1.5,21
1918.0,3,charge,0.9089288574770765,4.101206813068249,299.7009198973771,0.0,21
1919.0,1,charge,0.907917984491228,4.098492966055591,299.26090807920343,0.0,21
1919.0,2,charge,0.8974273907821101,4.153079426035784,302.2708180373016,1.5,21
1919.0,3,charge,0.9089288574770765,4.101201080187488,299.70078860150255,0.0,21
1920.0,1,charge,0.907917984491228,4.098491899377086,299.26070420943716,0.0,21
1920.0,2,charge,0.8975310698895056,4.153091901819012,302.27040627664064,1.5,21
1920.0,3,charge,0.9089288574770762,4.10119539952672,299.70065731674333,0.0,21
1921.0,1,charge,0.907917984491228,4.098490838688162,299.26050037696257,0.0,21
1921.0,2,charge,0.8976347489969068,4.153105653186013,302.26999450265106,1.5,21
1921.0,3,charge,0.9089288574770762,4.101189770533953,299.70052604309797,0.0,21
1922.0,1,charge,0.907917984491228,4.098489785908322,299.260296581875,0.0,21
1922.0,2,charge,0.8977384281043023,4.15312063280987,302.2695827196519,1.5,21
1922.0,3,charge,0.9089288574770762,4.101184192430823,299.70039478056594,0.0,21
1923.0,1,charge,0.9079179844912278,4.098488741180171,299.2600928241818,0.0,21
1923.0,2,charge,0.8978421072117032,4.1531367969176936,302.2691709318022,1.5,21
1923.0,3,charge,0.9089288574770762,4.101178664568426,299.70026352914647,0.0,21
1924.0,1,charge,0.9079179844912278,4.098487704500604,299.25988910388287,0.0,21
1924.0,2,charge,0.8979457863190987,4.153154104068645,302.26875914311427,1.5,21
1924.0,3,charge,0.9089288574770762,4.101173186299599,299.7001322888385,0.0,21
1925.0,1,charge,0.9079179844912277,4.098486675866605,299.25968542097826,0.0,21
1925.0,2,charge,0.8980494654265022,4.153172515017705,302.2683473574525,1.5,21
1925.0,3,charge,0.9089288574770762,4.101167757151705,299.70000105964107,0.0,21
1926.0,1,charge,0.9079179844912278,4.0984856552750895,299.2594817754679,0.0,21
1926.0,2,charge,0.8981531445338977,4.153191992602951,302.267935578551,1.5,21
1926.0,3,charge,0.9089288574770762,4.101162376884199,299.699869841553,0.0,21
1927.0,1,charge,0.9079179844912278,4.09848464272307,299.25927816735197,0.0,21
1927.0,2,charge,0.8982568236412987,4.153212501276814,302.267523810015,1.5,21
1927.0,3,charge,0.9089288574770762,4.101157044635599,299.6997386345735,0.0,21
1928.0,1,charge,0.9079179844912277,4.098483638207551,299.2590745966302,0.0,21
1928.0,2,charge,0.8983605027486942,4.15323400840778,302.2671120553023,1.5,21
1928.0,3,charge,0.9089288574770762,4.101151759819878,299.69960743870166,0.0,21
1929.0,1,charge,0.9079179844912277,4.098482641725557,299.2588710633029,0.0,21
1929.0,2,charge,0.8984641818560953,4.153256482123917,302.2667003177623,1.5,21
1929.0,3,charge,0.9089288574770756,4.10114652185257,299.6994762539364,0.0,21
1930.0,1,charge,0.9079179844912277,4.098481651730312,299.25866756721837,0.0,21
1930.0,2,charge,0.8985678609634908,4.153279891088396,302.26628860064216,1.5,21
1930.0,3,charge,0.9089288574770762,4.101141330200742,299.6993450802768,0.0,21
1931.0,1,charge,0.9079179844912277,4.098480668273309,299.258464108382,0.0,21
1931.0,2,charge,0.8986715400708926,4.1533042056477605,302.26587690707123,1.5,21
1931.0,3,charge,0.9089288574770756,4.101136184786261,299.6992139177221,0.0,21
1932.0,1,charge,0.9079179844912277,4.098479692315758,299.2582606868882,0.0,21
1932.0,2,charge,0.8987752191782881,4.15332940141966,302.26546524001634,1.5,21
1932.0,3,charge,0.9089288574770756,4.1011310847816365,299.6990827662711,0.0,21
1933.0,1,charge,0.907917984491227,4.098478723855001,299.25805730273714,0.0,21
1933.0,2,charge,0.8988788982856892,4.1533554499813805,302.2650536024111,1.5,21
1933.0,3,charge,0.9089288574770756,4.101126029656589,299.698951625923,0.0,21
1934.0,1,charge,0.907917984491227,4.0984777628883595,299.2578539559287,0.0,21
1934.0,2,charge,0.8989825773930847,4.15338232529303,302.2646419970718,1.5,21
1934.0,3,charge,0.9089288574770756,4.101121018882234,299.6988204966767,0.0,21
1935.0,1,charge,0.907917984491227,4.098476809413183,299.25765064646305,0.0,21
1935.0,2,charge,0.8990862565004857,4.15341000444284,302.2642304266902,1.5,21
1935.0,3,charge,0.9089288574770756,4.101116051931035,299.69868937853147,0.0,21
1936.0,1,charge,0.907917984491227,4.098475863426868,299.25744737434,0.0,21
1936.0,2,charge,0.8991899356078868,4.153438465789507,302.26381889386175,1.5,21
1936.0,3,charge,0.9089288574770756,4.101111128676704,299.6985582714862,0.0,21
1937.0,1,charge,0.907917984491227,4.098474924926764,299.25724413955965,0.0,21
1937.0,2,charge,0.8992936147152824,4.153467686357106,302.2634074011244,1.5,21
1937.0,3,charge,0.9089288574770755,4.101106248462392,299.69842717554013,0.0,21
1938.0,1,charge,0.907917984491227,4.098473993910366,299.257040942122,0.0,21
1938.0,2,charge,0.8993972938226833,4.153497644994006,302.26299595091774,1.5,21
1938.0,3,charge,0.9089288574770752,4.101101410769678,299.69829609069217,0.0,21
1939.0,1,charge,0.907917984491227,4.098473069804919,299.2568377819585,0.0,21
1939.0,2,charge,0.8995009729300788,4.153528323216782,302.26258454556336,1.5,21
1939.0,3,charge,0.9089288574770752,4.1010966151146135,299.6981650169414,0.0,21
1940.0,1,charge,0.907917984491227,4.098472151053626,299.25663465888204,0.0,21
1940.0,2,charge,0.8996046520374801,4.153559701544332,302.26217318733933,1.5,21
1940.0,3,charge,0.9089288574770752,4.1010918610144085,299.6980339542869,0.0,21
1941.0,1,charge,0.907917984491227,4.098471239281375,299.25643157308843,0.0,21
1941.0,2,charge,0.8997083311448753,4.153591761927099,302.2617618784348,1.5,21
1941.0,3,charge,0.9089288574770752,4.101087148225071,299.6979029027277,0.0,21
1942.0,1,charge,0.907917984491227,4.098470334485844,299.2562285245776,0.0,21
1942.0,2,charge,0.8998120102522765,4.153624487055325,302.26135062095926,1.5,21
1942.0,3,charge,0.9089288574770752,4.10108247629295,299.697771862263,0.0,21
1943.0,1,charge,0.907917984491227,4.098469436664681,299.2560255133496,0.0,21
1943.0,2,charge,0.8999156893596719,4.153657860290216,302.26093941694427,1.5,21
1943.0,3,charge,0.9089288574770752,4.101077844690636,299.6976408328917,0.0,21
1944.0,1,charge,0.907917984491227,4.098468545815615,299.2558225394044,0.0,21
1944.0,2,charge,0.900019368467073,4.153691865687868,302.26052826836343,1.5,21
1944.0,3,charge,0.9089288574770752,4.101073252971359,299.69750981461294,0.0,21
1945.0,1,charge,0.907917984491227,4.098467661936349,299.25561960274206,0.0,21
1945.0,2,charge,0.9001230475744685,4.153726487860403,302.2601171771206,1.5,21
1945.0,3,charge,0.9089288574770695,4.101068700689449,299.69737880742565,0.0,21
1946.0,1,charge,0.907917984491227,4.0984667850246375,299.25541670336247,0.0,21
1946.0,2,charge,0.9002267266818694,4.153761712220692,302.25970614504183,1.5,21
1946.0,3,charge,0.9089288574770695,4.101064187535931,299.69724781132913,0.0,21
1947.0,1,charge,0.9079179844912268,4.098465915078199,299.2552138412657,0.0,21
1947.0,2,charge,0.9003304057892649,4.15379752446596,302.25929517390284,1.5,21
1947.0,3,charge,0.9089288574770752,4.101059713193441,299.6971168263223,0.0,21
1948.0,1,charge,0.907917984491227,4.098465052094857,299.2550110164518,0.0,21
1948.0,2,charge,0.9004340848966665,4.153833910749713,302.25888426541997,1.5,21
1948.0,3,charge,0.9089288574770695,4.101055277138547,299.69698585240417,0.0,21
1949.0,1,charge,0.9079179844912268,4.098464194051841,299.2548082286438,0.0,21
1949.0,2,charge,0.900537764004062,4.153870857891257,302.2584734212474,1.5,21
1949.0,3,charge,0.9089288574770695,4.1010508789568,299.69685488957396,0.0,21
1950.0,1,charge,0.9079179844912268,4.098463342207781,299.25460547801435,0.0,21
1950.0,2,charge,0.900641443111463,4.153908353846873,302.2580626429705,1.5,21
1950.0,3,charge,0.9089288574770695,4.101046518234755,299.6967239378306,0.0,21
1951.0,1,charge,0.9079179844912268,4.098462496763798,299.2544027645913,0.0,21
1951.0,2,charge,0.9007451222188585,4.153946386081996,302.2576519321398,1.5,21
1951.0,3,charge,0.9089288574770752,4.10104219462535,299.6965929971732,0.0,21
1952.0,1,charge,0.9079179844912268,4.09846165769409,299.25420008837153,0.0,21
1952.0,2,charge,0.9008488013262594,4.153984942783992,302.25724129024854,1.5,21
1952.0,3,charge,0.9089288574770695,4.101037907911451,299.69646206760075,0.0,21
1953.0,1,charge,0.9079179844912268,4.098460824972781,299.25399744935163,0.0,21
1953.0,2,charge,0.900952480433655,4.15402401308533,302.2568307187281,1.5,21
1953.0,3,charge,0.9089288574770695,4.101033657579711,299.6963311491124,0.0,21
1954.0,1,charge,0.9079179844912268,4.0984599985741,299.25379484752835,0.0,21
1954.0,2,charge,0.9010561595410562,4.154063586342183,302.25642021896687,1.5,21
1954.0,3,charge,0.9089288574770695,4.101029443244686,299.69620024170723,0.0,21
1955.0,1,charge,0.9079179844912268,4.09845917847227,299.2535922828984,0.0,21
1955.0,2,charge,0.9011598386484517,4.154103652141782,302.2560097923112,1.5,21
1955.0,3,charge,0.9089288574770695,4.101025264521917,299.6960693453842,0.0,21
1956.0,1,charge,0.9079179844912268,4.098458364641553,299.25338975545867,0.0,21
1956.0,2,charge,0.9012635177558551,4.15414420060519,302.2555994400591,1.5,21
1956.0,3,charge,0.9089288574770695,4.101021121045845,299.6959384601425,0.0,21
1957.0,1,charge,0.9079179844912268,4.098457557056195,299.25318726520567,0.0,21
1957.0,2,charge,0.9013671968632506,4.154185222277768,302.25518916345413,1.5,21
1957.0,3,charge,0.9089288574770695,4.101017012750235,299.6958075859811,0.0,21
1958.0,1,charge,0.9079179844912268,4.098456755690533,299.2529848121362,0.0,21
1958.0,2,charge,0.9014708759706516,4.154226708049588,302.2547789637106,1.5,21
1958.0,3,charge,0.9089288574770695,4.101012939098299,299.695676722899,0.0,21
1959.0,1,charge,0.9079179844912268,4.098455960518859,299.252782396247,0.0,21
1959.0,2,charge,0.9015745550780471,4.154268649183539,302.25436884199814,1.5,21
1959.0,3,charge,0.9089288574770695,4.101008899736803,299.69554587089544,0.0,21
1960.0,1,charge,0.9079179844912268,4.098455171515564,299.25258001753485,0.0,21
1960.0,2,charge,0.901678234185448,4.154311037170934,302.253958799439,1.5,21
1960.0,3,charge,0.9089288574770695,4.1010048943131014,299.6954150299694,0.0,21
1961.0,1,charge,0.907917984491227,4.098454388654968,299.2523776759965,0.0,21
1961.0,2,charge,0.9017819132928435,4.154353863821814,302.2535488371182,1.5,21
1961.0,3,charge,0.9089288574770695,4.1010009224751975,299.69528420011994,0.0,21
1962.0,1,charge,0.907917984491227,4.098453611911493,299.25217537162854,0.0,21
1962.0,2,charge,0.9018855924002447,4.154397121355152,302.2531389560942,1.5,21
1962.0,3,charge,0.9089288574770695,4.100996983871676,299.695153381346,0.0,21
1963.0,1,charge,0.907917984491227,4.098452841259574,299.2519731044278,0.0,21
1963.0,2,charge,0.9019892715076402,4.154440802224098,302.25272915738805,1.5,21
1963.0,3,charge,0.9089288574770695,4.100993078151754,299.6950225736469,0.0,21
1964.0,1,charge,0.907917984491227,4.098452075699123,299.25177087422605,0.0,21
1964.0,2,charge,0.9020929506150411,4.154484899149175,302.25231944198924,1.5,21
1964.0,3,charge,0.9089288574770695,4.100989204965229,299.69489177702144,0.0,21
1965.0,1,charge,0.907917984491227,4.098451315674614,299.25156868109946,0.0,21
1965.0,2,charge,0.9021966297224372,4.154529405118967,302.25190981085314,1.5,21
1965.0,3,charge,0.9089288574770752,4.1009853639652665,299.69476099146885,0.0,21
1966.0,1,charge,0.907917984491227,4.098450561405764,299.2513665250864,0.0,21
1966.0,2,charge,0.9023003088298384,4.1545743135789985,302.2515002648496,1.5,21
1966.0,3,charge,0.9089288574770752,4.100981555282786,299.6946302169881,0.0,21
1967.0,1,charge,0.907917984491227,4.098449812851831,299.2511644061808,0.0,21
1967.0,2,charge,0.9024039879372336,4.154619617900903,302.25109080489784,1.5,21
1967.0,3,charge,0.9089288574770752,4.100977778281969,299.6944994535784,0.0,21
1968.0,1,charge,0.907917984491227,4.098449069972039,299.25096232437704,0.0,21
1968.0,2,charge,0.9025076670446348,4.154665311779322,302.25068143186144,1.5,21
1968.0,3,charge,0.9089288574770752,4.1009740326475175,299.6943687012386,0.0,21
1969.0,1,charge,0.907917984491227,4.0984483327256545,299.25076027966907,0.0,21
1969.0,2,charge,0.9026113461520301,4.154711389104051,302.2502721465789,1.5,21
1969.0,3,charge,0.9089288574770752,4.100970318066723,299.69423795996795,0.0,21
1970.0,1,charge,0.907917984491227,4.0984476010719515,299.2505582720509,0.0,21
1970.0,2,charge,0.9027150252594313,4.154757843943756,302.2498629498652,1.5,21
1970.0,3,charge,0.9089288574770752,4.1009666342292,299.6941072297654,0.0,21
1971.0,1,charge,0.907917984491227,4.098446874970277,299.250356301517,0.0,21
1971.0,2,charge,0.902818704366827,4.15480467104664,302.2494538424579,1.5,21
1971.0,3,charge,0.9089288574770752,4.100962980827131,299.69397651063,0.0,21
1972.0,1,charge,0.907917984491227,4.098446154379948,299.25015436806126,0.0,21
1972.0,2,charge,0.9029223834742279,4.154851865168363,302.24904482508987,1.5,21
1972.0,3,charge,0.9089288574770752,4.10095935755505,299.69384580256093,0.0,21
1973.0,1,charge,0.907917984491227,4.098445439260349,299.24995247167783,0.0,21
1973.0,2,charge,0.9030260625816234,4.154899420832408,302.2486358985145,1.5,21
1973.0,3,charge,0.9089288574770752,4.1009557641099885,299.69371510555715,0.0,21
1974.0,1,charge,0.907917984491227,4.09844472957087,299.2497506123608,0.0,21
1974.0,2,charge,0.9031297416890244,4.154947332959111,302.24822706343855,1.5,21
1974.0,3,charge,0.9089288574770752,4.1009522001913705,299.69358441961776,0.0,21
1975.0,1,charge,0.9079179844912268,4.098444025270922,299.2495487901044,0.0,21
1975.0,2,charge,0.9032334207964257,4.154995596617317,302.2478183205481,1.5,21
1975.0,3,charge,0.9089288574770752,4.100948665667021,299.6934537447418,0.0,21
1976.0,1,charge,0.907917984491227,4.098443326319975,299.24934700490275,0.0,21
1976.0,2,charge,0.9033370999038212,4.155044207062181,302.24740967050604,1.5,21
1976.0,3,charge,0.9089288574770752,4.100945160184631,299.6933230809284,0.0,21
1977.0,1,charge,0.907917984491227,4.098442632677465,299.24914525674996,0.0,21
1977.0,2,charge,0.9034407790112221,4.155093160285074,302.2470011139038,1.5,21
1977.0,3,charge,0.9089288574770752,4.1009416834699,299.6931924281766,0.0,21
1978.0,1,charge,0.9079179844912268,4.0984419443029,299.2489435456401,0.0,21
1978.0,2,charge,0.9035444581186176,4.155142451741325,302.2465926513734,1.5,21
1978.0,3,charge,0.9089288574770752,4.100938235260497,299.6930617864853,0.0,21
1979.0,1,charge,0.9079179844912268,4.098441261130217,299.2487418715608,0.0,21
1979.0,2,charge,0.9036481372260188,4.1551920773084206,302.24618428350334,1.5,21
1979.0,3,charge,0.9089288574770752,4.100934815299032,299.69293115585384,0.0,21
1980.0,1,charge,0.907917984491227,4.098440583072454,299.24854023449444,0.0,21
1980.0,2,charge,0.9037518163334141,4.155242033031368,302.24577601086133,1.5,21
1980.0,3,charge,0.9089288574770752,4.100931423333071,299.6928005362811,0.0,21
1980.0,1,hold,0.9079179844912256,4.098440583072454,299.24854023449444,0.0,-1
1980.0,2,hold,0.9037518163334153,4.155242033031368,302.24577601086133,0.0,-1
1980.0,3,hold,0.9089288574770729,4.100931423333071,299.6928005362811,0.0,-1
1980.0,1,hold,0.9079179844912256,4.098440583072454,299.24854023449444,0.0,22
1980.0,1,hold,0.907917984491227,4.098440583072454,299.24854023449444,0.0,22
1980.0,2,hold,0.9037518163334153,4.155242033031368,302.24577601086133,0.0,22
1980.0,2,hold,0.9037518163334141,4.109337157547959,302.24577601086133,0.0,22
1980.0,3,hold,0.9089288574770729,4.100931423333071,299.6928005362811,0.0,22
1980.0,3,hold,0.9089288574770752,4.100931423333071,299.6928005362811,0.0,22
1981.0,1,hold,0.9079179844912268,4.09843991293825,299.24833865580285,0.0,22
1981.0,2,hold,0.9037518163334143,4.108471116283502,302.2450806468101,0.0,22
1981.0,3,hold,0.9089288574770752,4.10092806840864,299.692669931703,0.0,22
1982.0,1,hold,0.9079179844912268,4.0984392477198295,299.2481371135828,0.0,22
1982.0,2,hold,0.9037518163334143,4.107926666752258,302.24438540081474,0.0,22
1982.0,3,hold,0.9089288574770752,4.100924738490773,299.69253933720216,0.0,22
1983.0,1,hold,0.9079179844912267,4.098438587357098,299.2479356077479,0.0,22
1983.0,2,hold,0.9037518163334151,4.107512490013283,302.24369027285536,0.0,22
1983.0,3,hold,0.9089288574770752,4.100921431758524,299.69240875209664,0.0,22
1984.0,1,hold,0.9079179844912267,4.098437932466963,299.2477341432872,0.0,22
1984.0,2,hold,0.9037518163334151,4.107167961920908,302.2429952629119,0.0,22
1984.0,3,hold,0.9089288574770752,4.100918150362032,299.6922781773463,0.0,22
1985.0,1,hold,0.9079179844912267,4.098437280857636,299.2475327034751,0.0,22
1985.0,2,hold,0.9037518163334151,4.106867601559253,302.2423003709645,0.0,22
1985.0,3,hold,0.9089288574770752,4.100914895256006,299.69214761351657,0.0,22
1986.0,1,hold,0.9079179844912267,4.098436633395668,299.24733129532666,0.0,22
1986.0,2,hold,0.9037518163334151,4.106598584807804,302.24160559699294,0.0,22
1986.0,3,hold,0.9089288574770752,4.10091166599514,299.692017060485,0.0,22
1987.0,1,hold,0.9079179844912267,4.098435990840807,299.2471299249952,0.0,22
1987.0,2,hold,0.9037518163334151,4.106353341113847,302.24091094097724,0.0,22
1987.0,3,hold,0.9089288574770752,4.100908462806901,299.6918865185507,0.0,22
1988.0,1,hold,0.9079179844912242,4.098435352578248,299.24692858751683,0.0,22
1988.0,2,hold,0.9037518163334151,4.1061270695609355,302.24021640289743,0.0,22
1988.0,3,hold,0.9089288574770752,4.100905285511734,299.691755987532,0.0,22
1989.0,1,hold,0.9079179844912242,4.09843471888364,299.24672728565423,0.0,22
1989.0,2,hold,0.9037518163334151,4.105916450720985,302.23952198273344,0.0,22
1989.0,3,hold,0.9089288574770752,4.1009021331710365,299.69162546759514,0.0,22
1990.0,1,hold,0.9079179844912267,4.098434089894953,299.2465260207962,0.0,22
1990.0,2,hold,0.9037518163334153,4.105719054226006,302.2388276804652,0.0,22
1990.0,3,hold,0.9089288574770752,4.1008990057248,299.6914949587465,0.0,22
1991.0,1,hold,0.9079179844912267,4.098433465468025,299.2463247915134,0.0,22
1991.0,2,hold,0.9037518163334153,4.105533088984137,302.2381334960728,0.0,22
1991.0,3,hold,0.9089288574770752,4.100895903614282,299.69136446090135,0.0,22
1992.0,1,hold,0.9079179844912267,4.098432845599193,299.24612359955665,0.0,22
1992.0,2,hold,0.9037518163334153,4.10535717270397,302.2374394295362,0.0,22
1992.0,3,hold,0.9089288574770695,4.100892826815089,299.6912339740597,0.0,22
1993.0,1,hold,0.9079179844912267,4.098432230287573,299.24592244481533,0.0,22
1993.0,2,hold,0.9037518163334153,4.105190186360977,302.23674548083534,0.0,22
1993.0,3,hold,0.9089288574770695,4.100889775302974,299.69110349822154,0.0,22
1994.0,1,hold,0.9079179844912267,4.098431619533235,299.24572132653816,0.0,22
1994.0,2,hold,0.9037518163334153,4.105031220896619,302.23605164995024,0.0,22
1994.0,3,hold,0.9089288574770752,4.100886748679324,299.69097303339794,0.0,22
1995.0,1,hold,0.9079179844912242,4.098431013335203,299.24552024472507,0.0,22
1995.0,2,hold,0.9037518163334153,4.104879531171951,302.2353579368609,0.0,22
1995.0,3,hold,0.9089288574770695,4.100883744698633,299.69084257965443,0.0,22
1996.0,1,hold,0.9079179844912242,4.09843041169241,299.24531919937607,0.0,22
1996.0,2,hold,0.9037518163334177,4.104734488457728,302.23466434154733,0.0,22
1996.0,3,hold,0.9089288574770752,4.1008807650583226,299.6907121369403,0.0,22
1997.0,1,hold,0.9079179844912242,4.0984298142701885,299.2451181909977,0.0,22
1997.0,2,hold,0.9037518163334177,4.104595554946666,302.23397086398955,0.0,22
1997.0,3,hold,0.9089288574770695,4.100877809735737,299.69058170525557,0.0,22
1998.0,1,hold,0.9079179844912242,4.098429220665269,299.2449172202004,0.0,22
1998.0,2,hold,0.9037518163334177,4.104462266512979,302.23327750416746,0.0,22
1998.0,3,hold,0.9089288574770695,4.100874878708426,299.69045128460016,0.0,22
1999.0,1,hold,0.9079179844912242,4.098428631441449,299.24471628612736,0.0,22
1999.0,2,hold,0.9037518163334177,4.104334218538847,302.2325842620612,0.0,22
1999.0,3,hold,0.9089288574770695,4.100871971954096,299.69032087497413,0.0,22
2000.0,1,hold,0.9079179844912242,4.098428046597766,299.2445153887784,0.0,22
2000.0,2,hold,0.9037518163334181,4.104211057053737,302.23189113765085,0.0,22
2000.0,3,hold,0.9089288574770695,4.1008690874105245,299.69019047638847,0.0,22
2001.0,1,hold,0.9079179844912267,4.098427466133272,299.2443145281536,0.0,22
2001.0,2,hold,0.9037518163334181,4.104092468372704,302.2311981309162,0.0,22
2001.0,3,hold,0.9089288574770695,4.100866225332389,299.6900600888417,0.0,22
2002.0,1,hold,0.9079179844912242,4.098426890047053,299.24411370425304,0.0,22
2002.0,2,hold,0.9037518163334181,4.1039781721442825,302.2305052418375,0.0,22
2002.0,3,hold,0.9089288574770695,4.100863386492954,299.6899297123295,0.0,22
2003.0,1,hold,0.9079179844912242,4.098426318338179,299.2439129170766,0.0,22
2003.0,2,hold,0.9037518163334181,4.103867916958732,302.2298124703945,0.0,22
2003.0,3,hold,0.9089288574770695,4.100860570871495,299.6897993468519,0.0,22
2004.0,1,hold,0.9079179844912267,4.098425751005697,299.2437121666243,0.0,22
2004.0,2,hold,0.9037518163334181,4.103761472568923,302.2291198165675,0.0,22
2004.0,3,hold,0.9089288574770695,4.100857778447521,299.6896689924089,0.0,22
2005.0,1,hold,0.9079179844912242,4.098425188048745,299.24351145289614,0.0,22
2005.0,2,hold,0.9037518163334181,4.10365863320232,302.22842728033646,0.0,22
2005.0,3,hold,0.9089288574770695,4.100855008647223,299.6895386489991,0.0,22
2006.0,1,hold,0.9079179844912267,4.098424629466367,299.24331077589216,0.0,22
2006.0,2,hold,0.9037518163334185,4.103559204047341,302.2277348616813,0.0,22
2006.0,3,hold,0.9089288574770752,4.100852259297676,299.68940831661763,0.0,22
2007.0,1,hold,0.9079179844912267,4.098424075257713,299.24311013561237,0.0,22
2007.0,2,hold,0.9037518163334185,4.1034630140383594,302.22704256058216,0.0,22
2007.0,3,hold,0.9089288574770752,4.10084953191887,299.6892779952681,0.0,22
2008.0,1,hold,0.9079179844912267,4.098423524545511,299.24290953217866,0.0,22
2008.0,2,hold,0.9037518163334181,4.103369898766511,302.226350377019,0.0,22
2008.0,3,hold,0.9089288574770695,4.100846826405332,299.6891476849502,0.0,22
2009.0,1,hold,0.9079179844912267,4.0984229773110155,299.2427089655936,0.0,22
2009.0,2,hold,0.9037518163334185,4.10327971316716,302.225658310972,0.0,22
2009.0,3,hold,0.9089288574770695,4.100844142651846,299.6890173856638,0.0,22
2010.0,1,hold,0.9079179844912267,4.098422434173564,299.24250843577073,0.0,22
2010.0,2,hold,0.9037518163334185,4.103192318972779,302.2249663624211,0.0,22
2010.0,3,hold,0.9089288574770752,4.1008414805533935,299.6888870974086,0.0,22
2011.0,1,hold,0.9079179844912267,4.098421895132363,299.24230794271034,0.0,22
2011.0,2,hold,0.9037518163334185,4.103107590094167,302.2242745313465,0.0,22
2011.0,3,hold,0.9089288574770695,4.100838840005304,299.68875682018455,0.0,22
2012.0,1,hold,0.9079179844912267,4.098421360186572,299.2421074864122,0.0,22
2012.0,2,hold,0.9037518163334185,4.103025407917887,302.2235828177281,0.0,22
2012.0,3,hold,0.9089288574770695,4.100836220903053,299.68862655399124,0.0,22
2013.0,1,hold,0.9079179844912267,4.098420829335419,299.24190706687637,0.0,22
2013.0,2,hold,0.9037518163334185,4.102945661104565,302.22289122154586,0.0,22
2013.0,3,hold,0.9089288574770695,4.100833623142433,299.6884962988287,0.0,22
2014.0,1,hold,0.9079179844912267,4.098420302578068,299.2417066841029,0.0,22
2014.0,2,hold,0.9037518163334187,4.102868245575058,302.22219974278016,0.0,22
2014.0,3,hold,0.9089288574770695,4.100831045851107,299.6883660546908,0.0,22
2015.0,1,hold,0.9079179844912267,4.098419779913742,299.2415063380917,0.0,22
2015.0,2,hold,0.903751816333419,4.102793062778153,302.2215083814108,0.0,22
2015.0,3,hold,0.9089288574770695,4.100828488420948,299.68823582157376,0.0,22
2016.0,1,hold,0.9079179844912267,4.098419261341659,299.2413060288428,0.0,22
2016.0,2,hold,0.903751816333419,4.102720020656552,302.2208171374179,0.0,22
2016.0,3,hold,0.9089288574770695,4.100825951417745,299.68810559948224,0.0,22
2017.0,1,hold,0.9079179844912267,4.09841874686105,299.2411057563563,0.0,22
2017.0,2,hold,0.903751816333419,4.102649032184008,302.22012601078166,0.0,22
2017.0,3,hold,0.9089288574770695,4.10082343467948,299.6879753884157,0.0,22
2018.0,1,hold,0.9079179844912267,4.098418236471108,299.2409055206321,0.0,22
2018.0,2,hold,0.903751816333419,4.102580015639729,302.219435001482,0.0,22
2018.0,3,hold,0.9089288574770695,4.1008209380444605,299.68784518837333,0.0,22
2019.0,1,hold,0.9079179844912267,4.098417728857829,299.2407053215097,0.0,22
2019.0,2,hold,0.9037518163334247,4.1025128939359,302.218744109499,0.0,22
2019.0,3,hold,0.9089288574770695,4.100818461351276,299.6877149993547,0.0,22
2020.0,1,hold,0.9079179844912242,4.098417224695746,299.2405051590717,0.0,22
2020.0,2,hold,0.9037518163334247,4.1024475939927125,302.21805333481296,0.0,22
2020.0,3,hold,0.9089288574770695,4.100816004438814,299.68758482135894,0.0,22
2021.0,1,hold,0.9079179844912267,4.098416724329761,299.24030503336024,0.0,22
2021.0,2,hold,0.9037518163334247,4.102384046765367,302.21736267740374,0.0,22
2021.0,3,hold,0.9089288574770695,4.100813567146222,299.6874546543856,0.0,22
2022.0,1,hold,0.9079179844912267,4.098416227759158,299.24010494437533,0.0,22
2022.0,2,hold,0.9037518163334247,4.102322186570175,302.2166721372515,0.0,22
2022.0,3,hold,0.9089288574770695,4.100811149312911,299.68732449843384,0.0,22
2023.0,1,hold,0.9079179844912267,4.098415734983279,299.23990489211707,0.0,22
2023.0,2,hold,0.9037518163334249,4.10226195090293,302.21598171433635,0.0,22
2023.0,3,hold,0.9089288574770695,4.100808750509337,299.6871943534983,0.0,22
2024.0,1,hold,0.9079179844912267,4.098415246001398,299.23970487658534,0.0,22
2024.0,2,hold,0.9037518163334249,4.102203280963709,302.2152914086384,0.0,22
2024.0,3,hold,0.9089288574770695,4.100806370637692,299.68706421957927,0.0,22
2025.0,1,hold,0.9079179844912267,4.098414760812837,299.2395048977802,0.0,22
2025.0,2,hold,0.9037518163334249,4.102146119872119,302.2146012201377,0.0,22
2025.0,3,hold,0.9089288574770695,4.1008040096107585,299.68693409667753,0.0,22
2026.0,1,hold,0.9079179844912267,4.098414279416934,299.2393049557016,0.0,22
2026.0,2,hold,0.9037518163334257,4.1020904132415215,302.2139111488143,0.0,22
2026.0,3,hold,0.9089288574770695,4.100801667256219,299.6868039847922,0.0,22
2027.0,1,hold,0.9079179844912267,4.098413801813033,299.2391050503495,0.0,22
2027.0,2,hold,0.9037518163334257,4.102036111311891,302.2132211946485,0.0,22
2027.0,3,hold,0.9089288574770692,4.100799343402137,299.6866738839223,0.0,22
2028.0,1,hold,0.9079179844912267,4.098413328000438,299.2389051817241,0.0,22
2028.0,2,hold,0.9037518163334257,4.1019831639891,302.21253135762026,0.0,22
2028.0,3,hold,0.9089288574770693,4.100797037876754,299.6865437940671,0.0,22
2029.0,1,hold,0.9079179844912267,4.0984128579785,299.2387053498252,0.0,22
2029.0,2,hold,0.9037518163334257,4.101931523832281,302.2118416377097,0.0,22
2029.0,3,hold,0.9089288574770693,4.1007947505086,299.6864137152257,0.0,22
2030.0,1,hold,0.9079179844912242,4.098412390183258,299.23850555430965,0.0,22
2030.0,2,hold,0.9037518163334259,4.101881147941134,302.2111520348969,0.0,22
2030.0,3,hold,0.9089288574770693,4.100792481126456,299.6862836473971,0.0,22
2031.0,1,hold,0.9079179844912242,4.098411925838336,299.23830579544625,0.0,22
2031.0,2,hold,0.9037518163334259,4.101831992563307,302.2104625491621,0.0,22
2031.0,3,hold,0.9089288574770692,4.100790229559442,299.6861535905805,0.0,22
2032.0,1,hold,0.9079179844912242,4.098411464944613,299.23810607323526,0.0,22
2032.0,2,hold,0.9037518163334259,4.101784016540707,302.20977318048534,0.0,22
2032.0,3,hold,0.9089288574770693,4.100787995904048,299.6860235447729,0.0,22
2033.0,1,hold,0.9079179844912267,4.098411007488291,299.2379063876737,0.0,22
2033.0,2,hold,0.9037518163334259,4.1017371818022195,302.20908392884684,0.0,22
2033.0,3,hold,0.9089288574770692,4.100785779814327,299.6858935099749,0.0,22
2034.0,1,hold,0.9079179844912242,4.098410553455603,299.23770673875885,0.0,22
2034.0,2,hold,0.9037518163334259,4.101691450523017,302.20839479422654,0.0,22
2034.0,3,hold,0.9089288574770692,4.100783581125436,299.6857634861854,0.0,22
2035.0,1,hold,0.9079179844912242,4.098410102832691,299.2375071264877,0.0,22
2035.0,2,hold,0.9037518163334259,4.101646786871013,302.20770577660477,0.0,22
2035.0,3,hold,0.9089288574770692,4.100781399676464,299.6856334734035,0.0,22
2036.0,1,hold,0.9079179844912242,4.098409655605833,299.2373075508573,0.0,22
2036.0,2,hold,0.9037518163334259,4.101603156707846,302.20701687596153,0.0,22
2036.0,3,hold,0.9089288574770692,4.100779235306694,299.6855034716283,0.0,22
2037.0,1,hold,0.9079179844912242,4.098409211761249,299.23710801186485,0.0,22
2037.0,2,hold,0.9037518163334259,4.101560527043768,302.20632809227703,0.0,22
2037.0,3,hold,0.9089288574770692,4.1007770878556755,299.6853734808589,0.0,22
2038.0,1,hold,0.9079179844912242,4.098408771285152,299.23690850950743,0.0,22
2038.0,2,hold,0.9037518163334284,4.1015188662585285,302.20563942553144,0.0,22
2038.0,3,hold,0.9089288574770692,4.100774957163146,299.68524350109425,0.0,22
2039.0,1,hold,0.9079179844912242,4.09840833416377,299.23670904378207,0.0,22
2039.0,2,hold,0.9037518163334284,4.101478144027114,302.2049508757048,0.0,22
2039.0,3,hold,0.9089288574770692,4.1007728430691035,299.68511353233333,0.0,22
2040.0,1,hold,0.9079179844912242,4.098407900383387,299.23650961468593,0.0,22
2040.0,2,hold,0.9037518163334284,4.101438331059997,302.2042624427773,0.0,22
2040.0,3,hold,0.9089288574770692,4.10077074550229,299.6849835745753,0.0,22
2041.0,1,hold,0.9079179844912242,4.098407469930228,299.23631022221605,0.0,22
2041.0,2,hold,0.9037518163334284,4.101399399198462,302.2035741267292,0.0,22
2041.0,3,hold,0.9089288574770692,4.100768664572344,299.6848536278192,0.0,22
2042.0,1,hold,0.9079179844912242,4.098407042790557,299.2361108663696,0.0,22
2042.0,2,hold,0.9037518163334284,4.101361321671304,302.20288592754054,0.0,22
2042.0,3,hold,0.9089288574770692,4.100766599900014,299.68472369206404,0.0,22
2043.0,1,hold,0.907917984491224,4.0984066189506585,299.23591154714364,0.0,22
2043.0,2,hold,0.9037518163334284,4.101324072305355,302.2021978451915,0.0,22
2043.0,3,hold,0.9089288574770692,4.1007645513399265,299.6845937673088,0.0,22
2044.0,1,hold,0.907917984491224,4.0984061983967965,299.2357122645352,0.0,22
2044.0,2,hold,0.9037518163334287,4.101287626023593,302.20150987966235,0.0,22
2044.0,3,hold,0.9089288574770685,4.100762518746873,299.6844638535527,0.0,22
2045.0,1,hold,0.907917984491224,4.098405781115252,299.2355130185415,0.0,22
2045.0,2,hold,0.9037518163334287,4.1012519590131316,302.20082203093307,0.0,22
2045.0,3,hold,0.9089288574770685,4.100760501975907,299.68433395079467,0.0,22
2046.0,1,hold,0.907917984491224,4.098405367092306,299.2353138091596,0.0,22
2046.0,2,hold,0.9037518163334287,4.101217047975975,302.2001342989839,0.0,22
2046.0,3,hold,0.9089288574770685,4.100758500882206,299.68420405903373,0.0,22
2047.0,1,hold,0.907917984491224,4.098404955538191,299.23511463611476,0.0,22
2047.0,2,hold,0.9037518163334287,4.101182870591824,302.19944668379514,0.0,22
2047.0,3,hold,0.9089288574770685,4.100756515321198,299.684074178269,0.0,22
2048.0,1,hold,0.907917984491224,4.098404547058303,299.23491549962074,0.0,22
2048.0,2,hold,0.9037518163334287,4.101149405473512,302.19875918534683,0.0,22
2048.0,3,hold,0.9089288574770685,4.100754545148485,299.68394430849946,0.0,22
2049.0,1,hold,0.907917984491224,4.098404141651622,299.2347163996793,0.0,22
2049.0,2,hold,0.9037518163334294,4.10111663188685,302.19807180361914,0.0,22
2049.0,3,hold,0.9089288574770685,4.100752590388437,299.6838144497244,0.0,22
2050.0,1,hold,0.907917984491224,4.098403739296883,299.2345173362848,0.0,22
2050.0,2,hold,0.9037518163334294,4.10108452988773,302.1973845385923,0.0,22
2050.0,3,hold,0.9089288574770685,4.100750650984354,299.6836846019429,0.0,22
2051.0,1,hold,0.907917984491224,4.098403339972817,299.2343183094316,0.0,22
2051.0,2,hold,0.9037518163334294,4.1010530802737435,302.1966973902466,0.0,22
2051.0,3,hold,0.9089288574770685,4.1007487266614575,299.68355476515393,0.0,22
2052.0,1,hold,0.9079179844912234,4.098402943658192,299.2341193191142,0.0,22
2052.0,2,hold,0.9037518163334294,4.101022264463046,302.19601035856203,0.0,22
2052.0,3,hold,0.9089288574770685,4.100746817288231,299.6834249393564,0.0,22
2053.0,1,hold,0.9079179844912234,4.0984025503317465,299.233920365327,0.0,22
2053.0,2,hold,0.9037518163334294,4.100992064516818,302.1953234435189,0.0,22
2053.0,3,hold,0.9089288574770685,4.100744922733378,299.6832951245496,0.0,22
2054.0,1,hold,0.9079179844912234,4.0984021599722436,299.23372144806444,0.0,22
2054.0,2,hold,0.9037518163334294,4.10096246308658,302.19463664509743,0.0,22
2054.0,3,hold,0.9089288574770685,4.100743042865728,299.68316532073237,0.0,22
2055.0,1,hold,0.9079179844912234,4.098401772558459,299.233522567321,0.0,22
2055.0,2,hold,0.9037518163334297,4.100933443674537,302.19394996327776,0.0,22
2055.0,3,hold,0.9089288574770685,4.100741177554331,299.683035527904,0.0,22
2056.0,1,hold,0.9079179844912234,4.0984013880691545,299.2333237230911,0.0,22
2056.0,2,hold,0.9037518163334297,4.1009049901259775,302.19326339804013,0.0,22
2056.0,3,hold,0.9089288574770685,4.100739326668334,299.6829057460633,0.0,22
2057.0,1,hold,0.9079179844912234,4.0984010064831295,299.2331249153691,0.0,22
2057.0,2,hold,0.9037518163334297,4.100877086748435,302.1925769493647,0.0,22
2057.0,3,hold,0.9089288574770685,4.100737490077128,299.68277597520944,0.0,22
2058.0,1,hold,0.9079179844912234,4.098400627779165,299.23292614414953,0.0,22
2058.0,2,hold,0.9037518163334297,4.100849718381822,302.1918906172317,0.0,22
2058.0,3,hold,0.9089288574770685,4.100735667881128,299.68264621534166,0.0,22
2059.0,1,hold,0.9079179844912234,4.098400251936061,299.2327274094268,0.0,22
2059.0,2,hold,0.9037518163334297,4.100822870486558,302.1912044016214,0.0,22
2059.0,3,hold,0.9089288574770685,4.100733859886592,299.68251646645894,0.0,22
2060.0,1,hold,0.9079179844912234,4.098399878932616,299.2325287111953,0.0,22
2060.0,2,hold,0.9037518163334297,4.1007965294353,302.19051830251396,0.0,22
2060.0,3,hold,0.9089288574770685,4.100732065912677,299.68238672856046,0.0,22
2061.0,1,hold,0.9079179844912234,4.0983995087476455,299.2323300494495,0.0,22
2061.0,2,hold,0.9037518163334297,4.100770681310992,302.1898323198896,0.0,22
2061.0,3,hold,0.9089288574770685,4.100730285842017,299.68225700164504,0.0,22
2062.0,1,hold,0.9079179844912234,4.098399141359971,299.2321314241838,0.0,22
2062.0,2,hold,0.9037518163334297,4.100745312883177,302.18914645372854,0.0,22
2062.0,3,hold,0.9089288574770685,4.100728519557622,299.68212728571194,0.0,22
2063.0,1,hold,0.9079179844912233,4.098398776748427,299.2319328353927,0.0,22
2063.0,2,hold,0.9037518163334297,4.100720411307723,302.18846070401105,0.0,22
2063.0,3,hold,0.9089288574770685,4.100726766942845,299.68199758076014,0.0,22
2064.0,1,hold,0.9079179844912234,4.098398414837677,299.23173428302937,0.0,22
2064.0,2,hold,0.9037518163334297,4.100695964678005,302.1877750707173,0.0,22
2064.0,3,hold,0.9089288574770685,4.100725027881522,299.6818678867887,0.0,22
2065.0,1,hold,0.9079179844912233,4.098398055634814,299.2315357671097,0.0,22
2065.0,2,hold,0.9037518163334297,4.100671961033546,302.1870895538276,0.0,22
2065.0,3,hold,0.9089288574770685,4.100723302257796,299.6817382037967,0.0,22
2066.0,1,hold,0.907917984491223,4.098397699117948,299.2313372876275,0.0,22
2066.0,2,hold,0.9037518163334299,4.100648388739703,302.1864041533221,0.0,22
2066.0,3,hold,0.9089288574770685,4.100721589956203,299.6816085317833,0.0,22
2067.0,1,hold,0.907917984491223,4.098397345263146,299.2311388445753,0.0,22
2067.0,2,hold,0.9037518163334299,4.100625236606563,302.1857188691811,0.0,22
2067.0,3,hold,0.9089288574770685,4.100719890861688,299.68147887074747,0.0,22
2068.0,1,hold,0.907917984491223,4.098396994046503,299.23094043794526,0.0,22
2068.0,2,hold,0.9037518163334299,4.100602493813206,302.18503370138484,0.0,22
2068.0,3,hold,0.9089288574770685,4.10071820485957,299.6813492206883,0.0,22
2069.0,1,hold,0.907917984491223,4.098396645444103,299.23074206772975,0.0,22
2069.0,2,hold,0.9037518163334299,4.100580150045706,302.18434864991355,0.0,22
2069.0,3,hold,0.9089288574770685,4.100716531835532,299.68121958160486,0.0,22
2070.0,1,hold,0.907917984491223,4.09839629943202,299.23054373392097,0.0,22
2070.0,2,hold,0.9037518163334299,4.100558195251429,302.18366371474747,0.0,22
2070.0,3,hold,0.9089288574770685,4.100714871675649,299.6810899534962,0.0,22
2070.0,1,hold,0.9079179844912203,4.09839629943202,299.23054373392097,0.0,23
2070.0,1,hold,0.907917984491223,4.09839629943202,299.23054373392097,0.0,23
2070.0,2,hold,0.9037518163334312,4.100558195251429,302.18366371474747,0.0,23
2070.0,2,hold,0.9037518163334299,4.100558195251429,302.18366371474747,0.0,23
2070.0,3,hold,0.9089288574770699,4.100714871675649,299.6810899534962,0.0,23
2070.0,3,hold,0.9089288574770685,4.100714871675649,299.6810899534962,0.0,23
2071.0,1,hold,0.907917984491223,4.098395958160001,299.23034546801244,0.0,23
2071.0,2,hold,0.9037518163334302,4.100536625652319,302.18297889796196,0.0,23
2071.0,3,hold,0.9089288574770683,4.100713229611564,299.6809603411142,0.0,23
2072.0,1,hold,0.907917984491223,4.098395618632564,299.2301472271963,0.0,23
2072.0,2,hold,0.9037518163334302,4.100515419056171,302.18229419550426,0.0,23
2072.0,3,hold,0.9089288574770685,4.100711601365235,299.6808307408016,0.0,23
2073.0,1,hold,0.907917984491223,4.098395282605013,299.2299490373727,0.0,23
2073.0,2,hold,0.9037518163334302,4.100494571250076,302.18160960921733,0.0,23
2073.0,3,hold,0.9089288574770683,4.10070998160017,299.6807011478034,0.0,23
2074.0,1,hold,0.907917984491223,4.098394948569249,299.229750877034,0.0,23
2074.0,2,hold,0.9037518163334309,4.100474074119431,302.180925139101,0.0,23
2074.0,3,hold,0.9089288574770683,4.100708373993642,299.68057156556375,0.0,23
2075.0,1,hold,0.907917984491223,4.098394617468502,299.22955276024527,0.0,23
2075.0,2,hold,0.9037518163334309,4.100453920155692,302.1802407851676,0.0,23
2075.0,3,hold,0.9089288574770683,4.100706777740234,299.68044199333525,0.0,23
2076.0,1,hold,0.907917984491223,4.098394288006999,299.2293546676944,0.0,23
2076.0,2,hold,0.9037518163334309,4.100434101146176,302.17955654741354,0.0,23
2076.0,3,hold,0.9089288574770683,4.100705193261996,299.6803124316361,0.0,23
2077.0,1,hold,0.9079179844912173,4.0983939601845645,299.2291565993815,0.0,23
2077.0,2,hold,0.9037518163334309,4.100414609348016,302.1788724258248,0.0,23
2077.0,3,hold,0.9089288574770683,4.100703620819134,299.6801828807601,0.0,23
2078.0,1,hold,0.9079179844912173,4.098393634684525,299.2289585663193,0.0,23
2078.0,2,hold,0.9037518163334309,4.100395436586018,302.17818842038264,0.0,23
2078.0,3,hold,0.9089288574770683,4.10070206022678,299.6800533406875,0.0,23
2079.0,1,hold,0.9079179844912173,4.098393311677038,299.22876057125364,0.0,23
2079.0,2,hold,0.9037518163334312,4.100376576185081,302.17750453107055,0.0,23
2079.0,3,hold,0.9089288574770683,4.100700511545623,299.6799238116973,0.0,23
2080.0,1,hold,0.9079179844912173,4.098392990808332,299.22856260848954,0.0,23
2080.0,2,hold,0.9037518163334312,4.100358020230855,302.1768207578687,0.0,23
2080.0,3,hold,0.9089288574770683,4.100698974709518,299.679794293538,0.0,23
2081.0,1,hold,0.9079179844912173,4.098392672078219,299.2283646780271,0.0,23
2081.0,2,hold,0.9037518163334312,4.100339761218427,302.1761371007559,0.0,23
2081.0,3,hold,0.9089288574770683,4.100697449712593,299.67966478620946,0.0,23
2082.0,1,hold,0.907917984491223,4.098392355673214,299.228166783922,0.0,23
2082.0,2,hold,0.9037518163334312,4.1003217919819654,302.17545355971265,0.0,23
2082.0,3,hold,0.9089288574770683,4.100695935455759,299.6795352899718,0.0,23
2083.0,1,hold,0.9079179844912173,4.0983920416045905,299.227968926425,0.0,23
2083.0,2,hold,0.9037518163334336,4.100304105592114,302.1747701347186,0.0,23
2083.0,3,hold,0.9089288574770683,4.100694432006444,299.67940580480763,0.0,23
2084.0,1,hold,0.9079179844912173,4.098391729796761,299.2277711039006,0.0,23
2084.0,2,hold,0.9037518163334336,4.100286695503245,302.17408682575376,0.0,23
2084.0,3,hold,0.9089288574770683,4.100692940020771,299.6792763305597,0.0,23
2085.0,1,hold,0.9079179844912173,4.098391420249479,299.2275733163489,0.0,23
2085.0,2,hold,0.9037518163334336,4.100269555172408,302.1734036327983,0.0,23
2085.0,3,hold,0.9089288574770683,4.100691459493202,299.67914686722787,0.0,23
2086.0,1,hold,0.9079179844912173,4.098391112895397,299.2273755663632,0.0,23
2086.0,2,hold,0.9037518163334336,4.100252678578919,302.1727205558325,0.0,23
2086.0,3,hold,0.9089288574770659,4.100689990418211,299.6790174148122,0.0,23
2087.0,1,hold,0.9079179844912173,4.098390807755864,299.2271778531084,0.0,23
2087.0,2,hold,0.9037518163334336,4.100236059716741,302.17203759483664,0.0,23
2087.0,3,hold,0.9089288574770659,4.100688532790285,299.67888797331284,0.0,23
2088.0,1,hold,0.9079179844912173,4.098390504853731,299.2269801756911,0.0,23
2088.0,2,hold,0.9037518163334336,4.100219692907034,302.17135474979113,0.0,23
2088.0,3,hold,0.9089288574770659,4.100687086603989,299.67875854272955,0.0,23
2089.0,1,hold,0.9079179844912173,4.09839020418878,299.2267825341113,0.0,23
2089.0,2,hold,0.9037518163334338,4.100203572195648,302.1706720206762,0.0,23
2089.0,3,hold,0.9089288574770659,4.100685651853954,299.6786291230625,0.0,23
2090.0,1,hold,0.9079179844912173,4.098389905760728,299.22658492836894,0.0,23
2090.0,2,hold,0.9037518163334338,4.100187692326758,302.16998940747214,0.0,23
2090.0,3,hold,0.9089288574770659,4.100684228534801,299.6784997143116,0.0,23
2091.0,1,hold,0.9079179844912173,4.098389609569365,299.2263873584641,0.0,23
2091.0,2,hold,0.9037518163334338,4.100172047929886,302.16930691015943,0.0,23
2091.0,3,hold,0.9089288574770658,4.100682816598297,299.67837031647844,0.0,23
2092.0,1,hold,0.9079179844912173,4.09838931561441,299.2261898243966,0.0,23
2092.0,2,hold,0.9037518163334338,4.100156633531737,302.1686245287182,0.0,23
2092.0,3,hold,0.9089288574770658,4.100681412743857,299.6782409296794,0.0,23
2093.0,1,hold,0.9079179844912173,4.0983890237957095,299.22599232634747,0.0,23
2093.0,2,hold,0.9037518163334338,4.100141444345114,302.16794226312896,0.0,23
2093.0,3,hold,0.9089288574770658,4.1006800196684505,299.67811155381906,0.0,23
2094.0,1,hold,0.9079179844912173,4.098388733159004,299.2257948660406,0.0,23
2094.0,2,hold,0.9037518163334344,4.100126475402414,302.1672601133719,0.0,23
2094.0,3,hold,0.9089288574770658,4.100678637367144,299.6779821888975,0.0,23
2095.0,1,hold,0.9079179844912173,4.098388444628236,299.225597441806,0.0,23
2095.0,2,hold,0.9037518163334344,4.1001117218755585,302.1665780794275,0.0,23
2095.0,3,hold,0.9089288574770658,4.10067726583509,299.6778528349146,0.0,23
2096.0,1,hold,0.9079179844912173,4.098388158203202,299.22540005364357,0.0,23
2096.0,2,hold,0.9037518163334344,4.100097179221274,302.165896161276,0.0,23
2096.0,3,hold,0.9089288574770655,4.100675905067485,299.67772349187044,0.0,23
2097.0,1,hold,0.9079179844912173,4.0983878738836665,299.2252027015533,0.0,23
2097.0,2,hold,0.9037518163334346,4.100082842956452,302.1652143588978,0.0,23
2097.0,3,hold,0.9089288574770655,4.100674555059509,299.6775941597649,0.0,23
2098.0,1,hold,0.9079179844912173,4.0983875916693915,299.2250053855352,0.0,23
2098.0,2,hold,0.9037518163334348,4.100068708751449,302.1645326722732,0.0,23
2098.0,3,hold,0.9089288574770655,4.100673215806415,299.67746483859815,0.0,23
2099.0,1,hold,0.9079179844912173,4.098387311560204,299.2248081055893,0.0,23
2099.0,2,hold,0.9037518163334348,4.100054772139895,302.16385110138253,0.0,23
2099.0,3,hold,0.9089288574770655,4.100671887303543,299.6773355283701,0.0,23
2100.0,1,hold,0.9079179844912173,4.098387033555857,299.2246108617156,0.0,23
2100.0,2,hold,0.9037518163334348,4.100041029139144,302.16316964620626,0.0,23
2100.0,3,hold,0.9089288574770655,4.1006705695461765,299.6772062290807,0.0,23
2101.0,1,hold,0.9079179844912171,4.098386757656138,299.224413653914,0.0,23
2101.0,2,hold,0.9037518163334406,4.10002747580643,302.1624883067246,0.0,23
2101.0,3,hold,0.9089288574770655,4.100669261037181,299.6770769407335,0.0,23
2102.0,1,hold,0.9079179844912169,4.098386483860827,299.22421648218466,0.0,23
2102.0,2,hold,0.9037518163334406,4.100014108344391,302.1618070829179,0.0,23
2102.0,3,hold,0.9089288574770655,4.100667960788597,299.6769476633307,0.0,23
2103.0,1,hold,0.9079179844912169,4.098386212169718,299.2240193465274,0.0,23
2103.0,2,hold,0.9037518163334406,4.100000922837356,302.1611259747666,0.0,23
2103.0,3,hold,0.9089288574770655,4.1006666705793595,299.67681839686816,0.0,23
2104.0,1,hold,0.9079179844912169,4.098385942582613,299.2238222469424,0.0,23
2104.0,2,hold,0.9037518163334408,4.0999879152870395,302.16044498225114,0.0,23
2104.0,3,hold,0.9089288574770655,4.100665390405268,299.6766891413459,0.0,23
2105.0,1,hold,0.9079179844912169,4.098385675099307,299.2236251834296,0.0,23
2105.0,2,hold,0.9037518163334408,4.099975082408855,302.1597641053517,0.0,23
2105.0,3,hold,0.9089288574770655,4.100664120262099,299.6765598967639,0.0,23
2106.0,1,hold,0.9079179844912169,4.0983854097195564,299.2234281559888,0.0,23
2106.0,2,hold,0.9037518163334408,4.099962420790677,302.15908334404884,0.0,23
2106.0,3,hold,0.9089288574770655,4.100662860145695,299.67643066312223,0.0,23
2107.0,1,hold,0.9079179844912169,4.098385146443176,299.22323116462036,0.0,23
2107.0,2,hold,0.9037518163334408,4.09994992714328,302.1584026983228,0.0,23
2107.0,3,hold,0.9089288574770655,4.100661610051894,299.6763014404209,0.0,23
2108.0,1,hold,0.9079179844912169,4.09838488526999,299.22303420932406,0.0,23
2108.0,2,hold,0.9037518163334408,4.099937597765708,302.157722168154,0.0,23
2108.0,3,hold,0.9089288574770655,4.100660369976618,299.6761722286598,0.0,23
2109.0,1,hold,0.9079179844912169,4.0983846261997385,299.22283729009985,0.0,23
2109.0,2,hold,0.9037518163334416,4.099925429457867,302.15704175352283,0.0,23
2109.0,3,hold,0.9089288574770655,4.100659139915795,299.6760430278391,0.0,23
2110.0,1,hold,0.9079179844912169,4.098384368377653,299.2226404069694,0.0,23
2110.0,2,hold,0.9037518163334416,4.099913419252436,302.15636145440965,0.0,23
2110.0,3,hold,0.9089288574770655,4.100657919865361,299.6759138379586,0.0,23
2111.0,1,hold,0.9079179844912163,4.098384111667107,299.22244355993615,0.0,23
2111.0,2,hold,0.9037518163334416,4.099901564147094,302.15568127079484,0.0,23
2111.0,3,hold,0.9089288574770655,4.1006567068351085,299.67578465899476,0.0,23
2112.0,1,hold,0.9079179844912163,4.098383856860563,299.22224674898007,0.0,23
2112.0,2,hold,0.9037518163334416,4.099889861218589,302.15500120265887,0.0,23
2112.0,3,hold,0.9089288574770655,4.100655502636949,299.67565549096184,0.0,23
2113.0,1,hold,0.9079179844912163,4.098383603957826,299.22204997410114,0.0,23
2113.0,2,hold,0.9037518163334416,4.099878307129256,302.15432124998205,0.0,23
2113.0,3,hold,0.9089288574770655,4.100654307761129,299.67552633386384,0.0,23
2114.0,1,hold,0.9079179844912163,4.098383352958704,299.2218532352995,0.0,23
2114.0,2,hold,0.9037518163334416,4.099866899304269,302.1536414127448,0.0,23
2114.0,3,hold,0.9089288574770655,4.100653122204044,299.67539718770075,0.0,23
2115.0,1,hold,0.9079179844912163,4.098383103863071,299.22165653257497,0.0,23
2115.0,2,hold,0.9037518163334418,4.0998556350072,302.1529616909275,0.0,23
2115.0,3,hold,0.9089288574770655,4.10065194596204,299.6752680524726,0.0,23
2116.0,1,hold,0.9079179844912163,4.0983828566707015,299.2214598659276,0.0,23
2116.0,2,hold,0.9037518163334418,4.099844511584456,302.1522820845106,0.0,23
2116.0,3,hold,0.9089288574770655,4.100650779031556,299.6751389281793,0.0,23
2117.0,1,hold,0.9079179844912161,4.0983826113814406,299.2212632353574,0.0,23
2117.0,2,hold,0.9037518163334418,4.099833526361442,302.1516025934745,0.0,23
2117.0,3,hold,0.9089288574770649,4.100649621408987,299.67500981482095,0.0,23
2118.0,1,hold,0.9079179844912161,4.098382367995148,299.2210666408645,0.0,23
2118.0,2,hold,0.9037518163334418,4.099822676619864,302.1509232177996,0.0,23
2118.0,3,hold,0.9089288574770655,4.100648473090805,299.6748807123975,0.0,23
2119.0,1,hold,0.9079179844912161,4.098382126511604,299.2208700824487,0.0,23
2119.0,2,hold,0.9037518163334418,4.099811959995607,302.15024395746633,0.0,23
2119.0,3,hold,0.9089288574770655,4.100647334073511,299.674751620909,0.0,23
2120.0,1,hold,0.9079179844912161,4.098381886930655,299.2206735601101,0.0,23
2120.0,2,hold,0.9037518163334443,4.099801374079407,302.1495648124551,0.0,23
2120.0,3,hold,0.9089288574770655,4.100646203532229,299.67462254034547,0.0,23
2121.0,1,hold,0.9079179844912161,4.098381649252154,299.22047707384866,0.0,23
2121.0,2,hold,0.9037518163334443,4.099790916533815,302.1488857827462,0.0,23
2121.0,3,hold,0.9089288574770655,4.100645079556781,299.67449347068396,0.0,23
2122.0,1,hold,0.9079179844912161,4.098381413475913,299.2202806236644,0.0,23
2122.0,2,hold,0.9037518163334443,4.099780584926963,302.1482068683204,0.0,23
2122.0,3,hold,0.9089288574770655,4.100643964233614,299.6743644119497,0.0,23
2123.0,1,hold,0.9079179844912161,4.098381179601768,299.2200842095573,0.0,23
2123.0,2,hold,0.9037518163334443,4.099770376996785,302.1475280691578,0.0,23
2123.0,3,hold,0.9089288574770649,4.100642857559572,299.67423536414265,0.0,23
2124.0,1,hold,0.9079179844912161,4.098380947629577,299.21988783152744,0.0,23
2124.0,2,hold,0.9037518163334443,4.099760290611181,302.14684938523885,0.0,23
2124.0,3,hold,0.9089288574770649,4.100641759531461,299.6741063272628,0.0,23
2125.0,1,hold,0.9079179844912161,4.098380717559154,299.2196914895747,0.0,23
2125.0,2,hold,0.9037518163334446,4.099750323650989,302.1461708165442,0.0,23
2125.0,3,hold,0.9089288574770649,4.100640670146232,299.6739773013101,0.0,23
2126.0,1,hold,0.9079179844912161,4.098380489390328,299.21949518369917,0.0,23
2126.0,2,hold,0.9037518163334446,4.099740474058395,302.1454923630541,0.0,23
2126.0,3,hold,0.9089288574770649,4.100639589400734,299.6738482862847,0.0,23
2127.0,1,hold,0.9079179844912161,4.098380261484705,299.21929891332877,0.0,23
2127.0,2,hold,0.9037518163334446,4.099730739590383,302.144814024749,0.0,23
2127.0,3,hold,0.9089288574770649,4.1006385172919,299.6737192821864,0.0,23
2128.0,1,hold,0.9079179844912135,4.098380035132918,299.2191026789143,0.0,23
2128.0,2,hold,0.9037518163334446,4.0997211183795255,302.1441358016095,0.0,23
2128.0,3,hold,0.9089288574770649,4.100637453816715,299.67359028901535,0.0,23
2129.0,1,hold,0.9079179844912135,4.098379810477871,299.2189064805055,0.0,23
2129.0,2,hold,0.9037518163334453,4.099711608500469,302.14345769361586,0.0,23
2129.0,3,hold,0.9089288574770649,4.10063639897216,299.6734613067715,0.0,23
2130.0,1,hold,0.9079179844912135,4.098379587519416,299.21871031810247,0.0,23
2130.0,2,hold,0.9037518163334453,4.0997022080835475,302.1427797007487,0.0,23
2130.0,3,hold,0.9089288574770649,4.100635350814242,299.67333233542706,0.0,23
2131.0,1,hold,0.9079179844912135,4.09837936625741,299.21851419170525,0.0,23
2131.0,2,hold,0.9037518163334453,4.099692915219599,302.1421018229883,0.0,23
2131.0,3,hold,0.9089288574770649,4.100634309786885,299.67320337498836,0.0,23
2132.0,1,hold,0.9079179844912135,4.098379146691716,299.21831810131386,0.0,23
2132.0,2,hold,0.9037518163334453,4.099683727904843,302.1414240603152,0.0,23
2132.0,3,hold,0.9089288574770649,4.100633276677561,299.67307442546684,0.0,23
2133.0,1,hold,0.9079179844912134,4.0983789288222265,299.21812204692816,0.0,23
2133.0,2,hold,0.9037518163334453,4.099674644504416,302.14074641271,0.0,23
2133.0,3,hold,0.9089288574770649,4.100632251452295,299.67294548686186,0.0,23
2134.0,1,hold,0.9079179844912134,4.098378712648779,299.2179260285482,0.0,23
2134.0,2,hold,0.9037518163334453,4.099665663304529,302.14006888015285,0.0,23
2134.0,3,hold,0.9089288574770649,4.100631234077122,299.67281655917316,0.0,23
2135.0,1,hold,0.9079179844912134,4.098378498171234,299.2177300461741,0.0,23
2135.0,2,hold,0.9037518163334455,4.099656782643649,302.13939146262453,0.0,23
2135.0,3,hold,0.9089288574770649,4.100630224518094,299.67268764240015,0.0,23
2136.0,1,hold,0.9079179844912134,4.098378285389442,299.21753409980573,0.0,23
2136.0,2,hold,0.9037518163334455,4.099648000913369,302.13871416010534,0.0,23
2136.0,3,hold,0.9089288574770649,4.1006292227413095,299.67255873654256,0.0,23
2137.0,1,hold,0.9079179844912134,4.098378074303321,299.21733818944307,0.0,23
2137.0,2,hold,0.9037518163334455,4.099639316559072,302.13803697257583,0.0,23
2137.0,3,hold,0.9089288574770648,4.100628228712919,299.67242984159975,0.0,23
2138.0,1,hold,0.9079179844912133,4.098377864912708,299.21714231508633,0.0,23
2138.0,2,hold,0.9037518163334455,4.099630728080777,302.13735990001635,0.0,23
2138.0,3,hold,0.9089288574770649,4.1006272423990975,299.67230095757134,0.0,23
2139.0,1,hold,0.9079179844912133,4.0983776572174815,299.2169464767352,0.0,23
2139.0,2,hold,0.9037518163334455,4.099622233879364,302.1366829424075,0.0,23
2139.0,3,hold,0.9089288574770648,4.100626263766058,299.67217208445686,0.0,23
2140.0,1,hold,0.9079179844912133,4.0983774512175035,299.2167506743899,0.0,23
2140.0,2,hold,0.9037518163334455,4.099613831829734,302.13600609972974,0.0,23
2140.0,3,hold,0.9089288574770649,4.100625292780007,299.6720432222559,0.0,23
2141.0,1,hold,0.9079179844912133,4.0983772469126265,299.21655490805045,0.0,23
2141.0,2,hold,0.9037518163334458,4.099605520958756,302.13532937196356,0.0,23
2141.0,3,hold,0.9089288574770649,4.100624329407232,299.67191437096807,0.0,23
2142.0,1,hold,0.9079179844912133,4.0983770443027865,299.2163591777167,0.0,23
2142.0,2,hold,0.9037518163334458,4.099597299863985,302.1346527590895,0.0,23
2142.0,3,hold,0.9089288574770649,4.100623373614049,299.6717855305928,0.0,23
2143.0,1,hold,0.9079179844912133,4.098376843081917,299.2161634832335,0.0,23
2143.0,2,hold,0.9037518163334458,4.099589167186865,302.1339762610879,0.0,23
2143.0,3,hold,0.9089288574770649,4.100622425366792,299.67165670112973,0.0,23
2144.0,1,hold,0.9079179844912133,4.098376642816325,299.21596782438064,0.0,23
2144.0,2,hold,0.9037518163334458,4.099581121613019,302.1332998779394,0.0,23
2144.0,3,hold,0.9089288574770649,4.1006214846318265,299.67152788257835,0.0,23
2145.0,1,hold,0.9079179844912133,4.09837644407374,299.21577220144644,0.0,23
2145.0,2,hold,0.9037518163334458,4.099573161872577,302.13262360962455,0.0,23
2145.0,3,hold,0.9089288574770649,4.100620550526228,299.6713990749215,0.0,23
2146.0,1,hold,0.9079179844912133,4.0983762468450085,299.2155766144262,0.0,23
2146.0,2,hold,0.9037518163334458,4.099565286740479,302.13194745612367,0.0,23
2146.0,3,hold,0.9089288574770649,4.100619623066416,299.6712702781597,0.0,23
2147.0,1,hold,0.9079179844912133,4.098376051120978,299.2153810633155,0.0,23
2147.0,2,hold,0.903751816333446,4.099557494979804,302.1312714174173,0.0,23
2147.0,3,hold,0.9089288574770649,4.100618702722828,299.67114149230247,0.0,23
2148.0,1,hold,0.9079179844912133,4.098375856892508,299.21518554810956,0.0,23
2148.0,2,hold,0.903751816333446,4.0995497844525755,302.1305954934861,0.0,23
2148.0,3,hold,0.9089288574770649,4.100617789444344,299.67101271734884,0.0,23
2149.0,1,hold,0.9079179844912125,4.098375664150447,299.21499006880396,0.0,23
2149.0,2,hold,0.903751816333446,4.099542154563997,302.1299196843105,0.0,23
2149.0,3,hold,0.9089288574770649,4.100616883179834,299.6708839532983,0.0,23
2150.0,1,hold,0.9079179844912125,4.098375472885644,299.214794625394,0.0,23
2150.0,2,hold,0.9037518163334468,4.099534604132833,302.12924398987093,0.0,23
2150.0,3,hold,0.9089288574770649,4.100615983878209,299.6707552001499,0.0,23
2151.0,1,hold,0.9079179844912125,4.0983752830889895,299.2145992178752,0.0,23
2151.0,2,hold,0.9037518163334468,4.099527132006667,302.1285684101481,0.0,23
2151.0,3,hold,0.9089288574770648,4.100615091488473,299.6706264579028,0.0,23
2152.0,1,hold,0.9079179844912125,4.098375094751297,299.2144038462428,0.0,23
2152.0,2,hold,0.9037518163334468,4.099519737061252,302.1278929451223,0.0,23
2152.0,3,hold,0.9089288574770649,4.100614205959561,299.6704977265562,0.0,23
2153.0,1,hold,0.9079179844912125,4.098374907863475,299.21420851049237,0.0,23
2153.0,2,hold,0.9037518163334468,4.099512418200007,302.12721759477427,0.0,23
2153.0,3,hold,0.9089288574770649,4.100613327240561,299.6703690061094,0.0,23
2154.0,1,hold,0.9079179844912125,4.098374722416345,299.2140132106193,0.0,23
2154.0,2,hold,0.9037518163334468,4.0995051743533555,302.12654235908445,0.0,23
2154.0,3,hold,0.9089288574770649,4.100612455280508,299.67024029656153,0.0,23
2155.0,1,hold,0.9079179844912125,4.098374538400799,299.2138179466189,0.0,23
2155.0,2,hold,0.903751816333447,4.099498004478198,302.12586723803327,0.0,23
2155.0,3,hold,0.9089288574770649,4.100611590028519,299.67011159791184,0.0,23
2156.0,1,hold,0.9079179844912125,4.098374355807712,299.2136227184867,0.0,23
2156.0,2,hold,0.903751816333447,4.099490907339119,302.1251922316015,0.0,23
2156.0,3,hold,0.9089288574770649,4.100610731433692,299.66998291015943,0.0,23
2157.0,1,hold,0.9079179844912125,4.09837417462793,299.2134275262181,0.0,23
2157.0,2,hold,0.903751816333447,4.099483881951381,302.1245173397695,0.0,23
2157.0,3,hold,0.9089288574770649,4.100609879445257,299.6698542333036,0.0,23
2158.0,1,hold,0.9079179844912124,4.098373994852315,299.21323236980845,0.0,23
2158.0,2,hold,0.9037518163334495,4.099476927278646,302.12384256251784,0.0,23
2158.0,3,hold,0.9089288574770649,4.100609034012352,299.66972556734356,0.0,23
2159.0,1,hold,0.9079179844912124,4.098373816471751,299.21303724925315,0.0,23
2159.0,2,hold,0.9037518163334495,4.099470042282897,302.12316789982714,0.0,23
2159.0,3,hold,0.9089288574770649,4.100608195084238,299.66959691227845,0.0,23
2160.0,1,hold,0.9079179844912124,4.098373639477133,299.2128421645476,0.0,23
2160.0,2,hold,0.9037518163334495,4.099463225932956,302.12249335167786,0.0,23
2160.0,3,hold,0.9089288574770649,4.100607362624199,299.66946826810715,0.0,23
2160.0,1,hold,0.9079179844912136,4.098373639477133,299.2128421645476,0.0,24
2160.0,1,hold,0.9079179844912124,4.098373639477133,299.2128421645476,0.0,24
2160.0,2,hold,0.90375181633345,4.099463225932956,302.12249335167786,0.0,24
2160.0,2,hold,0.9037518163334495,4.099463225932956,302.12249335167786,0.0,24
2160.0,3,hold,0.9089288574770663,4.100607362624199,299.66946826810715,0.0,24
2160.0,3,hold,0.9089288574770649,4.100607362624199,299.66946826810715,0.0,24
2161.0,1,hold,0.9079179844912124,4.098373465387477,299.2126471610976,0.0,24
2161.0,2,hold,0.9037518163334495,4.09945648727509,302.1218189367139,0.0,24
2161.0,3,hold,0.9089288574770649,4.100606540161573,299.6693396412298,0.0,24
2162.0,1,hold,0.9079179844912124,4.098373292256218,299.21245218432784,0.0,24
2162.0,2,hold,0.9037518163334495,4.099449808008609,302.12114462289134,0.0,24
2162.0,3,hold,0.9089288574770649,4.100605723785698,299.6692110250454,0.0,24
2163.0,1,hold,0.9079179844912124,4.098373120455369,299.21225724521855,0.0,24
2163.0,2,hold,0.9037518163334497,4.099443192588533,302.1204704199849,0.0,24
2163.0,3,hold,0.9089288574770648,4.100604913388658,299.6690824194685,0.0,24
2164.0,1,hold,0.9079179844912124,4.0983729500685016,299.21206234614255,0.0,24
2164.0,2,hold,0.9037518163334497,4.099436641573034,302.1197963310523,0.0,24
2164.0,3,hold,0.9089288574770649,4.100604109940532,299.6689538263456,0.0,24
2165.0,1,hold,0.9079179844912124,4.098372780930534,299.21186748405023,0.0,24
2165.0,2,hold,0.9037518163334497,4.099430153620295,302.11912235617024,0.0,24
2165.0,3,hold,0.9089288574770648,4.100603310570715,299.66882524048026,0.0,24
2166.0,1,hold,0.9079179844912124,4.098372615059349,299.2116727188733,0.0,24
2166.0,2,hold,0.9037518163334503,4.0994237282579515,302.1184484957141,0.0,24
2166.0,3,hold,0.9089288574770649,4.100602516204729,299.66869666365415,0.0,24
2167.0,1,hold,0.9079179844912124,4.098372449993567,299.2114779775153,0.0,24
2167.0,2,hold,0.9037518163334503,4.099417365804472,302.1177747492118,0.0,24
2167.0,3,hold,0.9089288574770649,4.100601728020337,299.6685680981347,0.0,24
2168.0,1,hold,0.9079179844912124,4.098372285733122,299.21128325997626,0.0,24
2168.0,2,hold,0.9037518163334503,4.0994110644192165,302.1171011169306,0.0,24
2168.0,3,hold,0.9089288574770648,4.100600945167615,299.6684395422905,0.0,24
2169.0,1,hold,0.9079179844912124,4.09837212227794,299.2110885662561,0.0,24
2169.0,2,hold,0.9037518163334503,4.099404823054909,302.1164275990152,0.0,24
2169.0,3,hold,0.9089288574770648,4.100600167922785,299.66831099678603,0.0,24
2170.0,1,hold,0.9079179844912124,4.098371959628013,299.2108938963549,0.0,24
2170.0,2,hold,0.9037518163334503,4.099398642557064,302.11575419531636,0.0,24
2170.0,3,hold,0.9089288574770648,4.100599396554815,299.66818246226876,0.0,24
2171.0,1,hold,0.9079179844912124,4.098371797783281,299.2106992502726,0.0,24
2171.0,2,hold,0.9037518163334503,4.099392521046683,302.1150809058788,0.0,24
2171.0,3,hold,0.9089288574770648,4.100598630850081,299.6680539382307,0.0,24
2172.0,1,hold,0.9079179844912124,4.098371636743677,299.21050462800935,0.0,24
2172.0,2,hold,0.9037518163334503,4.099386457116804,302.1144077307358,0.0,24
2172.0,3,hold,0.9089288574770648,4.100597870798943,299.6679254250866,0.0,24
2173.0,1,hold,0.9079179844912124,4.098371476509156,299.21031002956494,0.0,24
2173.0,2,hold,0.9037518163334507,4.099380451822656,302.11373466985754,0.0,24
2173.0,3,hold,0.9089288574770648,4.100597116396793,299.667796922996,0.0,24
2174.0,1,hold,0.9079179844912125,4.098371317079687,299.21011545493946,0.0,24
2174.0,2,hold,0.9037518163334507,4.099374503448688,302.11306172321866,0.0,24
2174.0,3,hold,0.9089288574770648,4.100596367648363,299.6676684316502,0.0,24
2175.0,1,hold,0.9079179844912125,4.098371159239699,299.20992093245536,0.0,24
2175.0,2,hold,0.9037518163334507,4.099368610021726,302.1123888907893,0.0,24
2175.0,3,hold,0.9089288574770645,4.100595624552243,299.66753995104915,0.0,24
2176.0,1,hold,0.9079179844912125,4.098371002734252,299.2097264529125,0.0,24
2176.0,2,hold,0.9037518163334507,4.0993627723385995,302.11171617258395,0.0,24
2176.0,3,hold,0.9089288574770645,4.100594887107032,299.6674114811929,0.0,24
2177.0,1,hold,0.9079179844912124,4.098370847252529,299.20953200509086,0.0,24
2177.0,2,hold,0.9037518163334565,4.099356990009927,302.11104356859784,0.0,24
2177.0,3,hold,0.9089288574770645,4.1005941551614065,299.66728302214034,0.0,24
2178.0,1,hold,0.9079179844912124,4.098370692794473,299.2093375889904,0.0,24
2178.0,2,hold,0.9037518163334565,4.099351262647813,302.11037107882646,0.0,24
2178.0,3,hold,0.9089288574770645,4.100593427764265,299.6671545742642,0.0,24
2179.0,1,hold,0.9079179844912124,4.098370539360012,299.2091432046113,0.0,24
2179.0,2,hold,0.9037518163334565,4.099345589031769,302.10969870323004,0.0,24
2179.0,3,hold,0.9089288574770645,4.1005927058011,299.6670261372165,0.0,24
2180.0,1,hold,0.9079179844912124,4.0983703869491155,299.2089488519533,0.0,24
2180.0,2,hold,0.9037518163334565,4.099339967531256,302.10902644175144,0.0,24
2180.0,3,hold,0.9089288574770645,4.100591989270638,299.66689771099726,0.0,24
2181.0,1,hold,0.9079179844912124,4.098370235561687,299.2087545310167,0.0,24
2181.0,2,hold,0.9037518163334565,4.099334398460607,302.10835429441534,0.0,24
2181.0,3,hold,0.9089288574770645,4.100591278171562,299.66676929560634,0.0,24
2182.0,1,hold,0.9079179844912123,4.098370085197718,299.20856024180137,0.0,24
2182.0,2,hold,0.9037518163334565,4.099328881226375,302.1076822612082,0.0,24
2182.0,3,hold,0.9089288574770645,4.1005905725026235,299.66664089104387,0.0,24
2183.0,1,hold,0.9079179844912123,4.0983699358571055,299.20836598430714,0.0,24
2183.0,2,hold,0.9037518163334567,4.09932341523699,302.1070103421163,0.0,24
2183.0,3,hold,0.9089288574770645,4.100589872262537,299.6665124973098,0.0,24
2184.0,1,hold,0.9079179844912123,4.098369787548608,299.2081717595079,0.0,24
2184.0,2,hold,0.9037518163334567,4.099317999747813,302.1063385371113,0.0,24
2184.0,3,hold,0.9089288574770645,4.100589177450024,299.6663841144041,0.0,24
2185.0,1,hold,0.9079179844912123,4.098369640380776,299.20797757942665,0.0,24
2185.0,2,hold,0.9037518163334567,4.099312633824875,302.10566684614616,0.0,24
2185.0,3,hold,0.9089288574770645,4.1005884880638845,299.6662557423268,0.0,24
2186.0,1,hold,0.9079179844912123,4.098369494259559,299.2077834336605,0.0,24
2186.0,2,hold,0.9037518163334567,4.099307317065202,302.10499526922496,0.0,24
2186.0,3,hold,0.9089288574770645,4.100587804102828,299.666127381078,0.0,24
2187.0,1,hold,0.9079179844912123,4.098369349184937,299.2075893222093,0.0,24
2187.0,2,hold,0.9037518163334567,4.09930204883525,302.10432380632915,0.0,24
2187.0,3,hold,0.9089288574770645,4.100587125565639,299.6659990306576,0.0,24
2188.0,1,hold,0.9079179844912123,4.0983692051568195,299.207395245073,0.0,24
2188.0,2,hold,0.9037518163334567,4.099296828503313,302.1036524574405,0.0,24
2188.0,3,hold,0.9089288574770644,4.100586451206903,299.6658706911452,0.0,24
2189.0,1,hold,0.9079179844912123,4.098369062175186,299.20720120225167,0.0,24
2189.0,2,hold,0.9037518163334567,4.099291655512895,302.10298122253715,0.0,24
2189.0,3,hold,0.9089288574770644,4.100585781367693,299.6657423625189,0.0,24
2190.0,1,hold,0.9079179844912123,4.098368920239944,299.20700719374537,0.0,24
2190.0,2,hold,0.9037518163334575,4.099286529486344,302.1023101015897,0.0,24
2190.0,3,hold,0.9089288574770644,4.100585116613697,299.66561404474265,0.0,24
2191.0,1,hold,0.9079179844912121,4.098368779351045,299.206813219554,0.0,24
2191.0,2,hold,0.9037518163334575,4.099281449670562,302.1016390945853,0.0,24
2191.0,3,hold,0.9089288574770645,4.100584456943791,299.66548573781614,0.0,24
2192.0,1,hold,0.9079179844912121,4.098368639508463,299.2066192796776,0.0,24
2192.0,2,hold,0.9037518163334575,4.099276415471978,302.10096820150426,0.0,24
2192.0,3,hold,0.9089288574770644,4.1005838023568675,299.66535744173956,0.0,24
2193.0,1,hold,0.9079179844912121,4.098368500712125,299.20642537411624,0.0,24
2193.0,2,hold,0.9037518163334575,4.0992714262986425,302.10029742232666,0.0,24
2193.0,3,hold,0.9089288574770643,4.100583152851835,299.6652291565128,0.0,24
2194.0,1,hold,0.9079179844912121,4.098368362719443,299.2062315062529,0.0,24
2194.0,2,hold,0.9037518163334575,4.099266481641104,302.09962675703287,0.0,24
2194.0,3,hold,0.9089288574770643,4.100582508427582,299.66510088213596,0.0,24
2195.0,1,hold,0.9079179844912121,4.098368225445869,299.2060376772669,0.0,24
2195.0,2,hold,0.9037518163334577,4.099261581360478,302.09895620560286,0.0,24
2195.0,3,hold,0.9089288574770643,4.1005818690830065,299.664972618609,0.0,24
2196.0,1,hold,0.9079179844912121,4.098368089160667,299.2058438834011,0.0,24
2196.0,2,hold,0.9037518163334577,4.099256724649409,302.09828576801704,0.0,24
2196.0,3,hold,0.9089288574770644,4.100581234817046,299.6648443659319,0.0,24
2197.0,1,hold,0.9079179844912121,4.098367953863786,299.20565012465545,0.0,24
2197.0,2,hold,0.9037518163334577,4.099251910971789,302.0976154442555,0.0,24
2197.0,3,hold,0.9089288574770643,4.100580605628663,299.6647161241047,0.0,24
2198.0,1,hold,0.9079179844912121,4.0983678195552145,299.20545640103006,0.0,24
2198.0,2,hold,0.9037518163334577,4.099247139793013,302.09694523429846,0.0,24
2198.0,3,hold,0.9089288574770644,4.100579981135715,299.66458789312816,0.0,24
2199.0,1,hold,0.9079179844912121,4.098367686234859,299.20526271252487,0.0,24
2199.0,2,hold,0.9037518163334601,4.0992424106208745,302.0962751381265,0.0,24
2199.0,3,hold,0.9089288574770643,4.100579359981067,299.6644596730051,0.0,24
2200.0,1,hold,0.9079179844912121,4.098367553902685,299.20506905913993,0.0,24
2200.0,2,hold,0.9037518163334601,4.099237723364878,302.09560515572224,0.0,24
2200.0,3,hold,0.9089288574770644,4.100578743544096,299.66433146373265,0.0,24
2201.0,1,hold,0.9079179844912121,4.098367422558665,299.2048754408751,0.0,24
2201.0,2,hold,0.9037518163334601,4.099233077284415,302.09493528706474,0.0,24
2201.0,3,hold,0.9089288574770643,4.100578131823871,299.6642032653109,0.0,24
2202.0,1,hold,0.9079179844912121,4.098367292202747,299.2046818577306,0.0,24
2202.0,2,hold,0.9037518163334601,4.099228471894335,302.09426553213456,0.0,24
2202.0,3,hold,0.9089288574770643,4.100577524819432,299.66407507773977,0.0,24
2203.0,1,hold,0.9079179844912121,4.098367162834837,299.20448830970616,0.0,24
2203.0,2,hold,0.9037518163334604,4.09922390671098,302.09359589091196,0.0,24
2203.0,3,hold,0.9089288574770643,4.100576922529811,299.66394690101924,0.0,24
2204.0,1,hold,0.9079179844912121,4.0983670344549505,299.204294796802,0.0,24
2204.0,2,hold,0.9037518163334604,4.099219381260996,302.0929263633775,0.0,24
2204.0,3,hold,0.9089288574770644,4.100576324954067,299.6638187351493,0.0,24
2205.0,1,hold,0.9079179844912121,4.098366907063012,299.20410131901804,0.0,24
2205.0,2,hold,0.9037518163334604,4.099214895445405,302.0922569495137,0.0,24
2205.0,3,hold,0.9089288574770643,4.100575732091279,299.66369058013004,0.0,24
2206.0,1,hold,0.9079179844912121,4.098366780658958,299.2039078763542,0.0,24
2206.0,2,hold,0.9037518163334611,4.099210448606188,302.09158764930004,0.0,24
2206.0,3,hold,0.9089288574770645,4.100575143940501,299.66356243596135,0.0,24
2207.0,1,hold,0.9079179844912121,4.098366655242772,299.2037144688107,0.0,24
2207.0,2,hold,0.9037518163334611,4.099206040299505,302.0909184627171,0.0,24
2207.0,3,hold,0.9089288574770644,4.1005745605008475,299.66343430264334,0.0,24
2208.0,1,hold,0.9079179844912121,4.098366530814413,299.2035210963873,0.0,24
2208.0,2,hold,0.9037518163334611,4.099201670082751,302.0902493897457,0.0,24
2208.0,3,hold,0.9089288574770645,4.100573981771339,299.66330618017594,0.0,24
2209.0,1,hold,0.9079179844912121,4.098366407373801,299.2033277590841,0.0,24
2209.0,2,hold,0.9037518163334611,4.0991973375145125,302.0895804303663,0.0,24
2209.0,3,hold,0.9089288574770643,4.100573406381786,299.6631780685319,0.0,24
2210.0,1,hold,0.9079179844912121,4.098366284920923,299.2031344569012,0.0,24
2210.0,2,hold,0.9037518163334614,4.099193042457932,302.08891158456044,0.0,24
2210.0,3,hold,0.9089288574770643,4.100572834859822,299.66304996772186,0.0,24
2211.0,1,hold,0.9079179844912121,4.098366163455703,299.20294118983844,0.0,24
2211.0,2,hold,0.9037518163334614,4.099188784352775,302.0882428523084,0.0,24
2211.0,3,hold,0.9089288574770644,4.10057226763449,299.66292187775434,0.0,24
2212.0,1,hold,0.9079179844912121,4.09836604239913,299.20274795903526,0.0,24
2212.0,2,hold,0.9037518163334614,4.099184562778534,302.0875742335908,0.0,24
2212.0,3,hold,0.9089288574770644,4.100571704689289,299.66279379862897,0.0,24
2213.0,1,hold,0.9079179844912121,4.098365921931169,299.20255476413723,0.0,24
2213.0,2,hold,0.9037518163334614,4.099180377326679,302.08690572838844,0.0,24
2213.0,3,hold,0.9089288574770643,4.100571146007779,299.6626657303454,0.0,24
2214.0,1,hold,0.9079179844912121,4.0983658023534755,299.20236160455096,0.0,24
2214.0,2,hold,0.9037518163334614,4.099176227589711,302.086237336682,0.0,24
2214.0,3,hold,0.9089288574770644,4.100570591573479,299.66253767290334,0.0,24
2215.0,1,hold,0.9079179844912121,4.098365683666048,299.2021684802763,0.0,24
2215.0,2,hold,0.9037518163334617,4.099172113427185,302.0855690584525,0.0,24
2215.0,3,hold,0.9089288574770643,4.100570041370018,299.6624096263026,0.0,24
2216.0,1,hold,0.9079179844912121,4.098365565868821,299.2019753913132,0.0,24
2216.0,2,hold,0.9037518163334617,4.099168034364231,302.0849008936805,0.0,24
2216.0,3,hold,0.9089288574770643,4.100569495380917,299.6622815905427,0.0,24
2217.0,1,hold,0.9079179844912121,4.098365448961767,299.2017823376619,0.0,24
2217.0,2,hold,0.9037518163334617,4.099163990000539,302.0842328423467,0.0,24
2217.0,3,hold,0.9089288574770643,4.100568953589777,299.6621535656234,0.0,24
2218.0,1,hold,0.9079179844912121,4.098365332944841,299.2015893193221,0.0,24
2218.0,2,hold,0.9037518163334617,4.09915997996468,302.08356490443197,0.0,24
2218.0,3,hold,0.9089288574770643,4.10056841598019,299.66202555154445,0.0,24
2219.0,1,hold,0.9079179844912121,4.098365217818007,299.201396336294,0.0,24
2219.0,2,hold,0.9037518163334617,4.099156003887002,302.0828970799169,0.0,24
2219.0,3,hold,0.9089288574770643,4.100567882535758,299.66189754830543,0.0,24
2220.0,1,hold,0.9079179844912121,4.098365103581225,299.2012033885776,0.0,24
2220.0,2,hold,0.9037518163334617,4.099152061399506,302.0822293687824,0.0,24
2220.0,3,hold,0.9089288574770643,4.100567353240075,299.66176955590606,0.0,24
2221.0,1,hold,0.9079179844912121,4.098364990234463,299.20101047617277,0.0,24
2221.0,2,hold,0.9037518163334617,4.099148152135976,302.0815617710091,0.0,24
2221.0,3,hold,0.9089288574770643,4.100566828076792,299.6616415743461,0.0,24
2222.0,1,hold,0.9079179844912121,4.098364877777692,299.2008175990796,0.0,24
2222.0,2,hold,0.9037518163334619,4.09914427578158,302.0808942865778,0.0,24
2222.0,3,hold,0.9089288574770643,4.100566307029528,299.6615136036252,0.0,24
2223.0,1,hold,0.9079179844912121,4.098364766210851,299.20062475729804,0.0,24
2223.0,2,hold,0.9037518163334619,4.099140432204084,302.0802269154693,0.0,24
2223.0,3,hold,0.9089288574770643,4.100565790081918,299.661385643743,0.0,24
2224.0,1,hold,0.9079179844912121,4.0983646555339295,299.20043195082815,0.0,24
2224.0,2,hold,0.9037518163334619,4.099136620910281,302.07955965766445,0.0,24
2224.0,3,hold,0.9089288574770642,4.100565277217612,299.6612576946992,0.0,24
2225.0,1,hold,0.9079179844912121,4.0983645457468665,299.2002391796699,0.0,24
2225.0,2,hold,0.9037518163334627,4.099132841568867,302.0788925131438,0.0,24
2225.0,3,hold,0.9089288574770642,4.100564768420268,299.6611297564936,0.0,24
2226.0,1,hold,0.9079179844912121,4.09836443684965,299.2000464438233,0.0,24
2226.0,2,hold,0.9037518163334627,4.09912909385217,302.0782254818882,0.0,24
2226.0,3,hold,0.9089288574770641,4.1005642629868895,299.6610018290997,0.0,24
2227.0,1,hold,0.907917984491212,4.098364328842234,299.1998537432884,0.0,24
2227.0,2,hold,0.9037518163334627,4.09912537743609,302.07755856387837,0.0,24
2227.0,3,hold,0.9089288574770641,4.100563761051454,299.66087391252296,0.0,24
2228.0,1,hold,0.907917984491212,4.098364221724564,299.19966107806505,0.0,24
2228.0,2,hold,0.9037518163334627,4.09912169200018,302.0768917590952,0.0,24
2228.0,3,hold,0.9089288574770641,4.100563262939291,299.660746006776,0.0,24
2229.0,1,hold,0.907917984491212,4.098364115496638,299.19946844815337,0.0,24
2229.0,2,hold,0.9037518163334627,4.099118037227475,302.0762250675193,0.0,24
2229.0,3,hold,0.9089288574770641,4.10056276862375,299.6606181118581,0.0,24
2230.0,1,hold,0.907917984491212,4.098364009372977,299.1992758534518,0.0,24
2230.0,2,hold,0.9037518163334629,4.09911441286693,302.07555848913165,0.0,24
2230.0,3,hold,0.9089288574770641,4.100562278078131,299.6604902277687,0.0,24
2231.0,1,hold,0.907917984491212,4.098363903884975,299.1990832940289,0.0,24
2231.0,2,hold,0.9037518163334629,4.099110818650214,302.07489202391304,0.0,24
2231.0,3,hold,0.9089288574770633,4.100561791275808,299.6603623545069,0.0,24
2232.0,1,hold,0.907917984491212,4.098363799185114,299.19889076990466,0.0,24
2232.0,2,hold,0.9037518163334629,4.0991072542362375,302.0742256718441,0.0,24
2232.0,3,hold,0.9089288574770633,4.10056130819013,299.66023449207205,0.0,24
2233.0,1,hold,0.9079179844912119,4.098363695273315,299.1986982810789,0.0,24
2233.0,2,hold,0.9037518163334654,4.0991037193349324,302.07355943290565,0.0,24
2233.0,3,hold,0.9089288574770633,4.100560828794444,299.6601066404635,0.0,24
2234.0,1,hold,0.9079179844912119,4.098363592149598,299.1985058275516,0.0,24
2234.0,2,hold,0.9037518163334654,4.099100213660757,302.0728933070786,0.0,24
2234.0,3,hold,0.9089288574770633,4.1005603530621535,299.65997879968046,0.0,24
2235.0,1,hold,0.9079179844912119,4.098363489813897,299.19831340932285,0.0,24
2235.0,2,hold,0.9037518163334654,4.099096736932477,302.0722272943435,0.0,24
2235.0,3,hold,0.9089288574770633,4.100559880966621,299.65985096972236,0.0,24
2236.0,1,hold,0.9079179844912119,4.098363388266218,299.19812102639264,0.0,24
2236.0,2,hold,0.9037518163334654,4.099093288873357,302.0715613946814,0.0,24
2236.0,3,hold,0.9089288574770633,4.100559412481273,299.6597231505884,0.0,24
2237.0,1,hold,0.9079179844912119,4.098363287506485,299.19792867876095,0.0,24
2237.0,2,hold,0.9037518163334656,4.099089869210969,302.0708956080729,0.0,24
2237.0,3,hold,0.9089288574770633,4.1005589475794615,299.65959534227784,0.0,24
2238.0,1,hold,0.9079179844912119,4.098363187534696,299.1977363664277,0.0,24
2238.0,2,hold,0.9037518163334656,4.09908647765287,302.070229934499,0.0,24
2238.0,3,hold,0.9089288574770633,4.100558486234661,299.65946754479006,0.0,24
2239.0,1,hold,0.9079179844912111,4.098363088350824,299.197544089393,0.0,24
2239.0,2,hold,0.9037518163334656,4.099083113942081,302.06956437394047,0.0,24
2239.0,3,hold,0.9089288574770633,4.100558028420291,299.6593397581243,0.0,24
2240.0,1,hold,0.9079179844912111,4.0983629899548255,299.19735184765676,0.0,24
2240.0,2,hold,0.9037518163334661,4.099079777820469,302.06889892637804,0.0,24
2240.0,3,hold,0.9089288574770633,4.100557574109738,299.6592119822798,0.0,24
2241.0,1,hold,0.9079179844912111,4.098362892346687,299.1971596412191,0.0,24
2241.0,2,hold,0.9037518163334661,4.099076469030106,302.06823359179253,0.0,24
2241.0,3,hold,0.9089288574770633,4.10055712327649,299.659084217256,0.0,24
2242.0,1,hold,0.9079179844912111,4.098362795526395,299.1969674700799,0.0,24
2242.0,2,hold,0.9037518163334661,4.099073187317119,302.0675683701648,0.0,24
2242.0,3,hold,0.9089288574770633,4.100556675893989,299.6589564630521,0.0,24
2243.0,1,hold,0.9079179844912111,4.098362699493874,299.19677533423925,0.0,24
2243.0,2,hold,0.9037518163334661,4.099069932431712,302.06690326147566,0.0,24
2243.0,3,hold,0.9089288574770632,4.100556231887824,299.65882871966346,0.0,24
2244.0,1,hold,0.9079179844912111,4.098362604249148,299.1965832336971,0.0,24
2244.0,2,hold,0.9037518163334661,4.099066704128209,302.066238265706,0.0,24
2244.0,3,hold,0.9089288574770632,4.100555791212894,299.6587009870877,0.0,24
2245.0,1,hold,0.9079179844912111,4.098362509792137,299.1963911684535,0.0,24
2245.0,2,hold,0.9037518163334661,4.099063502159257,302.0655733828366,0.0,24
2245.0,3,hold,0.9089288574770632,4.100555353870638,299.6585732653266,0.0,24
2246.0,1,hold,0.9079179844912111,4.098362416122862,299.1961991385084,0.0,24
2246.0,2,hold,0.9037518163334666,4.099060326242546,302.06490861284817,0.0,24
2246.0,3,hold,0.9089288574770632,4.100554919830513,299.6584455543789,0.0,24
2247.0,1,hold,0.9079179844912111,4.098362323239646,299.19600714386064,0.0,24
2247.0,2,hold,0.9037518163334666,4.099057176158954,302.0642439557217,0.0,24
2247.0,3,hold,0.9089288574770632,4.100554489061999,299.6583178542438,0.0,24
2248.0,1,hold,0.9079179844912111,4.0983622309977985,299.19581518441277,0.0,24
2248.0,2,hold,0.9037518163334666,4.099054051668764,302.063579411438,0.0,24
2248.0,3,hold,0.9089288574770632,4.100554061534561,299.65819016492014,0.0,24
2249.0,1,hold,0.907917984491211,4.098362139470462,299.19562326021406,0.0,24
2249.0,2,hold,0.9037518163334666,4.099050952535199,302.06291497997785,0.0,24
2249.0,3,hold,0.9089288574770632,4.100553637217633,299.6580624864069,0.0,24
2250.0,1,hold,0.907917984491211,4.098362048657583,299.19543137126453,0.0,24
2250.0,2,hold,0.9037518163334666,4.099047878524365,302.0622506613222,0.0,24
2250.0,3,hold,0.9089288574770632,4.100553216080742,299.6579348187029,0.0,24
