episode,environment_steps,epsilon,reward,loss,charging_target_reached,charge_phase_constraints_satisfied,failure_reason,initial_soc,elapsed_wall_s
1,38,0.5,-145.9919583844824,,True,False,,"[0.1, 0.2, 0.3]",12.816849700000603
2,73,0.49964375,-212.615543337648,,True,False,,"[0.3, 0.5, 0.7]",23.84861430000001
3,112,0.499315625,-247.597188004045,,True,False,,"[0.20504336472595097, 0.11185774668732996, 0.5061029358935236]",37.712185899999895
4,151,0.49895,-212.43588653935043,,True,False,,"[0.21558032736681548, 0.4035457972594211, 0.14497732303202765]",52.141326500000105
5,194,0.498584375,-193.95874065774856,4.6428961753845215,True,False,,"[0.1, 0.2, 0.3]",66.74654259999988
6,242,0.49818125,-281.5029905397617,3.809520721435547,True,False,,"[0.3, 0.5, 0.7]",80.02937670000028
7,278,0.49773125,-231.19619181205695,3.9378135204315186,True,False,,"[0.17568645746169254, 0.5647175215990091, 0.29559678396418865]",91.61350380000022
8,329,0.49739375,-253.6328527711324,3.633809804916382,True,False,,"[0.5488077092733465, 0.3897114472027201, 0.15897728752485943]",107.06184140000005
9,389,0.496915625,-373.21398598571636,2.785583257675171,False,False,,"[0.1, 0.2, 0.3]",126.87413389999983
10,446,0.496353125,-314.2985896251265,2.994779348373413,True,False,,"[0.3, 0.5, 0.7]",143.43256340000062
11,483,0.49581875,-2274.5683399935897,8326.568359375,False,False,event: Maximum voltage [V],"[0.6866924623421491, 0.2922236407929637, 0.49539370330677746]",156.89783970000008
12,525,0.495471875,-278.81511544554184,7642.2255859375,True,False,,"[0.7023419137811894, 0.465710074097918, 0.2035209132539057]",170.37176670000008
13,585,0.495078125,-336.40880594663156,6843.4501953125,False,False,,"[0.1, 0.2, 0.3]",188.54248499999994
14,627,0.494515625,-239.0921298891908,6372.67626953125,True,False,,"[0.3, 0.5, 0.7]",202.20157300000028
15,683,0.494121875,-407.18034986565107,5839.82568359375,True,False,,"[0.2744949991505406, 0.18077386560583603, 0.6670527697612295]",219.08503350000046
16,743,0.493596875,-582.3068969513987,5359.310546875,False,False,,"[0.1238409906185031, 0.6918906373333122, 0.7171826215250795]",234.35455449999972
17,803,0.493034375,-226.2952358519153,4938.60498046875,False,False,,"[0.1, 0.2, 0.3]",252.37945540000055
18,847,0.492471875,-278.44057796396464,,True,False,,"[0.3, 0.5, 0.7]",265.9325189000001
19,883,0.492059375,-139.61591306937254,4482.94970703125,True,False,,"[0.6312721017992893, 0.5609548082076997, 0.7207457611613769]",278.4032041999999
20,943,0.491721875,-280.29153122946167,4187.40380859375,False,False,,"[0.2538649076446289, 0.20518247202033013, 0.4902918261838456]",300.6848651
21,1003,0.491159375,-312.40589826352834,3912.643798828125,False,False,,"[0.1, 0.2, 0.3]",327.61659000000054
22,1019,0.490596875,-2150.4261152125655,,False,False,event: Maximum voltage [V],"[0.3, 0.5, 0.7]",337.79325340000014
23,1043,0.490446875,-2194.2102852708463,,False,False,event: Maximum voltage [V],"[0.6762735799894241, 0.49775979259140013, 0.1707377569468005]",350.3499300000003
24,1092,0.490221875,-326.4160839074837,10899.0751953125,True,False,,"[0.622332570646235, 0.36899621604480715, 0.194940368016349]",371.8287280000004
25,1141,0.4897625,-200.34624325632524,10399.212890625,True,False,,"[0.1, 0.2, 0.3]",391.45771950000017
26,1182,0.489303125,-232.24553394722787,10010.3046875,True,False,,"[0.3, 0.5, 0.7]",408.1377760000005
27,1224,0.48891875,-177.3748517568603,9641.7529296875,True,False,,"[0.28334626638350036, 0.5302711951641278, 0.4139059490170185]",425.7229855000005
28,1271,0.488525,-155.04135781078466,9264.3701171875,True,False,,"[0.20809418386185918, 0.29120030307288847, 0.2943855141735904]",445.6644092000006
29,1317,0.488084375,-165.38936520471984,8922.7666015625,True,False,,"[0.1, 0.2, 0.3]",465.5051119999998
30,1347,0.487653125,-171.93360729585655,,True,False,,"[0.3, 0.5, 0.7]",478.76455840000017
31,1383,0.487371875,-233.27515979787924,8481.1884765625,True,False,,"[0.1982334264802021, 0.6241347570957911, 0.45268727569689227]",494.032459
32,1425,0.487034375,-125.60376291274154,8217.48046875,True,False,,"[0.24540044685938497, 0.2967853087040848, 0.29107952287848204]",511.2085302000005
33,1483,0.486640625,-212.39763914307284,8191.24462890625,True,False,,"[0.1, 0.2, 0.3]",530.7854050000005
34,1521,0.486096875,-201.81330372085262,8261.1220703125,True,False,,"[0.3, 0.5, 0.7]",544.4739031999998
35,1561,0.485740625,-193.13568558624587,5374.5947265625,True,False,,"[0.31823428614671134, 0.39720569411408857, 0.5570263029121892]",560.7014079999999
36,1591,0.485365625,-98.20685734850588,,True,False,,"[0.5866496562260133, 0.33771277710232706, 0.5787196175207038]",573.8003585000006
37,1638,0.485084375,-193.97662312137095,8191.92626953125,True,False,,"[0.1, 0.2, 0.3]",593.5746659000006
38,1686,0.48464375,-303.49113349282385,5544.8193359375,True,False,,"[0.3, 0.5, 0.7]",609.1892622000005
39,1709,0.48419375,-2084.3051792695887,8339.5751953125,False,False,event: Maximum voltage [V],"[0.5116546180632229, 0.5943745762955605, 0.4310280140858882]",620.6789770000005
40,1754,0.483978125,-118.79854007396791,11365.3798828125,True,False,,"[0.33114330588252666, 0.1696372429810897, 0.16504234091780262]",637.9747388000005
41,1807,0.48355625,-278.76321395113706,10887.5703125,True,False,,"[0.1, 0.2, 0.3]",658.1717452000003
42,1858,0.483059375,-358.1301707873798,5238.68408203125,True,False,,"[0.3, 0.5, 0.7]",674.9494480000003
43,1893,0.48258125,-217.3020181383892,,True,False,,"[0.6371974866131072, 0.18835050863630004, 0.6007008161237476]",688.6966425999999
44,1947,0.482253125,-319.8423485950471,5407.3818359375,True,False,,"[0.20981408791019707, 0.12483722528883567, 0.4116608103759931]",707.9766234999997
45,2007,0.481746875,-359.2461058139456,2662.480224609375,False,False,,"[0.1, 0.2, 0.3]",729.7624340000002
46,2056,0.481184375,-336.92775087295394,5060.44873046875,True,False,,"[0.3, 0.5, 0.7]",745.1673950000004
47,2099,0.480725,-284.2245715982985,,True,False,,"[0.550063152327324, 0.10935688299690484, 0.1426979314425496]",760.2808601000006
48,2131,0.480321875,-159.22522110865992,2733.416748046875,True,False,,"[0.4060000487447193, 0.6844812231999094, 0.32884372609740176]",774.3966096000004
49,2180,0.480021875,-211.51236349828702,7769.28564453125,True,False,,"[0.1, 0.2, 0.3]",792.8643545000004
50,2218,0.4795625,-241.65382227566326,11409.865234375,True,False,,"[0.3, 0.5, 0.7]",807.5610889
51,2251,0.47920625,-34.13438808074586,5471.71923828125,True,False,,"[0.3881250741468085, 0.2942355106362235, 0.3445352749728888]",820.6824668999998
52,2292,0.478896875,-307.10876289488846,,True,False,,"[0.10727622907229584, 0.4180511503315112, 0.6751993789919638]",835.9275564999998
53,2335,0.4785125,-184.0022643699497,2707.63525390625,True,False,,"[0.1, 0.2, 0.3]",853.9351733000003
54,2371,0.478109375,-197.15987229476661,8000.03466796875,True,False,,"[0.3, 0.5, 0.7]",869.249033
55,2413,0.477771875,-123.097767854193,5360.91552734375,True,False,,"[0.6215959686618642, 0.3399144304917875, 0.34227512708390606]",885.3455832999998
56,2473,0.477378125,-332.0010485863588,2805.4921875,False,False,,"[0.5137454952630202, 0.39148500506937056, 0.28666272213488664]",905.7898682000005
57,2533,0.476815625,-379.24863842265717,2621.006591796875,False,False,,"[0.1, 0.2, 0.3]",925.8007283000006
58,2577,0.476253125,-245.51429454415796,8532.8603515625,True,False,,"[0.3, 0.5, 0.7]",939.9606942999999
59,2619,0.475840625,-312.5627681959792,5617.978515625,True,False,,"[0.22561784548685498, 0.5930786180138383, 0.5829381653954275]",952.9903529000003
60,2679,0.475446875,-613.2081816925474,8137.73291015625,False,False,,"[0.43735965333522, 0.6511546625467985, 0.1586202475818797]",969.3593972999997
61,2729,0.474884375,-251.19213327714775,8087.9072265625,True,False,,"[0.1, 0.2, 0.3]",984.8251900000005
62,2767,0.474415625,-208.18769312140444,5630.61474609375,True,False,,"[0.3, 0.5, 0.7]",996.8218311
63,2805,0.474059375,-286.4753418424897,5355.037109375,True,False,,"[0.4879198799392396, 0.20198776328545015, 0.745762883639607]",1008.3589818999999
64,2839,0.473703125,-154.59248341628467,,True,False,,"[0.5627566850388065, 0.24298160888422357, 0.354516379639362]",1019.4564010000004
65,2899,0.473384375,-336.7278914588571,2539.643798828125,False,False,,"[0.1, 0.2, 0.3]",1036.6061846000002
66,2945,0.472821875,-297.8193476421387,5413.15869140625,True,False,,"[0.3, 0.5, 0.7]",1049.7304603000002
67,2995,0.472390625,-160.89250852138522,8133.81591796875,True,False,,"[0.38392577424542373, 0.451004770546266, 0.26445675654194756]",1064.5925416999999
68,3036,0.471921875,-269.9783532115102,5579.08251953125,True,False,,"[0.5920904564245776, 0.10811667566187758, 0.1411981846213156]",1077.1863746999998
69,3091,0.4715375,-296.8155324691136,2677.40771484375,True,False,,"[0.1, 0.2, 0.3]",1094.4734048
70,3133,0.471021875,-217.56951665337766,2616.4990234375,True,False,,"[0.3, 0.5, 0.7]",1107.1148619000005
71,3184,0.470628125,-401.06381269474105,5394.03564453125,True,False,,"[0.6059189830819284, 0.5509874852143132, 0.1677333240956697]",1121.8828719000003
72,3244,0.47015,-521.7988437003788,72.18583679199219,False,False,,"[0.1677745142793896, 0.37995888374336395, 0.5838220262163303]",1137.4883157000004
73,3304,0.4695875,-281.94243932470926,5286.33154296875,False,False,,"[0.1, 0.2, 0.3]",1155.7598678000004
74,3342,0.469025,-207.01001087915213,,True,False,,"[0.3, 0.5, 0.7]",1167.9370896
75,3402,0.46866874999999997,-555.7739093826036,5382.1982421875,False,False,,"[0.6232612372248885, 0.49479078089511275, 0.17662870797176627]",1183.6578743
76,3450,0.46810625,-309.67512503753113,5531.89404296875,True,False,,"[0.6794117131766007, 0.46639818165764324, 0.28101201711260765]",1199.1426006000002
77,3501,0.46765625,-294.5168616673427,5312.76953125,True,False,,"[0.1, 0.2, 0.3]",1217.2926236000003
78,3544,0.467178125,-271.4205021658377,,True,False,,"[0.3, 0.5, 0.7]",1232.5368740000004
79,3588,0.466775,-179.85531493414126,2620.129638671875,True,False,,"[0.6065894112788277, 0.1619749454548556, 0.4666861232532846]",1248.9908397
80,3620,0.4663625,-186.5719240820753,5082.53955078125,True,False,,"[0.30517959422716523, 0.6458026247034191, 0.31432408581724414]",1261.1704148
81,3677,0.4660625,-333.46686100140664,2577.6533203125,True,False,,"[0.1, 0.2, 0.3]",1280.2921038000004
82,3716,0.465528125,-239.13745421244548,2745.4951171875,True,False,,"[0.3, 0.5, 0.7]",1294.7403794000002
83,3776,0.4651625,-476.28564645966117,5169.87939453125,True,False,,"[0.29018252305997316, 0.6894634425067749, 0.6032514550966744]",1311.7534464
84,3828,0.4646,-415.67712478505456,5241.0546875,True,False,,"[0.16661502217734203, 0.6870992812457449, 0.5590894503455176]",1327.9101607000002
85,3882,0.4641125,-232.32868100139993,79.78974151611328,True,False,,"[0.1, 0.2, 0.3]",1346.0690481000001
86,3929,0.46360625,-297.09550578199037,5428.09375,True,False,,"[0.3, 0.5, 0.7]",1361.1838888000002
87,3983,0.463165625,-226.50875876809647,2575.500244140625,True,False,,"[0.5273967600815463, 0.5488916902087465, 0.381751614250358]",1377.7891946999998
88,4017,0.462659375,-124.81732599032159,2723.748046875,True,False,,"[0.49919367575045825, 0.3145335337531763, 0.5291765057724921]",1390.9467957000006
89,4074,0.462340625,-228.69348565875936,2622.423828125,True,False,,"[0.1, 0.2, 0.3]",1410.1561026
90,4115,0.46180625,-253.4062696353761,2719.241455078125,True,False,,"[0.3, 0.5, 0.7]",1425.8815304
91,4173,0.461421875,-176.97332387204136,8010.95654296875,True,False,,"[0.24951215802800122, 0.1698879489386273, 0.1423813773830187]",1448.5320409000005
92,4218,0.460878125,-277.6653130680984,5451.30322265625,True,False,,"[0.4673702809640382, 0.13603639576685556, 0.7096866240485598]",1462.3334747
93,4261,0.46045625,-154.37785268799814,2688.57568359375,True,False,,"[0.1, 0.2, 0.3]",1476.3967704000006
94,4295,0.460053125,-197.29689418162562,,True,False,,"[0.3, 0.5, 0.7]",1487.8014382000001
95,4321,0.45973437500000003,-64.13328049499411,5072.0380859375,True,False,,"[0.735527777147833, 0.6024636196506853, 0.6450847159738093]",1497.9685178
96,4343,0.459490625,-66.35750572539438,,True,False,,"[0.6704971407955683, 0.6387502544181545, 0.5211140608765593]",1507.3476274000004
97,4380,0.459284375,-84.20742952972137,8346.6005859375,True,False,,"[0.1, 0.2, 0.3]",1520.9416281000003
98,4421,0.4589375,-275.00624560668695,5389.86328125,True,False,,"[0.3, 0.5, 0.7]",1533.4665612999997
99,4461,0.458553125,-2313.861806029167,2592.5908203125,False,False,event: Maximum voltage [V],"[0.6937554691995145, 0.20513253429773676, 0.22039219189088632]",1547.0878594000005
100,4504,0.458178125,-290.6269535039048,8198.8408203125,True,False,,"[0.7145936802454784, 0.24987689873842153, 0.7389595374550457]",1559.6218648000004
101,4543,0.457775,-93.7029447731047,,True,False,,"[0.1, 0.2, 0.3]",1573.2318530000002
102,4586,0.457409375,-260.20926186692753,2576.32666015625,True,False,,"[0.3, 0.5, 0.7]",1587.2514429000003
103,4626,0.45700625,-206.20762159663815,2764.197509765625,True,False,,"[0.14943383696748558, 0.6147005644606169, 0.48503733795205517]",1601.7335508000006
104,4671,0.45663125,-126.6199648569611,10809.4365234375,True,False,,"[0.5724152487835418, 0.46042175155829934, 0.4630888092107812]",1617.7657048
105,4712,0.45620937500000003,-142.54284925756915,2483.349365234375,True,False,,"[0.1, 0.2, 0.3]",1634.3567565000003
106,4747,0.455825,-175.31231706089636,,True,False,,"[0.3, 0.5, 0.7]",1646.9572383000004
107,4785,0.455496875,-180.23410585385312,57.425777435302734,True,False,,"[0.20362896349850945, 0.5132969874738461, 0.60815649200288]",1662.4425105
108,4821,0.455140625,-143.28347533307576,5469.66845703125,True,False,,"[0.15534939851334828, 0.19302724245130226, 0.4760728632367349]",1675.6979785000003
109,4859,0.454803125,-2076.797978731397,10848.716796875,False,False,event: Maximum voltage [V],"[0.1, 0.2, 0.3]",1689.8220934
110,4884,0.45444687500000003,-117.35114031905994,,True,False,,"[0.3, 0.5, 0.7]",1700.0759625
111,4928,0.4542125,-67.6611163648827,8105.9296875,True,False,,"[0.1481286815837451, 0.14057526609168877, 0.15581682450772247]",1716.0425757000003
112,4972,0.4538,-255.52639565766566,5559.14599609375,True,False,,"[0.2893755412380721, 0.7266000434097071, 0.6802596299738313]",1729.7986915000001
113,5005,0.4533875,-89.06828366624326,4982.06494140625,True,False,,"[0.1, 0.2, 0.3]",1742.0840478
114,5038,0.453078125,-167.7745009611255,,True,False,,"[0.3, 0.5, 0.7]",1907.8539584999999
115,5070,0.45276875,-137.21476878351007,5259.31103515625,True,False,,"[0.318691167673123, 0.6648996843366087, 0.26523929609408636]",1923.7002057
116,5102,0.45246875,-214.2936704340194,5268.67578125,True,False,,"[0.21272205713597853, 0.6770193187873691, 0.7014101488209845]",1937.9360261000002
117,5140,0.45216875,-135.66135916156784,,True,False,,"[0.1, 0.2, 0.3]",1954.6410394000004
118,5169,0.4518125,-2144.105127002721,5563.81005859375,False,False,event: Maximum voltage [V],"[0.3, 0.5, 0.7]",1969.0181801999997
119,5194,0.451540625,-100.64825905512998,,True,False,,"[0.6843107733211556, 0.4947082706841839, 0.7368542315100041]",1981.7370541999999
120,5226,0.45130625,-195.70909088095237,92.6093978881836,True,False,,"[0.19004927428527196, 0.5916234901052395, 0.6897945128761527]",1996.3466150000004
121,5255,0.45100625,-102.19544102020716,63.24321746826172,True,False,,"[0.1, 0.2, 0.3]",2011.9410152
122,5281,0.450734375,-127.49653813572742,,True,False,,"[0.3, 0.5, 0.7]",2027.5206576
123,5312,0.450490625,-91.15147582518085,2900.921630859375,True,False,,"[0.14289584913007025, 0.18289503711236352, 0.31802208451657604]",2043.6895658000003
124,5341,0.4502,-78.1566338599199,,True,False,,"[0.46865735839754785, 0.1523913909988334, 0.23084406192704865]",2059.0279536
125,5375,0.449928125,-109.77729181601536,5267.9228515625,True,False,,"[0.1, 0.2, 0.3]",2076.4082703000004
126,5409,0.449609375,-137.6383882510813,2760.62060546875,True,False,,"[0.3, 0.5, 0.7]",2093.7395584999995
127,5445,0.449290625,-152.2771268377937,,True,False,,"[0.18629609220073207, 0.28481161987208137, 0.5424115427711007]",2110.8791464000005
128,5475,0.448953125,-146.6647701203417,5583.56298828125,True,False,,"[0.211234695481838, 0.6952831567739508, 0.43786927427077826]",2125.4514308
129,5510,0.448671875,-120.0531977063618,7842.1728515625,True,False,,"[0.1, 0.2, 0.3]",2141.9281869000006
130,5539,0.44834375,-131.06034993927526,,True,False,,"[0.3, 0.5, 0.7]",2156.8624450999996
131,5577,0.448071875,-282.1789595534472,5691.19970703125,True,False,,"[0.18355224491465522, 0.1260480075155266, 0.7399597769658867]",2175.0830864
132,5613,0.447715625,-112.23485728838415,8590.37890625,True,False,,"[0.6274177575362455, 0.3570554049209862, 0.5120063148173133]",2192.4754338000002
133,5649,0.447378125,-97.04491682471432,,True,False,,"[0.1, 0.2, 0.3]",2211.3016817000007
134,5683,0.44704062499999997,-128.85033407783524,5382.38232421875,True,False,,"[0.3, 0.5, 0.7]",2228.2700705000007
135,5710,0.446721875,-55.405852779067125,112.990966796875,True,False,,"[0.5766298618226506, 0.6390090060525991, 0.4868583981601474]",2242.4610873
136,5741,0.44646874999999997,-118.77054837569888,,True,False,,"[0.4086066124051767, 0.6884794482193042, 0.40251969635739404]",2260.0017651
137,5775,0.446178125,-102.31109695375534,2752.7568359375,True,False,,"[0.1, 0.2, 0.3]",2276.9645505999997
138,5802,0.445859375,-128.6513336832427,2708.65771484375,True,False,,"[0.3, 0.5, 0.7]",2291.4457191
139,5831,0.44560625,-101.92063998924269,,True,False,,"[0.3890079851606193, 0.21183084447728023, 0.5974368170027382]",2306.7520569000008
140,5863,0.445334375,-163.27777448961302,2705.13232421875,True,False,,"[0.7131399081490558, 0.15655440509488974, 0.19948510841915912]",2323.287497200001
141,5895,0.445034375,-2118.126686080846,,False,False,event: Maximum voltage [V],"[0.1, 0.2, 0.3]",2339.8630909000003
142,5916,0.444734375,-2122.9825330125495,11893.65234375,False,False,event: Maximum voltage [V],"[0.3, 0.5, 0.7]",2353.3882255000008
143,5953,0.44453750000000003,-127.66053099432347,8837.1796875,True,False,,"[0.32981994007320137, 0.3001961490097073, 0.13192248791907052]",2371.2598447
144,5987,0.444190625,-176.97487911177916,,True,False,,"[0.24597398027611692, 0.1792108151975026, 0.5930324928930312]",2388.4736859000004
145,6022,0.443871875,-121.54903953584852,5620.9541015625,True,False,,"[0.1, 0.2, 0.3]",2406.509613800001
146,6052,0.44354375,-149.87353748050222,2728.35888671875,True,False,,"[0.3, 0.5, 0.7]",2422.2804811999995
147,6078,0.4432625,-36.50370857612952,,True,False,,"[0.40361829679657735, 0.40479631800229143, 0.4984163494740772]",2436.7465828999993
148,6126,0.44301875,-173.9301158307055,85.4536361694336,True,False,,"[0.27516288713261106, 0.6504420280676692, 0.22151602362140815]",2456.5288887000006
149,6161,0.44256875,-125.3720214736261,5496.03173828125,True,False,,"[0.1, 0.2, 0.3]",2474.6667412999996
150,6190,0.442240625,-123.59584731549418,,True,False,,"[0.3, 0.5, 0.7]",2490.062881400001
151,6229,0.44196875,-174.5327191787701,8343.7626953125,True,False,,"[0.11152817306654153, 0.25767406106038326, 0.6760496801167032]",2509.0462293
152,6258,0.441603125,-174.51498707633235,2863.259033203125,True,False,,"[0.5185051007011375, 0.11329264784730185, 0.7095077274960551]",2524.3104571000003
153,6290,0.44133125,-78.89836824418671,,True,False,,"[0.1, 0.2, 0.3]",2539.2352567
154,6321,0.44103125,-99.35484569546671,2753.4638671875,True,False,,"[0.3, 0.5, 0.7]",2554.8968545999996
155,6356,0.440740625,-136.71620220688177,5762.35693359375,True,False,,"[0.22960627639721967, 0.5695641713558514, 0.7220694258833743]",2571.1248715
156,6392,0.4404125,-92.70950841013769,,True,False,,"[0.5737082071254578, 0.36894149304470203, 0.37441276040899696]",2587.2086602
157,6431,0.440075,-115.10110761991696,5166.20703125,True,False,,"[0.1, 0.2, 0.3]",2605.341564800001
158,6465,0.439709375,-158.946097464715,8029.17919921875,True,False,,"[0.3, 0.5, 0.7]",2622.685219500001
159,6503,0.43939062500000003,-95.11255898257906,8332.798828125,True,False,,"[0.5697935889512156, 0.344203610998956, 0.33334374200008554]",2640.0894709999993
160,6537,0.439034375,-175.17169249202175,,True,False,,"[0.3239159445804538, 0.7221941668496119, 0.21710412776452742]",2656.4594565999996
161,6569,0.438715625,-65.3523944662998,8959.638671875,True,False,,"[0.1, 0.2, 0.3]",2672.9788367
162,6592,0.438415625,-2109.973447963378,,False,False,event: Maximum voltage [V],"[0.3, 0.5, 0.7]",2685.7108387999997
163,6629,0.4382,-187.77990424789778,5780.3984375,True,False,,"[0.6077351003885291, 0.6544015654246563, 0.19317208984418793]",2703.3631337000006
164,6664,0.437853125,-94.53448044161624,11059.26953125,True,False,,"[0.3803818765806152, 0.16949767237985996, 0.39117346626420313]",2720.8706858000005
165,6717,0.437525,-143.94060955348422,143.33258056640625,True,False,,"[0.1, 0.2, 0.3]",2742.109413
166,6746,0.437028125,-89.07706843999219,,True,False,,"[0.3, 0.5, 0.7]",2756.5205967
167,6780,0.43675625,-111.76298769825075,5493.5908203125,True,False,,"[0.7279677497875556, 0.46830295073178463, 0.4075550716214328]",2771.7477641000005
168,6814,0.43643750000000003,-92.42302593279807,6272.89990234375,True,False,,"[0.31715124785836374, 0.4639331159719795, 0.561075904609042]",2787.769299400001
169,6853,0.43611875,-106.0554317792106,5604.3671875,True,False,,"[0.1, 0.2, 0.3]",2805.9551728999995
170,6890,0.43575312499999996,-108.51060445616699,,True,False,,"[0.3, 0.5, 0.7]",2823.1642818
171,6928,0.43540625,-69.20439799385649,5843.6259765625,True,False,,"[0.5092457979626671, 0.3299145248559164, 0.5092970901925572]",2841.7668242
172,6969,0.43505,-111.95435618225231,9260.6884765625,True,False,,"[0.23848104020801134, 0.30437547375059304, 0.48590775034854605]",2861.1222880000005
173,7002,0.434665625,-156.07288942935975,130.1790313720703,True,False,,"[0.1, 0.2, 0.3]",2878.4715880000003
174,7030,0.43435625,-71.70370980798606,,True,False,,"[0.3, 0.5, 0.7]",2891.677124400001
175,7066,0.43409375,-253.94080703021976,2918.3857421875,True,False,,"[0.1250333883116612, 0.6356958081113893, 0.7266663193267878]",2908.250282500001
176,7108,0.43375625,-114.92885047979874,5586.2509765625,True,False,,"[0.4900998933296501, 0.6846694704084709, 0.6326099002343434]",2925.6220632000004
177,7139,0.4333625,-67.54053728845186,,True,False,,"[0.1, 0.2, 0.3]",2942.3194881
178,7171,0.433071875,-97.4778068054286,5913.84375,True,False,,"[0.3, 0.5, 0.7]",2957.9803315999998
179,7207,0.43277187500000003,-188.5220236605705,5519.22412109375,True,False,,"[0.5411712212211947, 0.6603697138810172, 0.14780317862473927]",2975.4295984
180,7231,0.432434375,-126.30421691734094,,True,False,,"[0.6627837275959974, 0.24017336304228773, 0.7158089002978597]",2988.7250483000007
181,7260,0.432209375,-90.94967350426789,3009.672119140625,True,False,,"[0.1, 0.2, 0.3]",3004.4782777
182,7285,0.4319375,-100.05099663363629,,True,False,,"[0.3, 0.5, 0.7]",3017.7221331
183,7316,0.431703125,-142.09141483346588,8625.73828125,True,False,,"[0.2646252476057094, 0.5548311287898045, 0.6919072173231439]",3033.4178445
184,7350,0.4314125,-158.09464581575457,11618.982421875,True,False,,"[0.24125230010765233, 0.4799432046970583, 0.10050902201536108]",3050.6695891
185,7382,0.43109375,-98.4361834015441,,True,False,,"[0.1, 0.2, 0.3]",3066.696970500001
186,7414,0.43079375,-112.67112906683795,186.84942626953125,True,False,,"[0.3, 0.5, 0.7]",3082.3375701999994
187,7447,0.43049375,-210.52958211403512,,True,False,,"[0.11584650246761265, 0.1413315004725425, 0.6684077816527376]",3097.8951481000004
188,7485,0.430184375,-115.95355883475695,127.68083953857422,True,False,,"[0.5995566826420748, 0.38356429841981043, 0.3058481243239819]",3115.6196686000003
189,7522,0.429828125,-151.02654538591216,2920.222412109375,True,False,,"[0.1, 0.2, 0.3]",3134.013293
190,7546,0.42948125,-94.25396579894887,,True,False,,"[0.3, 0.5, 0.7]",3147.275856800001
191,7590,0.42925625,-103.30941494721898,5815.35595703125,True,False,,"[0.24468903803877315, 0.36510755377850634, 0.13559938561575838]",3166.2323306
192,7622,0.42884375,-194.62906531192397,15319.8271484375,True,False,,"[0.10920296377484531, 0.19255287054188772, 0.7061968581113514]",3181.7669764
193,7653,0.42854375,-95.31786992401112,5702.31982421875,True,False,,"[0.1, 0.2, 0.3]",3198.5350512999994
194,7672,0.428253125,-2114.305911619495,,False,False,event: Maximum voltage [V],"[0.3, 0.5, 0.7]",3209.9944988999996
195,7707,0.428075,-109.26536059992434,3009.30078125,True,False,,"[0.14263407546228912, 0.211745460675207, 0.38814866376978574]",3226.7854955000003
196,7739,0.42774687499999997,-203.31653265221945,,True,False,,"[0.7224813557703852, 0.1475214392191524, 0.38518330535827794]",3242.164924300001
197,7768,0.427446875,-68.97881899690096,2999.704833984375,True,False,,"[0.1, 0.2, 0.3]",3257.6539778999995
198,7795,0.42717499999999997,-125.51762416927679,,True,False,,"[0.3, 0.5, 0.7]",3271.6505168000003
199,7823,0.426921875,-65.07203892348473,2981.12890625,True,False,,"[0.2948662538117762, 0.48835792631444985, 0.5346199270832338]",3286.7780638999993
200,7848,0.426659375,-34.58176787174448,,True,False,,"[0.3942379608756361, 0.40043169662348743, 0.41949566977260155]",3300.8327491
201,7881,0.426425,-113.62494681791196,9027.228515625,True,False,,"[0.1, 0.2, 0.3]",3317.3230306999994
202,7918,0.426115625,-114.92634573348712,3185.644775390625,True,False,,"[0.3, 0.5, 0.7]",3334.6198440000007
203,7948,0.42576875,-135.70981631840255,,True,False,,"[0.19170217435757064, 0.26647508763121597, 0.7241975060804955]",3349.8992302999995
204,7978,0.4254875,-92.46986542546409,6148.99169921875,True,False,,"[0.14829698157747026, 0.24860815218124369, 0.31452083685224985]",3365.4220535999993
205,8015,0.42520625,-134.29144746441824,9549.529296875,True,False,,"[0.1, 0.2, 0.3]",3384.2288209
206,8047,0.424859375,-137.43350099136748,,True,False,,"[0.3, 0.5, 0.7]",3399.2812637999996
207,8082,0.424559375,-101.72043960423055,5936.35498046875,True,False,,"[0.39576424772020535, 0.24610582182905807, 0.5121911091224057]",3417.5553323000004
208,8125,0.42423125,-125.31971981138238,6282.47021484375,True,False,,"[0.10884768815107915, 0.2617576479811976, 0.3239014174726494]",3437.0576120000005
209,8173,0.423828125,-206.94482460999023,15843.529296875,True,False,,"[0.1, 0.2, 0.3]",3458.0741937000003
210,8207,0.423378125,-123.45232905345462,6247.20947265625,True,False,,"[0.3, 0.5, 0.7]",3474.6357258999997
211,8236,0.423059375,-166.15693970091002,,True,False,,"[0.1335691115845403, 0.6880126483735385, 0.34165306317990124]",3489.0610142999994
212,8271,0.4227875,-66.4037158679328,263.54156494140625,True,False,,"[0.4880292544684214, 0.27903047309819606, 0.49295800091545283]",3507.5804549000004
213,8300,0.42245937499999997,-106.32963430831555,6167.41357421875,True,False,,"[0.1, 0.2, 0.3]",3522.3717295000006
214,8329,0.4221875,-105.40133290682361,,True,False,,"[0.3, 0.5, 0.7]",3537.0318714000005
215,8365,0.421915625,-157.02555186539357,8514.9775390625,True,False,,"[0.14109606245287862, 0.15222934487367162, 0.5164373414508997]",3555.678585400001
216,8393,0.421578125,-130.87479364079903,,True,False,,"[0.18662114808383992, 0.5538883719686347, 0.5950748323968864]",3570.4171955
217,8431,0.42131562499999997,-106.54666024237657,181.87295532226562,True,False,,"[0.1, 0.2, 0.3]",3588.6313398
218,8470,0.420959375,-159.14867292613587,3232.272705078125,True,False,,"[0.3, 0.5, 0.7]",3606.1982040000003
219,8497,0.42059375,-137.04968357462073,,True,False,,"[0.6558310029959568, 0.5991718985889892, 0.1570288197256987]",3620.4361738999996
220,8529,0.420340625,-65.79596471577302,250.72756958007812,True,False,,"[0.32946059724721666, 0.23000127481802962, 0.36749760250066055]",3636.580651100001
221,8565,0.420040625,-149.11607171302208,3059.206298828125,True,False,,"[0.1, 0.2, 0.3]",3654.4042623000005
222,8600,0.419703125,-91.1190534712397,2927.263916015625,True,False,,"[0.3, 0.5, 0.7]",3671.7522559999998
223,8628,0.419375,-57.000485815746025,,True,False,,"[0.4862267763798911, 0.3575595913340468, 0.2193091898788161]",3686.4463957999997
224,8658,0.4191125,-76.29170113165874,5889.8427734375,True,False,,"[0.42194735638085634, 0.5727620656791479, 0.7249475458858514]",3702.1686740000005
225,8697,0.41883125,-122.596367741823,,True,False,,"[0.1, 0.2, 0.3]",3720.1588902000003
226,8722,0.418465625,-111.16161478959967,230.86688232421875,True,False,,"[0.3, 0.5, 0.7]",3734.6385136999997
227,8752,0.41823125,-107.82450354623178,6027.57666015625,True,False,,"[0.15360252487162557, 0.4090823318122683, 0.32926286447935443]",3750.6837803
228,8782,0.41795,-113.56304144871544,,True,False,,"[0.4410631423768806, 0.2309225844209173, 0.6658883230004198]",3766.0282934000006
229,8827,0.41766875,-129.16165422042812,2972.713134765625,True,False,,"[0.1, 0.2, 0.3]",3785.350962800001
230,8862,0.417246875,-127.11226508099,174.38414001464844,True,False,,"[0.3, 0.5, 0.7]",3800.3433561
231,8887,0.41691875,-51.82925026881968,,True,False,,"[0.5015022802585591, 0.6401677741502716, 0.5431185862446638]",3814.2083034999996
232,8921,0.416684375,-129.9782116972554,8579.7822265625,True,False,,"[0.12985982467128057, 0.38203217562793457, 0.40088263269519286]",3831.1276546999998
233,8951,0.416365625,-117.38156215794334,184.63870239257812,True,False,,"[0.1, 0.2, 0.3]",3848.0756237999994
234,8977,0.416084375,-2166.489049697859,,False,False,event: Maximum voltage [V],"[0.3, 0.5, 0.7]",3863.016642300001
235,9006,0.415840625,-78.71108227848835,3209.464111328125,True,False,,"[0.1542356600736138, 0.40027687862531725, 0.1897552376765177]",3878.7324100999995
236,9037,0.41556875,-131.42146836978716,,True,False,,"[0.619964947406405, 0.6629452585350999, 0.2345856195730682]",3894.3317819000004
237,9069,0.415278125,-108.53317232348837,6124.005859375,True,False,,"[0.1, 0.2, 0.3]",3911.430079400001
238,9088,0.414978125,-2111.0033099582747,,False,False,event: Maximum voltage [V],"[0.3, 0.5, 0.7]",3923.4053177000005
239,9120,0.4148,-104.01068219820334,209.08372497558594,True,False,,"[0.4953841156254798, 0.5225612309550842, 0.2388292671363311]",3939.4301030000006
240,9152,0.4145,-133.88844577008078,3239.53564453125,True,False,,"[0.17234441819906635, 0.11243137539961831, 0.47048726638266225]",3955.4307809
241,9185,0.4142,-123.73891115271745,,True,False,,"[0.1, 0.2, 0.3]",3972.849615700001
242,9211,0.413890625,-91.56436307243203,216.7220916748047,True,False,,"[0.3, 0.5, 0.7]",3986.206427000001
243,9242,0.41364687499999997,-95.96914260879399,,True,False,,"[0.5695885028450582, 0.6968172739606162, 0.4727555934539903]",4000.1163080999995
244,9277,0.41335625,-62.99617967107665,3210.43798828125,True,False,,"[0.2590753161525906, 0.28756805247418854, 0.16576001714564562]",4018.33755
245,9312,0.41302812499999997,-142.6984230569803,6390.25732421875,True,False,,"[0.1, 0.2, 0.3]",4035.7680132000005
246,9337,0.4127,-115.23628695565753,,True,False,,"[0.3, 0.5, 0.7]",4048.8757516000005
247,9364,0.412465625,-209.0635854679762,5805.66552734375,True,False,,"[0.742556345950888, 0.14580828940074683, 0.7492266147705543]",4063.131078300001
248,9395,0.4122125,-141.9916966019179,,True,False,,"[0.6786651498294285, 0.2244786979819129, 0.3945440184316378]",4078.0784014
249,9431,0.411921875,-144.47115550037526,3145.5205078125,True,False,,"[0.1, 0.2, 0.3]",4097.311872599999
250,9456,0.411584375,-101.12732697488472,3193.43408203125,True,False,,"[0.3, 0.5, 0.7]",4111.3120999
251,9485,0.41135,-48.898123665494005,,True,False,,"[0.3839249127964216, 0.34934355261322925, 0.3719404465027625]",4126.9418731999995
252,9529,0.411078125,-236.2438098663903,3033.341064453125,True,False,,"[0.5261940541414741, 0.3240578444606819, 0.11059005852536505]",4147.105467900001
253,9556,0.410665625,-64.42685470170959,139.74227905273438,True,False,,"[0.1, 0.2, 0.3]",4162.408032400001
254,9580,0.4104125,-108.10743072671882,,True,False,,"[0.3, 0.5, 0.7]",4176.387090800001
255,9608,0.4101875,-171.73240157488155,3192.205810546875,True,False,,"[0.7185354799407332, 0.16888597207076017, 0.4476040600005987]",4191.9959991
256,9628,0.409925,-82.90357030140471,,True,False,,"[0.3658396249507503, 0.6274450264986143, 0.7187506003155453]",4203.8073941
257,9652,0.4097375,-2085.029916049847,6303.9140625,False,False,event: Maximum voltage [V],"[0.1, 0.2, 0.3]",4218.1229330999995
258,9679,0.4095125,-107.97760135194785,,True,False,,"[0.3, 0.5, 0.7]",4232.3638335
259,9714,0.409259375,-113.14960418945105,6465.6826171875,True,False,,"[0.22835469844763975, 0.37026385952741736, 0.10265228637161877]",4249.696800400001
260,9742,0.40893124999999997,-131.5044517529747,,True,False,,"[0.6132245243262541, 0.2048919882926203, 0.17411631782335546]",4265.207864800001
261,9777,0.40866875,-131.7023429150097,12124.1572265625,True,False,,"[0.1, 0.2, 0.3]",4284.1034889
262,9802,0.408340625,-127.37835970726067,6453.70166015625,True,False,,"[0.3, 0.5, 0.7]",4297.6502275
263,9832,0.40810625,-51.820056289630195,,True,False,,"[0.232102198297258, 0.16254820028379655, 0.22751270642938282]",4314.0052693
264,9865,0.407825,-135.50916579609586,6138.88525390625,True,False,,"[0.1066297506677779, 0.42247547046641154, 0.10634655260657247]",4330.4337428
265,9893,0.407515625,-103.86488564251984,,True,False,,"[0.1, 0.2, 0.3]",4344.799619200001
266,9919,0.407253125,-105.57837269556877,6353.35546875,True,False,,"[0.3, 0.5, 0.7]",4359.2600012
267,9945,0.407009375,-136.74329469988027,,True,False,,"[0.41516197617451334, 0.24399413517245774, 0.6819322717866807]",4372.717785500001
268,9989,0.406765625,-233.53860143895974,9705.7001953125,True,False,,"[0.134500620818891, 0.7410334250765973, 0.5848663797508517]",4391.069721600001
269,10013,0.406353125,-2091.1808743876577,174.26303100585938,False,False,event: Maximum voltage [V],"[0.1, 0.2, 0.3]",4405.365804700001
270,10032,0.406128125,-2102.655837885585,,False,False,event: Maximum voltage [V],"[0.3, 0.5, 0.7]",4546.352616100001
271,10063,0.40595000000000003,-41.47363729392029,6811.6923828125,True,False,,"[0.3589836269521307, 0.20837917311280346, 0.2705994738726697]",4561.703171900001
272,10087,0.405659375,-83.93945545171584,,True,False,,"[0.6031302593825099, 0.40341044290570993, 0.6879479264956898]",4574.189519400001
273,10120,0.405434375,-128.45769539910128,24397.474609375,True,False,,"[0.1, 0.2, 0.3]",4590.4336416999995
274,10150,0.405125,-99.1716781438972,13208.4267578125,True,False,,"[0.3, 0.5, 0.7]",4604.5299027
275,10168,0.40484375,-2121.865680085718,,False,False,event: Maximum voltage [V],"[0.23466774293115, 0.5537082799683054, 0.6476909823585645]",4616.427656899999
276,10198,0.404675,-159.36340808214365,,True,False,,"[0.18011797090360268, 0.6717967900474776, 0.1442696069140681]",4630.568484400001
277,10227,0.40439375,-130.23998787505366,169.75686645507812,True,False,,"[0.1, 0.2, 0.3]",4645.5796061
278,10253,0.404121875,-2139.749874936126,5892.431640625,False,False,event: Maximum voltage [V],"[0.3, 0.5, 0.7]",4659.2755719
279,10293,0.403878125,-198.40499776804748,,True,False,,"[0.7371338887036228, 0.5967043531502149, 0.1378252598275223]",4675.429055799999
280,10316,0.40350312499999996,-54.14108651268307,12781.787109375,True,False,,"[0.33806716372081097, 0.5775036631291026, 0.3424970551865071]",4687.1191285
281,10346,0.4032875,-80.65606918879752,,True,False,,"[0.1, 0.2, 0.3]",4702.2165556
282,10366,0.40300625,-2126.9194384017865,12413.57421875,False,False,event: Maximum voltage [V],"[0.3, 0.5, 0.7]",4713.824042100001
283,10394,0.40281875,-74.72900113246236,,True,False,,"[0.7321722471274461, 0.6132353968660273, 0.48141194310173685]",4727.169332699999
284,10420,0.40255625,-116.40038836622875,3189.043701171875,True,False,,"[0.2860018536021548, 0.6648888880809456, 0.6551426332203384]",4740.5460774
285,10450,0.4023125,-135.69679445147585,10165.0400390625,True,False,,"[0.1, 0.2, 0.3]",4754.564886100001
286,10476,0.40203125,-109.77387800732016,,True,False,,"[0.3, 0.5, 0.7]",4767.7003927999995
287,10503,0.40178749999999996,-105.9980745202693,231.72225952148438,True,False,,"[0.628580932314834, 0.4800190062893286, 0.2551309099222524]",4781.3342448
288,10530,0.401534375,-108.21369764618109,,True,False,,"[0.2628720137732563, 0.6108987280347361, 0.5306757009520979]",4795.0524057
289,10566,0.40128125000000003,-157.21056451885454,9297.7109375,True,False,,"[0.1, 0.2, 0.3]",4813.128033500001
290,10593,0.40094375,-129.0880300660616,,True,False,,"[0.3, 0.5, 0.7]",4825.899124400001
291,10625,0.40069062499999997,-130.2556687951577,186.78611755371094,True,False,,"[0.28486590087295416, 0.42541573727628657, 0.7269724277538382]",4840.4496500000005
292,10651,0.400390625,-44.344618204654815,7111.5361328125,True,False,,"[0.48870831166903916, 0.3985473403548069, 0.4357023223893002]",4853.963178800001
293,10682,0.400146875,-98.008669292458,,True,False,,"[0.1, 0.2, 0.3]",4869.396908299999
294,10708,0.39985625,-116.6374609506655,5793.09228515625,True,False,,"[0.3, 0.5, 0.7]",4883.7253325
295,10741,0.3996125,-157.70279103858203,,True,False,,"[0.43136661922852115, 0.3245766455046152, 0.10270678876052904]",4901.201895100001
296,10769,0.399303125,-65.69734005113693,9921.880859375,True,False,,"[0.5277589541480184, 0.31289291839443134, 0.4200302859406161]",4915.3626208999995
297,10801,0.399040625,-113.57851367768266,9711.94140625,True,False,,"[0.1, 0.2, 0.3]",4929.238210200001
298,10828,0.398740625,-142.7731863108031,,True,False,,"[0.3, 0.5, 0.7]",4941.3591473
299,10851,0.3984875,-47.78812465691542,13228.1455078125,True,False,,"[0.546730839104567, 0.7365198750626677, 0.572280312254252]",4951.811981000001
300,10884,0.398271875,-107.24852105122689,,True,False,,"[0.2918699878704875, 0.2716945026597161, 0.48837785079337614]",4965.7441036
301,10919,0.3979625,-119.92076260900755,6642.666015625,True,False,,"[0.1, 0.2, 0.3]",4981.349658900001
302,10953,0.397634375,-153.48105737626105,12635.94140625,True,False,,"[0.3, 0.5, 0.7]",4995.2358315
303,10973,0.397315625,-2111.9716457319464,,False,False,event: Maximum voltage [V],"[0.47288619564786527, 0.2798590164791799, 0.6599935265361706]",5006.550038200001
304,10999,0.397128125,-117.70706320453012,,True,False,,"[0.6449220524478598, 0.44446968797320385, 0.7486396683165304]",5018.674601500001
305,11031,0.396884375,-83.8514305190069,3115.292724609375,True,False,,"[0.1, 0.2, 0.3]",5033.1066257
306,11056,0.396584375,-117.68680393682442,9270.9765625,True,False,,"[0.3, 0.5, 0.7]",5045.059380000001
307,11085,0.39635,-156.1340973192593,,True,False,,"[0.7244773163916918, 0.1832089212395338, 0.481565519942458]",5057.9846223
308,11119,0.396078125,-156.03446407498174,3301.28564453125,True,False,,"[0.49416129949327703, 0.345328566521964, 0.739849338542256]",5072.8700159
309,11151,0.395759375,-85.05495980806991,5959.95068359375,True,False,,"[0.1, 0.2, 0.3]",5085.828464
310,11174,0.395459375,-108.59258403766893,,True,False,,"[0.3, 0.5, 0.7]",5095.116427700001
311,11200,0.39524375,-113.50174921750184,12850.0380859375,True,False,,"[0.6948542086546043, 0.5410930659007723, 0.32530142232504816]",5106.551824300001
312,11225,0.395,-74.63770014346635,,True,False,,"[0.24369064561899992, 0.48370279164981866, 0.19070295160777712]",5116.1598318
313,11255,0.394765625,-91.5310512792936,6329.6201171875,True,False,,"[0.1, 0.2, 0.3]",5127.514443800001
314,11282,0.394484375,-148.15908109962945,,True,False,,"[0.3, 0.5, 0.7]",5137.650426100001
315,11298,0.39423125,-2154.5167379567015,,False,False,event: Maximum voltage [V],"[0.41004721615197803, 0.11479573591459274, 0.6852022036059735]",5145.2735705
316,11325,0.39408125,-2106.430502543176,9166.0166015625,False,False,event: Maximum voltage [V],"[0.47352435353166433, 0.20716597846137058, 0.37240540659482657]",5157.088805400001
317,11356,0.393828125,-79.97349800369247,6423.875,True,False,,"[0.1, 0.2, 0.3]",5169.2002883000005
318,11381,0.3935375,-113.7958682598418,,True,False,,"[0.3, 0.5, 0.7]",5178.7586651
319,11408,0.393303125,-154.61935728061448,8936.330078125,True,False,,"[0.24474863777550473, 0.672545825798622, 0.6415254596204737]",5189.6731198
320,11440,0.39305,-190.13635987742228,,True,False,,"[0.21663083578379771, 0.30510573357474824, 0.7499851824542638]",5200.7855213
321,11477,0.39275,-120.11704604771577,5906.92041015625,True,False,,"[0.1, 0.2, 0.3]",5214.1023697
322,11502,0.39240312499999996,-151.04022020216573,3243.96728515625,True,False,,"[0.3, 0.5, 0.7]",5224.0066953000005
323,11531,0.39216875,-150.47611040808567,,True,False,,"[0.5070799961003083, 0.1774673811370039, 0.5229458675430141]",5236.3472674
324,11559,0.39189687500000003,-135.97226611594888,9129.0390625,True,False,,"[0.26806096140844426, 0.29167545129443795, 0.5821574186925067]",5247.3096467
325,11591,0.391634375,-131.48918903893087,,True,False,,"[0.1, 0.2, 0.3]",5258.761292000001
326,11619,0.391334375,-139.04730321790646,13081.123046875,True,False,,"[0.3, 0.5, 0.7]",5269.2344789
327,11644,0.39107187499999996,-97.19612374537395,,True,False,,"[0.38002479153977875, 0.6609981033563329, 0.4245969641501238]",5279.1415247
328,11672,0.3908375,-184.5032622057599,12285.208984375,True,False,,"[0.2666779361520731, 0.7406680492449549, 0.22698947195102012]",5289.648400600001
329,11703,0.390575,-93.00857500791533,6475.779296875,True,False,,"[0.1, 0.2, 0.3]",5301.869711400001
330,11731,0.390284375,-147.21965653909777,,True,False,,"[0.3, 0.5, 0.7]",5313.294183800001
331,11754,0.39002187499999996,-2136.0290175149953,26477.05078125,False,False,event: Maximum voltage [V],"[0.5118693148468513, 0.5887399949961855, 0.11730754709232816]",5324.2646048999995
332,11781,0.38980625,-156.52827928191348,,True,False,,"[0.1791725001136644, 0.6377880046427028, 0.13839025030495078]",5335.3337481
333,11812,0.389553125,-2124.0579435412933,9287.5498046875,False,False,event: Maximum voltage [V],"[0.1, 0.2, 0.3]",5348.128744900001
334,11841,0.3892625,-146.57624211954084,,True,False,,"[0.3, 0.5, 0.7]",5359.5785309
335,11865,0.388990625,-2106.5633626764097,3370.26953125,False,False,event: Maximum voltage [V],"[0.16112413028847583, 0.5757816524174814, 0.3661125295879134]",5370.1107049
336,11890,0.388765625,-59.359622358256566,,True,False,,"[0.4926470428102103, 0.5259841246216818, 0.30090558987387334]",5380.266295400001
337,11923,0.38853125,-133.3478453947829,9209.216796875,True,False,,"[0.1, 0.2, 0.3]",5393.228807900001
338,11953,0.388221875,-151.01814179428604,8813.0244140625,True,False,,"[0.3, 0.5, 0.7]",5403.6194061999995
339,11979,0.387940625,-63.64578422940576,,True,False,,"[0.6015701347024679, 0.5535482516746512, 0.3813055426965214]",5413.9719069
340,12009,0.387696875,-163.1157075204166,3475.176025390625,True,False,,"[0.6368147801065093, 0.24126154342048756, 0.7242263571643378]",5425.0493002
341,12041,0.387415625,-98.2784316124342,,True,False,,"[0.1, 0.2, 0.3]",5436.649681299999
342,12062,0.387115625,-2130.7407640031897,6774.28515625,False,False,event: Maximum voltage [V],"[0.3, 0.5, 0.7]",5445.856531699999
343,12087,0.38691875,-49.2060247991201,,True,False,,"[0.4929668939713153, 0.407230373330284, 0.31710223862246734]",5457.205117400001
344,12113,0.38668437499999997,-2129.5887639673097,9750.353515625,False,False,event: Maximum voltage [V],"[0.23198632374949385, 0.4853189591379301, 0.4508508589921567]",5472.196604500001
345,12143,0.386440625,-111.87906948454544,,True,False,,"[0.1, 0.2, 0.3]",5488.7975544
346,12175,0.386159375,-158.20098760678897,8886.314453125,True,False,,"[0.3, 0.5, 0.7]",5505.2723489
347,12200,0.385859375,-55.65281098129745,12495.291015625,True,False,,"[0.6210911739438187, 0.5204300401631858, 0.488679524501774]",5519.835517699999
348,12225,0.385625,-95.78237325107325,,True,False,,"[0.31298092098840485, 0.5330253052037041, 0.6109427204126171]",5533.7545515
349,12262,0.385390625,-143.37725558692586,16001.736328125,True,False,,"[0.1, 0.2, 0.3]",5549.8459786
350,12292,0.38504375,-137.95960034357512,,True,False,,"[0.3, 0.5, 0.7]",5565.607948299999
351,12315,0.3847625,-49.367040263496605,8959.0234375,True,False,,"[0.7397638148652477, 0.6495111770680095, 0.6001359627014309]",5578.5888036
352,12349,0.38454687499999995,-95.91871417808497,,True,False,,"[0.4296102896827073, 0.5994946057444429, 0.22735505341138412]",5594.451728600001
353,12378,0.384228125,-2138.535230318984,12102.373046875,False,False,event: Maximum voltage [V],"[0.1, 0.2, 0.3]",5611.3835256
354,12405,0.38395625,-135.71643550881697,9620.7158203125,True,False,,"[0.3, 0.5, 0.7]",5625.6957532
355,12430,0.38370312500000003,-176.74711633118218,,True,False,,"[0.7343077125616226, 0.16439594195818644, 0.1805478866196923]",5640.102862899999
356,12451,0.38346875,-38.2556400113128,16381.646484375,True,False,,"[0.5593433784746152, 0.49048280559047286, 0.44974058629186475]",5654.0310568
357,12487,0.383271875,-128.813971617193,,True,False,,"[0.1, 0.2, 0.3]",5670.3805821000005
358,12513,0.382934375,-131.32781774070097,9608.2607421875,True,False,,"[0.3, 0.5, 0.7]",5683.891471700001
359,12549,0.382690625,-226.77662335268545,,True,False,,"[0.15987256567234848, 0.3283450785261951, 0.608272964800266]",5699.2777728
360,12579,0.382353125,-134.727130211599,6388.1435546875,True,False,,"[0.2860040157780769, 0.394091262709785, 0.6001710631733351]",5713.640870499999
361,12608,0.382071875,-2113.9833813326622,15468.30078125,False,False,event: Maximum voltage [V],"[0.1, 0.2, 0.3]",5729.5149602
362,12635,0.38180000000000003,-138.01878437251574,,True,False,,"[0.3, 0.5, 0.7]",5741.8075198999995
363,12653,0.381546875,-56.61128931793367,486.3678894042969,True,False,,"[0.7406405042679075, 0.5971428593232535, 0.5215964405979567]",5752.535119
364,12680,0.381378125,-76.5245996373165,,True,False,,"[0.472990821080324, 0.22939789954333545, 0.4511244643870921]",5766.3108489999995
365,12715,0.381125,-137.37076200544618,392.1241455078125,True,False,,"[0.1, 0.2, 0.3]",5783.552123900001
366,12742,0.380796875,-133.39580889178802,,True,False,,"[0.3, 0.5, 0.7]",5796.8569506
367,12767,0.38054374999999996,-122.93507438500826,9597.603515625,True,False,,"[0.42847316501583443, 0.6318282470851037, 0.16237876945692192]",5809.3928674
368,12796,0.380309375,-147.923364516139,,True,False,,"[0.5870387127828405, 0.1674449458484623, 0.25716128860688386]",5823.6732102999995
369,12825,0.38003750000000003,-55.65833776464142,12673.966796875,True,False,,"[0.1, 0.2, 0.3]",5840.5075455999995
370,12857,0.379765625,-178.1055834257206,12840.7841796875,True,False,,"[0.3, 0.5, 0.7]",5856.0562986
371,12888,0.37946562500000003,-71.12074863670433,,True,False,,"[0.24871926427340446, 0.18766464397754273, 0.3072105014228631]",5872.571551999999
372,12913,0.379175,-63.6127812123237,6560.9453125,True,False,,"[0.6747925657343137, 0.4962064192584834, 0.5092768960156219]",5886.412102599999
373,12939,0.37894062500000003,-2098.2419325306987,,False,False,event: Maximum voltage [V],"[0.1, 0.2, 0.3]",5900.5952904000005
374,12967,0.378696875,-141.88434985145943,3376.850341796875,True,False,,"[0.3, 0.5, 0.7]",5915.9311378
375,12995,0.378434375,-87.0869211963008,,True,False,,"[0.37372922456659363, 0.49318514631240984, 0.5411928301494172]",5931.195667399999
376,13022,0.378171875,-129.55313521295835,16687.521484375,True,False,,"[0.4296693462217691, 0.530446982389409, 0.7308133909351886]",5946.343196100001
377,13053,0.37791874999999997,-90.47068325877791,3446.8310546875,True,False,,"[0.1, 0.2, 0.3]",5962.8598081
378,13081,0.377628125,-153.15337440541995,,True,False,,"[0.3, 0.5, 0.7]",5976.6061381
379,13109,0.377365625,-151.27258704381654,3102.216064453125,True,False,,"[0.2782116272865881, 0.7244366130884141, 0.4190889381679197]",5992.7686791
380,13136,0.377103125,-81.57172516822114,,True,False,,"[0.3464855013317706, 0.564409322562155, 0.459463860903061]",6007.681282400001
381,13166,0.37685,-139.56990264719744,3244.3720703125,True,False,,"[0.1, 0.2, 0.3]",6024.4217981
382,13195,0.37656875,-139.63439174164486,,True,False,,"[0.3, 0.5, 0.7]",6038.7771699
383,13224,0.376296875,-105.54033039408681,6658.14794921875,True,False,,"[0.31768673307467765, 0.5848965867883824, 0.22602007768951596]",6054.1380782
384,13255,0.376025,-128.28844071463422,11664.2880859375,True,False,,"[0.14058535957719406, 0.43944012955717504, 0.346393199645086]",6070.8935888
385,13282,0.375734375,-2091.5210004078476,,False,False,event: Maximum voltage [V],"[0.1, 0.2, 0.3]",6085.2735964
386,13310,0.37548125,-134.3212943218776,15835.9365234375,True,False,,"[0.3, 0.5, 0.7]",6099.9379857
387,13337,0.37521875,-180.86225495343385,,True,False,,"[0.27626536687975123, 0.14054951094549795, 0.6935022225287552]",6113.9308932
388,13366,0.37496562499999997,-181.68996370261883,213.0790252685547,True,False,,"[0.7098846686207226, 0.19570066185294804, 0.23874978921412576]",6129.1952573
389,13395,0.37469375000000005,-105.14166868260989,,True,False,,"[0.1, 0.2, 0.3]",6145.1404047
390,13423,0.374421875,-132.8644959174654,6334.2470703125,True,False,,"[0.3, 0.5, 0.7]",6159.0563243
391,13440,0.374159375,-35.03002639112268,,True,False,,"[0.6333272970424854, 0.7032977688433749, 0.5523615518517808]",6170.122762999999
392,13470,0.374,-63.46558002549289,347.3153381347656,True,False,,"[0.2640940736401564, 0.15170283449408936, 0.24540728272308396]",6186.087988700001
393,13503,0.37371875,-139.1835163164852,7441.7451171875,True,False,,"[0.1, 0.2, 0.3]",6203.9048513
394,13533,0.373409375,-166.12545761044586,,True,False,,"[0.3, 0.5, 0.7]",6218.0524375
395,13559,0.37312812500000003,-105.51389153683459,9999.6494140625,True,False,,"[0.4012916398940345, 0.693129645249113, 0.4857716254786866]",6231.9095452
396,13587,0.372884375,-148.3393344444641,,True,False,,"[0.15397316748683837, 0.4344186552738949, 0.5611521669343625]",6246.3374220000005
397,13615,0.372621875,-90.65294945668384,3475.218994140625,True,False,,"[0.1, 0.2, 0.3]",6261.8724406
398,13640,0.372359375,-2132.04420920253,,False,False,event: Maximum voltage [V],"[0.3, 0.5, 0.7]",6276.1952554
399,13663,0.372125,-75.23739931338429,10556.4814453125,True,False,,"[0.4666725012575751, 0.6375799486131115, 0.5957544841640378]",6289.9674479000005
400,13696,0.371909375,-63.75600513472743,,True,False,,"[0.36668155344178144, 0.261756590996722, 0.29389731796853136]",6306.357944900001
401,13728,0.3716,-2131.031902719554,9043.873046875,False,False,event: Maximum voltage [V],"[0.1, 0.2, 0.3]",6324.7328003
402,13756,0.3713,-158.63530436396647,13062.3720703125,True,False,,"[0.3, 0.5, 0.7]",6339.1571478999995
403,13787,0.3710375,-78.76386343247361,,True,False,,"[0.3282696627809926, 0.5403769027179236, 0.24696063658127276]",6355.0163484
404,13815,0.37074687500000003,-165.94783556896664,6316.07861328125,True,False,,"[0.23695883874601473, 0.23599542095265072, 0.696657266965004]",6370.1965979
405,13845,0.370484375,-119.01645185340496,,True,False,,"[0.1, 0.2, 0.3]",6386.689906199999
406,13870,0.37020312499999997,-136.71597668957742,12792.3056640625,True,False,,"[0.3, 0.5, 0.7]",6400.4710251
407,13902,0.36996875,-56.63251520388944,4079.24365234375,True,False,,"[0.4667616042098145, 0.41234643842592844, 0.48241136744528446]",6417.049288300001
408,13927,0.36966875,-2122.6670250750617,,False,False,event: Maximum voltage [V],"[0.5452926627458758, 0.6163149024409669, 0.2712328124400744]",6431.0572680000005
409,13961,0.369434375,-113.69702058593874,10359.623046875,True,False,,"[0.1, 0.2, 0.3]",6448.213279
410,13988,0.36911562499999995,-161.24990198376292,,True,False,,"[0.3, 0.5, 0.7]",6463.0146866
411,14020,0.3688625,-219.56458680310405,3623.15966796875,True,False,,"[0.7480771102998094, 0.18797293691103562, 0.28762415281571396]",6480.155527299999
412,14047,0.3685625,-170.88264498980345,,True,False,,"[0.18369270258159484, 0.748722788317513, 0.17013759076885313]",6493.0387875
413,14077,0.368309375,-114.0137679493926,6831.615234375,True,False,,"[0.1, 0.2, 0.3]",6509.307207899999
414,14103,0.36802812500000004,-137.6305934538201,12074.375,True,False,,"[0.3, 0.5, 0.7]",6523.4555009
415,14130,0.367784375,-120.82065255646013,,True,False,,"[0.6434202338471904, 0.4525059659033527, 0.16649611626787958]",6537.969128799999
416,14159,0.36753125,-149.5810637579281,3125.878173828125,True,False,,"[0.7423318640456859, 0.36707729196131, 0.29010415233584314]",6553.862136199999
417,14193,0.367259375,-129.88195823799632,,True,False,,"[0.1, 0.2, 0.3]",6570.6805368000005
418,14218,0.366940625,-111.61498332266144,6424.8232421875,True,False,,"[0.3, 0.5, 0.7]",6584.2005291000005
419,14247,0.36670625,-96.17564166727453,,True,False,,"[0.43147477039493, 0.6718092514426681, 0.5801353052903279]",6597.6441552
420,14276,0.366434375,-75.75035092021065,23396.888671875,True,False,,"[0.45328390765637994, 0.20534092951509256, 0.3328152087000266]",6614.073667300001
421,14307,0.3661625,-86.19704194307684,13264.5390625,True,False,,"[0.1, 0.2, 0.3]",6630.7873414000005
422,14332,0.36587187499999996,-132.09460246072328,,True,False,,"[0.3, 0.5, 0.7]",6643.4911348000005
423,14359,0.3656375,-96.29241979444174,13874.9140625,True,False,,"[0.38064004234062465, 0.25352583943534035, 0.5971894844208884]",6658.113960000001
424,14395,0.365384375,-169.55955177344117,,True,False,,"[0.304285839256713, 0.3248318169383242, 0.6138982881552213]",6674.0934667
425,14426,0.365046875,-2109.4332464550994,15328.8349609375,False,False,event: Maximum voltage [V],"[0.1, 0.2, 0.3]",6691.382316000001
426,14452,0.36475625,-142.17045810568422,12654.74609375,True,False,,"[0.3, 0.5, 0.7]",6704.9709076
427,14482,0.3645125,-149.07704722322276,,True,False,,"[0.2202806210007618, 0.3985538655350086, 0.5128063757359909]",6720.190343800001
428,14509,0.36423125,-117.87483196084614,6647.1005859375,True,False,,"[0.16335429935993134, 0.48752823403453993, 0.5681673309601716]",6735.3072761
429,14541,0.36397812500000004,-83.59493202586587,,True,False,,"[0.1, 0.2, 0.3]",6751.9415995
430,14569,0.36367812499999996,-141.07240439183897,6923.69921875,True,False,,"[0.3, 0.5, 0.7]",6766.999544300001
431,14595,0.363415625,-48.897205497793436,,True,False,,"[0.37595385990786045, 0.46718778177635567, 0.5243836974744344]",6780.9995982
432,14622,0.363171875,-65.8878742050374,10292.9755859375,True,False,,"[0.4131313348492768, 0.5914657689074009, 0.6886697193864629]",6794.7137389
433,14658,0.36291875,-111.05516996765648,10135.611328125,True,False,,"[0.1, 0.2, 0.3]",6812.506123900001
434,14686,0.36258124999999997,-143.41635173090128,,True,False,,"[0.3, 0.5, 0.7]",6826.8565143
435,14713,0.36231875,-149.7378658872266,6582.39794921875,True,False,,"[0.5067502021709077, 0.14629986029101488, 0.6290433370088053]",6840.9664232
436,14742,0.36206562499999995,-147.91176523332592,,True,False,,"[0.12628528055064475, 0.2261571256306975, 0.5534745237854309]",6855.9991309
437,14772,0.36179375,-113.8063727393984,10483.6162109375,True,False,,"[0.1, 0.2, 0.3]",6873.1013717999995
438,14797,0.3615125,-127.7455300372048,,True,False,,"[0.3, 0.5, 0.7]",6886.2544831
439,14829,0.361278125,-110.99470536291328,3541.46484375,True,False,,"[0.4498695706695083, 0.38347196269176076, 0.18861844177933157]",6901.9606002
440,14856,0.36097812500000004,-142.86431100830336,20170.703125,True,False,,"[0.4757476316808358, 0.24984584762770984, 0.7404313198271133]",6916.2669774999995
441,14889,0.36072499999999996,-120.61340078357672,,True,False,,"[0.1, 0.2, 0.3]",6933.373355600001
442,14914,0.360415625,-111.39967109255605,12439.357421875,True,False,,"[0.3, 0.5, 0.7]",6947.316286700001
443,14944,0.36018125,-132.27988185357,,True,False,,"[0.17186859226098072, 0.5164072262981795, 0.2547744590470229]",6961.183285000001
444,14979,0.3599,-158.17520148434676,12187.396484375,True,False,,"[0.4645137596588038, 0.597592566355377, 0.12733333029880003]",6976.914194700001
445,15009,0.359571875,-80.34097484850281,9231.4892578125,True,False,,"[0.1, 0.2, 0.3]",6992.555614700001
446,15034,0.359290625,-133.23948031997259,,True,False,,"[0.3, 0.5, 0.7]",7131.598015199999
447,15064,0.35905624999999997,-80.25381740694479,12858.349609375,True,False,,"[0.3315699330487728, 0.4992293933992671, 0.14689478789152025]",7146.626786700001
448,15094,0.35877499999999996,-92.22363757771151,,True,False,,"[0.5645794579192005, 0.6447105907314702, 0.3590661552032284]",7160.6724777
449,15130,0.35849375,-81.75910465831059,6346.22021484375,True,False,,"[0.1, 0.2, 0.3]",7179.1443248
450,15156,0.35815625,-116.73977717007475,3752.25927734375,True,False,,"[0.3, 0.5, 0.7]",7193.1688909
451,15190,0.35791249999999997,-228.34752607569445,,True,False,,"[0.6572474150030065, 0.13008027590392182, 0.3830690794134095]",7209.3101582
452,15206,0.35759375,-2081.4381633602497,9781.7177734375,False,False,event: Maximum voltage [V],"[0.48352912197006803, 0.5390693924542825, 0.7384002450267371]",7220.1914185000005
453,15241,0.35744374999999995,-91.88419126288113,,True,False,,"[0.1, 0.2, 0.3]",7237.045682399999
454,15274,0.35711562500000005,-133.5526782217877,21454.302734375,True,False,,"[0.3, 0.5, 0.7]",7253.662156100001
455,15305,0.35680625,-174.51738987106467,3758.100830078125,True,False,,"[0.5679210875381323, 0.10925883321677834, 0.5471452451369907]",7269.5704731000005
456,15327,0.356515625,-2052.943639889375,,False,False,event: Maximum voltage [V],"[0.5649520819825896, 0.49448112051275284, 0.4026721050210579]",7281.5228711
457,15357,0.356309375,-78.46943671455762,10358.345703125,True,False,,"[0.1, 0.2, 0.3]",7298.0976787
458,15382,0.35602812500000003,-116.31097904673396,,True,False,,"[0.3, 0.5, 0.7]",7311.9094434
459,15411,0.35579375,-72.38940289195006,15477.6279296875,True,False,,"[0.536526402083087, 0.3710987457845014, 0.42312322618482445]",7327.1594363
460,15430,0.355521875,-65.51810438358208,,True,False,,"[0.5432542150027966, 0.7418882445256119, 0.7227352285547338]",7337.8151564
461,15467,0.35534374999999996,-92.89699023773294,9665.9208984375,True,False,,"[0.1, 0.2, 0.3]",7356.0417137
462,15492,0.354996875,-125.24014703888747,,True,False,,"[0.3, 0.5, 0.7]",7369.1460806
463,15521,0.3547625,-179.6056421754229,10179.9482421875,True,False,,"[0.21890411748918645, 0.7332954336284372, 0.19664774476108593]",7384.043956699999
464,15548,0.354490625,-52.67820586252355,,True,False,,"[0.2314191554531432, 0.30695888184428943, 0.36416099739673524]",7398.3666041
465,15580,0.3542375,-70.03968843904819,13111.44140625,True,False,,"[0.1, 0.2, 0.3]",7415.9049787
466,15607,0.3539375,-130.98208878885023,3786.63720703125,True,False,,"[0.3, 0.5, 0.7]",7430.1847567
467,15634,0.353684375,-76.64525309520366,,True,False,,"[0.5236817069985739, 0.5370988524094819, 0.3083338955084257]",7444.2894526
468,15664,0.35343125,-157.54229498644585,6537.5908203125,True,False,,"[0.17233953370976063, 0.564827318534952, 0.5319231533054911]",7458.8240829999995
469,15698,0.35315,-84.45203597730985,,True,False,,"[0.1, 0.2, 0.3]",7476.5986551000005
470,15724,0.35283125,-100.60145308426897,6793.78076171875,True,False,,"[0.3, 0.5, 0.7]",7490.3795114
471,15750,0.3525875,-80.23475636840924,3710.07373046875,True,False,,"[0.16193596131203705, 0.32295938398344504, 0.38664196504333925]",7505.538256899999
472,15776,0.35234374999999996,-158.7163604120406,,True,False,,"[0.23970909708402238, 0.7110355410776225, 0.5564790514187572]",7519.0000399
473,15807,0.35209999999999997,-71.63587449746605,6084.77490234375,True,False,,"[0.1, 0.2, 0.3]",7535.816948900001
474,15832,0.351809375,-119.07121315297084,,True,False,,"[0.3, 0.5, 0.7]",7549.2477973000005
475,15854,0.35157499999999997,-54.397806533937285,3380.91796875,True,False,,"[0.6345702393963668, 0.5369755078330958, 0.6062023046955171]",7561.627780500001
476,15880,0.35136875,-139.68396670185015,,True,False,,"[0.34410336475155984, 0.15733922725669325, 0.6340558097291565]",7575.317611800001
477,15910,0.351125,-84.88983407579417,472.5413513183594,True,False,,"[0.1, 0.2, 0.3]",7591.4839149
478,15935,0.35084375,-120.56349682203974,,True,False,,"[0.3, 0.5, 0.7]",7604.7136381
479,15959,0.350609375,-61.85984495892441,387.1544494628906,True,False,,"[0.4554038605355716, 0.5915449592020848, 0.5383867228351403]",7618.721420100001
480,15984,0.35038437499999997,-146.11083380211028,,True,False,,"[0.15978443820239485, 0.7162846340126587, 0.5048939327462693]",7630.3724162
481,16012,0.35014999999999996,-93.21530003155284,3620.370849609375,True,False,,"[0.1, 0.2, 0.3]",7644.266169
482,16039,0.3498875,-139.75919768054962,,True,False,,"[0.3, 0.5, 0.7]",7657.2789361
483,16069,0.349634375,-180.1765530357276,6523.64013671875,True,False,,"[0.22845051459422955, 0.660942204991671, 0.6666274472896433]",7671.2089357
484,16098,0.349353125,-86.96731210921976,,True,False,,"[0.5881183459402001, 0.5491695755443146, 0.7148746404609186]",7683.710692300001
485,16130,0.34908125,-105.65064140424384,3693.089599609375,True,False,,"[0.1, 0.2, 0.3]",7699.8299259
486,16156,0.34878125,-143.02155067593483,6944.8232421875,True,False,,"[0.3, 0.5, 0.7]",7711.241227500001
487,16185,0.3485375,-108.64586588690153,,True,False,,"[0.47060917621782894, 0.5037215786127712, 0.677569851024753]",7723.7654422
488,16214,0.348265625,-123.69984261600202,4195.99365234375,True,False,,"[0.6411153201704852, 0.5720472501436505, 0.20484145728764952]",7737.596554600001
489,16242,0.34799375,-108.6860696729127,,True,False,,"[0.1, 0.2, 0.3]",7750.947477600001
490,16269,0.34773125,-133.92913825644703,13273.412109375,True,False,,"[0.3, 0.5, 0.7]",7763.8470732000005
491,16300,0.34747812499999997,-121.19279966842844,615.5172729492188,True,False,,"[0.23672922642455302, 0.5189301585643415, 0.4604301808510399]",7777.863984900001
492,16327,0.3471875,-99.53492836423328,,True,False,,"[0.6957349641797331, 0.48524367691547177, 0.6204705881440804]",7790.6538375
493,16357,0.346934375,-104.55267940114783,3689.9208984375,True,False,,"[0.1, 0.2, 0.3]",7805.421516
494,16387,0.346653125,-125.23872491048907,,True,False,,"[0.3, 0.5, 0.7]",7817.9835079
495,16415,0.346371875,-144.75798062204615,3450.83935546875,True,False,,"[0.6504915638535905, 0.6241035328916428, 0.18847031188398103]",7831.8080892
496,16450,0.346109375,-174.7077608387954,12517.2822265625,True,False,,"[0.6457559664034468, 0.3535322024558135, 0.16847817155516362]",7846.9957617
497,16485,0.34578125,-140.17315399475325,,True,False,,"[0.1, 0.2, 0.3]",7862.8244959
498,16516,0.345453125,-140.20422891807536,6308.6591796875,True,False,,"[0.3, 0.5, 0.7]",7876.1612792
499,16548,0.3451625,-96.80953298239997,,True,False,,"[0.48179590736293887, 0.15329483033958086, 0.32103568567826934]",7889.331685499999
500,16578,0.34486249999999996,-105.10875482554808,9629.6435546875,True,False,,"[0.38884965141160244, 0.32521490257173324, 0.13549067495769707]",7903.7882518999995
501,16607,0.34458125,-68.96970152109907,347.05419921875,True,False,,"[0.1, 0.2, 0.3]",7918.1989803
502,16631,0.34430937500000003,-122.04304335976116,,True,False,,"[0.3, 0.5, 0.7]",7929.9181446
503,16660,0.344084375,-70.3937140851766,7325.6591796875,True,False,,"[0.3809468105367825, 0.30195615307157053, 0.1272979581599718]",7944.2798225999995
504,16683,0.34381249999999997,-99.08693500525641,,True,False,,"[0.4428015975825935, 0.7266571634769254, 0.7153992331051302]",7955.3735861000005
505,16715,0.343596875,-87.76442683583757,3858.8427734375,True,False,,"[0.1, 0.2, 0.3]",7970.3291414
506,16742,0.343296875,-139.42084476351357,,True,False,,"[0.3, 0.5, 0.7]",7982.606492700001
507,16764,0.34304375,-59.88394762202924,12519.41796875,True,False,,"[0.5978370161487141, 0.6133284469917176, 0.7013619335589572]",7993.255494500001
508,16805,0.3428375,-170.29768116496948,6609.3251953125,True,False,,"[0.7127835022519892, 0.4613365878451272, 0.1986381828667685]",8008.653046699999
509,16837,0.342453125,-2074.2161210325903,,False,False,event: Maximum voltage [V],"[0.1, 0.2, 0.3]",8023.492547100001
510,16870,0.342153125,-142.32843415986636,14890.5380859375,True,False,,"[0.3, 0.5, 0.7]",8037.2737468
511,16898,0.34184375,-131.3799353712764,,True,False,,"[0.3576381064340297, 0.7306893097267966, 0.6377901504768551]",8049.6286779
512,16933,0.34158125,-149.3697180853884,16655.91015625,True,False,,"[0.4271682366819073, 0.525488732557997, 0.15096426654603382]",8064.1196886
513,16967,0.34125312500000005,-96.03807554803743,4142.44140625,True,False,,"[0.1, 0.2, 0.3]",8077.686491099999
514,16992,0.340934375,-118.41162287617591,,True,False,,"[0.3, 0.5, 0.7]",8089.2438122
515,17022,0.3407,-48.64060685123132,3614.72607421875,True,False,,"[0.29553572052195, 0.42691377935498487, 0.22244537523336338]",8102.2227907
516,17055,0.34041875,-164.5214346472947,3713.94580078125,True,False,,"[0.592860720686122, 0.5499260649685173, 0.15652417120451823]",8114.016401299999
517,17088,0.34010937500000005,-115.34733262784772,,True,False,,"[0.1, 0.2, 0.3]",8127.4763774
518,17115,0.3398,-137.98277455896363,13643.333984375,True,False,,"[0.3, 0.5, 0.7]",8137.5410954
519,17149,0.339546875,-85.94455449935305,,True,False,,"[0.2329892631802379, 0.46246842080303974, 0.2482747977855705]",8149.0526248999995
520,17176,0.339228125,-134.71191570801548,863.7321166992188,True,False,,"[0.7428990974842271, 0.6840251531303746, 0.18680073664970098]",8157.9707662
521,17211,0.338975,-90.75870630816202,3814.525146484375,True,False,,"[0.1, 0.2, 0.3]",8170.206567700001
522,17229,0.338646875,-2119.903795148028,,False,False,event: Maximum voltage [V],"[0.3, 0.5, 0.7]",8177.7815611000005
523,17258,0.33847812499999996,-126.81599782054103,9504.7490234375,True,False,,"[0.24899027858159142, 0.1330922964010574, 0.4148860859136616]",8188.5528426
524,17288,0.33820625000000004,-117.86199337239796,,True,False,,"[0.5524908525847065, 0.6635994772570426, 0.280673401361193]",8198.5423385
525,17318,0.337925,-120.37431343216106,7088.50732421875,True,False,,"[0.1, 0.2, 0.3]",8209.0027451
526,17343,0.33764375,-137.35715257473723,,True,False,,"[0.3, 0.5, 0.7]",8217.8976913
527,17376,0.337409375,-220.4988941699477,6166.3603515625,True,False,,"[0.6519125502016163, 0.12701196314511717, 0.7294667070916747]",8228.5395267
528,17404,0.3371,-79.53833934656315,6424.47705078125,True,False,,"[0.6150579872969765, 0.5215487985684275, 0.3205403637394071]",8238.321309500001
529,17435,0.3368375,-122.43005784274445,,True,False,,"[0.1, 0.2, 0.3]",8249.13879
530,17459,0.336546875,-121.77999158684283,3892.685302734375,True,False,,"[0.3, 0.5, 0.7]",8258.074175
531,17492,0.336321875,-161.0959149464966,,True,False,,"[0.19004513479084578, 0.613061263039249, 0.40741357155312874]",8268.7029171
532,17526,0.3360125,-90.30987713742931,3472.892333984375,True,False,,"[0.4146551049674777, 0.45712704621375577, 0.5941631207205832]",8279.4168346
533,17554,0.33569375,-70.61044527666965,7928.771484375,True,False,,"[0.1, 0.2, 0.3]",8290.0722595
534,17581,0.33543124999999996,-139.01320382458712,,True,False,,"[0.3, 0.5, 0.7]",8299.5050548
535,17612,0.335178125,-138.5262907308596,3872.24169921875,True,False,,"[0.11799560815503364, 0.21050917175025688, 0.4585157413827208]",8310.7693452
536,17645,0.3348875,-57.582398267299446,,True,False,,"[0.31296857163431857, 0.2831764232386549, 0.34286007615634645]",8321.2962615
537,17677,0.334578125,-96.36681442786764,9261.486328125,True,False,,"[0.1, 0.2, 0.3]",8332.6039519
538,17702,0.334278125,-111.36117261186254,9538.9931640625,True,False,,"[0.3, 0.5, 0.7]",8341.6476702
539,17733,0.33404375,-98.83413161231529,,True,False,,"[0.15223971542593293, 0.41863140195803905, 0.2633163047115531]",8352.4009489
540,17761,0.333753125,-75.38653578635464,6165.63525390625,True,False,,"[0.33165823840985653, 0.3672454653798414, 0.4605586754817813]",8362.4748858
541,17793,0.333490625,-100.1733386649732,,True,False,,"[0.1, 0.2, 0.3]",8373.8950317
542,17819,0.33319062499999996,-134.33580743847412,12663.7744140625,True,False,,"[0.3, 0.5, 0.7]",8383.1192955
543,17855,0.332946875,-157.20587337384814,6913.8720703125,True,False,,"[0.10464638080933503, 0.4043357664841999, 0.264986605124159]",8394.9505022
544,17884,0.332609375,-48.58758344291558,,True,False,,"[0.32891995589159384, 0.15311463455234267, 0.24355990346827977]",8405.3154595
545,17920,0.3323375,-68.97491516335516,3694.47265625,True,False,,"[0.1, 0.2, 0.3]",8417.3006436
546,17950,0.33199999999999996,-124.05693171954503,6478.345703125,True,False,,"[0.3, 0.5, 0.7]",8427.2850569
547,17985,0.33171875,-249.83314070888625,,True,False,,"[0.13247580845865764, 0.747153801894899, 0.133751628517159]",8437.9295829
548,18022,0.331390625,-130.39393628670123,732.0319213867188,True,False,,"[0.32185209782370583, 0.5570525149699402, 0.19608041133558532]",8450.1815146
549,18051,0.33104374999999997,-85.68589743755048,3350.699951171875,True,False,,"[0.1, 0.2, 0.3]",8460.5625848
550,18080,0.330771875,-127.74698180807417,,True,False,,"[0.3, 0.5, 0.7]",8471.1595118
551,18110,0.3305,-85.86778520736878,12616.5078125,True,False,,"[0.301668538136169, 0.4903797287871654, 0.18842317610659326]",8481.9870088
552,18136,0.33021875,-129.54087478545867,,True,False,,"[0.2757985929174555, 0.6852320521340436, 0.6142290417638048]",8491.8048411
553,18166,0.329975,-89.06225833151329,9752.2998046875,True,False,,"[0.1, 0.2, 0.3]",8508.7544456
554,18193,0.32969375,-145.09787102254245,,True,False,,"[0.3, 0.5, 0.7]",8522.7311778
555,18222,0.32944062500000004,-41.62626095819595,6464.2919921875,True,False,,"[0.505736009793728, 0.40504076998556005, 0.33324567357896484]",8539.1166547
556,18251,0.32916875,-141.05488105064234,3723.794189453125,True,False,,"[0.5284156671005831, 0.10988469868881465, 0.4502540203147074]",8555.1161619
557,18284,0.328896875,-115.39264938661776,,True,False,,"[0.1, 0.2, 0.3]",8572.9254198
558,18308,0.3285875,-118.55428438579884,4368.37060546875,True,False,,"[0.3, 0.5, 0.7]",8586.8443868
559,18340,0.3283625,-128.33927673107604,,True,False,,"[0.5374054622697387, 0.3221615760279053, 0.16569514146308245]",8603.504371
560,18368,0.32806250000000003,-52.42474855125055,14641.0439453125,True,False,,"[0.3727905966149928, 0.23165043485213752, 0.2113921862029725]",8619.7731387
561,18400,0.3278,-91.6968747172526,464.38372802734375,True,False,,"[0.1, 0.2, 0.3]",8636.200639
562,18424,0.3275,-106.17673021719902,,True,False,,"[0.3, 0.5, 0.7]",8649.1123699
563,18449,0.327275,-122.00297054955172,,True,False,,"[0.673174059554132, 0.2106648708979026, 0.5498505039309544]",8663.034179100001
564,18481,0.327040625,-182.17144868582074,3508.177490234375,True,False,,"[0.13675773515977022, 0.4698616331581318, 0.670454498356564]",8679.1986937
565,18510,0.326740625,-68.10889743112706,4118.3330078125,True,False,,"[0.1, 0.2, 0.3]",8694.3290915
566,18537,0.32646875,-133.101432239294,,True,False,,"[0.3, 0.5, 0.7]",8707.9496137
567,18563,0.326215625,-79.5162513947206,6170.1728515625,True,False,,"[0.44588307012998274, 0.5326513836163527, 0.7083527013471786]",8721.7791725
568,18593,0.325971875,-97.61876605410397,,True,False,,"[0.518368016502142, 0.5156122314198847, 0.17912862120248674]",8737.5795235
569,18624,0.325690625,-74.7063626029058,3621.7724609375,True,False,,"[0.1, 0.2, 0.3]",8753.4612546
570,18650,0.3254,-142.6387629344917,6663.87890625,True,False,,"[0.3, 0.5, 0.7]",8766.8129062
571,18678,0.32515625,-78.21400694472825,,True,False,,"[0.22574290877499895, 0.3161754678158158, 0.4949664633505937]",8781.8992927
572,18704,0.32489375,-52.29638666398267,539.8763427734375,True,False,,"[0.28243091693468225, 0.46643642964735155, 0.2896954557029815]",8795.9517946
573,18734,0.32465,-79.24111306026391,,True,False,,"[0.1, 0.2, 0.3]",8811.644794400001
574,18761,0.32436875,-144.828255368443,3919.918701171875,True,False,,"[0.3, 0.5, 0.7]",8825.7283079
575,18792,0.324115625,-198.1877549183307,,True,False,,"[0.741072641286639, 0.10181688125553603, 0.3964109186916406]",8841.3506362
576,18829,0.32382500000000003,-120.20237281942791,6605.724609375,True,False,,"[0.12046334666366365, 0.18812436078603736, 0.19285319025745973]",8859.4606848
577,18856,0.32347812499999995,-72.02076245890815,10125.12109375,True,False,,"[0.1, 0.2, 0.3]",8874.3413268
578,18874,0.323225,-2112.4505204479606,,False,False,event: Maximum voltage [V],"[0.3, 0.5, 0.7]",8885.2167981
579,18905,0.32305625,-63.427969093600716,693.552734375,True,False,,"[0.30833265257964626, 0.16419652645187321, 0.10220771952330157]",8901.5403938
580,18934,0.322765625,-121.28103933876861,,True,False,,"[0.543442315787236, 0.2149617218191029, 0.531091792984561]",8916.0260242
581,18965,0.32249375,-76.12598944334152,9915.0166015625,True,False,,"[0.1, 0.2, 0.3]",8932.6859589
582,18989,0.32220312500000003,-109.48446793390589,,True,False,,"[0.3, 0.5, 0.7]",8946.1630319
583,19022,0.321978125,-143.92073668986632,9885.8134765625,True,False,,"[0.15590610849204226, 0.4900841651390845, 0.57615723341941]",8961.8489539
584,19042,0.32166875,-2129.94456201598,,False,False,event: Maximum voltage [V],"[0.5569114218856536, 0.13503093600636593, 0.5474294128622003]",8974.4029326
585,19073,0.32148125,-99.93154416970384,12206.8544921875,True,False,,"[0.1, 0.2, 0.3]",8990.6703516
586,19100,0.32119062499999995,-139.88642791405184,16786.8515625,True,False,,"[0.3, 0.5, 0.7]",9005.0518318
587,19135,0.3209375,-196.13029844702942,,True,False,,"[0.45728180926599715, 0.6705823192084692, 0.1587240671261286]",9021.078395
588,19162,0.320609375,-51.78841878293054,12673.7392578125,True,False,,"[0.27350553286476986, 0.21432712889345168, 0.3602350786564791]",9036.175761800001
589,19191,0.32035625,-79.40095835252076,,True,False,,"[0.1, 0.2, 0.3]",9052.5581179
590,19214,0.320084375,-118.6541916987655,6645.09033203125,True,False,,"[0.3, 0.5, 0.7]",9065.3733576
591,19239,0.31986875000000003,-107.57931053661406,,True,False,,"[0.4467063315119434, 0.39998582532847116, 0.6139485165454314]",9078.5738604
592,19268,0.319634375,-127.30527844787771,3950.98486328125,True,False,,"[0.4690765698690491, 0.5589780571499156, 0.7496282198795848]",9093.1493242
593,19295,0.3193625,-59.930032960842475,,True,False,,"[0.1, 0.2, 0.3]",9107.1797875
594,19321,0.31910937500000003,-141.68199907413126,6569.3486328125,True,False,,"[0.3, 0.5, 0.7]",9121.6125776
595,19347,0.318865625,-126.90393507110682,,True,False,,"[0.5972390637831446, 0.3041952293984213, 0.7315012448865108]",9134.909867800001
596,19385,0.318621875,-155.38356859394304,6360.2685546875,True,False,,"[0.4866288627706209, 0.3707988642870709, 0.12284916384402735]",9153.640077
597,19418,0.318265625,-134.73216372980468,3857.4775390625,True,False,,"[0.1, 0.2, 0.3]",9170.3797579
598,19445,0.31795625,-137.84287005402783,,True,False,,"[0.3, 0.5, 0.7]",9183.604302400001
599,19470,0.317703125,-140.8405457709247,9490.4990234375,True,False,,"[0.10439811861922217, 0.15240364319275715, 0.5436170671865079]",9195.739151
600,19494,0.31746874999999997,-29.944726299332366,,True,False,,"[0.4144154601751222, 0.3112755544553616, 0.3241274611962175]",9209.124043
601,19525,0.31724375,-105.75435804183074,4426.85693359375,True,False,,"[0.1, 0.2, 0.3]",9226.1197665
602,19553,0.31695312499999995,-133.8313906646275,9545.025390625,True,False,,"[0.3, 0.5, 0.7]",9240.632048
603,19585,0.316690625,-175.2983608912169,,True,False,,"[0.10548788343603005, 0.6413155571152424, 0.24100523688075653]",9255.3263276
604,19616,0.31639062500000004,-116.39335682229992,10019.0107421875,True,False,,"[0.37368639715581653, 0.44206224134176253, 0.12904315927482216]",9271.3766722
605,19644,0.3161,-73.29527909245965,,True,False,,"[0.1, 0.2, 0.3]",9286.8235321
606,19674,0.3158375,-142.5162981696099,7399.92822265625,True,False,,"[0.3, 0.5, 0.7]",9302.2671664
607,19709,0.31555625,-60.88696660582372,7044.59814453125,True,False,,"[0.2542580814983215, 0.10018074629906905, 0.1412718658766619]",9319.6027144
608,19725,0.31522812499999997,-2135.590747872906,,False,False,event: Maximum voltage [V],"[0.2279061483406153, 0.7481384862910283, 0.3610889149943727]",9330.4478446
609,19755,0.315078125,-79.95323161775484,6241.26806640625,True,False,,"[0.1, 0.2, 0.3]",9347.108046
610,19780,0.314796875,-131.95944045476503,,True,False,,"[0.3, 0.5, 0.7]",9360.0449154
611,19801,0.31456249999999997,-47.60600175825386,3856.52490234375,True,False,,"[0.5697324458773915, 0.536387096571263, 0.61856931192086]",9372.7221596
612,19831,0.314365625,-142.20342592961083,,True,False,,"[0.574578206155042, 0.23442476499092768, 0.5836829865930417]",9388.1886585
613,19864,0.31408437499999997,-81.94915558177051,3755.270751953125,True,False,,"[0.1, 0.2, 0.3]",9405.1287259
614,19890,0.313775,-141.4910883859711,,True,False,,"[0.3, 0.5, 0.7]",9419.1501683
615,19923,0.31353125000000004,-224.49907324541505,9518.1982421875,True,False,,"[0.1842368582621291, 0.1633117518197454, 0.6362877140238583]",9436.507899100001
616,19953,0.313221875,-98.94145525060316,10863.1318359375,True,False,,"[0.1611213079867026, 0.43914613614438713, 0.4063735485616672]",9452.3208665
617,19986,0.312940625,-103.29332011765817,,True,False,,"[0.1, 0.2, 0.3]",9469.264078
618,20016,0.31263125,-148.79918102357618,866.42724609375,True,False,,"[0.3, 0.5, 0.7]",9484.449592500001
619,20044,0.31235,-164.33772437517231,,True,False,,"[0.2290073770763612, 0.5252416722534833, 0.6619647571346604]",9630.328974
620,20077,0.3120875,-83.7003747884719,3816.12451171875,True,False,,"[0.3374943415365822, 0.495615090736767, 0.296825284998691]",9647.5384185
621,20112,0.311778125,-100.07456624707518,9425.7353515625,True,False,,"[0.1, 0.2, 0.3]",9665.1988506
622,20138,0.31145,-121.96776234854714,,True,False,,"[0.3, 0.5, 0.7]",9678.7284938
623,20169,0.31120625,-203.32931699428116,6671.15966796875,True,False,,"[0.1793089494495108, 0.6510651355460849, 0.7383313399408591]",9693.5512935
624,20197,0.31091562500000003,-183.6929325715805,,True,False,,"[0.16975467553263787, 0.30205941363363853, 0.6745783933809891]",9707.947907
625,20231,0.310653125,-121.34249471376253,6493.4638671875,True,False,,"[0.1, 0.2, 0.3]",9725.3769487
626,20259,0.310334375,-134.65659870310537,10220.2685546875,True,False,,"[0.3, 0.5, 0.7]",9740.0663384
627,20284,0.310071875,-50.81748717912923,,True,False,,"[0.3521913297543947, 0.38463422694410965, 0.5303676743844248]",9753.082166
628,20315,0.3098375,-172.23760940979855,13348.7978515625,True,False,,"[0.17590609478787142, 0.4111395097502394, 0.5925645990520862]",9768.8745335
629,20346,0.309546875,-100.88419701322827,,True,False,,"[0.1, 0.2, 0.3]",9784.9692964
630,20374,0.30925625,-2142.108863367452,3435.915283203125,False,False,event: Maximum voltage [V],"[0.3, 0.5, 0.7]",9800.1626972
631,20411,0.30899375,-202.36872368333644,6753.73876953125,True,False,,"[0.7351219095126275, 0.5183230593828262, 0.1773116385865231]",9816.131660000001
632,20439,0.308646875,-123.39112864433044,,True,False,,"[0.3883583152615129, 0.6755406772557631, 0.6542141708083778]",9829.9251737
633,20472,0.30838437500000004,-101.03229988452016,6642.9521484375,True,False,,"[0.1, 0.2, 0.3]",9847.1862202
634,20502,0.308075,-135.8884442874252,10619.7705078125,True,False,,"[0.3, 0.5, 0.7]",9862.0141044
635,20531,0.30779375,-88.00999596314921,,True,False,,"[0.34575671681366, 0.4782350502079957, 0.5564072972535152]",9875.812730900001
636,20555,0.307521875,-33.45761755316204,18027.287109375,True,False,,"[0.6038122011154395, 0.6063849660376393, 0.5454068193265286]",9889.5739798
637,20591,0.307296875,-103.96897199909318,,True,False,,"[0.1, 0.2, 0.3]",9907.2524147
638,20619,0.306959375,-138.02910080961828,4243.802734375,True,False,,"[0.3, 0.5, 0.7]",9922.0424618
639,20648,0.306696875,-189.98723769818218,,True,False,,"[0.260906274520998, 0.21990063191388398, 0.7179793552202]",9936.3172898
640,20667,0.306425,-66.24079542606273,9608.9375,True,False,,"[0.5195446689541195, 0.7467963398270726, 0.5966567918054959]",9948.2250552
641,20700,0.30624687500000003,-88.66065430404491,6835.2802734375,True,False,,"[0.1, 0.2, 0.3]",9964.774403
642,20724,0.3059375,-120.06545572894225,,True,False,,"[0.3, 0.5, 0.7]",9977.6339676
643,20752,0.3057125,-31.132355948481578,13187.419921875,True,False,,"[0.32774087136814745, 0.2558151839049693, 0.28426129594116734]",9992.6531384
644,20783,0.30545,-78.57617498400208,,True,False,,"[0.2566127813717792, 0.16150084002354992, 0.44393294317997667]",10008.5295044
645,20820,0.305159375,-98.8783371550792,9441.26171875,True,False,,"[0.1, 0.2, 0.3]",10026.6276065
646,20844,0.3048125,-111.06694904726504,,True,False,,"[0.3, 0.5, 0.7]",10040.0489395
647,20874,0.3045875,-156.58756337539475,797.88134765625,True,False,,"[0.5850479191862161, 0.2739249188167927, 0.6554409381274526]",10054.7814993
648,20899,0.30430625,-37.774135945061545,,True,False,,"[0.36300078462259056, 0.30529712046071, 0.20588380340394552]",10069.175966
649,20929,0.304071875,-76.3655534170833,10169.3193359375,True,False,,"[0.1, 0.2, 0.3]",10084.4167867
650,20955,0.303790625,-119.41112110781515,6632.96533203125,True,False,,"[0.3, 0.5, 0.7]",10096.9973369
651,20984,0.303546875,-90.91070593868643,,True,False,,"[0.6338558637066417, 0.38451673022373767, 0.35427861989488496]",10111.2223412
652,21016,0.303275,-66.41368749688834,6025.82373046875,True,False,,"[0.13911059515467394, 0.24615424763163096, 0.24647481357564405]",10128.726742
653,21045,0.302975,-91.80641262348838,,True,False,,"[0.1, 0.2, 0.3]",10144.8951634
654,21071,0.302703125,-128.43836161248623,3652.97509765625,True,False,,"[0.3, 0.5, 0.7]",10158.8915088
655,21098,0.302459375,-82.61773255006774,,True,False,,"[0.3865982636439137, 0.17298758800073372, 0.19012198463994207]",10173.1472681
656,21132,0.30220625,-246.06612202878003,3740.638427734375,True,False,,"[0.1544643452645259, 0.6357262257670498, 0.6641870295836166]",10189.2641475
657,21163,0.3018875,-85.87605956559058,6733.5859375,True,False,,"[0.1, 0.2, 0.3]",10206.0429571
658,21194,0.301596875,-129.1165801341691,,True,False,,"[0.3, 0.5, 0.7]",10221.8056375
659,21215,0.30130625,-58.797321514405056,9460.61328125,True,False,,"[0.6771366281376563, 0.7358428649981232, 0.4847499366189877]",10233.9226832
660,21240,0.301109375,-129.14083724455713,,True,False,,"[0.6834420676210199, 0.26256757492830163, 0.46396678598817676]",10247.13735
661,21274,0.300875,-135.20816867898023,9576.05859375,True,False,,"[0.1, 0.2, 0.3]",10264.702401400002
662,21303,0.30055624999999997,-130.10203043139515,3706.176513671875,True,False,,"[0.3, 0.5, 0.7]",10278.5982693
663,21329,0.300284375,-83.2258966692139,,True,False,,"[0.33707567344338873, 0.2414898725181362, 0.5274942750318444]",10292.4806442
664,21354,0.300040625,-69.81528004858103,647.4557495117188,True,False,,"[0.5429809328803661, 0.45845813861311335, 0.35491154043051953]",10306.2404565
665,21381,0.29980625,-81.32855787584096,,True,False,,"[0.1, 0.2, 0.3]",10321.324795100001
666,21409,0.299553125,-152.61512065861288,6532.80029296875,True,False,,"[0.3, 0.5, 0.7]",10336.419926900002
667,21435,0.29929062500000003,-124.140284332674,,True,False,,"[0.5598038740982901, 0.2549229369763982, 0.6006446052676505]",10349.4436471
668,21459,0.29904687500000005,-31.227397641249873,9216.857421875,True,False,,"[0.27487410539425483, 0.35887304419193056, 0.19027695270469358]",10363.526810899999
669,21489,0.298821875,-94.72402957313162,,True,False,,"[0.1, 0.2, 0.3]",10380.2055655
670,21514,0.298540625,-135.49257112993564,6506.587890625,True,False,,"[0.3, 0.5, 0.7]",10394.6076995
671,21545,0.29830625,-163.88789864121398,,True,False,,"[0.5238225927614286, 0.14014652997574248, 0.5923097365697588]",10409.9813354
672,21571,0.298015625,-61.09338832258642,11154.142578125,True,False,,"[0.46262202760055304, 0.2553314984770755, 0.30858773497490677]",10424.1133481
673,21607,0.297771875,-149.08256860156587,3870.663330078125,True,False,,"[0.1, 0.2, 0.3]",10442.2712857
674,21633,0.297434375,-131.18631463242485,,True,False,,"[0.3, 0.5, 0.7]",10455.095651
675,21647,0.297190625,-21.47557229795209,,True,False,,"[0.6527463650252469, 0.7384882586498095, 0.6501922422773566]",10463.6821443
676,21676,0.297059375,-102.12047006817174,10416.3603515625,True,False,,"[0.2774727355092004, 0.5762743735971961, 0.2828919793910572]",10479.5243152
677,21711,0.2967875,-96.7272668145053,3428.6494140625,True,False,,"[0.1, 0.2, 0.3]",10497.518172
678,21733,0.29645937499999997,-2117.662843930022,,False,False,event: Maximum voltage [V],"[0.3, 0.5, 0.7]",10510.3588968
679,21758,0.296253125,-60.044558645566795,599.5187377929688,True,False,,"[0.47105911371387443, 0.24685705458965151, 0.24877188760570723]",10524.4789916
680,21789,0.29601875,-118.83595776337194,,True,False,,"[0.4290860035176155, 0.4497565510173388, 0.10184934810283167]",10540.607073399999
681,21822,0.295728125,-96.95209391275965,6398.427734375,True,False,,"[0.1, 0.2, 0.3]",10558.431025400001
682,21849,0.29541875,-138.05768182834754,,True,False,,"[0.3, 0.5, 0.7]",10571.7662054
683,21879,0.295165625,-122.14271748841176,3512.739013671875,True,False,,"[0.5995345632638928, 0.15165623535318803, 0.33679338024054933]",10588.2207123
684,21901,0.294884375,-34.88949563764931,12378.4111328125,True,False,,"[0.4782735854369061, 0.5806427133473364, 0.5563720188715868]",10599.964139200001
685,21933,0.294678125,-97.63448408023987,,True,False,,"[0.1, 0.2, 0.3]",10616.339699700002
686,21960,0.294378125,-141.54925904537265,3545.877685546875,True,False,,"[0.3, 0.5, 0.7]",10631.128530500002
687,21988,0.29412499999999997,-141.35132588628684,,True,False,,"[0.5430379700409709, 0.20276906331906935, 0.48278975329439455]",10646.1182113
688,22017,0.2938625,-158.54479844456438,571.963134765625,True,False,,"[0.6468883608066147, 0.18120636607951401, 0.3145403895233505]",10661.607459800001
689,22045,0.293590625,-83.01661356832511,,True,False,,"[0.1, 0.2, 0.3]",10676.795389899999
690,22072,0.293328125,-127.24621497477787,3697.646728515625,True,False,,"[0.3, 0.5, 0.7]",10690.6603072
691,22102,0.293075,-37.94836527227099,16866.220703125,True,False,,"[0.35172173890015257, 0.32442877028778067, 0.296841042023707]",10706.0026588
692,22128,0.29279374999999996,-67.26361778242021,,True,False,,"[0.5491114446449785, 0.3885633721496895, 0.4648733482485945]",10719.191810600001
693,22160,0.29255,-79.7842097591391,12505.6455078125,True,False,,"[0.1, 0.2, 0.3]",10735.742475899999
694,22186,0.29225,-122.57766364616458,,True,False,,"[0.3, 0.5, 0.7]",10748.7126192
695,22217,0.29200625,-105.63211476513206,3763.288818359375,True,False,,"[0.47612793021323363, 0.27490551875064917, 0.18168113228863397]",10765.19675
696,22247,0.291715625,-41.299111746174816,,True,False,,"[0.4390171526255454, 0.40501272298807744, 0.31399904067003104]",10780.1897588
697,22281,0.291434375,-95.98777965429193,6109.2998046875,True,False,,"[0.1, 0.2, 0.3]",10798.5113131
698,22308,0.291115625,-149.54602304271347,6745.576171875,True,False,,"[0.3, 0.5, 0.7]",10812.944585000001
699,22338,0.2908625,-93.99339763000322,,True,False,,"[0.30127301032838427, 0.1565187950474085, 0.396547136403972]",10828.161534400002
700,22366,0.29058125,-161.36719319175538,3936.711181640625,True,False,,"[0.33359728786368004, 0.7117296606354782, 0.65266432673981]",10843.625003500001
701,22398,0.29031875,-100.20470213070364,,True,False,,"[0.1, 0.2, 0.3]",10859.744757200002
702,22428,0.29001875,-156.06019550960954,9947.5,True,False,,"[0.3, 0.5, 0.7]",10874.850504000002
703,22450,0.2897375,-59.26851222180789,3915.880615234375,True,False,,"[0.5312580955640167, 0.612163840889176, 0.6537565505828172]",10887.534504700001
704,22485,0.28953125,-164.352146766558,,True,False,,"[0.17972343085084447, 0.591525116504771, 0.1586506577670712]",10904.266707899998
705,22515,0.289203125,-85.30715022276067,3416.80908203125,True,False,,"[0.1, 0.2, 0.3]",10920.2071183
706,22543,0.288921875,-157.4651325189156,,True,False,,"[0.3, 0.5, 0.7]",10934.8224998
707,22571,0.288659375,-78.55062201921238,4030.052978515625,True,False,,"[0.1997983861058137, 0.27366356571313055, 0.39526691587339524]",10950.8385509
708,22604,0.288396875,-189.7958981192965,3650.365966796875,True,False,,"[0.12050713937414402, 0.6643094785803938, 0.5072156757549519]",10967.172177699998
709,22633,0.2880875,-103.89795646198898,,True,False,,"[0.1, 0.2, 0.3]",10983.2826452
710,22658,0.287815625,-133.05915470629287,3449.371337890625,True,False,,"[0.3, 0.5, 0.7]",10995.3662812
711,22672,0.28758125,-2117.709646923388,,False,False,event: Maximum voltage [V],"[0.4304931482127323, 0.25402856686412045, 0.693707362394168]",11005.325468300001
712,22706,0.28745,-87.52114131100073,12776.9140625,True,False,,"[0.41055531670396617, 0.53301423560401, 0.5544875387924554]",11021.3562223
713,22739,0.28713124999999995,-85.67731226117645,,True,False,,"[0.1, 0.2, 0.3]",11037.523164499999
714,22767,0.286821875,-146.71303380031748,13207.580078125,True,False,,"[0.3, 0.5, 0.7]",11051.036515
715,22791,0.28655937499999995,-57.705589213126586,,True,False,,"[0.49208414389605404, 0.2853460859268475, 0.5234770182667515]",11064.9219638
716,22812,0.286334375,-63.59973770646332,4191.81982421875,True,False,,"[0.6122421680202185, 0.5139777114043991, 0.6975965646083526]",11077.443283699999
717,22843,0.2861375,-89.68969196502646,,True,False,,"[0.1, 0.2, 0.3]",11093.995786800002
718,22869,0.285846875,-126.65497879895513,803.9915161132812,True,False,,"[0.3, 0.5, 0.7]",11107.898910299999
719,22896,0.28560312499999996,-80.06251365665467,,True,False,,"[0.2856685634288501, 0.5238222543233738, 0.40594937396128095]",11122.5272104
720,22926,0.28535,-169.76778835309287,6727.37158203125,True,False,,"[0.24301726472489474, 0.7292033338662112, 0.2836050125688323]",11138.755681999999
721,22957,0.28506875,-81.34403444187161,9535.8603515625,True,False,,"[0.1, 0.2, 0.3]",11155.9081741
722,22985,0.284778125,-152.16514776252427,,True,False,,"[0.3, 0.5, 0.7]",11170.7965372
723,23015,0.284515625,-155.06768447340784,6852.46142578125,True,False,,"[0.6493441638061019, 0.1677520938324207, 0.33949802732009404]",11186.232464600002
724,23045,0.284234375,-142.45319650057402,,True,False,,"[0.33583819219830224, 0.6596317489021167, 0.1456031391689983]",11201.467304599999
725,23076,0.28395312500000003,-85.3079707557556,11988.3193359375,True,False,,"[0.1, 0.2, 0.3]",11217.8549074
726,23104,0.2836625,-132.33333861009606,3548.17724609375,True,False,,"[0.3, 0.5, 0.7]",11232.4784091
727,23134,0.2834,-60.384441293726425,,True,False,,"[0.547068603077919, 0.5081638996156655, 0.43146239226512517]",11246.600959300002
728,23160,0.28311875,-32.37747011295247,6690.77685546875,True,False,,"[0.29860354946258305, 0.3601926235786217, 0.3426442390005455]",11261.6422451
729,23190,0.282875,-83.5095527852387,,True,False,,"[0.1, 0.2, 0.3]",11277.9386041
730,23215,0.28259375,-114.0819574778892,3306.5966796875,True,False,,"[0.3, 0.5, 0.7]",11291.491918
731,23246,0.28235937499999997,-151.53033353688787,,True,False,,"[0.11867074537073352, 0.5508766537119426, 0.2143375312568726]",11306.8992497
732,23273,0.28206875,-128.70833537616807,536.8016967773438,True,False,,"[0.6405239416206532, 0.3003477159892034, 0.6746696814558466]",11321.6098246
733,23302,0.281815625,-96.20662825228015,5869.8095703125,True,False,,"[0.1, 0.2, 0.3]",11338.220968900001
734,23326,0.28154375,-129.1847962038634,,True,False,,"[0.3, 0.5, 0.7]",11350.1629885
735,23349,0.28131875,-72.18272162990816,,True,False,,"[0.49789082804807805, 0.6825273771520495, 0.5480643272142317]",11363.470903500001
736,23381,0.281103125,-104.7302425514231,711.4176025390625,True,False,,"[0.49341674989586903, 0.32502322032433073, 0.14382345921269948]",11379.8408438
737,23412,0.280803125,-92.48523772544382,15352.1962890625,True,False,,"[0.1, 0.2, 0.3]",11396.454853800002
738,23438,0.2805125,-126.76626896212933,,True,False,,"[0.3, 0.5, 0.7]",11410.0187129
739,23470,0.28026874999999996,-62.96223309415947,10623.0751953125,True,False,,"[0.5566875177672301, 0.5387813091227048, 0.6201964419028115]",11425.132939
740,23499,0.27996875,-63.88064157758155,,True,False,,"[0.3564243359057593, 0.40438981552985775, 0.2254045623666657]",11440.476208799999
741,23535,0.27969687499999996,-129.47068915552703,9540.021484375,True,False,,"[0.1, 0.2, 0.3]",11458.928038900001
742,23561,0.27935937499999997,-132.86552196928452,6991.5703125,True,False,,"[0.3, 0.5, 0.7]",11472.516472300002
743,23599,0.279115625,-142.83575671491022,,True,False,,"[0.16805458022410158, 0.4817001511236396, 0.1692965047407914]",11490.4786068
744,23621,0.27875937500000003,-38.87808633178801,565.6765747070312,True,False,,"[0.5118804179820012, 0.46080377958803365, 0.3753480716234274]",11502.895696700001
745,23653,0.27855312499999996,-91.90030687517479,523.3157958984375,True,False,,"[0.1, 0.2, 0.3]",11519.929784299999
746,23678,0.278253125,-127.40111452937711,,True,False,,"[0.3, 0.5, 0.7]",11533.137423700002
747,23707,0.27801875,-164.80580847563746,13516.0400390625,True,False,,"[0.629898180241532, 0.18313485655800682, 0.6209541458799042]",11548.88999
748,23737,0.277746875,-171.16162450432745,,True,False,,"[0.7033471848300612, 0.2966958552049146, 0.12583158323614338]",11563.407022700001
749,23771,0.277465625,-89.68732165823742,3200.729736328125,True,False,,"[0.1, 0.2, 0.3]",11580.669774999998
750,23795,0.277146875,-122.95397578602689,,True,False,,"[0.3, 0.5, 0.7]",11592.7025034
751,23830,0.276921875,-110.54063489642786,748.2079467773438,True,False,,"[0.2817662329092132, 0.439957895592873, 0.12421352758144541]",11609.687238499999
752,23859,0.27659374999999997,-95.8117710763278,7211.1005859375,True,False,,"[0.5324303489955016, 0.736725931507337, 0.5103891055955891]",11623.984969600002
753,23889,0.276321875,-89.5289233725515,,True,False,,"[0.1, 0.2, 0.3]",11640.313304300002
754,23918,0.276040625,-148.07638286882977,9525.583984375,True,False,,"[0.3, 0.5, 0.7]",11654.905460900001
755,23945,0.27576875,-133.5794413350424,,True,False,,"[0.5723200980515251, 0.291414807867736, 0.6983795691129423]",11668.525633000001
756,23964,0.27551562500000004,-2151.157072095163,9501.4130859375,False,False,event: Maximum voltage [V],"[0.3708221773390269, 0.21359499724489212, 0.7347305830445263]",11679.4226672
757,23995,0.2753375,-100.23991617709478,,True,False,,"[0.1, 0.2, 0.3]",11695.2053285
758,24024,0.275046875,-149.5820367895692,6092.5810546875,True,False,,"[0.3, 0.5, 0.7]",11710.2955252
759,24054,0.274775,-134.72701149868678,4290.87255859375,True,False,,"[0.5262216219428668, 0.3876586736439781, 0.1493314579915861]",11724.926679799999
760,24087,0.27449375,-225.0311874862759,,True,False,,"[0.6148494795579242, 0.10916468199381739, 0.5947989395126926]",11739.761051500001
761,24126,0.27418437500000004,-123.79019347732556,10512.9150390625,True,False,,"[0.1, 0.2, 0.3]",11760.5592626
762,24155,0.27381875,-145.64599314070318,7244.96435546875,True,False,,"[0.3, 0.5, 0.7]",11775.139107399998
763,24182,0.273546875,-78.16972046332012,,True,False,,"[0.4186784667599064, 0.5225207760946378, 0.5992097786771644]",11788.4085041
764,24209,0.27329375,-158.16643416476697,3292.579345703125,True,False,,"[0.2668961899613935, 0.6862649019637496, 0.6299452865869195]",11801.4591349
765,24241,0.27304062500000004,-109.77266175501771,,True,False,,"[0.1, 0.2, 0.3]",11818.2078402
766,24269,0.27274062499999996,-145.54519729061604,9601.5390625,True,False,,"[0.3, 0.5, 0.7]",11833.2906311
767,24297,0.272478125,-164.5157688450999,,True,False,,"[0.7286845783157622, 0.2030518983823758, 0.2730654598554324]",11847.2961096
768,24325,0.27221562499999996,-133.40860712005428,10414.564453125,True,False,,"[0.3025998432922383, 0.6891672051763823, 0.4404090466676971]",11862.2021144
769,24364,0.271953125,-138.251258294832,6296.6474609375,True,False,,"[0.1, 0.2, 0.3]",11881.3387229
770,24385,0.2715875,-2151.740468384256,,False,False,event: Maximum voltage [V],"[0.3, 0.5, 0.7]",11892.6873414
771,24407,0.271390625,-2189.616493043109,9877.2890625,False,False,event: Maximum voltage [V],"[0.1685395414606959, 0.5664002129177239, 0.6953480909101735]",11905.385651199998
772,24430,0.271184375,-2150.4326456203694,,False,False,event: Maximum voltage [V],"[0.5970886006407, 0.5518979236827011, 0.13635121808411294]",11917.831988999998
773,24464,0.27096875,-102.9992304083077,9734.876953125,True,False,,"[0.1, 0.2, 0.3]",11935.800744
774,24496,0.27064999999999995,-192.4181545936868,,True,False,,"[0.3, 0.5, 0.7]",11950.7461755
775,24523,0.27035,-103.52281118278339,6315.20751953125,True,False,,"[0.38014514365728247, 0.5092825048036715, 0.6800547170459107]",11965.0686065
776,24555,0.270096875,-113.36029095635529,10203.443359375,True,False,,"[0.5303036270026285, 0.34238469388444154, 0.4316866484422517]",11980.205307100001
777,24597,0.269796875,-135.22754441811557,,True,False,,"[0.1, 0.2, 0.3]",12000.121725100002
778,24627,0.26940312499999997,-156.35176555574915,6765.64306640625,True,False,,"[0.3, 0.5, 0.7]",12014.977099
779,24650,0.269121875,-78.55632245374426,6398.77099609375,True,False,,"[0.394699535681982, 0.6507040012221792, 0.5430531296706004]",12027.584449000002
780,24686,0.26890625,-50.42665050837937,,True,False,,"[0.2527423329990951, 0.30784690386345326, 0.28649363960212637]",12044.523002599999
781,24724,0.26856874999999997,-118.17205794012548,6719.7392578125,True,False,,"[0.1, 0.2, 0.3]",12063.942265599999
782,24745,0.26821249999999996,-2125.923420013641,,False,False,event: Maximum voltage [V],"[0.3, 0.5, 0.7]",12076.1452598
783,24774,0.268015625,-99.05322854833832,10036.525390625,True,False,,"[0.48503709261577577, 0.7258376944344012, 0.5669626754655974]",12091.0749869
784,24816,0.26774375000000006,-246.28707208520837,516.30859375,True,False,,"[0.15983426950491825, 0.674228974458351, 0.1371085575939582]",12109.9203704
785,24854,0.26735,-126.10957209374592,6597.65966796875,True,False,,"[0.1, 0.2, 0.3]",12128.098923900001
786,24883,0.26699375000000003,-142.8374291977731,,True,False,,"[0.3, 0.5, 0.7]",12142.1110438
787,24912,0.266721875,-114.08249309376994,3689.62255859375,True,False,,"[0.32751496260078616, 0.26107097667789003, 0.5965504877187063]",12157.866584399999
788,24948,0.26644999999999996,-185.53408455421072,,True,False,,"[0.12345995768351371, 0.5763700194151209, 0.2313830860913207]",12175.285184
789,24981,0.2661125,-100.99410515758329,3560.5625,True,False,,"[0.1, 0.2, 0.3]",12192.8857751
790,25005,0.26580312500000003,-2108.360961001317,6546.43896484375,False,False,event: Maximum voltage [V],"[0.3, 0.5, 0.7]",12205.899485500002
791,25039,0.265578125,-185.55983981220612,,True,False,,"[0.3414058933957292, 0.21018359577871035, 0.7092096409810965]",12379.9156836
792,25075,0.26525937499999996,-146.17967931153007,6763.033203125,True,False,,"[0.3970280982430755, 0.5856876364162724, 0.1545651558260058]",12397.8269587
793,25119,0.26492187500000003,-120.00666083252122,3765.97021484375,True,False,,"[0.1, 0.2, 0.3]",12417.0053792
794,25148,0.26450937500000005,-141.87150112229574,,True,False,,"[0.3, 0.5, 0.7]",12431.037814700001
795,25177,0.2642375,-100.2557465497788,6220.50341796875,True,False,,"[0.23636620274287495, 0.3631521170801668, 0.510313649426797]",12446.674350500001
796,25228,0.263965625,-219.8943350699689,987.5602416992188,True,False,,"[0.6136505468329657, 0.6873536579777955, 0.21037901499372907]",12466.955971
797,25273,0.2634875,-151.8024541236853,5943.939453125,True,False,,"[0.1, 0.2, 0.3]",12487.929148800002
798,25305,0.26306562499999997,-180.09066445032403,6037.90625,True,False,,"[0.3, 0.5, 0.7]",12503.961213900002
799,25328,0.262765625,-53.270221685281385,,True,False,,"[0.6980825878549339, 0.6341346243691488, 0.55486944470162]",12515.9330673
800,25363,0.26255,-136.30556997851934,3585.84765625,True,False,,"[0.11228930549758746, 0.36510098599939267, 0.11760711927622401]",12534.336950699999
801,25397,0.26222187500000005,-120.27525610579934,,True,False,,"[0.1, 0.2, 0.3]",12551.1931115
802,25428,0.261903125,-157.53577120096006,6348.43994140625,True,False,,"[0.3, 0.5, 0.7]",12566.067401200002
803,25441,0.26161249999999997,-2146.4112704933614,,False,False,event: Maximum voltage [V],"[0.1325438474972035, 0.47460746802213905, 0.7413608324142791]",12574.994152899999
804,25478,0.261490625,-165.1840274614846,10189.9853515625,True,False,,"[0.23892431281538332, 0.5090591088006026, 0.14319243239940369]",12593.5167387
805,25517,0.26114375,-134.69865667180224,11774.0859375,True,False,,"[0.1, 0.2, 0.3]",12612.9878431
806,25546,0.26077812499999997,-167.71799696646252,,True,False,,"[0.3, 0.5, 0.7]",12627.673750999998
807,25581,0.26050625000000005,-2258.8710063931053,3873.65966796875,False,False,event: Maximum voltage [V],"[0.1080226807674218, 0.26939298825657254, 0.7290876122212898]",12645.154542
808,25607,0.26017812500000004,-79.94227505658603,6407.6845703125,True,False,,"[0.697833580538859, 0.48673117313982717, 0.6699546242320414]",12658.260023400002
809,25638,0.25993437500000005,-103.81919623341547,,True,False,,"[0.1, 0.2, 0.3]",12674.875839100001
810,25672,0.25964375,-170.30013357182952,9983.009765625,True,False,,"[0.3, 0.5, 0.7]",12691.528221199998
811,25692,0.25932499999999997,-44.787620013485245,,True,False,,"[0.6766074548305808, 0.6745465857870007, 0.5550554160371722]",12703.381933100001
812,25731,0.2591375,-179.80951926194194,6425.9951171875,True,False,,"[0.1414104386646039, 0.2581924745857096, 0.38032319642729073]",12723.476163700001
813,25776,0.258771875,-154.46076782859663,9827.2421875,True,False,,"[0.1, 0.2, 0.3]",12745.621782900002
814,25813,0.25834999999999997,-207.25763608095943,4458.1630859375,True,False,,"[0.3, 0.5, 0.7]",12762.5302132
815,25850,0.258003125,-123.88874891796249,6405.47900390625,True,False,,"[0.2146286308647684, 0.18623039389202525, 0.5133059145457968]",12781.523134300001
816,25882,0.25765625,-215.61388855243652,,True,False,,"[0.163625489510894, 0.5503696689219697, 0.6231469807184011]",12796.3670728
817,25916,0.25735625,-99.42326223664028,9682.2900390625,True,False,,"[0.1, 0.2, 0.3]",12815.1742362
818,25931,0.2570375,-2123.4760112859935,,False,False,event: Maximum voltage [V],"[0.3, 0.5, 0.7]",12825.420060699998
819,25962,0.256896875,-73.66525422492354,3401.669189453125,True,False,,"[0.4222375338251819, 0.5556221271253815, 0.5597883107959102]",12841.8309014
820,25990,0.25660625000000004,-98.93828178821884,,True,False,,"[0.30703741648192845, 0.3272668829417587, 0.5742451176470916]",12857.109767900001
821,26041,0.25634375,-169.19561378652813,693.0371704101562,True,False,,"[0.1, 0.2, 0.3]",12879.516093999999
822,26073,0.255865625,-183.09949628912753,6690.49658203125,True,False,,"[0.3, 0.5, 0.7]",12894.751258799999
823,26106,0.25556562499999996,-80.37083712201671,9623.9736328125,True,False,,"[0.5390533310911769, 0.35736272659380297, 0.3026747231688817]",12911.679128299998
824,26143,0.25525624999999996,-151.76425253807102,,True,False,,"[0.5692340230887953, 0.3599206603389774, 0.16288994524459932]",12928.534359599998
825,26179,0.254909375,-137.23431582182272,9735.6611328125,True,False,,"[0.1, 0.2, 0.3]",12948.0188959
826,26210,0.254571875,-152.28835486149418,9578.92578125,True,False,,"[0.3, 0.5, 0.7]",12963.117256000001
827,26243,0.25428125,-132.79729212769593,,True,False,,"[0.6649591867034733, 0.34373109208245745, 0.5338238429947438]",12979.086068600001
828,26302,0.25397187499999996,-145.54213728611066,13182.66015625,True,False,,"[0.4954060722448478, 0.36702874542782726, 0.4782491976345463]",13000.2004771
829,26336,0.25341875,-116.1945500127257,,True,False,,"[0.1, 0.2, 0.3]",13018.2399511
830,26369,0.2531,-136.29002089443406,6727.62646484375,True,False,,"[0.3, 0.5, 0.7]",13033.703684200002
831,26417,0.252790625,-190.52472291728563,3455.440673828125,True,False,,"[0.14017411697753096, 0.3978657147829039, 0.11221121658270335]",13054.6146645
832,26452,0.252340625,-216.7945677479108,6640.017578125,True,False,,"[0.6922363030966026, 0.527166668477282, 0.10482002551301015]",13071.525348
833,26484,0.2520125,-125.19084287989536,,True,False,,"[0.1, 0.2, 0.3]",13089.3696452
834,26512,0.2517125,-112.72949774729263,6761.32421875,True,False,,"[0.3, 0.5, 0.7]",13103.8077635
835,26550,0.25144999999999995,-192.41489514518625,604.5208740234375,True,False,,"[0.577644854672683, 0.19339598854987217, 0.11969947053718288]",13122.8746044
836,26586,0.25109375,-214.3530549468534,,True,False,,"[0.6357970415925499, 0.10681331790291565, 0.1159713322136756]",13140.068989399999
837,26617,0.25075625,-119.32297024308653,12332.7802734375,True,False,,"[0.1, 0.2, 0.3]",13157.734719600001
838,26647,0.250465625,-156.87862484468062,,True,False,,"[0.3, 0.5, 0.7]",13172.508660200001
839,26681,0.250184375,-96.94811919972398,9136.7900390625,True,False,,"[0.46785312762477127, 0.22266934841933272, 0.33997276644021646]",13189.414929300001
840,26710,0.24986562499999998,-68.85962145307758,4217.49755859375,True,False,,"[0.3550608616011589, 0.41763262383014743, 0.46995945103149983]",13204.937636300001
841,26745,0.24959374999999995,-125.9151433824682,,True,False,,"[0.1, 0.2, 0.3]",13223.2676971
842,26763,0.249265625,-2132.0142374719394,6551.26904296875,False,False,event: Maximum voltage [V],"[0.3, 0.5, 0.7]",13235.131750699999
843,26791,0.249096875,-98.99201012156303,,True,False,,"[0.6922818200281912, 0.48355090075064666, 0.3971971301975873]",13248.648562800001
844,26822,0.248834375,-182.03659917073148,7194.939453125,True,False,,"[0.272342719183576, 0.3689221487389722, 0.7061203740529298]",13265.1957101
845,26859,0.24854375,-143.50553390276178,9588.8017578125,True,False,,"[0.1, 0.2, 0.3]",13284.312713300002
846,26887,0.24819687499999998,-147.74927970908752,,True,False,,"[0.3, 0.5, 0.7]",13298.322853599999
847,26917,0.24793437499999998,-179.00450250045307,6756.81640625,True,False,,"[0.2329314730841577, 0.20573493829313283, 0.6607726762316715]",13313.996540799999
848,26953,0.24765312499999997,-164.83026931712268,13030.7724609375,True,False,,"[0.5758685565829983, 0.21070874824539693, 0.2637634718618883]",13331.3077233
849,26990,0.24731562499999998,-159.69245880884765,,True,False,,"[0.1, 0.2, 0.3]",13350.081780600001
850,27019,0.24696875000000001,-170.83773187835033,13059.75390625,True,False,,"[0.3, 0.5, 0.7]",13365.2556472
851,27047,0.24669687499999998,-125.14560155477024,,True,False,,"[0.4755574973785395, 0.27509063101659836, 0.6901630142073981]",13379.1343973
852,27077,0.24643437499999998,-190.46878856743882,911.1455688476562,True,False,,"[0.204052178111092, 0.6810648598182499, 0.28898359514201555]",13394.9023351
853,27110,0.24615312500000003,-129.89166930905688,7193.10400390625,True,False,,"[0.1, 0.2, 0.3]",13412.3164965
854,27137,0.24584374999999997,-124.64558779112205,,True,False,,"[0.3, 0.5, 0.7]",13425.059554200001
855,27171,0.24559062499999995,-87.03328483834477,3729.92236328125,True,False,,"[0.15053582407585892, 0.29855196369701714, 0.22031881634813577]",13442.6506639
856,27196,0.24527187499999997,-135.05558402509797,,True,False,,"[0.2886548002493107, 0.6945380282814426, 0.6686639409627309]",13455.078683
857,27229,0.24503750000000002,-136.29386996857977,3594.589599609375,True,False,,"[0.1, 0.2, 0.3]",13472.8926427
858,27260,0.24472812500000002,-139.29792323559496,12587.912109375,True,False,,"[0.3, 0.5, 0.7]",13487.5192025
859,27289,0.24443750000000003,-117.11613814752505,,True,False,,"[0.5296407192303908, 0.2486659328398261, 0.5504834372136943]",13502.3203813
860,27321,0.244165625,-126.17451044737052,9654.2412109375,True,False,,"[0.4113877729715788, 0.23076432998711677, 0.5800853943222071]",13518.310777900002
861,27361,0.24386562500000003,-129.94873645777187,1069.4832763671875,True,False,,"[0.1, 0.2, 0.3]",13538.004437799998
862,27392,0.24349062500000002,-114.11028127902279,,True,False,,"[0.3, 0.5, 0.7]",13552.8088985
863,27428,0.24319999999999997,-163.5313471970967,564.8709106445312,True,False,,"[0.6823329744399564, 0.36498985501963743, 0.18677701448893103]",13569.4331686
864,27465,0.24286249999999998,-104.82891401727623,10536.5947265625,True,False,,"[0.35011799114087205, 0.5918052122939724, 0.565367726752429]",13586.086854000001
865,27504,0.242515625,-110.87916443264803,6993.52880859375,True,False,,"[0.1, 0.2, 0.3]",13604.306136
866,27534,0.24215000000000003,-135.51612953069255,,True,False,,"[0.3, 0.5, 0.7]",13618.731105800001
867,27554,0.24186874999999997,-28.029956151933288,12847.625,True,False,,"[0.628437991360358, 0.6393729225138034, 0.65566078903418]",13630.284889800001
868,27581,0.24168125000000001,-184.59874603071893,,True,False,,"[0.23194992968632946, 0.7417416388263846, 0.6773537062762052]",13643.575957600002
869,27612,0.241428125,-107.88201806635327,6534.68310546875,True,False,,"[0.1, 0.2, 0.3]",13660.8180817
870,27642,0.24113749999999995,-168.873401539305,,True,False,,"[0.3, 0.5, 0.7]",13675.668559599999
871,27667,0.24085625,-77.81605779531084,3797.49951171875,True,False,,"[0.35337312907270724, 0.4558651501732677, 0.566217783971438]",13687.2992108
872,27700,0.24062187499999999,-133.19226336562537,3426.099853515625,True,False,,"[0.21525877979082592, 0.5668534956588107, 0.3562186360375269]",13702.542295899999
873,27736,0.24031250000000004,-113.91751238857431,,True,False,,"[0.1, 0.2, 0.3]",13720.4617219
874,27760,0.239975,-2148.122096657359,9959.359375,False,False,event: Maximum voltage [V],"[0.3, 0.5, 0.7]",13734.046585200002
875,27788,0.23974999999999996,-140.95666907703182,,True,False,,"[0.44659738986204645, 0.31672192956371237, 0.6743961354050585]",13747.944216799999
876,27814,0.23948750000000002,-129.42382159618745,3671.321044921875,True,False,,"[0.6542987170724569, 0.33186298878268367, 0.24633381086058734]",13761.404910000001
877,27855,0.23924375000000003,-125.6782439571482,16292.03515625,True,False,,"[0.1, 0.2, 0.3]",13780.698413099999
878,27885,0.23885937499999998,-157.0055686684554,,True,False,,"[0.3, 0.5, 0.7]",13795.6250993
879,27918,0.23857812499999997,-215.57131765299295,5907.21923828125,True,False,,"[0.7204489134248618, 0.13101966757976768, 0.33220007453814754]",13811.684762600002
880,27947,0.23826875000000003,-94.36757444301635,,True,False,,"[0.1123108635198306, 0.35201926482494794, 0.13385777703241702]",13827.187033499999
881,27980,0.237996875,-148.7957177813435,9719.7216796875,True,False,,"[0.1, 0.2, 0.3]",13844.518605199999
882,28013,0.2376875,-169.83966005470958,4420.5517578125,True,False,,"[0.3, 0.5, 0.7]",13860.5543521
883,28047,0.237378125,-65.6778059379692,,True,False,,"[0.4307758202154328, 0.4325239021998083, 0.2284454464505395]",13877.1019284
884,28089,0.23705937499999996,-125.6112672455174,6078.953125,True,False,,"[0.5111294774250529, 0.3034110542822708, 0.600641416405249]",13894.647181100001
885,28139,0.236665625,-168.67075395540832,14392.9970703125,True,False,,"[0.1, 0.2, 0.3]",13916.342592500001
886,28169,0.23619687499999997,-135.2798724084123,3795.263427734375,True,False,,"[0.3, 0.5, 0.7]",13931.3318257
887,28204,0.23591562499999996,-80.07008866196007,900.299560546875,True,False,,"[0.5592733651398497, 0.6136631356070822, 0.3698374192713807]",13946.8769855
888,28235,0.2355875,-145.92389894575652,,True,False,,"[0.6077756615257911, 0.23776112791762968, 0.10248376720917413]",13962.685852400002
889,28268,0.23529687499999996,-140.25379800437034,6822.0029296875,True,False,,"[0.1, 0.2, 0.3]",13979.880955100001
890,28296,0.23498750000000002,-120.73833025641595,,True,False,,"[0.3, 0.5, 0.7]",13994.476433299998
891,28329,0.23472499999999996,-227.4341523269377,10091.1953125,True,False,,"[0.671403355862232, 0.13436244977969378, 0.7112164748235726]",14010.2786919
892,28358,0.23441562500000002,-117.66678603517691,8050.11865234375,True,False,,"[0.2853187882678965, 0.5326828430845383, 0.36660467756626325]",14025.1781089
893,28394,0.23414374999999998,-148.41012628568677,,True,False,,"[0.1, 0.2, 0.3]",14044.476682100001
894,28423,0.23380625,-164.60492630994548,9040.970703125,True,False,,"[0.3, 0.5, 0.7]",14059.4270005
895,28462,0.23353437499999996,-191.08503549660801,5862.41943359375,True,False,,"[0.27731332075868365, 0.7111903269406895, 0.2764644772604947]",14077.219060899999
896,28497,0.23316874999999998,-78.93721711982073,,True,False,,"[0.5555190005431323, 0.7387986378576197, 0.7273527679796129]",14091.8991073
897,28538,0.23284062499999997,-164.26548429448914,15363.5810546875,True,False,,"[0.1, 0.2, 0.3]",14111.977671699999
898,28567,0.23245625000000003,-123.0809468974866,7031.60107421875,True,False,,"[0.3, 0.5, 0.7]",14126.790305900002
899,28598,0.232184375,-168.91135762764443,,True,False,,"[0.32701528656811374, 0.7184268176850119, 0.7064719947452475]",14141.910001200002
900,28632,0.23189374999999995,-131.10416311846686,9396.6142578125,True,False,,"[0.5311451687799267, 0.2777700173739742, 0.4220227197265669]",14159.555598300001
901,28665,0.23157499999999998,-161.2505579434307,6972.2373046875,True,False,,"[0.1, 0.2, 0.3]",14177.441481599999
902,28696,0.23126562499999997,-131.8727399520098,,True,False,,"[0.3, 0.5, 0.7]",14192.382920200002
903,28722,0.23097499999999999,-77.64444050868536,3969.18017578125,True,False,,"[0.4399217172592155, 0.6246816486594837, 0.5490405038288273]",14206.3429393
904,28753,0.23073125,-76.83586573993875,360.4521484375,True,False,,"[0.11109916270699947, 0.26076061003130513, 0.14185358594291766]",14223.0376283
905,28788,0.230440625,-148.5847125209263,,True,False,,"[0.1, 0.2, 0.3]",14240.905797300002
906,28823,0.2301125,-159.0531242461789,6825.65966796875,True,False,,"[0.3, 0.5, 0.7]",14256.9002387
907,28856,0.22978437499999999,-187.56301027967737,3511.2333984375,True,False,,"[0.5880196528737351, 0.14530092851272244, 0.5245884601962186]",14273.7149685
908,28888,0.22947499999999998,-84.49227456564759,,True,False,,"[0.38294014248118036, 0.2934602390803662, 0.18020504825402978]",14290.049344399999
909,28921,0.22917500000000002,-125.81958089677933,12922.701171875,True,False,,"[0.1, 0.2, 0.3]",14307.2461252
910,28947,0.22886562500000002,-2141.804628227453,,False,False,event: Maximum voltage [V],"[0.3, 0.5, 0.7]",14320.595717200002
911,28987,0.22862187500000003,-312.5273462170314,3899.576416015625,True,False,,"[0.1202311241174154, 0.6687101914600466, 0.7263169779072258]",14338.4930555
912,29022,0.22824687500000002,-173.2703882006938,6791.83349609375,True,False,,"[0.6364698723054609, 0.4151573880928544, 0.1167676645795642]",14354.586172300002
913,29056,0.22791875,-2150.344209617878,4381.8779296875,False,False,event: Maximum voltage [V],"[0.1, 0.2, 0.3]",14372.5950964
914,29091,0.22760000000000002,-167.42346518289492,,True,False,,"[0.3, 0.5, 0.7]",14389.171641199999
915,29131,0.227271875,-231.62200165258218,18901.76171875,True,False,,"[0.37180206660760107, 0.7490146501729551, 0.27285804617150355]",14406.683026899998
916,29160,0.226896875,-86.47854613187869,16114.146484375,True,False,,"[0.6360947081635939, 0.3667836062975761, 0.4076184079181475]",14420.7729239
917,29200,0.22662499999999997,-135.3257525951798,4285.958984375,True,False,,"[0.1, 0.2, 0.3]",14439.209384900001
918,29229,0.22625,-165.4585923232047,,True,False,,"[0.3, 0.5, 0.7]",14454.783135599999
919,29254,0.22597812499999997,-39.68417024027919,712.6407470703125,True,False,,"[0.5427163481042838, 0.4410912423757237, 0.4213000129072807]",14469.2299194
920,29289,0.22574375000000002,-142.3792762533118,,True,False,,"[0.4314283227512916, 0.701189056739886, 0.2690663803035643]",14484.569434500001
921,29325,0.225415625,-156.3576359336766,7024.1689453125,True,False,,"[0.1, 0.2, 0.3]",14503.3417401
922,29351,0.22507812499999996,-133.4691382376463,667.4984130859375,True,False,,"[0.3, 0.5, 0.7]",14517.3433954
923,29380,0.22483437499999998,-210.86235134812242,,True,False,,"[0.19272717085988067, 0.7486674097274764, 0.5468631278498236]",14531.390089
924,29417,0.2245625,-204.751187995081,4511.228515625,True,False,,"[0.12801407162860015, 0.39882320721236453, 0.4222912002376318]",14550.1570297
925,29453,0.22421562499999997,-154.35492576353465,10491.953125,True,False,,"[0.1, 0.2, 0.3]",14568.485193200002
926,29481,0.22387812500000004,-150.42735163108387,,True,False,,"[0.3, 0.5, 0.7]",14582.3947491
927,29508,0.22361562499999998,-2108.7532647317917,10570.8056640625,False,False,event: Maximum voltage [V],"[0.6167672359134749, 0.699515316632203, 0.37002930090481245]",14594.2748264
928,29548,0.22336249999999996,-132.5849473237493,,True,False,,"[0.1871859394142823, 0.3412157643038556, 0.2571197563511691]",14613.347820300001
929,29582,0.22298749999999995,-147.3230893158721,3298.137939453125,True,False,,"[0.1, 0.2, 0.3]",14631.387959799998
930,29608,0.22266874999999997,-135.83000723919372,7549.0712890625,True,False,,"[0.3, 0.5, 0.7]",14645.9494915
931,29651,0.22242499999999998,-77.50469728223554,3668.994873046875,True,False,,"[0.24713808108623217, 0.2760712884507413, 0.30765758774573004]",14664.969862900001
932,29682,0.22202187499999998,-50.53593801819288,,True,False,,"[0.4301894268531965, 0.4836646901806466, 0.39512001011614706]",14681.4194402
933,29715,0.22173125,-142.49484408742592,696.7139282226562,True,False,,"[0.1, 0.2, 0.3]",14698.7147679
934,29743,0.221421875,-140.16778968541612,,True,False,,"[0.3, 0.5, 0.7]",14713.0203708
935,29777,0.221159375,-152.0720870856212,7311.892578125,True,False,,"[0.17959566125975363, 0.4695792532482266, 0.5062362554501788]",14730.457320099998
936,29814,0.220840625,-203.43725905253913,9661.955078125,True,False,,"[0.6208584192020395, 0.15648336729593612, 0.6055704144777527]",14747.163554499999
937,29855,0.22049375,-173.48677244605642,7131.638671875,True,False,,"[0.1, 0.2, 0.3]",14767.849338600001
938,29888,0.220109375,-171.11129494254675,,True,False,,"[0.3, 0.5, 0.7]",14784.167029799999
939,29926,0.2198,-170.5174037949624,816.98291015625,True,False,,"[0.6036670724134194, 0.7453603926478409, 0.3097126487767373]",14801.2752311
940,29950,0.21944375,-110.53119479753258,478.4994812011719,True,False,,"[0.40030722436117616, 0.7189767135301743, 0.588740103625993]",14814.068441800002
941,29990,0.21921875000000002,-190.14687661163813,,True,False,,"[0.1, 0.2, 0.3]",14834.3037601
942,30019,0.21884375,-151.79621097966748,7168.64501953125,True,False,,"[0.3, 0.5, 0.7]",14850.3093669
943,30062,0.21857187499999997,-194.0920393311434,6215.5078125,True,False,,"[0.22556164997413938, 0.3213343534126971, 0.669841133881943]",15038.447735500002
944,30092,0.21816874999999997,-195.1931828040662,,True,False,,"[0.6303895352928233, 0.20099940946583733, 0.7351009448112426]",15052.9976437
945,30130,0.2178875,-157.35741036246546,6334.52099609375,True,False,,"[0.1, 0.2, 0.3]",15072.3715973
946,30159,0.21753125,-2146.879890136114,3749.492919921875,False,False,event: Maximum voltage [V],"[0.3, 0.5, 0.7]",15087.476212500002
947,30189,0.21725937499999998,-184.3443121093956,,True,False,,"[0.2223734943471247, 0.2914264267997677, 0.7085469435061947]",15103.9280578
948,30247,0.21697812499999997,-227.47720480262694,4013.9091796875,True,False,,"[0.5544166672037235, 0.22015819929093955, 0.23472567616173456]",15126.8817452
949,30297,0.216434375,-174.28866841053068,20389.27734375,True,False,,"[0.1, 0.2, 0.3]",15150.692345700001
950,30334,0.215965625,-165.90034621008192,3826.573974609375,True,False,,"[0.3, 0.5, 0.7]",15167.1288905
951,30377,0.21561875000000003,-275.1544568529089,6904.52880859375,True,False,,"[0.5448310757085625, 0.10090283196153063, 0.7254476302355851]",15185.688454
952,30415,0.21521562499999997,-145.77368383913156,1180.58203125,True,False,,"[0.5937624523227275, 0.29239826997624796, 0.6008633887481372]",15203.317680299999
953,30456,0.21485937499999996,-143.88920645816822,3376.14794921875,True,False,,"[0.1, 0.2, 0.3]",15221.636020999998
954,30485,0.21447500000000003,-156.6921751770677,,True,False,,"[0.3, 0.5, 0.7]",15236.1527604
955,30534,0.214203125,-197.06413100477752,5943.177734375,True,False,,"[0.5997262011377018, 0.2465748112007578, 0.5503988404053041]",15255.994585200002
956,30563,0.21374374999999995,-182.3222984759161,3531.387939453125,True,False,,"[0.6704526762935967, 0.2187044966082914, 0.6690198628118118]",15271.137843600001
957,30610,0.21347187499999998,-159.950081338556,15089.1025390625,True,False,,"[0.1, 0.2, 0.3]",15291.716484699999
958,30640,0.21303125,-132.92487104279772,,True,False,,"[0.3, 0.5, 0.7]",15306.516783800002
959,30668,0.21275,-139.53828122857533,9653.77734375,True,False,,"[0.37199294809182404, 0.2875590325086913, 0.7073400743702786]",15320.4687376
960,30711,0.2124875,-87.1518710782537,3471.937255859375,True,False,,"[0.7117159054273366, 0.7348930284553471, 0.5930556311132892]",15336.2287702
961,30758,0.212084375,-163.19775326521028,10499.513671875,True,False,,"[0.1, 0.2, 0.3]",15357.114021100002
962,30807,0.21164375000000002,-142.19378011462243,6016.97021484375,True,False,,"[0.3, 0.5, 0.7]",15375.9996483
963,30851,0.21118437499999998,-179.47651731893328,16477.982421875,True,False,,"[0.25000942279181787, 0.6487803209977611, 0.16819761011210027]",15395.0600796
964,30885,0.210771875,-71.86623989498598,,True,False,,"[0.36295335399030737, 0.4588791679868548, 0.49849009066127303]",15411.3587405
965,30933,0.21045312500000002,-125.1817532780377,4247.015625,True,False,,"[0.1, 0.2, 0.3]",15432.8206306
966,30959,0.210003125,-112.5296200146459,697.3217163085938,True,False,,"[0.3, 0.5, 0.7]",15445.9125369
967,30987,0.20975937499999997,-119.4318728152997,,True,False,,"[0.7256130366955823, 0.378587642950444, 0.6370397667567037]",15460.384387000002
968,31013,0.20949687499999997,-64.10097860686642,3298.895751953125,True,False,,"[0.4384505793442576, 0.5833236040195636, 0.31221347539442523]",15474.416032500001
969,31044,0.20925312499999998,-121.86743730656073,,True,False,,"[0.1, 0.2, 0.3]",15492.351047200002
970,31104,0.2089625,-186.7447809310309,6417.982421875,False,False,,"[0.3, 0.5, 0.7]",15511.444700299999
971,31152,0.20839999999999997,-129.0259119391591,15788.705078125,True,False,,"[0.43044432896686413, 0.2425724193974369, 0.41807844188314236]",15528.0273639
972,31181,0.20794999999999997,-2045.5693302345226,,False,False,event: Maximum voltage [V],"[0.33656202801259805, 0.31845546676472863, 0.2585376648414629]",15539.092762200002
973,31229,0.207678125,-150.83523824647736,3379.828125,True,False,,"[0.1, 0.2, 0.3]",15554.6191994
974,31254,0.20722812499999999,-134.60741059464368,13532.45703125,True,False,,"[0.3, 0.5, 0.7]",15564.201030299999
975,31287,0.20699375000000003,-2135.483066062075,,False,False,event: Maximum voltage [V],"[0.5143245409097418, 0.23500195552912287, 0.5509259505173257]",15575.8078398
976,31322,0.20668437499999998,-191.19695139702873,12458.1650390625,True,False,,"[0.11648228103505383, 0.13004058860448464, 0.534819251224824]",15588.437702800002
977,31355,0.20635624999999996,-134.2265290551152,6320.8818359375,True,False,,"[0.1, 0.2, 0.3]",15604.259314800001
978,31388,0.20604687500000002,-107.37259961136974,,True,False,,"[0.3, 0.5, 0.7]",15620.220098099999
979,31444,0.20573749999999996,-129.9498168806189,974.9462890625,True,False,,"[0.3556231513968505, 0.28102751278360216, 0.45558495226174167]",15642.038016900002
980,31498,0.20521249999999996,-250.12161087474607,9021.7392578125,True,False,,"[0.5083278037127332, 0.13544806326607456, 0.14135521203229612]",15662.270538199999
981,31530,0.20470625000000003,-109.73688835533257,6415.1220703125,True,False,,"[0.1, 0.2, 0.3]",15679.1169681
982,31559,0.20440625,-134.9788870079248,7086.05419921875,True,False,,"[0.3, 0.5, 0.7]",15694.1134833
983,31596,0.20413437500000003,-228.27952445579336,,True,False,,"[0.17605711416953046, 0.37386810705535356, 0.7497559232589559]",15710.309940300001
984,31654,0.2037875,-171.1023895004181,9679.62109375,True,False,,"[0.5843132704605029, 0.3036485821946059, 0.32889526689814497]",15733.145429600001
985,31694,0.20324375,-114.84738436216819,,True,False,,"[0.1, 0.2, 0.3]",15751.004578200002
986,31725,0.20286875,-140.08448635174102,4056.351806640625,True,False,,"[0.3, 0.5, 0.7]",15766.5985606
987,31750,0.202578125,-2097.771024184424,6006.58056640625,False,False,event: Maximum voltage [V],"[0.567177840523147, 0.3895029306960984, 0.25370216927201794]",15780.6778791
988,31779,0.20234375,-81.67209795654554,,True,False,,"[0.6555550916635275, 0.42313014823939643, 0.5181158174104836]",15795.0991549
989,31831,0.202071875,-158.18632881597068,10380.71484375,True,False,,"[0.1, 0.2, 0.3]",15817.082703200002
990,31859,0.20158437499999998,-119.46219809107724,6511.451171875,True,False,,"[0.3, 0.5, 0.7]",15831.319187699999
991,31894,0.20132187499999998,-73.94354460098904,,True,False,,"[0.5661190019101141, 0.6178648258344005, 0.5324453184784804]",15847.0360439
992,31941,0.20099374999999997,-109.94795909271551,9159.6875,True,False,,"[0.2647998272449456, 0.35110594227171676, 0.3166015078178716]",15867.608790499999
993,31983,0.200553125,-125.03982600642469,9137.1748046875,True,False,,"[0.1, 0.2, 0.3]",15887.509901000001
994,32016,0.20015937500000003,-161.67737482055895,15857.359375,True,False,,"[0.3, 0.5, 0.7]",15902.512374599999
995,32048,0.19984999999999997,-121.42878269556766,,True,False,,"[0.730094724716093, 0.5645437254856835, 0.33331580600113286]",15917.6492965
996,32085,0.19955,-91.5776755588509,3330.51904296875,True,False,,"[0.4374618421971963, 0.5579743006005351, 0.37710044592683334]",15935.2593437
997,32122,0.19920312499999998,-171.63780397558955,16090.4755859375,True,False,,"[0.1, 0.2, 0.3]",15953.8600411
998,32158,0.19885625,-188.40762147974186,950.8515625,True,False,,"[0.3, 0.5, 0.7]",15970.0473237
999,32191,0.19851875000000002,-243.35813554006998,,True,False,,"[0.1696061437762419, 0.6453326144324211, 0.6773609005619912]",15985.2917275
1000,32225,0.19820937499999997,-86.71142200084309,8899.3349609375,True,False,,"[0.38839348350288594, 0.19169197830869955, 0.28895024658400514]",16002.8100515
1001,32278,0.197890625,-151.57537332885582,492.02435302734375,True,False,,"[0.1, 0.2, 0.3]",16024.8894922
1002,32303,0.19739374999999998,-136.41488665218475,6463.4375,True,False,,"[0.3, 0.5, 0.7]",16038.5115693
1003,32343,0.19715937499999997,-184.75278898037334,,True,False,,"[0.4285625446529424, 0.6114057006330893, 0.12822061037265886]",16057.0252411
1004,32392,0.19678437499999996,-179.63944940741362,4665.40673828125,True,False,,"[0.6332133136490181, 0.6361594917862478, 0.21410303850232373]",16076.520739
1005,32426,0.19632500000000003,-126.06261044848586,6908.0634765625,True,False,,"[0.1, 0.2, 0.3]",16093.341451600001
1006,32459,0.19600625,-126.38014860304214,3251.84375,True,False,,"[0.3, 0.5, 0.7]",16108.789153900001
1007,32483,0.195696875,-57.25739113756415,,True,False,,"[0.5906064572231663, 0.5207331954242786, 0.38649301417958426]",16122.121169000002
1008,32541,0.19547187499999996,-290.14872755975966,15512.3115234375,True,False,,"[0.17010898548921488, 0.15455036114270015, 0.718757590159542]",16143.829022400001
1009,32581,0.194928125,-142.9061784753295,16021.892578125,True,False,,"[0.1, 0.2, 0.3]",16162.1280506
1010,32612,0.194553125,-146.77384903200317,653.8865356445312,True,False,,"[0.3, 0.5, 0.7]",16177.733686
1011,32632,0.1942625,-2128.5348904001485,,False,False,event: Maximum voltage [V],"[0.6008385470701206, 0.27033860032655355, 0.21172751510563687]",16190.567888000001
1012,32667,0.194075,-140.04812192596557,6927.56982421875,True,False,,"[0.3513264267610674, 0.2031527698302407, 0.4472018236414913]",16208.0400146
1013,32717,0.19374687499999999,-170.2874779161361,19275.208984375,True,False,,"[0.1, 0.2, 0.3]",16227.953549000002
1014,32750,0.19327812499999997,-105.85857487034416,6618.5244140625,True,False,,"[0.3, 0.5, 0.7]",16243.7661114
1015,32784,0.19296875000000002,-150.17236568082637,,True,False,,"[0.220398975145767, 0.1721312390284669, 0.4630660714400371]",16259.8251643
1016,32816,0.19265,-110.10721984855523,792.40478515625,True,False,,"[0.19608912236713397, 0.47148741020771934, 0.3380364748164483]",16276.4288883
1017,32847,0.19235000000000002,-120.55793849002674,,True,False,,"[0.1, 0.2, 0.3]",16288.8219174
1018,32879,0.19205937499999998,-119.90975212798796,3307.1474609375,True,False,,"[0.3, 0.5, 0.7]",16301.967964300002
1019,32901,0.19175937499999995,-49.2812581388243,8862.4794921875,True,False,,"[0.6796237404441076, 0.5869275258854056, 0.6847067439371267]",16314.0207272
1020,32937,0.191553125,-66.7348250519922,,True,False,,"[0.45727206522682806, 0.4189158176504022, 0.293816877955983]",16331.506680999999
1021,32974,0.191215625,-154.07415936151975,3523.872314453125,True,False,,"[0.1, 0.2, 0.3]",16350.1854189
1022,33008,0.19086874999999998,-153.99000983958658,9501.359375,True,False,,"[0.3, 0.5, 0.7]",16366.989990900001
1023,33043,0.19055,-133.09540344836128,,True,False,,"[0.4136573343428869, 0.7146980418117093, 0.47568039552264274]",16381.7335992
1024,33075,0.19022187499999998,-139.64342837832154,4275.3935546875,True,False,,"[0.7088740531178409, 0.364001320959384, 0.7021305091413206]",16394.7363228
1025,33122,0.18992187499999996,-121.61304338322108,3384.93798828125,True,False,,"[0.1, 0.2, 0.3]",16415.9137815
1026,33153,0.18948125,-147.17592311417962,3224.580322265625,True,False,,"[0.3, 0.5, 0.7]",16431.424526
1027,33182,0.189190625,-77.93522877292972,,True,False,,"[0.6860311170603473, 0.4753026667571931, 0.5193672910711951]",16445.7352062
1028,33206,0.18891875000000002,-66.05338703246498,3605.542236328125,True,False,,"[0.5707141753812317, 0.4348090809128684, 0.6395731192301279]",16458.5897536
1029,33238,0.18869375,-90.82287072987172,,True,False,,"[0.1, 0.2, 0.3]",16475.1262895
1030,33271,0.18839375000000003,-157.20898149418284,11702.3994140625,True,False,,"[0.3, 0.5, 0.7]",16492.2014505
1031,33295,0.18808437499999997,-48.5135778802115,,True,False,,"[0.3745677418547314, 0.49011380608104227, 0.4590782601618538]",16506.2725219
1032,33328,0.187859375,-164.95531624469683,6425.67333984375,True,False,,"[0.31131938511111223, 0.6279785745051364, 0.6927967475898691]",16521.8157619
1033,33366,0.18755,-158.36808712487442,8273.8544921875,True,False,,"[0.1, 0.2, 0.3]",16541.0835013
1034,33395,0.18719375,-122.78077776697477,,True,False,,"[0.3, 0.5, 0.7]",16555.5624874
1035,33445,0.18692187500000002,-108.807153354345,1022.7770385742188,True,False,,"[0.2967246262096328, 0.14466333810763068, 0.2165303280375938]",16577.0888777
1036,33496,0.186453125,-239.19807469569852,16758.744140625,True,False,,"[0.22433798274283812, 0.5523863880341948, 0.7139598511334216]",16597.231055
1037,33537,0.185975,-116.28923689429428,6368.81884765625,True,False,,"[0.1, 0.2, 0.3]",16615.8818862
1038,33565,0.185590625,-150.95969272973136,5724.951171875,True,False,,"[0.3, 0.5, 0.7]",16630.9392746
1039,33597,0.185328125,-114.76305821817527,,True,False,,"[0.5508695609941494, 0.3098790348482926, 0.24128585351527243]",16647.1238497
1040,33639,0.185028125,-68.43567644682462,3305.783203125,True,False,,"[0.24719736377326665, 0.28404013312000237, 0.19145976501374312]",16666.7479106
1041,33696,0.18463437500000002,-276.3049238192155,10396.41015625,True,False,,"[0.1, 0.2, 0.3]",16690.967693900002
1042,33750,0.18409999999999999,-189.9248785316265,11640.4521484375,True,False,,"[0.3, 0.5, 0.7]",16710.7424111
1043,33810,0.18359375,-237.9369476174693,5984.3681640625,False,False,,"[0.5938101279158179, 0.23671486850451356, 0.6440113373858339]",16733.231135500002
1044,33846,0.18303124999999998,-122.68236318015832,,True,False,,"[0.5345984882966789, 0.23976103972547042, 0.3558343917994561]",16750.1377545
1045,33882,0.18269375,-103.4549864383439,8154.0078125,True,False,,"[0.1, 0.2, 0.3]",16768.3530115
1046,33911,0.18235625,-141.10657675539323,6429.2939453125,True,False,,"[0.3, 0.5, 0.7]",16783.520264
1047,33948,0.18208437500000002,-264.70152406993185,,True,False,,"[0.20934610129073283, 0.1588625218431569, 0.713683392509097]",16801.052221500002
1048,33989,0.1817375,-144.94932209598406,3076.065185546875,True,False,,"[0.6781539993160021, 0.2984939996515157, 0.6502909514761127]",16818.3061077
1049,34020,0.181353125,-92.24023241081012,10091.0927734375,True,False,,"[0.1, 0.2, 0.3]",16834.752914
1050,34049,0.18106250000000002,-151.56780096856366,,True,False,,"[0.3, 0.5, 0.7]",16849.6878945
1051,34084,0.18079062500000004,-208.04469622325647,11790.5810546875,True,False,,"[0.2506792188101783, 0.3325861696619351, 0.6530591329385189]",16867.4127884
1052,34113,0.18046250000000003,-134.9497307182907,520.7379150390625,True,False,,"[0.30182683081161454, 0.543954289702125, 0.5923344784278023]",16882.967142
1053,34150,0.180190625,-196.792449531301,9230.6826171875,True,False,,"[0.1, 0.2, 0.3]",16901.7678932
1054,34175,0.17984375000000002,-2151.231762457906,,False,False,event: Maximum voltage [V],"[0.3, 0.5, 0.7]",16915.003471
1055,34204,0.17960937499999996,-101.24081037589846,14635.7490234375,True,False,,"[0.5730616770794373, 0.26998490936161584, 0.38981499543760323]",16930.3559266
1056,34233,0.17933749999999998,-152.62764035223464,,True,False,,"[0.11442237735781732, 0.3606127412088216, 0.6275017395170761]",16944.8892432
1057,34275,0.179065625,-110.31066171609841,445.9761657714844,True,False,,"[0.1, 0.2, 0.3]",16965.443458
1058,34306,0.17867187499999998,-148.05031836262106,15374.6884765625,True,False,,"[0.3, 0.5, 0.7]",16980.276783100002
1059,34337,0.17838125,-66.16470010439247,,True,False,,"[0.30008456501455677, 0.28801761476727583, 0.18091532193399595]",16997.7043423
1060,34380,0.178090625,-146.63020223046342,15479.357421875,True,False,,"[0.57916891532162, 0.3784888878665478, 0.23203926768219807]",17015.6619687
1061,34422,0.17768749999999994,-178.3411193864467,5792.89013671875,True,False,,"[0.1, 0.2, 0.3]",17036.2481112
1062,34454,0.17729374999999997,-176.7945216960755,6086.51025390625,True,False,,"[0.3, 0.5, 0.7]",17053.0037076
1063,34477,0.17699374999999995,-2112.9485385123326,,False,False,event: Maximum voltage [V],"[0.36654945853774445, 0.6291714160852948, 0.2885777637086001]",17067.4109076
1064,34502,0.176778125,-42.20502454523884,7571.2861328125,True,False,,"[0.5929869803514335, 0.47746369020831925, 0.5882614473727935]",17080.4935802
1065,34541,0.17654374999999994,-137.70857584564845,,True,False,,"[0.1, 0.2, 0.3]",17099.6306791
1066,34574,0.17617812499999996,-188.86000070688956,3830.92138671875,True,False,,"[0.3, 0.5, 0.7]",17115.9019687
1067,34602,0.17586875000000002,-141.69015580957975,3337.8798828125,True,False,,"[0.2937535983564836, 0.41493192041349536, 0.6614368147423275]",17131.0962195
1068,34632,0.17560624999999996,-159.5798264856088,,True,False,,"[0.2788531352237882, 0.5120306984980645, 0.6969134252934984]",17145.7597547
1069,34676,0.17532499999999995,-236.42527798726036,354.6878662109375,True,False,,"[0.1, 0.2, 0.3]",17167.6110234
1070,34709,0.17491249999999997,-174.31233106712608,3766.286865234375,True,False,,"[0.3, 0.5, 0.7]",17184.2717922
1071,34742,0.17460312499999997,-212.06128161995525,,True,False,,"[0.2486809657015433, 0.6632029798318085, 0.2668376175206406]",17201.7720061
1072,34778,0.17429374999999997,-218.89191188055642,3287.786865234375,True,False,,"[0.3129617482565079, 0.20638153389624353, 0.7282204606314728]",17218.7990201
1073,34813,0.17395624999999998,-126.83540477439816,6075.12158203125,True,False,,"[0.1, 0.2, 0.3]",17236.8972621
1074,34841,0.17362812500000002,-167.60972706655647,,True,False,,"[0.3, 0.5, 0.7]",17251.8604175
1075,34868,0.17336562499999997,-43.445742976297616,467.3002624511719,True,False,,"[0.6114908321570109, 0.5378877826760204, 0.6362016237128704]",17265.082526000002
1076,34898,0.17311249999999995,-169.32047818352788,,True,False,,"[0.2612507928827209, 0.6228796845802396, 0.3937363824627268]",17280.9431414
1077,34936,0.17283125,-133.37029414672125,9940.462890625,True,False,,"[0.1, 0.2, 0.3]",17298.8914774
1078,34966,0.172475,-139.4264467603483,3317.500244140625,True,False,,"[0.3, 0.5, 0.7]",17314.3655094
1079,34997,0.17219374999999998,-168.31807848387103,,True,False,,"[0.549441335234701, 0.11811465368902373, 0.3550358861569205]",17329.9573384
1080,35036,0.171903125,-173.9587853116314,14566.189453125,True,False,,"[0.344704882523613, 0.687114637082596, 0.1846191304638486]",17347.6074382
1081,35078,0.1715375,-190.31431852786986,6188.42822265625,True,False,,"[0.1, 0.2, 0.3]",17522.272164
1082,35112,0.17114375000000004,-151.93959116610648,263.6744689941406,True,False,,"[0.3, 0.5, 0.7]",17538.5068089
1083,35149,0.17082499999999995,-239.41594843756323,,True,False,,"[0.1835273175976117, 0.5961606518990042, 0.32507845870403773]",17556.7432568
1084,35170,0.17047812499999998,-68.44122366701134,9900.6201171875,True,False,,"[0.7069174911092447, 0.44591792416072007, 0.625931694663799]",17567.7021987
1085,35206,0.17028125,-148.4513533903735,6252.60009765625,True,False,,"[0.1, 0.2, 0.3]",17586.3259832
1086,35237,0.16994375,-133.88059024906966,,True,False,,"[0.3, 0.5, 0.7]",17601.9120905
1087,35278,0.16965312500000002,-118.41421800106062,6013.412109375,True,False,,"[0.24416172666624986, 0.20223208990442382, 0.2169539839953747]",17621.440926
1088,35304,0.16926874999999997,-27.111640073419586,5391.4658203125,True,False,,"[0.46497650727219597, 0.4593729082563024, 0.44447820825670525]",17635.4977714
1089,35341,0.16902499999999998,-150.28109809248784,,True,False,,"[0.1, 0.2, 0.3]",17652.8736279
1090,35374,0.168678125,-149.7936614313221,6241.02001953125,True,False,,"[0.3, 0.5, 0.7]",17669.2824366
1091,35408,0.16836874999999996,-105.01020495734052,542.6416015625,True,False,,"[0.534365242937679, 0.7005663837114647, 0.3014326074266449]",17685.1450715
1092,35434,0.16804999999999998,-106.77869765748922,,True,False,,"[0.3778408638376808, 0.6738902014178343, 0.6910734778210952]",17699.4315805
1093,35467,0.16780625,-122.92821750665685,534.9464111328125,True,False,,"[0.1, 0.2, 0.3]",17716.9358195
1094,35497,0.167496875,-175.63473307601603,,True,False,,"[0.3, 0.5, 0.7]",17733.0799058
1095,35528,0.16721562500000003,-168.31361907872284,6902.05224609375,True,False,,"[0.2817631358188204, 0.350232170727669, 0.6734386395604535]",17750.1005433
1096,35564,0.166925,-123.8490925151525,8622.4677734375,True,False,,"[0.1942566718901797, 0.26224791936451075, 0.12878870060954759]",17767.8691861
1097,35601,0.1665875,-149.6183909949231,468.24871826171875,True,False,,"[0.1, 0.2, 0.3]",17785.8667191
1098,35626,0.16624062499999998,-126.84595633328611,,True,False,,"[0.3, 0.5, 0.7]",17800.0689341
1099,35655,0.16600624999999997,-63.95497330745606,9399.8623046875,True,False,,"[0.33601377852920555, 0.228776254153323, 0.14623222620164616]",17817.146163
1100,35693,0.165734375,-315.61158328636174,,True,False,,"[0.16350890945324162, 0.6375373494657602, 0.6306337855671272]",17834.1392736
1101,35746,0.165378125,-411.6512975219256,6316.35693359375,True,False,,"[0.1, 0.2, 0.3]",17857.0705419
1102,35778,0.16488124999999998,-162.631686163275,3371.616943359375,True,False,,"[0.3, 0.5, 0.7]",17872.9960446
1103,35805,0.16458125,-79.90556482552918,5791.755859375,True,False,,"[0.5278549492448956, 0.7462214247609692, 0.5391022311475109]",17886.914371
1104,35833,0.164328125,-109.88391816102568,,True,False,,"[0.602845301555523, 0.3324562653284724, 0.21836017262510626]",17901.9314363
1105,35878,0.164065625,-272.8830702121176,3145.448974609375,True,False,,"[0.1, 0.2, 0.3]",17921.0478942
1106,35906,0.16364374999999998,-140.99953029191371,766.0101928710938,True,False,,"[0.3, 0.5, 0.7]",17935.6596267
1107,35938,0.16338124999999998,-126.78018415201532,,True,False,,"[0.31534527458259554, 0.17825806172101302, 0.16168113336213047]",17953.017087700002
1108,35963,0.16308125,-76.3825666071662,559.481689453125,True,False,,"[0.5158425216375604, 0.6032714323064067, 0.38158716155964945]",17967.425811600002
1109,35996,0.162846875,-133.7430449438737,,True,False,,"[0.1, 0.2, 0.3]",17984.1106472
1110,36026,0.1625375,-154.98611166113906,6586.0205078125,True,False,,"[0.3, 0.5, 0.7]",17999.6131074
1111,36055,0.16225625,-59.0168611566468,2842.271728515625,True,False,,"[0.44187425269467107, 0.45142961199712006, 0.5489620058139104]",18015.7602647
1112,36112,0.161984375,-229.30001919364017,6043.16796875,True,False,,"[0.6280014138017828, 0.1853349790696836, 0.627112322566797]",18036.1076778
1113,36157,0.16144999999999998,-158.57593372969694,8622.2392578125,True,False,,"[0.1, 0.2, 0.3]",18057.0670883
1114,36189,0.16102812499999997,-158.0691127643794,,True,False,,"[0.3, 0.5, 0.7]",18072.2571746
1115,36228,0.160728125,-227.1787405334559,13513.6279296875,True,False,,"[0.10951132626490398, 0.6692445798675792, 0.11790840782122583]",18091.5364991
1116,36258,0.16036249999999996,-88.10211019633323,12230.2646484375,True,False,,"[0.4008327537061631, 0.3695460784255534, 0.15381972033362407]",18107.849289
1117,36300,0.16008125,-152.2616781699886,8817.658203125,True,False,,"[0.1, 0.2, 0.3]",18127.2164522
1118,36329,0.15968749999999998,-150.24459963028724,,True,False,,"[0.3, 0.5, 0.7]",18142.3029608
1119,36357,0.15941562499999995,-63.99918753441203,9633.265625,True,False,,"[0.4510555356176955, 0.568831185010702, 0.4834578971277249]",18157.1186659
1120,36415,0.159153125,-295.594975020627,3906.07177734375,True,False,,"[0.1380210910738147, 0.1534904283360895, 0.10701880889999689]",18182.4417841
1121,36470,0.158609375,-262.11912116202086,8570.00390625,True,False,,"[0.1, 0.2, 0.3]",18206.19927
1122,36502,0.15809374999999998,-173.81888011029272,5319.0283203125,True,False,,"[0.3, 0.5, 0.7]",18222.7615465
1123,36525,0.15779375,-86.30954411539894,,True,False,,"[0.6064044567606974, 0.7386144198388954, 0.4069390361919667]",18235.894005000002
1124,36564,0.15757812499999996,-194.51723612740378,6112.1982421875,True,False,,"[0.21492146098723092, 0.17638279826941544, 0.5820492570383559]",18254.7784669
1125,36624,0.15721249999999998,-483.96735234322045,2923.8779296875,False,False,,"[0.1, 0.2, 0.3]",18279.2371656
1126,36659,0.15665,-169.03215375745256,3475.963623046875,True,False,,"[0.3, 0.5, 0.7]",18296.6601456
1127,36691,0.156321875,-110.21583043258728,,True,False,,"[0.4982585364050327, 0.4290627278929784, 0.17940875017243985]",18312.659348600002
1128,36723,0.15602187499999998,-236.82279818505543,4960.21044921875,True,False,,"[0.742595522780798, 0.17146954632842012, 0.6718940418304922]",18327.820582
1129,36780,0.155721875,-463.826858422319,589.0740356445312,True,False,,"[0.1, 0.2, 0.3]",18351.3569102
1130,36808,0.15518749999999998,-136.4094925165444,3035.55078125,True,False,,"[0.3, 0.5, 0.7]",18366.9589471
1131,36846,0.15492499999999998,-232.62747342731757,,True,False,,"[0.7289135763474892, 0.18534901617971983, 0.2594380034985839]",18385.1351263
1132,36873,0.15456874999999998,-81.41503675461794,7179.310546875,True,False,,"[0.5063635289031341, 0.6786105426684698, 0.4614825044602817]",18399.7952407
1133,36908,0.15431562499999996,-86.18420558886748,7681.86328125,True,False,,"[0.1, 0.2, 0.3]",18418.1340438
1134,36943,0.1539875,-161.42203254134517,,True,False,,"[0.3, 0.5, 0.7]",18433.737508000002
1135,36999,0.153659375,-243.3373529447831,5757.9853515625,True,False,,"[0.6064844952203228, 0.16505193639471963, 0.2614181304965885]",18456.0024566
1136,37040,0.153134375,-120.60990473580794,8077.91552734375,True,False,,"[0.4062589048757823, 0.6471384044559727, 0.42715712654730065]",18473.8706365
1137,37095,0.15275,-141.65322161172176,3262.369873046875,True,False,,"[0.1, 0.2, 0.3]",18496.8281198
1138,37124,0.15223437499999998,-142.37488879408306,481.2210998535156,True,False,,"[0.3, 0.5, 0.7]",18511.6929656
1139,37153,0.1519625,-152.5435132318641,2820.729248046875,True,False,,"[0.3437829419877464, 0.6056839808554985, 0.7037311138514623]",18527.5085658
1140,37178,0.15169062499999997,-103.21605681443849,,True,False,,"[0.44271662731282524, 0.7340578185525538, 0.5381816182328587]",18541.1843153
1141,37218,0.15145624999999996,-198.9620256056625,5359.5576171875,True,False,,"[0.1, 0.2, 0.3]",18561.7646664
1142,37245,0.15108125,-158.08870130555607,,True,False,,"[0.3, 0.5, 0.7]",18576.3635838
1143,37284,0.15082812500000004,-84.33908015708828,3379.184326171875,True,False,,"[0.683522356589889, 0.4623761664778735, 0.4939399578914403]",18593.1784021
1144,37322,0.15046249999999994,-274.5659281725161,4057.527099609375,True,False,,"[0.7077108266364108, 0.16130552760677241, 0.13800115595499787]",18611.6448795
1145,37355,0.15010625,-121.71105778216116,264.9713134765625,True,False,,"[0.1, 0.2, 0.3]",18628.9141813
1146,37382,0.149796875,-147.255983664639,,True,False,,"[0.3, 0.5, 0.7]",18643.7249585
1147,37416,0.14954374999999998,-209.22226491899886,4158.978515625,True,False,,"[0.27397477533220127, 0.5581391146236901, 0.12328721233750382]",18662.3718794
1148,37450,0.149225,-72.35064850812016,10946.064453125,True,False,,"[0.237664316062595, 0.19684800790997065, 0.34453474669107137]",18680.9306092
1149,37496,0.14890625000000002,-116.94153910989812,,True,False,,"[0.1, 0.2, 0.3]",18702.350673
1150,37528,0.14847499999999997,-166.99545928596697,2904.9716796875,True,False,,"[0.3, 0.5, 0.7]",18717.6956928
1151,37567,0.14817499999999995,-252.78722416352574,2841.235107421875,True,False,,"[0.12545150225364596, 0.22907073179096765, 0.5444974972400091]",18738.0753609
1152,37610,0.14780937499999997,-194.55745797466116,2593.475341796875,True,False,,"[0.37243018933507765, 0.23376301098605592, 0.7444662371695941]",18756.7079988
1153,37652,0.14740624999999996,-109.10877293415909,9896.833984375,True,False,,"[0.1, 0.2, 0.3]",18777.1687677
1154,37684,0.1470125,-142.91441722375993,,True,False,,"[0.3, 0.5, 0.7]",18793.0187043
1155,37726,0.14671249999999997,-247.00050451844396,914.8346557617188,True,False,,"[0.599920960627141, 0.4720132702015394, 0.12645620830399795]",18812.396579
1156,37784,0.14631875,-132.1163630972716,405.66021728515625,True,False,,"[0.25232261471291106, 0.11474161747519425, 0.1320954139981848]",18837.0951762
1157,37821,0.145775,-102.57957917773781,12920.671875,True,False,,"[0.1, 0.2, 0.3]",18856.2356215
1158,37847,0.14542812500000002,-114.06379148828259,,True,False,,"[0.3, 0.5, 0.7]",18869.1069515
1159,37890,0.14518437500000003,-194.73016342395138,7349.00830078125,True,False,,"[0.5614350664919864, 0.10427176239204805, 0.3994149316418606]",18888.8283107
1160,37937,0.14478124999999997,-326.17178480901754,3076.3759765625,True,False,,"[0.7221441907591288, 0.14000951322195812, 0.17623643698451738]",18909.1228353
1161,37974,0.144340625,-81.03804463751901,5759.6220703125,True,False,,"[0.1, 0.2, 0.3]",18927.701977
1162,38003,0.14399375000000003,-149.69156032723996,2988.5595703125,True,False,,"[0.3, 0.5, 0.7]",18941.839433600002
1163,38036,0.143721875,-148.321347577056,,True,False,,"[0.1816332669970569, 0.4038174640565235, 0.4122270888113999]",18958.931447
1164,38076,0.1434125,-255.67651653579807,9678.345703125,True,False,,"[0.37347775173700937, 0.12392713725744464, 0.5660802429168822]",18978.5054159
1165,38118,0.14303749999999998,-118.7702941640311,7810.7470703125,True,False,,"[0.1, 0.2, 0.3]",18999.3362324
1166,38149,0.14264375,-170.41776904558338,,True,False,,"[0.3, 0.5, 0.7]",19013.8698239
1167,38191,0.14235312500000002,-67.45811519057463,486.1767272949219,True,False,,"[0.1659739934495842, 0.10039839013418383, 0.1991115372234069]",19034.6444395
1168,38217,0.14195937499999994,-73.63867965855347,6048.74072265625,True,False,,"[0.3026358438168462, 0.27749933289467177, 0.5056163021363778]",19050.0208183
1169,38267,0.14171562499999996,-98.0500928895329,5566.7900390625,True,False,,"[0.1, 0.2, 0.3]",19071.283254
1170,38294,0.141246875,-140.84950949055613,,True,False,,"[0.3, 0.5, 0.7]",19084.0909136
1171,38323,0.14099374999999997,-2069.290223372115,3305.5673828125,False,False,event: Maximum voltage [V],"[0.6042856263405558, 0.4681155380489116, 0.5230804481916247]",19098.5794588
1172,38357,0.140721875,-180.9393798859412,3524.228515625,True,False,,"[0.6417442573573544, 0.23307041730099518, 0.24013484665695625]",19114.5365616
1173,38402,0.14040312500000002,-89.45162201439676,969.3081665039062,True,False,,"[0.1, 0.2, 0.3]",19135.27207
1174,38431,0.13998125,-151.3128161782619,,True,False,,"[0.3, 0.5, 0.7]",19150.1984905
1175,38462,0.13970937500000002,-55.22648409013661,2940.421875,True,False,,"[0.4239086546942977, 0.35547242170806626, 0.5136368440731038]",19166.556451200002
1176,38509,0.13941875000000004,-226.29842385822735,394.5629577636719,True,False,,"[0.4289873347806198, 0.12880798494842474, 0.3826465291274078]",19186.801231
1177,38563,0.13897812499999995,-140.70074346229885,423.294189453125,True,False,,"[0.1, 0.2, 0.3]",19210.2807911
1178,38590,0.13847187500000002,-106.53764569410474,,True,False,,"[0.3, 0.5, 0.7]",19224.2665492
1179,38611,0.13821875,-42.05983777789774,7519.11181640625,True,False,,"[0.5397044156555527, 0.5506623105561136, 0.6384542028649146]",19236.7659566
1180,38653,0.13802187500000002,-166.00012226642235,7999.44384765625,True,False,,"[0.3833704098594344, 0.4336342149504476, 0.19364117577784795]",19255.744049
1181,38694,0.137628125,-128.14278620466288,,True,False,,"[0.1, 0.2, 0.3]",19274.4104779
1182,38724,0.13724375,-137.36953474210526,10666.1552734375,True,False,,"[0.3, 0.5, 0.7]",19289.8251162
1183,38767,0.1369625,-150.33147271526576,4953.7255859375,True,False,,"[0.5282190916284218, 0.19159997533409845, 0.4106960427967542]",19308.7351941
1184,38809,0.13655937500000004,-125.35236793494522,3354.080078125,True,False,,"[0.7194719977101446, 0.43534199720510514, 0.6813426516528289]",19325.652068
1185,38847,0.13616562499999996,-101.86076316688778,,True,False,,"[0.1, 0.2, 0.3]",19344.0286383
1186,38875,0.135809375,-2168.7112497731523,8362.5625,False,False,event: Maximum voltage [V],"[0.3, 0.5, 0.7]",19359.5780005
1187,38914,0.13554687499999996,-68.40634090878268,5882.48291015625,True,False,,"[0.5726957882741227, 0.6329210470202731, 0.44063485808053793]",19376.9991529
1188,38945,0.13518124999999998,-160.45314869103282,,True,False,,"[0.2842532050585145, 0.390659959653757, 0.7355662955908427]",19392.2862093
1189,38988,0.134890625,-96.55019170929937,7653.24462890625,True,False,,"[0.1, 0.2, 0.3]",19412.7124393
1190,39017,0.13448749999999998,-158.98537050256226,3900.476318359375,True,False,,"[0.3, 0.5, 0.7]",19428.2050664
1191,39069,0.134215625,-95.62665697967515,447.4273681640625,True,False,,"[0.3679104463804096, 0.41568327097403823, 0.40611126723192303]",19449.4615271
1192,39122,0.13372812499999998,-290.30111830202304,11004.28125,True,False,,"[0.34502016556867576, 0.700312044347405, 0.14332415345065044]",19471.3229402
1193,39160,0.13323124999999997,-100.74794817925788,1222.66845703125,True,False,,"[0.1, 0.2, 0.3]",19490.4868379
1194,39189,0.13287500000000002,-130.40737988456564,,True,False,,"[0.3, 0.5, 0.7]",19505.2204927
1195,39219,0.132603125,-106.70031585049607,9120.0673828125,True,False,,"[0.26078103793968843, 0.545401422126492, 0.36272335550245616]",19521.1574843
1196,39252,0.13232187499999998,-166.0004772507611,4738.640625,True,False,,"[0.3779230357746719, 0.586059719186441, 0.19162044198853967]",19538.8293315
1197,39308,0.13201249999999998,-106.70745805438537,351.3887023925781,True,False,,"[0.1, 0.2, 0.3]",19562.094208900002
1198,39333,0.13148750000000003,-117.54077656327563,,True,False,,"[0.3, 0.5, 0.7]",19576.2582544
1199,39377,0.13125312499999997,-276.85320385296035,5415.51123046875,True,False,,"[0.3786903451472976, 0.5868038701772782, 0.16331670617942892]",19596.6853465
1200,39413,0.130840625,-146.8384364550654,5815.31689453125,True,False,,"[0.2183195820120839, 0.3855914863426545, 0.6965647427220599]",19614.4014136
1201,39461,0.130503125,-123.47714526090162,5132.861328125,True,False,,"[0.1, 0.2, 0.3]",19636.6521127
1202,39487,0.130053125,-111.18564646945715,,True,False,,"[0.3, 0.5, 0.7]",19650.7010107
1203,39524,0.129809375,-71.24838893347547,3150.436767578125,True,False,,"[0.5311331335763434, 0.5493877778215357, 0.48479442039255394]",19668.3779795
1204,39568,0.12946249999999998,-244.04841588532494,616.9334716796875,True,False,,"[0.712163736763505, 0.2173097003427707, 0.5446888015652603]",19686.718009
1205,39601,0.12905,-88.94098151641703,5984.50439453125,True,False,,"[0.1, 0.2, 0.3]",19704.3208775
1206,39632,0.128740625,-144.53245107106088,,True,False,,"[0.3, 0.5, 0.7]",19720.2789921
1207,39665,0.12845,-203.81046938060743,2919.051513671875,True,False,,"[0.17485982586533816, 0.6801359761192776, 0.4066906074476745]",19736.8436539
1208,39706,0.128140625,-182.377219974055,2557.63671875,True,False,,"[0.6866824465927365, 0.26856297234077403, 0.49523857919454406]",19754.7224098
1209,39753,0.12775625000000002,-128.06324352761467,3535.5029296875,True,False,,"[0.1, 0.2, 0.3]",19777.1894512
1210,39784,0.127315625,-124.39526507877943,,True,False,,"[0.3, 0.5, 0.7]",19792.9527597
1211,39832,0.127025,-244.43994382313144,404.4549560546875,True,False,,"[0.6972193527195205, 0.40763632949475526, 0.23309208952645613]",19813.4774207
1212,39861,0.126575,-2238.6397785299523,11889.0380859375,False,False,event: Maximum voltage [V],"[0.3084613561486839, 0.6401739651811484, 0.14895994628075662]",19830.1681856
1213,39898,0.12630312499999996,-121.5497781314651,,True,False,,"[0.1, 0.2, 0.3]",19849.0117652
1214,39931,0.12595625,-152.1934006208334,13666.66015625,True,False,,"[0.3, 0.5, 0.7]",19865.730067200002
1215,39970,0.125646875,-80.5080873539439,5074.80419921875,True,False,,"[0.4196812044900903, 0.3097792934760587, 0.5511870581867847]",19883.8193186
1216,40027,0.12528124999999996,-256.71317721378074,5754.955078125,True,False,,"[0.5393953133658453, 0.19530089231355724, 0.1986048381385786]",19906.6340864
1217,40068,0.12474687500000003,-127.28239768039356,2983.850341796875,True,False,,"[0.1, 0.2, 0.3]",20086.0061858
1218,40100,0.12436249999999999,-131.11328579959232,3020.92822265625,True,False,,"[0.3, 0.5, 0.7]",20102.1386883
1219,40139,0.12406249999999996,-230.34750513942166,,True,False,,"[0.5380136642093334, 0.11628747033154012, 0.311621160221356]",20121.6595024
1220,40184,0.12369687499999998,-78.8408692574482,4993.0400390625,True,False,,"[0.28561868883513924, 0.51408820933676, 0.4511293193121406]",20141.4267865
1221,40224,0.12327500000000002,-160.0900753003526,1024.3897705078125,True,False,,"[0.1, 0.2, 0.3]",20161.4167008
1222,40250,0.12290000000000001,-126.83360809860707,5104.7763671875,True,False,,"[0.3, 0.5, 0.7]",20176.3012455
1223,40287,0.12265625000000002,-70.16180135618015,,True,False,,"[0.36626513816233874, 0.4250911701053631, 0.43057068571863333]",20194.9554598
1224,40322,0.122309375,-93.79813904477369,2867.114501953125,True,False,,"[0.3394358442202465, 0.3544660991869081, 0.5279538442623987]",20212.9753543
1225,40382,0.12198124999999999,-230.58133844158215,3980.441650390625,False,False,,"[0.1, 0.2, 0.3]",20237.5102206
1226,40412,0.12141875000000002,-115.90698529787521,4703.35986328125,True,False,,"[0.3, 0.5, 0.7]",20253.7712197
1227,40441,0.12113750000000001,-168.1987289312703,,True,False,,"[0.2443787632625924, 0.7376869081519465, 0.49570600645705376]",20268.2600304
1228,40468,0.12086562499999998,-147.70899306000544,3165.879638671875,True,False,,"[0.22978414507378084, 0.6207066982757713, 0.6690369240069582]",20282.9669539
1229,40512,0.12061250000000001,-170.3883401145663,3742.35205078125,True,False,,"[0.1, 0.2, 0.3]",20304.225813
1230,40552,0.12020000000000003,-119.16517665731831,5054.43310546875,True,False,,"[0.3, 0.5, 0.7]",20322.612363700002
1231,40591,0.11982500000000001,-259.1605214198024,,True,False,,"[0.6650691072966063, 0.4173160067591667, 0.1389266798194307]",20339.7479527
1232,40624,0.11945937499999998,-87.31630648088745,9662.6376953125,True,False,,"[0.12404452011821343, 0.3965127230771449, 0.4162872936028871]",20357.8360426
1233,40679,0.11914999999999998,-176.2838800460558,3112.778076171875,True,False,,"[0.1, 0.2, 0.3]",20381.9738304
1234,40719,0.11863437500000001,-168.3856816633484,4950.8916015625,True,False,,"[0.3, 0.5, 0.7]",20400.4852976
1235,40761,0.118259375,-102.3294970704468,6942.25390625,True,False,,"[0.3508763450830037, 0.48199248555830065, 0.26562987335412924]",20420.6390905
1236,40802,0.11786562499999997,-163.22740802214722,548.3661499023438,True,False,,"[0.4061022409363748, 0.7120576589286162, 0.3702702692163444]",20438.8462029
1237,40858,0.11748124999999998,-146.9800965456584,14129.853515625,True,False,,"[0.1, 0.2, 0.3]",20460.9529874
1238,40889,0.11695624999999998,-154.10235948849416,,True,False,,"[0.3, 0.5, 0.7]",20476.9848785
1239,40928,0.116665625,-246.33047965777857,670.7278442382812,True,False,,"[0.6793294566931637, 0.17360848418590175, 0.4304018416060015]",20493.8017019
1240,40959,0.11629999999999996,-55.039703324846286,12136.91796875,True,False,,"[0.5710720657375339, 0.6461807149707434, 0.717162449028808]",20508.8465536
1241,41002,0.11600937499999997,-90.08912315693038,3068.5498046875,True,False,,"[0.1, 0.2, 0.3]",20529.5512162
1242,41029,0.11560624999999997,-117.06836762314826,,True,False,,"[0.3, 0.5, 0.7]",20543.7760823
1243,41089,0.115353125,-220.60492703850306,4093.335693359375,False,False,,"[0.13644057105331564, 0.3587930583062129, 0.1732665220689992]",20568.23679
1244,41127,0.11479062499999998,-190.29188108661452,4297.912109375,True,False,,"[0.6787905666573494, 0.2788301527161562, 0.5826733314745022]",20586.036686800002
1245,41171,0.11443437499999998,-95.36508466619652,2438.16064453125,True,False,,"[0.1, 0.2, 0.3]",20607.8040998
1246,41196,0.114021875,-109.07790944048902,,True,False,,"[0.3, 0.5, 0.7]",20622.1476986
1247,41235,0.11378749999999999,-153.54263763234715,12404.443359375,True,False,,"[0.5325727893150951, 0.23140737780777837, 0.4831557572575894]",20641.2897215
1248,41294,0.113421875,-185.07941959531573,11360.7763671875,True,False,,"[0.30195669463315467, 0.16546403375667806, 0.4369854309082969]",20665.345282
1249,41338,0.11286874999999996,-99.66764638401386,11668.7021484375,True,False,,"[0.1, 0.2, 0.3]",20686.7508839
1250,41388,0.11245624999999998,-209.61691749210743,3803.321044921875,True,False,,"[0.3, 0.5, 0.7]",20707.758303900002
1251,41416,0.11198750000000002,-123.65751741457115,824.6388549804688,True,False,,"[0.28174494654399507, 0.6872898392518731, 0.7019039099061071]",20721.561999
1252,41450,0.11172499999999996,-76.18757992250772,277.6870422363281,True,False,,"[0.1638416553106754, 0.16271209375755702, 0.32250502482507626]",20740.6128308
1253,41495,0.11140624999999998,-95.80615272146373,,True,False,,"[0.1, 0.2, 0.3]",20761.423591400002
1254,41528,0.11098437499999997,-2148.5266521041476,4715.6259765625,False,False,event: Maximum voltage [V],"[0.3, 0.5, 0.7]",20778.8608989
1255,41562,0.11067500000000002,-2166.6330919188867,5656.615234375,False,False,event: Maximum voltage [V],"[0.22430667877584914, 0.6210283570373657, 0.3360952402416747]",20796.2536814
1256,41604,0.11035624999999999,-218.7904924390646,3785.787353515625,True,False,,"[0.2055923145226896, 0.6937418096001802, 0.29637806216930773]",20816.173357
1257,41664,0.10996249999999996,-117.46585121571432,2629.28759765625,False,False,,"[0.1, 0.2, 0.3]",20841.0185646
1258,41694,0.1094,-134.2315946099201,,True,False,,"[0.3, 0.5, 0.7]",20857.2161457
1259,41741,0.10911874999999999,-157.80817374977002,5407.65625,True,False,,"[0.36575682673827536, 0.3840484060705063, 0.21277240262000174]",20878.998255900002
1260,41782,0.10867812500000001,-194.2573523890819,3467.150146484375,True,False,,"[0.4291150053127999, 0.27285770578449803, 0.6339157841763479]",20896.3131757
1261,41842,0.10829374999999997,-164.26014023513102,9296.734375,False,False,,"[0.1, 0.2, 0.3]",20921.2771667
1262,41884,0.10773125,-169.68961144058855,2361.119384765625,True,False,,"[0.3, 0.5, 0.7]",20940.7880903
1263,41927,0.10733749999999997,-150.18172345447243,4582.56591796875,True,False,,"[0.10910710398785109, 0.19845288470218442, 0.19266120121711788]",20961.8217096
1264,41987,0.10693437499999997,-318.5383095980635,2310.8251953125,False,False,,"[0.18999532025501137, 0.7043466493325301, 0.42482530460665713]",20983.4151838
1265,42042,0.106371875,-306.59470160022136,7710.87939453125,True,False,,"[0.1, 0.2, 0.3]",21008.3512487
1266,42075,0.10585624999999999,-117.25668290405625,3258.1455078125,True,False,,"[0.3, 0.5, 0.7]",21024.3616029
1267,42124,0.10554687499999998,-203.10382562429928,441.8691101074219,True,False,,"[0.6722910737907155, 0.3162526710862208, 0.46964377067958407]",21043.7493558
1268,42164,0.10508749999999994,-73.22041521122445,5391.24267578125,True,False,,"[0.28751195949753267, 0.3634191614101495, 0.2611382209392875]",21063.9870078
1269,42224,0.10471249999999999,-375.901115459395,2821.20166015625,False,False,,"[0.1, 0.2, 0.3]",21088.7221954
1270,42260,0.10414999999999996,-186.95884634539084,6210.35009765625,True,False,,"[0.3, 0.5, 0.7]",21105.466946200002
1271,42303,0.10381250000000003,-173.76872839115833,3541.53662109375,True,False,,"[0.327750185238879, 0.4470529531540708, 0.20264984930525792]",21125.7802642
1272,42363,0.10340937499999997,-275.4039111622003,5626.3447265625,False,False,,"[0.6797306614898891, 0.6921862654965423, 0.4803935240026723]",21147.3055528
1273,42414,0.102846875,-115.07863578544344,5083.783203125,True,False,,"[0.1, 0.2, 0.3]",21171.2068742
1274,42450,0.10236875000000001,-161.6569963139639,5429.39794921875,True,False,,"[0.3, 0.5, 0.7]",21188.1813162
1275,42484,0.10203124999999996,-153.9910712975875,,True,False,,"[0.39743475484313595, 0.39195854311030875, 0.7380770050368136]",21204.2216695
1276,42544,0.10171249999999998,-304.4882883997259,3137.466796875,False,False,,"[0.3756127788891036, 0.16034675772981732, 0.5182320042571992]",21228.0115719
1277,42598,0.10115000000000002,-221.9869520917962,3221.1044921875,True,False,,"[0.1, 0.2, 0.3]",21252.3267817
1278,42636,0.10064374999999998,-187.54407226047957,5743.45068359375,True,False,,"[0.3, 0.5, 0.7]",21269.9431023
1279,42696,0.10028749999999997,-502.66738965876476,395.61163330078125,False,False,,"[0.6806221953945363, 0.186156012016522, 0.4547434543415718]",21292.1535181
1280,42756,0.09972500000000001,-621.3920753095944,4028.718994140625,False,False,,"[0.6673627357475133, 0.648561607074122, 0.13562782265241202]",21315.9595341
1281,42816,0.09916249999999999,-116.77573708671956,3065.656494140625,False,False,,"[0.1, 0.2, 0.3]",21340.30764
1282,42870,0.09859999999999997,-174.7883895870354,201.51953125,True,False,,"[0.3, 0.5, 0.7]",21361.333311
1283,42930,0.09809375000000004,-508.0143126636563,3547.400146484375,False,False,,"[0.19608225032153098, 0.5503413534056335, 0.21724121228786208]",21385.4288014
1284,42990,0.09753124999999996,-553.1433279880093,408.4898681640625,False,False,,"[0.4004861321662213, 0.25291555656821996, 0.2195130126353083]",21407.7330705
1285,43036,0.09696874999999999,-93.63830270692439,2574.672119140625,True,False,,"[0.1, 0.2, 0.3]",21429.536784
1286,43073,0.0965375,-111.60293043466125,3081.284912109375,True,False,,"[0.3, 0.5, 0.7]",21447.5683557
1287,43127,0.09619062499999997,-190.91379482534984,7189.7978515625,True,False,,"[0.12535142259904267, 0.23732263550972194, 0.5206124949252674]",21468.947162
1288,43187,0.09568437499999999,-499.80784147281577,1452.2747802734375,False,False,,"[0.5950942861400583, 0.720894380544675, 0.3143025247034144]",21490.3181138
1289,43247,0.09512187499999997,-147.98068697497592,915.8197631835938,False,False,,"[0.1, 0.2, 0.3]",21513.7816988
1290,43288,0.094559375,-148.04688084265354,4789.39501953125,True,False,,"[0.3, 0.5, 0.7]",21532.7511461
1291,43348,0.09417499999999995,-162.84358423972242,914.0270385742188,False,False,,"[0.640200407142305, 0.45928917198811015, 0.5698028347914771]",21554.112974300002
1292,43388,0.09361249999999999,-2124.727679506699,4389.53125,False,False,event: Maximum voltage [V],"[0.24257921762534573, 0.3999041483230359, 0.40650950366064675]",21574.1280223
1293,43448,0.09323749999999997,-135.21460325166154,2518.919189453125,False,False,,"[0.1, 0.2, 0.3]",21598.3564562
1294,43479,0.09267500000000001,-151.2917100013143,483.555419921875,True,False,,"[0.3, 0.5, 0.7]",21614.1560402
1295,43506,0.09238437499999996,-152.95788763391187,288.2472839355469,True,False,,"[0.24085709448469791, 0.7089950246117864, 0.5126370719556361]",21628.776159600002
1296,43566,0.09213125,-574.3657376486599,370.6294860839844,False,False,,"[0.4932857632765939, 0.1087533509268514, 0.19909811294618412]",21652.8406667
1297,43610,0.09156874999999998,-162.4869818779347,356.6856689453125,True,False,,"[0.1, 0.2, 0.3]",21673.977627700002
1298,43634,0.09115625,-119.86365658018188,,True,False,,"[0.3, 0.5, 0.7]",21688.13095
1299,43694,0.09093125000000002,-650.6468466828851,2563.1171875,False,False,,"[0.5799782398883727, 0.46153543801050856, 0.23528280417780967]",21710.1951301
1300,43754,0.09036874999999994,-884.0787330546232,4912.17333984375,False,False,,"[0.6964917226355616, 0.7148958602644676, 0.13367705536629873]",21730.9648807
1301,43814,0.08980624999999998,-260.7251708243546,6565.32177734375,False,False,,"[0.1, 0.2, 0.3]",21755.050497700002
1302,43852,0.08924375000000001,-134.2894658898794,3329.322265625,True,False,,"[0.3, 0.5, 0.7]",21772.4132993
1303,43896,0.08888750000000001,-205.82785952093988,,True,False,,"[0.33276584199760434, 0.7345878219542712, 0.6713724428557252]",21788.9041172
1304,43956,0.08847500000000003,-191.12608292731954,4093.63623046875,False,False,,"[0.10396884315608762, 0.10462926780841038, 0.37557567967335126]",21812.8922244
1305,44016,0.0879125,-173.15321112469044,4572.166015625,False,False,,"[0.1, 0.2, 0.3]",21837.3520807
1306,44058,0.08734999999999998,-132.6110396975727,567.0669555664062,True,False,,"[0.3, 0.5, 0.7]",21856.2812742
1307,44118,0.08695625000000001,-140.06853461990966,2237.59814453125,False,False,,"[0.4989470024944491, 0.4668812196632207, 0.7192816596414522]",21877.923823
1308,44178,0.08639374999999999,-620.6112101756427,379.1038513183594,False,False,,"[0.4808563293892322, 0.13640140224610717, 0.4639615566403611]",21899.3911372
1309,44236,0.08583124999999997,-140.41722405180377,198.9751434326172,True,False,,"[0.1, 0.2, 0.3]",21924.038117
1310,44270,0.08528750000000002,-158.4144742524987,7326.8740234375,True,False,,"[0.3, 0.5, 0.7]",21941.0103057
1311,44330,0.08496875000000004,-849.9338049316806,2270.6162109375,False,False,,"[0.69669562246668, 0.347797345481495, 0.1424440913744486]",21961.937703
1312,44390,0.08440624999999996,-653.108319301516,2788.78369140625,False,False,,"[0.10158836690234954, 0.5066740257613945, 0.1427455140738071]",21985.2324222
1313,44450,0.08384375,-222.26023128003175,234.23912048339844,False,False,,"[0.1, 0.2, 0.3]",22009.4678292
1314,44476,0.08328124999999997,-105.79289271329323,,True,False,,"[0.3, 0.5, 0.7]",22024.0530773
1315,44536,0.08303749999999999,-538.6992391714384,2702.053466796875,False,False,,"[0.6225557240781047, 0.31122019464943074, 0.4910778056648073]",22045.3344075
1316,44596,0.08247500000000002,-673.96470778313,2520.177490234375,False,False,,"[0.5420414659884828, 0.17063891804920517, 0.7142983753979856]",22065.2532989
1317,44656,0.0819125,-243.68492602443055,5323.96240234375,False,False,,"[0.1, 0.2, 0.3]",22088.8654674
1318,44698,0.08134999999999998,-173.08688948893922,,True,False,,"[0.3, 0.5, 0.7]",22107.4926065
1319,44758,0.08095625000000001,-543.4172320794736,2561.311767578125,False,False,,"[0.36250083888196194, 0.3297980600524204, 0.22119396079383855]",22129.3386628
1320,44818,0.08039375000000004,-272.71840255139693,279.5863952636719,False,False,,"[0.3069780371233413, 0.3469750564909613, 0.3357653374363665]",22152.5541589
1321,44875,0.07983124999999996,-257.7804860403399,3111.457763671875,True,False,,"[0.1, 0.2, 0.3]",22177.2045604
1322,44918,0.07929687499999999,-127.8948566598902,705.8522338867188,True,False,,"[0.3, 0.5, 0.7]",22196.3284624
1323,44946,0.07889374999999998,-81.85302523030211,,True,False,,"[0.5590826991634616, 0.7476283081187637, 0.6468323818644225]",22210.0181943
1324,44997,0.07863124999999999,-73.79802944105275,3621.583251953125,True,False,,"[0.617669436044332, 0.5241295582676649, 0.6927411125626404]",22229.5824229
1325,45057,0.07815312499999999,-226.0925739819287,4942.11083984375,False,False,,"[0.1, 0.2, 0.3]",22254.3999429
1326,45101,0.07759062499999997,-133.8705314299323,12488.23828125,True,False,,"[0.3, 0.5, 0.7]",22442.2775882
1327,45143,0.07717812499999999,-155.75343443182683,,True,False,,"[0.5920102298787371, 0.6968307683900049, 0.45018375490417073]",22459.969999
1328,45203,0.07678437500000002,-667.246907064738,4328.00732421875,False,False,,"[0.6635481477666221, 0.5337800158596565, 0.17437472361227907]",22481.5532727
1329,45263,0.076221875,-303.24807771093606,2268.61181640625,False,False,,"[0.1, 0.2, 0.3]",22504.767772
1330,45312,0.07565937499999997,-154.3614261593831,5529.798828125,True,False,,"[0.3, 0.5, 0.7]",22526.2066747
1331,45372,0.07519999999999999,-305.57879152836006,4514.396484375,False,False,,"[0.6718240955447808, 0.6584474402988191, 0.4067564202336854]",22548.5895984
1332,45432,0.07463749999999997,-355.0095701596957,578.9664306640625,False,False,,"[0.3909734689241803, 0.1282554104081059, 0.5228818797180697]",22571.3050853
1333,45492,0.074075,-190.10150729105044,4775.81396484375,False,False,,"[0.1, 0.2, 0.3]",22596.3306086
1334,45537,0.07351249999999998,-154.80290717626346,2523.209716796875,True,False,,"[0.3, 0.5, 0.7]",22616.4750845
1335,45597,0.07309062499999996,-158.32858695192053,2385.90673828125,False,False,,"[0.46168758276653754, 0.7113006431671951, 0.48620156239571444]",22638.9608489
1336,45657,0.072528125,-360.8950542751254,3780.58837890625,False,False,,"[0.2866092219965584, 0.11137620691951755, 0.6375917273593193]",22662.4966191
1337,45717,0.07196562500000003,-215.31610453518098,5211.1396484375,False,False,,"[0.1, 0.2, 0.3]",22686.0704649
1338,45748,0.07140312499999996,-161.692529972493,,True,False,,"[0.3, 0.5, 0.7]",22700.870522
1339,45794,0.07111250000000002,-165.75023656853753,2976.275390625,True,False,,"[0.35602647060841597, 0.71511330776703, 0.7129727831800474]",22719.408067
1340,45854,0.07068124999999997,-311.4923481757484,2322.14013671875,False,False,,"[0.46381682995253093, 0.3125943827761225, 0.42879271459845125]",22741.2333349
1341,45914,0.07011875000000001,-199.17860167666498,4323.53564453125,False,False,,"[0.1, 0.2, 0.3]",22765.9635245
1342,45959,0.06955624999999999,-168.1422991268573,361.0965881347656,True,False,,"[0.3, 0.5, 0.7]",22785.6639152
1343,46019,0.06913437499999997,-315.48532310778666,2481.5576171875,False,False,,"[0.4615351825823695, 0.5385293069326943, 0.45587517518572473]",22805.5987053
1344,46079,0.068571875,-527.3889086687286,251.49700927734375,False,False,,"[0.25517824724495497, 0.6063425684632825, 0.31775525288613776]",22828.5918206
1345,46139,0.06800937499999998,-245.79455078875245,2670.627685546875,False,False,,"[0.1, 0.2, 0.3]",22853.2862889
1346,46172,0.06744687499999996,-138.51475617262548,2207.671630859375,True,False,,"[0.3, 0.5, 0.7]",22869.5801665
1347,46223,0.06713750000000002,-144.6066920334811,4327.0693359375,True,False,,"[0.37725426760937364, 0.41011574382670557, 0.5532028184966377]",22889.8132786
1348,46283,0.06665937499999997,-428.62723533712943,8712.4443359375,False,False,,"[0.11760277862392432, 0.10873155298756146, 0.2741022640995737]",22912.4615614
1349,46343,0.066096875,-328.26339400029514,10693.759765625,False,False,,"[0.1, 0.2, 0.3]",22933.0546093
1350,46377,0.06553437499999998,-149.723686480346,2645.00146484375,True,False,,"[0.3, 0.5, 0.7]",22949.3592593
1351,46437,0.065215625,-485.0302555933498,6069.74951171875,False,False,,"[0.2827383497327394, 0.45430599965428986, 0.282982435743657]",22972.2683659
1352,46487,0.06465312500000003,-117.41509406969355,8476.1025390625,True,False,,"[0.39467225348801227, 0.5409634046151793, 0.48173266819083005]",22992.5846598
1353,46547,0.06418437500000002,-239.26032321911916,6021.94482421875,False,False,,"[0.1, 0.2, 0.3]",23015.9078428
1354,46581,0.063621875,-133.67172775071975,3951.8544921875,True,False,,"[0.3, 0.5, 0.7]",23032.7520638
1355,46624,0.06330312500000002,-180.18619329104095,6500.50341796875,True,False,,"[0.36928493708509647, 0.33708332605530844, 0.7393195857437097]",23051.2747142
1356,46681,0.06289999999999996,-464.8517880733021,792.844970703125,True,False,,"[0.6721118026963554, 0.1276230237836832, 0.6642147775896367]",23071.8083412
1357,46741,0.062365625000000036,-238.3461802639454,878.6256103515625,False,False,,"[0.1, 0.2, 0.3]",23096.3839884
1358,46768,0.06180312499999996,-88.41779581482574,4769.99072265625,True,False,,"[0.3, 0.5, 0.7]",23111.3604406
1359,46806,0.061549999999999994,-54.62398150008509,388.5997314453125,True,False,,"[0.6524641508689012, 0.6472461833692679, 0.7353748033020128]",23127.5982522
1360,46866,0.06119374999999999,-535.5944283722691,7584.85009765625,False,False,,"[0.3490651587472995, 0.4750148878344246, 0.14942528765174587]",23149.7699828
1361,46926,0.06063124999999997,-333.2786020798915,2129.353515625,False,False,,"[0.1, 0.2, 0.3]",23172.0177186
1362,46974,0.060068750000000004,-145.61659934816493,7194.29443359375,True,False,,"[0.3, 0.5, 0.7]",23191.847065500002
1363,47032,0.05961875,-325.6639991479286,5654.99609375,True,False,,"[0.35935737269143775, 0.1285995838017667, 0.5240616571069173]",23214.4963171
1364,47092,0.05907499999999999,-802.2923494827163,598.9636840820312,False,False,,"[0.4104552287877884, 0.5307216104618635, 0.16278134802348698]",23235.3031187
1365,47152,0.05851250000000002,-320.15024746375565,2309.715576171875,False,False,,"[0.1, 0.2, 0.3]",23258.9723582
1366,47183,0.05795,-155.277762077683,,True,False,,"[0.3, 0.5, 0.7]",23274.8126494
1367,47239,0.05765937500000001,-304.52791231298653,11953.9365234375,True,False,,"[0.7168873160897358, 0.3387808329030704, 0.46621819669595754]",23295.329435300002
1368,47299,0.05713437499999996,-332.78089134882543,4763.7080078125,False,False,,"[0.6673471800794201, 0.30767402491538687, 0.3880768814174771]",23317.0651132
1369,47359,0.056571874999999994,-213.0568849574804,8784.4833984375,False,False,,"[0.1, 0.2, 0.3]",23340.3716605
1370,47419,0.05600937499999997,-189.8112056179555,4264.65087890625,False,False,,"[0.3, 0.5, 0.7]",23362.1855445
1371,47479,0.05544687500000001,-184.2436355001616,159.53379821777344,False,False,,"[0.4562625273039559, 0.3831653967978813, 0.7397547733150218]",23384.7139146
1372,47539,0.05488437500000004,-749.3039296954726,2074.755126953125,False,False,,"[0.6677601130075614, 0.33128206866631005, 0.1630182659784034]",23406.0822185
1373,47599,0.054321874999999964,-454.29863291477966,2312.992431640625,False,False,,"[0.1, 0.2, 0.3]",23426.254996
1374,47659,0.053759375,-191.62379524314989,6106.14599609375,False,False,,"[0.3, 0.5, 0.7]",23448.6917389
1375,47719,0.05319687499999998,-687.2806005949559,4284.59033203125,False,False,,"[0.14442292501057744, 0.6670522955911852, 0.18526431079599154]",23470.09582
1376,47779,0.05263437500000001,-353.5507039075365,715.351318359375,False,False,,"[0.2606976207330557, 0.3170556289250467, 0.5277674426520076]",23492.2185841
1377,47839,0.05207187499999999,-307.79871848695217,2331.9931640625,False,False,,"[0.1, 0.2, 0.3]",23516.7025111
1378,47875,0.05150937499999997,-125.16727760570417,667.1292724609375,True,False,,"[0.3, 0.5, 0.7]",23534.091249600002
1379,47935,0.05117187499999998,-640.9081418718283,2484.807861328125,False,False,,"[0.4641098503715889, 0.34372736084079736, 0.1423028277955309]",23555.3264307
1380,47995,0.05060937500000001,-362.39267775599745,6663.23828125,False,False,,"[0.6119176310393322, 0.3380488351509221, 0.6559223376030713]",23577.0411
1381,48055,0.05004687499999999,-229.7185521259056,2498.493896484375,False,False,,"[0.1, 0.2, 0.3]",23599.7334714
1382,48094,0.04999999999999999,-162.95170891066118,,True,False,,"[0.3, 0.5, 0.7]",23617.2264566
1383,48127,0.04999999999999999,-76.5901600292239,2351.142578125,True,False,,"[0.4377003693401781, 0.718300706714038, 0.6564029998467695]",23633.005257
1384,48187,0.04999999999999999,-486.3768501703769,4060.212646484375,False,False,,"[0.2607341701629592, 0.1492532986759548, 0.23688103814461417]",23656.2251608
1385,48247,0.04999999999999999,-388.99619882286595,573.5126342773438,False,False,,"[0.1, 0.2, 0.3]",23677.7574744
1386,48272,0.04999999999999999,-107.59582739575843,214.82958984375,True,False,,"[0.3, 0.5, 0.7]",23691.9120204
1387,48332,0.04999999999999999,-782.0510568639229,5777.04052734375,False,False,,"[0.1399442379897898, 0.7227410258268586, 0.22805289411117205]",23713.4383317
1388,48392,0.04999999999999999,-716.666808244597,2350.48583984375,False,False,,"[0.6941421080884447, 0.3723664456835818, 0.14999046673788993]",23734.8255179
1389,48452,0.04999999999999999,-397.7258918335286,454.2961120605469,False,False,,"[0.1, 0.2, 0.3]",23756.574343
1390,48477,0.04999999999999999,-115.34569996150906,,True,False,,"[0.3, 0.5, 0.7]",23770.7133433
1391,48535,0.04999999999999999,-305.84421859283617,5698.09375,True,False,,"[0.7339410723754693, 0.2540905407533909, 0.45441327867200443]",23792.1223589
1392,48595,0.04999999999999999,-417.32881004013296,572.1701049804688,False,False,,"[0.19969034626765783, 0.2299495738904219, 0.4257271308216435]",23815.4752833
1393,48655,0.04999999999999999,-293.23164222232646,8825.853515625,False,False,,"[0.1, 0.2, 0.3]",23837.8200642
1394,48715,0.04999999999999999,-292.318125849592,7125.69140625,False,False,,"[0.3, 0.5, 0.7]",23859.199353
1395,48775,0.04999999999999999,-395.7223007640476,2340.775390625,False,False,,"[0.5146792728253455, 0.19329671266361606, 0.47306651950342515]",23880.5283447
1396,48835,0.04999999999999999,-548.8679270030657,3333.170654296875,False,False,,"[0.6448046920344486, 0.23077350314272183, 0.35795388818767515]",23901.0344257
1397,48895,0.04999999999999999,-439.50490732373333,2428.8349609375,False,False,,"[0.1, 0.2, 0.3]",23920.9529861
1398,48926,0.04999999999999999,-122.58831751691554,537.6604614257812,True,False,,"[0.3, 0.5, 0.7]",23937.2262027
1399,48962,0.04999999999999999,-294.68310047920414,383.4269714355469,True,False,,"[0.1191749282764828, 0.6059170043149569, 0.7203371620227391]",23954.5554303
1400,49022,0.04999999999999999,-585.697189217331,209.52224731445312,False,False,,"[0.5816294440594523, 0.3122208873341456, 0.285525841890229]",23976.5171478
1401,49082,0.04999999999999999,-374.1133703162168,145.17735290527344,False,False,,"[0.1, 0.2, 0.3]",23999.5088206
1402,49142,0.04999999999999999,-260.4947293360767,7455.8359375,False,False,,"[0.3, 0.5, 0.7]",24019.5318075
1403,49202,0.04999999999999999,-263.34298001974406,490.812744140625,False,False,,"[0.4260611397448142, 0.5598327176215254, 0.6268998820568717]",24039.219361800002
1404,49262,0.04999999999999999,-263.5596411337976,6970.22412109375,False,False,,"[0.33602992034181345, 0.4183665218307223, 0.7100456131238067]",24059.4139492
1405,49322,0.04999999999999999,-337.73814105840216,6464.849609375,False,False,,"[0.1, 0.2, 0.3]",24079.3236569
1406,49382,0.04999999999999999,-231.02245913423445,883.9393310546875,False,False,,"[0.3, 0.5, 0.7]",24098.8580584
1407,49442,0.04999999999999999,-352.0369890779562,1053.2825927734375,False,False,,"[0.5669432242338815, 0.5753050924122497, 0.5000704526440213]",24119.1270436
1408,49502,0.04999999999999999,-384.8931690487012,3581.0078125,False,False,,"[0.36793988445385684, 0.22509103132992236, 0.4779703297606078]",24139.8349869
1409,49562,0.04999999999999999,-351.2960658707268,1099.3338623046875,False,False,,"[0.1, 0.2, 0.3]",24161.0522418
1410,49622,0.04999999999999999,-258.0905592426393,887.6737670898438,False,False,,"[0.3, 0.5, 0.7]",24182.1482821
1411,49682,0.04999999999999999,-870.5948406551307,3935.4443359375,False,False,,"[0.5252062492253752, 0.6823281043832305, 0.11939926934997741]",24202.5934283
1412,49742,0.04999999999999999,-359.40304453946214,253.94113159179688,False,False,,"[0.3941161137853494, 0.4709659771400877, 0.4190815922782333]",24222.9327617
1413,49802,0.04999999999999999,-328.0217494615127,7720.294921875,False,False,,"[0.1, 0.2, 0.3]",24245.0307103
1414,49862,0.04999999999999999,-193.40163567993207,4903.55029296875,False,False,,"[0.3, 0.5, 0.7]",24265.6928763
1415,49922,0.04999999999999999,-358.6071413070489,2501.547119140625,False,False,,"[0.37326492446588855, 0.5245023938885622, 0.5159719050864495]",24286.1465137
1416,49982,0.04999999999999999,-539.155891988666,2254.5517578125,False,False,,"[0.48688841742693434, 0.2141679771656513, 0.3881095809968923]",24306.848854
1417,50042,0.04999999999999999,-347.89575287655055,398.9239807128906,False,False,,"[0.1, 0.2, 0.3]",24328.2191029
1418,50075,0.04999999999999999,-141.17737135668267,2113.814208984375,True,False,,"[0.3, 0.5, 0.7]",24507.7175311
1419,50135,0.04999999999999999,-260.3612698510332,332.9493103027344,False,False,,"[0.5367781967930528, 0.2992730369092489, 0.5330737612474752]",24528.8595082
1420,50195,0.04999999999999999,-551.7237755519984,3676.07861328125,False,False,,"[0.46083457322402943, 0.7263955369686967, 0.21690425567879765]",24549.0511745
1421,50255,0.04999999999999999,-294.5625436602488,2564.64306640625,False,False,,"[0.1, 0.2, 0.3]",24572.6963109
1422,50315,0.04999999999999999,-208.6540901772006,2188.966796875,False,False,,"[0.3, 0.5, 0.7]",24593.5688643
1423,50375,0.04999999999999999,-378.698571812894,2655.144287109375,False,False,,"[0.2879009921376354, 0.1780819543888823, 0.5621000017471536]",24614.9677841
1424,50435,0.04999999999999999,-414.9424125114793,3877.892822265625,False,False,,"[0.1011877081180648, 0.6742059760828027, 0.7387945302582551]",24636.1091118
1425,50495,0.04999999999999999,-362.5776135871407,2049.349609375,False,False,,"[0.1, 0.2, 0.3]",24656.497558
1426,50555,0.04999999999999999,-342.60688869332245,5305.9951171875,False,False,,"[0.3, 0.5, 0.7]",24677.559765500002
1427,50615,0.04999999999999999,-316.5118050833096,1235.7379150390625,False,False,,"[0.17209384322259275, 0.3490899224400586, 0.5687365828910422]",24697.612062700002
1428,50675,0.04999999999999999,-748.0457112859656,4985.15966796875,False,False,,"[0.640296591172882, 0.7168163702005196, 0.13634006847916907]",24717.5949412
1429,50735,0.04999999999999999,-343.8492503477948,405.9678649902344,False,False,,"[0.1, 0.2, 0.3]",24738.3898114
1430,50795,0.04999999999999999,-267.00420612041296,2442.1376953125,False,False,,"[0.3, 0.5, 0.7]",24758.2482335
1431,50855,0.04999999999999999,-659.8905727283858,2099.462646484375,False,False,,"[0.41454692229829904, 0.1534435216488474, 0.12721483316232704]",24780.1677642
1432,50915,0.04999999999999999,-694.44303068636,604.771728515625,False,False,,"[0.14533946909731654, 0.6462484853021963, 0.18752184230965796]",24801.4959184
1433,50975,0.04999999999999999,-272.8196760142746,4425.8466796875,False,False,,"[0.1, 0.2, 0.3]",24822.6457394
1434,51035,0.04999999999999999,-326.2990977115202,9820.6298828125,False,False,,"[0.3, 0.5, 0.7]",24842.7079354
1435,51095,0.04999999999999999,-181.71943924993707,554.9151611328125,False,False,,"[0.4663806547830812, 0.5698723979173432, 0.6771979215572628]",24863.371220600002
1436,51155,0.04999999999999999,-339.2963412289437,336.0341491699219,False,False,,"[0.6314171691272853, 0.1178001235402108, 0.27889211345994225]",24886.5338562
1437,51215,0.04999999999999999,-195.09965882780455,3131.5400390625,False,False,,"[0.1, 0.2, 0.3]",24910.077186
1438,51275,0.04999999999999999,-329.3679958648903,7115.5869140625,False,False,,"[0.3, 0.5, 0.7]",24930.6463639
1439,51335,0.04999999999999999,-526.8888865057767,2192.50830078125,False,False,,"[0.4831251089518679, 0.2855206796452797, 0.18700923002699915]",24950.609284000002
1440,51395,0.04999999999999999,-268.7337278056394,1452.3641357421875,False,False,,"[0.7004015443700549, 0.7224003753397895, 0.6301914735676268]",24970.3825597
1441,51455,0.04999999999999999,-379.886052970306,3658.406494140625,False,False,,"[0.1, 0.2, 0.3]",24991.1197792
1442,51515,0.04999999999999999,-377.9303180572186,2037.506591796875,False,False,,"[0.3, 0.5, 0.7]",25011.4264369
1443,51575,0.04999999999999999,-553.9080189323155,4128.3125,False,False,,"[0.733776813914519, 0.4172531553358173, 0.7371617519799502]",25030.6751334
1444,51635,0.04999999999999999,-444.8763069376938,5744.201171875,False,False,,"[0.15192400514276536, 0.19216374506104938, 0.17420737082052354]",25051.6634477
1445,51695,0.04999999999999999,-265.6287862463625,3670.28515625,False,False,,"[0.1, 0.2, 0.3]",25074.4638305
1446,51755,0.04999999999999999,-240.2067477493141,1797.3480224609375,False,False,,"[0.3, 0.5, 0.7]",25094.7109182
1447,51815,0.04999999999999999,-211.6825152189425,3705.155517578125,False,False,,"[0.29792589558651295, 0.6434335832179878, 0.6063489414104132]",25115.2434722
1448,51875,0.04999999999999999,-503.88724824386526,4140.6533203125,False,False,,"[0.18967322137245007, 0.10411759159379719, 0.5548208419172708]",25135.7126449
1449,51935,0.04999999999999999,-372.56933736943466,2353.8486328125,False,False,,"[0.1, 0.2, 0.3]",25157.247035200002
1450,51995,0.04999999999999999,-279.8711631759814,2060.565673828125,False,False,,"[0.3, 0.5, 0.7]",25177.3803548
1451,52055,0.04999999999999999,-449.923792858836,3860.4365234375,False,False,,"[0.4143014979810946, 0.3902016898669812, 0.42965540096046073]",25198.0624417
1452,52115,0.04999999999999999,-282.9297693545341,3303.282470703125,False,False,,"[0.17643449097752328, 0.713495132583206, 0.4662251510487243]",25219.176918600002
1453,52175,0.04999999999999999,-425.7131608937502,4472.74609375,False,False,,"[0.1, 0.2, 0.3]",25241.4218336
1454,52235,0.04999999999999999,-382.54781012019464,662.8241577148438,False,False,,"[0.3, 0.5, 0.7]",25260.1637728
1455,52295,0.04999999999999999,-491.7413448645218,1872.13671875,False,False,,"[0.5535580557248317, 0.10823417067086713, 0.15340387207508904]",25281.5089476
1456,52355,0.04999999999999999,-236.70031198654172,206.8245391845703,False,False,,"[0.5862298206171173, 0.4849438708927831, 0.5026053745540335]",25303.2842833
1457,52415,0.04999999999999999,-251.9152838307257,5820.1953125,False,False,,"[0.1, 0.2, 0.3]",25326.7383587
1458,52475,0.04999999999999999,-164.66088292631923,184.51077270507812,False,False,,"[0.3, 0.5, 0.7]",25348.3672519
1459,52535,0.04999999999999999,-440.6332918576019,4788.958984375,False,False,,"[0.464156285757532, 0.6982276736913527, 0.14924983674013514]",25371.2787404
1460,52582,0.04999999999999999,-123.66448076130241,2360.68408203125,True,False,,"[0.7348143719350839, 0.728513817343559, 0.6207939187255054]",25387.4941166
1461,52642,0.04999999999999999,-324.26642303542536,2252.422607421875,False,False,,"[0.1, 0.2, 0.3]",25408.6510583
1462,52702,0.04999999999999999,-215.62369787419195,4301.6533203125,False,False,,"[0.3, 0.5, 0.7]",25430.1681584
1463,52758,0.04999999999999999,-183.46338199129323,2374.81298828125,True,False,,"[0.21315971415894375, 0.46380150075773274, 0.7125917973803472]",25451.79035
1464,52818,0.04999999999999999,-523.8947456982232,1557.8345947265625,False,False,,"[0.582848294901047, 0.19737918538234006, 0.35184758979597186]",25472.3689299
1465,52878,0.04999999999999999,-337.57522421085207,2686.1572265625,False,False,,"[0.1, 0.2, 0.3]",25494.0071439
1466,52938,0.04999999999999999,-307.0478969604127,3678.38720703125,False,False,,"[0.3, 0.5, 0.7]",25514.9811095
1467,52998,0.04999999999999999,-360.9802672081531,1805.4898681640625,False,False,,"[0.6223632201781234, 0.48565073659492175, 0.14640657598350518]",25537.1549926
1468,53058,0.04999999999999999,-482.593899600642,5398.5341796875,False,False,,"[0.7302508378821541, 0.1257223425920491, 0.5779832862710049]",25558.4005018
1469,53118,0.04999999999999999,-332.67767378726336,1968.1800537109375,False,False,,"[0.1, 0.2, 0.3]",25579.540288700002
1470,53178,0.04999999999999999,-199.9229919195317,1889.653564453125,False,False,,"[0.3, 0.5, 0.7]",25600.8794681
1471,53238,0.04999999999999999,-190.36353682398286,2259.510009765625,False,False,,"[0.5241830528659719, 0.49430753881024136, 0.2556749429951908]",25623.727219
1472,53298,0.04999999999999999,-543.4084187615058,1904.1048583984375,False,False,,"[0.5312587157178849, 0.11536254842230595, 0.5353183368899209]",25646.0772956
1473,53358,0.04999999999999999,-322.54931512212204,174.49838256835938,False,False,,"[0.1, 0.2, 0.3]",25668.2237518
1474,53418,0.04999999999999999,-277.741449235362,2792.0546875,False,False,,"[0.3, 0.5, 0.7]",25690.861996
1475,53478,0.04999999999999999,-461.76273113511746,1240.736572265625,False,False,,"[0.4148246073672873, 0.2103897995648868, 0.6950384700454599]",25711.6548767
1476,53538,0.04999999999999999,-565.387967704722,3867.712646484375,False,False,,"[0.6764402809886557, 0.16366425427850922, 0.1542211342841901]",25733.0425452
1477,53598,0.04999999999999999,-293.759600531725,3610.6796875,False,False,,"[0.1, 0.2, 0.3]",25754.9638601
1478,53648,0.04999999999999999,-163.13867844318736,1799.50341796875,True,False,,"[0.3, 0.5, 0.7]",25775.463724
1479,53708,0.04999999999999999,-163.363602788257,230.6862030029297,False,False,,"[0.36277049052629606, 0.5608901030443056, 0.4927093669329422]",25797.8945106
1480,53768,0.04999999999999999,-487.5827033056892,2299.7822265625,False,False,,"[0.10834419476978398, 0.6779561922164635, 0.5268683730200149]",25818.345496500002
1481,53828,0.04999999999999999,-295.41272403905623,285.5741882324219,False,False,,"[0.1, 0.2, 0.3]",25841.1999359
1482,53888,0.04999999999999999,-190.9161341633657,182.54495239257812,False,False,,"[0.3, 0.5, 0.7]",25861.9413955
1483,53948,0.04999999999999999,-435.0462250892785,1649.8226318359375,False,False,,"[0.4406284330318083, 0.2672042266227252, 0.7493119313544546]",25883.2143715
1484,54008,0.04999999999999999,-414.85555501962466,1957.97509765625,False,False,,"[0.29864100811089755, 0.1984746197364619, 0.472837190626205]",25905.5161062
1485,54068,0.04999999999999999,-341.65948364783065,2307.44677734375,False,False,,"[0.1, 0.2, 0.3]",25927.4954327
1486,54128,0.04999999999999999,-323.07352082433385,2144.206787109375,False,False,,"[0.3, 0.5, 0.7]",25949.4839068
1487,54188,0.04999999999999999,-251.0804824687094,2098.042724609375,False,False,,"[0.49706709062904875, 0.5399642367673799, 0.6051367091822681]",25970.6085567
1488,54248,0.04999999999999999,-550.0003533950435,1999.3685302734375,False,False,,"[0.6399869319175207, 0.6548882061897514, 0.37809476846332035]",25988.601729
1489,54308,0.04999999999999999,-351.6570425551956,1736.267822265625,False,False,,"[0.1, 0.2, 0.3]",26011.1735481
1490,54368,0.04999999999999999,-329.2159267936287,2443.111083984375,False,False,,"[0.3, 0.5, 0.7]",26032.5489055
1491,54424,0.04999999999999999,-176.60062088992782,172.9406280517578,True,False,,"[0.3917123222482056, 0.6743118212436539, 0.5190215809736871]",26053.7316576
1492,54484,0.04999999999999999,-362.2054218676975,3996.7841796875,False,False,,"[0.2778595039528517, 0.1885531236187319, 0.4647270898881747]",26075.6781563
1493,54544,0.04999999999999999,-314.07291586989373,590.2290649414062,False,False,,"[0.1, 0.2, 0.3]",26097.4699191
1494,54604,0.04999999999999999,-314.54217689783303,3637.82568359375,False,False,,"[0.3, 0.5, 0.7]",26119.8009654
1495,54664,0.04999999999999999,-540.2311927350356,1787.40234375,False,False,,"[0.35467537006756944, 0.6428456252798616, 0.33517909215490327]",26139.7037599
1496,54724,0.04999999999999999,-321.2071865063776,375.66265869140625,False,False,,"[0.6936572151166768, 0.454777804419252, 0.6630256641379705]",26159.7903522
1497,54784,0.04999999999999999,-228.4176260327446,107.66022491455078,False,False,,"[0.1, 0.2, 0.3]",26182.6543093
1498,54844,0.04999999999999999,-324.5027275136661,2532.60205078125,False,False,,"[0.3, 0.5, 0.7]",26204.1754403
1499,54904,0.04999999999999999,-509.4722771213917,169.94688415527344,False,False,,"[0.6499741824853801, 0.7043107712382953, 0.30643193810304203]",26223.3375888
1500,54964,0.04999999999999999,-500.13214471988016,107.08455657958984,False,False,,"[0.3362706345920584, 0.5757587598247241, 0.2771824794176024]",26244.4952934
1501,55024,0.04999999999999999,-212.2199054139069,122.07099151611328,False,False,,"[0.1, 0.2, 0.3]",26265.7909316
1502,55050,0.04999999999999999,-130.2388304252146,6023.24609375,True,False,,"[0.3, 0.5, 0.7]",26445.6674808
1503,55110,0.04999999999999999,-526.9471815259152,4832.59765625,False,False,,"[0.6392087143476731, 0.20893460383616563, 0.28045159039754614]",26466.8711333
1504,55170,0.04999999999999999,-457.50963465615746,5605.48681640625,False,False,,"[0.2709887481899317, 0.11015612846560158, 0.3680251717089583]",26487.9171386
1505,55230,0.04999999999999999,-338.2939468026056,539.267578125,False,False,,"[0.1, 0.2, 0.3]",26509.214351900002
1506,55290,0.04999999999999999,-382.09636115787646,2278.050048828125,False,False,,"[0.3, 0.5, 0.7]",26529.6031791
1507,55350,0.04999999999999999,-385.24504249454435,1650.745361328125,False,False,,"[0.3150799876760506, 0.2496636310394004, 0.7412113663514852]",26550.5035947
1508,55410,0.04999999999999999,-364.1573653225659,2446.031494140625,False,False,,"[0.13964538234444968, 0.39978375948093814, 0.719191611606671]",26572.8124671
1509,55470,0.04999999999999999,-279.76087121638045,280.16986083984375,False,False,,"[0.1, 0.2, 0.3]",26595.8164844
1510,55530,0.04999999999999999,-192.36034939907444,1297.9931640625,False,False,,"[0.3, 0.5, 0.7]",26616.4497975
1511,55590,0.04999999999999999,-261.4270434831368,3163.81689453125,False,False,,"[0.3813177621773931, 0.4591576916857555, 0.29264705134008295]",26639.332032000002
1512,55650,0.04999999999999999,-483.4448034570165,571.9625244140625,False,False,,"[0.31569525884983085, 0.6491352136393919, 0.3520970071457119]",26659.6755035
1513,55710,0.04999999999999999,-292.02561825072655,2848.971435546875,False,False,,"[0.1, 0.2, 0.3]",26681.8158449
1514,55770,0.04999999999999999,-268.03226372874923,5462.322265625,False,False,,"[0.3, 0.5, 0.7]",26702.5110199
1515,55830,0.04999999999999999,-482.1827380334604,1645.754150390625,False,False,,"[0.5775969323344468, 0.44984645177232374, 0.1588780071304327]",26722.567029200003
1516,55890,0.04999999999999999,-124.98661361381255,1822.4571533203125,False,False,,"[0.669035950491351, 0.7388726410566913, 0.7194045711464008]",26741.500225400003
1517,55950,0.04999999999999999,-310.3946680698149,2262.189208984375,False,False,,"[0.1, 0.2, 0.3]",26763.684800400002
1518,56010,0.04999999999999999,-253.67911259577124,1743.2972412109375,False,False,,"[0.3, 0.5, 0.7]",26784.921991599997
1519,56070,0.04999999999999999,-367.0920930135366,126.08306121826172,False,False,,"[0.10349931871046042, 0.252450596828083, 0.37954291358177794]",26807.0650022
1520,56130,0.04999999999999999,-470.65207075466043,163.4420928955078,False,False,,"[0.4731186663760889, 0.670761652187778, 0.2653776966956447]",26827.615717900004
1521,56190,0.04999999999999999,-346.72860920151015,2403.10986328125,False,False,,"[0.1, 0.2, 0.3]",26848.8398835
1522,56250,0.04999999999999999,-304.3742511289973,7341.29541015625,False,False,,"[0.3, 0.5, 0.7]",26870.554341600004
1523,56310,0.04999999999999999,-275.0445771572357,1259.8724365234375,False,False,,"[0.6924022316029266, 0.6587167596266207, 0.6111825536471689]",26888.529099800002
1524,56370,0.04999999999999999,-365.0588473019267,1578.9503173828125,False,False,,"[0.3542209123001735, 0.642166253419724, 0.5038816725339933]",26907.0140228
1525,56430,0.04999999999999999,-230.56234980922525,2378.252197265625,False,False,,"[0.1, 0.2, 0.3]",26929.242139899998
1526,56490,0.04999999999999999,-293.3624852286954,818.328369140625,False,False,,"[0.3, 0.5, 0.7]",26949.7249452
1527,56550,0.04999999999999999,-477.17672082187795,3369.461669921875,False,False,,"[0.5358898456826563, 0.1340411539190007, 0.14892198566662598]",26971.2517129
1528,56610,0.04999999999999999,-292.6790881067378,3674.028076171875,False,False,,"[0.27402494246765013, 0.3209069976297808, 0.7049084548310343]",26991.807353599997
1529,56670,0.04999999999999999,-215.13197465638382,215.55328369140625,False,False,,"[0.1, 0.2, 0.3]",27015.6549386
1530,56730,0.04999999999999999,-308.63798336426123,5776.43212890625,False,False,,"[0.3, 0.5, 0.7]",27037.086569299998
1531,56790,0.04999999999999999,-527.1234441023457,749.1760864257812,False,False,,"[0.5167733483904241, 0.1726698691382556, 0.1540917003170175]",27058.201139400004
1532,56850,0.04999999999999999,-552.3359891741421,3691.548583984375,False,False,,"[0.654871090739781, 0.10626360152928391, 0.4256912509343267]",27078.958472100003
1533,56910,0.04999999999999999,-245.6575955983025,395.8094787597656,False,False,,"[0.1, 0.2, 0.3]",27103.067647
1534,56970,0.04999999999999999,-200.21740122504096,6480.623046875,False,False,,"[0.3, 0.5, 0.7]",27125.116307400003
1535,57030,0.04999999999999999,-341.31912262358946,3546.5771484375,False,False,,"[0.44444554354832866, 0.32776494402373846, 0.22936227577586268]",27146.7851537
1536,57090,0.04999999999999999,-328.1361590773224,3547.33349609375,False,False,,"[0.24333746475142828, 0.3036874312481407, 0.5679182188820493]",27166.318933799997
1537,57150,0.04999999999999999,-341.885253199227,171.95083618164062,False,False,,"[0.1, 0.2, 0.3]",27187.289808600002
1538,57210,0.04999999999999999,-266.89286243981576,235.48179626464844,False,False,,"[0.3, 0.5, 0.7]",27207.267554200003
1539,57270,0.04999999999999999,-339.5675343889216,2273.230224609375,False,False,,"[0.32150119491196816, 0.3091507054375348, 0.7467242415542977]",27228.0781321
1540,57330,0.04999999999999999,-361.1043819706598,2478.147216796875,False,False,,"[0.6791481941445204, 0.4965186850245057, 0.7344522651633181]",27246.159084900002
1541,57390,0.04999999999999999,-280.7687469904675,4604.09228515625,False,False,,"[0.1, 0.2, 0.3]",27268.7384691
1542,57450,0.04999999999999999,-253.71131303205925,1498.093505859375,False,False,,"[0.3, 0.5, 0.7]",27290.0457118
1543,57510,0.04999999999999999,-422.9636345547831,2368.74560546875,False,False,,"[0.647936112784786, 0.1672547466713762, 0.2907335458612905]",27312.299824600002
1544,57570,0.04999999999999999,-486.9638430782744,2589.43310546875,False,False,,"[0.6800178281564648, 0.39136055350939836, 0.2242253637800318]",27332.060687300003
1545,57630,0.04999999999999999,-323.6314488424684,496.33355712890625,False,False,,"[0.1, 0.2, 0.3]",27352.965879699997
1546,57690,0.04999999999999999,-277.35794627514076,3300.64013671875,False,False,,"[0.3, 0.5, 0.7]",27372.8501461
1547,57750,0.04999999999999999,-528.3154977183008,1804.327392578125,False,False,,"[0.6185330918455743, 0.3935730035243591, 0.1074304389989412]",27391.5124109
1548,57810,0.04999999999999999,-581.6324090156177,1847.4979248046875,False,False,,"[0.7495180631947721, 0.20879685551304883, 0.3882795722138541]",27410.4798614
1549,57870,0.04999999999999999,-355.8082559923485,1967.20751953125,False,False,,"[0.1, 0.2, 0.3]",27431.2590035
1550,57930,0.04999999999999999,-371.12299912684546,1596.125732421875,False,False,,"[0.3, 0.5, 0.7]",27453.534711999997
1551,57990,0.04999999999999999,-364.33827081692675,1388.6376953125,False,False,,"[0.3109266811215684, 0.2662931826701334, 0.3414744335375266]",27474.8748006
1552,58050,0.04999999999999999,-391.63899854540756,146.4652862548828,False,False,,"[0.5320351608662564, 0.24285264103431634, 0.18618149900566866]",27498.129004
1553,58110,0.04999999999999999,-379.6844857465455,2402.22705078125,False,False,,"[0.1, 0.2, 0.3]",27519.370070599998
1554,58170,0.04999999999999999,-275.04745851916044,1767.312255859375,False,False,,"[0.3, 0.5, 0.7]",27539.452086100002
1555,58230,0.04999999999999999,-418.3613325259066,2322.7490234375,False,False,,"[0.32818007838056257, 0.5363005633140084, 0.2820322853073851]",27561.098998899997
1556,58290,0.04999999999999999,-541.7590950781978,3024.578369140625,False,False,,"[0.35046860294769466, 0.10243772528186047, 0.6527765820442841]",27582.0908371
1557,58350,0.04999999999999999,-238.0382674121848,1534.123046875,False,False,,"[0.1, 0.2, 0.3]",27606.1956514
1558,58410,0.04999999999999999,-201.61525517785412,2417.870361328125,False,False,,"[0.3, 0.5, 0.7]",27627.9907883
1559,58470,0.04999999999999999,-508.59577744504634,2352.034423828125,False,False,,"[0.6150535395282795, 0.5671182802251775, 0.1404027620179273]",27647.2071005
1560,58530,0.04999999999999999,-396.1619947144178,2570.50146484375,False,False,,"[0.4731789957102883, 0.565159610471878, 0.22658890216266542]",27667.9099138
1561,58590,0.04999999999999999,-225.48760762674533,201.12109375,False,False,,"[0.1, 0.2, 0.3]",27691.738506600002
1562,58650,0.04999999999999999,-185.98667908353568,148.2095947265625,False,False,,"[0.3, 0.5, 0.7]",27712.154215600003
1563,58710,0.04999999999999999,-227.35293308788744,4989.90576171875,False,False,,"[0.2854934239175387, 0.19316628908416938, 0.3432253273036858]",27736.221563299998
1564,58770,0.04999999999999999,-260.2054282010304,2013.426025390625,False,False,,"[0.6560452313148869, 0.5620753420559784, 0.5214474621463098]",27756.323562499998
1565,58830,0.04999999999999999,-198.30087106261806,2021.999267578125,False,False,,"[0.1, 0.2, 0.3]",27779.072485
1566,58890,0.04999999999999999,-184.7671261614249,1574.951171875,False,False,,"[0.3, 0.5, 0.7]",27799.6753252
1567,58950,0.04999999999999999,-233.00262067192676,3185.343505859375,False,False,,"[0.20710681322205657, 0.2755590099608156, 0.6657225984912063]",27822.701203300003
1568,59010,0.04999999999999999,-187.4508260670046,527.7828369140625,False,False,,"[0.16720716634129623, 0.24092486717296968, 0.46987182938946426]",27845.792191099998
1569,59070,0.04999999999999999,-193.13615549096002,6967.72607421875,False,False,,"[0.1, 0.2, 0.3]",27869.5591427
1570,59130,0.04999999999999999,-309.66093396968523,5720.64697265625,False,False,,"[0.3, 0.5, 0.7]",27890.827378600003
1571,59190,0.04999999999999999,-384.8918622318105,469.4805603027344,False,False,,"[0.3892844923111165, 0.21882346813007536, 0.6701361277138898]",27912.3740364
1572,59250,0.04999999999999999,-268.6647617755272,2740.339111328125,False,False,,"[0.569706829552962, 0.2901293534089921, 0.42874520512840897]",27933.3675532
1573,59310,0.04999999999999999,-181.7126786245615,6700.6396484375,False,False,,"[0.1, 0.2, 0.3]",27956.140639300003
1574,59370,0.04999999999999999,-246.90701176901987,454.00665283203125,False,False,,"[0.3, 0.5, 0.7]",27977.189566700003
1575,59430,0.04999999999999999,-328.9380567203486,234.73130798339844,False,False,,"[0.6990310092655299, 0.41001401143192673, 0.1996493360368044]",27998.7822692
1576,59490,0.04999999999999999,-219.77660643683274,1351.5286865234375,False,False,,"[0.23411164399197354, 0.28975189060545614, 0.6620698004789654]",28021.447022199998
1577,59550,0.04999999999999999,-276.6048372027626,1793.4139404296875,False,False,,"[0.1, 0.2, 0.3]",28044.2856687
1578,59610,0.04999999999999999,-227.31187695443444,2864.216796875,False,False,,"[0.3, 0.5, 0.7]",28065.7867028
1579,59670,0.04999999999999999,-348.7717975288849,466.5113830566406,False,False,,"[0.25208941061554047, 0.31753758147424416, 0.6735560886165577]",28086.4105866
1580,59730,0.04999999999999999,-289.859787217868,3930.87548828125,False,False,,"[0.42740602693841767, 0.4754765497567942, 0.1896072317203295]",28107.236712200003
1581,59790,0.04999999999999999,-230.3729192794316,2607.479248046875,False,False,,"[0.1, 0.2, 0.3]",28131.068233200003
1582,59850,0.04999999999999999,-207.7042169270692,4797.59716796875,False,False,,"[0.3, 0.5, 0.7]",28153.467983799997
1583,59910,0.04999999999999999,-227.78051119213896,3046.244873046875,False,False,,"[0.4305975971238887, 0.5120075147575237, 0.5691313764704771]",28174.5131651
1584,59970,0.04999999999999999,-457.2657535756376,177.89620971679688,False,False,,"[0.6949384659882426, 0.14380759580206687, 0.3837438994468255]",28194.569675000002
1585,60000,0.04999999999999999,-104.26560508242069,2659.81494140625,False,False,,"[0.1, 0.2, 0.3]",28209.9884415
