time_s,measured_V,fitted_V,measured_C,fitted_C,model_covers_time
0.0,4.1145,4.069912011355124,24.8,24.80000000000001,True
1.0,4.1145,4.0665965369687775,24.8,24.802523145565885,True
2.0,4.1083,4.063379645457252,24.8,24.805052504989817,True
3.0,4.1037,4.060257915091703,24.8,24.807588207222636,True
4.0,4.0997,4.05723126602108,24.7,24.810130275557412,True
5.0,4.0966,4.054298679279524,24.8,24.81267865559812,True
6.0,4.0935,4.051458255781206,24.8,24.81523324037414,True
7.0,4.0907,4.048707518510701,24.8,24.817793891596637,True
8.0,4.0882,4.046043708597282,24.9,24.820360454051468,True
9.0,4.086,4.043463965929172,24.7,24.82293276128172,True
10.0,4.0838,4.040965400663787,24.8,24.825510639775132,True
11.0,4.0817,4.038545118880031,24.8,24.8280939100905,True
12.0,4.0801,4.036200267306412,24.7,24.83068239061481,True
13.0,4.0783,4.03392807265563,24.7,24.833275900169042,True
14.0,4.0767,4.031725850172873,24.8,24.835874258504475,True
15.0,4.0749,4.029591008011551,24.7,24.8384772867916,True
16.0,4.0733,4.027521054113652,24.7,24.84108480922623,True
17.0,4.0718,4.025513579854277,24.7,24.843696652506594,True
18.0,4.0705,4.023566285867621,24.7,24.846312645356193,True
19.0,4.069,4.021676943490433,24.7,24.848932621064023,True
20.0,4.0674,4.019843441542,24.7,24.851556414439358,True
21.0,4.0662,4.018063730729574,24.8,24.854183866256506,True
22.0,4.0649,4.016335872439555,24.8,24.856814819056467,True
23.0,4.0637,4.014657978039019,24.7,24.859449121546845,True
24.0,4.0625,4.013028276777445,24.7,24.862086624377696,True
25.0,4.0612,4.011445075172678,24.8,24.8647271823109,True
26.0,4.0597,4.009906697504632,24.9,24.86737065564546,True
27.0,4.0587,4.008411612932275,24.8,24.870016906473666,True
28.0,4.0578,4.006958347454115,24.8,24.872665801087578,True
29.0,4.0566,4.0055454286753305,24.7,24.87531721085162,True
30.0,4.0559,4.004171514757447,25.0,24.877971009526675,True
31.0,4.0547,4.002835304919704,24.9,24.880627074978634,True
32.0,4.0538,4.0015355317582575,24.9,24.883285288514855,True
33.0,4.0528,4.00027099925618,24.9,24.88594553522057,True
34.0,4.0516,3.999040554416792,24.9,24.888607703697517,True
35.0,4.0507,3.9978431030495485,24.8,24.891271685001527,True
36.0,4.0497,3.996677586137506,24.9,24.89393737409955,True
37.0,4.0488,3.9955429866183656,24.9,24.89660466911664,True
38.0,4.0479,3.9944383432161303,24.8,24.899273470694027,True
39.0,4.0473,3.9933627276102386,24.7,24.9019436825846,True
40.0,4.0463,3.9923152460949303,24.8,24.90461521144266,True
41.0,4.0454,3.99129505068924,24.7,24.90728796691309,True
42.0,4.0448,3.9903013245849093,24.9,24.90996186116911,True
43.0,4.0435,3.9893332791398124,24.9,24.91263680876989,True
44.0,4.0429,3.988390157247578,24.9,24.915312726799073,True
45.0,4.0423,3.9874712293183108,24.9,24.91798953467969,True
46.0,4.0414,3.9865758166562633,24.7,24.920667155866738,True
47.0,4.0407,3.9857032383472535,24.9,24.923345514180312,True
48.0,4.0398,3.984852843430962,24.7,24.92602453607492,True
49.0,4.0392,3.9840240035330106,24.9,24.92870415016347,True
50.0,4.0386,3.983216115702168,24.7,24.931384287268827,True
51.0,4.0376,3.9824286364206167,24.7,24.934064881776578,True
52.0,4.037,3.981660985434727,24.7,24.936745867789284,True
53.0,4.0364,3.9809126206703014,24.9,24.93942718206233,True
54.0,4.0355,3.98018301646268,24.8,24.942108763119677,True
55.0,4.0345,3.979471677791896,24.7,24.94479055167102,True
56.0,4.0339,3.9787781445177814,24.7,24.947472490735606,True
57.0,4.0336,3.9781019310451327,24.7,24.950154523668516,True
58.0,4.033,3.977442583002986,24.8,24.952836595925305,True
59.0,4.0321,3.9767996595728374,24.7,24.95551865446464,True
60.0,4.0314,3.9761727485879805,24.9,24.958200648386025,True
61.0,4.0308,3.9755614475027596,24.7,24.960882528089144,True
62.0,4.0302,3.974965353062546,24.8,24.963564244775796,True
63.0,4.0296,3.974384080949345,24.8,24.966245751286067,True
64.0,4.0293,3.973817257995304,24.7,24.96892700172964,True
65.0,4.0283,3.9732645325760703,24.9,24.971607952506304,True
66.0,4.028,3.972725553876725,24.9,24.974288560316268,True
67.0,4.0271,3.972199981168148,24.7,24.976968783049188,True
68.0,4.0265,3.97168748476814,24.7,24.979648579886486,True
69.0,4.0259,3.971187744464355,24.9,24.98232791116618,True
70.0,4.0256,3.970700466478894,24.8,24.98500674049035,True
71.0,4.0249,3.9702253402697303,24.9,24.987685029458817,True
72.0,4.0246,3.969762071884659,24.9,24.990362741740853,True
73.0,4.024,3.9693103743839813,24.7,24.993039841920222,True
74.0,4.0234,3.968869967337763,24.9,24.995716295441866,True
75.0,4.0228,3.9684405763404,24.9,24.998392068557052,True
76.0,4.0225,3.9680219325415576,24.9,25.001067128269426,True
77.0,4.0218,3.967613810101604,24.9,25.003741446433025,True
78.0,4.0215,3.967215966569188,24.9,25.006414993329997,True
79.0,4.0209,3.966828137352777,24.9,25.00908773695494,True
80.0,4.0203,3.966450081852344,24.9,25.011759648065265,True
81.0,4.02,3.9660815639769473,24.9,25.014430698057993,True
82.0,4.019,3.965722351781755,24.9,25.017100858922163,True
83.0,4.0187,3.965372217117389,24.9,25.01977010319098,True
84.0,4.0181,3.9650309480734616,24.9,25.022438405383014,True
85.0,4.0178,3.9646984057453136,24.9,25.02510574871161,True
86.0,4.0172,3.9643743324678735,24.9,25.02777210271944,True
87.0,4.0166,3.964058525906012,24.9,25.030437443456606,True
88.0,4.0163,3.9637507875792166,25.2,25.033101747529372,True
89.0,4.0159,3.9634509226296646,24.9,25.035764992066788,True
90.0,4.0156,3.9631587395974726,24.9,25.038427154687497,True
91.0,4.015,3.962874050202448,24.9,25.04108821346614,True
92.0,4.0147,3.9625967153559203,25.0,25.04374815293454,True
93.0,4.0144,3.962326555335569,24.9,25.04640695248611,True
94.0,4.0138,3.962063385278239,24.9,25.04906459086095,True
95.0,4.0135,3.9618070378323926,24.9,25.051721049124126,True
96.0,4.0128,3.9615573490150116,24.9,25.054376308829376,True
97.0,4.0125,3.961314158071124,25.0,25.057030351997525,True
98.0,4.0116,3.9610773073370065,25.0,25.059683161094256,True
99.0,4.0116,3.960846647022374,24.9,25.062334719904868,True
100.0,4.011,3.960622039944067,24.9,25.064985014433944,True
101.0,4.0107,3.9604033298339862,24.9,25.067634027109705,True
102.0,4.0104,3.9601903731746666,24.9,25.070281742574537,True
103.0,4.0101,3.959983029283897,24.9,25.072928145890955,True
104.0,4.0094,3.9597811602130983,25.1,25.075573222523985,True
105.0,4.0091,3.959584630647976,24.9,25.078216958324504,True
106.0,4.0088,3.959393307811691,25.0,25.08085933951196,True
107.0,4.0085,3.9592070640736354,24.9,25.083500353918453,True
108.0,4.0082,3.9590257709658934,25.0,25.086139988230514,True
109.0,4.0079,3.958849302838198,25.0,25.088778229711238,True
110.0,4.0073,3.9586775366939584,24.9,25.09141506614958,True
111.0,4.007,3.9585103516941693,24.9,25.094050485653156,True
112.0,4.0066,3.958347629077148,24.9,25.096684476632902,True
113.0,4.0063,3.958189252079955,24.9,25.099317027788345,True
114.0,4.006,3.958035112549471,24.9,25.101948129582865,True
115.0,4.0057,3.957885106816348,24.9,25.104577773359722,True
116.0,4.0054,3.957739116831403,24.9,25.107205947108866,True
117.0,4.0048,3.9575970345294276,24.9,25.109832640891284,True
118.0,4.0045,3.9574587535165517,25.1,25.11245784499596,True
119.0,4.0042,3.95732416899343,24.9,25.115081549922877,True
120.0,4.0035,3.957193177679844,25.1,25.11770374636683,True
121.0,4.0032,3.95706567774077,24.9,25.120324425200067,True
122.0,4.0029,3.956941568713541,25.1,25.12294357745617,True
123.0,4.0026,3.9568207514361506,25.1,25.125561194312866,True
124.0,4.0023,3.9567031279765486,25.1,25.1281772670755,True
125.0,4.002,3.956588601562796,25.0,25.130791787160206,True
126.0,4.0017,3.956477098590245,25.1,25.133404751067644,True
127.0,4.0014,3.9563685744449786,25.1,25.13601616180722,True
128.0,4.0011,3.9562628945836265,24.9,25.138626001917032,True
129.0,4.0008,3.9561599711399293,25.1,25.141234264300692,True
130.0,4.0004,3.9560597174341754,25.1,25.143840941986184,True
131.0,4.0001,3.955962047915713,25.1,25.146446028112337,True
132.0,3.9998,3.955866878106043,25.1,25.1490495159141,True
133.0,3.9995,3.9557741245423363,25.1,25.15165139870868,True
134.0,3.9992,3.955683704721502,25.1,25.154251669881546,True
135.0,3.9989,3.9555955370444438,25.1,25.156850322871662,True
136.0,3.9986,3.9555095407606244,25.1,25.15944735115778,True
137.0,3.9983,3.955425635912816,25.1,25.162042748244346,True
138.0,3.998,3.955343761790182,25.1,25.164636512387858,True
139.0,3.9977,3.9552639225108623,25.1,25.16722865837329,True
140.0,3.9973,3.9551859784841796,25.1,25.169819164018918,True
141.0,3.997,3.9551098587472184,25.1,25.172408024505444,True
142.0,3.9967,3.9550354933947194,25.1,25.174995235118388,True
143.0,3.9964,3.9549628135448085,25.1,25.177580791239677,True
144.0,3.9961,3.954891751304921,25.1,25.180164688338493,True
145.0,3.9961,3.9548222397376205,25.1,25.18274692196303,True
146.0,3.9955,3.954754212827056,25.1,25.185327487731684,True
147.0,3.9952,3.954687605445201,25.1,25.18790638132441,True
148.0,3.9949,3.9546223533182787,25.1,25.19048359847386,True
149.0,3.9946,3.954558392993329,25.1,25.193059134956968,True
150.0,3.9942,3.9544956667486115,25.1,25.195632988099362,True
151.0,3.9939,3.9544341719903113,25.1,25.19820517192977,True
152.0,3.9939,3.954373806575232,25.1,25.20077566981712,True
153.0,3.9936,3.9543145138509046,25.1,25.203344478833742,True
154.0,3.9933,3.9542562381611743,25.1,25.20591159615998,True
155.0,3.993,3.9541989248275153,25.1,25.208477019079112,True
156.0,3.9927,3.9541425201304246,25.1,25.211040744973445,True
157.0,3.9924,3.9540869712912254,25.1,25.213602771319188,True
158.0,3.9921,3.9540322264538665,25.1,25.216163095681964,True
159.0,3.9921,3.9539782346669576,25.1,25.218721715712434,True
160.0,3.9918,3.953924945866094,25.1,25.221278629141352,True
161.0,3.9915,3.9538723108562452,25.1,25.22383383377536,True
162.0,3.9911,3.953820281294215,25.1,25.226387327491807,True
163.0,3.9908,3.9537688206481745,25.1,25.228939114195782,True
164.0,3.9908,3.9537178752483553,25.1,25.231489188105797,True
165.0,3.9905,3.9536673996957314,25.1,25.234037547551736,True
166.0,3.9902,3.9536173495903437,25.1,25.236584191032364,True
167.0,3.9899,3.953567681360391,25.1,25.23912911712722,True
168.0,3.9896,3.953518352248237,25.1,25.241672324493038,True
169.0,3.9896,3.9534693202963402,25.1,25.24421381186056,True
170.0,3.9893,3.953420544333382,25.1,25.24675357803062,True
171.0,3.989,3.9533719839604844,25.1,25.249291621871464,True
172.0,3.9887,3.9533235995375016,25.1,25.251827942314776,True
173.0,3.9887,3.9532753521694213,25.1,25.25436253835261,True
174.0,3.988,3.9532272036929084,25.1,25.25689540903369,True
175.0,3.988,3.953179115136195,25.1,25.259426554656045,True
176.0,3.9874,3.95313105050662,25.1,25.26195597377972,True
177.0,3.9871,3.9530829738208837,25.3,25.264483665547004,True
178.0,3.9871,3.95303484958977,25.1,25.267009629286633,True
179.0,3.9868,3.952986642977184,25.1,25.269533864374353,True
180.0,3.9865,3.952938319786264,25.3,25.272056370230132,True
181.0,3.9865,3.952889846445448,25.1,25.274577146314982,True
182.0,3.9862,3.9528411899945826,25.1,25.277096192127487,True
183.0,3.9859,3.9527923180708364,25.1,25.279613507201304,True
184.0,3.9856,3.9527431988948107,25.3,25.282129091101297,True
185.0,3.9856,3.952693801256518,25.1,25.28464294342109,True
186.0,3.9853,3.9526440945012853,25.1,25.28715506377938,True
187.0,3.9849,3.9525940651340474,25.1,25.289665457722606,True
188.0,3.9849,3.952543677196861,25.3,25.292174122621475,True
189.0,3.9846,3.952492898300738,25.3,25.294681056958552,True
190.0,3.9843,3.952441700651724,25.1,25.297186260684327,True
191.0,3.9843,3.952390056969783,25.1,25.299689733766627,True
192.0,3.984,3.9523379404737606,25.3,25.302191476187204,True
193.0,3.9837,3.952285324866262,25.1,25.304691487938157,True
194.0,3.9837,3.9522321843184387,25.3,25.307189769018066,True
195.0,3.9834,3.9521784934545394,25.3,25.309686319428806,True
196.0,3.9831,3.95212422733669,25.1,25.312181139171855,True
197.0,3.9828,3.9520693614491362,25.3,25.3146742282446,True
198.0,3.9828,3.952013871682849,25.3,25.317165586636918,True
199.0,3.9825,3.951957734319489,25.3,25.31965521432744,True
200.0,3.9822,3.9519009260157163,25.3,25.322143111280297,True
201.0,3.9822,3.9518434237871265,25.3,25.324629277441204,True
202.0,3.9818,3.951785204992046,25.3,25.327113712734217,True
203.0,3.9815,3.9517262473153667,25.3,25.329596417057758,True
204.0,3.9815,3.951666528751996,25.3,25.332077390281427,True
205.0,3.9812,3.9516060275904024,25.3,25.334556632242254,True
206.0,3.9809,3.9515447590657966,25.3,25.33703415559563,True
207.0,3.9806,3.951482735088241,25.3,25.339509971567907,True
208.0,3.9806,3.951419888364087,25.3,25.341984063514246,True
209.0,3.9803,3.9513562008025604,25.3,25.34445643194556,True
210.0,3.98,3.951291654679238,25.3,25.34692707736582,True
211.0,3.9794,3.9512262326233194,25.3,25.349396000269337,True
212.0,3.9794,3.9511599176048473,25.3,25.351863201137917,True
213.0,3.9794,3.9510926929218604,25.3,25.3543286804383,True
214.0,3.9791,3.951024542187398,25.3,25.356792438618868,True
215.0,3.9787,3.9509554493164147,25.3,25.35925447610731,True
216.0,3.9784,3.9508853985127326,25.3,25.361714793307215,True
217.0,3.9784,3.9508143742556876,25.3,25.364173390596136,True
218.0,3.9781,3.9507423612869546,25.3,25.36663026832167,True
219.0,3.9778,3.9506693445969745,25.3,25.369085426799586,True
220.0,3.9778,3.950595309411548,25.3,25.371538866310516,True
221.0,3.9775,3.950520241178196,25.3,25.37399058709707,True
222.0,3.9775,3.950444125552426,25.3,25.37644058936155,True
223.0,3.9772,3.950366948383961,25.3,25.378888873262383,True
224.0,3.9769,3.9502886957028247,25.3,25.38133543891189,True
225.0,3.9766,3.950209356214363,25.3,25.38378028731364,True
226.0,3.9766,3.950129035369706,25.3,25.38622346297177,True
227.0,3.9763,3.950047625636526,25.3,25.388664930402342,True
228.0,3.976,3.9499651167449525,25.3,25.391104690566806,True
229.0,3.976,3.949881498735395,25.3,25.393542744425474,True
230.0,3.9756,3.9497967619510965,25.3,25.39597909293724,True
231.0,3.9756,3.9497108970303776,25.3,25.398413737057297,True
232.0,3.9753,3.949623894899156,25.3,25.40084667773624,True
233.0,3.975,3.9495357467632526,25.3,25.403277915918522,True
234.0,3.9747,3.949446444100749,25.3,25.40570745254098,True
235.0,3.9747,3.949355978654407,25.3,25.408135288531582,True
236.0,3.9744,3.94926434242397,25.4,25.410561424807725,True
237.0,3.9744,3.9491715276585957,25.4,25.41298586227532,True
238.0,3.9738,3.949077526849066,25.4,25.41540860182681,True
239.0,3.9738,3.948982332720295,25.4,25.41782964434043,True
240.0,3.9735,3.948885938223474,25.4,25.420248990678033,True
241.0,3.9735,3.9487883365285787,25.4,25.422666641684486,True
242.0,3.9732,3.948689521016484,25.4,25.425082598185668,True
243.0,3.9732,3.94858948527142,25.4,25.427496860987162,True
244.0,3.9729,3.948488223073223,25.4,25.429909430873295,True
245.0,3.9725,3.9483857689854664,25.4,25.43232032596967,True
246.0,3.9725,3.9482821106186674,25.3,25.43472954406991,True
247.0,3.9722,3.9481772237977273,25.3,25.43713707789135,True
248.0,3.9719,3.9480711047093804,25.4,25.439542928780554,True
249.0,3.9719,3.9479637498042632,25.4,25.441947098092726,True
250.0,3.9713,3.9478551557925488,25.4,25.444349587190686,True
251.0,3.9713,3.9477453196397962,25.4,25.446750397444703,True
252.0,3.971,3.947634238562799,25.4,25.44914953023192,True
253.0,3.9707,3.947521910025294,25.4,25.451546986935682,True
254.0,3.9704,3.9474083317338873,25.4,25.453942768945126,True
255.0,3.9704,3.947293501633972,25.4,25.456336877654792,True
256.0,3.9701,3.9471774179055386,25.4,25.458729314464108,True
257.0,3.9701,3.94706007895919,25.4,25.46112008077648,True
258.0,3.9698,3.9469414834320835,25.4,25.4635091779993,True
259.0,3.9694,3.946821630183894,25.4,25.46589660754313,True
260.0,3.9691,3.946700518292836,25.4,25.468282370821328,True
261.0,3.9691,3.9465781470516843,25.4,25.47066646924958,True
262.0,3.9688,3.9464545159638416,25.4,25.473048904245047,True
263.0,3.9688,3.9463296247393935,25.4,25.47542967722643,True
264.0,3.9685,3.9462034738441556,25.4,25.477808790888105,True
265.0,3.9682,3.946076064642211,25.4,25.480186249570465,True
266.0,3.9682,3.945947396104675,25.4,25.48256205164313,True
267.0,3.9679,3.9458174687738286,25.4,25.484936198644732,True
268.0,3.9676,3.9456862833812676,25.4,25.48730869211937,True
269.0,3.9676,3.9455538408440445,25.6,25.48967953361614,True
270.0,3.9673,3.9454201422609896,25.4,25.492048724689255,True
271.0,3.9673,3.945285188908892,25.4,25.49441626689685,True
272.0,3.967,3.945148982238764,25.4,25.49678216180149,True
273.0,3.9667,3.9450115238721586,25.4,25.499146410969388,True
274.0,3.9663,3.944872815597461,25.4,25.501509015970214,True
275.0,3.9663,3.944732859366215,25.4,25.50386997837643,True
276.0,3.966,3.944591657289417,25.4,25.50622929976356,True
277.0,3.966,3.94444921163396,25.4,25.508586981709186,True
278.0,3.9657,3.9443055248189047,25.4,25.510943025792983,True
279.0,3.9654,3.9441605994119535,25.4,25.51329743359645,True
280.0,3.9651,3.9440144381258224,25.4,25.515650206702162,True
281.0,3.9651,3.943867043814698,25.4,25.518001346693836,True
282.0,3.9648,3.9437184194706085,25.4,25.520350855155755,True
283.0,3.9648,3.9435685682199884,25.4,25.5226987336726,True
284.0,3.9645,3.943417489134725,25.4,25.52504498292393,True
285.0,3.9642,3.943265188254036,25.4,25.527389605075882,True
286.0,3.9642,3.9431116694426778,25.4,25.529732601791864,True
287.0,3.9639,3.942956936201091,25.4,25.53207397462944,True
288.0,3.9632,3.942800992138513,25.4,25.534413725143338,True
289.0,3.9632,3.9426438409693207,25.4,25.536751854884926,True
290.0,3.9629,3.942485486509334,25.4,25.539088365402336,True
291.0,3.9629,3.9423259326721825,25.4,25.54142325823966,True
292.0,3.9626,3.9421651834655864,25.4,25.543756534936392,True
293.0,3.9623,3.942003242987772,25.4,25.546088197027814,True
294.0,3.9623,3.9418401154238385,25.4,25.548418246043752,True
295.0,3.962,3.941675805042127,25.4,25.55074668350869,True
296.0,3.9617,3.9415103161906635,25.4,25.553073510941374,True
297.0,3.9614,3.941343653293571,25.6,25.555398729854346,True
298.0,3.9614,3.9411758208474788,25.4,25.55772234175339,True
299.0,3.9614,3.941006823418034,25.6,25.56004434813758,True
300.0,3.9611,3.940836665636291,25.4,25.56236475049849,True
301.0,3.9608,3.9406653521952886,25.4,25.564683550319955,True
302.0,3.9608,3.940492887846485,25.4,25.567000749077806,True
303.0,3.9605,3.9403192850552773,25.4,25.569316350132624,True
304.0,3.9601,3.9401445509799666,25.4,25.571630355492516,True
305.0,3.9598,3.939968684287053,25.4,25.573942765051754,True
306.0,3.9598,3.939791690335127,25.6,25.576253580342325,True
307.0,3.9595,3.9396135745493353,25.6,25.578562802891156,True
308.0,3.9592,3.9394343424186906,25.6,25.580870434220174,True
309.0,3.9592,3.9392539994935185,25.6,25.58317647584596,True
310.0,3.9589,3.939072551382872,25.4,25.585480929279584,True
311.0,3.9589,3.9388900037519625,25.6,25.587783796026258,True
312.0,3.9586,3.938706362319581,25.4,25.59008507758506,True
313.0,3.9583,3.9385216328556347,25.6,25.592384775448863,True
314.0,3.9583,3.938335821178599,25.4,25.594682891103787,True
315.0,3.958,3.9381489331530877,25.6,25.59697942602918,True
316.0,3.958,3.937960974687317,25.6,25.5992743816974,True
317.0,3.9577,3.9377719517307477,25.6,25.6015677595733,True
318.0,3.9574,3.9375818702716026,25.6,25.60385956111429,True
319.0,3.9574,3.9373907363345126,25.6,25.606149787769823,True
320.0,3.957,3.937198555978103,25.4,25.608438440981217,True
321.0,3.9567,3.937005335292641,25.4,25.61072552218161,True
322.0,3.9567,3.9368110823939992,25.6,25.61301103349632,True
323.0,3.9564,3.936615816735366,25.6,25.61529498099668,True
324.0,3.9561,3.9364195329524683,25.4,25.617577362018892,True
325.0,3.9561,3.9362222376551843,25.6,25.61985817809591,True
326.0,3.9558,3.9360239374991375,25.6,25.622137430758755,True
327.0,3.9552,3.9358246391842564,25.6,25.624415121536458,True
328.0,3.9549,3.9356243494533016,25.6,25.62669125195606,True
329.0,3.9549,3.9354230750904073,25.6,25.628965823542444,True
330.0,3.9546,3.935220822919671,25.6,25.631238837818216,True
331.0,3.9546,3.9350175998037566,25.6,25.633510296303882,True
332.0,3.9543,3.93481341264251,25.6,25.635780200517672,True
333.0,3.9539,3.9346082683716075,25.6,25.638048551975317,True
334.0,3.9539,3.9344021739612063,25.6,25.6403153521901,True
335.0,3.9536,3.934195136414668,25.6,25.64258060267298,True
336.0,3.9533,3.9339871627671776,25.6,25.644844304932178,True
337.0,3.953,3.9337782600845745,25.6,25.64710646047348,True
338.0,3.953,3.933568435461997,25.6,25.64936707079977,True
339.0,3.9527,3.933357696022728,25.8,25.651626137411142,True
340.0,3.9527,3.933146048916947,25.6,25.653883661805253,True
341.0,3.9524,3.9329335013204765,25.6,25.656139645476514,True
342.0,3.9521,3.9327200610863855,25.8,25.65839409158059,True
343.0,3.9518,3.932505735162943,25.6,25.660647000912434,True
344.0,3.9518,3.9322905306208975,25.6,25.66289837451461,True
345.0,3.9515,3.9320744547471858,25.8,25.6651482139236,True
346.0,3.9512,3.931857514849758,25.6,25.667396520675595,True
347.0,3.9512,3.931639718256474,25.8,25.669643296306845,True
348.0,3.9508,3.931421072314092,25.8,25.671888542353145,True
349.0,3.9505,3.931201584387175,25.6,25.674132260350405,True
350.0,3.9502,3.9309812618571245,25.8,25.67637445183408,True
351.0,3.9502,3.930760112121145,25.6,25.67861511833962,True
352.0,3.9499,3.930538142591273,25.6,25.680854261402374,True
353.0,3.9496,3.9303153606933963,25.8,25.68309188255739,True
354.0,3.9493,3.930091773866315,25.8,25.68532798333979,True
355.0,3.9493,3.9298673895607794,25.6,25.687562565284395,True
356.0,3.949,3.9296422152385957,25.6,25.68979562992604,True
357.0,3.9487,3.9294162583716963,25.8,25.69202717879938,True
358.0,3.9487,3.929189526441261,25.6,25.69425721343896,True
359.0,3.9484,3.928962026936815,25.8,25.69648573537927,True
360.0,3.9481,3.9287337673554155,25.8,25.698712746154797,True
361.0,3.9477,3.928504753215999,25.8,25.700938246947658,True
362.0,3.9477,3.928274989859742,25.8,25.703162238910465,True
363.0,3.9471,3.928044487652667,25.8,25.70538472408606,True
364.0,3.9468,3.9278132539721704,25.8,25.70760570398494,True
365.0,3.9465,3.927581296190549,25.8,25.709825180116525,True
366.0,3.9465,3.9273486216739513,25.8,25.712043153988702,True
367.0,3.9462,3.9271152377814142,25.6,25.71425962710788,True
368.0,3.9459,3.9268811518638493,25.8,25.71647460097921,True
369.0,3.9456,3.9266463712630846,25.8,25.718688077106265,True
370.0,3.9453,3.926410903310858,25.8,25.72090005699107,True
371.0,3.9453,3.926174755327927,25.8,25.72311054213435,True
372.0,3.945,3.925937934623086,25.8,25.725319534035123,True
373.0,3.9446,3.9257004484922597,25.8,25.727527034190928,True
374.0,3.9443,3.925462304217588,25.8,25.72973304409777,True
375.0,3.944,3.9252235090665173,25.8,25.73193756524995,True
376.0,3.944,3.9249840702909244,25.8,25.734140599140176,True
377.0,3.9437,3.9247439951262164,25.8,25.73634214725945,True
378.0,3.9434,3.9245032907904984,25.8,25.73854221109741,True
379.0,3.9431,3.9242619644836947,25.8,25.74074079214148,True
380.0,3.9428,3.9240200233867184,25.8,25.74293789187783,True
381.0,3.9428,3.9237774710383855,25.8,25.745133509538675,True
382.0,3.9425,3.9235343178177833,25.8,25.747327648519104,True
383.0,3.9422,3.9232905708871217,25.8,25.749520310298067,True
384.0,3.9419,3.92304623737441,25.8,25.751711496342068,True
385.0,3.9415,3.922801324390912,25.8,25.75390120811636,True
386.0,3.9415,3.922555839030695,25.8,25.75608944708506,True
387.0,3.9412,3.9223097883700597,25.8,25.758276214710634,True
388.0,3.9409,3.922063179467183,25.8,25.760461512454413,True
389.0,3.9406,3.921816019361575,26.0,25.762645341776476,True
390.0,3.9403,3.921568315073666,25.8,25.764827704135428,True
391.0,3.94,3.92132007360438,25.8,25.767008600988618,True
392.0,3.94,3.9210713019347376,25.8,25.769188033792034,True
393.0,3.9394,3.92082200702536,25.8,25.771366004000527,True
394.0,3.9391,3.9205721958161845,25.8,25.77354251306724,True
395.0,3.9388,3.920321875225971,25.8,25.77571756244447,True
396.0,3.9384,3.9200710521520015,25.8,25.7778911535828,True
397.0,3.9384,3.9198197334696694,25.8,25.780063287931682,True
398.0,3.9381,3.91956792603211,25.8,25.782233966939316,True
399.0,3.9378,3.9193156366699036,26.0,25.78440319205231,True
400.0,3.9375,3.9190628721906866,25.8,25.78657096471619,True
401.0,3.9372,3.9188096393788387,25.8,25.788737286375124,True
402.0,3.9369,3.9185559449951772,25.9,25.79090215847185,True
403.0,3.9366,3.9183017957766437,25.8,25.793065582447923,True
404.0,3.9363,3.9180471984359677,25.8,25.795227559743466,True
405.0,3.936,3.91779215966141,25.9,25.79738809179736,True
406.0,3.9357,3.9175366861164775,25.8,25.799547180047057,True
407.0,3.9353,3.9172807844396345,25.8,25.801704825928823,True
408.0,3.935,3.917024461244039,25.9,25.8038610308775,True
409.0,3.935,3.916767723117313,25.8,25.806015796326676,True
410.0,3.9344,3.916510573972752,25.8,25.808169122467916,True
411.0,3.9344,3.9162530180973114,25.8,25.810321009683776,True
412.0,3.9341,3.9159950659620435,25.9,25.812471461262703,True
413.0,3.9338,3.9157367239981107,26.0,25.81462047860998,True
414.0,3.9335,3.9154779986088117,25.8,25.816768063129018,True
415.0,3.9332,3.9152188961694097,26.0,25.81891421622157,True
416.0,3.9329,3.9149594230269154,25.9,25.821058939287582,True
417.0,3.9326,3.9146995854999114,25.9,25.823202233725056,True
418.0,3.9322,3.914439389878326,26.0,25.82534410093035,True
419.0,3.9319,3.9141788424233184,25.9,25.827484542298123,True
420.0,3.9313,3.9139179493670357,25.9,25.829623559220977,True
421.0,3.931,3.9136567169124974,25.9,25.831761153090042,True
422.0,3.9307,3.9133951512334133,25.9,25.83389732529446,True
423.0,3.9304,3.91313325847406,25.9,25.83603207722166,True
424.0,3.9301,3.912871044749107,26.0,25.838165410257204,True
425.0,3.9301,3.912608516143473,25.9,25.84029732578506,True
426.0,3.9298,3.912345678712225,25.9,25.842427825187258,True
427.0,3.9295,3.912082538480448,25.9,25.84455690984413,True
428.0,3.9291,3.911819101443103,25.9,25.846684581134184,True
429.0,3.9288,3.9115553735649202,25.9,25.848810840434,True
430.0,3.9285,3.9112913607803033,25.9,25.850935689118728,True
431.0,3.9282,3.9110270689932127,25.9,25.85305912856137,True
432.0,3.9279,3.910762504077114,25.9,25.85518116013344,True
433.0,3.9276,3.91049767187482,25.9,25.85730178520447,True
434.0,3.9273,3.9102325781984364,25.9,25.85942100514228,True
435.0,3.927,3.9099672288292995,25.9,25.861538821312877,True
436.0,3.9267,3.909701629517888,25.9,25.8636552350805,True
437.0,3.9264,3.909435785983736,25.9,25.86577024780769,True
438.0,3.926,3.9091697039154134,25.9,25.867883860855102,True
439.0,3.9257,3.9089033889704177,25.9,25.86999607558164,True
440.0,3.9254,3.9086368372981872,25.9,25.872106891788462,True
441.0,3.9251,3.9083700597735187,25.9,25.874216311700536,True
442.0,3.9245,3.9081030645365717,25.9,25.876324337095184,True
443.0,3.9245,3.9078358570326714,25.9,25.878430969310273,True
444.0,3.9242,3.9075684426739397,25.9,25.880536209681736,True
445.0,3.9239,3.90730082683928,25.9,25.88264005954329,True
446.0,3.9233,3.907033014874349,25.9,25.884742520226553,True
447.0,3.9229,3.9067650120915496,25.9,25.886843593061144,True
448.0,3.9223,3.906496823770014,25.9,25.888943279374587,True
449.0,3.9223,3.906228455155596,26.1,25.891041580492356,True
450.0,3.922,3.9059599114608425,26.1,25.89313849773771,True
451.0,3.9214,3.9056911978650377,25.9,25.89523403243203,True
452.0,3.9211,3.905422319514172,25.9,25.897328185894423,True
453.0,3.9211,3.90515328152098,25.9,25.89942095944201,True
454.0,3.9208,3.9048840889649026,25.9,25.901512354389865,True
455.0,3.9202,3.904614746892162,25.9,25.903602372050898,True
456.0,3.9198,3.904345260315729,25.9,25.905691013736032,True
457.0,3.9198,3.9040756342153737,25.9,25.907778280754087,True
458.0,3.9192,3.9038058735377046,25.9,25.909864174411723,True
459.0,3.9189,3.9035359831961682,26.1,25.91194869601361,True
460.0,3.9186,3.90326596807108,26.1,25.914031846862258,True
461.0,3.9183,3.9029958330097005,26.1,25.916113628258245,True
462.0,3.918,3.9027255828262333,26.1,25.918194041499873,True
463.0,3.9177,3.9024552223018936,26.1,25.92027308788346,True
464.0,3.9174,3.902184756184939,26.1,25.922350768703325,True
465.0,3.9171,3.901914189190729,26.1,25.924427085251637,True
466.0,3.9164,3.9016435260017754,26.1,25.9265020388184,True
467.0,3.9161,3.9013727712677837,26.1,25.928575630691682,True
468.0,3.9158,3.901101929605746,26.1,25.930647862157343,True
469.0,3.9152,3.900831003783851,26.1,25.932718734497996,True
470.0,3.9149,3.9005599896050076,26.1,25.93478824898932,True
471.0,3.9146,3.9002889006359425,26.1,25.936856406917286,True
472.0,3.9143,3.9000177412809034,26.1,25.938923209559448,True
473.0,3.9136,3.89974651590998,26.1,25.940988658191316,True
474.0,3.9133,3.8994752288591488,26.1,25.94305275408624,True
475.0,3.9133,3.8992038844303742,26.1,25.94511549851552,True
476.0,3.9127,3.898932486891699,26.1,25.947176892748416,True
477.0,3.9124,3.898661040477311,26.1,25.949236938052138,True
478.0,3.9121,3.898389549387659,26.1,25.951295635691622,True
479.0,3.9115,3.8981180177895216,26.1,25.953352986929872,True
480.0,3.9115,3.8978464498161047,26.1,25.955408993027845,True
481.0,3.9109,3.897574849567161,26.1,25.957463655244396,True
482.0,3.9105,3.897303221109053,26.1,25.95951697483622,True
483.0,3.9102,3.897031568474884,26.1,25.961568953057963,True
484.0,3.9099,3.896759895664572,26.1,25.963619591162228,True
485.0,3.9093,3.8964882066450004,26.1,25.96566889039957,True
486.0,3.909,3.8962165053500626,26.1,25.96771685201827,True
487.0,3.9087,3.895944795680814,26.1,25.96976347726485,True
488.0,3.9084,3.895673081505572,26.1,25.971808767383436,True
489.0,3.9081,3.895401366660038,26.1,25.97385272361629,True
490.0,3.9078,3.8951296549473744,26.3,25.97589534720339,True
491.0,3.9071,3.8948579501383684,26.1,25.977936639382904,True
492.0,3.9068,3.8945862559715128,26.1,25.979976601390717,True
493.0,3.9062,3.8943145761531497,26.1,25.982015234460675,True
494.0,3.9059,3.894042914357573,26.1,25.984052539824575,True
495.0,3.9056,3.893771274227146,26.1,25.98608851871205,True
496.0,3.9053,3.8934996593724516,26.1,25.98812317235081,True
497.0,3.905,3.893228073372389,26.3,25.990156501966283,True
498.0,3.9046,3.892956519774321,26.3,25.992188508781965,True
499.0,3.9043,3.8926849982745604,26.1,25.994219194616107,True
500.0,3.9037,3.892413512313843,26.1,25.99624856069454,True
501.0,3.9034,3.8921420682962253,26.1,25.998276607773676,True
502.0,3.9031,3.891870669595824,26.1,26.000303337076105,True
503.0,3.9028,3.8915993195548695,26.1,26.002328749822652,True
504.0,3.9025,3.891328021483862,26.1,26.004352847232212,True
505.0,3.9019,3.8910567786616617,26.1,26.006375630521802,True
506.0,3.9015,3.8907855943356835,26.1,26.008397100906336,True
507.0,3.9012,3.8905144717220064,26.3,26.01041725959908,True
508.0,3.9006,3.890243414005523,26.3,26.012436107811084,True
509.0,3.9006,3.889972424340083,26.3,26.014453646751747,True
510.0,3.9,3.889701505848629,26.1,26.016469877628367,True
511.0,3.8997,3.8894306616233627,26.3,26.018484801646537,True
512.0,3.8991,3.88915989472587,26.3,26.02049842000963,True
513.0,3.8988,3.888889208187279,26.3,26.022510733919376,True
514.0,3.8981,3.8886186050083955,26.3,26.024521744575395,True
515.0,3.8978,3.8883480881598596,26.3,26.02653145317555,True
516.0,3.8975,3.888077660582305,26.1,26.028539860915657,True
517.0,3.8972,3.887807325186475,26.3,26.030546968989654,True
518.0,3.8969,3.8875370848534274,26.1,26.032552778589604,True
519.0,3.8963,3.8872669424346245,26.1,26.03455729090564,True
520.0,3.896,3.886996900752119,26.1,26.0365605071259,True
521.0,3.8957,3.886726962598708,26.3,26.038562428436762,True
522.0,3.8953,3.886457130738066,26.3,26.04056305602245,True
523.0,3.8947,3.8861874079049175,26.1,26.042562391065474,True
524.0,3.8944,3.8859177968051797,26.1,26.04456043474636,True
525.0,3.8941,3.885648300116118,26.3,26.04655718824381,True
526.0,3.8935,3.8853789204865,26.3,26.048552652734372,True
527.0,3.8932,3.8851096605367474,26.3,26.050546829392886,True
528.0,3.8929,3.8848405228591067,26.3,26.0525397193922,True
529.0,3.8926,3.8845715027992083,26.3,26.05453132636501,True
530.0,3.8919,3.8843026088581936,26.3,26.056521649447745,True
531.0,3.8916,3.884033844019474,26.3,26.058510689645857,True
532.0,3.891,3.8837652107415144,26.3,26.060498448132762,True
533.0,3.8904,3.8834967114555337,26.3,26.06248492607972,True
534.0,3.8901,3.8832283485656367,26.3,26.06447012465594,True
535.0,3.8898,3.882960124448971,26.3,26.066454045029047,True
536.0,3.8891,3.8826920414559063,26.3,26.068436688364386,True
537.0,3.8888,3.8824241019101686,26.3,26.070418055825485,True
538.0,3.8885,3.88215630810903,26.3,26.072398148573996,True
539.0,3.8879,3.8818886623234268,26.3,26.074376967769524,True
540.0,3.8876,3.881621166798145,26.3,26.0763545145698,True
541.0,3.8873,3.8813538237519767,26.3,26.078330790130508,True
542.0,3.887,3.881086635377867,26.3,26.080305795605625,True
543.0,3.8864,3.8808196038430802,26.3,26.082279532146913,True
544.0,3.886,3.8805527312893666,26.3,26.084252000904428,True
545.0,3.8857,3.880286019833098,26.3,26.08622320302601,True
546.0,3.8851,3.880019471565442,26.3,26.088193139657847,True
547.0,3.8848,3.8797530885525284,26.3,26.090161811944085,True
548.0,3.8845,3.8794868728355745,26.3,26.092129221026767,True
549.0,3.8842,3.8792208264310823,26.3,26.09409536804634,True
550.0,3.8836,3.8789549513309676,26.3,26.096060254140866,True
551.0,3.8829,3.8786892495027203,26.3,26.098023880446817,True
552.0,3.8826,3.878423722889589,26.5,26.099986248098674,True
553.0,3.882,3.878158373410692,26.3,26.10194735822887,True
554.0,3.8817,3.877893202961208,26.3,26.103907211967908,True
555.0,3.8814,3.8776282134125326,26.5,26.105865810444413,True
556.0,3.8808,3.8773634066124125,26.3,26.107823154784967,True
557.0,3.8805,3.8770987843851104,26.3,26.10977924611433,True
558.0,3.8802,3.876834348531571,26.3,26.111734085555327,True
559.0,3.8795,3.876570100829572,26.3,26.1136876742288,True
560.0,3.8792,3.876306043033857,26.5,26.11564001325354,True
561.0,3.8789,3.876042176876337,26.3,26.11759110374652,True
562.0,3.8783,3.8757785040661896,26.5,26.11954094682278,True
563.0,3.878,3.8755150262900475,26.3,26.12148954359543,True
564.0,3.8777,3.8752517452121507,26.3,26.12343689517553,True
565.0,3.8774,3.874988662474485,26.3,26.12538300267221,True
566.0,3.8767,3.874725779696935,26.5,26.127327867192832,True
567.0,3.8761,3.8744630984774604,26.5,26.129271489842722,True
568.0,3.8758,3.8742006203922092,26.3,26.13121387172515,True
569.0,3.8755,3.8739383469957174,26.5,26.13315501394152,True
570.0,3.8749,3.873676279821007,26.3,26.135094917591402,True
571.0,3.8743,3.873414420379775,26.3,26.13703358377228,True
572.0,3.874,3.873152770162528,26.5,26.13897101357975,True
573.0,3.8733,3.872891330638736,26.5,26.14090720810748,True
574.0,3.873,3.872630103256978,26.5,26.142842168447203,True
575.0,3.8727,3.8723690894450993,26.5,26.144775895688724,True
576.0,3.8721,3.8721082906103375,26.5,26.146708390919912,True
577.0,3.8718,3.871847708139502,26.5,26.148639655226475,True
578.0,3.8715,3.871587343399099,26.5,26.15056968969253,True
579.0,3.8712,3.8713271977354817,26.5,26.15249849540004,True
580.0,3.8705,3.871067272475004,26.5,26.154426073429136,True
581.0,3.8702,3.8708075689241515,26.5,26.156352424857857,True
582.0,3.8699,3.8705480880288405,26.5,26.158277550867126,True
583.0,3.8696,3.870288827865189,26.5,26.160201453512684,True
584.0,3.869,3.8700297921519557,26.5,26.162124133108875,True
585.0,3.8687,3.869770982040682,26.5,26.164045590750447,True
586.0,3.8681,3.8695123986619566,26.5,26.165965827530897,True
587.0,3.8678,3.8692540431255535,26.5,26.16788484454247,True
588.0,3.8671,3.8689959165205914,26.5,26.16980264287605,True
589.0,3.8665,3.868738019915703,26.5,26.17171922362121,True
590.0,3.8662,3.868480354359139,26.5,26.173634587866275,True
591.0,3.8659,3.868222920878975,26.5,26.17554873669826,True
592.0,3.8656,3.867965720483231,26.5,26.177461671202877,True
593.0,3.865,3.867708754160023,26.5,26.179373392464584,True
594.0,3.8647,3.8674520228777145,26.5,26.181283901566303,True
595.0,3.864,3.867195527585072,26.5,26.183193199590107,True
596.0,3.864,3.866939269211417,26.5,26.185101287616362,True
597.0,3.8634,3.8666832486667424,26.5,26.187008166724354,True
598.0,3.8631,3.866427466841898,26.5,26.18891383799189,True
599.0,3.8625,3.8661719246087194,26.5,26.190818302495757,True
600.0,3.8622,3.8659166584190654,26.5,26.192720673244423,True
601.0,3.8619,3.8656616338790006,26.5,26.194621816634253,True
602.0,3.8612,3.865406834973982,26.5,26.196522157924846,True
603.0,3.8609,3.86515227078758,26.5,26.198421485098606,True
604.0,3.8606,3.864897968037335,26.5,26.2003191162201,True
605.0,3.8603,3.8646439040072686,26.5,26.202215681472182,True
606.0,3.8597,3.8643900797123902,26.5,26.20411118085474,True
607.0,3.8591,3.864136496148183,26.5,26.20600561436777,True
608.0,3.8588,3.8638831542907055,26.5,26.20789898201133,True
609.0,3.8585,3.8636300550967433,26.5,26.209791283785307,True
610.0,3.8578,3.86337720294674,26.5,26.211682362889746,True
611.0,3.8575,3.863124604974466,26.5,26.21357193557691,True
612.0,3.8572,3.8628722541716023,26.5,26.215460361459293,True
613.0,3.8566,3.862620151414071,26.5,26.2173476405369,True
614.0,3.8563,3.8623682975591422,26.5,26.21923377280973,True
615.0,3.8557,3.86211669344554,26.5,26.221118758277782,True
616.0,3.8554,3.861865339893554,26.5,26.223002596941058,True
617.0,3.8547,3.8616142377052194,26.5,26.224885288799612,True
618.0,3.8544,3.8613633876644,26.5,26.226766833853333,True
619.0,3.8541,3.8611127905369504,26.5,26.228647232102276,True
620.0,3.8538,3.860862447070797,26.5,26.23052648354644,True
621.0,3.8535,3.860612357996126,26.5,26.23240458818583,True
622.0,3.8529,3.8603625240254655,26.5,26.234281546020497,True
623.0,3.8526,3.860112942616677,26.5,26.236157338568376,True
624.0,3.8523,3.8598635878589755,26.5,26.23803181384494,True
625.0,3.8516,3.859614488056892,26.5,26.239905129507406,True
626.0,3.851,3.8593656438598245,26.6,26.241777285555713,True
627.0,3.8507,3.8591170559001973,26.7,26.24364828198992,True
628.0,3.8501,3.8588687247935485,26.7,26.245518118810025,True
629.0,3.8498,3.8586206511386933,26.7,26.247386796015974,True
630.0,3.8495,3.8583728355177986,26.7,26.24925431360782,True
631.0,3.8492,3.8581252784965634,26.5,26.251120671585454,True
632.0,3.8485,3.857877980624285,26.7,26.2529858699491,True
633.0,3.8482,3.857630942434015,26.7,26.25484990869853,True
634.0,3.8479,3.8573841644426645,26.7,26.256712787833862,True
635.0,3.8473,3.8571376471511383,26.7,26.258574507355036,True
636.0,3.847,3.856891391044425,26.6,26.260435067262108,True
637.0,3.8467,3.8566453965917646,26.7,26.26229446755508,True
638.0,3.8464,3.8563996642467058,26.5,26.264152708233837,True
639.0,3.8461,3.856154194447285,26.7,26.26600978929855,True
640.0,3.8454,3.855908987616108,26.7,26.267865710749106,True
641.0,3.8451,3.855664044160467,26.7,26.26972047258556,True
642.0,3.8448,3.855419364472473,26.7,26.27157407480786,True
643.0,3.8445,3.8551749489291716,26.7,26.273426517416056,True
644.0,3.8439,3.854930797892629,26.7,26.275277800410095,True
645.0,3.8436,3.8546869117101044,26.7,26.277127923790033,True
646.0,3.843,3.8544432907141046,26.7,26.278976887555814,True
647.0,3.8423,3.854199935222533,26.5,26.280824691707494,True
648.0,3.842,3.853956845538788,26.7,26.282671336245073,True
649.0,3.8417,3.8537140219518973,26.6,26.284516821168495,True
650.0,3.8414,3.8534714647366033,26.7,26.286361146477816,True
651.0,3.8411,3.853229174153476,26.6,26.28820431217298,True
652.0,3.8405,3.8529871018065944,26.7,26.29004648820495,True
653.0,3.8402,3.852745281008097,26.6,26.29188755938094,True
654.0,3.8399,3.852503723510747,26.7,26.293727485484908,True
655.0,3.8395,3.8522624295319403,26.6,26.295566266516857,True
656.0,3.8389,3.8520213992754666,26.6,26.29740390247656,True
657.0,3.8386,3.851780632931622,26.7,26.2992403933643,True
658.0,3.8383,3.8515401306773196,26.7,26.301075739179794,True
659.0,3.838,3.8512998926761894,26.6,26.302909939923325,True
660.0,3.8377,3.8510599190786805,26.7,26.304742995594665,True
661.0,3.8374,3.850820210022185,26.7,26.306574906193987,True
662.0,3.8368,3.8505807656311015,26.6,26.308405671721175,True
663.0,3.8364,3.850341586016988,26.6,26.310235292176287,True
664.0,3.8361,3.8501026712786173,26.7,26.31206376755921,True
665.0,3.8358,3.8498640215021234,26.7,26.313891097870112,True
666.0,3.8355,3.8496256367610635,26.6,26.31571728310894,True
667.0,3.8346,3.8493875171165435,26.6,26.31754232327563,True
668.0,3.8343,3.84914966261731,26.6,26.31936621837019,True
669.0,3.834,3.848912073299864,26.8,26.321188968392732,True
670.0,3.8337,3.848674749188521,26.6,26.32301057334314,True
671.0,3.833,3.8484376902955564,26.6,26.32483103322147,True
672.0,3.8327,3.848200896621274,26.6,26.32665034802767,True
673.0,3.8324,3.847964368154113,26.6,26.328468517761735,True
674.0,3.8321,3.847728104870759,26.6,26.33028554242378,True
675.0,3.8318,3.847492106736195,26.6,26.332101422013693,True
676.0,3.8315,3.8472563737038503,26.6,26.333916156531473,True
677.0,3.8309,3.847020905715665,26.8,26.335729745977176,True
678.0,3.8306,3.846785702702192,26.6,26.33754219035086,True
679.0,3.8302,3.846550764582687,26.6,26.339353489652353,True
680.0,3.8299,3.846316060135559,26.6,26.341163811492436,True
681.0,3.8296,3.8460815867184106,26.8,26.342973170067864,True
682.0,3.829,3.845847373743992,26.8,26.344781406629068,True
683.0,3.8287,3.8456134211002677,26.6,26.346588521176102,True
684.0,3.8284,3.8453797286643567,26.6,26.34839451370891,True
685.0,3.8281,3.8451462963026173,26.6,26.350199384227437,True
686.0,3.8278,3.844913123870714,26.6,26.35200313273174,True
687.0,3.8275,3.8446802112137317,26.6,26.353805759221814,True
688.0,3.8265,3.844447558166242,26.8,26.355607263697664,True
689.0,3.8262,3.8442151645524114,26.6,26.357407646159288,True
690.0,3.8259,3.8439830301860614,26.8,26.359206906606687,True
691.0,3.8256,3.8437511548707697,26.8,26.361005045039917,True
692.0,3.8253,3.8435195383999523,26.8,26.362802061458922,True
693.0,3.825,3.843288180556938,26.8,26.364597955863644,True
694.0,3.8247,3.843057081115067,26.8,26.36639272825414,True
695.0,3.824,3.842826239837757,26.8,26.368186378630412,True
696.0,3.8237,3.8425956564785992,26.8,26.369978906992458,True
697.0,3.8234,3.8423653307814147,26.8,26.37177031334039,True
698.0,3.8231,3.8421352624803773,26.8,26.373560597673986,True
699.0,3.8228,3.8419054513000575,26.8,26.375349759993355,True
700.0,3.8225,3.841675896955512,26.6,26.377137800298556,True
701.0,3.8219,3.84144659915236,26.8,26.378924718589474,True
702.0,3.8216,3.841217557586874,26.8,26.380710514866166,True
703.0,3.8213,3.8409887719460394,26.8,26.382495189128747,True
704.0,3.8209,3.8407602419076556,26.8,26.38427874137699,True
705.0,3.8206,3.840531967140378,26.8,26.386061171611004,True
706.0,3.8203,3.840303947303821,26.8,26.38784247983085,True
707.0,3.82,3.8400761820486324,26.8,26.389622666036416,True
708.0,3.8197,3.83984865962692,26.8,26.391401804642726,True
709.0,3.8194,3.8396213449794634,26.8,26.39318012277397,True
710.0,3.8185,3.8393942800642793,26.8,26.39495734419836,True
711.0,3.8185,3.839167464508471,26.8,26.39673346891584,True
712.0,3.8178,3.8389408979304918,26.8,26.398508496926468,True
713.0,3.8175,3.8387145799402105,26.8,26.400282428230184,True
714.0,3.8172,3.838488510139014,26.8,26.402055262827048,True
715.0,3.8169,3.838262688119807,26.8,26.403827000717058,True
716.0,3.8166,3.838037113467158,26.8,26.405597641900158,True
717.0,3.8163,3.837811785757319,26.8,26.407367186376405,True
718.0,3.816,3.837586704558305,26.8,26.409135634145798,True
719.0,3.8157,3.8373618694299543,26.8,26.41090298520828,True
720.0,3.8154,3.8371372799240144,26.8,26.41266923956391,True
721.0,3.8147,3.8369129355841856,26.8,26.414434397212688,True
722.0,3.8147,3.836688835946186,26.8,26.416198458154554,True
723.0,3.8141,3.836464980537854,26.8,26.417961422389567,True
724.0,3.8138,3.8362413688791506,26.8,26.41972328991767,True
725.0,3.8135,3.8360180004822615,27.0,26.42148406073892,True
726.0,3.8132,3.8357948748516706,26.8,26.423243734853315,True
727.0,3.8129,3.8355719914841737,26.8,26.4250023122608,True
728.0,3.8126,3.835349349868995,26.8,26.42675979296149,True
729.0,3.8123,3.835126949487803,26.8,26.42851617695527,True
730.0,3.8116,3.8349047898148103,26.8,26.43027146424214,True
731.0,3.8116,3.8346828703167897,26.8,26.432025654822155,True
732.0,3.8113,3.834461190453171,26.8,26.433778748695318,True
733.0,3.8107,3.834239749676081,26.8,26.43553074586157,True
734.0,3.8104,3.8340185474304023,26.8,26.43728164632097,True
735.0,3.8101,3.833797583153838,26.8,26.439031450073514,True
736.0,3.8098,3.8335768562769568,27.0,26.44078015711915,True
737.0,3.8092,3.8333563140353593,26.8,26.442528184573405,True
738.0,3.8089,3.8331359987194125,26.8,26.44427519067608,True
739.0,3.8085,3.8329159148141163,27.0,26.44602113500372,True
740.0,3.8082,3.832696061695528,26.8,26.447766017870606,True
741.0,3.8079,3.8324764387329395,26.8,26.449509839591144,True
742.0,3.8076,3.83225704528893,27.0,26.451252600479734,True
743.0,3.8073,3.8320378807194206,27.0,26.45299430085072,True
744.0,3.807,3.8318189443737154,26.8,26.4547349410185,True
745.0,3.8067,3.8316002355945433,27.0,26.45647452129748,True
746.0,3.8064,3.831381753718128,26.8,26.458213042002058,True
747.0,3.8061,3.831163498074223,27.0,26.45995050344652,True
748.0,3.8058,3.830945467986154,27.0,26.461686905945328,True
749.0,3.8054,3.8307276627708813,27.0,26.46342224981288,True
750.0,3.8051,3.8305100817390336,27.0,26.46515653536352,True
751.0,3.8048,3.8302927241949654,26.8,26.466889762911592,True
752.0,3.8045,3.8300755894367806,26.8,26.46862193277144,True
753.0,3.8042,3.8298586767563965,26.8,26.47035304525764,True
754.0,3.8039,3.829641985439588,26.8,26.472083100684358,True
755.0,3.8036,3.829425514766021,26.8,26.47381209936617,True
756.0,3.8033,3.8292092640092896,26.8,26.475540041617307,True
757.0,3.8027,3.8289932324369884,26.8,26.477266927752225,True
758.0,3.8023,3.8287774193107267,27.0,26.47899275808527,True
759.0,3.802,3.828561823886167,26.8,26.480717532930896,True
760.0,3.8017,3.8283464454130827,26.8,26.482441252603337,True
761.0,3.8014,3.8281312831353955,26.8,26.484163917417106,True
762.0,3.8011,3.827916336291199,26.8,26.48588552768655,True
763.0,3.8005,3.827701604112823,26.8,26.487606083726007,True
764.0,3.8002,3.8274870858268435,27.0,26.48932558584994,True
765.0,3.8002,3.8272727806541478,27.0,26.491044034372635,True
766.0,3.7999,3.8270586878099446,26.8,26.492761429608606,True
767.0,3.7996,3.82684480650382,27.0,26.494477771872027,True
768.0,3.7992,3.826631135939763,26.8,26.496193061477527,True
769.0,3.7989,3.826417675316219,26.8,26.49790729873928,True
770.0,3.7986,3.826204423826106,27.0,26.499620483971796,True
771.0,3.7983,3.8259913806568346,26.8,26.501332617489368,True
772.0,3.798,3.8257785449903863,27.0,26.503043699606508,True
773.0,3.7977,3.825565916003309,26.8,26.50475373063739,True
774.0,3.7974,3.825353492866769,27.0,26.506462710896585,True
775.0,3.7971,3.825141274746564,27.0,26.508170640698438,True
776.0,3.7968,3.824929260803175,27.0,26.509877520357236,True
777.0,3.7965,3.8247174501917858,27.0,26.511583350187493,True
778.0,3.7958,3.824505842062326,27.0,26.513288130503497,True
779.0,3.7958,3.824294435559467,27.0,26.514991861619592,True
780.0,3.7955,3.8240832298227034,27.0,26.516694543850235,True
781.0,3.7949,3.8238722239863288,27.0,26.51839617750983,True
782.0,3.7946,3.8236614171794994,27.0,26.520096762912715,True
783.0,3.7943,3.8234508085262617,27.0,26.521796300373296,True
784.0,3.7943,3.8232403971455455,27.0,26.523494790205916,True
785.0,3.7937,3.8230301821512223,27.0,26.525192232724976,True
786.0,3.7934,3.822820162652132,27.0,26.526888628244876,True
787.0,3.7934,3.822610337752084,27.0,26.528583977080018,True
788.0,3.7927,3.8224007065498973,27.0,26.53027827954469,True
789.0,3.7924,3.822191268139434,27.0,26.53197153595329,True
790.0,3.7924,3.821982021609598,26.8,26.533663746620334,True
791.0,3.7921,3.821772966044388,26.8,26.535354911860054,True
792.0,3.7918,3.821564100522883,27.0,26.537045031986906,True
793.0,3.7915,3.8213554241193006,27.0,26.538734107315292,True
794.0,3.7912,3.821146932904644,27.0,26.540422171712066,True
795.0,3.7909,3.8209385946041157,27.0,26.542109576588814,True
796.0,3.7906,3.820730440767544,27.0,26.543795959060503,True
797.0,3.7903,3.8205224704220213,27.0,26.54548131980573,True
798.0,3.7899,3.820314682589918,27.0,26.54716565950298,True
799.0,3.7896,3.8201070762889313,27.0,26.54884897883062,True
800.0,3.7893,3.8198996505320744,27.0,26.550531278467417,True
801.0,3.789,3.8196924043277027,27.0,26.552212559091743,True
802.0,3.789,3.8194853366795325,27.0,26.553892821382135,True
803.0,3.7884,3.8192784465866447,27.0,26.555572066017078,True
804.0,3.7884,3.8190717330435153,27.0,26.55725029367511,True
805.0,3.7881,3.818865195040011,27.0,26.55892750503483,True
806.0,3.7878,3.8186588315614167,27.0,26.560603700774607,True
807.0,3.7875,3.8184526415884443,27.0,26.562278881573036,True
808.0,3.7868,3.818246624097237,27.0,26.563953048108658,True
809.0,3.7865,3.818040778059394,27.0,26.565626201059843,True
810.0,3.7862,3.817835102441968,27.0,26.5672983411053,True
811.0,3.7859,3.81762959620748,27.0,26.568969468923456,True
812.0,3.7856,3.817424258313942,27.0,26.570639585192794,True
813.0,3.7853,3.817219087714849,27.0,26.57230869059191,True
814.0,3.785,3.8170140833591835,27.0,26.573976785799175,True
815.0,3.7847,3.816809244191456,27.0,26.5756438714933,True
816.0,3.7847,3.8166045691516692,27.0,26.577309948352593,True
817.0,3.7844,3.816400057175357,27.0,26.578975017055768,True
818.0,3.7841,3.8161957071935784,27.0,26.580639078281195,True
819.0,3.7837,3.815991518132926,27.0,26.58230213270747,True
820.0,3.7834,3.815787488915527,27.0,26.583964181013073,True
821.0,3.7831,3.8155836184590504,27.0,26.585625223876548,True
822.0,3.7828,3.8153799056767217,27.0,26.587285261976376,True
823.0,3.7825,3.8151763494773028,27.0,26.588944295991098,True
824.0,3.7822,3.8149729487651194,27.0,26.590602326599196,True
825.0,3.7819,3.8147697024400538,27.0,26.592259354479154,True
826.0,3.7819,3.8145666093975388,27.0,26.593915380309625,True
827.0,3.7816,3.8143636685285744,27.0,26.595570404768978,True
828.0,3.7813,3.81416087871971,27.0,26.59722442853581,True
829.0,3.781,3.813958238853073,27.0,26.598877452288605,True
830.0,3.7806,3.8137557478063266,27.0,26.6005294767059,True
831.0,3.7803,3.8135534044527213,27.0,26.602180502466183,True
832.0,3.78,3.8133512076610465,27.1,26.60383053024799,True
833.0,3.7797,3.813149156295642,27.0,26.605479560729805,True
834.0,3.7797,3.812947249216416,27.0,26.607127594590168,True
835.0,3.7788,3.81274548527883,27.0,26.60877463250756,True
836.0,3.7788,3.812543863333866,27.0,26.61042067516064,True
837.0,3.7785,3.8123423822280835,27.0,26.612065723227715,True
838.0,3.7782,3.812141040803554,27.0,26.61370977738744,True
839.0,3.7779,3.811939837897879,27.0,26.615352838318245,True
840.0,3.7775,3.811738772344195,27.0,26.616994906698665,True
841.0,3.7772,3.811537842971166,27.0,26.618635983207355,True
842.0,3.7772,3.8113370486029474,27.1,26.620276068522628,True
843.0,3.7766,3.8111363880592157,27.0,26.62191516332308,True
844.0,3.7766,3.8109358601551366,27.0,26.623553268287253,True
845.0,3.7763,3.8107354637013597,27.1,26.62519038409357,True
846.0,3.776,3.8105351975040156,27.0,26.62682651142069,True
847.0,3.7757,3.810335060364698,27.0,26.628461650946974,True
848.0,3.7754,3.810135051080474,27.0,26.63009580335114,True
849.0,3.7751,3.8099351684438303,27.0,26.631728969311496,True
850.0,3.7748,3.809735411242703,27.0,26.63336114950664,True
851.0,3.7744,3.8095357782604475,27.0,26.634992344615114,True
852.0,3.7741,3.809336267966192,27.0,26.636622593419702,True
853.0,3.7741,3.8091368785109254,27.0,26.638251973437605,True
854.0,3.7738,3.808937609535645,27.0,26.639880378208318,True
855.0,3.7735,3.8087384598043132,27.0,26.64150780854243,True
856.0,3.7732,3.8085394280762435,27.0,26.64313426525041,True
857.0,3.7729,3.808340513106082,27.0,26.644759749143077,True
858.0,3.7729,3.8081417136437934,27.0,26.646384261030846,True
859.0,3.7723,3.807943028434648,27.0,26.648007801724475,True
860.0,3.772,3.807744456219207,27.0,26.64963037203438,True
861.0,3.772,3.8075459957332662,27.0,26.65125197277132,True
862.0,3.7717,3.8073476457079094,27.0,26.652872604745824,True
863.0,3.7713,3.807149404869415,27.0,26.654492268768593,True
864.0,3.7707,3.8069512719392797,27.0,26.656110965650043,True
865.0,3.7704,3.806753245634193,27.0,26.657728696200934,True
866.0,3.7704,3.8065553246660007,27.0,26.659345461231794,True
867.0,3.7698,3.806357507741681,27.0,26.66096126155321,True
868.0,3.7695,3.8061597935633515,27.0,26.662576097975887,True
869.0,3.7695,3.8059621808282116,27.0,26.664189971310293,True
870.0,3.7692,3.805764668228534,27.1,26.665802882367075,True
871.0,3.7689,3.805567254451645,27.0,26.66741483195682,True
872.0,3.7686,3.805369938179893,27.0,26.66902582089017,True
873.0,3.7682,3.8051727180906125,27.0,26.670635849977714,True
874.0,3.7679,3.804975592856119,27.0,26.672244920030153,True
875.0,3.7676,3.804778561143663,27.1,26.673853031857846,True
876.0,3.7676,3.804581621615413,27.0,26.675460186271494,True
877.0,3.7673,3.8043847729284375,27.0,26.677066384081854,True
878.0,3.767,3.8041880137346338,27.0,26.678671626099288,True
879.0,3.7667,3.8039913426807512,27.1,26.680275913134608,True
880.0,3.7664,3.8037947584083285,27.0,26.681879245998232,True
881.0,3.7664,3.8035982595536724,27.0,26.683481625500917,True
882.0,3.7658,3.803401844747825,27.0,26.685083052453137,True
883.0,3.7658,3.803205512616528,27.0,26.68668352766565,True
884.0,3.7655,3.8030092617801974,27.0,26.688283051948872,True
885.0,3.7651,3.802813090853887,27.0,26.689881626113447,True
886.0,3.7648,3.8026169984472475,27.0,26.691479250970076,True
887.0,3.7645,3.8024209831644957,27.0,26.693075927329232,True
888.0,3.7642,3.802225043604389,27.0,26.694671656001674,True
889.0,3.7639,3.8020291783601716,27.0,26.696266437797817,True
890.0,3.7636,3.8018333860195557,27.0,26.69786027352842,True
891.0,3.7633,3.8016376651646664,27.0,26.699453164004012,True
892.0,3.7633,3.8014420143720113,27.0,26.701045110035125,True
893.0,3.7627,3.8012464322124413,27.0,26.702636112432515,True
894.0,3.7624,3.8010509172511244,27.1,26.704226172006656,True
895.0,3.762,3.800855468047477,27.0,26.70581528956825,True
896.0,3.7617,3.800660083155143,27.0,26.70740346592777,True
897.0,3.7614,3.800464761121949,27.0,26.708990701895914,True
898.0,3.7611,3.8002695004898572,27.0,26.710576998283273,True
899.0,3.7608,3.8000742997949293,27.0,26.712162355900432,True
900.0,3.7605,3.7998791575672772,27.0,26.71374677555798,True
901.0,3.7605,3.799684072331022,27.0,26.7153302580665,True
902.0,3.7602,3.799489042604236,27.0,26.716912804236586,True
903.0,3.7599,3.7992940668989283,27.1,26.718494414878876,True
904.0,3.7596,3.7990991437209503,27.1,26.720075090804016,True
905.0,3.7593,3.798904271569996,27.0,26.721654832822594,True
906.0,3.7589,3.798709448939524,27.0,26.723233641745082,True
907.0,3.7589,3.7985146743167184,27.1,26.72481151838224,True
908.0,3.7586,3.79831994618245,27.0,26.726388463544538,True
909.0,3.7583,3.7981252630111944,27.0,26.72796447804268,True
910.0,3.758,3.797930640139067,27.0,26.72953953608055,True
911.0,3.7577,3.79773608240288,27.0,26.731113628378864,True
912.0,3.7574,3.7975415664716654,27.0,26.732686790097432,True
913.0,3.7571,3.797347090800041,27.0,26.7342590220357,True
914.0,3.7568,3.797152653836046,27.0,26.735830324993003,True
915.0,3.7568,3.7969582540210585,27.0,26.737400699768557,True
916.0,3.7565,3.7967638897897533,27.0,26.738970147161865,True
917.0,3.7562,3.796569559570036,27.0,26.740538667972203,True
918.0,3.7558,3.7963752617830013,27.0,26.74210626299879,True
919.0,3.7555,3.796180994842864,27.1,26.743672933041182,True
920.0,3.7552,3.795986757156906,27.0,26.745238678898602,True
921.0,3.7552,3.7957925471254117,27.0,26.74680350137038,True
922.0,3.7543,3.7955983631416155,27.0,26.748367401255962,True
923.0,3.7543,3.79540420359164,27.0,26.74993037935451,True
924.0,3.754,3.7952100668544264,27.0,26.751492436465526,True
925.0,3.7537,3.7950159513016892,27.0,26.75305357338823,True
926.0,3.7534,3.7948218552978266,27.1,26.75461379092212,True
927.0,3.7531,3.794627777199891,27.1,26.756173089866365,True
928.0,3.7527,3.7944337153574894,27.1,26.757731471020463,True
929.0,3.7524,3.7942396681127533,27.1,26.759288935183633,True
930.0,3.7521,3.7940456338002377,27.0,26.760845483155208,True
931.0,3.7521,3.793851610746888,27.0,26.76240111573469,True
932.0,3.7518,3.7936575972719333,27.0,26.763955833721297,True
933.0,3.7515,3.7934635916868578,27.0,26.765509637914363,True
934.0,3.7512,3.7932695922953177,27.1,26.767062529113275,True
935.0,3.7509,3.793075597393036,27.0,26.76861450811731,True
936.0,3.7506,3.792881605267798,27.1,26.770165575725798,True
937.0,3.7503,3.7926876141993273,27.0,26.771715732738244,True
938.0,3.7503,3.7924936224592263,27.1,26.773264979953865,True
939.0,3.7496,3.792299628310913,27.1,26.77481331817205,True
940.0,3.7493,3.792105630009537,27.1,26.77636074819202,True
941.0,3.7493,3.7919116258019008,27.0,26.777907270813273,True
942.0,3.749,3.7917176139263913,27.0,26.77945288683503,True
943.0,3.7487,3.791523592612912,27.0,26.780997597056682,True
944.0,3.7484,3.791329560082778,27.0,26.782541402277616,True
945.0,3.7481,3.7911355145486643,27.1,26.784084303297163,True
946.0,3.7478,3.7909414542145106,27.0,26.7856263009146,True
947.0,3.7478,3.7907473772754448,27.1,26.787167395929316,True
948.0,3.7475,3.7905532819177017,26.9,26.788707589140643,True
949.0,3.7472,3.7903591663185447,27.1,26.790246881347855,True
950.0,3.7465,3.790165028646182,27.0,26.7917852733504,True
951.0,3.7462,3.7899708670596706,26.9,26.79332276594755,True
952.0,3.7459,3.789776679708852,27.1,26.794859359938698,True
953.0,3.7456,3.789582464734245,27.1,26.796395056123174,True
954.0,3.7453,3.7893882202669835,27.1,26.79792985530031,True
955.0,3.745,3.7891939444286997,27.0,26.79946375826944,True
956.0,3.7447,3.7889996353314612,27.0,26.800996765829893,True
957.0,3.7444,3.788805291077673,27.0,26.802528878781004,True
958.0,3.7444,3.7886109097599747,27.1,26.804060097922218,True
959.0,3.7441,3.788416489461179,27.1,26.805590424052696,True
960.0,3.7437,3.7882220282541472,27.0,26.80711985797194,True
961.0,3.7434,3.7880275242017203,27.0,26.80864840047923,True
962.0,3.7431,3.787832975356614,27.0,26.810176052373833,True
963.0,3.7428,3.7876383797613182,27.0,26.811702814455202,True
964.0,3.7425,3.7874437354480173,27.1,26.813228687522724,True
965.0,3.7422,3.7872490404384953,27.0,26.814753672375616,True
966.0,3.7422,3.787054292744012,27.0,26.816277769813155,True
967.0,3.7419,3.7868594903652317,27.0,26.8178009806349,True
968.0,3.7416,3.7866646312921177,27.0,26.81932330564007,True
969.0,3.7413,3.786469713503824,27.0,26.820844745627994,True
970.0,3.741,3.7862747349685972,27.0,26.822365301398065,True
971.0,3.7406,3.7860796936436913,27.1,26.823884973749614,True
972.0,3.7403,3.785884587475234,27.1,26.825403763481916,True
973.0,3.74,3.785689414398153,27.0,26.82692167139436,True
974.0,3.74,3.7854941723360627,27.1,26.828438698286334,True
975.0,3.7394,3.7852988592011343,27.0,26.829954844957115,True
976.0,3.7394,3.7851034728940394,27.1,26.831470112206034,True
977.0,3.7385,3.784908011303786,27.0,26.83298450083248,True
978.0,3.7385,3.78471247230767,27.0,26.834498011635844,True
979.0,3.7382,3.784516853771111,27.0,26.836010645415342,True
980.0,3.7379,3.784321153547579,27.1,26.837522402970365,True
981.0,3.7375,3.7841253694784673,27.1,26.8390332851003,True
982.0,3.7372,3.783929499392993,27.0,26.840543292604423,True
983.0,3.7369,3.783733541108067,27.1,26.842052426282123,True
984.0,3.7366,3.783537492428205,27.0,26.843560686932733,True
985.0,3.7363,3.7833413511453813,27.1,26.845068075355528,True
986.0,3.7363,3.7831451150389657,27.0,26.846574592349953,True
987.0,3.736,3.782948781875536,27.1,26.84808023871534,True
988.0,3.7357,3.782752349408837,27.0,26.849585015250966,True
989.0,3.7354,3.782555815379603,27.2,26.851088922756162,True
990.0,3.7351,3.7823591775154783,27.2,26.852591962030374,True
991.0,3.7348,3.782162433530876,27.0,26.85409413387282,True
992.0,3.7344,3.781965581126867,27.1,26.855595439082947,True
993.0,3.7341,3.781768617991073,27.1,26.85709587846003,True
994.0,3.7338,3.78157154179751,27.1,26.8585954528034,True
995.0,3.7335,3.781374350206507,27.2,26.860094162912503,True
996.0,3.7332,3.7811770408645535,27.0,26.861592009586502,True
997.0,3.7329,3.7809796114041916,27.0,26.8630889936249,True
998.0,3.7326,3.78078205944389,27.0,26.86458511582697,True
999.0,3.7326,3.7805843825879166,27.0,26.8660803769921,True
1000.0,3.7323,3.7803865784262034,27.2,26.867574777919515,True
1001.0,3.732,3.7801886445342365,27.2,26.86906831940871,True
1002.0,3.7317,3.77999057847293,27.0,26.87056100225891,True
1003.0,3.7313,3.77979237778848,27.2,26.8720528272695,True
1004.0,3.731,3.7795940400122485,27.0,26.87354379523987,True
1005.0,3.7304,3.7793955626606377,27.2,26.875033906969293,True
1006.0,3.7301,3.7791969432349606,27.2,26.876523163257104,True
1007.0,3.7298,3.7789981792212988,27.2,26.878011564902692,True
1008.0,3.7295,3.77879926809038,27.2,26.879499112705332,True
1009.0,3.7292,3.7786002072974503,27.0,26.880985807464526,True
1010.0,3.7289,3.778400994282143,27.2,26.88247164997938,True
1011.0,3.7289,3.778201626468336,27.2,26.883956641049394,True
1012.0,3.7286,3.7780021012640206,27.2,26.885440781473903,True
1013.0,3.7282,3.7778024160611925,27.2,26.88692407205218,True
1014.0,3.7279,3.7776025682356815,27.2,26.88840651358356,True
1015.0,3.7276,3.7774025551470407,27.2,26.889888106867488,True
1016.0,3.7273,3.7772023741384024,27.0,26.891368852703295,True
1017.0,3.727,3.777002022536361,27.2,26.892848751890256,True
1018.0,3.7267,3.7768014976508164,27.2,26.894327805227647,True
1019.0,3.7264,3.7766007967748454,27.2,26.89580601351497,True
1020.0,3.7261,3.776399917184562,27.2,26.897283377551446,True
1021.0,3.7258,3.7761988561390143,27.2,26.898759898136404,True
1022.0,3.7258,3.775997610879982,27.2,26.900235576069406,True
1023.0,3.7251,3.775796178631904,27.2,26.901710412149498,True
1024.0,3.7248,3.775594556601721,27.2,26.903184407176184,True
1025.0,3.7248,3.7753928275348416,27.2,26.904657273682687,True
1026.0,3.7242,3.775190910783242,27.2,26.90612927485722,True
1027.0,3.7242,3.774988798219514,27.2,26.907600429311856,True
1028.0,3.7239,3.7747864870039414,27.2,26.909070737776517,True
1029.0,3.7236,3.7745839742787397,27.2,26.910540200981416,True
1030.0,3.7233,3.7743812571679327,27.2,26.91200881965659,True
1031.0,3.723,3.7741783327772125,27.2,26.913476594532085,True
1032.0,3.7224,3.773975198193795,27.2,26.914943526337993,True
1033.0,3.722,3.773771850486299,27.2,26.91640961580441,True
1034.0,3.7217,3.773568286704607,27.2,26.917874863661382,True
1035.0,3.7214,3.773364503879731,27.2,26.919339270639,True
1036.0,3.7211,3.7731604990236733,27.2,26.920802837467363,True
1037.0,3.7208,3.7729562691293066,27.2,26.92226556487651,True
1038.0,3.7205,3.77275181117023,27.2,26.923727453596484,True
1039.0,3.7202,3.77254712210064,27.2,26.925188504357493,True
1040.0,3.7199,3.772342198855203,27.2,26.92664871788952,True
1041.0,3.7196,3.7721370383489274,27.2,26.928108094922663,True
1042.0,3.7193,3.7719316374770058,27.2,26.929566636186962,True
1043.0,3.7189,3.7717259931147353,27.2,26.931024342412513,True
1044.0,3.7186,3.77152010211735,27.2,26.93248121432947,True
1045.0,3.7183,3.771313961319905,27.0,26.933937252667818,True
1046.0,3.718,3.7711075675371397,27.0,26.93539245815765,True
1047.0,3.7177,3.77090091756339,27.2,26.936846831529124,True
1048.0,3.7174,3.770694008172408,27.0,26.938300373512163,True
1049.0,3.7174,3.7704868361172905,27.0,26.93975308483698,True
1050.0,3.7171,3.770279398130324,27.0,26.9412049662335,True
1051.0,3.7168,3.7700716909228738,27.2,26.942656018432046,True
1052.0,3.7165,3.7698637111852724,27.2,26.944106242162434,True
1053.0,3.7162,3.769655455586693,27.2,26.945555638154985,True
1054.0,3.7158,3.7694469207750405,27.2,26.947004207139628,True
1055.0,3.7155,3.7692381033768303,27.2,26.948451949846344,True
1056.0,3.7152,3.76902899999708,27.2,26.949898867005402,True
1057.0,3.7143,3.768819607219204,27.2,26.95134495934684,True
1058.0,3.714,3.7686099216048983,27.2,26.9527902276007,True
1059.0,3.714,3.7683999396940324,27.2,26.95423467249708,True
1060.0,3.7137,3.768189658004551,27.0,26.95567829476596,True
1061.0,3.7134,3.76797907303237,27.0,26.957121095137552,True
1062.0,3.7131,3.767768181251283,27.2,26.95856307434184,True
1063.0,3.7127,3.7675569791128436,27.0,26.96000423310892,True
1064.0,3.7124,3.767345463046316,27.2,26.961444572168944,True
1065.0,3.7118,3.767133629458514,27.2,26.962884092251954,True
1066.0,3.7118,3.766921474733785,27.2,26.964322794087934,True
1067.0,3.7115,3.7667089952338757,27.2,26.965760678407037,True
1068.0,3.7112,3.766496187297875,27.2,26.967197745939416,True
1069.0,3.7106,3.7662830472421116,27.2,26.968633997415054,True
1070.0,3.7103,3.766069571360105,27.2,26.970069433563992,True
1071.0,3.7103,3.7658557559224684,27.0,26.971504055116384,True
1072.0,3.71,3.7656415971768658,27.2,26.97293786280227,True
1073.0,3.7096,3.765427091347913,27.2,26.974370857351744,True
1074.0,3.7093,3.7652122346371466,27.2,26.975803039494906,True
1075.0,3.709,3.7649970232229486,27.2,26.97723440996174,True
1076.0,3.7087,3.7647814532605106,27.2,26.978664969482452,True
1077.0,3.7084,3.7645655208817628,27.2,26.980094718786972,True
1078.0,3.7081,3.7643492221953503,27.2,26.981523658605568,True
1079.0,3.7078,3.764132553286567,27.2,26.982951789668164,True
1080.0,3.7075,3.7639155102173647,27.2,26.984379112704914,True
1081.0,3.7072,3.763698089026269,27.2,26.985805628445803,True
1082.0,3.7062,3.763480285728403,27.2,26.98723133762104,True
1083.0,3.7062,3.7632620963154326,27.2,26.98865624096061,True
1084.0,3.7056,3.7630435167555714,27.2,26.990080339194606,True
1085.0,3.7053,3.7628245429935694,27.2,26.99150363305307,True
1086.0,3.705,3.7626051709507005,27.2,26.99292612326616,True
1087.0,3.7047,3.7623853965247807,27.2,26.994347810563966,True
1088.0,3.7047,3.7621652155901706,27.2,26.995768695676418,True
1089.0,3.7041,3.761944623997783,27.2,26.997188779333726,True
1090.0,3.7038,3.7617236175751216,27.0,26.998608062265987,True
1091.0,3.7034,3.7615021921262937,27.2,27.000026545203184,True
1092.0,3.7031,3.7612803434320683,27.2,27.001444228875414,True
1093.0,3.7028,3.761058067249892,27.2,27.002861114012717,True
1094.0,3.7025,3.760835359313959,27.2,27.00427720134536,True
1095.0,3.7022,3.7606122153352564,27.2,27.005692491603156,True
1096.0,3.7019,3.760388631001661,27.2,27.007106985516373,True
1097.0,3.7016,3.7601646019779564,27.2,27.00852068381505,True
1098.0,3.7013,3.7599401239059764,27.2,27.00993358722917,True
1099.0,3.701,3.7597151924046583,27.2,27.011345696489002,True
1100.0,3.7007,3.759489803070148,27.2,27.012757012324414,True
1101.0,3.7003,3.759263951475915,27.2,27.01416753546556,True
1102.0,3.7,3.759037633172875,27.2,27.015577266642595,True
1103.0,3.6997,3.758810843689505,27.2,27.016986206585443,True
1104.0,3.6994,3.7585835785319817,27.2,27.018394356024373,True
1105.0,3.6991,3.7583558331843343,27.2,27.01980171568931,True
1106.0,3.6982,3.758127603108594,27.2,27.021208286310355,True
1107.0,3.6982,3.7578988837449736,27.2,27.022614068617656,True
1108.0,3.6979,3.757669670512015,27.2,27.0240190633412,True
1109.0,3.6976,3.757439958806826,27.2,27.02542327121114,True
1110.0,3.6972,3.757209744005235,27.4,27.026826692957513,True
1111.0,3.6969,3.7569790214620205,27.2,27.028229329310363,True
1112.0,3.6966,3.756747786511131,27.2,27.0296311809999,True
1113.0,3.6963,3.7565160344659336,27.2,27.03103224875599,True
1114.0,3.696,3.7562837606194406,27.2,27.032432533308963,True
1115.0,3.6954,3.756050960244576,27.2,27.033832035388684,True
1116.0,3.6951,3.7558176285944485,27.2,27.035230755725365,True
1117.0,3.6948,3.7555837609026366,27.2,27.036628695048933,True
1118.0,3.6945,3.7553493523834933,27.2,27.038025854089597,True
1119.0,3.6941,3.755114398232445,27.2,27.039422233577454,True
1120.0,3.6938,3.754878893626333,27.2,27.04081783424249,True
1121.0,3.6935,3.7546428337237354,27.2,27.042212656814854,True
1122.0,3.6932,3.7544062136653484,27.2,27.043606702024533,True
1123.0,3.6929,3.754169028574319,27.2,27.044999970601623,True
1124.0,3.6923,3.7539312735566708,27.2,27.046392463276334,True
1125.0,3.6923,3.7536929437016773,27.2,27.047784180778592,True
1126.0,3.692,3.753454034082279,27.2,27.049175123838552,True
1127.0,3.6917,3.7532145397555214,27.2,27.050565293186196,True
1128.0,3.6914,3.752974455763015,27.2,27.051954689551792,True
1129.0,3.691,3.7527337771313802,27.4,27.05334331366521,True
1130.0,3.6904,3.75249249887273,27.2,27.0547311662566,True
1131.0,3.6898,3.752250615985188,27.2,27.056118248056123,True
1132.0,3.6898,3.7520081234533844,27.2,27.057504559793756,True
1133.0,3.6892,3.7517650162489886,27.2,27.058890102199655,True
1134.0,3.6892,3.751521289331297,27.2,27.060274876003746,True
1135.0,3.6886,3.7512769376477557,27.2,27.061658881936296,True
1136.0,3.6883,3.7510319561345833,27.2,27.063042120727232,True
1137.0,3.6879,3.750786339717355,27.2,27.064424593106764,True
1138.0,3.6876,3.7505400833116607,27.4,27.065806299804876,True
1139.0,3.6873,3.7502931982567795,27.4,27.067187181606926,True
1140.0,3.687,3.75004568447494,27.4,27.06856722110092,True
1141.0,3.6867,3.7497975173232385,27.4,27.069946490356074,True
1142.0,3.6864,3.749548691720643,27.4,27.071324989990103,True
1143.0,3.6861,3.749299202579726,27.2,27.07270272062084,True
1144.0,3.6858,3.7490490448074314,27.2,27.074079682866113,True
1145.0,3.6855,3.748798213305817,27.4,27.075455877343757,True
1146.0,3.6852,3.7485467029728636,27.2,27.0768313046716,True
1147.0,3.6845,3.7482945087032986,27.2,27.078205965467475,True
1148.0,3.6842,3.7480416253894275,27.2,27.079579860349156,True
1149.0,3.6839,3.7477880479219823,27.2,27.080952989934588,True
1150.0,3.6836,3.747533771191033,27.2,27.082325354841373,True
1151.0,3.6833,3.747278790086856,27.2,27.08369695568757,True
1152.0,3.683,3.7470230995008986,27.2,27.085067793090843,True
1153.0,3.6824,3.7467666943267073,27.2,27.086437867669076,True
1154.0,3.6821,3.7465095694609225,27.4,27.0878071800401,True
1155.0,3.6817,3.7462517198042597,27.2,27.08917573082175,True
1156.0,3.6814,3.745993140262551,27.2,27.090543520631797,True
1157.0,3.6811,3.745733825747788,27.2,27.091910550088073,True
1158.0,3.6808,3.7454737711791863,27.4,27.093276819808466,True
1159.0,3.6805,3.7452129714843023,27.2,27.094642330410807,True
1160.0,3.6802,3.744951421600127,27.4,27.0960070825127,True
1161.0,3.6796,3.7446891164742766,27.4,27.09737107673226,True
1162.0,3.6793,3.744426051066119,27.2,27.098734313687203,True
1163.0,3.679,3.744162220347995,27.4,27.10009679399525,True
1164.0,3.679,3.743897619306452,27.2,27.1014585182744,True
1165.0,3.678,3.7436322429434794,27.4,27.10281948714237,True
1166.0,3.678,3.743366086277784,27.2,27.104179701216935,True
1167.0,3.6777,3.7430991443460946,27.2,27.105539161115985,True
1168.0,3.6774,3.742831412204489,27.2,27.106897867457462,True
1169.0,3.6771,3.7425628849297574,27.4,27.108255820858915,True
1170.0,3.6768,3.742293557620753,27.4,27.1096130219384,True
1171.0,3.6762,3.7420234253998275,27.2,27.110969471313695,True
1172.0,3.6762,3.741752483414236,27.2,27.11232516960257,True
1173.0,3.6755,3.741480726837636,27.2,27.113680117422803,True
1174.0,3.6752,3.741208150871512,27.4,27.115034315392336,True
1175.0,3.6749,3.7409347507467365,27.4,27.116387764128888,True
1176.0,3.6743,3.7406605217250695,27.4,27.117740464250403,True
1177.0,3.674,3.740385459100743,27.4,27.119092416374542,True
1178.0,3.6737,3.7401095582020467,27.4,27.120443621119307,True
1179.0,3.6731,3.739832814392906,27.2,27.12179407910247,True
1180.0,3.6728,3.7395552230745843,27.2,27.123143790941697,True
1181.0,3.6724,3.7392767796872692,27.3,27.12449275725504,True
1182.0,3.6724,3.7389974797118346,27.4,27.125840978660165,True
1183.0,3.6718,3.7387173186715006,27.4,27.127188455774956,True
1184.0,3.6715,3.738436292133591,27.2,27.128535189217246,True
1185.0,3.6712,3.7381543957113053,27.4,27.12988117960481,True
1186.0,3.6709,3.7378716250654835,27.4,27.131226427555532,True
1187.0,3.6706,3.737587975906438,27.2,27.132570933687134,True
1188.0,3.6703,3.73730344399577,27.4,27.13391469861756,True
1189.0,3.6697,3.737018025148231,27.2,27.13525772296458,True
1190.0,3.6697,3.736731715233609,27.4,27.136600007346033,True
1191.0,3.669,3.7364445101786314,27.3,27.137941552379743,True
1192.0,3.6687,3.736156405968869,27.4,27.13928235868343,True
1193.0,3.6684,3.7358673986506923,27.4,27.140622426875098,True
1194.0,3.6681,3.735577484333254,27.4,27.141961757572403,True
1195.0,3.6678,3.7352866591904395,27.4,27.14330035139335,True
1196.0,3.6675,3.734994919462906,27.4,27.144638208955598,True
1197.0,3.6672,3.734702261460076,27.4,27.145975330877036,True
1198.0,3.6662,3.7344086815622073,27.4,27.147311717775494,True
1199.0,3.6662,3.7341141774905777,27.4,27.148646825485116,True
1200.0,3.6656,3.7338187451859812,27.4,27.149981182379406,True
1201.0,3.6653,3.733522380815529,27.4,27.15131504860335,True
1202.0,3.665,3.733225081500606,27.4,27.15264807873075,True
1203.0,3.6647,3.7329268451932474,27.4,27.153979327425986,True
1204.0,3.6644,3.732627667358526,27.4,27.15530992634848,True
1205.0,3.6641,3.732327544942778,27.4,27.156639875498172,True
1206.0,3.6638,3.732026474980099,27.4,27.157969174875063,True
1207.0,3.6631,3.7317244545945676,27.4,27.159297824479268,True
1208.0,3.6628,3.7314214810023834,27.4,27.160625824310557,True
1209.0,3.6625,3.7311175515140724,27.4,27.16195317436916,True
1210.0,3.6622,3.7308126635366876,27.4,27.16327987465496,True
1211.0,3.6619,3.7305068145760067,27.4,27.16460592516796,True
1212.0,3.6616,3.730200002238756,27.4,27.16593132590816,True
1213.0,3.661,3.7298922242348014,27.4,27.167256076875617,True
1214.0,3.661,3.729583478379379,27.4,27.168580178070272,True
1215.0,3.6604,3.729273762595322,27.4,27.169903629492126,True
1216.0,3.66,3.7289630749152654,27.4,27.171226431141235,True
1217.0,3.6597,3.72865141348386,27.4,27.172548583017488,True
1218.0,3.6594,3.728338776560009,27.4,27.173870085121052,True
1219.0,3.6591,3.728025162519065,27.4,27.175190937451816,True
1220.0,3.6588,3.72771056985504,27.3,27.176511140009723,True
1221.0,3.6579,3.727394996743137,27.4,27.17783058353126,True
1222.0,3.6576,3.7270784385507563,27.4,27.179148431035003,True
1223.0,3.6573,3.726760897786721,27.4,27.180465589079915,True
1224.0,3.6569,3.7264423734413152,27.4,27.18178205766594,True
1225.0,3.6566,3.7261228646344065,27.4,27.18309783679325,True
1226.0,3.6563,3.7258023706175636,27.4,27.184412926461732,True
1227.0,3.656,3.7254808907761974,27.3,27.185727326671326,True
1228.0,3.6557,3.725158424631663,27.3,27.187041037422148,True
1229.0,3.6551,3.72483497184336,27.6,27.18835405871414,True
1230.0,3.6548,3.724510532210798,27.6,27.189666390547302,True
1231.0,3.6545,3.724185105675644,27.4,27.19097803292175,True
1232.0,3.6542,3.723858692323743,27.5,27.19228898583725,True
1233.0,3.6538,3.7235312923871113,27.4,27.19359924929404,True
1234.0,3.6535,3.7232029062459144,27.4,27.194908823291883,True
1235.0,3.6532,3.722873534430392,27.4,27.19621770783101,True
1236.0,3.6529,3.722543177622765,27.5,27.19752590291131,True
1237.0,3.6523,3.7222118366591195,27.4,27.198833408532835,True
1238.0,3.652,3.7218795125312125,27.4,27.200140224695474,True
1239.0,3.6517,3.721546206388299,27.3,27.201446351399284,True
1240.0,3.6514,3.7212119195388795,27.4,27.202751788644377,True
1241.0,3.6511,3.720876653452402,27.4,27.204056536430528,True
1242.0,3.6501,3.7205404097609622,27.5,27.205360594757963,True
1243.0,3.6498,3.7202031902608925,27.4,27.206663963626568,True
1244.0,3.6495,3.719864996914383,27.4,27.207966643036343,True
1245.0,3.6492,3.7195258318509694,27.4,27.20926863298729,True
1246.0,3.6486,3.719185697369038,27.4,27.210569933479405,True
1247.0,3.6486,3.7188445959372562,27.4,27.211870544512692,True
1248.0,3.648,3.7185025301959103,27.3,27.213170466087206,True
1249.0,3.6476,3.718159502958245,27.4,27.21446969820289,True
1250.0,3.6473,3.717815517211713,27.6,27.215768240859802,True
1251.0,3.647,3.717470576119157,27.4,27.217066094057827,True
1252.0,3.6467,3.7171246830199514,27.4,27.21836325779708,True
1253.0,3.6464,3.7167778414310453,27.5,27.219659732077503,True
1254.0,3.6458,3.716430055048001,27.4,27.220955516899096,True
1255.0,3.6455,3.716081327745874,27.4,27.222250612261917,True
1256.0,3.6452,3.7157316635801187,27.6,27.223545018165908,True
1257.0,3.6449,3.715381066787341,27.5,27.224838734611012,True
1258.0,3.6445,3.715029541786028,27.5,27.2261317615974,True
1259.0,3.6439,3.7146770931772,27.5,27.227424099124903,True
1260.0,3.6439,3.7143237257449333,27.4,27.228715747193633,True
1261.0,3.6433,3.713969444456896,27.4,27.230006705803532,True
1262.0,3.643,3.713614254464691,27.3,27.231296974954603,True
1263.0,3.6427,3.713258161104233,27.4,27.2325865546469,True
1264.0,3.6421,3.7129011698959635,27.3,27.23387544488031,True
1265.0,3.6418,3.712543286544992,27.4,27.23516364565495,True
1266.0,3.6411,3.7121845169411745,27.4,27.23645115697076,True
1267.0,3.6408,3.711824867159121,27.4,27.237737978827795,True
1268.0,3.6405,3.7114643434580277,27.3,27.239024111226,True
1269.0,3.6402,3.711102952281534,27.4,27.24030955416532,True
1270.0,3.6399,3.7107407002574164,27.3,27.241594307645926,True
1271.0,3.6393,3.7103775941971913,27.4,27.242878371667643,True
1272.0,3.6393,3.710013641095677,27.4,27.24416174623053,True
1273.0,3.6387,3.709648843995825,27.6,27.24544460114072,True
1274.0,3.6383,3.7092831849164694,27.4,27.24672797536107,True
1275.0,3.638,3.708916700307668,27.3,27.248010680171262,True
1276.0,3.6377,3.708549397889253,27.3,27.24929271557147,True
1277.0,3.6374,3.7081812855605962,27.3,27.250574081561467,True
1278.0,3.6368,3.70781237139953,27.4,27.25185477814142,True
1279.0,3.6365,3.7074426636612023,27.4,27.253134805311277,True
1280.0,3.6362,3.707072170776855,27.4,27.254414163071033,True
1281.0,3.6359,3.7067009013524785,27.4,27.25569285142069,True
1282.0,3.6356,3.7063288641673635,27.4,27.256970870360192,True
1283.0,3.6352,3.705956068172593,27.4,27.25824821988965,True
1284.0,3.6346,3.7055825224893795,27.3,27.259524900009012,True
1285.0,3.634,3.705208236407348,27.4,27.260800910718217,True
1286.0,3.6337,3.7048332193827114,27.5,27.26207625201738,True
1287.0,3.6334,3.7044574810363446,27.3,27.263350923906444,True
1288.0,3.6331,3.7040810311517456,27.6,27.264624926385352,True
1289.0,3.6325,3.703703879672942,27.3,27.265898259454218,True
1290.0,3.6321,3.703326036702249,27.3,27.26717092311293,True
1291.0,3.6318,3.7029475124979805,27.3,27.268442917361597,True
1292.0,3.6315,3.7025683174720325,27.3,27.269714242200166,True
1293.0,3.6312,3.702188462187398,27.4,27.27098489762858,True
1294.0,3.6309,3.7018079573555567,27.4,27.27225488364701,True
1295.0,3.6306,3.7014268138338156,27.3,27.273524200255224,True
1296.0,3.63,3.7010450426225323,27.5,27.274792847453398,True
1297.0,3.6297,3.700662654862243,27.3,27.276060825241416,True
1298.0,3.6294,3.7002796618307316,27.5,27.277328133619392,True
1299.0,3.629,3.699896074939998,27.5,27.27859477258727,True
1300.0,3.6284,3.6995119057331363,27.4,27.279860742144933,True
1301.0,3.6281,3.699127165881134,27.4,27.281126042292613,True
1302.0,3.6278,3.698741867179608,27.3,27.282390673030193,True
1303.0,3.6275,3.698356021545426,27.3,27.283654634357617,True
1304.0,3.6272,3.6979696410133074,27.4,27.284917926275,True
1305.0,3.6263,3.697582737732285,27.5,27.286180548782227,True
1306.0,3.6259,3.6971953239621476,27.4,27.28744250187941,True
1307.0,3.6256,3.696807412069778,27.5,27.28870378556644,True
1308.0,3.6253,3.696419014525445,27.3,27.28996439984337,True
1309.0,3.625,3.696030143899025,27.5,27.2912243447102,True
1310.0,3.6247,3.6956408128561584,27.5,27.292483620167047,True
1311.0,3.6241,3.6952510341543436,27.5,27.29374222621368,True
1312.0,3.6238,3.694860820638981,27.6,27.295000162850272,True
1313.0,3.6235,3.6944701852393482,27.6,27.296257430076707,True
1314.0,3.6232,3.694079140964567,27.4,27.297514027893044,True
1315.0,3.6225,3.693687700899448,27.5,27.29876995629928,True
1316.0,3.6222,3.693295878200364,27.5,27.300025215295477,True
1317.0,3.6219,3.6929036860910336,27.5,27.301279804881574,True
1318.0,3.6216,3.6925111378582747,27.5,27.302533725057458,True
1319.0,3.6213,3.6921182468477527,27.5,27.303786975823357,True
1320.0,3.6207,3.6917250264596366,27.3,27.3050395571791,True
1321.0,3.6204,3.691331490144273,27.3,27.306291469124744,True
1322.0,3.6201,3.690937651397829,27.5,27.307542711660346,True
1323.0,3.6197,3.6905435237578756,27.5,27.308793284785793,True
1324.0,3.6194,3.6901491207989983,27.3,27.31004318850114,True
1325.0,3.6188,3.6897544561283415,27.5,27.31129242280639,True
1326.0,3.6182,3.689359543381217,27.5,27.312540987701595,True
1327.0,3.6179,3.688964396216583,27.3,27.313788883186646,True
1328.0,3.6176,3.688569028312626,27.5,27.315036109261598,True
1329.0,3.6173,3.6881734533623027,27.5,27.316282665926508,True
1330.0,3.6166,3.687777685068828,27.3,27.317528553181262,True
1331.0,3.6163,3.6873817371412763,27.5,27.318773771025974,True
1332.0,3.616,3.6869856232900777,27.5,27.320018319460473,True
1333.0,3.6157,3.6865893572226,27.3,27.321262198484987,True
1334.0,3.6154,3.686192952638705,27.3,27.32250540809929,True
1335.0,3.6148,3.6857964232263316,27.5,27.323747948303605,True
1336.0,3.6145,3.685399782657103,27.3,27.324989819097766,True
1337.0,3.6142,3.685003044581957,27.3,27.326231020481828,True
1338.0,3.6139,3.684606222626781,27.3,27.327471552455847,True
1339.0,3.6132,3.6842093303881325,27.4,27.32871141501971,True
1340.0,3.6129,3.6838123814289085,27.3,27.329950608173476,True
1341.0,3.6126,3.683415389274129,27.3,27.331189131917142,True
1342.0,3.6123,3.6830183674067025,27.5,27.33242698625071,True
1343.0,3.612,3.68262132926328,27.3,27.333664171174178,True
1344.0,3.6114,3.6822242882301066,27.3,27.334900686687547,True
1345.0,3.6111,3.6818272576389552,27.3,27.336136532790817,True
1346.0,3.6108,3.681430250763114,27.3,27.33737170948399,True
1347.0,3.6101,3.6810332808133905,27.5,27.33860621676706,True
1348.0,3.6098,3.680636360934185,27.3,27.339840054640035,True
1349.0,3.6092,3.6802395041996827,27.3,27.34107322310291,True
1350.0,3.6089,3.6798427236099793,27.3,27.342305722155686,True
1351.0,3.6086,3.6794460320874207,27.3,27.343537551798306,True
1352.0,3.608,3.679049442472879,27.5,27.34476871203094,True
1353.0,3.608,3.6786529675221686,27.5,27.34599920285342,True
1354.0,3.6077,3.678256619902538,27.5,27.3472290242658,True
1355.0,3.607,3.6778604121891667,27.3,27.348458176268082,True
1356.0,3.6067,3.6774643568618233,27.5,27.349686658860207,True
1357.0,3.6064,3.677068466301532,27.3,27.35091447204229,True
1358.0,3.6058,3.6766727527873435,27.5,27.352141615814332,True
1359.0,3.6055,3.6762772284932157,27.5,27.353368090176218,True
1360.0,3.6052,3.675881905484902,27.5,27.354593895128005,True
1361.0,3.6049,3.675486795717001,27.3,27.355819030669636,True
1362.0,3.6042,3.675091911030037,27.5,27.357043496801225,True
1363.0,3.6042,3.674697263147663,27.5,27.35826729352266,True
1364.0,3.6039,3.6743028636739217,27.3,27.359490420834106,True
1365.0,3.6033,3.6739087240906207,27.5,27.36071287873534,True
1366.0,3.603,3.6735148557547688,27.5,27.361934667226592,True
1367.0,3.6027,3.6731212698961317,27.3,27.36315578630763,True
1368.0,3.6021,3.672727977614863,27.3,27.364376235978625,True
1369.0,3.6018,3.672334989879223,27.5,27.36559601623952,True
1370.0,3.6011,3.6719423175234205,27.3,27.366815127090263,True
1371.0,3.6008,3.671549971245504,27.5,27.36803356853096,True
1372.0,3.6005,3.6711579616053673,27.5,27.36925134056156,True
1373.0,3.5999,3.670766299022884,27.5,27.370468443182062,True
1374.0,3.5996,3.6703749937760493,27.3,27.371684876392465,True
1375.0,3.5993,3.669984055999318,27.5,27.372900640192768,True
1376.0,3.599,3.6695934956819714,27.5,27.374115734582915,True
1377.0,3.5984,3.6692033226666023,27.5,27.37533015956302,True
1378.0,3.598,3.66881354664767,27.5,27.376543915133027,True
1379.0,3.5977,3.6684241771702184,27.5,27.377757001292878,True
1380.0,3.5974,3.6680352236285705,27.5,27.37896941804263,True
1381.0,3.5971,3.667646695265251,27.5,27.380181165382396,True
1382.0,3.5965,3.6672586011698964,27.5,27.38139224331195,True
1383.0,3.5962,3.666870950278325,27.5,27.382602651831462,True
1384.0,3.5959,3.6664837513716466,27.5,27.383812390940818,True
1385.0,3.5956,3.6660970130755097,27.5,27.385021460640132,True
1386.0,3.5953,3.6657107438594156,27.5,27.38622986092929,True
1387.0,3.5949,3.6653249520361224,27.5,27.387437591808407,True
1388.0,3.594,3.6649396457611427,27.5,27.388644653277424,True
1389.0,3.5937,3.6645548330323283,27.5,27.389851045336286,True
1390.0,3.5934,3.664170521689546,27.5,27.391056767985106,True
1391.0,3.5931,3.663786719414435,27.5,27.39226182122377,True
1392.0,3.5928,3.6634034337302315,27.5,27.39346620505239,True
1393.0,3.5921,3.663020672001722,27.5,27.394669919470857,True
1394.0,3.5918,3.662638441435226,27.5,27.39587296447928,True
1395.0,3.5915,3.6622567490786913,27.5,27.39707534007755,True
1396.0,3.5912,3.6618756018218703,27.5,27.398277046265832,True
1397.0,3.5909,3.6614950063965432,27.5,27.399478083043903,True
1398.0,3.5903,3.661114969376851,27.5,27.400678450411874,True
1399.0,3.59,3.660735497179693,27.5,27.401878148369747,True
1400.0,3.5897,3.660356596065194,27.3,27.403077176917577,True
1401.0,3.5894,3.6599782721372103,27.5,27.404275536055252,True
1402.0,3.589,3.659600531343999,27.5,27.405473225782885,True
1403.0,3.5884,3.6592233794788362,27.5,27.40667024610036,True
1404.0,3.5881,3.6588468221808013,27.5,27.407866597007796,True
1405.0,3.5878,3.658470864935544,27.5,27.409062278505132,True
1406.0,3.5875,3.6580955130761903,27.5,27.410257290592256,True
1407.0,3.5872,3.6577207717842506,27.5,27.411451633269394,True
1408.0,3.5869,3.657346646090605,27.3,27.412645306536376,True
1409.0,3.5859,3.656973140876578,27.5,27.413838310393317,True
1410.0,3.5856,3.65660022202679,27.5,27.415033666932686,True
1411.0,3.5853,3.6562279254857675,27.5,27.41622893514915,True
1412.0,3.5847,3.655856262495392,27.5,27.4174235858095,True
1413.0,3.5844,3.6554852373512055,27.3,27.41861761891363,True
1414.0,3.5841,3.655114854205235,27.5,27.41981103446159,True
1415.0,3.5838,3.6547451170673373,27.5,27.421003832453437,True
1416.0,3.5835,3.654376029806622,27.5,27.42219601288906,True
1417.0,3.5832,3.6540075961528387,27.5,27.423387575768515,True
1418.0,3.5825,3.653639819697875,27.5,27.42457852109186,True
1419.0,3.5822,3.6532727038972803,27.5,27.425768848858922,True
1420.0,3.5819,3.652906252071809,27.5,27.426958559069874,True
1421.0,3.5816,3.6525404674089748,27.5,27.428147651724657,True
1422.0,3.5813,3.652175352964723,27.5,27.429336126823273,True
1423.0,3.5807,3.6518109116650215,27.5,27.430523984365607,True
1424.0,3.5804,3.6514471463075657,27.5,27.431711224351886,True
1425.0,3.5801,3.651084059563484,27.5,27.43289784678194,True
1426.0,3.5797,3.650721653979055,27.5,27.434083851655828,True
1427.0,3.5794,3.6503599319774653,27.5,27.435269238973547,True
1428.0,3.5791,3.6499988958605822,27.5,27.436454008735154,True
1429.0,3.5785,3.649638547810755,27.5,27.43763816094048,True
1430.0,3.5785,3.6492788898926087,27.5,27.43882169558964,True
1431.0,3.5776,3.648919924054893,27.5,27.440004612682685,True
1432.0,3.5773,3.6485616521323214,27.5,27.441186912219564,True
1433.0,3.577,3.6482040758474414,27.5,27.44236859420016,True
1434.0,3.5766,3.647847196812471,27.5,27.443549658624704,True
1435.0,3.5763,3.647491016531221,27.5,27.444730105493022,True
1436.0,3.5757,3.6471355364009566,27.5,27.445909934805172,True
1437.0,3.5754,3.646780757714309,27.5,27.44708914656121,True
1438.0,3.5751,3.646426681661171,27.5,27.44826774076097,True
1439.0,3.5748,3.6460733093306157,27.5,27.449445717404558,True
1440.0,3.5745,3.645720641712806,27.5,27.450623076492036,True
1441.0,3.5742,3.6453686797008853,27.5,27.45179981802329,True
1442.0,3.5735,3.645017424092935,27.5,27.45297594199843,True
1443.0,3.5732,3.6446668755938494,27.5,27.45415144841735,True
1444.0,3.5729,3.6443170348172615,27.5,27.4553263372801,True
1445.0,3.5726,3.643967902287454,27.5,27.45650060858668,True
1446.0,3.5723,3.643619478441263,27.5,27.457674262337093,True
1447.0,3.572,3.6432717636299747,27.5,27.458847298531282,True
1448.0,3.5717,3.642924758121203,27.5,27.460019717169416,True
1449.0,3.5711,3.6425784621008113,27.5,27.46119151825127,True
1450.0,3.5708,3.6422328756747504,27.5,27.46236270177701,True
1451.0,3.5704,3.6418879988709336,27.5,27.46353326774647,True
1452.0,3.5698,3.6415438316411,27.5,27.464703216159876,True
1453.0,3.5695,3.6412003738626746,27.5,27.465872547017057,True
1454.0,3.5692,3.640857625340551,27.5,27.46704126031807,True
1455.0,3.5686,3.640515585808959,27.5,27.468209356062914,True
1456.0,3.5683,3.640174254933246,27.5,27.469376834251534,True
1457.0,3.568,3.63983363231166,27.5,27.470543694884043,True
1458.0,3.5677,3.639493717477141,27.5,27.471709937960384,True
1459.0,3.5673,3.6391545098990714,27.5,27.4728755634805,True
1460.0,3.567,3.6388160089850023,27.5,27.474040571444505,True
1461.0,3.5667,3.6384782140824066,27.5,27.475204961852228,True
1462.0,3.5661,3.6381411244803425,27.5,27.47636873470384,True
1463.0,3.5658,3.6378047394111888,27.5,27.477531889999284,True
1464.0,3.5655,3.6374690580522575,27.5,27.47869442773856,True
1465.0,3.5652,3.63713407952748,27.5,27.479856347921668,True
1466.0,3.5649,3.6367998029090236,27.5,27.48101765054855,True
1467.0,3.5642,3.6364662272188792,27.5,27.48217833561938,True
1468.0,3.5639,3.6361333514304723,27.5,27.48333840313387,True
1469.0,3.5636,3.6358011744702003,27.5,27.48449785309225,True
1470.0,3.5633,3.63546969521899,27.5,27.48565668549452,True
1471.0,3.563,3.6351389125138116,27.5,27.486814900340562,True
1472.0,3.5624,3.634808825149166,27.5,27.487972497630437,True
1473.0,3.5624,3.634479431878565,27.5,27.489129477364088,True
1474.0,3.5615,3.6341507314159744,27.5,27.490285839541627,True
1475.0,3.5611,3.6338227224372557,27.5,27.491441584163,True
1476.0,3.5608,3.6334954035815468,27.5,27.492596711228202,True
1477.0,3.5605,3.633168773452645,27.5,27.49375122073718,True
1478.0,3.5602,3.6328428306203793,27.5,27.49490511269005,True
1479.0,3.5599,3.6325175736219224,27.5,27.496058387086634,True
1480.0,3.5593,3.632193000963098,27.5,27.497211043927166,True
1481.0,3.559,3.631869111119679,27.5,27.498363083211416,True
1482.0,3.5587,3.6315459025386216,27.5,27.499514504939555,True
1483.0,3.5584,3.6312233736393047,27.5,27.50066530911147,True
1484.0,3.558,3.630901522814774,27.5,27.50181549572727,True
1485.0,3.5577,3.630580348432869,27.5,27.50296506478685,True
1486.0,3.5574,3.63025984883742,27.5,27.504114016290373,True
1487.0,3.5571,3.629940022349379,27.5,27.505262350237558,True
1488.0,3.5568,3.629620867267922,27.5,27.506410066628632,True
1489.0,3.5565,3.629302381871548,27.5,27.50755716546354,True
1490.0,3.5559,3.6289845644191296,27.5,27.508703646742333,True
1491.0,3.5556,3.6286674131509677,27.5,27.509849510464846,True
1492.0,3.5553,3.628350926289783,27.5,27.51099475663125,True
1493.0,3.5549,3.6280351020417405,27.5,27.512139385241426,True
1494.0,3.5546,3.627719938597375,27.5,27.513283396295492,True
1495.0,3.554,3.627405434132584,27.5,27.51442678979339,True
1496.0,3.5537,3.6270915868095077,27.5,27.515569565735063,True
1497.0,3.5531,3.626778394777443,27.5,27.516711724120512,True
1498.0,3.5528,3.626465856173722,27.5,27.517853264949906,True
1499.0,3.5525,3.6261539691245535,27.5,27.51899418822302,True
1500.0,3.5522,3.6258427317458635,27.5,27.52013449394002,True
1501.0,3.5518,3.6255321421440887,27.5,27.521274182100854,True
1502.0,3.5515,3.6252221984169797,27.5,27.52241325270552,True
1503.0,3.5512,3.6249128986543346,27.5,27.52355170575396,True
1504.0,3.5509,3.6246042409387838,27.5,27.52468954124629,True
1505.0,3.5506,3.624296223346449,27.5,27.525826759182394,True
1506.0,3.55,3.6239888439477106,27.5,27.526963359562274,True
1507.0,3.5497,3.6236821008078235,27.5,27.5280993423861,True
1508.0,3.5494,3.6233759919876203,27.5,27.529234707653643,True
1509.0,3.5491,3.6230705155441245,27.5,27.530369455365133,True
1510.0,3.5487,3.622765669531163,27.5,27.53150358552034,True
1511.0,3.5484,3.622461451999979,27.3,27.532637098119437,True
1512.0,3.5481,3.622157860999804,27.5,27.53376999316231,True
1513.0,3.5478,3.621854894578403,27.5,27.53490227064907,True
1514.0,3.5472,3.621552550782631,27.5,27.536033930579606,True
1515.0,3.5469,3.6212508276589412,27.5,27.537164972953974,True
1516.0,3.5466,3.620949723253891,27.5,27.538295397772117,True
1517.0,3.546,3.6206492356146427,27.5,27.539425205034206,True
1518.0,3.5456,3.6203493627893906,27.5,27.540554394740013,True
1519.0,3.5453,3.6200501028278467,27.5,27.54168296688971,True
1520.0,3.545,3.619751453781664,27.5,27.542810921483238,True
1521.0,3.5447,3.6194534137048304,27.5,27.543938258520598,True
1522.0,3.5444,3.6191559806541114,27.5,27.545064978001733,True
1523.0,3.5441,3.6188591526893634,27.5,27.5461910799267,True
1524.0,3.5435,3.6185629278739873,27.5,27.5473165642955,True
1525.0,3.5435,3.6182673042752063,27.5,27.54844143110813,True
1526.0,3.5429,3.6179722799644405,27.5,27.549565680364537,True
1527.0,3.5425,3.6176778530176152,27.5,27.550689312064833,True
1528.0,3.5422,3.617384021515473,27.5,27.551812326208903,True
1529.0,3.5419,3.6170907835438655,27.5,27.552934722796863,True
1530.0,3.5416,3.6167981371940243,27.5,27.554056501828654,True
1531.0,3.5413,3.616506080562831,27.5,27.55517766330422,True
1532.0,3.541,3.616214611753072,27.3,27.55629820722362,True
1533.0,3.5407,3.6159237288736703,27.5,27.55741813358685,True
1534.0,3.5404,3.6156334300399244,27.5,27.558537442393913,True
1535.0,3.5401,3.6153437133736936,27.5,27.559656133644864,True
1536.0,3.5398,3.6150545770036344,27.5,27.560774207339534,True
1537.0,3.5391,3.6147660190653634,27.5,27.561891663478036,True
1538.0,3.5391,3.614478037701651,27.5,27.563008502060427,True
1539.0,3.5385,3.614190631062564,27.5,27.56412472308665,True
1540.0,3.5379,3.613903797305668,27.5,27.565240326556648,True
1541.0,3.5376,3.6136175345961146,27.5,27.566355312470534,True
1542.0,3.5373,3.613331841106821,27.5,27.567469680828196,True
1543.0,3.537,3.613046715018572,27.5,27.568583431629634,True
1544.0,3.5367,3.6127621545201385,27.5,27.56969656487496,True
1545.0,3.536,3.6124781578083938,27.5,27.57080908056406,True
1546.0,3.536,3.61219470792083,27.5,27.571923328612968,True
1547.0,3.5357,3.6119118067722424,27.5,27.573038743701545,True
1548.0,3.5351,3.6116294636749817,27.5,27.574153610048654,True
1549.0,3.5351,3.611347676860212,27.5,27.57526792785046,True
1550.0,3.5345,3.6110664445676006,27.5,27.576381697303077,True
1551.0,3.5342,3.6107857650453594,27.5,27.57749491860261,True
1552.0,3.5339,3.6105056365503208,27.5,27.578607591945286,True
1553.0,3.5336,3.6102260573479463,27.5,27.579719717527155,True
1554.0,3.5336,3.609947025712382,27.5,27.580831295544442,True
1555.0,3.5332,3.6096685399264556,27.5,27.5819423261932,True
1556.0,3.5326,3.6093905982817196,27.5,27.58305280966971,True
1557.0,3.5323,3.6091131990784433,27.5,27.58416274616991,True
1558.0,3.532,3.608836340625633,27.5,27.585272135890136,True
1559.0,3.5317,3.608560021241005,27.5,27.5863809790265,True
1560.0,3.5317,3.608284239251006,27.5,27.587489275775056,True
1561.0,3.5311,3.6080089929907966,27.5,27.58859702633208,True
1562.0,3.5308,3.6077342808042117,27.5,27.589704230893574,True
1563.0,3.5305,3.6074601010437544,27.5,27.5908108896557,True
1564.0,3.5298,3.6071864520705637,27.5,27.591917002814682,True
1565.0,3.5295,3.60691333225437,27.5,27.59302257056669,True
1566.0,3.5292,3.6066407399734897,27.5,27.59412759310777,True
1567.0,3.5289,3.6063686736147376,27.5,27.595232070634097,True
1568.0,3.5286,3.606097131573418,27.5,27.59633600334172,True
1569.0,3.5283,3.6058261122532436,27.5,27.59743939142703,True
1570.0,3.5277,3.6055556140663123,27.5,27.598542235085915,True
1571.0,3.5277,3.6052856354330154,27.5,27.59964453451471,True
1572.0,3.5274,3.605016174782011,27.5,27.60074628990941,True
1573.0,3.5267,3.604747230550115,27.5,27.601847501466295,True
1574.0,3.5267,3.60447880118228,27.5,27.602948169381307,True
1575.0,3.5261,3.604210885131498,27.5,27.604048293850838,True
1576.0,3.5258,3.603943480858717,27.5,27.605147875070827,True
1577.0,3.5258,3.6036765868327842,27.5,27.606246913237612,True
1578.0,3.5255,3.6034102015303677,27.5,27.607345408547133,True
1579.0,3.5249,3.603144323435855,27.5,27.60844336119567,True
1580.0,3.5249,3.602878951041275,27.5,27.609540771379272,True
1581.0,3.5246,3.602614082846233,27.5,27.61063763929417,True
1582.0,3.5239,3.60234971735779,27.5,27.611733965136466,True
1583.0,3.5236,3.6020858530903985,27.5,27.612829749102332,True
1584.0,3.5233,3.6018224885657846,27.5,27.613924991387876,True
1585.0,3.523,3.601559622312882,27.5,27.615019692189264,True
1586.0,3.5227,3.6012972528677256,27.5,27.616113851702664,True
1587.0,3.5224,3.601035378773347,27.5,27.61720747012413,True
1588.0,3.5218,3.6007739985796823,27.5,27.61830054764988,True
1589.0,3.5215,3.600513110843485,27.5,27.619393084476087,True
1590.0,3.5212,3.6002527141282057,27.5,27.6204850807988,True
1591.0,3.5208,3.5999928070038987,27.5,27.62157653681419,True
1592.0,3.5208,3.5997333880471385,27.5,27.622667452718474,True
1593.0,3.5202,3.5994744558408773,27.5,27.62375782870771,True
1594.0,3.5199,3.599216008974391,27.5,27.624847664978063,True
1595.0,3.5196,3.5989580460431383,27.5,27.6259369617257,True
1596.0,3.5193,3.598700565648668,27.5,27.627025719146786,True
1597.0,3.519,3.598443566398515,27.5,27.628113937437377,True
1598.0,3.519,3.598187046906103,27.5,27.62920161679375,True
1599.0,3.5184,3.5979310057906297,27.5,27.630288757411904,True
1600.0,3.5181,3.597675441676963,27.5,27.63137535948806,True
1601.0,3.5177,3.5974203531955418,27.5,27.632461423218388,True
1602.0,3.5174,3.5971657389822655,27.5,27.633546948798937,True
1603.0,3.5171,3.5969115976783903,27.5,27.634631936425933,True
1604.0,3.5168,3.596657927930423,27.5,27.635716386295485,True
1605.0,3.5165,3.5964047283900267,27.5,27.63680029860376,True
1606.0,3.5162,3.596151997713897,27.5,27.637883673546867,True
1607.0,3.5159,3.595899734563685,27.5,27.638966511320973,True
1608.0,3.5156,3.5956479376058508,27.5,27.640048812122302,True
1609.0,3.5153,3.5953966055116324,27.5,27.64113057614685,True
1610.0,3.515,3.595145736956852,27.5,27.642211803590783,True
1611.0,3.5146,3.5948953306218963,27.5,27.643292494650325,True
1612.0,3.5143,3.5946453851915643,27.7,27.644372649521586,True
1613.0,3.5137,3.594395899354988,27.5,27.645452268400675,True
1614.0,3.5134,3.5941468718055223,27.5,27.64653135148376,True
1615.0,3.5131,3.593898301240663,27.5,27.647609898967062,True
1616.0,3.5128,3.593650186361931,27.5,27.648687911046636,True
1617.0,3.5128,3.5934025258747755,27.7,27.649765387918592,True
1618.0,3.5125,3.593155318488496,27.5,27.65084232977921,True
1619.0,3.5119,3.5929085629161253,27.7,27.651918736824427,True
1620.0,3.5119,3.5926622578743532,27.5,27.652994609250584,True
1621.0,3.5115,3.592416402083407,27.5,27.65406994725373,True
1622.0,3.5109,3.592170994266997,27.5,27.655144751030036,True
1623.0,3.5106,3.591926033152198,27.5,27.65621902077561,True
1624.0,3.5106,3.591681517469352,27.5,27.657292756686616,True
1625.0,3.5103,3.591437445952022,27.5,27.658365958959223,True
1626.0,3.51,3.591193817336835,27.5,27.659438627789598,True
1627.0,3.5097,3.590950630363475,27.5,27.660510763373793,True
1628.0,3.5094,3.5907078837745328,27.5,27.661582365908032,True
1629.0,3.5091,3.5904655763154496,27.5,27.662653435588425,True
1630.0,3.5088,3.5902237067344385,27.5,27.663723972611137,True
1631.0,3.5084,3.5899822737823888,27.5,27.664793977172224,True
1632.0,3.5081,3.589741276212788,27.5,27.665863449467906,True
1633.0,3.5078,3.589500712781659,27.5,27.66693238969441,True
1634.0,3.5075,3.589260582247451,27.5,27.66800079804767,True
1635.0,3.5072,3.5890208833709916,27.5,27.66906867472403,True
1636.0,3.5069,3.588781614915397,27.5,27.67013601991954,True
1637.0,3.5066,3.588542775646,27.5,27.671202833830364,True
1638.0,3.5063,3.5883043643302828,27.5,27.672269116652615,True
1639.0,3.5057,3.5880663797377994,27.4,27.6733348685824,True
1640.0,3.5053,3.5878288206400977,27.5,27.674400089816004,True
1641.0,3.505,3.5875916858106747,27.4,27.675464780549476,True
1642.0,3.5047,3.5873549740248873,27.5,27.676528940978983,True
1643.0,3.5044,3.587118684059893,27.5,27.677592571300636,True
1644.0,3.5041,3.586882814694586,27.5,27.6786556717106,True
1645.0,3.5038,3.586647364709535,27.5,27.679718242404988,True
1646.0,3.5035,3.5864123328869266,27.5,27.680780283580077,True
1647.0,3.5035,3.586177718010486,27.5,27.681841795431808,True
1648.0,3.5032,3.5859435188654367,27.5,27.68290277815646,True
1649.0,3.5026,3.5857097342384456,27.4,27.683963231950145,True
1650.0,3.5022,3.585476362917532,27.5,27.68502315700897,True
1651.0,3.5019,3.5852434036920737,27.5,27.68608255352916,True
1652.0,3.5016,3.5850108553526847,27.5,27.68714142170677,True
1653.0,3.5016,3.584778716691214,27.5,27.688199761737962,True
1654.0,3.5013,3.584546986500671,27.7,27.68925757381902,True
1655.0,3.501,3.584315663575188,27.5,27.690314858145882,True
1656.0,3.5007,3.5840847467099533,27.6,27.691371614914715,True
1657.0,3.5004,3.583854234701188,27.5,27.692427844321855,True
1658.0,3.5001,3.5836241263460944,27.4,27.693483546563243,True
1659.0,3.4998,3.5833944204427817,27.6,27.6945387218351,True
1660.0,3.4995,3.583165115790274,27.5,27.695593370333597,True
1661.0,3.4991,3.5829362111884295,27.6,27.69664749225484,True
1662.0,3.4988,3.5827077054379157,27.4,27.69770108779494,True
1663.0,3.4985,3.5824795973401717,27.5,27.698754157150177,True
1664.0,3.4982,3.582251885697361,27.6,27.69980670051649,True
1665.0,3.4976,3.5820245693123502,27.4,27.700858718090217,True
1666.0,3.4973,3.5817976469886568,27.6,27.701910210067354,True
1667.0,3.497,3.5815711175304297,27.4,27.702961176644123,True
1668.0,3.4967,3.581344979742402,27.6,27.704011618016693,True
1669.0,3.4964,3.5811192324298724,27.6,27.705061534381116,True
1670.0,3.496,3.580893874398678,27.4,27.706110925933558,True
1671.0,3.4957,3.5806689044551443,27.6,27.707159792870186,True
1672.0,3.4957,3.5804443214060755,27.4,27.70820813538728,True
1673.0,3.4954,3.5802201240587315,27.4,27.709255953680724,True
1674.0,3.4951,3.5799963112207838,27.4,27.710303247946797,True
1675.0,3.4945,3.579772881700305,27.4,27.711350018381665,True
1676.0,3.4945,3.579549834305748,27.4,27.71239626518144,True
1677.0,3.4942,3.5793271678459067,27.4,27.713441988542286,True
1678.0,3.4939,3.5791048811299233,27.4,27.714487188660314,True
1679.0,3.4936,3.5788829729672287,27.4,27.715531865731634,True
1680.0,3.4933,3.578661442167578,27.6,27.71657601995247,True
1681.0,3.4929,3.578440287540968,27.4,27.71761965151893,True
1682.0,3.4926,3.57821950789768,27.6,27.71866276062724,True
1683.0,3.4923,3.577999102048227,27.4,27.719705347473337,True
1684.0,3.492,3.5777790688033524,27.6,27.72074741225356,True
1685.0,3.4917,3.577559406974021,27.4,27.72178895516396,True
1686.0,3.4914,3.577340115371401,27.6,27.72282997640076,True
1687.0,3.4911,3.577121192806832,27.4,27.72387047615996,True
1688.0,3.4911,3.576902638091871,27.4,27.724910454637836,True
1689.0,3.4905,3.5766844500382056,27.6,27.7259499120305,True
1690.0,3.4905,3.576466627457715,27.6,27.726988848534063,True
1691.0,3.4902,3.5762491691624283,27.6,27.728027264344632,True
1692.0,3.4895,3.5760320739645066,27.6,27.72906515965849,True
1693.0,3.4892,3.5758153406762814,27.4,27.730102534671687,True
1694.0,3.4889,3.57559896811019,27.6,27.73113938958039,True
1695.0,3.4886,3.575382955078824,27.4,27.732175724580657,True
1696.0,3.4883,3.575167300394895,27.4,27.733211539868762,True
1697.0,3.488,3.574952002871249,27.6,27.734246835640818,True
1698.0,3.4877,3.5747370613208536,27.6,27.735281612092933,True
1699.0,3.4874,3.574522474556796,27.6,27.736315869421162,True
1700.0,3.4871,3.574308241392294,27.4,27.737349607821898,True
1701.0,3.4867,3.574094360640689,27.6,27.738382827491023,True
1702.0,3.4864,3.5738808311154426,27.4,27.739415528624875,True
1703.0,3.4861,3.573667651630151,27.6,27.74044771141945,True
1704.0,3.4858,3.5734548209985446,27.6,27.741479376070913,True
1705.0,3.4855,3.573242338034482,27.6,27.742510522775547,True
1706.0,3.4855,3.5730302015519566,27.4,27.74354115172929,True
1707.0,3.4852,3.5728184103651146,27.6,27.744571263128535,True
1708.0,3.4849,3.572606963288249,27.6,27.745600857169222,True
1709.0,3.4846,3.5723958591358116,27.6,27.74662993404752,True
1710.0,3.4843,3.5721850967224036,27.4,27.74765849395959,True
1711.0,3.484,3.571974674862806,27.6,27.748686537101662,True
1712.0,3.4836,3.5717645923719763,27.6,27.749714063669785,True
1713.0,3.4833,3.571554848065067,27.6,27.750741073860183,True
1714.0,3.483,3.5713454407574,27.6,27.751767567868853,True
1715.0,3.4827,3.571136369264539,27.6,27.752793545892132,True
1716.0,3.4824,3.570927632402228,27.4,27.753819008126015,True
1717.0,3.4821,3.57071922898646,27.6,27.75484395476667,True
1718.0,3.4821,3.5705111578334594,27.6,27.75586838601032,True
1719.0,3.4815,3.5703034177597,27.6,27.756892302053018,True
1720.0,3.4812,3.570096007581916,27.4,27.75791570309093,True
1721.0,3.4809,3.5698889261171125,27.4,27.75893858932028,True
1722.0,3.4805,3.569682172182603,27.6,27.75996096093712,True
1723.0,3.4802,3.5694757445959704,27.4,27.760982818137563,True
1724.0,3.4799,3.5692696421751364,27.4,27.762004161117886,True
1725.0,3.4796,3.5690638637383505,27.4,27.763024990074086,True
1726.0,3.4793,3.5688584081041976,27.6,27.764045305202444,True
1727.0,3.4793,3.568653274091636,27.4,27.765065106699012,True
1728.0,3.479,3.5684484605199858,27.6,27.7660843947599,True
1729.0,3.4787,3.568243966208971,27.6,27.76710316958139,True
1730.0,3.4784,3.568039789978715,27.6,27.768121431359475,True
1731.0,3.4781,3.5678359306497827,27.6,27.769139180290438,True
1732.0,3.4778,3.5676323870431683,27.4,27.77015641657033,True
1733.0,3.4774,3.567429157980318,27.6,27.77117314039532,True
1734.0,3.4771,3.56722624228318,27.6,27.772189351961515,True
1735.0,3.4771,3.5670236387741756,27.6,27.77320505146514,True
1736.0,3.4768,3.5668213462762552,27.6,27.77422023910225,True
1737.0,3.4765,3.5666193636128933,27.4,27.775234915069063,True
1738.0,3.4759,3.5664176896081132,27.6,27.776249079561694,True
1739.0,3.4759,3.5662163230865294,27.6,27.777262732776194,True
1740.0,3.4756,3.5660152628733113,27.6,27.7782758749089,True
1741.0,3.4753,3.5658145077942796,27.6,27.779288506155808,True
1742.0,3.475,3.565614056675839,27.6,27.780300626713142,True
1743.0,3.4747,3.5654139083450835,27.6,27.781312236777012,True
1744.0,3.4743,3.5652140616297507,27.6,27.782323336543527,True
1745.0,3.4737,3.565014515358278,27.6,27.783333926208854,True
1746.0,3.4734,3.5648152683598058,27.6,27.78434400596916,True
1747.0,3.4731,3.564616319464214,27.6,27.785353576020555,True
1748.0,3.4731,3.564417667502137,27.6,27.786362636559204,True
1749.0,3.4728,3.5642193113049645,27.6,27.78737118778122,True
1750.0,3.4725,3.5640212497048904,27.6,27.788379229882878,True
1751.0,3.4722,3.5638234815349272,27.8,27.789386763060065,True
1752.0,3.4719,3.5636260056289113,27.6,27.790393787509174,True
1753.0,3.4716,3.563428820821556,27.6,27.791400303426315,True
1754.0,3.4712,3.5632319259484286,27.6,27.792406311007426,True
1755.0,3.4709,3.563035319846019,27.8,27.7934118104489,True
1756.0,3.4706,3.562839001351728,27.6,27.79441680194668,True
1757.0,3.4706,3.562642969303897,27.6,27.795421285697103,True
1758.0,3.4703,3.562447222541843,27.4,27.79642526189616,True
1759.0,3.47,3.562251759905868,27.6,27.79742873074008,True
1760.0,3.4697,3.562056580237273,27.6,27.798431692424913,True
1761.0,3.4694,3.561861682378411,27.6,27.799434147146883,True
1762.0,3.4691,3.5616670651726734,27.6,27.800436095102157,True
1763.0,3.4688,3.561472727464523,27.6,27.801437536486844,True
1764.0,3.4685,3.5612786680995328,27.6,27.802438471497,True
1765.0,3.4681,3.5610848859243904,27.6,27.803438900328956,True
1766.0,3.4681,3.5608913797869217,27.6,27.804438823178657,True
1767.0,3.4678,3.560698148536122,27.6,27.80543824024238,True
1768.0,3.4675,3.5605051910221683,27.6,27.80643715171618,True
1769.0,3.4672,3.560312506096443,27.6,27.807435557796282,True
1770.0,3.4669,3.5601200926115593,27.8,27.80843345867885,True
1771.0,3.4666,3.5599279494213927,27.6,27.809430854559935,True
1772.0,3.4663,3.559736075381071,27.6,27.81042774563565,True
1773.0,3.4657,3.559544469347029,27.6,27.811424132102275,True
1774.0,3.4654,3.5593531301770254,27.6,27.81242001415586,True
1775.0,3.4654,3.5591620567301434,27.6,27.813415391992578,True
1776.0,3.4647,3.5589712478668325,27.8,27.814410265808647,True
1777.0,3.4647,3.5587807024489257,27.6,27.815404635800007,True
1778.0,3.4644,3.558590419311129,27.6,27.81639853612012,True
1779.0,3.4638,3.558400397257713,27.8,27.817392039593926,True
1780.0,3.4638,3.5582106352135643,27.6,27.818385077249104,True
1781.0,3.4635,3.558021132046278,27.6,27.819377649744922,True
1782.0,3.4632,3.5578318866249385,27.6,27.820369757740764,True
1783.0,3.4632,3.557642897820144,27.8,27.821361401895842,True
1784.0,3.4626,3.5574541645040285,27.6,27.822352582869428,True
1785.0,3.4626,3.557265685550278,27.6,27.823343301320904,True
1786.0,3.4623,3.557077459834153,27.6,27.824333557909597,True
1787.0,3.4619,3.556889486232525,27.6,27.825323353294834,True
1788.0,3.4616,3.5567017636238543,27.6,27.826312688135715,True
1789.0,3.4613,3.556514290888259,27.6,27.82730156309185,True
1790.0,3.461,3.5563270669075147,27.6,27.828289978822227,True
1791.0,3.4607,3.556140090565054,27.6,27.829277935986397,True
1792.0,3.4604,3.55595336074604,27.6,27.83026543524352,True
1793.0,3.4601,3.555766876337309,27.6,27.831252477252917,True
1794.0,3.4598,3.555580636227468,27.6,27.832239062673978,True
1795.0,3.4598,3.5553946393068703,27.8,27.83322519216597,True
1796.0,3.4595,3.5552088844676386,27.6,27.834210866388048,True
1797.0,3.4592,3.5550233706036876,27.8,27.83519608599977,True
1798.0,3.4588,3.5548380960292354,27.6,27.836180521339656,True
1799.0,3.4588,3.55465306021979,27.8,27.83716449793411,True
1800.0,3.4582,3.554468262356984,27.8,27.83814817473086,True
1801.0,3.4576,3.5542837006812538,27.8,27.839131184299617,True
1802.0,3.4576,3.5540993723669945,27.6,27.84011256668549,True
1803.0,3.457,3.5539152785412305,27.8,27.841093554515908,True
1804.0,3.457,3.5537314181120707,27.8,27.84207414779081,True
1805.0,3.4567,3.553547789989561,27.6,27.843054346510257,True
1806.0,3.4564,3.5533643930856877,27.6,27.844034150674133,True
1807.0,3.4561,3.553181226314403,27.8,27.845013560282496,True
1808.0,3.4557,3.55299828859164,27.8,27.8459925753354,True
1809.0,3.4554,3.552815578835325,27.8,27.846971195832793,True
1810.0,3.4554,3.5526330959654073,27.8,27.84794942177473,True
1811.0,3.4548,3.552450838903866,27.8,27.848927253161094,True
1812.0,3.4548,3.552268806574727,27.8,27.849904689991945,True
1813.0,3.4545,3.5520869979040786,27.8,27.85088173226734,True
1814.0,3.4542,3.5519054118200977,27.9,27.85185837998722,True
1815.0,3.4539,3.5517240472530474,27.6,27.85283463315153,True
1816.0,3.4539,3.5515429031353167,27.8,27.85381049176044,True
1817.0,3.4536,3.551361978401407,27.8,27.85478595581384,True
1818.0,3.453,3.5511812719879825,27.8,27.855761025311665,True
1819.0,3.453,3.551000782833849,27.8,27.856735700254035,True
1820.0,3.4526,3.5508205098799843,27.8,27.85770998064089,True
1821.0,3.4523,3.5506404520695756,27.8,27.858683866472177,True
1822.0,3.452,3.5504606083479864,27.8,27.859657357748006,True
1823.0,3.4517,3.5502809776628137,27.8,27.860630454468378,True
1824.0,3.4514,3.5501015589638905,27.8,27.86160315663318,True
1825.0,3.4514,3.5499223512032696,27.8,27.862575464242525,True
1826.0,3.4511,3.5497433533352822,27.8,27.863547377296356,True
1827.0,3.4508,3.549564564316534,27.8,27.864518895794674,True
1828.0,3.4505,3.549385983105901,27.8,27.86549001973748,True
1829.0,3.4502,3.5492076086645628,27.8,27.866460749124826,True
1830.0,3.4495,3.5490294399560236,27.8,27.86743108395666,True
1831.0,3.4495,3.5488514759460807,27.8,27.868401024232924,True
1832.0,3.4492,3.5486737156028965,27.8,27.869370569953787,True
1833.0,3.4489,3.5484961578969645,27.8,27.87033972111908,True
1834.0,3.4486,3.5483188018011536,27.8,27.871308477728803,True
1835.0,3.4483,3.548141646290673,27.8,27.872276839783126,True
1836.0,3.4483,3.547964688807823,27.8,27.87324436992509,True
1837.0,3.4477,3.547787929683665,27.8,27.87421145253137,True
1838.0,3.4477,3.5476113680667463,27.8,27.875178134900068,True
1839.0,3.4474,3.5474350029419135,27.8,27.87614441703124,True
1840.0,3.4471,3.54725883329644,27.8,27.877110298924833,True
1841.0,3.4468,3.5470828581200298,27.8,27.8780757805809,True
1842.0,3.4464,3.546907076404836,27.8,27.879040861999442,True
1843.0,3.4461,3.5467314871454754,27.8,27.880005543180403,True
1844.0,3.4461,3.546556089339013,27.8,27.88096982412378,True
1845.0,3.4458,3.5463808819850082,27.8,27.881933704829578,True
1846.0,3.4455,3.5462058640854948,27.8,27.882897185297907,True
1847.0,3.4452,3.5460310346450004,27.8,27.883860265528597,True
1848.0,3.4449,3.545856392670562,27.8,27.884822945521876,True
1849.0,3.4446,3.545681937171718,27.8,27.88578522527746,True
1850.0,3.4443,3.5455076671605323,27.6,27.886747104795575,True
1851.0,3.4443,3.5453335816515965,27.8,27.88770858407611,True
1852.0,3.444,3.5451596796620346,27.8,27.88866966311906,True
1853.0,3.4437,3.544985960211511,27.8,27.889630341924544,True
1854.0,3.4433,3.5448124223222517,27.6,27.89059062049239,True
1855.0,3.443,3.54463906501903,27.8,27.89155049882271,True
1856.0,3.4427,3.544465887329191,27.6,27.892509976915505,True
1857.0,3.4424,3.5442928882826488,27.8,27.893469054770776,True
1858.0,3.4424,3.5441200669118897,27.8,27.894427732388408,True
1859.0,3.4421,3.5439474222519998,27.8,27.895386009768515,True
1860.0,3.4415,3.543774953340641,27.8,27.89634388691104,True
1861.0,3.4412,3.543602659218087,27.8,27.897301363816098,True
1862.0,3.4412,3.543430538927192,27.8,27.898258440483573,True
1863.0,3.4406,3.5432585915134442,27.9,27.899215116913467,True
1864.0,3.4406,3.543086816024933,27.9,27.900171393105836,True
1865.0,3.4402,3.542915211512365,27.8,27.901127269060623,True
1866.0,3.4399,3.5427437770290746,27.8,27.902082744777886,True
1867.0,3.4396,3.542572511631028,27.9,27.903037820257566,True
1868.0,3.4393,3.542401414376809,27.8,27.903992495499722,True
1869.0,3.439,3.5422304843276637,27.9,27.904946770504296,True
1870.0,3.439,3.542059720547455,27.9,27.905900645271345,True
1871.0,3.4387,3.541889122102709,27.9,27.906854119800812,True
1872.0,3.4384,3.541718688062587,27.8,27.90780719409281,True
1873.0,3.4381,3.5415484174989262,27.8,27.908759868147172,True
1874.0,3.4378,3.541378309486187,27.9,27.909712141964008,True
1875.0,3.4375,3.541208363101514,27.9,27.91066401554332,True
1876.0,3.4375,3.5410385774247035,27.8,27.911615488885047,True
1877.0,3.4368,3.5408689515382226,27.9,27.912566561989195,True
1878.0,3.4368,3.5406994845271913,27.9,27.913517234855817,True
1879.0,3.4365,3.5405301754794203,27.9,27.914467507484858,True
1880.0,3.4362,3.5403610234853793,27.9,27.91541737987643,True
1881.0,3.4359,3.540192027638214,27.8,27.91636685203042,True
1882.0,3.4356,3.5400231870337406,27.9,27.91731592394683,True
1883.0,3.4356,3.5398545007704585,27.9,27.918264595625658,True
1884.0,3.435,3.539685967949553,27.8,27.91921286706696,True
1885.0,3.435,3.539517587674865,27.9,27.920160738270738,True
1886.0,3.4347,3.539349359052937,27.9,27.92110820923699,True
1887.0,3.4343,3.539181281192992,27.9,27.922055279965605,True
1888.0,3.434,3.539013353206921,27.9,27.923001950456694,True
1889.0,3.4334,3.5388455742093092,27.9,27.9239482207102,True
1890.0,3.4334,3.538677943317425,27.9,27.92489409072624,True
1891.0,3.4331,3.5385104596512034,27.9,27.9258395605047,True
1892.0,3.4328,3.538343122333289,27.8,27.926784630045574,True
1893.0,3.4325,3.5381759304889897,27.9,27.927729299348925,True
1894.0,3.4322,3.5380088832462877,27.9,27.928673568414695,True
1895.0,3.4319,3.5378419797358736,27.9,27.929617437242996,True
1896.0,3.4316,3.5376752190910965,27.9,27.93056090583366,True
1897.0,3.4312,3.5375086004479925,27.9,27.931503974186796,True
1898.0,3.4309,3.5373421229452697,27.9,27.932446642302352,True
1899.0,3.4309,3.5371757857243287,27.9,27.933388910180383,True
1900.0,3.4306,3.53700958792923,27.8,27.93433077782089,True
1901.0,3.4303,3.5368435287067204,27.9,27.935272245223757,True
1902.0,3.43,3.5366776072062027,27.9,27.936213312389157,True
1903.0,3.4297,3.5365118225797643,27.9,27.937153979316975,True
1904.0,3.4294,3.5363461739821553,27.9,27.93809424600721,True
1905.0,3.4294,3.5361806605707975,27.9,27.93903411245992,True
1906.0,3.4291,3.5360152815057635,27.9,27.939973578675108,True
1907.0,3.4288,3.535850035949796,27.9,27.940912644652713,True
1908.0,3.4285,3.535684923068295,27.8,27.941851310392792,True
1909.0,3.4281,3.535519942029311,27.9,27.94278957589529,True
1910.0,3.4278,3.53535509200355,27.9,27.943727441160263,True
1911.0,3.4275,3.5351903721643687,27.9,27.944664906187654,True
1912.0,3.4272,3.535025781687765,27.9,27.945601970977464,True
1913.0,3.4269,3.53486131975238,27.9,27.946538635529805,True
1914.0,3.4269,3.5346969855394916,27.9,27.947474899844565,True
1915.0,3.4266,3.534532778233011,27.9,27.948410763921686,True
1916.0,3.4263,3.5343686970194876,27.9,27.949346227761396,True
1917.0,3.426,3.5342047410880917,27.9,27.950281291363467,True
1918.0,3.426,3.5340409096306082,27.9,27.951215954728013,True
1919.0,3.4254,3.5338772018414497,27.9,27.952150217854978,True
1920.0,3.425,3.533713616917643,27.9,27.953084080744418,True
1921.0,3.4247,3.5335501540588106,27.9,27.954017543396333,True
1922.0,3.4244,3.533386812467189,27.9,27.954950605810666,True
1923.0,3.4241,3.5332235913476144,27.9,27.95588326798736,True
1924.0,3.4238,3.5330604899075104,27.9,27.956815529926587,True
1925.0,3.4235,3.532897507356893,27.9,27.95774739162829,True
1926.0,3.4232,3.532734642908354,27.9,27.958678853092408,True
1927.0,3.4232,3.532571895777068,27.9,27.959609914318946,True
1928.0,3.4229,3.5324092651807897,27.9,27.96054057530796,True
1929.0,3.4226,3.532246750339818,27.9,27.96147083605939,True
1930.0,3.4223,3.5320843504770356,27.8,27.962400696573297,True
1931.0,3.4219,3.5319220648178637,27.9,27.96333015684968,True
1932.0,3.4216,3.5317598925902804,27.8,27.964259216888536,True
1933.0,3.4213,3.5315978330247946,27.9,27.965187876689754,True
1934.0,3.4213,3.5314358853544627,27.9,27.966116136253504,True
1935.0,3.421,3.531274048814863,27.9,27.967043995579616,True
1936.0,3.4207,3.5311123226441024,27.9,27.967971454668202,True
1937.0,3.4204,3.530950706082786,27.9,27.968898513519264,True
1938.0,3.4204,3.5307891983740602,27.9,27.969825172132744,True
1939.0,3.4198,3.530627798763538,27.9,27.9707514305087,True
1940.0,3.4198,3.5304665064993515,27.9,27.971677288647015,True
1941.0,3.4195,3.5303053208321056,27.9,27.97260274654792,True
1942.0,3.4192,3.5301442410148915,27.9,27.973527804211187,True
1943.0,3.4188,3.5299832663032804,27.8,27.97445246163693,True
1944.0,3.4185,3.5298223959552937,27.9,27.97537671882509,True
1945.0,3.4182,3.5296616292314247,27.8,27.976300575775724,True
1946.0,3.4179,3.529500965394605,27.9,27.977224032488834,True
1947.0,3.4173,3.5293404037102176,27.9,27.978147088964306,True
1948.0,3.4173,3.529179943446076,27.8,27.97906974520231,True
1949.0,3.4167,3.52901958387242,27.9,27.979992001202675,True
1950.0,3.4167,3.5288593242619037,27.9,27.98091385696557,True
1951.0,3.4164,3.5286991638895975,27.9,27.981835312490887,True
1952.0,3.4161,3.528539102032977,27.9,27.98275636777862,True
1953.0,3.4161,3.5283791379718976,27.8,27.98367702282883,True
1954.0,3.4157,3.528219270988608,27.8,27.984597277641512,True
1955.0,3.4151,3.5280595003677298,27.9,27.985517132216614,True
1956.0,3.4151,3.5278998253962612,27.9,27.986436586554134,True
1957.0,3.4148,3.5277402453635403,27.8,27.987355640654187,True
1958.0,3.4145,3.5275807595612756,27.8,27.9882742945166,True
1959.0,3.4142,3.5274213672835,27.9,27.98919254814149,True
1960.0,3.4139,3.5272620678265914,28.0,27.990110401528796,True
1961.0,3.4136,3.527102860489233,28.0,27.991027854678578,True
1962.0,3.4136,3.5269437445724363,27.8,27.991944907590835,True
1963.0,3.4133,3.526784719379515,28.0,27.992861560265567,True
1964.0,3.413,3.5266257842160664,27.8,27.99377781270266,True
1965.0,3.4126,3.5264669383899876,27.8,27.994693664902286,True
1966.0,3.4123,3.5263081812114394,27.8,27.995609116864273,True
1967.0,3.412,3.5261495119928474,28.0,27.996524168588735,True
1968.0,3.412,3.525990930048911,27.8,27.997438820075672,True
1969.0,3.4117,3.525832434696548,27.8,27.998353071325027,True
1970.0,3.4114,3.5256740252549363,27.8,27.999266922336858,True
1971.0,3.4111,3.5255157010454647,27.8,28.000180373111164,True
1972.0,3.4108,3.5253574613917498,27.8,28.00109342364783,True
1973.0,3.4105,3.5251993056196045,28.0,28.00200607394703,True
1974.0,3.4102,3.5250412330570424,27.8,28.002918324008647,True
1975.0,3.4099,3.524883243034259,27.8,28.003830173832682,True
1976.0,3.4092,3.524725334883629,28.0,28.004741623419193,True
1977.0,3.4089,3.52456750793969,28.0,28.00565267276812,True
1978.0,3.4089,3.5244097615391405,28.0,28.006563321879582,True
1979.0,3.4086,3.524252095020807,28.0,28.007473570753348,True
1980.0,3.4083,3.5240945077256596,28.0,28.008383419389702,True
1981.0,3.408,3.5239369989967915,27.8,28.009292867788417,True
1982.0,3.4077,3.523779568179411,28.0,28.010201915949665,True
1983.0,3.4074,3.523622214620811,28.0,28.011110563873274,True
1984.0,3.4071,3.5234649376703904,28.0,28.012018811559358,True
1985.0,3.4068,3.523307736679617,28.0,28.012926659007917,True
1986.0,3.4068,3.523150611002036,28.0,28.013834106218837,True
1987.0,3.4064,3.522993559993243,28.0,28.01474115319229,True
1988.0,3.4061,3.5228365830108817,28.0,28.015647799928217,True
1989.0,3.4058,3.5226796794146282,28.0,28.016554046426506,True
1990.0,3.4055,3.522522848566179,28.0,28.01745989268727,True
1991.0,3.4052,3.5223660898292457,28.0,28.01836533871051,True
1992.0,3.4049,3.5222094025695454,28.0,28.019270384496167,True
1993.0,3.4046,3.5220527861547737,28.0,28.0201750300443,True
1994.0,3.4043,3.521896239954614,28.0,28.02107927535485,True
1995.0,3.404,3.52173976334071,28.0,28.02198312042782,True
1996.0,3.404,3.5215833556866625,28.0,28.02288656526332,True
1997.0,3.4037,3.521427016368007,28.0,28.02378960986124,True
1998.0,3.4033,3.5212707447622265,28.0,28.024692254221634,True
1999.0,3.403,3.521114540248708,28.0,28.025594498344446,True
2000.0,3.4027,3.520958402208746,28.0,28.026496342229677,True
2001.0,3.4024,3.5208023300255413,28.0,28.027397785877326,True
2002.0,3.4021,3.5206463230841787,28.0,28.028298829287507,True
2003.0,3.4015,3.5204903807715953,28.0,28.029199472460107,True
2004.0,3.4012,3.520334502476617,28.0,28.030099715395124,True
2005.0,3.4009,3.5201786899460354,28.0,28.03100097945196,True
2006.0,3.4009,3.5200229585820004,28.0,28.03191292121801,True
2007.0,3.4006,3.519867289522647,28.0,28.032824526463003,True
2008.0,3.4002,3.5197116821641097,28.0,28.033735795186658,True
2009.0,3.3999,3.5195561359043155,27.8,28.0346467273892,True
2010.0,3.3996,3.5194006501429933,28.0,28.03555732307052,True
2011.0,3.3993,3.5192452242816246,28.0,28.03646758223067,True
2012.0,3.399,3.519089857723476,28.0,28.037377504869596,True
2013.0,3.3987,3.5189345498735505,28.0,28.03828709098741,True
2014.0,3.3984,3.518779300138596,28.0,28.039196340583942,True
2015.0,3.3981,3.518624107927069,28.0,28.040105253659306,True
2016.0,3.3981,3.518468972649157,28.0,28.0410138302135,True
2017.0,3.3975,3.518313893716735,28.0,28.041922070246528,True
2018.0,3.3975,3.518158870543374,28.0,28.04282997375833,True
2019.0,3.3971,3.518003902544314,28.0,28.043737540748964,True
2020.0,3.3968,3.517848989136453,28.0,28.04464477121843,True
2021.0,3.3965,3.5176941297383486,28.0,28.045551665166613,True
2022.0,3.3962,3.5175393237701846,28.2,28.046458222593685,True
2023.0,3.3959,3.517384570653776,28.0,28.047364443499532,True
2024.0,3.3956,3.517229869812534,28.2,28.048270327884268,True
2025.0,3.3953,3.5170752206714924,28.2,28.04917587574772,True
2026.0,3.395,3.516920622657242,28.0,28.050081087090007,True
2027.0,3.3947,3.5167660751979706,28.2,28.050985961911124,True
2028.0,3.3944,3.516611577723402,28.0,28.051890500211016,True
2029.0,3.394,3.516457129664829,28.2,28.05279470198974,True
2030.0,3.3934,3.5163027304550547,28.0,28.05369856724724,True
2031.0,3.3931,3.5161483795284214,28.2,28.054602095983626,True
2032.0,3.3928,3.515994076320764,28.0,28.05550528819873,True
2033.0,3.3925,3.5158398202694174,28.0,28.056408143892725,True
2034.0,3.3925,3.515685610813202,28.0,28.057310663065437,True
2035.0,3.3922,3.515531447392399,28.0,28.058212845717037,True
2036.0,3.3919,3.515377329448737,28.0,28.059114691847412,True
2037.0,3.3916,3.5152232564254065,28.0,28.06001620145662,True
2038.0,3.3913,3.5150692277670035,28.2,28.0609173745446,True
2039.0,3.3909,3.5149152429195474,28.2,28.061818211111472,True
2040.0,3.3906,3.5147613013304704,28.0,28.06271871115706,True
2041.0,3.3903,3.514607402448567,28.0,28.063618874681538,True
2042.0,3.3897,3.514453545724028,28.0,28.064518701684733,True
2043.0,3.3897,3.514299730608396,28.2,28.065418192166817,True
2044.0,3.3894,3.514145956554565,28.0,28.066317346127676,True
2045.0,3.3891,3.513992223016761,28.0,28.067216163567366,True
2046.0,3.3888,3.513838529450528,28.2,28.06811464448583,True
2047.0,3.3885,3.5136848753127166,28.2,28.06901278888313,True
2048.0,3.3882,3.5135312600614825,28.2,28.069910596759257,True
2049.0,3.3878,3.513377683156253,28.2,28.07080806811416,True
2050.0,3.3875,3.5132241440577205,28.2,28.07170520294784,True
2051.0,3.3875,3.513070642227831,28.2,28.072602001260407,True
2052.0,3.3869,3.512917177129777,28.2,28.07349846305175,True
2053.0,3.3869,3.512763748227966,28.2,28.074394588321866,True
2054.0,3.3866,3.5126103549880225,28.2,28.07529037707087,True
2055.0,3.3863,3.5124569968767774,28.2,28.07618582929865,True
2056.0,3.386,3.5123036733622293,28.2,28.077080945005207,True
2057.0,3.3854,3.5121503839135646,28.0,28.07797572419065,True
2058.0,3.3851,3.511997128001122,28.2,28.078870166854756,True
2059.0,3.3844,3.5118439050963794,28.2,28.079764272997807,True
2060.0,3.3844,3.511690714671946,28.2,28.080658042619632,True
2061.0,3.3841,3.5115375562015494,28.0,28.081551475720232,True
2062.0,3.3835,3.511384429160023,28.2,28.082444572299664,True
2063.0,3.3835,3.5112313330232823,28.2,28.083337332357985,True
2064.0,3.3832,3.5110782672683185,28.2,28.084229755895024,True
2065.0,3.3826,3.510925231373181,28.2,28.085121842910894,True
2066.0,3.3826,3.5107722248169764,28.2,28.08601359340554,True
2067.0,3.382,3.510619247079835,28.2,28.086905007379073,True
2068.0,3.3816,3.5104662976429095,28.2,28.087796084831325,True
2069.0,3.3813,3.510313375988356,28.2,28.088686825762466,True
2070.0,3.381,3.5101604815993217,28.2,28.08957723017238,True
2071.0,3.3807,3.510007613959942,28.2,28.09046729806107,True
2072.0,3.3804,3.509854772555291,28.2,28.091357029428593,True
2073.0,3.3801,3.5097019568714147,28.2,28.092246424275004,True
2074.0,3.3798,3.50954916639529,28.2,28.093135482600132,True
2075.0,3.3795,3.5093964006148113,28.2,28.094024204404093,True
2076.0,3.3792,3.5092436590187766,28.2,28.094912589686885,True
2077.0,3.3789,3.50909094109688,28.2,28.09580063844851,True
2078.0,3.3785,3.508938246339705,28.4,28.09668835068885,True
2079.0,3.3782,3.508785574238687,28.4,28.09757572640808,True
2080.0,3.3779,3.5086329242861143,28.2,28.09846276560603,True
2081.0,3.3776,3.5084802959751156,28.2,28.099349468282924,True
2082.0,3.3773,3.5083276887996404,28.2,28.100235834438536,True
2083.0,3.377,3.508175102254456,28.2,28.10112186407298,True
2084.0,3.3767,3.5080225358351016,28.2,28.102007557186198,True
2085.0,3.3764,3.507869989037922,28.2,28.10289291377825,True
2086.0,3.3761,3.507717461360008,28.4,28.10377793384913,True
2087.0,3.3758,3.5075649522992207,28.2,28.104662617398844,True
2088.0,3.3754,3.507412461354149,28.4,28.105546964427333,True
2089.0,3.3751,3.5072599880240984,28.4,28.106430974934597,True
2090.0,3.3748,3.5071075318090945,28.4,28.10731464892075,True
2091.0,3.3745,3.506955092209855,28.4,28.108197986385676,True
2092.0,3.3739,3.5068026687277754,28.4,28.109080987329378,True
2093.0,3.3736,3.5066502608649235,28.4,28.10996365175197,True
2094.0,3.3733,3.506497868124018,28.4,28.110845979653334,True
2095.0,3.373,3.5063454900084094,28.2,28.111727971033474,True
2096.0,3.3723,3.506193126022082,28.4,28.11260962589239,True
2097.0,3.3723,3.506040775669618,28.2,28.113490944230193,True
2098.0,3.372,3.5058884384562017,28.4,28.11437192604683,True
2099.0,3.3714,3.505736113887592,28.4,28.115252571342182,True
2100.0,3.3714,3.505583801470128,28.4,28.116132880116425,True
2101.0,3.3711,3.505431500710686,28.4,28.117012852369385,True
2102.0,3.3708,3.5052792111166937,28.4,28.117892488101234,True
2103.0,3.3702,3.505126932196081,28.4,28.118771787311914,True
2104.0,3.3702,3.5049746634573107,28.4,28.11965075000137,True
2105.0,3.3696,3.504822404409326,28.2,28.120529376169543,True
2106.0,3.3692,3.5046701545615515,28.2,28.121407665816662,True
2107.0,3.3689,3.5045179134238875,28.4,28.122285618942556,True
2108.0,3.3686,3.504365680506667,28.4,28.123163235547224,True
2109.0,3.3683,3.504213455320679,28.4,28.124040515630725,True
2110.0,3.368,3.5040612373771185,28.4,28.124917459193,True
2111.0,3.3677,3.503909026187609,28.4,28.125794066234164,True
2112.0,3.3674,3.5037568212641492,28.4,28.126670336754046,True
2113.0,3.3671,3.503604622119121,28.4,28.127546270752816,True
2114.0,3.3668,3.5034524282652684,28.4,28.12842186823036,True
2115.0,3.3665,3.503300239215705,28.4,28.129297129186682,True
2116.0,3.3658,3.5031480544838502,28.4,28.13017205362189,True
2117.0,3.3655,3.5029958735834668,28.4,28.131046641535818,True
2118.0,3.3652,3.5028436960286173,28.4,28.131920892928633,True
2119.0,3.3649,3.5026915213336536,28.4,28.132794807800167,True
2120.0,3.3646,3.502539349013207,28.4,28.133668386150646,True
2121.0,3.3643,3.502387178582175,28.4,28.134541627979843,True
2122.0,3.364,3.5022350095557004,28.4,28.135414533287815,True
2123.0,3.3637,3.5020828414491643,28.4,28.136287102074675,True
2124.0,3.3634,3.501930673778157,28.4,28.13715933434031,True
2125.0,3.363,3.501778506058479,28.2,28.138031230084778,True
2126.0,3.3627,3.501626337806134,28.4,28.138902789308077,True
2127.0,3.3624,3.5014741685372806,28.4,28.13977401201015,True
2128.0,3.3618,3.501321997768245,28.4,28.140644898191,True
2129.0,3.3615,3.5011698250155088,28.4,28.141515447850736,True
2130.0,3.3612,3.5010176497956835,28.4,28.14238566098919,True
2131.0,3.3609,3.5008654716254823,28.4,28.14325553760648,True
2132.0,3.3606,3.5007132900217397,28.4,28.144125077702597,True
2133.0,3.3603,3.5005611045013723,28.4,28.144994281277548,True
2134.0,3.3599,3.5004089145813695,28.2,28.145863148331273,True
2135.0,3.3596,3.500256719778774,28.4,28.14673167886383,True
2136.0,3.3593,3.5001045196106797,28.4,28.14759987287522,True
2137.0,3.359,3.4999523135942128,28.4,28.148467730365326,True
2138.0,3.3587,3.4998001012465,28.4,28.149335251334378,True
2139.0,3.3584,3.4996478820846897,28.4,28.15020243578215,True
2140.0,3.3575,3.499495655625901,28.4,28.151069283708694,True
2141.0,3.3572,3.4993434213872194,28.4,28.151935795114184,True
2142.0,3.3568,3.4991911788856993,28.4,28.152801969998393,True
2143.0,3.3565,3.499038927638334,28.4,28.153667808361377,True
2144.0,3.3562,3.4988866671620436,28.4,28.15453331020325,True
2145.0,3.3559,3.4987343969736426,28.4,28.15539847552384,True
2146.0,3.3553,3.4985821165898767,28.4,28.156263304323318,True
2147.0,3.3553,3.4984298255273445,28.4,28.15712779660163,True
2148.0,3.355,3.4982775233025274,28.4,28.157991952358657,True
2149.0,3.3544,3.4981252094317608,28.6,28.158855771594574,True
2150.0,3.3541,3.4979728834312085,28.4,28.159719254309266,True
2151.0,3.3537,3.4978205448168604,28.4,28.160582400502733,True
2152.0,3.3534,3.4976681931045284,28.4,28.16144521017509,True
2153.0,3.3531,3.4975158278098,28.4,28.162307683326162,True
2154.0,3.3528,3.4973634484480587,28.6,28.163169819956124,True
2155.0,3.3525,3.4972110545344415,28.4,28.164031620064918,True
2156.0,3.3519,3.4970586455838433,28.4,28.16489308365243,True
2157.0,3.3516,3.4969062211108914,28.4,28.165754210718774,True
2158.0,3.3513,3.496753780629925,28.4,28.16661500126395,True
2159.0,3.351,3.496601323655001,28.4,28.167475455287956,True
2160.0,3.3506,3.496448849699866,28.4,28.16833557279074,True
2161.0,3.3503,3.496296358277936,28.4,28.169195353772352,True
2162.0,3.3497,3.496143848902292,28.4,28.17005479823274,True
2163.0,3.3494,3.495991321085666,28.4,28.17091390617196,True
2164.0,3.3491,3.495838774340415,28.4,28.171772677590013,True
2165.0,3.3485,3.495686208178519,28.4,28.172631112486783,True
2166.0,3.3482,3.4955336221115503,28.4,28.1734892108625,True
2167.0,3.3479,3.49538101565068,28.4,28.174346972716933,True
2168.0,3.3475,3.4952283883066477,28.4,28.175204398050198,True
2169.0,3.3472,3.495075739589747,28.4,28.176061486862295,True
2170.0,3.3466,3.494923069009815,28.4,28.176918239153167,True
2171.0,3.3466,3.4947703760762283,28.4,28.17777465492287,True
2172.0,3.346,3.494617660297861,28.4,28.17863073417135,True
2173.0,3.3457,3.494464921183097,28.4,28.17948647689866,True
2174.0,3.3454,3.494312158239795,28.6,28.180341883104802,True
2175.0,3.3451,3.4941593709752943,28.6,28.181196952789776,True
2176.0,3.3448,3.4940065588963742,28.6,28.182051685953525,True
2177.0,3.3441,3.4938537215092618,28.4,28.182906082596105,True
2178.0,3.3438,3.4937008583196083,28.4,28.18376014271746,True
2179.0,3.3435,3.4935479688324746,28.6,28.18461386631759,True
2180.0,3.3432,3.4933950525523114,28.4,28.18546725339661,True
2181.0,3.3429,3.4932421089829533,28.4,28.186320303954403,True
2182.0,3.342,3.4930891376275985,28.4,28.18717301799103,True
2183.0,3.3417,3.492936137988798,28.6,28.188025395506486,True
2184.0,3.3413,3.492783109568432,28.6,28.18887743650066,True
2185.0,3.341,3.49263005186771,28.4,28.189729140973668,True
2186.0,3.3404,3.492476964387134,28.4,28.190580508925507,True
2187.0,3.3401,3.4923238466265185,28.4,28.191431540356177,True
2188.0,3.3398,3.4921706980849336,28.4,28.192282235265623,True
2189.0,3.3395,3.4920175182607154,28.6,28.1931325936539,True
2190.0,3.3392,3.4918643066514434,28.4,28.193982615521065,True
2191.0,3.3389,3.491711062753944,28.4,28.19483230086695,True
2192.0,3.3382,3.491557786064241,28.6,28.195681649691664,True
2193.0,3.3379,3.4914044760775766,28.4,28.196530661995098,True
2194.0,3.3376,3.4912511322883577,28.4,28.19737933777742,True
2195.0,3.3373,3.4910977541901924,28.4,28.198227677038574,True
2196.0,3.337,3.4909443412758168,28.4,28.199075679778502,True
2197.0,3.3364,3.490790893037134,28.4,28.19992334599732,True
2198.0,3.3361,3.490637408965154,28.6,28.200770675694855,True
2199.0,3.3358,3.49048388855002,28.6,28.201617668871222,True
2200.0,3.3355,3.4903303312809473,28.6,28.202464325526364,True
2201.0,3.3348,3.4901767366462617,28.6,28.203310645660338,True
2202.0,3.3345,3.4900231041333356,28.4,28.2041566292732,True
2203.0,3.3339,3.489869433228602,28.6,28.20500227636478,True
2204.0,3.3336,3.489715723417543,28.6,28.205847586935192,True
2205.0,3.3333,3.489561974184648,28.4,28.206692560984436,True
2206.0,3.3327,3.489408185013422,28.6,28.20753719851251,True
2207.0,3.3324,3.489254355386366,28.4,28.208381499519305,True
2208.0,3.332,3.489100484784962,28.6,28.209225464004987,True
2209.0,3.3314,3.4889465726896445,28.6,28.210069091969444,True
2210.0,3.3311,3.4887926185798075,28.6,28.210912383412676,True
2211.0,3.3308,3.488638621933787,28.4,28.211755338334797,True
2212.0,3.3305,3.4884845822288235,28.6,28.212597956735692,True
2213.0,3.3302,3.488330498941066,28.6,28.21344023861542,True
2214.0,3.3296,3.4881763715455643,28.6,28.214282183973978,True
2215.0,3.3293,3.488022199516236,28.6,28.215123792811255,True
2216.0,3.3289,3.4878679823258594,28.6,28.21596506512742,True
2217.0,3.3283,3.487713719446061,28.6,28.21680600092236,True
2218.0,3.328,3.4875594103472944,28.6,28.217646600196076,True
2219.0,3.3277,3.487405054498846,28.6,28.21848686294868,True
2220.0,3.3274,3.487250651368779,28.6,28.219326789180002,True
2221.0,3.3271,3.4870962004239643,28.6,28.220166378890212,True
2222.0,3.3265,3.486941701130036,28.6,28.221005632079198,True
2223.0,3.3258,3.4867871529513907,28.6,28.22184454874707,True
2224.0,3.3252,3.4866325553511595,28.6,28.222683128893607,True
2225.0,3.3249,3.4864779077912216,28.6,28.223521372519087,True
2226.0,3.3246,3.4863232097321464,28.6,28.224359279623286,True
2227.0,3.3243,3.486168460633211,28.8,28.225196850206373,True
2228.0,3.3237,3.486013659952394,28.6,28.226034084268235,True
2229.0,3.3234,3.4858588071463155,28.8,28.226870981808872,True
2230.0,3.3231,3.4857039016702713,28.6,28.22770754282834,True
2231.0,3.3227,3.485548942978188,28.8,28.22854376732664,True
2232.0,3.3221,3.4853939305226307,28.6,28.22937965530366,True
2233.0,3.3218,3.4852388637547587,28.6,28.230215206759624,True
2234.0,3.3215,3.485083742124345,28.6,28.231050421694363,True
2235.0,3.3209,3.4849285650797324,28.6,28.23188530010782,True
2236.0,3.3206,3.484773332067834,28.6,28.232719842000222,True
2237.0,3.3203,3.484618042534132,28.6,28.233554047371342,True
2238.0,3.3196,3.4844626959226175,28.6,28.234387916221237,True
2239.0,3.3193,3.484307291675844,28.8,28.23522144855002,True
2240.0,3.3187,3.4841518292348392,28.6,28.23605464435758,True
2241.0,3.3184,3.483996308039151,28.6,28.23688750364397,True
2242.0,3.3178,3.483840727526799,28.8,28.237720026409193,True
2243.0,3.3172,3.483685087134269,28.6,28.238552212653133,True
2244.0,3.3169,3.4835293862965027,28.6,28.23938406237596,True
2245.0,3.3165,3.4833736244468785,28.6,28.240215575577565,True
2246.0,3.3162,3.4832178010172017,28.6,28.241046752258057,True
2247.0,3.3156,3.4830619154376805,28.6,28.241877592417268,True
2248.0,3.3153,3.4829059671369285,28.8,28.24270809605531,True
2249.0,3.3147,3.482749955541923,28.6,28.243538263172184,True
2250.0,3.3144,3.4825938800780323,28.6,28.244368093767832,True
2251.0,3.3138,3.4824377401689555,28.6,28.245197587842313,True
2252.0,3.3134,3.4822815352367473,28.6,28.246026745395568,True
2253.0,3.3131,3.4821252647017737,28.6,28.246855566427712,True
2254.0,3.3125,3.4819689279827184,28.6,28.24768405093863,True
2255.0,3.3122,3.481812524496557,28.6,28.248512198928324,True
2256.0,3.3119,3.481656053658554,28.6,28.249340010396793,True
2257.0,3.3113,3.4814995148822305,28.6,28.25016748534415,True
2258.0,3.311,3.481342907579373,28.6,28.25099462377034,True
2259.0,3.3103,3.481186231160006,28.6,28.251821425675246,True
2260.0,3.3097,3.48102948503237,28.6,28.252647891058984,True
2261.0,3.3094,3.480872668602939,28.6,28.25347401992161,True
2262.0,3.3088,3.4807157812763614,28.6,28.254299812263014,True
2263.0,3.3085,3.4805588224554778,28.6,28.255125268083134,True
2264.0,3.3079,3.4804017915413077,28.6,28.2559503873822,True
2265.0,3.3076,3.480244687933028,28.6,28.256775170159983,True
2266.0,3.3072,3.4800875110279472,28.6,28.257599616416655,True
2267.0,3.3066,3.4799302602215083,28.6,28.258423726152103,True
2268.0,3.3063,3.479772934907279,28.6,28.259247499366325,True
2269.0,3.3057,3.4796155344769124,28.6,28.26007093605938,True
2270.0,3.3054,3.4794580583201724,28.6,28.260894036231264,True
2271.0,3.3048,3.4793005058248765,28.8,28.261716799881867,True
2272.0,3.3045,3.47914287637692,28.6,28.26253922701136,True
2273.0,3.3041,3.47898516936023,28.6,28.263361317619626,True
2274.0,3.3035,3.478827384156792,28.6,28.264183071706782,True
2275.0,3.3032,3.4786695201465934,28.6,28.265004489272656,True
2276.0,3.3026,3.4785115767076342,28.6,28.26582557031736,True
2277.0,3.302,3.4783535532159227,28.8,28.266646314840955,True
2278.0,3.3014,3.4781954490454243,28.6,28.267466722843267,True
2279.0,3.301,3.478037263568095,28.6,28.26828679432441,True
2280.0,3.3004,3.4778789961538474,28.6,28.26910652928433,True
2281.0,3.3001,3.477720646170515,28.6,28.269925927723136,True
2282.0,3.2995,3.4775622129838837,28.8,28.27074498964072,True
2283.0,3.2992,3.477403695957645,28.6,28.271563715037075,True
2284.0,3.2986,3.477245094453395,28.6,28.27238210391232,True
2285.0,3.2983,3.477086407830627,28.6,28.273200156266284,True
2286.0,3.2976,3.4769276354467005,28.6,28.27401787209908,True
2287.0,3.2973,3.476768776656857,28.8,28.274835251410707,True
2288.0,3.2967,3.4766098308141804,28.8,28.275652294201166,True
2289.0,3.2964,3.4764507972695986,28.8,28.2764690004704,True
2290.0,3.2958,3.4762916753718627,28.8,28.277285370218465,True
2291.0,3.2952,3.476132464467547,28.8,28.278101403445362,True
2292.0,3.2945,3.4759731639010214,28.8,28.278917100151034,True
2293.0,3.2939,3.4758137730144543,28.6,28.279732460335538,True
2294.0,3.2936,3.4756542911477895,28.8,28.280547483998816,True
2295.0,3.293,3.475494717638737,28.8,28.28136217114087,True
2296.0,3.2927,3.4753350518227526,28.8,28.282176521761812,True
2297.0,3.2921,3.4751752930330575,28.8,28.28299053586153,True
2298.0,3.2917,3.4750154406005813,28.7,28.283804213440078,True
2299.0,3.2911,3.4748554938539815,28.8,28.2846175544974,True
2300.0,3.2908,3.474695452119619,28.6,28.285430559033557,True
2301.0,3.2902,3.4745353147215545,28.8,28.286243227048544,True
2302.0,3.2896,3.474375080981534,28.8,28.287055558542306,True
2303.0,3.2893,3.474214750218963,28.6,28.2878675535149,True
2304.0,3.2886,3.4740543217509123,28.8,28.28867921196627,True
2305.0,3.288,3.4738937948921187,28.6,28.28949053389647,True
2306.0,3.2874,3.473733168954941,28.8,28.2903015193055,True
2307.0,3.2871,3.473572443249352,28.8,28.291112168193308,True
2308.0,3.2862,3.4734116170829745,28.8,28.291922480559947,True
2309.0,3.2859,3.4732506897610005,28.8,28.29273245640536,True
2310.0,3.2852,3.4730896605862487,28.6,28.293542095729663,True
2311.0,3.2846,3.472928528859087,28.8,28.294351398532683,True
2312.0,3.2843,3.4727672938774785,28.8,28.295160364814592,True
2313.0,3.2837,3.4726059549369452,28.8,28.29596899457522,True
2314.0,3.2834,3.472444511330557,28.8,28.29677728781479,True
2315.0,3.2824,3.472282962348913,28.8,28.297585244533025,True
2316.0,3.2821,3.4721213072801604,28.8,28.298392864730147,True
2317.0,3.2815,3.4719595454099568,28.8,28.299200148406044,True
2318.0,3.2809,3.4717976760214766,28.8,28.30000709556083,True
2319.0,3.2806,3.4716356983953807,28.9,28.300813706194276,True
2320.0,3.28,3.471473611809835,28.7,28.30161998030667,True
2321.0,3.2793,3.471311415540476,28.8,28.302425917897835,True
2322.0,3.2787,3.471149108860414,29.0,28.303231518967777,True
2323.0,3.2781,3.470986691040219,28.8,28.304036783516608,True
2324.0,3.2772,3.470824161347916,28.8,28.304841711544157,True
2325.0,3.2769,3.470661519048969,28.8,28.305646303050537,True
2326.0,3.2762,3.4704987634062747,28.8,28.30645055803575,True
2327.0,3.2756,3.470335893680156,28.7,28.307254476499793,True
2328.0,3.2753,3.4701729091283458,29.0,28.30805805844261,True
2329.0,3.2747,3.470009809005994,28.8,28.308861303864262,True
2330.0,3.2741,3.4698465925656397,28.8,28.309664212764687,True
2331.0,3.2734,3.469683259057208,28.8,28.310466785143944,True
2332.0,3.2728,3.4695198077280223,28.9,28.311269021001976,True
2333.0,3.2722,3.469356237822752,29.0,28.312070920338897,True
2334.0,3.2716,3.469192548583449,28.7,28.312872483154592,True
2335.0,3.271,3.46902873924952,29.0,28.313673709449063,True
2336.0,3.27,3.4688648090577106,28.9,28.314474599222365,True
2337.0,3.2694,3.4687007572421233,29.0,28.3152751524745,True
2338.0,3.2688,3.4685365830341874,28.7,28.316075369205407,True
2339.0,3.2682,3.46837228566264,28.8,28.31687524941509,True
2340.0,3.2676,3.4682078643535657,28.9,28.317674793103663,True
2341.0,3.2669,3.4680433183303423,28.7,28.318474000271067,True
2342.0,3.2663,3.46787864681366,29.0,28.31927287091719,True
2343.0,3.266,3.4677138490215063,28.8,28.320071405042142,True
2344.0,3.2654,3.4675489241691535,29.0,28.320869602645928,True
2345.0,3.2648,3.4673838714691616,28.9,28.321667463728545,True
2346.0,3.2641,3.467218690131379,28.9,28.32246498828988,True
2347.0,3.2635,3.4670533793629192,28.8,28.323262176330104,True
2348.0,3.2629,3.4668879383681577,28.9,28.32405902784916,True
2349.0,3.2617,3.4667223663487414,29.0,28.32485554284699,True
2350.0,3.2614,3.4665566625035615,28.8,28.325651721323595,True
2351.0,3.2604,3.466390826028768,28.9,28.32644756327909,True
2352.0,3.2598,3.466224856117753,28.8,28.3272430687133,True
2353.0,3.2592,3.466058751961143,28.8,28.3280382376264,True
2354.0,3.2586,3.4658925127468123,29.0,28.328833070018277,True
2355.0,3.2579,3.4657261376598574,28.8,28.329627565888984,True
2356.0,3.2573,3.4655596258825994,28.9,28.330421725238466,True
2357.0,3.2567,3.4653929765945852,28.9,28.33121554806678,True
2358.0,3.2561,3.4652261889725726,28.7,28.33200903437387,True
2359.0,3.2555,3.46505926219055,28.9,28.33280218415979,True
2360.0,3.2542,3.4648921954196927,28.8,28.333594997424484,True
2361.0,3.2539,3.464724987828407,29.0,28.334387474168068,True
2362.0,3.253,3.4645576385822867,28.9,28.335179614390427,True
2363.0,3.2524,3.4643901468441265,28.9,28.33597141809156,True
2364.0,3.2517,3.464222511773928,28.9,28.33676288527164,True
2365.0,3.2511,3.464054732528886,28.9,28.33755401593038,True
2366.0,3.2505,3.4638868082633802,28.9,28.33834481006801,True
2367.0,3.2496,3.463718738128994,28.9,28.339135267684355,True
2368.0,3.249,3.463550521274496,28.9,28.33992538877959,True
2369.0,3.2483,3.4633821568458325,29.0,28.3407151733536,True
2370.0,3.2477,3.463213643986149,29.0,28.341504621406443,True
2371.0,3.2468,3.463044981835775,28.9,28.342293732938117,True
2372.0,3.2459,3.462876169532215,28.9,28.343082507948566,True
2373.0,3.2452,3.462707206210161,28.9,28.34387094643779,True
2374.0,3.2443,3.462538091001496,28.9,28.344659048405845,True
2375.0,3.2437,3.462368823035277,28.9,28.345446813852732,True
2376.0,3.2431,3.4621994014377444,28.9,28.34623424277845,True
2377.0,3.2424,3.4620298253323294,28.9,28.347021335182944,True
2378.0,3.2415,3.4618600938396473,28.9,28.347808091066213,True
2379.0,3.2409,3.4616902060774772,29.0,28.34859451042837,True
2380.0,3.24,3.4615201611608124,28.9,28.34938059326936,True
2381.0,3.2393,3.461349958201826,28.9,28.350166339589066,True
2382.0,3.2387,3.4611795963098717,29.1,28.350951749387605,True
2383.0,3.2375,3.4610090745914968,28.9,28.35173682266492,True
2384.0,3.2366,3.4608383921504484,29.0,28.35252155942112,True
2385.0,3.2359,3.4606675480876676,29.1,28.353305959656097,True
2386.0,3.2353,3.4604965415012923,29.1,28.354090023369906,True
2387.0,3.2344,3.460325371486666,29.1,28.35487375056249,True
2388.0,3.2338,3.460154037136326,29.1,28.355657141233905,True
2389.0,3.2328,3.4599825375400424,29.0,28.356440195384096,True
2390.0,3.2319,3.4598108717847738,29.1,28.357222913013175,True
2391.0,3.231,3.459639038954709,28.9,28.35800529412097,True
2392.0,3.23,3.4594670381312596,29.1,28.3587873387076,True
2393.0,3.2291,3.459294868393062,29.1,28.35956904677306,True
2394.0,3.2285,3.4591225288159846,29.1,28.360350418317353,True
2395.0,3.2276,3.4589500184731397,29.1,28.36113145334042,True
2396.0,3.2266,3.458777336434866,29.1,28.36191215184232,True
2397.0,3.226,3.4586044815283286,29.1,28.362692398941533,True
2398.0,3.2251,3.4584314532325884,29.1,28.36347241300507,True
2399.0,3.2242,3.458258250768427,29.1,28.364252274776106,True
2400.0,3.2232,3.458084872844408,29.1,28.365031805199067,True
2401.0,3.222,3.4579113176004403,29.1,28.365810536470804,True
2402.0,3.2214,3.457737585267592,29.1,28.366589069272834,True
2403.0,3.2204,3.457563674897158,29.1,28.36736740360493,True
2404.0,3.2195,3.4573895855377357,29.1,28.368145539467378,True
2405.0,3.2189,3.457215316235235,29.1,28.368923476860004,True
2406.0,3.218,3.4570408660328997,29.1,28.369701215782868,True
2407.0,3.217,3.4568662339712897,29.1,28.37047875623597,True
2408.0,3.2161,3.4566914190883162,29.1,28.371256098219305,True
2409.0,3.2152,3.456516420419246,29.1,28.372033241732765,True
2410.0,3.2139,3.4563412369967055,29.1,28.372810186776576,True
2411.0,3.213,3.4561658678506926,29.1,28.373586933350566,True
2412.0,3.2121,3.4559903120086037,29.1,28.37436348145468,True
2413.0,3.2111,3.4558145684952226,29.1,28.375139831089143,True
2414.0,3.2102,3.455638636332753,29.1,28.37591598225373,True
2415.0,3.2093,3.45546251454082,29.1,28.376691934948553,True
2416.0,3.2083,3.4552862021364934,29.1,28.37746768917367,True
2417.0,3.2074,3.455109698134284,29.1,28.378243244928967,True
2418.0,3.2062,3.454933001546172,29.1,28.379018602214444,True
2419.0,3.2052,3.4547561113816165,29.1,28.379793761030214,True
2420.0,3.2043,3.454579026647588,29.1,28.380568721376164,True
2421.0,3.2034,3.4544017463485397,29.1,28.38134348325235,True
2422.0,3.2025,3.454224269486478,29.1,28.382118046658718,True
2423.0,3.2015,3.454046595060934,29.3,28.38289241159532,True
2424.0,3.2003,3.4538687220690067,29.1,28.38366657806222,True
2425.0,3.1994,3.453690649505381,29.1,28.38444054605924,True
2426.0,3.1981,3.453512376362312,29.1,28.385214315586552,True
2427.0,3.1972,3.453333901629689,29.3,28.385987886644045,True
2428.0,3.1963,3.453155224295019,29.1,28.386761259231776,True
2429.0,3.195,3.452976343343479,29.3,28.387534433349686,True
2430.0,3.1941,3.4527972577578874,29.3,28.38830740899789,True
2431.0,3.1928,3.4526179665187717,29.3,28.389080186176216,True
2432.0,3.1919,3.452438468604368,29.3,28.389852764884893,True
2433.0,3.191,3.452258762990638,29.3,28.390625145123693,True
2434.0,3.1897,3.4520788486512943,29.3,28.39139732689273,True
2435.0,3.1885,3.4518987276612507,29.3,28.39217085578798,True
2436.0,3.1876,3.4517183962534936,29.3,28.392944368896394,True
2437.0,3.1863,3.4515378530590506,29.3,28.39371769883445,True
2438.0,3.1854,3.4513570970428744,29.3,28.39449084560232,True
2439.0,3.1842,3.4511761271677868,29.3,28.395263809199832,True
2440.0,3.1832,3.450994942394499,29.3,28.39603658962716,True
2441.0,3.1817,3.4508135416816366,29.3,28.396809186884184,True
2442.0,3.1808,3.450631923985771,29.3,28.39758160097091,True
2443.0,3.1795,3.4504500882614355,29.3,28.39835383188739,True
2444.0,3.1786,3.4502680334611626,29.3,28.399125879633573,True
2445.0,3.1773,3.450085758535502,29.3,28.39989774420951,True
2446.0,3.1764,3.449903262433052,29.3,28.40066942561515,True
2447.0,3.1752,3.4497205441004817,29.5,28.401440923850544,True
2448.0,3.1736,3.4495376024825823,29.5,28.402212238915638,True
2449.0,3.1724,3.4493544365222637,29.3,28.402983370810546,True
2450.0,3.1715,3.449171045160604,29.5,28.403754319535096,True
2451.0,3.1702,3.448987427336873,29.3,28.40452508508946,True
2452.0,3.169,3.448803581988572,29.5,28.40529566747341,True
2453.0,3.1677,3.4486195080514594,29.5,28.406066066687174,True
2454.0,3.1668,3.4484352044595727,29.5,28.40683628273075,True
2455.0,3.1653,3.4482506701452835,29.5,28.407606315603914,True
2456.0,3.164,3.448065904039303,29.3,28.408376165306834,True
2457.0,3.1628,3.44788090507074,29.5,28.409145831839567,True
2458.0,3.1615,3.44769567216713,29.5,28.409915315201943,True
2459.0,3.1603,3.4475102042544528,29.5,28.410684615394132,True
2460.0,3.1591,3.447324500257192,29.5,28.411453732415907,True
2461.0,3.1575,3.447138559098366,29.3,28.412222666267553,True
2462.0,3.1566,3.44695237969954,29.5,28.41299141694884,True
2463.0,3.155,3.446765960980891,29.5,28.413759984459944,True
2464.0,3.1538,3.44657930186125,29.5,28.41452836880069,True
2465.0,3.1525,3.446392401258112,29.5,28.415296569971247,True
2466.0,3.1513,3.4462052580876965,29.5,28.416064587971505,True
2467.0,3.1498,3.4460178712649854,29.5,28.416832422801406,True
2468.0,3.1485,3.4458302397037643,29.5,28.417600074461177,True
2469.0,3.1473,3.4456423623166375,29.5,28.418367542950534,True
2470.0,3.1457,3.4454542380151163,29.5,28.419134828269705,True
2471.0,3.1445,3.445265865709626,29.5,28.419901930418632,True
2472.0,3.1432,3.4450772443095716,29.5,28.420668849397202,True
2473.0,3.1417,3.4448883727233506,29.5,28.421435585205586,True
2474.0,3.1401,3.4446992498584303,29.5,28.422202137843612,True
2475.0,3.1389,3.444509874621376,29.5,28.422968507311396,True
2476.0,3.1377,3.4443202459179014,29.7,28.423734693608992,True
2477.0,3.1361,3.444130362652913,29.7,28.42450069673623,True
2478.0,3.1349,3.4439402237305567,29.7,28.425266516693227,True
2479.0,3.133,3.4437498280542735,29.7,28.426032153479923,True
2480.0,3.1318,3.4435591745268317,29.7,28.426797607096375,True
2481.0,3.1302,3.4433682620503885,29.7,28.427562877542584,True
2482.0,3.1287,3.443177089526541,29.8,28.428327964818493,True
2483.0,3.1274,3.4429856558563765,29.7,28.4290928689241,True
2484.0,3.1256,3.442793959940499,29.7,28.429857589859466,True
2485.0,3.1243,3.4426020006791247,29.7,28.43062212762453,True
2486.0,3.1228,3.4424097769721107,29.7,28.431386482219352,True
2487.0,3.1215,3.442217287718991,29.7,28.43215065364393,True
2488.0,3.12,3.4420245318190696,29.7,28.43291464189815,True
2489.0,3.1184,3.4418315081714432,29.7,28.433678446982185,True
2490.0,3.1166,3.441638215675067,29.7,28.434442068895976,True
2491.0,3.1153,3.44144465322882,29.8,28.435205507639353,True
2492.0,3.1138,3.4412508197315517,29.7,28.435968763212543,True
2493.0,3.1122,3.4410567140821433,29.7,28.43673183561549,True
2494.0,3.1104,3.440862335179556,29.8,28.437494724848136,True
2495.0,3.1091,3.4406676819229096,29.7,28.43825743091054,True
2496.0,3.1073,3.4404727532115227,29.7,28.439019953802642,True
2497.0,3.106,3.4402775479449907,29.8,28.439782293524445,True
2498.0,3.1042,3.440082065023242,29.7,28.44054445007606,True
2499.0,3.1029,3.4398863033465763,29.8,28.44130642345732,True
2500.0,3.1011,3.439690261815771,29.8,28.442068213668335,True
2501.0,3.0995,3.4394939393321056,29.8,28.442829820709107,True
2502.0,3.098,3.4392973347974563,29.8,28.443591244579636,True
2503.0,3.0964,3.4391004471143383,29.8,28.444352485279808,True
2504.0,3.0943,3.438903275185976,29.8,28.445113542809736,True
2505.0,3.093,3.4387058179163783,29.8,28.44587441716942,True
2506.0,3.0912,3.4385080742104153,29.8,28.446635108358862,True
2507.0,3.0896,3.4383100429738436,29.8,28.447395616377946,True
2508.0,3.0881,3.438111723113421,29.8,28.448155941226844,True
2509.0,3.0862,3.437913113536965,30.0,28.448916082905384,True
2510.0,3.0843,3.4377142131534066,29.8,28.44967604141374,True
2511.0,3.0828,3.437515020872883,29.8,28.450435816751792,True
2512.0,3.0812,3.4373155356067806,29.8,28.451195408919546,True
2513.0,3.0794,3.4371157562678474,29.8,28.451954817917056,True
2514.0,3.0772,3.436915681770224,29.8,28.452714043744265,True
2515.0,3.0757,3.4367153110295585,29.8,28.45347308640123,True
2516.0,3.0738,3.4365146429630538,30.0,28.454231945887898,True
2517.0,3.0722,3.4363136764895503,30.0,28.454990622204377,True
2518.0,3.0704,3.436112410529597,30.0,28.4557491153505,True
2519.0,3.0685,3.43591084400555,30.0,28.45650742532638,True
2520.0,3.0667,3.435708975841634,30.0,28.457265552132014,True
2521.0,3.0651,3.4355068049640085,30.2,28.458023495767293,True
2522.0,3.0633,3.435304330300877,30.0,28.458781256232328,True
2523.0,3.0611,3.435101550782557,30.0,28.45953883352712,True
2524.0,3.0595,3.43489846534154,30.0,28.460296227651668,True
2525.0,3.0577,3.4346950729126036,30.0,28.461053438605973,True
2526.0,3.0558,3.434491372432877,30.0,28.46181046638992,True
2527.0,3.0536,3.4342873628419373,30.0,28.462567311003625,True
2528.0,3.0521,3.4340830430818707,30.0,28.463323972447085,True
2529.0,3.0502,3.433878412097385,30.0,28.46408045072019,True
2530.0,3.0484,3.4336734688358868,30.0,28.464836745823106,True
2531.0,3.0462,3.4334682122475466,30.0,28.465592857755723,True
2532.0,3.0447,3.4332626412854252,30.0,28.466348786518097,True
2533.0,3.0425,3.433056754905527,30.2,28.46710453211017,True
2534.0,3.0409,3.432850552066911,30.0,28.467860094532,True
2535.0,3.0385,3.432644031731766,30.2,28.46861547378353,True
2536.0,3.0366,3.4324371928655237,30.0,28.46937066986476,True
2537.0,3.035,3.4322300344369086,30.2,28.4701256827758,True
2538.0,3.0329,3.4320225554180834,30.0,28.470880512516487,True
2539.0,3.031,3.4318147547846998,30.0,28.471635159086986,True
2540.0,3.0288,3.431606631516011,30.2,28.472389622487185,True
2541.0,3.027,3.4313981845949546,30.2,28.473143902717084,True
2542.0,3.0251,3.4311894130082705,30.2,28.473897999776682,True
2543.0,3.0226,3.430980315746567,30.2,28.474651913666037,True
2544.0,3.0208,3.4307708918044466,30.2,28.475405644385205,True
2545.0,3.0189,3.430561140180574,30.2,28.476159191934016,True
2546.0,3.0171,3.430351059877801,30.4,28.476912556312584,True
2547.0,3.0146,3.430140649903249,30.2,28.47766573752091,True
2548.0,3.0127,3.4299299092684072,30.2,28.478418735558876,True
2549.0,3.0106,3.4297188369892577,30.2,28.479171550426656,True
2550.0,3.0084,3.4295074320863383,30.2,28.47992418212408,True
2551.0,3.0062,3.429295693584878,30.2,28.48067663065126,True
2552.0,3.0044,3.42908362051488,30.2,28.481428896008197,True
2553.0,3.0022,3.428871211911238,30.2,28.48218097819489,True
2554.0,3.0,3.4286584668138183,30.2,28.482932877211283,True
2555.0,2.9978,3.428445384267596,30.2,28.483684593057376,True
2556.0,2.9957,3.428231963322732,30.2,28.484436125733282,True
2557.0,2.9938,3.42801820303471,30.4,28.48518747523883,True
2558.0,2.9916,3.427804102464392,30.4,28.485938641574137,True
2559.0,2.9892,3.427589660678191,30.2,28.486689624739142,True
2560.0,2.987,3.4273748767481313,30.4,28.487440424733904,True
2561.0,2.9848,3.427159749751972,30.2,28.488191041558423,True
2562.0,2.9823,3.426944278773323,30.2,28.48894147521264,True
2563.0,2.9805,3.426728462901743,30.4,28.489691725696616,True
2564.0,2.9783,3.4265123012328647,30.4,28.49044179301029,True
2565.0,2.9761,3.426295792868495,30.4,28.491191677153665,True
2566.0,2.9737,3.4260789369167246,30.4,28.491941378126796,True
2567.0,2.9715,3.425861732492057,30.2,28.492690895929684,True
2568.0,2.969,3.4256441787155136,30.4,28.49344023056227,True
2569.0,2.9671,3.4254262747147286,30.4,28.494189382024615,True
2570.0,2.9644,3.4252080196241,30.4,28.494938350316602,True
2571.0,2.9622,3.4249894125848748,30.4,28.495687135438402,True
2572.0,2.96,3.4247704527452836,30.4,28.49643573738996,True
2573.0,2.9572,3.4245511392606485,30.4,28.49718415617116,True
2574.0,2.9551,3.4243314712934896,30.4,28.49793239178217,True
2575.0,2.9526,3.4241114480136665,30.4,28.498680444222828,True
2576.0,2.9501,3.423891068598491,30.4,28.499428313493297,True
2577.0,2.9476,3.423670332232818,30.4,28.50017599959341,True
2578.0,2.9454,3.423449238109197,30.4,28.500923502523335,True
2579.0,2.9427,3.4232277854279767,30.4,28.501670822282904,True
2580.0,2.9402,3.423005973397439,30.4,28.502417958872286,True
2581.0,2.9377,3.4227838012339036,30.4,28.503164912291368,True
2582.0,2.9355,3.4225612681618487,30.4,28.503911682540206,True
2583.0,2.9327,3.4223383734140507,30.4,28.504658269618687,True
2584.0,2.9303,3.4221151162316867,30.4,28.505404673526982,True
2585.0,2.9278,3.4218914958644664,30.6,28.50615089426492,True
2586.0,2.925,3.4216675115707615,30.6,28.506896931832614,True
2587.0,2.9225,3.4214431626177206,30.4,28.50764278623012,True
2588.0,2.9197,3.4212184482813797,30.6,28.508388457457272,True
2589.0,2.9169,3.4209933678468247,30.4,28.50913394551418,True
2590.0,2.9144,3.4207679206082866,30.6,28.509879250400843,True
2591.0,2.912,3.420542105869257,30.4,28.51062437211715,True
2592.0,2.9089,3.4203159229426574,30.6,28.51136931066327,True
2593.0,2.9061,3.4200893711509153,30.6,28.51211406603909,True
2594.0,2.9036,3.419862449826106,30.6,28.51285863824461,True
2595.0,2.9005,3.4196351583101254,30.6,28.51360302727994,True
2596.0,2.8977,3.419407495954737,30.6,28.514347233144917,True
2597.0,2.8952,3.419179462121758,30.6,28.51509125583965,True
2598.0,2.8921,3.418951056183163,30.6,28.51583509536414,True
2599.0,2.8893,3.4187222775212263,30.6,28.51657875171827,True
2600.0,2.8862,3.41849312552863,30.6,28.517322224902216,True
2601.0,2.8831,3.4182635996085966,30.6,28.518065514915918,True
2602.0,2.8803,3.418033699175042,30.8,28.51880862175932,True
2603.0,2.8772,3.4178034236526798,30.6,28.51955154543242,True
2604.0,2.8745,3.4175727724771403,30.6,28.520294285935222,True
2605.0,2.8714,3.4173417450951415,30.8,28.52103684326778,True
2606.0,2.8683,3.4171103409645656,30.8,28.521779217430037,True
2607.0,2.8652,3.416878559554637,30.8,28.522521408422108,True
2608.0,2.8617,3.4166464003460204,30.8,28.52326341624388,True
2609.0,2.859,3.4164138628309457,30.8,28.52400524089535,True
2610.0,2.8555,3.4161809465133754,30.8,28.524746882376576,True
2611.0,2.8521,3.41594765090909,30.8,28.525488340687502,True
2612.0,2.849,3.41571397554585,30.8,28.526229615828186,True
2613.0,2.8456,3.4154799199635035,30.8,28.52697070779857,True
2614.0,2.8425,3.41524548371414,30.8,28.527711616598708,True
2615.0,2.8385,3.4150106663621886,30.8,28.528452342228604,True
2616.0,2.8357,3.4147754674845676,30.8,28.529192884688143,True
2617.0,2.8323,3.4145398866708163,30.9,28.52993324397744,True
2618.0,2.8286,3.4143039235232227,30.8,28.530673420096548,True
2619.0,2.8255,3.4140675776569434,30.8,28.531413413045243,True
2620.0,2.8214,3.4138308487001408,30.8,28.53215322282381,True
2621.0,2.818,3.4135937362941067,30.8,28.532892849432017,True
2622.0,2.8143,3.413356240093399,30.9,28.53363229286998,True
2623.0,2.8106,3.4131183597659636,30.8,28.534371553137703,True
2624.0,2.8069,3.412880094993265,30.9,28.535110630235124,True
2625.0,2.8031,3.412641445470423,30.8,28.535849524162245,True
2626.0,2.7991,3.412402410906327,30.8,28.536588234919066,True
2627.0,2.7954,3.4121629910237634,30.8,28.537326762505757,True
2628.0,2.7911,3.4119231855595706,30.8,28.538065106922033,True
2629.0,2.7873,3.411682994264726,30.9,28.538803268168124,True
2630.0,2.783,3.4114424169044897,30.9,28.539541246243857,True
2631.0,2.7793,3.411201453258553,30.9,28.540279041149404,True
2632.0,2.7749,3.410960103121135,30.9,28.54101665288465,True
2633.0,2.7709,3.4107183663011136,30.9,28.541754081449653,True
2634.0,2.7666,3.4104762426221646,30.9,28.542491326844356,True
2635.0,2.7619,3.4102337319228737,30.8,28.54322838906876,True
2636.0,2.7576,3.4099908340568583,30.8,28.543965268122975,True
2637.0,2.7532,3.4097475488929088,30.8,28.544701964006833,True
2638.0,2.7486,3.4095038763151035,30.9,28.545438476720506,True
2639.0,2.7442,3.4092598162229066,30.9,28.54617480626382,True
2640.0,2.7393,3.409015368531345,30.9,28.54691095263695,True
2641.0,2.7343,3.408770533171063,30.9,28.54764691583972,True
2642.0,2.7297,3.408525310088511,30.9,28.548382695872306,True
2643.0,2.7244,3.4082796992460076,30.9,28.54911829273459,True
2644.0,2.7198,3.4080337006218886,30.9,28.549853706426575,True
2645.0,2.7145,3.407787314210642,30.9,28.55058893694826,True
2646.0,2.7089,3.4075405400229664,30.9,28.5513239842997,True
2647.0,2.7039,3.4072933780859636,30.9,28.552058848480954,True
2648.0,2.6984,3.4070458284432044,31.1,28.552793529491794,True
2649.0,2.6928,3.4067978911548544,31.1,28.553528027332504,True
2650.0,2.6872,3.406549566297797,31.1,28.5542623420028,True
2651.0,2.6816,3.4063008539657478,31.1,28.55499647350291,True
2652.0,2.6757,3.406051754269361,31.1,28.555730421832777,True
2653.0,2.6695,3.405802267336339,31.1,28.556464186992343,True
2654.0,2.6633,3.4055523933115484,31.1,28.55719776898161,True
2655.0,2.6574,3.4053021323571464,31.1,28.557931167800575,True
2656.0,2.6512,3.405051484652653,31.1,28.55866438344941,True
2657.0,2.6447,3.4048004503950904,31.1,28.559397415927833,True
2658.0,2.6382,3.404549030361264,31.1,28.56013054401768,True
2659.0,2.632,3.404297224445957,31.1,28.560863600288428,True
2660.0,2.6252,3.4040450327485203,31.3,28.561596509954484,True
2661.0,2.6181,3.4037924555370234,31.1,28.562329273015905,True
2662.0,2.6109,3.4035394930975498,31.1,28.56306188947258,True
2663.0,2.6041,3.403286145734298,31.3,28.563794359324618,True
2664.0,2.5967,3.403032413769678,31.1,28.564526682571966,True
2665.0,2.5892,3.4027782975444327,31.3,28.56525885921468,True
2666.0,2.5815,3.402523797417701,31.3,28.565990889252646,True
2667.0,2.5737,3.40226891376715,31.3,28.566722772685978,True
2668.0,2.5663,3.4020136469890367,31.3,28.56745450951462,True
2669.0,2.5582,3.401757997498324,31.3,28.56818609973857,True
2670.0,2.5502,3.4015019657287584,31.3,28.568917543357884,True
2671.0,2.5421,3.4012455521329805,31.3,28.56964884037245,True
2672.0,2.5334,3.4009887571825916,31.3,28.570379990782385,True
2673.0,2.5251,3.4007315813682575,31.3,28.571110994587627,True
2674.0,2.5167,3.400474025199775,31.3,28.571841851788236,True
2675.0,2.5077,3.4002160892061806,31.5,28.572572562384096,True
2676.0,2.4987,3.3999577739358307,31.4,28.573303126375322,True
