OUTPUT: /home/yqt/XuanyiLi/RL-for-charging/revision_results/experiment_5_gpu_parallel_2500_5seeds_90s/20260925_124626_463187
LEARNING DEVICE: cuda:0 NVIDIA RTX PRO 6000 Blackwell Server Edition
START JOB 1/75 GPU=GPU-b8a9b253-8713-5d3b-1d65-e007fbdb7588 LOG=/home/yqt/XuanyiLi/RL-for-charging/revision_results/experiment_5_gpu_parallel_2500_5seeds_90s/20260925_124626_463187/parallel_sensitivity_jobs/job_0000/worker.log
START JOB 2/75 GPU=GPU-852c53c7-8b53-1abc-0811-713083167dbe LOG=/home/yqt/XuanyiLi/RL-for-charging/revision_results/experiment_5_gpu_parallel_2500_5seeds_90s/20260925_124626_463187/parallel_sensitivity_jobs/job_0001/worker.log
START JOB 3/75 GPU=GPU-780afb7e-e486-5609-c993-3e516926bbe4 LOG=/home/yqt/XuanyiLi/RL-for-charging/revision_results/experiment_5_gpu_parallel_2500_5seeds_90s/20260925_124626_463187/parallel_sensitivity_jobs/job_0002/worker.log
START JOB 4/75 GPU=GPU-b8a9b253-8713-5d3b-1d65-e007fbdb7588 LOG=/home/yqt/XuanyiLi/RL-for-charging/revision_results/experiment_5_gpu_parallel_2500_5seeds_90s/20260925_124626_463187/parallel_sensitivity_jobs/job_0003/worker.log
START JOB 5/75 GPU=GPU-852c53c7-8b53-1abc-0811-713083167dbe LOG=/home/yqt/XuanyiLi/RL-for-charging/revision_results/experiment_5_gpu_parallel_2500_5seeds_90s/20260925_124626_463187/parallel_sensitivity_jobs/job_0004/worker.log
START JOB 6/75 GPU=GPU-780afb7e-e486-5609-c993-3e516926bbe4 LOG=/home/yqt/XuanyiLi/RL-for-charging/revision_results/experiment_5_gpu_parallel_2500_5seeds_90s/20260925_124626_463187/parallel_sensitivity_jobs/job_0005/worker.log
START JOB 7/75 GPU=GPU-b8a9b253-8713-5d3b-1d65-e007fbdb7588 LOG=/home/yqt/XuanyiLi/RL-for-charging/revision_results/experiment_5_gpu_parallel_2500_5seeds_90s/20260925_124626_463187/parallel_sensitivity_jobs/job_0006/worker.log
START JOB 8/75 GPU=GPU-852c53c7-8b53-1abc-0811-713083167dbe LOG=/home/yqt/XuanyiLi/RL-for-charging/revision_results/experiment_5_gpu_parallel_2500_5seeds_90s/20260925_124626_463187/parallel_sensitivity_jobs/job_0007/worker.log
START JOB 9/75 GPU=GPU-780afb7e-e486-5609-c993-3e516926bbe4 LOG=/home/yqt/XuanyiLi/RL-for-charging/revision_results/experiment_5_gpu_parallel_2500_5seeds_90s/20260925_124626_463187/parallel_sensitivity_jobs/job_0008/worker.log
PARALLEL PROGRESS: 0/75 complete; 9 active
PARALLEL PROGRESS: 0/75 complete; 9 active
PARALLEL PROGRESS: 0/75 complete; 9 active
PARALLEL PROGRESS: 0/75 complete; 9 active
PARALLEL PROGRESS: 0/75 complete; 9 active
PARALLEL PROGRESS: 0/75 complete; 9 active
PARALLEL PROGRESS: 0/75 complete; 9 active
PARALLEL PROGRESS: 0/75 complete; 9 active
PARALLEL PROGRESS: 0/75 complete; 9 active
PARALLEL PROGRESS: 0/75 complete; 9 active
PARALLEL PROGRESS: 0/75 complete; 9 active
PARALLEL PROGRESS: 0/75 complete; 9 active
PARALLEL PROGRESS: 0/75 complete; 9 active
PARALLEL PROGRESS: 0/75 complete; 9 active
PARALLEL PROGRESS: 0/75 complete; 9 active
PARALLEL PROGRESS: 0/75 complete; 9 active
PARALLEL PROGRESS: 0/75 complete; 9 active
PARALLEL PROGRESS: 0/75 complete; 9 active
PARALLEL PROGRESS: 0/75 complete; 9 active
PARALLEL PROGRESS: 0/75 complete; 9 active
PARALLEL PROGRESS: 0/75 complete; 9 active
PARALLEL PROGRESS: 0/75 complete; 9 active
PARALLEL PROGRESS: 0/75 complete; 9 active
PARALLEL PROGRESS: 0/75 complete; 9 active
PARALLEL PROGRESS: 0/75 complete; 9 active
PARALLEL PROGRESS: 0/75 complete; 9 active
PARALLEL PROGRESS: 0/75 complete; 9 active
PARALLEL PROGRESS: 0/75 complete; 9 active
PARALLEL PROGRESS: 0/75 complete; 9 active
PARALLEL PROGRESS: 0/75 complete; 9 active
PARALLEL PROGRESS: 0/75 complete; 9 active
PARALLEL PROGRESS: 0/75 complete; 9 active
PARALLEL PROGRESS: 0/75 complete; 9 active
PARALLEL PROGRESS: 0/75 complete; 9 active
PARALLEL PROGRESS: 0/75 complete; 9 active
PARALLEL PROGRESS: 0/75 complete; 9 active
PARALLEL PROGRESS: 0/75 complete; 9 active
PARALLEL PROGRESS: 0/75 complete; 9 active
PARALLEL PROGRESS: 0/75 complete; 9 active
PARALLEL PROGRESS: 0/75 complete; 9 active
PARALLEL PROGRESS: 0/75 complete; 9 active
PARALLEL PROGRESS: 0/75 complete; 9 active
PARALLEL PROGRESS: 0/75 complete; 9 active
PARALLEL PROGRESS: 0/75 complete; 9 active
PARALLEL PROGRESS: 0/75 complete; 9 active
PARALLEL PROGRESS: 0/75 complete; 9 active
PARALLEL PROGRESS: 0/75 complete; 9 active
PARALLEL PROGRESS: 0/75 complete; 9 active
PARALLEL PROGRESS: 0/75 complete; 9 active
PARALLEL PROGRESS: 0/75 complete; 9 active
PARALLEL PROGRESS: 0/75 complete; 9 active
PARALLEL PROGRESS: 0/75 complete; 9 active
PARALLEL PROGRESS: 0/75 complete; 9 active
PARALLEL PROGRESS: 0/75 complete; 9 active
PARALLEL PROGRESS: 0/75 complete; 9 active
PARALLEL PROGRESS: 0/75 complete; 9 active
PARALLEL PROGRESS: 0/75 complete; 9 active
PARALLEL PROGRESS: 0/75 complete; 9 active
PARALLEL PROGRESS: 0/75 complete; 9 active
PARALLEL PROGRESS: 0/75 complete; 9 active
PARALLEL PROGRESS: 0/75 complete; 9 active
PARALLEL PROGRESS: 0/75 complete; 9 active
PARALLEL PROGRESS: 0/75 complete; 9 active
PARALLEL PROGRESS: 0/75 complete; 9 active
PARALLEL PROGRESS: 0/75 complete; 9 active
PARALLEL PROGRESS: 0/75 complete; 9 active
PARALLEL PROGRESS: 0/75 complete; 9 active
PARALLEL PROGRESS: 0/75 complete; 9 active
PARALLEL PROGRESS: 0/75 complete; 9 active
PARALLEL PROGRESS: 0/75 complete; 9 active
PARALLEL PROGRESS: 0/75 complete; 9 active
PARALLEL PROGRESS: 0/75 complete; 9 active
PARALLEL PROGRESS: 0/75 complete; 9 active
PARALLEL PROGRESS: 0/75 complete; 9 active
PARALLEL PROGRESS: 0/75 complete; 9 active
PARALLEL PROGRESS: 0/75 complete; 9 active
PARALLEL PROGRESS: 0/75 complete; 9 active
PARALLEL PROGRESS: 0/75 complete; 9 active
PARALLEL PROGRESS: 0/75 complete; 9 active
PARALLEL PROGRESS: 0/75 complete; 9 active
PARALLEL PROGRESS: 0/75 complete; 9 active
PARALLEL PROGRESS: 0/75 complete; 9 active
PARALLEL PROGRESS: 0/75 complete; 9 active
PARALLEL PROGRESS: 0/75 complete; 9 active
PARALLEL PROGRESS: 0/75 complete; 9 active
PARALLEL PROGRESS: 0/75 complete; 9 active
PARALLEL PROGRESS: 0/75 complete; 9 active
PARALLEL PROGRESS: 0/75 complete; 9 active
PARALLEL PROGRESS: 0/75 complete; 9 active
PARALLEL PROGRESS: 0/75 complete; 9 active
PARALLEL PROGRESS: 0/75 complete; 9 active
PARALLEL PROGRESS: 0/75 complete; 9 active
PARALLEL PROGRESS: 0/75 complete; 9 active
PARALLEL PROGRESS: 0/75 complete; 9 active
PARALLEL PROGRESS: 0/75 complete; 9 active
PARALLEL PROGRESS: 0/75 complete; 9 active
PARALLEL PROGRESS: 0/75 complete; 9 active
PARALLEL PROGRESS: 0/75 complete; 9 active
PARALLEL PROGRESS: 0/75 complete; 9 active
PARALLEL PROGRESS: 0/75 complete; 9 active
PARALLEL PROGRESS: 0/75 complete; 9 active
PARALLEL PROGRESS: 0/75 complete; 9 active
PARALLEL PROGRESS: 0/75 complete; 9 active
PARALLEL PROGRESS: 0/75 complete; 9 active
PARALLEL PROGRESS: 0/75 complete; 9 active
PARALLEL PROGRESS: 0/75 complete; 9 active
PARALLEL PROGRESS: 0/75 complete; 9 active
PARALLEL PROGRESS: 0/75 complete; 9 active
PARALLEL PROGRESS: 0/75 complete; 9 active
PARALLEL PROGRESS: 0/75 complete; 9 active
PARALLEL PROGRESS: 0/75 complete; 9 active
PARALLEL PROGRESS: 0/75 complete; 9 active
PARALLEL PROGRESS: 0/75 complete; 9 active
PARALLEL PROGRESS: 0/75 complete; 9 active
PARALLEL PROGRESS: 0/75 complete; 9 active
PARALLEL PROGRESS: 0/75 complete; 9 active
PARALLEL PROGRESS: 0/75 complete; 9 active
PARALLEL PROGRESS: 0/75 complete; 9 active
PARALLEL PROGRESS: 0/75 complete; 9 active
PARALLEL PROGRESS: 0/75 complete; 9 active
PARALLEL PROGRESS: 0/75 complete; 9 active
PARALLEL PROGRESS: 0/75 complete; 9 active
PARALLEL PROGRESS: 0/75 complete; 9 active
PARALLEL PROGRESS: 0/75 complete; 9 active
PARALLEL PROGRESS: 0/75 complete; 9 active
PARALLEL PROGRESS: 0/75 complete; 9 active
PARALLEL PROGRESS: 0/75 complete; 9 active
PARALLEL PROGRESS: 0/75 complete; 9 active
PARALLEL PROGRESS: 0/75 complete; 9 active
PARALLEL PROGRESS: 0/75 complete; 9 active
PARALLEL PROGRESS: 0/75 complete; 9 active
PARALLEL PROGRESS: 0/75 complete; 9 active
PARALLEL PROGRESS: 0/75 complete; 9 active
PARALLEL PROGRESS: 0/75 complete; 9 active
PARALLEL PROGRESS: 0/75 complete; 9 active
PARALLEL PROGRESS: 0/75 complete; 9 active
PARALLEL PROGRESS: 0/75 complete; 9 active
PARALLEL PROGRESS: 0/75 complete; 9 active
PARALLEL PROGRESS: 0/75 complete; 9 active
PARALLEL PROGRESS: 0/75 complete; 9 active
PARALLEL PROGRESS: 0/75 complete; 9 active
PARALLEL PROGRESS: 0/75 complete; 9 active
PARALLEL PROGRESS: 0/75 complete; 9 active
PARALLEL PROGRESS: 0/75 complete; 9 active
PARALLEL PROGRESS: 0/75 complete; 9 active
PARALLEL PROGRESS: 0/75 complete; 9 active
PARALLEL PROGRESS: 0/75 complete; 9 active
PARALLEL PROGRESS: 0/75 complete; 9 active
PARALLEL PROGRESS: 0/75 complete; 9 active
PARALLEL PROGRESS: 0/75 complete; 9 active
PARALLEL PROGRESS: 0/75 complete; 9 active
PARALLEL PROGRESS: 0/75 complete; 9 active
PARALLEL PROGRESS: 0/75 complete; 9 active
PARALLEL PROGRESS: 0/75 complete; 9 active
PARALLEL PROGRESS: 0/75 complete; 9 active
PARALLEL PROGRESS: 0/75 complete; 9 active
PARALLEL PROGRESS: 0/75 complete; 9 active
PARALLEL PROGRESS: 0/75 complete; 9 active
PARALLEL PROGRESS: 0/75 complete; 9 active
PARALLEL PROGRESS: 0/75 complete; 9 active
PARALLEL PROGRESS: 0/75 complete; 9 active
PARALLEL PROGRESS: 0/75 complete; 9 active
PARALLEL PROGRESS: 0/75 complete; 9 active
PARALLEL PROGRESS: 0/75 complete; 9 active
PARALLEL PROGRESS: 0/75 complete; 9 active
PARALLEL PROGRESS: 0/75 complete; 9 active
PARALLEL PROGRESS: 0/75 complete; 9 active
PARALLEL PROGRESS: 0/75 complete; 9 active
PARALLEL PROGRESS: 0/75 complete; 9 active
PARALLEL PROGRESS: 0/75 complete; 9 active
PARALLEL PROGRESS: 0/75 complete; 9 active
PARALLEL PROGRESS: 0/75 complete; 9 active
PARALLEL PROGRESS: 0/75 complete; 9 active
PARALLEL PROGRESS: 0/75 complete; 9 active
PARALLEL PROGRESS: 0/75 complete; 9 active
PARALLEL PROGRESS: 0/75 complete; 9 active
PARALLEL PROGRESS: 0/75 complete; 9 active
PARALLEL PROGRESS: 0/75 complete; 9 active
PARALLEL PROGRESS: 0/75 complete; 9 active
PARALLEL PROGRESS: 0/75 complete; 9 active
PARALLEL PROGRESS: 0/75 complete; 9 active
PARALLEL PROGRESS: 0/75 complete; 9 active
PARALLEL PROGRESS: 0/75 complete; 9 active
PARALLEL PROGRESS: 0/75 complete; 9 active
PARALLEL PROGRESS: 0/75 complete; 9 active
PARALLEL PROGRESS: 0/75 complete; 9 active
PARALLEL PROGRESS: 0/75 complete; 9 active
PARALLEL PROGRESS: 0/75 complete; 9 active
PARALLEL PROGRESS: 0/75 complete; 9 active
PARALLEL PROGRESS: 0/75 complete; 9 active
PARALLEL PROGRESS: 0/75 complete; 9 active
PARALLEL PROGRESS: 0/75 complete; 9 active
PARALLEL PROGRESS: 0/75 complete; 9 active
PARALLEL PROGRESS: 0/75 complete; 9 active
PARALLEL PROGRESS: 0/75 complete; 9 active
PARALLEL PROGRESS: 0/75 complete; 9 active
PARALLEL PROGRESS: 0/75 complete; 9 active
PARALLEL PROGRESS: 0/75 complete; 9 active
PARALLEL PROGRESS: 0/75 complete; 9 active
PARALLEL PROGRESS: 0/75 complete; 9 active
PARALLEL PROGRESS: 0/75 complete; 9 active
PARALLEL PROGRESS: 0/75 complete; 9 active
PARALLEL PROGRESS: 0/75 complete; 9 active
PARALLEL PROGRESS: 0/75 complete; 9 active
PARALLEL PROGRESS: 0/75 complete; 9 active
FINISH JOB 6/75 (1 complete)
START JOB 10/75 GPU=GPU-780afb7e-e486-5609-c993-3e516926bbe4 LOG=/home/yqt/XuanyiLi/RL-for-charging/revision_results/experiment_5_gpu_parallel_2500_5seeds_90s/20260925_124626_463187/parallel_sensitivity_jobs/job_0009/worker.log
FINISH JOB 5/75 (2 complete)
START JOB 11/75 GPU=GPU-852c53c7-8b53-1abc-0811-713083167dbe LOG=/home/yqt/XuanyiLi/RL-for-charging/revision_results/experiment_5_gpu_parallel_2500_5seeds_90s/20260925_124626_463187/parallel_sensitivity_jobs/job_0010/worker.log
PARALLEL PROGRESS: 2/75 complete; 9 active
PARALLEL PROGRESS: 2/75 complete; 9 active
PARALLEL PROGRESS: 2/75 complete; 9 active
PARALLEL PROGRESS: 2/75 complete; 9 active
PARALLEL PROGRESS: 2/75 complete; 9 active
PARALLEL PROGRESS: 2/75 complete; 9 active
PARALLEL PROGRESS: 2/75 complete; 9 active
PARALLEL PROGRESS: 2/75 complete; 9 active
PARALLEL PROGRESS: 2/75 complete; 9 active
PARALLEL PROGRESS: 2/75 complete; 9 active
PARALLEL PROGRESS: 2/75 complete; 9 active
PARALLEL PROGRESS: 2/75 complete; 9 active
FINISH JOB 8/75 (3 complete)
START JOB 12/75 GPU=GPU-852c53c7-8b53-1abc-0811-713083167dbe LOG=/home/yqt/XuanyiLi/RL-for-charging/revision_results/experiment_5_gpu_parallel_2500_5seeds_90s/20260925_124626_463187/parallel_sensitivity_jobs/job_0011/worker.log
PARALLEL PROGRESS: 3/75 complete; 9 active
PARALLEL PROGRESS: 3/75 complete; 9 active
FINISH JOB 4/75 (4 complete)
START JOB 13/75 GPU=GPU-b8a9b253-8713-5d3b-1d65-e007fbdb7588 LOG=/home/yqt/XuanyiLi/RL-for-charging/revision_results/experiment_5_gpu_parallel_2500_5seeds_90s/20260925_124626_463187/parallel_sensitivity_jobs/job_0012/worker.log
FINISH JOB 1/75 (5 complete)
START JOB 14/75 GPU=GPU-b8a9b253-8713-5d3b-1d65-e007fbdb7588 LOG=/home/yqt/XuanyiLi/RL-for-charging/revision_results/experiment_5_gpu_parallel_2500_5seeds_90s/20260925_124626_463187/parallel_sensitivity_jobs/job_0013/worker.log
PARALLEL PROGRESS: 5/75 complete; 9 active
PARALLEL PROGRESS: 5/75 complete; 9 active
PARALLEL PROGRESS: 5/75 complete; 9 active
PARALLEL PROGRESS: 5/75 complete; 9 active
PARALLEL PROGRESS: 5/75 complete; 9 active
PARALLEL PROGRESS: 5/75 complete; 9 active
PARALLEL PROGRESS: 5/75 complete; 9 active
PARALLEL PROGRESS: 5/75 complete; 9 active
PARALLEL PROGRESS: 5/75 complete; 9 active
PARALLEL PROGRESS: 5/75 complete; 9 active
PARALLEL PROGRESS: 5/75 complete; 9 active
PARALLEL PROGRESS: 5/75 complete; 9 active
PARALLEL PROGRESS: 5/75 complete; 9 active
PARALLEL PROGRESS: 5/75 complete; 9 active
PARALLEL PROGRESS: 5/75 complete; 9 active
PARALLEL PROGRESS: 5/75 complete; 9 active
PARALLEL PROGRESS: 5/75 complete; 9 active
PARALLEL PROGRESS: 5/75 complete; 9 active
FINISH JOB 2/75 (6 complete)
START JOB 15/75 GPU=GPU-852c53c7-8b53-1abc-0811-713083167dbe LOG=/home/yqt/XuanyiLi/RL-for-charging/revision_results/experiment_5_gpu_parallel_2500_5seeds_90s/20260925_124626_463187/parallel_sensitivity_jobs/job_0014/worker.log
PARALLEL PROGRESS: 6/75 complete; 9 active
PARALLEL PROGRESS: 6/75 complete; 9 active
PARALLEL PROGRESS: 6/75 complete; 9 active
FINISH JOB 7/75 (7 complete)
START JOB 16/75 GPU=GPU-b8a9b253-8713-5d3b-1d65-e007fbdb7588 LOG=/home/yqt/XuanyiLi/RL-for-charging/revision_results/experiment_5_gpu_parallel_2500_5seeds_90s/20260925_124626_463187/parallel_sensitivity_jobs/job_0015/worker.log
PARALLEL PROGRESS: 7/75 complete; 9 active
PARALLEL PROGRESS: 7/75 complete; 9 active
PARALLEL PROGRESS: 7/75 complete; 9 active
PARALLEL PROGRESS: 7/75 complete; 9 active
PARALLEL PROGRESS: 7/75 complete; 9 active
PARALLEL PROGRESS: 7/75 complete; 9 active
PARALLEL PROGRESS: 7/75 complete; 9 active
FINISH JOB 3/75 (8 complete)
START JOB 17/75 GPU=GPU-780afb7e-e486-5609-c993-3e516926bbe4 LOG=/home/yqt/XuanyiLi/RL-for-charging/revision_results/experiment_5_gpu_parallel_2500_5seeds_90s/20260925_124626_463187/parallel_sensitivity_jobs/job_0016/worker.log
PARALLEL PROGRESS: 8/75 complete; 9 active
PARALLEL PROGRESS: 8/75 complete; 9 active
PARALLEL PROGRESS: 8/75 complete; 9 active
PARALLEL PROGRESS: 8/75 complete; 9 active
PARALLEL PROGRESS: 8/75 complete; 9 active
PARALLEL PROGRESS: 8/75 complete; 9 active
PARALLEL PROGRESS: 8/75 complete; 9 active
PARALLEL PROGRESS: 8/75 complete; 9 active
PARALLEL PROGRESS: 8/75 complete; 9 active
FINISH JOB 9/75 (9 complete)
START JOB 18/75 GPU=GPU-780afb7e-e486-5609-c993-3e516926bbe4 LOG=/home/yqt/XuanyiLi/RL-for-charging/revision_results/experiment_5_gpu_parallel_2500_5seeds_90s/20260925_124626_463187/parallel_sensitivity_jobs/job_0017/worker.log
PARALLEL PROGRESS: 9/75 complete; 9 active
PARALLEL PROGRESS: 9/75 complete; 9 active
PARALLEL PROGRESS: 9/75 complete; 9 active
PARALLEL PROGRESS: 9/75 complete; 9 active
PARALLEL PROGRESS: 9/75 complete; 9 active
PARALLEL PROGRESS: 9/75 complete; 9 active
PARALLEL PROGRESS: 9/75 complete; 9 active
PARALLEL PROGRESS: 9/75 complete; 9 active
PARALLEL PROGRESS: 9/75 complete; 9 active
PARALLEL PROGRESS: 9/75 complete; 9 active
PARALLEL PROGRESS: 9/75 complete; 9 active
PARALLEL PROGRESS: 9/75 complete; 9 active
PARALLEL PROGRESS: 9/75 complete; 9 active
PARALLEL PROGRESS: 9/75 complete; 9 active
PARALLEL PROGRESS: 9/75 complete; 9 active
PARALLEL PROGRESS: 9/75 complete; 9 active
PARALLEL PROGRESS: 9/75 complete; 9 active
PARALLEL PROGRESS: 9/75 complete; 9 active
PARALLEL PROGRESS: 9/75 complete; 9 active
PARALLEL PROGRESS: 9/75 complete; 9 active
PARALLEL PROGRESS: 9/75 complete; 9 active
PARALLEL PROGRESS: 9/75 complete; 9 active
PARALLEL PROGRESS: 9/75 complete; 9 active
PARALLEL PROGRESS: 9/75 complete; 9 active
PARALLEL PROGRESS: 9/75 complete; 9 active
PARALLEL PROGRESS: 9/75 complete; 9 active
PARALLEL PROGRESS: 9/75 complete; 9 active
PARALLEL PROGRESS: 9/75 complete; 9 active
PARALLEL PROGRESS: 9/75 complete; 9 active
PARALLEL PROGRESS: 9/75 complete; 9 active
PARALLEL PROGRESS: 9/75 complete; 9 active
PARALLEL PROGRESS: 9/75 complete; 9 active
PARALLEL PROGRESS: 9/75 complete; 9 active
PARALLEL PROGRESS: 9/75 complete; 9 active
PARALLEL PROGRESS: 9/75 complete; 9 active
PARALLEL PROGRESS: 9/75 complete; 9 active
PARALLEL PROGRESS: 9/75 complete; 9 active
PARALLEL PROGRESS: 9/75 complete; 9 active
PARALLEL PROGRESS: 9/75 complete; 9 active
PARALLEL PROGRESS: 9/75 complete; 9 active
PARALLEL PROGRESS: 9/75 complete; 9 active
PARALLEL PROGRESS: 9/75 complete; 9 active
PARALLEL PROGRESS: 9/75 complete; 9 active
PARALLEL PROGRESS: 9/75 complete; 9 active
PARALLEL PROGRESS: 9/75 complete; 9 active
PARALLEL PROGRESS: 9/75 complete; 9 active
PARALLEL PROGRESS: 9/75 complete; 9 active
PARALLEL PROGRESS: 9/75 complete; 9 active
PARALLEL PROGRESS: 9/75 complete; 9 active
PARALLEL PROGRESS: 9/75 complete; 9 active
PARALLEL PROGRESS: 9/75 complete; 9 active
PARALLEL PROGRESS: 9/75 complete; 9 active
PARALLEL PROGRESS: 9/75 complete; 9 active
PARALLEL PROGRESS: 9/75 complete; 9 active
PARALLEL PROGRESS: 9/75 complete; 9 active
PARALLEL PROGRESS: 9/75 complete; 9 active
PARALLEL PROGRESS: 9/75 complete; 9 active
PARALLEL PROGRESS: 9/75 complete; 9 active
PARALLEL PROGRESS: 9/75 complete; 9 active
PARALLEL PROGRESS: 9/75 complete; 9 active
PARALLEL PROGRESS: 9/75 complete; 9 active
PARALLEL PROGRESS: 9/75 complete; 9 active
PARALLEL PROGRESS: 9/75 complete; 9 active
PARALLEL PROGRESS: 9/75 complete; 9 active
PARALLEL PROGRESS: 9/75 complete; 9 active
PARALLEL PROGRESS: 9/75 complete; 9 active
PARALLEL PROGRESS: 9/75 complete; 9 active
PARALLEL PROGRESS: 9/75 complete; 9 active
PARALLEL PROGRESS: 9/75 complete; 9 active
PARALLEL PROGRESS: 9/75 complete; 9 active
PARALLEL PROGRESS: 9/75 complete; 9 active
PARALLEL PROGRESS: 9/75 complete; 9 active
PARALLEL PROGRESS: 9/75 complete; 9 active
PARALLEL PROGRESS: 9/75 complete; 9 active
PARALLEL PROGRESS: 9/75 complete; 9 active
PARALLEL PROGRESS: 9/75 complete; 9 active
PARALLEL PROGRESS: 9/75 complete; 9 active
PARALLEL PROGRESS: 9/75 complete; 9 active
PARALLEL PROGRESS: 9/75 complete; 9 active
PARALLEL PROGRESS: 9/75 complete; 9 active
PARALLEL PROGRESS: 9/75 complete; 9 active
PARALLEL PROGRESS: 9/75 complete; 9 active
PARALLEL PROGRESS: 9/75 complete; 9 active
PARALLEL PROGRESS: 9/75 complete; 9 active
PARALLEL PROGRESS: 9/75 complete; 9 active
PARALLEL PROGRESS: 9/75 complete; 9 active
PARALLEL PROGRESS: 9/75 complete; 9 active
PARALLEL PROGRESS: 9/75 complete; 9 active
PARALLEL PROGRESS: 9/75 complete; 9 active
PARALLEL PROGRESS: 9/75 complete; 9 active
PARALLEL PROGRESS: 9/75 complete; 9 active
PARALLEL PROGRESS: 9/75 complete; 9 active
PARALLEL PROGRESS: 9/75 complete; 9 active
PARALLEL PROGRESS: 9/75 complete; 9 active
PARALLEL PROGRESS: 9/75 complete; 9 active
PARALLEL PROGRESS: 9/75 complete; 9 active
PARALLEL PROGRESS: 9/75 complete; 9 active
PARALLEL PROGRESS: 9/75 complete; 9 active
PARALLEL PROGRESS: 9/75 complete; 9 active
PARALLEL PROGRESS: 9/75 complete; 9 active
PARALLEL PROGRESS: 9/75 complete; 9 active
PARALLEL PROGRESS: 9/75 complete; 9 active
PARALLEL PROGRESS: 9/75 complete; 9 active
PARALLEL PROGRESS: 9/75 complete; 9 active
PARALLEL PROGRESS: 9/75 complete; 9 active
PARALLEL PROGRESS: 9/75 complete; 9 active
PARALLEL PROGRESS: 9/75 complete; 9 active
PARALLEL PROGRESS: 9/75 complete; 9 active
PARALLEL PROGRESS: 9/75 complete; 9 active
PARALLEL PROGRESS: 9/75 complete; 9 active
PARALLEL PROGRESS: 9/75 complete; 9 active
PARALLEL PROGRESS: 9/75 complete; 9 active
PARALLEL PROGRESS: 9/75 complete; 9 active
PARALLEL PROGRESS: 9/75 complete; 9 active
PARALLEL PROGRESS: 9/75 complete; 9 active
PARALLEL PROGRESS: 9/75 complete; 9 active
PARALLEL PROGRESS: 9/75 complete; 9 active
PARALLEL PROGRESS: 9/75 complete; 9 active
PARALLEL PROGRESS: 9/75 complete; 9 active
PARALLEL PROGRESS: 9/75 complete; 9 active
PARALLEL PROGRESS: 9/75 complete; 9 active
PARALLEL PROGRESS: 9/75 complete; 9 active
PARALLEL PROGRESS: 9/75 complete; 9 active
PARALLEL PROGRESS: 9/75 complete; 9 active
PARALLEL PROGRESS: 9/75 complete; 9 active
PARALLEL PROGRESS: 9/75 complete; 9 active
PARALLEL PROGRESS: 9/75 complete; 9 active
PARALLEL PROGRESS: 9/75 complete; 9 active
PARALLEL PROGRESS: 9/75 complete; 9 active
PARALLEL PROGRESS: 9/75 complete; 9 active
PARALLEL PROGRESS: 9/75 complete; 9 active
PARALLEL PROGRESS: 9/75 complete; 9 active
PARALLEL PROGRESS: 9/75 complete; 9 active
PARALLEL PROGRESS: 9/75 complete; 9 active
PARALLEL PROGRESS: 9/75 complete; 9 active
PARALLEL PROGRESS: 9/75 complete; 9 active
PARALLEL PROGRESS: 9/75 complete; 9 active
PARALLEL PROGRESS: 9/75 complete; 9 active
PARALLEL PROGRESS: 9/75 complete; 9 active
PARALLEL PROGRESS: 9/75 complete; 9 active
PARALLEL PROGRESS: 9/75 complete; 9 active
PARALLEL PROGRESS: 9/75 complete; 9 active
FINISH JOB 11/75 (10 complete)
START JOB 19/75 GPU=GPU-852c53c7-8b53-1abc-0811-713083167dbe LOG=/home/yqt/XuanyiLi/RL-for-charging/revision_results/experiment_5_gpu_parallel_2500_5seeds_90s/20260925_124626_463187/parallel_sensitivity_jobs/job_0018/worker.log
PARALLEL PROGRESS: 10/75 complete; 9 active
PARALLEL PROGRESS: 10/75 complete; 9 active
PARALLEL PROGRESS: 10/75 complete; 9 active
PARALLEL PROGRESS: 10/75 complete; 9 active
PARALLEL PROGRESS: 10/75 complete; 9 active
PARALLEL PROGRESS: 10/75 complete; 9 active
PARALLEL PROGRESS: 10/75 complete; 9 active
PARALLEL PROGRESS: 10/75 complete; 9 active
PARALLEL PROGRESS: 10/75 complete; 9 active
PARALLEL PROGRESS: 10/75 complete; 9 active
PARALLEL PROGRESS: 10/75 complete; 9 active
PARALLEL PROGRESS: 10/75 complete; 9 active
PARALLEL PROGRESS: 10/75 complete; 9 active
PARALLEL PROGRESS: 10/75 complete; 9 active
PARALLEL PROGRESS: 10/75 complete; 9 active
PARALLEL PROGRESS: 10/75 complete; 9 active
PARALLEL PROGRESS: 10/75 complete; 9 active
PARALLEL PROGRESS: 10/75 complete; 9 active
PARALLEL PROGRESS: 10/75 complete; 9 active
PARALLEL PROGRESS: 10/75 complete; 9 active
PARALLEL PROGRESS: 10/75 complete; 9 active
PARALLEL PROGRESS: 10/75 complete; 9 active
PARALLEL PROGRESS: 10/75 complete; 9 active
PARALLEL PROGRESS: 10/75 complete; 9 active
PARALLEL PROGRESS: 10/75 complete; 9 active
PARALLEL PROGRESS: 10/75 complete; 9 active
PARALLEL PROGRESS: 10/75 complete; 9 active
PARALLEL PROGRESS: 10/75 complete; 9 active
PARALLEL PROGRESS: 10/75 complete; 9 active
PARALLEL PROGRESS: 10/75 complete; 9 active
PARALLEL PROGRESS: 10/75 complete; 9 active
PARALLEL PROGRESS: 10/75 complete; 9 active
PARALLEL PROGRESS: 10/75 complete; 9 active
PARALLEL PROGRESS: 10/75 complete; 9 active
PARALLEL PROGRESS: 10/75 complete; 9 active
PARALLEL PROGRESS: 10/75 complete; 9 active
PARALLEL PROGRESS: 10/75 complete; 9 active
PARALLEL PROGRESS: 10/75 complete; 9 active
PARALLEL PROGRESS: 10/75 complete; 9 active
PARALLEL PROGRESS: 10/75 complete; 9 active
PARALLEL PROGRESS: 10/75 complete; 9 active
PARALLEL PROGRESS: 10/75 complete; 9 active
FINISH JOB 13/75 (11 complete)
START JOB 20/75 GPU=GPU-b8a9b253-8713-5d3b-1d65-e007fbdb7588 LOG=/home/yqt/XuanyiLi/RL-for-charging/revision_results/experiment_5_gpu_parallel_2500_5seeds_90s/20260925_124626_463187/parallel_sensitivity_jobs/job_0019/worker.log
PARALLEL PROGRESS: 11/75 complete; 9 active
PARALLEL PROGRESS: 11/75 complete; 9 active
PARALLEL PROGRESS: 11/75 complete; 9 active
PARALLEL PROGRESS: 11/75 complete; 9 active
PARALLEL PROGRESS: 11/75 complete; 9 active
PARALLEL PROGRESS: 11/75 complete; 9 active
PARALLEL PROGRESS: 11/75 complete; 9 active
FINISH JOB 16/75 (12 complete)
START JOB 21/75 GPU=GPU-b8a9b253-8713-5d3b-1d65-e007fbdb7588 LOG=/home/yqt/XuanyiLi/RL-for-charging/revision_results/experiment_5_gpu_parallel_2500_5seeds_90s/20260925_124626_463187/parallel_sensitivity_jobs/job_0020/worker.log
PARALLEL PROGRESS: 12/75 complete; 9 active
PARALLEL PROGRESS: 12/75 complete; 9 active
PARALLEL PROGRESS: 12/75 complete; 9 active
PARALLEL PROGRESS: 12/75 complete; 9 active
PARALLEL PROGRESS: 12/75 complete; 9 active
PARALLEL PROGRESS: 12/75 complete; 9 active
PARALLEL PROGRESS: 12/75 complete; 9 active
FINISH JOB 14/75 (13 complete)
START JOB 22/75 GPU=GPU-b8a9b253-8713-5d3b-1d65-e007fbdb7588 LOG=/home/yqt/XuanyiLi/RL-for-charging/revision_results/experiment_5_gpu_parallel_2500_5seeds_90s/20260925_124626_463187/parallel_sensitivity_jobs/job_0021/worker.log
PARALLEL PROGRESS: 13/75 complete; 9 active
PARALLEL PROGRESS: 13/75 complete; 9 active
PARALLEL PROGRESS: 13/75 complete; 9 active
PARALLEL PROGRESS: 13/75 complete; 9 active
PARALLEL PROGRESS: 13/75 complete; 9 active
PARALLEL PROGRESS: 13/75 complete; 9 active
PARALLEL PROGRESS: 13/75 complete; 9 active
PARALLEL PROGRESS: 13/75 complete; 9 active
PARALLEL PROGRESS: 13/75 complete; 9 active
PARALLEL PROGRESS: 13/75 complete; 9 active
PARALLEL PROGRESS: 13/75 complete; 9 active
PARALLEL PROGRESS: 13/75 complete; 9 active
FINISH JOB 10/75 (14 complete)
START JOB 23/75 GPU=GPU-780afb7e-e486-5609-c993-3e516926bbe4 LOG=/home/yqt/XuanyiLi/RL-for-charging/revision_results/experiment_5_gpu_parallel_2500_5seeds_90s/20260925_124626_463187/parallel_sensitivity_jobs/job_0022/worker.log
PARALLEL PROGRESS: 14/75 complete; 9 active
PARALLEL PROGRESS: 14/75 complete; 9 active
PARALLEL PROGRESS: 14/75 complete; 9 active
PARALLEL PROGRESS: 14/75 complete; 9 active
PARALLEL PROGRESS: 14/75 complete; 9 active
PARALLEL PROGRESS: 14/75 complete; 9 active
PARALLEL PROGRESS: 14/75 complete; 9 active
PARALLEL PROGRESS: 14/75 complete; 9 active
PARALLEL PROGRESS: 14/75 complete; 9 active
PARALLEL PROGRESS: 14/75 complete; 9 active
FINISH JOB 12/75 (15 complete)
START JOB 24/75 GPU=GPU-852c53c7-8b53-1abc-0811-713083167dbe LOG=/home/yqt/XuanyiLi/RL-for-charging/revision_results/experiment_5_gpu_parallel_2500_5seeds_90s/20260925_124626_463187/parallel_sensitivity_jobs/job_0023/worker.log
PARALLEL PROGRESS: 15/75 complete; 9 active
PARALLEL PROGRESS: 15/75 complete; 9 active
PARALLEL PROGRESS: 15/75 complete; 9 active
PARALLEL PROGRESS: 15/75 complete; 9 active
PARALLEL PROGRESS: 15/75 complete; 9 active
PARALLEL PROGRESS: 15/75 complete; 9 active
PARALLEL PROGRESS: 15/75 complete; 9 active
PARALLEL PROGRESS: 15/75 complete; 9 active
PARALLEL PROGRESS: 15/75 complete; 9 active
PARALLEL PROGRESS: 15/75 complete; 9 active
PARALLEL PROGRESS: 15/75 complete; 9 active
PARALLEL PROGRESS: 15/75 complete; 9 active
FINISH JOB 17/75 (16 complete)
START JOB 25/75 GPU=GPU-780afb7e-e486-5609-c993-3e516926bbe4 LOG=/home/yqt/XuanyiLi/RL-for-charging/revision_results/experiment_5_gpu_parallel_2500_5seeds_90s/20260925_124626_463187/parallel_sensitivity_jobs/job_0024/worker.log
PARALLEL PROGRESS: 16/75 complete; 9 active
PARALLEL PROGRESS: 16/75 complete; 9 active
PARALLEL PROGRESS: 16/75 complete; 9 active
PARALLEL PROGRESS: 16/75 complete; 9 active
PARALLEL PROGRESS: 16/75 complete; 9 active
PARALLEL PROGRESS: 16/75 complete; 9 active
PARALLEL PROGRESS: 16/75 complete; 9 active
PARALLEL PROGRESS: 16/75 complete; 9 active
PARALLEL PROGRESS: 16/75 complete; 9 active
PARALLEL PROGRESS: 16/75 complete; 9 active
PARALLEL PROGRESS: 16/75 complete; 9 active
FINISH JOB 15/75 (17 complete)
START JOB 26/75 GPU=GPU-852c53c7-8b53-1abc-0811-713083167dbe LOG=/home/yqt/XuanyiLi/RL-for-charging/revision_results/experiment_5_gpu_parallel_2500_5seeds_90s/20260925_124626_463187/parallel_sensitivity_jobs/job_0025/worker.log
PARALLEL PROGRESS: 17/75 complete; 9 active
PARALLEL PROGRESS: 17/75 complete; 9 active
PARALLEL PROGRESS: 17/75 complete; 9 active
PARALLEL PROGRESS: 17/75 complete; 9 active
PARALLEL PROGRESS: 17/75 complete; 9 active
PARALLEL PROGRESS: 17/75 complete; 9 active
PARALLEL PROGRESS: 17/75 complete; 9 active
PARALLEL PROGRESS: 17/75 complete; 9 active
PARALLEL PROGRESS: 17/75 complete; 9 active
PARALLEL PROGRESS: 17/75 complete; 9 active
PARALLEL PROGRESS: 17/75 complete; 9 active
PARALLEL PROGRESS: 17/75 complete; 9 active
FINISH JOB 18/75 (18 complete)
START JOB 27/75 GPU=GPU-780afb7e-e486-5609-c993-3e516926bbe4 LOG=/home/yqt/XuanyiLi/RL-for-charging/revision_results/experiment_5_gpu_parallel_2500_5seeds_90s/20260925_124626_463187/parallel_sensitivity_jobs/job_0026/worker.log
PARALLEL PROGRESS: 18/75 complete; 9 active
PARALLEL PROGRESS: 18/75 complete; 9 active
PARALLEL PROGRESS: 18/75 complete; 9 active
PARALLEL PROGRESS: 18/75 complete; 9 active
PARALLEL PROGRESS: 18/75 complete; 9 active
PARALLEL PROGRESS: 18/75 complete; 9 active
PARALLEL PROGRESS: 18/75 complete; 9 active
PARALLEL PROGRESS: 18/75 complete; 9 active
PARALLEL PROGRESS: 18/75 complete; 9 active
PARALLEL PROGRESS: 18/75 complete; 9 active
PARALLEL PROGRESS: 18/75 complete; 9 active
PARALLEL PROGRESS: 18/75 complete; 9 active
PARALLEL PROGRESS: 18/75 complete; 9 active
PARALLEL PROGRESS: 18/75 complete; 9 active
PARALLEL PROGRESS: 18/75 complete; 9 active
PARALLEL PROGRESS: 18/75 complete; 9 active
PARALLEL PROGRESS: 18/75 complete; 9 active
PARALLEL PROGRESS: 18/75 complete; 9 active
PARALLEL PROGRESS: 18/75 complete; 9 active
PARALLEL PROGRESS: 18/75 complete; 9 active
PARALLEL PROGRESS: 18/75 complete; 9 active
PARALLEL PROGRESS: 18/75 complete; 9 active
PARALLEL PROGRESS: 18/75 complete; 9 active
PARALLEL PROGRESS: 18/75 complete; 9 active
PARALLEL PROGRESS: 18/75 complete; 9 active
PARALLEL PROGRESS: 18/75 complete; 9 active
PARALLEL PROGRESS: 18/75 complete; 9 active
PARALLEL PROGRESS: 18/75 complete; 9 active
PARALLEL PROGRESS: 18/75 complete; 9 active
PARALLEL PROGRESS: 18/75 complete; 9 active
PARALLEL PROGRESS: 18/75 complete; 9 active
PARALLEL PROGRESS: 18/75 complete; 9 active
PARALLEL PROGRESS: 18/75 complete; 9 active
PARALLEL PROGRESS: 18/75 complete; 9 active
PARALLEL PROGRESS: 18/75 complete; 9 active
PARALLEL PROGRESS: 18/75 complete; 9 active
PARALLEL PROGRESS: 18/75 complete; 9 active
PARALLEL PROGRESS: 18/75 complete; 9 active
PARALLEL PROGRESS: 18/75 complete; 9 active
PARALLEL PROGRESS: 18/75 complete; 9 active
PARALLEL PROGRESS: 18/75 complete; 9 active
PARALLEL PROGRESS: 18/75 complete; 9 active
PARALLEL PROGRESS: 18/75 complete; 9 active
PARALLEL PROGRESS: 18/75 complete; 9 active
PARALLEL PROGRESS: 18/75 complete; 9 active
PARALLEL PROGRESS: 18/75 complete; 9 active
PARALLEL PROGRESS: 18/75 complete; 9 active
PARALLEL PROGRESS: 18/75 complete; 9 active
PARALLEL PROGRESS: 18/75 complete; 9 active
PARALLEL PROGRESS: 18/75 complete; 9 active
PARALLEL PROGRESS: 18/75 complete; 9 active
PARALLEL PROGRESS: 18/75 complete; 9 active
PARALLEL PROGRESS: 18/75 complete; 9 active
PARALLEL PROGRESS: 18/75 complete; 9 active
PARALLEL PROGRESS: 18/75 complete; 9 active
PARALLEL PROGRESS: 18/75 complete; 9 active
PARALLEL PROGRESS: 18/75 complete; 9 active
PARALLEL PROGRESS: 18/75 complete; 9 active
PARALLEL PROGRESS: 18/75 complete; 9 active
PARALLEL PROGRESS: 18/75 complete; 9 active
PARALLEL PROGRESS: 18/75 complete; 9 active
PARALLEL PROGRESS: 18/75 complete; 9 active
PARALLEL PROGRESS: 18/75 complete; 9 active
PARALLEL PROGRESS: 18/75 complete; 9 active
PARALLEL PROGRESS: 18/75 complete; 9 active
PARALLEL PROGRESS: 18/75 complete; 9 active
PARALLEL PROGRESS: 18/75 complete; 9 active
PARALLEL PROGRESS: 18/75 complete; 9 active
PARALLEL PROGRESS: 18/75 complete; 9 active
PARALLEL PROGRESS: 18/75 complete; 9 active
PARALLEL PROGRESS: 18/75 complete; 9 active
PARALLEL PROGRESS: 18/75 complete; 9 active
PARALLEL PROGRESS: 18/75 complete; 9 active
PARALLEL PROGRESS: 18/75 complete; 9 active
PARALLEL PROGRESS: 18/75 complete; 9 active
PARALLEL PROGRESS: 18/75 complete; 9 active
PARALLEL PROGRESS: 18/75 complete; 9 active
PARALLEL PROGRESS: 18/75 complete; 9 active
PARALLEL PROGRESS: 18/75 complete; 9 active
PARALLEL PROGRESS: 18/75 complete; 9 active
PARALLEL PROGRESS: 18/75 complete; 9 active
PARALLEL PROGRESS: 18/75 complete; 9 active
PARALLEL PROGRESS: 18/75 complete; 9 active
PARALLEL PROGRESS: 18/75 complete; 9 active
PARALLEL PROGRESS: 18/75 complete; 9 active
PARALLEL PROGRESS: 18/75 complete; 9 active
PARALLEL PROGRESS: 18/75 complete; 9 active
PARALLEL PROGRESS: 18/75 complete; 9 active
PARALLEL PROGRESS: 18/75 complete; 9 active
PARALLEL PROGRESS: 18/75 complete; 9 active
PARALLEL PROGRESS: 18/75 complete; 9 active
PARALLEL PROGRESS: 18/75 complete; 9 active
FINISH JOB 19/75 (19 complete)
START JOB 28/75 GPU=GPU-852c53c7-8b53-1abc-0811-713083167dbe LOG=/home/yqt/XuanyiLi/RL-for-charging/revision_results/experiment_5_gpu_parallel_2500_5seeds_90s/20260925_124626_463187/parallel_sensitivity_jobs/job_0027/worker.log
PARALLEL PROGRESS: 19/75 complete; 9 active
PARALLEL PROGRESS: 19/75 complete; 9 active
PARALLEL PROGRESS: 19/75 complete; 9 active
PARALLEL PROGRESS: 19/75 complete; 9 active
PARALLEL PROGRESS: 19/75 complete; 9 active
PARALLEL PROGRESS: 19/75 complete; 9 active
PARALLEL PROGRESS: 19/75 complete; 9 active
PARALLEL PROGRESS: 19/75 complete; 9 active
PARALLEL PROGRESS: 19/75 complete; 9 active
PARALLEL PROGRESS: 19/75 complete; 9 active
PARALLEL PROGRESS: 19/75 complete; 9 active
PARALLEL PROGRESS: 19/75 complete; 9 active
PARALLEL PROGRESS: 19/75 complete; 9 active
PARALLEL PROGRESS: 19/75 complete; 9 active
PARALLEL PROGRESS: 19/75 complete; 9 active
PARALLEL PROGRESS: 19/75 complete; 9 active
PARALLEL PROGRESS: 19/75 complete; 9 active
PARALLEL PROGRESS: 19/75 complete; 9 active
PARALLEL PROGRESS: 19/75 complete; 9 active
PARALLEL PROGRESS: 19/75 complete; 9 active
PARALLEL PROGRESS: 19/75 complete; 9 active
PARALLEL PROGRESS: 19/75 complete; 9 active
PARALLEL PROGRESS: 19/75 complete; 9 active
PARALLEL PROGRESS: 19/75 complete; 9 active
PARALLEL PROGRESS: 19/75 complete; 9 active
PARALLEL PROGRESS: 19/75 complete; 9 active
PARALLEL PROGRESS: 19/75 complete; 9 active
PARALLEL PROGRESS: 19/75 complete; 9 active
PARALLEL PROGRESS: 19/75 complete; 9 active
PARALLEL PROGRESS: 19/75 complete; 9 active
PARALLEL PROGRESS: 19/75 complete; 9 active
PARALLEL PROGRESS: 19/75 complete; 9 active
PARALLEL PROGRESS: 19/75 complete; 9 active
PARALLEL PROGRESS: 19/75 complete; 9 active
PARALLEL PROGRESS: 19/75 complete; 9 active
PARALLEL PROGRESS: 19/75 complete; 9 active
PARALLEL PROGRESS: 19/75 complete; 9 active
PARALLEL PROGRESS: 19/75 complete; 9 active
FINISH JOB 20/75 (20 complete)
START JOB 29/75 GPU=GPU-b8a9b253-8713-5d3b-1d65-e007fbdb7588 LOG=/home/yqt/XuanyiLi/RL-for-charging/revision_results/experiment_5_gpu_parallel_2500_5seeds_90s/20260925_124626_463187/parallel_sensitivity_jobs/job_0028/worker.log
PARALLEL PROGRESS: 20/75 complete; 9 active
PARALLEL PROGRESS: 20/75 complete; 9 active
PARALLEL PROGRESS: 20/75 complete; 9 active
PARALLEL PROGRESS: 20/75 complete; 9 active
PARALLEL PROGRESS: 20/75 complete; 9 active
PARALLEL PROGRESS: 20/75 complete; 9 active
PARALLEL PROGRESS: 20/75 complete; 9 active
PARALLEL PROGRESS: 20/75 complete; 9 active
PARALLEL PROGRESS: 20/75 complete; 9 active
PARALLEL PROGRESS: 20/75 complete; 9 active
PARALLEL PROGRESS: 20/75 complete; 9 active
PARALLEL PROGRESS: 20/75 complete; 9 active
PARALLEL PROGRESS: 20/75 complete; 9 active
PARALLEL PROGRESS: 20/75 complete; 9 active
PARALLEL PROGRESS: 20/75 complete; 9 active
PARALLEL PROGRESS: 20/75 complete; 9 active
PARALLEL PROGRESS: 20/75 complete; 9 active
PARALLEL PROGRESS: 20/75 complete; 9 active
PARALLEL PROGRESS: 20/75 complete; 9 active
PARALLEL PROGRESS: 20/75 complete; 9 active
PARALLEL PROGRESS: 20/75 complete; 9 active
PARALLEL PROGRESS: 20/75 complete; 9 active
FINISH JOB 21/75 (21 complete)
START JOB 30/75 GPU=GPU-b8a9b253-8713-5d3b-1d65-e007fbdb7588 LOG=/home/yqt/XuanyiLi/RL-for-charging/revision_results/experiment_5_gpu_parallel_2500_5seeds_90s/20260925_124626_463187/parallel_sensitivity_jobs/job_0029/worker.log
PARALLEL PROGRESS: 21/75 complete; 9 active
PARALLEL PROGRESS: 21/75 complete; 9 active
PARALLEL PROGRESS: 21/75 complete; 9 active
PARALLEL PROGRESS: 21/75 complete; 9 active
PARALLEL PROGRESS: 21/75 complete; 9 active
PARALLEL PROGRESS: 21/75 complete; 9 active
PARALLEL PROGRESS: 21/75 complete; 9 active
PARALLEL PROGRESS: 21/75 complete; 9 active
PARALLEL PROGRESS: 21/75 complete; 9 active
FINISH JOB 22/75 (22 complete)
START JOB 31/75 GPU=GPU-b8a9b253-8713-5d3b-1d65-e007fbdb7588 LOG=/home/yqt/XuanyiLi/RL-for-charging/revision_results/experiment_5_gpu_parallel_2500_5seeds_90s/20260925_124626_463187/parallel_sensitivity_jobs/job_0030/worker.log
PARALLEL PROGRESS: 22/75 complete; 9 active
PARALLEL PROGRESS: 22/75 complete; 9 active
PARALLEL PROGRESS: 22/75 complete; 9 active
PARALLEL PROGRESS: 22/75 complete; 9 active
PARALLEL PROGRESS: 22/75 complete; 9 active
PARALLEL PROGRESS: 22/75 complete; 9 active
PARALLEL PROGRESS: 22/75 complete; 9 active
PARALLEL PROGRESS: 22/75 complete; 9 active
PARALLEL PROGRESS: 22/75 complete; 9 active
PARALLEL PROGRESS: 22/75 complete; 9 active
PARALLEL PROGRESS: 22/75 complete; 9 active
PARALLEL PROGRESS: 22/75 complete; 9 active
PARALLEL PROGRESS: 22/75 complete; 9 active
PARALLEL PROGRESS: 22/75 complete; 9 active
PARALLEL PROGRESS: 22/75 complete; 9 active
PARALLEL PROGRESS: 22/75 complete; 9 active
PARALLEL PROGRESS: 22/75 complete; 9 active
PARALLEL PROGRESS: 22/75 complete; 9 active
PARALLEL PROGRESS: 22/75 complete; 9 active
PARALLEL PROGRESS: 22/75 complete; 9 active
PARALLEL PROGRESS: 22/75 complete; 9 active
PARALLEL PROGRESS: 22/75 complete; 9 active
FINISH JOB 24/75 (23 complete)
START JOB 32/75 GPU=GPU-852c53c7-8b53-1abc-0811-713083167dbe LOG=/home/yqt/XuanyiLi/RL-for-charging/revision_results/experiment_5_gpu_parallel_2500_5seeds_90s/20260925_124626_463187/parallel_sensitivity_jobs/job_0031/worker.log
PARALLEL PROGRESS: 23/75 complete; 9 active
PARALLEL PROGRESS: 23/75 complete; 9 active
PARALLEL PROGRESS: 23/75 complete; 9 active
PARALLEL PROGRESS: 23/75 complete; 9 active
PARALLEL PROGRESS: 23/75 complete; 9 active
PARALLEL PROGRESS: 23/75 complete; 9 active
PARALLEL PROGRESS: 23/75 complete; 9 active
PARALLEL PROGRESS: 23/75 complete; 9 active
PARALLEL PROGRESS: 23/75 complete; 9 active
PARALLEL PROGRESS: 23/75 complete; 9 active
PARALLEL PROGRESS: 23/75 complete; 9 active
FINISH JOB 25/75 (24 complete)
START JOB 33/75 GPU=GPU-780afb7e-e486-5609-c993-3e516926bbe4 LOG=/home/yqt/XuanyiLi/RL-for-charging/revision_results/experiment_5_gpu_parallel_2500_5seeds_90s/20260925_124626_463187/parallel_sensitivity_jobs/job_0032/worker.log
PARALLEL PROGRESS: 24/75 complete; 9 active
PARALLEL PROGRESS: 24/75 complete; 9 active
PARALLEL PROGRESS: 24/75 complete; 9 active
PARALLEL PROGRESS: 24/75 complete; 9 active
PARALLEL PROGRESS: 24/75 complete; 9 active
PARALLEL PROGRESS: 24/75 complete; 9 active
PARALLEL PROGRESS: 24/75 complete; 9 active
FINISH JOB 23/75 (25 complete)
START JOB 34/75 GPU=GPU-780afb7e-e486-5609-c993-3e516926bbe4 LOG=/home/yqt/XuanyiLi/RL-for-charging/revision_results/experiment_5_gpu_parallel_2500_5seeds_90s/20260925_124626_463187/parallel_sensitivity_jobs/job_0033/worker.log
PARALLEL PROGRESS: 25/75 complete; 9 active
PARALLEL PROGRESS: 25/75 complete; 9 active
PARALLEL PROGRESS: 25/75 complete; 9 active
PARALLEL PROGRESS: 25/75 complete; 9 active
PARALLEL PROGRESS: 25/75 complete; 9 active
PARALLEL PROGRESS: 25/75 complete; 9 active
FINISH JOB 26/75 (26 complete)
START JOB 35/75 GPU=GPU-852c53c7-8b53-1abc-0811-713083167dbe LOG=/home/yqt/XuanyiLi/RL-for-charging/revision_results/experiment_5_gpu_parallel_2500_5seeds_90s/20260925_124626_463187/parallel_sensitivity_jobs/job_0034/worker.log
PARALLEL PROGRESS: 26/75 complete; 9 active
PARALLEL PROGRESS: 26/75 complete; 9 active
PARALLEL PROGRESS: 26/75 complete; 9 active
PARALLEL PROGRESS: 26/75 complete; 9 active
PARALLEL PROGRESS: 26/75 complete; 9 active
PARALLEL PROGRESS: 26/75 complete; 9 active
PARALLEL PROGRESS: 26/75 complete; 9 active
PARALLEL PROGRESS: 26/75 complete; 9 active
PARALLEL PROGRESS: 26/75 complete; 9 active
PARALLEL PROGRESS: 26/75 complete; 9 active
PARALLEL PROGRESS: 26/75 complete; 9 active
PARALLEL PROGRESS: 26/75 complete; 9 active
PARALLEL PROGRESS: 26/75 complete; 9 active
PARALLEL PROGRESS: 26/75 complete; 9 active
PARALLEL PROGRESS: 26/75 complete; 9 active
PARALLEL PROGRESS: 26/75 complete; 9 active
PARALLEL PROGRESS: 26/75 complete; 9 active
PARALLEL PROGRESS: 26/75 complete; 9 active
PARALLEL PROGRESS: 26/75 complete; 9 active
PARALLEL PROGRESS: 26/75 complete; 9 active
PARALLEL PROGRESS: 26/75 complete; 9 active
PARALLEL PROGRESS: 26/75 complete; 9 active
PARALLEL PROGRESS: 26/75 complete; 9 active
FINISH JOB 27/75 (27 complete)
START JOB 36/75 GPU=GPU-780afb7e-e486-5609-c993-3e516926bbe4 LOG=/home/yqt/XuanyiLi/RL-for-charging/revision_results/experiment_5_gpu_parallel_2500_5seeds_90s/20260925_124626_463187/parallel_sensitivity_jobs/job_0035/worker.log
PARALLEL PROGRESS: 27/75 complete; 9 active
PARALLEL PROGRESS: 27/75 complete; 9 active
PARALLEL PROGRESS: 27/75 complete; 9 active
PARALLEL PROGRESS: 27/75 complete; 9 active
PARALLEL PROGRESS: 27/75 complete; 9 active
PARALLEL PROGRESS: 27/75 complete; 9 active
PARALLEL PROGRESS: 27/75 complete; 9 active
PARALLEL PROGRESS: 27/75 complete; 9 active
PARALLEL PROGRESS: 27/75 complete; 9 active
PARALLEL PROGRESS: 27/75 complete; 9 active
PARALLEL PROGRESS: 27/75 complete; 9 active
PARALLEL PROGRESS: 27/75 complete; 9 active
PARALLEL PROGRESS: 27/75 complete; 9 active
PARALLEL PROGRESS: 27/75 complete; 9 active
PARALLEL PROGRESS: 27/75 complete; 9 active
PARALLEL PROGRESS: 27/75 complete; 9 active
PARALLEL PROGRESS: 27/75 complete; 9 active
PARALLEL PROGRESS: 27/75 complete; 9 active
PARALLEL PROGRESS: 27/75 complete; 9 active
PARALLEL PROGRESS: 27/75 complete; 9 active
PARALLEL PROGRESS: 27/75 complete; 9 active
PARALLEL PROGRESS: 27/75 complete; 9 active
PARALLEL PROGRESS: 27/75 complete; 9 active
PARALLEL PROGRESS: 27/75 complete; 9 active
PARALLEL PROGRESS: 27/75 complete; 9 active
PARALLEL PROGRESS: 27/75 complete; 9 active
PARALLEL PROGRESS: 27/75 complete; 9 active
PARALLEL PROGRESS: 27/75 complete; 9 active
PARALLEL PROGRESS: 27/75 complete; 9 active
PARALLEL PROGRESS: 27/75 complete; 9 active
PARALLEL PROGRESS: 27/75 complete; 9 active
PARALLEL PROGRESS: 27/75 complete; 9 active
PARALLEL PROGRESS: 27/75 complete; 9 active
PARALLEL PROGRESS: 27/75 complete; 9 active
PARALLEL PROGRESS: 27/75 complete; 9 active
PARALLEL PROGRESS: 27/75 complete; 9 active
PARALLEL PROGRESS: 27/75 complete; 9 active
PARALLEL PROGRESS: 27/75 complete; 9 active
PARALLEL PROGRESS: 27/75 complete; 9 active
PARALLEL PROGRESS: 27/75 complete; 9 active
PARALLEL PROGRESS: 27/75 complete; 9 active
PARALLEL PROGRESS: 27/75 complete; 9 active
PARALLEL PROGRESS: 27/75 complete; 9 active
PARALLEL PROGRESS: 27/75 complete; 9 active
PARALLEL PROGRESS: 27/75 complete; 9 active
PARALLEL PROGRESS: 27/75 complete; 9 active
PARALLEL PROGRESS: 27/75 complete; 9 active
PARALLEL PROGRESS: 27/75 complete; 9 active
PARALLEL PROGRESS: 27/75 complete; 9 active
PARALLEL PROGRESS: 27/75 complete; 9 active
PARALLEL PROGRESS: 27/75 complete; 9 active
PARALLEL PROGRESS: 27/75 complete; 9 active
PARALLEL PROGRESS: 27/75 complete; 9 active
PARALLEL PROGRESS: 27/75 complete; 9 active
PARALLEL PROGRESS: 27/75 complete; 9 active
PARALLEL PROGRESS: 27/75 complete; 9 active
PARALLEL PROGRESS: 27/75 complete; 9 active
PARALLEL PROGRESS: 27/75 complete; 9 active
PARALLEL PROGRESS: 27/75 complete; 9 active
PARALLEL PROGRESS: 27/75 complete; 9 active
PARALLEL PROGRESS: 27/75 complete; 9 active
PARALLEL PROGRESS: 27/75 complete; 9 active
PARALLEL PROGRESS: 27/75 complete; 9 active
PARALLEL PROGRESS: 27/75 complete; 9 active
PARALLEL PROGRESS: 27/75 complete; 9 active
PARALLEL PROGRESS: 27/75 complete; 9 active
PARALLEL PROGRESS: 27/75 complete; 9 active
PARALLEL PROGRESS: 27/75 complete; 9 active
PARALLEL PROGRESS: 27/75 complete; 9 active
PARALLEL PROGRESS: 27/75 complete; 9 active
PARALLEL PROGRESS: 27/75 complete; 9 active
PARALLEL PROGRESS: 27/75 complete; 9 active
PARALLEL PROGRESS: 27/75 complete; 9 active
PARALLEL PROGRESS: 27/75 complete; 9 active
PARALLEL PROGRESS: 27/75 complete; 9 active
PARALLEL PROGRESS: 27/75 complete; 9 active
PARALLEL PROGRESS: 27/75 complete; 9 active
PARALLEL PROGRESS: 27/75 complete; 9 active
PARALLEL PROGRESS: 27/75 complete; 9 active
PARALLEL PROGRESS: 27/75 complete; 9 active
PARALLEL PROGRESS: 27/75 complete; 9 active
PARALLEL PROGRESS: 27/75 complete; 9 active
PARALLEL PROGRESS: 27/75 complete; 9 active
PARALLEL PROGRESS: 27/75 complete; 9 active
PARALLEL PROGRESS: 27/75 complete; 9 active
PARALLEL PROGRESS: 27/75 complete; 9 active
PARALLEL PROGRESS: 27/75 complete; 9 active
PARALLEL PROGRESS: 27/75 complete; 9 active
PARALLEL PROGRESS: 27/75 complete; 9 active
PARALLEL PROGRESS: 27/75 complete; 9 active
PARALLEL PROGRESS: 27/75 complete; 9 active
PARALLEL PROGRESS: 27/75 complete; 9 active
PARALLEL PROGRESS: 27/75 complete; 9 active
PARALLEL PROGRESS: 27/75 complete; 9 active
PARALLEL PROGRESS: 27/75 complete; 9 active
PARALLEL PROGRESS: 27/75 complete; 9 active
PARALLEL PROGRESS: 27/75 complete; 9 active
PARALLEL PROGRESS: 27/75 complete; 9 active
PARALLEL PROGRESS: 27/75 complete; 9 active
PARALLEL PROGRESS: 27/75 complete; 9 active
PARALLEL PROGRESS: 27/75 complete; 9 active
PARALLEL PROGRESS: 27/75 complete; 9 active
PARALLEL PROGRESS: 27/75 complete; 9 active
PARALLEL PROGRESS: 27/75 complete; 9 active
PARALLEL PROGRESS: 27/75 complete; 9 active
PARALLEL PROGRESS: 27/75 complete; 9 active
PARALLEL PROGRESS: 27/75 complete; 9 active
PARALLEL PROGRESS: 27/75 complete; 9 active
PARALLEL PROGRESS: 27/75 complete; 9 active
FINISH JOB 28/75 (28 complete)
START JOB 37/75 GPU=GPU-852c53c7-8b53-1abc-0811-713083167dbe LOG=/home/yqt/XuanyiLi/RL-for-charging/revision_results/experiment_5_gpu_parallel_2500_5seeds_90s/20260925_124626_463187/parallel_sensitivity_jobs/job_0036/worker.log
PARALLEL PROGRESS: 28/75 complete; 9 active
PARALLEL PROGRESS: 28/75 complete; 9 active
PARALLEL PROGRESS: 28/75 complete; 9 active
PARALLEL PROGRESS: 28/75 complete; 9 active
PARALLEL PROGRESS: 28/75 complete; 9 active
FINISH JOB 29/75 (29 complete)
START JOB 38/75 GPU=GPU-b8a9b253-8713-5d3b-1d65-e007fbdb7588 LOG=/home/yqt/XuanyiLi/RL-for-charging/revision_results/experiment_5_gpu_parallel_2500_5seeds_90s/20260925_124626_463187/parallel_sensitivity_jobs/job_0037/worker.log
PARALLEL PROGRESS: 29/75 complete; 9 active
PARALLEL PROGRESS: 29/75 complete; 9 active
PARALLEL PROGRESS: 29/75 complete; 9 active
PARALLEL PROGRESS: 29/75 complete; 9 active
PARALLEL PROGRESS: 29/75 complete; 9 active
PARALLEL PROGRESS: 29/75 complete; 9 active
PARALLEL PROGRESS: 29/75 complete; 9 active
PARALLEL PROGRESS: 29/75 complete; 9 active
PARALLEL PROGRESS: 29/75 complete; 9 active
PARALLEL PROGRESS: 29/75 complete; 9 active
PARALLEL PROGRESS: 29/75 complete; 9 active
PARALLEL PROGRESS: 29/75 complete; 9 active
PARALLEL PROGRESS: 29/75 complete; 9 active
PARALLEL PROGRESS: 29/75 complete; 9 active
PARALLEL PROGRESS: 29/75 complete; 9 active
PARALLEL PROGRESS: 29/75 complete; 9 active
PARALLEL PROGRESS: 29/75 complete; 9 active
PARALLEL PROGRESS: 29/75 complete; 9 active
PARALLEL PROGRESS: 29/75 complete; 9 active
PARALLEL PROGRESS: 29/75 complete; 9 active
FINISH JOB 31/75 (30 complete)
START JOB 39/75 GPU=GPU-b8a9b253-8713-5d3b-1d65-e007fbdb7588 LOG=/home/yqt/XuanyiLi/RL-for-charging/revision_results/experiment_5_gpu_parallel_2500_5seeds_90s/20260925_124626_463187/parallel_sensitivity_jobs/job_0038/worker.log
PARALLEL PROGRESS: 30/75 complete; 9 active
PARALLEL PROGRESS: 30/75 complete; 9 active
PARALLEL PROGRESS: 30/75 complete; 9 active
PARALLEL PROGRESS: 30/75 complete; 9 active
PARALLEL PROGRESS: 30/75 complete; 9 active
PARALLEL PROGRESS: 30/75 complete; 9 active
PARALLEL PROGRESS: 30/75 complete; 9 active
PARALLEL PROGRESS: 30/75 complete; 9 active
PARALLEL PROGRESS: 30/75 complete; 9 active
PARALLEL PROGRESS: 30/75 complete; 9 active
PARALLEL PROGRESS: 30/75 complete; 9 active
PARALLEL PROGRESS: 30/75 complete; 9 active
PARALLEL PROGRESS: 30/75 complete; 9 active
PARALLEL PROGRESS: 30/75 complete; 9 active
PARALLEL PROGRESS: 30/75 complete; 9 active
PARALLEL PROGRESS: 30/75 complete; 9 active
PARALLEL PROGRESS: 30/75 complete; 9 active
PARALLEL PROGRESS: 30/75 complete; 9 active
PARALLEL PROGRESS: 30/75 complete; 9 active
PARALLEL PROGRESS: 30/75 complete; 9 active
PARALLEL PROGRESS: 30/75 complete; 9 active
PARALLEL PROGRESS: 30/75 complete; 9 active
PARALLEL PROGRESS: 30/75 complete; 9 active
PARALLEL PROGRESS: 30/75 complete; 9 active
PARALLEL PROGRESS: 30/75 complete; 9 active
PARALLEL PROGRESS: 30/75 complete; 9 active
PARALLEL PROGRESS: 30/75 complete; 9 active
PARALLEL PROGRESS: 30/75 complete; 9 active
PARALLEL PROGRESS: 30/75 complete; 9 active
PARALLEL PROGRESS: 30/75 complete; 9 active
FINISH JOB 32/75 (31 complete)
START JOB 40/75 GPU=GPU-852c53c7-8b53-1abc-0811-713083167dbe LOG=/home/yqt/XuanyiLi/RL-for-charging/revision_results/experiment_5_gpu_parallel_2500_5seeds_90s/20260925_124626_463187/parallel_sensitivity_jobs/job_0039/worker.log
PARALLEL PROGRESS: 31/75 complete; 9 active
PARALLEL PROGRESS: 31/75 complete; 9 active
PARALLEL PROGRESS: 31/75 complete; 9 active
PARALLEL PROGRESS: 31/75 complete; 9 active
PARALLEL PROGRESS: 31/75 complete; 9 active
PARALLEL PROGRESS: 31/75 complete; 9 active
PARALLEL PROGRESS: 31/75 complete; 9 active
PARALLEL PROGRESS: 31/75 complete; 9 active
FINISH JOB 30/75 (32 complete)
START JOB 41/75 GPU=GPU-b8a9b253-8713-5d3b-1d65-e007fbdb7588 LOG=/home/yqt/XuanyiLi/RL-for-charging/revision_results/experiment_5_gpu_parallel_2500_5seeds_90s/20260925_124626_463187/parallel_sensitivity_jobs/job_0040/worker.log
PARALLEL PROGRESS: 32/75 complete; 9 active
PARALLEL PROGRESS: 32/75 complete; 9 active
PARALLEL PROGRESS: 32/75 complete; 9 active
PARALLEL PROGRESS: 32/75 complete; 9 active
PARALLEL PROGRESS: 32/75 complete; 9 active
PARALLEL PROGRESS: 32/75 complete; 9 active
PARALLEL PROGRESS: 32/75 complete; 9 active
PARALLEL PROGRESS: 32/75 complete; 9 active
PARALLEL PROGRESS: 32/75 complete; 9 active
FINISH JOB 35/75 (33 complete)
START JOB 42/75 GPU=GPU-852c53c7-8b53-1abc-0811-713083167dbe LOG=/home/yqt/XuanyiLi/RL-for-charging/revision_results/experiment_5_gpu_parallel_2500_5seeds_90s/20260925_124626_463187/parallel_sensitivity_jobs/job_0041/worker.log
PARALLEL PROGRESS: 33/75 complete; 9 active
PARALLEL PROGRESS: 33/75 complete; 9 active
PARALLEL PROGRESS: 33/75 complete; 9 active
PARALLEL PROGRESS: 33/75 complete; 9 active
PARALLEL PROGRESS: 33/75 complete; 9 active
PARALLEL PROGRESS: 33/75 complete; 9 active
PARALLEL PROGRESS: 33/75 complete; 9 active
PARALLEL PROGRESS: 33/75 complete; 9 active
PARALLEL PROGRESS: 33/75 complete; 9 active
PARALLEL PROGRESS: 33/75 complete; 9 active
PARALLEL PROGRESS: 33/75 complete; 9 active
PARALLEL PROGRESS: 33/75 complete; 9 active
PARALLEL PROGRESS: 33/75 complete; 9 active
PARALLEL PROGRESS: 33/75 complete; 9 active
PARALLEL PROGRESS: 33/75 complete; 9 active
PARALLEL PROGRESS: 33/75 complete; 9 active
PARALLEL PROGRESS: 33/75 complete; 9 active
PARALLEL PROGRESS: 33/75 complete; 9 active
PARALLEL PROGRESS: 33/75 complete; 9 active
PARALLEL PROGRESS: 33/75 complete; 9 active
PARALLEL PROGRESS: 33/75 complete; 9 active
PARALLEL PROGRESS: 33/75 complete; 9 active
PARALLEL PROGRESS: 33/75 complete; 9 active
PARALLEL PROGRESS: 33/75 complete; 9 active
PARALLEL PROGRESS: 33/75 complete; 9 active
PARALLEL PROGRESS: 33/75 complete; 9 active
PARALLEL PROGRESS: 33/75 complete; 9 active
PARALLEL PROGRESS: 33/75 complete; 9 active
PARALLEL PROGRESS: 33/75 complete; 9 active
PARALLEL PROGRESS: 33/75 complete; 9 active
PARALLEL PROGRESS: 33/75 complete; 9 active
PARALLEL PROGRESS: 33/75 complete; 9 active
PARALLEL PROGRESS: 33/75 complete; 9 active
PARALLEL PROGRESS: 33/75 complete; 9 active
PARALLEL PROGRESS: 33/75 complete; 9 active
PARALLEL PROGRESS: 33/75 complete; 9 active
PARALLEL PROGRESS: 33/75 complete; 9 active
FINISH JOB 36/75 (34 complete)
START JOB 43/75 GPU=GPU-780afb7e-e486-5609-c993-3e516926bbe4 LOG=/home/yqt/XuanyiLi/RL-for-charging/revision_results/experiment_5_gpu_parallel_2500_5seeds_90s/20260925_124626_463187/parallel_sensitivity_jobs/job_0042/worker.log
PARALLEL PROGRESS: 34/75 complete; 9 active
PARALLEL PROGRESS: 34/75 complete; 9 active
PARALLEL PROGRESS: 34/75 complete; 9 active
FINISH JOB 33/75 (35 complete)
START JOB 44/75 GPU=GPU-780afb7e-e486-5609-c993-3e516926bbe4 LOG=/home/yqt/XuanyiLi/RL-for-charging/revision_results/experiment_5_gpu_parallel_2500_5seeds_90s/20260925_124626_463187/parallel_sensitivity_jobs/job_0043/worker.log
PARALLEL PROGRESS: 35/75 complete; 9 active
PARALLEL PROGRESS: 35/75 complete; 9 active
PARALLEL PROGRESS: 35/75 complete; 9 active
PARALLEL PROGRESS: 35/75 complete; 9 active
PARALLEL PROGRESS: 35/75 complete; 9 active
PARALLEL PROGRESS: 35/75 complete; 9 active
PARALLEL PROGRESS: 35/75 complete; 9 active
PARALLEL PROGRESS: 35/75 complete; 9 active
PARALLEL PROGRESS: 35/75 complete; 9 active
PARALLEL PROGRESS: 35/75 complete; 9 active
PARALLEL PROGRESS: 35/75 complete; 9 active
PARALLEL PROGRESS: 35/75 complete; 9 active
PARALLEL PROGRESS: 35/75 complete; 9 active
PARALLEL PROGRESS: 35/75 complete; 9 active
PARALLEL PROGRESS: 35/75 complete; 9 active
PARALLEL PROGRESS: 35/75 complete; 9 active
PARALLEL PROGRESS: 35/75 complete; 9 active
FINISH JOB 34/75 (36 complete)
START JOB 45/75 GPU=GPU-780afb7e-e486-5609-c993-3e516926bbe4 LOG=/home/yqt/XuanyiLi/RL-for-charging/revision_results/experiment_5_gpu_parallel_2500_5seeds_90s/20260925_124626_463187/parallel_sensitivity_jobs/job_0044/worker.log
PARALLEL PROGRESS: 36/75 complete; 9 active
PARALLEL PROGRESS: 36/75 complete; 9 active
PARALLEL PROGRESS: 36/75 complete; 9 active
PARALLEL PROGRESS: 36/75 complete; 9 active
PARALLEL PROGRESS: 36/75 complete; 9 active
PARALLEL PROGRESS: 36/75 complete; 9 active
PARALLEL PROGRESS: 36/75 complete; 9 active
PARALLEL PROGRESS: 36/75 complete; 9 active
PARALLEL PROGRESS: 36/75 complete; 9 active
PARALLEL PROGRESS: 36/75 complete; 9 active
PARALLEL PROGRESS: 36/75 complete; 9 active
PARALLEL PROGRESS: 36/75 complete; 9 active
PARALLEL PROGRESS: 36/75 complete; 9 active
PARALLEL PROGRESS: 36/75 complete; 9 active
PARALLEL PROGRESS: 36/75 complete; 9 active
PARALLEL PROGRESS: 36/75 complete; 9 active
PARALLEL PROGRESS: 36/75 complete; 9 active
PARALLEL PROGRESS: 36/75 complete; 9 active
PARALLEL PROGRESS: 36/75 complete; 9 active
PARALLEL PROGRESS: 36/75 complete; 9 active
PARALLEL PROGRESS: 36/75 complete; 9 active
PARALLEL PROGRESS: 36/75 complete; 9 active
PARALLEL PROGRESS: 36/75 complete; 9 active
PARALLEL PROGRESS: 36/75 complete; 9 active
PARALLEL PROGRESS: 36/75 complete; 9 active
PARALLEL PROGRESS: 36/75 complete; 9 active
PARALLEL PROGRESS: 36/75 complete; 9 active
PARALLEL PROGRESS: 36/75 complete; 9 active
PARALLEL PROGRESS: 36/75 complete; 9 active
PARALLEL PROGRESS: 36/75 complete; 9 active
PARALLEL PROGRESS: 36/75 complete; 9 active
PARALLEL PROGRESS: 36/75 complete; 9 active
PARALLEL PROGRESS: 36/75 complete; 9 active
PARALLEL PROGRESS: 36/75 complete; 9 active
PARALLEL PROGRESS: 36/75 complete; 9 active
PARALLEL PROGRESS: 36/75 complete; 9 active
PARALLEL PROGRESS: 36/75 complete; 9 active
PARALLEL PROGRESS: 36/75 complete; 9 active
PARALLEL PROGRESS: 36/75 complete; 9 active
PARALLEL PROGRESS: 36/75 complete; 9 active
PARALLEL PROGRESS: 36/75 complete; 9 active
PARALLEL PROGRESS: 36/75 complete; 9 active
PARALLEL PROGRESS: 36/75 complete; 9 active
PARALLEL PROGRESS: 36/75 complete; 9 active
PARALLEL PROGRESS: 36/75 complete; 9 active
PARALLEL PROGRESS: 36/75 complete; 9 active
PARALLEL PROGRESS: 36/75 complete; 9 active
PARALLEL PROGRESS: 36/75 complete; 9 active
PARALLEL PROGRESS: 36/75 complete; 9 active
PARALLEL PROGRESS: 36/75 complete; 9 active
PARALLEL PROGRESS: 36/75 complete; 9 active
PARALLEL PROGRESS: 36/75 complete; 9 active
PARALLEL PROGRESS: 36/75 complete; 9 active
PARALLEL PROGRESS: 36/75 complete; 9 active
PARALLEL PROGRESS: 36/75 complete; 9 active
PARALLEL PROGRESS: 36/75 complete; 9 active
PARALLEL PROGRESS: 36/75 complete; 9 active
PARALLEL PROGRESS: 36/75 complete; 9 active
PARALLEL PROGRESS: 36/75 complete; 9 active
PARALLEL PROGRESS: 36/75 complete; 9 active
PARALLEL PROGRESS: 36/75 complete; 9 active
PARALLEL PROGRESS: 36/75 complete; 9 active
PARALLEL PROGRESS: 36/75 complete; 9 active
PARALLEL PROGRESS: 36/75 complete; 9 active
PARALLEL PROGRESS: 36/75 complete; 9 active
PARALLEL PROGRESS: 36/75 complete; 9 active
PARALLEL PROGRESS: 36/75 complete; 9 active
PARALLEL PROGRESS: 36/75 complete; 9 active
PARALLEL PROGRESS: 36/75 complete; 9 active
PARALLEL PROGRESS: 36/75 complete; 9 active
PARALLEL PROGRESS: 36/75 complete; 9 active
PARALLEL PROGRESS: 36/75 complete; 9 active
PARALLEL PROGRESS: 36/75 complete; 9 active
PARALLEL PROGRESS: 36/75 complete; 9 active
PARALLEL PROGRESS: 36/75 complete; 9 active
PARALLEL PROGRESS: 36/75 complete; 9 active
PARALLEL PROGRESS: 36/75 complete; 9 active
PARALLEL PROGRESS: 36/75 complete; 9 active
PARALLEL PROGRESS: 36/75 complete; 9 active
PARALLEL PROGRESS: 36/75 complete; 9 active
PARALLEL PROGRESS: 36/75 complete; 9 active
PARALLEL PROGRESS: 36/75 complete; 9 active
PARALLEL PROGRESS: 36/75 complete; 9 active
PARALLEL PROGRESS: 36/75 complete; 9 active
PARALLEL PROGRESS: 36/75 complete; 9 active
PARALLEL PROGRESS: 36/75 complete; 9 active
PARALLEL PROGRESS: 36/75 complete; 9 active
PARALLEL PROGRESS: 36/75 complete; 9 active
PARALLEL PROGRESS: 36/75 complete; 9 active
PARALLEL PROGRESS: 36/75 complete; 9 active
PARALLEL PROGRESS: 36/75 complete; 9 active
PARALLEL PROGRESS: 36/75 complete; 9 active
PARALLEL PROGRESS: 36/75 complete; 9 active
PARALLEL PROGRESS: 36/75 complete; 9 active
PARALLEL PROGRESS: 36/75 complete; 9 active
PARALLEL PROGRESS: 36/75 complete; 9 active
PARALLEL PROGRESS: 36/75 complete; 9 active
PARALLEL PROGRESS: 36/75 complete; 9 active
PARALLEL PROGRESS: 36/75 complete; 9 active
PARALLEL PROGRESS: 36/75 complete; 9 active
PARALLEL PROGRESS: 36/75 complete; 9 active
PARALLEL PROGRESS: 36/75 complete; 9 active
PARALLEL PROGRESS: 36/75 complete; 9 active
PARALLEL PROGRESS: 36/75 complete; 9 active
PARALLEL PROGRESS: 36/75 complete; 9 active
PARALLEL PROGRESS: 36/75 complete; 9 active
PARALLEL PROGRESS: 36/75 complete; 9 active
PARALLEL PROGRESS: 36/75 complete; 9 active
PARALLEL PROGRESS: 36/75 complete; 9 active
FINISH JOB 37/75 (37 complete)
START JOB 46/75 GPU=GPU-852c53c7-8b53-1abc-0811-713083167dbe LOG=/home/yqt/XuanyiLi/RL-for-charging/revision_results/experiment_5_gpu_parallel_2500_5seeds_90s/20260925_124626_463187/parallel_sensitivity_jobs/job_0045/worker.log
PARALLEL PROGRESS: 37/75 complete; 9 active
PARALLEL PROGRESS: 37/75 complete; 9 active
PARALLEL PROGRESS: 37/75 complete; 9 active
PARALLEL PROGRESS: 37/75 complete; 9 active
PARALLEL PROGRESS: 37/75 complete; 9 active
PARALLEL PROGRESS: 37/75 complete; 9 active
FINISH JOB 39/75 (38 complete)
START JOB 47/75 GPU=GPU-b8a9b253-8713-5d3b-1d65-e007fbdb7588 LOG=/home/yqt/XuanyiLi/RL-for-charging/revision_results/experiment_5_gpu_parallel_2500_5seeds_90s/20260925_124626_463187/parallel_sensitivity_jobs/job_0046/worker.log
PARALLEL PROGRESS: 38/75 complete; 9 active
PARALLEL PROGRESS: 38/75 complete; 9 active
PARALLEL PROGRESS: 38/75 complete; 9 active
PARALLEL PROGRESS: 38/75 complete; 9 active
PARALLEL PROGRESS: 38/75 complete; 9 active
PARALLEL PROGRESS: 38/75 complete; 9 active
PARALLEL PROGRESS: 38/75 complete; 9 active
PARALLEL PROGRESS: 38/75 complete; 9 active
FINISH JOB 38/75 (39 complete)
START JOB 48/75 GPU=GPU-b8a9b253-8713-5d3b-1d65-e007fbdb7588 LOG=/home/yqt/XuanyiLi/RL-for-charging/revision_results/experiment_5_gpu_parallel_2500_5seeds_90s/20260925_124626_463187/parallel_sensitivity_jobs/job_0047/worker.log
PARALLEL PROGRESS: 39/75 complete; 9 active
PARALLEL PROGRESS: 39/75 complete; 9 active
PARALLEL PROGRESS: 39/75 complete; 9 active
PARALLEL PROGRESS: 39/75 complete; 9 active
PARALLEL PROGRESS: 39/75 complete; 9 active
PARALLEL PROGRESS: 39/75 complete; 9 active
PARALLEL PROGRESS: 39/75 complete; 9 active
PARALLEL PROGRESS: 39/75 complete; 9 active
PARALLEL PROGRESS: 39/75 complete; 9 active
FINISH JOB 40/75 (40 complete)
START JOB 49/75 GPU=GPU-852c53c7-8b53-1abc-0811-713083167dbe LOG=/home/yqt/XuanyiLi/RL-for-charging/revision_results/experiment_5_gpu_parallel_2500_5seeds_90s/20260925_124626_463187/parallel_sensitivity_jobs/job_0048/worker.log
PARALLEL PROGRESS: 40/75 complete; 9 active
PARALLEL PROGRESS: 40/75 complete; 9 active
PARALLEL PROGRESS: 40/75 complete; 9 active
PARALLEL PROGRESS: 40/75 complete; 9 active
PARALLEL PROGRESS: 40/75 complete; 9 active
PARALLEL PROGRESS: 40/75 complete; 9 active
PARALLEL PROGRESS: 40/75 complete; 9 active
PARALLEL PROGRESS: 40/75 complete; 9 active
PARALLEL PROGRESS: 40/75 complete; 9 active
PARALLEL PROGRESS: 40/75 complete; 9 active
PARALLEL PROGRESS: 40/75 complete; 9 active
PARALLEL PROGRESS: 40/75 complete; 9 active
PARALLEL PROGRESS: 40/75 complete; 9 active
PARALLEL PROGRESS: 40/75 complete; 9 active
PARALLEL PROGRESS: 40/75 complete; 9 active
PARALLEL PROGRESS: 40/75 complete; 9 active
PARALLEL PROGRESS: 40/75 complete; 9 active
PARALLEL PROGRESS: 40/75 complete; 9 active
FINISH JOB 41/75 (41 complete)
START JOB 50/75 GPU=GPU-b8a9b253-8713-5d3b-1d65-e007fbdb7588 LOG=/home/yqt/XuanyiLi/RL-for-charging/revision_results/experiment_5_gpu_parallel_2500_5seeds_90s/20260925_124626_463187/parallel_sensitivity_jobs/job_0049/worker.log
PARALLEL PROGRESS: 41/75 complete; 9 active
PARALLEL PROGRESS: 41/75 complete; 9 active
PARALLEL PROGRESS: 41/75 complete; 9 active
PARALLEL PROGRESS: 41/75 complete; 9 active
PARALLEL PROGRESS: 41/75 complete; 9 active
PARALLEL PROGRESS: 41/75 complete; 9 active
PARALLEL PROGRESS: 41/75 complete; 9 active
PARALLEL PROGRESS: 41/75 complete; 9 active
PARALLEL PROGRESS: 41/75 complete; 9 active
PARALLEL PROGRESS: 41/75 complete; 9 active
PARALLEL PROGRESS: 41/75 complete; 9 active
PARALLEL PROGRESS: 41/75 complete; 9 active
PARALLEL PROGRESS: 41/75 complete; 9 active
PARALLEL PROGRESS: 41/75 complete; 9 active
PARALLEL PROGRESS: 41/75 complete; 9 active
PARALLEL PROGRESS: 41/75 complete; 9 active
PARALLEL PROGRESS: 41/75 complete; 9 active
PARALLEL PROGRESS: 41/75 complete; 9 active
PARALLEL PROGRESS: 41/75 complete; 9 active
PARALLEL PROGRESS: 41/75 complete; 9 active
PARALLEL PROGRESS: 41/75 complete; 9 active
PARALLEL PROGRESS: 41/75 complete; 9 active
PARALLEL PROGRESS: 41/75 complete; 9 active
PARALLEL PROGRESS: 41/75 complete; 9 active
PARALLEL PROGRESS: 41/75 complete; 9 active
PARALLEL PROGRESS: 41/75 complete; 9 active
PARALLEL PROGRESS: 41/75 complete; 9 active
PARALLEL PROGRESS: 41/75 complete; 9 active
PARALLEL PROGRESS: 41/75 complete; 9 active
PARALLEL PROGRESS: 41/75 complete; 9 active
FINISH JOB 42/75 (42 complete)
START JOB 51/75 GPU=GPU-852c53c7-8b53-1abc-0811-713083167dbe LOG=/home/yqt/XuanyiLi/RL-for-charging/revision_results/experiment_5_gpu_parallel_2500_5seeds_90s/20260925_124626_463187/parallel_sensitivity_jobs/job_0050/worker.log
PARALLEL PROGRESS: 42/75 complete; 9 active
PARALLEL PROGRESS: 42/75 complete; 9 active
PARALLEL PROGRESS: 42/75 complete; 9 active
PARALLEL PROGRESS: 42/75 complete; 9 active
PARALLEL PROGRESS: 42/75 complete; 9 active
PARALLEL PROGRESS: 42/75 complete; 9 active
PARALLEL PROGRESS: 42/75 complete; 9 active
PARALLEL PROGRESS: 42/75 complete; 9 active
PARALLEL PROGRESS: 42/75 complete; 9 active
PARALLEL PROGRESS: 42/75 complete; 9 active
PARALLEL PROGRESS: 42/75 complete; 9 active
PARALLEL PROGRESS: 42/75 complete; 9 active
PARALLEL PROGRESS: 42/75 complete; 9 active
PARALLEL PROGRESS: 42/75 complete; 9 active
PARALLEL PROGRESS: 42/75 complete; 9 active
PARALLEL PROGRESS: 42/75 complete; 9 active
PARALLEL PROGRESS: 42/75 complete; 9 active
PARALLEL PROGRESS: 42/75 complete; 9 active
PARALLEL PROGRESS: 42/75 complete; 9 active
FINISH JOB 44/75 (43 complete)
START JOB 52/75 GPU=GPU-780afb7e-e486-5609-c993-3e516926bbe4 LOG=/home/yqt/XuanyiLi/RL-for-charging/revision_results/experiment_5_gpu_parallel_2500_5seeds_90s/20260925_124626_463187/parallel_sensitivity_jobs/job_0051/worker.log
PARALLEL PROGRESS: 43/75 complete; 9 active
PARALLEL PROGRESS: 43/75 complete; 9 active
PARALLEL PROGRESS: 43/75 complete; 9 active
PARALLEL PROGRESS: 43/75 complete; 9 active
PARALLEL PROGRESS: 43/75 complete; 9 active
PARALLEL PROGRESS: 43/75 complete; 9 active
PARALLEL PROGRESS: 43/75 complete; 9 active
FINISH JOB 45/75 (44 complete)
START JOB 53/75 GPU=GPU-780afb7e-e486-5609-c993-3e516926bbe4 LOG=/home/yqt/XuanyiLi/RL-for-charging/revision_results/experiment_5_gpu_parallel_2500_5seeds_90s/20260925_124626_463187/parallel_sensitivity_jobs/job_0052/worker.log
PARALLEL PROGRESS: 44/75 complete; 9 active
PARALLEL PROGRESS: 44/75 complete; 9 active
PARALLEL PROGRESS: 44/75 complete; 9 active
PARALLEL PROGRESS: 44/75 complete; 9 active
PARALLEL PROGRESS: 44/75 complete; 9 active
PARALLEL PROGRESS: 44/75 complete; 9 active
PARALLEL PROGRESS: 44/75 complete; 9 active
PARALLEL PROGRESS: 44/75 complete; 9 active
PARALLEL PROGRESS: 44/75 complete; 9 active
PARALLEL PROGRESS: 44/75 complete; 9 active
PARALLEL PROGRESS: 44/75 complete; 9 active
PARALLEL PROGRESS: 44/75 complete; 9 active
PARALLEL PROGRESS: 44/75 complete; 9 active
PARALLEL PROGRESS: 44/75 complete; 9 active
PARALLEL PROGRESS: 44/75 complete; 9 active
PARALLEL PROGRESS: 44/75 complete; 9 active
PARALLEL PROGRESS: 44/75 complete; 9 active
PARALLEL PROGRESS: 44/75 complete; 9 active
PARALLEL PROGRESS: 44/75 complete; 9 active
PARALLEL PROGRESS: 44/75 complete; 9 active
PARALLEL PROGRESS: 44/75 complete; 9 active
FINISH JOB 43/75 (45 complete)
START JOB 54/75 GPU=GPU-780afb7e-e486-5609-c993-3e516926bbe4 LOG=/home/yqt/XuanyiLi/RL-for-charging/revision_results/experiment_5_gpu_parallel_2500_5seeds_90s/20260925_124626_463187/parallel_sensitivity_jobs/job_0053/worker.log
PARALLEL PROGRESS: 45/75 complete; 9 active
PARALLEL PROGRESS: 45/75 complete; 9 active
PARALLEL PROGRESS: 45/75 complete; 9 active
PARALLEL PROGRESS: 45/75 complete; 9 active
PARALLEL PROGRESS: 45/75 complete; 9 active
PARALLEL PROGRESS: 45/75 complete; 9 active
PARALLEL PROGRESS: 45/75 complete; 9 active
PARALLEL PROGRESS: 45/75 complete; 9 active
PARALLEL PROGRESS: 45/75 complete; 9 active
PARALLEL PROGRESS: 45/75 complete; 9 active
PARALLEL PROGRESS: 45/75 complete; 9 active
PARALLEL PROGRESS: 45/75 complete; 9 active
PARALLEL PROGRESS: 45/75 complete; 9 active
PARALLEL PROGRESS: 45/75 complete; 9 active
PARALLEL PROGRESS: 45/75 complete; 9 active
PARALLEL PROGRESS: 45/75 complete; 9 active
PARALLEL PROGRESS: 45/75 complete; 9 active
PARALLEL PROGRESS: 45/75 complete; 9 active
PARALLEL PROGRESS: 45/75 complete; 9 active
PARALLEL PROGRESS: 45/75 complete; 9 active
PARALLEL PROGRESS: 45/75 complete; 9 active
PARALLEL PROGRESS: 45/75 complete; 9 active
PARALLEL PROGRESS: 45/75 complete; 9 active
PARALLEL PROGRESS: 45/75 complete; 9 active
PARALLEL PROGRESS: 45/75 complete; 9 active
PARALLEL PROGRESS: 45/75 complete; 9 active
PARALLEL PROGRESS: 45/75 complete; 9 active
PARALLEL PROGRESS: 45/75 complete; 9 active
PARALLEL PROGRESS: 45/75 complete; 9 active
PARALLEL PROGRESS: 45/75 complete; 9 active
PARALLEL PROGRESS: 45/75 complete; 9 active
PARALLEL PROGRESS: 45/75 complete; 9 active
PARALLEL PROGRESS: 45/75 complete; 9 active
PARALLEL PROGRESS: 45/75 complete; 9 active
PARALLEL PROGRESS: 45/75 complete; 9 active
PARALLEL PROGRESS: 45/75 complete; 9 active
PARALLEL PROGRESS: 45/75 complete; 9 active
PARALLEL PROGRESS: 45/75 complete; 9 active
PARALLEL PROGRESS: 45/75 complete; 9 active
PARALLEL PROGRESS: 45/75 complete; 9 active
PARALLEL PROGRESS: 45/75 complete; 9 active
PARALLEL PROGRESS: 45/75 complete; 9 active
PARALLEL PROGRESS: 45/75 complete; 9 active
PARALLEL PROGRESS: 45/75 complete; 9 active
PARALLEL PROGRESS: 45/75 complete; 9 active
PARALLEL PROGRESS: 45/75 complete; 9 active
PARALLEL PROGRESS: 45/75 complete; 9 active
PARALLEL PROGRESS: 45/75 complete; 9 active
PARALLEL PROGRESS: 45/75 complete; 9 active
PARALLEL PROGRESS: 45/75 complete; 9 active
PARALLEL PROGRESS: 45/75 complete; 9 active
PARALLEL PROGRESS: 45/75 complete; 9 active
PARALLEL PROGRESS: 45/75 complete; 9 active
PARALLEL PROGRESS: 45/75 complete; 9 active
PARALLEL PROGRESS: 45/75 complete; 9 active
PARALLEL PROGRESS: 45/75 complete; 9 active
PARALLEL PROGRESS: 45/75 complete; 9 active
PARALLEL PROGRESS: 45/75 complete; 9 active
PARALLEL PROGRESS: 45/75 complete; 9 active
PARALLEL PROGRESS: 45/75 complete; 9 active
PARALLEL PROGRESS: 45/75 complete; 9 active
PARALLEL PROGRESS: 45/75 complete; 9 active
PARALLEL PROGRESS: 45/75 complete; 9 active
PARALLEL PROGRESS: 45/75 complete; 9 active
PARALLEL PROGRESS: 45/75 complete; 9 active
PARALLEL PROGRESS: 45/75 complete; 9 active
PARALLEL PROGRESS: 45/75 complete; 9 active
PARALLEL PROGRESS: 45/75 complete; 9 active
PARALLEL PROGRESS: 45/75 complete; 9 active
PARALLEL PROGRESS: 45/75 complete; 9 active
PARALLEL PROGRESS: 45/75 complete; 9 active
PARALLEL PROGRESS: 45/75 complete; 9 active
PARALLEL PROGRESS: 45/75 complete; 9 active
PARALLEL PROGRESS: 45/75 complete; 9 active
PARALLEL PROGRESS: 45/75 complete; 9 active
PARALLEL PROGRESS: 45/75 complete; 9 active
PARALLEL PROGRESS: 45/75 complete; 9 active
PARALLEL PROGRESS: 45/75 complete; 9 active
PARALLEL PROGRESS: 45/75 complete; 9 active
PARALLEL PROGRESS: 45/75 complete; 9 active
PARALLEL PROGRESS: 45/75 complete; 9 active
PARALLEL PROGRESS: 45/75 complete; 9 active
PARALLEL PROGRESS: 45/75 complete; 9 active
PARALLEL PROGRESS: 45/75 complete; 9 active
PARALLEL PROGRESS: 45/75 complete; 9 active
PARALLEL PROGRESS: 45/75 complete; 9 active
PARALLEL PROGRESS: 45/75 complete; 9 active
PARALLEL PROGRESS: 45/75 complete; 9 active
PARALLEL PROGRESS: 45/75 complete; 9 active
PARALLEL PROGRESS: 45/75 complete; 9 active
PARALLEL PROGRESS: 45/75 complete; 9 active
PARALLEL PROGRESS: 45/75 complete; 9 active
PARALLEL PROGRESS: 45/75 complete; 9 active
PARALLEL PROGRESS: 45/75 complete; 9 active
PARALLEL PROGRESS: 45/75 complete; 9 active
PARALLEL PROGRESS: 45/75 complete; 9 active
PARALLEL PROGRESS: 45/75 complete; 9 active
PARALLEL PROGRESS: 45/75 complete; 9 active
PARALLEL PROGRESS: 45/75 complete; 9 active
PARALLEL PROGRESS: 45/75 complete; 9 active
FINISH JOB 46/75 (46 complete)
START JOB 55/75 GPU=GPU-852c53c7-8b53-1abc-0811-713083167dbe LOG=/home/yqt/XuanyiLi/RL-for-charging/revision_results/experiment_5_gpu_parallel_2500_5seeds_90s/20260925_124626_463187/parallel_sensitivity_jobs/job_0054/worker.log
PARALLEL PROGRESS: 46/75 complete; 9 active
PARALLEL PROGRESS: 46/75 complete; 9 active
PARALLEL PROGRESS: 46/75 complete; 9 active
PARALLEL PROGRESS: 46/75 complete; 9 active
PARALLEL PROGRESS: 46/75 complete; 9 active
PARALLEL PROGRESS: 46/75 complete; 9 active
PARALLEL PROGRESS: 46/75 complete; 9 active
PARALLEL PROGRESS: 46/75 complete; 9 active
PARALLEL PROGRESS: 46/75 complete; 9 active
PARALLEL PROGRESS: 46/75 complete; 9 active
PARALLEL PROGRESS: 46/75 complete; 9 active
PARALLEL PROGRESS: 46/75 complete; 9 active
PARALLEL PROGRESS: 46/75 complete; 9 active
PARALLEL PROGRESS: 46/75 complete; 9 active
PARALLEL PROGRESS: 46/75 complete; 9 active
PARALLEL PROGRESS: 46/75 complete; 9 active
PARALLEL PROGRESS: 46/75 complete; 9 active
PARALLEL PROGRESS: 46/75 complete; 9 active
PARALLEL PROGRESS: 46/75 complete; 9 active
PARALLEL PROGRESS: 46/75 complete; 9 active
PARALLEL PROGRESS: 46/75 complete; 9 active
PARALLEL PROGRESS: 46/75 complete; 9 active
FINISH JOB 49/75 (47 complete)
START JOB 56/75 GPU=GPU-852c53c7-8b53-1abc-0811-713083167dbe LOG=/home/yqt/XuanyiLi/RL-for-charging/revision_results/experiment_5_gpu_parallel_2500_5seeds_90s/20260925_124626_463187/parallel_sensitivity_jobs/job_0055/worker.log
PARALLEL PROGRESS: 47/75 complete; 9 active
PARALLEL PROGRESS: 47/75 complete; 9 active
PARALLEL PROGRESS: 47/75 complete; 9 active
FINISH JOB 47/75 (48 complete)
START JOB 57/75 GPU=GPU-b8a9b253-8713-5d3b-1d65-e007fbdb7588 LOG=/home/yqt/XuanyiLi/RL-for-charging/revision_results/experiment_5_gpu_parallel_2500_5seeds_90s/20260925_124626_463187/parallel_sensitivity_jobs/job_0056/worker.log
PARALLEL PROGRESS: 48/75 complete; 9 active
PARALLEL PROGRESS: 48/75 complete; 9 active
PARALLEL PROGRESS: 48/75 complete; 9 active
FINISH JOB 50/75 (49 complete)
START JOB 58/75 GPU=GPU-b8a9b253-8713-5d3b-1d65-e007fbdb7588 LOG=/home/yqt/XuanyiLi/RL-for-charging/revision_results/experiment_5_gpu_parallel_2500_5seeds_90s/20260925_124626_463187/parallel_sensitivity_jobs/job_0057/worker.log
PARALLEL PROGRESS: 49/75 complete; 9 active
PARALLEL PROGRESS: 49/75 complete; 9 active
PARALLEL PROGRESS: 49/75 complete; 9 active
PARALLEL PROGRESS: 49/75 complete; 9 active
PARALLEL PROGRESS: 49/75 complete; 9 active
PARALLEL PROGRESS: 49/75 complete; 9 active
PARALLEL PROGRESS: 49/75 complete; 9 active
PARALLEL PROGRESS: 49/75 complete; 9 active
PARALLEL PROGRESS: 49/75 complete; 9 active
PARALLEL PROGRESS: 49/75 complete; 9 active
PARALLEL PROGRESS: 49/75 complete; 9 active
PARALLEL PROGRESS: 49/75 complete; 9 active
PARALLEL PROGRESS: 49/75 complete; 9 active
PARALLEL PROGRESS: 49/75 complete; 9 active
PARALLEL PROGRESS: 49/75 complete; 9 active
FINISH JOB 48/75 (50 complete)
START JOB 59/75 GPU=GPU-b8a9b253-8713-5d3b-1d65-e007fbdb7588 LOG=/home/yqt/XuanyiLi/RL-for-charging/revision_results/experiment_5_gpu_parallel_2500_5seeds_90s/20260925_124626_463187/parallel_sensitivity_jobs/job_0058/worker.log
PARALLEL PROGRESS: 50/75 complete; 9 active
PARALLEL PROGRESS: 50/75 complete; 9 active
PARALLEL PROGRESS: 50/75 complete; 9 active
PARALLEL PROGRESS: 50/75 complete; 9 active
PARALLEL PROGRESS: 50/75 complete; 9 active
PARALLEL PROGRESS: 50/75 complete; 9 active
PARALLEL PROGRESS: 50/75 complete; 9 active
PARALLEL PROGRESS: 50/75 complete; 9 active
PARALLEL PROGRESS: 50/75 complete; 9 active
PARALLEL PROGRESS: 50/75 complete; 9 active
PARALLEL PROGRESS: 50/75 complete; 9 active
PARALLEL PROGRESS: 50/75 complete; 9 active
PARALLEL PROGRESS: 50/75 complete; 9 active
PARALLEL PROGRESS: 50/75 complete; 9 active
PARALLEL PROGRESS: 50/75 complete; 9 active
PARALLEL PROGRESS: 50/75 complete; 9 active
PARALLEL PROGRESS: 50/75 complete; 9 active
PARALLEL PROGRESS: 50/75 complete; 9 active
PARALLEL PROGRESS: 50/75 complete; 9 active
PARALLEL PROGRESS: 50/75 complete; 9 active
PARALLEL PROGRESS: 50/75 complete; 9 active
PARALLEL PROGRESS: 50/75 complete; 9 active
PARALLEL PROGRESS: 50/75 complete; 9 active
PARALLEL PROGRESS: 50/75 complete; 9 active
PARALLEL PROGRESS: 50/75 complete; 9 active
PARALLEL PROGRESS: 50/75 complete; 9 active
PARALLEL PROGRESS: 50/75 complete; 9 active
FINISH JOB 51/75 (51 complete)
START JOB 60/75 GPU=GPU-852c53c7-8b53-1abc-0811-713083167dbe LOG=/home/yqt/XuanyiLi/RL-for-charging/revision_results/experiment_5_gpu_parallel_2500_5seeds_90s/20260925_124626_463187/parallel_sensitivity_jobs/job_0059/worker.log
PARALLEL PROGRESS: 51/75 complete; 9 active
PARALLEL PROGRESS: 51/75 complete; 9 active
PARALLEL PROGRESS: 51/75 complete; 9 active
PARALLEL PROGRESS: 51/75 complete; 9 active
PARALLEL PROGRESS: 51/75 complete; 9 active
PARALLEL PROGRESS: 51/75 complete; 9 active
PARALLEL PROGRESS: 51/75 complete; 9 active
PARALLEL PROGRESS: 51/75 complete; 9 active
PARALLEL PROGRESS: 51/75 complete; 9 active
PARALLEL PROGRESS: 51/75 complete; 9 active
PARALLEL PROGRESS: 51/75 complete; 9 active
PARALLEL PROGRESS: 51/75 complete; 9 active
PARALLEL PROGRESS: 51/75 complete; 9 active
PARALLEL PROGRESS: 51/75 complete; 9 active
PARALLEL PROGRESS: 51/75 complete; 9 active
PARALLEL PROGRESS: 51/75 complete; 9 active
PARALLEL PROGRESS: 51/75 complete; 9 active
PARALLEL PROGRESS: 51/75 complete; 9 active
PARALLEL PROGRESS: 51/75 complete; 9 active
PARALLEL PROGRESS: 51/75 complete; 9 active
PARALLEL PROGRESS: 51/75 complete; 9 active
PARALLEL PROGRESS: 51/75 complete; 9 active
PARALLEL PROGRESS: 51/75 complete; 9 active
PARALLEL PROGRESS: 51/75 complete; 9 active
PARALLEL PROGRESS: 51/75 complete; 9 active
PARALLEL PROGRESS: 51/75 complete; 9 active
PARALLEL PROGRESS: 51/75 complete; 9 active
PARALLEL PROGRESS: 51/75 complete; 9 active
PARALLEL PROGRESS: 51/75 complete; 9 active
PARALLEL PROGRESS: 51/75 complete; 9 active
PARALLEL PROGRESS: 51/75 complete; 9 active
PARALLEL PROGRESS: 51/75 complete; 9 active
PARALLEL PROGRESS: 51/75 complete; 9 active
PARALLEL PROGRESS: 51/75 complete; 9 active
PARALLEL PROGRESS: 51/75 complete; 9 active
PARALLEL PROGRESS: 51/75 complete; 9 active
PARALLEL PROGRESS: 51/75 complete; 9 active
PARALLEL PROGRESS: 51/75 complete; 9 active
PARALLEL PROGRESS: 51/75 complete; 9 active
FINISH JOB 52/75 (52 complete)
START JOB 61/75 GPU=GPU-780afb7e-e486-5609-c993-3e516926bbe4 LOG=/home/yqt/XuanyiLi/RL-for-charging/revision_results/experiment_5_gpu_parallel_2500_5seeds_90s/20260925_124626_463187/parallel_sensitivity_jobs/job_0060/worker.log
PARALLEL PROGRESS: 52/75 complete; 9 active
PARALLEL PROGRESS: 52/75 complete; 9 active
PARALLEL PROGRESS: 52/75 complete; 9 active
PARALLEL PROGRESS: 52/75 complete; 9 active
PARALLEL PROGRESS: 52/75 complete; 9 active
PARALLEL PROGRESS: 52/75 complete; 9 active
PARALLEL PROGRESS: 52/75 complete; 9 active
FINISH JOB 54/75 (53 complete)
START JOB 62/75 GPU=GPU-780afb7e-e486-5609-c993-3e516926bbe4 LOG=/home/yqt/XuanyiLi/RL-for-charging/revision_results/experiment_5_gpu_parallel_2500_5seeds_90s/20260925_124626_463187/parallel_sensitivity_jobs/job_0061/worker.log
PARALLEL PROGRESS: 53/75 complete; 9 active
PARALLEL PROGRESS: 53/75 complete; 9 active
PARALLEL PROGRESS: 53/75 complete; 9 active
PARALLEL PROGRESS: 53/75 complete; 9 active
PARALLEL PROGRESS: 53/75 complete; 9 active
PARALLEL PROGRESS: 53/75 complete; 9 active
PARALLEL PROGRESS: 53/75 complete; 9 active
PARALLEL PROGRESS: 53/75 complete; 9 active
FINISH JOB 53/75 (54 complete)
START JOB 63/75 GPU=GPU-780afb7e-e486-5609-c993-3e516926bbe4 LOG=/home/yqt/XuanyiLi/RL-for-charging/revision_results/experiment_5_gpu_parallel_2500_5seeds_90s/20260925_124626_463187/parallel_sensitivity_jobs/job_0062/worker.log
PARALLEL PROGRESS: 54/75 complete; 9 active
PARALLEL PROGRESS: 54/75 complete; 9 active
PARALLEL PROGRESS: 54/75 complete; 9 active
PARALLEL PROGRESS: 54/75 complete; 9 active
PARALLEL PROGRESS: 54/75 complete; 9 active
PARALLEL PROGRESS: 54/75 complete; 9 active
PARALLEL PROGRESS: 54/75 complete; 9 active
PARALLEL PROGRESS: 54/75 complete; 9 active
PARALLEL PROGRESS: 54/75 complete; 9 active
PARALLEL PROGRESS: 54/75 complete; 9 active
PARALLEL PROGRESS: 54/75 complete; 9 active
PARALLEL PROGRESS: 54/75 complete; 9 active
PARALLEL PROGRESS: 54/75 complete; 9 active
PARALLEL PROGRESS: 54/75 complete; 9 active
PARALLEL PROGRESS: 54/75 complete; 9 active
PARALLEL PROGRESS: 54/75 complete; 9 active
PARALLEL PROGRESS: 54/75 complete; 9 active
PARALLEL PROGRESS: 54/75 complete; 9 active
PARALLEL PROGRESS: 54/75 complete; 9 active
PARALLEL PROGRESS: 54/75 complete; 9 active
PARALLEL PROGRESS: 54/75 complete; 9 active
PARALLEL PROGRESS: 54/75 complete; 9 active
PARALLEL PROGRESS: 54/75 complete; 9 active
PARALLEL PROGRESS: 54/75 complete; 9 active
PARALLEL PROGRESS: 54/75 complete; 9 active
PARALLEL PROGRESS: 54/75 complete; 9 active
PARALLEL PROGRESS: 54/75 complete; 9 active
PARALLEL PROGRESS: 54/75 complete; 9 active
PARALLEL PROGRESS: 54/75 complete; 9 active
PARALLEL PROGRESS: 54/75 complete; 9 active
PARALLEL PROGRESS: 54/75 complete; 9 active
PARALLEL PROGRESS: 54/75 complete; 9 active
PARALLEL PROGRESS: 54/75 complete; 9 active
PARALLEL PROGRESS: 54/75 complete; 9 active
PARALLEL PROGRESS: 54/75 complete; 9 active
PARALLEL PROGRESS: 54/75 complete; 9 active
PARALLEL PROGRESS: 54/75 complete; 9 active
PARALLEL PROGRESS: 54/75 complete; 9 active
PARALLEL PROGRESS: 54/75 complete; 9 active
PARALLEL PROGRESS: 54/75 complete; 9 active
PARALLEL PROGRESS: 54/75 complete; 9 active
PARALLEL PROGRESS: 54/75 complete; 9 active
PARALLEL PROGRESS: 54/75 complete; 9 active
PARALLEL PROGRESS: 54/75 complete; 9 active
PARALLEL PROGRESS: 54/75 complete; 9 active
PARALLEL PROGRESS: 54/75 complete; 9 active
PARALLEL PROGRESS: 54/75 complete; 9 active
PARALLEL PROGRESS: 54/75 complete; 9 active
PARALLEL PROGRESS: 54/75 complete; 9 active
PARALLEL PROGRESS: 54/75 complete; 9 active
PARALLEL PROGRESS: 54/75 complete; 9 active
PARALLEL PROGRESS: 54/75 complete; 9 active
PARALLEL PROGRESS: 54/75 complete; 9 active
PARALLEL PROGRESS: 54/75 complete; 9 active
PARALLEL PROGRESS: 54/75 complete; 9 active
PARALLEL PROGRESS: 54/75 complete; 9 active
PARALLEL PROGRESS: 54/75 complete; 9 active
PARALLEL PROGRESS: 54/75 complete; 9 active
PARALLEL PROGRESS: 54/75 complete; 9 active
PARALLEL PROGRESS: 54/75 complete; 9 active
PARALLEL PROGRESS: 54/75 complete; 9 active
PARALLEL PROGRESS: 54/75 complete; 9 active
PARALLEL PROGRESS: 54/75 complete; 9 active
PARALLEL PROGRESS: 54/75 complete; 9 active
PARALLEL PROGRESS: 54/75 complete; 9 active
PARALLEL PROGRESS: 54/75 complete; 9 active
PARALLEL PROGRESS: 54/75 complete; 9 active
PARALLEL PROGRESS: 54/75 complete; 9 active
PARALLEL PROGRESS: 54/75 complete; 9 active
PARALLEL PROGRESS: 54/75 complete; 9 active
PARALLEL PROGRESS: 54/75 complete; 9 active
PARALLEL PROGRESS: 54/75 complete; 9 active
PARALLEL PROGRESS: 54/75 complete; 9 active
PARALLEL PROGRESS: 54/75 complete; 9 active
PARALLEL PROGRESS: 54/75 complete; 9 active
PARALLEL PROGRESS: 54/75 complete; 9 active
PARALLEL PROGRESS: 54/75 complete; 9 active
PARALLEL PROGRESS: 54/75 complete; 9 active
PARALLEL PROGRESS: 54/75 complete; 9 active
PARALLEL PROGRESS: 54/75 complete; 9 active
FINISH JOB 55/75 (55 complete)
START JOB 64/75 GPU=GPU-852c53c7-8b53-1abc-0811-713083167dbe LOG=/home/yqt/XuanyiLi/RL-for-charging/revision_results/experiment_5_gpu_parallel_2500_5seeds_90s/20260925_124626_463187/parallel_sensitivity_jobs/job_0063/worker.log
PARALLEL PROGRESS: 55/75 complete; 9 active
PARALLEL PROGRESS: 55/75 complete; 9 active
PARALLEL PROGRESS: 55/75 complete; 9 active
PARALLEL PROGRESS: 55/75 complete; 9 active
PARALLEL PROGRESS: 55/75 complete; 9 active
PARALLEL PROGRESS: 55/75 complete; 9 active
PARALLEL PROGRESS: 55/75 complete; 9 active
PARALLEL PROGRESS: 55/75 complete; 9 active
PARALLEL PROGRESS: 55/75 complete; 9 active
PARALLEL PROGRESS: 55/75 complete; 9 active
PARALLEL PROGRESS: 55/75 complete; 9 active
PARALLEL PROGRESS: 55/75 complete; 9 active
PARALLEL PROGRESS: 55/75 complete; 9 active
PARALLEL PROGRESS: 55/75 complete; 9 active
PARALLEL PROGRESS: 55/75 complete; 9 active
PARALLEL PROGRESS: 55/75 complete; 9 active
PARALLEL PROGRESS: 55/75 complete; 9 active
PARALLEL PROGRESS: 55/75 complete; 9 active
PARALLEL PROGRESS: 55/75 complete; 9 active
PARALLEL PROGRESS: 55/75 complete; 9 active
PARALLEL PROGRESS: 55/75 complete; 9 active
PARALLEL PROGRESS: 55/75 complete; 9 active
PARALLEL PROGRESS: 55/75 complete; 9 active
PARALLEL PROGRESS: 55/75 complete; 9 active
PARALLEL PROGRESS: 55/75 complete; 9 active
PARALLEL PROGRESS: 55/75 complete; 9 active
PARALLEL PROGRESS: 55/75 complete; 9 active
PARALLEL PROGRESS: 55/75 complete; 9 active
PARALLEL PROGRESS: 55/75 complete; 9 active
PARALLEL PROGRESS: 55/75 complete; 9 active
PARALLEL PROGRESS: 55/75 complete; 9 active
PARALLEL PROGRESS: 55/75 complete; 9 active
PARALLEL PROGRESS: 55/75 complete; 9 active
PARALLEL PROGRESS: 55/75 complete; 9 active
PARALLEL PROGRESS: 55/75 complete; 9 active
PARALLEL PROGRESS: 55/75 complete; 9 active
PARALLEL PROGRESS: 55/75 complete; 9 active
PARALLEL PROGRESS: 55/75 complete; 9 active
PARALLEL PROGRESS: 55/75 complete; 9 active
PARALLEL PROGRESS: 55/75 complete; 9 active
PARALLEL PROGRESS: 55/75 complete; 9 active
PARALLEL PROGRESS: 55/75 complete; 9 active
PARALLEL PROGRESS: 55/75 complete; 9 active
PARALLEL PROGRESS: 55/75 complete; 9 active
PARALLEL PROGRESS: 55/75 complete; 9 active
FINISH JOB 56/75 (56 complete)
START JOB 65/75 GPU=GPU-852c53c7-8b53-1abc-0811-713083167dbe LOG=/home/yqt/XuanyiLi/RL-for-charging/revision_results/experiment_5_gpu_parallel_2500_5seeds_90s/20260925_124626_463187/parallel_sensitivity_jobs/job_0064/worker.log
PARALLEL PROGRESS: 56/75 complete; 9 active
PARALLEL PROGRESS: 56/75 complete; 9 active
PARALLEL PROGRESS: 56/75 complete; 9 active
FINISH JOB 57/75 (57 complete)
PARALLEL PROGRESS: 57/75 complete; 8 active
START JOB 66/75 GPU=GPU-b8a9b253-8713-5d3b-1d65-e007fbdb7588 LOG=/home/yqt/XuanyiLi/RL-for-charging/revision_results/experiment_5_gpu_parallel_2500_5seeds_90s/20260925_124626_463187/parallel_sensitivity_jobs/job_0065/worker.log
PARALLEL PROGRESS: 57/75 complete; 9 active
PARALLEL PROGRESS: 57/75 complete; 9 active
PARALLEL PROGRESS: 57/75 complete; 9 active
PARALLEL PROGRESS: 57/75 complete; 9 active
PARALLEL PROGRESS: 57/75 complete; 9 active
PARALLEL PROGRESS: 57/75 complete; 9 active
PARALLEL PROGRESS: 57/75 complete; 9 active
PARALLEL PROGRESS: 57/75 complete; 9 active
PARALLEL PROGRESS: 57/75 complete; 9 active
PARALLEL PROGRESS: 57/75 complete; 9 active
PARALLEL PROGRESS: 57/75 complete; 9 active
PARALLEL PROGRESS: 57/75 complete; 9 active
PARALLEL PROGRESS: 57/75 complete; 9 active
PARALLEL PROGRESS: 57/75 complete; 9 active
PARALLEL PROGRESS: 57/75 complete; 9 active
PARALLEL PROGRESS: 57/75 complete; 9 active
PARALLEL PROGRESS: 57/75 complete; 9 active
PARALLEL PROGRESS: 57/75 complete; 9 active
PARALLEL PROGRESS: 57/75 complete; 9 active
PARALLEL PROGRESS: 57/75 complete; 9 active
PARALLEL PROGRESS: 57/75 complete; 9 active
PARALLEL PROGRESS: 57/75 complete; 9 active
PARALLEL PROGRESS: 57/75 complete; 9 active
PARALLEL PROGRESS: 57/75 complete; 9 active
FINISH JOB 59/75 (58 complete)
START JOB 67/75 GPU=GPU-b8a9b253-8713-5d3b-1d65-e007fbdb7588 LOG=/home/yqt/XuanyiLi/RL-for-charging/revision_results/experiment_5_gpu_parallel_2500_5seeds_90s/20260925_124626_463187/parallel_sensitivity_jobs/job_0066/worker.log
PARALLEL PROGRESS: 58/75 complete; 9 active
FINISH JOB 58/75 (59 complete)
START JOB 68/75 GPU=GPU-b8a9b253-8713-5d3b-1d65-e007fbdb7588 LOG=/home/yqt/XuanyiLi/RL-for-charging/revision_results/experiment_5_gpu_parallel_2500_5seeds_90s/20260925_124626_463187/parallel_sensitivity_jobs/job_0067/worker.log
PARALLEL PROGRESS: 59/75 complete; 9 active
PARALLEL PROGRESS: 59/75 complete; 9 active
PARALLEL PROGRESS: 59/75 complete; 9 active
PARALLEL PROGRESS: 59/75 complete; 9 active
PARALLEL PROGRESS: 59/75 complete; 9 active
PARALLEL PROGRESS: 59/75 complete; 9 active
PARALLEL PROGRESS: 59/75 complete; 9 active
PARALLEL PROGRESS: 59/75 complete; 9 active
PARALLEL PROGRESS: 59/75 complete; 9 active
PARALLEL PROGRESS: 59/75 complete; 9 active
PARALLEL PROGRESS: 59/75 complete; 9 active
PARALLEL PROGRESS: 59/75 complete; 9 active
PARALLEL PROGRESS: 59/75 complete; 9 active
PARALLEL PROGRESS: 59/75 complete; 9 active
PARALLEL PROGRESS: 59/75 complete; 9 active
PARALLEL PROGRESS: 59/75 complete; 9 active
PARALLEL PROGRESS: 59/75 complete; 9 active
PARALLEL PROGRESS: 59/75 complete; 9 active
PARALLEL PROGRESS: 59/75 complete; 9 active
FINISH JOB 60/75 (60 complete)
START JOB 69/75 GPU=GPU-852c53c7-8b53-1abc-0811-713083167dbe LOG=/home/yqt/XuanyiLi/RL-for-charging/revision_results/experiment_5_gpu_parallel_2500_5seeds_90s/20260925_124626_463187/parallel_sensitivity_jobs/job_0068/worker.log
PARALLEL PROGRESS: 60/75 complete; 9 active
PARALLEL PROGRESS: 60/75 complete; 9 active
PARALLEL PROGRESS: 60/75 complete; 9 active
PARALLEL PROGRESS: 60/75 complete; 9 active
PARALLEL PROGRESS: 60/75 complete; 9 active
PARALLEL PROGRESS: 60/75 complete; 9 active
PARALLEL PROGRESS: 60/75 complete; 9 active
PARALLEL PROGRESS: 60/75 complete; 9 active
PARALLEL PROGRESS: 60/75 complete; 9 active
PARALLEL PROGRESS: 60/75 complete; 9 active
PARALLEL PROGRESS: 60/75 complete; 9 active
PARALLEL PROGRESS: 60/75 complete; 9 active
PARALLEL PROGRESS: 60/75 complete; 9 active
PARALLEL PROGRESS: 60/75 complete; 9 active
PARALLEL PROGRESS: 60/75 complete; 9 active
PARALLEL PROGRESS: 60/75 complete; 9 active
PARALLEL PROGRESS: 60/75 complete; 9 active
PARALLEL PROGRESS: 60/75 complete; 9 active
PARALLEL PROGRESS: 60/75 complete; 9 active
PARALLEL PROGRESS: 60/75 complete; 9 active
PARALLEL PROGRESS: 60/75 complete; 9 active
PARALLEL PROGRESS: 60/75 complete; 9 active
PARALLEL PROGRESS: 60/75 complete; 9 active
PARALLEL PROGRESS: 60/75 complete; 9 active
PARALLEL PROGRESS: 60/75 complete; 9 active
PARALLEL PROGRESS: 60/75 complete; 9 active
PARALLEL PROGRESS: 60/75 complete; 9 active
PARALLEL PROGRESS: 60/75 complete; 9 active
PARALLEL PROGRESS: 60/75 complete; 9 active
PARALLEL PROGRESS: 60/75 complete; 9 active
PARALLEL PROGRESS: 60/75 complete; 9 active
PARALLEL PROGRESS: 60/75 complete; 9 active
PARALLEL PROGRESS: 60/75 complete; 9 active
PARALLEL PROGRESS: 60/75 complete; 9 active
PARALLEL PROGRESS: 60/75 complete; 9 active
PARALLEL PROGRESS: 60/75 complete; 9 active
PARALLEL PROGRESS: 60/75 complete; 9 active
PARALLEL PROGRESS: 60/75 complete; 9 active
PARALLEL PROGRESS: 60/75 complete; 9 active
FINISH JOB 61/75 (61 complete)
START JOB 70/75 GPU=GPU-780afb7e-e486-5609-c993-3e516926bbe4 LOG=/home/yqt/XuanyiLi/RL-for-charging/revision_results/experiment_5_gpu_parallel_2500_5seeds_90s/20260925_124626_463187/parallel_sensitivity_jobs/job_0069/worker.log
PARALLEL PROGRESS: 61/75 complete; 9 active
PARALLEL PROGRESS: 61/75 complete; 9 active
PARALLEL PROGRESS: 61/75 complete; 9 active
FINISH JOB 62/75 (62 complete)
START JOB 71/75 GPU=GPU-780afb7e-e486-5609-c993-3e516926bbe4 LOG=/home/yqt/XuanyiLi/RL-for-charging/revision_results/experiment_5_gpu_parallel_2500_5seeds_90s/20260925_124626_463187/parallel_sensitivity_jobs/job_0070/worker.log
PARALLEL PROGRESS: 62/75 complete; 9 active
PARALLEL PROGRESS: 62/75 complete; 9 active
PARALLEL PROGRESS: 62/75 complete; 9 active
PARALLEL PROGRESS: 62/75 complete; 9 active
PARALLEL PROGRESS: 62/75 complete; 9 active
PARALLEL PROGRESS: 62/75 complete; 9 active
PARALLEL PROGRESS: 62/75 complete; 9 active
PARALLEL PROGRESS: 62/75 complete; 9 active
PARALLEL PROGRESS: 62/75 complete; 9 active
PARALLEL PROGRESS: 62/75 complete; 9 active
PARALLEL PROGRESS: 62/75 complete; 9 active
PARALLEL PROGRESS: 62/75 complete; 9 active
PARALLEL PROGRESS: 62/75 complete; 9 active
FINISH JOB 63/75 (63 complete)
START JOB 72/75 GPU=GPU-780afb7e-e486-5609-c993-3e516926bbe4 LOG=/home/yqt/XuanyiLi/RL-for-charging/revision_results/experiment_5_gpu_parallel_2500_5seeds_90s/20260925_124626_463187/parallel_sensitivity_jobs/job_0071/worker.log
PARALLEL PROGRESS: 63/75 complete; 9 active
PARALLEL PROGRESS: 63/75 complete; 9 active
PARALLEL PROGRESS: 63/75 complete; 9 active
PARALLEL PROGRESS: 63/75 complete; 9 active
PARALLEL PROGRESS: 63/75 complete; 9 active
PARALLEL PROGRESS: 63/75 complete; 9 active
PARALLEL PROGRESS: 63/75 complete; 9 active
PARALLEL PROGRESS: 63/75 complete; 9 active
PARALLEL PROGRESS: 63/75 complete; 9 active
PARALLEL PROGRESS: 63/75 complete; 9 active
PARALLEL PROGRESS: 63/75 complete; 9 active
PARALLEL PROGRESS: 63/75 complete; 9 active
PARALLEL PROGRESS: 63/75 complete; 9 active
PARALLEL PROGRESS: 63/75 complete; 9 active
PARALLEL PROGRESS: 63/75 complete; 9 active
PARALLEL PROGRESS: 63/75 complete; 9 active
PARALLEL PROGRESS: 63/75 complete; 9 active
PARALLEL PROGRESS: 63/75 complete; 9 active
PARALLEL PROGRESS: 63/75 complete; 9 active
PARALLEL PROGRESS: 63/75 complete; 9 active
PARALLEL PROGRESS: 63/75 complete; 9 active
PARALLEL PROGRESS: 63/75 complete; 9 active
PARALLEL PROGRESS: 63/75 complete; 9 active
PARALLEL PROGRESS: 63/75 complete; 9 active
PARALLEL PROGRESS: 63/75 complete; 9 active
PARALLEL PROGRESS: 63/75 complete; 9 active
PARALLEL PROGRESS: 63/75 complete; 9 active
PARALLEL PROGRESS: 63/75 complete; 9 active
PARALLEL PROGRESS: 63/75 complete; 9 active
PARALLEL PROGRESS: 63/75 complete; 9 active
PARALLEL PROGRESS: 63/75 complete; 9 active
PARALLEL PROGRESS: 63/75 complete; 9 active
PARALLEL PROGRESS: 63/75 complete; 9 active
PARALLEL PROGRESS: 63/75 complete; 9 active
PARALLEL PROGRESS: 63/75 complete; 9 active
PARALLEL PROGRESS: 63/75 complete; 9 active
PARALLEL PROGRESS: 63/75 complete; 9 active
PARALLEL PROGRESS: 63/75 complete; 9 active
PARALLEL PROGRESS: 63/75 complete; 9 active
PARALLEL PROGRESS: 63/75 complete; 9 active
PARALLEL PROGRESS: 63/75 complete; 9 active
PARALLEL PROGRESS: 63/75 complete; 9 active
PARALLEL PROGRESS: 63/75 complete; 9 active
PARALLEL PROGRESS: 63/75 complete; 9 active
PARALLEL PROGRESS: 63/75 complete; 9 active
PARALLEL PROGRESS: 63/75 complete; 9 active
PARALLEL PROGRESS: 63/75 complete; 9 active
PARALLEL PROGRESS: 63/75 complete; 9 active
PARALLEL PROGRESS: 63/75 complete; 9 active
PARALLEL PROGRESS: 63/75 complete; 9 active
PARALLEL PROGRESS: 63/75 complete; 9 active
PARALLEL PROGRESS: 63/75 complete; 9 active
PARALLEL PROGRESS: 63/75 complete; 9 active
PARALLEL PROGRESS: 63/75 complete; 9 active
PARALLEL PROGRESS: 63/75 complete; 9 active
PARALLEL PROGRESS: 63/75 complete; 9 active
PARALLEL PROGRESS: 63/75 complete; 9 active
PARALLEL PROGRESS: 63/75 complete; 9 active
PARALLEL PROGRESS: 63/75 complete; 9 active
PARALLEL PROGRESS: 63/75 complete; 9 active
PARALLEL PROGRESS: 63/75 complete; 9 active
PARALLEL PROGRESS: 63/75 complete; 9 active
PARALLEL PROGRESS: 63/75 complete; 9 active
PARALLEL PROGRESS: 63/75 complete; 9 active
PARALLEL PROGRESS: 63/75 complete; 9 active
PARALLEL PROGRESS: 63/75 complete; 9 active
PARALLEL PROGRESS: 63/75 complete; 9 active
PARALLEL PROGRESS: 63/75 complete; 9 active
PARALLEL PROGRESS: 63/75 complete; 9 active
PARALLEL PROGRESS: 63/75 complete; 9 active
PARALLEL PROGRESS: 63/75 complete; 9 active
PARALLEL PROGRESS: 63/75 complete; 9 active
PARALLEL PROGRESS: 63/75 complete; 9 active
PARALLEL PROGRESS: 63/75 complete; 9 active
PARALLEL PROGRESS: 63/75 complete; 9 active
PARALLEL PROGRESS: 63/75 complete; 9 active
PARALLEL PROGRESS: 63/75 complete; 9 active
PARALLEL PROGRESS: 63/75 complete; 9 active
PARALLEL PROGRESS: 63/75 complete; 9 active
PARALLEL PROGRESS: 63/75 complete; 9 active
FINISH JOB 64/75 (64 complete)
START JOB 73/75 GPU=GPU-852c53c7-8b53-1abc-0811-713083167dbe LOG=/home/yqt/XuanyiLi/RL-for-charging/revision_results/experiment_5_gpu_parallel_2500_5seeds_90s/20260925_124626_463187/parallel_sensitivity_jobs/job_0072/worker.log
PARALLEL PROGRESS: 64/75 complete; 9 active
PARALLEL PROGRESS: 64/75 complete; 9 active
PARALLEL PROGRESS: 64/75 complete; 9 active
PARALLEL PROGRESS: 64/75 complete; 9 active
PARALLEL PROGRESS: 64/75 complete; 9 active
PARALLEL PROGRESS: 64/75 complete; 9 active
PARALLEL PROGRESS: 64/75 complete; 9 active
PARALLEL PROGRESS: 64/75 complete; 9 active
PARALLEL PROGRESS: 64/75 complete; 9 active
PARALLEL PROGRESS: 64/75 complete; 9 active
PARALLEL PROGRESS: 64/75 complete; 9 active
PARALLEL PROGRESS: 64/75 complete; 9 active
PARALLEL PROGRESS: 64/75 complete; 9 active
PARALLEL PROGRESS: 64/75 complete; 9 active
PARALLEL PROGRESS: 64/75 complete; 9 active
PARALLEL PROGRESS: 64/75 complete; 9 active
PARALLEL PROGRESS: 64/75 complete; 9 active
PARALLEL PROGRESS: 64/75 complete; 9 active
PARALLEL PROGRESS: 64/75 complete; 9 active
PARALLEL PROGRESS: 64/75 complete; 9 active
PARALLEL PROGRESS: 64/75 complete; 9 active
PARALLEL PROGRESS: 64/75 complete; 9 active
PARALLEL PROGRESS: 64/75 complete; 9 active
PARALLEL PROGRESS: 64/75 complete; 9 active
PARALLEL PROGRESS: 64/75 complete; 9 active
PARALLEL PROGRESS: 64/75 complete; 9 active
PARALLEL PROGRESS: 64/75 complete; 9 active
PARALLEL PROGRESS: 64/75 complete; 9 active
PARALLEL PROGRESS: 64/75 complete; 9 active
PARALLEL PROGRESS: 64/75 complete; 9 active
PARALLEL PROGRESS: 64/75 complete; 9 active
PARALLEL PROGRESS: 64/75 complete; 9 active
PARALLEL PROGRESS: 64/75 complete; 9 active
PARALLEL PROGRESS: 64/75 complete; 9 active
PARALLEL PROGRESS: 64/75 complete; 9 active
PARALLEL PROGRESS: 64/75 complete; 9 active
PARALLEL PROGRESS: 64/75 complete; 9 active
PARALLEL PROGRESS: 64/75 complete; 9 active
PARALLEL PROGRESS: 64/75 complete; 9 active
PARALLEL PROGRESS: 64/75 complete; 9 active
PARALLEL PROGRESS: 64/75 complete; 9 active
PARALLEL PROGRESS: 64/75 complete; 9 active
PARALLEL PROGRESS: 64/75 complete; 9 active
PARALLEL PROGRESS: 64/75 complete; 9 active
PARALLEL PROGRESS: 64/75 complete; 9 active
PARALLEL PROGRESS: 64/75 complete; 9 active
PARALLEL PROGRESS: 64/75 complete; 9 active
FINISH JOB 65/75 (65 complete)
START JOB 74/75 GPU=GPU-852c53c7-8b53-1abc-0811-713083167dbe LOG=/home/yqt/XuanyiLi/RL-for-charging/revision_results/experiment_5_gpu_parallel_2500_5seeds_90s/20260925_124626_463187/parallel_sensitivity_jobs/job_0073/worker.log
PARALLEL PROGRESS: 65/75 complete; 9 active
PARALLEL PROGRESS: 65/75 complete; 9 active
PARALLEL PROGRESS: 65/75 complete; 9 active
PARALLEL PROGRESS: 65/75 complete; 9 active
PARALLEL PROGRESS: 65/75 complete; 9 active
PARALLEL PROGRESS: 65/75 complete; 9 active
PARALLEL PROGRESS: 65/75 complete; 9 active
PARALLEL PROGRESS: 65/75 complete; 9 active
PARALLEL PROGRESS: 65/75 complete; 9 active
PARALLEL PROGRESS: 65/75 complete; 9 active
PARALLEL PROGRESS: 65/75 complete; 9 active
PARALLEL PROGRESS: 65/75 complete; 9 active
PARALLEL PROGRESS: 65/75 complete; 9 active
PARALLEL PROGRESS: 65/75 complete; 9 active
PARALLEL PROGRESS: 65/75 complete; 9 active
FINISH JOB 66/75 (66 complete)
START JOB 75/75 GPU=GPU-b8a9b253-8713-5d3b-1d65-e007fbdb7588 LOG=/home/yqt/XuanyiLi/RL-for-charging/revision_results/experiment_5_gpu_parallel_2500_5seeds_90s/20260925_124626_463187/parallel_sensitivity_jobs/job_0074/worker.log
PARALLEL PROGRESS: 66/75 complete; 9 active
PARALLEL PROGRESS: 66/75 complete; 9 active
PARALLEL PROGRESS: 66/75 complete; 9 active
PARALLEL PROGRESS: 66/75 complete; 9 active
PARALLEL PROGRESS: 66/75 complete; 9 active
PARALLEL PROGRESS: 66/75 complete; 9 active
PARALLEL PROGRESS: 66/75 complete; 9 active
PARALLEL PROGRESS: 66/75 complete; 9 active
FINISH JOB 68/75 (67 complete)
PARALLEL PROGRESS: 67/75 complete; 8 active
PARALLEL PROGRESS: 67/75 complete; 8 active
PARALLEL PROGRESS: 67/75 complete; 8 active
PARALLEL PROGRESS: 67/75 complete; 8 active
PARALLEL PROGRESS: 67/75 complete; 8 active
PARALLEL PROGRESS: 67/75 complete; 8 active
PARALLEL PROGRESS: 67/75 complete; 8 active
PARALLEL PROGRESS: 67/75 complete; 8 active
PARALLEL PROGRESS: 67/75 complete; 8 active
PARALLEL PROGRESS: 67/75 complete; 8 active
PARALLEL PROGRESS: 67/75 complete; 8 active
PARALLEL PROGRESS: 67/75 complete; 8 active
FINISH JOB 67/75 (68 complete)
PARALLEL PROGRESS: 68/75 complete; 7 active
PARALLEL PROGRESS: 68/75 complete; 7 active
PARALLEL PROGRESS: 68/75 complete; 7 active
PARALLEL PROGRESS: 68/75 complete; 7 active
PARALLEL PROGRESS: 68/75 complete; 7 active
PARALLEL PROGRESS: 68/75 complete; 7 active
PARALLEL PROGRESS: 68/75 complete; 7 active
PARALLEL PROGRESS: 68/75 complete; 7 active
PARALLEL PROGRESS: 68/75 complete; 7 active
PARALLEL PROGRESS: 68/75 complete; 7 active
FINISH JOB 69/75 (69 complete)
PARALLEL PROGRESS: 69/75 complete; 6 active
FINISH JOB 71/75 (70 complete)
PARALLEL PROGRESS: 70/75 complete; 5 active
PARALLEL PROGRESS: 70/75 complete; 5 active
PARALLEL PROGRESS: 70/75 complete; 5 active
PARALLEL PROGRESS: 70/75 complete; 5 active
PARALLEL PROGRESS: 70/75 complete; 5 active
PARALLEL PROGRESS: 70/75 complete; 5 active
PARALLEL PROGRESS: 70/75 complete; 5 active
PARALLEL PROGRESS: 70/75 complete; 5 active
PARALLEL PROGRESS: 70/75 complete; 5 active
PARALLEL PROGRESS: 70/75 complete; 5 active
PARALLEL PROGRESS: 70/75 complete; 5 active
PARALLEL PROGRESS: 70/75 complete; 5 active
PARALLEL PROGRESS: 70/75 complete; 5 active
PARALLEL PROGRESS: 70/75 complete; 5 active
PARALLEL PROGRESS: 70/75 complete; 5 active
PARALLEL PROGRESS: 70/75 complete; 5 active
PARALLEL PROGRESS: 70/75 complete; 5 active
PARALLEL PROGRESS: 70/75 complete; 5 active
PARALLEL PROGRESS: 70/75 complete; 5 active
PARALLEL PROGRESS: 70/75 complete; 5 active
PARALLEL PROGRESS: 70/75 complete; 5 active
PARALLEL PROGRESS: 70/75 complete; 5 active
PARALLEL PROGRESS: 70/75 complete; 5 active
PARALLEL PROGRESS: 70/75 complete; 5 active
PARALLEL PROGRESS: 70/75 complete; 5 active
PARALLEL PROGRESS: 70/75 complete; 5 active
PARALLEL PROGRESS: 70/75 complete; 5 active
PARALLEL PROGRESS: 70/75 complete; 5 active
PARALLEL PROGRESS: 70/75 complete; 5 active
PARALLEL PROGRESS: 70/75 complete; 5 active
PARALLEL PROGRESS: 70/75 complete; 5 active
PARALLEL PROGRESS: 70/75 complete; 5 active
PARALLEL PROGRESS: 70/75 complete; 5 active
PARALLEL PROGRESS: 70/75 complete; 5 active
PARALLEL PROGRESS: 70/75 complete; 5 active
PARALLEL PROGRESS: 70/75 complete; 5 active
PARALLEL PROGRESS: 70/75 complete; 5 active
PARALLEL PROGRESS: 70/75 complete; 5 active
PARALLEL PROGRESS: 70/75 complete; 5 active
PARALLEL PROGRESS: 70/75 complete; 5 active
FINISH JOB 70/75 (71 complete)
FINISH JOB 72/75 (72 complete)
PARALLEL PROGRESS: 72/75 complete; 3 active
PARALLEL PROGRESS: 72/75 complete; 3 active
PARALLEL PROGRESS: 72/75 complete; 3 active
PARALLEL PROGRESS: 72/75 complete; 3 active
PARALLEL PROGRESS: 72/75 complete; 3 active
PARALLEL PROGRESS: 72/75 complete; 3 active
PARALLEL PROGRESS: 72/75 complete; 3 active
PARALLEL PROGRESS: 72/75 complete; 3 active
PARALLEL PROGRESS: 72/75 complete; 3 active
PARALLEL PROGRESS: 72/75 complete; 3 active
PARALLEL PROGRESS: 72/75 complete; 3 active
PARALLEL PROGRESS: 72/75 complete; 3 active
PARALLEL PROGRESS: 72/75 complete; 3 active
PARALLEL PROGRESS: 72/75 complete; 3 active
PARALLEL PROGRESS: 72/75 complete; 3 active
PARALLEL PROGRESS: 72/75 complete; 3 active
PARALLEL PROGRESS: 72/75 complete; 3 active
PARALLEL PROGRESS: 72/75 complete; 3 active
PARALLEL PROGRESS: 72/75 complete; 3 active
PARALLEL PROGRESS: 72/75 complete; 3 active
PARALLEL PROGRESS: 72/75 complete; 3 active
PARALLEL PROGRESS: 72/75 complete; 3 active
PARALLEL PROGRESS: 72/75 complete; 3 active
PARALLEL PROGRESS: 72/75 complete; 3 active
PARALLEL PROGRESS: 72/75 complete; 3 active
PARALLEL PROGRESS: 72/75 complete; 3 active
PARALLEL PROGRESS: 72/75 complete; 3 active
PARALLEL PROGRESS: 72/75 complete; 3 active
PARALLEL PROGRESS: 72/75 complete; 3 active
PARALLEL PROGRESS: 72/75 complete; 3 active
PARALLEL PROGRESS: 72/75 complete; 3 active
PARALLEL PROGRESS: 72/75 complete; 3 active
PARALLEL PROGRESS: 72/75 complete; 3 active
PARALLEL PROGRESS: 72/75 complete; 3 active
PARALLEL PROGRESS: 72/75 complete; 3 active
PARALLEL PROGRESS: 72/75 complete; 3 active
PARALLEL PROGRESS: 72/75 complete; 3 active
PARALLEL PROGRESS: 72/75 complete; 3 active
PARALLEL PROGRESS: 72/75 complete; 3 active
FINISH JOB 73/75 (73 complete)
PARALLEL PROGRESS: 73/75 complete; 2 active
PARALLEL PROGRESS: 73/75 complete; 2 active
PARALLEL PROGRESS: 73/75 complete; 2 active
PARALLEL PROGRESS: 73/75 complete; 2 active
PARALLEL PROGRESS: 73/75 complete; 2 active
PARALLEL PROGRESS: 73/75 complete; 2 active
PARALLEL PROGRESS: 73/75 complete; 2 active
PARALLEL PROGRESS: 73/75 complete; 2 active
PARALLEL PROGRESS: 73/75 complete; 2 active
PARALLEL PROGRESS: 73/75 complete; 2 active
PARALLEL PROGRESS: 73/75 complete; 2 active
PARALLEL PROGRESS: 73/75 complete; 2 active
PARALLEL PROGRESS: 73/75 complete; 2 active
PARALLEL PROGRESS: 73/75 complete; 2 active
PARALLEL PROGRESS: 73/75 complete; 2 active
PARALLEL PROGRESS: 73/75 complete; 2 active
PARALLEL PROGRESS: 73/75 complete; 2 active
PARALLEL PROGRESS: 73/75 complete; 2 active
PARALLEL PROGRESS: 73/75 complete; 2 active
PARALLEL PROGRESS: 73/75 complete; 2 active
PARALLEL PROGRESS: 73/75 complete; 2 active
PARALLEL PROGRESS: 73/75 complete; 2 active
PARALLEL PROGRESS: 73/75 complete; 2 active
PARALLEL PROGRESS: 73/75 complete; 2 active
PARALLEL PROGRESS: 73/75 complete; 2 active
PARALLEL PROGRESS: 73/75 complete; 2 active
PARALLEL PROGRESS: 73/75 complete; 2 active
PARALLEL PROGRESS: 73/75 complete; 2 active
PARALLEL PROGRESS: 73/75 complete; 2 active
PARALLEL PROGRESS: 73/75 complete; 2 active
PARALLEL PROGRESS: 73/75 complete; 2 active
PARALLEL PROGRESS: 73/75 complete; 2 active
PARALLEL PROGRESS: 73/75 complete; 2 active
PARALLEL PROGRESS: 73/75 complete; 2 active
PARALLEL PROGRESS: 73/75 complete; 2 active
PARALLEL PROGRESS: 73/75 complete; 2 active
PARALLEL PROGRESS: 73/75 complete; 2 active
PARALLEL PROGRESS: 73/75 complete; 2 active
PARALLEL PROGRESS: 73/75 complete; 2 active
PARALLEL PROGRESS: 73/75 complete; 2 active
PARALLEL PROGRESS: 73/75 complete; 2 active
PARALLEL PROGRESS: 73/75 complete; 2 active
PARALLEL PROGRESS: 73/75 complete; 2 active
PARALLEL PROGRESS: 73/75 complete; 2 active
PARALLEL PROGRESS: 73/75 complete; 2 active
PARALLEL PROGRESS: 73/75 complete; 2 active
PARALLEL PROGRESS: 73/75 complete; 2 active
PARALLEL PROGRESS: 73/75 complete; 2 active
PARALLEL PROGRESS: 73/75 complete; 2 active
PARALLEL PROGRESS: 73/75 complete; 2 active
PARALLEL PROGRESS: 73/75 complete; 2 active
PARALLEL PROGRESS: 73/75 complete; 2 active
PARALLEL PROGRESS: 73/75 complete; 2 active
PARALLEL PROGRESS: 73/75 complete; 2 active
PARALLEL PROGRESS: 73/75 complete; 2 active
PARALLEL PROGRESS: 73/75 complete; 2 active
PARALLEL PROGRESS: 73/75 complete; 2 active
PARALLEL PROGRESS: 73/75 complete; 2 active
PARALLEL PROGRESS: 73/75 complete; 2 active
PARALLEL PROGRESS: 73/75 complete; 2 active
PARALLEL PROGRESS: 73/75 complete; 2 active
PARALLEL PROGRESS: 73/75 complete; 2 active
PARALLEL PROGRESS: 73/75 complete; 2 active
PARALLEL PROGRESS: 73/75 complete; 2 active
PARALLEL PROGRESS: 73/75 complete; 2 active
PARALLEL PROGRESS: 73/75 complete; 2 active
PARALLEL PROGRESS: 73/75 complete; 2 active
PARALLEL PROGRESS: 73/75 complete; 2 active
PARALLEL PROGRESS: 73/75 complete; 2 active
PARALLEL PROGRESS: 73/75 complete; 2 active
PARALLEL PROGRESS: 73/75 complete; 2 active
PARALLEL PROGRESS: 73/75 complete; 2 active
PARALLEL PROGRESS: 73/75 complete; 2 active
PARALLEL PROGRESS: 73/75 complete; 2 active
PARALLEL PROGRESS: 73/75 complete; 2 active
PARALLEL PROGRESS: 73/75 complete; 2 active
PARALLEL PROGRESS: 73/75 complete; 2 active
PARALLEL PROGRESS: 73/75 complete; 2 active
PARALLEL PROGRESS: 73/75 complete; 2 active
PARALLEL PROGRESS: 73/75 complete; 2 active
PARALLEL PROGRESS: 73/75 complete; 2 active
PARALLEL PROGRESS: 73/75 complete; 2 active
PARALLEL PROGRESS: 73/75 complete; 2 active
PARALLEL PROGRESS: 73/75 complete; 2 active
PARALLEL PROGRESS: 73/75 complete; 2 active
PARALLEL PROGRESS: 73/75 complete; 2 active
PARALLEL PROGRESS: 73/75 complete; 2 active
PARALLEL PROGRESS: 73/75 complete; 2 active
PARALLEL PROGRESS: 73/75 complete; 2 active
PARALLEL PROGRESS: 73/75 complete; 2 active
PARALLEL PROGRESS: 73/75 complete; 2 active
PARALLEL PROGRESS: 73/75 complete; 2 active
PARALLEL PROGRESS: 73/75 complete; 2 active
PARALLEL PROGRESS: 73/75 complete; 2 active
PARALLEL PROGRESS: 73/75 complete; 2 active
PARALLEL PROGRESS: 73/75 complete; 2 active
PARALLEL PROGRESS: 73/75 complete; 2 active
PARALLEL PROGRESS: 73/75 complete; 2 active
PARALLEL PROGRESS: 73/75 complete; 2 active
PARALLEL PROGRESS: 73/75 complete; 2 active
PARALLEL PROGRESS: 73/75 complete; 2 active
PARALLEL PROGRESS: 73/75 complete; 2 active
PARALLEL PROGRESS: 73/75 complete; 2 active
PARALLEL PROGRESS: 73/75 complete; 2 active
PARALLEL PROGRESS: 73/75 complete; 2 active
PARALLEL PROGRESS: 73/75 complete; 2 active
PARALLEL PROGRESS: 73/75 complete; 2 active
PARALLEL PROGRESS: 73/75 complete; 2 active
PARALLEL PROGRESS: 73/75 complete; 2 active
PARALLEL PROGRESS: 73/75 complete; 2 active
PARALLEL PROGRESS: 73/75 complete; 2 active
PARALLEL PROGRESS: 73/75 complete; 2 active
PARALLEL PROGRESS: 73/75 complete; 2 active
PARALLEL PROGRESS: 73/75 complete; 2 active
PARALLEL PROGRESS: 73/75 complete; 2 active
PARALLEL PROGRESS: 73/75 complete; 2 active
PARALLEL PROGRESS: 73/75 complete; 2 active
PARALLEL PROGRESS: 73/75 complete; 2 active
PARALLEL PROGRESS: 73/75 complete; 2 active
PARALLEL PROGRESS: 73/75 complete; 2 active
PARALLEL PROGRESS: 73/75 complete; 2 active
PARALLEL PROGRESS: 73/75 complete; 2 active
PARALLEL PROGRESS: 73/75 complete; 2 active
PARALLEL PROGRESS: 73/75 complete; 2 active
PARALLEL PROGRESS: 73/75 complete; 2 active
PARALLEL PROGRESS: 73/75 complete; 2 active
PARALLEL PROGRESS: 73/75 complete; 2 active
PARALLEL PROGRESS: 73/75 complete; 2 active
PARALLEL PROGRESS: 73/75 complete; 2 active
PARALLEL PROGRESS: 73/75 complete; 2 active
PARALLEL PROGRESS: 73/75 complete; 2 active
FINISH JOB 75/75 (74 complete)
PARALLEL PROGRESS: 74/75 complete; 1 active
FINISH JOB 74/75 (75 complete)
START JOB 1/20 GPU=GPU-b8a9b253-8713-5d3b-1d65-e007fbdb7588 LOG=/home/yqt/XuanyiLi/RL-for-charging/revision_results/experiment_5_gpu_parallel_2500_5seeds_90s/20260925_124626_463187/parallel_generalization_jobs/job_0000/worker.log
START JOB 2/20 GPU=GPU-852c53c7-8b53-1abc-0811-713083167dbe LOG=/home/yqt/XuanyiLi/RL-for-charging/revision_results/experiment_5_gpu_parallel_2500_5seeds_90s/20260925_124626_463187/parallel_generalization_jobs/job_0001/worker.log
START JOB 3/20 GPU=GPU-780afb7e-e486-5609-c993-3e516926bbe4 LOG=/home/yqt/XuanyiLi/RL-for-charging/revision_results/experiment_5_gpu_parallel_2500_5seeds_90s/20260925_124626_463187/parallel_generalization_jobs/job_0002/worker.log
START JOB 4/20 GPU=GPU-b8a9b253-8713-5d3b-1d65-e007fbdb7588 LOG=/home/yqt/XuanyiLi/RL-for-charging/revision_results/experiment_5_gpu_parallel_2500_5seeds_90s/20260925_124626_463187/parallel_generalization_jobs/job_0003/worker.log
START JOB 5/20 GPU=GPU-852c53c7-8b53-1abc-0811-713083167dbe LOG=/home/yqt/XuanyiLi/RL-for-charging/revision_results/experiment_5_gpu_parallel_2500_5seeds_90s/20260925_124626_463187/parallel_generalization_jobs/job_0004/worker.log
START JOB 6/20 GPU=GPU-780afb7e-e486-5609-c993-3e516926bbe4 LOG=/home/yqt/XuanyiLi/RL-for-charging/revision_results/experiment_5_gpu_parallel_2500_5seeds_90s/20260925_124626_463187/parallel_generalization_jobs/job_0005/worker.log
START JOB 7/20 GPU=GPU-b8a9b253-8713-5d3b-1d65-e007fbdb7588 LOG=/home/yqt/XuanyiLi/RL-for-charging/revision_results/experiment_5_gpu_parallel_2500_5seeds_90s/20260925_124626_463187/parallel_generalization_jobs/job_0006/worker.log
START JOB 8/20 GPU=GPU-852c53c7-8b53-1abc-0811-713083167dbe LOG=/home/yqt/XuanyiLi/RL-for-charging/revision_results/experiment_5_gpu_parallel_2500_5seeds_90s/20260925_124626_463187/parallel_generalization_jobs/job_0007/worker.log
START JOB 9/20 GPU=GPU-780afb7e-e486-5609-c993-3e516926bbe4 LOG=/home/yqt/XuanyiLi/RL-for-charging/revision_results/experiment_5_gpu_parallel_2500_5seeds_90s/20260925_124626_463187/parallel_generalization_jobs/job_0008/worker.log
PARALLEL PROGRESS: 0/20 complete; 9 active
PARALLEL PROGRESS: 0/20 complete; 9 active
PARALLEL PROGRESS: 0/20 complete; 9 active
PARALLEL PROGRESS: 0/20 complete; 9 active
PARALLEL PROGRESS: 0/20 complete; 9 active
PARALLEL PROGRESS: 0/20 complete; 9 active
PARALLEL PROGRESS: 0/20 complete; 9 active
PARALLEL PROGRESS: 0/20 complete; 9 active
PARALLEL PROGRESS: 0/20 complete; 9 active
PARALLEL PROGRESS: 0/20 complete; 9 active
PARALLEL PROGRESS: 0/20 complete; 9 active
PARALLEL PROGRESS: 0/20 complete; 9 active
PARALLEL PROGRESS: 0/20 complete; 9 active
PARALLEL PROGRESS: 0/20 complete; 9 active
PARALLEL PROGRESS: 0/20 complete; 9 active
PARALLEL PROGRESS: 0/20 complete; 9 active
PARALLEL PROGRESS: 0/20 complete; 9 active
PARALLEL PROGRESS: 0/20 complete; 9 active
PARALLEL PROGRESS: 0/20 complete; 9 active
PARALLEL PROGRESS: 0/20 complete; 9 active
PARALLEL PROGRESS: 0/20 complete; 9 active
PARALLEL PROGRESS: 0/20 complete; 9 active
PARALLEL PROGRESS: 0/20 complete; 9 active
PARALLEL PROGRESS: 0/20 complete; 9 active
PARALLEL PROGRESS: 0/20 complete; 9 active
PARALLEL PROGRESS: 0/20 complete; 9 active
PARALLEL PROGRESS: 0/20 complete; 9 active
PARALLEL PROGRESS: 0/20 complete; 9 active
PARALLEL PROGRESS: 0/20 complete; 9 active
PARALLEL PROGRESS: 0/20 complete; 9 active
PARALLEL PROGRESS: 0/20 complete; 9 active
PARALLEL PROGRESS: 0/20 complete; 9 active
PARALLEL PROGRESS: 0/20 complete; 9 active
PARALLEL PROGRESS: 0/20 complete; 9 active
PARALLEL PROGRESS: 0/20 complete; 9 active
PARALLEL PROGRESS: 0/20 complete; 9 active
PARALLEL PROGRESS: 0/20 complete; 9 active
PARALLEL PROGRESS: 0/20 complete; 9 active
PARALLEL PROGRESS: 0/20 complete; 9 active
PARALLEL PROGRESS: 0/20 complete; 9 active
PARALLEL PROGRESS: 0/20 complete; 9 active
PARALLEL PROGRESS: 0/20 complete; 9 active
PARALLEL PROGRESS: 0/20 complete; 9 active
PARALLEL PROGRESS: 0/20 complete; 9 active
PARALLEL PROGRESS: 0/20 complete; 9 active
PARALLEL PROGRESS: 0/20 complete; 9 active
PARALLEL PROGRESS: 0/20 complete; 9 active
PARALLEL PROGRESS: 0/20 complete; 9 active
PARALLEL PROGRESS: 0/20 complete; 9 active
PARALLEL PROGRESS: 0/20 complete; 9 active
PARALLEL PROGRESS: 0/20 complete; 9 active
PARALLEL PROGRESS: 0/20 complete; 9 active
PARALLEL PROGRESS: 0/20 complete; 9 active
PARALLEL PROGRESS: 0/20 complete; 9 active
PARALLEL PROGRESS: 0/20 complete; 9 active
PARALLEL PROGRESS: 0/20 complete; 9 active
PARALLEL PROGRESS: 0/20 complete; 9 active
PARALLEL PROGRESS: 0/20 complete; 9 active
PARALLEL PROGRESS: 0/20 complete; 9 active
PARALLEL PROGRESS: 0/20 complete; 9 active
PARALLEL PROGRESS: 0/20 complete; 9 active
PARALLEL PROGRESS: 0/20 complete; 9 active
PARALLEL PROGRESS: 0/20 complete; 9 active
PARALLEL PROGRESS: 0/20 complete; 9 active
PARALLEL PROGRESS: 0/20 complete; 9 active
PARALLEL PROGRESS: 0/20 complete; 9 active
PARALLEL PROGRESS: 0/20 complete; 9 active
PARALLEL PROGRESS: 0/20 complete; 9 active
PARALLEL PROGRESS: 0/20 complete; 9 active
PARALLEL PROGRESS: 0/20 complete; 9 active
PARALLEL PROGRESS: 0/20 complete; 9 active
PARALLEL PROGRESS: 0/20 complete; 9 active
PARALLEL PROGRESS: 0/20 complete; 9 active
PARALLEL PROGRESS: 0/20 complete; 9 active
PARALLEL PROGRESS: 0/20 complete; 9 active
PARALLEL PROGRESS: 0/20 complete; 9 active
PARALLEL PROGRESS: 0/20 complete; 9 active
PARALLEL PROGRESS: 0/20 complete; 9 active
PARALLEL PROGRESS: 0/20 complete; 9 active
PARALLEL PROGRESS: 0/20 complete; 9 active
PARALLEL PROGRESS: 0/20 complete; 9 active
PARALLEL PROGRESS: 0/20 complete; 9 active
PARALLEL PROGRESS: 0/20 complete; 9 active
PARALLEL PROGRESS: 0/20 complete; 9 active
PARALLEL PROGRESS: 0/20 complete; 9 active
PARALLEL PROGRESS: 0/20 complete; 9 active
PARALLEL PROGRESS: 0/20 complete; 9 active
PARALLEL PROGRESS: 0/20 complete; 9 active
PARALLEL PROGRESS: 0/20 complete; 9 active
PARALLEL PROGRESS: 0/20 complete; 9 active
PARALLEL PROGRESS: 0/20 complete; 9 active
PARALLEL PROGRESS: 0/20 complete; 9 active
PARALLEL PROGRESS: 0/20 complete; 9 active
PARALLEL PROGRESS: 0/20 complete; 9 active
PARALLEL PROGRESS: 0/20 complete; 9 active
PARALLEL PROGRESS: 0/20 complete; 9 active
PARALLEL PROGRESS: 0/20 complete; 9 active
PARALLEL PROGRESS: 0/20 complete; 9 active
PARALLEL PROGRESS: 0/20 complete; 9 active
PARALLEL PROGRESS: 0/20 complete; 9 active
PARALLEL PROGRESS: 0/20 complete; 9 active
PARALLEL PROGRESS: 0/20 complete; 9 active
PARALLEL PROGRESS: 0/20 complete; 9 active
PARALLEL PROGRESS: 0/20 complete; 9 active
PARALLEL PROGRESS: 0/20 complete; 9 active
PARALLEL PROGRESS: 0/20 complete; 9 active
PARALLEL PROGRESS: 0/20 complete; 9 active
PARALLEL PROGRESS: 0/20 complete; 9 active
PARALLEL PROGRESS: 0/20 complete; 9 active
PARALLEL PROGRESS: 0/20 complete; 9 active
PARALLEL PROGRESS: 0/20 complete; 9 active
PARALLEL PROGRESS: 0/20 complete; 9 active
PARALLEL PROGRESS: 0/20 complete; 9 active
PARALLEL PROGRESS: 0/20 complete; 9 active
PARALLEL PROGRESS: 0/20 complete; 9 active
PARALLEL PROGRESS: 0/20 complete; 9 active
PARALLEL PROGRESS: 0/20 complete; 9 active
PARALLEL PROGRESS: 0/20 complete; 9 active
PARALLEL PROGRESS: 0/20 complete; 9 active
PARALLEL PROGRESS: 0/20 complete; 9 active
PARALLEL PROGRESS: 0/20 complete; 9 active
PARALLEL PROGRESS: 0/20 complete; 9 active
PARALLEL PROGRESS: 0/20 complete; 9 active
PARALLEL PROGRESS: 0/20 complete; 9 active
PARALLEL PROGRESS: 0/20 complete; 9 active
PARALLEL PROGRESS: 0/20 complete; 9 active
PARALLEL PROGRESS: 0/20 complete; 9 active
PARALLEL PROGRESS: 0/20 complete; 9 active
PARALLEL PROGRESS: 0/20 complete; 9 active
PARALLEL PROGRESS: 0/20 complete; 9 active
PARALLEL PROGRESS: 0/20 complete; 9 active
PARALLEL PROGRESS: 0/20 complete; 9 active
PARALLEL PROGRESS: 0/20 complete; 9 active
PARALLEL PROGRESS: 0/20 complete; 9 active
PARALLEL PROGRESS: 0/20 complete; 9 active
PARALLEL PROGRESS: 0/20 complete; 9 active
PARALLEL PROGRESS: 0/20 complete; 9 active
PARALLEL PROGRESS: 0/20 complete; 9 active
PARALLEL PROGRESS: 0/20 complete; 9 active
PARALLEL PROGRESS: 0/20 complete; 9 active
PARALLEL PROGRESS: 0/20 complete; 9 active
PARALLEL PROGRESS: 0/20 complete; 9 active
PARALLEL PROGRESS: 0/20 complete; 9 active
PARALLEL PROGRESS: 0/20 complete; 9 active
PARALLEL PROGRESS: 0/20 complete; 9 active
PARALLEL PROGRESS: 0/20 complete; 9 active
PARALLEL PROGRESS: 0/20 complete; 9 active
PARALLEL PROGRESS: 0/20 complete; 9 active
PARALLEL PROGRESS: 0/20 complete; 9 active
PARALLEL PROGRESS: 0/20 complete; 9 active
PARALLEL PROGRESS: 0/20 complete; 9 active
PARALLEL PROGRESS: 0/20 complete; 9 active
PARALLEL PROGRESS: 0/20 complete; 9 active
PARALLEL PROGRESS: 0/20 complete; 9 active
PARALLEL PROGRESS: 0/20 complete; 9 active
PARALLEL PROGRESS: 0/20 complete; 9 active
PARALLEL PROGRESS: 0/20 complete; 9 active
PARALLEL PROGRESS: 0/20 complete; 9 active
PARALLEL PROGRESS: 0/20 complete; 9 active
PARALLEL PROGRESS: 0/20 complete; 9 active
PARALLEL PROGRESS: 0/20 complete; 9 active
PARALLEL PROGRESS: 0/20 complete; 9 active
PARALLEL PROGRESS: 0/20 complete; 9 active
PARALLEL PROGRESS: 0/20 complete; 9 active
PARALLEL PROGRESS: 0/20 complete; 9 active
PARALLEL PROGRESS: 0/20 complete; 9 active
PARALLEL PROGRESS: 0/20 complete; 9 active
PARALLEL PROGRESS: 0/20 complete; 9 active
PARALLEL PROGRESS: 0/20 complete; 9 active
PARALLEL PROGRESS: 0/20 complete; 9 active
PARALLEL PROGRESS: 0/20 complete; 9 active
PARALLEL PROGRESS: 0/20 complete; 9 active
PARALLEL PROGRESS: 0/20 complete; 9 active
PARALLEL PROGRESS: 0/20 complete; 9 active
PARALLEL PROGRESS: 0/20 complete; 9 active
PARALLEL PROGRESS: 0/20 complete; 9 active
PARALLEL PROGRESS: 0/20 complete; 9 active
PARALLEL PROGRESS: 0/20 complete; 9 active
PARALLEL PROGRESS: 0/20 complete; 9 active
PARALLEL PROGRESS: 0/20 complete; 9 active
PARALLEL PROGRESS: 0/20 complete; 9 active
PARALLEL PROGRESS: 0/20 complete; 9 active
PARALLEL PROGRESS: 0/20 complete; 9 active
PARALLEL PROGRESS: 0/20 complete; 9 active
PARALLEL PROGRESS: 0/20 complete; 9 active
PARALLEL PROGRESS: 0/20 complete; 9 active
PARALLEL PROGRESS: 0/20 complete; 9 active
PARALLEL PROGRESS: 0/20 complete; 9 active
PARALLEL PROGRESS: 0/20 complete; 9 active
PARALLEL PROGRESS: 0/20 complete; 9 active
PARALLEL PROGRESS: 0/20 complete; 9 active
PARALLEL PROGRESS: 0/20 complete; 9 active
PARALLEL PROGRESS: 0/20 complete; 9 active
PARALLEL PROGRESS: 0/20 complete; 9 active
PARALLEL PROGRESS: 0/20 complete; 9 active
PARALLEL PROGRESS: 0/20 complete; 9 active
PARALLEL PROGRESS: 0/20 complete; 9 active
PARALLEL PROGRESS: 0/20 complete; 9 active
PARALLEL PROGRESS: 0/20 complete; 9 active
PARALLEL PROGRESS: 0/20 complete; 9 active
PARALLEL PROGRESS: 0/20 complete; 9 active
PARALLEL PROGRESS: 0/20 complete; 9 active
PARALLEL PROGRESS: 0/20 complete; 9 active
PARALLEL PROGRESS: 0/20 complete; 9 active
PARALLEL PROGRESS: 0/20 complete; 9 active
PARALLEL PROGRESS: 0/20 complete; 9 active
PARALLEL PROGRESS: 0/20 complete; 9 active
PARALLEL PROGRESS: 0/20 complete; 9 active
PARALLEL PROGRESS: 0/20 complete; 9 active
PARALLEL PROGRESS: 0/20 complete; 9 active
PARALLEL PROGRESS: 0/20 complete; 9 active
PARALLEL PROGRESS: 0/20 complete; 9 active
PARALLEL PROGRESS: 0/20 complete; 9 active
PARALLEL PROGRESS: 0/20 complete; 9 active
PARALLEL PROGRESS: 0/20 complete; 9 active
PARALLEL PROGRESS: 0/20 complete; 9 active
PARALLEL PROGRESS: 0/20 complete; 9 active
PARALLEL PROGRESS: 0/20 complete; 9 active
PARALLEL PROGRESS: 0/20 complete; 9 active
PARALLEL PROGRESS: 0/20 complete; 9 active
PARALLEL PROGRESS: 0/20 complete; 9 active
PARALLEL PROGRESS: 0/20 complete; 9 active
PARALLEL PROGRESS: 0/20 complete; 9 active
PARALLEL PROGRESS: 0/20 complete; 9 active
PARALLEL PROGRESS: 0/20 complete; 9 active
PARALLEL PROGRESS: 0/20 complete; 9 active
PARALLEL PROGRESS: 0/20 complete; 9 active
PARALLEL PROGRESS: 0/20 complete; 9 active
PARALLEL PROGRESS: 0/20 complete; 9 active
PARALLEL PROGRESS: 0/20 complete; 9 active
PARALLEL PROGRESS: 0/20 complete; 9 active
PARALLEL PROGRESS: 0/20 complete; 9 active
PARALLEL PROGRESS: 0/20 complete; 9 active
PARALLEL PROGRESS: 0/20 complete; 9 active
PARALLEL PROGRESS: 0/20 complete; 9 active
PARALLEL PROGRESS: 0/20 complete; 9 active
PARALLEL PROGRESS: 0/20 complete; 9 active
PARALLEL PROGRESS: 0/20 complete; 9 active
PARALLEL PROGRESS: 0/20 complete; 9 active
PARALLEL PROGRESS: 0/20 complete; 9 active
PARALLEL PROGRESS: 0/20 complete; 9 active
PARALLEL PROGRESS: 0/20 complete; 9 active
PARALLEL PROGRESS: 0/20 complete; 9 active
Traceback (most recent call last):
  File "/home/yqt/XuanyiLi/RL-for-charging/revision_gpu/run_study.py", line 78, in main
    result=module.run(paths.ROOT,out,cfg)
           ^^^^^^^^^^^^^^^^^^^^^^^^^^^^^^
  File "/home/yqt/XuanyiLi/RL-for-charging/revision_gpu/experiment5.py", line 306, in run
    for result in execute_jobs(jobs,out/'parallel_generalization_jobs',effective):
                  ^^^^^^^^^^^^^^^^^^^^^^^^^^^^^^^^^^^^^^^^^^^^^^^^^^^^^^^^^^^^^^^
  File "/home/yqt/XuanyiLi/RL-for-charging/revision_gpu/parallel_jobs.py", line 78, in execute_jobs
    raise RuntimeError(f'Worker {index} failed (exit {code}); inspect {folder/"worker.log"}')
RuntimeError: Worker 0 failed (exit -15); inspect /home/yqt/XuanyiLi/RL-for-charging/revision_results/experiment_5_gpu_parallel_2500_5seeds_90s/20260925_124626_463187/parallel_generalization_jobs/job_0000/worker.log
OUTPUT: /home/yqt/XuanyiLi/RL-for-charging/revision_results/experiment_5_gpu_parallel_2500_5seeds_90s/20260925_124626_463187
LEARNING DEVICE: cuda:0 NVIDIA RTX PRO 6000 Blackwell Server Edition
REUSE COMPLETED JOB: 0 /home/yqt/XuanyiLi/RL-for-charging/revision_results/experiment_5_gpu_parallel_2500_5seeds_90s/20260925_124626_463187/parallel_sensitivity_jobs/job_0000
REUSE COMPLETED JOB: 1 /home/yqt/XuanyiLi/RL-for-charging/revision_results/experiment_5_gpu_parallel_2500_5seeds_90s/20260925_124626_463187/parallel_sensitivity_jobs/job_0001
REUSE COMPLETED JOB: 2 /home/yqt/XuanyiLi/RL-for-charging/revision_results/experiment_5_gpu_parallel_2500_5seeds_90s/20260925_124626_463187/parallel_sensitivity_jobs/job_0002
REUSE COMPLETED JOB: 3 /home/yqt/XuanyiLi/RL-for-charging/revision_results/experiment_5_gpu_parallel_2500_5seeds_90s/20260925_124626_463187/parallel_sensitivity_jobs/job_0003
REUSE COMPLETED JOB: 4 /home/yqt/XuanyiLi/RL-for-charging/revision_results/experiment_5_gpu_parallel_2500_5seeds_90s/20260925_124626_463187/parallel_sensitivity_jobs/job_0004
REUSE COMPLETED JOB: 5 /home/yqt/XuanyiLi/RL-for-charging/revision_results/experiment_5_gpu_parallel_2500_5seeds_90s/20260925_124626_463187/parallel_sensitivity_jobs/job_0005
REUSE COMPLETED JOB: 6 /home/yqt/XuanyiLi/RL-for-charging/revision_results/experiment_5_gpu_parallel_2500_5seeds_90s/20260925_124626_463187/parallel_sensitivity_jobs/job_0006
REUSE COMPLETED JOB: 7 /home/yqt/XuanyiLi/RL-for-charging/revision_results/experiment_5_gpu_parallel_2500_5seeds_90s/20260925_124626_463187/parallel_sensitivity_jobs/job_0007
REUSE COMPLETED JOB: 8 /home/yqt/XuanyiLi/RL-for-charging/revision_results/experiment_5_gpu_parallel_2500_5seeds_90s/20260925_124626_463187/parallel_sensitivity_jobs/job_0008
REUSE COMPLETED JOB: 9 /home/yqt/XuanyiLi/RL-for-charging/revision_results/experiment_5_gpu_parallel_2500_5seeds_90s/20260925_124626_463187/parallel_sensitivity_jobs/job_0009
REUSE COMPLETED JOB: 10 /home/yqt/XuanyiLi/RL-for-charging/revision_results/experiment_5_gpu_parallel_2500_5seeds_90s/20260925_124626_463187/parallel_sensitivity_jobs/job_0010
REUSE COMPLETED JOB: 11 /home/yqt/XuanyiLi/RL-for-charging/revision_results/experiment_5_gpu_parallel_2500_5seeds_90s/20260925_124626_463187/parallel_sensitivity_jobs/job_0011
REUSE COMPLETED JOB: 12 /home/yqt/XuanyiLi/RL-for-charging/revision_results/experiment_5_gpu_parallel_2500_5seeds_90s/20260925_124626_463187/parallel_sensitivity_jobs/job_0012
REUSE COMPLETED JOB: 13 /home/yqt/XuanyiLi/RL-for-charging/revision_results/experiment_5_gpu_parallel_2500_5seeds_90s/20260925_124626_463187/parallel_sensitivity_jobs/job_0013
REUSE COMPLETED JOB: 14 /home/yqt/XuanyiLi/RL-for-charging/revision_results/experiment_5_gpu_parallel_2500_5seeds_90s/20260925_124626_463187/parallel_sensitivity_jobs/job_0014
REUSE COMPLETED JOB: 15 /home/yqt/XuanyiLi/RL-for-charging/revision_results/experiment_5_gpu_parallel_2500_5seeds_90s/20260925_124626_463187/parallel_sensitivity_jobs/job_0015
REUSE COMPLETED JOB: 16 /home/yqt/XuanyiLi/RL-for-charging/revision_results/experiment_5_gpu_parallel_2500_5seeds_90s/20260925_124626_463187/parallel_sensitivity_jobs/job_0016
REUSE COMPLETED JOB: 17 /home/yqt/XuanyiLi/RL-for-charging/revision_results/experiment_5_gpu_parallel_2500_5seeds_90s/20260925_124626_463187/parallel_sensitivity_jobs/job_0017
REUSE COMPLETED JOB: 18 /home/yqt/XuanyiLi/RL-for-charging/revision_results/experiment_5_gpu_parallel_2500_5seeds_90s/20260925_124626_463187/parallel_sensitivity_jobs/job_0018
REUSE COMPLETED JOB: 19 /home/yqt/XuanyiLi/RL-for-charging/revision_results/experiment_5_gpu_parallel_2500_5seeds_90s/20260925_124626_463187/parallel_sensitivity_jobs/job_0019
REUSE COMPLETED JOB: 20 /home/yqt/XuanyiLi/RL-for-charging/revision_results/experiment_5_gpu_parallel_2500_5seeds_90s/20260925_124626_463187/parallel_sensitivity_jobs/job_0020
REUSE COMPLETED JOB: 21 /home/yqt/XuanyiLi/RL-for-charging/revision_results/experiment_5_gpu_parallel_2500_5seeds_90s/20260925_124626_463187/parallel_sensitivity_jobs/job_0021
REUSE COMPLETED JOB: 22 /home/yqt/XuanyiLi/RL-for-charging/revision_results/experiment_5_gpu_parallel_2500_5seeds_90s/20260925_124626_463187/parallel_sensitivity_jobs/job_0022
REUSE COMPLETED JOB: 23 /home/yqt/XuanyiLi/RL-for-charging/revision_results/experiment_5_gpu_parallel_2500_5seeds_90s/20260925_124626_463187/parallel_sensitivity_jobs/job_0023
REUSE COMPLETED JOB: 24 /home/yqt/XuanyiLi/RL-for-charging/revision_results/experiment_5_gpu_parallel_2500_5seeds_90s/20260925_124626_463187/parallel_sensitivity_jobs/job_0024
REUSE COMPLETED JOB: 25 /home/yqt/XuanyiLi/RL-for-charging/revision_results/experiment_5_gpu_parallel_2500_5seeds_90s/20260925_124626_463187/parallel_sensitivity_jobs/job_0025
REUSE COMPLETED JOB: 26 /home/yqt/XuanyiLi/RL-for-charging/revision_results/experiment_5_gpu_parallel_2500_5seeds_90s/20260925_124626_463187/parallel_sensitivity_jobs/job_0026
REUSE COMPLETED JOB: 27 /home/yqt/XuanyiLi/RL-for-charging/revision_results/experiment_5_gpu_parallel_2500_5seeds_90s/20260925_124626_463187/parallel_sensitivity_jobs/job_0027
REUSE COMPLETED JOB: 28 /home/yqt/XuanyiLi/RL-for-charging/revision_results/experiment_5_gpu_parallel_2500_5seeds_90s/20260925_124626_463187/parallel_sensitivity_jobs/job_0028
REUSE COMPLETED JOB: 29 /home/yqt/XuanyiLi/RL-for-charging/revision_results/experiment_5_gpu_parallel_2500_5seeds_90s/20260925_124626_463187/parallel_sensitivity_jobs/job_0029
REUSE COMPLETED JOB: 30 /home/yqt/XuanyiLi/RL-for-charging/revision_results/experiment_5_gpu_parallel_2500_5seeds_90s/20260925_124626_463187/parallel_sensitivity_jobs/job_0030
REUSE COMPLETED JOB: 31 /home/yqt/XuanyiLi/RL-for-charging/revision_results/experiment_5_gpu_parallel_2500_5seeds_90s/20260925_124626_463187/parallel_sensitivity_jobs/job_0031
REUSE COMPLETED JOB: 32 /home/yqt/XuanyiLi/RL-for-charging/revision_results/experiment_5_gpu_parallel_2500_5seeds_90s/20260925_124626_463187/parallel_sensitivity_jobs/job_0032
REUSE COMPLETED JOB: 33 /home/yqt/XuanyiLi/RL-for-charging/revision_results/experiment_5_gpu_parallel_2500_5seeds_90s/20260925_124626_463187/parallel_sensitivity_jobs/job_0033
REUSE COMPLETED JOB: 34 /home/yqt/XuanyiLi/RL-for-charging/revision_results/experiment_5_gpu_parallel_2500_5seeds_90s/20260925_124626_463187/parallel_sensitivity_jobs/job_0034
REUSE COMPLETED JOB: 35 /home/yqt/XuanyiLi/RL-for-charging/revision_results/experiment_5_gpu_parallel_2500_5seeds_90s/20260925_124626_463187/parallel_sensitivity_jobs/job_0035
REUSE COMPLETED JOB: 36 /home/yqt/XuanyiLi/RL-for-charging/revision_results/experiment_5_gpu_parallel_2500_5seeds_90s/20260925_124626_463187/parallel_sensitivity_jobs/job_0036
REUSE COMPLETED JOB: 37 /home/yqt/XuanyiLi/RL-for-charging/revision_results/experiment_5_gpu_parallel_2500_5seeds_90s/20260925_124626_463187/parallel_sensitivity_jobs/job_0037
REUSE COMPLETED JOB: 38 /home/yqt/XuanyiLi/RL-for-charging/revision_results/experiment_5_gpu_parallel_2500_5seeds_90s/20260925_124626_463187/parallel_sensitivity_jobs/job_0038
REUSE COMPLETED JOB: 39 /home/yqt/XuanyiLi/RL-for-charging/revision_results/experiment_5_gpu_parallel_2500_5seeds_90s/20260925_124626_463187/parallel_sensitivity_jobs/job_0039
REUSE COMPLETED JOB: 40 /home/yqt/XuanyiLi/RL-for-charging/revision_results/experiment_5_gpu_parallel_2500_5seeds_90s/20260925_124626_463187/parallel_sensitivity_jobs/job_0040
REUSE COMPLETED JOB: 41 /home/yqt/XuanyiLi/RL-for-charging/revision_results/experiment_5_gpu_parallel_2500_5seeds_90s/20260925_124626_463187/parallel_sensitivity_jobs/job_0041
REUSE COMPLETED JOB: 42 /home/yqt/XuanyiLi/RL-for-charging/revision_results/experiment_5_gpu_parallel_2500_5seeds_90s/20260925_124626_463187/parallel_sensitivity_jobs/job_0042
REUSE COMPLETED JOB: 43 /home/yqt/XuanyiLi/RL-for-charging/revision_results/experiment_5_gpu_parallel_2500_5seeds_90s/20260925_124626_463187/parallel_sensitivity_jobs/job_0043
REUSE COMPLETED JOB: 44 /home/yqt/XuanyiLi/RL-for-charging/revision_results/experiment_5_gpu_parallel_2500_5seeds_90s/20260925_124626_463187/parallel_sensitivity_jobs/job_0044
REUSE COMPLETED JOB: 45 /home/yqt/XuanyiLi/RL-for-charging/revision_results/experiment_5_gpu_parallel_2500_5seeds_90s/20260925_124626_463187/parallel_sensitivity_jobs/job_0045
REUSE COMPLETED JOB: 46 /home/yqt/XuanyiLi/RL-for-charging/revision_results/experiment_5_gpu_parallel_2500_5seeds_90s/20260925_124626_463187/parallel_sensitivity_jobs/job_0046
REUSE COMPLETED JOB: 47 /home/yqt/XuanyiLi/RL-for-charging/revision_results/experiment_5_gpu_parallel_2500_5seeds_90s/20260925_124626_463187/parallel_sensitivity_jobs/job_0047
REUSE COMPLETED JOB: 48 /home/yqt/XuanyiLi/RL-for-charging/revision_results/experiment_5_gpu_parallel_2500_5seeds_90s/20260925_124626_463187/parallel_sensitivity_jobs/job_0048
REUSE COMPLETED JOB: 49 /home/yqt/XuanyiLi/RL-for-charging/revision_results/experiment_5_gpu_parallel_2500_5seeds_90s/20260925_124626_463187/parallel_sensitivity_jobs/job_0049
REUSE COMPLETED JOB: 50 /home/yqt/XuanyiLi/RL-for-charging/revision_results/experiment_5_gpu_parallel_2500_5seeds_90s/20260925_124626_463187/parallel_sensitivity_jobs/job_0050
REUSE COMPLETED JOB: 51 /home/yqt/XuanyiLi/RL-for-charging/revision_results/experiment_5_gpu_parallel_2500_5seeds_90s/20260925_124626_463187/parallel_sensitivity_jobs/job_0051
REUSE COMPLETED JOB: 52 /home/yqt/XuanyiLi/RL-for-charging/revision_results/experiment_5_gpu_parallel_2500_5seeds_90s/20260925_124626_463187/parallel_sensitivity_jobs/job_0052
REUSE COMPLETED JOB: 53 /home/yqt/XuanyiLi/RL-for-charging/revision_results/experiment_5_gpu_parallel_2500_5seeds_90s/20260925_124626_463187/parallel_sensitivity_jobs/job_0053
REUSE COMPLETED JOB: 54 /home/yqt/XuanyiLi/RL-for-charging/revision_results/experiment_5_gpu_parallel_2500_5seeds_90s/20260925_124626_463187/parallel_sensitivity_jobs/job_0054
REUSE COMPLETED JOB: 55 /home/yqt/XuanyiLi/RL-for-charging/revision_results/experiment_5_gpu_parallel_2500_5seeds_90s/20260925_124626_463187/parallel_sensitivity_jobs/job_0055
REUSE COMPLETED JOB: 56 /home/yqt/XuanyiLi/RL-for-charging/revision_results/experiment_5_gpu_parallel_2500_5seeds_90s/20260925_124626_463187/parallel_sensitivity_jobs/job_0056
REUSE COMPLETED JOB: 57 /home/yqt/XuanyiLi/RL-for-charging/revision_results/experiment_5_gpu_parallel_2500_5seeds_90s/20260925_124626_463187/parallel_sensitivity_jobs/job_0057
REUSE COMPLETED JOB: 58 /home/yqt/XuanyiLi/RL-for-charging/revision_results/experiment_5_gpu_parallel_2500_5seeds_90s/20260925_124626_463187/parallel_sensitivity_jobs/job_0058
REUSE COMPLETED JOB: 59 /home/yqt/XuanyiLi/RL-for-charging/revision_results/experiment_5_gpu_parallel_2500_5seeds_90s/20260925_124626_463187/parallel_sensitivity_jobs/job_0059
REUSE COMPLETED JOB: 60 /home/yqt/XuanyiLi/RL-for-charging/revision_results/experiment_5_gpu_parallel_2500_5seeds_90s/20260925_124626_463187/parallel_sensitivity_jobs/job_0060
REUSE COMPLETED JOB: 61 /home/yqt/XuanyiLi/RL-for-charging/revision_results/experiment_5_gpu_parallel_2500_5seeds_90s/20260925_124626_463187/parallel_sensitivity_jobs/job_0061
REUSE COMPLETED JOB: 62 /home/yqt/XuanyiLi/RL-for-charging/revision_results/experiment_5_gpu_parallel_2500_5seeds_90s/20260925_124626_463187/parallel_sensitivity_jobs/job_0062
REUSE COMPLETED JOB: 63 /home/yqt/XuanyiLi/RL-for-charging/revision_results/experiment_5_gpu_parallel_2500_5seeds_90s/20260925_124626_463187/parallel_sensitivity_jobs/job_0063
REUSE COMPLETED JOB: 64 /home/yqt/XuanyiLi/RL-for-charging/revision_results/experiment_5_gpu_parallel_2500_5seeds_90s/20260925_124626_463187/parallel_sensitivity_jobs/job_0064
REUSE COMPLETED JOB: 65 /home/yqt/XuanyiLi/RL-for-charging/revision_results/experiment_5_gpu_parallel_2500_5seeds_90s/20260925_124626_463187/parallel_sensitivity_jobs/job_0065
REUSE COMPLETED JOB: 66 /home/yqt/XuanyiLi/RL-for-charging/revision_results/experiment_5_gpu_parallel_2500_5seeds_90s/20260925_124626_463187/parallel_sensitivity_jobs/job_0066
REUSE COMPLETED JOB: 67 /home/yqt/XuanyiLi/RL-for-charging/revision_results/experiment_5_gpu_parallel_2500_5seeds_90s/20260925_124626_463187/parallel_sensitivity_jobs/job_0067
REUSE COMPLETED JOB: 68 /home/yqt/XuanyiLi/RL-for-charging/revision_results/experiment_5_gpu_parallel_2500_5seeds_90s/20260925_124626_463187/parallel_sensitivity_jobs/job_0068
REUSE COMPLETED JOB: 69 /home/yqt/XuanyiLi/RL-for-charging/revision_results/experiment_5_gpu_parallel_2500_5seeds_90s/20260925_124626_463187/parallel_sensitivity_jobs/job_0069
REUSE COMPLETED JOB: 70 /home/yqt/XuanyiLi/RL-for-charging/revision_results/experiment_5_gpu_parallel_2500_5seeds_90s/20260925_124626_463187/parallel_sensitivity_jobs/job_0070
REUSE COMPLETED JOB: 71 /home/yqt/XuanyiLi/RL-for-charging/revision_results/experiment_5_gpu_parallel_2500_5seeds_90s/20260925_124626_463187/parallel_sensitivity_jobs/job_0071
REUSE COMPLETED JOB: 72 /home/yqt/XuanyiLi/RL-for-charging/revision_results/experiment_5_gpu_parallel_2500_5seeds_90s/20260925_124626_463187/parallel_sensitivity_jobs/job_0072
REUSE COMPLETED JOB: 73 /home/yqt/XuanyiLi/RL-for-charging/revision_results/experiment_5_gpu_parallel_2500_5seeds_90s/20260925_124626_463187/parallel_sensitivity_jobs/job_0073
REUSE COMPLETED JOB: 74 /home/yqt/XuanyiLi/RL-for-charging/revision_results/experiment_5_gpu_parallel_2500_5seeds_90s/20260925_124626_463187/parallel_sensitivity_jobs/job_0074
START JOB 1/20 GPU=GPU-fafeb67a-12cd-a2e4-9aeb-997a485c815a LOG=/home/yqt/XuanyiLi/RL-for-charging/revision_results/experiment_5_gpu_parallel_2500_5seeds_90s/20260925_124626_463187/parallel_generalization_jobs/job_0000/worker.log
START JOB 2/20 GPU=GPU-780afb7e-e486-5609-c993-3e516926bbe4 LOG=/home/yqt/XuanyiLi/RL-for-charging/revision_results/experiment_5_gpu_parallel_2500_5seeds_90s/20260925_124626_463187/parallel_generalization_jobs/job_0001/worker.log
START JOB 3/20 GPU=GPU-fafeb67a-12cd-a2e4-9aeb-997a485c815a LOG=/home/yqt/XuanyiLi/RL-for-charging/revision_results/experiment_5_gpu_parallel_2500_5seeds_90s/20260925_124626_463187/parallel_generalization_jobs/job_0002/worker.log
START JOB 4/20 GPU=GPU-780afb7e-e486-5609-c993-3e516926bbe4 LOG=/home/yqt/XuanyiLi/RL-for-charging/revision_results/experiment_5_gpu_parallel_2500_5seeds_90s/20260925_124626_463187/parallel_generalization_jobs/job_0003/worker.log
START JOB 5/20 GPU=GPU-fafeb67a-12cd-a2e4-9aeb-997a485c815a LOG=/home/yqt/XuanyiLi/RL-for-charging/revision_results/experiment_5_gpu_parallel_2500_5seeds_90s/20260925_124626_463187/parallel_generalization_jobs/job_0004/worker.log
START JOB 6/20 GPU=GPU-780afb7e-e486-5609-c993-3e516926bbe4 LOG=/home/yqt/XuanyiLi/RL-for-charging/revision_results/experiment_5_gpu_parallel_2500_5seeds_90s/20260925_124626_463187/parallel_generalization_jobs/job_0005/worker.log
PARALLEL PROGRESS: 0/20 complete; 6 active
PARALLEL PROGRESS: 0/20 complete; 6 active
PARALLEL PROGRESS: 0/20 complete; 6 active
PARALLEL PROGRESS: 0/20 complete; 6 active
PARALLEL PROGRESS: 0/20 complete; 6 active
PARALLEL PROGRESS: 0/20 complete; 6 active
PARALLEL PROGRESS: 0/20 complete; 6 active
PARALLEL PROGRESS: 0/20 complete; 6 active
PARALLEL PROGRESS: 0/20 complete; 6 active
PARALLEL PROGRESS: 0/20 complete; 6 active
PARALLEL PROGRESS: 0/20 complete; 6 active
PARALLEL PROGRESS: 0/20 complete; 6 active
PARALLEL PROGRESS: 0/20 complete; 6 active
PARALLEL PROGRESS: 0/20 complete; 6 active
PARALLEL PROGRESS: 0/20 complete; 6 active
PARALLEL PROGRESS: 0/20 complete; 6 active
PARALLEL PROGRESS: 0/20 complete; 6 active
PARALLEL PROGRESS: 0/20 complete; 6 active
PARALLEL PROGRESS: 0/20 complete; 6 active
PARALLEL PROGRESS: 0/20 complete; 6 active
PARALLEL PROGRESS: 0/20 complete; 6 active
PARALLEL PROGRESS: 0/20 complete; 6 active
PARALLEL PROGRESS: 0/20 complete; 6 active
PARALLEL PROGRESS: 0/20 complete; 6 active
PARALLEL PROGRESS: 0/20 complete; 6 active
PARALLEL PROGRESS: 0/20 complete; 6 active
PARALLEL PROGRESS: 0/20 complete; 6 active
PARALLEL PROGRESS: 0/20 complete; 6 active
PARALLEL PROGRESS: 0/20 complete; 6 active
PARALLEL PROGRESS: 0/20 complete; 6 active
PARALLEL PROGRESS: 0/20 complete; 6 active
PARALLEL PROGRESS: 0/20 complete; 6 active
PARALLEL PROGRESS: 0/20 complete; 6 active
PARALLEL PROGRESS: 0/20 complete; 6 active
PARALLEL PROGRESS: 0/20 complete; 6 active
PARALLEL PROGRESS: 0/20 complete; 6 active
PARALLEL PROGRESS: 0/20 complete; 6 active
PARALLEL PROGRESS: 0/20 complete; 6 active
PARALLEL PROGRESS: 0/20 complete; 6 active
PARALLEL PROGRESS: 0/20 complete; 6 active
PARALLEL PROGRESS: 0/20 complete; 6 active
PARALLEL PROGRESS: 0/20 complete; 6 active
PARALLEL PROGRESS: 0/20 complete; 6 active
PARALLEL PROGRESS: 0/20 complete; 6 active
PARALLEL PROGRESS: 0/20 complete; 6 active
PARALLEL PROGRESS: 0/20 complete; 6 active
PARALLEL PROGRESS: 0/20 complete; 6 active
PARALLEL PROGRESS: 0/20 complete; 6 active
PARALLEL PROGRESS: 0/20 complete; 6 active
PARALLEL PROGRESS: 0/20 complete; 6 active
PARALLEL PROGRESS: 0/20 complete; 6 active
PARALLEL PROGRESS: 0/20 complete; 6 active
PARALLEL PROGRESS: 0/20 complete; 6 active
PARALLEL PROGRESS: 0/20 complete; 6 active
PARALLEL PROGRESS: 0/20 complete; 6 active
PARALLEL PROGRESS: 0/20 complete; 6 active
PARALLEL PROGRESS: 0/20 complete; 6 active
PARALLEL PROGRESS: 0/20 complete; 6 active
PARALLEL PROGRESS: 0/20 complete; 6 active
PARALLEL PROGRESS: 0/20 complete; 6 active
PARALLEL PROGRESS: 0/20 complete; 6 active
PARALLEL PROGRESS: 0/20 complete; 6 active
PARALLEL PROGRESS: 0/20 complete; 6 active
PARALLEL PROGRESS: 0/20 complete; 6 active
PARALLEL PROGRESS: 0/20 complete; 6 active
PARALLEL PROGRESS: 0/20 complete; 6 active
PARALLEL PROGRESS: 0/20 complete; 6 active
PARALLEL PROGRESS: 0/20 complete; 6 active
PARALLEL PROGRESS: 0/20 complete; 6 active
PARALLEL PROGRESS: 0/20 complete; 6 active
PARALLEL PROGRESS: 0/20 complete; 6 active
PARALLEL PROGRESS: 0/20 complete; 6 active
PARALLEL PROGRESS: 0/20 complete; 6 active
PARALLEL PROGRESS: 0/20 complete; 6 active
PARALLEL PROGRESS: 0/20 complete; 6 active
PARALLEL PROGRESS: 0/20 complete; 6 active
PARALLEL PROGRESS: 0/20 complete; 6 active
PARALLEL PROGRESS: 0/20 complete; 6 active
PARALLEL PROGRESS: 0/20 complete; 6 active
PARALLEL PROGRESS: 0/20 complete; 6 active
PARALLEL PROGRESS: 0/20 complete; 6 active
PARALLEL PROGRESS: 0/20 complete; 6 active
PARALLEL PROGRESS: 0/20 complete; 6 active
PARALLEL PROGRESS: 0/20 complete; 6 active
PARALLEL PROGRESS: 0/20 complete; 6 active
PARALLEL PROGRESS: 0/20 complete; 6 active
PARALLEL PROGRESS: 0/20 complete; 6 active
PARALLEL PROGRESS: 0/20 complete; 6 active
PARALLEL PROGRESS: 0/20 complete; 6 active
PARALLEL PROGRESS: 0/20 complete; 6 active
PARALLEL PROGRESS: 0/20 complete; 6 active
PARALLEL PROGRESS: 0/20 complete; 6 active
PARALLEL PROGRESS: 0/20 complete; 6 active
PARALLEL PROGRESS: 0/20 complete; 6 active
PARALLEL PROGRESS: 0/20 complete; 6 active
PARALLEL PROGRESS: 0/20 complete; 6 active
PARALLEL PROGRESS: 0/20 complete; 6 active
PARALLEL PROGRESS: 0/20 complete; 6 active
PARALLEL PROGRESS: 0/20 complete; 6 active
PARALLEL PROGRESS: 0/20 complete; 6 active
PARALLEL PROGRESS: 0/20 complete; 6 active
PARALLEL PROGRESS: 0/20 complete; 6 active
PARALLEL PROGRESS: 0/20 complete; 6 active
PARALLEL PROGRESS: 0/20 complete; 6 active
PARALLEL PROGRESS: 0/20 complete; 6 active
PARALLEL PROGRESS: 0/20 complete; 6 active
PARALLEL PROGRESS: 0/20 complete; 6 active
PARALLEL PROGRESS: 0/20 complete; 6 active
PARALLEL PROGRESS: 0/20 complete; 6 active
PARALLEL PROGRESS: 0/20 complete; 6 active
PARALLEL PROGRESS: 0/20 complete; 6 active
PARALLEL PROGRESS: 0/20 complete; 6 active
PARALLEL PROGRESS: 0/20 complete; 6 active
PARALLEL PROGRESS: 0/20 complete; 6 active
PARALLEL PROGRESS: 0/20 complete; 6 active
PARALLEL PROGRESS: 0/20 complete; 6 active
PARALLEL PROGRESS: 0/20 complete; 6 active
PARALLEL PROGRESS: 0/20 complete; 6 active
PARALLEL PROGRESS: 0/20 complete; 6 active
PARALLEL PROGRESS: 0/20 complete; 6 active
PARALLEL PROGRESS: 0/20 complete; 6 active
PARALLEL PROGRESS: 0/20 complete; 6 active
PARALLEL PROGRESS: 0/20 complete; 6 active
PARALLEL PROGRESS: 0/20 complete; 6 active
PARALLEL PROGRESS: 0/20 complete; 6 active
PARALLEL PROGRESS: 0/20 complete; 6 active
PARALLEL PROGRESS: 0/20 complete; 6 active
PARALLEL PROGRESS: 0/20 complete; 6 active
PARALLEL PROGRESS: 0/20 complete; 6 active
PARALLEL PROGRESS: 0/20 complete; 6 active
PARALLEL PROGRESS: 0/20 complete; 6 active
PARALLEL PROGRESS: 0/20 complete; 6 active
PARALLEL PROGRESS: 0/20 complete; 6 active
PARALLEL PROGRESS: 0/20 complete; 6 active
PARALLEL PROGRESS: 0/20 complete; 6 active
PARALLEL PROGRESS: 0/20 complete; 6 active
PARALLEL PROGRESS: 0/20 complete; 6 active
PARALLEL PROGRESS: 0/20 complete; 6 active
PARALLEL PROGRESS: 0/20 complete; 6 active
PARALLEL PROGRESS: 0/20 complete; 6 active
PARALLEL PROGRESS: 0/20 complete; 6 active
PARALLEL PROGRESS: 0/20 complete; 6 active
PARALLEL PROGRESS: 0/20 complete; 6 active
PARALLEL PROGRESS: 0/20 complete; 6 active
PARALLEL PROGRESS: 0/20 complete; 6 active
PARALLEL PROGRESS: 0/20 complete; 6 active
PARALLEL PROGRESS: 0/20 complete; 6 active
PARALLEL PROGRESS: 0/20 complete; 6 active
PARALLEL PROGRESS: 0/20 complete; 6 active
PARALLEL PROGRESS: 0/20 complete; 6 active
PARALLEL PROGRESS: 0/20 complete; 6 active
PARALLEL PROGRESS: 0/20 complete; 6 active
PARALLEL PROGRESS: 0/20 complete; 6 active
PARALLEL PROGRESS: 0/20 complete; 6 active
PARALLEL PROGRESS: 0/20 complete; 6 active
PARALLEL PROGRESS: 0/20 complete; 6 active
PARALLEL PROGRESS: 0/20 complete; 6 active
PARALLEL PROGRESS: 0/20 complete; 6 active
PARALLEL PROGRESS: 0/20 complete; 6 active
PARALLEL PROGRESS: 0/20 complete; 6 active
PARALLEL PROGRESS: 0/20 complete; 6 active
PARALLEL PROGRESS: 0/20 complete; 6 active
PARALLEL PROGRESS: 0/20 complete; 6 active
PARALLEL PROGRESS: 0/20 complete; 6 active
PARALLEL PROGRESS: 0/20 complete; 6 active
PARALLEL PROGRESS: 0/20 complete; 6 active
PARALLEL PROGRESS: 0/20 complete; 6 active
PARALLEL PROGRESS: 0/20 complete; 6 active
PARALLEL PROGRESS: 0/20 complete; 6 active
PARALLEL PROGRESS: 0/20 complete; 6 active
PARALLEL PROGRESS: 0/20 complete; 6 active
PARALLEL PROGRESS: 0/20 complete; 6 active
PARALLEL PROGRESS: 0/20 complete; 6 active
PARALLEL PROGRESS: 0/20 complete; 6 active
PARALLEL PROGRESS: 0/20 complete; 6 active
PARALLEL PROGRESS: 0/20 complete; 6 active
PARALLEL PROGRESS: 0/20 complete; 6 active
PARALLEL PROGRESS: 0/20 complete; 6 active
PARALLEL PROGRESS: 0/20 complete; 6 active
PARALLEL PROGRESS: 0/20 complete; 6 active
PARALLEL PROGRESS: 0/20 complete; 6 active
PARALLEL PROGRESS: 0/20 complete; 6 active
PARALLEL PROGRESS: 0/20 complete; 6 active
PARALLEL PROGRESS: 0/20 complete; 6 active
PARALLEL PROGRESS: 0/20 complete; 6 active
PARALLEL PROGRESS: 0/20 complete; 6 active
PARALLEL PROGRESS: 0/20 complete; 6 active
PARALLEL PROGRESS: 0/20 complete; 6 active
PARALLEL PROGRESS: 0/20 complete; 6 active
PARALLEL PROGRESS: 0/20 complete; 6 active
PARALLEL PROGRESS: 0/20 complete; 6 active
PARALLEL PROGRESS: 0/20 complete; 6 active
PARALLEL PROGRESS: 0/20 complete; 6 active
PARALLEL PROGRESS: 0/20 complete; 6 active
PARALLEL PROGRESS: 0/20 complete; 6 active
PARALLEL PROGRESS: 0/20 complete; 6 active
PARALLEL PROGRESS: 0/20 complete; 6 active
PARALLEL PROGRESS: 0/20 complete; 6 active
PARALLEL PROGRESS: 0/20 complete; 6 active
PARALLEL PROGRESS: 0/20 complete; 6 active
PARALLEL PROGRESS: 0/20 complete; 6 active
PARALLEL PROGRESS: 0/20 complete; 6 active
PARALLEL PROGRESS: 0/20 complete; 6 active
PARALLEL PROGRESS: 0/20 complete; 6 active
PARALLEL PROGRESS: 0/20 complete; 6 active
PARALLEL PROGRESS: 0/20 complete; 6 active
PARALLEL PROGRESS: 0/20 complete; 6 active
PARALLEL PROGRESS: 0/20 complete; 6 active
PARALLEL PROGRESS: 0/20 complete; 6 active
PARALLEL PROGRESS: 0/20 complete; 6 active
PARALLEL PROGRESS: 0/20 complete; 6 active
PARALLEL PROGRESS: 0/20 complete; 6 active
PARALLEL PROGRESS: 0/20 complete; 6 active
PARALLEL PROGRESS: 0/20 complete; 6 active
PARALLEL PROGRESS: 0/20 complete; 6 active
PARALLEL PROGRESS: 0/20 complete; 6 active
PARALLEL PROGRESS: 0/20 complete; 6 active
PARALLEL PROGRESS: 0/20 complete; 6 active
PARALLEL PROGRESS: 0/20 complete; 6 active
PARALLEL PROGRESS: 0/20 complete; 6 active
PARALLEL PROGRESS: 0/20 complete; 6 active
PARALLEL PROGRESS: 0/20 complete; 6 active
PARALLEL PROGRESS: 0/20 complete; 6 active
PARALLEL PROGRESS: 0/20 complete; 6 active
PARALLEL PROGRESS: 0/20 complete; 6 active
PARALLEL PROGRESS: 0/20 complete; 6 active
PARALLEL PROGRESS: 0/20 complete; 6 active
PARALLEL PROGRESS: 0/20 complete; 6 active
PARALLEL PROGRESS: 0/20 complete; 6 active
PARALLEL PROGRESS: 0/20 complete; 6 active
PARALLEL PROGRESS: 0/20 complete; 6 active
PARALLEL PROGRESS: 0/20 complete; 6 active
PARALLEL PROGRESS: 0/20 complete; 6 active
PARALLEL PROGRESS: 0/20 complete; 6 active
PARALLEL PROGRESS: 0/20 complete; 6 active
PARALLEL PROGRESS: 0/20 complete; 6 active
PARALLEL PROGRESS: 0/20 complete; 6 active
PARALLEL PROGRESS: 0/20 complete; 6 active
PARALLEL PROGRESS: 0/20 complete; 6 active
PARALLEL PROGRESS: 0/20 complete; 6 active
PARALLEL PROGRESS: 0/20 complete; 6 active
PARALLEL PROGRESS: 0/20 complete; 6 active
PARALLEL PROGRESS: 0/20 complete; 6 active
PARALLEL PROGRESS: 0/20 complete; 6 active
PARALLEL PROGRESS: 0/20 complete; 6 active
PARALLEL PROGRESS: 0/20 complete; 6 active
PARALLEL PROGRESS: 0/20 complete; 6 active
PARALLEL PROGRESS: 0/20 complete; 6 active
PARALLEL PROGRESS: 0/20 complete; 6 active
PARALLEL PROGRESS: 0/20 complete; 6 active
PARALLEL PROGRESS: 0/20 complete; 6 active
PARALLEL PROGRESS: 0/20 complete; 6 active
PARALLEL PROGRESS: 0/20 complete; 6 active
PARALLEL PROGRESS: 0/20 complete; 6 active
PARALLEL PROGRESS: 0/20 complete; 6 active
PARALLEL PROGRESS: 0/20 complete; 6 active
PARALLEL PROGRESS: 0/20 complete; 6 active
PARALLEL PROGRESS: 0/20 complete; 6 active
PARALLEL PROGRESS: 0/20 complete; 6 active
PARALLEL PROGRESS: 0/20 complete; 6 active
PARALLEL PROGRESS: 0/20 complete; 6 active
PARALLEL PROGRESS: 0/20 complete; 6 active
PARALLEL PROGRESS: 0/20 complete; 6 active
PARALLEL PROGRESS: 0/20 complete; 6 active
PARALLEL PROGRESS: 0/20 complete; 6 active
PARALLEL PROGRESS: 0/20 complete; 6 active
PARALLEL PROGRESS: 0/20 complete; 6 active
PARALLEL PROGRESS: 0/20 complete; 6 active
PARALLEL PROGRESS: 0/20 complete; 6 active
PARALLEL PROGRESS: 0/20 complete; 6 active
PARALLEL PROGRESS: 0/20 complete; 6 active
PARALLEL PROGRESS: 0/20 complete; 6 active
PARALLEL PROGRESS: 0/20 complete; 6 active
PARALLEL PROGRESS: 0/20 complete; 6 active
PARALLEL PROGRESS: 0/20 complete; 6 active
PARALLEL PROGRESS: 0/20 complete; 6 active
PARALLEL PROGRESS: 0/20 complete; 6 active
PARALLEL PROGRESS: 0/20 complete; 6 active
PARALLEL PROGRESS: 0/20 complete; 6 active
PARALLEL PROGRESS: 0/20 complete; 6 active
PARALLEL PROGRESS: 0/20 complete; 6 active
PARALLEL PROGRESS: 0/20 complete; 6 active
PARALLEL PROGRESS: 0/20 complete; 6 active
PARALLEL PROGRESS: 0/20 complete; 6 active
PARALLEL PROGRESS: 0/20 complete; 6 active
PARALLEL PROGRESS: 0/20 complete; 6 active
PARALLEL PROGRESS: 0/20 complete; 6 active
PARALLEL PROGRESS: 0/20 complete; 6 active
PARALLEL PROGRESS: 0/20 complete; 6 active
PARALLEL PROGRESS: 0/20 complete; 6 active
PARALLEL PROGRESS: 0/20 complete; 6 active
PARALLEL PROGRESS: 0/20 complete; 6 active
PARALLEL PROGRESS: 0/20 complete; 6 active
PARALLEL PROGRESS: 0/20 complete; 6 active
PARALLEL PROGRESS: 0/20 complete; 6 active
PARALLEL PROGRESS: 0/20 complete; 6 active
PARALLEL PROGRESS: 0/20 complete; 6 active
PARALLEL PROGRESS: 0/20 complete; 6 active
PARALLEL PROGRESS: 0/20 complete; 6 active
PARALLEL PROGRESS: 0/20 complete; 6 active
PARALLEL PROGRESS: 0/20 complete; 6 active
PARALLEL PROGRESS: 0/20 complete; 6 active
PARALLEL PROGRESS: 0/20 complete; 6 active
PARALLEL PROGRESS: 0/20 complete; 6 active
PARALLEL PROGRESS: 0/20 complete; 6 active
PARALLEL PROGRESS: 0/20 complete; 6 active
PARALLEL PROGRESS: 0/20 complete; 6 active
PARALLEL PROGRESS: 0/20 complete; 6 active
PARALLEL PROGRESS: 0/20 complete; 6 active
PARALLEL PROGRESS: 0/20 complete; 6 active
PARALLEL PROGRESS: 0/20 complete; 6 active
PARALLEL PROGRESS: 0/20 complete; 6 active
PARALLEL PROGRESS: 0/20 complete; 6 active
PARALLEL PROGRESS: 0/20 complete; 6 active
PARALLEL PROGRESS: 0/20 complete; 6 active
PARALLEL PROGRESS: 0/20 complete; 6 active
PARALLEL PROGRESS: 0/20 complete; 6 active
PARALLEL PROGRESS: 0/20 complete; 6 active
PARALLEL PROGRESS: 0/20 complete; 6 active
PARALLEL PROGRESS: 0/20 complete; 6 active
PARALLEL PROGRESS: 0/20 complete; 6 active
PARALLEL PROGRESS: 0/20 complete; 6 active
PARALLEL PROGRESS: 0/20 complete; 6 active
PARALLEL PROGRESS: 0/20 complete; 6 active
PARALLEL PROGRESS: 0/20 complete; 6 active
PARALLEL PROGRESS: 0/20 complete; 6 active
PARALLEL PROGRESS: 0/20 complete; 6 active
PARALLEL PROGRESS: 0/20 complete; 6 active
PARALLEL PROGRESS: 0/20 complete; 6 active
PARALLEL PROGRESS: 0/20 complete; 6 active
PARALLEL PROGRESS: 0/20 complete; 6 active
PARALLEL PROGRESS: 0/20 complete; 6 active
PARALLEL PROGRESS: 0/20 complete; 6 active
PARALLEL PROGRESS: 0/20 complete; 6 active
PARALLEL PROGRESS: 0/20 complete; 6 active
PARALLEL PROGRESS: 0/20 complete; 6 active
PARALLEL PROGRESS: 0/20 complete; 6 active
PARALLEL PROGRESS: 0/20 complete; 6 active
PARALLEL PROGRESS: 0/20 complete; 6 active
PARALLEL PROGRESS: 0/20 complete; 6 active
PARALLEL PROGRESS: 0/20 complete; 6 active
PARALLEL PROGRESS: 0/20 complete; 6 active
PARALLEL PROGRESS: 0/20 complete; 6 active
PARALLEL PROGRESS: 0/20 complete; 6 active
PARALLEL PROGRESS: 0/20 complete; 6 active
PARALLEL PROGRESS: 0/20 complete; 6 active
PARALLEL PROGRESS: 0/20 complete; 6 active
PARALLEL PROGRESS: 0/20 complete; 6 active
PARALLEL PROGRESS: 0/20 complete; 6 active
PARALLEL PROGRESS: 0/20 complete; 6 active
PARALLEL PROGRESS: 0/20 complete; 6 active
PARALLEL PROGRESS: 0/20 complete; 6 active
PARALLEL PROGRESS: 0/20 complete; 6 active
PARALLEL PROGRESS: 0/20 complete; 6 active
PARALLEL PROGRESS: 0/20 complete; 6 active
PARALLEL PROGRESS: 0/20 complete; 6 active
PARALLEL PROGRESS: 0/20 complete; 6 active
PARALLEL PROGRESS: 0/20 complete; 6 active
PARALLEL PROGRESS: 0/20 complete; 6 active
PARALLEL PROGRESS: 0/20 complete; 6 active
PARALLEL PROGRESS: 0/20 complete; 6 active
PARALLEL PROGRESS: 0/20 complete; 6 active
PARALLEL PROGRESS: 0/20 complete; 6 active
PARALLEL PROGRESS: 0/20 complete; 6 active
PARALLEL PROGRESS: 0/20 complete; 6 active
PARALLEL PROGRESS: 0/20 complete; 6 active
PARALLEL PROGRESS: 0/20 complete; 6 active
PARALLEL PROGRESS: 0/20 complete; 6 active
PARALLEL PROGRESS: 0/20 complete; 6 active
PARALLEL PROGRESS: 0/20 complete; 6 active
PARALLEL PROGRESS: 0/20 complete; 6 active
PARALLEL PROGRESS: 0/20 complete; 6 active
PARALLEL PROGRESS: 0/20 complete; 6 active
PARALLEL PROGRESS: 0/20 complete; 6 active
PARALLEL PROGRESS: 0/20 complete; 6 active
PARALLEL PROGRESS: 0/20 complete; 6 active
PARALLEL PROGRESS: 0/20 complete; 6 active
PARALLEL PROGRESS: 0/20 complete; 6 active
PARALLEL PROGRESS: 0/20 complete; 6 active
PARALLEL PROGRESS: 0/20 complete; 6 active
PARALLEL PROGRESS: 0/20 complete; 6 active
PARALLEL PROGRESS: 0/20 complete; 6 active
PARALLEL PROGRESS: 0/20 complete; 6 active
PARALLEL PROGRESS: 0/20 complete; 6 active
PARALLEL PROGRESS: 0/20 complete; 6 active
PARALLEL PROGRESS: 0/20 complete; 6 active
PARALLEL PROGRESS: 0/20 complete; 6 active
PARALLEL PROGRESS: 0/20 complete; 6 active
PARALLEL PROGRESS: 0/20 complete; 6 active
PARALLEL PROGRESS: 0/20 complete; 6 active
PARALLEL PROGRESS: 0/20 complete; 6 active
PARALLEL PROGRESS: 0/20 complete; 6 active
PARALLEL PROGRESS: 0/20 complete; 6 active
PARALLEL PROGRESS: 0/20 complete; 6 active
PARALLEL PROGRESS: 0/20 complete; 6 active
PARALLEL PROGRESS: 0/20 complete; 6 active
PARALLEL PROGRESS: 0/20 complete; 6 active
PARALLEL PROGRESS: 0/20 complete; 6 active
PARALLEL PROGRESS: 0/20 complete; 6 active
PARALLEL PROGRESS: 0/20 complete; 6 active
PARALLEL PROGRESS: 0/20 complete; 6 active
PARALLEL PROGRESS: 0/20 complete; 6 active
PARALLEL PROGRESS: 0/20 complete; 6 active
PARALLEL PROGRESS: 0/20 complete; 6 active
PARALLEL PROGRESS: 0/20 complete; 6 active
PARALLEL PROGRESS: 0/20 complete; 6 active
PARALLEL PROGRESS: 0/20 complete; 6 active
PARALLEL PROGRESS: 0/20 complete; 6 active
PARALLEL PROGRESS: 0/20 complete; 6 active
PARALLEL PROGRESS: 0/20 complete; 6 active
PARALLEL PROGRESS: 0/20 complete; 6 active
PARALLEL PROGRESS: 0/20 complete; 6 active
PARALLEL PROGRESS: 0/20 complete; 6 active
PARALLEL PROGRESS: 0/20 complete; 6 active
PARALLEL PROGRESS: 0/20 complete; 6 active
PARALLEL PROGRESS: 0/20 complete; 6 active
PARALLEL PROGRESS: 0/20 complete; 6 active
PARALLEL PROGRESS: 0/20 complete; 6 active
PARALLEL PROGRESS: 0/20 complete; 6 active
PARALLEL PROGRESS: 0/20 complete; 6 active
PARALLEL PROGRESS: 0/20 complete; 6 active
PARALLEL PROGRESS: 0/20 complete; 6 active
PARALLEL PROGRESS: 0/20 complete; 6 active
PARALLEL PROGRESS: 0/20 complete; 6 active
PARALLEL PROGRESS: 0/20 complete; 6 active
PARALLEL PROGRESS: 0/20 complete; 6 active
PARALLEL PROGRESS: 0/20 complete; 6 active
PARALLEL PROGRESS: 0/20 complete; 6 active
PARALLEL PROGRESS: 0/20 complete; 6 active
PARALLEL PROGRESS: 0/20 complete; 6 active
PARALLEL PROGRESS: 0/20 complete; 6 active
PARALLEL PROGRESS: 0/20 complete; 6 active
PARALLEL PROGRESS: 0/20 complete; 6 active
PARALLEL PROGRESS: 0/20 complete; 6 active
PARALLEL PROGRESS: 0/20 complete; 6 active
PARALLEL PROGRESS: 0/20 complete; 6 active
PARALLEL PROGRESS: 0/20 complete; 6 active
PARALLEL PROGRESS: 0/20 complete; 6 active
PARALLEL PROGRESS: 0/20 complete; 6 active
PARALLEL PROGRESS: 0/20 complete; 6 active
PARALLEL PROGRESS: 0/20 complete; 6 active
PARALLEL PROGRESS: 0/20 complete; 6 active
PARALLEL PROGRESS: 0/20 complete; 6 active
PARALLEL PROGRESS: 0/20 complete; 6 active
PARALLEL PROGRESS: 0/20 complete; 6 active
PARALLEL PROGRESS: 0/20 complete; 6 active
PARALLEL PROGRESS: 0/20 complete; 6 active
PARALLEL PROGRESS: 0/20 complete; 6 active
PARALLEL PROGRESS: 0/20 complete; 6 active
PARALLEL PROGRESS: 0/20 complete; 6 active
PARALLEL PROGRESS: 0/20 complete; 6 active
PARALLEL PROGRESS: 0/20 complete; 6 active
PARALLEL PROGRESS: 0/20 complete; 6 active
PARALLEL PROGRESS: 0/20 complete; 6 active
PARALLEL PROGRESS: 0/20 complete; 6 active
PARALLEL PROGRESS: 0/20 complete; 6 active
PARALLEL PROGRESS: 0/20 complete; 6 active
PARALLEL PROGRESS: 0/20 complete; 6 active
PARALLEL PROGRESS: 0/20 complete; 6 active
PARALLEL PROGRESS: 0/20 complete; 6 active
PARALLEL PROGRESS: 0/20 complete; 6 active
PARALLEL PROGRESS: 0/20 complete; 6 active
PARALLEL PROGRESS: 0/20 complete; 6 active
PARALLEL PROGRESS: 0/20 complete; 6 active
PARALLEL PROGRESS: 0/20 complete; 6 active
PARALLEL PROGRESS: 0/20 complete; 6 active
PARALLEL PROGRESS: 0/20 complete; 6 active
PARALLEL PROGRESS: 0/20 complete; 6 active
PARALLEL PROGRESS: 0/20 complete; 6 active
PARALLEL PROGRESS: 0/20 complete; 6 active
PARALLEL PROGRESS: 0/20 complete; 6 active
PARALLEL PROGRESS: 0/20 complete; 6 active
PARALLEL PROGRESS: 0/20 complete; 6 active
PARALLEL PROGRESS: 0/20 complete; 6 active
PARALLEL PROGRESS: 0/20 complete; 6 active
PARALLEL PROGRESS: 0/20 complete; 6 active
PARALLEL PROGRESS: 0/20 complete; 6 active
PARALLEL PROGRESS: 0/20 complete; 6 active
PARALLEL PROGRESS: 0/20 complete; 6 active
PARALLEL PROGRESS: 0/20 complete; 6 active
PARALLEL PROGRESS: 0/20 complete; 6 active
PARALLEL PROGRESS: 0/20 complete; 6 active
PARALLEL PROGRESS: 0/20 complete; 6 active
PARALLEL PROGRESS: 0/20 complete; 6 active
PARALLEL PROGRESS: 0/20 complete; 6 active
PARALLEL PROGRESS: 0/20 complete; 6 active
PARALLEL PROGRESS: 0/20 complete; 6 active
PARALLEL PROGRESS: 0/20 complete; 6 active
PARALLEL PROGRESS: 0/20 complete; 6 active
PARALLEL PROGRESS: 0/20 complete; 6 active
PARALLEL PROGRESS: 0/20 complete; 6 active
PARALLEL PROGRESS: 0/20 complete; 6 active
PARALLEL PROGRESS: 0/20 complete; 6 active
PARALLEL PROGRESS: 0/20 complete; 6 active
PARALLEL PROGRESS: 0/20 complete; 6 active
PARALLEL PROGRESS: 0/20 complete; 6 active
PARALLEL PROGRESS: 0/20 complete; 6 active
PARALLEL PROGRESS: 0/20 complete; 6 active
PARALLEL PROGRESS: 0/20 complete; 6 active
PARALLEL PROGRESS: 0/20 complete; 6 active
PARALLEL PROGRESS: 0/20 complete; 6 active
PARALLEL PROGRESS: 0/20 complete; 6 active
PARALLEL PROGRESS: 0/20 complete; 6 active
PARALLEL PROGRESS: 0/20 complete; 6 active
PARALLEL PROGRESS: 0/20 complete; 6 active
PARALLEL PROGRESS: 0/20 complete; 6 active
PARALLEL PROGRESS: 0/20 complete; 6 active
PARALLEL PROGRESS: 0/20 complete; 6 active
PARALLEL PROGRESS: 0/20 complete; 6 active
PARALLEL PROGRESS: 0/20 complete; 6 active
PARALLEL PROGRESS: 0/20 complete; 6 active
PARALLEL PROGRESS: 0/20 complete; 6 active
PARALLEL PROGRESS: 0/20 complete; 6 active
PARALLEL PROGRESS: 0/20 complete; 6 active
PARALLEL PROGRESS: 0/20 complete; 6 active
PARALLEL PROGRESS: 0/20 complete; 6 active
PARALLEL PROGRESS: 0/20 complete; 6 active
PARALLEL PROGRESS: 0/20 complete; 6 active
PARALLEL PROGRESS: 0/20 complete; 6 active
PARALLEL PROGRESS: 0/20 complete; 6 active
PARALLEL PROGRESS: 0/20 complete; 6 active
PARALLEL PROGRESS: 0/20 complete; 6 active
PARALLEL PROGRESS: 0/20 complete; 6 active
PARALLEL PROGRESS: 0/20 complete; 6 active
PARALLEL PROGRESS: 0/20 complete; 6 active
FINISH JOB 1/20 (1 complete)
START JOB 7/20 GPU=GPU-fafeb67a-12cd-a2e4-9aeb-997a485c815a LOG=/home/yqt/XuanyiLi/RL-for-charging/revision_results/experiment_5_gpu_parallel_2500_5seeds_90s/20260925_124626_463187/parallel_generalization_jobs/job_0006/worker.log
FINISH JOB 4/20 (2 complete)
START JOB 8/20 GPU=GPU-780afb7e-e486-5609-c993-3e516926bbe4 LOG=/home/yqt/XuanyiLi/RL-for-charging/revision_results/experiment_5_gpu_parallel_2500_5seeds_90s/20260925_124626_463187/parallel_generalization_jobs/job_0007/worker.log
PARALLEL PROGRESS: 2/20 complete; 6 active
PARALLEL PROGRESS: 2/20 complete; 6 active
PARALLEL PROGRESS: 2/20 complete; 6 active
PARALLEL PROGRESS: 2/20 complete; 6 active
PARALLEL PROGRESS: 2/20 complete; 6 active
PARALLEL PROGRESS: 2/20 complete; 6 active
PARALLEL PROGRESS: 2/20 complete; 6 active
PARALLEL PROGRESS: 2/20 complete; 6 active
PARALLEL PROGRESS: 2/20 complete; 6 active
PARALLEL PROGRESS: 2/20 complete; 6 active
PARALLEL PROGRESS: 2/20 complete; 6 active
PARALLEL PROGRESS: 2/20 complete; 6 active
PARALLEL PROGRESS: 2/20 complete; 6 active
PARALLEL PROGRESS: 2/20 complete; 6 active
PARALLEL PROGRESS: 2/20 complete; 6 active
PARALLEL PROGRESS: 2/20 complete; 6 active
PARALLEL PROGRESS: 2/20 complete; 6 active
PARALLEL PROGRESS: 2/20 complete; 6 active
PARALLEL PROGRESS: 2/20 complete; 6 active
PARALLEL PROGRESS: 2/20 complete; 6 active
PARALLEL PROGRESS: 2/20 complete; 6 active
PARALLEL PROGRESS: 2/20 complete; 6 active
FINISH JOB 5/20 (3 complete)
START JOB 9/20 GPU=GPU-fafeb67a-12cd-a2e4-9aeb-997a485c815a LOG=/home/yqt/XuanyiLi/RL-for-charging/revision_results/experiment_5_gpu_parallel_2500_5seeds_90s/20260925_124626_463187/parallel_generalization_jobs/job_0008/worker.log
PARALLEL PROGRESS: 3/20 complete; 6 active
PARALLEL PROGRESS: 3/20 complete; 6 active
PARALLEL PROGRESS: 3/20 complete; 6 active
PARALLEL PROGRESS: 3/20 complete; 6 active
PARALLEL PROGRESS: 3/20 complete; 6 active
PARALLEL PROGRESS: 3/20 complete; 6 active
PARALLEL PROGRESS: 3/20 complete; 6 active
PARALLEL PROGRESS: 3/20 complete; 6 active
PARALLEL PROGRESS: 3/20 complete; 6 active
PARALLEL PROGRESS: 3/20 complete; 6 active
PARALLEL PROGRESS: 3/20 complete; 6 active
PARALLEL PROGRESS: 3/20 complete; 6 active
PARALLEL PROGRESS: 3/20 complete; 6 active
PARALLEL PROGRESS: 3/20 complete; 6 active
PARALLEL PROGRESS: 3/20 complete; 6 active
PARALLEL PROGRESS: 3/20 complete; 6 active
PARALLEL PROGRESS: 3/20 complete; 6 active
PARALLEL PROGRESS: 3/20 complete; 6 active
PARALLEL PROGRESS: 3/20 complete; 6 active
PARALLEL PROGRESS: 3/20 complete; 6 active
PARALLEL PROGRESS: 3/20 complete; 6 active
PARALLEL PROGRESS: 3/20 complete; 6 active
PARALLEL PROGRESS: 3/20 complete; 6 active
PARALLEL PROGRESS: 3/20 complete; 6 active
PARALLEL PROGRESS: 3/20 complete; 6 active
PARALLEL PROGRESS: 3/20 complete; 6 active
PARALLEL PROGRESS: 3/20 complete; 6 active
PARALLEL PROGRESS: 3/20 complete; 6 active
PARALLEL PROGRESS: 3/20 complete; 6 active
PARALLEL PROGRESS: 3/20 complete; 6 active
PARALLEL PROGRESS: 3/20 complete; 6 active
PARALLEL PROGRESS: 3/20 complete; 6 active
PARALLEL PROGRESS: 3/20 complete; 6 active
PARALLEL PROGRESS: 3/20 complete; 6 active
PARALLEL PROGRESS: 3/20 complete; 6 active
PARALLEL PROGRESS: 3/20 complete; 6 active
PARALLEL PROGRESS: 3/20 complete; 6 active
PARALLEL PROGRESS: 3/20 complete; 6 active
PARALLEL PROGRESS: 3/20 complete; 6 active
PARALLEL PROGRESS: 3/20 complete; 6 active
PARALLEL PROGRESS: 3/20 complete; 6 active
PARALLEL PROGRESS: 3/20 complete; 6 active
PARALLEL PROGRESS: 3/20 complete; 6 active
PARALLEL PROGRESS: 3/20 complete; 6 active
PARALLEL PROGRESS: 3/20 complete; 6 active
PARALLEL PROGRESS: 3/20 complete; 6 active
PARALLEL PROGRESS: 3/20 complete; 6 active
PARALLEL PROGRESS: 3/20 complete; 6 active
PARALLEL PROGRESS: 3/20 complete; 6 active
PARALLEL PROGRESS: 3/20 complete; 6 active
PARALLEL PROGRESS: 3/20 complete; 6 active
PARALLEL PROGRESS: 3/20 complete; 6 active
PARALLEL PROGRESS: 3/20 complete; 6 active
PARALLEL PROGRESS: 3/20 complete; 6 active
PARALLEL PROGRESS: 3/20 complete; 6 active
PARALLEL PROGRESS: 3/20 complete; 6 active
PARALLEL PROGRESS: 3/20 complete; 6 active
PARALLEL PROGRESS: 3/20 complete; 6 active
PARALLEL PROGRESS: 3/20 complete; 6 active
PARALLEL PROGRESS: 3/20 complete; 6 active
PARALLEL PROGRESS: 3/20 complete; 6 active
PARALLEL PROGRESS: 3/20 complete; 6 active
PARALLEL PROGRESS: 3/20 complete; 6 active
PARALLEL PROGRESS: 3/20 complete; 6 active
PARALLEL PROGRESS: 3/20 complete; 6 active
PARALLEL PROGRESS: 3/20 complete; 6 active
PARALLEL PROGRESS: 3/20 complete; 6 active
PARALLEL PROGRESS: 3/20 complete; 6 active
PARALLEL PROGRESS: 3/20 complete; 6 active
PARALLEL PROGRESS: 3/20 complete; 6 active
PARALLEL PROGRESS: 3/20 complete; 6 active
PARALLEL PROGRESS: 3/20 complete; 6 active
PARALLEL PROGRESS: 3/20 complete; 6 active
PARALLEL PROGRESS: 3/20 complete; 6 active
FINISH JOB 3/20 (4 complete)
START JOB 10/20 GPU=GPU-fafeb67a-12cd-a2e4-9aeb-997a485c815a LOG=/home/yqt/XuanyiLi/RL-for-charging/revision_results/experiment_5_gpu_parallel_2500_5seeds_90s/20260925_124626_463187/parallel_generalization_jobs/job_0009/worker.log
PARALLEL PROGRESS: 4/20 complete; 6 active
PARALLEL PROGRESS: 4/20 complete; 6 active
PARALLEL PROGRESS: 4/20 complete; 6 active
PARALLEL PROGRESS: 4/20 complete; 6 active
PARALLEL PROGRESS: 4/20 complete; 6 active
PARALLEL PROGRESS: 4/20 complete; 6 active
PARALLEL PROGRESS: 4/20 complete; 6 active
PARALLEL PROGRESS: 4/20 complete; 6 active
PARALLEL PROGRESS: 4/20 complete; 6 active
PARALLEL PROGRESS: 4/20 complete; 6 active
PARALLEL PROGRESS: 4/20 complete; 6 active
PARALLEL PROGRESS: 4/20 complete; 6 active
PARALLEL PROGRESS: 4/20 complete; 6 active
FINISH JOB 2/20 (5 complete)
START JOB 11/20 GPU=GPU-780afb7e-e486-5609-c993-3e516926bbe4 LOG=/home/yqt/XuanyiLi/RL-for-charging/revision_results/experiment_5_gpu_parallel_2500_5seeds_90s/20260925_124626_463187/parallel_generalization_jobs/job_0010/worker.log
PARALLEL PROGRESS: 5/20 complete; 6 active
PARALLEL PROGRESS: 5/20 complete; 6 active
PARALLEL PROGRESS: 5/20 complete; 6 active
PARALLEL PROGRESS: 5/20 complete; 6 active
PARALLEL PROGRESS: 5/20 complete; 6 active
PARALLEL PROGRESS: 5/20 complete; 6 active
PARALLEL PROGRESS: 5/20 complete; 6 active
PARALLEL PROGRESS: 5/20 complete; 6 active
PARALLEL PROGRESS: 5/20 complete; 6 active
PARALLEL PROGRESS: 5/20 complete; 6 active
PARALLEL PROGRESS: 5/20 complete; 6 active
PARALLEL PROGRESS: 5/20 complete; 6 active
PARALLEL PROGRESS: 5/20 complete; 6 active
PARALLEL PROGRESS: 5/20 complete; 6 active
PARALLEL PROGRESS: 5/20 complete; 6 active
PARALLEL PROGRESS: 5/20 complete; 6 active
PARALLEL PROGRESS: 5/20 complete; 6 active
PARALLEL PROGRESS: 5/20 complete; 6 active
PARALLEL PROGRESS: 5/20 complete; 6 active
PARALLEL PROGRESS: 5/20 complete; 6 active
PARALLEL PROGRESS: 5/20 complete; 6 active
PARALLEL PROGRESS: 5/20 complete; 6 active
PARALLEL PROGRESS: 5/20 complete; 6 active
PARALLEL PROGRESS: 5/20 complete; 6 active
PARALLEL PROGRESS: 5/20 complete; 6 active
PARALLEL PROGRESS: 5/20 complete; 6 active
PARALLEL PROGRESS: 5/20 complete; 6 active
PARALLEL PROGRESS: 5/20 complete; 6 active
PARALLEL PROGRESS: 5/20 complete; 6 active
PARALLEL PROGRESS: 5/20 complete; 6 active
PARALLEL PROGRESS: 5/20 complete; 6 active
PARALLEL PROGRESS: 5/20 complete; 6 active
PARALLEL PROGRESS: 5/20 complete; 6 active
PARALLEL PROGRESS: 5/20 complete; 6 active
PARALLEL PROGRESS: 5/20 complete; 6 active
PARALLEL PROGRESS: 5/20 complete; 6 active
PARALLEL PROGRESS: 5/20 complete; 6 active
PARALLEL PROGRESS: 5/20 complete; 6 active
PARALLEL PROGRESS: 5/20 complete; 6 active
PARALLEL PROGRESS: 5/20 complete; 6 active
PARALLEL PROGRESS: 5/20 complete; 6 active
PARALLEL PROGRESS: 5/20 complete; 6 active
PARALLEL PROGRESS: 5/20 complete; 6 active
PARALLEL PROGRESS: 5/20 complete; 6 active
PARALLEL PROGRESS: 5/20 complete; 6 active
PARALLEL PROGRESS: 5/20 complete; 6 active
PARALLEL PROGRESS: 5/20 complete; 6 active
PARALLEL PROGRESS: 5/20 complete; 6 active
PARALLEL PROGRESS: 5/20 complete; 6 active
PARALLEL PROGRESS: 5/20 complete; 6 active
PARALLEL PROGRESS: 5/20 complete; 6 active
FINISH JOB 6/20 (6 complete)
START JOB 12/20 GPU=GPU-780afb7e-e486-5609-c993-3e516926bbe4 LOG=/home/yqt/XuanyiLi/RL-for-charging/revision_results/experiment_5_gpu_parallel_2500_5seeds_90s/20260925_124626_463187/parallel_generalization_jobs/job_0011/worker.log
PARALLEL PROGRESS: 6/20 complete; 6 active
PARALLEL PROGRESS: 6/20 complete; 6 active
PARALLEL PROGRESS: 6/20 complete; 6 active
PARALLEL PROGRESS: 6/20 complete; 6 active
PARALLEL PROGRESS: 6/20 complete; 6 active
PARALLEL PROGRESS: 6/20 complete; 6 active
PARALLEL PROGRESS: 6/20 complete; 6 active
PARALLEL PROGRESS: 6/20 complete; 6 active
PARALLEL PROGRESS: 6/20 complete; 6 active
PARALLEL PROGRESS: 6/20 complete; 6 active
PARALLEL PROGRESS: 6/20 complete; 6 active
PARALLEL PROGRESS: 6/20 complete; 6 active
PARALLEL PROGRESS: 6/20 complete; 6 active
PARALLEL PROGRESS: 6/20 complete; 6 active
PARALLEL PROGRESS: 6/20 complete; 6 active
PARALLEL PROGRESS: 6/20 complete; 6 active
PARALLEL PROGRESS: 6/20 complete; 6 active
PARALLEL PROGRESS: 6/20 complete; 6 active
PARALLEL PROGRESS: 6/20 complete; 6 active
PARALLEL PROGRESS: 6/20 complete; 6 active
PARALLEL PROGRESS: 6/20 complete; 6 active
PARALLEL PROGRESS: 6/20 complete; 6 active
PARALLEL PROGRESS: 6/20 complete; 6 active
PARALLEL PROGRESS: 6/20 complete; 6 active
PARALLEL PROGRESS: 6/20 complete; 6 active
PARALLEL PROGRESS: 6/20 complete; 6 active
PARALLEL PROGRESS: 6/20 complete; 6 active
PARALLEL PROGRESS: 6/20 complete; 6 active
PARALLEL PROGRESS: 6/20 complete; 6 active
PARALLEL PROGRESS: 6/20 complete; 6 active
PARALLEL PROGRESS: 6/20 complete; 6 active
PARALLEL PROGRESS: 6/20 complete; 6 active
PARALLEL PROGRESS: 6/20 complete; 6 active
PARALLEL PROGRESS: 6/20 complete; 6 active
PARALLEL PROGRESS: 6/20 complete; 6 active
PARALLEL PROGRESS: 6/20 complete; 6 active
PARALLEL PROGRESS: 6/20 complete; 6 active
PARALLEL PROGRESS: 6/20 complete; 6 active
PARALLEL PROGRESS: 6/20 complete; 6 active
PARALLEL PROGRESS: 6/20 complete; 6 active
PARALLEL PROGRESS: 6/20 complete; 6 active
PARALLEL PROGRESS: 6/20 complete; 6 active
PARALLEL PROGRESS: 6/20 complete; 6 active
PARALLEL PROGRESS: 6/20 complete; 6 active
PARALLEL PROGRESS: 6/20 complete; 6 active
PARALLEL PROGRESS: 6/20 complete; 6 active
PARALLEL PROGRESS: 6/20 complete; 6 active
PARALLEL PROGRESS: 6/20 complete; 6 active
PARALLEL PROGRESS: 6/20 complete; 6 active
PARALLEL PROGRESS: 6/20 complete; 6 active
PARALLEL PROGRESS: 6/20 complete; 6 active
PARALLEL PROGRESS: 6/20 complete; 6 active
PARALLEL PROGRESS: 6/20 complete; 6 active
PARALLEL PROGRESS: 6/20 complete; 6 active
PARALLEL PROGRESS: 6/20 complete; 6 active
PARALLEL PROGRESS: 6/20 complete; 6 active
PARALLEL PROGRESS: 6/20 complete; 6 active
PARALLEL PROGRESS: 6/20 complete; 6 active
PARALLEL PROGRESS: 6/20 complete; 6 active
PARALLEL PROGRESS: 6/20 complete; 6 active
PARALLEL PROGRESS: 6/20 complete; 6 active
PARALLEL PROGRESS: 6/20 complete; 6 active
PARALLEL PROGRESS: 6/20 complete; 6 active
PARALLEL PROGRESS: 6/20 complete; 6 active
PARALLEL PROGRESS: 6/20 complete; 6 active
PARALLEL PROGRESS: 6/20 complete; 6 active
PARALLEL PROGRESS: 6/20 complete; 6 active
PARALLEL PROGRESS: 6/20 complete; 6 active
PARALLEL PROGRESS: 6/20 complete; 6 active
PARALLEL PROGRESS: 6/20 complete; 6 active
PARALLEL PROGRESS: 6/20 complete; 6 active
PARALLEL PROGRESS: 6/20 complete; 6 active
PARALLEL PROGRESS: 6/20 complete; 6 active
PARALLEL PROGRESS: 6/20 complete; 6 active
PARALLEL PROGRESS: 6/20 complete; 6 active
PARALLEL PROGRESS: 6/20 complete; 6 active
PARALLEL PROGRESS: 6/20 complete; 6 active
PARALLEL PROGRESS: 6/20 complete; 6 active
PARALLEL PROGRESS: 6/20 complete; 6 active
PARALLEL PROGRESS: 6/20 complete; 6 active
PARALLEL PROGRESS: 6/20 complete; 6 active
PARALLEL PROGRESS: 6/20 complete; 6 active
PARALLEL PROGRESS: 6/20 complete; 6 active
PARALLEL PROGRESS: 6/20 complete; 6 active
PARALLEL PROGRESS: 6/20 complete; 6 active
PARALLEL PROGRESS: 6/20 complete; 6 active
PARALLEL PROGRESS: 6/20 complete; 6 active
PARALLEL PROGRESS: 6/20 complete; 6 active
PARALLEL PROGRESS: 6/20 complete; 6 active
PARALLEL PROGRESS: 6/20 complete; 6 active
PARALLEL PROGRESS: 6/20 complete; 6 active
PARALLEL PROGRESS: 6/20 complete; 6 active
PARALLEL PROGRESS: 6/20 complete; 6 active
PARALLEL PROGRESS: 6/20 complete; 6 active
PARALLEL PROGRESS: 6/20 complete; 6 active
PARALLEL PROGRESS: 6/20 complete; 6 active
PARALLEL PROGRESS: 6/20 complete; 6 active
PARALLEL PROGRESS: 6/20 complete; 6 active
PARALLEL PROGRESS: 6/20 complete; 6 active
PARALLEL PROGRESS: 6/20 complete; 6 active
PARALLEL PROGRESS: 6/20 complete; 6 active
PARALLEL PROGRESS: 6/20 complete; 6 active
PARALLEL PROGRESS: 6/20 complete; 6 active
PARALLEL PROGRESS: 6/20 complete; 6 active
PARALLEL PROGRESS: 6/20 complete; 6 active
PARALLEL PROGRESS: 6/20 complete; 6 active
PARALLEL PROGRESS: 6/20 complete; 6 active
PARALLEL PROGRESS: 6/20 complete; 6 active
PARALLEL PROGRESS: 6/20 complete; 6 active
PARALLEL PROGRESS: 6/20 complete; 6 active
PARALLEL PROGRESS: 6/20 complete; 6 active
PARALLEL PROGRESS: 6/20 complete; 6 active
PARALLEL PROGRESS: 6/20 complete; 6 active
PARALLEL PROGRESS: 6/20 complete; 6 active
PARALLEL PROGRESS: 6/20 complete; 6 active
PARALLEL PROGRESS: 6/20 complete; 6 active
PARALLEL PROGRESS: 6/20 complete; 6 active
PARALLEL PROGRESS: 6/20 complete; 6 active
PARALLEL PROGRESS: 6/20 complete; 6 active
PARALLEL PROGRESS: 6/20 complete; 6 active
PARALLEL PROGRESS: 6/20 complete; 6 active
PARALLEL PROGRESS: 6/20 complete; 6 active
PARALLEL PROGRESS: 6/20 complete; 6 active
PARALLEL PROGRESS: 6/20 complete; 6 active
PARALLEL PROGRESS: 6/20 complete; 6 active
PARALLEL PROGRESS: 6/20 complete; 6 active
PARALLEL PROGRESS: 6/20 complete; 6 active
PARALLEL PROGRESS: 6/20 complete; 6 active
PARALLEL PROGRESS: 6/20 complete; 6 active
PARALLEL PROGRESS: 6/20 complete; 6 active
PARALLEL PROGRESS: 6/20 complete; 6 active
PARALLEL PROGRESS: 6/20 complete; 6 active
PARALLEL PROGRESS: 6/20 complete; 6 active
PARALLEL PROGRESS: 6/20 complete; 6 active
PARALLEL PROGRESS: 6/20 complete; 6 active
PARALLEL PROGRESS: 6/20 complete; 6 active
PARALLEL PROGRESS: 6/20 complete; 6 active
PARALLEL PROGRESS: 6/20 complete; 6 active
PARALLEL PROGRESS: 6/20 complete; 6 active
PARALLEL PROGRESS: 6/20 complete; 6 active
PARALLEL PROGRESS: 6/20 complete; 6 active
PARALLEL PROGRESS: 6/20 complete; 6 active
PARALLEL PROGRESS: 6/20 complete; 6 active
PARALLEL PROGRESS: 6/20 complete; 6 active
PARALLEL PROGRESS: 6/20 complete; 6 active
PARALLEL PROGRESS: 6/20 complete; 6 active
PARALLEL PROGRESS: 6/20 complete; 6 active
PARALLEL PROGRESS: 6/20 complete; 6 active
PARALLEL PROGRESS: 6/20 complete; 6 active
PARALLEL PROGRESS: 6/20 complete; 6 active
PARALLEL PROGRESS: 6/20 complete; 6 active
PARALLEL PROGRESS: 6/20 complete; 6 active
PARALLEL PROGRESS: 6/20 complete; 6 active
PARALLEL PROGRESS: 6/20 complete; 6 active
PARALLEL PROGRESS: 6/20 complete; 6 active
PARALLEL PROGRESS: 6/20 complete; 6 active
PARALLEL PROGRESS: 6/20 complete; 6 active
PARALLEL PROGRESS: 6/20 complete; 6 active
PARALLEL PROGRESS: 6/20 complete; 6 active
PARALLEL PROGRESS: 6/20 complete; 6 active
PARALLEL PROGRESS: 6/20 complete; 6 active
PARALLEL PROGRESS: 6/20 complete; 6 active
PARALLEL PROGRESS: 6/20 complete; 6 active
PARALLEL PROGRESS: 6/20 complete; 6 active
PARALLEL PROGRESS: 6/20 complete; 6 active
PARALLEL PROGRESS: 6/20 complete; 6 active
PARALLEL PROGRESS: 6/20 complete; 6 active
PARALLEL PROGRESS: 6/20 complete; 6 active
PARALLEL PROGRESS: 6/20 complete; 6 active
PARALLEL PROGRESS: 6/20 complete; 6 active
PARALLEL PROGRESS: 6/20 complete; 6 active
PARALLEL PROGRESS: 6/20 complete; 6 active
PARALLEL PROGRESS: 6/20 complete; 6 active
PARALLEL PROGRESS: 6/20 complete; 6 active
PARALLEL PROGRESS: 6/20 complete; 6 active
PARALLEL PROGRESS: 6/20 complete; 6 active
PARALLEL PROGRESS: 6/20 complete; 6 active
PARALLEL PROGRESS: 6/20 complete; 6 active
PARALLEL PROGRESS: 6/20 complete; 6 active
PARALLEL PROGRESS: 6/20 complete; 6 active
PARALLEL PROGRESS: 6/20 complete; 6 active
PARALLEL PROGRESS: 6/20 complete; 6 active
PARALLEL PROGRESS: 6/20 complete; 6 active
PARALLEL PROGRESS: 6/20 complete; 6 active
PARALLEL PROGRESS: 6/20 complete; 6 active
PARALLEL PROGRESS: 6/20 complete; 6 active
PARALLEL PROGRESS: 6/20 complete; 6 active
PARALLEL PROGRESS: 6/20 complete; 6 active
PARALLEL PROGRESS: 6/20 complete; 6 active
PARALLEL PROGRESS: 6/20 complete; 6 active
PARALLEL PROGRESS: 6/20 complete; 6 active
PARALLEL PROGRESS: 6/20 complete; 6 active
PARALLEL PROGRESS: 6/20 complete; 6 active
PARALLEL PROGRESS: 6/20 complete; 6 active
PARALLEL PROGRESS: 6/20 complete; 6 active
PARALLEL PROGRESS: 6/20 complete; 6 active
PARALLEL PROGRESS: 6/20 complete; 6 active
PARALLEL PROGRESS: 6/20 complete; 6 active
PARALLEL PROGRESS: 6/20 complete; 6 active
PARALLEL PROGRESS: 6/20 complete; 6 active
PARALLEL PROGRESS: 6/20 complete; 6 active
PARALLEL PROGRESS: 6/20 complete; 6 active
PARALLEL PROGRESS: 6/20 complete; 6 active
PARALLEL PROGRESS: 6/20 complete; 6 active
PARALLEL PROGRESS: 6/20 complete; 6 active
PARALLEL PROGRESS: 6/20 complete; 6 active
PARALLEL PROGRESS: 6/20 complete; 6 active
PARALLEL PROGRESS: 6/20 complete; 6 active
PARALLEL PROGRESS: 6/20 complete; 6 active
PARALLEL PROGRESS: 6/20 complete; 6 active
PARALLEL PROGRESS: 6/20 complete; 6 active
PARALLEL PROGRESS: 6/20 complete; 6 active
PARALLEL PROGRESS: 6/20 complete; 6 active
PARALLEL PROGRESS: 6/20 complete; 6 active
PARALLEL PROGRESS: 6/20 complete; 6 active
PARALLEL PROGRESS: 6/20 complete; 6 active
PARALLEL PROGRESS: 6/20 complete; 6 active
PARALLEL PROGRESS: 6/20 complete; 6 active
PARALLEL PROGRESS: 6/20 complete; 6 active
PARALLEL PROGRESS: 6/20 complete; 6 active
PARALLEL PROGRESS: 6/20 complete; 6 active
PARALLEL PROGRESS: 6/20 complete; 6 active
PARALLEL PROGRESS: 6/20 complete; 6 active
PARALLEL PROGRESS: 6/20 complete; 6 active
PARALLEL PROGRESS: 6/20 complete; 6 active
PARALLEL PROGRESS: 6/20 complete; 6 active
PARALLEL PROGRESS: 6/20 complete; 6 active
PARALLEL PROGRESS: 6/20 complete; 6 active
PARALLEL PROGRESS: 6/20 complete; 6 active
PARALLEL PROGRESS: 6/20 complete; 6 active
PARALLEL PROGRESS: 6/20 complete; 6 active
PARALLEL PROGRESS: 6/20 complete; 6 active
PARALLEL PROGRESS: 6/20 complete; 6 active
PARALLEL PROGRESS: 6/20 complete; 6 active
PARALLEL PROGRESS: 6/20 complete; 6 active
PARALLEL PROGRESS: 6/20 complete; 6 active
PARALLEL PROGRESS: 6/20 complete; 6 active
PARALLEL PROGRESS: 6/20 complete; 6 active
PARALLEL PROGRESS: 6/20 complete; 6 active
PARALLEL PROGRESS: 6/20 complete; 6 active
PARALLEL PROGRESS: 6/20 complete; 6 active
PARALLEL PROGRESS: 6/20 complete; 6 active
PARALLEL PROGRESS: 6/20 complete; 6 active
PARALLEL PROGRESS: 6/20 complete; 6 active
PARALLEL PROGRESS: 6/20 complete; 6 active
PARALLEL PROGRESS: 6/20 complete; 6 active
PARALLEL PROGRESS: 6/20 complete; 6 active
PARALLEL PROGRESS: 6/20 complete; 6 active
PARALLEL PROGRESS: 6/20 complete; 6 active
PARALLEL PROGRESS: 6/20 complete; 6 active
PARALLEL PROGRESS: 6/20 complete; 6 active
PARALLEL PROGRESS: 6/20 complete; 6 active
PARALLEL PROGRESS: 6/20 complete; 6 active
PARALLEL PROGRESS: 6/20 complete; 6 active
PARALLEL PROGRESS: 6/20 complete; 6 active
PARALLEL PROGRESS: 6/20 complete; 6 active
PARALLEL PROGRESS: 6/20 complete; 6 active
PARALLEL PROGRESS: 6/20 complete; 6 active
PARALLEL PROGRESS: 6/20 complete; 6 active
PARALLEL PROGRESS: 6/20 complete; 6 active
PARALLEL PROGRESS: 6/20 complete; 6 active
PARALLEL PROGRESS: 6/20 complete; 6 active
PARALLEL PROGRESS: 6/20 complete; 6 active
PARALLEL PROGRESS: 6/20 complete; 6 active
PARALLEL PROGRESS: 6/20 complete; 6 active
PARALLEL PROGRESS: 6/20 complete; 6 active
PARALLEL PROGRESS: 6/20 complete; 6 active
PARALLEL PROGRESS: 6/20 complete; 6 active
PARALLEL PROGRESS: 6/20 complete; 6 active
PARALLEL PROGRESS: 6/20 complete; 6 active
PARALLEL PROGRESS: 6/20 complete; 6 active
PARALLEL PROGRESS: 6/20 complete; 6 active
PARALLEL PROGRESS: 6/20 complete; 6 active
PARALLEL PROGRESS: 6/20 complete; 6 active
PARALLEL PROGRESS: 6/20 complete; 6 active
PARALLEL PROGRESS: 6/20 complete; 6 active
PARALLEL PROGRESS: 6/20 complete; 6 active
PARALLEL PROGRESS: 6/20 complete; 6 active
PARALLEL PROGRESS: 6/20 complete; 6 active
PARALLEL PROGRESS: 6/20 complete; 6 active
PARALLEL PROGRESS: 6/20 complete; 6 active
PARALLEL PROGRESS: 6/20 complete; 6 active
PARALLEL PROGRESS: 6/20 complete; 6 active
PARALLEL PROGRESS: 6/20 complete; 6 active
PARALLEL PROGRESS: 6/20 complete; 6 active
PARALLEL PROGRESS: 6/20 complete; 6 active
PARALLEL PROGRESS: 6/20 complete; 6 active
PARALLEL PROGRESS: 6/20 complete; 6 active
PARALLEL PROGRESS: 6/20 complete; 6 active
PARALLEL PROGRESS: 6/20 complete; 6 active
PARALLEL PROGRESS: 6/20 complete; 6 active
PARALLEL PROGRESS: 6/20 complete; 6 active
PARALLEL PROGRESS: 6/20 complete; 6 active
PARALLEL PROGRESS: 6/20 complete; 6 active
PARALLEL PROGRESS: 6/20 complete; 6 active
PARALLEL PROGRESS: 6/20 complete; 6 active
PARALLEL PROGRESS: 6/20 complete; 6 active
PARALLEL PROGRESS: 6/20 complete; 6 active
PARALLEL PROGRESS: 6/20 complete; 6 active
PARALLEL PROGRESS: 6/20 complete; 6 active
PARALLEL PROGRESS: 6/20 complete; 6 active
PARALLEL PROGRESS: 6/20 complete; 6 active
PARALLEL PROGRESS: 6/20 complete; 6 active
PARALLEL PROGRESS: 6/20 complete; 6 active
PARALLEL PROGRESS: 6/20 complete; 6 active
PARALLEL PROGRESS: 6/20 complete; 6 active
PARALLEL PROGRESS: 6/20 complete; 6 active
PARALLEL PROGRESS: 6/20 complete; 6 active
PARALLEL PROGRESS: 6/20 complete; 6 active
PARALLEL PROGRESS: 6/20 complete; 6 active
PARALLEL PROGRESS: 6/20 complete; 6 active
PARALLEL PROGRESS: 6/20 complete; 6 active
PARALLEL PROGRESS: 6/20 complete; 6 active
PARALLEL PROGRESS: 6/20 complete; 6 active
PARALLEL PROGRESS: 6/20 complete; 6 active
PARALLEL PROGRESS: 6/20 complete; 6 active
PARALLEL PROGRESS: 6/20 complete; 6 active
PARALLEL PROGRESS: 6/20 complete; 6 active
PARALLEL PROGRESS: 6/20 complete; 6 active
PARALLEL PROGRESS: 6/20 complete; 6 active
PARALLEL PROGRESS: 6/20 complete; 6 active
PARALLEL PROGRESS: 6/20 complete; 6 active
PARALLEL PROGRESS: 6/20 complete; 6 active
PARALLEL PROGRESS: 6/20 complete; 6 active
PARALLEL PROGRESS: 6/20 complete; 6 active
PARALLEL PROGRESS: 6/20 complete; 6 active
PARALLEL PROGRESS: 6/20 complete; 6 active
PARALLEL PROGRESS: 6/20 complete; 6 active
PARALLEL PROGRESS: 6/20 complete; 6 active
PARALLEL PROGRESS: 6/20 complete; 6 active
PARALLEL PROGRESS: 6/20 complete; 6 active
PARALLEL PROGRESS: 6/20 complete; 6 active
PARALLEL PROGRESS: 6/20 complete; 6 active
PARALLEL PROGRESS: 6/20 complete; 6 active
PARALLEL PROGRESS: 6/20 complete; 6 active
PARALLEL PROGRESS: 6/20 complete; 6 active
PARALLEL PROGRESS: 6/20 complete; 6 active
PARALLEL PROGRESS: 6/20 complete; 6 active
PARALLEL PROGRESS: 6/20 complete; 6 active
PARALLEL PROGRESS: 6/20 complete; 6 active
PARALLEL PROGRESS: 6/20 complete; 6 active
PARALLEL PROGRESS: 6/20 complete; 6 active
PARALLEL PROGRESS: 6/20 complete; 6 active
PARALLEL PROGRESS: 6/20 complete; 6 active
PARALLEL PROGRESS: 6/20 complete; 6 active
FINISH JOB 8/20 (7 complete)
START JOB 13/20 GPU=GPU-780afb7e-e486-5609-c993-3e516926bbe4 LOG=/home/yqt/XuanyiLi/RL-for-charging/revision_results/experiment_5_gpu_parallel_2500_5seeds_90s/20260925_124626_463187/parallel_generalization_jobs/job_0012/worker.log
PARALLEL PROGRESS: 7/20 complete; 6 active
PARALLEL PROGRESS: 7/20 complete; 6 active
PARALLEL PROGRESS: 7/20 complete; 6 active
PARALLEL PROGRESS: 7/20 complete; 6 active
PARALLEL PROGRESS: 7/20 complete; 6 active
PARALLEL PROGRESS: 7/20 complete; 6 active
PARALLEL PROGRESS: 7/20 complete; 6 active
PARALLEL PROGRESS: 7/20 complete; 6 active
PARALLEL PROGRESS: 7/20 complete; 6 active
PARALLEL PROGRESS: 7/20 complete; 6 active
PARALLEL PROGRESS: 7/20 complete; 6 active
PARALLEL PROGRESS: 7/20 complete; 6 active
PARALLEL PROGRESS: 7/20 complete; 6 active
PARALLEL PROGRESS: 7/20 complete; 6 active
PARALLEL PROGRESS: 7/20 complete; 6 active
PARALLEL PROGRESS: 7/20 complete; 6 active
PARALLEL PROGRESS: 7/20 complete; 6 active
PARALLEL PROGRESS: 7/20 complete; 6 active
PARALLEL PROGRESS: 7/20 complete; 6 active
PARALLEL PROGRESS: 7/20 complete; 6 active
PARALLEL PROGRESS: 7/20 complete; 6 active
PARALLEL PROGRESS: 7/20 complete; 6 active
PARALLEL PROGRESS: 7/20 complete; 6 active
PARALLEL PROGRESS: 7/20 complete; 6 active
PARALLEL PROGRESS: 7/20 complete; 6 active
PARALLEL PROGRESS: 7/20 complete; 6 active
PARALLEL PROGRESS: 7/20 complete; 6 active
PARALLEL PROGRESS: 7/20 complete; 6 active
PARALLEL PROGRESS: 7/20 complete; 6 active
PARALLEL PROGRESS: 7/20 complete; 6 active
PARALLEL PROGRESS: 7/20 complete; 6 active
PARALLEL PROGRESS: 7/20 complete; 6 active
PARALLEL PROGRESS: 7/20 complete; 6 active
PARALLEL PROGRESS: 7/20 complete; 6 active
PARALLEL PROGRESS: 7/20 complete; 6 active
PARALLEL PROGRESS: 7/20 complete; 6 active
PARALLEL PROGRESS: 7/20 complete; 6 active
PARALLEL PROGRESS: 7/20 complete; 6 active
PARALLEL PROGRESS: 7/20 complete; 6 active
PARALLEL PROGRESS: 7/20 complete; 6 active
PARALLEL PROGRESS: 7/20 complete; 6 active
PARALLEL PROGRESS: 7/20 complete; 6 active
PARALLEL PROGRESS: 7/20 complete; 6 active
PARALLEL PROGRESS: 7/20 complete; 6 active
PARALLEL PROGRESS: 7/20 complete; 6 active
PARALLEL PROGRESS: 7/20 complete; 6 active
PARALLEL PROGRESS: 7/20 complete; 6 active
PARALLEL PROGRESS: 7/20 complete; 6 active
PARALLEL PROGRESS: 7/20 complete; 6 active
PARALLEL PROGRESS: 7/20 complete; 6 active
PARALLEL PROGRESS: 7/20 complete; 6 active
PARALLEL PROGRESS: 7/20 complete; 6 active
PARALLEL PROGRESS: 7/20 complete; 6 active
PARALLEL PROGRESS: 7/20 complete; 6 active
PARALLEL PROGRESS: 7/20 complete; 6 active
PARALLEL PROGRESS: 7/20 complete; 6 active
PARALLEL PROGRESS: 7/20 complete; 6 active
PARALLEL PROGRESS: 7/20 complete; 6 active
PARALLEL PROGRESS: 7/20 complete; 6 active
PARALLEL PROGRESS: 7/20 complete; 6 active
PARALLEL PROGRESS: 7/20 complete; 6 active
PARALLEL PROGRESS: 7/20 complete; 6 active
PARALLEL PROGRESS: 7/20 complete; 6 active
PARALLEL PROGRESS: 7/20 complete; 6 active
PARALLEL PROGRESS: 7/20 complete; 6 active
PARALLEL PROGRESS: 7/20 complete; 6 active
PARALLEL PROGRESS: 7/20 complete; 6 active
PARALLEL PROGRESS: 7/20 complete; 6 active
PARALLEL PROGRESS: 7/20 complete; 6 active
PARALLEL PROGRESS: 7/20 complete; 6 active
PARALLEL PROGRESS: 7/20 complete; 6 active
PARALLEL PROGRESS: 7/20 complete; 6 active
PARALLEL PROGRESS: 7/20 complete; 6 active
PARALLEL PROGRESS: 7/20 complete; 6 active
FINISH JOB 7/20 (8 complete)
START JOB 14/20 GPU=GPU-fafeb67a-12cd-a2e4-9aeb-997a485c815a LOG=/home/yqt/XuanyiLi/RL-for-charging/revision_results/experiment_5_gpu_parallel_2500_5seeds_90s/20260925_124626_463187/parallel_generalization_jobs/job_0013/worker.log
PARALLEL PROGRESS: 8/20 complete; 6 active
PARALLEL PROGRESS: 8/20 complete; 6 active
PARALLEL PROGRESS: 8/20 complete; 6 active
PARALLEL PROGRESS: 8/20 complete; 6 active
PARALLEL PROGRESS: 8/20 complete; 6 active
PARALLEL PROGRESS: 8/20 complete; 6 active
PARALLEL PROGRESS: 8/20 complete; 6 active
PARALLEL PROGRESS: 8/20 complete; 6 active
PARALLEL PROGRESS: 8/20 complete; 6 active
PARALLEL PROGRESS: 8/20 complete; 6 active
PARALLEL PROGRESS: 8/20 complete; 6 active
PARALLEL PROGRESS: 8/20 complete; 6 active
PARALLEL PROGRESS: 8/20 complete; 6 active
PARALLEL PROGRESS: 8/20 complete; 6 active
PARALLEL PROGRESS: 8/20 complete; 6 active
PARALLEL PROGRESS: 8/20 complete; 6 active
PARALLEL PROGRESS: 8/20 complete; 6 active
PARALLEL PROGRESS: 8/20 complete; 6 active
PARALLEL PROGRESS: 8/20 complete; 6 active
PARALLEL PROGRESS: 8/20 complete; 6 active
PARALLEL PROGRESS: 8/20 complete; 6 active
PARALLEL PROGRESS: 8/20 complete; 6 active
PARALLEL PROGRESS: 8/20 complete; 6 active
PARALLEL PROGRESS: 8/20 complete; 6 active
PARALLEL PROGRESS: 8/20 complete; 6 active
PARALLEL PROGRESS: 8/20 complete; 6 active
PARALLEL PROGRESS: 8/20 complete; 6 active
PARALLEL PROGRESS: 8/20 complete; 6 active
PARALLEL PROGRESS: 8/20 complete; 6 active
PARALLEL PROGRESS: 8/20 complete; 6 active
PARALLEL PROGRESS: 8/20 complete; 6 active
PARALLEL PROGRESS: 8/20 complete; 6 active
PARALLEL PROGRESS: 8/20 complete; 6 active
PARALLEL PROGRESS: 8/20 complete; 6 active
PARALLEL PROGRESS: 8/20 complete; 6 active
PARALLEL PROGRESS: 8/20 complete; 6 active
PARALLEL PROGRESS: 8/20 complete; 6 active
PARALLEL PROGRESS: 8/20 complete; 6 active
PARALLEL PROGRESS: 8/20 complete; 6 active
PARALLEL PROGRESS: 8/20 complete; 6 active
PARALLEL PROGRESS: 8/20 complete; 6 active
PARALLEL PROGRESS: 8/20 complete; 6 active
PARALLEL PROGRESS: 8/20 complete; 6 active
PARALLEL PROGRESS: 8/20 complete; 6 active
PARALLEL PROGRESS: 8/20 complete; 6 active
PARALLEL PROGRESS: 8/20 complete; 6 active
PARALLEL PROGRESS: 8/20 complete; 6 active
PARALLEL PROGRESS: 8/20 complete; 6 active
PARALLEL PROGRESS: 8/20 complete; 6 active
PARALLEL PROGRESS: 8/20 complete; 6 active
PARALLEL PROGRESS: 8/20 complete; 6 active
PARALLEL PROGRESS: 8/20 complete; 6 active
PARALLEL PROGRESS: 8/20 complete; 6 active
PARALLEL PROGRESS: 8/20 complete; 6 active
PARALLEL PROGRESS: 8/20 complete; 6 active
FINISH JOB 11/20 (9 complete)
START JOB 15/20 GPU=GPU-780afb7e-e486-5609-c993-3e516926bbe4 LOG=/home/yqt/XuanyiLi/RL-for-charging/revision_results/experiment_5_gpu_parallel_2500_5seeds_90s/20260925_124626_463187/parallel_generalization_jobs/job_0014/worker.log
PARALLEL PROGRESS: 9/20 complete; 6 active
PARALLEL PROGRESS: 9/20 complete; 6 active
PARALLEL PROGRESS: 9/20 complete; 6 active
PARALLEL PROGRESS: 9/20 complete; 6 active
PARALLEL PROGRESS: 9/20 complete; 6 active
PARALLEL PROGRESS: 9/20 complete; 6 active
PARALLEL PROGRESS: 9/20 complete; 6 active
PARALLEL PROGRESS: 9/20 complete; 6 active
PARALLEL PROGRESS: 9/20 complete; 6 active
PARALLEL PROGRESS: 9/20 complete; 6 active
PARALLEL PROGRESS: 9/20 complete; 6 active
PARALLEL PROGRESS: 9/20 complete; 6 active
PARALLEL PROGRESS: 9/20 complete; 6 active
PARALLEL PROGRESS: 9/20 complete; 6 active
PARALLEL PROGRESS: 9/20 complete; 6 active
PARALLEL PROGRESS: 9/20 complete; 6 active
PARALLEL PROGRESS: 9/20 complete; 6 active
PARALLEL PROGRESS: 9/20 complete; 6 active
PARALLEL PROGRESS: 9/20 complete; 6 active
PARALLEL PROGRESS: 9/20 complete; 6 active
PARALLEL PROGRESS: 9/20 complete; 6 active
PARALLEL PROGRESS: 9/20 complete; 6 active
PARALLEL PROGRESS: 9/20 complete; 6 active
PARALLEL PROGRESS: 9/20 complete; 6 active
PARALLEL PROGRESS: 9/20 complete; 6 active
PARALLEL PROGRESS: 9/20 complete; 6 active
PARALLEL PROGRESS: 9/20 complete; 6 active
PARALLEL PROGRESS: 9/20 complete; 6 active
PARALLEL PROGRESS: 9/20 complete; 6 active
PARALLEL PROGRESS: 9/20 complete; 6 active
PARALLEL PROGRESS: 9/20 complete; 6 active
PARALLEL PROGRESS: 9/20 complete; 6 active
PARALLEL PROGRESS: 9/20 complete; 6 active
PARALLEL PROGRESS: 9/20 complete; 6 active
PARALLEL PROGRESS: 9/20 complete; 6 active
PARALLEL PROGRESS: 9/20 complete; 6 active
PARALLEL PROGRESS: 9/20 complete; 6 active
PARALLEL PROGRESS: 9/20 complete; 6 active
PARALLEL PROGRESS: 9/20 complete; 6 active
PARALLEL PROGRESS: 9/20 complete; 6 active
PARALLEL PROGRESS: 9/20 complete; 6 active
PARALLEL PROGRESS: 9/20 complete; 6 active
PARALLEL PROGRESS: 9/20 complete; 6 active
PARALLEL PROGRESS: 9/20 complete; 6 active
PARALLEL PROGRESS: 9/20 complete; 6 active
PARALLEL PROGRESS: 9/20 complete; 6 active
PARALLEL PROGRESS: 9/20 complete; 6 active
PARALLEL PROGRESS: 9/20 complete; 6 active
PARALLEL PROGRESS: 9/20 complete; 6 active
PARALLEL PROGRESS: 9/20 complete; 6 active
PARALLEL PROGRESS: 9/20 complete; 6 active
PARALLEL PROGRESS: 9/20 complete; 6 active
FINISH JOB 9/20 (10 complete)
START JOB 16/20 GPU=GPU-fafeb67a-12cd-a2e4-9aeb-997a485c815a LOG=/home/yqt/XuanyiLi/RL-for-charging/revision_results/experiment_5_gpu_parallel_2500_5seeds_90s/20260925_124626_463187/parallel_generalization_jobs/job_0015/worker.log
PARALLEL PROGRESS: 10/20 complete; 6 active
PARALLEL PROGRESS: 10/20 complete; 6 active
PARALLEL PROGRESS: 10/20 complete; 6 active
PARALLEL PROGRESS: 10/20 complete; 6 active
PARALLEL PROGRESS: 10/20 complete; 6 active
PARALLEL PROGRESS: 10/20 complete; 6 active
PARALLEL PROGRESS: 10/20 complete; 6 active
PARALLEL PROGRESS: 10/20 complete; 6 active
PARALLEL PROGRESS: 10/20 complete; 6 active
PARALLEL PROGRESS: 10/20 complete; 6 active
PARALLEL PROGRESS: 10/20 complete; 6 active
PARALLEL PROGRESS: 10/20 complete; 6 active
PARALLEL PROGRESS: 10/20 complete; 6 active
PARALLEL PROGRESS: 10/20 complete; 6 active
PARALLEL PROGRESS: 10/20 complete; 6 active
PARALLEL PROGRESS: 10/20 complete; 6 active
PARALLEL PROGRESS: 10/20 complete; 6 active
PARALLEL PROGRESS: 10/20 complete; 6 active
PARALLEL PROGRESS: 10/20 complete; 6 active
PARALLEL PROGRESS: 10/20 complete; 6 active
PARALLEL PROGRESS: 10/20 complete; 6 active
PARALLEL PROGRESS: 10/20 complete; 6 active
PARALLEL PROGRESS: 10/20 complete; 6 active
PARALLEL PROGRESS: 10/20 complete; 6 active
PARALLEL PROGRESS: 10/20 complete; 6 active
PARALLEL PROGRESS: 10/20 complete; 6 active
PARALLEL PROGRESS: 10/20 complete; 6 active
PARALLEL PROGRESS: 10/20 complete; 6 active
PARALLEL PROGRESS: 10/20 complete; 6 active
PARALLEL PROGRESS: 10/20 complete; 6 active
PARALLEL PROGRESS: 10/20 complete; 6 active
PARALLEL PROGRESS: 10/20 complete; 6 active
PARALLEL PROGRESS: 10/20 complete; 6 active
PARALLEL PROGRESS: 10/20 complete; 6 active
PARALLEL PROGRESS: 10/20 complete; 6 active
PARALLEL PROGRESS: 10/20 complete; 6 active
PARALLEL PROGRESS: 10/20 complete; 6 active
PARALLEL PROGRESS: 10/20 complete; 6 active
PARALLEL PROGRESS: 10/20 complete; 6 active
PARALLEL PROGRESS: 10/20 complete; 6 active
PARALLEL PROGRESS: 10/20 complete; 6 active
PARALLEL PROGRESS: 10/20 complete; 6 active
PARALLEL PROGRESS: 10/20 complete; 6 active
PARALLEL PROGRESS: 10/20 complete; 6 active
PARALLEL PROGRESS: 10/20 complete; 6 active
PARALLEL PROGRESS: 10/20 complete; 6 active
PARALLEL PROGRESS: 10/20 complete; 6 active
PARALLEL PROGRESS: 10/20 complete; 6 active
PARALLEL PROGRESS: 10/20 complete; 6 active
PARALLEL PROGRESS: 10/20 complete; 6 active
PARALLEL PROGRESS: 10/20 complete; 6 active
PARALLEL PROGRESS: 10/20 complete; 6 active
PARALLEL PROGRESS: 10/20 complete; 6 active
FINISH JOB 10/20 (11 complete)
PARALLEL PROGRESS: 11/20 complete; 5 active
START JOB 17/20 GPU=GPU-fafeb67a-12cd-a2e4-9aeb-997a485c815a LOG=/home/yqt/XuanyiLi/RL-for-charging/revision_results/experiment_5_gpu_parallel_2500_5seeds_90s/20260925_124626_463187/parallel_generalization_jobs/job_0016/worker.log
PARALLEL PROGRESS: 11/20 complete; 6 active
PARALLEL PROGRESS: 11/20 complete; 6 active
PARALLEL PROGRESS: 11/20 complete; 6 active
PARALLEL PROGRESS: 11/20 complete; 6 active
PARALLEL PROGRESS: 11/20 complete; 6 active
PARALLEL PROGRESS: 11/20 complete; 6 active
PARALLEL PROGRESS: 11/20 complete; 6 active
PARALLEL PROGRESS: 11/20 complete; 6 active
PARALLEL PROGRESS: 11/20 complete; 6 active
PARALLEL PROGRESS: 11/20 complete; 6 active
PARALLEL PROGRESS: 11/20 complete; 6 active
PARALLEL PROGRESS: 11/20 complete; 6 active
PARALLEL PROGRESS: 11/20 complete; 6 active
PARALLEL PROGRESS: 11/20 complete; 6 active
PARALLEL PROGRESS: 11/20 complete; 6 active
PARALLEL PROGRESS: 11/20 complete; 6 active
PARALLEL PROGRESS: 11/20 complete; 6 active
PARALLEL PROGRESS: 11/20 complete; 6 active
PARALLEL PROGRESS: 11/20 complete; 6 active
PARALLEL PROGRESS: 11/20 complete; 6 active
PARALLEL PROGRESS: 11/20 complete; 6 active
PARALLEL PROGRESS: 11/20 complete; 6 active
PARALLEL PROGRESS: 11/20 complete; 6 active
PARALLEL PROGRESS: 11/20 complete; 6 active
PARALLEL PROGRESS: 11/20 complete; 6 active
PARALLEL PROGRESS: 11/20 complete; 6 active
PARALLEL PROGRESS: 11/20 complete; 6 active
PARALLEL PROGRESS: 11/20 complete; 6 active
PARALLEL PROGRESS: 11/20 complete; 6 active
PARALLEL PROGRESS: 11/20 complete; 6 active
PARALLEL PROGRESS: 11/20 complete; 6 active
PARALLEL PROGRESS: 11/20 complete; 6 active
PARALLEL PROGRESS: 11/20 complete; 6 active
PARALLEL PROGRESS: 11/20 complete; 6 active
PARALLEL PROGRESS: 11/20 complete; 6 active
PARALLEL PROGRESS: 11/20 complete; 6 active
PARALLEL PROGRESS: 11/20 complete; 6 active
PARALLEL PROGRESS: 11/20 complete; 6 active
PARALLEL PROGRESS: 11/20 complete; 6 active
PARALLEL PROGRESS: 11/20 complete; 6 active
PARALLEL PROGRESS: 11/20 complete; 6 active
PARALLEL PROGRESS: 11/20 complete; 6 active
PARALLEL PROGRESS: 11/20 complete; 6 active
PARALLEL PROGRESS: 11/20 complete; 6 active
PARALLEL PROGRESS: 11/20 complete; 6 active
PARALLEL PROGRESS: 11/20 complete; 6 active
PARALLEL PROGRESS: 11/20 complete; 6 active
PARALLEL PROGRESS: 11/20 complete; 6 active
PARALLEL PROGRESS: 11/20 complete; 6 active
PARALLEL PROGRESS: 11/20 complete; 6 active
PARALLEL PROGRESS: 11/20 complete; 6 active
PARALLEL PROGRESS: 11/20 complete; 6 active
PARALLEL PROGRESS: 11/20 complete; 6 active
PARALLEL PROGRESS: 11/20 complete; 6 active
PARALLEL PROGRESS: 11/20 complete; 6 active
FINISH JOB 12/20 (12 complete)
START JOB 18/20 GPU=GPU-780afb7e-e486-5609-c993-3e516926bbe4 LOG=/home/yqt/XuanyiLi/RL-for-charging/revision_results/experiment_5_gpu_parallel_2500_5seeds_90s/20260925_124626_463187/parallel_generalization_jobs/job_0017/worker.log
PARALLEL PROGRESS: 12/20 complete; 6 active
PARALLEL PROGRESS: 12/20 complete; 6 active
PARALLEL PROGRESS: 12/20 complete; 6 active
PARALLEL PROGRESS: 12/20 complete; 6 active
PARALLEL PROGRESS: 12/20 complete; 6 active
PARALLEL PROGRESS: 12/20 complete; 6 active
PARALLEL PROGRESS: 12/20 complete; 6 active
PARALLEL PROGRESS: 12/20 complete; 6 active
PARALLEL PROGRESS: 12/20 complete; 6 active
PARALLEL PROGRESS: 12/20 complete; 6 active
PARALLEL PROGRESS: 12/20 complete; 6 active
PARALLEL PROGRESS: 12/20 complete; 6 active
PARALLEL PROGRESS: 12/20 complete; 6 active
PARALLEL PROGRESS: 12/20 complete; 6 active
PARALLEL PROGRESS: 12/20 complete; 6 active
PARALLEL PROGRESS: 12/20 complete; 6 active
PARALLEL PROGRESS: 12/20 complete; 6 active
PARALLEL PROGRESS: 12/20 complete; 6 active
PARALLEL PROGRESS: 12/20 complete; 6 active
PARALLEL PROGRESS: 12/20 complete; 6 active
PARALLEL PROGRESS: 12/20 complete; 6 active
PARALLEL PROGRESS: 12/20 complete; 6 active
PARALLEL PROGRESS: 12/20 complete; 6 active
PARALLEL PROGRESS: 12/20 complete; 6 active
PARALLEL PROGRESS: 12/20 complete; 6 active
PARALLEL PROGRESS: 12/20 complete; 6 active
Traceback (most recent call last):
  File "/home/yqt/XuanyiLi/RL-for-charging/revision_gpu/run_study.py", line 78, in main
    result=module.run(paths.ROOT,out,cfg)
           ^^^^^^^^^^^^^^^^^^^^^^^^^^^^^^
  File "/home/yqt/XuanyiLi/RL-for-charging/revision_gpu/experiment5.py", line 306, in run
    for result in execute_jobs(jobs,out/'parallel_generalization_jobs',effective):
                  ^^^^^^^^^^^^^^^^^^^^^^^^^^^^^^^^^^^^^^^^^^^^^^^^^^^^^^^^^^^^^^^
  File "/home/yqt/XuanyiLi/RL-for-charging/revision_gpu/parallel_jobs.py", line 78, in execute_jobs
    raise RuntimeError(f'Worker {index} failed (exit {code}); inspect {folder/"worker.log"}')
RuntimeError: Worker 13 failed (exit -15); inspect /home/yqt/XuanyiLi/RL-for-charging/revision_results/experiment_5_gpu_parallel_2500_5seeds_90s/20260925_124626_463187/parallel_generalization_jobs/job_0013/worker.log
OUTPUT: /home/yqt/XuanyiLi/RL-for-charging/revision_results/experiment_5_gpu_parallel_2500_5seeds_90s/20260925_124626_463187
LEARNING DEVICE: cuda:0 NVIDIA RTX PRO 6000 Blackwell Server Edition
REUSE COMPLETED JOB: 0 /home/yqt/XuanyiLi/RL-for-charging/revision_results/experiment_5_gpu_parallel_2500_5seeds_90s/20260925_124626_463187/parallel_sensitivity_jobs/job_0000
REUSE COMPLETED JOB: 1 /home/yqt/XuanyiLi/RL-for-charging/revision_results/experiment_5_gpu_parallel_2500_5seeds_90s/20260925_124626_463187/parallel_sensitivity_jobs/job_0001
REUSE COMPLETED JOB: 2 /home/yqt/XuanyiLi/RL-for-charging/revision_results/experiment_5_gpu_parallel_2500_5seeds_90s/20260925_124626_463187/parallel_sensitivity_jobs/job_0002
REUSE COMPLETED JOB: 3 /home/yqt/XuanyiLi/RL-for-charging/revision_results/experiment_5_gpu_parallel_2500_5seeds_90s/20260925_124626_463187/parallel_sensitivity_jobs/job_0003
REUSE COMPLETED JOB: 4 /home/yqt/XuanyiLi/RL-for-charging/revision_results/experiment_5_gpu_parallel_2500_5seeds_90s/20260925_124626_463187/parallel_sensitivity_jobs/job_0004
REUSE COMPLETED JOB: 5 /home/yqt/XuanyiLi/RL-for-charging/revision_results/experiment_5_gpu_parallel_2500_5seeds_90s/20260925_124626_463187/parallel_sensitivity_jobs/job_0005
REUSE COMPLETED JOB: 6 /home/yqt/XuanyiLi/RL-for-charging/revision_results/experiment_5_gpu_parallel_2500_5seeds_90s/20260925_124626_463187/parallel_sensitivity_jobs/job_0006
REUSE COMPLETED JOB: 7 /home/yqt/XuanyiLi/RL-for-charging/revision_results/experiment_5_gpu_parallel_2500_5seeds_90s/20260925_124626_463187/parallel_sensitivity_jobs/job_0007
REUSE COMPLETED JOB: 8 /home/yqt/XuanyiLi/RL-for-charging/revision_results/experiment_5_gpu_parallel_2500_5seeds_90s/20260925_124626_463187/parallel_sensitivity_jobs/job_0008
REUSE COMPLETED JOB: 9 /home/yqt/XuanyiLi/RL-for-charging/revision_results/experiment_5_gpu_parallel_2500_5seeds_90s/20260925_124626_463187/parallel_sensitivity_jobs/job_0009
REUSE COMPLETED JOB: 10 /home/yqt/XuanyiLi/RL-for-charging/revision_results/experiment_5_gpu_parallel_2500_5seeds_90s/20260925_124626_463187/parallel_sensitivity_jobs/job_0010
REUSE COMPLETED JOB: 11 /home/yqt/XuanyiLi/RL-for-charging/revision_results/experiment_5_gpu_parallel_2500_5seeds_90s/20260925_124626_463187/parallel_sensitivity_jobs/job_0011
REUSE COMPLETED JOB: 12 /home/yqt/XuanyiLi/RL-for-charging/revision_results/experiment_5_gpu_parallel_2500_5seeds_90s/20260925_124626_463187/parallel_sensitivity_jobs/job_0012
REUSE COMPLETED JOB: 13 /home/yqt/XuanyiLi/RL-for-charging/revision_results/experiment_5_gpu_parallel_2500_5seeds_90s/20260925_124626_463187/parallel_sensitivity_jobs/job_0013
REUSE COMPLETED JOB: 14 /home/yqt/XuanyiLi/RL-for-charging/revision_results/experiment_5_gpu_parallel_2500_5seeds_90s/20260925_124626_463187/parallel_sensitivity_jobs/job_0014
REUSE COMPLETED JOB: 15 /home/yqt/XuanyiLi/RL-for-charging/revision_results/experiment_5_gpu_parallel_2500_5seeds_90s/20260925_124626_463187/parallel_sensitivity_jobs/job_0015
REUSE COMPLETED JOB: 16 /home/yqt/XuanyiLi/RL-for-charging/revision_results/experiment_5_gpu_parallel_2500_5seeds_90s/20260925_124626_463187/parallel_sensitivity_jobs/job_0016
REUSE COMPLETED JOB: 17 /home/yqt/XuanyiLi/RL-for-charging/revision_results/experiment_5_gpu_parallel_2500_5seeds_90s/20260925_124626_463187/parallel_sensitivity_jobs/job_0017
REUSE COMPLETED JOB: 18 /home/yqt/XuanyiLi/RL-for-charging/revision_results/experiment_5_gpu_parallel_2500_5seeds_90s/20260925_124626_463187/parallel_sensitivity_jobs/job_0018
REUSE COMPLETED JOB: 19 /home/yqt/XuanyiLi/RL-for-charging/revision_results/experiment_5_gpu_parallel_2500_5seeds_90s/20260925_124626_463187/parallel_sensitivity_jobs/job_0019
REUSE COMPLETED JOB: 20 /home/yqt/XuanyiLi/RL-for-charging/revision_results/experiment_5_gpu_parallel_2500_5seeds_90s/20260925_124626_463187/parallel_sensitivity_jobs/job_0020
REUSE COMPLETED JOB: 21 /home/yqt/XuanyiLi/RL-for-charging/revision_results/experiment_5_gpu_parallel_2500_5seeds_90s/20260925_124626_463187/parallel_sensitivity_jobs/job_0021
REUSE COMPLETED JOB: 22 /home/yqt/XuanyiLi/RL-for-charging/revision_results/experiment_5_gpu_parallel_2500_5seeds_90s/20260925_124626_463187/parallel_sensitivity_jobs/job_0022
REUSE COMPLETED JOB: 23 /home/yqt/XuanyiLi/RL-for-charging/revision_results/experiment_5_gpu_parallel_2500_5seeds_90s/20260925_124626_463187/parallel_sensitivity_jobs/job_0023
REUSE COMPLETED JOB: 24 /home/yqt/XuanyiLi/RL-for-charging/revision_results/experiment_5_gpu_parallel_2500_5seeds_90s/20260925_124626_463187/parallel_sensitivity_jobs/job_0024
REUSE COMPLETED JOB: 25 /home/yqt/XuanyiLi/RL-for-charging/revision_results/experiment_5_gpu_parallel_2500_5seeds_90s/20260925_124626_463187/parallel_sensitivity_jobs/job_0025
REUSE COMPLETED JOB: 26 /home/yqt/XuanyiLi/RL-for-charging/revision_results/experiment_5_gpu_parallel_2500_5seeds_90s/20260925_124626_463187/parallel_sensitivity_jobs/job_0026
REUSE COMPLETED JOB: 27 /home/yqt/XuanyiLi/RL-for-charging/revision_results/experiment_5_gpu_parallel_2500_5seeds_90s/20260925_124626_463187/parallel_sensitivity_jobs/job_0027
REUSE COMPLETED JOB: 28 /home/yqt/XuanyiLi/RL-for-charging/revision_results/experiment_5_gpu_parallel_2500_5seeds_90s/20260925_124626_463187/parallel_sensitivity_jobs/job_0028
REUSE COMPLETED JOB: 29 /home/yqt/XuanyiLi/RL-for-charging/revision_results/experiment_5_gpu_parallel_2500_5seeds_90s/20260925_124626_463187/parallel_sensitivity_jobs/job_0029
REUSE COMPLETED JOB: 30 /home/yqt/XuanyiLi/RL-for-charging/revision_results/experiment_5_gpu_parallel_2500_5seeds_90s/20260925_124626_463187/parallel_sensitivity_jobs/job_0030
REUSE COMPLETED JOB: 31 /home/yqt/XuanyiLi/RL-for-charging/revision_results/experiment_5_gpu_parallel_2500_5seeds_90s/20260925_124626_463187/parallel_sensitivity_jobs/job_0031
REUSE COMPLETED JOB: 32 /home/yqt/XuanyiLi/RL-for-charging/revision_results/experiment_5_gpu_parallel_2500_5seeds_90s/20260925_124626_463187/parallel_sensitivity_jobs/job_0032
REUSE COMPLETED JOB: 33 /home/yqt/XuanyiLi/RL-for-charging/revision_results/experiment_5_gpu_parallel_2500_5seeds_90s/20260925_124626_463187/parallel_sensitivity_jobs/job_0033
REUSE COMPLETED JOB: 34 /home/yqt/XuanyiLi/RL-for-charging/revision_results/experiment_5_gpu_parallel_2500_5seeds_90s/20260925_124626_463187/parallel_sensitivity_jobs/job_0034
REUSE COMPLETED JOB: 35 /home/yqt/XuanyiLi/RL-for-charging/revision_results/experiment_5_gpu_parallel_2500_5seeds_90s/20260925_124626_463187/parallel_sensitivity_jobs/job_0035
REUSE COMPLETED JOB: 36 /home/yqt/XuanyiLi/RL-for-charging/revision_results/experiment_5_gpu_parallel_2500_5seeds_90s/20260925_124626_463187/parallel_sensitivity_jobs/job_0036
REUSE COMPLETED JOB: 37 /home/yqt/XuanyiLi/RL-for-charging/revision_results/experiment_5_gpu_parallel_2500_5seeds_90s/20260925_124626_463187/parallel_sensitivity_jobs/job_0037
REUSE COMPLETED JOB: 38 /home/yqt/XuanyiLi/RL-for-charging/revision_results/experiment_5_gpu_parallel_2500_5seeds_90s/20260925_124626_463187/parallel_sensitivity_jobs/job_0038
REUSE COMPLETED JOB: 39 /home/yqt/XuanyiLi/RL-for-charging/revision_results/experiment_5_gpu_parallel_2500_5seeds_90s/20260925_124626_463187/parallel_sensitivity_jobs/job_0039
REUSE COMPLETED JOB: 40 /home/yqt/XuanyiLi/RL-for-charging/revision_results/experiment_5_gpu_parallel_2500_5seeds_90s/20260925_124626_463187/parallel_sensitivity_jobs/job_0040
REUSE COMPLETED JOB: 41 /home/yqt/XuanyiLi/RL-for-charging/revision_results/experiment_5_gpu_parallel_2500_5seeds_90s/20260925_124626_463187/parallel_sensitivity_jobs/job_0041
REUSE COMPLETED JOB: 42 /home/yqt/XuanyiLi/RL-for-charging/revision_results/experiment_5_gpu_parallel_2500_5seeds_90s/20260925_124626_463187/parallel_sensitivity_jobs/job_0042
REUSE COMPLETED JOB: 43 /home/yqt/XuanyiLi/RL-for-charging/revision_results/experiment_5_gpu_parallel_2500_5seeds_90s/20260925_124626_463187/parallel_sensitivity_jobs/job_0043
REUSE COMPLETED JOB: 44 /home/yqt/XuanyiLi/RL-for-charging/revision_results/experiment_5_gpu_parallel_2500_5seeds_90s/20260925_124626_463187/parallel_sensitivity_jobs/job_0044
REUSE COMPLETED JOB: 45 /home/yqt/XuanyiLi/RL-for-charging/revision_results/experiment_5_gpu_parallel_2500_5seeds_90s/20260925_124626_463187/parallel_sensitivity_jobs/job_0045
REUSE COMPLETED JOB: 46 /home/yqt/XuanyiLi/RL-for-charging/revision_results/experiment_5_gpu_parallel_2500_5seeds_90s/20260925_124626_463187/parallel_sensitivity_jobs/job_0046
REUSE COMPLETED JOB: 47 /home/yqt/XuanyiLi/RL-for-charging/revision_results/experiment_5_gpu_parallel_2500_5seeds_90s/20260925_124626_463187/parallel_sensitivity_jobs/job_0047
REUSE COMPLETED JOB: 48 /home/yqt/XuanyiLi/RL-for-charging/revision_results/experiment_5_gpu_parallel_2500_5seeds_90s/20260925_124626_463187/parallel_sensitivity_jobs/job_0048
REUSE COMPLETED JOB: 49 /home/yqt/XuanyiLi/RL-for-charging/revision_results/experiment_5_gpu_parallel_2500_5seeds_90s/20260925_124626_463187/parallel_sensitivity_jobs/job_0049
REUSE COMPLETED JOB: 50 /home/yqt/XuanyiLi/RL-for-charging/revision_results/experiment_5_gpu_parallel_2500_5seeds_90s/20260925_124626_463187/parallel_sensitivity_jobs/job_0050
REUSE COMPLETED JOB: 51 /home/yqt/XuanyiLi/RL-for-charging/revision_results/experiment_5_gpu_parallel_2500_5seeds_90s/20260925_124626_463187/parallel_sensitivity_jobs/job_0051
REUSE COMPLETED JOB: 52 /home/yqt/XuanyiLi/RL-for-charging/revision_results/experiment_5_gpu_parallel_2500_5seeds_90s/20260925_124626_463187/parallel_sensitivity_jobs/job_0052
REUSE COMPLETED JOB: 53 /home/yqt/XuanyiLi/RL-for-charging/revision_results/experiment_5_gpu_parallel_2500_5seeds_90s/20260925_124626_463187/parallel_sensitivity_jobs/job_0053
REUSE COMPLETED JOB: 54 /home/yqt/XuanyiLi/RL-for-charging/revision_results/experiment_5_gpu_parallel_2500_5seeds_90s/20260925_124626_463187/parallel_sensitivity_jobs/job_0054
REUSE COMPLETED JOB: 55 /home/yqt/XuanyiLi/RL-for-charging/revision_results/experiment_5_gpu_parallel_2500_5seeds_90s/20260925_124626_463187/parallel_sensitivity_jobs/job_0055
REUSE COMPLETED JOB: 56 /home/yqt/XuanyiLi/RL-for-charging/revision_results/experiment_5_gpu_parallel_2500_5seeds_90s/20260925_124626_463187/parallel_sensitivity_jobs/job_0056
REUSE COMPLETED JOB: 57 /home/yqt/XuanyiLi/RL-for-charging/revision_results/experiment_5_gpu_parallel_2500_5seeds_90s/20260925_124626_463187/parallel_sensitivity_jobs/job_0057
REUSE COMPLETED JOB: 58 /home/yqt/XuanyiLi/RL-for-charging/revision_results/experiment_5_gpu_parallel_2500_5seeds_90s/20260925_124626_463187/parallel_sensitivity_jobs/job_0058
REUSE COMPLETED JOB: 59 /home/yqt/XuanyiLi/RL-for-charging/revision_results/experiment_5_gpu_parallel_2500_5seeds_90s/20260925_124626_463187/parallel_sensitivity_jobs/job_0059
REUSE COMPLETED JOB: 60 /home/yqt/XuanyiLi/RL-for-charging/revision_results/experiment_5_gpu_parallel_2500_5seeds_90s/20260925_124626_463187/parallel_sensitivity_jobs/job_0060
REUSE COMPLETED JOB: 61 /home/yqt/XuanyiLi/RL-for-charging/revision_results/experiment_5_gpu_parallel_2500_5seeds_90s/20260925_124626_463187/parallel_sensitivity_jobs/job_0061
REUSE COMPLETED JOB: 62 /home/yqt/XuanyiLi/RL-for-charging/revision_results/experiment_5_gpu_parallel_2500_5seeds_90s/20260925_124626_463187/parallel_sensitivity_jobs/job_0062
REUSE COMPLETED JOB: 63 /home/yqt/XuanyiLi/RL-for-charging/revision_results/experiment_5_gpu_parallel_2500_5seeds_90s/20260925_124626_463187/parallel_sensitivity_jobs/job_0063
REUSE COMPLETED JOB: 64 /home/yqt/XuanyiLi/RL-for-charging/revision_results/experiment_5_gpu_parallel_2500_5seeds_90s/20260925_124626_463187/parallel_sensitivity_jobs/job_0064
REUSE COMPLETED JOB: 65 /home/yqt/XuanyiLi/RL-for-charging/revision_results/experiment_5_gpu_parallel_2500_5seeds_90s/20260925_124626_463187/parallel_sensitivity_jobs/job_0065
REUSE COMPLETED JOB: 66 /home/yqt/XuanyiLi/RL-for-charging/revision_results/experiment_5_gpu_parallel_2500_5seeds_90s/20260925_124626_463187/parallel_sensitivity_jobs/job_0066
REUSE COMPLETED JOB: 67 /home/yqt/XuanyiLi/RL-for-charging/revision_results/experiment_5_gpu_parallel_2500_5seeds_90s/20260925_124626_463187/parallel_sensitivity_jobs/job_0067
REUSE COMPLETED JOB: 68 /home/yqt/XuanyiLi/RL-for-charging/revision_results/experiment_5_gpu_parallel_2500_5seeds_90s/20260925_124626_463187/parallel_sensitivity_jobs/job_0068
REUSE COMPLETED JOB: 69 /home/yqt/XuanyiLi/RL-for-charging/revision_results/experiment_5_gpu_parallel_2500_5seeds_90s/20260925_124626_463187/parallel_sensitivity_jobs/job_0069
REUSE COMPLETED JOB: 70 /home/yqt/XuanyiLi/RL-for-charging/revision_results/experiment_5_gpu_parallel_2500_5seeds_90s/20260925_124626_463187/parallel_sensitivity_jobs/job_0070
REUSE COMPLETED JOB: 71 /home/yqt/XuanyiLi/RL-for-charging/revision_results/experiment_5_gpu_parallel_2500_5seeds_90s/20260925_124626_463187/parallel_sensitivity_jobs/job_0071
REUSE COMPLETED JOB: 72 /home/yqt/XuanyiLi/RL-for-charging/revision_results/experiment_5_gpu_parallel_2500_5seeds_90s/20260925_124626_463187/parallel_sensitivity_jobs/job_0072
REUSE COMPLETED JOB: 73 /home/yqt/XuanyiLi/RL-for-charging/revision_results/experiment_5_gpu_parallel_2500_5seeds_90s/20260925_124626_463187/parallel_sensitivity_jobs/job_0073
REUSE COMPLETED JOB: 74 /home/yqt/XuanyiLi/RL-for-charging/revision_results/experiment_5_gpu_parallel_2500_5seeds_90s/20260925_124626_463187/parallel_sensitivity_jobs/job_0074
REUSE COMPLETED JOB: 0 /home/yqt/XuanyiLi/RL-for-charging/revision_results/experiment_5_gpu_parallel_2500_5seeds_90s/20260925_124626_463187/parallel_generalization_jobs/job_0000
REUSE COMPLETED JOB: 1 /home/yqt/XuanyiLi/RL-for-charging/revision_results/experiment_5_gpu_parallel_2500_5seeds_90s/20260925_124626_463187/parallel_generalization_jobs/job_0001
REUSE COMPLETED JOB: 2 /home/yqt/XuanyiLi/RL-for-charging/revision_results/experiment_5_gpu_parallel_2500_5seeds_90s/20260925_124626_463187/parallel_generalization_jobs/job_0002
REUSE COMPLETED JOB: 3 /home/yqt/XuanyiLi/RL-for-charging/revision_results/experiment_5_gpu_parallel_2500_5seeds_90s/20260925_124626_463187/parallel_generalization_jobs/job_0003
REUSE COMPLETED JOB: 4 /home/yqt/XuanyiLi/RL-for-charging/revision_results/experiment_5_gpu_parallel_2500_5seeds_90s/20260925_124626_463187/parallel_generalization_jobs/job_0004
REUSE COMPLETED JOB: 5 /home/yqt/XuanyiLi/RL-for-charging/revision_results/experiment_5_gpu_parallel_2500_5seeds_90s/20260925_124626_463187/parallel_generalization_jobs/job_0005
REUSE COMPLETED JOB: 6 /home/yqt/XuanyiLi/RL-for-charging/revision_results/experiment_5_gpu_parallel_2500_5seeds_90s/20260925_124626_463187/parallel_generalization_jobs/job_0006
REUSE COMPLETED JOB: 7 /home/yqt/XuanyiLi/RL-for-charging/revision_results/experiment_5_gpu_parallel_2500_5seeds_90s/20260925_124626_463187/parallel_generalization_jobs/job_0007
REUSE COMPLETED JOB: 8 /home/yqt/XuanyiLi/RL-for-charging/revision_results/experiment_5_gpu_parallel_2500_5seeds_90s/20260925_124626_463187/parallel_generalization_jobs/job_0008
REUSE COMPLETED JOB: 9 /home/yqt/XuanyiLi/RL-for-charging/revision_results/experiment_5_gpu_parallel_2500_5seeds_90s/20260925_124626_463187/parallel_generalization_jobs/job_0009
REUSE COMPLETED JOB: 10 /home/yqt/XuanyiLi/RL-for-charging/revision_results/experiment_5_gpu_parallel_2500_5seeds_90s/20260925_124626_463187/parallel_generalization_jobs/job_0010
REUSE COMPLETED JOB: 11 /home/yqt/XuanyiLi/RL-for-charging/revision_results/experiment_5_gpu_parallel_2500_5seeds_90s/20260925_124626_463187/parallel_generalization_jobs/job_0011
START JOB 13/20 GPU=GPU-780afb7e-e486-5609-c993-3e516926bbe4 LOG=/home/yqt/XuanyiLi/RL-for-charging/revision_results/experiment_5_gpu_parallel_2500_5seeds_90s/20260925_124626_463187/parallel_generalization_jobs/job_0012/worker.log
START JOB 14/20 GPU=GPU-a01ef2f2-32c0-4682-fb60-49448ba4ea61 LOG=/home/yqt/XuanyiLi/RL-for-charging/revision_results/experiment_5_gpu_parallel_2500_5seeds_90s/20260925_124626_463187/parallel_generalization_jobs/job_0013/worker.log
START JOB 15/20 GPU=GPU-780afb7e-e486-5609-c993-3e516926bbe4 LOG=/home/yqt/XuanyiLi/RL-for-charging/revision_results/experiment_5_gpu_parallel_2500_5seeds_90s/20260925_124626_463187/parallel_generalization_jobs/job_0014/worker.log
START JOB 16/20 GPU=GPU-a01ef2f2-32c0-4682-fb60-49448ba4ea61 LOG=/home/yqt/XuanyiLi/RL-for-charging/revision_results/experiment_5_gpu_parallel_2500_5seeds_90s/20260925_124626_463187/parallel_generalization_jobs/job_0015/worker.log
START JOB 17/20 GPU=GPU-780afb7e-e486-5609-c993-3e516926bbe4 LOG=/home/yqt/XuanyiLi/RL-for-charging/revision_results/experiment_5_gpu_parallel_2500_5seeds_90s/20260925_124626_463187/parallel_generalization_jobs/job_0016/worker.log
START JOB 18/20 GPU=GPU-a01ef2f2-32c0-4682-fb60-49448ba4ea61 LOG=/home/yqt/XuanyiLi/RL-for-charging/revision_results/experiment_5_gpu_parallel_2500_5seeds_90s/20260925_124626_463187/parallel_generalization_jobs/job_0017/worker.log
START JOB 19/20 GPU=GPU-780afb7e-e486-5609-c993-3e516926bbe4 LOG=/home/yqt/XuanyiLi/RL-for-charging/revision_results/experiment_5_gpu_parallel_2500_5seeds_90s/20260925_124626_463187/parallel_generalization_jobs/job_0018/worker.log
START JOB 20/20 GPU=GPU-a01ef2f2-32c0-4682-fb60-49448ba4ea61 LOG=/home/yqt/XuanyiLi/RL-for-charging/revision_results/experiment_5_gpu_parallel_2500_5seeds_90s/20260925_124626_463187/parallel_generalization_jobs/job_0019/worker.log
PARALLEL PROGRESS: 12/20 complete; 8 active
PARALLEL PROGRESS: 12/20 complete; 8 active
PARALLEL PROGRESS: 12/20 complete; 8 active
PARALLEL PROGRESS: 12/20 complete; 8 active
PARALLEL PROGRESS: 12/20 complete; 8 active
PARALLEL PROGRESS: 12/20 complete; 8 active
PARALLEL PROGRESS: 12/20 complete; 8 active
PARALLEL PROGRESS: 12/20 complete; 8 active
PARALLEL PROGRESS: 12/20 complete; 8 active
PARALLEL PROGRESS: 12/20 complete; 8 active
PARALLEL PROGRESS: 12/20 complete; 8 active
PARALLEL PROGRESS: 12/20 complete; 8 active
PARALLEL PROGRESS: 12/20 complete; 8 active
PARALLEL PROGRESS: 12/20 complete; 8 active
PARALLEL PROGRESS: 12/20 complete; 8 active
PARALLEL PROGRESS: 12/20 complete; 8 active
PARALLEL PROGRESS: 12/20 complete; 8 active
PARALLEL PROGRESS: 12/20 complete; 8 active
PARALLEL PROGRESS: 12/20 complete; 8 active
PARALLEL PROGRESS: 12/20 complete; 8 active
PARALLEL PROGRESS: 12/20 complete; 8 active
PARALLEL PROGRESS: 12/20 complete; 8 active
PARALLEL PROGRESS: 12/20 complete; 8 active
PARALLEL PROGRESS: 12/20 complete; 8 active
PARALLEL PROGRESS: 12/20 complete; 8 active
PARALLEL PROGRESS: 12/20 complete; 8 active
PARALLEL PROGRESS: 12/20 complete; 8 active
PARALLEL PROGRESS: 12/20 complete; 8 active
PARALLEL PROGRESS: 12/20 complete; 8 active
PARALLEL PROGRESS: 12/20 complete; 8 active
PARALLEL PROGRESS: 12/20 complete; 8 active
PARALLEL PROGRESS: 12/20 complete; 8 active
PARALLEL PROGRESS: 12/20 complete; 8 active
PARALLEL PROGRESS: 12/20 complete; 8 active
PARALLEL PROGRESS: 12/20 complete; 8 active
PARALLEL PROGRESS: 12/20 complete; 8 active
PARALLEL PROGRESS: 12/20 complete; 8 active
PARALLEL PROGRESS: 12/20 complete; 8 active
PARALLEL PROGRESS: 12/20 complete; 8 active
PARALLEL PROGRESS: 12/20 complete; 8 active
PARALLEL PROGRESS: 12/20 complete; 8 active
PARALLEL PROGRESS: 12/20 complete; 8 active
PARALLEL PROGRESS: 12/20 complete; 8 active
PARALLEL PROGRESS: 12/20 complete; 8 active
PARALLEL PROGRESS: 12/20 complete; 8 active
PARALLEL PROGRESS: 12/20 complete; 8 active
PARALLEL PROGRESS: 12/20 complete; 8 active
PARALLEL PROGRESS: 12/20 complete; 8 active
PARALLEL PROGRESS: 12/20 complete; 8 active
PARALLEL PROGRESS: 12/20 complete; 8 active
PARALLEL PROGRESS: 12/20 complete; 8 active
PARALLEL PROGRESS: 12/20 complete; 8 active
PARALLEL PROGRESS: 12/20 complete; 8 active
PARALLEL PROGRESS: 12/20 complete; 8 active
PARALLEL PROGRESS: 12/20 complete; 8 active
PARALLEL PROGRESS: 12/20 complete; 8 active
PARALLEL PROGRESS: 12/20 complete; 8 active
PARALLEL PROGRESS: 12/20 complete; 8 active
PARALLEL PROGRESS: 12/20 complete; 8 active
PARALLEL PROGRESS: 12/20 complete; 8 active
PARALLEL PROGRESS: 12/20 complete; 8 active
PARALLEL PROGRESS: 12/20 complete; 8 active
PARALLEL PROGRESS: 12/20 complete; 8 active
PARALLEL PROGRESS: 12/20 complete; 8 active
PARALLEL PROGRESS: 12/20 complete; 8 active
PARALLEL PROGRESS: 12/20 complete; 8 active
PARALLEL PROGRESS: 12/20 complete; 8 active
PARALLEL PROGRESS: 12/20 complete; 8 active
PARALLEL PROGRESS: 12/20 complete; 8 active
PARALLEL PROGRESS: 12/20 complete; 8 active
PARALLEL PROGRESS: 12/20 complete; 8 active
PARALLEL PROGRESS: 12/20 complete; 8 active
PARALLEL PROGRESS: 12/20 complete; 8 active
PARALLEL PROGRESS: 12/20 complete; 8 active
PARALLEL PROGRESS: 12/20 complete; 8 active
PARALLEL PROGRESS: 12/20 complete; 8 active
PARALLEL PROGRESS: 12/20 complete; 8 active
PARALLEL PROGRESS: 12/20 complete; 8 active
PARALLEL PROGRESS: 12/20 complete; 8 active
PARALLEL PROGRESS: 12/20 complete; 8 active
PARALLEL PROGRESS: 12/20 complete; 8 active
PARALLEL PROGRESS: 12/20 complete; 8 active
PARALLEL PROGRESS: 12/20 complete; 8 active
PARALLEL PROGRESS: 12/20 complete; 8 active
PARALLEL PROGRESS: 12/20 complete; 8 active
PARALLEL PROGRESS: 12/20 complete; 8 active
PARALLEL PROGRESS: 12/20 complete; 8 active
PARALLEL PROGRESS: 12/20 complete; 8 active
PARALLEL PROGRESS: 12/20 complete; 8 active
PARALLEL PROGRESS: 12/20 complete; 8 active
PARALLEL PROGRESS: 12/20 complete; 8 active
PARALLEL PROGRESS: 12/20 complete; 8 active
PARALLEL PROGRESS: 12/20 complete; 8 active
PARALLEL PROGRESS: 12/20 complete; 8 active
PARALLEL PROGRESS: 12/20 complete; 8 active
PARALLEL PROGRESS: 12/20 complete; 8 active
PARALLEL PROGRESS: 12/20 complete; 8 active
PARALLEL PROGRESS: 12/20 complete; 8 active
PARALLEL PROGRESS: 12/20 complete; 8 active
PARALLEL PROGRESS: 12/20 complete; 8 active
PARALLEL PROGRESS: 12/20 complete; 8 active
PARALLEL PROGRESS: 12/20 complete; 8 active
PARALLEL PROGRESS: 12/20 complete; 8 active
PARALLEL PROGRESS: 12/20 complete; 8 active
PARALLEL PROGRESS: 12/20 complete; 8 active
PARALLEL PROGRESS: 12/20 complete; 8 active
PARALLEL PROGRESS: 12/20 complete; 8 active
PARALLEL PROGRESS: 12/20 complete; 8 active
PARALLEL PROGRESS: 12/20 complete; 8 active
PARALLEL PROGRESS: 12/20 complete; 8 active
PARALLEL PROGRESS: 12/20 complete; 8 active
PARALLEL PROGRESS: 12/20 complete; 8 active
PARALLEL PROGRESS: 12/20 complete; 8 active
PARALLEL PROGRESS: 12/20 complete; 8 active
PARALLEL PROGRESS: 12/20 complete; 8 active
PARALLEL PROGRESS: 12/20 complete; 8 active
PARALLEL PROGRESS: 12/20 complete; 8 active
PARALLEL PROGRESS: 12/20 complete; 8 active
PARALLEL PROGRESS: 12/20 complete; 8 active
PARALLEL PROGRESS: 12/20 complete; 8 active
PARALLEL PROGRESS: 12/20 complete; 8 active
PARALLEL PROGRESS: 12/20 complete; 8 active
PARALLEL PROGRESS: 12/20 complete; 8 active
PARALLEL PROGRESS: 12/20 complete; 8 active
PARALLEL PROGRESS: 12/20 complete; 8 active
PARALLEL PROGRESS: 12/20 complete; 8 active
PARALLEL PROGRESS: 12/20 complete; 8 active
PARALLEL PROGRESS: 12/20 complete; 8 active
PARALLEL PROGRESS: 12/20 complete; 8 active
PARALLEL PROGRESS: 12/20 complete; 8 active
PARALLEL PROGRESS: 12/20 complete; 8 active
PARALLEL PROGRESS: 12/20 complete; 8 active
PARALLEL PROGRESS: 12/20 complete; 8 active
PARALLEL PROGRESS: 12/20 complete; 8 active
PARALLEL PROGRESS: 12/20 complete; 8 active
PARALLEL PROGRESS: 12/20 complete; 8 active
PARALLEL PROGRESS: 12/20 complete; 8 active
PARALLEL PROGRESS: 12/20 complete; 8 active
PARALLEL PROGRESS: 12/20 complete; 8 active
PARALLEL PROGRESS: 12/20 complete; 8 active
PARALLEL PROGRESS: 12/20 complete; 8 active
PARALLEL PROGRESS: 12/20 complete; 8 active
PARALLEL PROGRESS: 12/20 complete; 8 active
PARALLEL PROGRESS: 12/20 complete; 8 active
PARALLEL PROGRESS: 12/20 complete; 8 active
PARALLEL PROGRESS: 12/20 complete; 8 active
PARALLEL PROGRESS: 12/20 complete; 8 active
PARALLEL PROGRESS: 12/20 complete; 8 active
PARALLEL PROGRESS: 12/20 complete; 8 active
PARALLEL PROGRESS: 12/20 complete; 8 active
PARALLEL PROGRESS: 12/20 complete; 8 active
PARALLEL PROGRESS: 12/20 complete; 8 active
PARALLEL PROGRESS: 12/20 complete; 8 active
PARALLEL PROGRESS: 12/20 complete; 8 active
PARALLEL PROGRESS: 12/20 complete; 8 active
PARALLEL PROGRESS: 12/20 complete; 8 active
PARALLEL PROGRESS: 12/20 complete; 8 active
PARALLEL PROGRESS: 12/20 complete; 8 active
PARALLEL PROGRESS: 12/20 complete; 8 active
PARALLEL PROGRESS: 12/20 complete; 8 active
PARALLEL PROGRESS: 12/20 complete; 8 active
PARALLEL PROGRESS: 12/20 complete; 8 active
PARALLEL PROGRESS: 12/20 complete; 8 active
PARALLEL PROGRESS: 12/20 complete; 8 active
PARALLEL PROGRESS: 12/20 complete; 8 active
PARALLEL PROGRESS: 12/20 complete; 8 active
PARALLEL PROGRESS: 12/20 complete; 8 active
PARALLEL PROGRESS: 12/20 complete; 8 active
PARALLEL PROGRESS: 12/20 complete; 8 active
PARALLEL PROGRESS: 12/20 complete; 8 active
PARALLEL PROGRESS: 12/20 complete; 8 active
PARALLEL PROGRESS: 12/20 complete; 8 active
PARALLEL PROGRESS: 12/20 complete; 8 active
PARALLEL PROGRESS: 12/20 complete; 8 active
PARALLEL PROGRESS: 12/20 complete; 8 active
PARALLEL PROGRESS: 12/20 complete; 8 active
PARALLEL PROGRESS: 12/20 complete; 8 active
PARALLEL PROGRESS: 12/20 complete; 8 active
PARALLEL PROGRESS: 12/20 complete; 8 active
PARALLEL PROGRESS: 12/20 complete; 8 active
PARALLEL PROGRESS: 12/20 complete; 8 active
PARALLEL PROGRESS: 12/20 complete; 8 active
PARALLEL PROGRESS: 12/20 complete; 8 active
PARALLEL PROGRESS: 12/20 complete; 8 active
PARALLEL PROGRESS: 12/20 complete; 8 active
PARALLEL PROGRESS: 12/20 complete; 8 active
PARALLEL PROGRESS: 12/20 complete; 8 active
PARALLEL PROGRESS: 12/20 complete; 8 active
PARALLEL PROGRESS: 12/20 complete; 8 active
PARALLEL PROGRESS: 12/20 complete; 8 active
PARALLEL PROGRESS: 12/20 complete; 8 active
PARALLEL PROGRESS: 12/20 complete; 8 active
PARALLEL PROGRESS: 12/20 complete; 8 active
PARALLEL PROGRESS: 12/20 complete; 8 active
PARALLEL PROGRESS: 12/20 complete; 8 active
PARALLEL PROGRESS: 12/20 complete; 8 active
PARALLEL PROGRESS: 12/20 complete; 8 active
PARALLEL PROGRESS: 12/20 complete; 8 active
PARALLEL PROGRESS: 12/20 complete; 8 active
PARALLEL PROGRESS: 12/20 complete; 8 active
PARALLEL PROGRESS: 12/20 complete; 8 active
PARALLEL PROGRESS: 12/20 complete; 8 active
PARALLEL PROGRESS: 12/20 complete; 8 active
PARALLEL PROGRESS: 12/20 complete; 8 active
PARALLEL PROGRESS: 12/20 complete; 8 active
PARALLEL PROGRESS: 12/20 complete; 8 active
PARALLEL PROGRESS: 12/20 complete; 8 active
PARALLEL PROGRESS: 12/20 complete; 8 active
PARALLEL PROGRESS: 12/20 complete; 8 active
PARALLEL PROGRESS: 12/20 complete; 8 active
PARALLEL PROGRESS: 12/20 complete; 8 active
PARALLEL PROGRESS: 12/20 complete; 8 active
PARALLEL PROGRESS: 12/20 complete; 8 active
PARALLEL PROGRESS: 12/20 complete; 8 active
PARALLEL PROGRESS: 12/20 complete; 8 active
PARALLEL PROGRESS: 12/20 complete; 8 active
PARALLEL PROGRESS: 12/20 complete; 8 active
PARALLEL PROGRESS: 12/20 complete; 8 active
PARALLEL PROGRESS: 12/20 complete; 8 active
PARALLEL PROGRESS: 12/20 complete; 8 active
PARALLEL PROGRESS: 12/20 complete; 8 active
PARALLEL PROGRESS: 12/20 complete; 8 active
PARALLEL PROGRESS: 12/20 complete; 8 active
PARALLEL PROGRESS: 12/20 complete; 8 active
PARALLEL PROGRESS: 12/20 complete; 8 active
PARALLEL PROGRESS: 12/20 complete; 8 active
PARALLEL PROGRESS: 12/20 complete; 8 active
PARALLEL PROGRESS: 12/20 complete; 8 active
PARALLEL PROGRESS: 12/20 complete; 8 active
PARALLEL PROGRESS: 12/20 complete; 8 active
PARALLEL PROGRESS: 12/20 complete; 8 active
PARALLEL PROGRESS: 12/20 complete; 8 active
PARALLEL PROGRESS: 12/20 complete; 8 active
PARALLEL PROGRESS: 12/20 complete; 8 active
PARALLEL PROGRESS: 12/20 complete; 8 active
PARALLEL PROGRESS: 12/20 complete; 8 active
PARALLEL PROGRESS: 12/20 complete; 8 active
PARALLEL PROGRESS: 12/20 complete; 8 active
PARALLEL PROGRESS: 12/20 complete; 8 active
PARALLEL PROGRESS: 12/20 complete; 8 active
PARALLEL PROGRESS: 12/20 complete; 8 active
PARALLEL PROGRESS: 12/20 complete; 8 active
PARALLEL PROGRESS: 12/20 complete; 8 active
PARALLEL PROGRESS: 12/20 complete; 8 active
PARALLEL PROGRESS: 12/20 complete; 8 active
PARALLEL PROGRESS: 12/20 complete; 8 active
PARALLEL PROGRESS: 12/20 complete; 8 active
PARALLEL PROGRESS: 12/20 complete; 8 active
PARALLEL PROGRESS: 12/20 complete; 8 active
PARALLEL PROGRESS: 12/20 complete; 8 active
PARALLEL PROGRESS: 12/20 complete; 8 active
PARALLEL PROGRESS: 12/20 complete; 8 active
PARALLEL PROGRESS: 12/20 complete; 8 active
PARALLEL PROGRESS: 12/20 complete; 8 active
PARALLEL PROGRESS: 12/20 complete; 8 active
PARALLEL PROGRESS: 12/20 complete; 8 active
PARALLEL PROGRESS: 12/20 complete; 8 active
PARALLEL PROGRESS: 12/20 complete; 8 active
PARALLEL PROGRESS: 12/20 complete; 8 active
PARALLEL PROGRESS: 12/20 complete; 8 active
PARALLEL PROGRESS: 12/20 complete; 8 active
PARALLEL PROGRESS: 12/20 complete; 8 active
PARALLEL PROGRESS: 12/20 complete; 8 active
PARALLEL PROGRESS: 12/20 complete; 8 active
PARALLEL PROGRESS: 12/20 complete; 8 active
PARALLEL PROGRESS: 12/20 complete; 8 active
PARALLEL PROGRESS: 12/20 complete; 8 active
PARALLEL PROGRESS: 12/20 complete; 8 active
PARALLEL PROGRESS: 12/20 complete; 8 active
PARALLEL PROGRESS: 12/20 complete; 8 active
PARALLEL PROGRESS: 12/20 complete; 8 active
PARALLEL PROGRESS: 12/20 complete; 8 active
PARALLEL PROGRESS: 12/20 complete; 8 active
PARALLEL PROGRESS: 12/20 complete; 8 active
PARALLEL PROGRESS: 12/20 complete; 8 active
PARALLEL PROGRESS: 12/20 complete; 8 active
PARALLEL PROGRESS: 12/20 complete; 8 active
PARALLEL PROGRESS: 12/20 complete; 8 active
PARALLEL PROGRESS: 12/20 complete; 8 active
PARALLEL PROGRESS: 12/20 complete; 8 active
PARALLEL PROGRESS: 12/20 complete; 8 active
PARALLEL PROGRESS: 12/20 complete; 8 active
PARALLEL PROGRESS: 12/20 complete; 8 active
PARALLEL PROGRESS: 12/20 complete; 8 active
PARALLEL PROGRESS: 12/20 complete; 8 active
PARALLEL PROGRESS: 12/20 complete; 8 active
PARALLEL PROGRESS: 12/20 complete; 8 active
PARALLEL PROGRESS: 12/20 complete; 8 active
PARALLEL PROGRESS: 12/20 complete; 8 active
PARALLEL PROGRESS: 12/20 complete; 8 active
PARALLEL PROGRESS: 12/20 complete; 8 active
PARALLEL PROGRESS: 12/20 complete; 8 active
PARALLEL PROGRESS: 12/20 complete; 8 active
PARALLEL PROGRESS: 12/20 complete; 8 active
PARALLEL PROGRESS: 12/20 complete; 8 active
PARALLEL PROGRESS: 12/20 complete; 8 active
PARALLEL PROGRESS: 12/20 complete; 8 active
PARALLEL PROGRESS: 12/20 complete; 8 active
PARALLEL PROGRESS: 12/20 complete; 8 active
PARALLEL PROGRESS: 12/20 complete; 8 active
PARALLEL PROGRESS: 12/20 complete; 8 active
PARALLEL PROGRESS: 12/20 complete; 8 active
PARALLEL PROGRESS: 12/20 complete; 8 active
PARALLEL PROGRESS: 12/20 complete; 8 active
PARALLEL PROGRESS: 12/20 complete; 8 active
Traceback (most recent call last):
  File "/home/yqt/XuanyiLi/RL-for-charging/revision_gpu/run_study.py", line 78, in main
    result=module.run(paths.ROOT,out,cfg)
           ^^^^^^^^^^^^^^^^^^^^^^^^^^^^^^
  File "/home/yqt/XuanyiLi/RL-for-charging/revision_gpu/experiment5.py", line 306, in run
    for result in execute_jobs(jobs,out/'parallel_generalization_jobs',effective):
                  ^^^^^^^^^^^^^^^^^^^^^^^^^^^^^^^^^^^^^^^^^^^^^^^^^^^^^^^^^^^^^^^
  File "/home/yqt/XuanyiLi/RL-for-charging/revision_gpu/parallel_jobs.py", line 78, in execute_jobs
    raise RuntimeError(f'Worker {index} failed (exit {code}); inspect {folder/"worker.log"}')
RuntimeError: Worker 18 failed (exit -15); inspect /home/yqt/XuanyiLi/RL-for-charging/revision_results/experiment_5_gpu_parallel_2500_5seeds_90s/20260925_124626_463187/parallel_generalization_jobs/job_0018/worker.log
OUTPUT: /home/yqt/XuanyiLi/RL-for-charging/revision_results/experiment_5_gpu_parallel_2500_5seeds_90s/20260925_124626_463187
LEARNING DEVICE: cuda:0 NVIDIA RTX PRO 6000 Blackwell Server Edition
REUSE COMPLETED JOB: 0 /home/yqt/XuanyiLi/RL-for-charging/revision_results/experiment_5_gpu_parallel_2500_5seeds_90s/20260925_124626_463187/parallel_sensitivity_jobs/job_0000
REUSE COMPLETED JOB: 1 /home/yqt/XuanyiLi/RL-for-charging/revision_results/experiment_5_gpu_parallel_2500_5seeds_90s/20260925_124626_463187/parallel_sensitivity_jobs/job_0001
REUSE COMPLETED JOB: 2 /home/yqt/XuanyiLi/RL-for-charging/revision_results/experiment_5_gpu_parallel_2500_5seeds_90s/20260925_124626_463187/parallel_sensitivity_jobs/job_0002
REUSE COMPLETED JOB: 3 /home/yqt/XuanyiLi/RL-for-charging/revision_results/experiment_5_gpu_parallel_2500_5seeds_90s/20260925_124626_463187/parallel_sensitivity_jobs/job_0003
REUSE COMPLETED JOB: 4 /home/yqt/XuanyiLi/RL-for-charging/revision_results/experiment_5_gpu_parallel_2500_5seeds_90s/20260925_124626_463187/parallel_sensitivity_jobs/job_0004
REUSE COMPLETED JOB: 5 /home/yqt/XuanyiLi/RL-for-charging/revision_results/experiment_5_gpu_parallel_2500_5seeds_90s/20260925_124626_463187/parallel_sensitivity_jobs/job_0005
REUSE COMPLETED JOB: 6 /home/yqt/XuanyiLi/RL-for-charging/revision_results/experiment_5_gpu_parallel_2500_5seeds_90s/20260925_124626_463187/parallel_sensitivity_jobs/job_0006
REUSE COMPLETED JOB: 7 /home/yqt/XuanyiLi/RL-for-charging/revision_results/experiment_5_gpu_parallel_2500_5seeds_90s/20260925_124626_463187/parallel_sensitivity_jobs/job_0007
REUSE COMPLETED JOB: 8 /home/yqt/XuanyiLi/RL-for-charging/revision_results/experiment_5_gpu_parallel_2500_5seeds_90s/20260925_124626_463187/parallel_sensitivity_jobs/job_0008
REUSE COMPLETED JOB: 9 /home/yqt/XuanyiLi/RL-for-charging/revision_results/experiment_5_gpu_parallel_2500_5seeds_90s/20260925_124626_463187/parallel_sensitivity_jobs/job_0009
REUSE COMPLETED JOB: 10 /home/yqt/XuanyiLi/RL-for-charging/revision_results/experiment_5_gpu_parallel_2500_5seeds_90s/20260925_124626_463187/parallel_sensitivity_jobs/job_0010
REUSE COMPLETED JOB: 11 /home/yqt/XuanyiLi/RL-for-charging/revision_results/experiment_5_gpu_parallel_2500_5seeds_90s/20260925_124626_463187/parallel_sensitivity_jobs/job_0011
REUSE COMPLETED JOB: 12 /home/yqt/XuanyiLi/RL-for-charging/revision_results/experiment_5_gpu_parallel_2500_5seeds_90s/20260925_124626_463187/parallel_sensitivity_jobs/job_0012
REUSE COMPLETED JOB: 13 /home/yqt/XuanyiLi/RL-for-charging/revision_results/experiment_5_gpu_parallel_2500_5seeds_90s/20260925_124626_463187/parallel_sensitivity_jobs/job_0013
REUSE COMPLETED JOB: 14 /home/yqt/XuanyiLi/RL-for-charging/revision_results/experiment_5_gpu_parallel_2500_5seeds_90s/20260925_124626_463187/parallel_sensitivity_jobs/job_0014
REUSE COMPLETED JOB: 15 /home/yqt/XuanyiLi/RL-for-charging/revision_results/experiment_5_gpu_parallel_2500_5seeds_90s/20260925_124626_463187/parallel_sensitivity_jobs/job_0015
REUSE COMPLETED JOB: 16 /home/yqt/XuanyiLi/RL-for-charging/revision_results/experiment_5_gpu_parallel_2500_5seeds_90s/20260925_124626_463187/parallel_sensitivity_jobs/job_0016
REUSE COMPLETED JOB: 17 /home/yqt/XuanyiLi/RL-for-charging/revision_results/experiment_5_gpu_parallel_2500_5seeds_90s/20260925_124626_463187/parallel_sensitivity_jobs/job_0017
REUSE COMPLETED JOB: 18 /home/yqt/XuanyiLi/RL-for-charging/revision_results/experiment_5_gpu_parallel_2500_5seeds_90s/20260925_124626_463187/parallel_sensitivity_jobs/job_0018
REUSE COMPLETED JOB: 19 /home/yqt/XuanyiLi/RL-for-charging/revision_results/experiment_5_gpu_parallel_2500_5seeds_90s/20260925_124626_463187/parallel_sensitivity_jobs/job_0019
REUSE COMPLETED JOB: 20 /home/yqt/XuanyiLi/RL-for-charging/revision_results/experiment_5_gpu_parallel_2500_5seeds_90s/20260925_124626_463187/parallel_sensitivity_jobs/job_0020
REUSE COMPLETED JOB: 21 /home/yqt/XuanyiLi/RL-for-charging/revision_results/experiment_5_gpu_parallel_2500_5seeds_90s/20260925_124626_463187/parallel_sensitivity_jobs/job_0021
REUSE COMPLETED JOB: 22 /home/yqt/XuanyiLi/RL-for-charging/revision_results/experiment_5_gpu_parallel_2500_5seeds_90s/20260925_124626_463187/parallel_sensitivity_jobs/job_0022
REUSE COMPLETED JOB: 23 /home/yqt/XuanyiLi/RL-for-charging/revision_results/experiment_5_gpu_parallel_2500_5seeds_90s/20260925_124626_463187/parallel_sensitivity_jobs/job_0023
REUSE COMPLETED JOB: 24 /home/yqt/XuanyiLi/RL-for-charging/revision_results/experiment_5_gpu_parallel_2500_5seeds_90s/20260925_124626_463187/parallel_sensitivity_jobs/job_0024
REUSE COMPLETED JOB: 25 /home/yqt/XuanyiLi/RL-for-charging/revision_results/experiment_5_gpu_parallel_2500_5seeds_90s/20260925_124626_463187/parallel_sensitivity_jobs/job_0025
REUSE COMPLETED JOB: 26 /home/yqt/XuanyiLi/RL-for-charging/revision_results/experiment_5_gpu_parallel_2500_5seeds_90s/20260925_124626_463187/parallel_sensitivity_jobs/job_0026
REUSE COMPLETED JOB: 27 /home/yqt/XuanyiLi/RL-for-charging/revision_results/experiment_5_gpu_parallel_2500_5seeds_90s/20260925_124626_463187/parallel_sensitivity_jobs/job_0027
REUSE COMPLETED JOB: 28 /home/yqt/XuanyiLi/RL-for-charging/revision_results/experiment_5_gpu_parallel_2500_5seeds_90s/20260925_124626_463187/parallel_sensitivity_jobs/job_0028
REUSE COMPLETED JOB: 29 /home/yqt/XuanyiLi/RL-for-charging/revision_results/experiment_5_gpu_parallel_2500_5seeds_90s/20260925_124626_463187/parallel_sensitivity_jobs/job_0029
REUSE COMPLETED JOB: 30 /home/yqt/XuanyiLi/RL-for-charging/revision_results/experiment_5_gpu_parallel_2500_5seeds_90s/20260925_124626_463187/parallel_sensitivity_jobs/job_0030
REUSE COMPLETED JOB: 31 /home/yqt/XuanyiLi/RL-for-charging/revision_results/experiment_5_gpu_parallel_2500_5seeds_90s/20260925_124626_463187/parallel_sensitivity_jobs/job_0031
REUSE COMPLETED JOB: 32 /home/yqt/XuanyiLi/RL-for-charging/revision_results/experiment_5_gpu_parallel_2500_5seeds_90s/20260925_124626_463187/parallel_sensitivity_jobs/job_0032
REUSE COMPLETED JOB: 33 /home/yqt/XuanyiLi/RL-for-charging/revision_results/experiment_5_gpu_parallel_2500_5seeds_90s/20260925_124626_463187/parallel_sensitivity_jobs/job_0033
REUSE COMPLETED JOB: 34 /home/yqt/XuanyiLi/RL-for-charging/revision_results/experiment_5_gpu_parallel_2500_5seeds_90s/20260925_124626_463187/parallel_sensitivity_jobs/job_0034
REUSE COMPLETED JOB: 35 /home/yqt/XuanyiLi/RL-for-charging/revision_results/experiment_5_gpu_parallel_2500_5seeds_90s/20260925_124626_463187/parallel_sensitivity_jobs/job_0035
REUSE COMPLETED JOB: 36 /home/yqt/XuanyiLi/RL-for-charging/revision_results/experiment_5_gpu_parallel_2500_5seeds_90s/20260925_124626_463187/parallel_sensitivity_jobs/job_0036
REUSE COMPLETED JOB: 37 /home/yqt/XuanyiLi/RL-for-charging/revision_results/experiment_5_gpu_parallel_2500_5seeds_90s/20260925_124626_463187/parallel_sensitivity_jobs/job_0037
REUSE COMPLETED JOB: 38 /home/yqt/XuanyiLi/RL-for-charging/revision_results/experiment_5_gpu_parallel_2500_5seeds_90s/20260925_124626_463187/parallel_sensitivity_jobs/job_0038
REUSE COMPLETED JOB: 39 /home/yqt/XuanyiLi/RL-for-charging/revision_results/experiment_5_gpu_parallel_2500_5seeds_90s/20260925_124626_463187/parallel_sensitivity_jobs/job_0039
REUSE COMPLETED JOB: 40 /home/yqt/XuanyiLi/RL-for-charging/revision_results/experiment_5_gpu_parallel_2500_5seeds_90s/20260925_124626_463187/parallel_sensitivity_jobs/job_0040
REUSE COMPLETED JOB: 41 /home/yqt/XuanyiLi/RL-for-charging/revision_results/experiment_5_gpu_parallel_2500_5seeds_90s/20260925_124626_463187/parallel_sensitivity_jobs/job_0041
REUSE COMPLETED JOB: 42 /home/yqt/XuanyiLi/RL-for-charging/revision_results/experiment_5_gpu_parallel_2500_5seeds_90s/20260925_124626_463187/parallel_sensitivity_jobs/job_0042
REUSE COMPLETED JOB: 43 /home/yqt/XuanyiLi/RL-for-charging/revision_results/experiment_5_gpu_parallel_2500_5seeds_90s/20260925_124626_463187/parallel_sensitivity_jobs/job_0043
REUSE COMPLETED JOB: 44 /home/yqt/XuanyiLi/RL-for-charging/revision_results/experiment_5_gpu_parallel_2500_5seeds_90s/20260925_124626_463187/parallel_sensitivity_jobs/job_0044
REUSE COMPLETED JOB: 45 /home/yqt/XuanyiLi/RL-for-charging/revision_results/experiment_5_gpu_parallel_2500_5seeds_90s/20260925_124626_463187/parallel_sensitivity_jobs/job_0045
REUSE COMPLETED JOB: 46 /home/yqt/XuanyiLi/RL-for-charging/revision_results/experiment_5_gpu_parallel_2500_5seeds_90s/20260925_124626_463187/parallel_sensitivity_jobs/job_0046
REUSE COMPLETED JOB: 47 /home/yqt/XuanyiLi/RL-for-charging/revision_results/experiment_5_gpu_parallel_2500_5seeds_90s/20260925_124626_463187/parallel_sensitivity_jobs/job_0047
REUSE COMPLETED JOB: 48 /home/yqt/XuanyiLi/RL-for-charging/revision_results/experiment_5_gpu_parallel_2500_5seeds_90s/20260925_124626_463187/parallel_sensitivity_jobs/job_0048
REUSE COMPLETED JOB: 49 /home/yqt/XuanyiLi/RL-for-charging/revision_results/experiment_5_gpu_parallel_2500_5seeds_90s/20260925_124626_463187/parallel_sensitivity_jobs/job_0049
REUSE COMPLETED JOB: 50 /home/yqt/XuanyiLi/RL-for-charging/revision_results/experiment_5_gpu_parallel_2500_5seeds_90s/20260925_124626_463187/parallel_sensitivity_jobs/job_0050
REUSE COMPLETED JOB: 51 /home/yqt/XuanyiLi/RL-for-charging/revision_results/experiment_5_gpu_parallel_2500_5seeds_90s/20260925_124626_463187/parallel_sensitivity_jobs/job_0051
REUSE COMPLETED JOB: 52 /home/yqt/XuanyiLi/RL-for-charging/revision_results/experiment_5_gpu_parallel_2500_5seeds_90s/20260925_124626_463187/parallel_sensitivity_jobs/job_0052
REUSE COMPLETED JOB: 53 /home/yqt/XuanyiLi/RL-for-charging/revision_results/experiment_5_gpu_parallel_2500_5seeds_90s/20260925_124626_463187/parallel_sensitivity_jobs/job_0053
REUSE COMPLETED JOB: 54 /home/yqt/XuanyiLi/RL-for-charging/revision_results/experiment_5_gpu_parallel_2500_5seeds_90s/20260925_124626_463187/parallel_sensitivity_jobs/job_0054
REUSE COMPLETED JOB: 55 /home/yqt/XuanyiLi/RL-for-charging/revision_results/experiment_5_gpu_parallel_2500_5seeds_90s/20260925_124626_463187/parallel_sensitivity_jobs/job_0055
REUSE COMPLETED JOB: 56 /home/yqt/XuanyiLi/RL-for-charging/revision_results/experiment_5_gpu_parallel_2500_5seeds_90s/20260925_124626_463187/parallel_sensitivity_jobs/job_0056
REUSE COMPLETED JOB: 57 /home/yqt/XuanyiLi/RL-for-charging/revision_results/experiment_5_gpu_parallel_2500_5seeds_90s/20260925_124626_463187/parallel_sensitivity_jobs/job_0057
REUSE COMPLETED JOB: 58 /home/yqt/XuanyiLi/RL-for-charging/revision_results/experiment_5_gpu_parallel_2500_5seeds_90s/20260925_124626_463187/parallel_sensitivity_jobs/job_0058
REUSE COMPLETED JOB: 59 /home/yqt/XuanyiLi/RL-for-charging/revision_results/experiment_5_gpu_parallel_2500_5seeds_90s/20260925_124626_463187/parallel_sensitivity_jobs/job_0059
REUSE COMPLETED JOB: 60 /home/yqt/XuanyiLi/RL-for-charging/revision_results/experiment_5_gpu_parallel_2500_5seeds_90s/20260925_124626_463187/parallel_sensitivity_jobs/job_0060
REUSE COMPLETED JOB: 61 /home/yqt/XuanyiLi/RL-for-charging/revision_results/experiment_5_gpu_parallel_2500_5seeds_90s/20260925_124626_463187/parallel_sensitivity_jobs/job_0061
REUSE COMPLETED JOB: 62 /home/yqt/XuanyiLi/RL-for-charging/revision_results/experiment_5_gpu_parallel_2500_5seeds_90s/20260925_124626_463187/parallel_sensitivity_jobs/job_0062
REUSE COMPLETED JOB: 63 /home/yqt/XuanyiLi/RL-for-charging/revision_results/experiment_5_gpu_parallel_2500_5seeds_90s/20260925_124626_463187/parallel_sensitivity_jobs/job_0063
REUSE COMPLETED JOB: 64 /home/yqt/XuanyiLi/RL-for-charging/revision_results/experiment_5_gpu_parallel_2500_5seeds_90s/20260925_124626_463187/parallel_sensitivity_jobs/job_0064
REUSE COMPLETED JOB: 65 /home/yqt/XuanyiLi/RL-for-charging/revision_results/experiment_5_gpu_parallel_2500_5seeds_90s/20260925_124626_463187/parallel_sensitivity_jobs/job_0065
REUSE COMPLETED JOB: 66 /home/yqt/XuanyiLi/RL-for-charging/revision_results/experiment_5_gpu_parallel_2500_5seeds_90s/20260925_124626_463187/parallel_sensitivity_jobs/job_0066
REUSE COMPLETED JOB: 67 /home/yqt/XuanyiLi/RL-for-charging/revision_results/experiment_5_gpu_parallel_2500_5seeds_90s/20260925_124626_463187/parallel_sensitivity_jobs/job_0067
REUSE COMPLETED JOB: 68 /home/yqt/XuanyiLi/RL-for-charging/revision_results/experiment_5_gpu_parallel_2500_5seeds_90s/20260925_124626_463187/parallel_sensitivity_jobs/job_0068
REUSE COMPLETED JOB: 69 /home/yqt/XuanyiLi/RL-for-charging/revision_results/experiment_5_gpu_parallel_2500_5seeds_90s/20260925_124626_463187/parallel_sensitivity_jobs/job_0069
REUSE COMPLETED JOB: 70 /home/yqt/XuanyiLi/RL-for-charging/revision_results/experiment_5_gpu_parallel_2500_5seeds_90s/20260925_124626_463187/parallel_sensitivity_jobs/job_0070
REUSE COMPLETED JOB: 71 /home/yqt/XuanyiLi/RL-for-charging/revision_results/experiment_5_gpu_parallel_2500_5seeds_90s/20260925_124626_463187/parallel_sensitivity_jobs/job_0071
REUSE COMPLETED JOB: 72 /home/yqt/XuanyiLi/RL-for-charging/revision_results/experiment_5_gpu_parallel_2500_5seeds_90s/20260925_124626_463187/parallel_sensitivity_jobs/job_0072
REUSE COMPLETED JOB: 73 /home/yqt/XuanyiLi/RL-for-charging/revision_results/experiment_5_gpu_parallel_2500_5seeds_90s/20260925_124626_463187/parallel_sensitivity_jobs/job_0073
REUSE COMPLETED JOB: 74 /home/yqt/XuanyiLi/RL-for-charging/revision_results/experiment_5_gpu_parallel_2500_5seeds_90s/20260925_124626_463187/parallel_sensitivity_jobs/job_0074
REUSE COMPLETED JOB: 0 /home/yqt/XuanyiLi/RL-for-charging/revision_results/experiment_5_gpu_parallel_2500_5seeds_90s/20260925_124626_463187/parallel_generalization_jobs/job_0000
REUSE COMPLETED JOB: 1 /home/yqt/XuanyiLi/RL-for-charging/revision_results/experiment_5_gpu_parallel_2500_5seeds_90s/20260925_124626_463187/parallel_generalization_jobs/job_0001
REUSE COMPLETED JOB: 2 /home/yqt/XuanyiLi/RL-for-charging/revision_results/experiment_5_gpu_parallel_2500_5seeds_90s/20260925_124626_463187/parallel_generalization_jobs/job_0002
REUSE COMPLETED JOB: 3 /home/yqt/XuanyiLi/RL-for-charging/revision_results/experiment_5_gpu_parallel_2500_5seeds_90s/20260925_124626_463187/parallel_generalization_jobs/job_0003
REUSE COMPLETED JOB: 4 /home/yqt/XuanyiLi/RL-for-charging/revision_results/experiment_5_gpu_parallel_2500_5seeds_90s/20260925_124626_463187/parallel_generalization_jobs/job_0004
REUSE COMPLETED JOB: 5 /home/yqt/XuanyiLi/RL-for-charging/revision_results/experiment_5_gpu_parallel_2500_5seeds_90s/20260925_124626_463187/parallel_generalization_jobs/job_0005
REUSE COMPLETED JOB: 6 /home/yqt/XuanyiLi/RL-for-charging/revision_results/experiment_5_gpu_parallel_2500_5seeds_90s/20260925_124626_463187/parallel_generalization_jobs/job_0006
REUSE COMPLETED JOB: 7 /home/yqt/XuanyiLi/RL-for-charging/revision_results/experiment_5_gpu_parallel_2500_5seeds_90s/20260925_124626_463187/parallel_generalization_jobs/job_0007
REUSE COMPLETED JOB: 8 /home/yqt/XuanyiLi/RL-for-charging/revision_results/experiment_5_gpu_parallel_2500_5seeds_90s/20260925_124626_463187/parallel_generalization_jobs/job_0008
REUSE COMPLETED JOB: 9 /home/yqt/XuanyiLi/RL-for-charging/revision_results/experiment_5_gpu_parallel_2500_5seeds_90s/20260925_124626_463187/parallel_generalization_jobs/job_0009
REUSE COMPLETED JOB: 10 /home/yqt/XuanyiLi/RL-for-charging/revision_results/experiment_5_gpu_parallel_2500_5seeds_90s/20260925_124626_463187/parallel_generalization_jobs/job_0010
REUSE COMPLETED JOB: 11 /home/yqt/XuanyiLi/RL-for-charging/revision_results/experiment_5_gpu_parallel_2500_5seeds_90s/20260925_124626_463187/parallel_generalization_jobs/job_0011
START JOB 13/20 GPU=GPU-780afb7e-e486-5609-c993-3e516926bbe4 LOG=/home/yqt/XuanyiLi/RL-for-charging/revision_results/experiment_5_gpu_parallel_2500_5seeds_90s/20260925_124626_463187/parallel_generalization_jobs/job_0012/worker.log
START JOB 14/20 GPU=GPU-a01ef2f2-32c0-4682-fb60-49448ba4ea61 LOG=/home/yqt/XuanyiLi/RL-for-charging/revision_results/experiment_5_gpu_parallel_2500_5seeds_90s/20260925_124626_463187/parallel_generalization_jobs/job_0013/worker.log
START JOB 15/20 GPU=GPU-780afb7e-e486-5609-c993-3e516926bbe4 LOG=/home/yqt/XuanyiLi/RL-for-charging/revision_results/experiment_5_gpu_parallel_2500_5seeds_90s/20260925_124626_463187/parallel_generalization_jobs/job_0014/worker.log
START JOB 16/20 GPU=GPU-a01ef2f2-32c0-4682-fb60-49448ba4ea61 LOG=/home/yqt/XuanyiLi/RL-for-charging/revision_results/experiment_5_gpu_parallel_2500_5seeds_90s/20260925_124626_463187/parallel_generalization_jobs/job_0015/worker.log
START JOB 17/20 GPU=GPU-780afb7e-e486-5609-c993-3e516926bbe4 LOG=/home/yqt/XuanyiLi/RL-for-charging/revision_results/experiment_5_gpu_parallel_2500_5seeds_90s/20260925_124626_463187/parallel_generalization_jobs/job_0016/worker.log
START JOB 18/20 GPU=GPU-a01ef2f2-32c0-4682-fb60-49448ba4ea61 LOG=/home/yqt/XuanyiLi/RL-for-charging/revision_results/experiment_5_gpu_parallel_2500_5seeds_90s/20260925_124626_463187/parallel_generalization_jobs/job_0017/worker.log
START JOB 19/20 GPU=GPU-780afb7e-e486-5609-c993-3e516926bbe4 LOG=/home/yqt/XuanyiLi/RL-for-charging/revision_results/experiment_5_gpu_parallel_2500_5seeds_90s/20260925_124626_463187/parallel_generalization_jobs/job_0018/worker.log
START JOB 20/20 GPU=GPU-a01ef2f2-32c0-4682-fb60-49448ba4ea61 LOG=/home/yqt/XuanyiLi/RL-for-charging/revision_results/experiment_5_gpu_parallel_2500_5seeds_90s/20260925_124626_463187/parallel_generalization_jobs/job_0019/worker.log
PARALLEL PROGRESS: 12/20 complete; 8 active
PARALLEL PROGRESS: 12/20 complete; 8 active
PARALLEL PROGRESS: 12/20 complete; 8 active
PARALLEL PROGRESS: 12/20 complete; 8 active
PARALLEL PROGRESS: 12/20 complete; 8 active
PARALLEL PROGRESS: 12/20 complete; 8 active
PARALLEL PROGRESS: 12/20 complete; 8 active
PARALLEL PROGRESS: 12/20 complete; 8 active
PARALLEL PROGRESS: 12/20 complete; 8 active
PARALLEL PROGRESS: 12/20 complete; 8 active
PARALLEL PROGRESS: 12/20 complete; 8 active
PARALLEL PROGRESS: 12/20 complete; 8 active
PARALLEL PROGRESS: 12/20 complete; 8 active
PARALLEL PROGRESS: 12/20 complete; 8 active
PARALLEL PROGRESS: 12/20 complete; 8 active
PARALLEL PROGRESS: 12/20 complete; 8 active
PARALLEL PROGRESS: 12/20 complete; 8 active
PARALLEL PROGRESS: 12/20 complete; 8 active
PARALLEL PROGRESS: 12/20 complete; 8 active
PARALLEL PROGRESS: 12/20 complete; 8 active
PARALLEL PROGRESS: 12/20 complete; 8 active
PARALLEL PROGRESS: 12/20 complete; 8 active
PARALLEL PROGRESS: 12/20 complete; 8 active
PARALLEL PROGRESS: 12/20 complete; 8 active
PARALLEL PROGRESS: 12/20 complete; 8 active
PARALLEL PROGRESS: 12/20 complete; 8 active
PARALLEL PROGRESS: 12/20 complete; 8 active
PARALLEL PROGRESS: 12/20 complete; 8 active
PARALLEL PROGRESS: 12/20 complete; 8 active
PARALLEL PROGRESS: 12/20 complete; 8 active
PARALLEL PROGRESS: 12/20 complete; 8 active
PARALLEL PROGRESS: 12/20 complete; 8 active
PARALLEL PROGRESS: 12/20 complete; 8 active
PARALLEL PROGRESS: 12/20 complete; 8 active
PARALLEL PROGRESS: 12/20 complete; 8 active
PARALLEL PROGRESS: 12/20 complete; 8 active
PARALLEL PROGRESS: 12/20 complete; 8 active
PARALLEL PROGRESS: 12/20 complete; 8 active
PARALLEL PROGRESS: 12/20 complete; 8 active
PARALLEL PROGRESS: 12/20 complete; 8 active
PARALLEL PROGRESS: 12/20 complete; 8 active
PARALLEL PROGRESS: 12/20 complete; 8 active
PARALLEL PROGRESS: 12/20 complete; 8 active
PARALLEL PROGRESS: 12/20 complete; 8 active
PARALLEL PROGRESS: 12/20 complete; 8 active
PARALLEL PROGRESS: 12/20 complete; 8 active
PARALLEL PROGRESS: 12/20 complete; 8 active
PARALLEL PROGRESS: 12/20 complete; 8 active
PARALLEL PROGRESS: 12/20 complete; 8 active
PARALLEL PROGRESS: 12/20 complete; 8 active
PARALLEL PROGRESS: 12/20 complete; 8 active
PARALLEL PROGRESS: 12/20 complete; 8 active
PARALLEL PROGRESS: 12/20 complete; 8 active
PARALLEL PROGRESS: 12/20 complete; 8 active
PARALLEL PROGRESS: 12/20 complete; 8 active
PARALLEL PROGRESS: 12/20 complete; 8 active
PARALLEL PROGRESS: 12/20 complete; 8 active
PARALLEL PROGRESS: 12/20 complete; 8 active
PARALLEL PROGRESS: 12/20 complete; 8 active
PARALLEL PROGRESS: 12/20 complete; 8 active
PARALLEL PROGRESS: 12/20 complete; 8 active
PARALLEL PROGRESS: 12/20 complete; 8 active
PARALLEL PROGRESS: 12/20 complete; 8 active
PARALLEL PROGRESS: 12/20 complete; 8 active
PARALLEL PROGRESS: 12/20 complete; 8 active
PARALLEL PROGRESS: 12/20 complete; 8 active
PARALLEL PROGRESS: 12/20 complete; 8 active
PARALLEL PROGRESS: 12/20 complete; 8 active
PARALLEL PROGRESS: 12/20 complete; 8 active
PARALLEL PROGRESS: 12/20 complete; 8 active
PARALLEL PROGRESS: 12/20 complete; 8 active
PARALLEL PROGRESS: 12/20 complete; 8 active
PARALLEL PROGRESS: 12/20 complete; 8 active
PARALLEL PROGRESS: 12/20 complete; 8 active
PARALLEL PROGRESS: 12/20 complete; 8 active
PARALLEL PROGRESS: 12/20 complete; 8 active
PARALLEL PROGRESS: 12/20 complete; 8 active
PARALLEL PROGRESS: 12/20 complete; 8 active
PARALLEL PROGRESS: 12/20 complete; 8 active
PARALLEL PROGRESS: 12/20 complete; 8 active
PARALLEL PROGRESS: 12/20 complete; 8 active
PARALLEL PROGRESS: 12/20 complete; 8 active
PARALLEL PROGRESS: 12/20 complete; 8 active
PARALLEL PROGRESS: 12/20 complete; 8 active
PARALLEL PROGRESS: 12/20 complete; 8 active
PARALLEL PROGRESS: 12/20 complete; 8 active
PARALLEL PROGRESS: 12/20 complete; 8 active
PARALLEL PROGRESS: 12/20 complete; 8 active
PARALLEL PROGRESS: 12/20 complete; 8 active
PARALLEL PROGRESS: 12/20 complete; 8 active
PARALLEL PROGRESS: 12/20 complete; 8 active
PARALLEL PROGRESS: 12/20 complete; 8 active
PARALLEL PROGRESS: 12/20 complete; 8 active
PARALLEL PROGRESS: 12/20 complete; 8 active
PARALLEL PROGRESS: 12/20 complete; 8 active
PARALLEL PROGRESS: 12/20 complete; 8 active
PARALLEL PROGRESS: 12/20 complete; 8 active
PARALLEL PROGRESS: 12/20 complete; 8 active
PARALLEL PROGRESS: 12/20 complete; 8 active
PARALLEL PROGRESS: 12/20 complete; 8 active
PARALLEL PROGRESS: 12/20 complete; 8 active
PARALLEL PROGRESS: 12/20 complete; 8 active
PARALLEL PROGRESS: 12/20 complete; 8 active
PARALLEL PROGRESS: 12/20 complete; 8 active
PARALLEL PROGRESS: 12/20 complete; 8 active
PARALLEL PROGRESS: 12/20 complete; 8 active
PARALLEL PROGRESS: 12/20 complete; 8 active
PARALLEL PROGRESS: 12/20 complete; 8 active
PARALLEL PROGRESS: 12/20 complete; 8 active
PARALLEL PROGRESS: 12/20 complete; 8 active
PARALLEL PROGRESS: 12/20 complete; 8 active
PARALLEL PROGRESS: 12/20 complete; 8 active
PARALLEL PROGRESS: 12/20 complete; 8 active
PARALLEL PROGRESS: 12/20 complete; 8 active
PARALLEL PROGRESS: 12/20 complete; 8 active
PARALLEL PROGRESS: 12/20 complete; 8 active
PARALLEL PROGRESS: 12/20 complete; 8 active
PARALLEL PROGRESS: 12/20 complete; 8 active
PARALLEL PROGRESS: 12/20 complete; 8 active
PARALLEL PROGRESS: 12/20 complete; 8 active
PARALLEL PROGRESS: 12/20 complete; 8 active
PARALLEL PROGRESS: 12/20 complete; 8 active
PARALLEL PROGRESS: 12/20 complete; 8 active
PARALLEL PROGRESS: 12/20 complete; 8 active
PARALLEL PROGRESS: 12/20 complete; 8 active
PARALLEL PROGRESS: 12/20 complete; 8 active
PARALLEL PROGRESS: 12/20 complete; 8 active
PARALLEL PROGRESS: 12/20 complete; 8 active
PARALLEL PROGRESS: 12/20 complete; 8 active
PARALLEL PROGRESS: 12/20 complete; 8 active
PARALLEL PROGRESS: 12/20 complete; 8 active
PARALLEL PROGRESS: 12/20 complete; 8 active
PARALLEL PROGRESS: 12/20 complete; 8 active
PARALLEL PROGRESS: 12/20 complete; 8 active
PARALLEL PROGRESS: 12/20 complete; 8 active
PARALLEL PROGRESS: 12/20 complete; 8 active
PARALLEL PROGRESS: 12/20 complete; 8 active
PARALLEL PROGRESS: 12/20 complete; 8 active
PARALLEL PROGRESS: 12/20 complete; 8 active
PARALLEL PROGRESS: 12/20 complete; 8 active
PARALLEL PROGRESS: 12/20 complete; 8 active
PARALLEL PROGRESS: 12/20 complete; 8 active
PARALLEL PROGRESS: 12/20 complete; 8 active
PARALLEL PROGRESS: 12/20 complete; 8 active
PARALLEL PROGRESS: 12/20 complete; 8 active
PARALLEL PROGRESS: 12/20 complete; 8 active
PARALLEL PROGRESS: 12/20 complete; 8 active
PARALLEL PROGRESS: 12/20 complete; 8 active
PARALLEL PROGRESS: 12/20 complete; 8 active
PARALLEL PROGRESS: 12/20 complete; 8 active
PARALLEL PROGRESS: 12/20 complete; 8 active
PARALLEL PROGRESS: 12/20 complete; 8 active
PARALLEL PROGRESS: 12/20 complete; 8 active
PARALLEL PROGRESS: 12/20 complete; 8 active
PARALLEL PROGRESS: 12/20 complete; 8 active
PARALLEL PROGRESS: 12/20 complete; 8 active
PARALLEL PROGRESS: 12/20 complete; 8 active
PARALLEL PROGRESS: 12/20 complete; 8 active
PARALLEL PROGRESS: 12/20 complete; 8 active
PARALLEL PROGRESS: 12/20 complete; 8 active
PARALLEL PROGRESS: 12/20 complete; 8 active
PARALLEL PROGRESS: 12/20 complete; 8 active
PARALLEL PROGRESS: 12/20 complete; 8 active
PARALLEL PROGRESS: 12/20 complete; 8 active
PARALLEL PROGRESS: 12/20 complete; 8 active
PARALLEL PROGRESS: 12/20 complete; 8 active
PARALLEL PROGRESS: 12/20 complete; 8 active
PARALLEL PROGRESS: 12/20 complete; 8 active
PARALLEL PROGRESS: 12/20 complete; 8 active
PARALLEL PROGRESS: 12/20 complete; 8 active
PARALLEL PROGRESS: 12/20 complete; 8 active
PARALLEL PROGRESS: 12/20 complete; 8 active
PARALLEL PROGRESS: 12/20 complete; 8 active
PARALLEL PROGRESS: 12/20 complete; 8 active
PARALLEL PROGRESS: 12/20 complete; 8 active
PARALLEL PROGRESS: 12/20 complete; 8 active
PARALLEL PROGRESS: 12/20 complete; 8 active
PARALLEL PROGRESS: 12/20 complete; 8 active
PARALLEL PROGRESS: 12/20 complete; 8 active
PARALLEL PROGRESS: 12/20 complete; 8 active
PARALLEL PROGRESS: 12/20 complete; 8 active
PARALLEL PROGRESS: 12/20 complete; 8 active
PARALLEL PROGRESS: 12/20 complete; 8 active
PARALLEL PROGRESS: 12/20 complete; 8 active
PARALLEL PROGRESS: 12/20 complete; 8 active
PARALLEL PROGRESS: 12/20 complete; 8 active
PARALLEL PROGRESS: 12/20 complete; 8 active
PARALLEL PROGRESS: 12/20 complete; 8 active
PARALLEL PROGRESS: 12/20 complete; 8 active
PARALLEL PROGRESS: 12/20 complete; 8 active
PARALLEL PROGRESS: 12/20 complete; 8 active
PARALLEL PROGRESS: 12/20 complete; 8 active
PARALLEL PROGRESS: 12/20 complete; 8 active
PARALLEL PROGRESS: 12/20 complete; 8 active
PARALLEL PROGRESS: 12/20 complete; 8 active
PARALLEL PROGRESS: 12/20 complete; 8 active
PARALLEL PROGRESS: 12/20 complete; 8 active
PARALLEL PROGRESS: 12/20 complete; 8 active
PARALLEL PROGRESS: 12/20 complete; 8 active
PARALLEL PROGRESS: 12/20 complete; 8 active
PARALLEL PROGRESS: 12/20 complete; 8 active
PARALLEL PROGRESS: 12/20 complete; 8 active
PARALLEL PROGRESS: 12/20 complete; 8 active
PARALLEL PROGRESS: 12/20 complete; 8 active
PARALLEL PROGRESS: 12/20 complete; 8 active
PARALLEL PROGRESS: 12/20 complete; 8 active
PARALLEL PROGRESS: 12/20 complete; 8 active
PARALLEL PROGRESS: 12/20 complete; 8 active
PARALLEL PROGRESS: 12/20 complete; 8 active
PARALLEL PROGRESS: 12/20 complete; 8 active
PARALLEL PROGRESS: 12/20 complete; 8 active
PARALLEL PROGRESS: 12/20 complete; 8 active
PARALLEL PROGRESS: 12/20 complete; 8 active
PARALLEL PROGRESS: 12/20 complete; 8 active
PARALLEL PROGRESS: 12/20 complete; 8 active
PARALLEL PROGRESS: 12/20 complete; 8 active
PARALLEL PROGRESS: 12/20 complete; 8 active
PARALLEL PROGRESS: 12/20 complete; 8 active
PARALLEL PROGRESS: 12/20 complete; 8 active
PARALLEL PROGRESS: 12/20 complete; 8 active
PARALLEL PROGRESS: 12/20 complete; 8 active
PARALLEL PROGRESS: 12/20 complete; 8 active
PARALLEL PROGRESS: 12/20 complete; 8 active
PARALLEL PROGRESS: 12/20 complete; 8 active
PARALLEL PROGRESS: 12/20 complete; 8 active
PARALLEL PROGRESS: 12/20 complete; 8 active
PARALLEL PROGRESS: 12/20 complete; 8 active
PARALLEL PROGRESS: 12/20 complete; 8 active
PARALLEL PROGRESS: 12/20 complete; 8 active
PARALLEL PROGRESS: 12/20 complete; 8 active
PARALLEL PROGRESS: 12/20 complete; 8 active
PARALLEL PROGRESS: 12/20 complete; 8 active
PARALLEL PROGRESS: 12/20 complete; 8 active
PARALLEL PROGRESS: 12/20 complete; 8 active
PARALLEL PROGRESS: 12/20 complete; 8 active
PARALLEL PROGRESS: 12/20 complete; 8 active
PARALLEL PROGRESS: 12/20 complete; 8 active
PARALLEL PROGRESS: 12/20 complete; 8 active
PARALLEL PROGRESS: 12/20 complete; 8 active
PARALLEL PROGRESS: 12/20 complete; 8 active
PARALLEL PROGRESS: 12/20 complete; 8 active
PARALLEL PROGRESS: 12/20 complete; 8 active
PARALLEL PROGRESS: 12/20 complete; 8 active
PARALLEL PROGRESS: 12/20 complete; 8 active
PARALLEL PROGRESS: 12/20 complete; 8 active
PARALLEL PROGRESS: 12/20 complete; 8 active
PARALLEL PROGRESS: 12/20 complete; 8 active
PARALLEL PROGRESS: 12/20 complete; 8 active
PARALLEL PROGRESS: 12/20 complete; 8 active
PARALLEL PROGRESS: 12/20 complete; 8 active
PARALLEL PROGRESS: 12/20 complete; 8 active
PARALLEL PROGRESS: 12/20 complete; 8 active
PARALLEL PROGRESS: 12/20 complete; 8 active
PARALLEL PROGRESS: 12/20 complete; 8 active
PARALLEL PROGRESS: 12/20 complete; 8 active
PARALLEL PROGRESS: 12/20 complete; 8 active
PARALLEL PROGRESS: 12/20 complete; 8 active
PARALLEL PROGRESS: 12/20 complete; 8 active
PARALLEL PROGRESS: 12/20 complete; 8 active
PARALLEL PROGRESS: 12/20 complete; 8 active
PARALLEL PROGRESS: 12/20 complete; 8 active
PARALLEL PROGRESS: 12/20 complete; 8 active
PARALLEL PROGRESS: 12/20 complete; 8 active
PARALLEL PROGRESS: 12/20 complete; 8 active
PARALLEL PROGRESS: 12/20 complete; 8 active
PARALLEL PROGRESS: 12/20 complete; 8 active
PARALLEL PROGRESS: 12/20 complete; 8 active
PARALLEL PROGRESS: 12/20 complete; 8 active
PARALLEL PROGRESS: 12/20 complete; 8 active
PARALLEL PROGRESS: 12/20 complete; 8 active
PARALLEL PROGRESS: 12/20 complete; 8 active
PARALLEL PROGRESS: 12/20 complete; 8 active
PARALLEL PROGRESS: 12/20 complete; 8 active
PARALLEL PROGRESS: 12/20 complete; 8 active
PARALLEL PROGRESS: 12/20 complete; 8 active
PARALLEL PROGRESS: 12/20 complete; 8 active
PARALLEL PROGRESS: 12/20 complete; 8 active
PARALLEL PROGRESS: 12/20 complete; 8 active
PARALLEL PROGRESS: 12/20 complete; 8 active
PARALLEL PROGRESS: 12/20 complete; 8 active
PARALLEL PROGRESS: 12/20 complete; 8 active
PARALLEL PROGRESS: 12/20 complete; 8 active
PARALLEL PROGRESS: 12/20 complete; 8 active
PARALLEL PROGRESS: 12/20 complete; 8 active
PARALLEL PROGRESS: 12/20 complete; 8 active
PARALLEL PROGRESS: 12/20 complete; 8 active
PARALLEL PROGRESS: 12/20 complete; 8 active
PARALLEL PROGRESS: 12/20 complete; 8 active
PARALLEL PROGRESS: 12/20 complete; 8 active
PARALLEL PROGRESS: 12/20 complete; 8 active
PARALLEL PROGRESS: 12/20 complete; 8 active
PARALLEL PROGRESS: 12/20 complete; 8 active
PARALLEL PROGRESS: 12/20 complete; 8 active
PARALLEL PROGRESS: 12/20 complete; 8 active
PARALLEL PROGRESS: 12/20 complete; 8 active
PARALLEL PROGRESS: 12/20 complete; 8 active
PARALLEL PROGRESS: 12/20 complete; 8 active
PARALLEL PROGRESS: 12/20 complete; 8 active
PARALLEL PROGRESS: 12/20 complete; 8 active
PARALLEL PROGRESS: 12/20 complete; 8 active
PARALLEL PROGRESS: 12/20 complete; 8 active
PARALLEL PROGRESS: 12/20 complete; 8 active
PARALLEL PROGRESS: 12/20 complete; 8 active
PARALLEL PROGRESS: 12/20 complete; 8 active
PARALLEL PROGRESS: 12/20 complete; 8 active
PARALLEL PROGRESS: 12/20 complete; 8 active
PARALLEL PROGRESS: 12/20 complete; 8 active
PARALLEL PROGRESS: 12/20 complete; 8 active
PARALLEL PROGRESS: 12/20 complete; 8 active
PARALLEL PROGRESS: 12/20 complete; 8 active
PARALLEL PROGRESS: 12/20 complete; 8 active
PARALLEL PROGRESS: 12/20 complete; 8 active
PARALLEL PROGRESS: 12/20 complete; 8 active
PARALLEL PROGRESS: 12/20 complete; 8 active
PARALLEL PROGRESS: 12/20 complete; 8 active
PARALLEL PROGRESS: 12/20 complete; 8 active
PARALLEL PROGRESS: 12/20 complete; 8 active
PARALLEL PROGRESS: 12/20 complete; 8 active
PARALLEL PROGRESS: 12/20 complete; 8 active
PARALLEL PROGRESS: 12/20 complete; 8 active
PARALLEL PROGRESS: 12/20 complete; 8 active
PARALLEL PROGRESS: 12/20 complete; 8 active
PARALLEL PROGRESS: 12/20 complete; 8 active
PARALLEL PROGRESS: 12/20 complete; 8 active
PARALLEL PROGRESS: 12/20 complete; 8 active
PARALLEL PROGRESS: 12/20 complete; 8 active
PARALLEL PROGRESS: 12/20 complete; 8 active
PARALLEL PROGRESS: 12/20 complete; 8 active
PARALLEL PROGRESS: 12/20 complete; 8 active
PARALLEL PROGRESS: 12/20 complete; 8 active
PARALLEL PROGRESS: 12/20 complete; 8 active
PARALLEL PROGRESS: 12/20 complete; 8 active
PARALLEL PROGRESS: 12/20 complete; 8 active
PARALLEL PROGRESS: 12/20 complete; 8 active
PARALLEL PROGRESS: 12/20 complete; 8 active
PARALLEL PROGRESS: 12/20 complete; 8 active
PARALLEL PROGRESS: 12/20 complete; 8 active
PARALLEL PROGRESS: 12/20 complete; 8 active
PARALLEL PROGRESS: 12/20 complete; 8 active
PARALLEL PROGRESS: 12/20 complete; 8 active
PARALLEL PROGRESS: 12/20 complete; 8 active
PARALLEL PROGRESS: 12/20 complete; 8 active
PARALLEL PROGRESS: 12/20 complete; 8 active
PARALLEL PROGRESS: 12/20 complete; 8 active
PARALLEL PROGRESS: 12/20 complete; 8 active
PARALLEL PROGRESS: 12/20 complete; 8 active
PARALLEL PROGRESS: 12/20 complete; 8 active
PARALLEL PROGRESS: 12/20 complete; 8 active
PARALLEL PROGRESS: 12/20 complete; 8 active
PARALLEL PROGRESS: 12/20 complete; 8 active
PARALLEL PROGRESS: 12/20 complete; 8 active
PARALLEL PROGRESS: 12/20 complete; 8 active
PARALLEL PROGRESS: 12/20 complete; 8 active
PARALLEL PROGRESS: 12/20 complete; 8 active
PARALLEL PROGRESS: 12/20 complete; 8 active
PARALLEL PROGRESS: 12/20 complete; 8 active
PARALLEL PROGRESS: 12/20 complete; 8 active
PARALLEL PROGRESS: 12/20 complete; 8 active
PARALLEL PROGRESS: 12/20 complete; 8 active
PARALLEL PROGRESS: 12/20 complete; 8 active
PARALLEL PROGRESS: 12/20 complete; 8 active
PARALLEL PROGRESS: 12/20 complete; 8 active
PARALLEL PROGRESS: 12/20 complete; 8 active
PARALLEL PROGRESS: 12/20 complete; 8 active
PARALLEL PROGRESS: 12/20 complete; 8 active
PARALLEL PROGRESS: 12/20 complete; 8 active
PARALLEL PROGRESS: 12/20 complete; 8 active
PARALLEL PROGRESS: 12/20 complete; 8 active
PARALLEL PROGRESS: 12/20 complete; 8 active
PARALLEL PROGRESS: 12/20 complete; 8 active
PARALLEL PROGRESS: 12/20 complete; 8 active
PARALLEL PROGRESS: 12/20 complete; 8 active
PARALLEL PROGRESS: 12/20 complete; 8 active
PARALLEL PROGRESS: 12/20 complete; 8 active
PARALLEL PROGRESS: 12/20 complete; 8 active
PARALLEL PROGRESS: 12/20 complete; 8 active
PARALLEL PROGRESS: 12/20 complete; 8 active
PARALLEL PROGRESS: 12/20 complete; 8 active
PARALLEL PROGRESS: 12/20 complete; 8 active
PARALLEL PROGRESS: 12/20 complete; 8 active
PARALLEL PROGRESS: 12/20 complete; 8 active
PARALLEL PROGRESS: 12/20 complete; 8 active
PARALLEL PROGRESS: 12/20 complete; 8 active
PARALLEL PROGRESS: 12/20 complete; 8 active
PARALLEL PROGRESS: 12/20 complete; 8 active
PARALLEL PROGRESS: 12/20 complete; 8 active
PARALLEL PROGRESS: 12/20 complete; 8 active
PARALLEL PROGRESS: 12/20 complete; 8 active
PARALLEL PROGRESS: 12/20 complete; 8 active
PARALLEL PROGRESS: 12/20 complete; 8 active
PARALLEL PROGRESS: 12/20 complete; 8 active
PARALLEL PROGRESS: 12/20 complete; 8 active
PARALLEL PROGRESS: 12/20 complete; 8 active
PARALLEL PROGRESS: 12/20 complete; 8 active
PARALLEL PROGRESS: 12/20 complete; 8 active
PARALLEL PROGRESS: 12/20 complete; 8 active
PARALLEL PROGRESS: 12/20 complete; 8 active
PARALLEL PROGRESS: 12/20 complete; 8 active
PARALLEL PROGRESS: 12/20 complete; 8 active
PARALLEL PROGRESS: 12/20 complete; 8 active
PARALLEL PROGRESS: 12/20 complete; 8 active
PARALLEL PROGRESS: 12/20 complete; 8 active
PARALLEL PROGRESS: 12/20 complete; 8 active
PARALLEL PROGRESS: 12/20 complete; 8 active
PARALLEL PROGRESS: 12/20 complete; 8 active
PARALLEL PROGRESS: 12/20 complete; 8 active
PARALLEL PROGRESS: 12/20 complete; 8 active
PARALLEL PROGRESS: 12/20 complete; 8 active
PARALLEL PROGRESS: 12/20 complete; 8 active
PARALLEL PROGRESS: 12/20 complete; 8 active
PARALLEL PROGRESS: 12/20 complete; 8 active
PARALLEL PROGRESS: 12/20 complete; 8 active
PARALLEL PROGRESS: 12/20 complete; 8 active
PARALLEL PROGRESS: 12/20 complete; 8 active
PARALLEL PROGRESS: 12/20 complete; 8 active
PARALLEL PROGRESS: 12/20 complete; 8 active
PARALLEL PROGRESS: 12/20 complete; 8 active
PARALLEL PROGRESS: 12/20 complete; 8 active
PARALLEL PROGRESS: 12/20 complete; 8 active
PARALLEL PROGRESS: 12/20 complete; 8 active
PARALLEL PROGRESS: 12/20 complete; 8 active
PARALLEL PROGRESS: 12/20 complete; 8 active
PARALLEL PROGRESS: 12/20 complete; 8 active
PARALLEL PROGRESS: 12/20 complete; 8 active
FINISH JOB 18/20 (13 complete)
PARALLEL PROGRESS: 13/20 complete; 7 active
PARALLEL PROGRESS: 13/20 complete; 7 active
PARALLEL PROGRESS: 13/20 complete; 7 active
PARALLEL PROGRESS: 13/20 complete; 7 active
PARALLEL PROGRESS: 13/20 complete; 7 active
PARALLEL PROGRESS: 13/20 complete; 7 active
PARALLEL PROGRESS: 13/20 complete; 7 active
PARALLEL PROGRESS: 13/20 complete; 7 active
PARALLEL PROGRESS: 13/20 complete; 7 active
PARALLEL PROGRESS: 13/20 complete; 7 active
PARALLEL PROGRESS: 13/20 complete; 7 active
PARALLEL PROGRESS: 13/20 complete; 7 active
PARALLEL PROGRESS: 13/20 complete; 7 active
PARALLEL PROGRESS: 13/20 complete; 7 active
PARALLEL PROGRESS: 13/20 complete; 7 active
PARALLEL PROGRESS: 13/20 complete; 7 active
PARALLEL PROGRESS: 13/20 complete; 7 active
PARALLEL PROGRESS: 13/20 complete; 7 active
PARALLEL PROGRESS: 13/20 complete; 7 active
PARALLEL PROGRESS: 13/20 complete; 7 active
PARALLEL PROGRESS: 13/20 complete; 7 active
PARALLEL PROGRESS: 13/20 complete; 7 active
PARALLEL PROGRESS: 13/20 complete; 7 active
PARALLEL PROGRESS: 13/20 complete; 7 active
PARALLEL PROGRESS: 13/20 complete; 7 active
PARALLEL PROGRESS: 13/20 complete; 7 active
PARALLEL PROGRESS: 13/20 complete; 7 active
PARALLEL PROGRESS: 13/20 complete; 7 active
PARALLEL PROGRESS: 13/20 complete; 7 active
PARALLEL PROGRESS: 13/20 complete; 7 active
PARALLEL PROGRESS: 13/20 complete; 7 active
PARALLEL PROGRESS: 13/20 complete; 7 active
PARALLEL PROGRESS: 13/20 complete; 7 active
PARALLEL PROGRESS: 13/20 complete; 7 active
PARALLEL PROGRESS: 13/20 complete; 7 active
PARALLEL PROGRESS: 13/20 complete; 7 active
PARALLEL PROGRESS: 13/20 complete; 7 active
PARALLEL PROGRESS: 13/20 complete; 7 active
PARALLEL PROGRESS: 13/20 complete; 7 active
FINISH JOB 16/20 (14 complete)
PARALLEL PROGRESS: 14/20 complete; 6 active
PARALLEL PROGRESS: 14/20 complete; 6 active
PARALLEL PROGRESS: 14/20 complete; 6 active
PARALLEL PROGRESS: 14/20 complete; 6 active
PARALLEL PROGRESS: 14/20 complete; 6 active
PARALLEL PROGRESS: 14/20 complete; 6 active
PARALLEL PROGRESS: 14/20 complete; 6 active
PARALLEL PROGRESS: 14/20 complete; 6 active
PARALLEL PROGRESS: 14/20 complete; 6 active
PARALLEL PROGRESS: 14/20 complete; 6 active
PARALLEL PROGRESS: 14/20 complete; 6 active
PARALLEL PROGRESS: 14/20 complete; 6 active
PARALLEL PROGRESS: 14/20 complete; 6 active
PARALLEL PROGRESS: 14/20 complete; 6 active
PARALLEL PROGRESS: 14/20 complete; 6 active
PARALLEL PROGRESS: 14/20 complete; 6 active
PARALLEL PROGRESS: 14/20 complete; 6 active
PARALLEL PROGRESS: 14/20 complete; 6 active
PARALLEL PROGRESS: 14/20 complete; 6 active
PARALLEL PROGRESS: 14/20 complete; 6 active
PARALLEL PROGRESS: 14/20 complete; 6 active
PARALLEL PROGRESS: 14/20 complete; 6 active
PARALLEL PROGRESS: 14/20 complete; 6 active
PARALLEL PROGRESS: 14/20 complete; 6 active
PARALLEL PROGRESS: 14/20 complete; 6 active
PARALLEL PROGRESS: 14/20 complete; 6 active
PARALLEL PROGRESS: 14/20 complete; 6 active
PARALLEL PROGRESS: 14/20 complete; 6 active
PARALLEL PROGRESS: 14/20 complete; 6 active
PARALLEL PROGRESS: 14/20 complete; 6 active
PARALLEL PROGRESS: 14/20 complete; 6 active
PARALLEL PROGRESS: 14/20 complete; 6 active
PARALLEL PROGRESS: 14/20 complete; 6 active
PARALLEL PROGRESS: 14/20 complete; 6 active
PARALLEL PROGRESS: 14/20 complete; 6 active
PARALLEL PROGRESS: 14/20 complete; 6 active
PARALLEL PROGRESS: 14/20 complete; 6 active
PARALLEL PROGRESS: 14/20 complete; 6 active
PARALLEL PROGRESS: 14/20 complete; 6 active
PARALLEL PROGRESS: 14/20 complete; 6 active
PARALLEL PROGRESS: 14/20 complete; 6 active
PARALLEL PROGRESS: 14/20 complete; 6 active
PARALLEL PROGRESS: 14/20 complete; 6 active
PARALLEL PROGRESS: 14/20 complete; 6 active
PARALLEL PROGRESS: 14/20 complete; 6 active
PARALLEL PROGRESS: 14/20 complete; 6 active
PARALLEL PROGRESS: 14/20 complete; 6 active
PARALLEL PROGRESS: 14/20 complete; 6 active
PARALLEL PROGRESS: 14/20 complete; 6 active
PARALLEL PROGRESS: 14/20 complete; 6 active
PARALLEL PROGRESS: 14/20 complete; 6 active
PARALLEL PROGRESS: 14/20 complete; 6 active
PARALLEL PROGRESS: 14/20 complete; 6 active
PARALLEL PROGRESS: 14/20 complete; 6 active
PARALLEL PROGRESS: 14/20 complete; 6 active
PARALLEL PROGRESS: 14/20 complete; 6 active
PARALLEL PROGRESS: 14/20 complete; 6 active
PARALLEL PROGRESS: 14/20 complete; 6 active
PARALLEL PROGRESS: 14/20 complete; 6 active
PARALLEL PROGRESS: 14/20 complete; 6 active
FINISH JOB 14/20 (15 complete)
PARALLEL PROGRESS: 15/20 complete; 5 active
PARALLEL PROGRESS: 15/20 complete; 5 active
PARALLEL PROGRESS: 15/20 complete; 5 active
PARALLEL PROGRESS: 15/20 complete; 5 active
PARALLEL PROGRESS: 15/20 complete; 5 active
PARALLEL PROGRESS: 15/20 complete; 5 active
PARALLEL PROGRESS: 15/20 complete; 5 active
PARALLEL PROGRESS: 15/20 complete; 5 active
PARALLEL PROGRESS: 15/20 complete; 5 active
PARALLEL PROGRESS: 15/20 complete; 5 active
PARALLEL PROGRESS: 15/20 complete; 5 active
PARALLEL PROGRESS: 15/20 complete; 5 active
PARALLEL PROGRESS: 15/20 complete; 5 active
PARALLEL PROGRESS: 15/20 complete; 5 active
PARALLEL PROGRESS: 15/20 complete; 5 active
PARALLEL PROGRESS: 15/20 complete; 5 active
PARALLEL PROGRESS: 15/20 complete; 5 active
PARALLEL PROGRESS: 15/20 complete; 5 active
PARALLEL PROGRESS: 15/20 complete; 5 active
PARALLEL PROGRESS: 15/20 complete; 5 active
PARALLEL PROGRESS: 15/20 complete; 5 active
PARALLEL PROGRESS: 15/20 complete; 5 active
PARALLEL PROGRESS: 15/20 complete; 5 active
PARALLEL PROGRESS: 15/20 complete; 5 active
PARALLEL PROGRESS: 15/20 complete; 5 active
PARALLEL PROGRESS: 15/20 complete; 5 active
PARALLEL PROGRESS: 15/20 complete; 5 active
PARALLEL PROGRESS: 15/20 complete; 5 active
FINISH JOB 15/20 (16 complete)
PARALLEL PROGRESS: 16/20 complete; 4 active
PARALLEL PROGRESS: 16/20 complete; 4 active
PARALLEL PROGRESS: 16/20 complete; 4 active
PARALLEL PROGRESS: 16/20 complete; 4 active
PARALLEL PROGRESS: 16/20 complete; 4 active
PARALLEL PROGRESS: 16/20 complete; 4 active
PARALLEL PROGRESS: 16/20 complete; 4 active
PARALLEL PROGRESS: 16/20 complete; 4 active
PARALLEL PROGRESS: 16/20 complete; 4 active
PARALLEL PROGRESS: 16/20 complete; 4 active
PARALLEL PROGRESS: 16/20 complete; 4 active
PARALLEL PROGRESS: 16/20 complete; 4 active
PARALLEL PROGRESS: 16/20 complete; 4 active
PARALLEL PROGRESS: 16/20 complete; 4 active
PARALLEL PROGRESS: 16/20 complete; 4 active
PARALLEL PROGRESS: 16/20 complete; 4 active
PARALLEL PROGRESS: 16/20 complete; 4 active
PARALLEL PROGRESS: 16/20 complete; 4 active
PARALLEL PROGRESS: 16/20 complete; 4 active
PARALLEL PROGRESS: 16/20 complete; 4 active
PARALLEL PROGRESS: 16/20 complete; 4 active
PARALLEL PROGRESS: 16/20 complete; 4 active
PARALLEL PROGRESS: 16/20 complete; 4 active
PARALLEL PROGRESS: 16/20 complete; 4 active
PARALLEL PROGRESS: 16/20 complete; 4 active
PARALLEL PROGRESS: 16/20 complete; 4 active
PARALLEL PROGRESS: 16/20 complete; 4 active
PARALLEL PROGRESS: 16/20 complete; 4 active
PARALLEL PROGRESS: 16/20 complete; 4 active
PARALLEL PROGRESS: 16/20 complete; 4 active
PARALLEL PROGRESS: 16/20 complete; 4 active
PARALLEL PROGRESS: 16/20 complete; 4 active
PARALLEL PROGRESS: 16/20 complete; 4 active
PARALLEL PROGRESS: 16/20 complete; 4 active
PARALLEL PROGRESS: 16/20 complete; 4 active
PARALLEL PROGRESS: 16/20 complete; 4 active
PARALLEL PROGRESS: 16/20 complete; 4 active
PARALLEL PROGRESS: 16/20 complete; 4 active
PARALLEL PROGRESS: 16/20 complete; 4 active
PARALLEL PROGRESS: 16/20 complete; 4 active
PARALLEL PROGRESS: 16/20 complete; 4 active
PARALLEL PROGRESS: 16/20 complete; 4 active
PARALLEL PROGRESS: 16/20 complete; 4 active
PARALLEL PROGRESS: 16/20 complete; 4 active
PARALLEL PROGRESS: 16/20 complete; 4 active
PARALLEL PROGRESS: 16/20 complete; 4 active
PARALLEL PROGRESS: 16/20 complete; 4 active
PARALLEL PROGRESS: 16/20 complete; 4 active
PARALLEL PROGRESS: 16/20 complete; 4 active
PARALLEL PROGRESS: 16/20 complete; 4 active
PARALLEL PROGRESS: 16/20 complete; 4 active
PARALLEL PROGRESS: 16/20 complete; 4 active
PARALLEL PROGRESS: 16/20 complete; 4 active
PARALLEL PROGRESS: 16/20 complete; 4 active
PARALLEL PROGRESS: 16/20 complete; 4 active
PARALLEL PROGRESS: 16/20 complete; 4 active
PARALLEL PROGRESS: 16/20 complete; 4 active
PARALLEL PROGRESS: 16/20 complete; 4 active
PARALLEL PROGRESS: 16/20 complete; 4 active
PARALLEL PROGRESS: 16/20 complete; 4 active
PARALLEL PROGRESS: 16/20 complete; 4 active
PARALLEL PROGRESS: 16/20 complete; 4 active
PARALLEL PROGRESS: 16/20 complete; 4 active
PARALLEL PROGRESS: 16/20 complete; 4 active
PARALLEL PROGRESS: 16/20 complete; 4 active
PARALLEL PROGRESS: 16/20 complete; 4 active
PARALLEL PROGRESS: 16/20 complete; 4 active
PARALLEL PROGRESS: 16/20 complete; 4 active
PARALLEL PROGRESS: 16/20 complete; 4 active
PARALLEL PROGRESS: 16/20 complete; 4 active
PARALLEL PROGRESS: 16/20 complete; 4 active
FINISH JOB 13/20 (17 complete)
PARALLEL PROGRESS: 17/20 complete; 3 active
PARALLEL PROGRESS: 17/20 complete; 3 active
PARALLEL PROGRESS: 17/20 complete; 3 active
FINISH JOB 20/20 (18 complete)
PARALLEL PROGRESS: 18/20 complete; 2 active
PARALLEL PROGRESS: 18/20 complete; 2 active
PARALLEL PROGRESS: 18/20 complete; 2 active
PARALLEL PROGRESS: 18/20 complete; 2 active
PARALLEL PROGRESS: 18/20 complete; 2 active
PARALLEL PROGRESS: 18/20 complete; 2 active
PARALLEL PROGRESS: 18/20 complete; 2 active
PARALLEL PROGRESS: 18/20 complete; 2 active
PARALLEL PROGRESS: 18/20 complete; 2 active
PARALLEL PROGRESS: 18/20 complete; 2 active
PARALLEL PROGRESS: 18/20 complete; 2 active
PARALLEL PROGRESS: 18/20 complete; 2 active
PARALLEL PROGRESS: 18/20 complete; 2 active
PARALLEL PROGRESS: 18/20 complete; 2 active
PARALLEL PROGRESS: 18/20 complete; 2 active
PARALLEL PROGRESS: 18/20 complete; 2 active
PARALLEL PROGRESS: 18/20 complete; 2 active
PARALLEL PROGRESS: 18/20 complete; 2 active
PARALLEL PROGRESS: 18/20 complete; 2 active
PARALLEL PROGRESS: 18/20 complete; 2 active
PARALLEL PROGRESS: 18/20 complete; 2 active
PARALLEL PROGRESS: 18/20 complete; 2 active
PARALLEL PROGRESS: 18/20 complete; 2 active
PARALLEL PROGRESS: 18/20 complete; 2 active
PARALLEL PROGRESS: 18/20 complete; 2 active
PARALLEL PROGRESS: 18/20 complete; 2 active
PARALLEL PROGRESS: 18/20 complete; 2 active
PARALLEL PROGRESS: 18/20 complete; 2 active
PARALLEL PROGRESS: 18/20 complete; 2 active
PARALLEL PROGRESS: 18/20 complete; 2 active
PARALLEL PROGRESS: 18/20 complete; 2 active
PARALLEL PROGRESS: 18/20 complete; 2 active
PARALLEL PROGRESS: 18/20 complete; 2 active
PARALLEL PROGRESS: 18/20 complete; 2 active
PARALLEL PROGRESS: 18/20 complete; 2 active
PARALLEL PROGRESS: 18/20 complete; 2 active
PARALLEL PROGRESS: 18/20 complete; 2 active
PARALLEL PROGRESS: 18/20 complete; 2 active
PARALLEL PROGRESS: 18/20 complete; 2 active
PARALLEL PROGRESS: 18/20 complete; 2 active
PARALLEL PROGRESS: 18/20 complete; 2 active
PARALLEL PROGRESS: 18/20 complete; 2 active
PARALLEL PROGRESS: 18/20 complete; 2 active
PARALLEL PROGRESS: 18/20 complete; 2 active
PARALLEL PROGRESS: 18/20 complete; 2 active
PARALLEL PROGRESS: 18/20 complete; 2 active
PARALLEL PROGRESS: 18/20 complete; 2 active
PARALLEL PROGRESS: 18/20 complete; 2 active
PARALLEL PROGRESS: 18/20 complete; 2 active
PARALLEL PROGRESS: 18/20 complete; 2 active
PARALLEL PROGRESS: 18/20 complete; 2 active
PARALLEL PROGRESS: 18/20 complete; 2 active
PARALLEL PROGRESS: 18/20 complete; 2 active
PARALLEL PROGRESS: 18/20 complete; 2 active
PARALLEL PROGRESS: 18/20 complete; 2 active
PARALLEL PROGRESS: 18/20 complete; 2 active
PARALLEL PROGRESS: 18/20 complete; 2 active
PARALLEL PROGRESS: 18/20 complete; 2 active
PARALLEL PROGRESS: 18/20 complete; 2 active
PARALLEL PROGRESS: 18/20 complete; 2 active
PARALLEL PROGRESS: 18/20 complete; 2 active
PARALLEL PROGRESS: 18/20 complete; 2 active
PARALLEL PROGRESS: 18/20 complete; 2 active
PARALLEL PROGRESS: 18/20 complete; 2 active
PARALLEL PROGRESS: 18/20 complete; 2 active
PARALLEL PROGRESS: 18/20 complete; 2 active
PARALLEL PROGRESS: 18/20 complete; 2 active
PARALLEL PROGRESS: 18/20 complete; 2 active
PARALLEL PROGRESS: 18/20 complete; 2 active
PARALLEL PROGRESS: 18/20 complete; 2 active
PARALLEL PROGRESS: 18/20 complete; 2 active
PARALLEL PROGRESS: 18/20 complete; 2 active
PARALLEL PROGRESS: 18/20 complete; 2 active
PARALLEL PROGRESS: 18/20 complete; 2 active
PARALLEL PROGRESS: 18/20 complete; 2 active
PARALLEL PROGRESS: 18/20 complete; 2 active
PARALLEL PROGRESS: 18/20 complete; 2 active
PARALLEL PROGRESS: 18/20 complete; 2 active
PARALLEL PROGRESS: 18/20 complete; 2 active
FINISH JOB 19/20 (19 complete)
PARALLEL PROGRESS: 19/20 complete; 1 active
PARALLEL PROGRESS: 19/20 complete; 1 active
PARALLEL PROGRESS: 19/20 complete; 1 active
PARALLEL PROGRESS: 19/20 complete; 1 active
PARALLEL PROGRESS: 19/20 complete; 1 active
PARALLEL PROGRESS: 19/20 complete; 1 active
PARALLEL PROGRESS: 19/20 complete; 1 active
PARALLEL PROGRESS: 19/20 complete; 1 active
PARALLEL PROGRESS: 19/20 complete; 1 active
PARALLEL PROGRESS: 19/20 complete; 1 active
PARALLEL PROGRESS: 19/20 complete; 1 active
PARALLEL PROGRESS: 19/20 complete; 1 active
PARALLEL PROGRESS: 19/20 complete; 1 active
PARALLEL PROGRESS: 19/20 complete; 1 active
PARALLEL PROGRESS: 19/20 complete; 1 active
PARALLEL PROGRESS: 19/20 complete; 1 active
PARALLEL PROGRESS: 19/20 complete; 1 active
PARALLEL PROGRESS: 19/20 complete; 1 active
PARALLEL PROGRESS: 19/20 complete; 1 active
PARALLEL PROGRESS: 19/20 complete; 1 active
PARALLEL PROGRESS: 19/20 complete; 1 active
PARALLEL PROGRESS: 19/20 complete; 1 active
PARALLEL PROGRESS: 19/20 complete; 1 active
PARALLEL PROGRESS: 19/20 complete; 1 active
PARALLEL PROGRESS: 19/20 complete; 1 active
PARALLEL PROGRESS: 19/20 complete; 1 active
PARALLEL PROGRESS: 19/20 complete; 1 active
PARALLEL PROGRESS: 19/20 complete; 1 active
PARALLEL PROGRESS: 19/20 complete; 1 active
PARALLEL PROGRESS: 19/20 complete; 1 active
PARALLEL PROGRESS: 19/20 complete; 1 active
PARALLEL PROGRESS: 19/20 complete; 1 active
PARALLEL PROGRESS: 19/20 complete; 1 active
PARALLEL PROGRESS: 19/20 complete; 1 active
PARALLEL PROGRESS: 19/20 complete; 1 active
PARALLEL PROGRESS: 19/20 complete; 1 active
PARALLEL PROGRESS: 19/20 complete; 1 active
PARALLEL PROGRESS: 19/20 complete; 1 active
PARALLEL PROGRESS: 19/20 complete; 1 active
PARALLEL PROGRESS: 19/20 complete; 1 active
PARALLEL PROGRESS: 19/20 complete; 1 active
PARALLEL PROGRESS: 19/20 complete; 1 active
PARALLEL PROGRESS: 19/20 complete; 1 active
PARALLEL PROGRESS: 19/20 complete; 1 active
PARALLEL PROGRESS: 19/20 complete; 1 active
PARALLEL PROGRESS: 19/20 complete; 1 active
FINISH JOB 17/20 (20 complete)
COMPLETED: /home/yqt/XuanyiLi/RL-for-charging/revision_results/experiment_5_gpu_parallel_2500_5seeds_90s/20260925_124626_463187
