decision_index,phase,time_s,duration_s,requested_current_A,screened_current_A,executed_current_A,reward,goal,failure_reason,protective_stop,numerical_failure,post_switch_peak_unknown,intervention,filter_wall_s,safety_details,reward_terms
0,charge,90.0,90.0,"[7.5, 7.5, 3.0]","[7.5, 7.5, 3.0]","[7.5, 7.5, 3.0]",-10.803936214135527,False,,False,False,False,False,0.9568672000023071,"{""requested_current_A"": [7.5, 7.5, 3.0], ""applied_current_A"": [7.5, 7.5, 3.0], ""intervention"": false, ""infeasible"": false, ""reason"": ""Requested currents passed nominal screening"", ""voltage_margin_V"": 0.03, ""temperature_margin_K"": 1.0, ""soc_max"": 0.95, ""voltage_guard_V"": 4.17, ""temperature_guard_K"": 308.0, ""nominal_state"": [[0.1822215267555887, 3.4677435054485657, 298.15], [0.16965328132944463, 3.4776025883178185, 298.15], [0.6577180729827422, 3.91438613066194, 298.15]], ""observation"": [[0.1822215267555887, 3.4677435054485657, 298.15], [0.16965328132944463, 3.4776025883178185, 298.15], [0.6577180729827422, 3.91438613066194, 298.15]], ""positive_voltage_bias_V"": [0.0, 0.0, 0.0], ""positive_temperature_bias_K"": [0.0, 0.0, 0.0], ""absolute_soc_bias"": [0.0, 0.0, 0.0], ""cells"": [{""cell_index"": 0, ""candidate_count"": 1, ""feasible"": true, ""rejections"": [], ""current_A"": 7.5, ""nominal_next_peaks"": {""voltage_V"": 3.733404356192022, ""temperature_K"": 298.7024125973263, ""soc"": 0.22626170936962656}, ""nominal_backup_peaks"": {""voltage_V"": 3.555739327576922, ""temperature_K"": 298.7024125973263, ""soc"": 0.22626170936962853}, ""bias_adjusted_peaks"": {""voltage_V"": 3.733404356192022, ""temperature_K"": 298.7024125973263, ""soc"": 0.22626170936962853}}, {""cell_index"": 1, ""candidate_count"": 1, ""feasible"": true, ""rejections"": [], ""current_A"": 7.5, ""nominal_next_peaks"": {""voltage_V"": 3.7492730103362835, ""temperature_K"": 298.6360393208214, ""soc"": 0.21630887965863377}, ""nominal_backup_peaks"": {""voltage_V"": 3.5680053715094218, ""temperature_K"": 298.6360393208214, ""soc"": 0.21630887965864107}, ""bias_adjusted_peaks"": {""voltage_V"": 3.7492730103362835, ""temperature_K"": 298.6360393208214, ""soc"": 0.21630887965864107}}, {""cell_index"": 2, ""candidate_count"": 1, ""feasible"": true, ""rejections"": [], ""current_A"": 3.0, ""nominal_next_peaks"": {""voltage_V"": 4.051950774582906, ""temperature_K"": 298.2272540904791, ""soc"": 0.6772588827873182}, ""nominal_backup_peaks"": {""voltage_V"": 3.9673087495167794, ""temperature_K"": 298.2272540904791, ""soc"": 0.6772588827873182}, ""bias_adjusted_peaks"": {""voltage_V"": 4.051950774582906, ""temperature_K"": 298.2272540904791, ""soc"": 0.6772588827873182}}], ""candidate_solve_count"": 6, ""screen_horizon_s"": 90.0, ""zero_current_backup_horizon_s"": 90.0, ""safety_guarantee"": ""finite-horizon sampled screen only"", ""filter_wall_time_s"": 0.9568308999987494}","{""time"": -0.75, ""balance"": -10.053936214135527, ""voltage"": -0.0, ""temperature"": -0.0, ""numerical_failure"": 0.0, ""protective_stop"": 0.0}"
1,charge,180.0,90.0,"[7.5, 7.5, 3.0]","[7.5, 7.5, 3.0]","[7.5, 7.5, 3.0]",-10.19475944783744,False,,False,False,False,False,0.6108598000027996,"{""requested_current_A"": [7.5, 7.5, 3.0], ""applied_current_A"": [7.5, 7.5, 3.0], ""intervention"": false, ""infeasible"": false, ""reason"": ""Requested currents passed nominal screening"", ""voltage_margin_V"": 0.03, ""temperature_margin_K"": 1.0, ""soc_max"": 0.95, ""voltage_guard_V"": 4.17, ""temperature_guard_K"": 308.0, ""nominal_state"": [[0.22626170936962708, 3.733404356192022, 298.7024125973263], [0.21630887965863432, 3.7492730103362835, 298.6360393208214], [0.6772588827873186, 4.051950774582906, 298.2272540904791]], ""observation"": [[0.2262617093696266, 3.7344241392302004, 298.72763996840393], [0.216308879658632, 3.7495058445827505, 298.62530253841857], [0.6772588827873102, 4.051924668419993, 298.2280543214876]], ""positive_voltage_bias_V"": [0.0010197830381786233, 0.00023283424646702855, 0.0], ""positive_temperature_bias_K"": [0.02522737107761941, 0.0, 0.0008002310084975761], ""absolute_soc_bias"": [4.718447854656915e-16, 2.3314683517128287e-15, 8.43769498715119e-15], ""cells"": [{""cell_index"": 0, ""candidate_count"": 1, ""feasible"": true, ""rejections"": [], ""current_A"": 7.5, ""nominal_next_peaks"": {""voltage_V"": 3.784363480569225, ""temperature_K"": 299.2728627347334, ""soc"": 0.270301891983667}, ""nominal_backup_peaks"": {""voltage_V"": 3.6092995473426006, ""temperature_K"": 299.2728627347334, ""soc"": 0.2703018919836671}, ""bias_adjusted_peaks"": {""voltage_V"": 3.7853832636074034, ""temperature_K"": 299.298090105811, ""soc"": 0.2703018919836676}}, {""cell_index"": 1, ""candidate_count"": 1, ""feasible"": true, ""rejections"": [], ""current_A"": 7.5, ""nominal_next_peaks"": {""voltage_V"": 3.8015352297939247, ""temperature_K"": 299.13702917239596, ""soc"": 0.2629644779878244}, ""nominal_backup_peaks"": {""voltage_V"": 3.6229466541436546, ""temperature_K"": 299.13702917239596, ""soc"": 0.26296447798782724}, ""bias_adjusted_peaks"": {""voltage_V"": 3.8017680640403917, ""temperature_K"": 299.13702917239596, ""soc"": 0.26296447798782957}}, {""cell_index"": 2, ""candidate_count"": 1, ""feasible"": true, ""rejections"": [], ""current_A"": 3.0, ""nominal_next_peaks"": {""voltage_V"": 4.078923286795012, ""temperature_K"": 298.3073574733553, ""soc"": 0.696799692591893}, ""nominal_backup_peaks"": {""voltage_V"": 3.9936727432049914, ""temperature_K"": 298.3073574733553, ""soc"": 0.696799692591893}, ""bias_adjusted_peaks"": {""voltage_V"": 4.078923286795012, ""temperature_K"": 298.3081577043638, ""soc"": 0.6967996925919014}}], ""candidate_solve_count"": 6, ""screen_horizon_s"": 90.0, ""zero_current_backup_horizon_s"": 90.0, ""safety_guarantee"": ""finite-horizon sampled screen only"", ""filter_wall_time_s"": 0.6108344999993278}","{""time"": -0.75, ""balance"": -9.44475944783744, ""voltage"": -0.0, ""temperature"": -0.0, ""numerical_failure"": 0.0, ""protective_stop"": 0.0}"
2,charge,270.0,90.0,"[7.5, 7.5, 3.0]","[7.5, 7.5, 3.0]","[7.5, 7.5, 3.0]",-9.585761462368962,False,,False,False,False,False,0.6723609999971814,"{""requested_current_A"": [7.5, 7.5, 3.0], ""applied_current_A"": [7.5, 7.5, 3.0], ""intervention"": false, ""infeasible"": false, ""reason"": ""Requested currents passed nominal screening"", ""voltage_margin_V"": 0.03, ""temperature_margin_K"": 1.0, ""soc_max"": 0.95, ""voltage_guard_V"": 4.17, ""temperature_guard_K"": 308.0, ""nominal_state"": [[0.270301891983667, 3.784363480569225, 299.2728627347334], [0.26296447798782535, 3.8015352297939247, 299.13702917239596], [0.6967996925918938, 4.078923286795012, 298.3073574733553]], ""observation"": [[0.2703018919836645, 3.7858357381016985, 299.3233922572106], [0.2629644779878174, 3.8018841027284567, 299.1153565793239], [0.6967996925918801, 4.0787978035694135, 298.30895485313755]], ""positive_voltage_bias_V"": [0.0014722575324737086, 0.0003488729345320074, 0.0], ""positive_temperature_bias_K"": [0.05052952247723397, 0.0, 0.0015973797822539382], ""absolute_soc_bias"": [2.4980018054066022e-15, 7.93809462606987e-15, 1.3655743202889425e-14], ""cells"": [{""cell_index"": 0, ""candidate_count"": 1, ""feasible"": true, ""rejections"": [], ""current_A"": 7.5, ""nominal_next_peaks"": {""voltage_V"": 3.8325302551016778, ""temperature_K"": 299.8257584920725, ""soc"": 0.31434207459770447}, ""nominal_backup_peaks"": {""voltage_V"": 3.660808422219742, ""temperature_K"": 299.8257584920725, ""soc"": 0.31434207459770447}, ""bias_adjusted_peaks"": {""voltage_V"": 3.8340025126341515, ""temperature_K"": 299.87628801454974, ""soc"": 0.31434207459770697}}, {""cell_index"": 1, ""candidate_count"": 1, ""feasible"": true, ""rejections"": [], ""current_A"": 7.5, ""nominal_next_peaks"": {""voltage_V"": 3.855479359945588, ""temperature_K"": 299.6224606043383, ""soc"": 0.3096200763170162}, ""nominal_backup_peaks"": {""voltage_V"": 3.6802347531856343, ""temperature_K"": 299.6224606043383, ""soc"": 0.30962007631701804}, ""bias_adjusted_peaks"": {""voltage_V"": 3.85582823288012, ""temperature_K"": 299.6224606043383, ""soc"": 0.309620076317026}}, {""cell_index"": 2, ""candidate_count"": 1, ""feasible"": true, ""rejections"": [], ""current_A"": 3.0, ""nominal_next_peaks"": {""voltage_V"": 4.101006655420459, ""temperature_K"": 298.3872904792358, ""soc"": 0.7163405023964708}, ""nominal_backup_peaks"": {""voltage_V"": 4.015352370571945, ""temperature_K"": 298.3872904792358, ""soc"": 0.7163405023964708}, ""bias_adjusted_peaks"": {""voltage_V"": 4.101006655420459, ""temperature_K"": 298.38888785901804, ""soc"": 0.7163405023964845}}], ""candidate_solve_count"": 6, ""screen_horizon_s"": 90.0, ""zero_current_backup_horizon_s"": 90.0, ""safety_guarantee"": ""finite-horizon sampled screen only"", ""filter_wall_time_s"": 0.6723321000026772}","{""time"": -0.75, ""balance"": -8.835761462368962, ""voltage"": -0.0, ""temperature"": -0.0, ""numerical_failure"": 0.0, ""protective_stop"": 0.0}"
3,charge,360.0,90.0,"[7.5, 7.5, 3.0]","[7.5, 7.5, 3.0]","[7.5, 7.5, 3.0]",-8.976977704206705,False,,False,False,False,False,0.6317240999997011,"{""requested_current_A"": [7.5, 7.5, 3.0], ""applied_current_A"": [7.5, 7.5, 3.0], ""intervention"": false, ""infeasible"": false, ""reason"": ""Requested currents passed nominal screening"", ""voltage_margin_V"": 0.03, ""temperature_margin_K"": 1.0, ""soc_max"": 0.95, ""voltage_guard_V"": 4.17, ""temperature_guard_K"": 308.0, ""nominal_state"": [[0.3143420745977048, 3.8325302551016778, 299.8257584920725], [0.30962007631701605, 3.855479359945588, 299.6224606043383], [0.7163405023964687, 4.101006655420459, 298.3872904792358]], ""observation"": [[0.31434207459770547, 3.834519299379331, 299.9000580036445], [0.3096200763170026, 3.8561685946499615, 299.5903156868105], [0.7163405023964506, 4.100815843916578, 298.3896492313015]], ""positive_voltage_bias_V"": [0.001989044277653118, 0.0006892347043736535, 0.0], ""positive_temperature_bias_K"": [0.07429951157200776, 0.0, 0.002358752065731551], ""absolute_soc_bias"": [6.661338147750939e-16, 1.3433698597964394e-14, 1.8096635301390052e-14], ""cells"": [{""cell_index"": 0, ""candidate_count"": 1, ""feasible"": true, ""rejections"": [], ""current_A"": 7.5, ""nominal_next_peaks"": {""voltage_V"": 3.874878027340467, ""temperature_K"": 300.36115620834147, ""soc"": 0.3583822572117418}, ""nominal_backup_peaks"": {""voltage_V"": 3.705986060848921, ""temperature_K"": 300.36115620834147, ""soc"": 0.3583822572117425}, ""bias_adjusted_peaks"": {""voltage_V"": 3.87686707161812, ""temperature_K"": 300.4354557199135, ""soc"": 0.35838225721174316}}, {""cell_index"": 1, ""candidate_count"": 1, ""feasible"": true, ""rejections"": [], ""current_A"": 7.5, ""nominal_next_peaks"": {""voltage_V"": 3.905221223859718, ""temperature_K"": 300.09256635141816, ""soc"": 0.35627567464620735}, ""nominal_backup_peaks"": {""voltage_V"": 3.7327512451869085, ""temperature_K"": 300.09256635141816, ""soc"": 0.3562756746462076}, ""bias_adjusted_peaks"": {""voltage_V"": 3.9059104585640916, ""temperature_K"": 300.09256635141816, ""soc"": 0.356275674646221}}, {""cell_index"": 2, ""candidate_count"": 1, ""feasible"": true, ""rejections"": [], ""current_A"": 3.0, ""nominal_next_peaks"": {""voltage_V"": 4.1210790496694365, ""temperature_K"": 298.4669835551332, ""soc"": 0.7358813122010424}, ""nominal_backup_peaks"": {""voltage_V"": 4.034955864210925, ""temperature_K"": 298.4669835551332, ""soc"": 0.7358813122010424}, ""bias_adjusted_peaks"": {""voltage_V"": 4.1210790496694365, ""temperature_K"": 298.46934230719893, ""soc"": 0.7358813122010605}}], ""candidate_solve_count"": 6, ""screen_horizon_s"": 90.0, ""zero_current_backup_horizon_s"": 90.0, ""safety_guarantee"": ""finite-horizon sampled screen only"", ""filter_wall_time_s"": 0.6316908999979205}","{""time"": -0.75, ""balance"": -8.226977704206705, ""voltage"": -0.0, ""temperature"": -0.0, ""numerical_failure"": 0.0, ""protective_stop"": 0.0}"
4,charge,450.0,90.0,"[7.5, 7.5, 3.0]","[7.5, 7.5, 3.0]","[7.5, 7.5, 3.0]",-8.3684536390422,False,,False,False,False,False,0.6603432000010798,"{""requested_current_A"": [7.5, 7.5, 3.0], ""applied_current_A"": [7.5, 7.5, 3.0], ""intervention"": false, ""infeasible"": false, ""reason"": ""Requested currents passed nominal screening"", ""voltage_margin_V"": 0.03, ""temperature_margin_K"": 1.0, ""soc_max"": 0.95, ""voltage_guard_V"": 4.17, ""temperature_guard_K"": 308.0, ""nominal_state"": [[0.3583822572117418, 3.874878027340467, 300.36115620834147], [0.35627567464620735, 3.905221223859718, 300.09256635141816], [0.7358813122010425, 4.1210790496694365, 298.4669835551332]], ""observation"": [[0.35838225721174455, 3.8776353252431948, 300.45774221033355], [0.3562756746461866, 3.9063699036552633, 300.0504046908836], [0.7358813122010199, 4.120855248087075, 298.4700676393564]], ""positive_voltage_bias_V"": [0.002757297902727718, 0.0011486797955453376, 0.0], ""positive_temperature_bias_K"": [0.09658600199207967, 0.0, 0.0030840842231896204], ""absolute_soc_bias"": [2.7755575615628914e-15, 2.0761170560490427e-14, 2.2537527399890678e-14], ""cells"": [{""cell_index"": 0, ""candidate_count"": 1, ""feasible"": true, ""rejections"": [], ""current_A"": 7.5, ""nominal_next_peaks"": {""voltage_V"": 3.9166374696916995, ""temperature_K"": 300.8808149084028, ""soc"": 0.40242243982577924}, ""nominal_backup_peaks"": {""voltage_V"": 3.7500877946445597, ""temperature_K"": 300.8808149084028, ""soc"": 0.402422439825782}, ""bias_adjusted_peaks"": {""voltage_V"": 3.919394767594427, ""temperature_K"": 300.97740091039486, ""soc"": 0.4024224398257848}}, {""cell_index"": 1, ""candidate_count"": 1, ""feasible"": true, ""rejections"": [], ""current_A"": 7.5, ""nominal_next_peaks"": {""voltage_V"": 3.951778206943599, ""temperature_K"": 300.54900233417806, ""soc"": 0.40293127297539855}, ""nominal_backup_peaks"": {""voltage_V"": 3.7815512322567217, ""temperature_K"": 300.54900233417806, ""soc"": 0.40293127297539866}, ""bias_adjusted_peaks"": {""voltage_V"": 3.9529268867391445, ""temperature_K"": 300.54900233417806, ""soc"": 0.4029312729754194}}, {""cell_index"": 2, ""candidate_count"": 1, ""feasible"": true, ""rejections"": [], ""current_A"": 3.0, ""nominal_next_peaks"": {""voltage_V"": 4.139763287642005, ""temperature_K"": 298.5465042445472, ""soc"": 0.75542212200562}, ""nominal_backup_peaks"": {""voltage_V"": 4.053088141526748, ""temperature_K"": 298.5465042445472, ""soc"": 0.75542212200562}, ""bias_adjusted_peaks"": {""voltage_V"": 4.139763287642005, ""temperature_K"": 298.54958832877037, ""soc"": 0.7554221220056425}}], ""candidate_solve_count"": 6, ""screen_horizon_s"": 90.0, ""zero_current_backup_horizon_s"": 90.0, ""safety_guarantee"": ""finite-horizon sampled screen only"", ""filter_wall_time_s"": 0.6603109000025142}","{""time"": -0.75, ""balance"": -7.618453639042199, ""voltage"": -0.0, ""temperature"": -0.0, ""numerical_failure"": 0.0, ""protective_stop"": 0.0}"
5,charge,540.0,90.0,"[7.5, 7.5, 3.0]","[7.5, 7.5, 3.0]","[7.5, 7.5, 3.0]",-7.7602485545593485,False,,False,False,False,False,0.6874046999982966,"{""requested_current_A"": [7.5, 7.5, 3.0], ""applied_current_A"": [7.5, 7.5, 3.0], ""intervention"": false, ""infeasible"": false, ""reason"": ""Requested currents passed nominal screening"", ""voltage_margin_V"": 0.03, ""temperature_margin_K"": 1.0, ""soc_max"": 0.95, ""voltage_guard_V"": 4.17, ""temperature_guard_K"": 308.0, ""nominal_state"": [[0.40242243982577924, 3.9166374696916995, 300.8808149084028], [0.4029312729753974, 3.951778206943599, 300.54900233417806], [0.7554221220056176, 4.139763287642005, 298.5465042445472]], ""observation"": [[0.4024224398257822, 3.920205521780611, 300.99832608526395], [0.4029312729753725, 3.9531711016858297, 300.49723867521993], [0.7554221220055944, 4.139534070962501, 298.5502788263054]], ""positive_voltage_bias_V"": [0.003568052088911422, 0.0013928947422305882, 0.0], ""positive_temperature_bias_K"": [0.1175111768611714, 0.0, 0.0037745817581935626], ""absolute_soc_bias"": [2.942091015256665e-15, 2.4868995751603507e-14, 2.3203661214665772e-14], ""cells"": [{""cell_index"": 0, ""candidate_count"": 1, ""feasible"": true, ""rejections"": [], ""current_A"": 7.5, ""nominal_next_peaks"": {""voltage_V"": 3.959536320734444, ""temperature_K"": 301.3863445677597, ""soc"": 0.4464626224398169}, ""nominal_backup_peaks"": {""voltage_V"": 3.7948973859648243, ""temperature_K"": 301.3863445677597, ""soc"": 0.4464626224398241}, ""bias_adjusted_peaks"": {""voltage_V"": 3.9631043728233553, ""temperature_K"": 301.50385574462086, ""soc"": 0.44646262243982704}}, {""cell_index"": 1, ""candidate_count"": 1, ""feasible"": true, ""rejections"": [], ""current_A"": 7.5, ""nominal_next_peaks"": {""voltage_V"": 3.9932371738969943, ""temperature_K"": 300.9932676072763, ""soc"": 0.44958687130458735}, ""nominal_backup_peaks"": {""voltage_V"": 3.8247847923671348, ""temperature_K"": 300.9932676072763, ""soc"": 0.4495868713045875}, ""bias_adjusted_peaks"": {""voltage_V"": 3.994630068639225, ""temperature_K"": 300.9932676072763, ""soc"": 0.4495868713046124}}, {""cell_index"": 2, ""candidate_count"": 1, ""feasible"": true, ""rejections"": [], ""current_A"": 3.0, ""nominal_next_peaks"": {""voltage_V"": 4.156585411023535, ""temperature_K"": 298.62593146829147, ""soc"": 0.7749629318101916}, ""nominal_backup_peaks"": {""voltage_V"": 4.069266625929691, ""temperature_K"": 298.62593146829147, ""soc"": 0.7749629318101916}, ""bias_adjusted_peaks"": {""voltage_V"": 4.156585411023535, ""temperature_K"": 298.62970605004966, ""soc"": 0.7749629318102148}}], ""candidate_solve_count"": 6, ""screen_horizon_s"": 90.0, ""zero_current_backup_horizon_s"": 90.0, ""safety_guarantee"": ""finite-horizon sampled screen only"", ""filter_wall_time_s"": 0.6873697999981232}","{""time"": -0.75, ""balance"": -7.0102485545593485, ""voltage"": -0.0, ""temperature"": -0.0, ""numerical_failure"": 0.0, ""protective_stop"": 0.0}"
6,charge,630.0,90.0,"[7.5, 7.5, 3.0]","[7.5, 7.5, 2.5]","[7.5, 7.5, 2.5]",-7.114063136572027,False,,False,False,False,True,0.7397831000016595,"{""requested_current_A"": [7.5, 7.5, 3.0], ""applied_current_A"": [7.5, 7.5, 2.5], ""intervention"": true, ""infeasible"": false, ""reason"": ""Reduced requested current by nominal V/T/SOC and backup screening"", ""voltage_margin_V"": 0.03, ""temperature_margin_K"": 1.0, ""soc_max"": 0.95, ""voltage_guard_V"": 4.17, ""temperature_guard_K"": 308.0, ""nominal_state"": [[0.44646262243981766, 3.959536320734444, 301.3863445677597], [0.44958687130458735, 3.9932371738969943, 300.9932676072763], [0.7749629318101908, 4.156585411023535, 298.62593146829147]], ""observation"": [[0.44646262243982343, 3.963237958061692, 301.5235300100506], [0.4495868713045549, 3.994560503709288, 300.9322785945311], [0.7749629318101631, 4.156376620821806, 298.63036297308685]], ""positive_voltage_bias_V"": [0.003701637327248264, 0.001323329812293661, 0.0], ""positive_temperature_bias_K"": [0.13718544229089957, 0.0, 0.00443150479537735], ""absolute_soc_bias"": [5.773159728050814e-15, 3.247402347028583e-14, 2.7755575615628914e-14], ""cells"": [{""cell_index"": 0, ""candidate_count"": 1, ""feasible"": true, ""rejections"": [], ""current_A"": 7.5, ""nominal_next_peaks"": {""voltage_V"": 3.9982646684227494, ""temperature_K"": 301.8791873525965, ""soc"": 0.490502805053854}, ""nominal_backup_peaks"": {""voltage_V"": 3.8351415551602175, ""temperature_K"": 301.8791873525965, ""soc"": 0.490502805053854}, ""bias_adjusted_peaks"": {""voltage_V"": 4.001966305749997, ""temperature_K"": 302.0163727948874, ""soc"": 0.4905028050538598}}, {""cell_index"": 1, ""candidate_count"": 1, ""feasible"": true, ""rejections"": [], ""current_A"": 7.5, ""nominal_next_peaks"": {""voltage_V"": 4.027703894588015, ""temperature_K"": 301.4267010520729, ""soc"": 0.4962424696337756}, ""nominal_backup_peaks"": {""voltage_V"": 3.8605973969142315, ""temperature_K"": 301.4267010520729, ""soc"": 0.49624246963377916}, ""bias_adjusted_peaks"": {""voltage_V"": 4.029027224400309, ""temperature_K"": 301.4267010520729, ""soc"": 0.49624246963381163}}, {""cell_index"": 2, ""candidate_count"": 2, ""feasible"": true, ""rejections"": [{""current_A"": 3.0, ""nominal_next_peaks"": {""voltage_V"": 4.170603746375811, ""temperature_K"": 298.7053522691644, ""soc"": 0.7945037416147693}, ""nominal_backup_peaks"": null, ""bias_adjusted_peaks"": {""voltage_V"": 4.170603746375811, ""temperature_K"": 298.70978377395977, ""soc"": 0.7945037416147971}, ""reason"": ""next_interval:voltage_V""}], ""current_A"": 2.5, ""nominal_next_peaks"": {""voltage_V"": 4.151924011193268, ""temperature_K"": 298.6817310884158, ""soc"": 0.791246939980668}, ""nominal_backup_peaks"": {""voltage_V"": 4.076690786323574, ""temperature_K"": 298.6817310884158, ""soc"": 0.791246939980668}, ""bias_adjusted_peaks"": {""voltage_V"": 4.151924011193268, ""temperature_K"": 298.6861625932112, ""soc"": 0.7912469399806957}}], ""candidate_solve_count"": 7, ""screen_horizon_s"": 90.0, ""zero_current_backup_horizon_s"": 90.0, ""safety_guarantee"": ""finite-horizon sampled screen only"", ""filter_wall_time_s"": 0.7397472000011476}","{""time"": -0.75, ""balance"": -6.364063136572027, ""voltage"": -0.0, ""temperature"": -0.0, ""numerical_failure"": 0.0, ""protective_stop"": 0.0}"
7,charge,720.0,90.0,"[7.5, 7.5, 3.0]","[7.5, 7.5, 2.5]","[7.5, 7.5, 2.5]",-6.4300216386377125,False,,False,False,False,True,0.800387999999657,"{""requested_current_A"": [7.5, 7.5, 3.0], ""applied_current_A"": [7.5, 7.5, 2.5], ""intervention"": true, ""infeasible"": false, ""reason"": ""Reduced requested current by nominal V/T/SOC and backup screening"", ""voltage_margin_V"": 0.03, ""temperature_margin_K"": 1.0, ""soc_max"": 0.95, ""voltage_guard_V"": 4.17, ""temperature_guard_K"": 308.0, ""nominal_state"": [[0.4905028050538532, 3.9982646684227494, 301.8791873525965], [0.4962424696337771, 4.027703894588015, 301.4267010520729], [0.7912469399806679, 4.151924011193268, 298.6817310884158]], ""observation"": [[0.490502805053862, 4.001438551042985, 302.0348960250892], [0.4962424696337366, 4.028898099263666, 301.35682896261596], [0.7912469399806306, 4.151752139486684, 298.686542654705]], ""positive_voltage_bias_V"": [0.0031738826202354353, 0.0011942046756505675, 0.0], ""positive_temperature_bias_K"": [0.1557086724927217, 0.0, 0.004811566289220082], ""absolute_soc_bias"": [8.826273045769994e-15, 4.0523140398818214e-14, 3.730349362740526e-14], ""cells"": [{""cell_index"": 0, ""candidate_count"": 1, ""feasible"": true, ""rejections"": [], ""current_A"": 7.5, ""nominal_next_peaks"": {""voltage_V"": 4.031166595047816, ""temperature_K"": 302.36068746927674, ""soc"": 0.5345429876678914}, ""nominal_backup_peaks"": {""voltage_V"": 3.869184788476504, ""temperature_K"": 302.36068746927674, ""soc"": 0.5345429876678915}, ""bias_adjusted_peaks"": {""voltage_V"": 4.034340477668051, ""temperature_K"": 302.51639614176946, ""soc"": 0.5345429876679004}}, {""cell_index"": 1, ""candidate_count"": 1, ""feasible"": true, ""rejections"": [], ""current_A"": 7.5, ""nominal_next_peaks"": {""voltage_V"": 4.058652686436674, ""temperature_K"": 301.8505518097231, ""soc"": 0.5428980679629671}, ""nominal_backup_peaks"": {""voltage_V"": 3.8924836234851696, ""temperature_K"": 301.8505518097231, ""soc"": 0.5428980679629671}, ""bias_adjusted_peaks"": {""voltage_V"": 4.059846891112325, ""temperature_K"": 301.8505518097231, ""soc"": 0.5428980679630077}}, {""cell_index"": 2, ""candidate_count"": 2, ""feasible"": true, ""rejections"": [{""current_A"": 3.0, ""nominal_next_peaks"": {""voltage_V"": 4.179104160263233, ""temperature_K"": 298.76076079281654, ""soc"": 0.8107877497852365}, ""nominal_backup_peaks"": null, ""bias_adjusted_peaks"": {""voltage_V"": 4.179104160263233, ""temperature_K"": 298.76557235910576, ""soc"": 0.8107877497852738}, ""reason"": ""next_interval:voltage_V""}], ""current_A"": 2.5, ""nominal_next_peaks"": {""voltage_V"": 4.161548796281862, ""temperature_K"": 298.73711117056973, ""soc"": 0.807530948151147}, ""nominal_backup_peaks"": {""voltage_V"": 4.0857020881868955, ""temperature_K"": 298.73711117056973, ""soc"": 0.807530948151147}, ""bias_adjusted_peaks"": {""voltage_V"": 4.161548796281862, ""temperature_K"": 298.74192273685895, ""soc"": 0.8075309481511843}}], ""candidate_solve_count"": 7, ""screen_horizon_s"": 90.0, ""zero_current_backup_horizon_s"": 90.0, ""safety_guarantee"": ""finite-horizon sampled screen only"", ""filter_wall_time_s"": 0.8003602999997383}","{""time"": -0.75, ""balance"": -5.6800216386377125, ""voltage"": -0.0, ""temperature"": -0.0, ""numerical_failure"": 0.0, ""protective_stop"": 0.0}"
8,charge,810.0,90.0,"[7.5, 7.5, 3.0]","[7.5, 7.5, 2.5]","[7.5, 7.5, 2.5]",-5.746686023784459,False,,False,False,False,True,0.7527934999998251,"{""requested_current_A"": [7.5, 7.5, 3.0], ""applied_current_A"": [7.5, 7.5, 2.5], ""intervention"": true, ""infeasible"": false, ""reason"": ""Reduced requested current by nominal V/T/SOC and backup screening"", ""voltage_margin_V"": 0.03, ""temperature_margin_K"": 1.0, ""soc_max"": 0.95, ""voltage_guard_V"": 4.17, ""temperature_guard_K"": 308.0, ""nominal_state"": [[0.5345429876678913, 4.031166595047816, 302.36068746927674], [0.542898067962967, 4.058652686436674, 301.8505518097231], [0.8075309481511446, 4.161548796281862, 298.73711117056973]], ""observation"": [[0.5345429876679013, 4.03391517535532, 302.53385759111177], [0.5428980679629186, 4.0598331888645545, 301.77210705530706], [0.807530948151101, 4.16141805896479, 298.7422765362642]], ""positive_voltage_bias_V"": [0.0027485803075038007, 0.00118050242788037, 0.0], ""positive_temperature_bias_K"": [0.1731701218350281, 0.0, 0.005165365694494994], ""absolute_soc_bias"": [9.992007221626409e-15, 4.8405723873656825e-14, 4.3520742565306136e-14], ""cells"": [{""cell_index"": 0, ""candidate_count"": 1, ""feasible"": true, ""rejections"": [], ""current_A"": 7.5, ""nominal_next_peaks"": {""voltage_V"": 4.062675323922262, ""temperature_K"": 302.8321184561401, ""soc"": 0.5785831702819274}, ""nominal_backup_peaks"": {""voltage_V"": 3.901467109179751, ""temperature_K"": 302.8321184561401, ""soc"": 0.5785831702819365}, ""bias_adjusted_peaks"": {""voltage_V"": 4.065423904229766, ""temperature_K"": 303.00528857797514, ""soc"": 0.5785831702819465}}, {""cell_index"": 1, ""candidate_count"": 1, ""feasible"": true, ""rejections"": [], ""current_A"": 7.5, ""nominal_next_peaks"": {""voltage_V"": 4.0922890122730005, ""temperature_K"": 302.2659951709993, ""soc"": 0.5895536662921556}, ""nominal_backup_peaks"": {""voltage_V"": 3.92665259747029, ""temperature_K"": 302.2659951709993, ""soc"": 0.589553666292187}, ""bias_adjusted_peaks"": {""voltage_V"": 4.093469514700881, ""temperature_K"": 302.2659951709993, ""soc"": 0.5895536662922354}}, {""cell_index"": 2, ""candidate_count"": 2, ""feasible"": true, ""rejections"": [{""current_A"": 3.0, ""nominal_next_peaks"": {""voltage_V"": 4.185583209747067, ""temperature_K"": 298.8163583332558, ""soc"": 0.8270717579557189}, ""nominal_backup_peaks"": null, ""bias_adjusted_peaks"": {""voltage_V"": 4.185583209747067, ""temperature_K"": 298.8215236989503, ""soc"": 0.8270717579557624}, ""reason"": ""next_interval:voltage_V""}], ""current_A"": 2.5, ""nominal_next_peaks"": {""voltage_V"": 4.169145081553369, ""temperature_K"": 298.7925536038621, ""soc"": 0.8238149563216203}, ""nominal_backup_peaks"": {""voltage_V"": 4.092563449392822, ""temperature_K"": 298.7925536038621, ""soc"": 0.8238149563216205}, ""bias_adjusted_peaks"": {""voltage_V"": 4.169145081553369, ""temperature_K"": 298.79771896955657, ""soc"": 0.823814956321664}}], ""candidate_solve_count"": 7, ""screen_horizon_s"": 90.0, ""zero_current_backup_horizon_s"": 90.0, ""safety_guarantee"": ""finite-horizon sampled screen only"", ""filter_wall_time_s"": 0.7527614999999059}","{""time"": -0.75, ""balance"": -4.996686023784459, ""voltage"": -0.0, ""temperature"": -0.0, ""numerical_failure"": 0.0, ""protective_stop"": 0.0}"
9,charge,900.0,90.0,"[7.5, 7.5, 3.0]","[7.5, 7.5, 2.0]","[7.5, 7.5, 2.0]",-5.025996945059523,False,,False,False,False,True,0.7547819999999774,"{""requested_current_A"": [7.5, 7.5, 3.0], ""applied_current_A"": [7.5, 7.5, 2.0], ""intervention"": true, ""infeasible"": false, ""reason"": ""Reduced requested current by nominal V/T/SOC and backup screening"", ""voltage_margin_V"": 0.03, ""temperature_margin_K"": 1.0, ""soc_max"": 0.95, ""voltage_guard_V"": 4.17, ""temperature_guard_K"": 308.0, ""nominal_state"": [[0.5785831702819263, 4.062675323922262, 302.8321184561401], [0.5895536662921572, 4.0922890122730005, 302.2659951709993], [0.8238149563216193, 4.169145081553369, 298.7925536038621]], ""observation"": [[0.5785831702819446, 4.0654275267454985, 303.0217808893999], [0.5895536662920969, 4.0935484852051625, 302.1792713032832], [0.8238149563215723, 4.169055706482061, 298.7980521613393]], ""positive_voltage_bias_V"": [0.002752202823236516, 0.001259472932161998, 0.0], ""positive_temperature_bias_K"": [0.18966243325979804, 0.0, 0.005498557477210397], ""absolute_soc_bias"": [1.8318679906315083e-14, 6.0285110237146e-14, 4.696243394164412e-14], ""cells"": [{""cell_index"": 0, ""candidate_count"": 1, ""feasible"": true, ""rejections"": [], ""current_A"": 7.5, ""nominal_next_peaks"": {""voltage_V"": 4.103221632273689, ""temperature_K"": 303.2947208926358, ""soc"": 0.6226233528959609}, ""nominal_backup_peaks"": {""voltage_V"": 3.9424131768918187, ""temperature_K"": 303.2947208926358, ""soc"": 0.6226233528959663}, ""bias_adjusted_peaks"": {""voltage_V"": 4.1059738350969255, ""temperature_K"": 303.4843833258956, ""soc"": 0.6226233528959846}}, {""cell_index"": 1, ""candidate_count"": 1, ""feasible"": true, ""rejections"": [], ""current_A"": 7.5, ""nominal_next_peaks"": {""voltage_V"": 4.142218355318527, ""temperature_K"": 302.6742361201737, ""soc"": 0.6362092646213457}, ""nominal_backup_peaks"": {""voltage_V"": 3.976697363684715, ""temperature_K"": 302.6742361201737, ""soc"": 0.6362092646213472}, ""bias_adjusted_peaks"": {""voltage_V"": 4.143477828250689, ""temperature_K"": 302.6742361201737, ""soc"": 0.6362092646214075}}, {""cell_index"": 2, ""candidate_count"": 3, ""feasible"": true, ""rejections"": [{""current_A"": 3.0, ""nominal_next_peaks"": {""voltage_V"": 4.19028763343529, ""temperature_K"": 298.8721210182393, ""soc"": 0.8433557661261979}, ""nominal_backup_peaks"": null, ""bias_adjusted_peaks"": {""voltage_V"": 4.19028763343529, ""temperature_K"": 298.8776195757165, ""soc"": 0.8433557661262449}, ""reason"": ""next_interval:voltage_V""}, {""current_A"": 2.5, ""nominal_next_peaks"": {""voltage_V"": 4.174603249081073, ""temperature_K"": 298.8481387103985, ""soc"": 0.8400989644920905}, ""nominal_backup_peaks"": null, ""bias_adjusted_peaks"": {""voltage_V"": 4.174603249081073, ""temperature_K"": 298.8536372678757, ""soc"": 0.8400989644921375}, ""reason"": ""next_interval:voltage_V""}], ""current_A"": 2.0, ""nominal_next_peaks"": {""voltage_V"": 4.1577271506504365, ""temperature_K"": 298.8275615562773, ""soc"": 0.8368421628579983}, ""nominal_backup_peaks"": {""voltage_V"": 4.094245422972476, ""temperature_K"": 298.8275615562773, ""soc"": 0.8368421628579983}, ""bias_adjusted_peaks"": {""voltage_V"": 4.1577271506504365, ""temperature_K"": 298.8330601137545, ""soc"": 0.8368421628580452}}], ""candidate_solve_count"": 8, ""screen_horizon_s"": 90.0, ""zero_current_backup_horizon_s"": 90.0, ""safety_guarantee"": ""finite-horizon sampled screen only"", ""filter_wall_time_s"": 0.754749300002004}","{""time"": -0.75, ""balance"": -4.275996945059523, ""voltage"": -0.0, ""temperature"": -0.0, ""numerical_failure"": 0.0, ""protective_stop"": 0.0}"
10,charge,990.0,90.0,"[7.0, 7.0, 3.0]","[7.0, 6.5, 2.0]","[7.0, 6.5, 2.0]",-4.320145505179717,False,,False,False,False,True,1.0095335000005434,"{""requested_current_A"": [7.0, 7.0, 3.0], ""applied_current_A"": [7.0, 6.5, 2.0], ""intervention"": true, ""infeasible"": false, ""reason"": ""Reduced requested current by nominal V/T/SOC and backup screening"", ""voltage_margin_V"": 0.03, ""temperature_margin_K"": 1.0, ""soc_max"": 0.95, ""voltage_guard_V"": 4.17, ""temperature_guard_K"": 308.0, ""nominal_state"": [[0.6226233528959622, 4.103221632273689, 303.2947208926358], [0.636209264621345, 4.142218355318527, 302.6742361201737], [0.8368421628579983, 4.1577271506504365, 298.8275615562773]], ""observation"": [[0.6226233528959803, 4.106363339136194, 303.4999831126869], [0.636209264621275, 4.143469471407816, 302.57946755738516], [0.8368421628579508, 4.1576618216937025, 298.8331606285072]], ""positive_voltage_bias_V"": [0.0031417068625048117, 0.0012511160892891837, 0.0], ""positive_temperature_bias_K"": [0.20526222005111094, 0.0, 0.005599072229870217], ""absolute_soc_bias"": [1.8096635301390052e-14, 6.994405055138486e-14, 4.75175454539567e-14], ""cells"": [{""cell_index"": 0, ""candidate_count"": 1, ""feasible"": true, ""rejections"": [], ""current_A"": 7.0, ""nominal_next_peaks"": {""voltage_V"": 4.143820472450135, ""temperature_K"": 303.6859972320413, ""soc"": 0.663727523335728}, ""nominal_backup_peaks"": {""voltage_V"": 3.992654022567473, ""temperature_K"": 303.6859972320413, ""soc"": 0.6637275233357333}, ""bias_adjusted_peaks"": {""voltage_V"": 4.14696217931264, ""temperature_K"": 303.8912594520924, ""soc"": 0.6637275233357514}}, {""cell_index"": 1, ""candidate_count"": 2, ""feasible"": true, ""rejections"": [{""current_A"": 7.0, ""nominal_next_peaks"": {""voltage_V"": 4.18616208564412, ""temperature_K"": 303.0204876931108, ""soc"": 0.6797544897285916}, ""nominal_backup_peaks"": null, ""bias_adjusted_peaks"": {""voltage_V"": 4.187413201733409, ""temperature_K"": 303.0204876931108, ""soc"": 0.6797544897286616}, ""reason"": ""next_interval:voltage_V""}], ""current_A"": 6.5, ""nominal_next_peaks"": {""voltage_V"": 4.167068017702007, ""temperature_K"": 302.96803482361224, ""soc"": 0.6766441165066414}, ""nominal_backup_peaks"": {""voltage_V"": 4.020589654629353, ""temperature_K"": 302.96803482361224, ""soc"": 0.6766441165066461}, ""bias_adjusted_peaks"": {""voltage_V"": 4.168319133791297, ""temperature_K"": 302.96803482361224, ""soc"": 0.6766441165067161}}, {""cell_index"": 2, ""candidate_count"": 3, ""feasible"": true, ""rejections"": [{""current_A"": 3.0, ""nominal_next_peaks"": {""voltage_V"": 4.19333505569435, ""temperature_K"": 298.90698420468186, ""soc"": 0.8563829726625729}, ""nominal_backup_peaks"": null, ""bias_adjusted_peaks"": {""voltage_V"": 4.19333505569435, ""temperature_K"": 298.91258327691173, ""soc"": 0.8563829726626204}, ""reason"": ""next_interval:voltage_V""}, {""current_A"": 2.5, ""nominal_next_peaks"": {""voltage_V"": 4.177747322085418, ""temperature_K"": 298.88295465680574, ""soc"": 0.8531261710284797}, ""nominal_backup_peaks"": null, ""bias_adjusted_peaks"": {""voltage_V"": 4.177747322085418, ""temperature_K"": 298.8885537290356, ""soc"": 0.8531261710285272}, ""reason"": ""next_interval:voltage_V""}], ""current_A"": 2.0, ""nominal_next_peaks"": {""voltage_V"": 4.161233295300285, ""temperature_K"": 298.86233460711213, ""soc"": 0.8498693693943801}, ""nominal_backup_peaks"": {""voltage_V"": 4.097134606690647, ""temperature_K"": 298.86233460711213, ""soc"": 0.8498693693943801}, ""bias_adjusted_peaks"": {""voltage_V"": 4.161233295300285, ""temperature_K"": 298.867933679342, ""soc"": 0.8498693693944276}}], ""candidate_solve_count"": 9, ""screen_horizon_s"": 90.0, ""zero_current_backup_horizon_s"": 90.0, ""safety_guarantee"": ""finite-horizon sampled screen only"", ""filter_wall_time_s"": 1.0094927999998617}","{""time"": -0.75, ""balance"": -3.5701455051797173, ""voltage"": -0.0, ""temperature"": -0.0, ""numerical_failure"": 0.0, ""protective_stop"": 0.0}"
11,charge,1080.0,89.99999999999989,"[6.5, 6.0, 3.0]","[6.0, 5.0, 2.0]","[6.0, 5.0, 2.0]",-3.753988725729045,False,,False,False,False,True,1.0963725000001432,"{""requested_current_A"": [6.5, 6.0, 3.0], ""applied_current_A"": [6.0, 5.0, 2.0], ""intervention"": true, ""infeasible"": false, ""reason"": ""Reduced requested current by nominal V/T/SOC and backup screening"", ""voltage_margin_V"": 0.03, ""temperature_margin_K"": 1.0, ""soc_max"": 0.95, ""voltage_guard_V"": 4.17, ""temperature_guard_K"": 308.0, ""nominal_state"": [[0.6637275233357275, 4.143820472450135, 303.6859972320413], [0.6766441165066436, 4.167068017702007, 302.96803482361224], [0.8498693693943795, 4.161233295300285, 298.86233460711213]], ""observation"": [[0.6637275233357528, 4.147287260449245, 303.9032251337732], [0.6766441165065635, 4.168441997439875, 302.86777409524143], [0.8498693693943246, 4.1611869534995805, 298.86801928878367]], ""positive_voltage_bias_V"": [0.0034667879991099326, 0.001373979737867792, 0.0], ""positive_temperature_bias_K"": [0.21722790173191697, 0.0, 0.005684681671539238], ""absolute_soc_bias"": [2.531308496145357e-14, 8.004708007547379e-14, 5.495603971894525e-14], ""cells"": [{""cell_index"": 0, ""candidate_count"": 2, ""feasible"": true, ""rejections"": [{""current_A"": 6.5, ""nominal_next_peaks"": {""voltage_V"": 4.1745587396194255, ""temperature_K"": 304.0094654673908, ""soc"": 0.701895681601229}, ""nominal_backup_peaks"": null, ""bias_adjusted_peaks"": {""voltage_V"": 4.178025527618535, ""temperature_K"": 304.2266933691227, ""soc"": 0.7018956816012543}, ""reason"": ""next_interval:voltage_V""}], ""current_A"": 6.0, ""nominal_next_peaks"": {""voltage_V"": 4.156309448990859, ""temperature_K"": 303.9539522540589, ""soc"": 0.6989596694269584}, ""nominal_backup_peaks"": {""voltage_V"": 4.024060388916817, ""temperature_K"": 303.9539522540589, ""soc"": 0.6989596694269593}, ""bias_adjusted_peaks"": {""voltage_V"": 4.159776236989969, ""temperature_K"": 304.1711801557908, ""soc"": 0.6989596694269846}}, {""cell_index"": 1, ""candidate_count"": 3, ""feasible"": true, ""rejections"": [{""current_A"": 6.0, ""nominal_next_peaks"": {""voltage_V"": 4.190972958367064, ""temperature_K"": 303.20516568959124, ""soc"": 0.7139685951699962}, ""nominal_backup_peaks"": null, ""bias_adjusted_peaks"": {""voltage_V"": 4.192346938104932, ""temperature_K"": 303.20516568959124, ""soc"": 0.7139685951700763}, ""reason"": ""next_interval:voltage_V""}, {""current_A"": 5.5, ""nominal_next_peaks"": {""voltage_V"": 4.172931221909096, ""temperature_K"": 303.1597671605735, ""soc"": 0.7108582219480497}, ""nominal_backup_peaks"": null, ""bias_adjusted_peaks"": {""voltage_V"": 4.1743052016469635, ""temperature_K"": 303.1597671605735, ""soc"": 0.7108582219481298}, ""reason"": ""next_interval:voltage_V""}], ""current_A"": 5.0, ""nominal_next_peaks"": {""voltage_V"": 4.154620875391137, ""temperature_K"": 303.1175742947571, ""soc"": 0.7077478487260979}, ""nominal_backup_peaks"": {""voltage_V"": 4.037136215957789, ""temperature_K"": 303.1175742947571, ""soc"": 0.7077478487260982}, ""bias_adjusted_peaks"": {""voltage_V"": 4.155994855129005, ""temperature_K"": 303.1175742947571, ""soc"": 0.7077478487261782}}, {""cell_index"": 2, ""candidate_count"": 3, ""feasible"": true, ""rejections"": [{""current_A"": 3.0, ""nominal_next_peaks"": {""voltage_V"": 4.197084937976381, ""temperature_K"": 298.9422087343806, ""soc"": 0.8694101791989544}, ""nominal_backup_peaks"": null, ""bias_adjusted_peaks"": {""voltage_V"": 4.197084937976381, ""temperature_K"": 298.9478934160521, ""soc"": 0.8694101791990093}, ""reason"": ""next_interval:voltage_V""}, {""current_A"": 2.5, ""nominal_next_peaks"": {""voltage_V"": 4.181036023219443, ""temperature_K"": 298.9180097127912, ""soc"": 0.8661533775648552}, ""nominal_backup_peaks"": null, ""bias_adjusted_peaks"": {""voltage_V"": 4.181036023219443, ""temperature_K"": 298.92369439446276, ""soc"": 0.8661533775649102}, ""reason"": ""next_interval:voltage_V""}], ""current_A"": 2.0, ""nominal_next_peaks"": {""voltage_V"": 4.164406396763503, ""temperature_K"": 298.89722784890586, ""soc"": 0.8628965759307579}, ""nominal_backup_peaks"": {""voltage_V"": 4.099589196222725, ""temperature_K"": 298.89722784890586, ""soc"": 0.8628965759307579}, ""bias_adjusted_peaks"": {""voltage_V"": 4.164406396763503, ""temperature_K"": 298.9029125305774, ""soc"": 0.8628965759308128}}], ""candidate_solve_count"": 11, ""screen_horizon_s"": 90.0, ""zero_current_backup_horizon_s"": 90.0, ""safety_guarantee"": ""finite-horizon sampled screen only"", ""filter_wall_time_s"": 1.096340299998701}","{""time"": -0.749999999999999, ""balance"": -3.003988725729046, ""voltage"": -0.0, ""temperature"": -0.0, ""numerical_failure"": 0.0, ""protective_stop"": 0.0}"
12,charge,1170.0,90.0,"[6.0, 6.0, 3.0]","[5.0, 4.5, 2.0]","[5.0, 4.5, 2.0]",-3.3298549078756365,False,,False,False,False,True,1.315326100000675,"{""requested_current_A"": [6.0, 6.0, 3.0], ""applied_current_A"": [5.0, 4.5, 2.0], ""intervention"": true, ""infeasible"": false, ""reason"": ""Reduced requested current by nominal V/T/SOC and backup screening"", ""voltage_margin_V"": 0.03, ""temperature_margin_K"": 1.0, ""soc_max"": 0.95, ""voltage_guard_V"": 4.17, ""temperature_guard_K"": 308.0, ""nominal_state"": [[0.6989596694269581, 4.156309448990859, 303.9539522540589], [0.7077478487260979, 4.154620875391137, 303.1175742947571], [0.8628965759307573, 4.164406396763503, 298.89722784890586]], ""observation"": [[0.6989596694269872, 4.159650483985493, 304.1773458999214], [0.707747848726014, 4.155930968347013, 303.0149634124914], [0.8628965759307006, 4.1643662847573015, 298.902987387516]], ""positive_voltage_bias_V"": [0.0033410349946336737, 0.00131009295587603, 0.0], ""positive_temperature_bias_K"": [0.2233936458625294, 0.0, 0.005759538610163872], ""absolute_soc_bias"": [2.90878432451791e-14, 8.382183835919932e-14, 5.67323965583455e-14], ""cells"": [{""cell_index"": 0, ""candidate_count"": 3, ""feasible"": true, ""rejections"": [{""current_A"": 6.0, ""nominal_next_peaks"": {""voltage_V"": 4.19087520287624, ""temperature_K"": 304.2145770032767, ""soc"": 0.7341918155181846}, ""nominal_backup_peaks"": null, ""bias_adjusted_peaks"": {""voltage_V"": 4.194216237870874, ""temperature_K"": 304.43797064913923, ""soc"": 0.7341918155182137}, ""reason"": ""next_interval:voltage_V""}, {""current_A"": 5.5, ""nominal_next_peaks"": {""voltage_V"": 4.173156803577497, ""temperature_K"": 304.1632500982984, ""soc"": 0.7312558033439196}, ""nominal_backup_peaks"": null, ""bias_adjusted_peaks"": {""voltage_V"": 4.17649783857213, ""temperature_K"": 304.38664374416095, ""soc"": 0.7312558033439487}, ""reason"": ""next_interval:voltage_V""}], ""current_A"": 5.0, ""nominal_next_peaks"": {""voltage_V"": 4.155194170265554, ""temperature_K"": 304.1156275547358, ""soc"": 0.7283197911696503}, ""nominal_backup_peaks"": {""voltage_V"": 4.042027967112206, ""temperature_K"": 304.1156275547358, ""soc"": 0.7283197911696624}, ""bias_adjusted_peaks"": {""voltage_V"": 4.158535205260188, ""temperature_K"": 304.3390212005983, ""soc"": 0.7283197911696915}}, {""cell_index"": 1, ""candidate_count"": 4, ""feasible"": true, ""rejections"": [{""current_A"": 6.0, ""nominal_next_peaks"": {""voltage_V"": 4.215403602527408, ""temperature_K"": 303.34825978661416, ""soc"": 0.7450723273894487}, ""nominal_backup_peaks"": null, ""bias_adjusted_peaks"": {""voltage_V"": 4.216713695483284, ""temperature_K"": 303.34825978661416, ""soc"": 0.7450723273895326}, ""reason"": ""next_interval:voltage_V""}, {""current_A"": 5.5, ""nominal_next_peaks"": {""voltage_V"": 4.198516073231371, ""temperature_K"": 303.3033618986191, ""soc"": 0.7419619541675069}, ""nominal_backup_peaks"": null, ""bias_adjusted_peaks"": {""voltage_V"": 4.199826166187247, ""temperature_K"": 303.3033618986191, ""soc"": 0.7419619541675907}, ""reason"": ""next_interval:voltage_V""}, {""current_A"": 5.0, ""nominal_next_peaks"": {""voltage_V"": 4.181142554500605, ""temperature_K"": 303.2616243517449, ""soc"": 0.7388515809455644}, ""nominal_backup_peaks"": null, ""bias_adjusted_peaks"": {""voltage_V"": 4.182452647456481, ""temperature_K"": 303.2616243517449, ""soc"": 0.7388515809456482}, ""reason"": ""next_interval:voltage_V""}], ""current_A"": 4.5, ""nominal_next_peaks"": {""voltage_V"": 4.1632829673567215, ""temperature_K"": 303.2230562650594, ""soc"": 0.7357412077236131}, ""nominal_backup_peaks"": {""voltage_V"": 4.055431944722484, ""temperature_K"": 303.2230562650594, ""soc"": 0.7357412077236141}, ""bias_adjusted_peaks"": {""voltage_V"": 4.164593060312598, ""temperature_K"": 303.2230562650594, ""soc"": 0.7357412077236979}}, {""cell_index"": 2, ""candidate_count"": 3, ""feasible"": true, ""rejections"": [{""current_A"": 3.0, ""nominal_next_peaks"": {""voltage_V"": 4.202417466133014, ""temperature_K"": 298.9776464883964, ""soc"": 0.8824373857353311}, ""nominal_backup_peaks"": null, ""bias_adjusted_peaks"": {""voltage_V"": 4.202417466133014, ""temperature_K"": 298.98340602700654, ""soc"": 0.8824373857353879}, ""reason"": ""next_interval:voltage_V""}, {""current_A"": 2.5, ""nominal_next_peaks"": {""voltage_V"": 4.185270181725086, ""temperature_K"": 298.95325755860136, ""soc"": 0.8791805841012342}, ""nominal_backup_peaks"": null, ""bias_adjusted_peaks"": {""voltage_V"": 4.185270181725086, ""temperature_K"": 298.95901709721153, ""soc"": 0.879180584101291}, ""reason"": ""next_interval:voltage_V""}], ""current_A"": 2.0, ""nominal_next_peaks"": {""voltage_V"": 4.167906017421376, ""temperature_K"": 298.9322943449161, ""soc"": 0.8759237824671353}, ""nominal_backup_peaks"": {""voltage_V"": 4.102296958603889, ""temperature_K"": 298.9322943449161, ""soc"": 0.8759237824671353}, ""bias_adjusted_peaks"": {""voltage_V"": 4.167906017421376, ""temperature_K"": 298.93805388352627, ""soc"": 0.875923782467192}}], ""candidate_solve_count"": 13, ""screen_horizon_s"": 90.0, ""zero_current_backup_horizon_s"": 90.0, ""safety_guarantee"": ""finite-horizon sampled screen only"", ""filter_wall_time_s"": 1.3152889000011783}","{""time"": -0.75, ""balance"": -2.5798549078756365, ""voltage"": -0.0, ""temperature"": -0.0, ""numerical_failure"": 0.0, ""protective_stop"": 0.0}"
13,charge,1260.0,90.0,"[5.5, 5.5, 3.0]","[4.5, 4.0, 1.5]","[4.5, 4.0, 1.5]",-2.957290289976171,False,,False,False,False,True,1.4507243999978527,"{""requested_current_A"": [5.5, 5.5, 3.0], ""applied_current_A"": [4.5, 4.0, 1.5], ""intervention"": true, ""infeasible"": false, ""reason"": ""Reduced requested current by nominal V/T/SOC and backup screening"", ""voltage_margin_V"": 0.03, ""temperature_margin_K"": 1.0, ""soc_max"": 0.95, ""voltage_guard_V"": 4.17, ""temperature_guard_K"": 308.0, ""nominal_state"": [[0.7283197911696497, 4.155194170265554, 304.1156275547358], [0.7357412077236136, 4.1632829673567215, 303.2230562650594], [0.8759237824671338, 4.167906017421376, 298.9322943449161]], ""observation"": [[0.7283197911696802, 4.158111317395517, 304.34034071496916], [0.7357412077235171, 4.164446876120166, 303.1190489463705], [0.875923782467076, 4.167856624175094, 298.93811865078]], ""positive_voltage_bias_V"": [0.002917147129962494, 0.001163908763444077, 0.0], ""positive_temperature_bias_K"": [0.22471316023336385, 0.0, 0.005824305863882273], ""absolute_soc_bias"": [3.042011087472929e-14, 9.64783808399261e-14, 5.773159728050814e-14], ""cells"": [{""cell_index"": 0, ""candidate_count"": 3, ""feasible"": true, ""rejections"": [{""current_A"": 5.5, ""nominal_next_peaks"": {""voltage_V"": 4.198100064327923, ""temperature_K"": 304.3203422582709, ""soc"": 0.7606159250866156}, ""nominal_backup_peaks"": null, ""bias_adjusted_peaks"": {""voltage_V"": 4.201017211457885, ""temperature_K"": 304.54505541850426, ""soc"": 0.760615925086646}, ""reason"": ""next_interval:voltage_V""}, {""current_A"": 5.0, ""nominal_next_peaks"": {""voltage_V"": 4.181052351001772, ""temperature_K"": 304.27298457575665, ""soc"": 0.7576799129123379}, ""nominal_backup_peaks"": null, ""bias_adjusted_peaks"": {""voltage_V"": 4.183969498131734, ""temperature_K"": 304.49769773599, ""soc"": 0.7576799129123684}, ""reason"": ""next_interval:voltage_V""}], ""current_A"": 4.5, ""nominal_next_peaks"": {""voltage_V"": 4.163506117796604, ""temperature_K"": 304.2293116367562, ""soc"": 0.7547439007380687}, ""nominal_backup_peaks"": {""voltage_V"": 4.059762984218844, ""temperature_K"": 304.2293116367562, ""soc"": 0.7547439007380727}, ""bias_adjusted_peaks"": {""voltage_V"": 4.166423264926567, ""temperature_K"": 304.4540247969896, ""soc"": 0.7547439007381032}}, {""cell_index"": 1, ""candidate_count"": 4, ""feasible"": true, ""rejections"": [{""current_A"": 5.5, ""nominal_next_peaks"": {""voltage_V"": 4.21751805158857, ""temperature_K"": 303.407239022884, ""soc"": 0.7699553131650221}, ""nominal_backup_peaks"": null, ""bias_adjusted_peaks"": {""voltage_V"": 4.218681960352014, ""temperature_K"": 303.407239022884, ""soc"": 0.7699553131651186}, ""reason"": ""next_interval:voltage_V""}, {""current_A"": 5.0, ""nominal_next_peaks"": {""voltage_V"": 4.201642678836692, ""temperature_K"": 303.3654921265211, ""soc"": 0.7668449399430763}, ""nominal_backup_peaks"": null, ""bias_adjusted_peaks"": {""voltage_V"": 4.202806587600136, ""temperature_K"": 303.3654921265211, ""soc"": 0.7668449399431728}, ""reason"": ""next_interval:voltage_V""}, {""current_A"": 4.5, ""nominal_next_peaks"": {""voltage_V"": 4.185054686706263, ""temperature_K"": 303.3269091107513, ""soc"": 0.7637345667211339}, ""nominal_backup_peaks"": null, ""bias_adjusted_peaks"": {""voltage_V"": 4.186218595469707, ""temperature_K"": 303.3269091107513, ""soc"": 0.7637345667212304}, ""reason"": ""next_interval:voltage_V""}], ""current_A"": 4.0, ""nominal_next_peaks"": {""voltage_V"": 4.167743893612569, ""temperature_K"": 303.2915407587096, ""soc"": 0.7606241934991828}, ""nominal_backup_peaks"": {""voltage_V"": 4.069624632124935, ""temperature_K"": 303.2915407587096, ""soc"": 0.7606241934991856}, ""bias_adjusted_peaks"": {""voltage_V"": 4.168907802376013, ""temperature_K"": 303.2915407587096, ""soc"": 0.7606241934992821}}, {""cell_index"": 2, ""candidate_count"": 4, ""feasible"": true, ""rejections"": [{""current_A"": 3.0, ""nominal_next_peaks"": {""voltage_V"": 4.210301709528714, ""temperature_K"": 299.01333663572876, ""soc"": 0.8954645922717062}, ""nominal_backup_peaks"": null, ""bias_adjusted_peaks"": {""voltage_V"": 4.210301709528714, ""temperature_K"": 299.01916094159265, ""soc"": 0.8954645922717639}, ""reason"": ""next_interval:voltage_V""}, {""current_A"": 2.5, ""nominal_next_peaks"": {""voltage_V"": 4.191476590011691, ""temperature_K"": 298.9887400756608, ""soc"": 0.8922077906376121}, ""nominal_backup_peaks"": null, ""bias_adjusted_peaks"": {""voltage_V"": 4.191476590011691, ""temperature_K"": 298.9945643815247, ""soc"": 0.8922077906376699}, ""reason"": ""next_interval:voltage_V""}, {""current_A"": 2.0, ""nominal_next_peaks"": {""voltage_V"": 4.172740341106257, ""temperature_K"": 298.9675783877955, ""soc"": 0.8889509890035123}, ""nominal_backup_peaks"": null, ""bias_adjusted_peaks"": {""voltage_V"": 4.172740341106257, ""temperature_K"": 298.9734026936594, ""soc"": 0.8889509890035701}, ""reason"": ""next_interval:voltage_V""}], ""current_A"": 1.5, ""nominal_next_peaks"": {""voltage_V"": 4.153781034327823, ""temperature_K"": 298.9502267316014, ""soc"": 0.8856941873694162}, ""nominal_backup_peaks"": {""voltage_V"": 4.102716206958382, ""temperature_K"": 298.9502267316014, ""soc"": 0.8856941873694162}, ""bias_adjusted_peaks"": {""voltage_V"": 4.153781034327823, ""temperature_K"": 298.9560510374653, ""soc"": 0.8856941873694739}}], ""candidate_solve_count"": 14, ""screen_horizon_s"": 90.0, ""zero_current_backup_horizon_s"": 90.0, ""safety_guarantee"": ""finite-horizon sampled screen only"", ""filter_wall_time_s"": 1.450684800001909}","{""time"": -0.75, ""balance"": -2.207290289976171, ""voltage"": -0.0, ""temperature"": -0.0, ""numerical_failure"": 0.0, ""protective_stop"": 0.0}"
14,charge,1350.0,90.0,"[5.5, 5.5, 3.0]","[3.5, 3.5, 1.5]","[3.5, 3.5, 1.5]",-2.636035275516937,False,,False,False,False,True,1.7059856000014406,"{""requested_current_A"": [5.5, 5.5, 3.0], ""applied_current_A"": [3.5, 3.5, 1.5], ""intervention"": true, ""infeasible"": false, ""reason"": ""Reduced requested current by nominal V/T/SOC and backup screening"", ""voltage_margin_V"": 0.03, ""temperature_margin_K"": 1.0, ""soc_max"": 0.95, ""voltage_guard_V"": 4.17, ""temperature_guard_K"": 308.0, ""nominal_state"": [[0.7547439007380702, 4.163506117796604, 304.2293116367562], [0.760624193499183, 4.167743893612569, 303.2915407587096], [0.8856941873694172, 4.153781034327823, 298.9502267316014]], ""observation"": [[0.7547439007381072, 4.1658948684418355, 304.45319014723543], [0.7606241934990728, 4.16870732094304, 303.18692318333945], [0.8856941873693555, 4.1537292893807995, 298.9559263255582]], ""positive_voltage_bias_V"": [0.0023887506452311413, 0.0009634273304710561, 0.0], ""positive_temperature_bias_K"": [0.22387851047921004, 0.0, 0.005699593956819626], ""absolute_soc_bias"": [3.697042672001771e-14, 1.1013412404281553e-13, 6.17284001691587e-14], ""cells"": [{""cell_index"": 0, ""candidate_count"": 5, ""feasible"": true, ""rejections"": [{""current_A"": 5.5, ""nominal_next_peaks"": {""voltage_V"": 4.216082601442842, ""temperature_K"": 304.43249306084726, ""soc"": 0.7870400346550294}, ""nominal_backup_peaks"": null, ""bias_adjusted_peaks"": {""voltage_V"": 4.2184713520880734, ""temperature_K"": 304.6563715713265, ""soc"": 0.7870400346550663}, ""reason"": ""next_interval:voltage_V""}, {""current_A"": 5.0, ""nominal_next_peaks"": {""voltage_V"": 4.200649721273054, ""temperature_K"": 304.38510498601596, ""soc"": 0.7841040224807602}, ""nominal_backup_peaks"": null, ""bias_adjusted_peaks"": {""voltage_V"": 4.203038471918285, ""temperature_K"": 304.60898349649517, ""soc"": 0.7841040224807971}, ""reason"": ""next_interval:voltage_V""}, {""current_A"": 4.5, ""nominal_next_peaks"": {""voltage_V"": 4.184497348394284, ""temperature_K"": 304.34139564681385, ""soc"": 0.7811680103064953}, ""nominal_backup_peaks"": null, ""bias_adjusted_peaks"": {""voltage_V"": 4.186886099039516, ""temperature_K"": 304.56527415729306, ""soc"": 0.7811680103065323}, ""reason"": ""next_interval:voltage_V""}, {""current_A"": 4.0, ""nominal_next_peaks"": {""voltage_V"": 4.167615427175313, ""temperature_K"": 304.30142335462847, ""soc"": 0.7782319981322205}, ""nominal_backup_peaks"": null, ""bias_adjusted_peaks"": {""voltage_V"": 4.1700041778205446, ""temperature_K"": 304.5253018651077, ""soc"": 0.7782319981322575}, ""reason"": ""next_interval:voltage_V""}], ""current_A"": 3.5, ""nominal_next_peaks"": {""voltage_V"": 4.150014531380256, ""temperature_K"": 304.2652916691904, ""soc"": 0.7752959859579528}, ""nominal_backup_peaks"": {""voltage_V"": 4.0666022255152345, ""temperature_K"": 304.2652916691904, ""soc"": 0.7752959859579528}, ""bias_adjusted_peaks"": {""voltage_V"": 4.152403282025487, ""temperature_K"": 304.4891701796696, ""soc"": 0.7752959859579898}}, {""cell_index"": 1, ""candidate_count"": 5, ""feasible"": true, ""rejections"": [{""current_A"": 5.5, ""nominal_next_peaks"": {""voltage_V"": 4.229322856607428, ""temperature_K"": 303.4750970788526, ""soc"": 0.7948382989405908}, ""nominal_backup_peaks"": null, ""bias_adjusted_peaks"": {""voltage_V"": 4.230286283937899, ""temperature_K"": 303.4750970788526, ""soc"": 0.7948382989407009}, ""reason"": ""next_interval:voltage_V""}, {""current_A"": 5.0, ""nominal_next_peaks"": {""voltage_V"": 4.215145483290152, ""temperature_K"": 303.43329293134525, ""soc"": 0.7917279257186407}, ""nominal_backup_peaks"": null, ""bias_adjusted_peaks"": {""voltage_V"": 4.216108910620623, ""temperature_K"": 303.43329293134525, ""soc"": 0.7917279257187508}, ""reason"": ""next_interval:voltage_V""}, {""current_A"": 4.5, ""nominal_next_peaks"": {""voltage_V"": 4.200197039610288, ""temperature_K"": 303.39464865251927, ""soc"": 0.7886175524966978}, ""nominal_backup_peaks"": null, ""bias_adjusted_peaks"": {""voltage_V"": 4.201160466940759, ""temperature_K"": 303.39464865251927, ""soc"": 0.788617552496808}, ""reason"": ""next_interval:voltage_V""}, {""current_A"": 4.0, ""nominal_next_peaks"": {""voltage_V"": 4.1843972073274305, ""temperature_K"": 303.359216994152, ""soc"": 0.7855071792747513}, ""nominal_backup_peaks"": null, ""bias_adjusted_peaks"": {""voltage_V"": 4.1853606346579015, ""temperature_K"": 303.359216994152, ""soc"": 0.7855071792748615}, ""reason"": ""next_interval:voltage_V""}], ""current_A"": 3.5, ""nominal_next_peaks"": {""voltage_V"": 4.167697948769762, ""temperature_K"": 303.3270914801962, ""soc"": 0.7823968060528034}, ""nominal_backup_peaks"": {""voltage_V"": 4.079670724940369, ""temperature_K"": 303.3270914801962, ""soc"": 0.7823968060528043}, ""bias_adjusted_peaks"": {""voltage_V"": 4.168661376100233, ""temperature_K"": 303.3270914801962, ""soc"": 0.7823968060529144}}, {""cell_index"": 2, ""candidate_count"": 4, ""feasible"": true, ""rejections"": [{""current_A"": 3.0, ""nominal_next_peaks"": {""voltage_V"": 4.217494143769446, ""temperature_K"": 299.03131503780696, ""soc"": 0.90523499717399}, ""nominal_backup_peaks"": null, ""bias_adjusted_peaks"": {""voltage_V"": 4.217494143769446, ""temperature_K"": 299.0370146317638, ""soc"": 0.9052349971740518}, ""reason"": ""next_interval:voltage_V""}, {""current_A"": 2.5, ""nominal_next_peaks"": {""voltage_V"": 4.197285905650888, ""temperature_K"": 299.0066600175308, ""soc"": 0.9019781955398916}, ""nominal_backup_peaks"": null, ""bias_adjusted_peaks"": {""voltage_V"": 4.197285905650888, ""temperature_K"": 299.0123596114876, ""soc"": 0.9019781955399533}, ""reason"": ""next_interval:voltage_V""}, {""current_A"": 2.0, ""nominal_next_peaks"": {""voltage_V"": 4.177304047696294, ""temperature_K"": 298.9854430842159, ""soc"": 0.898721393905793}, ""nominal_backup_peaks"": null, ""bias_adjusted_peaks"": {""voltage_V"": 4.177304047696294, ""temperature_K"": 298.9911426781727, ""soc"": 0.8987213939058547}, ""reason"": ""next_interval:voltage_V""}], ""current_A"": 1.5, ""nominal_next_peaks"": {""voltage_V"": 4.157279660144846, ""temperature_K"": 298.96804382096167, ""soc"": 0.8954645922716993}, ""nominal_backup_peaks"": {""voltage_V"": 4.105650113661772, ""temperature_K"": 298.96804382096167, ""soc"": 0.8954645922716993}, ""bias_adjusted_peaks"": {""voltage_V"": 4.157279660144846, ""temperature_K"": 298.9737434149185, ""soc"": 0.895464592271761}}], ""candidate_solve_count"": 17, ""screen_horizon_s"": 90.0, ""zero_current_backup_horizon_s"": 90.0, ""safety_guarantee"": ""finite-horizon sampled screen only"", ""filter_wall_time_s"": 1.705952599997545}","{""time"": -0.75, ""balance"": -1.886035275516937, ""voltage"": -0.0, ""temperature"": -0.0, ""numerical_failure"": 0.0, ""protective_stop"": 0.0}"
15,charge,1440.0,90.0,"[5.0, 5.0, 3.0]","[3.5, 3.0, 1.5]","[3.5, 3.0, 1.5]",-2.3857988433489643,False,,False,False,False,True,1.409006900001259,"{""requested_current_A"": [5.0, 5.0, 3.0], ""applied_current_A"": [3.5, 3.0, 1.5], ""intervention"": true, ""infeasible"": false, ""reason"": ""Reduced requested current by nominal V/T/SOC and backup screening"", ""voltage_margin_V"": 0.03, ""temperature_margin_K"": 1.0, ""soc_max"": 0.95, ""voltage_guard_V"": 4.17, ""temperature_guard_K"": 308.0, ""nominal_state"": [[0.7752959859579547, 4.150014531380256, 304.2652916691904], [0.7823968060528036, 4.167697948769762, 303.3270914801962], [0.8954645922717008, 4.157279660144846, 298.96804382096167]], ""observation"": [[0.7752959859579933, 4.151850466267977, 304.4849888540895], [0.7823968060526814, 4.1684564563013975, 303.22255202822], [0.8954645922716348, 4.157214535796816, 298.97361262648957]], ""positive_voltage_bias_V"": [0.0018359348877208248, 0.0007585075316356438, 0.0], ""positive_temperature_bias_K"": [0.21969718489913248, 0.0, 0.005568805527900622], ""absolute_soc_bias"": [3.863576125695545e-14, 1.2223555501122974e-13, 6.605826996519681e-14], ""cells"": [{""cell_index"": 0, ""candidate_count"": 4, ""feasible"": true, ""rejections"": [{""current_A"": 5.0, ""nominal_next_peaks"": {""voltage_V"": 4.211242834226576, ""temperature_K"": 304.41939869415245, ""soc"": 0.8046561077006439}, ""nominal_backup_peaks"": null, ""bias_adjusted_peaks"": {""voltage_V"": 4.213078769114297, ""temperature_K"": 304.6390958790516, ""soc"": 0.8046561077006825}, ""reason"": ""next_interval:voltage_V""}, {""current_A"": 4.5, ""nominal_next_peaks"": {""voltage_V"": 4.196481170185684, ""temperature_K"": 304.3758329423872, ""soc"": 0.8017200955263798}, ""nominal_backup_peaks"": null, ""bias_adjusted_peaks"": {""voltage_V"": 4.1983171050734045, ""temperature_K"": 304.59553012728634, ""soc"": 0.8017200955264184}, ""reason"": ""next_interval:voltage_V""}, {""current_A"": 4.0, ""nominal_next_peaks"": {""voltage_V"": 4.180897692404005, ""temperature_K"": 304.3359897229094, ""soc"": 0.7987840833521058}, ""nominal_backup_peaks"": null, ""bias_adjusted_peaks"": {""voltage_V"": 4.182733627291726, ""temperature_K"": 304.55568690780854, ""soc"": 0.7987840833521445}, ""reason"": ""next_interval:voltage_V""}], ""current_A"": 3.5, ""nominal_next_peaks"": {""voltage_V"": 4.164453815005856, ""temperature_K"": 304.2999762584514, ""soc"": 0.7958480711778368}, ""nominal_backup_peaks"": {""voltage_V"": 4.080287199105891, ""temperature_K"": 304.2999762584514, ""soc"": 0.7958480711778368}, ""bias_adjusted_peaks"": {""voltage_V"": 4.1662897498935765, ""temperature_K"": 304.51967344335054, ""soc"": 0.7958480711778755}}, {""cell_index"": 1, ""candidate_count"": 5, ""feasible"": true, ""rejections"": [{""current_A"": 5.0, ""nominal_next_peaks"": {""voltage_V"": 4.222903996808109, ""temperature_K"": 303.468826357991, ""soc"": 0.8135005382722668}, ""nominal_backup_peaks"": null, ""bias_adjusted_peaks"": {""voltage_V"": 4.223662504339744, ""temperature_K"": 303.468826357991, ""soc"": 0.813500538272389}, ""reason"": ""next_interval:voltage_V""}, {""current_A"": 4.5, ""nominal_next_peaks"": {""voltage_V"": 4.209306876387108, ""temperature_K"": 303.43010148978476, ""soc"": 0.8103901650503188}, ""nominal_backup_peaks"": null, ""bias_adjusted_peaks"": {""voltage_V"": 4.210065383918744, ""temperature_K"": 303.43010148978476, ""soc"": 0.810390165050441}, ""reason"": ""next_interval:voltage_V""}, {""current_A"": 4.0, ""nominal_next_peaks"": {""voltage_V"": 4.194954688223379, ""temperature_K"": 303.39458738950384, ""soc"": 0.8072797918283744}, ""nominal_backup_peaks"": null, ""bias_adjusted_peaks"": {""voltage_V"": 4.1957131957550144, ""temperature_K"": 303.39458738950384, ""soc"": 0.8072797918284966}, ""reason"": ""next_interval:voltage_V""}, {""current_A"": 3.5, ""nominal_next_peaks"": {""voltage_V"": 4.179708427403748, ""temperature_K"": 303.36237927233833, ""soc"": 0.8041694186064264}, ""nominal_backup_peaks"": null, ""bias_adjusted_peaks"": {""voltage_V"": 4.180466934935383, ""temperature_K"": 303.36237927233833, ""soc"": 0.8041694186065487}, ""reason"": ""next_interval:voltage_V""}], ""current_A"": 3.0, ""nominal_next_peaks"": {""voltage_V"": 4.163472145196533, ""temperature_K"": 303.3336181947842, ""soc"": 0.8010590453844808}, ""nominal_backup_peaks"": {""voltage_V"": 4.086041644557492, ""temperature_K"": 303.3336181947842, ""soc"": 0.801059045384484}, ""bias_adjusted_peaks"": {""voltage_V"": 4.164230652728168, ""temperature_K"": 303.3336181947842, ""soc"": 0.8010590453846063}}, {""cell_index"": 2, ""candidate_count"": 4, ""feasible"": true, ""rejections"": [{""current_A"": 3.0, ""nominal_next_peaks"": {""voltage_V"": 4.226948542830325, ""temperature_K"": 299.04976697110845, ""soc"": 0.915005402076273}, ""nominal_backup_peaks"": null, ""bias_adjusted_peaks"": {""voltage_V"": 4.226948542830325, ""temperature_K"": 299.05533577663635, ""soc"": 0.9150054020763391}, ""reason"": ""next_interval:voltage_V""}, {""current_A"": 2.5, ""nominal_next_peaks"": {""voltage_V"": 4.205160371519957, ""temperature_K"": 299.0249338417503, ""soc"": 0.9117486004421751}, ""nominal_backup_peaks"": null, ""bias_adjusted_peaks"": {""voltage_V"": 4.205160371519957, ""temperature_K"": 299.0305026472782, ""soc"": 0.9117486004422412}, ""reason"": ""next_interval:voltage_V""}, {""current_A"": 2.0, ""nominal_next_peaks"": {""voltage_V"": 4.18366608560322, ""temperature_K"": 299.0035461066236, ""soc"": 0.9084917988080918}, ""nominal_backup_peaks"": null, ""bias_adjusted_peaks"": {""voltage_V"": 4.18366608560322, ""temperature_K"": 299.0091149121515, ""soc"": 0.9084917988081579}, ""reason"": ""next_interval:voltage_V""}], ""current_A"": 1.5, ""nominal_next_peaks"": {""voltage_V"": 4.162253530291762, ""temperature_K"": 298.9859876004987, ""soc"": 0.9052349971739855}, ""nominal_backup_peaks"": {""voltage_V"": 4.109978082712184, ""temperature_K"": 298.9859876004987, ""soc"": 0.9052349971739855}, ""bias_adjusted_peaks"": {""voltage_V"": 4.162253530291762, ""temperature_K"": 298.9915564060266, ""soc"": 0.9052349971740515}}], ""candidate_solve_count"": 16, ""screen_horizon_s"": 90.0, ""zero_current_backup_horizon_s"": 90.0, ""safety_guarantee"": ""finite-horizon sampled screen only"", ""filter_wall_time_s"": 1.408972500001255}","{""time"": -0.75, ""balance"": -1.6357988433489645, ""voltage"": -0.0, ""temperature"": -0.0, ""numerical_failure"": 0.0, ""protective_stop"": 0.0}"
16,charge,1530.0,90.0,"[5.0, 5.0, 0.0]","[3.0, 2.5, 0.0]","[3.0, 2.5, 0.0]",-2.072999241129803,False,,False,False,False,True,1.3509196999984852,"{""requested_current_A"": [5.0, 5.0, 0.0], ""applied_current_A"": [3.0, 2.5, 0.0], ""intervention"": true, ""infeasible"": false, ""reason"": ""Reduced requested current by nominal V/T/SOC and backup screening"", ""voltage_margin_V"": 0.03, ""temperature_margin_K"": 1.0, ""soc_max"": 0.95, ""voltage_guard_V"": 4.17, ""temperature_guard_K"": 308.0, ""nominal_state"": [[0.795848071177839, 4.164453815005856, 304.2999762584514], [0.8010590453844818, 4.163472145196533, 303.3336181947842], [0.9052349971739838, 4.162253530291762, 298.9859876004987]], ""observation"": [[0.7958480711778813, 4.165709471520916, 304.5155004947389], [0.8010590453843455, 4.164054654729352, 303.2297526822913], [0.9052349971739138, 4.162168906271661, 298.9914223697373]], ""positive_voltage_bias_V"": [0.0012556565150605437, 0.000582509532819131, 0.0], ""positive_temperature_bias_K"": [0.21552423628747874, 0.0, 0.005434769238604531], ""absolute_soc_bias"": [4.2299497238218464e-14, 1.3633538742396922e-13, 7.005507285384738e-14], ""cells"": [{""cell_index"": 0, ""candidate_count"": 5, ""feasible"": true, ""rejections"": [{""current_A"": 5.0, ""nominal_next_peaks"": {""voltage_V"": 4.219042476078675, ""temperature_K"": 304.45560198593034, ""soc"": 0.8252081929205282}, ""nominal_backup_peaks"": null, ""bias_adjusted_peaks"": {""voltage_V"": 4.220298132593736, ""temperature_K"": 304.6711262222178, ""soc"": 0.8252081929205705}, ""reason"": ""next_interval:voltage_V""}, {""current_A"": 4.5, ""nominal_next_peaks"": {""voltage_V"": 4.205633126906626, ""temperature_K"": 304.41174843727197, ""soc"": 0.822272180746264}, ""nominal_backup_peaks"": null, ""bias_adjusted_peaks"": {""voltage_V"": 4.206888783421687, ""temperature_K"": 304.62727267355945, ""soc"": 0.8222721807463063}, ""reason"": ""next_interval:voltage_V""}, {""current_A"": 4.0, ""nominal_next_peaks"": {""voltage_V"": 4.191517347810296, ""temperature_K"": 304.37162528665095, ""soc"": 0.8193361685719889}, ""nominal_backup_peaks"": null, ""bias_adjusted_peaks"": {""voltage_V"": 4.192773004325357, ""temperature_K"": 304.58714952293843, ""soc"": 0.8193361685720312}, ""reason"": ""next_interval:voltage_V""}, {""current_A"": 3.5, ""nominal_next_peaks"": {""voltage_V"": 4.176560182589233, ""temperature_K"": 304.3353406485027, ""soc"": 0.8164001563977258}, ""nominal_backup_peaks"": null, ""bias_adjusted_peaks"": {""voltage_V"": 4.177815839104293, ""temperature_K"": 304.5508648847902, ""soc"": 0.8164001563977681}, ""reason"": ""next_interval:voltage_V""}], ""current_A"": 3.0, ""nominal_next_peaks"": {""voltage_V"": 4.160674910191442, ""temperature_K"": 304.30305117381687, ""soc"": 0.8134641442234515}, ""nominal_backup_peaks"": {""voltage_V"": 4.086819864050094, ""temperature_K"": 304.30305117381687, ""soc"": 0.8134641442234517}, ""bias_adjusted_peaks"": {""voltage_V"": 4.161930566706503, ""temperature_K"": 304.51857541010435, ""soc"": 0.813464144223494}}, {""cell_index"": 1, ""candidate_count"": 6, ""feasible"": true, ""rejections"": [{""current_A"": 5.0, ""nominal_next_peaks"": {""voltage_V"": 4.227609891894604, ""temperature_K"": 303.4758398578182, ""soc"": 0.8321627776039475}, ""nominal_backup_peaks"": null, ""bias_adjusted_peaks"": {""voltage_V"": 4.228192401427423, ""temperature_K"": 303.4758398578182, ""soc"": 0.8321627776040839}, ""reason"": ""next_interval:voltage_V""}, {""current_A"": 4.5, ""nominal_next_peaks"": {""voltage_V"": 4.214587187287086, ""temperature_K"": 303.4370285591367, ""soc"": 0.8290524043820008}, ""nominal_backup_peaks"": null, ""bias_adjusted_peaks"": {""voltage_V"": 4.215169696819905, ""temperature_K"": 303.4370285591367, ""soc"": 0.8290524043821371}, ""reason"": ""next_interval:voltage_V""}, {""current_A"": 4.0, ""nominal_next_peaks"": {""voltage_V"": 4.201098820414077, ""temperature_K"": 303.4014261227741, ""soc"": 0.8259420311600527}, ""nominal_backup_peaks"": null, ""bias_adjusted_peaks"": {""voltage_V"": 4.201681329946896, ""temperature_K"": 303.4014261227741, ""soc"": 0.825942031160189}, ""reason"": ""next_interval:voltage_V""}, {""current_A"": 3.5, ""nominal_next_peaks"": {""voltage_V"": 4.186917111211397, ""temperature_K"": 303.36912933359037, ""soc"": 0.8228316579381069}, ""nominal_backup_peaks"": null, ""bias_adjusted_peaks"": {""voltage_V"": 4.187499620744216, ""temperature_K"": 303.36912933359037, ""soc"": 0.8228316579382432}, ""reason"": ""next_interval:voltage_V""}, {""current_A"": 3.0, ""nominal_next_peaks"": {""voltage_V"": 4.171856516742903, ""temperature_K"": 303.3402810687067, ""soc"": 0.8197212847161601}, ""nominal_backup_peaks"": null, ""bias_adjusted_peaks"": {""voltage_V"": 4.172439026275722, ""temperature_K"": 303.3402810687067, ""soc"": 0.8197212847162965}, ""reason"": ""next_interval:voltage_V""}], ""current_A"": 2.5, ""nominal_next_peaks"": {""voltage_V"": 4.155784431768067, ""temperature_K"": 303.3336181947842, ""soc"": 0.816610911494214}, ""nominal_backup_peaks"": {""voltage_V"": 4.089588591771216, ""temperature_K"": 303.3150771563453, ""soc"": 0.816610911494215}, ""bias_adjusted_peaks"": {""voltage_V"": 4.156366941300886, ""temperature_K"": 303.3336181947842, ""soc"": 0.8166109114943514}}, {""cell_index"": 2, ""candidate_count"": 1, ""feasible"": true, ""rejections"": [], ""current_A"": 0.0, ""nominal_next_peaks"": {""voltage_V"": 4.109978082712184, ""temperature_K"": 298.9859876004987, ""soc"": 0.9052349971739855}, ""nominal_backup_peaks"": {""voltage_V"": 4.101206278745016, ""temperature_K"": 298.97940440503345, ""soc"": 0.9052349971739748}, ""bias_adjusted_peaks"": {""voltage_V"": 4.109978082712184, ""temperature_K"": 298.9914223697373, ""soc"": 0.9052349971740555}}], ""candidate_solve_count"": 15, ""screen_horizon_s"": 90.0, ""zero_current_backup_horizon_s"": 90.0, ""safety_guarantee"": ""finite-horizon sampled screen only"", ""filter_wall_time_s"": 1.3509001000020362}","{""time"": -0.75, ""balance"": -1.322999241129803, ""voltage"": -0.0, ""temperature"": -0.0, ""numerical_failure"": 0.0, ""protective_stop"": 0.0}"
17,charge,1620.0,90.0,"[4.5, 4.5, 0.0]","[3.0, 2.5, 0.0]","[3.0, 2.5, 0.0]",-1.6810375066301482,False,,False,False,False,True,1.1988419000008435,"{""requested_current_A"": [4.5, 4.5, 0.0], ""applied_current_A"": [3.0, 2.5, 0.0], ""intervention"": true, ""infeasible"": false, ""reason"": ""Reduced requested current by nominal V/T/SOC and backup screening"", ""voltage_margin_V"": 0.03, ""temperature_margin_K"": 1.0, ""soc_max"": 0.95, ""voltage_guard_V"": 4.17, ""temperature_guard_K"": 308.0, ""nominal_state"": [[0.8134641442234534, 4.160674910191442, 304.30305117381687], [0.8166109114942153, 4.155784431768067, 303.3150771563453], [0.9052349971739758, 4.101206278745016, 298.97940440503345]], ""observation"": [[0.8134641442234992, 4.161475918216656, 304.51312967664956], [0.8166109114940653, 4.156231532670633, 303.2123895996204], [0.9052349971738982, 4.101180095094923, 298.98444738718905]], ""positive_voltage_bias_V"": [0.0008010080252134344, 0.00044710090256572244, 0.0], ""positive_temperature_bias_K"": [0.2100785028326868, 0.0, 0.005042982155600839], ""absolute_soc_bias"": [4.5852210917018965e-14, 1.4999113062685865e-13, 7.760458942129844e-14], ""cells"": [{""cell_index"": 0, ""candidate_count"": 4, ""feasible"": true, ""rejections"": [{""current_A"": 4.5, ""nominal_next_peaks"": {""voltage_V"": 4.210798132550834, ""temperature_K"": 304.4154149380968, ""soc"": 0.8398882537918801}, ""nominal_backup_peaks"": null, ""bias_adjusted_peaks"": {""voltage_V"": 4.211599140576047, ""temperature_K"": 304.62549344092946, ""soc"": 0.839888253791926}, ""reason"": ""next_interval:voltage_V""}, {""current_A"": 4.0, ""nominal_next_peaks"": {""voltage_V"": 4.197499114953846, ""temperature_K"": 304.3751780661375, ""soc"": 0.8369522416176047}, ""nominal_backup_peaks"": null, ""bias_adjusted_peaks"": {""voltage_V"": 4.1983001229790595, ""temperature_K"": 304.5852565689702, ""soc"": 0.8369522416176506}, ""reason"": ""next_interval:voltage_V""}, {""current_A"": 3.5, ""nominal_next_peaks"": {""voltage_V"": 4.183580738556968, ""temperature_K"": 304.33877971044285, ""soc"": 0.8340162294433354}, ""nominal_backup_peaks"": null, ""bias_adjusted_peaks"": {""voltage_V"": 4.184381746582181, ""temperature_K"": 304.54885821327554, ""soc"": 0.8340162294433813}, ""reason"": ""next_interval:voltage_V""}], ""current_A"": 3.0, ""nominal_next_peaks"": {""voltage_V"": 4.168864593277272, ""temperature_K"": 304.3063791649882, ""soc"": 0.8310802172690663}, ""nominal_backup_peaks"": {""voltage_V"": 4.094147359261193, ""temperature_K"": 304.3063791649882, ""soc"": 0.8310802172690717}, ""bias_adjusted_peaks"": {""voltage_V"": 4.169665601302485, ""temperature_K"": 304.5164576678209, ""soc"": 0.8310802172691175}}, {""cell_index"": 1, ""candidate_count"": 5, ""feasible"": true, ""rejections"": [{""current_A"": 4.5, ""nominal_next_peaks"": {""voltage_V"": 4.218311271863385, ""temperature_K"": 303.41923831223573, ""soc"": 0.8446042704917335}, ""nominal_backup_peaks"": null, ""bias_adjusted_peaks"": {""voltage_V"": 4.218758372765951, ""temperature_K"": 303.41923831223573, ""soc"": 0.8446042704918835}, ""reason"": ""next_interval:voltage_V""}, {""current_A"": 4.0, ""nominal_next_peaks"": {""voltage_V"": 4.20496334881613, ""temperature_K"": 303.3835545742613, ""soc"": 0.841493897269787}, ""nominal_backup_peaks"": null, ""bias_adjusted_peaks"": {""voltage_V"": 4.205410449718696, ""temperature_K"": 303.3835545742613, ""soc"": 0.841493897269937}, ""reason"": ""next_interval:voltage_V""}, {""current_A"": 3.5, ""nominal_next_peaks"": {""voltage_V"": 4.191223553628207, ""temperature_K"": 303.3511757379459, ""soc"": 0.8383835240478359}, ""nominal_backup_peaks"": null, ""bias_adjusted_peaks"": {""voltage_V"": 4.191670654530773, ""temperature_K"": 303.3511757379459, ""soc"": 0.8383835240479859}, ""reason"": ""next_interval:voltage_V""}, {""current_A"": 3.0, ""nominal_next_peaks"": {""voltage_V"": 4.176838799063468, ""temperature_K"": 303.32224634880663, ""soc"": 0.8352731508258902}, ""nominal_backup_peaks"": null, ""bias_adjusted_peaks"": {""voltage_V"": 4.177285899966034, ""temperature_K"": 303.32224634880663, ""soc"": 0.8352731508260401}, ""reason"": ""next_interval:voltage_V""}], ""current_A"": 2.5, ""nominal_next_peaks"": {""voltage_V"": 4.1616014317996015, ""temperature_K"": 303.3150771563453, ""soc"": 0.8321627776039475}, ""nominal_backup_peaks"": {""voltage_V"": 4.094647110717329, ""temperature_K"": 303.2969646102244, ""soc"": 0.8321627776039477}, ""bias_adjusted_peaks"": {""voltage_V"": 4.162048532702167, ""temperature_K"": 303.3150771563453, ""soc"": 0.8321627776040977}}, {""cell_index"": 2, ""candidate_count"": 1, ""feasible"": true, ""rejections"": [], ""current_A"": 0.0, ""nominal_next_peaks"": {""voltage_V"": 4.101206278745016, ""temperature_K"": 298.97940440503345, ""soc"": 0.9052349971739748}, ""nominal_backup_peaks"": {""voltage_V"": 4.100159718409673, ""temperature_K"": 298.9728730507347, ""soc"": 0.9052349971739724}, ""bias_adjusted_peaks"": {""voltage_V"": 4.101206278745016, ""temperature_K"": 298.98444738718905, ""soc"": 0.9052349971740524}}], ""candidate_solve_count"": 13, ""screen_horizon_s"": 90.0, ""zero_current_backup_horizon_s"": 90.0, ""safety_guarantee"": ""finite-horizon sampled screen only"", ""filter_wall_time_s"": 1.198808299999655}","{""time"": -0.75, ""balance"": -0.9310375066301482, ""voltage"": -0.0, ""temperature"": -0.0, ""numerical_failure"": 0.0, ""protective_stop"": 0.0}"
18,charge,1710.0,90.0,"[4.0, 4.0, 0.0]","[2.5, 2.5, 0.0]","[2.5, 2.5, 0.0]",-1.3072686900418717,False,,False,False,False,True,0.967877099999896,"{""requested_current_A"": [4.0, 4.0, 0.0], ""applied_current_A"": [2.5, 2.5, 0.0], ""intervention"": true, ""infeasible"": false, ""reason"": ""Reduced requested current by nominal V/T/SOC and backup screening"", ""voltage_margin_V"": 0.03, ""temperature_margin_K"": 1.0, ""soc_max"": 0.95, ""voltage_guard_V"": 4.17, ""temperature_guard_K"": 308.0, ""nominal_state"": [[0.8310802172690677, 4.168864593277272, 304.3063791649882], [0.8321627776039475, 4.1616014317996015, 303.2969646102244], [0.9052349971739699, 4.100159718409673, 298.9728730507347]], ""observation"": [[0.8310802172691207, 4.169230714757166, 304.51111941765674], [0.8321627776037827, 4.1619451435574355, 303.195429726028], [0.9052349971738824, 4.100144903933977, 298.9775302240029]], ""positive_voltage_bias_V"": [0.0003661214798942325, 0.00034371175783398655, 0.0], ""positive_temperature_bias_K"": [0.20474025266855733, 0.0, 0.004657173268242332], ""absolute_soc_bias"": [5.306866057708248e-14, 1.6486811915683575e-13, 8.748557434046234e-14], ""cells"": [{""cell_index"": 0, ""candidate_count"": 4, ""feasible"": true, ""rejections"": [{""current_A"": 4.0, ""nominal_next_peaks"": {""voltage_V"": 4.2023264381726815, ""temperature_K"": 304.3801929831446, ""soc"": 0.8545683146632183}, ""nominal_backup_peaks"": null, ""bias_adjusted_peaks"": {""voltage_V"": 4.202692559652576, ""temperature_K"": 304.58493323581314, ""soc"": 0.8545683146632713}, ""reason"": ""next_interval:voltage_V""}, {""current_A"": 3.5, ""nominal_next_peaks"": {""voltage_V"": 4.188783561678014, ""temperature_K"": 304.34348091582285, ""soc"": 0.8516323024889557}, ""nominal_backup_peaks"": null, ""bias_adjusted_peaks"": {""voltage_V"": 4.1891496831579085, ""temperature_K"": 304.5482211684914, ""soc"": 0.8516323024890088}, ""reason"": ""next_interval:voltage_V""}, {""current_A"": 3.0, ""nominal_next_peaks"": {""voltage_V"": 4.174790188743639, ""temperature_K"": 304.31077785134545, ""soc"": 0.8486962903146801}, ""nominal_backup_peaks"": null, ""bias_adjusted_peaks"": {""voltage_V"": 4.175156310223533, ""temperature_K"": 304.515518104014, ""soc"": 0.8486962903147331}, ""reason"": ""next_interval:voltage_V""}], ""current_A"": 2.5, ""nominal_next_peaks"": {""voltage_V"": 4.160132524650381, ""temperature_K"": 304.3063791649882, ""soc"": 0.8457602781404122}, ""nominal_backup_peaks"": {""voltage_V"": 4.096304893374571, ""temperature_K"": 304.28229991189033, ""soc"": 0.8457602781404174}, ""bias_adjusted_peaks"": {""voltage_V"": 4.160498646130275, ""temperature_K"": 304.51111941765674, ""soc"": 0.8457602781404705}}, {""cell_index"": 1, ""candidate_count"": 4, ""feasible"": true, ""rejections"": [{""current_A"": 4.0, ""nominal_next_peaks"": {""voltage_V"": 4.209152999519276, ""temperature_K"": 303.3671533956545, ""soc"": 0.8570457633795207}, ""nominal_backup_peaks"": null, ""bias_adjusted_peaks"": {""voltage_V"": 4.20949671127711, ""temperature_K"": 303.3671533956545, ""soc"": 0.8570457633796855}, ""reason"": ""next_interval:voltage_V""}, {""current_A"": 3.5, ""nominal_next_peaks"": {""voltage_V"": 4.195201497978508, ""temperature_K"": 303.33452340261954, ""soc"": 0.8539353901575709}, ""nominal_backup_peaks"": null, ""bias_adjusted_peaks"": {""voltage_V"": 4.195545209736342, ""temperature_K"": 303.33452340261954, ""soc"": 0.8539353901577358}, ""reason"": ""next_interval:voltage_V""}, {""current_A"": 3.0, ""nominal_next_peaks"": {""voltage_V"": 4.180972208138133, ""temperature_K"": 303.3053504664928, ""soc"": 0.8508250169356281}, ""nominal_backup_peaks"": null, ""bias_adjusted_peaks"": {""voltage_V"": 4.181315919895967, ""temperature_K"": 303.3053504664928, ""soc"": 0.8508250169357929}, ""reason"": ""next_interval:voltage_V""}], ""current_A"": 2.5, ""nominal_next_peaks"": {""voltage_V"": 4.1661965528082465, ""temperature_K"": 303.2969646102244, ""soc"": 0.8477146437136812}, ""nominal_backup_peaks"": {""voltage_V"": 4.098362169774656, ""temperature_K"": 303.27983525339215, ""soc"": 0.8477146437136815}, ""bias_adjusted_peaks"": {""voltage_V"": 4.1665402645660805, ""temperature_K"": 303.2969646102244, ""soc"": 0.8477146437138464}}, {""cell_index"": 2, ""candidate_count"": 1, ""feasible"": true, ""rejections"": [], ""current_A"": 0.0, ""nominal_next_peaks"": {""voltage_V"": 4.100159718409673, ""temperature_K"": 298.9728730507347, ""soc"": 0.9052349971739724}, ""nominal_backup_peaks"": {""voltage_V"": 4.099770933757876, ""temperature_K"": 298.9663931307877, ""soc"": 0.9052349971739593}, ""bias_adjusted_peaks"": {""voltage_V"": 4.100159718409673, ""temperature_K"": 298.9775302240029, ""soc"": 0.9052349971740599}}], ""candidate_solve_count"": 12, ""screen_horizon_s"": 90.0, ""zero_current_backup_horizon_s"": 90.0, ""safety_guarantee"": ""finite-horizon sampled screen only"", ""filter_wall_time_s"": 0.9678375999974378}","{""time"": -0.75, ""balance"": -0.5572686900418716, ""voltage"": -0.0, ""temperature"": -0.0, ""numerical_failure"": 0.0, ""protective_stop"": 0.0}"
19,charge,1800.0,90.0,"[4.0, 4.0, 0.0]","[2.5, 2.0, 0.0]","[2.5, 2.0, 0.0]",-0.9691627371109279,False,,False,False,False,True,1.2136441000002378,"{""requested_current_A"": [4.0, 4.0, 0.0], ""applied_current_A"": [2.5, 2.0, 0.0], ""intervention"": true, ""infeasible"": false, ""reason"": ""Reduced requested current by nominal V/T/SOC and backup screening"", ""voltage_margin_V"": 0.03, ""temperature_margin_K"": 1.0, ""soc_max"": 0.95, ""voltage_guard_V"": 4.17, ""temperature_guard_K"": 308.0, ""nominal_state"": [[0.8457602781404145, 4.160132524650381, 304.28229991189033], [0.8477146437136795, 4.1661965528082465, 303.27983525339215], [0.9052349971739617, 4.099770933757876, 298.9663931307877]], ""observation"": [[0.8457602781404705, 4.160297791384629, 304.48064189886344], [0.8477146437134997, 4.1664762946404625, 303.1794158723766], [0.9052349971738671, 4.099762135048703, 298.9706704024673]], ""positive_voltage_bias_V"": [0.00016526673424799299, 0.00027974183221601834, 0.0], ""positive_temperature_bias_K"": [0.19834198697310512, 0.0, 0.004277271679598016], ""absolute_soc_bias"": [5.595524044110789e-14, 1.7985612998927536e-13, 9.459100169806334e-14], ""cells"": [{""cell_index"": 0, ""candidate_count"": 4, ""feasible"": true, ""rejections"": [{""current_A"": 4.0, ""nominal_next_peaks"": {""voltage_V"": 4.206683819934224, ""temperature_K"": 304.3571385502757, ""soc"": 0.869248375534565}, ""nominal_backup_peaks"": null, ""bias_adjusted_peaks"": {""voltage_V"": 4.206849086668472, ""temperature_K"": 304.5554805372488, ""soc"": 0.869248375534621}, ""reason"": ""next_interval:voltage_V""}, {""current_A"": 3.5, ""nominal_next_peaks"": {""voltage_V"": 4.192640410322728, ""temperature_K"": 304.32029083588867, ""soc"": 0.8663123633602949}, ""nominal_backup_peaks"": null, ""bias_adjusted_peaks"": {""voltage_V"": 4.192805677056976, ""temperature_K"": 304.5186328228618, ""soc"": 0.8663123633603509}, ""reason"": ""next_interval:voltage_V""}, {""current_A"": 3.0, ""nominal_next_peaks"": {""voltage_V"": 4.17853066953132, ""temperature_K"": 304.28745475227356, ""soc"": 0.8633763511860257}, ""nominal_backup_peaks"": null, ""bias_adjusted_peaks"": {""voltage_V"": 4.178695936265568, ""temperature_K"": 304.48579673924667, ""soc"": 0.8633763511860817}, ""reason"": ""next_interval:voltage_V""}], ""current_A"": 2.5, ""nominal_next_peaks"": {""voltage_V"": 4.164095741360143, ""temperature_K"": 304.28229991189033, ""soc"": 0.8604403390117632}, ""nominal_backup_peaks"": {""voltage_V"": 4.0994338732057845, ""temperature_K"": 304.25885027910215, ""soc"": 0.8604403390117634}, ""bias_adjusted_peaks"": {""voltage_V"": 4.164261008094391, ""temperature_K"": 304.48064189886344, ""soc"": 0.8604403390118194}}, {""cell_index"": 1, ""candidate_count"": 5, ""feasible"": true, ""rejections"": [{""current_A"": 4.0, ""nominal_next_peaks"": {""voltage_V"": 4.215105389844089, ""temperature_K"": 303.35190457522526, ""soc"": 0.8725976294892451}, ""nominal_backup_peaks"": null, ""bias_adjusted_peaks"": {""voltage_V"": 4.215385131676305, ""temperature_K"": 303.35190457522526, ""soc"": 0.872597629489425}, ""reason"": ""next_interval:voltage_V""}, {""current_A"": 3.5, ""nominal_next_peaks"": {""voltage_V"": 4.200072097970902, ""temperature_K"": 303.31899289572726, ""soc"": 0.8694872562673048}, ""nominal_backup_peaks"": null, ""bias_adjusted_peaks"": {""voltage_V"": 4.200351839803118, ""temperature_K"": 303.31899289572726, ""soc"": 0.8694872562674847}, ""reason"": ""next_interval:voltage_V""}, {""current_A"": 3.0, ""nominal_next_peaks"": {""voltage_V"": 4.185184876879351, ""temperature_K"": 303.2895468364716, ""soc"": 0.866376883045362}, ""nominal_backup_peaks"": null, ""bias_adjusted_peaks"": {""voltage_V"": 4.185464618711567, ""temperature_K"": 303.2895468364716, ""soc"": 0.8663768830455418}, ""reason"": ""next_interval:voltage_V""}, {""current_A"": 2.5, ""nominal_next_peaks"": {""voltage_V"": 4.170158621748005, ""temperature_K"": 303.27983525339215, ""soc"": 0.8632665098234152}, ""nominal_backup_peaks"": null, ""bias_adjusted_peaks"": {""voltage_V"": 4.170438363580221, ""temperature_K"": 303.27983525339215, ""soc"": 0.8632665098235951}, ""reason"": ""next_interval:voltage_V""}], ""current_A"": 2.0, ""nominal_next_peaks"": {""voltage_V"": 4.154735399639842, ""temperature_K"": 303.27983525339215, ""soc"": 0.8601561366014647}, ""nominal_backup_peaks"": {""voltage_V"": 4.098937250374465, ""temperature_K"": 303.2419281319343, ""soc"": 0.8601561366014677}, ""bias_adjusted_peaks"": {""voltage_V"": 4.155015141472058, ""temperature_K"": 303.27983525339215, ""soc"": 0.8601561366016476}}, {""cell_index"": 2, ""candidate_count"": 1, ""feasible"": true, ""rejections"": [], ""current_A"": 0.0, ""nominal_next_peaks"": {""voltage_V"": 4.099770933757876, ""temperature_K"": 298.9663931307877, ""soc"": 0.9052349971739593}, ""nominal_backup_peaks"": {""voltage_V"": 4.099590123655954, ""temperature_K"": 298.9599642429842, ""soc"": 0.9052349971739541}, ""bias_adjusted_peaks"": {""voltage_V"": 4.099770933757876, ""temperature_K"": 298.9706704024673, ""soc"": 0.9052349971740539}}], ""candidate_solve_count"": 13, ""screen_horizon_s"": 90.0, ""zero_current_backup_horizon_s"": 90.0, ""safety_guarantee"": ""finite-horizon sampled screen only"", ""filter_wall_time_s"": 1.2136141999981191}","{""time"": -0.75, ""balance"": -0.21916273711092799, ""voltage"": -0.0, ""temperature"": -0.0, ""numerical_failure"": 0.0, ""protective_stop"": 0.0}"
20,charge,1890.0,90.0,"[3.5, 3.5, 0.0]","[2.5, 2.0, 0.0]","[2.5, 2.0, 0.0]",-0.7554905890551178,False,,False,False,False,True,0.8827849000008428,"{""requested_current_A"": [3.5, 3.5, 0.0], ""applied_current_A"": [2.5, 2.0, 0.0], ""intervention"": true, ""infeasible"": false, ""reason"": ""Reduced requested current by nominal V/T/SOC and backup screening"", ""voltage_margin_V"": 0.03, ""temperature_margin_K"": 1.0, ""soc_max"": 0.95, ""voltage_guard_V"": 4.17, ""temperature_guard_K"": 308.0, ""nominal_state"": [[0.8604403390117611, 4.164095741360143, 304.25885027910215], [0.8601561366014642, 4.154735399639842, 303.2419281319343], [0.9052349971739532, 4.099590123655954, 298.9599642429842]], ""observation"": [[0.8604403390118204, 4.164132126251429, 304.45094032197403], [0.860156136601271, 4.154972544769835, 303.1430332759871], [0.9052349971738529, 4.099584911893993, 298.96386745042423]], ""positive_voltage_bias_V"": [3.6384891286544985e-05, 0.00023714512999362114, 0.0], ""positive_temperature_bias_K"": [0.19209004287188236, 0.0, 0.0039032074400324746], ""absolute_soc_bias"": [5.928590951498336e-14, 1.9317880628477724e-13, 1.0025313912365164e-13], ""cells"": [{""cell_index"": 0, ""candidate_count"": 3, ""feasible"": true, ""rejections"": [{""current_A"": 3.5, ""nominal_next_peaks"": {""voltage_V"": 4.198083117636292, ""temperature_K"": 304.2987085237165, ""soc"": 0.8809924242316485}, ""nominal_backup_peaks"": null, ""bias_adjusted_peaks"": {""voltage_V"": 4.198119502527579, ""temperature_K"": 304.4907985665884, ""soc"": 0.8809924242317078}, ""reason"": ""next_interval:voltage_V""}, {""current_A"": 3.0, ""nominal_next_peaks"": {""voltage_V"": 4.183019244218158, ""temperature_K"": 304.26555486421887, ""soc"": 0.8780564120573783}, ""nominal_backup_peaks"": null, ""bias_adjusted_peaks"": {""voltage_V"": 4.183055629109445, ""temperature_K"": 304.45764490709075, ""soc"": 0.8780564120574376}, ""reason"": ""next_interval:voltage_V""}], ""current_A"": 2.5, ""nominal_next_peaks"": {""voltage_V"": 4.16804429277275, ""temperature_K"": 304.25885027910215, ""soc"": 0.8751203998831092}, ""nominal_backup_peaks"": {""voltage_V"": 4.102423264127404, ""temperature_K"": 304.2366473126556, ""soc"": 0.8751203998831093}, ""bias_adjusted_peaks"": {""voltage_V"": 4.168080677664037, ""temperature_K"": 304.45094032197403, ""soc"": 0.8751203998831686}}, {""cell_index"": 1, ""candidate_count"": 4, ""feasible"": true, ""rejections"": [{""current_A"": 3.5, ""nominal_next_peaks"": {""voltage_V"": 4.205336258581934, ""temperature_K"": 303.2821196131796, ""soc"": 0.8819287491550856}, ""nominal_backup_peaks"": null, ""bias_adjusted_peaks"": {""voltage_V"": 4.205573403711927, ""temperature_K"": 303.2821196131796, ""soc"": 0.8819287491552787}, ""reason"": ""next_interval:voltage_V""}, {""current_A"": 3.0, ""nominal_next_peaks"": {""voltage_V"": 4.189375046383468, ""temperature_K"": 303.2525652889994, ""soc"": 0.8788183759331447}, ""nominal_backup_peaks"": null, ""bias_adjusted_peaks"": {""voltage_V"": 4.189612191513461, ""temperature_K"": 303.2525652889994, ""soc"": 0.8788183759333379}, ""reason"": ""next_interval:voltage_V""}, {""current_A"": 2.5, ""nominal_next_peaks"": {""voltage_V"": 4.173578780910196, ""temperature_K"": 303.2419281319343, ""soc"": 0.8757080027111984}, ""nominal_backup_peaks"": null, ""bias_adjusted_peaks"": {""voltage_V"": 4.17381592604019, ""temperature_K"": 303.2419281319343, ""soc"": 0.8757080027113916}, ""reason"": ""next_interval:voltage_V""}], ""current_A"": 2.0, ""nominal_next_peaks"": {""voltage_V"": 4.157691826757889, ""temperature_K"": 303.2419281319343, ""soc"": 0.8725976294892507}, ""nominal_backup_peaks"": {""voltage_V"": 4.101161564292708, ""temperature_K"": 303.2047454661563, ""soc"": 0.8725976294892519}, ""bias_adjusted_peaks"": {""voltage_V"": 4.157928971887882, ""temperature_K"": 303.2419281319343, ""soc"": 0.8725976294894451}}, {""cell_index"": 2, ""candidate_count"": 1, ""feasible"": true, ""rejections"": [], ""current_A"": 0.0, ""nominal_next_peaks"": {""voltage_V"": 4.099590123655954, ""temperature_K"": 298.9599642429842, ""soc"": 0.9052349971739541}, ""nominal_backup_peaks"": {""voltage_V"": 4.099501417563788, ""temperature_K"": 298.9535859862461, ""soc"": 0.9052349971739461}, ""bias_adjusted_peaks"": {""voltage_V"": 4.099590123655954, ""temperature_K"": 298.96386745042423, ""soc"": 0.9052349971740543}}], ""candidate_solve_count"": 11, ""screen_horizon_s"": 90.0, ""zero_current_backup_horizon_s"": 90.0, ""safety_guarantee"": ""finite-horizon sampled screen only"", ""filter_wall_time_s"": 0.8827511999988928}","{""time"": -0.75, ""balance"": -0.005490589055117792, ""voltage"": -0.0, ""temperature"": -0.0, ""numerical_failure"": 0.0, ""protective_stop"": 0.0}"
21,charge,1980.0,90.0,"[3.5, 3.5, 0.0]","[2.0, 2.0, 0.0]","[2.0, 2.0, 0.0]",-0.75,False,,False,False,False,True,1.1263733000014327,"{""requested_current_A"": [3.5, 3.5, 0.0], ""applied_current_A"": [2.0, 2.0, 0.0], ""intervention"": true, ""infeasible"": false, ""reason"": ""Reduced requested current by nominal V/T/SOC and backup screening"", ""voltage_margin_V"": 0.03, ""temperature_margin_K"": 1.0, ""soc_max"": 0.95, ""voltage_guard_V"": 4.17, ""temperature_guard_K"": 308.0, ""nominal_state"": [[0.8751203998831065, 4.16804429277275, 304.2366473126556], [0.8725976294892481, 4.157691826757889, 303.2047454661563], [0.9052349971739475, 4.099501417563788, 298.9535859862461]], ""observation"": [[0.8751203998831695, 4.1681286274781275, 304.4226563290486], [0.8725976294890431, 4.1579332270064215, 303.1073418413237], [0.9052349971738388, 4.099498373205151, 298.9571208973584]], ""positive_voltage_bias_V"": [8.433470537738685e-05, 0.0002414002485329192, 0.0], ""positive_temperature_bias_K"": [0.18600901639302947, 0.0, 0.003534911112296868], ""absolute_soc_bias"": [6.294964549624638e-14, 2.0505819264826641e-13, 1.0869083411080283e-13], ""cells"": [{""cell_index"": 0, ""candidate_count"": 4, ""feasible"": true, ""rejections"": [{""current_A"": 3.5, ""nominal_next_peaks"": {""voltage_V"": 4.206735914886968, ""temperature_K"": 304.2785429386343, ""soc"": 0.8956724851029877}, ""nominal_backup_peaks"": null, ""bias_adjusted_peaks"": {""voltage_V"": 4.2068202495923455, ""temperature_K"": 304.46455195502733, ""soc"": 0.8956724851030506}, ""reason"": ""next_interval:voltage_V""}, {""current_A"": 3.0, ""nominal_next_peaks"": {""voltage_V"": 4.189863724069827, ""temperature_K"": 304.24503491756116, ""soc"": 0.8927364729287255}, ""nominal_backup_peaks"": null, ""bias_adjusted_peaks"": {""voltage_V"": 4.1899480587752045, ""temperature_K"": 304.4310439339542, ""soc"": 0.8927364729287884}, ""reason"": ""next_interval:voltage_V""}, {""current_A"": 2.5, ""nominal_next_peaks"": {""voltage_V"": 4.173453255853966, ""temperature_K"": 304.2366473126556, ""soc"": 0.8898004607544494}, ""nominal_backup_peaks"": null, ""bias_adjusted_peaks"": {""voltage_V"": 4.173537590559343, ""temperature_K"": 304.4226563290486, ""soc"": 0.8898004607545124}, ""reason"": ""next_interval:voltage_V""}], ""current_A"": 2.0, ""nominal_next_peaks"": {""voltage_V"": 4.157303582668075, ""temperature_K"": 304.2366473126556, ""soc"": 0.8868644485801764}, ""nominal_backup_peaks"": {""voltage_V"": 4.103393141417898, ""temperature_K"": 304.19109683827605, ""soc"": 0.8868644485801764}, ""bias_adjusted_peaks"": {""voltage_V"": 4.157387917373453, ""temperature_K"": 304.4226563290486, ""soc"": 0.8868644485802394}}, {""cell_index"": 1, ""candidate_count"": 4, ""feasible"": true, ""rejections"": [{""current_A"": 3.5, ""nominal_next_peaks"": {""voltage_V"": 4.213201258730489, ""temperature_K"": 303.2467952888874, ""soc"": 0.8943702420428717}, ""nominal_backup_peaks"": null, ""bias_adjusted_peaks"": {""voltage_V"": 4.213442658979022, ""temperature_K"": 303.2467952888874, ""soc"": 0.8943702420430768}, ""reason"": ""next_interval:voltage_V""}, {""current_A"": 3.0, ""nominal_next_peaks"": {""voltage_V"": 4.19565229269265, ""temperature_K"": 303.2169804532952, ""soc"": 0.8912598688209254}, ""nominal_backup_peaks"": null, ""bias_adjusted_peaks"": {""voltage_V"": 4.1958936929411825, ""temperature_K"": 303.2169804532952, ""soc"": 0.8912598688211305}, ""reason"": ""next_interval:voltage_V""}, {""current_A"": 2.5, ""nominal_next_peaks"": {""voltage_V"": 4.178528302587205, ""temperature_K"": 303.2047454661563, ""soc"": 0.8881494955989786}, ""nominal_backup_peaks"": null, ""bias_adjusted_peaks"": {""voltage_V"": 4.178769702835738, ""temperature_K"": 303.2047454661563, ""soc"": 0.8881494955991837}, ""reason"": ""next_interval:voltage_V""}], ""current_A"": 2.0, ""nominal_next_peaks"": {""voltage_V"": 4.161610722689665, ""temperature_K"": 303.2047454661563, ""soc"": 0.8850391223770313}, ""nominal_backup_peaks"": {""voltage_V"": 4.104248077559037, ""temperature_K"": 303.1686734435778, ""soc"": 0.8850391223770383}, ""bias_adjusted_peaks"": {""voltage_V"": 4.161852122938198, ""temperature_K"": 303.2047454661563, ""soc"": 0.8850391223772434}}, {""cell_index"": 2, ""candidate_count"": 1, ""feasible"": true, ""rejections"": [], ""current_A"": 0.0, ""nominal_next_peaks"": {""voltage_V"": 4.099501417563788, ""temperature_K"": 298.9535859862461, ""soc"": 0.9052349971739461}, ""nominal_backup_peaks"": {""voltage_V"": 4.099457330890063, ""temperature_K"": 298.94725796969686, ""soc"": 0.905234997173937}, ""bias_adjusted_peaks"": {""voltage_V"": 4.099501417563788, ""temperature_K"": 298.9571208973584, ""soc"": 0.9052349971740548}}], ""candidate_solve_count"": 12, ""screen_horizon_s"": 90.0, ""zero_current_backup_horizon_s"": 90.0, ""safety_guarantee"": ""finite-horizon sampled screen only"", ""filter_wall_time_s"": 1.1263355000010051}","{""time"": -0.75, ""balance"": -0.0, ""voltage"": -0.0, ""temperature"": -0.0, ""numerical_failure"": 0.0, ""protective_stop"": 0.0}"
22,charge,2070.0,90.0,"[3.0, 3.0, 0.0]","[2.0, 2.0, 0.0]","[2.0, 2.0, 0.0]",-0.75,False,,False,False,False,True,0.8699115999988862,"{""requested_current_A"": [3.0, 3.0, 0.0], ""applied_current_A"": [2.0, 2.0, 0.0], ""intervention"": true, ""infeasible"": false, ""reason"": ""Reduced requested current by nominal V/T/SOC and backup screening"", ""voltage_margin_V"": 0.03, ""temperature_margin_K"": 1.0, ""soc_max"": 0.95, ""voltage_guard_V"": 4.17, ""temperature_guard_K"": 308.0, ""nominal_state"": [[0.8868644485801791, 4.157303582668075, 304.19109683827605], [0.8850391223770326, 4.161610722689665, 303.1686734435778], [0.9052349971739342, 4.099457330890063, 298.94725796969686]], ""observation"": [[0.8868644485802522, 4.157475460823703, 304.3701560473352], [0.8850391223768134, 4.161889655906865, 303.07271962029614], [0.9052349971738249, 4.099455583544847, 298.9504302846642]], ""positive_voltage_bias_V"": [0.0001718781556272475, 0.0002789332172001835, 0.0], ""positive_temperature_bias_K"": [0.17905920905911898, 0.0, 0.0031723149673439366], ""absolute_soc_bias"": [7.30526750203353e-14, 2.1926904736346842e-13, 1.092459456231154e-13], ""cells"": [{""cell_index"": 0, ""candidate_count"": 3, ""feasible"": true, ""rejections"": [{""current_A"": 3.0, ""nominal_next_peaks"": {""voltage_V"": 4.197486369156328, ""temperature_K"": 304.2006806520325, ""soc"": 0.9044805216257952}, ""nominal_backup_peaks"": null, ""bias_adjusted_peaks"": {""voltage_V"": 4.1976582473119555, ""temperature_K"": 304.3797398610916, ""soc"": 0.9044805216258682}, ""reason"": ""next_interval:voltage_V""}, {""current_A"": 2.5, ""nominal_next_peaks"": {""voltage_V"": 4.1794968215896855, ""temperature_K"": 304.19109683827605, ""soc"": 0.9015445094515213}, ""nominal_backup_peaks"": null, ""bias_adjusted_peaks"": {""voltage_V"": 4.179668699745313, ""temperature_K"": 304.3701560473352, ""soc"": 0.9015445094515944}, ""reason"": ""next_interval:voltage_V""}], ""current_A"": 2.0, ""nominal_next_peaks"": {""voltage_V"": 4.16200240963136, ""temperature_K"": 304.19109683827605, ""soc"": 0.8986084972772556}, ""nominal_backup_peaks"": {""voltage_V"": 4.107294512340657, ""temperature_K"": 304.14644967839877, ""soc"": 0.8986084972772556}, ""bias_adjusted_peaks"": {""voltage_V"": 4.162174287786987, ""temperature_K"": 304.3701560473352, ""soc"": 0.8986084972773286}}, {""cell_index"": 1, ""candidate_count"": 3, ""feasible"": true, ""rejections"": [{""current_A"": 3.0, ""nominal_next_peaks"": {""voltage_V"": 4.204699148064044, ""temperature_K"": 303.1826033226049, ""soc"": 0.9037013617087092}, ""nominal_backup_peaks"": null, ""bias_adjusted_peaks"": {""voltage_V"": 4.2049780812812445, ""temperature_K"": 303.1826033226049, ""soc"": 0.9037013617089285}, ""reason"": ""next_interval:voltage_V""}, {""current_A"": 2.5, ""nominal_next_peaks"": {""voltage_V"": 4.185786958396212, ""temperature_K"": 303.1686734435778, ""soc"": 0.9005909884867626}, ""nominal_backup_peaks"": null, ""bias_adjusted_peaks"": {""voltage_V"": 4.186065891613413, ""temperature_K"": 303.1686734435778, ""soc"": 0.9005909884869818}, ""reason"": ""next_interval:voltage_V""}], ""current_A"": 2.0, ""nominal_next_peaks"": {""voltage_V"": 4.1673007643843425, ""temperature_K"": 303.1686734435778, ""soc"": 0.8974806152648183}, ""nominal_backup_peaks"": {""voltage_V"": 4.1090293043376, ""temperature_K"": 303.133759047509, ""soc"": 0.897480615264819}, ""bias_adjusted_peaks"": {""voltage_V"": 4.167579697601543, ""temperature_K"": 303.1686734435778, ""soc"": 0.8974806152650383}}, {""cell_index"": 2, ""candidate_count"": 1, ""feasible"": true, ""rejections"": [], ""current_A"": 0.0, ""nominal_next_peaks"": {""voltage_V"": 4.099457330890063, ""temperature_K"": 298.94725796969686, ""soc"": 0.905234997173937}, ""nominal_backup_peaks"": {""voltage_V"": 4.0994352593418295, ""temperature_K"": 298.9409798071096, ""soc"": 0.9052349971739302}, ""bias_adjusted_peaks"": {""voltage_V"": 4.099457330890063, ""temperature_K"": 298.9504302846642, ""soc"": 0.9052349971740462}}], ""candidate_solve_count"": 10, ""screen_horizon_s"": 90.0, ""zero_current_backup_horizon_s"": 90.0, ""safety_guarantee"": ""finite-horizon sampled screen only"", ""filter_wall_time_s"": 0.8698794000010821}","{""time"": -0.75, ""balance"": -0.0, ""voltage"": -0.0, ""temperature"": -0.0, ""numerical_failure"": 0.0, ""protective_stop"": 0.0}"
23,charge,2160.0,90.0,"[3.0, 3.0, 0.0]","[2.0, 1.5, 0.0]","[2.0, 1.5, 0.0]",-0.75,True,,False,False,False,True,1.0520629000020563,"{""requested_current_A"": [3.0, 3.0, 0.0], ""applied_current_A"": [2.0, 1.5, 0.0], ""intervention"": true, ""infeasible"": false, ""reason"": ""Reduced requested current by nominal V/T/SOC and backup screening"", ""voltage_margin_V"": 0.03, ""temperature_margin_K"": 1.0, ""soc_max"": 0.95, ""voltage_guard_V"": 4.17, ""temperature_guard_K"": 308.0, ""nominal_state"": [[0.8986084972772559, 4.16200240963136, 304.14644967839877], [0.897480615264819, 4.1673007643843425, 303.133759047509], [0.9052349971739316, 4.0994352593418295, 298.9409798071096]], ""observation"": [[0.8986084972773327, 4.162355808435495, 304.31873072626075], [0.8974806152645824, 4.1676479023277055, 303.0392129992777], [0.9052349971738111, 4.099434272151056, 298.94379515942114]], ""positive_voltage_bias_V"": [0.0003533988041350966, 0.0003471379433630517, 0.0], ""positive_temperature_bias_K"": [0.17228104786198628, 0.0, 0.0028153523115292955], ""absolute_soc_bias"": [7.682743330406083e-14, 2.3658852654762086e-13, 1.20570220474292e-13], ""cells"": [{""cell_index"": 0, ""candidate_count"": 3, ""feasible"": true, ""rejections"": [{""current_A"": 3.0, ""nominal_next_peaks"": {""voltage_V"": 4.208368039413836, ""temperature_K"": 304.1580136139452, ""soc"": 0.9162245703228666}, ""nominal_backup_peaks"": null, ""bias_adjusted_peaks"": {""voltage_V"": 4.208721438217971, ""temperature_K"": 304.33029466180716, ""soc"": 0.9162245703229435}, ""reason"": ""next_interval:voltage_V""}, {""current_A"": 2.5, ""nominal_next_peaks"": {""voltage_V"": 4.188427701484633, ""temperature_K"": 304.14644967839877, ""soc"": 0.9132885581485978}, ""nominal_backup_peaks"": null, ""bias_adjusted_peaks"": {""voltage_V"": 4.188781100288768, ""temperature_K"": 304.31873072626075, ""soc"": 0.9132885581486746}, ""reason"": ""next_interval:voltage_V""}], ""current_A"": 2.0, ""nominal_next_peaks"": {""voltage_V"": 4.169118665133033, ""temperature_K"": 304.14644967839877, ""soc"": 0.9103525459743322}, ""nominal_backup_peaks"": {""voltage_V"": 4.1135070327618894, ""temperature_K"": 304.1031528496445, ""soc"": 0.9103525459743322}, ""bias_adjusted_peaks"": {""voltage_V"": 4.169472063937168, ""temperature_K"": 304.31873072626075, ""soc"": 0.9103525459744091}}, {""cell_index"": 1, ""candidate_count"": 4, ""feasible"": true, ""rejections"": [{""current_A"": 3.0, ""nominal_next_peaks"": {""voltage_V"": 4.2170152888000025, ""temperature_K"": 303.14946671545897, ""soc"": 0.9161428545964992}, ""nominal_backup_peaks"": null, ""bias_adjusted_peaks"": {""voltage_V"": 4.217362426743366, ""temperature_K"": 303.14946671545897, ""soc"": 0.9161428545967358}, ""reason"": ""next_interval:voltage_V""}, {""current_A"": 2.5, ""nominal_next_peaks"": {""voltage_V"": 4.196045920128906, ""temperature_K"": 303.133759047509, ""soc"": 0.9130324813745481}, ""nominal_backup_peaks"": null, ""bias_adjusted_peaks"": {""voltage_V"": 4.196393058072269, ""temperature_K"": 303.133759047509, ""soc"": 0.9130324813747847}, ""reason"": ""next_interval:voltage_V""}, {""current_A"": 2.0, ""nominal_next_peaks"": {""voltage_V"": 4.175595436410107, ""temperature_K"": 303.133759047509, ""soc"": 0.9099221081526124}, ""nominal_backup_peaks"": null, ""bias_adjusted_peaks"": {""voltage_V"": 4.17594257435347, ""temperature_K"": 303.133759047509, ""soc"": 0.909922108152849}, ""reason"": ""next_interval:voltage_V""}], ""current_A"": 1.5, ""nominal_next_peaks"": {""voltage_V"": 4.155597981370724, ""temperature_K"": 303.133759047509, ""soc"": 0.9068117349306587}, ""nominal_backup_peaks"": {""voltage_V"": 4.110604696137489, ""temperature_K"": 303.08167852896986, ""soc"": 0.9068117349306599}, ""bias_adjusted_peaks"": {""voltage_V"": 4.155945119314087, ""temperature_K"": 303.133759047509, ""soc"": 0.9068117349308965}}, {""cell_index"": 2, ""candidate_count"": 1, ""feasible"": true, ""rejections"": [], ""current_A"": 0.0, ""nominal_next_peaks"": {""voltage_V"": 4.0994352593418295, ""temperature_K"": 298.9409798071096, ""soc"": 0.9052349971739302}, ""nominal_backup_peaks"": {""voltage_V"": 4.099424211597066, ""temperature_K"": 298.934751231629, ""soc"": 0.9052349971739273}, ""bias_adjusted_peaks"": {""voltage_V"": 4.0994352593418295, ""temperature_K"": 298.94379515942114, ""soc"": 0.9052349971740508}}], ""candidate_solve_count"": 11, ""screen_horizon_s"": 90.0, ""zero_current_backup_horizon_s"": 90.0, ""safety_guarantee"": ""finite-horizon sampled screen only"", ""filter_wall_time_s"": 1.0520108000018809}","{""time"": -0.75, ""balance"": -0.0, ""voltage"": -0.0, ""temperature"": -0.0, ""numerical_failure"": 0.0, ""protective_stop"": 0.0}"
24,hold,2250.0,90.0,"[0.0, 0.0, 0.0]","[0.0, 0.0, 0.0]","[0.0, 0.0, 0.0]",-0.75,True,,False,False,False,False,0.0,"{""reason"": ""zero-current terminal observation with common interlock""}","{""time"": -0.75, ""balance"": -0.0, ""voltage"": -0.0, ""temperature"": -0.0, ""numerical_failure"": 0.0, ""protective_stop"": 0.0}"
25,hold,2340.0,90.0,"[0.0, 0.0, 0.0]","[0.0, 0.0, 0.0]","[0.0, 0.0, 0.0]",-0.75,True,,False,False,False,False,0.0,"{""reason"": ""zero-current terminal observation with common interlock""}","{""time"": -0.75, ""balance"": -0.0, ""voltage"": -0.0, ""temperature"": -0.0, ""numerical_failure"": 0.0, ""protective_stop"": 0.0}"
26,hold,2430.0,90.0,"[0.0, 0.0, 0.0]","[0.0, 0.0, 0.0]","[0.0, 0.0, 0.0]",-0.75,True,,False,False,False,False,0.0,"{""reason"": ""zero-current terminal observation with common interlock""}","{""time"": -0.75, ""balance"": -0.0, ""voltage"": -0.0, ""temperature"": -0.0, ""numerical_failure"": 0.0, ""protective_stop"": 0.0}"
