decision_index,phase,time_s,duration_s,requested_current_A,screened_current_A,executed_current_A,reward,goal,failure_reason,protective_stop,numerical_failure,post_switch_peak_unknown,intervention,filter_wall_s,safety_details,reward_terms
0,charge,90.0,90.0,"[3.0, 7.5, 7.5]","[3.0, 7.5, 7.5]","[3.0, 7.5, 7.5]",-10.204146829144138,False,,False,False,False,False,1.0120688999995764,"{""requested_current_A"": [3.0, 7.5, 7.5], ""applied_current_A"": [3.0, 7.5, 7.5], ""intervention"": false, ""infeasible"": false, ""reason"": ""Requested currents passed nominal screening"", ""voltage_margin_V"": 0.03, ""temperature_margin_K"": 1.0, ""soc_max"": 0.95, ""voltage_guard_V"": 4.17, ""temperature_guard_K"": 308.0, ""nominal_state"": [[0.7477980834413317, 3.9905400140328497, 298.15], [0.2216730356356274, 3.520606712612391, 298.15], [0.49610267005938996, 3.777021707611266, 298.15]], ""observation"": [[0.7477980834413317, 3.9905400140328497, 298.15], [0.2216730356356274, 3.520606712612391, 298.15], [0.49610267005938996, 3.777021707611266, 298.15]], ""positive_voltage_bias_V"": [0.0, 0.0, 0.0], ""positive_temperature_bias_K"": [0.0, 0.0, 0.0], ""absolute_soc_bias"": [0.0, 0.0, 0.0], ""cells"": [{""cell_index"": 0, ""candidate_count"": 1, ""feasible"": true, ""rejections"": [], ""current_A"": 3.0, ""nominal_next_peaks"": {""voltage_V"": 4.119606170851661, ""temperature_K"": 298.2515665092846, ""soc"": 0.7654141564869474}, ""nominal_backup_peaks"": {""voltage_V"": 4.037093061705768, ""temperature_K"": 298.2515665092846, ""soc"": 0.7654141564869474}, ""bias_adjusted_peaks"": {""voltage_V"": 4.119606170851661, ""temperature_K"": 298.2515665092846, ""soc"": 0.7654141564869474}}, {""cell_index"": 1, ""candidate_count"": 1, ""feasible"": true, ""rejections"": [], ""current_A"": 7.5, ""nominal_next_peaks"": {""voltage_V"": 3.7988980070350586, ""temperature_K"": 298.62590111123365, ""soc"": 0.26832863396481843}, ""nominal_backup_peaks"": {""voltage_V"": 3.620963791101949, ""temperature_K"": 298.62590111123365, ""soc"": 0.26832863396481926}, ""bias_adjusted_peaks"": {""voltage_V"": 3.7988980070350586, ""temperature_K"": 298.62590111123365, ""soc"": 0.26832863396481926}}, {""cell_index"": 2, ""candidate_count"": 1, ""feasible"": true, ""rejections"": [], ""current_A"": 7.5, ""nominal_next_peaks"": {""voltage_V"": 4.056793065042995, ""temperature_K"": 298.54784666281984, ""soc"": 0.5449546945708379}, ""nominal_backup_peaks"": {""voltage_V"": 3.88208128503752, ""temperature_K"": 298.54784666281984, ""soc"": 0.5449546945708379}, ""bias_adjusted_peaks"": {""voltage_V"": 4.056793065042995, ""temperature_K"": 298.54784666281984, ""soc"": 0.5449546945708379}}], ""candidate_solve_count"": 6, ""screen_horizon_s"": 90.0, ""zero_current_backup_horizon_s"": 90.0, ""safety_guarantee"": ""finite-horizon sampled screen only"", ""filter_wall_time_s"": 1.0120424999986426}","{""time"": -0.75, ""balance"": -9.454146829144138, ""voltage"": -0.0, ""temperature"": -0.0, ""numerical_failure"": 0.0, ""protective_stop"": 0.0}"
1,charge,180.0,90.0,"[3.0, 7.5, 7.0]","[3.0, 7.5, 7.0]","[3.0, 7.5, 7.0]",-9.635012947310035,False,,False,False,False,False,0.7371405000012601,"{""requested_current_A"": [3.0, 7.5, 7.0], ""applied_current_A"": [3.0, 7.5, 7.0], ""intervention"": false, ""infeasible"": false, ""reason"": ""Requested currents passed nominal screening"", ""voltage_margin_V"": 0.03, ""temperature_margin_K"": 1.0, ""soc_max"": 0.95, ""voltage_guard_V"": 4.17, ""temperature_guard_K"": 308.0, ""nominal_state"": [[0.7654141564869474, 4.119606170851661, 298.2515665092846], [0.26832863396481776, 3.7988980070350586, 298.62590111123365], [0.5449546945708391, 4.056793065042995, 298.54784666281984]], ""observation"": [[0.7654141564869508, 4.119523607376006, 298.2539606706207], [0.2683286339648187, 3.7989878388018874, 298.6472383711459], [0.5449546945708471, 4.056431063889844, 298.5415066545924]], ""positive_voltage_bias_V"": [0.0, 8.983176682875182e-05, 0.0], ""positive_temperature_bias_K"": [0.0023941613360989322, 0.021337259912229456, 0.0], ""absolute_soc_bias"": [3.3306690738754696e-15, 9.43689570931383e-16, 7.993605777301127e-15], ""cells"": [{""cell_index"": 0, ""candidate_count"": 1, ""feasible"": true, ""rejections"": [], ""current_A"": 3.0, ""nominal_next_peaks"": {""voltage_V"": 4.1419776683995995, ""temperature_K"": 298.356492545136, ""soc"": 0.7830302295325625}, ""nominal_backup_peaks"": {""voltage_V"": 4.058641164684483, ""temperature_K"": 298.356492545136, ""soc"": 0.7830302295325634}, ""bias_adjusted_peaks"": {""voltage_V"": 4.1419776683995995, ""temperature_K"": 298.3588867064721, ""soc"": 0.7830302295325667}}, {""cell_index"": 1, ""candidate_count"": 1, ""feasible"": true, ""rejections"": [], ""current_A"": 7.5, ""nominal_next_peaks"": {""voltage_V"": 3.858232655730396, ""temperature_K"": 299.1195558670965, ""soc"": 0.31498423229400924}, ""nominal_backup_peaks"": {""voltage_V"": 3.682136291476243, ""temperature_K"": 299.1195558670965, ""soc"": 0.31498423229400924}, ""bias_adjusted_peaks"": {""voltage_V"": 3.8583224874972246, ""temperature_K"": 299.1408931270087, ""soc"": 0.3149842322940102}}, {""cell_index"": 2, ""candidate_count"": 1, ""feasible"": true, ""rejections"": [], ""current_A"": 7.0, ""nominal_next_peaks"": {""voltage_V"": 4.086283086927194, ""temperature_K"": 298.921863915203, ""soc"": 0.5905499174481852}, ""nominal_backup_peaks"": {""voltage_V"": 3.9201983974629027, ""temperature_K"": 298.921863915203, ""soc"": 0.5905499174482013}, ""bias_adjusted_peaks"": {""voltage_V"": 4.086283086927194, ""temperature_K"": 298.921863915203, ""soc"": 0.5905499174482093}}], ""candidate_solve_count"": 6, ""screen_horizon_s"": 90.0, ""zero_current_backup_horizon_s"": 90.0, ""safety_guarantee"": ""finite-horizon sampled screen only"", ""filter_wall_time_s"": 0.7371044999999867}","{""time"": -0.75, ""balance"": -8.885012947310035, ""voltage"": -0.0, ""temperature"": -0.0, ""numerical_failure"": 0.0, ""protective_stop"": 0.0}"
2,charge,270.0,90.0,"[3.0, 7.5, 6.5]","[3.0, 7.5, 6.5]","[3.0, 7.5, 6.5]",-9.073044943320568,False,,False,False,False,False,0.7012936999999511,"{""requested_current_A"": [3.0, 7.5, 6.5], ""applied_current_A"": [3.0, 7.5, 6.5], ""intervention"": false, ""infeasible"": false, ""reason"": ""Requested currents passed nominal screening"", ""voltage_margin_V"": 0.03, ""temperature_margin_K"": 1.0, ""soc_max"": 0.95, ""voltage_guard_V"": 4.17, ""temperature_guard_K"": 308.0, ""nominal_state"": [[0.7830302295325636, 4.1419776683995995, 298.356492545136], [0.31498423229400896, 3.858232655730396, 299.1195558670965], [0.5905499174481861, 4.086283086927194, 298.921863915203]], ""observation"": [[0.7830302295325738, 4.141869019806238, 298.3613682710543], [0.314984232294007, 3.8580118480194177, 299.1624989688977], [0.5905499174482083, 4.085839609992588, 298.9095736810414]], ""positive_voltage_bias_V"": [0.0, 0.0, 0.0], ""positive_temperature_bias_K"": [0.0048757259182821144, 0.042943101801199646, 0.0], ""absolute_soc_bias"": [1.021405182655144e-14, 1.942890293094024e-15, 2.220446049250313e-14], ""cells"": [{""cell_index"": 0, ""candidate_count"": 1, ""feasible"": true, ""rejections"": [], ""current_A"": 3.0, ""nominal_next_peaks"": {""voltage_V"": 4.159017063761015, ""temperature_K"": 298.4607225775868, ""soc"": 0.8006463025781785}, ""nominal_backup_peaks"": {""voltage_V"": 4.075047549962408, ""temperature_K"": 298.4607225775868, ""soc"": 0.8006463025781828}, ""bias_adjusted_peaks"": {""voltage_V"": 4.159017063761015, ""temperature_K"": 298.4655983035051, ""soc"": 0.800646302578193}}, {""cell_index"": 1, ""candidate_count"": 1, ""feasible"": true, ""rejections"": [], ""current_A"": 7.5, ""nominal_next_peaks"": {""voltage_V"": 3.90923967766206, ""temperature_K"": 299.5996957433403, ""soc"": 0.3616398306231983}, ""nominal_backup_peaks"": {""voltage_V"": 3.7358211659822214, ""temperature_K"": 299.5996957433403, ""soc"": 0.3616398306232003}, ""bias_adjusted_peaks"": {""voltage_V"": 3.90923967766206, ""temperature_K"": 299.6426388451415, ""soc"": 0.36163983062320226}}, {""cell_index"": 2, ""candidate_count"": 1, ""feasible"": true, ""rejections"": [], ""current_A"": 6.5, ""nominal_next_peaks"": {""voltage_V"": 4.1185676798699955, ""temperature_K"": 299.2452801933885, ""soc"": 0.632888338691439}, ""nominal_backup_peaks"": {""voltage_V"": 3.962271304865901, ""temperature_K"": 299.2452801933885, ""soc"": 0.6328883386914446}, ""bias_adjusted_peaks"": {""voltage_V"": 4.1185676798699955, ""temperature_K"": 299.2452801933885, ""soc"": 0.6328883386914668}}], ""candidate_solve_count"": 6, ""screen_horizon_s"": 90.0, ""zero_current_backup_horizon_s"": 90.0, ""safety_guarantee"": ""finite-horizon sampled screen only"", ""filter_wall_time_s"": 0.7012630999997782}","{""time"": -0.75, ""balance"": -8.323044943320568, ""voltage"": -0.0, ""temperature"": -0.0, ""numerical_failure"": 0.0, ""protective_stop"": 0.0}"
3,charge,360.0,90.0,"[3.0, 7.5, 6.0]","[2.5, 7.5, 6.0]","[2.5, 7.5, 6.0]",-8.485378013358133,False,,False,False,False,True,0.8186486999984481,"{""requested_current_A"": [3.0, 7.5, 6.0], ""applied_current_A"": [2.5, 7.5, 6.0], ""intervention"": true, ""infeasible"": false, ""reason"": ""Reduced requested current by nominal V/T/SOC and backup screening"", ""voltage_margin_V"": 0.03, ""temperature_margin_K"": 1.0, ""soc_max"": 0.95, ""voltage_guard_V"": 4.17, ""temperature_guard_K"": 308.0, ""nominal_state"": [[0.8006463025781806, 4.159017063761015, 298.4607225775868], [0.36163983062319927, 3.90923967766206, 299.5996957433403], [0.6328883386914391, 4.1185676798699955, 299.2452801933885]], ""observation"": [[0.8006463025781945, 4.158906445408379, 298.46807097590994], [0.36163983062319527, 3.9086173375034408, 299.66312709987625], [0.6328883386914727, 4.118212992673428, 299.2278498499127]], ""positive_voltage_bias_V"": [0.0, 0.0, 0.0], ""positive_temperature_bias_K"": [0.007348398323131278, 0.06343135653594345, 0.0], ""absolute_soc_bias"": [1.3877787807814457e-14, 3.9968028886505635e-15, 3.352873534367973e-14], ""cells"": [{""cell_index"": 0, ""candidate_count"": 2, ""feasible"": true, ""rejections"": [{""current_A"": 3.0, ""nominal_next_peaks"": {""voltage_V"": 4.171793505377934, ""temperature_K"": 298.5641890614048, ""soc"": 0.8182623756237983}, ""nominal_backup_peaks"": null, ""bias_adjusted_peaks"": {""voltage_V"": 4.171793505377934, ""temperature_K"": 298.57153745972795, ""soc"": 0.8182623756238122}, ""reason"": ""next_interval:voltage_V""}], ""current_A"": 2.5, ""nominal_next_peaks"": {""voltage_V"": 4.154137834469482, ""temperature_K"": 298.5332413015391, ""soc"": 0.815326363449523}, ""nominal_backup_peaks"": {""voltage_V"": 4.082026822239806, ""temperature_K"": 298.5332413015391, ""soc"": 0.8153263634495241}, ""bias_adjusted_peaks"": {""voltage_V"": 4.154137834469482, ""temperature_K"": 298.5405896998622, ""soc"": 0.815326363449538}}, {""cell_index"": 1, ""candidate_count"": 1, ""feasible"": true, ""rejections"": [], ""current_A"": 7.5, ""nominal_next_peaks"": {""voltage_V"": 3.9566386623701693, ""temperature_K"": 300.06616433588755, ""soc"": 0.40829542895238946}, ""nominal_backup_peaks"": {""voltage_V"": 3.785436964838664, ""temperature_K"": 300.06616433588755, ""soc"": 0.40829542895238985}, ""bias_adjusted_peaks"": {""voltage_V"": 3.9566386623701693, ""temperature_K"": 300.1295956924235, ""soc"": 0.40829542895239385}}, {""cell_index"": 2, ""candidate_count"": 1, ""feasible"": true, ""rejections"": [], ""current_A"": 6.0, ""nominal_next_peaks"": {""voltage_V"": 4.15771410535381, ""temperature_K"": 299.52114037324367, ""soc"": 0.6719699583005931}, ""nominal_backup_peaks"": {""voltage_V"": 4.010977573138556, ""temperature_K"": 299.52114037324367, ""soc"": 0.6719699583005931}, ""bias_adjusted_peaks"": {""voltage_V"": 4.15771410535381, ""temperature_K"": 299.52114037324367, ""soc"": 0.6719699583006267}}], ""candidate_solve_count"": 7, ""screen_horizon_s"": 90.0, ""zero_current_backup_horizon_s"": 90.0, ""safety_guarantee"": ""finite-horizon sampled screen only"", ""filter_wall_time_s"": 0.8186061999986123}","{""time"": -0.75, ""balance"": -7.735378013358133, ""voltage"": -0.0, ""temperature"": -0.0, ""numerical_failure"": 0.0, ""protective_stop"": 0.0}"
4,charge,450.0,90.0,"[3.0, 7.5, 5.5]","[2.5, 7.5, 5.0]","[2.5, 7.5, 5.0]",-7.8611802327285725,False,,False,False,False,True,0.7309056999984023,"{""requested_current_A"": [3.0, 7.5, 5.5], ""applied_current_A"": [2.5, 7.5, 5.0], ""intervention"": true, ""infeasible"": false, ""reason"": ""Reduced requested current by nominal V/T/SOC and backup screening"", ""voltage_margin_V"": 0.03, ""temperature_margin_K"": 1.0, ""soc_max"": 0.95, ""voltage_guard_V"": 4.17, ""temperature_guard_K"": 308.0, ""nominal_state"": [[0.8153263634495245, 4.154137834469482, 298.5332413015391], [0.4082954289523903, 3.9566386623701693, 300.06616433588755], [0.6719699583005926, 4.15771410535381, 299.52114037324367]], ""observation"": [[0.8153263634495461, 4.154041360954354, 298.5423257954175], [0.40829542895238263, 3.9557960610213603, 300.1489832263364], [0.6719699583006395, 4.157202428310834, 299.4993257727325]], ""positive_voltage_bias_V"": [0.0, 0.0, 0.0], ""positive_temperature_bias_K"": [0.00908449387844712, 0.08281889044883428, 0.0], ""absolute_soc_bias"": [2.1649348980190553e-14, 7.66053886991358e-15, 4.696243394164412e-14], ""cells"": [{""cell_index"": 0, ""candidate_count"": 2, ""feasible"": true, ""rejections"": [{""current_A"": 3.0, ""nominal_next_peaks"": {""voltage_V"": 4.17898421487215, ""temperature_K"": 298.63566163176654, ""soc"": 0.8329424364951339}, ""nominal_backup_peaks"": null, ""bias_adjusted_peaks"": {""voltage_V"": 4.17898421487215, ""temperature_K"": 298.644746125645, ""soc"": 0.8329424364951555}, ""reason"": ""next_interval:voltage_V""}], ""current_A"": 2.5, ""nominal_next_peaks"": {""voltage_V"": 4.162437004119637, ""temperature_K"": 298.6046773751098, ""soc"": 0.8300064243208686}, ""nominal_backup_peaks"": {""voltage_V"": 4.089739021971921, ""temperature_K"": 298.6046773751098, ""soc"": 0.8300064243208696}, ""bias_adjusted_peaks"": {""voltage_V"": 4.162437004119637, ""temperature_K"": 298.61376186898826, ""soc"": 0.8300064243208912}}, {""cell_index"": 1, ""candidate_count"": 1, ""feasible"": true, ""rejections"": [], ""current_A"": 7.5, ""nominal_next_peaks"": {""voltage_V"": 3.9980487285205335, ""temperature_K"": 300.5203675219224, ""soc"": 0.4549510272815826}, ""nominal_backup_peaks"": {""voltage_V"": 3.828600531179601, ""temperature_K"": 300.5203675219224, ""soc"": 0.4549510272815827}, ""bias_adjusted_peaks"": {""voltage_V"": 3.9980487285205335, ""temperature_K"": 300.60318641237126, ""soc"": 0.45495102728159037}}, {""cell_index"": 2, ""candidate_count"": 2, ""feasible"": true, ""rejections"": [{""current_A"": 5.5, ""nominal_next_peaks"": {""voltage_V"": 4.1824571103631385, ""temperature_K"": 299.7534753971546, ""soc"": 0.7077947762756529}, ""nominal_backup_peaks"": null, ""bias_adjusted_peaks"": {""voltage_V"": 4.1824571103631385, ""temperature_K"": 299.7534753971546, ""soc"": 0.7077947762756999}, ""reason"": ""next_interval:voltage_V""}], ""current_A"": 5.0, ""nominal_next_peaks"": {""voltage_V"": 4.163698684138251, ""temperature_K"": 299.7157265524116, ""soc"": 0.704537974641556}, ""nominal_backup_peaks"": {""voltage_V"": 4.036537360003193, ""temperature_K"": 299.7157265524116, ""soc"": 0.7045379746415565}, ""bias_adjusted_peaks"": {""voltage_V"": 4.163698684138251, ""temperature_K"": 299.7157265524116, ""soc"": 0.7045379746416035}}], ""candidate_solve_count"": 8, ""screen_horizon_s"": 90.0, ""zero_current_backup_horizon_s"": 90.0, ""safety_guarantee"": ""finite-horizon sampled screen only"", ""filter_wall_time_s"": 0.7308755000012752}","{""time"": -0.75, ""balance"": -7.1111802327285725, ""voltage"": -0.0, ""temperature"": -0.0, ""numerical_failure"": 0.0, ""protective_stop"": 0.0}"
5,charge,540.0,90.0,"[3.0, 7.5, 5.5]","[2.5, 7.5, 4.0]","[2.5, 7.5, 4.0]",-7.213525294610424,False,,False,False,False,True,0.8456651000014972,"{""requested_current_A"": [3.0, 7.5, 5.5], ""applied_current_A"": [2.5, 7.5, 4.0], ""intervention"": true, ""infeasible"": false, ""reason"": ""Reduced requested current by nominal V/T/SOC and backup screening"", ""voltage_margin_V"": 0.03, ""temperature_margin_K"": 1.0, ""soc_max"": 0.95, ""voltage_guard_V"": 4.17, ""temperature_guard_K"": 308.0, ""nominal_state"": [[0.8300064243208689, 4.162437004119637, 298.6046773751098], [0.4549510272815813, 3.9980487285205335, 300.5203675219224], [0.7045379746415554, 4.163698684138251, 299.7157265524116]], ""observation"": [[0.8300064243208994, 4.1623583142777125, 298.615477972484], [0.4549510272815696, 3.9971944405595154, 300.62156046576706], [0.7045379746416155, 4.163070762430598, 299.69080531486765]], ""positive_voltage_bias_V"": [0.0, 0.0, 0.0], ""positive_temperature_bias_K"": [0.01080059737415695, 0.10119294384463728, 0.0], ""absolute_soc_bias"": [3.0531133177191805e-14, 1.1712852909795402e-14, 6.006306563222097e-14], ""cells"": [{""cell_index"": 0, ""candidate_count"": 2, ""feasible"": true, ""rejections"": [{""current_A"": 3.0, ""nominal_next_peaks"": {""voltage_V"": 4.184244153433026, ""temperature_K"": 298.7068657075371, ""soc"": 0.8476224973664808}, ""nominal_backup_peaks"": null, ""bias_adjusted_peaks"": {""voltage_V"": 4.184244153433026, ""temperature_K"": 298.71766630491123, ""soc"": 0.8476224973665113}, ""reason"": ""next_interval:voltage_V""}], ""current_A"": 2.5, ""nominal_next_peaks"": {""voltage_V"": 4.168622626235225, ""temperature_K"": 298.6756766606213, ""soc"": 0.8446864851922153}, ""nominal_backup_peaks"": {""voltage_V"": 4.095224160504262, ""temperature_K"": 298.6756766606213, ""soc"": 0.8446864851922156}, ""bias_adjusted_peaks"": {""voltage_V"": 4.168622626235225, ""temperature_K"": 298.6864772579955, ""soc"": 0.8446864851922461}}, {""cell_index"": 1, ""candidate_count"": 1, ""feasible"": true, ""rejections"": [], ""current_A"": 7.5, ""nominal_next_peaks"": {""voltage_V"": 4.032187256259556, ""temperature_K"": 300.9636429998636, ""soc"": 0.5016066256107714}, ""nominal_backup_peaks"": {""voltage_V"": 3.864065197083819, ""temperature_K"": 300.9636429998636, ""soc"": 0.5016066256107751}, ""bias_adjusted_peaks"": {""voltage_V"": 4.032187256259556, ""temperature_K"": 301.06483594370826, ""soc"": 0.5016066256107867}}, {""cell_index"": 2, ""candidate_count"": 4, ""feasible"": true, ""rejections"": [{""current_A"": 5.5, ""nominal_next_peaks"": {""voltage_V"": 4.210388005346733, ""temperature_K"": 299.9448390157319, ""soc"": 0.7403627926166182}, ""nominal_backup_peaks"": null, ""bias_adjusted_peaks"": {""voltage_V"": 4.210388005346733, ""temperature_K"": 299.9448390157319, ""soc"": 0.7403627926166783}, ""reason"": ""next_interval:voltage_V""}, {""current_A"": 5.0, ""nominal_next_peaks"": {""voltage_V"": 4.192755290344676, ""temperature_K"": 299.90728746132436, ""soc"": 0.7371059909825183}, ""nominal_backup_peaks"": null, ""bias_adjusted_peaks"": {""voltage_V"": 4.192755290344676, ""temperature_K"": 299.90728746132436, ""soc"": 0.7371059909825783}, ""reason"": ""next_interval:voltage_V""}, {""current_A"": 4.5, ""nominal_next_peaks"": {""voltage_V"": 4.174541371664563, ""temperature_K"": 299.8724487326007, ""soc"": 0.7338491893484211}, ""nominal_backup_peaks"": null, ""bias_adjusted_peaks"": {""voltage_V"": 4.174541371664563, ""temperature_K"": 299.8724487326007, ""soc"": 0.7338491893484812}, ""reason"": ""next_interval:voltage_V""}], ""current_A"": 4.0, ""nominal_next_peaks"": {""voltage_V"": 4.1557364775887855, ""temperature_K"": 299.840363930148, ""soc"": 0.7305923877143228}, ""nominal_backup_peaks"": {""voltage_V"": 4.049259269938888, ""temperature_K"": 299.840363930148, ""soc"": 0.7305923877143259}, ""bias_adjusted_peaks"": {""voltage_V"": 4.1557364775887855, ""temperature_K"": 299.840363930148, ""soc"": 0.730592387714386}}], ""candidate_solve_count"": 10, ""screen_horizon_s"": 90.0, ""zero_current_backup_horizon_s"": 90.0, ""safety_guarantee"": ""finite-horizon sampled screen only"", ""filter_wall_time_s"": 0.845563900002162}","{""time"": -0.75, ""balance"": -6.463525294610424, ""voltage"": -0.0, ""temperature"": -0.0, ""numerical_failure"": 0.0, ""protective_stop"": 0.0}"
6,charge,630.0,90.0,"[3.0, 7.5, 5.0]","[2.0, 7.5, 3.5]","[2.0, 7.5, 3.5]",-6.5186286749737645,False,,False,False,False,True,0.8980606999975862,"{""requested_current_A"": [3.0, 7.5, 5.0], ""applied_current_A"": [2.0, 7.5, 3.5], ""intervention"": true, ""infeasible"": false, ""reason"": ""Reduced requested current by nominal V/T/SOC and backup screening"", ""voltage_margin_V"": 0.03, ""temperature_margin_K"": 1.0, ""soc_max"": 0.95, ""voltage_guard_V"": 4.17, ""temperature_guard_K"": 308.0, ""nominal_state"": [[0.8446864851922162, 4.168622626235225, 298.6756766606213], [0.501606625610773, 4.032187256259556, 300.9636429998636], [0.7305923877143234, 4.1557364775887855, 299.840363930148]], ""observation"": [[0.8446864851922522, 4.1685613238962755, 298.6881885410265], [0.5016066256107556, 4.031363990974009, 301.08227962613773], [0.7305923877143948, 4.155172280021547, 299.81342696182713]], ""positive_voltage_bias_V"": [0.0, 0.0, 0.0], ""positive_temperature_bias_K"": [0.012511880405156717, 0.11863662627411031, 0.0], ""absolute_soc_bias"": [3.597122599785507e-14, 1.7319479184152442e-14, 7.138734048339757e-14], ""cells"": [{""cell_index"": 0, ""candidate_count"": 3, ""feasible"": true, ""rejections"": [{""current_A"": 3.0, ""nominal_next_peaks"": {""voltage_V"": 4.188298074617098, ""temperature_K"": 298.777769843829, ""soc"": 0.862302558237836}, ""nominal_backup_peaks"": null, ""bias_adjusted_peaks"": {""voltage_V"": 4.188298074617098, ""temperature_K"": 298.79028172423415, ""soc"": 0.8623025582378719}, ""reason"": ""next_interval:voltage_V""}, {""current_A"": 2.5, ""nominal_next_peaks"": {""voltage_V"": 4.173078639525171, ""temperature_K"": 298.74634661569945, ""soc"": 0.8593665460635611}, ""nominal_backup_peaks"": null, ""bias_adjusted_peaks"": {""voltage_V"": 4.173078639525171, ""temperature_K"": 298.7588584961046, ""soc"": 0.8593665460635971}, ""reason"": ""next_interval:voltage_V""}], ""current_A"": 2.0, ""nominal_next_peaks"": {""voltage_V"": 4.156950104474837, ""temperature_K"": 298.71949662469683, ""soc"": 0.8564305338892909}, ""nominal_backup_peaks"": {""voltage_V"": 4.096342104730626, ""temperature_K"": 298.71949662469683, ""soc"": 0.856430533889291}, ""bias_adjusted_peaks"": {""voltage_V"": 4.156950104474837, ""temperature_K"": 298.732008505102, ""soc"": 0.856430533889327}}, {""cell_index"": 1, ""candidate_count"": 1, ""feasible"": true, ""rejections"": [], ""current_A"": 7.5, ""nominal_next_peaks"": {""voltage_V"": 4.063193415887036, ""temperature_K"": 301.39723294168766, ""soc"": 0.5482622239399637}, ""nominal_backup_peaks"": {""voltage_V"": 3.895988992275897, ""temperature_K"": 301.39723294168766, ""soc"": 0.5482622239399648}, ""bias_adjusted_peaks"": {""voltage_V"": 4.063193415887036, ""temperature_K"": 301.5158695679618, ""soc"": 0.5482622239399821}}, {""cell_index"": 2, ""candidate_count"": 4, ""feasible"": true, ""rejections"": [{""current_A"": 5.0, ""nominal_next_peaks"": {""voltage_V"": 4.210978587885878, ""temperature_K"": 300.029701813356, ""soc"": 0.7631604040552844}, ""nominal_backup_peaks"": null, ""bias_adjusted_peaks"": {""voltage_V"": 4.210978587885878, ""temperature_K"": 300.029701813356, ""soc"": 0.7631604040553558}, ""reason"": ""next_interval:voltage_V""}, {""current_A"": 4.5, ""nominal_next_peaks"": {""voltage_V"": 4.194004680207205, ""temperature_K"": 299.99501450816314, ""soc"": 0.7599036024211915}, ""nominal_backup_peaks"": null, ""bias_adjusted_peaks"": {""voltage_V"": 4.194004680207205, ""temperature_K"": 299.99501450816314, ""soc"": 0.7599036024212629}, ""reason"": ""next_interval:voltage_V""}, {""current_A"": 4.0, ""nominal_next_peaks"": {""voltage_V"": 4.17621424022794, ""temperature_K"": 299.96307066043136, ""soc"": 0.7566468007870888}, ""nominal_backup_peaks"": null, ""bias_adjusted_peaks"": {""voltage_V"": 4.17621424022794, ""temperature_K"": 299.96307066043136, ""soc"": 0.7566468007871602}, ""reason"": ""next_interval:voltage_V""}], ""current_A"": 3.5, ""nominal_next_peaks"": {""voltage_V"": 4.1575911736414355, ""temperature_K"": 299.9339516487568, ""soc"": 0.7533899991529903}, ""nominal_backup_peaks"": {""voltage_V"": 4.061793998745118, ""temperature_K"": 299.9339516487568, ""soc"": 0.7533899991529903}, ""bias_adjusted_peaks"": {""voltage_V"": 4.1575911736414355, ""temperature_K"": 299.9339516487568, ""soc"": 0.7533899991530617}}], ""candidate_solve_count"": 11, ""screen_horizon_s"": 90.0, ""zero_current_backup_horizon_s"": 90.0, ""safety_guarantee"": ""finite-horizon sampled screen only"", ""filter_wall_time_s"": 0.8980236999996123}","{""time"": -0.75, ""balance"": -5.7686286749737645, ""voltage"": -0.0, ""temperature"": -0.0, ""numerical_failure"": 0.0, ""protective_stop"": 0.0}"
7,charge,720.0,90.0,"[3.0, 7.5, 5.0]","[2.0, 7.5, 3.0]","[2.0, 7.5, 3.0]",-5.783353706910168,False,,False,False,False,True,0.9531287999998312,"{""requested_current_A"": [3.0, 7.5, 5.0], ""applied_current_A"": [2.0, 7.5, 3.0], ""intervention"": true, ""infeasible"": false, ""reason"": ""Reduced requested current by nominal V/T/SOC and backup screening"", ""voltage_margin_V"": 0.03, ""temperature_margin_K"": 1.0, ""soc_max"": 0.95, ""voltage_guard_V"": 4.17, ""temperature_guard_K"": 308.0, ""nominal_state"": [[0.8564305338892916, 4.156950104474837, 298.71949662469683], [0.5482622239399649, 4.063193415887036, 301.39723294168766], [0.7533899991529912, 4.1575911736414355, 299.9339516487568]], ""observation"": [[0.8564305338893331, 4.15689965654892, 298.7330902655553], [0.5482622239399434, 4.062348144099627, 301.53246008800244], [0.753389999153076, 4.157127568106396, 299.90547964762686]], ""positive_voltage_bias_V"": [0.0, 0.0, 0.0], ""positive_temperature_bias_K"": [0.013593640858459821, 0.13522714631477584, 0.0], ""absolute_soc_bias"": [4.1522341120980855e-14, 2.1538326677728037e-14, 8.482103908136196e-14], ""cells"": [{""cell_index"": 0, ""candidate_count"": 3, ""feasible"": true, ""rejections"": [{""current_A"": 3.0, ""nominal_next_peaks"": {""voltage_V"": 4.191396458801018, ""temperature_K"": 298.8210794422842, ""soc"": 0.874046606934906}, ""nominal_backup_peaks"": null, ""bias_adjusted_peaks"": {""voltage_V"": 4.191396458801018, ""temperature_K"": 298.83467308314266, ""soc"": 0.8740466069349475}, ""reason"": ""next_interval:voltage_V""}, {""current_A"": 2.5, ""nominal_next_peaks"": {""voltage_V"": 4.175957329619413, ""temperature_K"": 298.7895977853197, ""soc"": 0.8711105947606328}, ""nominal_backup_peaks"": null, ""bias_adjusted_peaks"": {""voltage_V"": 4.175957329619413, ""temperature_K"": 298.80319142617816, ""soc"": 0.8711105947606743}, ""reason"": ""next_interval:voltage_V""}], ""current_A"": 2.0, ""nominal_next_peaks"": {""voltage_V"": 4.159895708875849, ""temperature_K"": 298.76269345792576, ""soc"": 0.8681745825863677}, ""nominal_backup_peaks"": {""voltage_V"": 4.098703518340999, ""temperature_K"": 298.76269345792576, ""soc"": 0.8681745825863677}, ""bias_adjusted_peaks"": {""voltage_V"": 4.159895708875849, ""temperature_K"": 298.7762870987842, ""soc"": 0.8681745825864092}}, {""cell_index"": 1, ""candidate_count"": 1, ""feasible"": true, ""rejections"": [], ""current_A"": 7.5, ""nominal_next_peaks"": {""voltage_V"": 4.097789428776844, ""temperature_K"": 301.8223410568647, ""soc"": 0.5949178222691563}, ""nominal_backup_peaks"": {""voltage_V"": 3.931096307754279, ""temperature_K"": 301.8223410568647, ""soc"": 0.5949178222691593}, ""bias_adjusted_peaks"": {""voltage_V"": 4.097789428776844, ""temperature_K"": 301.95756820317945, ""soc"": 0.5949178222691809}}, {""cell_index"": 2, ""candidate_count"": 5, ""feasible"": true, ""rejections"": [{""current_A"": 5.0, ""nominal_next_peaks"": {""voltage_V"": 4.2232256619951265, ""temperature_K"": 300.1226082752537, ""soc"": 0.7859580154939474}, ""nominal_backup_peaks"": null, ""bias_adjusted_peaks"": {""voltage_V"": 4.2232256619951265, ""temperature_K"": 300.1226082752537, ""soc"": 0.7859580154940322}, ""reason"": ""next_interval:voltage_V""}, {""current_A"": 4.5, ""nominal_next_peaks"": {""voltage_V"": 4.207757599333762, ""temperature_K"": 300.0879035409617, ""soc"": 0.7827012138598529}, ""nominal_backup_peaks"": null, ""bias_adjusted_peaks"": {""voltage_V"": 4.207757599333762, ""temperature_K"": 300.0879035409617, ""soc"": 0.7827012138599377}, ""reason"": ""next_interval:voltage_V""}, {""current_A"": 4.0, ""nominal_next_peaks"": {""voltage_V"": 4.191341541754815, ""temperature_K"": 300.05594052482866, ""soc"": 0.7794444122257617}, ""nominal_backup_peaks"": null, ""bias_adjusted_peaks"": {""voltage_V"": 4.191341541754815, ""temperature_K"": 300.05594052482866, ""soc"": 0.7794444122258465}, ""reason"": ""next_interval:voltage_V""}, {""current_A"": 3.5, ""nominal_next_peaks"": {""voltage_V"": 4.173916329351279, ""temperature_K"": 300.0268018813601, ""soc"": 0.7761876105916622}, ""nominal_backup_peaks"": null, ""bias_adjusted_peaks"": {""voltage_V"": 4.173916329351279, ""temperature_K"": 300.0268018813601, ""soc"": 0.776187610591747}, ""reason"": ""next_interval:voltage_V""}], ""current_A"": 3.0, ""nominal_next_peaks"": {""voltage_V"": 4.155439101610877, ""temperature_K"": 300.00061372005814, ""soc"": 0.7729308089575648}, ""nominal_backup_peaks"": {""voltage_V"": 4.070844803383038, ""temperature_K"": 300.00061372005814, ""soc"": 0.7729308089575648}, ""bias_adjusted_peaks"": {""voltage_V"": 4.155439101610877, ""temperature_K"": 300.00061372005814, ""soc"": 0.7729308089576497}}], ""candidate_solve_count"": 12, ""screen_horizon_s"": 90.0, ""zero_current_backup_horizon_s"": 90.0, ""safety_guarantee"": ""finite-horizon sampled screen only"", ""filter_wall_time_s"": 0.9530775000021094}","{""time"": -0.75, ""balance"": -5.033353706910168, ""voltage"": -0.0, ""temperature"": -0.0, ""numerical_failure"": 0.0, ""protective_stop"": 0.0}"
8,charge,810.0,90.0,"[3.0, 7.5, 4.5]","[2.0, 7.5, 3.0]","[2.0, 7.5, 3.0]",-5.042219567976824,False,,False,False,False,True,0.8489154000017152,"{""requested_current_A"": [3.0, 7.5, 4.5], ""applied_current_A"": [2.0, 7.5, 3.0], ""intervention"": true, ""infeasible"": false, ""reason"": ""Reduced requested current by nominal V/T/SOC and backup screening"", ""voltage_margin_V"": 0.03, ""temperature_margin_K"": 1.0, ""soc_max"": 0.95, ""voltage_guard_V"": 4.17, ""temperature_guard_K"": 308.0, ""nominal_state"": [[0.8681745825863689, 4.159895708875849, 298.76269345792576], [0.5949178222691553, 4.097789428776844, 301.8223410568647], [0.7729308089575653, 4.155439101610877, 300.00061372005814]], ""observation"": [[0.8681745825864199, 4.159849778486757, 298.7773574150396], [0.5949178222691343, 4.09692596326636, 301.9733793769682], [0.7729308089576591, 4.155083132323311, 299.9710212962648]], ""positive_voltage_bias_V"": [0.0, 0.0, 0.0], ""positive_temperature_bias_K"": [0.014663957113839388, 0.1510383201035097, 0.0], ""absolute_soc_bias"": [5.0959236830294685e-14, 2.1094237467877974e-14, 9.381384558082573e-14], ""cells"": [{""cell_index"": 0, ""candidate_count"": 3, ""feasible"": true, ""rejections"": [{""current_A"": 3.0, ""nominal_next_peaks"": {""voltage_V"": 4.1956883918919825, ""temperature_K"": 298.8645612969863, ""soc"": 0.8857906556319837}, ""nominal_backup_peaks"": null, ""bias_adjusted_peaks"": {""voltage_V"": 4.1956883918919825, ""temperature_K"": 298.87922525410016, ""soc"": 0.8857906556320346}, ""reason"": ""next_interval:voltage_V""}, {""current_A"": 2.5, ""nominal_next_peaks"": {""voltage_V"": 4.179471938572229, ""temperature_K"": 298.83285667823634, ""soc"": 0.8828546434577141}, ""nominal_backup_peaks"": null, ""bias_adjusted_peaks"": {""voltage_V"": 4.179471938572229, ""temperature_K"": 298.8475206353502, ""soc"": 0.8828546434577651}, ""reason"": ""next_interval:voltage_V""}], ""current_A"": 2.0, ""nominal_next_peaks"": {""voltage_V"": 4.16296318149894, ""temperature_K"": 298.80574040746325, ""soc"": 0.8799186312834443}, ""nominal_backup_peaks"": {""voltage_V"": 4.10109235553764, ""temperature_K"": 298.80574040746325, ""soc"": 0.8799186312834443}, ""bias_adjusted_peaks"": {""voltage_V"": 4.16296318149894, ""temperature_K"": 298.8204043645771, ""soc"": 0.8799186312834952}}, {""cell_index"": 1, ""candidate_count"": 1, ""feasible"": true, ""rejections"": [], ""current_A"": 7.5, ""nominal_next_peaks"": {""voltage_V"": 4.150669384231382, ""temperature_K"": 302.2401582405073, ""soc"": 0.6415734205983453}, ""nominal_backup_peaks"": {""voltage_V"": 3.9840669196099823, ""temperature_K"": 302.2401582405073, ""soc"": 0.6415734205983825}, ""bias_adjusted_peaks"": {""voltage_V"": 4.150669384231382, ""temperature_K"": 302.3911965606108, ""soc"": 0.6415734205984036}}, {""cell_index"": 2, ""candidate_count"": 4, ""feasible"": true, ""rejections"": [{""current_A"": 4.5, ""nominal_next_peaks"": {""voltage_V"": 4.216316575592455, ""temperature_K"": 300.15417185872593, ""soc"": 0.8022420236644289}, ""nominal_backup_peaks"": null, ""bias_adjusted_peaks"": {""voltage_V"": 4.216316575592455, ""temperature_K"": 300.15417185872593, ""soc"": 0.8022420236645227}, ""reason"": ""next_interval:voltage_V""}, {""current_A"": 4.0, ""nominal_next_peaks"": {""voltage_V"": 4.20123276002496, ""temperature_K"": 300.1221776942757, ""soc"": 0.7989852220303305}, ""nominal_backup_peaks"": null, ""bias_adjusted_peaks"": {""voltage_V"": 4.20123276002496, ""temperature_K"": 300.1221776942757, ""soc"": 0.7989852220304243}, ""reason"": ""next_interval:voltage_V""}, {""current_A"": 3.5, ""nominal_next_peaks"": {""voltage_V"": 4.185105669405118, ""temperature_K"": 300.09300756067694, ""soc"": 0.7957284203962326}, ""nominal_backup_peaks"": null, ""bias_adjusted_peaks"": {""voltage_V"": 4.185105669405118, ""temperature_K"": 300.09300756067694, ""soc"": 0.7957284203963264}, ""reason"": ""next_interval:voltage_V""}], ""current_A"": 3.0, ""nominal_next_peaks"": {""voltage_V"": 4.167828204512194, ""temperature_K"": 300.06678865346424, ""soc"": 0.7924716187621395}, ""nominal_backup_peaks"": {""voltage_V"": 4.08253515628177, ""temperature_K"": 300.06678865346424, ""soc"": 0.7924716187621395}, ""bias_adjusted_peaks"": {""voltage_V"": 4.167828204512194, ""temperature_K"": 300.06678865346424, ""soc"": 0.7924716187622333}}], ""candidate_solve_count"": 11, ""screen_horizon_s"": 90.0, ""zero_current_backup_horizon_s"": 90.0, ""safety_guarantee"": ""finite-horizon sampled screen only"", ""filter_wall_time_s"": 0.8488828000008652}","{""time"": -0.75, ""balance"": -4.292219567976824, ""voltage"": -0.0, ""temperature"": -0.0, ""numerical_failure"": 0.0, ""protective_stop"": 0.0}"
9,charge,900.0,90.0,"[3.0, 7.5, 4.5]","[2.0, 6.0, 2.5]","[2.0, 6.0, 2.5]",-4.39998354106584,False,,False,False,False,True,1.2857986999988498,"{""requested_current_A"": [3.0, 7.5, 4.5], ""applied_current_A"": [2.0, 6.0, 2.5], ""intervention"": true, ""infeasible"": false, ""reason"": ""Reduced requested current by nominal V/T/SOC and backup screening"", ""voltage_margin_V"": 0.03, ""temperature_margin_K"": 1.0, ""soc_max"": 0.95, ""voltage_guard_V"": 4.17, ""temperature_guard_K"": 308.0, ""nominal_state"": [[0.8799186312834456, 4.16296318149894, 298.80574040746325], [0.6415734205983453, 4.150669384231382, 302.2401582405073], [0.7924716187621414, 4.167828204512194, 300.06678865346424]], ""observation"": [[0.8799186312835092, 4.16291337023353, 298.8214743767996], [0.6415734205983186, 4.149964774474956, 302.40628719602597], [0.7924716187622424, 4.1675855808835784, 300.03608260791594]], ""positive_voltage_bias_V"": [0.0, 0.0, 0.0], ""positive_temperature_bias_K"": [0.015733969336338305, 0.16612895551867268, 0.0], ""absolute_soc_bias"": [6.361577931102147e-14, 2.6756374893466273e-14, 1.0091927293842673e-13], ""cells"": [{""cell_index"": 0, ""candidate_count"": 3, ""feasible"": true, ""rejections"": [{""current_A"": 3.0, ""nominal_next_peaks"": {""voltage_V"": 4.201978974195455, ""temperature_K"": 298.9080141845528, ""soc"": 0.897534704329059}, ""nominal_backup_peaks"": null, ""bias_adjusted_peaks"": {""voltage_V"": 4.201978974195455, ""temperature_K"": 298.92374815388916, ""soc"": 0.8975347043291226}, ""reason"": ""next_interval:voltage_V""}, {""current_A"": 2.5, ""nominal_next_peaks"": {""voltage_V"": 4.184420852951542, ""temperature_K"": 298.8760604473687, ""soc"": 0.8945986921547872}, ""nominal_backup_peaks"": null, ""bias_adjusted_peaks"": {""voltage_V"": 4.184420852951542, ""temperature_K"": 298.891794416705, ""soc"": 0.8945986921548508}, ""reason"": ""next_interval:voltage_V""}], ""current_A"": 2.0, ""nominal_next_peaks"": {""voltage_V"": 4.166880365994222, ""temperature_K"": 298.84870723385967, ""soc"": 0.8916626799805218}, ""nominal_backup_peaks"": {""voltage_V"": 4.104264213967172, ""temperature_K"": 298.84870723385967, ""soc"": 0.8916626799805218}, ""bias_adjusted_peaks"": {""voltage_V"": 4.166880365994222, ""temperature_K"": 298.864441203196, ""soc"": 0.8916626799805855}}, {""cell_index"": 1, ""candidate_count"": 4, ""feasible"": true, ""rejections"": [{""current_A"": 7.5, ""nominal_next_peaks"": {""voltage_V"": 4.212392390458385, ""temperature_K"": 302.6519153812097, ""soc"": 0.6882290189275369}, ""nominal_backup_peaks"": null, ""bias_adjusted_peaks"": {""voltage_V"": 4.212392390458385, ""temperature_K"": 302.81804433672835, ""soc"": 0.6882290189275636}, ""reason"": ""next_interval:voltage_V""}, {""current_A"": 7.0, ""nominal_next_peaks"": {""voltage_V"": 4.193488316801704, ""temperature_K"": 302.5956860988508, ""soc"": 0.68511864570559}, ""nominal_backup_peaks"": null, ""bias_adjusted_peaks"": {""voltage_V"": 4.193488316801704, ""temperature_K"": 302.7618150543695, ""soc"": 0.6851186457056168}, ""reason"": ""next_interval:voltage_V""}, {""current_A"": 6.5, ""nominal_next_peaks"": {""voltage_V"": 4.174591794512065, ""temperature_K"": 302.54302795778364, ""soc"": 0.682008272483644}, ""nominal_backup_peaks"": null, ""bias_adjusted_peaks"": {""voltage_V"": 4.174591794512065, ""temperature_K"": 302.7091569133023, ""soc"": 0.6820082724836708}, ""reason"": ""next_interval:voltage_V""}], ""current_A"": 6.0, ""nominal_next_peaks"": {""voltage_V"": 4.155619363404073, ""temperature_K"": 302.4937707520439, ""soc"": 0.6788978992616984}, ""nominal_backup_peaks"": {""voltage_V"": 4.017749870498724, ""temperature_K"": 302.4937707520439, ""soc"": 0.6788978992617019}, ""bias_adjusted_peaks"": {""voltage_V"": 4.155619363404073, ""temperature_K"": 302.65989970756254, ""soc"": 0.6788978992617286}}, {""cell_index"": 2, ""candidate_count"": 5, ""feasible"": true, ""rejections"": [{""current_A"": 4.5, ""nominal_next_peaks"": {""voltage_V"": 4.2225578775811154, ""temperature_K"": 300.22105933563336, ""soc"": 0.821782833469005}, ""nominal_backup_peaks"": null, ""bias_adjusted_peaks"": {""voltage_V"": 4.2225578775811154, ""temperature_K"": 300.22105933563336, ""soc"": 0.821782833469106}, ""reason"": ""next_interval:voltage_V""}, {""current_A"": 4.0, ""nominal_next_peaks"": {""voltage_V"": 4.208606108747221, ""temperature_K"": 300.1888781144522, ""soc"": 0.8185260318349067}, ""nominal_backup_peaks"": null, ""bias_adjusted_peaks"": {""voltage_V"": 4.208606108747221, ""temperature_K"": 300.1888781144522, ""soc"": 0.8185260318350076}, ""reason"": ""next_interval:voltage_V""}, {""current_A"": 3.5, ""nominal_next_peaks"": {""voltage_V"": 4.193783397272155, ""temperature_K"": 300.159527067087, ""soc"": 0.8152692302008112}, ""nominal_backup_peaks"": null, ""bias_adjusted_peaks"": {""voltage_V"": 4.193783397272155, ""temperature_K"": 300.159527067087, ""soc"": 0.8152692302009121}, ""reason"": ""next_interval:voltage_V""}, {""current_A"": 3.0, ""nominal_next_peaks"": {""voltage_V"": 4.177880894218838, ""temperature_K"": 300.1331335756888, ""soc"": 0.8120124285667137}, ""nominal_backup_peaks"": null, ""bias_adjusted_peaks"": {""voltage_V"": 4.177880894218838, ""temperature_K"": 300.1331335756888, ""soc"": 0.8120124285668147}, ""reason"": ""next_interval:voltage_V""}], ""current_A"": 2.5, ""nominal_next_peaks"": {""voltage_V"": 4.160732989849286, ""temperature_K"": 300.1098798113535, ""soc"": 0.808755626932611}, ""nominal_backup_peaks"": {""voltage_V"": 4.087315009592174, ""temperature_K"": 300.1098798113535, ""soc"": 0.808755626932611}, ""bias_adjusted_peaks"": {""voltage_V"": 4.160732989849286, ""temperature_K"": 300.1098798113535, ""soc"": 0.808755626932712}}], ""candidate_solve_count"": 15, ""screen_horizon_s"": 90.0, ""zero_current_backup_horizon_s"": 90.0, ""safety_guarantee"": ""finite-horizon sampled screen only"", ""filter_wall_time_s"": 1.2857726000002003}","{""time"": -0.75, ""balance"": -3.6499835410658394, ""voltage"": -0.0, ""temperature"": -0.0, ""numerical_failure"": 0.0, ""protective_stop"": 0.0}"
10,charge,990.0,90.0,"[3.0, 7.0, 4.5]","[1.5, 5.0, 2.5]","[1.5, 5.0, 2.5]",-3.896982760818547,False,,False,False,False,True,1.5787053999993077,"{""requested_current_A"": [3.0, 7.0, 4.5], ""applied_current_A"": [1.5, 5.0, 2.5], ""intervention"": true, ""infeasible"": false, ""reason"": ""Reduced requested current by nominal V/T/SOC and backup screening"", ""voltage_margin_V"": 0.03, ""temperature_margin_K"": 1.0, ""soc_max"": 0.95, ""voltage_guard_V"": 4.17, ""temperature_guard_K"": 308.0, ""nominal_state"": [[0.891662679980524, 4.166880365994222, 298.84870723385967], [0.6788978992617006, 4.155619363404073, 302.4937707520439], [0.808755626932612, 4.160732989849286, 300.1098798113535]], ""observation"": [[0.8916626799805925, 4.166817260134533, 298.8655124828421], [0.6788978992616657, 4.154734954255195, 302.66745428088456], [0.8087556269327323, 4.160574508227631, 300.0784131963658]], ""positive_voltage_bias_V"": [0.0, 0.0, 0.0], ""positive_temperature_bias_K"": [0.016805248982450394, 0.17368352884068372, 0.0], ""absolute_soc_bias"": [6.850076061937216e-14, 3.497202527569243e-14, 1.2023715356690445e-13], ""cells"": [{""cell_index"": 0, ""candidate_count"": 4, ""feasible"": true, ""rejections"": [{""current_A"": 3.0, ""nominal_next_peaks"": {""voltage_V"": 4.211046803753456, ""temperature_K"": 298.9514878602358, ""soc"": 0.9092787530261358}, ""nominal_backup_peaks"": null, ""bias_adjusted_peaks"": {""voltage_V"": 4.211046803753456, ""temperature_K"": 298.9682931092182, ""soc"": 0.9092787530262043}, ""reason"": ""next_interval:voltage_V""}, {""current_A"": 2.5, ""nominal_next_peaks"": {""voltage_V"": 4.191693129582388, ""temperature_K"": 298.91926271921955, ""soc"": 0.9063427408518674}, ""nominal_backup_peaks"": null, ""bias_adjusted_peaks"": {""voltage_V"": 4.191693129582388, ""temperature_K"": 298.936067968202, ""soc"": 0.9063427408519359}, ""reason"": ""next_interval:voltage_V""}, {""current_A"": 2.0, ""nominal_next_peaks"": {""voltage_V"": 4.172582406729645, ""temperature_K"": 298.8916509890509, ""soc"": 0.9034067286775973}, ""nominal_backup_peaks"": null, ""bias_adjusted_peaks"": {""voltage_V"": 4.172582406729645, ""temperature_K"": 298.90845623803335, ""soc"": 0.9034067286776658}, ""reason"": ""next_interval:voltage_V""}], ""current_A"": 1.5, ""nominal_next_peaks"": {""voltage_V"": 4.153500795896037, ""temperature_K"": 298.8691314339811, ""soc"": 0.9004707165033354}, ""nominal_backup_peaks"": {""voltage_V"": 4.1049879299097345, ""temperature_K"": 298.8691314339811, ""soc"": 0.9004707165033363}, ""bias_adjusted_peaks"": {""voltage_V"": 4.153500795896037, ""temperature_K"": 298.8859366829636, ""soc"": 0.9004707165034048}}, {""cell_index"": 1, ""candidate_count"": 5, ""feasible"": true, ""rejections"": [{""current_A"": 7.0, ""nominal_next_peaks"": {""voltage_V"": 4.228498746128381, ""temperature_K"": 302.83901842490866, ""soc"": 0.7224431243689505}, ""nominal_backup_peaks"": null, ""bias_adjusted_peaks"": {""voltage_V"": 4.228498746128381, ""temperature_K"": 303.01270195374934, ""soc"": 0.7224431243689855}, ""reason"": ""next_interval:voltage_V""}, {""current_A"": 6.5, ""nominal_next_peaks"": {""voltage_V"": 4.2109925869370155, ""temperature_K"": 302.7871084369645, ""soc"": 0.7193327511470038}, ""nominal_backup_peaks"": null, ""bias_adjusted_peaks"": {""voltage_V"": 4.2109925869370155, ""temperature_K"": 302.9607919658052, ""soc"": 0.7193327511470388}, ""reason"": ""next_interval:voltage_V""}, {""current_A"": 6.0, ""nominal_next_peaks"": {""voltage_V"": 4.193257245935397, ""temperature_K"": 302.7385122882201, ""soc"": 0.7162223779250569}, ""nominal_backup_peaks"": null, ""bias_adjusted_peaks"": {""voltage_V"": 4.193257245935397, ""temperature_K"": 302.91219581706076, ""soc"": 0.7162223779250919}, ""reason"": ""next_interval:voltage_V""}, {""current_A"": 5.5, ""nominal_next_peaks"": {""voltage_V"": 4.1752656434862345, ""temperature_K"": 302.6931403627038, ""soc"": 0.7131120047031112}, ""nominal_backup_peaks"": null, ""bias_adjusted_peaks"": {""voltage_V"": 4.1752656434862345, ""temperature_K"": 302.86682389154447, ""soc"": 0.7131120047031462}, ""reason"": ""next_interval:voltage_V""}], ""current_A"": 5.0, ""nominal_next_peaks"": {""voltage_V"": 4.156994392116861, ""temperature_K"": 302.65095272954505, ""soc"": 0.7100016314811585}, ""nominal_backup_peaks"": {""voltage_V"": 4.038520048428682, ""temperature_K"": 302.65095272954505, ""soc"": 0.7100016314811631}, ""bias_adjusted_peaks"": {""voltage_V"": 4.156994392116861, ""temperature_K"": 302.82463625838574, ""soc"": 0.7100016314811981}}, {""cell_index"": 2, ""candidate_count"": 5, ""feasible"": true, ""rejections"": [{""current_A"": 4.5, ""nominal_next_peaks"": {""voltage_V"": 4.226417238397784, ""temperature_K"": 300.26411185381386, ""soc"": 0.8380668416394693}, ""nominal_backup_peaks"": null, ""bias_adjusted_peaks"": {""voltage_V"": 4.226417238397784, ""temperature_K"": 300.26411185381386, ""soc"": 0.8380668416395896}, ""reason"": ""next_interval:voltage_V""}, {""current_A"": 4.0, ""nominal_next_peaks"": {""voltage_V"": 4.212798165362722, ""temperature_K"": 300.23187611180043, ""soc"": 0.83481004000538}, ""nominal_backup_peaks"": null, ""bias_adjusted_peaks"": {""voltage_V"": 4.212798165362722, ""temperature_K"": 300.23187611180043, ""soc"": 0.8348100400055002}, ""reason"": ""next_interval:voltage_V""}, {""current_A"": 3.5, ""nominal_next_peaks"": {""voltage_V"": 4.19861826830155, ""temperature_K"": 300.2024707408492, ""soc"": 0.8315532383712833}, ""nominal_backup_peaks"": null, ""bias_adjusted_peaks"": {""voltage_V"": 4.19861826830155, ""temperature_K"": 300.2024707408492, ""soc"": 0.8315532383714035}, ""reason"": ""next_interval:voltage_V""}, {""current_A"": 3.0, ""nominal_next_peaks"": {""voltage_V"": 4.183586187204167, ""temperature_K"": 300.1760240388551, ""soc"": 0.8282964367371847}, ""nominal_backup_peaks"": null, ""bias_adjusted_peaks"": {""voltage_V"": 4.183586187204167, ""temperature_K"": 300.1760240388551, ""soc"": 0.8282964367373049}, ""reason"": ""next_interval:voltage_V""}], ""current_A"": 2.5, ""nominal_next_peaks"": {""voltage_V"": 4.167448618995033, ""temperature_K"": 300.15271951516473, ""soc"": 0.8250396351030865}, ""nominal_backup_peaks"": {""voltage_V"": 4.093321748366348, ""temperature_K"": 300.15271951516473, ""soc"": 0.8250396351030865}, ""bias_adjusted_peaks"": {""voltage_V"": 4.167448618995033, ""temperature_K"": 300.15271951516473, ""soc"": 0.8250396351032068}}], ""candidate_solve_count"": 17, ""screen_horizon_s"": 90.0, ""zero_current_backup_horizon_s"": 90.0, ""safety_guarantee"": ""finite-horizon sampled screen only"", ""filter_wall_time_s"": 1.5786576000027708}","{""time"": -0.75, ""balance"": -3.146982760818547, ""voltage"": -0.0, ""temperature"": -0.0, ""numerical_failure"": 0.0, ""protective_stop"": 0.0}"
11,charge,1080.0,89.99999999999989,"[0.0, 6.5, 4.5]","[0.0, 4.5, 2.0]","[0.0, 4.5, 2.0]",-3.38092098670617,False,,False,False,False,True,1.563128500001767,"{""requested_current_A"": [0.0, 6.5, 4.5], ""applied_current_A"": [0.0, 4.5, 2.0], ""intervention"": true, ""infeasible"": false, ""reason"": ""Reduced requested current by nominal V/T/SOC and backup screening"", ""voltage_margin_V"": 0.03, ""temperature_margin_K"": 1.0, ""soc_max"": 0.95, ""voltage_guard_V"": 4.17, ""temperature_guard_K"": 308.0, ""nominal_state"": [[0.9004707165033338, 4.153500795896037, 298.8691314339811], [0.7100016314811569, 4.156994392116861, 302.65095272954505], [0.8250396351030881, 4.167448618995033, 300.15271951516473]], ""observation"": [[0.9004707165034137, 4.153438806200213, 298.8864870680071], [0.7100016314811209, 4.156057218225616, 302.8278159117152], [0.8250396351032235, 4.167370864687024, 300.12049579000575]], ""positive_voltage_bias_V"": [0.0, 0.0, 0.0], ""positive_temperature_bias_K"": [0.017355634025989275, 0.17686318217016606, 0.0], ""absolute_soc_bias"": [7.993605777301127e-14, 3.597122599785507e-14, 1.354472090042691e-13], ""cells"": [{""cell_index"": 0, ""candidate_count"": 1, ""feasible"": true, ""rejections"": [], ""current_A"": 0.0, ""nominal_next_peaks"": {""voltage_V"": 4.1049879299097345, ""temperature_K"": 298.8691314339811, ""soc"": 0.9004707165033363}, ""nominal_backup_peaks"": {""voltage_V"": 4.098028406048604, ""temperature_K"": 298.85827202731747, ""soc"": 0.9004707165033361}, ""bias_adjusted_peaks"": {""voltage_V"": 4.1049879299097345, ""temperature_K"": 298.8864870680071, ""soc"": 0.9004707165034163}}, {""cell_index"": 1, ""candidate_count"": 5, ""feasible"": true, ""rejections"": [{""current_A"": 6.5, ""nominal_next_peaks"": {""voltage_V"": 4.234162657675047, ""temperature_K"": 302.93927956669546, ""soc"": 0.7504364833664573}, ""nominal_backup_peaks"": null, ""bias_adjusted_peaks"": {""voltage_V"": 4.234162657675047, ""temperature_K"": 303.1161427488656, ""soc"": 0.7504364833664933}, ""reason"": ""next_interval:voltage_V""}, {""current_A"": 6.0, ""nominal_next_peaks"": {""voltage_V"": 4.217864024640166, ""temperature_K"": 302.8909897482009, ""soc"": 0.7473261101445102}, ""nominal_backup_peaks"": null, ""bias_adjusted_peaks"": {""voltage_V"": 4.217864024640166, ""temperature_K"": 303.0678529303711, ""soc"": 0.7473261101445462}, ""reason"": ""next_interval:voltage_V""}, {""current_A"": 5.5, ""nominal_next_peaks"": {""voltage_V"": 4.201068183350401, ""temperature_K"": 302.8458889427853, ""soc"": 0.7442157369225647}, ""nominal_backup_peaks"": null, ""bias_adjusted_peaks"": {""voltage_V"": 4.201068183350401, ""temperature_K"": 303.02275212495545, ""soc"": 0.7442157369226007}, ""reason"": ""next_interval:voltage_V""}, {""current_A"": 5.0, ""nominal_next_peaks"": {""voltage_V"": 4.183764950108442, ""temperature_K"": 302.80394556950364, ""soc"": 0.7411053637006166}, ""nominal_backup_peaks"": null, ""bias_adjusted_peaks"": {""voltage_V"": 4.183764950108442, ""temperature_K"": 302.9808087516738, ""soc"": 0.7411053637006526}, ""reason"": ""next_interval:voltage_V""}], ""current_A"": 4.5, ""nominal_next_peaks"": {""voltage_V"": 4.165952848641505, ""temperature_K"": 302.76516879288704, ""soc"": 0.7379949904786703}, ""nominal_backup_peaks"": {""voltage_V"": 4.057076310142158, ""temperature_K"": 302.76516879288704, ""soc"": 0.737994990478681}, ""bias_adjusted_peaks"": {""voltage_V"": 4.165952848641505, ""temperature_K"": 302.9420319750572, ""soc"": 0.737994990478717}}, {""cell_index"": 2, ""candidate_count"": 6, ""feasible"": true, ""rejections"": [{""current_A"": 4.5, ""nominal_next_peaks"": {""voltage_V"": 4.231054879941593, ""temperature_K"": 300.3079455230637, ""soc"": 0.8543508498099556}, ""nominal_backup_peaks"": null, ""bias_adjusted_peaks"": {""voltage_V"": 4.231054879941593, ""temperature_K"": 300.3079455230637, ""soc"": 0.854350849810091}, ""reason"": ""next_interval:voltage_V""}, {""current_A"": 4.0, ""nominal_next_peaks"": {""voltage_V"": 4.216949549606863, ""temperature_K"": 300.2755105969782, ""soc"": 0.8510940481758577}, ""nominal_backup_peaks"": null, ""bias_adjusted_peaks"": {""voltage_V"": 4.216949549606863, ""temperature_K"": 300.2755105969782, ""soc"": 0.8510940481759931}, ""reason"": ""next_interval:voltage_V""}, {""current_A"": 3.5, ""nominal_next_peaks"": {""voltage_V"": 4.202727039679096, ""temperature_K"": 300.2459121376763, ""soc"": 0.8478372465417592}, ""nominal_backup_peaks"": null, ""bias_adjusted_peaks"": {""voltage_V"": 4.202727039679096, ""temperature_K"": 300.2459121376763, ""soc"": 0.8478372465418946}, ""reason"": ""next_interval:voltage_V""}, {""current_A"": 3.0, ""nominal_next_peaks"": {""voltage_V"": 4.188041472706928, ""temperature_K"": 300.21927850178133, ""soc"": 0.8445804449076606}, ""nominal_backup_peaks"": null, ""bias_adjusted_peaks"": {""voltage_V"": 4.188041472706928, ""temperature_K"": 300.21927850178133, ""soc"": 0.844580444907796}, ""reason"": ""next_interval:voltage_V""}, {""current_A"": 2.5, ""nominal_next_peaks"": {""voltage_V"": 4.17256272154529, ""temperature_K"": 300.19579403243677, ""soc"": 0.8413236432735627}, ""nominal_backup_peaks"": null, ""bias_adjusted_peaks"": {""voltage_V"": 4.17256272154529, ""temperature_K"": 300.19579403243677, ""soc"": 0.8413236432736981}, ""reason"": ""next_interval:voltage_V""}], ""current_A"": 2.0, ""nominal_next_peaks"": {""voltage_V"": 4.156005541260721, ""temperature_K"": 300.1757143503051, ""soc"": 0.8380668416394691}, ""nominal_backup_peaks"": {""voltage_V"": 4.094727811087788, ""temperature_K"": 300.1757143503051, ""soc"": 0.8380668416394691}, ""bias_adjusted_peaks"": {""voltage_V"": 4.156005541260721, ""temperature_K"": 300.1757143503051, ""soc"": 0.8380668416396045}}], ""candidate_solve_count"": 15, ""screen_horizon_s"": 90.0, ""zero_current_backup_horizon_s"": 90.0, ""safety_guarantee"": ""finite-horizon sampled screen only"", ""filter_wall_time_s"": 1.5630908999992243}","{""time"": -0.749999999999999, ""balance"": -2.6309209867061707, ""voltage"": -0.0, ""temperature"": -0.0, ""numerical_failure"": 0.0, ""protective_stop"": 0.0}"
12,charge,1170.0,90.0,"[0.0, 6.0, 4.0]","[0.0, 3.5, 2.0]","[0.0, 3.5, 2.0]",-2.8798512040921502,False,,False,False,False,True,1.4197973999980604,"{""requested_current_A"": [0.0, 6.0, 4.0], ""applied_current_A"": [0.0, 3.5, 2.0], ""intervention"": true, ""infeasible"": false, ""reason"": ""Reduced requested current by nominal V/T/SOC and backup screening"", ""voltage_margin_V"": 0.03, ""temperature_margin_K"": 1.0, ""soc_max"": 0.95, ""voltage_guard_V"": 4.17, ""temperature_guard_K"": 308.0, ""nominal_state"": [[0.9004707165033343, 4.098028406048604, 298.85827202731747], [0.7379949904786717, 4.165952848641505, 302.76516879288704], [0.83806684163947, 4.156005541260721, 300.1757143503051]], ""observation"": [[0.9004707165034218, 4.0980156235867415, 298.8754554388126], [0.7379949904786345, 4.165083154083767, 302.943275084313], [0.838066841639618, 4.155964498822114, 300.1430349976848]], ""positive_voltage_bias_V"": [0.0, 0.0, 0.0], ""positive_temperature_bias_K"": [0.017183411495125256, 0.1781062914259337, 0.0], ""absolute_soc_bias"": [8.748557434046234e-14, 3.7192471324942744e-14, 1.4799272918253337e-13], ""cells"": [{""cell_index"": 0, ""candidate_count"": 1, ""feasible"": true, ""rejections"": [], ""current_A"": 0.0, ""nominal_next_peaks"": {""voltage_V"": 4.098028406048604, ""temperature_K"": 298.85827202731747, ""soc"": 0.9004707165033361}, ""nominal_backup_peaks"": {""voltage_V"": 4.097199886409232, ""temperature_K"": 298.847576605979, ""soc"": 0.9004707165033354}, ""bias_adjusted_peaks"": {""voltage_V"": 4.098028406048604, ""temperature_K"": 298.8754554388126, ""soc"": 0.9004707165034236}}, {""cell_index"": 1, ""candidate_count"": 6, ""feasible"": true, ""rejections"": [{""current_A"": 6.0, ""nominal_next_peaks"": {""voltage_V"": 4.23481349874219, ""temperature_K"": 303.0035377661313, ""soc"": 0.775319469142027}, ""nominal_backup_peaks"": null, ""bias_adjusted_peaks"": {""voltage_V"": 4.23481349874219, ""temperature_K"": 303.1816440575572, ""soc"": 0.7753194691420642}, ""reason"": ""next_interval:voltage_V""}, {""current_A"": 5.5, ""nominal_next_peaks"": {""voltage_V"": 4.219766541243857, ""temperature_K"": 302.95842710271535, ""soc"": 0.7722090959200831}, ""nominal_backup_peaks"": null, ""bias_adjusted_peaks"": {""voltage_V"": 4.219766541243857, ""temperature_K"": 303.1365333941413, ""soc"": 0.7722090959201203}, ""reason"": ""next_interval:voltage_V""}, {""current_A"": 5.0, ""nominal_next_peaks"": {""voltage_V"": 4.204024010252743, ""temperature_K"": 302.9164662491597, ""soc"": 0.7690987226981334}, ""nominal_backup_peaks"": null, ""bias_adjusted_peaks"": {""voltage_V"": 4.204024010252743, ""temperature_K"": 303.09457254058566, ""soc"": 0.7690987226981706}, ""reason"": ""next_interval:voltage_V""}, {""current_A"": 4.5, ""nominal_next_peaks"": {""voltage_V"": 4.187549409769668, ""temperature_K"": 302.87766710223326, ""soc"": 0.7659883494761898}, ""nominal_backup_peaks"": null, ""bias_adjusted_peaks"": {""voltage_V"": 4.187549409769668, ""temperature_K"": 303.0557733936592, ""soc"": 0.765988349476227}, ""reason"": ""next_interval:voltage_V""}, {""current_A"": 4.0, ""nominal_next_peaks"": {""voltage_V"": 4.17032672942745, ""temperature_K"": 302.84208048809734, ""soc"": 0.762877976254244}, ""nominal_backup_peaks"": null, ""bias_adjusted_peaks"": {""voltage_V"": 4.17032672942745, ""temperature_K"": 303.02018677952327, ""soc"": 0.7628779762542812}, ""reason"": ""next_interval:voltage_V""}], ""current_A"": 3.5, ""nominal_next_peaks"": {""voltage_V"": 4.152353865762303, ""temperature_K"": 302.8097985931074, ""soc"": 0.759767603032293}, ""nominal_backup_peaks"": {""voltage_V"": 4.0642423264772525, ""temperature_K"": 302.8097985931074, ""soc"": 0.759767603032293}, ""bias_adjusted_peaks"": {""voltage_V"": 4.152353865762303, ""temperature_K"": 302.98790488453335, ""soc"": 0.7597676030323302}}, {""cell_index"": 2, ""candidate_count"": 5, ""feasible"": true, ""rejections"": [{""current_A"": 4.0, ""nominal_next_peaks"": {""voltage_V"": 4.22090770434413, ""temperature_K"": 300.2985832843907, ""soc"": 0.8641212547122356}, ""nominal_backup_peaks"": null, ""bias_adjusted_peaks"": {""voltage_V"": 4.22090770434413, ""temperature_K"": 300.2985832843907, ""soc"": 0.8641212547123835}, ""reason"": ""next_interval:voltage_V""}, {""current_A"": 3.5, ""nominal_next_peaks"": {""voltage_V"": 4.206046336851063, ""temperature_K"": 300.26892944604066, ""soc"": 0.860864453078137}, ""nominal_backup_peaks"": null, ""bias_adjusted_peaks"": {""voltage_V"": 4.206046336851063, ""temperature_K"": 300.26892944604066, ""soc"": 0.860864453078285}, ""reason"": ""next_interval:voltage_V""}, {""current_A"": 3.0, ""nominal_next_peaks"": {""voltage_V"": 4.191069006763833, ""temperature_K"": 300.24224146793887, ""soc"": 0.8576076514440387}, ""nominal_backup_peaks"": null, ""bias_adjusted_peaks"": {""voltage_V"": 4.191069006763833, ""temperature_K"": 300.24224146793887, ""soc"": 0.8576076514441867}, ""reason"": ""next_interval:voltage_V""}, {""current_A"": 2.5, ""nominal_next_peaks"": {""voltage_V"": 4.175617792659921, ""temperature_K"": 300.2187047481205, ""soc"": 0.8543508498099451}, ""nominal_backup_peaks"": null, ""bias_adjusted_peaks"": {""voltage_V"": 4.175617792659921, ""temperature_K"": 300.2187047481205, ""soc"": 0.8543508498100931}, ""reason"": ""next_interval:voltage_V""}], ""current_A"": 2.0, ""nominal_next_peaks"": {""voltage_V"": 4.15935806851432, ""temperature_K"": 300.198576879562, ""soc"": 0.851094048175847}, ""nominal_backup_peaks"": {""voltage_V"": 4.0974536232688745, ""temperature_K"": 300.198576879562, ""soc"": 0.851094048175847}, ""bias_adjusted_peaks"": {""voltage_V"": 4.15935806851432, ""temperature_K"": 300.198576879562, ""soc"": 0.851094048175995}}], ""candidate_solve_count"": 15, ""screen_horizon_s"": 90.0, ""zero_current_backup_horizon_s"": 90.0, ""safety_guarantee"": ""finite-horizon sampled screen only"", ""filter_wall_time_s"": 1.4197418000003381}","{""time"": -0.75, ""balance"": -2.1298512040921502, ""voltage"": -0.0, ""temperature"": -0.0, ""numerical_failure"": 0.0, ""protective_stop"": 0.0}"
13,charge,1260.0,90.0,"[0.0, 5.5, 3.5]","[0.0, 3.5, 2.0]","[0.0, 3.5, 2.0]",-2.450621910651198,False,,False,False,False,True,1.1245539000010467,"{""requested_current_A"": [0.0, 5.5, 3.5], ""applied_current_A"": [0.0, 3.5, 2.0], ""intervention"": true, ""infeasible"": false, ""reason"": ""Reduced requested current by nominal V/T/SOC and backup screening"", ""voltage_margin_V"": 0.03, ""temperature_margin_K"": 1.0, ""soc_max"": 0.95, ""voltage_guard_V"": 4.17, ""temperature_guard_K"": 308.0, ""nominal_state"": [[0.9004707165033323, 4.097199886409232, 298.847576605979], [0.7597676030322927, 4.152353865762303, 302.8097985931074], [0.851094048175849, 4.15935806851432, 300.198576879562]], ""observation"": [[0.9004707165034337, 4.097192425290258, 298.86458904964405], [0.7597676030322513, 4.15161215221084, 302.9861313544214], [0.8510940481760068, 4.159349522299826, 300.1654439992733]], ""positive_voltage_bias_V"": [0.0, 0.0, 0.0], ""positive_temperature_bias_K"": [0.017012443665066712, 0.17633276131397224, 0.0], ""absolute_soc_bias"": [1.0136336214827679e-13, 4.141131881851834e-14, 1.5776269179923474e-13], ""cells"": [{""cell_index"": 0, ""candidate_count"": 1, ""feasible"": true, ""rejections"": [], ""current_A"": 0.0, ""nominal_next_peaks"": {""voltage_V"": 4.097199886409232, ""temperature_K"": 298.847576605979, ""soc"": 0.9004707165033354}, ""nominal_backup_peaks"": {""voltage_V"": 4.096893039882156, ""temperature_K"": 298.8370426978796, ""soc"": 0.9004707165033354}, ""bias_adjusted_peaks"": {""voltage_V"": 4.097199886409232, ""temperature_K"": 298.86458904964405, ""soc"": 0.9004707165034368}}, {""cell_index"": 1, ""candidate_count"": 5, ""feasible"": true, ""rejections"": [{""current_A"": 5.5, ""nominal_next_peaks"": {""voltage_V"": 4.229492082210832, ""temperature_K"": 303.0011663733836, ""soc"": 0.7939817084736978}, ""nominal_backup_peaks"": null, ""bias_adjusted_peaks"": {""voltage_V"": 4.229492082210832, ""temperature_K"": 303.1774991346976, ""soc"": 0.7939817084737392}, ""reason"": ""next_interval:voltage_V""}, {""current_A"": 5.0, ""nominal_next_peaks"": {""voltage_V"": 4.215172783917339, ""temperature_K"": 302.95935290227976, ""soc"": 0.7908713352517542}, ""nominal_backup_peaks"": null, ""bias_adjusted_peaks"": {""voltage_V"": 4.215172783917339, ""temperature_K"": 303.13568566359373, ""soc"": 0.7908713352517956}, ""reason"": ""next_interval:voltage_V""}, {""current_A"": 4.5, ""nominal_next_peaks"": {""voltage_V"": 4.200070559095429, ""temperature_K"": 302.92068517128945, ""soc"": 0.7877609620298082}, ""nominal_backup_peaks"": null, ""bias_adjusted_peaks"": {""voltage_V"": 4.200070559095429, ""temperature_K"": 303.0970179326034, ""soc"": 0.7877609620298496}, ""reason"": ""next_interval:voltage_V""}, {""current_A"": 4.0, ""nominal_next_peaks"": {""voltage_V"": 4.184111104498603, ""temperature_K"": 302.8852178288661, ""soc"": 0.7846505888078616}, ""nominal_backup_peaks"": null, ""bias_adjusted_peaks"": {""voltage_V"": 4.184111104498603, ""temperature_K"": 303.06155059018005, ""soc"": 0.7846505888079031}, ""reason"": ""next_interval:voltage_V""}], ""current_A"": 3.5, ""nominal_next_peaks"": {""voltage_V"": 4.167250084362993, ""temperature_K"": 302.85304614484727, ""soc"": 0.7815402155859192}, ""nominal_backup_peaks"": {""voltage_V"": 4.078400301352103, ""temperature_K"": 302.85304614484727, ""soc"": 0.7815402155859192}, ""bias_adjusted_peaks"": {""voltage_V"": 4.167250084362993, ""temperature_K"": 303.02937890616124, ""soc"": 0.7815402155859607}}, {""cell_index"": 2, ""candidate_count"": 4, ""feasible"": true, ""rejections"": [{""current_A"": 3.5, ""nominal_next_peaks"": {""voltage_V"": 4.210790409136136, ""temperature_K"": 300.29253708902695, ""soc"": 0.8738916596145185}, ""nominal_backup_peaks"": null, ""bias_adjusted_peaks"": {""voltage_V"": 4.210790409136136, ""temperature_K"": 300.29253708902695, ""soc"": 0.8738916596146763}, ""reason"": ""next_interval:voltage_V""}, {""current_A"": 3.0, ""nominal_next_peaks"": {""voltage_V"": 4.1949187793132054, ""temperature_K"": 300.2656667336369, ""soc"": 0.8706348579804214}, ""nominal_backup_peaks"": null, ""bias_adjusted_peaks"": {""voltage_V"": 4.1949187793132054, ""temperature_K"": 300.2656667336369, ""soc"": 0.8706348579805792}, ""reason"": ""next_interval:voltage_V""}, {""current_A"": 2.5, ""nominal_next_peaks"": {""voltage_V"": 4.178937891237494, ""temperature_K"": 300.24195397361103, ""soc"": 0.8673780563463191}, ""nominal_backup_peaks"": null, ""bias_adjusted_peaks"": {""voltage_V"": 4.178937891237494, ""temperature_K"": 300.24195397361103, ""soc"": 0.8673780563464769}, ""reason"": ""next_interval:voltage_V""}], ""current_A"": 2.0, ""nominal_next_peaks"": {""voltage_V"": 4.162494530067833, ""temperature_K"": 300.22165861913544, ""soc"": 0.8641212547122309}, ""nominal_backup_peaks"": {""voltage_V"": 4.0998629208717094, ""temperature_K"": 300.22165861913544, ""soc"": 0.8641212547122309}, ""bias_adjusted_peaks"": {""voltage_V"": 4.162494530067833, ""temperature_K"": 300.22165861913544, ""soc"": 0.8641212547123887}}], ""candidate_solve_count"": 13, ""screen_horizon_s"": 90.0, ""zero_current_backup_horizon_s"": 90.0, ""safety_guarantee"": ""finite-horizon sampled screen only"", ""filter_wall_time_s"": 1.1245185999978276}","{""time"": -0.75, ""balance"": -1.7006219106511982, ""voltage"": -0.0, ""temperature"": -0.0, ""numerical_failure"": 0.0, ""protective_stop"": 0.0}"
14,charge,1350.0,90.0,"[0.0, 5.0, 3.5]","[0.0, 3.0, 2.0]","[0.0, 3.0, 2.0]",-2.0638652982914536,False,,False,False,False,True,1.246834300000046,"{""requested_current_A"": [0.0, 5.0, 3.5], ""applied_current_A"": [0.0, 3.0, 2.0], ""intervention"": true, ""infeasible"": false, ""reason"": ""Reduced requested current by nominal V/T/SOC and backup screening"", ""voltage_margin_V"": 0.03, ""temperature_margin_K"": 1.0, ""soc_max"": 0.95, ""voltage_guard_V"": 4.17, ""temperature_guard_K"": 308.0, ""nominal_state"": [[0.9004707165033321, 4.096893039882156, 298.8370426978796], [0.7815402155859178, 4.167250084362993, 302.85304614484727], [0.8641212547122294, 4.162494530067833, 300.22165861913544]], ""observation"": [[0.9004707165034413, 4.0968885174053415, 298.85388542966166], [0.7815402155858652, 4.166613306019271, 303.0275721997481], [0.8641212547124032, 4.162495968262174, 300.18806916291027]], ""positive_voltage_bias_V"": [0.0, 0.0, 1.4381943413965814e-06], ""positive_temperature_bias_K"": [0.01684273178204876, 0.1745260549008094, 0.0], ""absolute_soc_bias"": [1.092459456231154e-13, 5.262457136723242e-14, 1.73749903353837e-13], ""cells"": [{""cell_index"": 0, ""candidate_count"": 1, ""feasible"": true, ""rejections"": [], ""current_A"": 0.0, ""nominal_next_peaks"": {""voltage_V"": 4.096893039882156, ""temperature_K"": 298.8370426978796, ""soc"": 0.9004707165033354}, ""nominal_backup_peaks"": {""voltage_V"": 4.096748159232108, ""temperature_K"": 298.8266678715016, ""soc"": 0.9004707165033354}, ""bias_adjusted_peaks"": {""voltage_V"": 4.096893039882156, ""temperature_K"": 298.85388542966166, ""soc"": 0.9004707165034447}}, {""cell_index"": 1, ""candidate_count"": 5, ""feasible"": true, ""rejections"": [{""current_A"": 5.0, ""nominal_next_peaks"": {""voltage_V"": 4.223481283889933, ""temperature_K"": 303.00365369683016, ""soc"": 0.8126439478053783}, ""nominal_backup_peaks"": null, ""bias_adjusted_peaks"": {""voltage_V"": 4.223481283889933, ""temperature_K"": 303.17817975173097, ""soc"": 0.8126439478054309}, ""reason"": ""next_interval:voltage_V""}, {""current_A"": 4.5, ""nominal_next_peaks"": {""voltage_V"": 4.209792022292492, ""temperature_K"": 302.9647476476605, ""soc"": 0.8095335745834347}, ""nominal_backup_peaks"": null, ""bias_adjusted_peaks"": {""voltage_V"": 4.209792022292492, ""temperature_K"": 303.1392737025613, ""soc"": 0.8095335745834873}, ""reason"": ""next_interval:voltage_V""}, {""current_A"": 4.0, ""nominal_next_peaks"": {""voltage_V"": 4.195325667157493, ""temperature_K"": 302.92904875532645, ""soc"": 0.8064232013614877}, ""nominal_backup_peaks"": null, ""bias_adjusted_peaks"": {""voltage_V"": 4.195325667157493, ""temperature_K"": 303.10357481022726, ""soc"": 0.8064232013615403}, ""reason"": ""next_interval:voltage_V""}, {""current_A"": 3.5, ""nominal_next_peaks"": {""voltage_V"": 4.1799471253576455, ""temperature_K"": 302.8966526442442, ""soc"": 0.8033128281395382}, ""nominal_backup_peaks"": null, ""bias_adjusted_peaks"": {""voltage_V"": 4.1799471253576455, ""temperature_K"": 303.07117869914504, ""soc"": 0.8033128281395908}, ""reason"": ""next_interval:voltage_V""}], ""current_A"": 3.0, ""nominal_next_peaks"": {""voltage_V"": 4.163562679838055, ""temperature_K"": 302.8677013158427, ""soc"": 0.8002024549175953}, ""nominal_backup_peaks"": {""voltage_V"": 4.085327935959381, ""temperature_K"": 302.8677013158427, ""soc"": 0.8002024549176003}, ""bias_adjusted_peaks"": {""voltage_V"": 4.163562679838055, ""temperature_K"": 303.0422273707435, ""soc"": 0.800202454917653}}, {""cell_index"": 2, ""candidate_count"": 4, ""feasible"": true, ""rejections"": [{""current_A"": 3.5, ""nominal_next_peaks"": {""voltage_V"": 4.2178228012854575, ""temperature_K"": 300.3164779749201, ""soc"": 0.8869188661508975}, ""nominal_backup_peaks"": null, ""bias_adjusted_peaks"": {""voltage_V"": 4.217824239479799, ""temperature_K"": 300.3164779749201, ""soc"": 0.8869188661510713}, ""reason"": ""next_interval:voltage_V""}, {""current_A"": 3.0, ""nominal_next_peaks"": {""voltage_V"": 4.200455358975439, ""temperature_K"": 300.2894037846728, ""soc"": 0.8836620645168046}, ""nominal_backup_peaks"": null, ""bias_adjusted_peaks"": {""voltage_V"": 4.200456797169781, ""temperature_K"": 300.2894037846728, ""soc"": 0.8836620645169784}, ""reason"": ""next_interval:voltage_V""}, {""current_A"": 2.5, ""nominal_next_peaks"": {""voltage_V"": 4.183312871699984, ""temperature_K"": 300.26549422497726, ""soc"": 0.8804052628827063}, ""nominal_backup_peaks"": null, ""bias_adjusted_peaks"": {""voltage_V"": 4.1833143098943255, ""temperature_K"": 300.26549422497726, ""soc"": 0.88040526288288}, ""reason"": ""next_interval:voltage_V""}], ""current_A"": 2.0, ""nominal_next_peaks"": {""voltage_V"": 4.166066356526941, ""temperature_K"": 300.2450115546416, ""soc"": 0.8771484612486117}, ""nominal_backup_peaks"": {""voltage_V"": 4.102634540950595, ""temperature_K"": 300.2450115546416, ""soc"": 0.8771484612486117}, ""bias_adjusted_peaks"": {""voltage_V"": 4.1660677947212825, ""temperature_K"": 300.2450115546416, ""soc"": 0.8771484612487854}}], ""candidate_solve_count"": 13, ""screen_horizon_s"": 90.0, ""zero_current_backup_horizon_s"": 90.0, ""safety_guarantee"": ""finite-horizon sampled screen only"", ""filter_wall_time_s"": 1.2468077000012272}","{""time"": -0.75, ""balance"": -1.3138652982914534, ""voltage"": -0.0, ""temperature"": -0.0, ""numerical_failure"": 0.0, ""protective_stop"": 0.0}"
15,charge,1440.0,90.0,"[0.0, 5.0, 3.0]","[0.0, 2.5, 1.5]","[0.0, 2.5, 1.5]",-1.7489982740026155,False,,False,False,False,True,1.2514604999996664,"{""requested_current_A"": [0.0, 5.0, 3.0], ""applied_current_A"": [0.0, 2.5, 1.5], ""intervention"": true, ""infeasible"": false, ""reason"": ""Reduced requested current by nominal V/T/SOC and backup screening"", ""voltage_margin_V"": 0.03, ""temperature_margin_K"": 1.0, ""soc_max"": 0.95, ""voltage_guard_V"": 4.17, ""temperature_guard_K"": 308.0, ""nominal_state"": [[0.9004707165033328, 4.096748159232108, 298.8266678715016], [0.8002024549175961, 4.163562679838055, 302.8677013158427], [0.877148461248609, 4.166066356526941, 300.2450115546416]], ""observation"": [[0.900470716503448, 4.0967454434230905, 298.8433421483689], [0.8002024549175363, 4.163037392537037, 303.03923616997145], [0.877148461248798, 4.166052046817072, 300.21096172869466]], ""positive_voltage_bias_V"": [0.0, 0.0, 0.0], ""positive_temperature_bias_K"": [0.016674276867263416, 0.17153485412876535, 0.0], ""absolute_soc_bias"": [1.1524114995609125e-13, 5.984102102729594e-14, 1.8895995879120164e-13], ""cells"": [{""cell_index"": 0, ""candidate_count"": 1, ""feasible"": true, ""rejections"": [], ""current_A"": 0.0, ""nominal_next_peaks"": {""voltage_V"": 4.096748159232108, ""temperature_K"": 298.8266678715016, ""soc"": 0.9004707165033354}, ""nominal_backup_peaks"": {""voltage_V"": 4.096676184503412, ""temperature_K"": 298.8164497244135, ""soc"": 0.9004707165033351}, ""bias_adjusted_peaks"": {""voltage_V"": 4.096748159232108, ""temperature_K"": 298.8433421483689, ""soc"": 0.9004707165034507}}, {""cell_index"": 1, ""candidate_count"": 6, ""feasible"": true, ""rejections"": [{""current_A"": 5.0, ""nominal_next_peaks"": {""voltage_V"": 4.228299073038437, ""temperature_K"": 303.0186855206091, ""soc"": 0.8313061871370623}, ""nominal_backup_peaks"": null, ""bias_adjusted_peaks"": {""voltage_V"": 4.228299073038437, ""temperature_K"": 303.19022037473786, ""soc"": 0.8313061871371221}, ""reason"": ""next_interval:voltage_V""}, {""current_A"": 4.5, ""nominal_next_peaks"": {""voltage_V"": 4.215246130107014, ""temperature_K"": 302.9796911198299, ""soc"": 0.8281958139151108}, ""nominal_backup_peaks"": null, ""bias_adjusted_peaks"": {""voltage_V"": 4.215246130107014, ""temperature_K"": 303.1512259739587, ""soc"": 0.8281958139151706}, ""reason"": ""next_interval:voltage_V""}, {""current_A"": 4.0, ""nominal_next_peaks"": {""voltage_V"": 4.201696246050324, ""temperature_K"": 302.94390236520076, ""soc"": 0.8250854406931685}, ""nominal_backup_peaks"": null, ""bias_adjusted_peaks"": {""voltage_V"": 4.201696246050324, ""temperature_K"": 303.1154372193295, ""soc"": 0.8250854406932283}, ""reason"": ""next_interval:voltage_V""}, {""current_A"": 3.5, ""nominal_next_peaks"": {""voltage_V"": 4.187424080007857, ""temperature_K"": 302.91141631042126, ""soc"": 0.8219750674712226}, ""nominal_backup_peaks"": null, ""bias_adjusted_peaks"": {""voltage_V"": 4.187424080007857, ""temperature_K"": 303.08295116455, ""soc"": 0.8219750674712825}, ""reason"": ""next_interval:voltage_V""}, {""current_A"": 3.0, ""nominal_next_peaks"": {""voltage_V"": 4.172245835957426, ""temperature_K"": 302.8823767746295, ""soc"": 0.8188646942492749}, ""nominal_backup_peaks"": null, ""bias_adjusted_peaks"": {""voltage_V"": 4.172245835957426, ""temperature_K"": 303.05391162875827, ""soc"": 0.8188646942493347}, ""reason"": ""next_interval:voltage_V""}], ""current_A"": 2.5, ""nominal_next_peaks"": {""voltage_V"": 4.15602940659004, ""temperature_K"": 302.8677013158427, ""soc"": 0.815754321027325}, ""nominal_backup_peaks"": {""voltage_V"": 4.089106204953152, ""temperature_K"": 302.85698193062393, ""soc"": 0.815754321027328}, ""bias_adjusted_peaks"": {""voltage_V"": 4.15602940659004, ""temperature_K"": 303.03923616997145, ""soc"": 0.8157543210273879}}, {""cell_index"": 2, ""candidate_count"": 4, ""feasible"": true, ""rejections"": [{""current_A"": 3.0, ""nominal_next_peaks"": {""voltage_V"": 4.208626097706725, ""temperature_K"": 300.3134908385516, ""soc"": 0.8966892710531863}, ""nominal_backup_peaks"": null, ""bias_adjusted_peaks"": {""voltage_V"": 4.208626097706725, ""temperature_K"": 300.3134908385516, ""soc"": 0.8966892710533753}, ""reason"": ""next_interval:voltage_V""}, {""current_A"": 2.5, ""nominal_next_peaks"": {""voltage_V"": 4.189756152956301, ""temperature_K"": 300.28936644595217, ""soc"": 0.893432469419085}, ""nominal_backup_peaks"": null, ""bias_adjusted_peaks"": {""voltage_V"": 4.189756152956301, ""temperature_K"": 300.28936644595217, ""soc"": 0.893432469419274}, ""reason"": ""next_interval:voltage_V""}, {""current_A"": 2.0, ""nominal_next_peaks"": {""voltage_V"": 4.1710764686082715, ""temperature_K"": 300.26867895532763, ""soc"": 0.8901756677849907}, ""nominal_backup_peaks"": null, ""bias_adjusted_peaks"": {""voltage_V"": 4.1710764686082715, ""temperature_K"": 300.26867895532763, ""soc"": 0.8901756677851796}, ""reason"": ""next_interval:voltage_V""}], ""current_A"": 1.5, ""nominal_next_peaks"": {""voltage_V"": 4.1523196933388995, ""temperature_K"": 300.25178861272684, ""soc"": 0.8869188661508884}, ""nominal_backup_peaks"": {""voltage_V"": 4.103098924627213, ""temperature_K"": 300.25178861272684, ""soc"": 0.886918866150891}, ""bias_adjusted_peaks"": {""voltage_V"": 4.1523196933388995, ""temperature_K"": 300.25178861272684, ""soc"": 0.88691886615108}}], ""candidate_solve_count"": 14, ""screen_horizon_s"": 90.0, ""zero_current_backup_horizon_s"": 90.0, ""safety_guarantee"": ""finite-horizon sampled screen only"", ""filter_wall_time_s"": 1.251424300000508}","{""time"": -0.75, ""balance"": -0.9989982740026154, ""voltage"": -0.0, ""temperature"": -0.0, ""numerical_failure"": 0.0, ""protective_stop"": 0.0}"
16,charge,1530.0,90.0,"[0.0, 4.5, 3.0]","[0.0, 2.5, 1.5]","[0.0, 2.5, 1.5]",-1.471209450183708,False,,False,False,False,True,1.2478470999994897,"{""requested_current_A"": [0.0, 4.5, 3.0], ""applied_current_A"": [0.0, 2.5, 1.5], ""intervention"": true, ""infeasible"": false, ""reason"": ""Reduced requested current by nominal V/T/SOC and backup screening"", ""voltage_margin_V"": 0.03, ""temperature_margin_K"": 1.0, ""soc_max"": 0.95, ""voltage_guard_V"": 4.17, ""temperature_guard_K"": 308.0, ""nominal_state"": [[0.9004707165033323, 4.096676184503412, 298.8164497244135], [0.8157543210273266, 4.15602940659004, 302.85698193062393], [0.8869188661508883, 4.1523196933388995, 300.25178861272684]], ""observation"": [[0.9004707165034569, 4.096674582875055, 298.8329568040539], [0.8157543210272623, 4.155599366429501, 303.02450741395074], [0.8869188661510927, 4.152292301490805, 300.21752806066974]], ""positive_voltage_bias_V"": [0.0, 0.0, 0.0], ""positive_temperature_bias_K"": [0.01650707964040521, 0.16752548332681272, 0.0], ""absolute_soc_bias"": [1.2456702336294256e-13, 6.428191312579656e-14, 2.0439205883349132e-13], ""cells"": [{""cell_index"": 0, ""candidate_count"": 1, ""feasible"": true, ""rejections"": [], ""current_A"": 0.0, ""nominal_next_peaks"": {""voltage_V"": 4.096676184503412, ""temperature_K"": 298.8164497244135, ""soc"": 0.9004707165033351}, ""nominal_backup_peaks"": {""voltage_V"": 4.096640043834553, ""temperature_K"": 298.8063859151351, ""soc"": 0.9004707165033363}, ""bias_adjusted_peaks"": {""voltage_V"": 4.096676184503412, ""temperature_K"": 298.8329568040539, ""soc"": 0.9004707165034609}}, {""cell_index"": 1, ""candidate_count"": 5, ""feasible"": true, ""rejections"": [{""current_A"": 4.5, ""nominal_next_peaks"": {""voltage_V"": 4.218980852212119, ""temperature_K"": 302.96957565972144, ""soc"": 0.843747680024841}, ""nominal_backup_peaks"": null, ""bias_adjusted_peaks"": {""voltage_V"": 4.218980852212119, ""temperature_K"": 303.13710114304826, ""soc"": 0.8437476800249053}, ""reason"": ""next_interval:voltage_V""}, {""current_A"": 4.0, ""nominal_next_peaks"": {""voltage_V"": 4.205620019619836, ""temperature_K"": 302.93370979311, ""soc"": 0.8406373068028969}, ""nominal_backup_peaks"": null, ""bias_adjusted_peaks"": {""voltage_V"": 4.205620019619836, ""temperature_K"": 303.1012352764368, ""soc"": 0.8406373068029612}, ""reason"": ""next_interval:voltage_V""}, {""current_A"": 3.5, ""nominal_next_peaks"": {""voltage_V"": 4.191832968243331, ""temperature_K"": 302.901145890165, ""soc"": 0.8375269335809504}, ""nominal_backup_peaks"": null, ""bias_adjusted_peaks"": {""voltage_V"": 4.191832968243331, ""temperature_K"": 303.06867137349184, ""soc"": 0.8375269335810147}, ""reason"": ""next_interval:voltage_V""}, {""current_A"": 3.0, ""nominal_next_peaks"": {""voltage_V"": 4.1773666102989075, ""temperature_K"": 302.87202935661907, ""soc"": 0.8344165603590044}, ""nominal_backup_peaks"": null, ""bias_adjusted_peaks"": {""voltage_V"": 4.1773666102989075, ""temperature_K"": 303.0395548399459, ""soc"": 0.8344165603590686}, ""reason"": ""next_interval:voltage_V""}], ""current_A"": 2.5, ""nominal_next_peaks"": {""voltage_V"": 4.162012838782953, ""temperature_K"": 302.85698193062393, ""soc"": 0.8313061871370575}, ""nominal_backup_peaks"": {""voltage_V"": 4.094341766077482, ""temperature_K"": 302.8465606035152, ""soc"": 0.8313061871370581}, ""bias_adjusted_peaks"": {""voltage_V"": 4.162012838782953, ""temperature_K"": 303.02450741395074, ""soc"": 0.8313061871371223}}, {""cell_index"": 2, ""candidate_count"": 4, ""feasible"": true, ""rejections"": [{""current_A"": 3.0, ""nominal_next_peaks"": {""voltage_V"": 4.216046421687107, ""temperature_K"": 300.3204213365176, ""soc"": 0.9064596759554631}, ""nominal_backup_peaks"": null, ""bias_adjusted_peaks"": {""voltage_V"": 4.216046421687107, ""temperature_K"": 300.3204213365176, ""soc"": 0.9064596759556675}, ""reason"": ""next_interval:voltage_V""}, {""current_A"": 2.5, ""nominal_next_peaks"": {""voltage_V"": 4.195771416012132, ""temperature_K"": 300.2962327539491, ""soc"": 0.9032028743213671}, ""nominal_backup_peaks"": null, ""bias_adjusted_peaks"": {""voltage_V"": 4.195771416012132, ""temperature_K"": 300.2962327539491, ""soc"": 0.9032028743215715}, ""reason"": ""next_interval:voltage_V""}, {""current_A"": 2.0, ""nominal_next_peaks"": {""voltage_V"": 4.175813412985689, ""temperature_K"": 300.2754848383085, ""soc"": 0.8999460726872712}, ""nominal_backup_peaks"": null, ""bias_adjusted_peaks"": {""voltage_V"": 4.175813412985689, ""temperature_K"": 300.2754848383085, ""soc"": 0.8999460726874756}, ""reason"": ""next_interval:voltage_V""}], ""current_A"": 1.5, ""nominal_next_peaks"": {""voltage_V"": 4.155950727029292, ""temperature_K"": 300.2585423896931, ""soc"": 0.8966892710531716}, ""nominal_backup_peaks"": {""voltage_V"": 4.106161083692594, ""temperature_K"": 300.2585423896931, ""soc"": 0.8966892710531716}, ""bias_adjusted_peaks"": {""voltage_V"": 4.155950727029292, ""temperature_K"": 300.2585423896931, ""soc"": 0.896689271053376}}], ""candidate_solve_count"": 13, ""screen_horizon_s"": 90.0, ""zero_current_backup_horizon_s"": 90.0, ""safety_guarantee"": ""finite-horizon sampled screen only"", ""filter_wall_time_s"": 1.2478218999967794}","{""time"": -0.75, ""balance"": -0.7212094501837082, ""voltage"": -0.0, ""temperature"": -0.0, ""numerical_failure"": 0.0, ""protective_stop"": 0.0}"
17,charge,1620.0,90.0,"[0.0, 4.0, 3.0]","[0.0, 2.5, 1.5]","[0.0, 2.5, 1.5]",-1.211308739283075,False,,False,False,False,True,1.0180503999981738,"{""requested_current_A"": [0.0, 4.0, 3.0], ""applied_current_A"": [0.0, 2.5, 1.5], ""intervention"": true, ""infeasible"": false, ""reason"": ""Reduced requested current by nominal V/T/SOC and backup screening"", ""voltage_margin_V"": 0.03, ""temperature_margin_K"": 1.0, ""soc_max"": 0.95, ""voltage_guard_V"": 4.17, ""temperature_guard_K"": 308.0, ""nominal_state"": [[0.9004707165033328, 4.096640043834553, 298.8063859151351], [0.8313061871370565, 4.162012838782953, 302.8465606035152], [0.8966892710531716, 4.155950727029292, 300.2585423896931]], ""observation"": [[0.9004707165034652, 4.096639117246319, 298.8227270559459], [0.8313061871369879, 4.1616451921359605, 303.010161550488], [0.896689271053386, 4.155901450061117, 300.2240721246365]], ""positive_voltage_bias_V"": [0.0, 0.0, 0.0], ""positive_temperature_bias_K"": [0.016341140810823163, 0.16360094697284921, 0.0], ""absolute_soc_bias"": [1.3244960683778118e-13, 6.861178292183467e-14, 2.1438406605511773e-13], ""cells"": [{""cell_index"": 0, ""candidate_count"": 1, ""feasible"": true, ""rejections"": [], ""current_A"": 0.0, ""nominal_next_peaks"": {""voltage_V"": 4.096640043834553, ""temperature_K"": 298.8063859151351, ""soc"": 0.9004707165033363}, ""nominal_backup_peaks"": {""voltage_V"": 4.096621800328725, ""temperature_K"": 298.7964741337938, ""soc"": 0.9004707165033363}, ""bias_adjusted_peaks"": {""voltage_V"": 4.096640043834553, ""temperature_K"": 298.8227270559459, ""soc"": 0.9004707165034688}}, {""cell_index"": 1, ""candidate_count"": 4, ""feasible"": true, ""rejections"": [{""current_A"": 4.0, ""nominal_next_peaks"": {""voltage_V"": 4.20976482309208, ""temperature_K"": 302.92485793726314, ""soc"": 0.8561891729126214}, ""nominal_backup_peaks"": null, ""bias_adjusted_peaks"": {""voltage_V"": 4.20976482309208, ""temperature_K"": 303.088458884236, ""soc"": 0.85618917291269}, ""reason"": ""next_interval:voltage_V""}, {""current_A"": 3.5, ""nominal_next_peaks"": {""voltage_V"": 4.195817420688604, ""temperature_K"": 302.89204786396, ""soc"": 0.8530787996906841}, ""nominal_backup_peaks"": null, ""bias_adjusted_peaks"": {""voltage_V"": 4.195817420688604, ""temperature_K"": 303.05564881093284, ""soc"": 0.8530787996907527}, ""reason"": ""next_interval:voltage_V""}, {""current_A"": 3.0, ""nominal_next_peaks"": {""voltage_V"": 4.181553632098634, ""temperature_K"": 302.86269257898044, ""soc"": 0.8499684264687383}, ""nominal_backup_peaks"": null, ""bias_adjusted_peaks"": {""voltage_V"": 4.181553632098634, ""temperature_K"": 303.0262935259533, ""soc"": 0.8499684264688069}, ""reason"": ""next_interval:voltage_V""}], ""current_A"": 2.5, ""nominal_next_peaks"": {""voltage_V"": 4.166702141482773, ""temperature_K"": 302.8465606035152, ""soc"": 0.8468580532467915}, ""nominal_backup_peaks"": {""voltage_V"": 4.098161528008179, ""temperature_K"": 302.8369947534628, ""soc"": 0.8468580532467918}, ""bias_adjusted_peaks"": {""voltage_V"": 4.166702141482773, ""temperature_K"": 303.010161550488, ""soc"": 0.8468580532468604}}, {""cell_index"": 2, ""candidate_count"": 4, ""feasible"": true, ""rejections"": [{""current_A"": 3.0, ""nominal_next_peaks"": {""voltage_V"": 4.225753791326998, ""temperature_K"": 300.3279154913455, ""soc"": 0.9162300808577462}, ""nominal_backup_peaks"": null, ""bias_adjusted_peaks"": {""voltage_V"": 4.225753791326998, ""temperature_K"": 300.3279154913455, ""soc"": 0.9162300808579605}, ""reason"": ""next_interval:voltage_V""}, {""current_A"": 2.5, ""nominal_next_peaks"": {""voltage_V"": 4.203887268796329, ""temperature_K"": 300.30354208031423, ""soc"": 0.9129732792236475}, ""nominal_backup_peaks"": null, ""bias_adjusted_peaks"": {""voltage_V"": 4.203887268796329, ""temperature_K"": 300.30354208031423, ""soc"": 0.9129732792238618}, ""reason"": ""next_interval:voltage_V""}, {""current_A"": 2.0, ""nominal_next_peaks"": {""voltage_V"": 4.1823928527319705, ""temperature_K"": 300.2826174271853, ""soc"": 0.9097164775895606}, ""nominal_backup_peaks"": null, ""bias_adjusted_peaks"": {""voltage_V"": 4.1823928527319705, ""temperature_K"": 300.2826174271853, ""soc"": 0.909716477589775}, ""reason"": ""next_interval:voltage_V""}], ""current_A"": 1.5, ""nominal_next_peaks"": {""voltage_V"": 4.161107304284616, ""temperature_K"": 300.26551136640643, ""soc"": 0.9064596759554512}, ""nominal_backup_peaks"": {""voltage_V"": 4.1106689323713415, ""temperature_K"": 300.26551136640643, ""soc"": 0.9064596759554512}, ""bias_adjusted_peaks"": {""voltage_V"": 4.161107304284616, ""temperature_K"": 300.26551136640643, ""soc"": 0.9064596759556656}}], ""candidate_solve_count"": 12, ""screen_horizon_s"": 90.0, ""zero_current_backup_horizon_s"": 90.0, ""safety_guarantee"": ""finite-horizon sampled screen only"", ""filter_wall_time_s"": 1.0180141999990155}","{""time"": -0.75, ""balance"": -0.4613087392830749, ""voltage"": -0.0, ""temperature"": -0.0, ""numerical_failure"": 0.0, ""protective_stop"": 0.0}"
18,charge,1710.0,90.0,"[0.0, 4.0, 0.0]","[0.0, 2.0, 0.0]","[0.0, 2.0, 0.0]",-0.9439258736966233,False,,False,False,False,True,0.91208419999748,"{""requested_current_A"": [0.0, 4.0, 0.0], ""applied_current_A"": [0.0, 2.0, 0.0], ""intervention"": true, ""infeasible"": false, ""reason"": ""Reduced requested current by nominal V/T/SOC and backup screening"", ""voltage_margin_V"": 0.03, ""temperature_margin_K"": 1.0, ""soc_max"": 0.95, ""voltage_guard_V"": 4.17, ""temperature_guard_K"": 308.0, ""nominal_state"": [[0.9004707165033357, 4.096621800328725, 298.7964741337938], [0.8468580532467898, 4.166702141482773, 302.8369947534628], [0.9064596759554518, 4.161107304284616, 300.26551136640643]], ""observation"": [[0.9004707165034768, 4.096621272851802, 298.8126505950905], [0.8468580532467104, 4.166376186056722, 302.9967793382084], [0.9064596759556832, 4.161026466025501, 300.2308289792271]], ""positive_voltage_bias_V"": [0.0, 0.0, 0.0], ""positive_temperature_bias_K"": [0.016176461296652178, 0.1597845847455801, 0.0], ""absolute_soc_bias"": [1.411093464298574e-13, 7.938094626069869e-14, 2.313704783318826e-13], ""cells"": [{""cell_index"": 0, ""candidate_count"": 1, ""feasible"": true, ""rejections"": [], ""current_A"": 0.0, ""nominal_next_peaks"": {""voltage_V"": 4.096621800328725, ""temperature_K"": 298.7964741337938, ""soc"": 0.9004707165033363}, ""nominal_backup_peaks"": {""voltage_V"": 4.096612603512783, ""temperature_K"": 298.7867124372933, ""soc"": 0.9004707165033363}, ""bias_adjusted_peaks"": {""voltage_V"": 4.096621800328725, ""temperature_K"": 298.8126505950905, ""soc"": 0.9004707165034774}}, {""cell_index"": 1, ""candidate_count"": 5, ""feasible"": true, ""rejections"": [{""current_A"": 4.0, ""nominal_next_peaks"": {""voltage_V"": 4.215565917481122, ""temperature_K"": 302.9170319819643, ""soc"": 0.8717410390223659}, ""nominal_backup_peaks"": null, ""bias_adjusted_peaks"": {""voltage_V"": 4.215565917481122, ""temperature_K"": 303.0768165667099, ""soc"": 0.8717410390224453}, ""reason"": ""next_interval:voltage_V""}, {""current_A"": 3.5, ""nominal_next_peaks"": {""voltage_V"": 4.200588887215249, ""temperature_K"": 302.883945420161, ""soc"": 0.8686306658004086}, ""nominal_backup_peaks"": null, ""bias_adjusted_peaks"": {""voltage_V"": 4.200588887215249, ""temperature_K"": 303.0437300049066, ""soc"": 0.868630665800488}, ""reason"": ""next_interval:voltage_V""}, {""current_A"": 3.0, ""nominal_next_peaks"": {""voltage_V"": 4.185720716111831, ""temperature_K"": 302.85432200686904, ""soc"": 0.8655202925784683}, ""nominal_backup_peaks"": null, ""bias_adjusted_peaks"": {""voltage_V"": 4.185720716111831, ""temperature_K"": 303.0141065916146, ""soc"": 0.8655202925785477}, ""reason"": ""next_interval:voltage_V""}, {""current_A"": 2.5, ""nominal_next_peaks"": {""voltage_V"": 4.170670205262258, ""temperature_K"": 302.8369947534628, ""soc"": 0.8624099193565248}, ""nominal_backup_peaks"": null, ""bias_adjusted_peaks"": {""voltage_V"": 4.170670205262258, ""temperature_K"": 302.9967793382084, ""soc"": 0.8624099193566042}, ""reason"": ""next_interval:voltage_V""}], ""current_A"": 2.0, ""nominal_next_peaks"": {""voltage_V"": 4.155173717582476, ""temperature_K"": 302.8369947534628, ""soc"": 0.8592995461345777}, ""nominal_backup_peaks"": {""voltage_V"": 4.098760893279358, ""temperature_K"": 302.80635078966384, ""soc"": 0.8592995461345779}, ""bias_adjusted_peaks"": {""voltage_V"": 4.155173717582476, ""temperature_K"": 302.9967793382084, ""soc"": 0.8592995461346573}}, {""cell_index"": 2, ""candidate_count"": 1, ""feasible"": true, ""rejections"": [], ""current_A"": 0.0, ""nominal_next_peaks"": {""voltage_V"": 4.1106689323713415, ""temperature_K"": 300.26551136640643, ""soc"": 0.9064596759554512}, ""nominal_backup_peaks"": {""voltage_V"": 4.101624563853852, ""temperature_K"": 300.2488522379389, ""soc"": 0.906459675955447}, ""bias_adjusted_peaks"": {""voltage_V"": 4.1106689323713415, ""temperature_K"": 300.26551136640643, ""soc"": 0.9064596759556826}}], ""candidate_solve_count"": 10, ""screen_horizon_s"": 90.0, ""zero_current_backup_horizon_s"": 90.0, ""safety_guarantee"": ""finite-horizon sampled screen only"", ""filter_wall_time_s"": 0.9120548999999301}","{""time"": -0.75, ""balance"": -0.19392587369662329, ""voltage"": -0.0, ""temperature"": -0.0, ""numerical_failure"": 0.0, ""protective_stop"": 0.0}"
19,charge,1800.0,90.0,"[0.0, 3.5, 0.0]","[0.0, 2.0, 0.0]","[0.0, 2.0, 0.0]",-0.7539825425034027,False,,False,False,False,True,0.6911484000011114,"{""requested_current_A"": [0.0, 3.5, 0.0], ""applied_current_A"": [0.0, 2.0, 0.0], ""intervention"": true, ""infeasible"": false, ""reason"": ""Reduced requested current by nominal V/T/SOC and backup screening"", ""voltage_margin_V"": 0.03, ""temperature_margin_K"": 1.0, ""soc_max"": 0.95, ""voltage_guard_V"": 4.17, ""temperature_guard_K"": 308.0, ""nominal_state"": [[0.9004707165033343, 4.096612603512783, 298.7867124372933], [0.8592995461345752, 4.155173717582476, 302.80635078966384], [0.9064596759554453, 4.101624563853852, 300.2488522379389]], ""observation"": [[0.9004707165034828, 4.096612305603982, 298.80272548499954], [0.8592995461344897, 4.15489572396333, 302.96150229388985], [0.9064596759556856, 4.101580632217775, 300.2143097467771]], ""positive_voltage_bias_V"": [0.0, 0.0, 0.0], ""positive_temperature_bias_K"": [0.016013047706223915, 0.1551515042260121, 0.0], ""absolute_soc_bias"": [1.4843681839238343e-13, 8.548717289613705e-14, 2.402522625288839e-13], ""cells"": [{""cell_index"": 0, ""candidate_count"": 1, ""feasible"": true, ""rejections"": [], ""current_A"": 0.0, ""nominal_next_peaks"": {""voltage_V"": 4.096612603512783, ""temperature_K"": 298.7867124372933, ""soc"": 0.9004707165033363}, ""nominal_backup_peaks"": {""voltage_V"": 4.096607949035336, ""temperature_K"": 298.7770985482936, ""soc"": 0.9004707165033363}, ""bias_adjusted_peaks"": {""voltage_V"": 4.096612603512783, ""temperature_K"": 298.80272548499954, ""soc"": 0.9004707165034848}}, {""cell_index"": 1, ""candidate_count"": 4, ""feasible"": true, ""rejections"": [{""current_A"": 3.5, ""nominal_next_peaks"": {""voltage_V"": 4.205711104915199, ""temperature_K"": 302.8542042790008, ""soc"": 0.8810721586882013}, ""nominal_backup_peaks"": null, ""bias_adjusted_peaks"": {""voltage_V"": 4.205711104915199, ""temperature_K"": 303.0093557832268, ""soc"": 0.8810721586882868}, ""reason"": ""next_interval:voltage_V""}, {""current_A"": 3.0, ""nominal_next_peaks"": {""voltage_V"": 4.189806283020857, ""temperature_K"": 302.82447700289913, ""soc"": 0.8779617854662585}, ""nominal_backup_peaks"": null, ""bias_adjusted_peaks"": {""voltage_V"": 4.189806283020857, ""temperature_K"": 302.97962850712514, ""soc"": 0.877961785466344}, ""reason"": ""next_interval:voltage_V""}, {""current_A"": 2.5, ""nominal_next_peaks"": {""voltage_V"": 4.174026025976303, ""temperature_K"": 302.80635078966384, ""soc"": 0.8748514122443082}, ""nominal_backup_peaks"": null, ""bias_adjusted_peaks"": {""voltage_V"": 4.174026025976303, ""temperature_K"": 302.96150229388985, ""soc"": 0.8748514122443937}, ""reason"": ""next_interval:voltage_V""}], ""current_A"": 2.0, ""nominal_next_peaks"": {""voltage_V"": 4.158106291410958, ""temperature_K"": 302.80635078966384, ""soc"": 0.8717410390223621}, ""nominal_backup_peaks"": {""voltage_V"": 4.100969348388054, ""temperature_K"": 302.77631258024303, ""soc"": 0.8717410390223649}, ""bias_adjusted_peaks"": {""voltage_V"": 4.158106291410958, ""temperature_K"": 302.96150229388985, ""soc"": 0.8717410390224504}}, {""cell_index"": 2, ""candidate_count"": 1, ""feasible"": true, ""rejections"": [], ""current_A"": 0.0, ""nominal_next_peaks"": {""voltage_V"": 4.101624563853852, ""temperature_K"": 300.2488522379389, ""soc"": 0.906459675955447}, ""nominal_backup_peaks"": {""voltage_V"": 4.100536500216716, ""temperature_K"": 300.2323242963166, ""soc"": 0.9064596759554353}, ""bias_adjusted_peaks"": {""voltage_V"": 4.101624563853852, ""temperature_K"": 300.2488522379389, ""soc"": 0.9064596759556872}}], ""candidate_solve_count"": 9, ""screen_horizon_s"": 90.0, ""zero_current_backup_horizon_s"": 90.0, ""safety_guarantee"": ""finite-horizon sampled screen only"", ""filter_wall_time_s"": 0.6911008999995829}","{""time"": -0.75, ""balance"": -0.00398254250340264, ""voltage"": -0.0, ""temperature"": -0.0, ""numerical_failure"": 0.0, ""protective_stop"": 0.0}"
20,charge,1890.0,90.0,"[0.0, 3.5, 0.0]","[0.0, 2.0, 0.0]","[0.0, 2.0, 0.0]",-0.75,False,,False,False,False,True,0.5764668000010715,"{""requested_current_A"": [0.0, 3.5, 0.0], ""applied_current_A"": [0.0, 2.0, 0.0], ""intervention"": true, ""infeasible"": false, ""reason"": ""Reduced requested current by nominal V/T/SOC and backup screening"", ""voltage_margin_V"": 0.03, ""temperature_margin_K"": 1.0, ""soc_max"": 0.95, ""voltage_guard_V"": 4.17, ""temperature_guard_K"": 308.0, ""nominal_state"": [[0.9004707165033357, 4.096607949035336, 298.7770985482936], [0.8717410390223621, 4.158106291410958, 302.77631258024303], [0.9064596759554353, 4.100536500216716, 300.2323242963166]], ""observation"": [[0.9004707165034893, 4.096607795219244, 298.7929493730643], [0.8717410390222688, 4.157832108415477, 302.92694073878425], [0.9064596759556949, 4.100511701212124, 300.197921657123]], ""positive_voltage_bias_V"": [0.0, 0.0, 0.0], ""positive_temperature_bias_K"": [0.01585082477066635, 0.1506281585412239, 0.0], ""absolute_soc_bias"": [1.5365486660812167e-13, 9.325873406851315e-14, 2.595701431573616e-13], ""cells"": [{""cell_index"": 0, ""candidate_count"": 1, ""feasible"": true, ""rejections"": [], ""current_A"": 0.0, ""nominal_next_peaks"": {""voltage_V"": 4.096607949035336, ""temperature_K"": 298.7770985482936, ""soc"": 0.9004707165033363}, ""nominal_backup_peaks"": {""voltage_V"": 4.096605603658849, ""temperature_K"": 298.76763021456577, ""soc"": 0.9004707165033398}, ""bias_adjusted_peaks"": {""voltage_V"": 4.096607949035336, ""temperature_K"": 298.7929493730643, ""soc"": 0.9004707165034934}}, {""cell_index"": 1, ""candidate_count"": 4, ""feasible"": true, ""rejections"": [{""current_A"": 3.5, ""nominal_next_peaks"": {""voltage_V"": 4.213379267059343, ""temperature_K"": 302.82589558710976, ""soc"": 0.8935136515759833}, ""nominal_backup_peaks"": null, ""bias_adjusted_peaks"": {""voltage_V"": 4.213379267059343, ""temperature_K"": 302.976523745651, ""soc"": 0.8935136515760765}, ""reason"": ""next_interval:voltage_V""}, {""current_A"": 3.0, ""nominal_next_peaks"": {""voltage_V"": 4.195917409910274, ""temperature_K"": 302.7959126293328, ""soc"": 0.8904032783540456}, ""nominal_backup_peaks"": null, ""bias_adjusted_peaks"": {""voltage_V"": 4.195917409910274, ""temperature_K"": 302.946540787874, ""soc"": 0.8904032783541389}, ""reason"": ""next_interval:voltage_V""}, {""current_A"": 2.5, ""nominal_next_peaks"": {""voltage_V"": 4.178846888207135, ""temperature_K"": 302.77631258024303, ""soc"": 0.8872929051320948}, ""nominal_backup_peaks"": null, ""bias_adjusted_peaks"": {""voltage_V"": 4.178846888207135, ""temperature_K"": 302.92694073878425, ""soc"": 0.8872929051321881}, ""reason"": ""next_interval:voltage_V""}], ""current_A"": 2.0, ""nominal_next_peaks"": {""voltage_V"": 4.1619381790392325, ""temperature_K"": 302.77631258024303, ""soc"": 0.8841825319101521}, ""nominal_backup_peaks"": {""voltage_V"": 4.103976708696754, ""temperature_K"": 302.7472693266641, ""soc"": 0.8841825319101523}, ""bias_adjusted_peaks"": {""voltage_V"": 4.1619381790392325, ""temperature_K"": 302.92694073878425, ""soc"": 0.8841825319102455}}, {""cell_index"": 2, ""candidate_count"": 1, ""feasible"": true, ""rejections"": [], ""current_A"": 0.0, ""nominal_next_peaks"": {""voltage_V"": 4.100536500216716, ""temperature_K"": 300.2323242963166, ""soc"": 0.9064596759554353}, ""nominal_backup_peaks"": {""voltage_V"": 4.100130839140709, ""temperature_K"": 300.2159265120725, ""soc"": 0.9064596759554241}, ""bias_adjusted_peaks"": {""voltage_V"": 4.100536500216716, ""temperature_K"": 300.2323242963166, ""soc"": 0.9064596759556949}}], ""candidate_solve_count"": 9, ""screen_horizon_s"": 90.0, ""zero_current_backup_horizon_s"": 90.0, ""safety_guarantee"": ""finite-horizon sampled screen only"", ""filter_wall_time_s"": 0.5764328999975987}","{""time"": -0.75, ""balance"": -0.0, ""voltage"": -0.0, ""temperature"": -0.0, ""numerical_failure"": 0.0, ""protective_stop"": 0.0}"
21,charge,1980.0,90.0,"[0.0, 3.0, 0.0]","[0.0, 2.0, 0.0]","[0.0, 2.0, 0.0]",-0.75,False,,False,False,False,True,0.5547349000007671,"{""requested_current_A"": [0.0, 3.0, 0.0], ""applied_current_A"": [0.0, 2.0, 0.0], ""intervention"": true, ""infeasible"": false, ""reason"": ""Reduced requested current by nominal V/T/SOC and backup screening"", ""voltage_margin_V"": 0.03, ""temperature_margin_K"": 1.0, ""soc_max"": 0.95, ""voltage_guard_V"": 4.17, ""temperature_guard_K"": 308.0, ""nominal_state"": [[0.9004707165033357, 4.096605603658849, 298.76763021456577], [0.8841825319101501, 4.1619381790392325, 302.7472693266641], [0.9064596759554254, 4.100130839140709, 300.2159265120725]], ""observation"": [[0.9004707165034999, 4.0966055184533285, 298.7833201503647], [0.8841825319100466, 4.161649230653206, 302.893499344471], [0.906459675955697, 4.100116140306982, 300.18166367274654]], ""positive_voltage_bias_V"": [0.0, 0.0, 0.0], ""positive_temperature_bias_K"": [0.015689935798945953, 0.14623001780694267, 0.0], ""absolute_soc_bias"": [1.6420198534206065e-13, 1.0347278589506459e-13, 2.715605518233133e-13], ""cells"": [{""cell_index"": 0, ""candidate_count"": 1, ""feasible"": true, ""rejections"": [], ""current_A"": 0.0, ""nominal_next_peaks"": {""voltage_V"": 4.096605603658849, ""temperature_K"": 298.76763021456577, ""soc"": 0.9004707165033398}, ""nominal_backup_peaks"": {""voltage_V"": 4.096604425879393, ""temperature_K"": 298.7583056972642, ""soc"": 0.9004707165033398}, ""bias_adjusted_peaks"": {""voltage_V"": 4.096605603658849, ""temperature_K"": 298.7833201503647, ""soc"": 0.900470716503504}}, {""cell_index"": 1, ""candidate_count"": 3, ""feasible"": true, ""rejections"": [{""current_A"": 3.0, ""nominal_next_peaks"": {""voltage_V"": 4.204750813841244, ""temperature_K"": 302.7684416422673, ""soc"": 0.9028447712418224}, ""nominal_backup_peaks"": null, ""bias_adjusted_peaks"": {""voltage_V"": 4.204750813841244, ""temperature_K"": 302.91467166007425, ""soc"": 0.9028447712419259}, ""reason"": ""next_interval:voltage_V""}, {""current_A"": 2.5, ""nominal_next_peaks"": {""voltage_V"": 4.185919419278118, ""temperature_K"": 302.7472693266641, ""soc"": 0.8997343980198825}, ""nominal_backup_peaks"": null, ""bias_adjusted_peaks"": {""voltage_V"": 4.185919419278118, ""temperature_K"": 302.893499344471, ""soc"": 0.899734398019986}, ""reason"": ""next_interval:voltage_V""}], ""current_A"": 2.0, ""nominal_next_peaks"": {""voltage_V"": 4.167477372481567, ""temperature_K"": 302.7472693266641, ""soc"": 0.8966240247979395}, ""nominal_backup_peaks"": {""voltage_V"": 4.108615184680334, ""temperature_K"": 302.71926969982763, ""soc"": 0.8966240247979405}, ""bias_adjusted_peaks"": {""voltage_V"": 4.167477372481567, ""temperature_K"": 302.893499344471, ""soc"": 0.8966240247980439}}, {""cell_index"": 2, ""candidate_count"": 1, ""feasible"": true, ""rejections"": [], ""current_A"": 0.0, ""nominal_next_peaks"": {""voltage_V"": 4.100130839140709, ""temperature_K"": 300.2159265120725, ""soc"": 0.9064596759554241}, ""nominal_backup_peaks"": {""voltage_V"": 4.0999421594942955, ""temperature_K"": 300.1996578673644, ""soc"": 0.9064596759554181}, ""bias_adjusted_peaks"": {""voltage_V"": 4.100130839140709, ""temperature_K"": 300.2159265120725, ""soc"": 0.9064596759556957}}], ""candidate_solve_count"": 8, ""screen_horizon_s"": 90.0, ""zero_current_backup_horizon_s"": 90.0, ""safety_guarantee"": ""finite-horizon sampled screen only"", ""filter_wall_time_s"": 0.5546503000005032}","{""time"": -0.75, ""balance"": -0.0, ""voltage"": -0.0, ""temperature"": -0.0, ""numerical_failure"": 0.0, ""protective_stop"": 0.0}"
22,charge,2070.0,90.0,"[0.0, 3.0, 0.0]","[0.0, 1.5, 0.0]","[0.0, 1.5, 0.0]",-0.75,True,,False,False,False,True,0.6463104000031308,"{""requested_current_A"": [0.0, 3.0, 0.0], ""applied_current_A"": [0.0, 1.5, 0.0], ""intervention"": true, ""infeasible"": false, ""reason"": ""Reduced requested current by nominal V/T/SOC and backup screening"", ""voltage_margin_V"": 0.03, ""temperature_margin_K"": 1.0, ""soc_max"": 0.95, ""voltage_guard_V"": 4.17, ""temperature_guard_K"": 308.0, ""nominal_state"": [[0.9004707165033382, 4.096604425879393, 298.7583056972642], [0.8966240247979385, 4.167477372481567, 302.71926969982763], [0.9064596759554159, 4.0999421594942955, 300.1996578673644]], ""observation"": [[0.900470716503501, 4.096604378913078, 298.7738360305182], [0.8966240247978257, 4.167156254279197, 302.8612267850675], [0.906459675955703, 4.099933469278023, 300.1655347680204]], ""positive_voltage_bias_V"": [0.0, 0.0, 0.0], ""positive_temperature_bias_K"": [0.0155303332540484, 0.1419570852398806, 0.0], ""absolute_soc_bias"": [1.6275869541004795e-13, 1.127986593019159e-13, 2.871036741680655e-13], ""cells"": [{""cell_index"": 0, ""candidate_count"": 1, ""feasible"": true, ""rejections"": [], ""current_A"": 0.0, ""nominal_next_peaks"": {""voltage_V"": 4.096604425879393, ""temperature_K"": 298.7583056972642, ""soc"": 0.9004707165033398}, ""nominal_backup_peaks"": {""voltage_V"": 4.096603814912385, ""temperature_K"": 298.7491203088789, ""soc"": 0.9004707165033363}, ""bias_adjusted_peaks"": {""voltage_V"": 4.096604425879393, ""temperature_K"": 298.7738360305182, ""soc"": 0.9004707165035025}}, {""cell_index"": 1, ""candidate_count"": 4, ""feasible"": true, ""rejections"": [{""current_A"": 3.0, ""nominal_next_peaks"": {""voltage_V"": 4.216829891454882, ""temperature_K"": 302.74209833095057, ""soc"": 0.91528626412962}, ""nominal_backup_peaks"": null, ""bias_adjusted_peaks"": {""voltage_V"": 4.216829891454882, ""temperature_K"": 302.88405541619045, ""soc"": 0.9152862641297328}, ""reason"": ""next_interval:voltage_V""}, {""current_A"": 2.5, ""nominal_next_peaks"": {""voltage_V"": 4.195953804158341, ""temperature_K"": 302.71926969982763, ""soc"": 0.9121758909076744}, ""nominal_backup_peaks"": null, ""bias_adjusted_peaks"": {""voltage_V"": 4.195953804158341, ""temperature_K"": 302.8612267850675, ""soc"": 0.9121758909077872}, ""reason"": ""next_interval:voltage_V""}, {""current_A"": 2.0, ""nominal_next_peaks"": {""voltage_V"": 4.175570120750077, ""temperature_K"": 302.71926969982763, ""soc"": 0.9090655176857239}, ""nominal_backup_peaks"": null, ""bias_adjusted_peaks"": {""voltage_V"": 4.175570120750077, ""temperature_K"": 302.8612267850675, ""soc"": 0.9090655176858367}, ""reason"": ""next_interval:voltage_V""}], ""current_A"": 1.5, ""nominal_next_peaks"": {""voltage_V"": 4.155598915472478, ""temperature_K"": 302.71926969982763, ""soc"": 0.9059551444637761}, ""nominal_backup_peaks"": {""voltage_V"": 4.110121840057676, ""temperature_K"": 302.6738409160944, ""soc"": 0.9059551444637769}, ""bias_adjusted_peaks"": {""voltage_V"": 4.155598915472478, ""temperature_K"": 302.8612267850675, ""soc"": 0.9059551444638897}}, {""cell_index"": 2, ""candidate_count"": 1, ""feasible"": true, ""rejections"": [], ""current_A"": 0.0, ""nominal_next_peaks"": {""voltage_V"": 4.0999421594942955, ""temperature_K"": 300.1996578673644, ""soc"": 0.9064596759554181}, ""nominal_backup_peaks"": {""voltage_V"": 4.099849614161954, ""temperature_K"": 300.18351734722626, ""soc"": 0.9064596759554036}, ""bias_adjusted_peaks"": {""voltage_V"": 4.0999421594942955, ""temperature_K"": 300.1996578673644, ""soc"": 0.9064596759557052}}], ""candidate_solve_count"": 9, ""screen_horizon_s"": 90.0, ""zero_current_backup_horizon_s"": 90.0, ""safety_guarantee"": ""finite-horizon sampled screen only"", ""filter_wall_time_s"": 0.646283999998559}","{""time"": -0.75, ""balance"": -0.0, ""voltage"": -0.0, ""temperature"": -0.0, ""numerical_failure"": 0.0, ""protective_stop"": 0.0}"
23,hold,2160.0,90.0,"[0.0, 0.0, 0.0]","[0.0, 0.0, 0.0]","[0.0, 0.0, 0.0]",-0.75,True,,False,False,False,False,0.0,"{""reason"": ""zero-current terminal observation with common interlock""}","{""time"": -0.75, ""balance"": -0.0, ""voltage"": -0.0, ""temperature"": -0.0, ""numerical_failure"": 0.0, ""protective_stop"": 0.0}"
24,hold,2250.0,90.0,"[0.0, 0.0, 0.0]","[0.0, 0.0, 0.0]","[0.0, 0.0, 0.0]",-0.75,True,,False,False,False,False,0.0,"{""reason"": ""zero-current terminal observation with common interlock""}","{""time"": -0.75, ""balance"": -0.0, ""voltage"": -0.0, ""temperature"": -0.0, ""numerical_failure"": 0.0, ""protective_stop"": 0.0}"
25,hold,2340.0,90.0,"[0.0, 0.0, 0.0]","[0.0, 0.0, 0.0]","[0.0, 0.0, 0.0]",-0.75,True,,False,False,False,False,0.0,"{""reason"": ""zero-current terminal observation with common interlock""}","{""time"": -0.75, ""balance"": -0.0, ""voltage"": -0.0, ""temperature"": -0.0, ""numerical_failure"": 0.0, ""protective_stop"": 0.0}"
