OUTPUT: /home/yqt/XuanyiLi/RL-for-charging/revision_results/experiment_6_gpu_parallel_2500_5seeds_90s/20260928_194517_801804
LEARNING DEVICE: cuda:0 NVIDIA RTX PRO 6000 Blackwell Server Edition
START JOB 1/30 GPU=GPU-780afb7e-e486-5609-c993-3e516926bbe4 LOG=/home/yqt/XuanyiLi/RL-for-charging/revision_results/experiment_6_gpu_parallel_2500_5seeds_90s/20260928_194517_801804/parallel_scaling_jobs/job_0000/worker.log
START JOB 2/30 GPU=GPU-fafeb67a-12cd-a2e4-9aeb-997a485c815a LOG=/home/yqt/XuanyiLi/RL-for-charging/revision_results/experiment_6_gpu_parallel_2500_5seeds_90s/20260928_194517_801804/parallel_scaling_jobs/job_0001/worker.log
START JOB 3/30 GPU=GPU-780afb7e-e486-5609-c993-3e516926bbe4 LOG=/home/yqt/XuanyiLi/RL-for-charging/revision_results/experiment_6_gpu_parallel_2500_5seeds_90s/20260928_194517_801804/parallel_scaling_jobs/job_0002/worker.log
START JOB 4/30 GPU=GPU-fafeb67a-12cd-a2e4-9aeb-997a485c815a LOG=/home/yqt/XuanyiLi/RL-for-charging/revision_results/experiment_6_gpu_parallel_2500_5seeds_90s/20260928_194517_801804/parallel_scaling_jobs/job_0003/worker.log
START JOB 5/30 GPU=GPU-780afb7e-e486-5609-c993-3e516926bbe4 LOG=/home/yqt/XuanyiLi/RL-for-charging/revision_results/experiment_6_gpu_parallel_2500_5seeds_90s/20260928_194517_801804/parallel_scaling_jobs/job_0004/worker.log
START JOB 6/30 GPU=GPU-fafeb67a-12cd-a2e4-9aeb-997a485c815a LOG=/home/yqt/XuanyiLi/RL-for-charging/revision_results/experiment_6_gpu_parallel_2500_5seeds_90s/20260928_194517_801804/parallel_scaling_jobs/job_0005/worker.log
PARALLEL PROGRESS: 0/30 complete; 6 active
PARALLEL PROGRESS: 0/30 complete; 6 active
PARALLEL PROGRESS: 0/30 complete; 6 active
PARALLEL PROGRESS: 0/30 complete; 6 active
PARALLEL PROGRESS: 0/30 complete; 6 active
PARALLEL PROGRESS: 0/30 complete; 6 active
PARALLEL PROGRESS: 0/30 complete; 6 active
PARALLEL PROGRESS: 0/30 complete; 6 active
PARALLEL PROGRESS: 0/30 complete; 6 active
PARALLEL PROGRESS: 0/30 complete; 6 active
PARALLEL PROGRESS: 0/30 complete; 6 active
PARALLEL PROGRESS: 0/30 complete; 6 active
PARALLEL PROGRESS: 0/30 complete; 6 active
PARALLEL PROGRESS: 0/30 complete; 6 active
PARALLEL PROGRESS: 0/30 complete; 6 active
PARALLEL PROGRESS: 0/30 complete; 6 active
PARALLEL PROGRESS: 0/30 complete; 6 active
PARALLEL PROGRESS: 0/30 complete; 6 active
PARALLEL PROGRESS: 0/30 complete; 6 active
PARALLEL PROGRESS: 0/30 complete; 6 active
PARALLEL PROGRESS: 0/30 complete; 6 active
PARALLEL PROGRESS: 0/30 complete; 6 active
PARALLEL PROGRESS: 0/30 complete; 6 active
PARALLEL PROGRESS: 0/30 complete; 6 active
PARALLEL PROGRESS: 0/30 complete; 6 active
PARALLEL PROGRESS: 0/30 complete; 6 active
PARALLEL PROGRESS: 0/30 complete; 6 active
PARALLEL PROGRESS: 0/30 complete; 6 active
PARALLEL PROGRESS: 0/30 complete; 6 active
PARALLEL PROGRESS: 0/30 complete; 6 active
PARALLEL PROGRESS: 0/30 complete; 6 active
PARALLEL PROGRESS: 0/30 complete; 6 active
PARALLEL PROGRESS: 0/30 complete; 6 active
PARALLEL PROGRESS: 0/30 complete; 6 active
PARALLEL PROGRESS: 0/30 complete; 6 active
PARALLEL PROGRESS: 0/30 complete; 6 active
PARALLEL PROGRESS: 0/30 complete; 6 active
PARALLEL PROGRESS: 0/30 complete; 6 active
PARALLEL PROGRESS: 0/30 complete; 6 active
PARALLEL PROGRESS: 0/30 complete; 6 active
PARALLEL PROGRESS: 0/30 complete; 6 active
PARALLEL PROGRESS: 0/30 complete; 6 active
PARALLEL PROGRESS: 0/30 complete; 6 active
PARALLEL PROGRESS: 0/30 complete; 6 active
PARALLEL PROGRESS: 0/30 complete; 6 active
PARALLEL PROGRESS: 0/30 complete; 6 active
PARALLEL PROGRESS: 0/30 complete; 6 active
PARALLEL PROGRESS: 0/30 complete; 6 active
PARALLEL PROGRESS: 0/30 complete; 6 active
PARALLEL PROGRESS: 0/30 complete; 6 active
PARALLEL PROGRESS: 0/30 complete; 6 active
PARALLEL PROGRESS: 0/30 complete; 6 active
PARALLEL PROGRESS: 0/30 complete; 6 active
PARALLEL PROGRESS: 0/30 complete; 6 active
PARALLEL PROGRESS: 0/30 complete; 6 active
PARALLEL PROGRESS: 0/30 complete; 6 active
PARALLEL PROGRESS: 0/30 complete; 6 active
PARALLEL PROGRESS: 0/30 complete; 6 active
PARALLEL PROGRESS: 0/30 complete; 6 active
PARALLEL PROGRESS: 0/30 complete; 6 active
PARALLEL PROGRESS: 0/30 complete; 6 active
PARALLEL PROGRESS: 0/30 complete; 6 active
PARALLEL PROGRESS: 0/30 complete; 6 active
PARALLEL PROGRESS: 0/30 complete; 6 active
PARALLEL PROGRESS: 0/30 complete; 6 active
PARALLEL PROGRESS: 0/30 complete; 6 active
PARALLEL PROGRESS: 0/30 complete; 6 active
PARALLEL PROGRESS: 0/30 complete; 6 active
PARALLEL PROGRESS: 0/30 complete; 6 active
PARALLEL PROGRESS: 0/30 complete; 6 active
PARALLEL PROGRESS: 0/30 complete; 6 active
PARALLEL PROGRESS: 0/30 complete; 6 active
PARALLEL PROGRESS: 0/30 complete; 6 active
PARALLEL PROGRESS: 0/30 complete; 6 active
PARALLEL PROGRESS: 0/30 complete; 6 active
PARALLEL PROGRESS: 0/30 complete; 6 active
PARALLEL PROGRESS: 0/30 complete; 6 active
PARALLEL PROGRESS: 0/30 complete; 6 active
PARALLEL PROGRESS: 0/30 complete; 6 active
PARALLEL PROGRESS: 0/30 complete; 6 active
PARALLEL PROGRESS: 0/30 complete; 6 active
PARALLEL PROGRESS: 0/30 complete; 6 active
PARALLEL PROGRESS: 0/30 complete; 6 active
PARALLEL PROGRESS: 0/30 complete; 6 active
PARALLEL PROGRESS: 0/30 complete; 6 active
PARALLEL PROGRESS: 0/30 complete; 6 active
PARALLEL PROGRESS: 0/30 complete; 6 active
PARALLEL PROGRESS: 0/30 complete; 6 active
PARALLEL PROGRESS: 0/30 complete; 6 active
PARALLEL PROGRESS: 0/30 complete; 6 active
PARALLEL PROGRESS: 0/30 complete; 6 active
PARALLEL PROGRESS: 0/30 complete; 6 active
PARALLEL PROGRESS: 0/30 complete; 6 active
PARALLEL PROGRESS: 0/30 complete; 6 active
PARALLEL PROGRESS: 0/30 complete; 6 active
PARALLEL PROGRESS: 0/30 complete; 6 active
PARALLEL PROGRESS: 0/30 complete; 6 active
PARALLEL PROGRESS: 0/30 complete; 6 active
PARALLEL PROGRESS: 0/30 complete; 6 active
PARALLEL PROGRESS: 0/30 complete; 6 active
PARALLEL PROGRESS: 0/30 complete; 6 active
PARALLEL PROGRESS: 0/30 complete; 6 active
PARALLEL PROGRESS: 0/30 complete; 6 active
PARALLEL PROGRESS: 0/30 complete; 6 active
PARALLEL PROGRESS: 0/30 complete; 6 active
PARALLEL PROGRESS: 0/30 complete; 6 active
PARALLEL PROGRESS: 0/30 complete; 6 active
PARALLEL PROGRESS: 0/30 complete; 6 active
PARALLEL PROGRESS: 0/30 complete; 6 active
PARALLEL PROGRESS: 0/30 complete; 6 active
PARALLEL PROGRESS: 0/30 complete; 6 active
PARALLEL PROGRESS: 0/30 complete; 6 active
PARALLEL PROGRESS: 0/30 complete; 6 active
PARALLEL PROGRESS: 0/30 complete; 6 active
PARALLEL PROGRESS: 0/30 complete; 6 active
PARALLEL PROGRESS: 0/30 complete; 6 active
PARALLEL PROGRESS: 0/30 complete; 6 active
PARALLEL PROGRESS: 0/30 complete; 6 active
PARALLEL PROGRESS: 0/30 complete; 6 active
PARALLEL PROGRESS: 0/30 complete; 6 active
PARALLEL PROGRESS: 0/30 complete; 6 active
PARALLEL PROGRESS: 0/30 complete; 6 active
PARALLEL PROGRESS: 0/30 complete; 6 active
PARALLEL PROGRESS: 0/30 complete; 6 active
PARALLEL PROGRESS: 0/30 complete; 6 active
PARALLEL PROGRESS: 0/30 complete; 6 active
PARALLEL PROGRESS: 0/30 complete; 6 active
PARALLEL PROGRESS: 0/30 complete; 6 active
PARALLEL PROGRESS: 0/30 complete; 6 active
PARALLEL PROGRESS: 0/30 complete; 6 active
PARALLEL PROGRESS: 0/30 complete; 6 active
PARALLEL PROGRESS: 0/30 complete; 6 active
PARALLEL PROGRESS: 0/30 complete; 6 active
PARALLEL PROGRESS: 0/30 complete; 6 active
PARALLEL PROGRESS: 0/30 complete; 6 active
PARALLEL PROGRESS: 0/30 complete; 6 active
PARALLEL PROGRESS: 0/30 complete; 6 active
PARALLEL PROGRESS: 0/30 complete; 6 active
PARALLEL PROGRESS: 0/30 complete; 6 active
PARALLEL PROGRESS: 0/30 complete; 6 active
PARALLEL PROGRESS: 0/30 complete; 6 active
PARALLEL PROGRESS: 0/30 complete; 6 active
PARALLEL PROGRESS: 0/30 complete; 6 active
PARALLEL PROGRESS: 0/30 complete; 6 active
PARALLEL PROGRESS: 0/30 complete; 6 active
PARALLEL PROGRESS: 0/30 complete; 6 active
PARALLEL PROGRESS: 0/30 complete; 6 active
PARALLEL PROGRESS: 0/30 complete; 6 active
PARALLEL PROGRESS: 0/30 complete; 6 active
PARALLEL PROGRESS: 0/30 complete; 6 active
PARALLEL PROGRESS: 0/30 complete; 6 active
PARALLEL PROGRESS: 0/30 complete; 6 active
PARALLEL PROGRESS: 0/30 complete; 6 active
PARALLEL PROGRESS: 0/30 complete; 6 active
PARALLEL PROGRESS: 0/30 complete; 6 active
PARALLEL PROGRESS: 0/30 complete; 6 active
PARALLEL PROGRESS: 0/30 complete; 6 active
PARALLEL PROGRESS: 0/30 complete; 6 active
PARALLEL PROGRESS: 0/30 complete; 6 active
PARALLEL PROGRESS: 0/30 complete; 6 active
PARALLEL PROGRESS: 0/30 complete; 6 active
PARALLEL PROGRESS: 0/30 complete; 6 active
PARALLEL PROGRESS: 0/30 complete; 6 active
PARALLEL PROGRESS: 0/30 complete; 6 active
PARALLEL PROGRESS: 0/30 complete; 6 active
PARALLEL PROGRESS: 0/30 complete; 6 active
PARALLEL PROGRESS: 0/30 complete; 6 active
PARALLEL PROGRESS: 0/30 complete; 6 active
PARALLEL PROGRESS: 0/30 complete; 6 active
PARALLEL PROGRESS: 0/30 complete; 6 active
PARALLEL PROGRESS: 0/30 complete; 6 active
PARALLEL PROGRESS: 0/30 complete; 6 active
PARALLEL PROGRESS: 0/30 complete; 6 active
PARALLEL PROGRESS: 0/30 complete; 6 active
PARALLEL PROGRESS: 0/30 complete; 6 active
PARALLEL PROGRESS: 0/30 complete; 6 active
PARALLEL PROGRESS: 0/30 complete; 6 active
PARALLEL PROGRESS: 0/30 complete; 6 active
PARALLEL PROGRESS: 0/30 complete; 6 active
PARALLEL PROGRESS: 0/30 complete; 6 active
PARALLEL PROGRESS: 0/30 complete; 6 active
PARALLEL PROGRESS: 0/30 complete; 6 active
PARALLEL PROGRESS: 0/30 complete; 6 active
PARALLEL PROGRESS: 0/30 complete; 6 active
PARALLEL PROGRESS: 0/30 complete; 6 active
PARALLEL PROGRESS: 0/30 complete; 6 active
PARALLEL PROGRESS: 0/30 complete; 6 active
PARALLEL PROGRESS: 0/30 complete; 6 active
PARALLEL PROGRESS: 0/30 complete; 6 active
PARALLEL PROGRESS: 0/30 complete; 6 active
PARALLEL PROGRESS: 0/30 complete; 6 active
PARALLEL PROGRESS: 0/30 complete; 6 active
PARALLEL PROGRESS: 0/30 complete; 6 active
PARALLEL PROGRESS: 0/30 complete; 6 active
PARALLEL PROGRESS: 0/30 complete; 6 active
PARALLEL PROGRESS: 0/30 complete; 6 active
PARALLEL PROGRESS: 0/30 complete; 6 active
PARALLEL PROGRESS: 0/30 complete; 6 active
PARALLEL PROGRESS: 0/30 complete; 6 active
PARALLEL PROGRESS: 0/30 complete; 6 active
PARALLEL PROGRESS: 0/30 complete; 6 active
PARALLEL PROGRESS: 0/30 complete; 6 active
PARALLEL PROGRESS: 0/30 complete; 6 active
PARALLEL PROGRESS: 0/30 complete; 6 active
PARALLEL PROGRESS: 0/30 complete; 6 active
PARALLEL PROGRESS: 0/30 complete; 6 active
PARALLEL PROGRESS: 0/30 complete; 6 active
PARALLEL PROGRESS: 0/30 complete; 6 active
PARALLEL PROGRESS: 0/30 complete; 6 active
PARALLEL PROGRESS: 0/30 complete; 6 active
PARALLEL PROGRESS: 0/30 complete; 6 active
PARALLEL PROGRESS: 0/30 complete; 6 active
PARALLEL PROGRESS: 0/30 complete; 6 active
PARALLEL PROGRESS: 0/30 complete; 6 active
PARALLEL PROGRESS: 0/30 complete; 6 active
PARALLEL PROGRESS: 0/30 complete; 6 active
PARALLEL PROGRESS: 0/30 complete; 6 active
PARALLEL PROGRESS: 0/30 complete; 6 active
PARALLEL PROGRESS: 0/30 complete; 6 active
PARALLEL PROGRESS: 0/30 complete; 6 active
FINISH JOB 5/30 (1 complete)
START JOB 7/30 GPU=GPU-780afb7e-e486-5609-c993-3e516926bbe4 LOG=/home/yqt/XuanyiLi/RL-for-charging/revision_results/experiment_6_gpu_parallel_2500_5seeds_90s/20260928_194517_801804/parallel_scaling_jobs/job_0006/worker.log
PARALLEL PROGRESS: 1/30 complete; 6 active
PARALLEL PROGRESS: 1/30 complete; 6 active
PARALLEL PROGRESS: 1/30 complete; 6 active
PARALLEL PROGRESS: 1/30 complete; 6 active
PARALLEL PROGRESS: 1/30 complete; 6 active
PARALLEL PROGRESS: 1/30 complete; 6 active
PARALLEL PROGRESS: 1/30 complete; 6 active
PARALLEL PROGRESS: 1/30 complete; 6 active
PARALLEL PROGRESS: 1/30 complete; 6 active
FINISH JOB 1/30 (2 complete)
START JOB 8/30 GPU=GPU-780afb7e-e486-5609-c993-3e516926bbe4 LOG=/home/yqt/XuanyiLi/RL-for-charging/revision_results/experiment_6_gpu_parallel_2500_5seeds_90s/20260928_194517_801804/parallel_scaling_jobs/job_0007/worker.log
PARALLEL PROGRESS: 2/30 complete; 6 active
PARALLEL PROGRESS: 2/30 complete; 6 active
PARALLEL PROGRESS: 2/30 complete; 6 active
FINISH JOB 4/30 (3 complete)
START JOB 9/30 GPU=GPU-fafeb67a-12cd-a2e4-9aeb-997a485c815a LOG=/home/yqt/XuanyiLi/RL-for-charging/revision_results/experiment_6_gpu_parallel_2500_5seeds_90s/20260928_194517_801804/parallel_scaling_jobs/job_0008/worker.log
PARALLEL PROGRESS: 3/30 complete; 6 active
PARALLEL PROGRESS: 3/30 complete; 6 active
PARALLEL PROGRESS: 3/30 complete; 6 active
PARALLEL PROGRESS: 3/30 complete; 6 active
PARALLEL PROGRESS: 3/30 complete; 6 active
PARALLEL PROGRESS: 3/30 complete; 6 active
PARALLEL PROGRESS: 3/30 complete; 6 active
PARALLEL PROGRESS: 3/30 complete; 6 active
PARALLEL PROGRESS: 3/30 complete; 6 active
PARALLEL PROGRESS: 3/30 complete; 6 active
PARALLEL PROGRESS: 3/30 complete; 6 active
PARALLEL PROGRESS: 3/30 complete; 6 active
FINISH JOB 2/30 (4 complete)
START JOB 10/30 GPU=GPU-fafeb67a-12cd-a2e4-9aeb-997a485c815a LOG=/home/yqt/XuanyiLi/RL-for-charging/revision_results/experiment_6_gpu_parallel_2500_5seeds_90s/20260928_194517_801804/parallel_scaling_jobs/job_0009/worker.log
PARALLEL PROGRESS: 4/30 complete; 6 active
PARALLEL PROGRESS: 4/30 complete; 6 active
PARALLEL PROGRESS: 4/30 complete; 6 active
PARALLEL PROGRESS: 4/30 complete; 6 active
PARALLEL PROGRESS: 4/30 complete; 6 active
FINISH JOB 6/30 (5 complete)
START JOB 11/30 GPU=GPU-fafeb67a-12cd-a2e4-9aeb-997a485c815a LOG=/home/yqt/XuanyiLi/RL-for-charging/revision_results/experiment_6_gpu_parallel_2500_5seeds_90s/20260928_194517_801804/parallel_scaling_jobs/job_0010/worker.log
PARALLEL PROGRESS: 5/30 complete; 6 active
PARALLEL PROGRESS: 5/30 complete; 6 active
PARALLEL PROGRESS: 5/30 complete; 6 active
PARALLEL PROGRESS: 5/30 complete; 6 active
PARALLEL PROGRESS: 5/30 complete; 6 active
PARALLEL PROGRESS: 5/30 complete; 6 active
PARALLEL PROGRESS: 5/30 complete; 6 active
PARALLEL PROGRESS: 5/30 complete; 6 active
FINISH JOB 3/30 (6 complete)
START JOB 12/30 GPU=GPU-780afb7e-e486-5609-c993-3e516926bbe4 LOG=/home/yqt/XuanyiLi/RL-for-charging/revision_results/experiment_6_gpu_parallel_2500_5seeds_90s/20260928_194517_801804/parallel_scaling_jobs/job_0011/worker.log
PARALLEL PROGRESS: 6/30 complete; 6 active
PARALLEL PROGRESS: 6/30 complete; 6 active
PARALLEL PROGRESS: 6/30 complete; 6 active
PARALLEL PROGRESS: 6/30 complete; 6 active
PARALLEL PROGRESS: 6/30 complete; 6 active
PARALLEL PROGRESS: 6/30 complete; 6 active
PARALLEL PROGRESS: 6/30 complete; 6 active
PARALLEL PROGRESS: 6/30 complete; 6 active
PARALLEL PROGRESS: 6/30 complete; 6 active
PARALLEL PROGRESS: 6/30 complete; 6 active
PARALLEL PROGRESS: 6/30 complete; 6 active
PARALLEL PROGRESS: 6/30 complete; 6 active
PARALLEL PROGRESS: 6/30 complete; 6 active
PARALLEL PROGRESS: 6/30 complete; 6 active
PARALLEL PROGRESS: 6/30 complete; 6 active
PARALLEL PROGRESS: 6/30 complete; 6 active
PARALLEL PROGRESS: 6/30 complete; 6 active
PARALLEL PROGRESS: 6/30 complete; 6 active
PARALLEL PROGRESS: 6/30 complete; 6 active
PARALLEL PROGRESS: 6/30 complete; 6 active
PARALLEL PROGRESS: 6/30 complete; 6 active
PARALLEL PROGRESS: 6/30 complete; 6 active
PARALLEL PROGRESS: 6/30 complete; 6 active
PARALLEL PROGRESS: 6/30 complete; 6 active
PARALLEL PROGRESS: 6/30 complete; 6 active
PARALLEL PROGRESS: 6/30 complete; 6 active
PARALLEL PROGRESS: 6/30 complete; 6 active
PARALLEL PROGRESS: 6/30 complete; 6 active
PARALLEL PROGRESS: 6/30 complete; 6 active
PARALLEL PROGRESS: 6/30 complete; 6 active
PARALLEL PROGRESS: 6/30 complete; 6 active
PARALLEL PROGRESS: 6/30 complete; 6 active
PARALLEL PROGRESS: 6/30 complete; 6 active
PARALLEL PROGRESS: 6/30 complete; 6 active
PARALLEL PROGRESS: 6/30 complete; 6 active
PARALLEL PROGRESS: 6/30 complete; 6 active
PARALLEL PROGRESS: 6/30 complete; 6 active
PARALLEL PROGRESS: 6/30 complete; 6 active
PARALLEL PROGRESS: 6/30 complete; 6 active
PARALLEL PROGRESS: 6/30 complete; 6 active
PARALLEL PROGRESS: 6/30 complete; 6 active
PARALLEL PROGRESS: 6/30 complete; 6 active
PARALLEL PROGRESS: 6/30 complete; 6 active
PARALLEL PROGRESS: 6/30 complete; 6 active
PARALLEL PROGRESS: 6/30 complete; 6 active
PARALLEL PROGRESS: 6/30 complete; 6 active
PARALLEL PROGRESS: 6/30 complete; 6 active
PARALLEL PROGRESS: 6/30 complete; 6 active
PARALLEL PROGRESS: 6/30 complete; 6 active
PARALLEL PROGRESS: 6/30 complete; 6 active
PARALLEL PROGRESS: 6/30 complete; 6 active
PARALLEL PROGRESS: 6/30 complete; 6 active
PARALLEL PROGRESS: 6/30 complete; 6 active
PARALLEL PROGRESS: 6/30 complete; 6 active
PARALLEL PROGRESS: 6/30 complete; 6 active
PARALLEL PROGRESS: 6/30 complete; 6 active
PARALLEL PROGRESS: 6/30 complete; 6 active
PARALLEL PROGRESS: 6/30 complete; 6 active
PARALLEL PROGRESS: 6/30 complete; 6 active
PARALLEL PROGRESS: 6/30 complete; 6 active
PARALLEL PROGRESS: 6/30 complete; 6 active
PARALLEL PROGRESS: 6/30 complete; 6 active
PARALLEL PROGRESS: 6/30 complete; 6 active
PARALLEL PROGRESS: 6/30 complete; 6 active
PARALLEL PROGRESS: 6/30 complete; 6 active
PARALLEL PROGRESS: 6/30 complete; 6 active
PARALLEL PROGRESS: 6/30 complete; 6 active
PARALLEL PROGRESS: 6/30 complete; 6 active
PARALLEL PROGRESS: 6/30 complete; 6 active
PARALLEL PROGRESS: 6/30 complete; 6 active
PARALLEL PROGRESS: 6/30 complete; 6 active
PARALLEL PROGRESS: 6/30 complete; 6 active
PARALLEL PROGRESS: 6/30 complete; 6 active
PARALLEL PROGRESS: 6/30 complete; 6 active
PARALLEL PROGRESS: 6/30 complete; 6 active
PARALLEL PROGRESS: 6/30 complete; 6 active
PARALLEL PROGRESS: 6/30 complete; 6 active
PARALLEL PROGRESS: 6/30 complete; 6 active
PARALLEL PROGRESS: 6/30 complete; 6 active
PARALLEL PROGRESS: 6/30 complete; 6 active
PARALLEL PROGRESS: 6/30 complete; 6 active
PARALLEL PROGRESS: 6/30 complete; 6 active
PARALLEL PROGRESS: 6/30 complete; 6 active
PARALLEL PROGRESS: 6/30 complete; 6 active
PARALLEL PROGRESS: 6/30 complete; 6 active
PARALLEL PROGRESS: 6/30 complete; 6 active
PARALLEL PROGRESS: 6/30 complete; 6 active
PARALLEL PROGRESS: 6/30 complete; 6 active
PARALLEL PROGRESS: 6/30 complete; 6 active
PARALLEL PROGRESS: 6/30 complete; 6 active
PARALLEL PROGRESS: 6/30 complete; 6 active
PARALLEL PROGRESS: 6/30 complete; 6 active
PARALLEL PROGRESS: 6/30 complete; 6 active
PARALLEL PROGRESS: 6/30 complete; 6 active
PARALLEL PROGRESS: 6/30 complete; 6 active
PARALLEL PROGRESS: 6/30 complete; 6 active
PARALLEL PROGRESS: 6/30 complete; 6 active
PARALLEL PROGRESS: 6/30 complete; 6 active
PARALLEL PROGRESS: 6/30 complete; 6 active
PARALLEL PROGRESS: 6/30 complete; 6 active
PARALLEL PROGRESS: 6/30 complete; 6 active
PARALLEL PROGRESS: 6/30 complete; 6 active
PARALLEL PROGRESS: 6/30 complete; 6 active
PARALLEL PROGRESS: 6/30 complete; 6 active
PARALLEL PROGRESS: 6/30 complete; 6 active
PARALLEL PROGRESS: 6/30 complete; 6 active
PARALLEL PROGRESS: 6/30 complete; 6 active
PARALLEL PROGRESS: 6/30 complete; 6 active
PARALLEL PROGRESS: 6/30 complete; 6 active
PARALLEL PROGRESS: 6/30 complete; 6 active
PARALLEL PROGRESS: 6/30 complete; 6 active
PARALLEL PROGRESS: 6/30 complete; 6 active
PARALLEL PROGRESS: 6/30 complete; 6 active
PARALLEL PROGRESS: 6/30 complete; 6 active
PARALLEL PROGRESS: 6/30 complete; 6 active
PARALLEL PROGRESS: 6/30 complete; 6 active
PARALLEL PROGRESS: 6/30 complete; 6 active
PARALLEL PROGRESS: 6/30 complete; 6 active
PARALLEL PROGRESS: 6/30 complete; 6 active
PARALLEL PROGRESS: 6/30 complete; 6 active
PARALLEL PROGRESS: 6/30 complete; 6 active
PARALLEL PROGRESS: 6/30 complete; 6 active
PARALLEL PROGRESS: 6/30 complete; 6 active
PARALLEL PROGRESS: 6/30 complete; 6 active
PARALLEL PROGRESS: 6/30 complete; 6 active
PARALLEL PROGRESS: 6/30 complete; 6 active
PARALLEL PROGRESS: 6/30 complete; 6 active
PARALLEL PROGRESS: 6/30 complete; 6 active
PARALLEL PROGRESS: 6/30 complete; 6 active
PARALLEL PROGRESS: 6/30 complete; 6 active
PARALLEL PROGRESS: 6/30 complete; 6 active
PARALLEL PROGRESS: 6/30 complete; 6 active
PARALLEL PROGRESS: 6/30 complete; 6 active
PARALLEL PROGRESS: 6/30 complete; 6 active
PARALLEL PROGRESS: 6/30 complete; 6 active
PARALLEL PROGRESS: 6/30 complete; 6 active
PARALLEL PROGRESS: 6/30 complete; 6 active
PARALLEL PROGRESS: 6/30 complete; 6 active
PARALLEL PROGRESS: 6/30 complete; 6 active
PARALLEL PROGRESS: 6/30 complete; 6 active
PARALLEL PROGRESS: 6/30 complete; 6 active
PARALLEL PROGRESS: 6/30 complete; 6 active
PARALLEL PROGRESS: 6/30 complete; 6 active
PARALLEL PROGRESS: 6/30 complete; 6 active
PARALLEL PROGRESS: 6/30 complete; 6 active
PARALLEL PROGRESS: 6/30 complete; 6 active
PARALLEL PROGRESS: 6/30 complete; 6 active
PARALLEL PROGRESS: 6/30 complete; 6 active
PARALLEL PROGRESS: 6/30 complete; 6 active
PARALLEL PROGRESS: 6/30 complete; 6 active
PARALLEL PROGRESS: 6/30 complete; 6 active
PARALLEL PROGRESS: 6/30 complete; 6 active
PARALLEL PROGRESS: 6/30 complete; 6 active
PARALLEL PROGRESS: 6/30 complete; 6 active
PARALLEL PROGRESS: 6/30 complete; 6 active
PARALLEL PROGRESS: 6/30 complete; 6 active
PARALLEL PROGRESS: 6/30 complete; 6 active
PARALLEL PROGRESS: 6/30 complete; 6 active
PARALLEL PROGRESS: 6/30 complete; 6 active
PARALLEL PROGRESS: 6/30 complete; 6 active
PARALLEL PROGRESS: 6/30 complete; 6 active
PARALLEL PROGRESS: 6/30 complete; 6 active
PARALLEL PROGRESS: 6/30 complete; 6 active
PARALLEL PROGRESS: 6/30 complete; 6 active
PARALLEL PROGRESS: 6/30 complete; 6 active
PARALLEL PROGRESS: 6/30 complete; 6 active
PARALLEL PROGRESS: 6/30 complete; 6 active
PARALLEL PROGRESS: 6/30 complete; 6 active
PARALLEL PROGRESS: 6/30 complete; 6 active
PARALLEL PROGRESS: 6/30 complete; 6 active
PARALLEL PROGRESS: 6/30 complete; 6 active
PARALLEL PROGRESS: 6/30 complete; 6 active
PARALLEL PROGRESS: 6/30 complete; 6 active
PARALLEL PROGRESS: 6/30 complete; 6 active
PARALLEL PROGRESS: 6/30 complete; 6 active
PARALLEL PROGRESS: 6/30 complete; 6 active
PARALLEL PROGRESS: 6/30 complete; 6 active
PARALLEL PROGRESS: 6/30 complete; 6 active
PARALLEL PROGRESS: 6/30 complete; 6 active
PARALLEL PROGRESS: 6/30 complete; 6 active
PARALLEL PROGRESS: 6/30 complete; 6 active
PARALLEL PROGRESS: 6/30 complete; 6 active
PARALLEL PROGRESS: 6/30 complete; 6 active
PARALLEL PROGRESS: 6/30 complete; 6 active
PARALLEL PROGRESS: 6/30 complete; 6 active
PARALLEL PROGRESS: 6/30 complete; 6 active
PARALLEL PROGRESS: 6/30 complete; 6 active
PARALLEL PROGRESS: 6/30 complete; 6 active
PARALLEL PROGRESS: 6/30 complete; 6 active
PARALLEL PROGRESS: 6/30 complete; 6 active
PARALLEL PROGRESS: 6/30 complete; 6 active
PARALLEL PROGRESS: 6/30 complete; 6 active
PARALLEL PROGRESS: 6/30 complete; 6 active
PARALLEL PROGRESS: 6/30 complete; 6 active
PARALLEL PROGRESS: 6/30 complete; 6 active
PARALLEL PROGRESS: 6/30 complete; 6 active
FINISH JOB 7/30 (7 complete)
START JOB 13/30 GPU=GPU-780afb7e-e486-5609-c993-3e516926bbe4 LOG=/home/yqt/XuanyiLi/RL-for-charging/revision_results/experiment_6_gpu_parallel_2500_5seeds_90s/20260928_194517_801804/parallel_scaling_jobs/job_0012/worker.log
PARALLEL PROGRESS: 7/30 complete; 6 active
PARALLEL PROGRESS: 7/30 complete; 6 active
PARALLEL PROGRESS: 7/30 complete; 6 active
PARALLEL PROGRESS: 7/30 complete; 6 active
PARALLEL PROGRESS: 7/30 complete; 6 active
FINISH JOB 8/30 (8 complete)
START JOB 14/30 GPU=GPU-780afb7e-e486-5609-c993-3e516926bbe4 LOG=/home/yqt/XuanyiLi/RL-for-charging/revision_results/experiment_6_gpu_parallel_2500_5seeds_90s/20260928_194517_801804/parallel_scaling_jobs/job_0013/worker.log
PARALLEL PROGRESS: 8/30 complete; 6 active
PARALLEL PROGRESS: 8/30 complete; 6 active
PARALLEL PROGRESS: 8/30 complete; 6 active
PARALLEL PROGRESS: 8/30 complete; 6 active
PARALLEL PROGRESS: 8/30 complete; 6 active
PARALLEL PROGRESS: 8/30 complete; 6 active
PARALLEL PROGRESS: 8/30 complete; 6 active
PARALLEL PROGRESS: 8/30 complete; 6 active
PARALLEL PROGRESS: 8/30 complete; 6 active
FINISH JOB 9/30 (9 complete)
START JOB 15/30 GPU=GPU-fafeb67a-12cd-a2e4-9aeb-997a485c815a LOG=/home/yqt/XuanyiLi/RL-for-charging/revision_results/experiment_6_gpu_parallel_2500_5seeds_90s/20260928_194517_801804/parallel_scaling_jobs/job_0014/worker.log
PARALLEL PROGRESS: 9/30 complete; 6 active
PARALLEL PROGRESS: 9/30 complete; 6 active
PARALLEL PROGRESS: 9/30 complete; 6 active
PARALLEL PROGRESS: 9/30 complete; 6 active
PARALLEL PROGRESS: 9/30 complete; 6 active
PARALLEL PROGRESS: 9/30 complete; 6 active
PARALLEL PROGRESS: 9/30 complete; 6 active
PARALLEL PROGRESS: 9/30 complete; 6 active
PARALLEL PROGRESS: 9/30 complete; 6 active
PARALLEL PROGRESS: 9/30 complete; 6 active
PARALLEL PROGRESS: 9/30 complete; 6 active
PARALLEL PROGRESS: 9/30 complete; 6 active
PARALLEL PROGRESS: 9/30 complete; 6 active
FINISH JOB 10/30 (10 complete)
START JOB 16/30 GPU=GPU-fafeb67a-12cd-a2e4-9aeb-997a485c815a LOG=/home/yqt/XuanyiLi/RL-for-charging/revision_results/experiment_6_gpu_parallel_2500_5seeds_90s/20260928_194517_801804/parallel_scaling_jobs/job_0015/worker.log
PARALLEL PROGRESS: 10/30 complete; 6 active
PARALLEL PROGRESS: 10/30 complete; 6 active
PARALLEL PROGRESS: 10/30 complete; 6 active
PARALLEL PROGRESS: 10/30 complete; 6 active
PARALLEL PROGRESS: 10/30 complete; 6 active
PARALLEL PROGRESS: 10/30 complete; 6 active
PARALLEL PROGRESS: 10/30 complete; 6 active
PARALLEL PROGRESS: 10/30 complete; 6 active
PARALLEL PROGRESS: 10/30 complete; 6 active
PARALLEL PROGRESS: 10/30 complete; 6 active
PARALLEL PROGRESS: 10/30 complete; 6 active
PARALLEL PROGRESS: 10/30 complete; 6 active
PARALLEL PROGRESS: 10/30 complete; 6 active
PARALLEL PROGRESS: 10/30 complete; 6 active
PARALLEL PROGRESS: 10/30 complete; 6 active
PARALLEL PROGRESS: 10/30 complete; 6 active
PARALLEL PROGRESS: 10/30 complete; 6 active
PARALLEL PROGRESS: 10/30 complete; 6 active
PARALLEL PROGRESS: 10/30 complete; 6 active
PARALLEL PROGRESS: 10/30 complete; 6 active
PARALLEL PROGRESS: 10/30 complete; 6 active
PARALLEL PROGRESS: 10/30 complete; 6 active
PARALLEL PROGRESS: 10/30 complete; 6 active
PARALLEL PROGRESS: 10/30 complete; 6 active
PARALLEL PROGRESS: 10/30 complete; 6 active
PARALLEL PROGRESS: 10/30 complete; 6 active
PARALLEL PROGRESS: 10/30 complete; 6 active
PARALLEL PROGRESS: 10/30 complete; 6 active
PARALLEL PROGRESS: 10/30 complete; 6 active
PARALLEL PROGRESS: 10/30 complete; 6 active
PARALLEL PROGRESS: 10/30 complete; 6 active
PARALLEL PROGRESS: 10/30 complete; 6 active
PARALLEL PROGRESS: 10/30 complete; 6 active
PARALLEL PROGRESS: 10/30 complete; 6 active
PARALLEL PROGRESS: 10/30 complete; 6 active
PARALLEL PROGRESS: 10/30 complete; 6 active
PARALLEL PROGRESS: 10/30 complete; 6 active
PARALLEL PROGRESS: 10/30 complete; 6 active
PARALLEL PROGRESS: 10/30 complete; 6 active
PARALLEL PROGRESS: 10/30 complete; 6 active
PARALLEL PROGRESS: 10/30 complete; 6 active
PARALLEL PROGRESS: 10/30 complete; 6 active
PARALLEL PROGRESS: 10/30 complete; 6 active
PARALLEL PROGRESS: 10/30 complete; 6 active
PARALLEL PROGRESS: 10/30 complete; 6 active
PARALLEL PROGRESS: 10/30 complete; 6 active
PARALLEL PROGRESS: 10/30 complete; 6 active
PARALLEL PROGRESS: 10/30 complete; 6 active
PARALLEL PROGRESS: 10/30 complete; 6 active
PARALLEL PROGRESS: 10/30 complete; 6 active
PARALLEL PROGRESS: 10/30 complete; 6 active
PARALLEL PROGRESS: 10/30 complete; 6 active
PARALLEL PROGRESS: 10/30 complete; 6 active
PARALLEL PROGRESS: 10/30 complete; 6 active
PARALLEL PROGRESS: 10/30 complete; 6 active
PARALLEL PROGRESS: 10/30 complete; 6 active
PARALLEL PROGRESS: 10/30 complete; 6 active
PARALLEL PROGRESS: 10/30 complete; 6 active
PARALLEL PROGRESS: 10/30 complete; 6 active
PARALLEL PROGRESS: 10/30 complete; 6 active
PARALLEL PROGRESS: 10/30 complete; 6 active
PARALLEL PROGRESS: 10/30 complete; 6 active
PARALLEL PROGRESS: 10/30 complete; 6 active
PARALLEL PROGRESS: 10/30 complete; 6 active
PARALLEL PROGRESS: 10/30 complete; 6 active
PARALLEL PROGRESS: 10/30 complete; 6 active
PARALLEL PROGRESS: 10/30 complete; 6 active
PARALLEL PROGRESS: 10/30 complete; 6 active
PARALLEL PROGRESS: 10/30 complete; 6 active
PARALLEL PROGRESS: 10/30 complete; 6 active
PARALLEL PROGRESS: 10/30 complete; 6 active
PARALLEL PROGRESS: 10/30 complete; 6 active
PARALLEL PROGRESS: 10/30 complete; 6 active
PARALLEL PROGRESS: 10/30 complete; 6 active
PARALLEL PROGRESS: 10/30 complete; 6 active
PARALLEL PROGRESS: 10/30 complete; 6 active
PARALLEL PROGRESS: 10/30 complete; 6 active
PARALLEL PROGRESS: 10/30 complete; 6 active
PARALLEL PROGRESS: 10/30 complete; 6 active
PARALLEL PROGRESS: 10/30 complete; 6 active
PARALLEL PROGRESS: 10/30 complete; 6 active
PARALLEL PROGRESS: 10/30 complete; 6 active
PARALLEL PROGRESS: 10/30 complete; 6 active
PARALLEL PROGRESS: 10/30 complete; 6 active
PARALLEL PROGRESS: 10/30 complete; 6 active
PARALLEL PROGRESS: 10/30 complete; 6 active
PARALLEL PROGRESS: 10/30 complete; 6 active
PARALLEL PROGRESS: 10/30 complete; 6 active
PARALLEL PROGRESS: 10/30 complete; 6 active
PARALLEL PROGRESS: 10/30 complete; 6 active
PARALLEL PROGRESS: 10/30 complete; 6 active
PARALLEL PROGRESS: 10/30 complete; 6 active
PARALLEL PROGRESS: 10/30 complete; 6 active
PARALLEL PROGRESS: 10/30 complete; 6 active
PARALLEL PROGRESS: 10/30 complete; 6 active
PARALLEL PROGRESS: 10/30 complete; 6 active
PARALLEL PROGRESS: 10/30 complete; 6 active
PARALLEL PROGRESS: 10/30 complete; 6 active
PARALLEL PROGRESS: 10/30 complete; 6 active
PARALLEL PROGRESS: 10/30 complete; 6 active
PARALLEL PROGRESS: 10/30 complete; 6 active
PARALLEL PROGRESS: 10/30 complete; 6 active
PARALLEL PROGRESS: 10/30 complete; 6 active
PARALLEL PROGRESS: 10/30 complete; 6 active
PARALLEL PROGRESS: 10/30 complete; 6 active
PARALLEL PROGRESS: 10/30 complete; 6 active
PARALLEL PROGRESS: 10/30 complete; 6 active
PARALLEL PROGRESS: 10/30 complete; 6 active
PARALLEL PROGRESS: 10/30 complete; 6 active
PARALLEL PROGRESS: 10/30 complete; 6 active
PARALLEL PROGRESS: 10/30 complete; 6 active
PARALLEL PROGRESS: 10/30 complete; 6 active
PARALLEL PROGRESS: 10/30 complete; 6 active
PARALLEL PROGRESS: 10/30 complete; 6 active
PARALLEL PROGRESS: 10/30 complete; 6 active
PARALLEL PROGRESS: 10/30 complete; 6 active
PARALLEL PROGRESS: 10/30 complete; 6 active
PARALLEL PROGRESS: 10/30 complete; 6 active
PARALLEL PROGRESS: 10/30 complete; 6 active
PARALLEL PROGRESS: 10/30 complete; 6 active
PARALLEL PROGRESS: 10/30 complete; 6 active
PARALLEL PROGRESS: 10/30 complete; 6 active
PARALLEL PROGRESS: 10/30 complete; 6 active
PARALLEL PROGRESS: 10/30 complete; 6 active
PARALLEL PROGRESS: 10/30 complete; 6 active
PARALLEL PROGRESS: 10/30 complete; 6 active
PARALLEL PROGRESS: 10/30 complete; 6 active
PARALLEL PROGRESS: 10/30 complete; 6 active
PARALLEL PROGRESS: 10/30 complete; 6 active
PARALLEL PROGRESS: 10/30 complete; 6 active
PARALLEL PROGRESS: 10/30 complete; 6 active
PARALLEL PROGRESS: 10/30 complete; 6 active
PARALLEL PROGRESS: 10/30 complete; 6 active
PARALLEL PROGRESS: 10/30 complete; 6 active
PARALLEL PROGRESS: 10/30 complete; 6 active
PARALLEL PROGRESS: 10/30 complete; 6 active
PARALLEL PROGRESS: 10/30 complete; 6 active
PARALLEL PROGRESS: 10/30 complete; 6 active
PARALLEL PROGRESS: 10/30 complete; 6 active
PARALLEL PROGRESS: 10/30 complete; 6 active
PARALLEL PROGRESS: 10/30 complete; 6 active
PARALLEL PROGRESS: 10/30 complete; 6 active
PARALLEL PROGRESS: 10/30 complete; 6 active
PARALLEL PROGRESS: 10/30 complete; 6 active
PARALLEL PROGRESS: 10/30 complete; 6 active
PARALLEL PROGRESS: 10/30 complete; 6 active
PARALLEL PROGRESS: 10/30 complete; 6 active
PARALLEL PROGRESS: 10/30 complete; 6 active
PARALLEL PROGRESS: 10/30 complete; 6 active
PARALLEL PROGRESS: 10/30 complete; 6 active
PARALLEL PROGRESS: 10/30 complete; 6 active
PARALLEL PROGRESS: 10/30 complete; 6 active
PARALLEL PROGRESS: 10/30 complete; 6 active
PARALLEL PROGRESS: 10/30 complete; 6 active
PARALLEL PROGRESS: 10/30 complete; 6 active
PARALLEL PROGRESS: 10/30 complete; 6 active
PARALLEL PROGRESS: 10/30 complete; 6 active
PARALLEL PROGRESS: 10/30 complete; 6 active
PARALLEL PROGRESS: 10/30 complete; 6 active
PARALLEL PROGRESS: 10/30 complete; 6 active
PARALLEL PROGRESS: 10/30 complete; 6 active
PARALLEL PROGRESS: 10/30 complete; 6 active
PARALLEL PROGRESS: 10/30 complete; 6 active
PARALLEL PROGRESS: 10/30 complete; 6 active
PARALLEL PROGRESS: 10/30 complete; 6 active
PARALLEL PROGRESS: 10/30 complete; 6 active
PARALLEL PROGRESS: 10/30 complete; 6 active
PARALLEL PROGRESS: 10/30 complete; 6 active
PARALLEL PROGRESS: 10/30 complete; 6 active
PARALLEL PROGRESS: 10/30 complete; 6 active
PARALLEL PROGRESS: 10/30 complete; 6 active
PARALLEL PROGRESS: 10/30 complete; 6 active
PARALLEL PROGRESS: 10/30 complete; 6 active
PARALLEL PROGRESS: 10/30 complete; 6 active
PARALLEL PROGRESS: 10/30 complete; 6 active
PARALLEL PROGRESS: 10/30 complete; 6 active
PARALLEL PROGRESS: 10/30 complete; 6 active
PARALLEL PROGRESS: 10/30 complete; 6 active
PARALLEL PROGRESS: 10/30 complete; 6 active
PARALLEL PROGRESS: 10/30 complete; 6 active
PARALLEL PROGRESS: 10/30 complete; 6 active
PARALLEL PROGRESS: 10/30 complete; 6 active
PARALLEL PROGRESS: 10/30 complete; 6 active
PARALLEL PROGRESS: 10/30 complete; 6 active
PARALLEL PROGRESS: 10/30 complete; 6 active
PARALLEL PROGRESS: 10/30 complete; 6 active
PARALLEL PROGRESS: 10/30 complete; 6 active
PARALLEL PROGRESS: 10/30 complete; 6 active
PARALLEL PROGRESS: 10/30 complete; 6 active
PARALLEL PROGRESS: 10/30 complete; 6 active
PARALLEL PROGRESS: 10/30 complete; 6 active
PARALLEL PROGRESS: 10/30 complete; 6 active
PARALLEL PROGRESS: 10/30 complete; 6 active
PARALLEL PROGRESS: 10/30 complete; 6 active
PARALLEL PROGRESS: 10/30 complete; 6 active
PARALLEL PROGRESS: 10/30 complete; 6 active
PARALLEL PROGRESS: 10/30 complete; 6 active
PARALLEL PROGRESS: 10/30 complete; 6 active
PARALLEL PROGRESS: 10/30 complete; 6 active
PARALLEL PROGRESS: 10/30 complete; 6 active
PARALLEL PROGRESS: 10/30 complete; 6 active
PARALLEL PROGRESS: 10/30 complete; 6 active
PARALLEL PROGRESS: 10/30 complete; 6 active
PARALLEL PROGRESS: 10/30 complete; 6 active
PARALLEL PROGRESS: 10/30 complete; 6 active
PARALLEL PROGRESS: 10/30 complete; 6 active
PARALLEL PROGRESS: 10/30 complete; 6 active
PARALLEL PROGRESS: 10/30 complete; 6 active
PARALLEL PROGRESS: 10/30 complete; 6 active
PARALLEL PROGRESS: 10/30 complete; 6 active
PARALLEL PROGRESS: 10/30 complete; 6 active
PARALLEL PROGRESS: 10/30 complete; 6 active
PARALLEL PROGRESS: 10/30 complete; 6 active
PARALLEL PROGRESS: 10/30 complete; 6 active
PARALLEL PROGRESS: 10/30 complete; 6 active
PARALLEL PROGRESS: 10/30 complete; 6 active
PARALLEL PROGRESS: 10/30 complete; 6 active
PARALLEL PROGRESS: 10/30 complete; 6 active
PARALLEL PROGRESS: 10/30 complete; 6 active
FINISH JOB 11/30 (11 complete)
START JOB 17/30 GPU=GPU-fafeb67a-12cd-a2e4-9aeb-997a485c815a LOG=/home/yqt/XuanyiLi/RL-for-charging/revision_results/experiment_6_gpu_parallel_2500_5seeds_90s/20260928_194517_801804/parallel_scaling_jobs/job_0016/worker.log
PARALLEL PROGRESS: 11/30 complete; 6 active
PARALLEL PROGRESS: 11/30 complete; 6 active
PARALLEL PROGRESS: 11/30 complete; 6 active
PARALLEL PROGRESS: 11/30 complete; 6 active
PARALLEL PROGRESS: 11/30 complete; 6 active
PARALLEL PROGRESS: 11/30 complete; 6 active
PARALLEL PROGRESS: 11/30 complete; 6 active
PARALLEL PROGRESS: 11/30 complete; 6 active
PARALLEL PROGRESS: 11/30 complete; 6 active
PARALLEL PROGRESS: 11/30 complete; 6 active
PARALLEL PROGRESS: 11/30 complete; 6 active
PARALLEL PROGRESS: 11/30 complete; 6 active
PARALLEL PROGRESS: 11/30 complete; 6 active
PARALLEL PROGRESS: 11/30 complete; 6 active
PARALLEL PROGRESS: 11/30 complete; 6 active
PARALLEL PROGRESS: 11/30 complete; 6 active
PARALLEL PROGRESS: 11/30 complete; 6 active
PARALLEL PROGRESS: 11/30 complete; 6 active
PARALLEL PROGRESS: 11/30 complete; 6 active
PARALLEL PROGRESS: 11/30 complete; 6 active
PARALLEL PROGRESS: 11/30 complete; 6 active
PARALLEL PROGRESS: 11/30 complete; 6 active
PARALLEL PROGRESS: 11/30 complete; 6 active
PARALLEL PROGRESS: 11/30 complete; 6 active
PARALLEL PROGRESS: 11/30 complete; 6 active
PARALLEL PROGRESS: 11/30 complete; 6 active
PARALLEL PROGRESS: 11/30 complete; 6 active
PARALLEL PROGRESS: 11/30 complete; 6 active
PARALLEL PROGRESS: 11/30 complete; 6 active
PARALLEL PROGRESS: 11/30 complete; 6 active
PARALLEL PROGRESS: 11/30 complete; 6 active
PARALLEL PROGRESS: 11/30 complete; 6 active
PARALLEL PROGRESS: 11/30 complete; 6 active
PARALLEL PROGRESS: 11/30 complete; 6 active
PARALLEL PROGRESS: 11/30 complete; 6 active
FINISH JOB 12/30 (12 complete)
START JOB 18/30 GPU=GPU-780afb7e-e486-5609-c993-3e516926bbe4 LOG=/home/yqt/XuanyiLi/RL-for-charging/revision_results/experiment_6_gpu_parallel_2500_5seeds_90s/20260928_194517_801804/parallel_scaling_jobs/job_0017/worker.log
PARALLEL PROGRESS: 12/30 complete; 6 active
PARALLEL PROGRESS: 12/30 complete; 6 active
PARALLEL PROGRESS: 12/30 complete; 6 active
PARALLEL PROGRESS: 12/30 complete; 6 active
PARALLEL PROGRESS: 12/30 complete; 6 active
PARALLEL PROGRESS: 12/30 complete; 6 active
PARALLEL PROGRESS: 12/30 complete; 6 active
PARALLEL PROGRESS: 12/30 complete; 6 active
PARALLEL PROGRESS: 12/30 complete; 6 active
PARALLEL PROGRESS: 12/30 complete; 6 active
PARALLEL PROGRESS: 12/30 complete; 6 active
PARALLEL PROGRESS: 12/30 complete; 6 active
PARALLEL PROGRESS: 12/30 complete; 6 active
PARALLEL PROGRESS: 12/30 complete; 6 active
PARALLEL PROGRESS: 12/30 complete; 6 active
PARALLEL PROGRESS: 12/30 complete; 6 active
PARALLEL PROGRESS: 12/30 complete; 6 active
PARALLEL PROGRESS: 12/30 complete; 6 active
PARALLEL PROGRESS: 12/30 complete; 6 active
PARALLEL PROGRESS: 12/30 complete; 6 active
PARALLEL PROGRESS: 12/30 complete; 6 active
PARALLEL PROGRESS: 12/30 complete; 6 active
PARALLEL PROGRESS: 12/30 complete; 6 active
PARALLEL PROGRESS: 12/30 complete; 6 active
PARALLEL PROGRESS: 12/30 complete; 6 active
PARALLEL PROGRESS: 12/30 complete; 6 active
PARALLEL PROGRESS: 12/30 complete; 6 active
PARALLEL PROGRESS: 12/30 complete; 6 active
PARALLEL PROGRESS: 12/30 complete; 6 active
PARALLEL PROGRESS: 12/30 complete; 6 active
PARALLEL PROGRESS: 12/30 complete; 6 active
PARALLEL PROGRESS: 12/30 complete; 6 active
PARALLEL PROGRESS: 12/30 complete; 6 active
PARALLEL PROGRESS: 12/30 complete; 6 active
PARALLEL PROGRESS: 12/30 complete; 6 active
PARALLEL PROGRESS: 12/30 complete; 6 active
PARALLEL PROGRESS: 12/30 complete; 6 active
PARALLEL PROGRESS: 12/30 complete; 6 active
PARALLEL PROGRESS: 12/30 complete; 6 active
PARALLEL PROGRESS: 12/30 complete; 6 active
PARALLEL PROGRESS: 12/30 complete; 6 active
PARALLEL PROGRESS: 12/30 complete; 6 active
PARALLEL PROGRESS: 12/30 complete; 6 active
PARALLEL PROGRESS: 12/30 complete; 6 active
PARALLEL PROGRESS: 12/30 complete; 6 active
PARALLEL PROGRESS: 12/30 complete; 6 active
PARALLEL PROGRESS: 12/30 complete; 6 active
PARALLEL PROGRESS: 12/30 complete; 6 active
PARALLEL PROGRESS: 12/30 complete; 6 active
PARALLEL PROGRESS: 12/30 complete; 6 active
PARALLEL PROGRESS: 12/30 complete; 6 active
PARALLEL PROGRESS: 12/30 complete; 6 active
PARALLEL PROGRESS: 12/30 complete; 6 active
PARALLEL PROGRESS: 12/30 complete; 6 active
PARALLEL PROGRESS: 12/30 complete; 6 active
PARALLEL PROGRESS: 12/30 complete; 6 active
PARALLEL PROGRESS: 12/30 complete; 6 active
PARALLEL PROGRESS: 12/30 complete; 6 active
PARALLEL PROGRESS: 12/30 complete; 6 active
PARALLEL PROGRESS: 12/30 complete; 6 active
PARALLEL PROGRESS: 12/30 complete; 6 active
PARALLEL PROGRESS: 12/30 complete; 6 active
PARALLEL PROGRESS: 12/30 complete; 6 active
PARALLEL PROGRESS: 12/30 complete; 6 active
PARALLEL PROGRESS: 12/30 complete; 6 active
PARALLEL PROGRESS: 12/30 complete; 6 active
PARALLEL PROGRESS: 12/30 complete; 6 active
PARALLEL PROGRESS: 12/30 complete; 6 active
PARALLEL PROGRESS: 12/30 complete; 6 active
PARALLEL PROGRESS: 12/30 complete; 6 active
PARALLEL PROGRESS: 12/30 complete; 6 active
PARALLEL PROGRESS: 12/30 complete; 6 active
PARALLEL PROGRESS: 12/30 complete; 6 active
PARALLEL PROGRESS: 12/30 complete; 6 active
PARALLEL PROGRESS: 12/30 complete; 6 active
PARALLEL PROGRESS: 12/30 complete; 6 active
PARALLEL PROGRESS: 12/30 complete; 6 active
PARALLEL PROGRESS: 12/30 complete; 6 active
PARALLEL PROGRESS: 12/30 complete; 6 active
PARALLEL PROGRESS: 12/30 complete; 6 active
PARALLEL PROGRESS: 12/30 complete; 6 active
PARALLEL PROGRESS: 12/30 complete; 6 active
PARALLEL PROGRESS: 12/30 complete; 6 active
PARALLEL PROGRESS: 12/30 complete; 6 active
PARALLEL PROGRESS: 12/30 complete; 6 active
PARALLEL PROGRESS: 12/30 complete; 6 active
PARALLEL PROGRESS: 12/30 complete; 6 active
PARALLEL PROGRESS: 12/30 complete; 6 active
PARALLEL PROGRESS: 12/30 complete; 6 active
PARALLEL PROGRESS: 12/30 complete; 6 active
PARALLEL PROGRESS: 12/30 complete; 6 active
PARALLEL PROGRESS: 12/30 complete; 6 active
PARALLEL PROGRESS: 12/30 complete; 6 active
PARALLEL PROGRESS: 12/30 complete; 6 active
PARALLEL PROGRESS: 12/30 complete; 6 active
PARALLEL PROGRESS: 12/30 complete; 6 active
PARALLEL PROGRESS: 12/30 complete; 6 active
PARALLEL PROGRESS: 12/30 complete; 6 active
PARALLEL PROGRESS: 12/30 complete; 6 active
PARALLEL PROGRESS: 12/30 complete; 6 active
PARALLEL PROGRESS: 12/30 complete; 6 active
PARALLEL PROGRESS: 12/30 complete; 6 active
PARALLEL PROGRESS: 12/30 complete; 6 active
PARALLEL PROGRESS: 12/30 complete; 6 active
PARALLEL PROGRESS: 12/30 complete; 6 active
PARALLEL PROGRESS: 12/30 complete; 6 active
PARALLEL PROGRESS: 12/30 complete; 6 active
PARALLEL PROGRESS: 12/30 complete; 6 active
PARALLEL PROGRESS: 12/30 complete; 6 active
PARALLEL PROGRESS: 12/30 complete; 6 active
PARALLEL PROGRESS: 12/30 complete; 6 active
PARALLEL PROGRESS: 12/30 complete; 6 active
PARALLEL PROGRESS: 12/30 complete; 6 active
PARALLEL PROGRESS: 12/30 complete; 6 active
PARALLEL PROGRESS: 12/30 complete; 6 active
PARALLEL PROGRESS: 12/30 complete; 6 active
PARALLEL PROGRESS: 12/30 complete; 6 active
PARALLEL PROGRESS: 12/30 complete; 6 active
PARALLEL PROGRESS: 12/30 complete; 6 active
PARALLEL PROGRESS: 12/30 complete; 6 active
PARALLEL PROGRESS: 12/30 complete; 6 active
PARALLEL PROGRESS: 12/30 complete; 6 active
PARALLEL PROGRESS: 12/30 complete; 6 active
PARALLEL PROGRESS: 12/30 complete; 6 active
PARALLEL PROGRESS: 12/30 complete; 6 active
PARALLEL PROGRESS: 12/30 complete; 6 active
PARALLEL PROGRESS: 12/30 complete; 6 active
PARALLEL PROGRESS: 12/30 complete; 6 active
PARALLEL PROGRESS: 12/30 complete; 6 active
PARALLEL PROGRESS: 12/30 complete; 6 active
PARALLEL PROGRESS: 12/30 complete; 6 active
PARALLEL PROGRESS: 12/30 complete; 6 active
PARALLEL PROGRESS: 12/30 complete; 6 active
PARALLEL PROGRESS: 12/30 complete; 6 active
PARALLEL PROGRESS: 12/30 complete; 6 active
PARALLEL PROGRESS: 12/30 complete; 6 active
PARALLEL PROGRESS: 12/30 complete; 6 active
PARALLEL PROGRESS: 12/30 complete; 6 active
PARALLEL PROGRESS: 12/30 complete; 6 active
PARALLEL PROGRESS: 12/30 complete; 6 active
PARALLEL PROGRESS: 12/30 complete; 6 active
PARALLEL PROGRESS: 12/30 complete; 6 active
PARALLEL PROGRESS: 12/30 complete; 6 active
PARALLEL PROGRESS: 12/30 complete; 6 active
PARALLEL PROGRESS: 12/30 complete; 6 active
PARALLEL PROGRESS: 12/30 complete; 6 active
PARALLEL PROGRESS: 12/30 complete; 6 active
PARALLEL PROGRESS: 12/30 complete; 6 active
PARALLEL PROGRESS: 12/30 complete; 6 active
PARALLEL PROGRESS: 12/30 complete; 6 active
PARALLEL PROGRESS: 12/30 complete; 6 active
PARALLEL PROGRESS: 12/30 complete; 6 active
PARALLEL PROGRESS: 12/30 complete; 6 active
PARALLEL PROGRESS: 12/30 complete; 6 active
PARALLEL PROGRESS: 12/30 complete; 6 active
PARALLEL PROGRESS: 12/30 complete; 6 active
PARALLEL PROGRESS: 12/30 complete; 6 active
PARALLEL PROGRESS: 12/30 complete; 6 active
PARALLEL PROGRESS: 12/30 complete; 6 active
PARALLEL PROGRESS: 12/30 complete; 6 active
PARALLEL PROGRESS: 12/30 complete; 6 active
PARALLEL PROGRESS: 12/30 complete; 6 active
PARALLEL PROGRESS: 12/30 complete; 6 active
PARALLEL PROGRESS: 12/30 complete; 6 active
PARALLEL PROGRESS: 12/30 complete; 6 active
PARALLEL PROGRESS: 12/30 complete; 6 active
PARALLEL PROGRESS: 12/30 complete; 6 active
PARALLEL PROGRESS: 12/30 complete; 6 active
PARALLEL PROGRESS: 12/30 complete; 6 active
PARALLEL PROGRESS: 12/30 complete; 6 active
PARALLEL PROGRESS: 12/30 complete; 6 active
PARALLEL PROGRESS: 12/30 complete; 6 active
PARALLEL PROGRESS: 12/30 complete; 6 active
PARALLEL PROGRESS: 12/30 complete; 6 active
PARALLEL PROGRESS: 12/30 complete; 6 active
PARALLEL PROGRESS: 12/30 complete; 6 active
PARALLEL PROGRESS: 12/30 complete; 6 active
PARALLEL PROGRESS: 12/30 complete; 6 active
PARALLEL PROGRESS: 12/30 complete; 6 active
PARALLEL PROGRESS: 12/30 complete; 6 active
PARALLEL PROGRESS: 12/30 complete; 6 active
PARALLEL PROGRESS: 12/30 complete; 6 active
PARALLEL PROGRESS: 12/30 complete; 6 active
PARALLEL PROGRESS: 12/30 complete; 6 active
PARALLEL PROGRESS: 12/30 complete; 6 active
PARALLEL PROGRESS: 12/30 complete; 6 active
PARALLEL PROGRESS: 12/30 complete; 6 active
PARALLEL PROGRESS: 12/30 complete; 6 active
PARALLEL PROGRESS: 12/30 complete; 6 active
PARALLEL PROGRESS: 12/30 complete; 6 active
FINISH JOB 13/30 (13 complete)
START JOB 19/30 GPU=GPU-780afb7e-e486-5609-c993-3e516926bbe4 LOG=/home/yqt/XuanyiLi/RL-for-charging/revision_results/experiment_6_gpu_parallel_2500_5seeds_90s/20260928_194517_801804/parallel_scaling_jobs/job_0018/worker.log
PARALLEL PROGRESS: 13/30 complete; 6 active
PARALLEL PROGRESS: 13/30 complete; 6 active
PARALLEL PROGRESS: 13/30 complete; 6 active
PARALLEL PROGRESS: 13/30 complete; 6 active
PARALLEL PROGRESS: 13/30 complete; 6 active
PARALLEL PROGRESS: 13/30 complete; 6 active
PARALLEL PROGRESS: 13/30 complete; 6 active
PARALLEL PROGRESS: 13/30 complete; 6 active
PARALLEL PROGRESS: 13/30 complete; 6 active
PARALLEL PROGRESS: 13/30 complete; 6 active
PARALLEL PROGRESS: 13/30 complete; 6 active
PARALLEL PROGRESS: 13/30 complete; 6 active
PARALLEL PROGRESS: 13/30 complete; 6 active
PARALLEL PROGRESS: 13/30 complete; 6 active
PARALLEL PROGRESS: 13/30 complete; 6 active
PARALLEL PROGRESS: 13/30 complete; 6 active
PARALLEL PROGRESS: 13/30 complete; 6 active
PARALLEL PROGRESS: 13/30 complete; 6 active
PARALLEL PROGRESS: 13/30 complete; 6 active
PARALLEL PROGRESS: 13/30 complete; 6 active
PARALLEL PROGRESS: 13/30 complete; 6 active
PARALLEL PROGRESS: 13/30 complete; 6 active
PARALLEL PROGRESS: 13/30 complete; 6 active
PARALLEL PROGRESS: 13/30 complete; 6 active
PARALLEL PROGRESS: 13/30 complete; 6 active
PARALLEL PROGRESS: 13/30 complete; 6 active
PARALLEL PROGRESS: 13/30 complete; 6 active
PARALLEL PROGRESS: 13/30 complete; 6 active
PARALLEL PROGRESS: 13/30 complete; 6 active
PARALLEL PROGRESS: 13/30 complete; 6 active
PARALLEL PROGRESS: 13/30 complete; 6 active
PARALLEL PROGRESS: 13/30 complete; 6 active
PARALLEL PROGRESS: 13/30 complete; 6 active
PARALLEL PROGRESS: 13/30 complete; 6 active
PARALLEL PROGRESS: 13/30 complete; 6 active
PARALLEL PROGRESS: 13/30 complete; 6 active
PARALLEL PROGRESS: 13/30 complete; 6 active
PARALLEL PROGRESS: 13/30 complete; 6 active
PARALLEL PROGRESS: 13/30 complete; 6 active
PARALLEL PROGRESS: 13/30 complete; 6 active
PARALLEL PROGRESS: 13/30 complete; 6 active
PARALLEL PROGRESS: 13/30 complete; 6 active
PARALLEL PROGRESS: 13/30 complete; 6 active
PARALLEL PROGRESS: 13/30 complete; 6 active
PARALLEL PROGRESS: 13/30 complete; 6 active
PARALLEL PROGRESS: 13/30 complete; 6 active
PARALLEL PROGRESS: 13/30 complete; 6 active
PARALLEL PROGRESS: 13/30 complete; 6 active
PARALLEL PROGRESS: 13/30 complete; 6 active
PARALLEL PROGRESS: 13/30 complete; 6 active
PARALLEL PROGRESS: 13/30 complete; 6 active
PARALLEL PROGRESS: 13/30 complete; 6 active
PARALLEL PROGRESS: 13/30 complete; 6 active
PARALLEL PROGRESS: 13/30 complete; 6 active
PARALLEL PROGRESS: 13/30 complete; 6 active
PARALLEL PROGRESS: 13/30 complete; 6 active
PARALLEL PROGRESS: 13/30 complete; 6 active
PARALLEL PROGRESS: 13/30 complete; 6 active
PARALLEL PROGRESS: 13/30 complete; 6 active
PARALLEL PROGRESS: 13/30 complete; 6 active
PARALLEL PROGRESS: 13/30 complete; 6 active
PARALLEL PROGRESS: 13/30 complete; 6 active
PARALLEL PROGRESS: 13/30 complete; 6 active
PARALLEL PROGRESS: 13/30 complete; 6 active
PARALLEL PROGRESS: 13/30 complete; 6 active
PARALLEL PROGRESS: 13/30 complete; 6 active
PARALLEL PROGRESS: 13/30 complete; 6 active
PARALLEL PROGRESS: 13/30 complete; 6 active
PARALLEL PROGRESS: 13/30 complete; 6 active
PARALLEL PROGRESS: 13/30 complete; 6 active
FINISH JOB 16/30 (14 complete)
START JOB 20/30 GPU=GPU-fafeb67a-12cd-a2e4-9aeb-997a485c815a LOG=/home/yqt/XuanyiLi/RL-for-charging/revision_results/experiment_6_gpu_parallel_2500_5seeds_90s/20260928_194517_801804/parallel_scaling_jobs/job_0019/worker.log
PARALLEL PROGRESS: 14/30 complete; 6 active
PARALLEL PROGRESS: 14/30 complete; 6 active
PARALLEL PROGRESS: 14/30 complete; 6 active
PARALLEL PROGRESS: 14/30 complete; 6 active
PARALLEL PROGRESS: 14/30 complete; 6 active
PARALLEL PROGRESS: 14/30 complete; 6 active
PARALLEL PROGRESS: 14/30 complete; 6 active
PARALLEL PROGRESS: 14/30 complete; 6 active
PARALLEL PROGRESS: 14/30 complete; 6 active
PARALLEL PROGRESS: 14/30 complete; 6 active
PARALLEL PROGRESS: 14/30 complete; 6 active
PARALLEL PROGRESS: 14/30 complete; 6 active
PARALLEL PROGRESS: 14/30 complete; 6 active
PARALLEL PROGRESS: 14/30 complete; 6 active
PARALLEL PROGRESS: 14/30 complete; 6 active
PARALLEL PROGRESS: 14/30 complete; 6 active
PARALLEL PROGRESS: 14/30 complete; 6 active
PARALLEL PROGRESS: 14/30 complete; 6 active
PARALLEL PROGRESS: 14/30 complete; 6 active
PARALLEL PROGRESS: 14/30 complete; 6 active
PARALLEL PROGRESS: 14/30 complete; 6 active
PARALLEL PROGRESS: 14/30 complete; 6 active
PARALLEL PROGRESS: 14/30 complete; 6 active
PARALLEL PROGRESS: 14/30 complete; 6 active
PARALLEL PROGRESS: 14/30 complete; 6 active
FINISH JOB 14/30 (15 complete)
START JOB 21/30 GPU=GPU-780afb7e-e486-5609-c993-3e516926bbe4 LOG=/home/yqt/XuanyiLi/RL-for-charging/revision_results/experiment_6_gpu_parallel_2500_5seeds_90s/20260928_194517_801804/parallel_scaling_jobs/job_0020/worker.log
PARALLEL PROGRESS: 15/30 complete; 6 active
PARALLEL PROGRESS: 15/30 complete; 6 active
PARALLEL PROGRESS: 15/30 complete; 6 active
PARALLEL PROGRESS: 15/30 complete; 6 active
PARALLEL PROGRESS: 15/30 complete; 6 active
PARALLEL PROGRESS: 15/30 complete; 6 active
PARALLEL PROGRESS: 15/30 complete; 6 active
PARALLEL PROGRESS: 15/30 complete; 6 active
PARALLEL PROGRESS: 15/30 complete; 6 active
PARALLEL PROGRESS: 15/30 complete; 6 active
FINISH JOB 15/30 (16 complete)
START JOB 22/30 GPU=GPU-fafeb67a-12cd-a2e4-9aeb-997a485c815a LOG=/home/yqt/XuanyiLi/RL-for-charging/revision_results/experiment_6_gpu_parallel_2500_5seeds_90s/20260928_194517_801804/parallel_scaling_jobs/job_0021/worker.log
PARALLEL PROGRESS: 16/30 complete; 6 active
PARALLEL PROGRESS: 16/30 complete; 6 active
PARALLEL PROGRESS: 16/30 complete; 6 active
PARALLEL PROGRESS: 16/30 complete; 6 active
PARALLEL PROGRESS: 16/30 complete; 6 active
PARALLEL PROGRESS: 16/30 complete; 6 active
PARALLEL PROGRESS: 16/30 complete; 6 active
PARALLEL PROGRESS: 16/30 complete; 6 active
PARALLEL PROGRESS: 16/30 complete; 6 active
PARALLEL PROGRESS: 16/30 complete; 6 active
PARALLEL PROGRESS: 16/30 complete; 6 active
PARALLEL PROGRESS: 16/30 complete; 6 active
PARALLEL PROGRESS: 16/30 complete; 6 active
PARALLEL PROGRESS: 16/30 complete; 6 active
PARALLEL PROGRESS: 16/30 complete; 6 active
PARALLEL PROGRESS: 16/30 complete; 6 active
PARALLEL PROGRESS: 16/30 complete; 6 active
PARALLEL PROGRESS: 16/30 complete; 6 active
PARALLEL PROGRESS: 16/30 complete; 6 active
PARALLEL PROGRESS: 16/30 complete; 6 active
PARALLEL PROGRESS: 16/30 complete; 6 active
Traceback (most recent call last):
  File "/home/yqt/XuanyiLi/RL-for-charging/revision_gpu/run_study.py", line 78, in main
    result=module.run(paths.ROOT,out,cfg)
           ^^^^^^^^^^^^^^^^^^^^^^^^^^^^^^
  File "/home/yqt/XuanyiLi/RL-for-charging/revision_gpu/experiment6.py", line 367, in run
    completed=execute_jobs(jobs,out/'parallel_scaling_jobs',effective)
              ^^^^^^^^^^^^^^^^^^^^^^^^^^^^^^^^^^^^^^^^^^^^^^^^^^^^^^^^
  File "/home/yqt/XuanyiLi/RL-for-charging/revision_gpu/parallel_jobs.py", line 78, in execute_jobs
    raise RuntimeError(f'Worker {index} failed (exit {code}); inspect {folder/"worker.log"}')
RuntimeError: Worker 16 failed (exit -15); inspect /home/yqt/XuanyiLi/RL-for-charging/revision_results/experiment_6_gpu_parallel_2500_5seeds_90s/20260928_194517_801804/parallel_scaling_jobs/job_0016/worker.log
OUTPUT: /home/yqt/XuanyiLi/RL-for-charging/revision_results/experiment_6_gpu_parallel_2500_5seeds_90s/20260928_194517_801804
LEARNING DEVICE: cuda:0 NVIDIA RTX PRO 6000 Blackwell Server Edition
REUSE COMPLETED JOB: 0 /home/yqt/XuanyiLi/RL-for-charging/revision_results/experiment_6_gpu_parallel_2500_5seeds_90s/20260928_194517_801804/parallel_scaling_jobs/job_0000
REUSE COMPLETED JOB: 1 /home/yqt/XuanyiLi/RL-for-charging/revision_results/experiment_6_gpu_parallel_2500_5seeds_90s/20260928_194517_801804/parallel_scaling_jobs/job_0001
REUSE COMPLETED JOB: 2 /home/yqt/XuanyiLi/RL-for-charging/revision_results/experiment_6_gpu_parallel_2500_5seeds_90s/20260928_194517_801804/parallel_scaling_jobs/job_0002
REUSE COMPLETED JOB: 3 /home/yqt/XuanyiLi/RL-for-charging/revision_results/experiment_6_gpu_parallel_2500_5seeds_90s/20260928_194517_801804/parallel_scaling_jobs/job_0003
REUSE COMPLETED JOB: 4 /home/yqt/XuanyiLi/RL-for-charging/revision_results/experiment_6_gpu_parallel_2500_5seeds_90s/20260928_194517_801804/parallel_scaling_jobs/job_0004
REUSE COMPLETED JOB: 5 /home/yqt/XuanyiLi/RL-for-charging/revision_results/experiment_6_gpu_parallel_2500_5seeds_90s/20260928_194517_801804/parallel_scaling_jobs/job_0005
REUSE COMPLETED JOB: 6 /home/yqt/XuanyiLi/RL-for-charging/revision_results/experiment_6_gpu_parallel_2500_5seeds_90s/20260928_194517_801804/parallel_scaling_jobs/job_0006
REUSE COMPLETED JOB: 7 /home/yqt/XuanyiLi/RL-for-charging/revision_results/experiment_6_gpu_parallel_2500_5seeds_90s/20260928_194517_801804/parallel_scaling_jobs/job_0007
REUSE COMPLETED JOB: 8 /home/yqt/XuanyiLi/RL-for-charging/revision_results/experiment_6_gpu_parallel_2500_5seeds_90s/20260928_194517_801804/parallel_scaling_jobs/job_0008
REUSE COMPLETED JOB: 9 /home/yqt/XuanyiLi/RL-for-charging/revision_results/experiment_6_gpu_parallel_2500_5seeds_90s/20260928_194517_801804/parallel_scaling_jobs/job_0009
REUSE COMPLETED JOB: 10 /home/yqt/XuanyiLi/RL-for-charging/revision_results/experiment_6_gpu_parallel_2500_5seeds_90s/20260928_194517_801804/parallel_scaling_jobs/job_0010
REUSE COMPLETED JOB: 11 /home/yqt/XuanyiLi/RL-for-charging/revision_results/experiment_6_gpu_parallel_2500_5seeds_90s/20260928_194517_801804/parallel_scaling_jobs/job_0011
REUSE COMPLETED JOB: 12 /home/yqt/XuanyiLi/RL-for-charging/revision_results/experiment_6_gpu_parallel_2500_5seeds_90s/20260928_194517_801804/parallel_scaling_jobs/job_0012
REUSE COMPLETED JOB: 13 /home/yqt/XuanyiLi/RL-for-charging/revision_results/experiment_6_gpu_parallel_2500_5seeds_90s/20260928_194517_801804/parallel_scaling_jobs/job_0013
REUSE COMPLETED JOB: 14 /home/yqt/XuanyiLi/RL-for-charging/revision_results/experiment_6_gpu_parallel_2500_5seeds_90s/20260928_194517_801804/parallel_scaling_jobs/job_0014
REUSE COMPLETED JOB: 15 /home/yqt/XuanyiLi/RL-for-charging/revision_results/experiment_6_gpu_parallel_2500_5seeds_90s/20260928_194517_801804/parallel_scaling_jobs/job_0015
START JOB 17/30 GPU=GPU-fafeb67a-12cd-a2e4-9aeb-997a485c815a LOG=/home/yqt/XuanyiLi/RL-for-charging/revision_results/experiment_6_gpu_parallel_2500_5seeds_90s/20260928_194517_801804/parallel_scaling_jobs/job_0016/worker.log
START JOB 18/30 GPU=GPU-780afb7e-e486-5609-c993-3e516926bbe4 LOG=/home/yqt/XuanyiLi/RL-for-charging/revision_results/experiment_6_gpu_parallel_2500_5seeds_90s/20260928_194517_801804/parallel_scaling_jobs/job_0017/worker.log
START JOB 19/30 GPU=GPU-fafeb67a-12cd-a2e4-9aeb-997a485c815a LOG=/home/yqt/XuanyiLi/RL-for-charging/revision_results/experiment_6_gpu_parallel_2500_5seeds_90s/20260928_194517_801804/parallel_scaling_jobs/job_0018/worker.log
START JOB 20/30 GPU=GPU-780afb7e-e486-5609-c993-3e516926bbe4 LOG=/home/yqt/XuanyiLi/RL-for-charging/revision_results/experiment_6_gpu_parallel_2500_5seeds_90s/20260928_194517_801804/parallel_scaling_jobs/job_0019/worker.log
START JOB 21/30 GPU=GPU-fafeb67a-12cd-a2e4-9aeb-997a485c815a LOG=/home/yqt/XuanyiLi/RL-for-charging/revision_results/experiment_6_gpu_parallel_2500_5seeds_90s/20260928_194517_801804/parallel_scaling_jobs/job_0020/worker.log
START JOB 22/30 GPU=GPU-780afb7e-e486-5609-c993-3e516926bbe4 LOG=/home/yqt/XuanyiLi/RL-for-charging/revision_results/experiment_6_gpu_parallel_2500_5seeds_90s/20260928_194517_801804/parallel_scaling_jobs/job_0021/worker.log
PARALLEL PROGRESS: 16/30 complete; 6 active
PARALLEL PROGRESS: 16/30 complete; 6 active
PARALLEL PROGRESS: 16/30 complete; 6 active
PARALLEL PROGRESS: 16/30 complete; 6 active
PARALLEL PROGRESS: 16/30 complete; 6 active
PARALLEL PROGRESS: 16/30 complete; 6 active
PARALLEL PROGRESS: 16/30 complete; 6 active
PARALLEL PROGRESS: 16/30 complete; 6 active
PARALLEL PROGRESS: 16/30 complete; 6 active
PARALLEL PROGRESS: 16/30 complete; 6 active
PARALLEL PROGRESS: 16/30 complete; 6 active
PARALLEL PROGRESS: 16/30 complete; 6 active
PARALLEL PROGRESS: 16/30 complete; 6 active
PARALLEL PROGRESS: 16/30 complete; 6 active
PARALLEL PROGRESS: 16/30 complete; 6 active
PARALLEL PROGRESS: 16/30 complete; 6 active
PARALLEL PROGRESS: 16/30 complete; 6 active
PARALLEL PROGRESS: 16/30 complete; 6 active
PARALLEL PROGRESS: 16/30 complete; 6 active
PARALLEL PROGRESS: 16/30 complete; 6 active
PARALLEL PROGRESS: 16/30 complete; 6 active
PARALLEL PROGRESS: 16/30 complete; 6 active
PARALLEL PROGRESS: 16/30 complete; 6 active
PARALLEL PROGRESS: 16/30 complete; 6 active
PARALLEL PROGRESS: 16/30 complete; 6 active
PARALLEL PROGRESS: 16/30 complete; 6 active
PARALLEL PROGRESS: 16/30 complete; 6 active
PARALLEL PROGRESS: 16/30 complete; 6 active
PARALLEL PROGRESS: 16/30 complete; 6 active
PARALLEL PROGRESS: 16/30 complete; 6 active
PARALLEL PROGRESS: 16/30 complete; 6 active
PARALLEL PROGRESS: 16/30 complete; 6 active
PARALLEL PROGRESS: 16/30 complete; 6 active
PARALLEL PROGRESS: 16/30 complete; 6 active
PARALLEL PROGRESS: 16/30 complete; 6 active
PARALLEL PROGRESS: 16/30 complete; 6 active
PARALLEL PROGRESS: 16/30 complete; 6 active
PARALLEL PROGRESS: 16/30 complete; 6 active
PARALLEL PROGRESS: 16/30 complete; 6 active
PARALLEL PROGRESS: 16/30 complete; 6 active
PARALLEL PROGRESS: 16/30 complete; 6 active
PARALLEL PROGRESS: 16/30 complete; 6 active
PARALLEL PROGRESS: 16/30 complete; 6 active
PARALLEL PROGRESS: 16/30 complete; 6 active
PARALLEL PROGRESS: 16/30 complete; 6 active
PARALLEL PROGRESS: 16/30 complete; 6 active
PARALLEL PROGRESS: 16/30 complete; 6 active
PARALLEL PROGRESS: 16/30 complete; 6 active
PARALLEL PROGRESS: 16/30 complete; 6 active
PARALLEL PROGRESS: 16/30 complete; 6 active
PARALLEL PROGRESS: 16/30 complete; 6 active
PARALLEL PROGRESS: 16/30 complete; 6 active
PARALLEL PROGRESS: 16/30 complete; 6 active
PARALLEL PROGRESS: 16/30 complete; 6 active
PARALLEL PROGRESS: 16/30 complete; 6 active
PARALLEL PROGRESS: 16/30 complete; 6 active
PARALLEL PROGRESS: 16/30 complete; 6 active
PARALLEL PROGRESS: 16/30 complete; 6 active
PARALLEL PROGRESS: 16/30 complete; 6 active
PARALLEL PROGRESS: 16/30 complete; 6 active
PARALLEL PROGRESS: 16/30 complete; 6 active
PARALLEL PROGRESS: 16/30 complete; 6 active
PARALLEL PROGRESS: 16/30 complete; 6 active
PARALLEL PROGRESS: 16/30 complete; 6 active
PARALLEL PROGRESS: 16/30 complete; 6 active
PARALLEL PROGRESS: 16/30 complete; 6 active
PARALLEL PROGRESS: 16/30 complete; 6 active
PARALLEL PROGRESS: 16/30 complete; 6 active
PARALLEL PROGRESS: 16/30 complete; 6 active
PARALLEL PROGRESS: 16/30 complete; 6 active
PARALLEL PROGRESS: 16/30 complete; 6 active
PARALLEL PROGRESS: 16/30 complete; 6 active
PARALLEL PROGRESS: 16/30 complete; 6 active
PARALLEL PROGRESS: 16/30 complete; 6 active
PARALLEL PROGRESS: 16/30 complete; 6 active
PARALLEL PROGRESS: 16/30 complete; 6 active
PARALLEL PROGRESS: 16/30 complete; 6 active
PARALLEL PROGRESS: 16/30 complete; 6 active
PARALLEL PROGRESS: 16/30 complete; 6 active
PARALLEL PROGRESS: 16/30 complete; 6 active
PARALLEL PROGRESS: 16/30 complete; 6 active
PARALLEL PROGRESS: 16/30 complete; 6 active
PARALLEL PROGRESS: 16/30 complete; 6 active
PARALLEL PROGRESS: 16/30 complete; 6 active
PARALLEL PROGRESS: 16/30 complete; 6 active
PARALLEL PROGRESS: 16/30 complete; 6 active
PARALLEL PROGRESS: 16/30 complete; 6 active
PARALLEL PROGRESS: 16/30 complete; 6 active
PARALLEL PROGRESS: 16/30 complete; 6 active
PARALLEL PROGRESS: 16/30 complete; 6 active
PARALLEL PROGRESS: 16/30 complete; 6 active
PARALLEL PROGRESS: 16/30 complete; 6 active
PARALLEL PROGRESS: 16/30 complete; 6 active
PARALLEL PROGRESS: 16/30 complete; 6 active
PARALLEL PROGRESS: 16/30 complete; 6 active
PARALLEL PROGRESS: 16/30 complete; 6 active
PARALLEL PROGRESS: 16/30 complete; 6 active
PARALLEL PROGRESS: 16/30 complete; 6 active
PARALLEL PROGRESS: 16/30 complete; 6 active
PARALLEL PROGRESS: 16/30 complete; 6 active
PARALLEL PROGRESS: 16/30 complete; 6 active
PARALLEL PROGRESS: 16/30 complete; 6 active
PARALLEL PROGRESS: 16/30 complete; 6 active
PARALLEL PROGRESS: 16/30 complete; 6 active
PARALLEL PROGRESS: 16/30 complete; 6 active
PARALLEL PROGRESS: 16/30 complete; 6 active
PARALLEL PROGRESS: 16/30 complete; 6 active
PARALLEL PROGRESS: 16/30 complete; 6 active
PARALLEL PROGRESS: 16/30 complete; 6 active
PARALLEL PROGRESS: 16/30 complete; 6 active
PARALLEL PROGRESS: 16/30 complete; 6 active
PARALLEL PROGRESS: 16/30 complete; 6 active
PARALLEL PROGRESS: 16/30 complete; 6 active
PARALLEL PROGRESS: 16/30 complete; 6 active
PARALLEL PROGRESS: 16/30 complete; 6 active
PARALLEL PROGRESS: 16/30 complete; 6 active
PARALLEL PROGRESS: 16/30 complete; 6 active
PARALLEL PROGRESS: 16/30 complete; 6 active
PARALLEL PROGRESS: 16/30 complete; 6 active
PARALLEL PROGRESS: 16/30 complete; 6 active
PARALLEL PROGRESS: 16/30 complete; 6 active
PARALLEL PROGRESS: 16/30 complete; 6 active
PARALLEL PROGRESS: 16/30 complete; 6 active
PARALLEL PROGRESS: 16/30 complete; 6 active
PARALLEL PROGRESS: 16/30 complete; 6 active
PARALLEL PROGRESS: 16/30 complete; 6 active
PARALLEL PROGRESS: 16/30 complete; 6 active
PARALLEL PROGRESS: 16/30 complete; 6 active
PARALLEL PROGRESS: 16/30 complete; 6 active
PARALLEL PROGRESS: 16/30 complete; 6 active
PARALLEL PROGRESS: 16/30 complete; 6 active
PARALLEL PROGRESS: 16/30 complete; 6 active
PARALLEL PROGRESS: 16/30 complete; 6 active
PARALLEL PROGRESS: 16/30 complete; 6 active
PARALLEL PROGRESS: 16/30 complete; 6 active
PARALLEL PROGRESS: 16/30 complete; 6 active
PARALLEL PROGRESS: 16/30 complete; 6 active
PARALLEL PROGRESS: 16/30 complete; 6 active
PARALLEL PROGRESS: 16/30 complete; 6 active
PARALLEL PROGRESS: 16/30 complete; 6 active
PARALLEL PROGRESS: 16/30 complete; 6 active
PARALLEL PROGRESS: 16/30 complete; 6 active
PARALLEL PROGRESS: 16/30 complete; 6 active
PARALLEL PROGRESS: 16/30 complete; 6 active
PARALLEL PROGRESS: 16/30 complete; 6 active
PARALLEL PROGRESS: 16/30 complete; 6 active
PARALLEL PROGRESS: 16/30 complete; 6 active
PARALLEL PROGRESS: 16/30 complete; 6 active
PARALLEL PROGRESS: 16/30 complete; 6 active
PARALLEL PROGRESS: 16/30 complete; 6 active
PARALLEL PROGRESS: 16/30 complete; 6 active
PARALLEL PROGRESS: 16/30 complete; 6 active
PARALLEL PROGRESS: 16/30 complete; 6 active
PARALLEL PROGRESS: 16/30 complete; 6 active
PARALLEL PROGRESS: 16/30 complete; 6 active
PARALLEL PROGRESS: 16/30 complete; 6 active
PARALLEL PROGRESS: 16/30 complete; 6 active
PARALLEL PROGRESS: 16/30 complete; 6 active
PARALLEL PROGRESS: 16/30 complete; 6 active
PARALLEL PROGRESS: 16/30 complete; 6 active
PARALLEL PROGRESS: 16/30 complete; 6 active
PARALLEL PROGRESS: 16/30 complete; 6 active
PARALLEL PROGRESS: 16/30 complete; 6 active
PARALLEL PROGRESS: 16/30 complete; 6 active
PARALLEL PROGRESS: 16/30 complete; 6 active
PARALLEL PROGRESS: 16/30 complete; 6 active
PARALLEL PROGRESS: 16/30 complete; 6 active
PARALLEL PROGRESS: 16/30 complete; 6 active
PARALLEL PROGRESS: 16/30 complete; 6 active
PARALLEL PROGRESS: 16/30 complete; 6 active
PARALLEL PROGRESS: 16/30 complete; 6 active
PARALLEL PROGRESS: 16/30 complete; 6 active
PARALLEL PROGRESS: 16/30 complete; 6 active
PARALLEL PROGRESS: 16/30 complete; 6 active
PARALLEL PROGRESS: 16/30 complete; 6 active
PARALLEL PROGRESS: 16/30 complete; 6 active
PARALLEL PROGRESS: 16/30 complete; 6 active
PARALLEL PROGRESS: 16/30 complete; 6 active
PARALLEL PROGRESS: 16/30 complete; 6 active
PARALLEL PROGRESS: 16/30 complete; 6 active
PARALLEL PROGRESS: 16/30 complete; 6 active
PARALLEL PROGRESS: 16/30 complete; 6 active
PARALLEL PROGRESS: 16/30 complete; 6 active
PARALLEL PROGRESS: 16/30 complete; 6 active
PARALLEL PROGRESS: 16/30 complete; 6 active
PARALLEL PROGRESS: 16/30 complete; 6 active
PARALLEL PROGRESS: 16/30 complete; 6 active
PARALLEL PROGRESS: 16/30 complete; 6 active
PARALLEL PROGRESS: 16/30 complete; 6 active
PARALLEL PROGRESS: 16/30 complete; 6 active
PARALLEL PROGRESS: 16/30 complete; 6 active
PARALLEL PROGRESS: 16/30 complete; 6 active
PARALLEL PROGRESS: 16/30 complete; 6 active
PARALLEL PROGRESS: 16/30 complete; 6 active
PARALLEL PROGRESS: 16/30 complete; 6 active
PARALLEL PROGRESS: 16/30 complete; 6 active
PARALLEL PROGRESS: 16/30 complete; 6 active
PARALLEL PROGRESS: 16/30 complete; 6 active
PARALLEL PROGRESS: 16/30 complete; 6 active
PARALLEL PROGRESS: 16/30 complete; 6 active
PARALLEL PROGRESS: 16/30 complete; 6 active
PARALLEL PROGRESS: 16/30 complete; 6 active
PARALLEL PROGRESS: 16/30 complete; 6 active
PARALLEL PROGRESS: 16/30 complete; 6 active
PARALLEL PROGRESS: 16/30 complete; 6 active
PARALLEL PROGRESS: 16/30 complete; 6 active
PARALLEL PROGRESS: 16/30 complete; 6 active
PARALLEL PROGRESS: 16/30 complete; 6 active
PARALLEL PROGRESS: 16/30 complete; 6 active
PARALLEL PROGRESS: 16/30 complete; 6 active
PARALLEL PROGRESS: 16/30 complete; 6 active
PARALLEL PROGRESS: 16/30 complete; 6 active
PARALLEL PROGRESS: 16/30 complete; 6 active
PARALLEL PROGRESS: 16/30 complete; 6 active
PARALLEL PROGRESS: 16/30 complete; 6 active
PARALLEL PROGRESS: 16/30 complete; 6 active
PARALLEL PROGRESS: 16/30 complete; 6 active
PARALLEL PROGRESS: 16/30 complete; 6 active
PARALLEL PROGRESS: 16/30 complete; 6 active
PARALLEL PROGRESS: 16/30 complete; 6 active
PARALLEL PROGRESS: 16/30 complete; 6 active
PARALLEL PROGRESS: 16/30 complete; 6 active
PARALLEL PROGRESS: 16/30 complete; 6 active
PARALLEL PROGRESS: 16/30 complete; 6 active
PARALLEL PROGRESS: 16/30 complete; 6 active
PARALLEL PROGRESS: 16/30 complete; 6 active
PARALLEL PROGRESS: 16/30 complete; 6 active
PARALLEL PROGRESS: 16/30 complete; 6 active
PARALLEL PROGRESS: 16/30 complete; 6 active
PARALLEL PROGRESS: 16/30 complete; 6 active
PARALLEL PROGRESS: 16/30 complete; 6 active
PARALLEL PROGRESS: 16/30 complete; 6 active
PARALLEL PROGRESS: 16/30 complete; 6 active
PARALLEL PROGRESS: 16/30 complete; 6 active
PARALLEL PROGRESS: 16/30 complete; 6 active
PARALLEL PROGRESS: 16/30 complete; 6 active
PARALLEL PROGRESS: 16/30 complete; 6 active
PARALLEL PROGRESS: 16/30 complete; 6 active
PARALLEL PROGRESS: 16/30 complete; 6 active
PARALLEL PROGRESS: 16/30 complete; 6 active
PARALLEL PROGRESS: 16/30 complete; 6 active
PARALLEL PROGRESS: 16/30 complete; 6 active
PARALLEL PROGRESS: 16/30 complete; 6 active
PARALLEL PROGRESS: 16/30 complete; 6 active
PARALLEL PROGRESS: 16/30 complete; 6 active
PARALLEL PROGRESS: 16/30 complete; 6 active
PARALLEL PROGRESS: 16/30 complete; 6 active
PARALLEL PROGRESS: 16/30 complete; 6 active
PARALLEL PROGRESS: 16/30 complete; 6 active
PARALLEL PROGRESS: 16/30 complete; 6 active
PARALLEL PROGRESS: 16/30 complete; 6 active
PARALLEL PROGRESS: 16/30 complete; 6 active
PARALLEL PROGRESS: 16/30 complete; 6 active
PARALLEL PROGRESS: 16/30 complete; 6 active
PARALLEL PROGRESS: 16/30 complete; 6 active
PARALLEL PROGRESS: 16/30 complete; 6 active
PARALLEL PROGRESS: 16/30 complete; 6 active
PARALLEL PROGRESS: 16/30 complete; 6 active
PARALLEL PROGRESS: 16/30 complete; 6 active
PARALLEL PROGRESS: 16/30 complete; 6 active
PARALLEL PROGRESS: 16/30 complete; 6 active
PARALLEL PROGRESS: 16/30 complete; 6 active
PARALLEL PROGRESS: 16/30 complete; 6 active
PARALLEL PROGRESS: 16/30 complete; 6 active
PARALLEL PROGRESS: 16/30 complete; 6 active
PARALLEL PROGRESS: 16/30 complete; 6 active
PARALLEL PROGRESS: 16/30 complete; 6 active
PARALLEL PROGRESS: 16/30 complete; 6 active
PARALLEL PROGRESS: 16/30 complete; 6 active
PARALLEL PROGRESS: 16/30 complete; 6 active
PARALLEL PROGRESS: 16/30 complete; 6 active
PARALLEL PROGRESS: 16/30 complete; 6 active
PARALLEL PROGRESS: 16/30 complete; 6 active
PARALLEL PROGRESS: 16/30 complete; 6 active
PARALLEL PROGRESS: 16/30 complete; 6 active
PARALLEL PROGRESS: 16/30 complete; 6 active
PARALLEL PROGRESS: 16/30 complete; 6 active
PARALLEL PROGRESS: 16/30 complete; 6 active
PARALLEL PROGRESS: 16/30 complete; 6 active
PARALLEL PROGRESS: 16/30 complete; 6 active
PARALLEL PROGRESS: 16/30 complete; 6 active
PARALLEL PROGRESS: 16/30 complete; 6 active
PARALLEL PROGRESS: 16/30 complete; 6 active
PARALLEL PROGRESS: 16/30 complete; 6 active
PARALLEL PROGRESS: 16/30 complete; 6 active
PARALLEL PROGRESS: 16/30 complete; 6 active
PARALLEL PROGRESS: 16/30 complete; 6 active
PARALLEL PROGRESS: 16/30 complete; 6 active
PARALLEL PROGRESS: 16/30 complete; 6 active
PARALLEL PROGRESS: 16/30 complete; 6 active
PARALLEL PROGRESS: 16/30 complete; 6 active
PARALLEL PROGRESS: 16/30 complete; 6 active
PARALLEL PROGRESS: 16/30 complete; 6 active
PARALLEL PROGRESS: 16/30 complete; 6 active
PARALLEL PROGRESS: 16/30 complete; 6 active
PARALLEL PROGRESS: 16/30 complete; 6 active
PARALLEL PROGRESS: 16/30 complete; 6 active
PARALLEL PROGRESS: 16/30 complete; 6 active
PARALLEL PROGRESS: 16/30 complete; 6 active
PARALLEL PROGRESS: 16/30 complete; 6 active
PARALLEL PROGRESS: 16/30 complete; 6 active
PARALLEL PROGRESS: 16/30 complete; 6 active
PARALLEL PROGRESS: 16/30 complete; 6 active
PARALLEL PROGRESS: 16/30 complete; 6 active
PARALLEL PROGRESS: 16/30 complete; 6 active
PARALLEL PROGRESS: 16/30 complete; 6 active
PARALLEL PROGRESS: 16/30 complete; 6 active
PARALLEL PROGRESS: 16/30 complete; 6 active
PARALLEL PROGRESS: 16/30 complete; 6 active
PARALLEL PROGRESS: 16/30 complete; 6 active
PARALLEL PROGRESS: 16/30 complete; 6 active
PARALLEL PROGRESS: 16/30 complete; 6 active
PARALLEL PROGRESS: 16/30 complete; 6 active
PARALLEL PROGRESS: 16/30 complete; 6 active
PARALLEL PROGRESS: 16/30 complete; 6 active
PARALLEL PROGRESS: 16/30 complete; 6 active
PARALLEL PROGRESS: 16/30 complete; 6 active
PARALLEL PROGRESS: 16/30 complete; 6 active
PARALLEL PROGRESS: 16/30 complete; 6 active
PARALLEL PROGRESS: 16/30 complete; 6 active
PARALLEL PROGRESS: 16/30 complete; 6 active
PARALLEL PROGRESS: 16/30 complete; 6 active
PARALLEL PROGRESS: 16/30 complete; 6 active
PARALLEL PROGRESS: 16/30 complete; 6 active
PARALLEL PROGRESS: 16/30 complete; 6 active
PARALLEL PROGRESS: 16/30 complete; 6 active
PARALLEL PROGRESS: 16/30 complete; 6 active
PARALLEL PROGRESS: 16/30 complete; 6 active
PARALLEL PROGRESS: 16/30 complete; 6 active
PARALLEL PROGRESS: 16/30 complete; 6 active
PARALLEL PROGRESS: 16/30 complete; 6 active
PARALLEL PROGRESS: 16/30 complete; 6 active
PARALLEL PROGRESS: 16/30 complete; 6 active
PARALLEL PROGRESS: 16/30 complete; 6 active
PARALLEL PROGRESS: 16/30 complete; 6 active
PARALLEL PROGRESS: 16/30 complete; 6 active
PARALLEL PROGRESS: 16/30 complete; 6 active
PARALLEL PROGRESS: 16/30 complete; 6 active
PARALLEL PROGRESS: 16/30 complete; 6 active
PARALLEL PROGRESS: 16/30 complete; 6 active
PARALLEL PROGRESS: 16/30 complete; 6 active
PARALLEL PROGRESS: 16/30 complete; 6 active
PARALLEL PROGRESS: 16/30 complete; 6 active
PARALLEL PROGRESS: 16/30 complete; 6 active
PARALLEL PROGRESS: 16/30 complete; 6 active
PARALLEL PROGRESS: 16/30 complete; 6 active
PARALLEL PROGRESS: 16/30 complete; 6 active
PARALLEL PROGRESS: 16/30 complete; 6 active
PARALLEL PROGRESS: 16/30 complete; 6 active
PARALLEL PROGRESS: 16/30 complete; 6 active
PARALLEL PROGRESS: 16/30 complete; 6 active
PARALLEL PROGRESS: 16/30 complete; 6 active
PARALLEL PROGRESS: 16/30 complete; 6 active
PARALLEL PROGRESS: 16/30 complete; 6 active
PARALLEL PROGRESS: 16/30 complete; 6 active
PARALLEL PROGRESS: 16/30 complete; 6 active
PARALLEL PROGRESS: 16/30 complete; 6 active
PARALLEL PROGRESS: 16/30 complete; 6 active
PARALLEL PROGRESS: 16/30 complete; 6 active
PARALLEL PROGRESS: 16/30 complete; 6 active
PARALLEL PROGRESS: 16/30 complete; 6 active
PARALLEL PROGRESS: 16/30 complete; 6 active
PARALLEL PROGRESS: 16/30 complete; 6 active
PARALLEL PROGRESS: 16/30 complete; 6 active
PARALLEL PROGRESS: 16/30 complete; 6 active
PARALLEL PROGRESS: 16/30 complete; 6 active
PARALLEL PROGRESS: 16/30 complete; 6 active
PARALLEL PROGRESS: 16/30 complete; 6 active
PARALLEL PROGRESS: 16/30 complete; 6 active
PARALLEL PROGRESS: 16/30 complete; 6 active
PARALLEL PROGRESS: 16/30 complete; 6 active
PARALLEL PROGRESS: 16/30 complete; 6 active
PARALLEL PROGRESS: 16/30 complete; 6 active
PARALLEL PROGRESS: 16/30 complete; 6 active
PARALLEL PROGRESS: 16/30 complete; 6 active
PARALLEL PROGRESS: 16/30 complete; 6 active
PARALLEL PROGRESS: 16/30 complete; 6 active
PARALLEL PROGRESS: 16/30 complete; 6 active
PARALLEL PROGRESS: 16/30 complete; 6 active
PARALLEL PROGRESS: 16/30 complete; 6 active
PARALLEL PROGRESS: 16/30 complete; 6 active
PARALLEL PROGRESS: 16/30 complete; 6 active
PARALLEL PROGRESS: 16/30 complete; 6 active
PARALLEL PROGRESS: 16/30 complete; 6 active
PARALLEL PROGRESS: 16/30 complete; 6 active
PARALLEL PROGRESS: 16/30 complete; 6 active
PARALLEL PROGRESS: 16/30 complete; 6 active
PARALLEL PROGRESS: 16/30 complete; 6 active
PARALLEL PROGRESS: 16/30 complete; 6 active
PARALLEL PROGRESS: 16/30 complete; 6 active
PARALLEL PROGRESS: 16/30 complete; 6 active
PARALLEL PROGRESS: 16/30 complete; 6 active
PARALLEL PROGRESS: 16/30 complete; 6 active
PARALLEL PROGRESS: 16/30 complete; 6 active
PARALLEL PROGRESS: 16/30 complete; 6 active
PARALLEL PROGRESS: 16/30 complete; 6 active
PARALLEL PROGRESS: 16/30 complete; 6 active
PARALLEL PROGRESS: 16/30 complete; 6 active
PARALLEL PROGRESS: 16/30 complete; 6 active
PARALLEL PROGRESS: 16/30 complete; 6 active
PARALLEL PROGRESS: 16/30 complete; 6 active
PARALLEL PROGRESS: 16/30 complete; 6 active
PARALLEL PROGRESS: 16/30 complete; 6 active
PARALLEL PROGRESS: 16/30 complete; 6 active
PARALLEL PROGRESS: 16/30 complete; 6 active
PARALLEL PROGRESS: 16/30 complete; 6 active
PARALLEL PROGRESS: 16/30 complete; 6 active
PARALLEL PROGRESS: 16/30 complete; 6 active
PARALLEL PROGRESS: 16/30 complete; 6 active
PARALLEL PROGRESS: 16/30 complete; 6 active
PARALLEL PROGRESS: 16/30 complete; 6 active
PARALLEL PROGRESS: 16/30 complete; 6 active
PARALLEL PROGRESS: 16/30 complete; 6 active
PARALLEL PROGRESS: 16/30 complete; 6 active
PARALLEL PROGRESS: 16/30 complete; 6 active
PARALLEL PROGRESS: 16/30 complete; 6 active
PARALLEL PROGRESS: 16/30 complete; 6 active
PARALLEL PROGRESS: 16/30 complete; 6 active
PARALLEL PROGRESS: 16/30 complete; 6 active
PARALLEL PROGRESS: 16/30 complete; 6 active
PARALLEL PROGRESS: 16/30 complete; 6 active
PARALLEL PROGRESS: 16/30 complete; 6 active
PARALLEL PROGRESS: 16/30 complete; 6 active
PARALLEL PROGRESS: 16/30 complete; 6 active
PARALLEL PROGRESS: 16/30 complete; 6 active
PARALLEL PROGRESS: 16/30 complete; 6 active
PARALLEL PROGRESS: 16/30 complete; 6 active
PARALLEL PROGRESS: 16/30 complete; 6 active
PARALLEL PROGRESS: 16/30 complete; 6 active
PARALLEL PROGRESS: 16/30 complete; 6 active
PARALLEL PROGRESS: 16/30 complete; 6 active
PARALLEL PROGRESS: 16/30 complete; 6 active
PARALLEL PROGRESS: 16/30 complete; 6 active
PARALLEL PROGRESS: 16/30 complete; 6 active
PARALLEL PROGRESS: 16/30 complete; 6 active
PARALLEL PROGRESS: 16/30 complete; 6 active
PARALLEL PROGRESS: 16/30 complete; 6 active
PARALLEL PROGRESS: 16/30 complete; 6 active
PARALLEL PROGRESS: 16/30 complete; 6 active
PARALLEL PROGRESS: 16/30 complete; 6 active
PARALLEL PROGRESS: 16/30 complete; 6 active
PARALLEL PROGRESS: 16/30 complete; 6 active
PARALLEL PROGRESS: 16/30 complete; 6 active
PARALLEL PROGRESS: 16/30 complete; 6 active
PARALLEL PROGRESS: 16/30 complete; 6 active
PARALLEL PROGRESS: 16/30 complete; 6 active
PARALLEL PROGRESS: 16/30 complete; 6 active
PARALLEL PROGRESS: 16/30 complete; 6 active
PARALLEL PROGRESS: 16/30 complete; 6 active
PARALLEL PROGRESS: 16/30 complete; 6 active
PARALLEL PROGRESS: 16/30 complete; 6 active
PARALLEL PROGRESS: 16/30 complete; 6 active
PARALLEL PROGRESS: 16/30 complete; 6 active
PARALLEL PROGRESS: 16/30 complete; 6 active
PARALLEL PROGRESS: 16/30 complete; 6 active
PARALLEL PROGRESS: 16/30 complete; 6 active
PARALLEL PROGRESS: 16/30 complete; 6 active
PARALLEL PROGRESS: 16/30 complete; 6 active
PARALLEL PROGRESS: 16/30 complete; 6 active
PARALLEL PROGRESS: 16/30 complete; 6 active
PARALLEL PROGRESS: 16/30 complete; 6 active
PARALLEL PROGRESS: 16/30 complete; 6 active
PARALLEL PROGRESS: 16/30 complete; 6 active
PARALLEL PROGRESS: 16/30 complete; 6 active
PARALLEL PROGRESS: 16/30 complete; 6 active
PARALLEL PROGRESS: 16/30 complete; 6 active
PARALLEL PROGRESS: 16/30 complete; 6 active
PARALLEL PROGRESS: 16/30 complete; 6 active
PARALLEL PROGRESS: 16/30 complete; 6 active
PARALLEL PROGRESS: 16/30 complete; 6 active
PARALLEL PROGRESS: 16/30 complete; 6 active
PARALLEL PROGRESS: 16/30 complete; 6 active
PARALLEL PROGRESS: 16/30 complete; 6 active
PARALLEL PROGRESS: 16/30 complete; 6 active
PARALLEL PROGRESS: 16/30 complete; 6 active
PARALLEL PROGRESS: 16/30 complete; 6 active
PARALLEL PROGRESS: 16/30 complete; 6 active
PARALLEL PROGRESS: 16/30 complete; 6 active
PARALLEL PROGRESS: 16/30 complete; 6 active
PARALLEL PROGRESS: 16/30 complete; 6 active
PARALLEL PROGRESS: 16/30 complete; 6 active
PARALLEL PROGRESS: 16/30 complete; 6 active
FINISH JOB 20/30 (17 complete)
START JOB 23/30 GPU=GPU-780afb7e-e486-5609-c993-3e516926bbe4 LOG=/home/yqt/XuanyiLi/RL-for-charging/revision_results/experiment_6_gpu_parallel_2500_5seeds_90s/20260928_194517_801804/parallel_scaling_jobs/job_0022/worker.log
PARALLEL PROGRESS: 17/30 complete; 6 active
PARALLEL PROGRESS: 17/30 complete; 6 active
PARALLEL PROGRESS: 17/30 complete; 6 active
PARALLEL PROGRESS: 17/30 complete; 6 active
PARALLEL PROGRESS: 17/30 complete; 6 active
PARALLEL PROGRESS: 17/30 complete; 6 active
PARALLEL PROGRESS: 17/30 complete; 6 active
PARALLEL PROGRESS: 17/30 complete; 6 active
PARALLEL PROGRESS: 17/30 complete; 6 active
FINISH JOB 19/30 (18 complete)
START JOB 24/30 GPU=GPU-fafeb67a-12cd-a2e4-9aeb-997a485c815a LOG=/home/yqt/XuanyiLi/RL-for-charging/revision_results/experiment_6_gpu_parallel_2500_5seeds_90s/20260928_194517_801804/parallel_scaling_jobs/job_0023/worker.log
PARALLEL PROGRESS: 18/30 complete; 6 active
PARALLEL PROGRESS: 18/30 complete; 6 active
FINISH JOB 17/30 (19 complete)
START JOB 25/30 GPU=GPU-fafeb67a-12cd-a2e4-9aeb-997a485c815a LOG=/home/yqt/XuanyiLi/RL-for-charging/revision_results/experiment_6_gpu_parallel_2500_5seeds_90s/20260928_194517_801804/parallel_scaling_jobs/job_0024/worker.log
PARALLEL PROGRESS: 19/30 complete; 6 active
PARALLEL PROGRESS: 19/30 complete; 6 active
FINISH JOB 18/30 (20 complete)
START JOB 26/30 GPU=GPU-780afb7e-e486-5609-c993-3e516926bbe4 LOG=/home/yqt/XuanyiLi/RL-for-charging/revision_results/experiment_6_gpu_parallel_2500_5seeds_90s/20260928_194517_801804/parallel_scaling_jobs/job_0025/worker.log
PARALLEL PROGRESS: 20/30 complete; 6 active
PARALLEL PROGRESS: 20/30 complete; 6 active
PARALLEL PROGRESS: 20/30 complete; 6 active
PARALLEL PROGRESS: 20/30 complete; 6 active
PARALLEL PROGRESS: 20/30 complete; 6 active
PARALLEL PROGRESS: 20/30 complete; 6 active
PARALLEL PROGRESS: 20/30 complete; 6 active
PARALLEL PROGRESS: 20/30 complete; 6 active
PARALLEL PROGRESS: 20/30 complete; 6 active
PARALLEL PROGRESS: 20/30 complete; 6 active
PARALLEL PROGRESS: 20/30 complete; 6 active
PARALLEL PROGRESS: 20/30 complete; 6 active
PARALLEL PROGRESS: 20/30 complete; 6 active
PARALLEL PROGRESS: 20/30 complete; 6 active
PARALLEL PROGRESS: 20/30 complete; 6 active
PARALLEL PROGRESS: 20/30 complete; 6 active
PARALLEL PROGRESS: 20/30 complete; 6 active
PARALLEL PROGRESS: 20/30 complete; 6 active
PARALLEL PROGRESS: 20/30 complete; 6 active
PARALLEL PROGRESS: 20/30 complete; 6 active
PARALLEL PROGRESS: 20/30 complete; 6 active
PARALLEL PROGRESS: 20/30 complete; 6 active
PARALLEL PROGRESS: 20/30 complete; 6 active
PARALLEL PROGRESS: 20/30 complete; 6 active
PARALLEL PROGRESS: 20/30 complete; 6 active
PARALLEL PROGRESS: 20/30 complete; 6 active
PARALLEL PROGRESS: 20/30 complete; 6 active
PARALLEL PROGRESS: 20/30 complete; 6 active
PARALLEL PROGRESS: 20/30 complete; 6 active
PARALLEL PROGRESS: 20/30 complete; 6 active
PARALLEL PROGRESS: 20/30 complete; 6 active
PARALLEL PROGRESS: 20/30 complete; 6 active
PARALLEL PROGRESS: 20/30 complete; 6 active
PARALLEL PROGRESS: 20/30 complete; 6 active
PARALLEL PROGRESS: 20/30 complete; 6 active
PARALLEL PROGRESS: 20/30 complete; 6 active
PARALLEL PROGRESS: 20/30 complete; 6 active
PARALLEL PROGRESS: 20/30 complete; 6 active
PARALLEL PROGRESS: 20/30 complete; 6 active
PARALLEL PROGRESS: 20/30 complete; 6 active
PARALLEL PROGRESS: 20/30 complete; 6 active
PARALLEL PROGRESS: 20/30 complete; 6 active
PARALLEL PROGRESS: 20/30 complete; 6 active
PARALLEL PROGRESS: 20/30 complete; 6 active
PARALLEL PROGRESS: 20/30 complete; 6 active
PARALLEL PROGRESS: 20/30 complete; 6 active
PARALLEL PROGRESS: 20/30 complete; 6 active
PARALLEL PROGRESS: 20/30 complete; 6 active
PARALLEL PROGRESS: 20/30 complete; 6 active
PARALLEL PROGRESS: 20/30 complete; 6 active
PARALLEL PROGRESS: 20/30 complete; 6 active
PARALLEL PROGRESS: 20/30 complete; 6 active
PARALLEL PROGRESS: 20/30 complete; 6 active
PARALLEL PROGRESS: 20/30 complete; 6 active
PARALLEL PROGRESS: 20/30 complete; 6 active
PARALLEL PROGRESS: 20/30 complete; 6 active
PARALLEL PROGRESS: 20/30 complete; 6 active
PARALLEL PROGRESS: 20/30 complete; 6 active
PARALLEL PROGRESS: 20/30 complete; 6 active
PARALLEL PROGRESS: 20/30 complete; 6 active
PARALLEL PROGRESS: 20/30 complete; 6 active
PARALLEL PROGRESS: 20/30 complete; 6 active
PARALLEL PROGRESS: 20/30 complete; 6 active
PARALLEL PROGRESS: 20/30 complete; 6 active
PARALLEL PROGRESS: 20/30 complete; 6 active
PARALLEL PROGRESS: 20/30 complete; 6 active
PARALLEL PROGRESS: 20/30 complete; 6 active
PARALLEL PROGRESS: 20/30 complete; 6 active
PARALLEL PROGRESS: 20/30 complete; 6 active
PARALLEL PROGRESS: 20/30 complete; 6 active
PARALLEL PROGRESS: 20/30 complete; 6 active
PARALLEL PROGRESS: 20/30 complete; 6 active
PARALLEL PROGRESS: 20/30 complete; 6 active
PARALLEL PROGRESS: 20/30 complete; 6 active
PARALLEL PROGRESS: 20/30 complete; 6 active
PARALLEL PROGRESS: 20/30 complete; 6 active
PARALLEL PROGRESS: 20/30 complete; 6 active
PARALLEL PROGRESS: 20/30 complete; 6 active
PARALLEL PROGRESS: 20/30 complete; 6 active
PARALLEL PROGRESS: 20/30 complete; 6 active
PARALLEL PROGRESS: 20/30 complete; 6 active
PARALLEL PROGRESS: 20/30 complete; 6 active
PARALLEL PROGRESS: 20/30 complete; 6 active
PARALLEL PROGRESS: 20/30 complete; 6 active
PARALLEL PROGRESS: 20/30 complete; 6 active
PARALLEL PROGRESS: 20/30 complete; 6 active
PARALLEL PROGRESS: 20/30 complete; 6 active
PARALLEL PROGRESS: 20/30 complete; 6 active
PARALLEL PROGRESS: 20/30 complete; 6 active
PARALLEL PROGRESS: 20/30 complete; 6 active
PARALLEL PROGRESS: 20/30 complete; 6 active
PARALLEL PROGRESS: 20/30 complete; 6 active
PARALLEL PROGRESS: 20/30 complete; 6 active
PARALLEL PROGRESS: 20/30 complete; 6 active
PARALLEL PROGRESS: 20/30 complete; 6 active
PARALLEL PROGRESS: 20/30 complete; 6 active
PARALLEL PROGRESS: 20/30 complete; 6 active
PARALLEL PROGRESS: 20/30 complete; 6 active
PARALLEL PROGRESS: 20/30 complete; 6 active
PARALLEL PROGRESS: 20/30 complete; 6 active
PARALLEL PROGRESS: 20/30 complete; 6 active
PARALLEL PROGRESS: 20/30 complete; 6 active
PARALLEL PROGRESS: 20/30 complete; 6 active
PARALLEL PROGRESS: 20/30 complete; 6 active
PARALLEL PROGRESS: 20/30 complete; 6 active
PARALLEL PROGRESS: 20/30 complete; 6 active
PARALLEL PROGRESS: 20/30 complete; 6 active
PARALLEL PROGRESS: 20/30 complete; 6 active
PARALLEL PROGRESS: 20/30 complete; 6 active
PARALLEL PROGRESS: 20/30 complete; 6 active
PARALLEL PROGRESS: 20/30 complete; 6 active
PARALLEL PROGRESS: 20/30 complete; 6 active
PARALLEL PROGRESS: 20/30 complete; 6 active
PARALLEL PROGRESS: 20/30 complete; 6 active
PARALLEL PROGRESS: 20/30 complete; 6 active
PARALLEL PROGRESS: 20/30 complete; 6 active
PARALLEL PROGRESS: 20/30 complete; 6 active
PARALLEL PROGRESS: 20/30 complete; 6 active
PARALLEL PROGRESS: 20/30 complete; 6 active
PARALLEL PROGRESS: 20/30 complete; 6 active
PARALLEL PROGRESS: 20/30 complete; 6 active
PARALLEL PROGRESS: 20/30 complete; 6 active
PARALLEL PROGRESS: 20/30 complete; 6 active
PARALLEL PROGRESS: 20/30 complete; 6 active
PARALLEL PROGRESS: 20/30 complete; 6 active
PARALLEL PROGRESS: 20/30 complete; 6 active
PARALLEL PROGRESS: 20/30 complete; 6 active
PARALLEL PROGRESS: 20/30 complete; 6 active
PARALLEL PROGRESS: 20/30 complete; 6 active
PARALLEL PROGRESS: 20/30 complete; 6 active
PARALLEL PROGRESS: 20/30 complete; 6 active
PARALLEL PROGRESS: 20/30 complete; 6 active
PARALLEL PROGRESS: 20/30 complete; 6 active
PARALLEL PROGRESS: 20/30 complete; 6 active
PARALLEL PROGRESS: 20/30 complete; 6 active
PARALLEL PROGRESS: 20/30 complete; 6 active
PARALLEL PROGRESS: 20/30 complete; 6 active
PARALLEL PROGRESS: 20/30 complete; 6 active
PARALLEL PROGRESS: 20/30 complete; 6 active
PARALLEL PROGRESS: 20/30 complete; 6 active
PARALLEL PROGRESS: 20/30 complete; 6 active
PARALLEL PROGRESS: 20/30 complete; 6 active
PARALLEL PROGRESS: 20/30 complete; 6 active
PARALLEL PROGRESS: 20/30 complete; 6 active
PARALLEL PROGRESS: 20/30 complete; 6 active
PARALLEL PROGRESS: 20/30 complete; 6 active
PARALLEL PROGRESS: 20/30 complete; 6 active
PARALLEL PROGRESS: 20/30 complete; 6 active
PARALLEL PROGRESS: 20/30 complete; 6 active
PARALLEL PROGRESS: 20/30 complete; 6 active
PARALLEL PROGRESS: 20/30 complete; 6 active
PARALLEL PROGRESS: 20/30 complete; 6 active
PARALLEL PROGRESS: 20/30 complete; 6 active
PARALLEL PROGRESS: 20/30 complete; 6 active
PARALLEL PROGRESS: 20/30 complete; 6 active
PARALLEL PROGRESS: 20/30 complete; 6 active
PARALLEL PROGRESS: 20/30 complete; 6 active
PARALLEL PROGRESS: 20/30 complete; 6 active
PARALLEL PROGRESS: 20/30 complete; 6 active
PARALLEL PROGRESS: 20/30 complete; 6 active
PARALLEL PROGRESS: 20/30 complete; 6 active
PARALLEL PROGRESS: 20/30 complete; 6 active
PARALLEL PROGRESS: 20/30 complete; 6 active
PARALLEL PROGRESS: 20/30 complete; 6 active
PARALLEL PROGRESS: 20/30 complete; 6 active
PARALLEL PROGRESS: 20/30 complete; 6 active
PARALLEL PROGRESS: 20/30 complete; 6 active
PARALLEL PROGRESS: 20/30 complete; 6 active
PARALLEL PROGRESS: 20/30 complete; 6 active
PARALLEL PROGRESS: 20/30 complete; 6 active
PARALLEL PROGRESS: 20/30 complete; 6 active
PARALLEL PROGRESS: 20/30 complete; 6 active
PARALLEL PROGRESS: 20/30 complete; 6 active
PARALLEL PROGRESS: 20/30 complete; 6 active
PARALLEL PROGRESS: 20/30 complete; 6 active
PARALLEL PROGRESS: 20/30 complete; 6 active
PARALLEL PROGRESS: 20/30 complete; 6 active
PARALLEL PROGRESS: 20/30 complete; 6 active
PARALLEL PROGRESS: 20/30 complete; 6 active
PARALLEL PROGRESS: 20/30 complete; 6 active
PARALLEL PROGRESS: 20/30 complete; 6 active
PARALLEL PROGRESS: 20/30 complete; 6 active
PARALLEL PROGRESS: 20/30 complete; 6 active
PARALLEL PROGRESS: 20/30 complete; 6 active
PARALLEL PROGRESS: 20/30 complete; 6 active
PARALLEL PROGRESS: 20/30 complete; 6 active
PARALLEL PROGRESS: 20/30 complete; 6 active
PARALLEL PROGRESS: 20/30 complete; 6 active
PARALLEL PROGRESS: 20/30 complete; 6 active
PARALLEL PROGRESS: 20/30 complete; 6 active
PARALLEL PROGRESS: 20/30 complete; 6 active
PARALLEL PROGRESS: 20/30 complete; 6 active
PARALLEL PROGRESS: 20/30 complete; 6 active
PARALLEL PROGRESS: 20/30 complete; 6 active
PARALLEL PROGRESS: 20/30 complete; 6 active
PARALLEL PROGRESS: 20/30 complete; 6 active
PARALLEL PROGRESS: 20/30 complete; 6 active
PARALLEL PROGRESS: 20/30 complete; 6 active
PARALLEL PROGRESS: 20/30 complete; 6 active
PARALLEL PROGRESS: 20/30 complete; 6 active
PARALLEL PROGRESS: 20/30 complete; 6 active
PARALLEL PROGRESS: 20/30 complete; 6 active
PARALLEL PROGRESS: 20/30 complete; 6 active
PARALLEL PROGRESS: 20/30 complete; 6 active
PARALLEL PROGRESS: 20/30 complete; 6 active
PARALLEL PROGRESS: 20/30 complete; 6 active
PARALLEL PROGRESS: 20/30 complete; 6 active
PARALLEL PROGRESS: 20/30 complete; 6 active
PARALLEL PROGRESS: 20/30 complete; 6 active
PARALLEL PROGRESS: 20/30 complete; 6 active
PARALLEL PROGRESS: 20/30 complete; 6 active
PARALLEL PROGRESS: 20/30 complete; 6 active
PARALLEL PROGRESS: 20/30 complete; 6 active
PARALLEL PROGRESS: 20/30 complete; 6 active
PARALLEL PROGRESS: 20/30 complete; 6 active
PARALLEL PROGRESS: 20/30 complete; 6 active
PARALLEL PROGRESS: 20/30 complete; 6 active
PARALLEL PROGRESS: 20/30 complete; 6 active
PARALLEL PROGRESS: 20/30 complete; 6 active
PARALLEL PROGRESS: 20/30 complete; 6 active
PARALLEL PROGRESS: 20/30 complete; 6 active
PARALLEL PROGRESS: 20/30 complete; 6 active
PARALLEL PROGRESS: 20/30 complete; 6 active
PARALLEL PROGRESS: 20/30 complete; 6 active
PARALLEL PROGRESS: 20/30 complete; 6 active
PARALLEL PROGRESS: 20/30 complete; 6 active
PARALLEL PROGRESS: 20/30 complete; 6 active
PARALLEL PROGRESS: 20/30 complete; 6 active
PARALLEL PROGRESS: 20/30 complete; 6 active
PARALLEL PROGRESS: 20/30 complete; 6 active
PARALLEL PROGRESS: 20/30 complete; 6 active
PARALLEL PROGRESS: 20/30 complete; 6 active
PARALLEL PROGRESS: 20/30 complete; 6 active
PARALLEL PROGRESS: 20/30 complete; 6 active
PARALLEL PROGRESS: 20/30 complete; 6 active
PARALLEL PROGRESS: 20/30 complete; 6 active
PARALLEL PROGRESS: 20/30 complete; 6 active
PARALLEL PROGRESS: 20/30 complete; 6 active
PARALLEL PROGRESS: 20/30 complete; 6 active
PARALLEL PROGRESS: 20/30 complete; 6 active
PARALLEL PROGRESS: 20/30 complete; 6 active
PARALLEL PROGRESS: 20/30 complete; 6 active
PARALLEL PROGRESS: 20/30 complete; 6 active
PARALLEL PROGRESS: 20/30 complete; 6 active
PARALLEL PROGRESS: 20/30 complete; 6 active
PARALLEL PROGRESS: 20/30 complete; 6 active
PARALLEL PROGRESS: 20/30 complete; 6 active
PARALLEL PROGRESS: 20/30 complete; 6 active
PARALLEL PROGRESS: 20/30 complete; 6 active
PARALLEL PROGRESS: 20/30 complete; 6 active
PARALLEL PROGRESS: 20/30 complete; 6 active
PARALLEL PROGRESS: 20/30 complete; 6 active
PARALLEL PROGRESS: 20/30 complete; 6 active
PARALLEL PROGRESS: 20/30 complete; 6 active
PARALLEL PROGRESS: 20/30 complete; 6 active
PARALLEL PROGRESS: 20/30 complete; 6 active
PARALLEL PROGRESS: 20/30 complete; 6 active
PARALLEL PROGRESS: 20/30 complete; 6 active
PARALLEL PROGRESS: 20/30 complete; 6 active
PARALLEL PROGRESS: 20/30 complete; 6 active
PARALLEL PROGRESS: 20/30 complete; 6 active
PARALLEL PROGRESS: 20/30 complete; 6 active
PARALLEL PROGRESS: 20/30 complete; 6 active
PARALLEL PROGRESS: 20/30 complete; 6 active
PARALLEL PROGRESS: 20/30 complete; 6 active
PARALLEL PROGRESS: 20/30 complete; 6 active
PARALLEL PROGRESS: 20/30 complete; 6 active
PARALLEL PROGRESS: 20/30 complete; 6 active
PARALLEL PROGRESS: 20/30 complete; 6 active
PARALLEL PROGRESS: 20/30 complete; 6 active
PARALLEL PROGRESS: 20/30 complete; 6 active
PARALLEL PROGRESS: 20/30 complete; 6 active
PARALLEL PROGRESS: 20/30 complete; 6 active
PARALLEL PROGRESS: 20/30 complete; 6 active
PARALLEL PROGRESS: 20/30 complete; 6 active
PARALLEL PROGRESS: 20/30 complete; 6 active
PARALLEL PROGRESS: 20/30 complete; 6 active
PARALLEL PROGRESS: 20/30 complete; 6 active
PARALLEL PROGRESS: 20/30 complete; 6 active
PARALLEL PROGRESS: 20/30 complete; 6 active
PARALLEL PROGRESS: 20/30 complete; 6 active
PARALLEL PROGRESS: 20/30 complete; 6 active
PARALLEL PROGRESS: 20/30 complete; 6 active
PARALLEL PROGRESS: 20/30 complete; 6 active
PARALLEL PROGRESS: 20/30 complete; 6 active
PARALLEL PROGRESS: 20/30 complete; 6 active
PARALLEL PROGRESS: 20/30 complete; 6 active
PARALLEL PROGRESS: 20/30 complete; 6 active
PARALLEL PROGRESS: 20/30 complete; 6 active
PARALLEL PROGRESS: 20/30 complete; 6 active
PARALLEL PROGRESS: 20/30 complete; 6 active
PARALLEL PROGRESS: 20/30 complete; 6 active
PARALLEL PROGRESS: 20/30 complete; 6 active
PARALLEL PROGRESS: 20/30 complete; 6 active
PARALLEL PROGRESS: 20/30 complete; 6 active
PARALLEL PROGRESS: 20/30 complete; 6 active
PARALLEL PROGRESS: 20/30 complete; 6 active
PARALLEL PROGRESS: 20/30 complete; 6 active
PARALLEL PROGRESS: 20/30 complete; 6 active
PARALLEL PROGRESS: 20/30 complete; 6 active
PARALLEL PROGRESS: 20/30 complete; 6 active
PARALLEL PROGRESS: 20/30 complete; 6 active
PARALLEL PROGRESS: 20/30 complete; 6 active
PARALLEL PROGRESS: 20/30 complete; 6 active
PARALLEL PROGRESS: 20/30 complete; 6 active
PARALLEL PROGRESS: 20/30 complete; 6 active
PARALLEL PROGRESS: 20/30 complete; 6 active
PARALLEL PROGRESS: 20/30 complete; 6 active
PARALLEL PROGRESS: 20/30 complete; 6 active
PARALLEL PROGRESS: 20/30 complete; 6 active
PARALLEL PROGRESS: 20/30 complete; 6 active
PARALLEL PROGRESS: 20/30 complete; 6 active
PARALLEL PROGRESS: 20/30 complete; 6 active
PARALLEL PROGRESS: 20/30 complete; 6 active
PARALLEL PROGRESS: 20/30 complete; 6 active
PARALLEL PROGRESS: 20/30 complete; 6 active
PARALLEL PROGRESS: 20/30 complete; 6 active
PARALLEL PROGRESS: 20/30 complete; 6 active
PARALLEL PROGRESS: 20/30 complete; 6 active
PARALLEL PROGRESS: 20/30 complete; 6 active
PARALLEL PROGRESS: 20/30 complete; 6 active
PARALLEL PROGRESS: 20/30 complete; 6 active
Traceback (most recent call last):
  File "/home/yqt/XuanyiLi/RL-for-charging/revision_gpu/run_study.py", line 78, in main
    result=module.run(paths.ROOT,out,cfg)
           ^^^^^^^^^^^^^^^^^^^^^^^^^^^^^^
  File "/home/yqt/XuanyiLi/RL-for-charging/revision_gpu/experiment6.py", line 367, in run
    completed=execute_jobs(jobs,out/'parallel_scaling_jobs',effective)
              ^^^^^^^^^^^^^^^^^^^^^^^^^^^^^^^^^^^^^^^^^^^^^^^^^^^^^^^^
  File "/home/yqt/XuanyiLi/RL-for-charging/revision_gpu/parallel_jobs.py", line 78, in execute_jobs
    raise RuntimeError(f'Worker {index} failed (exit {code}); inspect {folder/"worker.log"}')
RuntimeError: Worker 25 failed (exit -15); inspect /home/yqt/XuanyiLi/RL-for-charging/revision_results/experiment_6_gpu_parallel_2500_5seeds_90s/20260928_194517_801804/parallel_scaling_jobs/job_0025/worker.log
OUTPUT: /home/yqt/XuanyiLi/RL-for-charging/revision_results/experiment_6_gpu_parallel_2500_5seeds_90s/20260928_194517_801804
LEARNING DEVICE: cuda:0 NVIDIA RTX PRO 6000 Blackwell Server Edition
REUSE COMPLETED JOB: 0 /home/yqt/XuanyiLi/RL-for-charging/revision_results/experiment_6_gpu_parallel_2500_5seeds_90s/20260928_194517_801804/parallel_scaling_jobs/job_0000
REUSE COMPLETED JOB: 1 /home/yqt/XuanyiLi/RL-for-charging/revision_results/experiment_6_gpu_parallel_2500_5seeds_90s/20260928_194517_801804/parallel_scaling_jobs/job_0001
REUSE COMPLETED JOB: 2 /home/yqt/XuanyiLi/RL-for-charging/revision_results/experiment_6_gpu_parallel_2500_5seeds_90s/20260928_194517_801804/parallel_scaling_jobs/job_0002
REUSE COMPLETED JOB: 3 /home/yqt/XuanyiLi/RL-for-charging/revision_results/experiment_6_gpu_parallel_2500_5seeds_90s/20260928_194517_801804/parallel_scaling_jobs/job_0003
REUSE COMPLETED JOB: 4 /home/yqt/XuanyiLi/RL-for-charging/revision_results/experiment_6_gpu_parallel_2500_5seeds_90s/20260928_194517_801804/parallel_scaling_jobs/job_0004
REUSE COMPLETED JOB: 5 /home/yqt/XuanyiLi/RL-for-charging/revision_results/experiment_6_gpu_parallel_2500_5seeds_90s/20260928_194517_801804/parallel_scaling_jobs/job_0005
REUSE COMPLETED JOB: 6 /home/yqt/XuanyiLi/RL-for-charging/revision_results/experiment_6_gpu_parallel_2500_5seeds_90s/20260928_194517_801804/parallel_scaling_jobs/job_0006
REUSE COMPLETED JOB: 7 /home/yqt/XuanyiLi/RL-for-charging/revision_results/experiment_6_gpu_parallel_2500_5seeds_90s/20260928_194517_801804/parallel_scaling_jobs/job_0007
REUSE COMPLETED JOB: 8 /home/yqt/XuanyiLi/RL-for-charging/revision_results/experiment_6_gpu_parallel_2500_5seeds_90s/20260928_194517_801804/parallel_scaling_jobs/job_0008
REUSE COMPLETED JOB: 9 /home/yqt/XuanyiLi/RL-for-charging/revision_results/experiment_6_gpu_parallel_2500_5seeds_90s/20260928_194517_801804/parallel_scaling_jobs/job_0009
REUSE COMPLETED JOB: 10 /home/yqt/XuanyiLi/RL-for-charging/revision_results/experiment_6_gpu_parallel_2500_5seeds_90s/20260928_194517_801804/parallel_scaling_jobs/job_0010
REUSE COMPLETED JOB: 11 /home/yqt/XuanyiLi/RL-for-charging/revision_results/experiment_6_gpu_parallel_2500_5seeds_90s/20260928_194517_801804/parallel_scaling_jobs/job_0011
REUSE COMPLETED JOB: 12 /home/yqt/XuanyiLi/RL-for-charging/revision_results/experiment_6_gpu_parallel_2500_5seeds_90s/20260928_194517_801804/parallel_scaling_jobs/job_0012
REUSE COMPLETED JOB: 13 /home/yqt/XuanyiLi/RL-for-charging/revision_results/experiment_6_gpu_parallel_2500_5seeds_90s/20260928_194517_801804/parallel_scaling_jobs/job_0013
REUSE COMPLETED JOB: 14 /home/yqt/XuanyiLi/RL-for-charging/revision_results/experiment_6_gpu_parallel_2500_5seeds_90s/20260928_194517_801804/parallel_scaling_jobs/job_0014
REUSE COMPLETED JOB: 15 /home/yqt/XuanyiLi/RL-for-charging/revision_results/experiment_6_gpu_parallel_2500_5seeds_90s/20260928_194517_801804/parallel_scaling_jobs/job_0015
REUSE COMPLETED JOB: 16 /home/yqt/XuanyiLi/RL-for-charging/revision_results/experiment_6_gpu_parallel_2500_5seeds_90s/20260928_194517_801804/parallel_scaling_jobs/job_0016
REUSE COMPLETED JOB: 17 /home/yqt/XuanyiLi/RL-for-charging/revision_results/experiment_6_gpu_parallel_2500_5seeds_90s/20260928_194517_801804/parallel_scaling_jobs/job_0017
REUSE COMPLETED JOB: 18 /home/yqt/XuanyiLi/RL-for-charging/revision_results/experiment_6_gpu_parallel_2500_5seeds_90s/20260928_194517_801804/parallel_scaling_jobs/job_0018
REUSE COMPLETED JOB: 19 /home/yqt/XuanyiLi/RL-for-charging/revision_results/experiment_6_gpu_parallel_2500_5seeds_90s/20260928_194517_801804/parallel_scaling_jobs/job_0019
START JOB 21/30 GPU=GPU-b8a9b253-8713-5d3b-1d65-e007fbdb7588 LOG=/home/yqt/XuanyiLi/RL-for-charging/revision_results/experiment_6_gpu_parallel_2500_5seeds_90s/20260928_194517_801804/parallel_scaling_jobs/job_0020/worker.log
START JOB 22/30 GPU=GPU-fafeb67a-12cd-a2e4-9aeb-997a485c815a LOG=/home/yqt/XuanyiLi/RL-for-charging/revision_results/experiment_6_gpu_parallel_2500_5seeds_90s/20260928_194517_801804/parallel_scaling_jobs/job_0021/worker.log
START JOB 23/30 GPU=GPU-852c53c7-8b53-1abc-0811-713083167dbe LOG=/home/yqt/XuanyiLi/RL-for-charging/revision_results/experiment_6_gpu_parallel_2500_5seeds_90s/20260928_194517_801804/parallel_scaling_jobs/job_0022/worker.log
START JOB 24/30 GPU=GPU-b8a9b253-8713-5d3b-1d65-e007fbdb7588 LOG=/home/yqt/XuanyiLi/RL-for-charging/revision_results/experiment_6_gpu_parallel_2500_5seeds_90s/20260928_194517_801804/parallel_scaling_jobs/job_0023/worker.log
START JOB 25/30 GPU=GPU-fafeb67a-12cd-a2e4-9aeb-997a485c815a LOG=/home/yqt/XuanyiLi/RL-for-charging/revision_results/experiment_6_gpu_parallel_2500_5seeds_90s/20260928_194517_801804/parallel_scaling_jobs/job_0024/worker.log
START JOB 26/30 GPU=GPU-852c53c7-8b53-1abc-0811-713083167dbe LOG=/home/yqt/XuanyiLi/RL-for-charging/revision_results/experiment_6_gpu_parallel_2500_5seeds_90s/20260928_194517_801804/parallel_scaling_jobs/job_0025/worker.log
PARALLEL PROGRESS: 20/30 complete; 6 active
PARALLEL PROGRESS: 20/30 complete; 6 active
PARALLEL PROGRESS: 20/30 complete; 6 active
PARALLEL PROGRESS: 20/30 complete; 6 active
PARALLEL PROGRESS: 20/30 complete; 6 active
PARALLEL PROGRESS: 20/30 complete; 6 active
PARALLEL PROGRESS: 20/30 complete; 6 active
PARALLEL PROGRESS: 20/30 complete; 6 active
PARALLEL PROGRESS: 20/30 complete; 6 active
PARALLEL PROGRESS: 20/30 complete; 6 active
PARALLEL PROGRESS: 20/30 complete; 6 active
PARALLEL PROGRESS: 20/30 complete; 6 active
PARALLEL PROGRESS: 20/30 complete; 6 active
PARALLEL PROGRESS: 20/30 complete; 6 active
PARALLEL PROGRESS: 20/30 complete; 6 active
PARALLEL PROGRESS: 20/30 complete; 6 active
PARALLEL PROGRESS: 20/30 complete; 6 active
PARALLEL PROGRESS: 20/30 complete; 6 active
PARALLEL PROGRESS: 20/30 complete; 6 active
PARALLEL PROGRESS: 20/30 complete; 6 active
PARALLEL PROGRESS: 20/30 complete; 6 active
PARALLEL PROGRESS: 20/30 complete; 6 active
PARALLEL PROGRESS: 20/30 complete; 6 active
PARALLEL PROGRESS: 20/30 complete; 6 active
PARALLEL PROGRESS: 20/30 complete; 6 active
PARALLEL PROGRESS: 20/30 complete; 6 active
PARALLEL PROGRESS: 20/30 complete; 6 active
PARALLEL PROGRESS: 20/30 complete; 6 active
PARALLEL PROGRESS: 20/30 complete; 6 active
PARALLEL PROGRESS: 20/30 complete; 6 active
PARALLEL PROGRESS: 20/30 complete; 6 active
PARALLEL PROGRESS: 20/30 complete; 6 active
PARALLEL PROGRESS: 20/30 complete; 6 active
PARALLEL PROGRESS: 20/30 complete; 6 active
PARALLEL PROGRESS: 20/30 complete; 6 active
PARALLEL PROGRESS: 20/30 complete; 6 active
PARALLEL PROGRESS: 20/30 complete; 6 active
PARALLEL PROGRESS: 20/30 complete; 6 active
PARALLEL PROGRESS: 20/30 complete; 6 active
PARALLEL PROGRESS: 20/30 complete; 6 active
PARALLEL PROGRESS: 20/30 complete; 6 active
PARALLEL PROGRESS: 20/30 complete; 6 active
PARALLEL PROGRESS: 20/30 complete; 6 active
PARALLEL PROGRESS: 20/30 complete; 6 active
PARALLEL PROGRESS: 20/30 complete; 6 active
PARALLEL PROGRESS: 20/30 complete; 6 active
PARALLEL PROGRESS: 20/30 complete; 6 active
PARALLEL PROGRESS: 20/30 complete; 6 active
PARALLEL PROGRESS: 20/30 complete; 6 active
PARALLEL PROGRESS: 20/30 complete; 6 active
PARALLEL PROGRESS: 20/30 complete; 6 active
PARALLEL PROGRESS: 20/30 complete; 6 active
PARALLEL PROGRESS: 20/30 complete; 6 active
PARALLEL PROGRESS: 20/30 complete; 6 active
PARALLEL PROGRESS: 20/30 complete; 6 active
PARALLEL PROGRESS: 20/30 complete; 6 active
PARALLEL PROGRESS: 20/30 complete; 6 active
PARALLEL PROGRESS: 20/30 complete; 6 active
PARALLEL PROGRESS: 20/30 complete; 6 active
PARALLEL PROGRESS: 20/30 complete; 6 active
PARALLEL PROGRESS: 20/30 complete; 6 active
PARALLEL PROGRESS: 20/30 complete; 6 active
PARALLEL PROGRESS: 20/30 complete; 6 active
PARALLEL PROGRESS: 20/30 complete; 6 active
PARALLEL PROGRESS: 20/30 complete; 6 active
PARALLEL PROGRESS: 20/30 complete; 6 active
PARALLEL PROGRESS: 20/30 complete; 6 active
PARALLEL PROGRESS: 20/30 complete; 6 active
PARALLEL PROGRESS: 20/30 complete; 6 active
PARALLEL PROGRESS: 20/30 complete; 6 active
PARALLEL PROGRESS: 20/30 complete; 6 active
PARALLEL PROGRESS: 20/30 complete; 6 active
PARALLEL PROGRESS: 20/30 complete; 6 active
PARALLEL PROGRESS: 20/30 complete; 6 active
PARALLEL PROGRESS: 20/30 complete; 6 active
PARALLEL PROGRESS: 20/30 complete; 6 active
PARALLEL PROGRESS: 20/30 complete; 6 active
PARALLEL PROGRESS: 20/30 complete; 6 active
PARALLEL PROGRESS: 20/30 complete; 6 active
PARALLEL PROGRESS: 20/30 complete; 6 active
PARALLEL PROGRESS: 20/30 complete; 6 active
PARALLEL PROGRESS: 20/30 complete; 6 active
PARALLEL PROGRESS: 20/30 complete; 6 active
PARALLEL PROGRESS: 20/30 complete; 6 active
PARALLEL PROGRESS: 20/30 complete; 6 active
PARALLEL PROGRESS: 20/30 complete; 6 active
PARALLEL PROGRESS: 20/30 complete; 6 active
PARALLEL PROGRESS: 20/30 complete; 6 active
PARALLEL PROGRESS: 20/30 complete; 6 active
PARALLEL PROGRESS: 20/30 complete; 6 active
PARALLEL PROGRESS: 20/30 complete; 6 active
PARALLEL PROGRESS: 20/30 complete; 6 active
PARALLEL PROGRESS: 20/30 complete; 6 active
PARALLEL PROGRESS: 20/30 complete; 6 active
PARALLEL PROGRESS: 20/30 complete; 6 active
PARALLEL PROGRESS: 20/30 complete; 6 active
PARALLEL PROGRESS: 20/30 complete; 6 active
PARALLEL PROGRESS: 20/30 complete; 6 active
PARALLEL PROGRESS: 20/30 complete; 6 active
PARALLEL PROGRESS: 20/30 complete; 6 active
PARALLEL PROGRESS: 20/30 complete; 6 active
PARALLEL PROGRESS: 20/30 complete; 6 active
PARALLEL PROGRESS: 20/30 complete; 6 active
PARALLEL PROGRESS: 20/30 complete; 6 active
PARALLEL PROGRESS: 20/30 complete; 6 active
PARALLEL PROGRESS: 20/30 complete; 6 active
PARALLEL PROGRESS: 20/30 complete; 6 active
PARALLEL PROGRESS: 20/30 complete; 6 active
PARALLEL PROGRESS: 20/30 complete; 6 active
PARALLEL PROGRESS: 20/30 complete; 6 active
PARALLEL PROGRESS: 20/30 complete; 6 active
PARALLEL PROGRESS: 20/30 complete; 6 active
PARALLEL PROGRESS: 20/30 complete; 6 active
PARALLEL PROGRESS: 20/30 complete; 6 active
PARALLEL PROGRESS: 20/30 complete; 6 active
PARALLEL PROGRESS: 20/30 complete; 6 active
PARALLEL PROGRESS: 20/30 complete; 6 active
PARALLEL PROGRESS: 20/30 complete; 6 active
PARALLEL PROGRESS: 20/30 complete; 6 active
PARALLEL PROGRESS: 20/30 complete; 6 active
PARALLEL PROGRESS: 20/30 complete; 6 active
PARALLEL PROGRESS: 20/30 complete; 6 active
PARALLEL PROGRESS: 20/30 complete; 6 active
PARALLEL PROGRESS: 20/30 complete; 6 active
PARALLEL PROGRESS: 20/30 complete; 6 active
PARALLEL PROGRESS: 20/30 complete; 6 active
PARALLEL PROGRESS: 20/30 complete; 6 active
PARALLEL PROGRESS: 20/30 complete; 6 active
PARALLEL PROGRESS: 20/30 complete; 6 active
PARALLEL PROGRESS: 20/30 complete; 6 active
PARALLEL PROGRESS: 20/30 complete; 6 active
PARALLEL PROGRESS: 20/30 complete; 6 active
PARALLEL PROGRESS: 20/30 complete; 6 active
PARALLEL PROGRESS: 20/30 complete; 6 active
PARALLEL PROGRESS: 20/30 complete; 6 active
PARALLEL PROGRESS: 20/30 complete; 6 active
PARALLEL PROGRESS: 20/30 complete; 6 active
PARALLEL PROGRESS: 20/30 complete; 6 active
PARALLEL PROGRESS: 20/30 complete; 6 active
PARALLEL PROGRESS: 20/30 complete; 6 active
PARALLEL PROGRESS: 20/30 complete; 6 active
PARALLEL PROGRESS: 20/30 complete; 6 active
PARALLEL PROGRESS: 20/30 complete; 6 active
PARALLEL PROGRESS: 20/30 complete; 6 active
PARALLEL PROGRESS: 20/30 complete; 6 active
PARALLEL PROGRESS: 20/30 complete; 6 active
PARALLEL PROGRESS: 20/30 complete; 6 active
PARALLEL PROGRESS: 20/30 complete; 6 active
PARALLEL PROGRESS: 20/30 complete; 6 active
PARALLEL PROGRESS: 20/30 complete; 6 active
PARALLEL PROGRESS: 20/30 complete; 6 active
PARALLEL PROGRESS: 20/30 complete; 6 active
PARALLEL PROGRESS: 20/30 complete; 6 active
PARALLEL PROGRESS: 20/30 complete; 6 active
PARALLEL PROGRESS: 20/30 complete; 6 active
PARALLEL PROGRESS: 20/30 complete; 6 active
PARALLEL PROGRESS: 20/30 complete; 6 active
PARALLEL PROGRESS: 20/30 complete; 6 active
PARALLEL PROGRESS: 20/30 complete; 6 active
PARALLEL PROGRESS: 20/30 complete; 6 active
PARALLEL PROGRESS: 20/30 complete; 6 active
PARALLEL PROGRESS: 20/30 complete; 6 active
PARALLEL PROGRESS: 20/30 complete; 6 active
PARALLEL PROGRESS: 20/30 complete; 6 active
PARALLEL PROGRESS: 20/30 complete; 6 active
PARALLEL PROGRESS: 20/30 complete; 6 active
PARALLEL PROGRESS: 20/30 complete; 6 active
PARALLEL PROGRESS: 20/30 complete; 6 active
PARALLEL PROGRESS: 20/30 complete; 6 active
PARALLEL PROGRESS: 20/30 complete; 6 active
PARALLEL PROGRESS: 20/30 complete; 6 active
PARALLEL PROGRESS: 20/30 complete; 6 active
PARALLEL PROGRESS: 20/30 complete; 6 active
PARALLEL PROGRESS: 20/30 complete; 6 active
PARALLEL PROGRESS: 20/30 complete; 6 active
PARALLEL PROGRESS: 20/30 complete; 6 active
PARALLEL PROGRESS: 20/30 complete; 6 active
PARALLEL PROGRESS: 20/30 complete; 6 active
PARALLEL PROGRESS: 20/30 complete; 6 active
PARALLEL PROGRESS: 20/30 complete; 6 active
PARALLEL PROGRESS: 20/30 complete; 6 active
PARALLEL PROGRESS: 20/30 complete; 6 active
PARALLEL PROGRESS: 20/30 complete; 6 active
PARALLEL PROGRESS: 20/30 complete; 6 active
PARALLEL PROGRESS: 20/30 complete; 6 active
PARALLEL PROGRESS: 20/30 complete; 6 active
PARALLEL PROGRESS: 20/30 complete; 6 active
PARALLEL PROGRESS: 20/30 complete; 6 active
PARALLEL PROGRESS: 20/30 complete; 6 active
PARALLEL PROGRESS: 20/30 complete; 6 active
PARALLEL PROGRESS: 20/30 complete; 6 active
PARALLEL PROGRESS: 20/30 complete; 6 active
PARALLEL PROGRESS: 20/30 complete; 6 active
PARALLEL PROGRESS: 20/30 complete; 6 active
PARALLEL PROGRESS: 20/30 complete; 6 active
PARALLEL PROGRESS: 20/30 complete; 6 active
PARALLEL PROGRESS: 20/30 complete; 6 active
PARALLEL PROGRESS: 20/30 complete; 6 active
PARALLEL PROGRESS: 20/30 complete; 6 active
PARALLEL PROGRESS: 20/30 complete; 6 active
PARALLEL PROGRESS: 20/30 complete; 6 active
PARALLEL PROGRESS: 20/30 complete; 6 active
PARALLEL PROGRESS: 20/30 complete; 6 active
PARALLEL PROGRESS: 20/30 complete; 6 active
PARALLEL PROGRESS: 20/30 complete; 6 active
PARALLEL PROGRESS: 20/30 complete; 6 active
PARALLEL PROGRESS: 20/30 complete; 6 active
PARALLEL PROGRESS: 20/30 complete; 6 active
PARALLEL PROGRESS: 20/30 complete; 6 active
PARALLEL PROGRESS: 20/30 complete; 6 active
PARALLEL PROGRESS: 20/30 complete; 6 active
PARALLEL PROGRESS: 20/30 complete; 6 active
PARALLEL PROGRESS: 20/30 complete; 6 active
PARALLEL PROGRESS: 20/30 complete; 6 active
PARALLEL PROGRESS: 20/30 complete; 6 active
PARALLEL PROGRESS: 20/30 complete; 6 active
PARALLEL PROGRESS: 20/30 complete; 6 active
PARALLEL PROGRESS: 20/30 complete; 6 active
PARALLEL PROGRESS: 20/30 complete; 6 active
PARALLEL PROGRESS: 20/30 complete; 6 active
PARALLEL PROGRESS: 20/30 complete; 6 active
PARALLEL PROGRESS: 20/30 complete; 6 active
PARALLEL PROGRESS: 20/30 complete; 6 active
PARALLEL PROGRESS: 20/30 complete; 6 active
PARALLEL PROGRESS: 20/30 complete; 6 active
PARALLEL PROGRESS: 20/30 complete; 6 active
PARALLEL PROGRESS: 20/30 complete; 6 active
PARALLEL PROGRESS: 20/30 complete; 6 active
PARALLEL PROGRESS: 20/30 complete; 6 active
PARALLEL PROGRESS: 20/30 complete; 6 active
PARALLEL PROGRESS: 20/30 complete; 6 active
PARALLEL PROGRESS: 20/30 complete; 6 active
PARALLEL PROGRESS: 20/30 complete; 6 active
PARALLEL PROGRESS: 20/30 complete; 6 active
PARALLEL PROGRESS: 20/30 complete; 6 active
PARALLEL PROGRESS: 20/30 complete; 6 active
PARALLEL PROGRESS: 20/30 complete; 6 active
PARALLEL PROGRESS: 20/30 complete; 6 active
PARALLEL PROGRESS: 20/30 complete; 6 active
PARALLEL PROGRESS: 20/30 complete; 6 active
PARALLEL PROGRESS: 20/30 complete; 6 active
PARALLEL PROGRESS: 20/30 complete; 6 active
PARALLEL PROGRESS: 20/30 complete; 6 active
PARALLEL PROGRESS: 20/30 complete; 6 active
PARALLEL PROGRESS: 20/30 complete; 6 active
PARALLEL PROGRESS: 20/30 complete; 6 active
PARALLEL PROGRESS: 20/30 complete; 6 active
PARALLEL PROGRESS: 20/30 complete; 6 active
PARALLEL PROGRESS: 20/30 complete; 6 active
PARALLEL PROGRESS: 20/30 complete; 6 active
PARALLEL PROGRESS: 20/30 complete; 6 active
PARALLEL PROGRESS: 20/30 complete; 6 active
PARALLEL PROGRESS: 20/30 complete; 6 active
PARALLEL PROGRESS: 20/30 complete; 6 active
PARALLEL PROGRESS: 20/30 complete; 6 active
PARALLEL PROGRESS: 20/30 complete; 6 active
PARALLEL PROGRESS: 20/30 complete; 6 active
PARALLEL PROGRESS: 20/30 complete; 6 active
PARALLEL PROGRESS: 20/30 complete; 6 active
PARALLEL PROGRESS: 20/30 complete; 6 active
PARALLEL PROGRESS: 20/30 complete; 6 active
PARALLEL PROGRESS: 20/30 complete; 6 active
PARALLEL PROGRESS: 20/30 complete; 6 active
PARALLEL PROGRESS: 20/30 complete; 6 active
PARALLEL PROGRESS: 20/30 complete; 6 active
PARALLEL PROGRESS: 20/30 complete; 6 active
PARALLEL PROGRESS: 20/30 complete; 6 active
PARALLEL PROGRESS: 20/30 complete; 6 active
PARALLEL PROGRESS: 20/30 complete; 6 active
PARALLEL PROGRESS: 20/30 complete; 6 active
PARALLEL PROGRESS: 20/30 complete; 6 active
PARALLEL PROGRESS: 20/30 complete; 6 active
PARALLEL PROGRESS: 20/30 complete; 6 active
PARALLEL PROGRESS: 20/30 complete; 6 active
PARALLEL PROGRESS: 20/30 complete; 6 active
PARALLEL PROGRESS: 20/30 complete; 6 active
PARALLEL PROGRESS: 20/30 complete; 6 active
PARALLEL PROGRESS: 20/30 complete; 6 active
PARALLEL PROGRESS: 20/30 complete; 6 active
PARALLEL PROGRESS: 20/30 complete; 6 active
PARALLEL PROGRESS: 20/30 complete; 6 active
PARALLEL PROGRESS: 20/30 complete; 6 active
PARALLEL PROGRESS: 20/30 complete; 6 active
PARALLEL PROGRESS: 20/30 complete; 6 active
PARALLEL PROGRESS: 20/30 complete; 6 active
PARALLEL PROGRESS: 20/30 complete; 6 active
PARALLEL PROGRESS: 20/30 complete; 6 active
PARALLEL PROGRESS: 20/30 complete; 6 active
PARALLEL PROGRESS: 20/30 complete; 6 active
PARALLEL PROGRESS: 20/30 complete; 6 active
PARALLEL PROGRESS: 20/30 complete; 6 active
PARALLEL PROGRESS: 20/30 complete; 6 active
PARALLEL PROGRESS: 20/30 complete; 6 active
PARALLEL PROGRESS: 20/30 complete; 6 active
PARALLEL PROGRESS: 20/30 complete; 6 active
PARALLEL PROGRESS: 20/30 complete; 6 active
PARALLEL PROGRESS: 20/30 complete; 6 active
PARALLEL PROGRESS: 20/30 complete; 6 active
PARALLEL PROGRESS: 20/30 complete; 6 active
PARALLEL PROGRESS: 20/30 complete; 6 active
PARALLEL PROGRESS: 20/30 complete; 6 active
PARALLEL PROGRESS: 20/30 complete; 6 active
PARALLEL PROGRESS: 20/30 complete; 6 active
PARALLEL PROGRESS: 20/30 complete; 6 active
PARALLEL PROGRESS: 20/30 complete; 6 active
PARALLEL PROGRESS: 20/30 complete; 6 active
PARALLEL PROGRESS: 20/30 complete; 6 active
PARALLEL PROGRESS: 20/30 complete; 6 active
PARALLEL PROGRESS: 20/30 complete; 6 active
PARALLEL PROGRESS: 20/30 complete; 6 active
PARALLEL PROGRESS: 20/30 complete; 6 active
PARALLEL PROGRESS: 20/30 complete; 6 active
PARALLEL PROGRESS: 20/30 complete; 6 active
PARALLEL PROGRESS: 20/30 complete; 6 active
PARALLEL PROGRESS: 20/30 complete; 6 active
PARALLEL PROGRESS: 20/30 complete; 6 active
PARALLEL PROGRESS: 20/30 complete; 6 active
PARALLEL PROGRESS: 20/30 complete; 6 active
PARALLEL PROGRESS: 20/30 complete; 6 active
PARALLEL PROGRESS: 20/30 complete; 6 active
PARALLEL PROGRESS: 20/30 complete; 6 active
PARALLEL PROGRESS: 20/30 complete; 6 active
PARALLEL PROGRESS: 20/30 complete; 6 active
PARALLEL PROGRESS: 20/30 complete; 6 active
PARALLEL PROGRESS: 20/30 complete; 6 active
PARALLEL PROGRESS: 20/30 complete; 6 active
PARALLEL PROGRESS: 20/30 complete; 6 active
PARALLEL PROGRESS: 20/30 complete; 6 active
PARALLEL PROGRESS: 20/30 complete; 6 active
PARALLEL PROGRESS: 20/30 complete; 6 active
PARALLEL PROGRESS: 20/30 complete; 6 active
PARALLEL PROGRESS: 20/30 complete; 6 active
PARALLEL PROGRESS: 20/30 complete; 6 active
PARALLEL PROGRESS: 20/30 complete; 6 active
PARALLEL PROGRESS: 20/30 complete; 6 active
PARALLEL PROGRESS: 20/30 complete; 6 active
PARALLEL PROGRESS: 20/30 complete; 6 active
PARALLEL PROGRESS: 20/30 complete; 6 active
PARALLEL PROGRESS: 20/30 complete; 6 active
PARALLEL PROGRESS: 20/30 complete; 6 active
PARALLEL PROGRESS: 20/30 complete; 6 active
PARALLEL PROGRESS: 20/30 complete; 6 active
PARALLEL PROGRESS: 20/30 complete; 6 active
PARALLEL PROGRESS: 20/30 complete; 6 active
PARALLEL PROGRESS: 20/30 complete; 6 active
PARALLEL PROGRESS: 20/30 complete; 6 active
PARALLEL PROGRESS: 20/30 complete; 6 active
PARALLEL PROGRESS: 20/30 complete; 6 active
PARALLEL PROGRESS: 20/30 complete; 6 active
PARALLEL PROGRESS: 20/30 complete; 6 active
PARALLEL PROGRESS: 20/30 complete; 6 active
PARALLEL PROGRESS: 20/30 complete; 6 active
PARALLEL PROGRESS: 20/30 complete; 6 active
PARALLEL PROGRESS: 20/30 complete; 6 active
PARALLEL PROGRESS: 20/30 complete; 6 active
PARALLEL PROGRESS: 20/30 complete; 6 active
PARALLEL PROGRESS: 20/30 complete; 6 active
PARALLEL PROGRESS: 20/30 complete; 6 active
PARALLEL PROGRESS: 20/30 complete; 6 active
PARALLEL PROGRESS: 20/30 complete; 6 active
PARALLEL PROGRESS: 20/30 complete; 6 active
PARALLEL PROGRESS: 20/30 complete; 6 active
PARALLEL PROGRESS: 20/30 complete; 6 active
PARALLEL PROGRESS: 20/30 complete; 6 active
PARALLEL PROGRESS: 20/30 complete; 6 active
PARALLEL PROGRESS: 20/30 complete; 6 active
PARALLEL PROGRESS: 20/30 complete; 6 active
PARALLEL PROGRESS: 20/30 complete; 6 active
PARALLEL PROGRESS: 20/30 complete; 6 active
PARALLEL PROGRESS: 20/30 complete; 6 active
PARALLEL PROGRESS: 20/30 complete; 6 active
PARALLEL PROGRESS: 20/30 complete; 6 active
PARALLEL PROGRESS: 20/30 complete; 6 active
PARALLEL PROGRESS: 20/30 complete; 6 active
PARALLEL PROGRESS: 20/30 complete; 6 active
PARALLEL PROGRESS: 20/30 complete; 6 active
PARALLEL PROGRESS: 20/30 complete; 6 active
PARALLEL PROGRESS: 20/30 complete; 6 active
PARALLEL PROGRESS: 20/30 complete; 6 active
PARALLEL PROGRESS: 20/30 complete; 6 active
PARALLEL PROGRESS: 20/30 complete; 6 active
PARALLEL PROGRESS: 20/30 complete; 6 active
PARALLEL PROGRESS: 20/30 complete; 6 active
PARALLEL PROGRESS: 20/30 complete; 6 active
PARALLEL PROGRESS: 20/30 complete; 6 active
PARALLEL PROGRESS: 20/30 complete; 6 active
PARALLEL PROGRESS: 20/30 complete; 6 active
PARALLEL PROGRESS: 20/30 complete; 6 active
PARALLEL PROGRESS: 20/30 complete; 6 active
PARALLEL PROGRESS: 20/30 complete; 6 active
PARALLEL PROGRESS: 20/30 complete; 6 active
PARALLEL PROGRESS: 20/30 complete; 6 active
PARALLEL PROGRESS: 20/30 complete; 6 active
PARALLEL PROGRESS: 20/30 complete; 6 active
PARALLEL PROGRESS: 20/30 complete; 6 active
PARALLEL PROGRESS: 20/30 complete; 6 active
PARALLEL PROGRESS: 20/30 complete; 6 active
PARALLEL PROGRESS: 20/30 complete; 6 active
PARALLEL PROGRESS: 20/30 complete; 6 active
PARALLEL PROGRESS: 20/30 complete; 6 active
PARALLEL PROGRESS: 20/30 complete; 6 active
PARALLEL PROGRESS: 20/30 complete; 6 active
PARALLEL PROGRESS: 20/30 complete; 6 active
PARALLEL PROGRESS: 20/30 complete; 6 active
PARALLEL PROGRESS: 20/30 complete; 6 active
PARALLEL PROGRESS: 20/30 complete; 6 active
PARALLEL PROGRESS: 20/30 complete; 6 active
PARALLEL PROGRESS: 20/30 complete; 6 active
PARALLEL PROGRESS: 20/30 complete; 6 active
PARALLEL PROGRESS: 20/30 complete; 6 active
PARALLEL PROGRESS: 20/30 complete; 6 active
PARALLEL PROGRESS: 20/30 complete; 6 active
PARALLEL PROGRESS: 20/30 complete; 6 active
PARALLEL PROGRESS: 20/30 complete; 6 active
PARALLEL PROGRESS: 20/30 complete; 6 active
PARALLEL PROGRESS: 20/30 complete; 6 active
PARALLEL PROGRESS: 20/30 complete; 6 active
PARALLEL PROGRESS: 20/30 complete; 6 active
PARALLEL PROGRESS: 20/30 complete; 6 active
PARALLEL PROGRESS: 20/30 complete; 6 active
PARALLEL PROGRESS: 20/30 complete; 6 active
PARALLEL PROGRESS: 20/30 complete; 6 active
PARALLEL PROGRESS: 20/30 complete; 6 active
PARALLEL PROGRESS: 20/30 complete; 6 active
PARALLEL PROGRESS: 20/30 complete; 6 active
PARALLEL PROGRESS: 20/30 complete; 6 active
PARALLEL PROGRESS: 20/30 complete; 6 active
PARALLEL PROGRESS: 20/30 complete; 6 active
PARALLEL PROGRESS: 20/30 complete; 6 active
PARALLEL PROGRESS: 20/30 complete; 6 active
PARALLEL PROGRESS: 20/30 complete; 6 active
PARALLEL PROGRESS: 20/30 complete; 6 active
PARALLEL PROGRESS: 20/30 complete; 6 active
PARALLEL PROGRESS: 20/30 complete; 6 active
PARALLEL PROGRESS: 20/30 complete; 6 active
PARALLEL PROGRESS: 20/30 complete; 6 active
PARALLEL PROGRESS: 20/30 complete; 6 active
PARALLEL PROGRESS: 20/30 complete; 6 active
PARALLEL PROGRESS: 20/30 complete; 6 active
PARALLEL PROGRESS: 20/30 complete; 6 active
PARALLEL PROGRESS: 20/30 complete; 6 active
PARALLEL PROGRESS: 20/30 complete; 6 active
PARALLEL PROGRESS: 20/30 complete; 6 active
PARALLEL PROGRESS: 20/30 complete; 6 active
PARALLEL PROGRESS: 20/30 complete; 6 active
PARALLEL PROGRESS: 20/30 complete; 6 active
PARALLEL PROGRESS: 20/30 complete; 6 active
PARALLEL PROGRESS: 20/30 complete; 6 active
PARALLEL PROGRESS: 20/30 complete; 6 active
PARALLEL PROGRESS: 20/30 complete; 6 active
PARALLEL PROGRESS: 20/30 complete; 6 active
PARALLEL PROGRESS: 20/30 complete; 6 active
PARALLEL PROGRESS: 20/30 complete; 6 active
PARALLEL PROGRESS: 20/30 complete; 6 active
PARALLEL PROGRESS: 20/30 complete; 6 active
PARALLEL PROGRESS: 20/30 complete; 6 active
PARALLEL PROGRESS: 20/30 complete; 6 active
PARALLEL PROGRESS: 20/30 complete; 6 active
PARALLEL PROGRESS: 20/30 complete; 6 active
PARALLEL PROGRESS: 20/30 complete; 6 active
PARALLEL PROGRESS: 20/30 complete; 6 active
PARALLEL PROGRESS: 20/30 complete; 6 active
PARALLEL PROGRESS: 20/30 complete; 6 active
PARALLEL PROGRESS: 20/30 complete; 6 active
PARALLEL PROGRESS: 20/30 complete; 6 active
PARALLEL PROGRESS: 20/30 complete; 6 active
PARALLEL PROGRESS: 20/30 complete; 6 active
PARALLEL PROGRESS: 20/30 complete; 6 active
PARALLEL PROGRESS: 20/30 complete; 6 active
PARALLEL PROGRESS: 20/30 complete; 6 active
PARALLEL PROGRESS: 20/30 complete; 6 active
PARALLEL PROGRESS: 20/30 complete; 6 active
PARALLEL PROGRESS: 20/30 complete; 6 active
PARALLEL PROGRESS: 20/30 complete; 6 active
PARALLEL PROGRESS: 20/30 complete; 6 active
PARALLEL PROGRESS: 20/30 complete; 6 active
PARALLEL PROGRESS: 20/30 complete; 6 active
PARALLEL PROGRESS: 20/30 complete; 6 active
PARALLEL PROGRESS: 20/30 complete; 6 active
PARALLEL PROGRESS: 20/30 complete; 6 active
PARALLEL PROGRESS: 20/30 complete; 6 active
PARALLEL PROGRESS: 20/30 complete; 6 active
PARALLEL PROGRESS: 20/30 complete; 6 active
PARALLEL PROGRESS: 20/30 complete; 6 active
PARALLEL PROGRESS: 20/30 complete; 6 active
PARALLEL PROGRESS: 20/30 complete; 6 active
PARALLEL PROGRESS: 20/30 complete; 6 active
PARALLEL PROGRESS: 20/30 complete; 6 active
PARALLEL PROGRESS: 20/30 complete; 6 active
PARALLEL PROGRESS: 20/30 complete; 6 active
PARALLEL PROGRESS: 20/30 complete; 6 active
PARALLEL PROGRESS: 20/30 complete; 6 active
PARALLEL PROGRESS: 20/30 complete; 6 active
PARALLEL PROGRESS: 20/30 complete; 6 active
PARALLEL PROGRESS: 20/30 complete; 6 active
PARALLEL PROGRESS: 20/30 complete; 6 active
PARALLEL PROGRESS: 20/30 complete; 6 active
PARALLEL PROGRESS: 20/30 complete; 6 active
PARALLEL PROGRESS: 20/30 complete; 6 active
PARALLEL PROGRESS: 20/30 complete; 6 active
PARALLEL PROGRESS: 20/30 complete; 6 active
PARALLEL PROGRESS: 20/30 complete; 6 active
PARALLEL PROGRESS: 20/30 complete; 6 active
PARALLEL PROGRESS: 20/30 complete; 6 active
PARALLEL PROGRESS: 20/30 complete; 6 active
PARALLEL PROGRESS: 20/30 complete; 6 active
PARALLEL PROGRESS: 20/30 complete; 6 active
PARALLEL PROGRESS: 20/30 complete; 6 active
PARALLEL PROGRESS: 20/30 complete; 6 active
PARALLEL PROGRESS: 20/30 complete; 6 active
PARALLEL PROGRESS: 20/30 complete; 6 active
PARALLEL PROGRESS: 20/30 complete; 6 active
PARALLEL PROGRESS: 20/30 complete; 6 active
PARALLEL PROGRESS: 20/30 complete; 6 active
PARALLEL PROGRESS: 20/30 complete; 6 active
PARALLEL PROGRESS: 20/30 complete; 6 active
PARALLEL PROGRESS: 20/30 complete; 6 active
PARALLEL PROGRESS: 20/30 complete; 6 active
PARALLEL PROGRESS: 20/30 complete; 6 active
PARALLEL PROGRESS: 20/30 complete; 6 active
PARALLEL PROGRESS: 20/30 complete; 6 active
PARALLEL PROGRESS: 20/30 complete; 6 active
PARALLEL PROGRESS: 20/30 complete; 6 active
PARALLEL PROGRESS: 20/30 complete; 6 active
PARALLEL PROGRESS: 20/30 complete; 6 active
PARALLEL PROGRESS: 20/30 complete; 6 active
PARALLEL PROGRESS: 20/30 complete; 6 active
PARALLEL PROGRESS: 20/30 complete; 6 active
PARALLEL PROGRESS: 20/30 complete; 6 active
PARALLEL PROGRESS: 20/30 complete; 6 active
PARALLEL PROGRESS: 20/30 complete; 6 active
PARALLEL PROGRESS: 20/30 complete; 6 active
PARALLEL PROGRESS: 20/30 complete; 6 active
PARALLEL PROGRESS: 20/30 complete; 6 active
PARALLEL PROGRESS: 20/30 complete; 6 active
PARALLEL PROGRESS: 20/30 complete; 6 active
PARALLEL PROGRESS: 20/30 complete; 6 active
PARALLEL PROGRESS: 20/30 complete; 6 active
PARALLEL PROGRESS: 20/30 complete; 6 active
PARALLEL PROGRESS: 20/30 complete; 6 active
PARALLEL PROGRESS: 20/30 complete; 6 active
PARALLEL PROGRESS: 20/30 complete; 6 active
PARALLEL PROGRESS: 20/30 complete; 6 active
PARALLEL PROGRESS: 20/30 complete; 6 active
PARALLEL PROGRESS: 20/30 complete; 6 active
PARALLEL PROGRESS: 20/30 complete; 6 active
PARALLEL PROGRESS: 20/30 complete; 6 active
PARALLEL PROGRESS: 20/30 complete; 6 active
PARALLEL PROGRESS: 20/30 complete; 6 active
PARALLEL PROGRESS: 20/30 complete; 6 active
PARALLEL PROGRESS: 20/30 complete; 6 active
PARALLEL PROGRESS: 20/30 complete; 6 active
PARALLEL PROGRESS: 20/30 complete; 6 active
PARALLEL PROGRESS: 20/30 complete; 6 active
PARALLEL PROGRESS: 20/30 complete; 6 active
PARALLEL PROGRESS: 20/30 complete; 6 active
PARALLEL PROGRESS: 20/30 complete; 6 active
PARALLEL PROGRESS: 20/30 complete; 6 active
PARALLEL PROGRESS: 20/30 complete; 6 active
PARALLEL PROGRESS: 20/30 complete; 6 active
PARALLEL PROGRESS: 20/30 complete; 6 active
PARALLEL PROGRESS: 20/30 complete; 6 active
PARALLEL PROGRESS: 20/30 complete; 6 active
PARALLEL PROGRESS: 20/30 complete; 6 active
PARALLEL PROGRESS: 20/30 complete; 6 active
PARALLEL PROGRESS: 20/30 complete; 6 active
PARALLEL PROGRESS: 20/30 complete; 6 active
PARALLEL PROGRESS: 20/30 complete; 6 active
PARALLEL PROGRESS: 20/30 complete; 6 active
PARALLEL PROGRESS: 20/30 complete; 6 active
PARALLEL PROGRESS: 20/30 complete; 6 active
PARALLEL PROGRESS: 20/30 complete; 6 active
PARALLEL PROGRESS: 20/30 complete; 6 active
PARALLEL PROGRESS: 20/30 complete; 6 active
PARALLEL PROGRESS: 20/30 complete; 6 active
PARALLEL PROGRESS: 20/30 complete; 6 active
PARALLEL PROGRESS: 20/30 complete; 6 active
PARALLEL PROGRESS: 20/30 complete; 6 active
PARALLEL PROGRESS: 20/30 complete; 6 active
PARALLEL PROGRESS: 20/30 complete; 6 active
PARALLEL PROGRESS: 20/30 complete; 6 active
PARALLEL PROGRESS: 20/30 complete; 6 active
PARALLEL PROGRESS: 20/30 complete; 6 active
PARALLEL PROGRESS: 20/30 complete; 6 active
PARALLEL PROGRESS: 20/30 complete; 6 active
PARALLEL PROGRESS: 20/30 complete; 6 active
PARALLEL PROGRESS: 20/30 complete; 6 active
PARALLEL PROGRESS: 20/30 complete; 6 active
PARALLEL PROGRESS: 20/30 complete; 6 active
PARALLEL PROGRESS: 20/30 complete; 6 active
PARALLEL PROGRESS: 20/30 complete; 6 active
PARALLEL PROGRESS: 20/30 complete; 6 active
PARALLEL PROGRESS: 20/30 complete; 6 active
PARALLEL PROGRESS: 20/30 complete; 6 active
PARALLEL PROGRESS: 20/30 complete; 6 active
PARALLEL PROGRESS: 20/30 complete; 6 active
PARALLEL PROGRESS: 20/30 complete; 6 active
PARALLEL PROGRESS: 20/30 complete; 6 active
PARALLEL PROGRESS: 20/30 complete; 6 active
PARALLEL PROGRESS: 20/30 complete; 6 active
PARALLEL PROGRESS: 20/30 complete; 6 active
PARALLEL PROGRESS: 20/30 complete; 6 active
PARALLEL PROGRESS: 20/30 complete; 6 active
PARALLEL PROGRESS: 20/30 complete; 6 active
PARALLEL PROGRESS: 20/30 complete; 6 active
PARALLEL PROGRESS: 20/30 complete; 6 active
PARALLEL PROGRESS: 20/30 complete; 6 active
PARALLEL PROGRESS: 20/30 complete; 6 active
PARALLEL PROGRESS: 20/30 complete; 6 active
PARALLEL PROGRESS: 20/30 complete; 6 active
PARALLEL PROGRESS: 20/30 complete; 6 active
PARALLEL PROGRESS: 20/30 complete; 6 active
PARALLEL PROGRESS: 20/30 complete; 6 active
PARALLEL PROGRESS: 20/30 complete; 6 active
PARALLEL PROGRESS: 20/30 complete; 6 active
PARALLEL PROGRESS: 20/30 complete; 6 active
PARALLEL PROGRESS: 20/30 complete; 6 active
PARALLEL PROGRESS: 20/30 complete; 6 active
PARALLEL PROGRESS: 20/30 complete; 6 active
PARALLEL PROGRESS: 20/30 complete; 6 active
PARALLEL PROGRESS: 20/30 complete; 6 active
PARALLEL PROGRESS: 20/30 complete; 6 active
PARALLEL PROGRESS: 20/30 complete; 6 active
PARALLEL PROGRESS: 20/30 complete; 6 active
PARALLEL PROGRESS: 20/30 complete; 6 active
PARALLEL PROGRESS: 20/30 complete; 6 active
PARALLEL PROGRESS: 20/30 complete; 6 active
PARALLEL PROGRESS: 20/30 complete; 6 active
PARALLEL PROGRESS: 20/30 complete; 6 active
PARALLEL PROGRESS: 20/30 complete; 6 active
PARALLEL PROGRESS: 20/30 complete; 6 active
PARALLEL PROGRESS: 20/30 complete; 6 active
PARALLEL PROGRESS: 20/30 complete; 6 active
PARALLEL PROGRESS: 20/30 complete; 6 active
PARALLEL PROGRESS: 20/30 complete; 6 active
PARALLEL PROGRESS: 20/30 complete; 6 active
PARALLEL PROGRESS: 20/30 complete; 6 active
PARALLEL PROGRESS: 20/30 complete; 6 active
PARALLEL PROGRESS: 20/30 complete; 6 active
PARALLEL PROGRESS: 20/30 complete; 6 active
PARALLEL PROGRESS: 20/30 complete; 6 active
PARALLEL PROGRESS: 20/30 complete; 6 active
PARALLEL PROGRESS: 20/30 complete; 6 active
PARALLEL PROGRESS: 20/30 complete; 6 active
PARALLEL PROGRESS: 20/30 complete; 6 active
PARALLEL PROGRESS: 20/30 complete; 6 active
PARALLEL PROGRESS: 20/30 complete; 6 active
PARALLEL PROGRESS: 20/30 complete; 6 active
PARALLEL PROGRESS: 20/30 complete; 6 active
PARALLEL PROGRESS: 20/30 complete; 6 active
PARALLEL PROGRESS: 20/30 complete; 6 active
PARALLEL PROGRESS: 20/30 complete; 6 active
PARALLEL PROGRESS: 20/30 complete; 6 active
PARALLEL PROGRESS: 20/30 complete; 6 active
PARALLEL PROGRESS: 20/30 complete; 6 active
PARALLEL PROGRESS: 20/30 complete; 6 active
PARALLEL PROGRESS: 20/30 complete; 6 active
PARALLEL PROGRESS: 20/30 complete; 6 active
PARALLEL PROGRESS: 20/30 complete; 6 active
PARALLEL PROGRESS: 20/30 complete; 6 active
PARALLEL PROGRESS: 20/30 complete; 6 active
PARALLEL PROGRESS: 20/30 complete; 6 active
PARALLEL PROGRESS: 20/30 complete; 6 active
PARALLEL PROGRESS: 20/30 complete; 6 active
PARALLEL PROGRESS: 20/30 complete; 6 active
PARALLEL PROGRESS: 20/30 complete; 6 active
PARALLEL PROGRESS: 20/30 complete; 6 active
PARALLEL PROGRESS: 20/30 complete; 6 active
PARALLEL PROGRESS: 20/30 complete; 6 active
PARALLEL PROGRESS: 20/30 complete; 6 active
PARALLEL PROGRESS: 20/30 complete; 6 active
PARALLEL PROGRESS: 20/30 complete; 6 active
PARALLEL PROGRESS: 20/30 complete; 6 active
PARALLEL PROGRESS: 20/30 complete; 6 active
PARALLEL PROGRESS: 20/30 complete; 6 active
PARALLEL PROGRESS: 20/30 complete; 6 active
PARALLEL PROGRESS: 20/30 complete; 6 active
PARALLEL PROGRESS: 20/30 complete; 6 active
PARALLEL PROGRESS: 20/30 complete; 6 active
PARALLEL PROGRESS: 20/30 complete; 6 active
PARALLEL PROGRESS: 20/30 complete; 6 active
PARALLEL PROGRESS: 20/30 complete; 6 active
PARALLEL PROGRESS: 20/30 complete; 6 active
PARALLEL PROGRESS: 20/30 complete; 6 active
PARALLEL PROGRESS: 20/30 complete; 6 active
PARALLEL PROGRESS: 20/30 complete; 6 active
PARALLEL PROGRESS: 20/30 complete; 6 active
PARALLEL PROGRESS: 20/30 complete; 6 active
PARALLEL PROGRESS: 20/30 complete; 6 active
PARALLEL PROGRESS: 20/30 complete; 6 active
PARALLEL PROGRESS: 20/30 complete; 6 active
PARALLEL PROGRESS: 20/30 complete; 6 active
PARALLEL PROGRESS: 20/30 complete; 6 active
PARALLEL PROGRESS: 20/30 complete; 6 active
PARALLEL PROGRESS: 20/30 complete; 6 active
PARALLEL PROGRESS: 20/30 complete; 6 active
PARALLEL PROGRESS: 20/30 complete; 6 active
PARALLEL PROGRESS: 20/30 complete; 6 active
PARALLEL PROGRESS: 20/30 complete; 6 active
PARALLEL PROGRESS: 20/30 complete; 6 active
PARALLEL PROGRESS: 20/30 complete; 6 active
PARALLEL PROGRESS: 20/30 complete; 6 active
PARALLEL PROGRESS: 20/30 complete; 6 active
PARALLEL PROGRESS: 20/30 complete; 6 active
PARALLEL PROGRESS: 20/30 complete; 6 active
PARALLEL PROGRESS: 20/30 complete; 6 active
PARALLEL PROGRESS: 20/30 complete; 6 active
PARALLEL PROGRESS: 20/30 complete; 6 active
PARALLEL PROGRESS: 20/30 complete; 6 active
PARALLEL PROGRESS: 20/30 complete; 6 active
PARALLEL PROGRESS: 20/30 complete; 6 active
PARALLEL PROGRESS: 20/30 complete; 6 active
PARALLEL PROGRESS: 20/30 complete; 6 active
PARALLEL PROGRESS: 20/30 complete; 6 active
PARALLEL PROGRESS: 20/30 complete; 6 active
PARALLEL PROGRESS: 20/30 complete; 6 active
PARALLEL PROGRESS: 20/30 complete; 6 active
PARALLEL PROGRESS: 20/30 complete; 6 active
PARALLEL PROGRESS: 20/30 complete; 6 active
PARALLEL PROGRESS: 20/30 complete; 6 active
PARALLEL PROGRESS: 20/30 complete; 6 active
PARALLEL PROGRESS: 20/30 complete; 6 active
PARALLEL PROGRESS: 20/30 complete; 6 active
PARALLEL PROGRESS: 20/30 complete; 6 active
PARALLEL PROGRESS: 20/30 complete; 6 active
PARALLEL PROGRESS: 20/30 complete; 6 active
PARALLEL PROGRESS: 20/30 complete; 6 active
PARALLEL PROGRESS: 20/30 complete; 6 active
PARALLEL PROGRESS: 20/30 complete; 6 active
PARALLEL PROGRESS: 20/30 complete; 6 active
PARALLEL PROGRESS: 20/30 complete; 6 active
PARALLEL PROGRESS: 20/30 complete; 6 active
PARALLEL PROGRESS: 20/30 complete; 6 active
PARALLEL PROGRESS: 20/30 complete; 6 active
PARALLEL PROGRESS: 20/30 complete; 6 active
PARALLEL PROGRESS: 20/30 complete; 6 active
PARALLEL PROGRESS: 20/30 complete; 6 active
PARALLEL PROGRESS: 20/30 complete; 6 active
PARALLEL PROGRESS: 20/30 complete; 6 active
PARALLEL PROGRESS: 20/30 complete; 6 active
PARALLEL PROGRESS: 20/30 complete; 6 active
PARALLEL PROGRESS: 20/30 complete; 6 active
PARALLEL PROGRESS: 20/30 complete; 6 active
PARALLEL PROGRESS: 20/30 complete; 6 active
PARALLEL PROGRESS: 20/30 complete; 6 active
PARALLEL PROGRESS: 20/30 complete; 6 active
PARALLEL PROGRESS: 20/30 complete; 6 active
PARALLEL PROGRESS: 20/30 complete; 6 active
PARALLEL PROGRESS: 20/30 complete; 6 active
PARALLEL PROGRESS: 20/30 complete; 6 active
PARALLEL PROGRESS: 20/30 complete; 6 active
PARALLEL PROGRESS: 20/30 complete; 6 active
PARALLEL PROGRESS: 20/30 complete; 6 active
PARALLEL PROGRESS: 20/30 complete; 6 active
PARALLEL PROGRESS: 20/30 complete; 6 active
PARALLEL PROGRESS: 20/30 complete; 6 active
PARALLEL PROGRESS: 20/30 complete; 6 active
PARALLEL PROGRESS: 20/30 complete; 6 active
PARALLEL PROGRESS: 20/30 complete; 6 active
PARALLEL PROGRESS: 20/30 complete; 6 active
PARALLEL PROGRESS: 20/30 complete; 6 active
PARALLEL PROGRESS: 20/30 complete; 6 active
PARALLEL PROGRESS: 20/30 complete; 6 active
PARALLEL PROGRESS: 20/30 complete; 6 active
PARALLEL PROGRESS: 20/30 complete; 6 active
PARALLEL PROGRESS: 20/30 complete; 6 active
PARALLEL PROGRESS: 20/30 complete; 6 active
PARALLEL PROGRESS: 20/30 complete; 6 active
PARALLEL PROGRESS: 20/30 complete; 6 active
PARALLEL PROGRESS: 20/30 complete; 6 active
PARALLEL PROGRESS: 20/30 complete; 6 active
PARALLEL PROGRESS: 20/30 complete; 6 active
PARALLEL PROGRESS: 20/30 complete; 6 active
PARALLEL PROGRESS: 20/30 complete; 6 active
PARALLEL PROGRESS: 20/30 complete; 6 active
PARALLEL PROGRESS: 20/30 complete; 6 active
PARALLEL PROGRESS: 20/30 complete; 6 active
PARALLEL PROGRESS: 20/30 complete; 6 active
PARALLEL PROGRESS: 20/30 complete; 6 active
PARALLEL PROGRESS: 20/30 complete; 6 active
PARALLEL PROGRESS: 20/30 complete; 6 active
PARALLEL PROGRESS: 20/30 complete; 6 active
PARALLEL PROGRESS: 20/30 complete; 6 active
PARALLEL PROGRESS: 20/30 complete; 6 active
PARALLEL PROGRESS: 20/30 complete; 6 active
PARALLEL PROGRESS: 20/30 complete; 6 active
PARALLEL PROGRESS: 20/30 complete; 6 active
PARALLEL PROGRESS: 20/30 complete; 6 active
PARALLEL PROGRESS: 20/30 complete; 6 active
PARALLEL PROGRESS: 20/30 complete; 6 active
PARALLEL PROGRESS: 20/30 complete; 6 active
PARALLEL PROGRESS: 20/30 complete; 6 active
PARALLEL PROGRESS: 20/30 complete; 6 active
PARALLEL PROGRESS: 20/30 complete; 6 active
PARALLEL PROGRESS: 20/30 complete; 6 active
PARALLEL PROGRESS: 20/30 complete; 6 active
PARALLEL PROGRESS: 20/30 complete; 6 active
PARALLEL PROGRESS: 20/30 complete; 6 active
PARALLEL PROGRESS: 20/30 complete; 6 active
PARALLEL PROGRESS: 20/30 complete; 6 active
PARALLEL PROGRESS: 20/30 complete; 6 active
PARALLEL PROGRESS: 20/30 complete; 6 active
PARALLEL PROGRESS: 20/30 complete; 6 active
PARALLEL PROGRESS: 20/30 complete; 6 active
PARALLEL PROGRESS: 20/30 complete; 6 active
PARALLEL PROGRESS: 20/30 complete; 6 active
PARALLEL PROGRESS: 20/30 complete; 6 active
PARALLEL PROGRESS: 20/30 complete; 6 active
PARALLEL PROGRESS: 20/30 complete; 6 active
PARALLEL PROGRESS: 20/30 complete; 6 active
PARALLEL PROGRESS: 20/30 complete; 6 active
PARALLEL PROGRESS: 20/30 complete; 6 active
PARALLEL PROGRESS: 20/30 complete; 6 active
PARALLEL PROGRESS: 20/30 complete; 6 active
PARALLEL PROGRESS: 20/30 complete; 6 active
PARALLEL PROGRESS: 20/30 complete; 6 active
PARALLEL PROGRESS: 20/30 complete; 6 active
PARALLEL PROGRESS: 20/30 complete; 6 active
PARALLEL PROGRESS: 20/30 complete; 6 active
PARALLEL PROGRESS: 20/30 complete; 6 active
PARALLEL PROGRESS: 20/30 complete; 6 active
PARALLEL PROGRESS: 20/30 complete; 6 active
PARALLEL PROGRESS: 20/30 complete; 6 active
PARALLEL PROGRESS: 20/30 complete; 6 active
PARALLEL PROGRESS: 20/30 complete; 6 active
PARALLEL PROGRESS: 20/30 complete; 6 active
PARALLEL PROGRESS: 20/30 complete; 6 active
PARALLEL PROGRESS: 20/30 complete; 6 active
PARALLEL PROGRESS: 20/30 complete; 6 active
PARALLEL PROGRESS: 20/30 complete; 6 active
PARALLEL PROGRESS: 20/30 complete; 6 active
PARALLEL PROGRESS: 20/30 complete; 6 active
PARALLEL PROGRESS: 20/30 complete; 6 active
PARALLEL PROGRESS: 20/30 complete; 6 active
PARALLEL PROGRESS: 20/30 complete; 6 active
PARALLEL PROGRESS: 20/30 complete; 6 active
PARALLEL PROGRESS: 20/30 complete; 6 active
PARALLEL PROGRESS: 20/30 complete; 6 active
PARALLEL PROGRESS: 20/30 complete; 6 active
PARALLEL PROGRESS: 20/30 complete; 6 active
PARALLEL PROGRESS: 20/30 complete; 6 active
PARALLEL PROGRESS: 20/30 complete; 6 active
PARALLEL PROGRESS: 20/30 complete; 6 active
PARALLEL PROGRESS: 20/30 complete; 6 active
PARALLEL PROGRESS: 20/30 complete; 6 active
PARALLEL PROGRESS: 20/30 complete; 6 active
PARALLEL PROGRESS: 20/30 complete; 6 active
PARALLEL PROGRESS: 20/30 complete; 6 active
PARALLEL PROGRESS: 20/30 complete; 6 active
PARALLEL PROGRESS: 20/30 complete; 6 active
PARALLEL PROGRESS: 20/30 complete; 6 active
PARALLEL PROGRESS: 20/30 complete; 6 active
PARALLEL PROGRESS: 20/30 complete; 6 active
PARALLEL PROGRESS: 20/30 complete; 6 active
PARALLEL PROGRESS: 20/30 complete; 6 active
PARALLEL PROGRESS: 20/30 complete; 6 active
PARALLEL PROGRESS: 20/30 complete; 6 active
PARALLEL PROGRESS: 20/30 complete; 6 active
PARALLEL PROGRESS: 20/30 complete; 6 active
PARALLEL PROGRESS: 20/30 complete; 6 active
PARALLEL PROGRESS: 20/30 complete; 6 active
PARALLEL PROGRESS: 20/30 complete; 6 active
PARALLEL PROGRESS: 20/30 complete; 6 active
PARALLEL PROGRESS: 20/30 complete; 6 active
PARALLEL PROGRESS: 20/30 complete; 6 active
PARALLEL PROGRESS: 20/30 complete; 6 active
PARALLEL PROGRESS: 20/30 complete; 6 active
FINISH JOB 22/30 (21 complete)
START JOB 27/30 GPU=GPU-fafeb67a-12cd-a2e4-9aeb-997a485c815a LOG=/home/yqt/XuanyiLi/RL-for-charging/revision_results/experiment_6_gpu_parallel_2500_5seeds_90s/20260928_194517_801804/parallel_scaling_jobs/job_0026/worker.log
PARALLEL PROGRESS: 21/30 complete; 6 active
PARALLEL PROGRESS: 21/30 complete; 6 active
PARALLEL PROGRESS: 21/30 complete; 6 active
PARALLEL PROGRESS: 21/30 complete; 6 active
PARALLEL PROGRESS: 21/30 complete; 6 active
PARALLEL PROGRESS: 21/30 complete; 6 active
PARALLEL PROGRESS: 21/30 complete; 6 active
PARALLEL PROGRESS: 21/30 complete; 6 active
PARALLEL PROGRESS: 21/30 complete; 6 active
PARALLEL PROGRESS: 21/30 complete; 6 active
PARALLEL PROGRESS: 21/30 complete; 6 active
PARALLEL PROGRESS: 21/30 complete; 6 active
PARALLEL PROGRESS: 21/30 complete; 6 active
PARALLEL PROGRESS: 21/30 complete; 6 active
PARALLEL PROGRESS: 21/30 complete; 6 active
PARALLEL PROGRESS: 21/30 complete; 6 active
PARALLEL PROGRESS: 21/30 complete; 6 active
PARALLEL PROGRESS: 21/30 complete; 6 active
PARALLEL PROGRESS: 21/30 complete; 6 active
PARALLEL PROGRESS: 21/30 complete; 6 active
PARALLEL PROGRESS: 21/30 complete; 6 active
PARALLEL PROGRESS: 21/30 complete; 6 active
PARALLEL PROGRESS: 21/30 complete; 6 active
PARALLEL PROGRESS: 21/30 complete; 6 active
PARALLEL PROGRESS: 21/30 complete; 6 active
PARALLEL PROGRESS: 21/30 complete; 6 active
PARALLEL PROGRESS: 21/30 complete; 6 active
PARALLEL PROGRESS: 21/30 complete; 6 active
PARALLEL PROGRESS: 21/30 complete; 6 active
PARALLEL PROGRESS: 21/30 complete; 6 active
PARALLEL PROGRESS: 21/30 complete; 6 active
PARALLEL PROGRESS: 21/30 complete; 6 active
PARALLEL PROGRESS: 21/30 complete; 6 active
PARALLEL PROGRESS: 21/30 complete; 6 active
PARALLEL PROGRESS: 21/30 complete; 6 active
PARALLEL PROGRESS: 21/30 complete; 6 active
PARALLEL PROGRESS: 21/30 complete; 6 active
PARALLEL PROGRESS: 21/30 complete; 6 active
PARALLEL PROGRESS: 21/30 complete; 6 active
PARALLEL PROGRESS: 21/30 complete; 6 active
PARALLEL PROGRESS: 21/30 complete; 6 active
PARALLEL PROGRESS: 21/30 complete; 6 active
PARALLEL PROGRESS: 21/30 complete; 6 active
PARALLEL PROGRESS: 21/30 complete; 6 active
PARALLEL PROGRESS: 21/30 complete; 6 active
PARALLEL PROGRESS: 21/30 complete; 6 active
PARALLEL PROGRESS: 21/30 complete; 6 active
PARALLEL PROGRESS: 21/30 complete; 6 active
PARALLEL PROGRESS: 21/30 complete; 6 active
PARALLEL PROGRESS: 21/30 complete; 6 active
PARALLEL PROGRESS: 21/30 complete; 6 active
PARALLEL PROGRESS: 21/30 complete; 6 active
PARALLEL PROGRESS: 21/30 complete; 6 active
PARALLEL PROGRESS: 21/30 complete; 6 active
PARALLEL PROGRESS: 21/30 complete; 6 active
PARALLEL PROGRESS: 21/30 complete; 6 active
PARALLEL PROGRESS: 21/30 complete; 6 active
PARALLEL PROGRESS: 21/30 complete; 6 active
PARALLEL PROGRESS: 21/30 complete; 6 active
PARALLEL PROGRESS: 21/30 complete; 6 active
PARALLEL PROGRESS: 21/30 complete; 6 active
PARALLEL PROGRESS: 21/30 complete; 6 active
PARALLEL PROGRESS: 21/30 complete; 6 active
PARALLEL PROGRESS: 21/30 complete; 6 active
PARALLEL PROGRESS: 21/30 complete; 6 active
PARALLEL PROGRESS: 21/30 complete; 6 active
PARALLEL PROGRESS: 21/30 complete; 6 active
PARALLEL PROGRESS: 21/30 complete; 6 active
PARALLEL PROGRESS: 21/30 complete; 6 active
PARALLEL PROGRESS: 21/30 complete; 6 active
PARALLEL PROGRESS: 21/30 complete; 6 active
PARALLEL PROGRESS: 21/30 complete; 6 active
PARALLEL PROGRESS: 21/30 complete; 6 active
PARALLEL PROGRESS: 21/30 complete; 6 active
PARALLEL PROGRESS: 21/30 complete; 6 active
PARALLEL PROGRESS: 21/30 complete; 6 active
PARALLEL PROGRESS: 21/30 complete; 6 active
PARALLEL PROGRESS: 21/30 complete; 6 active
PARALLEL PROGRESS: 21/30 complete; 6 active
PARALLEL PROGRESS: 21/30 complete; 6 active
PARALLEL PROGRESS: 21/30 complete; 6 active
PARALLEL PROGRESS: 21/30 complete; 6 active
PARALLEL PROGRESS: 21/30 complete; 6 active
PARALLEL PROGRESS: 21/30 complete; 6 active
PARALLEL PROGRESS: 21/30 complete; 6 active
PARALLEL PROGRESS: 21/30 complete; 6 active
PARALLEL PROGRESS: 21/30 complete; 6 active
PARALLEL PROGRESS: 21/30 complete; 6 active
PARALLEL PROGRESS: 21/30 complete; 6 active
PARALLEL PROGRESS: 21/30 complete; 6 active
FINISH JOB 24/30 (22 complete)
START JOB 28/30 GPU=GPU-b8a9b253-8713-5d3b-1d65-e007fbdb7588 LOG=/home/yqt/XuanyiLi/RL-for-charging/revision_results/experiment_6_gpu_parallel_2500_5seeds_90s/20260928_194517_801804/parallel_scaling_jobs/job_0027/worker.log
PARALLEL PROGRESS: 22/30 complete; 6 active
PARALLEL PROGRESS: 22/30 complete; 6 active
PARALLEL PROGRESS: 22/30 complete; 6 active
PARALLEL PROGRESS: 22/30 complete; 6 active
PARALLEL PROGRESS: 22/30 complete; 6 active
PARALLEL PROGRESS: 22/30 complete; 6 active
PARALLEL PROGRESS: 22/30 complete; 6 active
PARALLEL PROGRESS: 22/30 complete; 6 active
PARALLEL PROGRESS: 22/30 complete; 6 active
PARALLEL PROGRESS: 22/30 complete; 6 active
PARALLEL PROGRESS: 22/30 complete; 6 active
PARALLEL PROGRESS: 22/30 complete; 6 active
PARALLEL PROGRESS: 22/30 complete; 6 active
PARALLEL PROGRESS: 22/30 complete; 6 active
PARALLEL PROGRESS: 22/30 complete; 6 active
PARALLEL PROGRESS: 22/30 complete; 6 active
FINISH JOB 26/30 (23 complete)
START JOB 29/30 GPU=GPU-852c53c7-8b53-1abc-0811-713083167dbe LOG=/home/yqt/XuanyiLi/RL-for-charging/revision_results/experiment_6_gpu_parallel_2500_5seeds_90s/20260928_194517_801804/parallel_scaling_jobs/job_0028/worker.log
PARALLEL PROGRESS: 23/30 complete; 6 active
PARALLEL PROGRESS: 23/30 complete; 6 active
PARALLEL PROGRESS: 23/30 complete; 6 active
PARALLEL PROGRESS: 23/30 complete; 6 active
PARALLEL PROGRESS: 23/30 complete; 6 active
PARALLEL PROGRESS: 23/30 complete; 6 active
PARALLEL PROGRESS: 23/30 complete; 6 active
PARALLEL PROGRESS: 23/30 complete; 6 active
PARALLEL PROGRESS: 23/30 complete; 6 active
PARALLEL PROGRESS: 23/30 complete; 6 active
PARALLEL PROGRESS: 23/30 complete; 6 active
PARALLEL PROGRESS: 23/30 complete; 6 active
PARALLEL PROGRESS: 23/30 complete; 6 active
PARALLEL PROGRESS: 23/30 complete; 6 active
PARALLEL PROGRESS: 23/30 complete; 6 active
PARALLEL PROGRESS: 23/30 complete; 6 active
PARALLEL PROGRESS: 23/30 complete; 6 active
PARALLEL PROGRESS: 23/30 complete; 6 active
PARALLEL PROGRESS: 23/30 complete; 6 active
PARALLEL PROGRESS: 23/30 complete; 6 active
PARALLEL PROGRESS: 23/30 complete; 6 active
PARALLEL PROGRESS: 23/30 complete; 6 active
PARALLEL PROGRESS: 23/30 complete; 6 active
PARALLEL PROGRESS: 23/30 complete; 6 active
PARALLEL PROGRESS: 23/30 complete; 6 active
PARALLEL PROGRESS: 23/30 complete; 6 active
PARALLEL PROGRESS: 23/30 complete; 6 active
PARALLEL PROGRESS: 23/30 complete; 6 active
PARALLEL PROGRESS: 23/30 complete; 6 active
PARALLEL PROGRESS: 23/30 complete; 6 active
PARALLEL PROGRESS: 23/30 complete; 6 active
PARALLEL PROGRESS: 23/30 complete; 6 active
PARALLEL PROGRESS: 23/30 complete; 6 active
PARALLEL PROGRESS: 23/30 complete; 6 active
PARALLEL PROGRESS: 23/30 complete; 6 active
PARALLEL PROGRESS: 23/30 complete; 6 active
PARALLEL PROGRESS: 23/30 complete; 6 active
PARALLEL PROGRESS: 23/30 complete; 6 active
PARALLEL PROGRESS: 23/30 complete; 6 active
PARALLEL PROGRESS: 23/30 complete; 6 active
PARALLEL PROGRESS: 23/30 complete; 6 active
PARALLEL PROGRESS: 23/30 complete; 6 active
PARALLEL PROGRESS: 23/30 complete; 6 active
PARALLEL PROGRESS: 23/30 complete; 6 active
PARALLEL PROGRESS: 23/30 complete; 6 active
PARALLEL PROGRESS: 23/30 complete; 6 active
PARALLEL PROGRESS: 23/30 complete; 6 active
PARALLEL PROGRESS: 23/30 complete; 6 active
PARALLEL PROGRESS: 23/30 complete; 6 active
PARALLEL PROGRESS: 23/30 complete; 6 active
PARALLEL PROGRESS: 23/30 complete; 6 active
PARALLEL PROGRESS: 23/30 complete; 6 active
PARALLEL PROGRESS: 23/30 complete; 6 active
PARALLEL PROGRESS: 23/30 complete; 6 active
PARALLEL PROGRESS: 23/30 complete; 6 active
PARALLEL PROGRESS: 23/30 complete; 6 active
PARALLEL PROGRESS: 23/30 complete; 6 active
PARALLEL PROGRESS: 23/30 complete; 6 active
PARALLEL PROGRESS: 23/30 complete; 6 active
PARALLEL PROGRESS: 23/30 complete; 6 active
PARALLEL PROGRESS: 23/30 complete; 6 active
PARALLEL PROGRESS: 23/30 complete; 6 active
PARALLEL PROGRESS: 23/30 complete; 6 active
PARALLEL PROGRESS: 23/30 complete; 6 active
PARALLEL PROGRESS: 23/30 complete; 6 active
PARALLEL PROGRESS: 23/30 complete; 6 active
PARALLEL PROGRESS: 23/30 complete; 6 active
PARALLEL PROGRESS: 23/30 complete; 6 active
PARALLEL PROGRESS: 23/30 complete; 6 active
PARALLEL PROGRESS: 23/30 complete; 6 active
PARALLEL PROGRESS: 23/30 complete; 6 active
PARALLEL PROGRESS: 23/30 complete; 6 active
PARALLEL PROGRESS: 23/30 complete; 6 active
PARALLEL PROGRESS: 23/30 complete; 6 active
PARALLEL PROGRESS: 23/30 complete; 6 active
PARALLEL PROGRESS: 23/30 complete; 6 active
PARALLEL PROGRESS: 23/30 complete; 6 active
PARALLEL PROGRESS: 23/30 complete; 6 active
PARALLEL PROGRESS: 23/30 complete; 6 active
PARALLEL PROGRESS: 23/30 complete; 6 active
PARALLEL PROGRESS: 23/30 complete; 6 active
PARALLEL PROGRESS: 23/30 complete; 6 active
PARALLEL PROGRESS: 23/30 complete; 6 active
PARALLEL PROGRESS: 23/30 complete; 6 active
PARALLEL PROGRESS: 23/30 complete; 6 active
PARALLEL PROGRESS: 23/30 complete; 6 active
PARALLEL PROGRESS: 23/30 complete; 6 active
PARALLEL PROGRESS: 23/30 complete; 6 active
PARALLEL PROGRESS: 23/30 complete; 6 active
PARALLEL PROGRESS: 23/30 complete; 6 active
PARALLEL PROGRESS: 23/30 complete; 6 active
PARALLEL PROGRESS: 23/30 complete; 6 active
PARALLEL PROGRESS: 23/30 complete; 6 active
PARALLEL PROGRESS: 23/30 complete; 6 active
PARALLEL PROGRESS: 23/30 complete; 6 active
PARALLEL PROGRESS: 23/30 complete; 6 active
PARALLEL PROGRESS: 23/30 complete; 6 active
PARALLEL PROGRESS: 23/30 complete; 6 active
PARALLEL PROGRESS: 23/30 complete; 6 active
PARALLEL PROGRESS: 23/30 complete; 6 active
PARALLEL PROGRESS: 23/30 complete; 6 active
PARALLEL PROGRESS: 23/30 complete; 6 active
PARALLEL PROGRESS: 23/30 complete; 6 active
Traceback (most recent call last):
  File "/home/yqt/XuanyiLi/RL-for-charging/revision_gpu/run_study.py", line 78, in main
    result=module.run(paths.ROOT,out,cfg)
           ^^^^^^^^^^^^^^^^^^^^^^^^^^^^^^
  File "/home/yqt/XuanyiLi/RL-for-charging/revision_gpu/experiment6.py", line 367, in run
    completed=execute_jobs(jobs,out/'parallel_scaling_jobs',effective)
              ^^^^^^^^^^^^^^^^^^^^^^^^^^^^^^^^^^^^^^^^^^^^^^^^^^^^^^^^
  File "/home/yqt/XuanyiLi/RL-for-charging/revision_gpu/parallel_jobs.py", line 78, in execute_jobs
    raise RuntimeError(f'Worker {index} failed (exit {code}); inspect {folder/"worker.log"}')
RuntimeError: Worker 20 failed (exit -15); inspect /home/yqt/XuanyiLi/RL-for-charging/revision_results/experiment_6_gpu_parallel_2500_5seeds_90s/20260928_194517_801804/parallel_scaling_jobs/job_0020/worker.log
OUTPUT: /home/yqt/XuanyiLi/RL-for-charging/revision_results/experiment_6_gpu_parallel_2500_5seeds_90s/20260928_194517_801804
LEARNING DEVICE: cuda:0 NVIDIA RTX PRO 6000 Blackwell Server Edition
REUSE COMPLETED JOB: 0 /home/yqt/XuanyiLi/RL-for-charging/revision_results/experiment_6_gpu_parallel_2500_5seeds_90s/20260928_194517_801804/parallel_scaling_jobs/job_0000
REUSE COMPLETED JOB: 1 /home/yqt/XuanyiLi/RL-for-charging/revision_results/experiment_6_gpu_parallel_2500_5seeds_90s/20260928_194517_801804/parallel_scaling_jobs/job_0001
REUSE COMPLETED JOB: 2 /home/yqt/XuanyiLi/RL-for-charging/revision_results/experiment_6_gpu_parallel_2500_5seeds_90s/20260928_194517_801804/parallel_scaling_jobs/job_0002
REUSE COMPLETED JOB: 3 /home/yqt/XuanyiLi/RL-for-charging/revision_results/experiment_6_gpu_parallel_2500_5seeds_90s/20260928_194517_801804/parallel_scaling_jobs/job_0003
REUSE COMPLETED JOB: 4 /home/yqt/XuanyiLi/RL-for-charging/revision_results/experiment_6_gpu_parallel_2500_5seeds_90s/20260928_194517_801804/parallel_scaling_jobs/job_0004
REUSE COMPLETED JOB: 5 /home/yqt/XuanyiLi/RL-for-charging/revision_results/experiment_6_gpu_parallel_2500_5seeds_90s/20260928_194517_801804/parallel_scaling_jobs/job_0005
REUSE COMPLETED JOB: 6 /home/yqt/XuanyiLi/RL-for-charging/revision_results/experiment_6_gpu_parallel_2500_5seeds_90s/20260928_194517_801804/parallel_scaling_jobs/job_0006
REUSE COMPLETED JOB: 7 /home/yqt/XuanyiLi/RL-for-charging/revision_results/experiment_6_gpu_parallel_2500_5seeds_90s/20260928_194517_801804/parallel_scaling_jobs/job_0007
REUSE COMPLETED JOB: 8 /home/yqt/XuanyiLi/RL-for-charging/revision_results/experiment_6_gpu_parallel_2500_5seeds_90s/20260928_194517_801804/parallel_scaling_jobs/job_0008
REUSE COMPLETED JOB: 9 /home/yqt/XuanyiLi/RL-for-charging/revision_results/experiment_6_gpu_parallel_2500_5seeds_90s/20260928_194517_801804/parallel_scaling_jobs/job_0009
REUSE COMPLETED JOB: 10 /home/yqt/XuanyiLi/RL-for-charging/revision_results/experiment_6_gpu_parallel_2500_5seeds_90s/20260928_194517_801804/parallel_scaling_jobs/job_0010
REUSE COMPLETED JOB: 11 /home/yqt/XuanyiLi/RL-for-charging/revision_results/experiment_6_gpu_parallel_2500_5seeds_90s/20260928_194517_801804/parallel_scaling_jobs/job_0011
REUSE COMPLETED JOB: 12 /home/yqt/XuanyiLi/RL-for-charging/revision_results/experiment_6_gpu_parallel_2500_5seeds_90s/20260928_194517_801804/parallel_scaling_jobs/job_0012
REUSE COMPLETED JOB: 13 /home/yqt/XuanyiLi/RL-for-charging/revision_results/experiment_6_gpu_parallel_2500_5seeds_90s/20260928_194517_801804/parallel_scaling_jobs/job_0013
REUSE COMPLETED JOB: 14 /home/yqt/XuanyiLi/RL-for-charging/revision_results/experiment_6_gpu_parallel_2500_5seeds_90s/20260928_194517_801804/parallel_scaling_jobs/job_0014
REUSE COMPLETED JOB: 15 /home/yqt/XuanyiLi/RL-for-charging/revision_results/experiment_6_gpu_parallel_2500_5seeds_90s/20260928_194517_801804/parallel_scaling_jobs/job_0015
REUSE COMPLETED JOB: 16 /home/yqt/XuanyiLi/RL-for-charging/revision_results/experiment_6_gpu_parallel_2500_5seeds_90s/20260928_194517_801804/parallel_scaling_jobs/job_0016
REUSE COMPLETED JOB: 17 /home/yqt/XuanyiLi/RL-for-charging/revision_results/experiment_6_gpu_parallel_2500_5seeds_90s/20260928_194517_801804/parallel_scaling_jobs/job_0017
REUSE COMPLETED JOB: 18 /home/yqt/XuanyiLi/RL-for-charging/revision_results/experiment_6_gpu_parallel_2500_5seeds_90s/20260928_194517_801804/parallel_scaling_jobs/job_0018
REUSE COMPLETED JOB: 19 /home/yqt/XuanyiLi/RL-for-charging/revision_results/experiment_6_gpu_parallel_2500_5seeds_90s/20260928_194517_801804/parallel_scaling_jobs/job_0019
REUSE COMPLETED JOB: 21 /home/yqt/XuanyiLi/RL-for-charging/revision_results/experiment_6_gpu_parallel_2500_5seeds_90s/20260928_194517_801804/parallel_scaling_jobs/job_0021
REUSE COMPLETED JOB: 23 /home/yqt/XuanyiLi/RL-for-charging/revision_results/experiment_6_gpu_parallel_2500_5seeds_90s/20260928_194517_801804/parallel_scaling_jobs/job_0023
REUSE COMPLETED JOB: 25 /home/yqt/XuanyiLi/RL-for-charging/revision_results/experiment_6_gpu_parallel_2500_5seeds_90s/20260928_194517_801804/parallel_scaling_jobs/job_0025
START JOB 21/30 GPU=GPU-b8a9b253-8713-5d3b-1d65-e007fbdb7588 LOG=/home/yqt/XuanyiLi/RL-for-charging/revision_results/experiment_6_gpu_parallel_2500_5seeds_90s/20260928_194517_801804/parallel_scaling_jobs/job_0020/worker.log
START JOB 23/30 GPU=GPU-b8a9b253-8713-5d3b-1d65-e007fbdb7588 LOG=/home/yqt/XuanyiLi/RL-for-charging/revision_results/experiment_6_gpu_parallel_2500_5seeds_90s/20260928_194517_801804/parallel_scaling_jobs/job_0022/worker.log
START JOB 25/30 GPU=GPU-b8a9b253-8713-5d3b-1d65-e007fbdb7588 LOG=/home/yqt/XuanyiLi/RL-for-charging/revision_results/experiment_6_gpu_parallel_2500_5seeds_90s/20260928_194517_801804/parallel_scaling_jobs/job_0024/worker.log
START JOB 27/30 GPU=GPU-b8a9b253-8713-5d3b-1d65-e007fbdb7588 LOG=/home/yqt/XuanyiLi/RL-for-charging/revision_results/experiment_6_gpu_parallel_2500_5seeds_90s/20260928_194517_801804/parallel_scaling_jobs/job_0026/worker.log
START JOB 28/30 GPU=GPU-b8a9b253-8713-5d3b-1d65-e007fbdb7588 LOG=/home/yqt/XuanyiLi/RL-for-charging/revision_results/experiment_6_gpu_parallel_2500_5seeds_90s/20260928_194517_801804/parallel_scaling_jobs/job_0027/worker.log
START JOB 29/30 GPU=GPU-b8a9b253-8713-5d3b-1d65-e007fbdb7588 LOG=/home/yqt/XuanyiLi/RL-for-charging/revision_results/experiment_6_gpu_parallel_2500_5seeds_90s/20260928_194517_801804/parallel_scaling_jobs/job_0028/worker.log
PARALLEL PROGRESS: 23/30 complete; 6 active
PARALLEL PROGRESS: 23/30 complete; 6 active
PARALLEL PROGRESS: 23/30 complete; 6 active
PARALLEL PROGRESS: 23/30 complete; 6 active
PARALLEL PROGRESS: 23/30 complete; 6 active
PARALLEL PROGRESS: 23/30 complete; 6 active
PARALLEL PROGRESS: 23/30 complete; 6 active
PARALLEL PROGRESS: 23/30 complete; 6 active
PARALLEL PROGRESS: 23/30 complete; 6 active
PARALLEL PROGRESS: 23/30 complete; 6 active
PARALLEL PROGRESS: 23/30 complete; 6 active
PARALLEL PROGRESS: 23/30 complete; 6 active
PARALLEL PROGRESS: 23/30 complete; 6 active
PARALLEL PROGRESS: 23/30 complete; 6 active
PARALLEL PROGRESS: 23/30 complete; 6 active
PARALLEL PROGRESS: 23/30 complete; 6 active
PARALLEL PROGRESS: 23/30 complete; 6 active
PARALLEL PROGRESS: 23/30 complete; 6 active
PARALLEL PROGRESS: 23/30 complete; 6 active
PARALLEL PROGRESS: 23/30 complete; 6 active
PARALLEL PROGRESS: 23/30 complete; 6 active
PARALLEL PROGRESS: 23/30 complete; 6 active
PARALLEL PROGRESS: 23/30 complete; 6 active
PARALLEL PROGRESS: 23/30 complete; 6 active
PARALLEL PROGRESS: 23/30 complete; 6 active
PARALLEL PROGRESS: 23/30 complete; 6 active
PARALLEL PROGRESS: 23/30 complete; 6 active
PARALLEL PROGRESS: 23/30 complete; 6 active
PARALLEL PROGRESS: 23/30 complete; 6 active
PARALLEL PROGRESS: 23/30 complete; 6 active
PARALLEL PROGRESS: 23/30 complete; 6 active
PARALLEL PROGRESS: 23/30 complete; 6 active
PARALLEL PROGRESS: 23/30 complete; 6 active
PARALLEL PROGRESS: 23/30 complete; 6 active
PARALLEL PROGRESS: 23/30 complete; 6 active
PARALLEL PROGRESS: 23/30 complete; 6 active
PARALLEL PROGRESS: 23/30 complete; 6 active
PARALLEL PROGRESS: 23/30 complete; 6 active
PARALLEL PROGRESS: 23/30 complete; 6 active
PARALLEL PROGRESS: 23/30 complete; 6 active
PARALLEL PROGRESS: 23/30 complete; 6 active
PARALLEL PROGRESS: 23/30 complete; 6 active
PARALLEL PROGRESS: 23/30 complete; 6 active
PARALLEL PROGRESS: 23/30 complete; 6 active
PARALLEL PROGRESS: 23/30 complete; 6 active
PARALLEL PROGRESS: 23/30 complete; 6 active
PARALLEL PROGRESS: 23/30 complete; 6 active
PARALLEL PROGRESS: 23/30 complete; 6 active
PARALLEL PROGRESS: 23/30 complete; 6 active
PARALLEL PROGRESS: 23/30 complete; 6 active
PARALLEL PROGRESS: 23/30 complete; 6 active
PARALLEL PROGRESS: 23/30 complete; 6 active
PARALLEL PROGRESS: 23/30 complete; 6 active
PARALLEL PROGRESS: 23/30 complete; 6 active
PARALLEL PROGRESS: 23/30 complete; 6 active
PARALLEL PROGRESS: 23/30 complete; 6 active
PARALLEL PROGRESS: 23/30 complete; 6 active
PARALLEL PROGRESS: 23/30 complete; 6 active
PARALLEL PROGRESS: 23/30 complete; 6 active
PARALLEL PROGRESS: 23/30 complete; 6 active
PARALLEL PROGRESS: 23/30 complete; 6 active
PARALLEL PROGRESS: 23/30 complete; 6 active
PARALLEL PROGRESS: 23/30 complete; 6 active
PARALLEL PROGRESS: 23/30 complete; 6 active
PARALLEL PROGRESS: 23/30 complete; 6 active
PARALLEL PROGRESS: 23/30 complete; 6 active
PARALLEL PROGRESS: 23/30 complete; 6 active
PARALLEL PROGRESS: 23/30 complete; 6 active
PARALLEL PROGRESS: 23/30 complete; 6 active
PARALLEL PROGRESS: 23/30 complete; 6 active
PARALLEL PROGRESS: 23/30 complete; 6 active
PARALLEL PROGRESS: 23/30 complete; 6 active
PARALLEL PROGRESS: 23/30 complete; 6 active
PARALLEL PROGRESS: 23/30 complete; 6 active
PARALLEL PROGRESS: 23/30 complete; 6 active
PARALLEL PROGRESS: 23/30 complete; 6 active
PARALLEL PROGRESS: 23/30 complete; 6 active
PARALLEL PROGRESS: 23/30 complete; 6 active
PARALLEL PROGRESS: 23/30 complete; 6 active
PARALLEL PROGRESS: 23/30 complete; 6 active
PARALLEL PROGRESS: 23/30 complete; 6 active
PARALLEL PROGRESS: 23/30 complete; 6 active
PARALLEL PROGRESS: 23/30 complete; 6 active
PARALLEL PROGRESS: 23/30 complete; 6 active
PARALLEL PROGRESS: 23/30 complete; 6 active
PARALLEL PROGRESS: 23/30 complete; 6 active
PARALLEL PROGRESS: 23/30 complete; 6 active
PARALLEL PROGRESS: 23/30 complete; 6 active
PARALLEL PROGRESS: 23/30 complete; 6 active
PARALLEL PROGRESS: 23/30 complete; 6 active
PARALLEL PROGRESS: 23/30 complete; 6 active
PARALLEL PROGRESS: 23/30 complete; 6 active
PARALLEL PROGRESS: 23/30 complete; 6 active
PARALLEL PROGRESS: 23/30 complete; 6 active
PARALLEL PROGRESS: 23/30 complete; 6 active
PARALLEL PROGRESS: 23/30 complete; 6 active
PARALLEL PROGRESS: 23/30 complete; 6 active
PARALLEL PROGRESS: 23/30 complete; 6 active
PARALLEL PROGRESS: 23/30 complete; 6 active
PARALLEL PROGRESS: 23/30 complete; 6 active
PARALLEL PROGRESS: 23/30 complete; 6 active
PARALLEL PROGRESS: 23/30 complete; 6 active
PARALLEL PROGRESS: 23/30 complete; 6 active
PARALLEL PROGRESS: 23/30 complete; 6 active
PARALLEL PROGRESS: 23/30 complete; 6 active
PARALLEL PROGRESS: 23/30 complete; 6 active
PARALLEL PROGRESS: 23/30 complete; 6 active
PARALLEL PROGRESS: 23/30 complete; 6 active
PARALLEL PROGRESS: 23/30 complete; 6 active
PARALLEL PROGRESS: 23/30 complete; 6 active
PARALLEL PROGRESS: 23/30 complete; 6 active
PARALLEL PROGRESS: 23/30 complete; 6 active
PARALLEL PROGRESS: 23/30 complete; 6 active
PARALLEL PROGRESS: 23/30 complete; 6 active
PARALLEL PROGRESS: 23/30 complete; 6 active
PARALLEL PROGRESS: 23/30 complete; 6 active
PARALLEL PROGRESS: 23/30 complete; 6 active
PARALLEL PROGRESS: 23/30 complete; 6 active
PARALLEL PROGRESS: 23/30 complete; 6 active
PARALLEL PROGRESS: 23/30 complete; 6 active
PARALLEL PROGRESS: 23/30 complete; 6 active
PARALLEL PROGRESS: 23/30 complete; 6 active
PARALLEL PROGRESS: 23/30 complete; 6 active
PARALLEL PROGRESS: 23/30 complete; 6 active
PARALLEL PROGRESS: 23/30 complete; 6 active
PARALLEL PROGRESS: 23/30 complete; 6 active
PARALLEL PROGRESS: 23/30 complete; 6 active
PARALLEL PROGRESS: 23/30 complete; 6 active
PARALLEL PROGRESS: 23/30 complete; 6 active
PARALLEL PROGRESS: 23/30 complete; 6 active
PARALLEL PROGRESS: 23/30 complete; 6 active
PARALLEL PROGRESS: 23/30 complete; 6 active
PARALLEL PROGRESS: 23/30 complete; 6 active
PARALLEL PROGRESS: 23/30 complete; 6 active
PARALLEL PROGRESS: 23/30 complete; 6 active
PARALLEL PROGRESS: 23/30 complete; 6 active
PARALLEL PROGRESS: 23/30 complete; 6 active
PARALLEL PROGRESS: 23/30 complete; 6 active
PARALLEL PROGRESS: 23/30 complete; 6 active
PARALLEL PROGRESS: 23/30 complete; 6 active
PARALLEL PROGRESS: 23/30 complete; 6 active
PARALLEL PROGRESS: 23/30 complete; 6 active
PARALLEL PROGRESS: 23/30 complete; 6 active
PARALLEL PROGRESS: 23/30 complete; 6 active
PARALLEL PROGRESS: 23/30 complete; 6 active
PARALLEL PROGRESS: 23/30 complete; 6 active
PARALLEL PROGRESS: 23/30 complete; 6 active
PARALLEL PROGRESS: 23/30 complete; 6 active
PARALLEL PROGRESS: 23/30 complete; 6 active
PARALLEL PROGRESS: 23/30 complete; 6 active
PARALLEL PROGRESS: 23/30 complete; 6 active
PARALLEL PROGRESS: 23/30 complete; 6 active
PARALLEL PROGRESS: 23/30 complete; 6 active
PARALLEL PROGRESS: 23/30 complete; 6 active
PARALLEL PROGRESS: 23/30 complete; 6 active
PARALLEL PROGRESS: 23/30 complete; 6 active
PARALLEL PROGRESS: 23/30 complete; 6 active
PARALLEL PROGRESS: 23/30 complete; 6 active
PARALLEL PROGRESS: 23/30 complete; 6 active
PARALLEL PROGRESS: 23/30 complete; 6 active
PARALLEL PROGRESS: 23/30 complete; 6 active
PARALLEL PROGRESS: 23/30 complete; 6 active
PARALLEL PROGRESS: 23/30 complete; 6 active
PARALLEL PROGRESS: 23/30 complete; 6 active
PARALLEL PROGRESS: 23/30 complete; 6 active
PARALLEL PROGRESS: 23/30 complete; 6 active
PARALLEL PROGRESS: 23/30 complete; 6 active
PARALLEL PROGRESS: 23/30 complete; 6 active
PARALLEL PROGRESS: 23/30 complete; 6 active
PARALLEL PROGRESS: 23/30 complete; 6 active
PARALLEL PROGRESS: 23/30 complete; 6 active
PARALLEL PROGRESS: 23/30 complete; 6 active
PARALLEL PROGRESS: 23/30 complete; 6 active
PARALLEL PROGRESS: 23/30 complete; 6 active
PARALLEL PROGRESS: 23/30 complete; 6 active
PARALLEL PROGRESS: 23/30 complete; 6 active
PARALLEL PROGRESS: 23/30 complete; 6 active
PARALLEL PROGRESS: 23/30 complete; 6 active
PARALLEL PROGRESS: 23/30 complete; 6 active
PARALLEL PROGRESS: 23/30 complete; 6 active
PARALLEL PROGRESS: 23/30 complete; 6 active
PARALLEL PROGRESS: 23/30 complete; 6 active
PARALLEL PROGRESS: 23/30 complete; 6 active
PARALLEL PROGRESS: 23/30 complete; 6 active
PARALLEL PROGRESS: 23/30 complete; 6 active
PARALLEL PROGRESS: 23/30 complete; 6 active
PARALLEL PROGRESS: 23/30 complete; 6 active
PARALLEL PROGRESS: 23/30 complete; 6 active
PARALLEL PROGRESS: 23/30 complete; 6 active
PARALLEL PROGRESS: 23/30 complete; 6 active
PARALLEL PROGRESS: 23/30 complete; 6 active
PARALLEL PROGRESS: 23/30 complete; 6 active
PARALLEL PROGRESS: 23/30 complete; 6 active
PARALLEL PROGRESS: 23/30 complete; 6 active
PARALLEL PROGRESS: 23/30 complete; 6 active
PARALLEL PROGRESS: 23/30 complete; 6 active
PARALLEL PROGRESS: 23/30 complete; 6 active
PARALLEL PROGRESS: 23/30 complete; 6 active
PARALLEL PROGRESS: 23/30 complete; 6 active
PARALLEL PROGRESS: 23/30 complete; 6 active
PARALLEL PROGRESS: 23/30 complete; 6 active
PARALLEL PROGRESS: 23/30 complete; 6 active
PARALLEL PROGRESS: 23/30 complete; 6 active
PARALLEL PROGRESS: 23/30 complete; 6 active
PARALLEL PROGRESS: 23/30 complete; 6 active
PARALLEL PROGRESS: 23/30 complete; 6 active
PARALLEL PROGRESS: 23/30 complete; 6 active
PARALLEL PROGRESS: 23/30 complete; 6 active
PARALLEL PROGRESS: 23/30 complete; 6 active
PARALLEL PROGRESS: 23/30 complete; 6 active
PARALLEL PROGRESS: 23/30 complete; 6 active
PARALLEL PROGRESS: 23/30 complete; 6 active
PARALLEL PROGRESS: 23/30 complete; 6 active
PARALLEL PROGRESS: 23/30 complete; 6 active
PARALLEL PROGRESS: 23/30 complete; 6 active
PARALLEL PROGRESS: 23/30 complete; 6 active
PARALLEL PROGRESS: 23/30 complete; 6 active
PARALLEL PROGRESS: 23/30 complete; 6 active
PARALLEL PROGRESS: 23/30 complete; 6 active
PARALLEL PROGRESS: 23/30 complete; 6 active
PARALLEL PROGRESS: 23/30 complete; 6 active
PARALLEL PROGRESS: 23/30 complete; 6 active
PARALLEL PROGRESS: 23/30 complete; 6 active
PARALLEL PROGRESS: 23/30 complete; 6 active
PARALLEL PROGRESS: 23/30 complete; 6 active
PARALLEL PROGRESS: 23/30 complete; 6 active
PARALLEL PROGRESS: 23/30 complete; 6 active
PARALLEL PROGRESS: 23/30 complete; 6 active
PARALLEL PROGRESS: 23/30 complete; 6 active
PARALLEL PROGRESS: 23/30 complete; 6 active
PARALLEL PROGRESS: 23/30 complete; 6 active
PARALLEL PROGRESS: 23/30 complete; 6 active
PARALLEL PROGRESS: 23/30 complete; 6 active
PARALLEL PROGRESS: 23/30 complete; 6 active
PARALLEL PROGRESS: 23/30 complete; 6 active
PARALLEL PROGRESS: 23/30 complete; 6 active
PARALLEL PROGRESS: 23/30 complete; 6 active
PARALLEL PROGRESS: 23/30 complete; 6 active
PARALLEL PROGRESS: 23/30 complete; 6 active
PARALLEL PROGRESS: 23/30 complete; 6 active
PARALLEL PROGRESS: 23/30 complete; 6 active
PARALLEL PROGRESS: 23/30 complete; 6 active
PARALLEL PROGRESS: 23/30 complete; 6 active
PARALLEL PROGRESS: 23/30 complete; 6 active
PARALLEL PROGRESS: 23/30 complete; 6 active
PARALLEL PROGRESS: 23/30 complete; 6 active
PARALLEL PROGRESS: 23/30 complete; 6 active
PARALLEL PROGRESS: 23/30 complete; 6 active
PARALLEL PROGRESS: 23/30 complete; 6 active
PARALLEL PROGRESS: 23/30 complete; 6 active
PARALLEL PROGRESS: 23/30 complete; 6 active
PARALLEL PROGRESS: 23/30 complete; 6 active
PARALLEL PROGRESS: 23/30 complete; 6 active
PARALLEL PROGRESS: 23/30 complete; 6 active
PARALLEL PROGRESS: 23/30 complete; 6 active
PARALLEL PROGRESS: 23/30 complete; 6 active
PARALLEL PROGRESS: 23/30 complete; 6 active
PARALLEL PROGRESS: 23/30 complete; 6 active
PARALLEL PROGRESS: 23/30 complete; 6 active
PARALLEL PROGRESS: 23/30 complete; 6 active
PARALLEL PROGRESS: 23/30 complete; 6 active
PARALLEL PROGRESS: 23/30 complete; 6 active
PARALLEL PROGRESS: 23/30 complete; 6 active
PARALLEL PROGRESS: 23/30 complete; 6 active
PARALLEL PROGRESS: 23/30 complete; 6 active
PARALLEL PROGRESS: 23/30 complete; 6 active
PARALLEL PROGRESS: 23/30 complete; 6 active
PARALLEL PROGRESS: 23/30 complete; 6 active
PARALLEL PROGRESS: 23/30 complete; 6 active
PARALLEL PROGRESS: 23/30 complete; 6 active
PARALLEL PROGRESS: 23/30 complete; 6 active
PARALLEL PROGRESS: 23/30 complete; 6 active
PARALLEL PROGRESS: 23/30 complete; 6 active
PARALLEL PROGRESS: 23/30 complete; 6 active
PARALLEL PROGRESS: 23/30 complete; 6 active
PARALLEL PROGRESS: 23/30 complete; 6 active
PARALLEL PROGRESS: 23/30 complete; 6 active
PARALLEL PROGRESS: 23/30 complete; 6 active
PARALLEL PROGRESS: 23/30 complete; 6 active
PARALLEL PROGRESS: 23/30 complete; 6 active
PARALLEL PROGRESS: 23/30 complete; 6 active
PARALLEL PROGRESS: 23/30 complete; 6 active
PARALLEL PROGRESS: 23/30 complete; 6 active
PARALLEL PROGRESS: 23/30 complete; 6 active
PARALLEL PROGRESS: 23/30 complete; 6 active
PARALLEL PROGRESS: 23/30 complete; 6 active
PARALLEL PROGRESS: 23/30 complete; 6 active
PARALLEL PROGRESS: 23/30 complete; 6 active
PARALLEL PROGRESS: 23/30 complete; 6 active
PARALLEL PROGRESS: 23/30 complete; 6 active
PARALLEL PROGRESS: 23/30 complete; 6 active
PARALLEL PROGRESS: 23/30 complete; 6 active
PARALLEL PROGRESS: 23/30 complete; 6 active
PARALLEL PROGRESS: 23/30 complete; 6 active
PARALLEL PROGRESS: 23/30 complete; 6 active
PARALLEL PROGRESS: 23/30 complete; 6 active
PARALLEL PROGRESS: 23/30 complete; 6 active
PARALLEL PROGRESS: 23/30 complete; 6 active
PARALLEL PROGRESS: 23/30 complete; 6 active
PARALLEL PROGRESS: 23/30 complete; 6 active
PARALLEL PROGRESS: 23/30 complete; 6 active
PARALLEL PROGRESS: 23/30 complete; 6 active
PARALLEL PROGRESS: 23/30 complete; 6 active
PARALLEL PROGRESS: 23/30 complete; 6 active
PARALLEL PROGRESS: 23/30 complete; 6 active
PARALLEL PROGRESS: 23/30 complete; 6 active
PARALLEL PROGRESS: 23/30 complete; 6 active
PARALLEL PROGRESS: 23/30 complete; 6 active
PARALLEL PROGRESS: 23/30 complete; 6 active
PARALLEL PROGRESS: 23/30 complete; 6 active
PARALLEL PROGRESS: 23/30 complete; 6 active
PARALLEL PROGRESS: 23/30 complete; 6 active
PARALLEL PROGRESS: 23/30 complete; 6 active
PARALLEL PROGRESS: 23/30 complete; 6 active
PARALLEL PROGRESS: 23/30 complete; 6 active
PARALLEL PROGRESS: 23/30 complete; 6 active
PARALLEL PROGRESS: 23/30 complete; 6 active
PARALLEL PROGRESS: 23/30 complete; 6 active
PARALLEL PROGRESS: 23/30 complete; 6 active
PARALLEL PROGRESS: 23/30 complete; 6 active
PARALLEL PROGRESS: 23/30 complete; 6 active
PARALLEL PROGRESS: 23/30 complete; 6 active
PARALLEL PROGRESS: 23/30 complete; 6 active
PARALLEL PROGRESS: 23/30 complete; 6 active
PARALLEL PROGRESS: 23/30 complete; 6 active
PARALLEL PROGRESS: 23/30 complete; 6 active
PARALLEL PROGRESS: 23/30 complete; 6 active
PARALLEL PROGRESS: 23/30 complete; 6 active
PARALLEL PROGRESS: 23/30 complete; 6 active
PARALLEL PROGRESS: 23/30 complete; 6 active
PARALLEL PROGRESS: 23/30 complete; 6 active
PARALLEL PROGRESS: 23/30 complete; 6 active
PARALLEL PROGRESS: 23/30 complete; 6 active
PARALLEL PROGRESS: 23/30 complete; 6 active
PARALLEL PROGRESS: 23/30 complete; 6 active
PARALLEL PROGRESS: 23/30 complete; 6 active
PARALLEL PROGRESS: 23/30 complete; 6 active
PARALLEL PROGRESS: 23/30 complete; 6 active
PARALLEL PROGRESS: 23/30 complete; 6 active
PARALLEL PROGRESS: 23/30 complete; 6 active
PARALLEL PROGRESS: 23/30 complete; 6 active
PARALLEL PROGRESS: 23/30 complete; 6 active
PARALLEL PROGRESS: 23/30 complete; 6 active
PARALLEL PROGRESS: 23/30 complete; 6 active
PARALLEL PROGRESS: 23/30 complete; 6 active
PARALLEL PROGRESS: 23/30 complete; 6 active
PARALLEL PROGRESS: 23/30 complete; 6 active
PARALLEL PROGRESS: 23/30 complete; 6 active
PARALLEL PROGRESS: 23/30 complete; 6 active
PARALLEL PROGRESS: 23/30 complete; 6 active
PARALLEL PROGRESS: 23/30 complete; 6 active
PARALLEL PROGRESS: 23/30 complete; 6 active
PARALLEL PROGRESS: 23/30 complete; 6 active
PARALLEL PROGRESS: 23/30 complete; 6 active
PARALLEL PROGRESS: 23/30 complete; 6 active
PARALLEL PROGRESS: 23/30 complete; 6 active
PARALLEL PROGRESS: 23/30 complete; 6 active
PARALLEL PROGRESS: 23/30 complete; 6 active
PARALLEL PROGRESS: 23/30 complete; 6 active
PARALLEL PROGRESS: 23/30 complete; 6 active
PARALLEL PROGRESS: 23/30 complete; 6 active
PARALLEL PROGRESS: 23/30 complete; 6 active
PARALLEL PROGRESS: 23/30 complete; 6 active
PARALLEL PROGRESS: 23/30 complete; 6 active
PARALLEL PROGRESS: 23/30 complete; 6 active
PARALLEL PROGRESS: 23/30 complete; 6 active
PARALLEL PROGRESS: 23/30 complete; 6 active
PARALLEL PROGRESS: 23/30 complete; 6 active
PARALLEL PROGRESS: 23/30 complete; 6 active
PARALLEL PROGRESS: 23/30 complete; 6 active
PARALLEL PROGRESS: 23/30 complete; 6 active
PARALLEL PROGRESS: 23/30 complete; 6 active
PARALLEL PROGRESS: 23/30 complete; 6 active
PARALLEL PROGRESS: 23/30 complete; 6 active
PARALLEL PROGRESS: 23/30 complete; 6 active
PARALLEL PROGRESS: 23/30 complete; 6 active
PARALLEL PROGRESS: 23/30 complete; 6 active
PARALLEL PROGRESS: 23/30 complete; 6 active
PARALLEL PROGRESS: 23/30 complete; 6 active
PARALLEL PROGRESS: 23/30 complete; 6 active
PARALLEL PROGRESS: 23/30 complete; 6 active
PARALLEL PROGRESS: 23/30 complete; 6 active
PARALLEL PROGRESS: 23/30 complete; 6 active
PARALLEL PROGRESS: 23/30 complete; 6 active
PARALLEL PROGRESS: 23/30 complete; 6 active
PARALLEL PROGRESS: 23/30 complete; 6 active
PARALLEL PROGRESS: 23/30 complete; 6 active
PARALLEL PROGRESS: 23/30 complete; 6 active
PARALLEL PROGRESS: 23/30 complete; 6 active
PARALLEL PROGRESS: 23/30 complete; 6 active
PARALLEL PROGRESS: 23/30 complete; 6 active
PARALLEL PROGRESS: 23/30 complete; 6 active
PARALLEL PROGRESS: 23/30 complete; 6 active
PARALLEL PROGRESS: 23/30 complete; 6 active
PARALLEL PROGRESS: 23/30 complete; 6 active
PARALLEL PROGRESS: 23/30 complete; 6 active
PARALLEL PROGRESS: 23/30 complete; 6 active
PARALLEL PROGRESS: 23/30 complete; 6 active
PARALLEL PROGRESS: 23/30 complete; 6 active
PARALLEL PROGRESS: 23/30 complete; 6 active
PARALLEL PROGRESS: 23/30 complete; 6 active
PARALLEL PROGRESS: 23/30 complete; 6 active
PARALLEL PROGRESS: 23/30 complete; 6 active
PARALLEL PROGRESS: 23/30 complete; 6 active
PARALLEL PROGRESS: 23/30 complete; 6 active
PARALLEL PROGRESS: 23/30 complete; 6 active
PARALLEL PROGRESS: 23/30 complete; 6 active
Traceback (most recent call last):
  File "/home/yqt/XuanyiLi/RL-for-charging/revision_gpu/run_study.py", line 78, in main
    result=module.run(paths.ROOT,out,cfg)
           ^^^^^^^^^^^^^^^^^^^^^^^^^^^^^^
  File "/home/yqt/XuanyiLi/RL-for-charging/revision_gpu/experiment6.py", line 367, in run
    completed=execute_jobs(jobs,out/'parallel_scaling_jobs',effective)
              ^^^^^^^^^^^^^^^^^^^^^^^^^^^^^^^^^^^^^^^^^^^^^^^^^^^^^^^^
  File "/home/yqt/XuanyiLi/RL-for-charging/revision_gpu/parallel_jobs.py", line 78, in execute_jobs
    raise RuntimeError(f'Worker {index} failed (exit {code}); inspect {folder/"worker.log"}')
RuntimeError: Worker 26 failed (exit -15); inspect /home/yqt/XuanyiLi/RL-for-charging/revision_results/experiment_6_gpu_parallel_2500_5seeds_90s/20260928_194517_801804/parallel_scaling_jobs/job_0026/worker.log
OUTPUT: /home/yqt/XuanyiLi/RL-for-charging/revision_results/experiment_6_gpu_parallel_2500_5seeds_90s/20260928_194517_801804
LEARNING DEVICE: cuda:0 NVIDIA RTX PRO 6000 Blackwell Server Edition
REUSE COMPLETED JOB: 0 /home/yqt/XuanyiLi/RL-for-charging/revision_results/experiment_6_gpu_parallel_2500_5seeds_90s/20260928_194517_801804/parallel_scaling_jobs/job_0000
REUSE COMPLETED JOB: 1 /home/yqt/XuanyiLi/RL-for-charging/revision_results/experiment_6_gpu_parallel_2500_5seeds_90s/20260928_194517_801804/parallel_scaling_jobs/job_0001
REUSE COMPLETED JOB: 2 /home/yqt/XuanyiLi/RL-for-charging/revision_results/experiment_6_gpu_parallel_2500_5seeds_90s/20260928_194517_801804/parallel_scaling_jobs/job_0002
REUSE COMPLETED JOB: 3 /home/yqt/XuanyiLi/RL-for-charging/revision_results/experiment_6_gpu_parallel_2500_5seeds_90s/20260928_194517_801804/parallel_scaling_jobs/job_0003
REUSE COMPLETED JOB: 4 /home/yqt/XuanyiLi/RL-for-charging/revision_results/experiment_6_gpu_parallel_2500_5seeds_90s/20260928_194517_801804/parallel_scaling_jobs/job_0004
REUSE COMPLETED JOB: 5 /home/yqt/XuanyiLi/RL-for-charging/revision_results/experiment_6_gpu_parallel_2500_5seeds_90s/20260928_194517_801804/parallel_scaling_jobs/job_0005
REUSE COMPLETED JOB: 6 /home/yqt/XuanyiLi/RL-for-charging/revision_results/experiment_6_gpu_parallel_2500_5seeds_90s/20260928_194517_801804/parallel_scaling_jobs/job_0006
REUSE COMPLETED JOB: 7 /home/yqt/XuanyiLi/RL-for-charging/revision_results/experiment_6_gpu_parallel_2500_5seeds_90s/20260928_194517_801804/parallel_scaling_jobs/job_0007
REUSE COMPLETED JOB: 8 /home/yqt/XuanyiLi/RL-for-charging/revision_results/experiment_6_gpu_parallel_2500_5seeds_90s/20260928_194517_801804/parallel_scaling_jobs/job_0008
REUSE COMPLETED JOB: 9 /home/yqt/XuanyiLi/RL-for-charging/revision_results/experiment_6_gpu_parallel_2500_5seeds_90s/20260928_194517_801804/parallel_scaling_jobs/job_0009
REUSE COMPLETED JOB: 10 /home/yqt/XuanyiLi/RL-for-charging/revision_results/experiment_6_gpu_parallel_2500_5seeds_90s/20260928_194517_801804/parallel_scaling_jobs/job_0010
REUSE COMPLETED JOB: 11 /home/yqt/XuanyiLi/RL-for-charging/revision_results/experiment_6_gpu_parallel_2500_5seeds_90s/20260928_194517_801804/parallel_scaling_jobs/job_0011
REUSE COMPLETED JOB: 12 /home/yqt/XuanyiLi/RL-for-charging/revision_results/experiment_6_gpu_parallel_2500_5seeds_90s/20260928_194517_801804/parallel_scaling_jobs/job_0012
REUSE COMPLETED JOB: 13 /home/yqt/XuanyiLi/RL-for-charging/revision_results/experiment_6_gpu_parallel_2500_5seeds_90s/20260928_194517_801804/parallel_scaling_jobs/job_0013
REUSE COMPLETED JOB: 14 /home/yqt/XuanyiLi/RL-for-charging/revision_results/experiment_6_gpu_parallel_2500_5seeds_90s/20260928_194517_801804/parallel_scaling_jobs/job_0014
REUSE COMPLETED JOB: 15 /home/yqt/XuanyiLi/RL-for-charging/revision_results/experiment_6_gpu_parallel_2500_5seeds_90s/20260928_194517_801804/parallel_scaling_jobs/job_0015
REUSE COMPLETED JOB: 16 /home/yqt/XuanyiLi/RL-for-charging/revision_results/experiment_6_gpu_parallel_2500_5seeds_90s/20260928_194517_801804/parallel_scaling_jobs/job_0016
REUSE COMPLETED JOB: 17 /home/yqt/XuanyiLi/RL-for-charging/revision_results/experiment_6_gpu_parallel_2500_5seeds_90s/20260928_194517_801804/parallel_scaling_jobs/job_0017
REUSE COMPLETED JOB: 18 /home/yqt/XuanyiLi/RL-for-charging/revision_results/experiment_6_gpu_parallel_2500_5seeds_90s/20260928_194517_801804/parallel_scaling_jobs/job_0018
REUSE COMPLETED JOB: 19 /home/yqt/XuanyiLi/RL-for-charging/revision_results/experiment_6_gpu_parallel_2500_5seeds_90s/20260928_194517_801804/parallel_scaling_jobs/job_0019
REUSE COMPLETED JOB: 21 /home/yqt/XuanyiLi/RL-for-charging/revision_results/experiment_6_gpu_parallel_2500_5seeds_90s/20260928_194517_801804/parallel_scaling_jobs/job_0021
REUSE COMPLETED JOB: 23 /home/yqt/XuanyiLi/RL-for-charging/revision_results/experiment_6_gpu_parallel_2500_5seeds_90s/20260928_194517_801804/parallel_scaling_jobs/job_0023
REUSE COMPLETED JOB: 25 /home/yqt/XuanyiLi/RL-for-charging/revision_results/experiment_6_gpu_parallel_2500_5seeds_90s/20260928_194517_801804/parallel_scaling_jobs/job_0025
START JOB 21/30 GPU=GPU-b8a9b253-8713-5d3b-1d65-e007fbdb7588 LOG=/home/yqt/XuanyiLi/RL-for-charging/revision_results/experiment_6_gpu_parallel_2500_5seeds_90s/20260928_194517_801804/parallel_scaling_jobs/job_0020/worker.log
START JOB 23/30 GPU=GPU-b8a9b253-8713-5d3b-1d65-e007fbdb7588 LOG=/home/yqt/XuanyiLi/RL-for-charging/revision_results/experiment_6_gpu_parallel_2500_5seeds_90s/20260928_194517_801804/parallel_scaling_jobs/job_0022/worker.log
START JOB 25/30 GPU=GPU-b8a9b253-8713-5d3b-1d65-e007fbdb7588 LOG=/home/yqt/XuanyiLi/RL-for-charging/revision_results/experiment_6_gpu_parallel_2500_5seeds_90s/20260928_194517_801804/parallel_scaling_jobs/job_0024/worker.log
START JOB 27/30 GPU=GPU-b8a9b253-8713-5d3b-1d65-e007fbdb7588 LOG=/home/yqt/XuanyiLi/RL-for-charging/revision_results/experiment_6_gpu_parallel_2500_5seeds_90s/20260928_194517_801804/parallel_scaling_jobs/job_0026/worker.log
START JOB 28/30 GPU=GPU-b8a9b253-8713-5d3b-1d65-e007fbdb7588 LOG=/home/yqt/XuanyiLi/RL-for-charging/revision_results/experiment_6_gpu_parallel_2500_5seeds_90s/20260928_194517_801804/parallel_scaling_jobs/job_0027/worker.log
START JOB 29/30 GPU=GPU-b8a9b253-8713-5d3b-1d65-e007fbdb7588 LOG=/home/yqt/XuanyiLi/RL-for-charging/revision_results/experiment_6_gpu_parallel_2500_5seeds_90s/20260928_194517_801804/parallel_scaling_jobs/job_0028/worker.log
PARALLEL PROGRESS: 23/30 complete; 6 active
PARALLEL PROGRESS: 23/30 complete; 6 active
PARALLEL PROGRESS: 23/30 complete; 6 active
PARALLEL PROGRESS: 23/30 complete; 6 active
PARALLEL PROGRESS: 23/30 complete; 6 active
PARALLEL PROGRESS: 23/30 complete; 6 active
PARALLEL PROGRESS: 23/30 complete; 6 active
PARALLEL PROGRESS: 23/30 complete; 6 active
PARALLEL PROGRESS: 23/30 complete; 6 active
PARALLEL PROGRESS: 23/30 complete; 6 active
PARALLEL PROGRESS: 23/30 complete; 6 active
PARALLEL PROGRESS: 23/30 complete; 6 active
PARALLEL PROGRESS: 23/30 complete; 6 active
PARALLEL PROGRESS: 23/30 complete; 6 active
PARALLEL PROGRESS: 23/30 complete; 6 active
PARALLEL PROGRESS: 23/30 complete; 6 active
PARALLEL PROGRESS: 23/30 complete; 6 active
PARALLEL PROGRESS: 23/30 complete; 6 active
PARALLEL PROGRESS: 23/30 complete; 6 active
PARALLEL PROGRESS: 23/30 complete; 6 active
PARALLEL PROGRESS: 23/30 complete; 6 active
PARALLEL PROGRESS: 23/30 complete; 6 active
PARALLEL PROGRESS: 23/30 complete; 6 active
PARALLEL PROGRESS: 23/30 complete; 6 active
PARALLEL PROGRESS: 23/30 complete; 6 active
PARALLEL PROGRESS: 23/30 complete; 6 active
PARALLEL PROGRESS: 23/30 complete; 6 active
PARALLEL PROGRESS: 23/30 complete; 6 active
PARALLEL PROGRESS: 23/30 complete; 6 active
PARALLEL PROGRESS: 23/30 complete; 6 active
PARALLEL PROGRESS: 23/30 complete; 6 active
PARALLEL PROGRESS: 23/30 complete; 6 active
PARALLEL PROGRESS: 23/30 complete; 6 active
PARALLEL PROGRESS: 23/30 complete; 6 active
PARALLEL PROGRESS: 23/30 complete; 6 active
PARALLEL PROGRESS: 23/30 complete; 6 active
PARALLEL PROGRESS: 23/30 complete; 6 active
PARALLEL PROGRESS: 23/30 complete; 6 active
PARALLEL PROGRESS: 23/30 complete; 6 active
PARALLEL PROGRESS: 23/30 complete; 6 active
PARALLEL PROGRESS: 23/30 complete; 6 active
PARALLEL PROGRESS: 23/30 complete; 6 active
PARALLEL PROGRESS: 23/30 complete; 6 active
PARALLEL PROGRESS: 23/30 complete; 6 active
PARALLEL PROGRESS: 23/30 complete; 6 active
PARALLEL PROGRESS: 23/30 complete; 6 active
PARALLEL PROGRESS: 23/30 complete; 6 active
PARALLEL PROGRESS: 23/30 complete; 6 active
PARALLEL PROGRESS: 23/30 complete; 6 active
PARALLEL PROGRESS: 23/30 complete; 6 active
PARALLEL PROGRESS: 23/30 complete; 6 active
PARALLEL PROGRESS: 23/30 complete; 6 active
PARALLEL PROGRESS: 23/30 complete; 6 active
PARALLEL PROGRESS: 23/30 complete; 6 active
PARALLEL PROGRESS: 23/30 complete; 6 active
PARALLEL PROGRESS: 23/30 complete; 6 active
PARALLEL PROGRESS: 23/30 complete; 6 active
PARALLEL PROGRESS: 23/30 complete; 6 active
PARALLEL PROGRESS: 23/30 complete; 6 active
PARALLEL PROGRESS: 23/30 complete; 6 active
PARALLEL PROGRESS: 23/30 complete; 6 active
PARALLEL PROGRESS: 23/30 complete; 6 active
PARALLEL PROGRESS: 23/30 complete; 6 active
PARALLEL PROGRESS: 23/30 complete; 6 active
PARALLEL PROGRESS: 23/30 complete; 6 active
PARALLEL PROGRESS: 23/30 complete; 6 active
PARALLEL PROGRESS: 23/30 complete; 6 active
PARALLEL PROGRESS: 23/30 complete; 6 active
PARALLEL PROGRESS: 23/30 complete; 6 active
PARALLEL PROGRESS: 23/30 complete; 6 active
PARALLEL PROGRESS: 23/30 complete; 6 active
PARALLEL PROGRESS: 23/30 complete; 6 active
PARALLEL PROGRESS: 23/30 complete; 6 active
PARALLEL PROGRESS: 23/30 complete; 6 active
PARALLEL PROGRESS: 23/30 complete; 6 active
PARALLEL PROGRESS: 23/30 complete; 6 active
PARALLEL PROGRESS: 23/30 complete; 6 active
PARALLEL PROGRESS: 23/30 complete; 6 active
PARALLEL PROGRESS: 23/30 complete; 6 active
PARALLEL PROGRESS: 23/30 complete; 6 active
PARALLEL PROGRESS: 23/30 complete; 6 active
PARALLEL PROGRESS: 23/30 complete; 6 active
PARALLEL PROGRESS: 23/30 complete; 6 active
PARALLEL PROGRESS: 23/30 complete; 6 active
PARALLEL PROGRESS: 23/30 complete; 6 active
PARALLEL PROGRESS: 23/30 complete; 6 active
PARALLEL PROGRESS: 23/30 complete; 6 active
PARALLEL PROGRESS: 23/30 complete; 6 active
PARALLEL PROGRESS: 23/30 complete; 6 active
PARALLEL PROGRESS: 23/30 complete; 6 active
PARALLEL PROGRESS: 23/30 complete; 6 active
PARALLEL PROGRESS: 23/30 complete; 6 active
PARALLEL PROGRESS: 23/30 complete; 6 active
PARALLEL PROGRESS: 23/30 complete; 6 active
PARALLEL PROGRESS: 23/30 complete; 6 active
PARALLEL PROGRESS: 23/30 complete; 6 active
PARALLEL PROGRESS: 23/30 complete; 6 active
PARALLEL PROGRESS: 23/30 complete; 6 active
PARALLEL PROGRESS: 23/30 complete; 6 active
PARALLEL PROGRESS: 23/30 complete; 6 active
PARALLEL PROGRESS: 23/30 complete; 6 active
