time_s,measured_voltage_V,predicted_voltage_V,measured_temperature_C,predicted_temperature_C,covered,split,prediction_kind
0.0,4.1232,4.041413079638447,24.9,24.899999999999977,True,prefix,numerical_precision_check
1.0,4.1232,4.038578749177839,24.9,24.90271058256269,True,prefix,numerical_precision_check
2.0,4.1176,4.035842746556417,24.9,24.90541549046685,True,prefix,numerical_precision_check
3.0,4.1136,4.033220134071916,24.9,24.908115946797636,True,prefix,numerical_precision_check
4.0,4.1102,4.030714488781377,24.9,24.910812749464583,True,prefix,numerical_precision_check
5.0,4.1074,4.028323873209581,24.7,24.913506452457284,True,prefix,numerical_precision_check
6.0,4.1046,4.026043784952233,24.9,24.9161974614795,True,prefix,numerical_precision_check
7.0,4.1021,4.023868626535434,24.9,24.91888608676885,True,prefix,numerical_precision_check
8.0,4.1,4.021792445519589,24.9,24.921572573571723,True,prefix,numerical_precision_check
9.0,4.0981,4.0198093124808585,24.7,24.924257120729862,True,prefix,numerical_precision_check
10.0,4.0959,4.017913509948331,24.9,24.9269398925087,True,prefix,numerical_precision_check
11.0,4.0944,4.016099623847433,24.9,24.92962102656969,True,prefix,numerical_precision_check
12.0,4.0925,4.014362579200647,24.9,24.93230063942468,True,prefix,numerical_precision_check
13.0,4.0913,4.0126976491944415,24.9,24.934978830457624,True,prefix,numerical_precision_check
14.0,4.0891,4.011100448557352,24.9,24.937655684948083,True,prefix,numerical_precision_check
15.0,4.0879,4.009566917727123,24.9,24.94033127635157,True,prefix,numerical_precision_check
16.0,4.0863,4.00809330373854,24.9,24.943005668125636,True,prefix,numerical_precision_check
17.0,4.0848,4.006676139112454,24.9,24.945678915180167,True,prefix,numerical_precision_check
18.0,4.0838,4.005312220582307,24.9,24.948351065064685,True,prefix,numerical_precision_check
19.0,4.0823,4.003998588382525,24.9,24.951022158959915,True,prefix,numerical_precision_check
20.0,4.0811,4.00273250643224,24.9,24.953692232495484,True,prefix,numerical_precision_check
21.0,4.0798,4.001511443767532,24.9,24.956361316424363,True,prefix,numerical_precision_check
22.0,4.0786,4.000333057325717,24.9,24.959029437223364,True,prefix,numerical_precision_check
23.0,4.0776,3.99919517600829,24.9,24.96169661760399,True,prefix,numerical_precision_check
24.0,4.0764,3.9980957859876916,24.9,24.964362876945643,True,prefix,numerical_precision_check
25.0,4.0755,3.997033017305117,24.9,24.96702823166936,True,prefix,numerical_precision_check
26.0,4.0742,3.996005131718332,24.9,24.969692695562742,True,prefix,numerical_precision_check
27.0,4.0727,3.995010511382117,24.9,24.97235628008076,True,prefix,numerical_precision_check
28.0,4.0718,3.9940476485934915,24.9,24.97501899460434,True,prefix,numerical_precision_check
29.0,4.0708,3.993115136638575,24.9,24.977680846654607,True,prefix,numerical_precision_check
30.0,4.0696,3.9922116614095553,24.9,24.980341842089103,True,prefix,numerical_precision_check
31.0,4.0687,3.991335993676217,24.9,24.983001985280907,True,prefix,numerical_precision_check
32.0,4.068,3.990486982305293,24.9,24.985661279262672,True,prefix,numerical_precision_check
33.0,4.0668,3.989663547780931,24.9,24.9883197258805,True,prefix,numerical_precision_check
34.0,4.0662,3.988864676404581,24.9,24.990977325920426,True,prefix,numerical_precision_check
35.0,4.0649,3.988089415093041,24.7,24.99363407921726,True,prefix,numerical_precision_check
36.0,4.064,3.987336866533398,24.9,24.996289984759528,True,prefix,numerical_precision_check
37.0,4.0631,3.9866061849730476,24.9,24.998945040770764,True,prefix,numerical_precision_check
38.0,4.0625,3.9858965722252853,24.9,25.00159924479459,True,prefix,numerical_precision_check
39.0,4.0615,3.985207274034793,24.9,25.004252593769877,True,prefix,numerical_precision_check
40.0,4.0606,3.984537576798931,24.9,25.006905084097014,True,prefix,numerical_precision_check
41.0,4.06,3.9838868045056595,24.9,25.009556711700668,True,prefix,numerical_precision_check
42.0,4.059,3.983254316058973,24.9,25.012207472080377,True,prefix,numerical_precision_check
43.0,4.0584,3.98263950274215,24.9,25.014857360361418,True,prefix,numerical_precision_check
44.0,4.0572,3.9820417859142916,24.9,25.017506371339778,True,prefix,numerical_precision_check
45.0,4.0566,3.9814606149122045,24.9,25.020154499522903,True,prefix,numerical_precision_check
46.0,4.0556,3.9808954650866175,24.9,25.022801739168642,True,prefix,numerical_precision_check
47.0,4.055,3.980345836075402,24.9,25.025448084316906,True,prefix,numerical_precision_check
48.0,4.0541,3.979811250153637,24.9,25.028093528821444,True,prefix,numerical_precision_check
49.0,4.0535,3.979291250740832,24.9,25.03073806637775,True,prefix,numerical_precision_check
50.0,4.0525,3.978785401023811,24.9,25.033381690548765,True,prefix,numerical_precision_check
51.0,4.0519,3.978293282682642,24.9,25.03602439478874,True,prefix,numerical_precision_check
52.0,4.0513,3.977814494741021,24.9,25.038666172463536,True,prefix,numerical_precision_check
53.0,4.0507,3.9773486524778248,24.9,25.041307016871087,True,prefix,numerical_precision_check
54.0,4.0494,3.9768953864349337,24.9,25.043946921258225,True,prefix,numerical_precision_check
55.0,4.0488,3.976454341494052,24.9,25.04658587883796,True,prefix,numerical_precision_check
56.0,4.0482,3.976025176028851,24.9,25.04922388280329,True,prefix,numerical_precision_check
57.0,4.0476,3.9756075611241566,24.7,25.051860926340794,True,prefix,numerical_precision_check
58.0,4.0469,3.975201179841597,24.9,25.054497002643473,True,prefix,numerical_precision_check
59.0,4.0463,3.9748057265454895,24.9,25.05713210492098,True,prefix,numerical_precision_check
60.0,4.0457,3.974420906270637,24.9,25.059766226410886,True,prefix,numerical_precision_check
61.0,4.0451,3.9740464341558264,24.9,25.062399360386394,True,prefix,numerical_precision_check
62.0,4.0442,3.9736820348860435,24.9,25.065031500165787,True,prefix,numerical_precision_check
63.0,4.0438,3.973327442188889,24.9,25.06766263911993,True,prefix,numerical_precision_check
64.0,4.0432,3.9729823983458337,24.9,25.07029277068,True,prefix,numerical_precision_check
65.0,4.0426,3.972646653789865,24.9,25.07292188834242,True,prefix,numerical_precision_check
66.0,4.0417,3.9723199666490894,25.0,25.07554998567622,True,prefix,numerical_precision_check
67.0,4.0411,3.9720021024495464,24.9,25.078177056324364,True,prefix,numerical_precision_check
68.0,4.0404,3.9716928336569923,24.9,25.080803094013163,True,prefix,numerical_precision_check
69.0,4.0398,3.9713919394627117,25.0,25.08342809254998,True,prefix,numerical_precision_check
70.0,4.0395,3.9710992053415213,24.9,25.08605204583381,True,prefix,numerical_precision_check
71.0,4.0389,3.9708144228759705,25.0,25.088674947851814,True,prefix,numerical_precision_check
72.0,4.0383,3.970537389372743,25.0,25.091296792688468,True,prefix,numerical_precision_check
73.0,4.038,3.9702679077051104,24.9,25.093917574522436,True,prefix,numerical_precision_check
74.0,4.0373,3.970005785970952,24.9,25.09653728763419,True,prefix,numerical_precision_check
75.0,4.0367,3.969750837370032,24.9,25.09915592640192,True,prefix,numerical_precision_check
76.0,4.0364,3.9695028798917593,25.0,25.10177348530914,True,prefix,numerical_precision_check
77.0,4.0358,3.969261736206508,24.9,25.10438995894009,True,prefix,numerical_precision_check
78.0,4.0352,3.969027233398081,25.0,25.107005341985825,True,prefix,numerical_precision_check
79.0,4.0349,3.968799202847827,24.9,25.109619629241195,True,prefix,numerical_precision_check
80.0,4.0339,3.968577480017509,25.0,25.11223281560825,True,prefix,numerical_precision_check
81.0,4.0333,3.9683619043257194,25.0,25.11484489609478,True,prefix,numerical_precision_check
82.0,4.033,3.9681523189721633,24.9,25.11745586581617,True,prefix,numerical_precision_check
83.0,4.0324,3.967948570813378,25.0,25.120065719994216,True,prefix,numerical_precision_check
84.0,4.0318,3.9677505102188215,25.0,25.122674453958325,True,prefix,numerical_precision_check
85.0,4.0314,3.967557990947449,24.9,25.125282063144255,True,prefix,numerical_precision_check
86.0,4.0311,3.967370870031387,25.0,25.127888543094684,True,prefix,numerical_precision_check
87.0,4.0305,3.96718900765189,25.0,25.13049388945859,True,prefix,numerical_precision_check
88.0,4.0302,3.9670122670478416,25.0,25.133098097990228,True,prefix,numerical_precision_check
89.0,4.0296,3.966840514391257,25.0,25.13570116454997,True,prefix,numerical_precision_check
90.0,4.0293,3.96667361871553,25.0,25.138303085101654,True,prefix,numerical_precision_check
91.0,4.0287,3.9665114517959945,25.0,25.140903855713987,True,prefix,numerical_precision_check
92.0,4.0283,3.9663538880888636,25.0,25.143503472557995,True,prefix,numerical_precision_check
93.0,4.0277,3.9662008046224044,24.9,25.146101931907424,True,prefix,numerical_precision_check
94.0,4.0274,3.9660520809410373,25.0,25.148699230136856,True,prefix,numerical_precision_check
95.0,4.0268,3.9659075990081756,24.9,25.15129536372166,True,prefix,numerical_precision_check
96.0,4.0259,3.9657672431534676,25.2,25.153890329236106,True,prefix,numerical_precision_check
97.0,4.0256,3.965630899987011,25.0,25.156484123352925,True,prefix,numerical_precision_check
98.0,4.0252,3.9654984583484825,25.0,25.159076742841933,True,prefix,numerical_precision_check
99.0,4.0246,3.9653698092320733,25.0,25.161668184568782,True,prefix,numerical_precision_check
100.0,4.0243,3.965244845737002,25.0,25.164258445494397,True,prefix,numerical_precision_check
101.0,4.024,3.965123463002294,25.0,25.16684752267298,True,prefix,numerical_precision_check
102.0,4.0234,3.96500555815826,25.0,25.16943541325128,True,prefix,numerical_precision_check
103.0,4.0231,3.9648910302701834,25.0,25.17202211446761,True,prefix,numerical_precision_check
104.0,4.0228,3.964779780290672,25.0,25.174607623649763,True,prefix,numerical_precision_check
105.0,4.0221,3.964671711011279,25.0,25.17719193821455,True,prefix,numerical_precision_check
106.0,4.0218,3.964566727015364,25.0,25.179775055666255,True,prefix,numerical_precision_check
107.0,4.0212,3.964464734637427,25.0,25.18235697359529,True,prefix,numerical_precision_check
108.0,4.0209,3.9643656419158524,25.0,25.18493768967687,True,prefix,numerical_precision_check
109.0,4.0206,3.964269358559173,25.0,25.18751720166989,True,prefix,numerical_precision_check
110.0,4.02,3.96417579589956,25.0,25.19009550741555,True,prefix,numerical_precision_check
111.0,4.0197,3.964084866863561,25.2,25.19267260483599,True,prefix,numerical_precision_check
112.0,4.019,3.9639964859291417,25.0,25.19524849193317,True,prefix,numerical_precision_check
113.0,4.0184,3.9639105691007233,25.0,25.197823166787146,True,prefix,numerical_precision_check
114.0,4.0181,3.9638270338610804,25.0,25.200396627555563,True,prefix,numerical_precision_check
115.0,4.0178,3.963745799150531,25.0,25.2029688724715,True,prefix,numerical_precision_check
116.0,4.0172,3.9636667853450502,25.0,25.205539899842677,True,prefix,numerical_precision_check
117.0,4.0169,3.9635899141933377,25.0,25.20810970805013,True,prefix,numerical_precision_check
118.0,4.0166,3.963515108822969,25.0,25.210678295546757,True,prefix,numerical_precision_check
119.0,4.0163,3.963442293710423,25.0,25.213245660856387,True,prefix,numerical_precision_check
120.0,4.0156,3.963371394619826,25.0,25.21581180257209,True,prefix,numerical_precision_check
121.0,4.0153,3.9633023386210815,25.2,25.218376719355263,True,prefix,numerical_precision_check
122.0,4.015,3.9632350540472467,25.0,25.22094040993437,True,prefix,numerical_precision_check
123.0,4.0147,3.963169470455193,25.2,25.22350287310337,True,prefix,numerical_precision_check
124.0,4.0144,3.963105518632463,25.2,25.226064107721243,True,prefix,numerical_precision_check
125.0,4.0138,3.963043130553806,25.0,25.22862411270978,True,prefix,numerical_precision_check
126.0,4.0135,3.9629822393605236,25.0,25.231182887053023,True,prefix,numerical_precision_check
127.0,4.0132,3.9629227793549116,25.0,25.233740429796455,True,prefix,numerical_precision_check
128.0,4.0128,3.962864685960431,25.0,25.236296740044736,True,prefix,numerical_precision_check
129.0,4.0125,3.9628078957106263,25.2,25.238851816961244,True,prefix,numerical_precision_check
130.0,4.0122,3.9627523462404315,25.0,25.24140565976745,True,prefix,numerical_precision_check
131.0,4.0119,3.9626979762459764,25.2,25.243958267740652,True,prefix,numerical_precision_check
132.0,4.0116,3.962644725480986,25.0,25.24650964021339,True,prefix,numerical_precision_check
133.0,4.0113,3.9625925347459257,25.2,25.249059776572892,True,prefix,numerical_precision_check
134.0,4.011,3.9625413458502967,25.2,25.25160867625908,True,prefix,numerical_precision_check
135.0,4.0104,3.9624911016122737,25.2,25.254156338763778,True,prefix,numerical_precision_check
136.0,4.0101,3.9624417458445875,25.2,25.25670276363047,True,prefix,numerical_precision_check
137.0,4.0097,3.962393223323919,25.2,25.259247950451822,True,prefix,numerical_precision_check
138.0,4.0094,3.962345479789497,25.2,25.261791898869774,True,prefix,numerical_precision_check
139.0,4.0091,3.9622984619263746,25.2,25.26433460857436,True,prefix,numerical_precision_check
140.0,4.0088,3.9622521173426337,25.2,25.266876079302108,True,prefix,numerical_precision_check
141.0,4.0085,3.9622063945659027,25.2,25.269416310835766,True,prefix,numerical_precision_check
142.0,4.0082,3.9621612430251782,25.2,25.271955303003097,True,prefix,numerical_precision_check
143.0,4.0076,3.9621166130337353,25.2,25.274493055675578,True,prefix,numerical_precision_check
144.0,4.0073,3.9620724557896567,25.2,25.277029568768853,True,prefix,numerical_precision_check
145.0,4.007,3.9620287233473053,25.2,25.27956484223978,True,prefix,numerical_precision_check
146.0,4.0066,3.9619853686073574,25.2,25.28209887608614,True,prefix,numerical_precision_check
147.0,4.0063,3.9619423453070786,25.2,25.284631670345732,True,prefix,numerical_precision_check
148.0,4.006,3.9618996080236917,25.2,25.287163225097686,True,prefix,numerical_precision_check
149.0,4.006,3.961857112154149,25.2,25.28969354046052,True,prefix,numerical_precision_check
150.0,4.0054,3.961814813871761,25.2,25.29222261658657,True,prefix,numerical_precision_check
151.0,4.0054,3.961772670149031,25.2,25.29475045366604,True,prefix,numerical_precision_check
152.0,4.0051,3.9617306387451925,25.2,25.297277051925846,True,prefix,numerical_precision_check
153.0,4.0048,3.9616886782316256,25.2,25.29980241163446,True,prefix,numerical_precision_check
154.0,4.0042,3.9616467478789863,25.2,25.302326533085477,True,prefix,numerical_precision_check
155.0,4.0039,3.9616048077276202,24.9,25.304849416608988,True,prefix,numerical_precision_check
156.0,4.0039,3.9615628185554987,25.2,25.30737106256754,True,prefix,numerical_precision_check
157.0,4.0035,3.9615207419168543,25.2,25.3098914713633,True,prefix,numerical_precision_check
158.0,4.0032,3.961478540038683,25.2,25.312410643421686,True,prefix,numerical_precision_check
159.0,4.0026,3.9614361758699803,25.1,25.31492857920051,True,prefix,numerical_precision_check
160.0,4.0023,3.961393613063925,25.2,25.31744527918761,True,prefix,numerical_precision_check
161.0,4.002,3.961350815982699,25.1,25.319960743903266,True,prefix,numerical_precision_check
162.0,4.0017,3.9613077496698437,25.1,25.322474973895453,True,prefix,numerical_precision_check
163.0,4.0014,3.961264379832925,25.2,25.32498796973755,True,prefix,numerical_precision_check
164.0,4.0014,3.9612206728527903,25.1,25.327499732031356,True,prefix,numerical_precision_check
165.0,4.0008,3.9611765957732934,25.2,25.33001026140613,True,prefix,numerical_precision_check
166.0,4.0008,3.9611321162981037,25.2,25.332519558519436,True,prefix,numerical_precision_check
167.0,4.0004,3.961087202757818,25.1,25.335027624049985,True,prefix,numerical_precision_check
168.0,4.0001,3.9610418241228045,25.2,25.337534458702635,True,prefix,numerical_precision_check
169.0,3.9998,3.9609959499895036,25.1,25.340040063206118,True,prefix,numerical_precision_check
170.0,3.9995,3.9609495505920083,25.1,25.342544438317475,True,prefix,numerical_precision_check
171.0,3.9992,3.9609025967522817,25.1,25.34504758481063,True,prefix,numerical_precision_check
172.0,3.9992,3.96085505990306,25.2,25.34754950348389,True,prefix,numerical_precision_check
173.0,3.9989,3.9608069120720595,25.1,25.35005019515677,True,prefix,numerical_precision_check
174.0,3.9986,3.960758125890579,25.1,25.3525496606739,True,prefix,numerical_precision_check
175.0,3.9983,3.960708674561574,25.1,25.35504790089817,True,prefix,numerical_precision_check
176.0,3.998,3.9606585318581056,25.1,25.357544916711447,True,prefix,numerical_precision_check
177.0,3.9977,3.9606076721232446,25.1,25.360040709015948,True,prefix,numerical_precision_check
178.0,3.9973,3.9605560702669598,25.3,25.362535278734867,True,prefix,numerical_precision_check
179.0,3.997,3.9605037017580456,25.1,25.365028626811068,True,prefix,numerical_precision_check
180.0,3.997,3.960450542598424,25.1,25.367520754202474,True,prefix,numerical_precision_check
181.0,3.9967,3.9603965693353134,25.2,25.37001166188577,True,prefix,numerical_precision_check
182.0,3.9964,3.9603417590504497,25.1,25.372501350855316,True,prefix,numerical_precision_check
183.0,3.9961,3.9602860893638936,25.1,25.374989822125485,True,prefix,numerical_precision_check
184.0,3.9961,3.9602295384010207,25.3,25.377477076722755,True,prefix,numerical_precision_check
185.0,3.9958,3.9601720848063744,25.1,25.3799631156906,True,prefix,numerical_precision_check
186.0,3.9955,3.9601137077317303,25.1,25.382447940088298,True,prefix,numerical_precision_check
187.0,3.9952,3.960054386840077,25.1,25.38493155099286,True,prefix,numerical_precision_check
188.0,3.9946,3.9599941022804432,25.3,25.387413949493236,True,prefix,numerical_precision_check
189.0,3.9946,3.959932834691819,25.1,25.38989513669287,True,prefix,numerical_precision_check
190.0,3.9942,3.9598705651968755,25.3,25.392375113709022,True,prefix,numerical_precision_check
191.0,3.9939,3.959807275400775,25.3,25.39485388167435,True,prefix,numerical_precision_check
192.0,3.9936,3.959742947379915,25.3,25.397331441734423,True,prefix,numerical_precision_check
193.0,3.9936,3.9596775636699446,25.3,25.399807795045604,True,prefix,numerical_precision_check
194.0,3.9933,3.959611107268505,25.3,25.402282942777504,True,prefix,numerical_precision_check
195.0,3.993,3.959543561628951,25.3,25.40475688611224,True,prefix,numerical_precision_check
196.0,3.9927,3.959474910659785,25.3,25.407229626245623,True,prefix,numerical_precision_check
197.0,3.9924,3.9594051387011655,25.3,25.4097011643816,True,prefix,numerical_precision_check
198.0,3.9924,3.9593342305338353,25.3,25.412171501736054,True,prefix,numerical_precision_check
199.0,3.9921,3.9592621713695517,25.1,25.414640639535435,True,prefix,numerical_precision_check
200.0,3.9918,3.959188946856403,25.3,25.417108579019782,True,prefix,numerical_precision_check
201.0,3.9915,3.959114543050906,25.3,25.41957532143539,True,prefix,numerical_precision_check
202.0,3.9911,3.959038946428542,25.3,25.42204086803929,True,prefix,numerical_precision_check
203.0,3.9911,3.958962143874437,25.3,25.424505220097842,True,prefix,numerical_precision_check
204.0,3.9908,3.9588841226835436,25.3,25.42696837888849,True,prefix,numerical_precision_check
205.0,3.9905,3.958804870547614,25.3,25.429430345696346,True,prefix,numerical_precision_check
206.0,3.9902,3.9587243755501826,25.3,25.431891121814317,True,prefix,numerical_precision_check
207.0,3.9902,3.9586426261650938,25.3,25.43435070854389,True,prefix,numerical_precision_check
208.0,3.9899,3.9585596112524426,25.3,25.436809107195586,True,prefix,numerical_precision_check
209.0,3.9896,3.958475320054206,25.3,25.43926631908846,True,prefix,numerical_precision_check
210.0,3.9896,3.9583897421803345,25.3,25.441722345546907,True,prefix,numerical_precision_check
211.0,3.9893,3.958302867611949,25.3,25.444177187903335,True,prefix,numerical_precision_check
212.0,3.989,3.9582146866946077,25.3,25.44663084749726,True,prefix,numerical_precision_check
213.0,3.9887,3.958125190139495,25.5,25.449083325677123,True,prefix,numerical_precision_check
214.0,3.9887,3.958034369004142,25.3,25.45153462379494,True,prefix,numerical_precision_check
215.0,3.9884,3.9579422146983854,25.3,25.4539847432099,True,prefix,numerical_precision_check
216.0,3.9884,3.957848718976773,25.3,25.456433685287323,True,prefix,numerical_precision_check
217.0,3.988,3.957753873939351,25.3,25.458881451399975,True,prefix,numerical_precision_check
218.0,3.988,3.9576576720174197,25.3,25.461328042924663,True,prefix,numerical_precision_check
219.0,3.9877,3.9575601059729673,25.3,25.463773461243534,True,prefix,numerical_precision_check
220.0,3.9874,3.9574611688949672,25.3,25.466217707744192,True,prefix,numerical_precision_check
221.0,3.9868,3.9573608541968617,25.3,25.468660783820155,True,prefix,numerical_precision_check
222.0,3.9865,3.9572591556102426,25.3,25.471102690869657,True,prefix,numerical_precision_check
223.0,3.9865,3.9571560671759043,25.3,25.473543430294455,True,prefix,numerical_precision_check
224.0,3.9865,3.9570515832446147,25.3,25.4759830035012,True,prefix,numerical_precision_check
225.0,3.9862,3.9569456984720164,25.3,25.478421411900968,True,prefix,numerical_precision_check
226.0,3.9859,3.956838407817343,25.3,25.480858656910357,True,prefix,numerical_precision_check
227.0,3.9859,3.956729706529841,25.3,25.483294739947553,True,prefix,numerical_precision_check
228.0,3.9856,3.9566195901517633,25.3,25.48572966243546,True,prefix,numerical_precision_check
229.0,3.9853,3.956508054512145,25.5,25.488163425799996,True,prefix,numerical_precision_check
230.0,3.9853,3.9563950957315934,25.3,25.490596031473956,True,prefix,numerical_precision_check
231.0,3.9849,3.9562807101986777,25.3,25.49302748088934,True,prefix,numerical_precision_check
232.0,3.9846,3.9561648945788934,25.5,25.495457775482066,True,prefix,numerical_precision_check
233.0,3.9843,3.9560476458079328,25.5,25.497886916690845,True,prefix,numerical_precision_check
234.0,3.9843,3.955928961087097,25.3,25.500314905956827,True,prefix,numerical_precision_check
235.0,3.984,3.955808837879029,25.3,25.502741744723664,True,prefix,numerical_precision_check
236.0,3.9837,3.955687273917222,25.3,25.50516743444149,True,prefix,numerical_precision_check
237.0,3.9837,3.9555642671894637,25.5,25.50759197656305,True,prefix,numerical_precision_check
238.0,3.9834,3.9554398159138056,25.5,25.510015372535975,True,prefix,numerical_precision_check
239.0,3.9831,3.9553139185639448,25.5,25.512437623813014,True,prefix,numerical_precision_check
240.0,3.9831,3.9551865738552343,25.5,25.514858731848847,True,prefix,numerical_precision_check
241.0,3.9828,3.9550577807406464,25.5,25.51727869809912,True,prefix,numerical_precision_check
242.0,3.9825,3.95492753840857,25.5,25.519697524021524,True,prefix,numerical_precision_check
243.0,3.9825,3.954795846323173,25.3,25.522115211090465,True,prefix,numerical_precision_check
244.0,3.9822,3.9546627041101496,25.5,25.524531760759032,True,prefix,numerical_precision_check
245.0,3.9822,3.954528111643581,25.5,25.526947174489976,True,prefix,numerical_precision_check
246.0,3.9815,3.9543920690171186,25.3,25.529361453747015,True,prefix,numerical_precision_check
247.0,3.9815,3.954254576540131,25.5,25.531774599994662,True,prefix,numerical_precision_check
248.0,3.9812,3.954115634733987,25.5,25.53418661469823,True,prefix,numerical_precision_check
249.0,3.9809,3.9539752443520366,25.5,25.536597499331265,True,prefix,numerical_precision_check
250.0,3.9809,3.9538334063419014,25.3,25.53900725536414,True,prefix,numerical_precision_check
251.0,3.9806,3.953690121836007,25.5,25.541415884261824,True,prefix,numerical_precision_check
252.0,3.9806,3.9535453921766517,25.5,25.543823387493887,True,prefix,numerical_precision_check
253.0,3.9803,3.953399218901383,25.5,25.546229766529848,True,prefix,numerical_precision_check
254.0,3.98,3.9532516037393832,25.3,25.548635022839562,True,prefix,numerical_precision_check
255.0,3.9797,3.9531025486112252,25.5,25.55103915789408,True,prefix,numerical_precision_check
256.0,3.9797,3.9529520556413105,25.5,25.553442173171106,True,prefix,numerical_precision_check
257.0,3.9791,3.952800127105618,25.5,25.555844070137482,True,prefix,numerical_precision_check
258.0,3.9787,3.9526467654709627,25.5,25.558244850264714,True,prefix,numerical_precision_check
259.0,3.9787,3.952491973379641,25.5,25.56064451502374,True,prefix,numerical_precision_check
260.0,3.9784,3.9523357536460217,25.5,25.563043065885495,True,prefix,numerical_precision_check
261.0,3.9784,3.9521781092533397,25.5,25.565440504320577,True,prefix,numerical_precision_check
262.0,3.9781,3.9520190433611537,25.5,25.567836831802765,True,prefix,numerical_precision_check
263.0,3.9778,3.951858559282957,25.5,25.570232049802257,True,prefix,numerical_precision_check
264.0,3.9778,3.9516966604891897,25.5,25.572626159787944,True,prefix,numerical_precision_check
265.0,3.9775,3.9515333506099655,25.5,25.575019163229058,True,prefix,numerical_precision_check
266.0,3.9775,3.951368633428821,25.5,25.57741106159432,True,prefix,numerical_precision_check
267.0,3.9772,3.95120251287961,25.5,25.57980185635148,True,prefix,numerical_precision_check
268.0,3.9769,3.95103499304726,25.5,25.58219154896875,True,prefix,numerical_precision_check
269.0,3.9769,3.9508660781701326,25.5,25.584580140916444,True,prefix,numerical_precision_check
270.0,3.9766,3.950695772610496,25.5,25.58696763365805,True,prefix,numerical_precision_check
271.0,3.9766,3.9505240808769044,25.5,25.589354028658363,True,prefix,numerical_precision_check
272.0,3.9763,3.9503510076137207,25.5,25.59173932738139,True,prefix,numerical_precision_check
273.0,3.9763,3.950176557598204,25.5,25.594123531289824,True,prefix,numerical_precision_check
274.0,3.976,3.9500007357376776,25.5,25.596506641845053,True,prefix,numerical_precision_check
275.0,3.9756,3.94982354708261,25.5,25.598888660512387,True,prefix,numerical_precision_check
276.0,3.9756,3.9496449967911142,25.7,25.60126958875037,True,prefix,numerical_precision_check
277.0,3.9753,3.9494650901451287,25.7,25.603649428016638,True,prefix,numerical_precision_check
278.0,3.975,3.9492838325484962,25.5,25.60602817976843,True,prefix,numerical_precision_check
279.0,3.9747,3.9491012295217907,25.5,25.608405845461505,True,prefix,numerical_precision_check
280.0,3.9747,3.9489172866995483,25.5,25.61078242655003,True,prefix,numerical_precision_check
281.0,3.9744,3.948732009833298,25.5,25.613157924488632,True,prefix,numerical_precision_check
282.0,3.9744,3.9485454047884736,25.5,25.615532340731534,True,prefix,numerical_precision_check
283.0,3.9741,3.948357477522363,25.5,25.617905676727162,True,prefix,numerical_precision_check
284.0,3.9741,3.948168234103001,25.5,25.62027793392417,True,prefix,numerical_precision_check
285.0,3.9738,3.947977680699883,25.5,25.622649113769796,True,prefix,numerical_precision_check
286.0,3.9735,3.9477858235815257,25.5,25.625019217709394,True,prefix,numerical_precision_check
287.0,3.9732,3.947592669112957,25.5,25.62738824718656,True,prefix,numerical_precision_check
288.0,3.9732,3.9473982237654344,25.7,25.62975620364699,True,prefix,numerical_precision_check
289.0,3.9729,3.947202494086615,25.5,25.63212308852968,True,prefix,numerical_precision_check
290.0,3.9729,3.947005486718392,25.7,25.634488903273336,True,prefix,numerical_precision_check
291.0,3.9725,3.946807208390516,25.5,25.636853649314787,True,prefix,numerical_precision_check
292.0,3.9725,3.9466076659176443,25.5,25.639217328089103,True,prefix,numerical_precision_check
293.0,3.9722,3.9464068661969605,25.5,25.64157994102959,True,prefix,numerical_precision_check
294.0,3.9719,3.9462048162104773,25.5,25.643941489568647,True,prefix,numerical_precision_check
295.0,3.9719,3.946001523018667,25.5,25.646301975136737,True,prefix,numerical_precision_check
296.0,3.9716,3.945796993751357,25.5,25.648661399160517,True,prefix,numerical_precision_check
297.0,3.9716,3.9455912356156615,25.7,25.65101976306562,True,prefix,numerical_precision_check
298.0,3.971,3.9453842558903687,25.7,25.65337706827529,True,prefix,numerical_precision_check
299.0,3.9707,3.9451760619238265,25.5,25.65573331621107,True,prefix,numerical_precision_check
300.0,3.9704,3.9449666611320513,25.5,25.658088508292167,True,prefix,numerical_precision_check
301.0,3.9704,3.9447560610063883,25.5,25.660442645938588,True,prefix,numerical_precision_check
302.0,3.9701,3.9445442690874155,25.7,25.662795730564085,True,prefix,numerical_precision_check
303.0,3.9701,3.9443312929826444,25.7,25.66514776358173,True,prefix,numerical_precision_check
304.0,3.9698,3.9441171403589634,25.7,25.667498746402373,True,prefix,numerical_precision_check
305.0,3.9694,3.9439018189407005,25.7,25.669848680434654,True,prefix,numerical_precision_check
306.0,3.9694,3.9436853365076177,25.7,25.672197567084936,True,prefix,numerical_precision_check
307.0,3.9691,3.9434677008985624,25.5,25.67454540775873,True,prefix,numerical_precision_check
308.0,3.9688,3.943248920001624,25.7,25.676892203858756,True,prefix,numerical_precision_check
309.0,3.9688,3.9430290017505016,25.7,25.679237956783993,True,prefix,numerical_precision_check
310.0,3.9688,3.94280795412971,25.5,25.681582667932048,True,prefix,numerical_precision_check
311.0,3.9685,3.942585785170023,25.7,25.683926338697916,True,prefix,numerical_precision_check
312.0,3.9682,3.9423625029465708,25.7,25.68626897047443,True,prefix,numerical_precision_check
313.0,3.9682,3.9421381155782202,25.7,25.68861056465238,True,prefix,numerical_precision_check
314.0,3.9679,3.941912631231497,25.5,25.690951122621698,True,prefix,numerical_precision_check
315.0,3.9679,3.941686058101324,25.5,25.69329064576715,True,prefix,numerical_precision_check
316.0,3.9676,3.941458404424568,25.7,25.695629135472302,True,prefix,numerical_precision_check
317.0,3.9673,3.941229678474004,25.7,25.69796659311811,True,prefix,numerical_precision_check
318.0,3.967,3.940999888556587,25.7,25.700303020083254,True,prefix,numerical_precision_check
319.0,3.967,3.9407690430118687,25.5,25.702638417743856,True,prefix,numerical_precision_check
320.0,3.9667,3.940537150215247,25.7,25.704972787474787,True,prefix,numerical_precision_check
321.0,3.9667,3.9403042185676407,25.7,25.70730613064751,True,prefix,numerical_precision_check
322.0,3.9663,3.940070256496439,25.7,25.709638448630585,True,prefix,numerical_precision_check
323.0,3.966,3.9398352724569436,25.7,25.711969742790416,True,prefix,numerical_precision_check
324.0,3.966,3.9395992749292583,25.7,25.714300014491016,True,prefix,numerical_precision_check
325.0,3.9657,3.939362272416786,25.7,25.716629265093673,True,prefix,numerical_precision_check
326.0,3.9657,3.9391242734461316,25.7,25.71895749595768,True,prefix,numerical_precision_check
327.0,3.9654,3.9388852865677797,25.7,25.72128470844052,True,prefix,numerical_precision_check
328.0,3.9651,3.9386453203444396,25.7,25.72361090389535,True,prefix,numerical_precision_check
329.0,3.9648,3.938404383359282,25.7,25.72593608367373,True,prefix,numerical_precision_check
330.0,3.9648,3.938162484211678,25.7,25.728260249124617,True,prefix,numerical_precision_check
331.0,3.9645,3.9379196315158054,25.7,25.730583401594174,True,prefix,numerical_precision_check
332.0,3.9642,3.937675833899276,25.7,25.73290554242601,True,prefix,numerical_precision_check
333.0,3.9642,3.9374311000066444,25.7,25.73522667296254,True,prefix,numerical_precision_check
334.0,3.9642,3.9371854384881604,25.7,25.737546794542254,True,prefix,numerical_precision_check
335.0,3.9639,3.9369388580041025,25.7,25.739865908500917,True,prefix,numerical_precision_check
336.0,3.9629,3.936691367223877,25.7,25.74218401617219,True,prefix,numerical_precision_check
337.0,3.9629,3.936442974823931,25.7,25.744501118886888,True,prefix,numerical_precision_check
338.0,3.9626,3.936193689486545,25.7,25.746817217973444,True,prefix,numerical_precision_check
339.0,3.9626,3.9359435199003343,25.9,25.749132314757844,True,prefix,numerical_precision_check
340.0,3.9623,3.9356924747590774,25.7,25.751446410563915,True,prefix,numerical_precision_check
341.0,3.9623,3.9354405627540103,25.7,25.75375950671196,True,prefix,numerical_precision_check
342.0,3.9617,3.935187792579725,25.9,25.756071604519832,True,prefix,numerical_precision_check
343.0,3.9617,3.934934172930835,25.7,25.75838270530295,True,prefix,numerical_precision_check
344.0,3.9614,3.9346797125008224,25.7,25.760692810374167,True,prefix,numerical_precision_check
345.0,3.9614,3.9344244199809624,25.7,25.763001921043383,True,prefix,numerical_precision_check
346.0,3.9611,3.93416830406389,25.7,25.76531003861936,True,prefix,numerical_precision_check
347.0,3.9611,3.9339113734320086,25.7,25.767617164406374,True,prefix,numerical_precision_check
348.0,3.9608,3.9336536367641215,25.7,25.76992329970699,True,prefix,numerical_precision_check
349.0,3.9605,3.9333951027329657,25.7,25.7722284458207,True,prefix,numerical_precision_check
350.0,3.9601,3.93313578000386,25.7,25.774532604044794,True,prefix,numerical_precision_check
351.0,3.9601,3.9328756772337825,25.7,25.776835775673646,True,prefix,numerical_precision_check
352.0,3.9598,3.9326148030738763,25.9,25.779137961999766,True,prefix,numerical_precision_check
353.0,3.9598,3.9323531661648077,25.7,25.781439164313042,True,prefix,numerical_precision_check
354.0,3.9595,3.93209077513053,25.7,25.7837393838995,True,prefix,numerical_precision_check
355.0,3.9592,3.9318276385857347,25.7,25.786038622043293,True,prefix,numerical_precision_check
356.0,3.9592,3.931563765131988,25.7,25.78833688002561,True,prefix,numerical_precision_check
357.0,3.9589,3.931299163356846,25.7,25.790634159125318,True,prefix,numerical_precision_check
358.0,3.9589,3.9310338418329254,25.7,25.792930460618322,True,prefix,numerical_precision_check
359.0,3.9589,3.9307678091170275,25.9,25.79522578577803,True,prefix,numerical_precision_check
360.0,3.9586,3.930501073749265,25.9,25.797520135875118,True,prefix,numerical_precision_check
361.0,3.9583,3.9302336442522177,25.7,25.799813512177707,True,prefix,numerical_precision_check
362.0,3.958,3.92996552914718,25.7,25.80210591595437,True,prefix,numerical_precision_check
363.0,3.9577,3.9296967369212927,25.7,25.804397348468115,True,prefix,numerical_precision_check
364.0,3.9577,3.929427276034462,25.9,25.80668781097802,True,prefix,numerical_precision_check
365.0,3.9574,3.9291571549336175,25.9,25.808977304741575,True,prefix,numerical_precision_check
366.0,3.9574,3.9288863820443156,25.7,25.81126583101411,True,prefix,numerical_precision_check
367.0,3.957,3.928614965770061,25.7,25.81355339104789,True,prefix,numerical_precision_check
368.0,3.9567,3.928342914491464,25.7,25.81583998609267,True,prefix,numerical_precision_check
369.0,3.9564,3.9280702365655773,25.9,25.818125617395538,True,prefix,numerical_precision_check
370.0,3.9561,3.9277969403251243,25.7,25.820410286200968,True,prefix,numerical_precision_check
371.0,3.9561,3.9275230340778386,25.7,25.82269399375059,True,prefix,numerical_precision_check
372.0,3.9558,3.927248526140351,25.9,25.824976741290016,True,prefix,numerical_precision_check
373.0,3.9552,3.926973424758559,25.9,25.82725853005394,True,prefix,numerical_precision_check
374.0,3.9552,3.9266977381583117,25.9,25.829539361275295,True,prefix,numerical_precision_check
375.0,3.9549,3.9264214745447155,25.9,25.83181923618588,True,prefix,numerical_precision_check
376.0,3.9546,3.92614464209501,25.9,25.834098156014818,True,prefix,numerical_precision_check
377.0,3.9546,3.925867248957862,25.9,25.83637612198868,True,prefix,numerical_precision_check
378.0,3.9543,3.9255893032528193,25.9,25.8386531353313,True,prefix,numerical_precision_check
379.0,3.9539,3.9253108130697023,25.9,25.84092919726413,True,prefix,numerical_precision_check
380.0,3.9536,3.925031786468049,25.9,25.84320430900567,True,prefix,numerical_precision_check
381.0,3.9536,3.9247522314765133,25.9,25.845478471772083,True,prefix,numerical_precision_check
382.0,3.9533,3.9244721561297653,25.9,25.847751686783283,True,prefix,numerical_precision_check
383.0,3.953,3.9241915683728177,25.9,25.85002395524674,True,prefix,numerical_precision_check
384.0,3.953,3.9239104761411134,25.9,25.852295278370946,True,prefix,numerical_precision_check
385.0,3.9527,3.923628887338248,25.9,25.854565657362116,True,prefix,numerical_precision_check
386.0,3.9524,3.9233468098346704,25.9,25.856835093423967,True,prefix,numerical_precision_check
387.0,3.9521,3.9230642514672596,25.9,25.859103587757602,True,prefix,numerical_precision_check
388.0,3.9518,3.9227812200387984,25.9,25.86137114156162,True,prefix,numerical_precision_check
389.0,3.9518,3.9224977233175746,25.9,25.863637756032062,True,prefix,numerical_precision_check
390.0,3.9512,3.922213769036892,25.9,25.865903432362472,True,prefix,numerical_precision_check
391.0,3.9512,3.9219293648972147,25.9,25.86816817174406,True,prefix,numerical_precision_check
392.0,3.9508,3.9216445185785047,25.9,25.87043197536792,True,prefix,numerical_precision_check
393.0,3.9508,3.9213592376956856,25.9,25.872694844418334,True,prefix,numerical_precision_check
394.0,3.9505,3.92107352983988,25.9,25.874956780078946,True,prefix,numerical_precision_check
395.0,3.9505,3.920787402565402,25.9,25.877217783530796,True,prefix,numerical_precision_check
396.0,3.9502,3.9205008633893295,26.1,25.8794778559527,True,prefix,numerical_precision_check
397.0,3.9499,3.920213919791164,25.9,25.88173699852058,True,prefix,numerical_precision_check
398.0,3.9496,3.919926579212486,25.9,25.88399521240831,True,prefix,numerical_precision_check
399.0,3.9493,3.9196388490565988,25.9,25.886252498786916,True,prefix,numerical_precision_check
400.0,3.9493,3.9193507366881892,25.9,25.888508858825162,True,prefix,numerical_precision_check
401.0,3.949,3.9190622494363345,26.1,25.890764293689585,True,prefix,numerical_precision_check
402.0,3.9487,3.918773394594983,25.9,25.893018804544568,True,prefix,numerical_precision_check
403.0,3.9484,3.9184841794059295,25.9,25.895272392551078,True,prefix,numerical_precision_check
404.0,3.9481,3.9181946110773516,25.9,25.897525058867927,True,prefix,numerical_precision_check
405.0,3.9481,3.9179046967773687,26.1,25.89977680465165,True,prefix,numerical_precision_check
406.0,3.9474,3.917614443633826,25.9,25.902027631056228,True,prefix,numerical_precision_check
407.0,3.9471,3.917323858733912,25.9,25.904277539233362,True,prefix,numerical_precision_check
408.0,3.9468,3.9170329491240077,25.9,25.906526530332144,True,prefix,numerical_precision_check
409.0,3.9465,3.9167417218093683,25.9,25.908774605499275,True,prefix,numerical_precision_check
410.0,3.9465,3.916450183753896,26.1,25.91102176587924,True,prefix,numerical_precision_check
411.0,3.9462,3.916158341885646,26.1,25.913268012614367,True,prefix,numerical_precision_check
412.0,3.9459,3.915866203089768,26.1,25.915513346844705,True,prefix,numerical_precision_check
413.0,3.9456,3.915573774200637,26.1,25.917757769706895,True,prefix,numerical_precision_check
414.0,3.9453,3.915281062015717,26.1,25.920001282335647,True,prefix,numerical_precision_check
415.0,3.9453,3.9149880732901265,26.1,25.922243885863566,True,prefix,numerical_precision_check
416.0,3.945,3.9146948147364706,26.1,25.92448558142047,True,prefix,numerical_precision_check
417.0,3.9446,3.914401293024656,26.1,25.92672637013419,True,prefix,numerical_precision_check
418.0,3.9443,3.9141075147816893,26.1,25.928966253129886,True,prefix,numerical_precision_check
419.0,3.9443,3.9138134865915344,26.1,25.93120523153044,True,prefix,numerical_precision_check
420.0,3.944,3.9135192149949165,26.1,25.933443306456468,True,prefix,numerical_precision_check
421.0,3.9437,3.913224706498447,26.1,25.9356804790271,True,prefix,numerical_precision_check
422.0,3.9434,3.9129299675571465,26.1,25.937916750358568,True,prefix,numerical_precision_check
423.0,3.9431,3.9126350045782203,26.1,25.9401521215637,True,prefix,numerical_precision_check
424.0,3.9431,3.9123398239294915,26.1,25.94238659375401,True,prefix,numerical_precision_check
425.0,3.9428,3.912044431934975,26.1,25.944620168038455,True,prefix,numerical_precision_check
426.0,3.9425,3.9117488348747935,26.1,25.946852845523665,True,prefix,numerical_precision_check
427.0,3.9422,3.9114530389850333,26.1,25.94908462731405,True,prefix,numerical_precision_check
428.0,3.9419,3.9111570504576854,26.1,25.95131551451169,True,prefix,numerical_precision_check
429.0,3.9415,3.9108608754404885,26.1,25.95354550821645,True,prefix,numerical_precision_check
430.0,3.9415,3.9105645200368957,26.1,25.955774609525633,True,prefix,numerical_precision_check
431.0,3.9412,3.9102679903162922,26.1,25.958002819535466,True,prefix,numerical_precision_check
432.0,3.9409,3.9099712922904395,26.1,25.96023013933859,True,prefix,numerical_precision_check
433.0,3.9406,3.90967443192841,26.1,25.962456570025665,True,prefix,numerical_precision_check
434.0,3.9406,3.909377415156816,26.1,25.964682112685068,True,prefix,numerical_precision_check
435.0,3.9403,3.90908024785773,26.3,25.966906768403135,True,prefix,numerical_precision_check
436.0,3.9397,3.9087829358686066,26.3,25.969130538263926,True,prefix,numerical_precision_check
437.0,3.9394,3.9084854849822204,26.1,25.971353423349058,True,prefix,numerical_precision_check
438.0,3.9391,3.908187900946638,26.1,25.973575424738215,True,prefix,numerical_precision_check
439.0,3.9391,3.907890189465158,26.1,25.975796543508636,True,prefix,numerical_precision_check
440.0,3.9384,3.907592356196326,26.3,25.978016780735516,True,prefix,numerical_precision_check
441.0,3.9381,3.907294406762977,26.3,25.980236137492113,True,prefix,numerical_precision_check
442.0,3.9381,3.9069963467291005,26.1,25.98245461484879,True,prefix,numerical_precision_check
443.0,3.9378,3.9066981816192934,26.3,25.984672213874262,True,prefix,numerical_precision_check
444.0,3.9375,3.9063999169136188,26.3,25.98688893563468,True,prefix,numerical_precision_check
445.0,3.9372,3.906101558047334,26.3,25.989104781194328,True,prefix,numerical_precision_check
446.0,3.9369,3.9058031104109037,26.3,25.991319751615208,True,prefix,numerical_precision_check
447.0,3.9366,3.9055045793500174,26.1,25.99353384795711,True,prefix,numerical_precision_check
448.0,3.9363,3.905205970165569,26.3,25.99574707127772,True,prefix,numerical_precision_check
449.0,3.936,3.9049072881136704,26.1,25.997959422632505,True,prefix,numerical_precision_check
450.0,3.936,3.904608538406522,26.1,26.00017090307483,True,prefix,numerical_precision_check
451.0,3.9357,3.9043097262168955,26.1,26.00238151365602,True,prefix,numerical_precision_check
452.0,3.9353,3.904010856662944,26.3,26.004591255424998,True,prefix,numerical_precision_check
453.0,3.935,3.903711934822535,26.1,26.006800129428825,True,prefix,numerical_precision_check
454.0,3.9347,3.9034129657289345,26.1,26.00900813671234,True,prefix,numerical_precision_check
455.0,3.9344,3.903113954370857,26.3,26.011215278318332,True,prefix,numerical_precision_check
456.0,3.9341,3.9028149056925003,26.3,26.01342155528721,True,prefix,numerical_precision_check
457.0,3.9338,3.9025158245936025,26.3,26.015626968657728,True,prefix,numerical_precision_check
458.0,3.9335,3.9022167159294607,26.3,26.017831519466142,True,prefix,numerical_precision_check
459.0,3.9332,3.901917584510997,26.3,26.020035208746947,True,prefix,numerical_precision_check
460.0,3.9329,3.9016184351067107,26.1,26.02223803753219,True,prefix,numerical_precision_check
461.0,3.9326,3.901319272443353,26.3,26.024440006852274,True,prefix,numerical_precision_check
462.0,3.9322,3.9010201011960484,26.3,26.02664111773521,True,prefix,numerical_precision_check
463.0,3.9316,3.900720925999435,26.3,26.028841371207022,True,prefix,numerical_precision_check
464.0,3.9313,3.900421751444163,26.3,26.031040768291746,True,prefix,numerical_precision_check
465.0,3.931,3.9001225820769334,26.3,26.033239310011254,True,prefix,numerical_precision_check
466.0,3.9307,3.899823422400594,26.3,26.035436997385602,True,prefix,numerical_precision_check
467.0,3.9304,3.899524276874201,26.3,26.03763383143263,True,prefix,numerical_precision_check
468.0,3.9301,3.899225149913105,26.3,26.039829813168012,True,prefix,numerical_precision_check
469.0,3.9298,3.8989260458890325,26.3,26.04202494360578,True,prefix,numerical_precision_check
470.0,3.9295,3.898626969133188,26.3,26.04421922375775,True,prefix,numerical_precision_check
471.0,3.9291,3.898327923932861,26.3,26.046412654633514,True,prefix,numerical_precision_check
472.0,3.9288,3.898028914527202,26.3,26.048605237241134,True,prefix,numerical_precision_check
473.0,3.9285,3.8977299451149876,26.3,26.050796972586227,True,prefix,numerical_precision_check
474.0,3.9282,3.897431019851859,26.3,26.05298786167276,True,prefix,numerical_precision_check
475.0,3.9279,3.8971321428504617,26.3,26.05517790550249,True,prefix,numerical_precision_check
476.0,3.9276,3.896833318180537,26.3,26.057367105075286,True,prefix,numerical_precision_check
477.0,3.9273,3.896534549869011,26.3,26.05955546138898,True,prefix,numerical_precision_check
478.0,3.927,3.896235841900107,26.3,26.061742975439643,True,prefix,numerical_precision_check
479.0,3.927,3.8959371982154614,26.3,26.063929648221176,True,prefix,numerical_precision_check
480.0,3.9264,3.895638622717873,26.3,26.066115480725557,True,prefix,numerical_precision_check
481.0,3.926,3.895340119264672,26.3,26.068300473942884,True,prefix,numerical_precision_check
482.0,3.9257,3.8950416916691326,26.3,26.070484628861266,True,prefix,numerical_precision_check
483.0,3.9254,3.8947433437041954,26.3,26.072667946466936,True,prefix,numerical_precision_check
484.0,3.9251,3.8944450791008136,26.3,26.07485042774431,True,prefix,numerical_precision_check
485.0,3.9248,3.8941469015480927,26.3,26.077032073675582,True,prefix,numerical_precision_check
486.0,3.9245,3.8938488146933894,26.3,26.07921288524136,True,prefix,numerical_precision_check
487.0,3.9239,3.8935508221424575,26.3,26.08139286342015,True,prefix,numerical_precision_check
488.0,3.9236,3.8932529274595553,26.3,26.083572009188572,True,prefix,numerical_precision_check
489.0,3.9233,3.892955134167573,26.3,26.085750323521438,True,prefix,numerical_precision_check
490.0,3.9229,3.8926574457556202,26.3,26.087927807391225,True,prefix,numerical_precision_check
491.0,3.9226,3.8923598656616996,26.3,26.090104461769045,True,prefix,numerical_precision_check
492.0,3.9223,3.8920623972842097,26.3,26.092280287624078,True,prefix,numerical_precision_check
493.0,3.922,3.891765043982326,26.3,26.09445528592363,True,prefix,numerical_precision_check
494.0,3.9217,3.8914678090745216,26.3,26.096629457633128,True,prefix,numerical_precision_check
495.0,3.9214,3.891170695838673,26.3,26.098802803716012,True,prefix,numerical_precision_check
496.0,3.9211,3.890873707512223,26.3,26.100975325134016,True,prefix,numerical_precision_check
497.0,3.9208,3.890576847292269,26.3,26.103147022846997,True,prefix,numerical_precision_check
498.0,3.9205,3.8902801183357405,26.3,26.105317897813052,True,prefix,numerical_precision_check
499.0,3.9202,3.889983523759492,26.4,26.10748795098823,True,prefix,numerical_precision_check
500.0,3.9198,3.88968706664046,26.4,26.1096571833271,True,prefix,numerical_precision_check
501.0,3.9195,3.889390750015788,26.2,26.11182559578208,True,prefix,numerical_precision_check
502.0,3.9189,3.889094576882966,26.5,26.113993189303983,True,prefix,numerical_precision_check
503.0,3.9189,3.888798550199943,26.3,26.1161599648417,True,prefix,numerical_precision_check
504.0,3.9183,3.8885026728852994,26.2,26.118325923342525,True,prefix,numerical_precision_check
505.0,3.918,3.8882069478388686,26.4,26.120491065750173,True,prefix,numerical_precision_check
506.0,3.9177,3.8879113778989893,26.3,26.12265539300853,True,prefix,numerical_precision_check
507.0,3.9174,3.8876159658584455,26.4,26.124818906059943,True,prefix,numerical_precision_check
508.0,3.9171,3.887320714480919,26.4,26.126981605844378,True,prefix,numerical_precision_check
509.0,3.9167,3.887025626491488,26.4,26.12914349330015,True,prefix,numerical_precision_check
510.0,3.9161,3.886730704576722,26.4,26.131304569363635,True,prefix,numerical_precision_check
511.0,3.9155,3.8864359513848408,26.3,26.133464834969516,True,prefix,numerical_precision_check
512.0,3.9152,3.8861413695258675,26.2,26.135624291050704,True,prefix,numerical_precision_check
513.0,3.9149,3.8858469615717235,26.4,26.13778293853852,True,prefix,numerical_precision_check
514.0,3.9146,3.885552730056402,26.4,26.13994077836236,True,prefix,numerical_precision_check
515.0,3.9143,3.885258677476109,26.4,26.1420978114499,True,prefix,numerical_precision_check
516.0,3.914,3.8849648062893514,26.4,26.144254038727354,True,prefix,numerical_precision_check
517.0,3.9136,3.8846711189171397,26.4,26.14640946111882,True,prefix,numerical_precision_check
518.0,3.9133,3.8843776177430698,26.4,26.1485640795471,True,prefix,numerical_precision_check
519.0,3.913,3.8840843051135,26.4,26.150717894932995,True,prefix,numerical_precision_check
520.0,3.9127,3.883791183361853,26.4,26.15287090819379,True,prefix,numerical_precision_check
521.0,3.9124,3.883498254770424,26.4,26.155023120246142,True,prefix,numerical_precision_check
522.0,3.9118,3.8832055215554746,26.2,26.157174532007616,True,prefix,numerical_precision_check
523.0,3.9115,3.8829129859176574,26.4,26.159325144392028,True,prefix,numerical_precision_check
524.0,3.9112,3.8826206500211686,26.4,26.16147495831177,True,prefix,numerical_precision_check
525.0,3.9109,3.882328515993892,26.4,26.163623974677478,True,prefix,numerical_precision_check
526.0,3.9105,3.8820365859275503,26.4,26.165772194398187,True,prefix,numerical_precision_check
527.0,3.9102,3.8817448618778108,26.4,26.167919618381177,True,prefix,numerical_precision_check
528.0,3.9096,3.8814533458644513,26.4,26.170066247532134,True,prefix,numerical_precision_check
529.0,3.9093,3.881162039871472,26.4,26.17221208275521,True,prefix,numerical_precision_check
530.0,3.909,3.8808709458472292,26.4,26.17435712495262,True,prefix,numerical_precision_check
531.0,3.9087,3.8805800657045726,26.4,26.17650137502517,True,prefix,numerical_precision_check
532.0,3.9081,3.8802894013209914,26.4,26.178644833871942,True,prefix,numerical_precision_check
533.0,3.9078,3.8799989545387192,26.4,26.180787502390558,True,prefix,numerical_precision_check
534.0,3.9074,3.879708727164869,26.4,26.182929381476754,True,prefix,numerical_precision_check
535.0,3.9068,3.879418720986061,26.4,26.185070472023426,True,prefix,numerical_precision_check
536.0,3.9065,3.879128937759166,26.4,26.18721077492137,True,prefix,numerical_precision_check
537.0,3.9062,3.8788393791653575,26.4,26.18935029106359,True,prefix,numerical_precision_check
538.0,3.9056,3.8785500468742113,26.4,26.19148902133952,True,prefix,numerical_precision_check
539.0,3.9056,3.878260942520927,26.4,26.193626966636884,True,prefix,numerical_precision_check
540.0,3.905,3.877972067706472,26.4,26.19576412784164,True,prefix,numerical_precision_check
541.0,3.9046,3.877683423997678,26.4,26.19790050583839,True,prefix,numerical_precision_check
542.0,3.9043,3.877395012927367,26.4,26.20003610151008,True,prefix,numerical_precision_check
543.0,3.904,3.8771068359944882,26.4,26.20217091573818,True,prefix,numerical_precision_check
544.0,3.9037,3.876818894664213,26.4,26.204304949402342,True,prefix,numerical_precision_check
545.0,3.9031,3.876531190368089,26.4,26.2064382033808,True,prefix,numerical_precision_check
546.0,3.9028,3.876243724504109,26.4,26.208570678550302,True,prefix,numerical_precision_check
547.0,3.9025,3.875956498436848,26.4,26.210702375785957,True,prefix,numerical_precision_check
548.0,3.9022,3.8756695134976065,26.4,26.21283329596139,True,prefix,numerical_precision_check
549.0,3.9015,3.875382770984454,26.4,26.214963439948463,True,prefix,numerical_precision_check
550.0,3.9012,3.875096272167111,26.4,26.217092808617167,True,prefix,numerical_precision_check
551.0,3.9009,3.8748100182946064,26.4,26.219221402833853,True,prefix,numerical_precision_check
552.0,3.9003,3.8745240105514185,26.4,26.22134922346811,True,prefix,numerical_precision_check
553.0,3.9,3.874238250104868,26.4,26.22347627138572,True,prefix,numerical_precision_check
554.0,3.8994,3.8739527380896654,26.4,26.225602547451047,True,prefix,numerical_precision_check
555.0,3.8991,3.8736674756080283,26.4,26.2277280525268,True,prefix,numerical_precision_check
556.0,3.8988,3.873382463729768,26.4,26.229852787474215,True,prefix,numerical_precision_check
557.0,3.8984,3.8730977034923852,26.6,26.23197675315305,True,prefix,numerical_precision_check
558.0,3.8981,3.8728131959011876,26.6,26.234099950421466,True,prefix,numerical_precision_check
559.0,3.8975,3.872528941929363,26.6,26.23622238013627,True,prefix,numerical_precision_check
560.0,3.8972,3.872244942518071,26.6,26.238344043152722,True,prefix,numerical_precision_check
561.0,3.8969,3.871961198576537,26.6,26.2404649403245,True,prefix,numerical_precision_check
562.0,3.8963,3.871677710982128,26.6,26.242585072504028,True,prefix,numerical_precision_check
563.0,3.896,3.8713944805804656,26.6,26.24470444054208,True,prefix,numerical_precision_check
564.0,3.8957,3.871111508185478,26.4,26.246823045287897,True,prefix,numerical_precision_check
565.0,3.8953,3.8708287945802695,26.6,26.24894088758947,True,prefix,numerical_precision_check
566.0,3.895,3.870546340528642,26.6,26.251057968289842,True,prefix,numerical_precision_check
567.0,3.8944,3.870264146740098,26.6,26.253174288236607,True,prefix,numerical_precision_check
568.0,3.8941,3.8699822139031115,26.6,26.255289848273037,True,prefix,numerical_precision_check
569.0,3.8938,3.869700542674901,26.6,26.257404649241096,True,prefix,numerical_precision_check
570.0,3.8935,3.8694191336814505,26.6,26.25951869198127,True,prefix,numerical_precision_check
571.0,3.8929,3.8691379875176133,26.6,26.26163197733274,True,prefix,numerical_precision_check
572.0,3.8922,3.868857104747162,26.6,26.263744506133094,True,prefix,numerical_precision_check
573.0,3.8919,3.868576485902842,26.6,26.265856279218667,True,prefix,numerical_precision_check
574.0,3.8916,3.8682961314864186,26.6,26.267967297424093,True,prefix,numerical_precision_check
575.0,3.891,3.868016041968761,26.6,26.270077561582866,True,prefix,numerical_precision_check
576.0,3.8907,3.8677362177898647,26.6,26.272187072526947,True,prefix,numerical_precision_check
577.0,3.8904,3.8674566593589126,26.6,26.274295831086874,True,prefix,numerical_precision_check
578.0,3.8898,3.867177367054304,26.6,26.276403838091937,True,prefix,numerical_precision_check
579.0,3.8895,3.8668983412237217,26.6,26.278511094369776,True,prefix,numerical_precision_check
580.0,3.8891,3.866619582184152,26.6,26.280617600746723,True,prefix,numerical_precision_check
581.0,3.8888,3.8663410902354776,26.6,26.282723358045132,True,prefix,numerical_precision_check
582.0,3.8882,3.8660628656249822,26.6,26.2848283670902,True,prefix,numerical_precision_check
583.0,3.8876,3.8657849085772096,26.6,26.286932628704335,True,prefix,numerical_precision_check
584.0,3.8876,3.865507219287255,26.6,26.289036143708245,True,prefix,numerical_precision_check
585.0,3.887,3.865229797919723,26.6,26.291138912921383,True,prefix,numerical_precision_check
586.0,3.8867,3.864952644608708,26.6,26.293240937161613,True,prefix,numerical_precision_check
587.0,3.8864,3.864675759457841,26.6,26.295342217245775,True,prefix,numerical_precision_check
588.0,3.8857,3.86439914254027,26.6,26.297442753988946,True,prefix,numerical_precision_check
589.0,3.8854,3.8641227938986926,26.6,26.29954254820524,True,prefix,numerical_precision_check
590.0,3.8851,3.8638467135453634,26.6,26.301641600707057,True,prefix,numerical_precision_check
591.0,3.8845,3.863570901462083,26.6,26.30373991230573,True,prefix,numerical_precision_check
592.0,3.8839,3.8632953576001876,26.6,26.305837483811104,True,prefix,numerical_precision_check
593.0,3.8836,3.8630200818805753,26.6,26.307934316031776,True,prefix,numerical_precision_check
594.0,3.8833,3.862745074193653,26.6,26.31003040977498,True,prefix,numerical_precision_check
595.0,3.8829,3.8624703343993523,26.6,26.312125765846645,True,prefix,numerical_precision_check
596.0,3.8826,3.862195862328476,26.6,26.314220385050987,True,prefix,numerical_precision_check
597.0,3.882,3.861921657782228,26.6,26.31631426819098,True,prefix,numerical_precision_check
598.0,3.8817,3.8616477205300734,26.6,26.318407416068283,True,prefix,numerical_precision_check
599.0,3.8811,3.861374050311101,26.7,26.32049982948348,True,prefix,numerical_precision_check
600.0,3.8808,3.861100649939123,26.6,26.32259135849182,True,prefix,numerical_precision_check
601.0,3.8805,3.860827513858705,26.6,26.32468225539054,True,prefix,numerical_precision_check
602.0,3.8802,3.8605546431347544,26.6,26.32677245377272,True,prefix,numerical_precision_check
603.0,3.8795,3.860282037893696,26.7,26.3288619282402,True,prefix,numerical_precision_check
604.0,3.8792,3.8600096978338656,26.7,26.33095067701379,True,prefix,numerical_precision_check
605.0,3.8789,3.85973762233999,26.6,26.333038695061305,True,prefix,numerical_precision_check
606.0,3.8783,3.8594658111706677,26.7,26.33512598671399,True,prefix,numerical_precision_check
607.0,3.878,3.859194263942909,26.6,26.33721255218859,True,prefix,numerical_precision_check
608.0,3.8777,3.8589229793826956,26.7,26.339298393290846,True,prefix,numerical_precision_check
609.0,3.8771,3.858651957290391,26.7,26.34138350948865,True,prefix,numerical_precision_check
610.0,3.8764,3.8583811974143787,26.7,26.343467900288545,True,prefix,numerical_precision_check
611.0,3.8761,3.858110699237219,26.7,26.345551565690812,True,prefix,numerical_precision_check
612.0,3.8755,3.8578404622088143,26.6,26.34763450569517,True,prefix,numerical_precision_check
613.0,3.8752,3.857570485193088,26.7,26.349716723555957,True,prefix,numerical_precision_check
614.0,3.8749,3.8573007668285677,26.7,26.35179822367644,True,prefix,numerical_precision_check
615.0,3.8746,3.857031307250276,26.7,26.3538790014627,True,prefix,numerical_precision_check
616.0,3.874,3.8567621057783854,26.6,26.355959056914912,True,prefix,numerical_precision_check
617.0,3.8736,3.8564931616999796,26.7,26.35803839003296,True,prefix,numerical_precision_check
618.0,3.8733,3.8562244742689376,26.7,26.360117000816956,True,prefix,numerical_precision_check
619.0,3.8727,3.8559560409713725,26.7,26.362194901183614,True,prefix,numerical_precision_check
620.0,3.8724,3.855687862157107,26.7,26.364272083175933,True,prefix,numerical_precision_check
621.0,3.8721,3.855419937004677,26.7,26.36634854663521,True,prefix,numerical_precision_check
622.0,3.8715,3.8551522646358336,26.7,26.368424291561496,True,prefix,numerical_precision_check
623.0,3.8712,3.8548848441384918,26.7,26.370499317954682,True,prefix,numerical_precision_check
624.0,3.8709,3.8546176735851474,26.7,26.372573633034676,True,prefix,numerical_precision_check
625.0,3.8702,3.8543507518879903,26.7,26.374647237618888,True,prefix,numerical_precision_check
626.0,3.8699,3.854084078580795,26.7,26.376720127693545,True,prefix,numerical_precision_check
627.0,3.8696,3.853817652616627,26.7,26.378792303258592,True,prefix,numerical_precision_check
628.0,3.8687,3.8535514729139755,26.7,26.38086376431403,True,prefix,numerical_precision_check
629.0,3.8684,3.853285538110128,26.7,26.382934512765644,True,prefix,numerical_precision_check
630.0,3.8681,3.85301984607353,26.7,26.38500455620988,True,prefix,numerical_precision_check
631.0,3.8678,3.8527543962644346,26.7,26.387073889668784,True,prefix,numerical_precision_check
632.0,3.8671,3.852489187403774,26.7,26.389142513604156,True,prefix,numerical_precision_check
633.0,3.8668,3.8522242181772888,26.7,26.391210428478075,True,prefix,numerical_precision_check
634.0,3.8665,3.851959487235293,26.7,26.393277634752508,True,prefix,numerical_precision_check
635.0,3.8659,3.851694993192527,26.7,26.39534413288925,True,prefix,numerical_precision_check
636.0,3.8656,3.851430734619511,26.7,26.397409923422344,True,prefix,numerical_precision_check
637.0,3.8653,3.851166709467165,26.7,26.399475011910113,True,prefix,numerical_precision_check
638.0,3.865,3.8509029166078412,26.7,26.401539395680004,True,prefix,numerical_precision_check
639.0,3.8643,3.8506393544837674,26.7,26.403603075441538,True,prefix,numerical_precision_check
640.0,3.864,3.850376021500561,26.7,26.405666051904177,True,prefix,numerical_precision_check
641.0,3.8634,3.850112916027,26.7,26.407728325777555,True,prefix,numerical_precision_check
642.0,3.8631,3.8498500363947485,26.7,26.40978989777119,True,prefix,numerical_precision_check
643.0,3.8628,3.8495873808981123,26.7,26.41185076859449,True,prefix,numerical_precision_check
644.0,3.8625,3.849324947725252,26.9,26.413910940025517,True,prefix,numerical_precision_check
645.0,3.8619,3.849062735118245,26.7,26.4159704124134,True,prefix,numerical_precision_check
646.0,3.8616,3.848800741266106,26.7,26.418029186338345,True,prefix,numerical_precision_check
647.0,3.8609,3.8485389643069574,26.7,26.42008726257427,True,prefix,numerical_precision_check
648.0,3.8606,3.848277402340179,26.9,26.42214464189476,True,prefix,numerical_precision_check
649.0,3.86,3.8480160534260914,26.7,26.42420132507351,True,prefix,numerical_precision_check
650.0,3.8597,3.847754915585633,26.7,26.426257312884275,True,prefix,numerical_precision_check
651.0,3.8594,3.8474939869182854,26.7,26.428312605853762,True,prefix,numerical_precision_check
652.0,3.8588,3.8472332653676973,26.7,26.430367204749928,True,prefix,numerical_precision_check
653.0,3.8585,3.846972748776986,26.9,26.432421110466635,True,prefix,numerical_precision_check
654.0,3.8581,3.8467124350100312,26.7,26.434474323769336,True,prefix,numerical_precision_check
655.0,3.8575,3.8464523218896405,26.9,26.436526845423828,True,prefix,numerical_precision_check
656.0,3.8572,3.8461924071972056,26.9,26.43857867619562,True,prefix,numerical_precision_check
657.0,3.8569,3.8459326886723666,26.9,26.440629816850333,True,prefix,numerical_precision_check
658.0,3.8563,3.8456731640125987,26.7,26.442680268153595,True,prefix,numerical_precision_check
659.0,3.856,3.845413830872848,26.9,26.444730030871085,True,prefix,numerical_precision_check
660.0,3.8557,3.8451546868651536,26.9,26.446779105768314,True,prefix,numerical_precision_check
661.0,3.8554,3.844895729558233,26.9,26.44882749361102,True,prefix,numerical_precision_check
662.0,3.855,3.8446369566927894,26.7,26.45087519451323,True,prefix,numerical_precision_check
663.0,3.8544,3.8443783657418944,26.9,26.452922209261942,True,prefix,numerical_precision_check
664.0,3.8541,3.844119954033224,26.9,26.454968538949515,True,prefix,numerical_precision_check
665.0,3.8538,3.8438617189657087,26.9,26.457014184317586,True,prefix,numerical_precision_check
666.0,3.8529,3.84360365789283,26.9,26.459059146107734,True,prefix,numerical_precision_check
667.0,3.8526,3.843345768122185,26.9,26.461103425061538,True,prefix,numerical_precision_check
668.0,3.8523,3.843088046915005,26.9,26.463147021920577,True,prefix,numerical_precision_check
669.0,3.8519,3.842830491485717,26.9,26.46518993742643,True,prefix,numerical_precision_check
670.0,3.8513,3.8425730990014726,26.9,26.467232172320678,True,prefix,numerical_precision_check
671.0,3.851,3.842315866581645,26.9,26.46927372734484,True,prefix,numerical_precision_check
672.0,3.8507,3.8420587912973807,26.9,26.471314603240614,True,prefix,numerical_precision_check
673.0,3.8501,3.8418018703719223,26.9,26.473354800208767,True,prefix,numerical_precision_check
674.0,3.8498,3.8415451007722843,26.9,26.475394319005545,True,prefix,numerical_precision_check
675.0,3.8495,3.8412884793198545,26.9,26.477433160646,True,prefix,numerical_precision_check
676.0,3.8492,3.8410320028948464,26.9,26.479471325851705,True,prefix,numerical_precision_check
677.0,3.8485,3.840775668326635,27.1,26.481508815344284,True,prefix,numerical_precision_check
678.0,3.8482,3.8405194723932135,26.9,26.483545629845196,True,prefix,numerical_precision_check
679.0,3.8479,3.84026341182067,26.9,26.485581770076124,True,prefix,numerical_precision_check
680.0,3.8476,3.8400074832826103,26.9,26.487617236758638,True,prefix,numerical_precision_check
681.0,3.847,3.839751683399603,27.1,26.48965203061414,True,prefix,numerical_precision_check
682.0,3.8467,3.8394960087386174,26.9,26.49168615236431,True,prefix,numerical_precision_check
683.0,3.8464,3.8392404558124453,26.9,26.49371960273072,True,prefix,numerical_precision_check
684.0,3.8461,3.8389850212442918,26.9,26.495752382044543,True,prefix,numerical_precision_check
685.0,3.8451,3.8387297014326887,27.1,26.497784491035702,True,prefix,numerical_precision_check
686.0,3.8448,3.838474492639763,26.9,26.499815930624948,True,prefix,numerical_precision_check
687.0,3.8445,3.8382193911614904,26.9,26.50184670151924,True,prefix,numerical_precision_check
688.0,3.8442,3.8379643932366294,26.9,26.5038768044256,True,prefix,numerical_precision_check
689.0,3.8439,3.8377094950460977,26.9,26.505906240051218,True,prefix,numerical_precision_check
690.0,3.8433,3.8374546927123228,26.9,26.507935009103107,True,prefix,numerical_precision_check
691.0,3.843,3.837199982298634,27.1,26.50996311228829,True,prefix,numerical_precision_check
692.0,3.8426,3.836945359808572,26.9,26.511990550313953,True,prefix,numerical_precision_check
693.0,3.8423,3.8366908211852677,26.9,26.51401732388706,True,prefix,numerical_precision_check
694.0,3.8417,3.836436362310758,27.1,26.51604343371463,True,prefix,numerical_precision_check
695.0,3.8414,3.8361819791433436,26.9,26.518068880194903,True,prefix,numerical_precision_check
696.0,3.8411,3.8359276674382246,26.9,26.52009366403979,True,prefix,numerical_precision_check
697.0,3.8405,3.835673422818897,26.9,26.522117786115132,True,prefix,numerical_precision_check
698.0,3.8402,3.835419240921217,26.9,26.52414124711663,True,prefix,numerical_precision_check
699.0,3.8399,3.835165117316489,27.1,26.52616404773977,True,prefix,numerical_precision_check
700.0,3.8395,3.834911047510814,26.9,26.528186188680024,True,prefix,numerical_precision_check
701.0,3.8392,3.834657026944342,26.9,26.530207670633104,True,prefix,numerical_precision_check
702.0,3.8386,3.8344030509905687,26.9,26.53222849429443,True,prefix,numerical_precision_check
703.0,3.8383,3.8341491149556175,26.9,26.534248660359594,True,prefix,numerical_precision_check
704.0,3.838,3.833895214077518,26.9,26.53626816952419,True,prefix,numerical_precision_check
705.0,3.8374,3.8336413435254664,27.1,26.538287022483757,True,prefix,numerical_precision_check
706.0,3.8371,3.833387498519852,26.9,26.540305219655068,True,prefix,numerical_precision_check
707.0,3.8364,3.833133674088362,27.1,26.542322761736557,True,prefix,numerical_precision_check
708.0,3.8361,3.8328798651264733,27.1,26.544339649568258,True,prefix,numerical_precision_check
709.0,3.8358,3.8326260665249854,26.9,26.546355883835247,True,prefix,numerical_precision_check
710.0,3.8355,3.8323722731021435,26.9,26.548371465222715,True,prefix,numerical_precision_check
711.0,3.8349,3.8321184796028747,27.1,26.550386394415852,True,prefix,numerical_precision_check
712.0,3.8346,3.831864680698029,26.9,26.55240067209968,True,prefix,numerical_precision_check
713.0,3.8343,3.831610870983624,26.9,26.554414298959387,True,prefix,numerical_precision_check
714.0,3.834,3.8313570449800674,26.9,26.55642727568005,True,prefix,numerical_precision_check
715.0,3.8337,3.8311031971314318,26.9,26.558439602947033,True,prefix,numerical_precision_check
716.0,3.8333,3.8308493218046547,26.9,26.560451281445125,True,prefix,numerical_precision_check
717.0,3.833,3.830595413397661,26.9,26.562462311590878,True,prefix,numerical_precision_check
718.0,3.8324,3.8303414661200086,26.9,26.56447269407056,True,prefix,numerical_precision_check
719.0,3.8321,3.83008747404563,27.1,26.56648242970988,True,prefix,numerical_precision_check
720.0,3.8318,3.8298334312292623,26.9,26.568491519183794,True,prefix,numerical_precision_check
721.0,3.8315,3.8295793316447004,26.9,26.57049996316732,True,prefix,numerical_precision_check
722.0,3.8312,3.8293251691840555,27.1,26.57250776233559,True,prefix,numerical_precision_check
723.0,3.8306,3.829070937656956,26.9,26.574514917363672,True,prefix,numerical_precision_check
724.0,3.8302,3.8288166307898326,26.9,26.576521428926526,True,prefix,numerical_precision_check
725.0,3.8299,3.828562242225174,27.1,26.57852729769928,True,prefix,numerical_precision_check
726.0,3.8293,3.8283077655207474,26.9,26.58053252435701,True,prefix,numerical_precision_check
727.0,3.8287,3.8280531941489038,26.9,26.582537109574673,True,prefix,numerical_precision_check
728.0,3.8284,3.8277985216232913,27.1,26.584541053683893,True,prefix,numerical_precision_check
729.0,3.8281,3.8275437412428714,26.9,26.586544357359628,True,prefix,numerical_precision_check
730.0,3.8278,3.8272888461519576,27.1,26.588547021458055,True,prefix,numerical_precision_check
731.0,3.8275,3.8270338294785584,26.9,26.590549046641343,True,prefix,numerical_precision_check
732.0,3.8271,3.8267786842616465,27.1,26.592550433571773,True,prefix,numerical_precision_check
733.0,3.8268,3.826523403450531,27.1,26.5945511829118,True,prefix,numerical_precision_check
734.0,3.8262,3.8262679799041486,27.1,26.59655129532348,True,prefix,numerical_precision_check
735.0,3.8259,3.8260124063904324,26.9,26.598550771469377,True,prefix,numerical_precision_check
736.0,3.8256,3.8257566755856467,27.1,26.600549612011662,True,prefix,numerical_precision_check
737.0,3.8253,3.825500780073781,27.1,26.60254781761273,True,prefix,numerical_precision_check
738.0,3.825,3.82524471234594,26.9,26.60454538893498,True,prefix,numerical_precision_check
739.0,3.8247,3.824988464799734,27.1,26.60654232664075,True,prefix,numerical_precision_check
740.0,3.824,3.824732029738726,27.1,26.60853863139249,True,prefix,numerical_precision_check
741.0,3.8237,3.824475399371844,27.1,26.61053430385249,True,prefix,numerical_precision_check
742.0,3.8234,3.824218565812899,26.9,26.612529344683196,True,prefix,numerical_precision_check
743.0,3.8231,3.8239615210800446,27.1,26.61452375454718,True,prefix,numerical_precision_check
744.0,3.8228,3.823704257095282,27.1,26.616517534106606,True,prefix,numerical_precision_check
745.0,3.8225,3.8234467656840248,27.1,26.618510684024216,True,prefix,numerical_precision_check
746.0,3.8222,3.8231890385746565,27.1,26.62050320496229,True,prefix,numerical_precision_check
747.0,3.8216,3.8229310676821675,27.1,26.622495096750924,True,prefix,numerical_precision_check
748.0,3.8209,3.822672844331678,27.1,26.624486360660455,True,prefix,numerical_precision_check
749.0,3.8206,3.822414359946544,27.1,26.626476997387158,True,prefix,numerical_precision_check
750.0,3.8203,3.8221556058683803,27.1,26.628467007578024,True,prefix,numerical_precision_check
751.0,3.82,3.8218965733402115,27.1,26.63045639187976,True,prefix,numerical_precision_check
752.0,3.8197,3.8216372535062404,27.1,26.632445150938395,True,prefix,numerical_precision_check
753.0,3.8194,3.821377637411634,27.1,26.634433285399894,True,prefix,numerical_precision_check
754.0,3.8191,3.8211177160023824,27.1,26.636420795909487,True,prefix,numerical_precision_check
755.0,3.8188,3.820857480125165,27.1,26.638407683111836,True,prefix,numerical_precision_check
756.0,3.8185,3.820596920527303,27.1,26.640393947651603,True,prefix,numerical_precision_check
757.0,3.8182,3.8203360278567033,27.1,26.642379590172595,True,prefix,numerical_precision_check
758.0,3.8175,3.820074792661921,27.1,26.644364611318395,True,prefix,numerical_precision_check
759.0,3.8175,3.819813205392204,27.1,26.646349011732013,True,prefix,numerical_precision_check
760.0,3.8172,3.8195512563976255,27.1,26.648332792056067,True,prefix,numerical_precision_check
761.0,3.8166,3.819288935929279,27.1,26.650315952932715,True,prefix,numerical_precision_check
762.0,3.8163,3.819026234139509,27.1,26.652298495003777,True,prefix,numerical_precision_check
763.0,3.816,3.8187631410822016,27.1,26.65428041891039,True,prefix,numerical_precision_check
764.0,3.8157,3.8184996467131618,27.1,26.65626172529346,True,prefix,numerical_precision_check
765.0,3.8154,3.818235740935531,26.9,26.658242414643496,True,prefix,numerical_precision_check
766.0,3.8151,3.8179714136069607,26.9,26.660222487277565,True,prefix,numerical_precision_check
767.0,3.8147,3.8177066542851046,27.0,26.662201944190144,True,prefix,numerical_precision_check
768.0,3.8144,3.817441452541194,27.1,26.664180786010377,True,prefix,numerical_precision_check
769.0,3.8141,3.8171757978513114,26.9,26.666159013366837,True,prefix,numerical_precision_check
770.0,3.8135,3.816909679597117,27.1,26.668136626886962,True,prefix,numerical_precision_check
771.0,3.8132,3.8166430870667427,27.1,26.670113627197793,True,prefix,numerical_precision_check
772.0,3.8126,3.8163760094557424,27.1,26.67209001492523,True,prefix,numerical_precision_check
773.0,3.8123,3.8161084358680966,27.1,26.674065790694726,True,prefix,numerical_precision_check
774.0,3.8123,3.815840355317371,27.1,26.67604095513076,True,prefix,numerical_precision_check
775.0,3.8116,3.8155717567278926,27.1,26.678015508857072,True,prefix,numerical_precision_check
776.0,3.8113,3.815302628936061,27.0,26.679989452496613,True,prefix,numerical_precision_check
777.0,3.811,3.815032960691762,27.2,26.681962786671647,True,prefix,numerical_precision_check
778.0,3.8107,3.8147627406598605,27.0,26.683935512003472,True,prefix,numerical_precision_check
779.0,3.8104,3.8144919574217915,27.1,26.68590762911282,True,prefix,numerical_precision_check
780.0,3.8101,3.814220599477286,27.1,26.687879138619508,True,prefix,numerical_precision_check
781.0,3.8098,3.8139486552461785,27.1,26.68985004114262,True,prefix,numerical_precision_check
782.0,3.8095,3.813676113070341,27.1,26.69182033730044,True,prefix,numerical_precision_check
783.0,3.8092,3.813402961215713,27.1,26.693790027710577,True,prefix,numerical_precision_check
784.0,3.8089,3.8131291878769122,27.1,26.695759112920314,True,prefix,numerical_precision_check
785.0,3.8085,3.8128547811744387,27.1,26.697727593551235,True,prefix,numerical_precision_check
786.0,3.8082,3.8125797291585375,27.1,26.699695470258007,True,prefix,numerical_precision_check
787.0,3.8076,3.8123040198143587,27.2,26.701662743652946,True,prefix,numerical_precision_check
788.0,3.8073,3.8120276410631977,27.1,26.703629414347688,True,prefix,numerical_precision_check
789.0,3.8073,3.811750580765242,27.0,26.7055954829529,True,prefix,numerical_precision_check
790.0,3.8067,3.8114728267225497,27.0,26.707560950078403,True,prefix,numerical_precision_check
791.0,3.8064,3.8111943666820935,27.0,26.70952581633344,True,prefix,numerical_precision_check
792.0,3.8058,3.8109151883389942,27.0,26.711490082325952,True,prefix,numerical_precision_check
793.0,3.8054,3.8106352793398615,27.2,26.71345374866337,True,prefix,numerical_precision_check
794.0,3.8051,3.8103546272863165,27.0,26.715416815952324,True,prefix,numerical_precision_check
795.0,3.8048,3.8100732197386487,27.0,26.717379284798255,True,prefix,numerical_precision_check
796.0,3.8045,3.80979104421961,27.2,26.71934115580609,True,prefix,numerical_precision_check
797.0,3.8042,3.8095080882184256,27.2,26.721302429579737,True,prefix,numerical_precision_check
798.0,3.8039,3.809224339194879,27.2,26.723263106722356,True,prefix,numerical_precision_check
799.0,3.8036,3.8089397845836177,27.0,26.725223187836264,True,prefix,numerical_precision_check
800.0,3.8033,3.808654411798638,27.0,26.72718267352286,True,prefix,numerical_precision_check
801.0,3.803,3.8083682082378596,27.2,26.729141564382587,True,prefix,numerical_precision_check
802.0,3.8027,3.8080811612879577,27.2,26.731099861015423,True,prefix,numerical_precision_check
803.0,3.8023,3.8077932581310154,27.0,26.733057564377077,True,prefix,numerical_precision_check
804.0,3.802,3.807504486299844,27.2,26.735014674789568,True,prefix,numerical_precision_check
805.0,3.8017,3.8072148331891222,27.0,26.736971192829913,True,prefix,numerical_precision_check
806.0,3.8014,3.8069242861904735,27.2,26.738927119097127,True,prefix,numerical_precision_check
807.0,3.8011,3.8066328327108687,27.2,26.74088245418926,True,prefix,numerical_precision_check
808.0,3.8008,3.806340460178467,27.2,26.74283719870357,True,prefix,numerical_precision_check
809.0,3.8008,3.806047156048657,27.0,26.744791353236508,True,prefix,numerical_precision_check
810.0,3.8002,3.8057529078102674,27.0,26.746744918383456,True,prefix,numerical_precision_check
811.0,3.7999,3.8054577029919816,27.0,26.748697894739166,True,prefix,numerical_precision_check
812.0,3.7996,3.8051615291689274,27.0,26.75065028289731,True,prefix,numerical_precision_check
813.0,3.7992,3.8048643739694277,27.2,26.752602083450768,True,prefix,numerical_precision_check
814.0,3.7989,3.8045662250819996,27.0,26.754553296991674,True,prefix,numerical_precision_check
815.0,3.7986,3.8042670702624655,27.0,26.75650392411103,True,prefix,numerical_precision_check
816.0,3.798,3.8039668973413217,27.2,26.75845396539927,True,prefix,numerical_precision_check
817.0,3.7977,3.803665694231225,27.0,26.76040342144563,True,prefix,numerical_precision_check
818.0,3.7974,3.8033634489347143,27.0,26.762352292838784,True,prefix,numerical_precision_check
819.0,3.7971,3.803060149552105,27.2,26.764300580166264,True,prefix,numerical_precision_check
820.0,3.7968,3.802755784289546,27.2,26.76624828401492,True,prefix,numerical_precision_check
821.0,3.7965,3.8024503414672886,27.0,26.768195404970754,True,prefix,numerical_precision_check
822.0,3.7961,3.802143809528102,27.0,26.77014194361874,True,prefix,numerical_precision_check
823.0,3.7958,3.801836177045896,27.2,26.772087900543056,True,prefix,numerical_precision_check
824.0,3.7955,3.801527432734491,27.2,26.774033276326975,True,prefix,numerical_precision_check
825.0,3.7952,3.801217565456593,27.2,26.775978071553027,True,prefix,numerical_precision_check
826.0,3.7952,3.8009065642328874,27.2,26.77792228680272,True,prefix,numerical_precision_check
827.0,3.7946,3.8005944182513587,27.0,26.77986592265671,True,prefix,numerical_precision_check
828.0,3.7943,3.8002811168766986,27.2,26.781808979694915,True,prefix,numerical_precision_check
829.0,3.7943,3.799966649659946,27.2,26.783751458496283,True,prefix,numerical_precision_check
830.0,3.794,3.799651006348207,27.2,26.785693359638742,True,prefix,numerical_precision_check
831.0,3.7934,3.7993341768945657,27.2,26.787634683699764,True,prefix,numerical_precision_check
832.0,3.7934,3.799016151468109,27.2,26.7895754312554,True,prefix,numerical_precision_check
833.0,3.793,3.798696920464115,27.2,26.79151560288136,True,prefix,numerical_precision_check
834.0,3.7927,3.79837647451431,27.2,26.793455199152106,True,prefix,numerical_precision_check
835.0,3.7924,3.7980548044972977,27.2,26.795394220641413,True,prefix,numerical_precision_check
836.0,3.7921,3.7977319015490933,27.0,26.79733266792215,True,prefix,numerical_precision_check
837.0,3.7918,3.7974077570737044,27.2,26.799270541566216,True,prefix,numerical_precision_check
838.0,3.7915,3.7970823627538834,27.0,26.80120784214489,True,prefix,numerical_precision_check
839.0,3.7912,3.7967557105619063,27.2,26.8031445702282,True,prefix,numerical_precision_check
840.0,3.7909,3.7964277927353933,27.2,26.805080726449773,True,prefix,numerical_precision_check
841.0,3.7906,3.79609860153189,27.2,26.807016311974678,True,prefix,numerical_precision_check
842.0,3.7899,3.7957681301621657,27.2,26.808951326814565,True,prefix,numerical_precision_check
843.0,3.7896,3.795436371861946,27.2,26.810885771543497,True,prefix,numerical_precision_check
844.0,3.7893,3.7951033202112425,27.2,26.812819646735022,True,prefix,numerical_precision_check
845.0,3.789,3.794768969145438,27.2,26.814752952961612,True,prefix,numerical_precision_check
846.0,3.789,3.794433312966352,27.2,26.81668569079551,True,prefix,numerical_precision_check
847.0,3.7884,3.794096346353301,27.2,26.818617860808047,True,prefix,numerical_precision_check
848.0,3.7884,3.793758064374166,27.2,26.820549463570046,True,prefix,numerical_precision_check
849.0,3.7881,3.7934184624963714,27.2,26.82248049965159,True,prefix,numerical_precision_check
850.0,3.7878,3.7930775365978824,27.2,26.824410969622136,True,prefix,numerical_precision_check
851.0,3.7875,3.7927352829780347,27.2,26.82634087405046,True,prefix,numerical_precision_check
852.0,3.7872,3.7923916983683896,27.0,26.828270213504652,True,prefix,numerical_precision_check
853.0,3.7868,3.7920467799434263,27.2,26.83019898855224,True,prefix,numerical_precision_check
854.0,3.7865,3.791700525331094,27.2,26.832127199760123,True,prefix,numerical_precision_check
855.0,3.7862,3.7913529326233237,27.2,26.834054847694404,True,prefix,numerical_precision_check
856.0,3.7859,3.7910040003862906,27.2,26.835981932920504,True,prefix,numerical_precision_check
857.0,3.7856,3.7906537276705676,27.2,26.83790845600339,True,prefix,numerical_precision_check
858.0,3.7853,3.790302114021093,27.2,26.839834417507234,True,prefix,numerical_precision_check
859.0,3.785,3.7899491594868753,27.2,26.84175981799558,True,prefix,numerical_precision_check
860.0,3.785,3.7895948646305646,27.2,26.84368465803135,True,prefix,numerical_precision_check
861.0,3.7847,3.789239230537702,27.2,26.845608938176724,True,prefix,numerical_precision_check
862.0,3.7844,3.7888822588257653,27.2,26.847532658993316,True,prefix,numerical_precision_check
863.0,3.7841,3.7885239516528992,27.2,26.849455821042,True,prefix,numerical_precision_check
864.0,3.7837,3.7881643116621846,27.2,26.851378425003077,True,prefix,numerical_precision_check
865.0,3.7834,3.7878033421007964,27.2,26.853300471468685,True,prefix,numerical_precision_check
866.0,3.7831,3.787441046858325,27.2,26.855221960885444,True,prefix,numerical_precision_check
867.0,3.7828,3.7870774303353514,27.2,26.857142893814284,True,prefix,numerical_precision_check
868.0,3.7822,3.78671249751194,27.2,26.859063270815625,True,prefix,numerical_precision_check
869.0,3.7819,3.786346253954287,27.2,26.860983092449146,True,prefix,numerical_precision_check
870.0,3.7819,3.785978705820989,27.2,26.862902359274244,True,prefix,numerical_precision_check
871.0,3.7816,3.7856098598688335,27.2,26.86482107184935,True,prefix,numerical_precision_check
872.0,3.781,3.7852397234581754,27.2,26.866739230732662,True,prefix,numerical_precision_check
873.0,3.781,3.7848683045578126,27.2,26.868656836481534,True,prefix,numerical_precision_check
874.0,3.7806,3.7844956117494006,27.4,26.870573889652803,True,prefix,numerical_precision_check
875.0,3.7803,3.784121654231331,27.2,26.87249039080291,True,prefix,numerical_precision_check
876.0,3.78,3.78374644182213,27.2,26.874406340487496,True,prefix,numerical_precision_check
877.0,3.7797,3.7833699849632416,27.2,26.87632173926164,True,prefix,numerical_precision_check
878.0,3.7797,3.782992294721349,27.2,26.87823658767985,True,prefix,numerical_precision_check
879.0,3.7794,3.7826133827900454,27.2,26.880150886296178,True,prefix,numerical_precision_check
880.0,3.7791,3.7822332614909437,27.2,26.882064635663937,True,prefix,numerical_precision_check
881.0,3.7788,3.781851943774208,27.2,26.883977836336044,True,prefix,numerical_precision_check
882.0,3.7785,3.78146944321843,27.2,26.88589048886456,True,prefix,numerical_precision_check
883.0,3.7782,3.781085774029905,27.2,26.887802593801155,True,prefix,numerical_precision_check
884.0,3.7779,3.780700951041252,27.2,26.889714151696808,True,prefix,numerical_precision_check
885.0,3.7779,3.7803149897094013,27.2,26.89162516310205,True,prefix,numerical_precision_check
886.0,3.7772,3.7799279061128885,27.2,26.893535628566724,True,prefix,numerical_precision_check
887.0,3.7769,3.7795397169485176,27.2,26.895445548640225,True,prefix,numerical_precision_check
888.0,3.7769,3.7791504395182662,27.2,26.89735492390753,True,prefix,numerical_precision_check
889.0,3.7766,3.77876009174909,27.4,26.89926375489108,True,prefix,numerical_precision_check
890.0,3.7763,3.7783686921665964,27.2,26.90117204213442,True,prefix,numerical_precision_check
891.0,3.776,3.777976259893314,27.2,26.90307978618506,True,prefix,numerical_precision_check
892.0,3.7757,3.7775828146429773,27.2,26.90498698758978,True,prefix,numerical_precision_check
893.0,3.7754,3.7771883767130183,27.2,26.9068936468949,True,prefix,numerical_precision_check
894.0,3.7751,3.776792966976365,27.2,26.90879976464589,True,prefix,numerical_precision_check
895.0,3.7748,3.7763966068725394,27.2,26.910705341388166,True,prefix,numerical_precision_check
896.0,3.7741,3.775999318398077,27.2,26.912610377666056,True,prefix,numerical_precision_check
897.0,3.7741,3.7756011240962137,27.2,26.914514874023553,True,prefix,numerical_precision_check
898.0,3.7738,3.7752020470459184,27.2,26.916418831004137,True,prefix,numerical_precision_check
899.0,3.7735,3.774802110850222,27.2,26.91832224915055,True,prefix,numerical_precision_check
900.0,3.7732,3.7744013396238927,27.4,26.920225129005075,True,prefix,numerical_precision_check
901.0,3.7729,3.77399975798041,27.2,26.922127471109434,True,prefix,numerical_precision_check
902.0,3.7726,3.773597391018325,27.4,26.92402927600466,True,prefix,numerical_precision_check
903.0,3.7723,3.773194264306939,27.2,26.925930544231335,True,prefix,numerical_precision_check
904.0,3.772,3.772790403871381,27.2,26.927831276329357,True,prefix,numerical_precision_check
905.0,3.7717,3.772385836177047,27.2,26.929731472838284,True,prefix,numerical_precision_check
906.0,3.7717,3.7719805881134594,27.2,26.93163113429671,True,prefix,numerical_precision_check
907.0,3.7713,3.771574686977532,27.2,26.933530261242993,True,prefix,numerical_precision_check
908.0,3.771,3.7711681604562477,27.2,26.935428854214933,True,prefix,numerical_precision_check
909.0,3.7707,3.7707610366088686,27.4,26.937326913749416,True,prefix,numerical_precision_check
910.0,3.7704,3.770353343848546,27.4,26.939224440383157,True,prefix,numerical_precision_check
911.0,3.7701,3.769945110912423,27.2,26.941121434692604,True,prefix,numerical_precision_check
912.0,3.7701,3.7695363668443407,27.2,26.943017897286836,True,prefix,numerical_precision_check
913.0,3.7698,3.769127141029981,27.2,26.94491382860531,True,prefix,numerical_precision_check
914.0,3.7695,3.768717463104611,27.2,26.94680922918309,True,prefix,numerical_precision_check
915.0,3.7692,3.7683073629585815,27.2,26.948704099554618,True,prefix,numerical_precision_check
916.0,3.7689,3.7678968707163647,27.4,26.9505984402536,True,prefix,numerical_precision_check
917.0,3.7686,3.7674860167152207,27.4,26.952492251813567,True,prefix,numerical_precision_check
918.0,3.7686,3.767074831483577,27.2,26.954385534767084,True,prefix,numerical_precision_check
919.0,3.7679,3.7666633457191283,27.4,26.956278289646377,True,prefix,numerical_precision_check
920.0,3.7679,3.766251590266666,27.2,26.958170516983046,True,prefix,numerical_precision_check
921.0,3.7676,3.7658395960957045,27.4,26.960062217308007,True,prefix,numerical_precision_check
922.0,3.7673,3.7654273942779293,27.4,26.96195339115178,True,prefix,numerical_precision_check
923.0,3.767,3.765015015964495,27.4,26.96384403904426,True,prefix,numerical_precision_check
924.0,3.7664,3.7646024923631773,27.2,26.965734161514717,True,prefix,numerical_precision_check
925.0,3.7661,3.7641898547154913,27.2,26.967623759091907,True,prefix,numerical_precision_check
926.0,3.7661,3.7637771342736954,27.4,26.969512832303906,True,prefix,numerical_precision_check
927.0,3.7658,3.763364362277821,27.4,26.97140138167839,True,prefix,numerical_precision_check
928.0,3.7655,3.7629515699327363,27.2,26.973289407742357,True,prefix,numerical_precision_check
929.0,3.7651,3.7625387883852013,27.4,26.975176911022174,True,prefix,numerical_precision_check
930.0,3.7648,3.7621260487010466,27.4,26.977063892043816,True,prefix,numerical_precision_check
931.0,3.7645,3.7617133818424846,27.2,26.978950351332514,True,prefix,numerical_precision_check
932.0,3.7645,3.7613008186455357,27.2,26.980836289413105,True,prefix,numerical_precision_check
933.0,3.7639,3.760888389797658,27.4,26.98272170680957,True,prefix,numerical_precision_check
934.0,3.7639,3.7604761258156083,27.2,26.984606604045666,True,prefix,numerical_precision_check
935.0,3.7636,3.7600640570234996,27.2,26.98649098164435,True,prefix,numerical_precision_check
936.0,3.7633,3.7596522135312362,27.2,26.988374840128017,True,prefix,numerical_precision_check
937.0,3.763,3.7592406252131307,27.4,26.990258180018657,True,prefix,numerical_precision_check
938.0,3.7627,3.758829321686983,27.4,26.99214100183741,True,prefix,numerical_precision_check
939.0,3.7624,3.758418332293451,27.4,26.994023306105134,True,prefix,numerical_precision_check
940.0,3.7624,3.7580076860758522,27.4,26.995905093341946,True,prefix,numerical_precision_check
941.0,3.762,3.75759741176038,27.4,26.99778636406745,True,prefix,numerical_precision_check
942.0,3.7617,3.7571875377367756,27.4,26.999667118800744,True,prefix,numerical_precision_check
943.0,3.7614,3.7567780920394838,27.2,27.001547358060122,True,prefix,numerical_precision_check
944.0,3.7611,3.756369102329282,27.4,27.003427082363487,True,prefix,numerical_precision_check
945.0,3.7608,3.755960595875453,27.4,27.00530629222817,True,prefix,numerical_precision_check
946.0,3.7605,3.75555259953851,27.4,27.00718498817099,True,prefix,numerical_precision_check
947.0,3.7602,3.755145139753454,27.4,27.009063170708032,True,prefix,numerical_precision_check
948.0,3.7602,3.7547382425136497,27.4,27.010940840354863,True,prefix,numerical_precision_check
949.0,3.7599,3.7543319333552936,27.4,27.012817997626485,True,prefix,numerical_precision_check
950.0,3.7596,3.7539262373155062,27.4,27.014694643112875,True,prefix,numerical_precision_check
951.0,3.7593,3.7535211787753453,27.4,27.016570777878314,True,prefix,numerical_precision_check
952.0,3.7589,3.753116782012068,27.4,27.018446401876417,True,prefix,numerical_precision_check
953.0,3.7583,3.752713070589271,27.4,27.020321515622697,True,prefix,numerical_precision_check
954.0,3.758,3.7523100675451673,27.4,27.022196119632213,True,prefix,numerical_precision_check
955.0,3.758,3.751907795380976,27.4,27.02407021441917,True,prefix,numerical_precision_check
956.0,3.7577,3.751506276049903,27.4,27.025943800497544,True,prefix,numerical_precision_check
957.0,3.7574,3.751105530946942,27.4,27.027816878380577,True,prefix,numerical_precision_check
958.0,3.7571,3.7507055808992336,27.4,27.02968944858128,True,prefix,numerical_precision_check
959.0,3.7568,3.750306446157244,27.4,27.031561511611756,True,prefix,numerical_precision_check
960.0,3.7565,3.749908146386533,27.2,27.033433067983765,True,prefix,numerical_precision_check
961.0,3.7565,3.749510700660329,27.4,27.035304118208558,True,prefix,numerical_precision_check
962.0,3.7562,3.7491141274527435,27.4,27.037174662796872,True,prefix,numerical_precision_check
963.0,3.7558,3.7487184446326673,27.2,27.03904470225882,True,prefix,numerical_precision_check
964.0,3.7555,3.748323669458434,27.4,27.040914237103948,True,prefix,numerical_precision_check
965.0,3.7552,3.747929818573128,27.4,27.042783267841514,True,prefix,numerical_precision_check
966.0,3.7549,3.7475369080005474,27.4,27.044651794979984,True,prefix,numerical_precision_check
967.0,3.7546,3.7471449531419387,27.4,27.046519819027367,True,prefix,numerical_precision_check
968.0,3.7543,3.7467539687733074,27.4,27.048387340491274,True,prefix,numerical_precision_check
969.0,3.7543,3.7463639690434567,27.4,27.050254359878693,True,prefix,numerical_precision_check
970.0,3.754,3.7459749674726495,27.4,27.05212087769587,True,prefix,numerical_precision_check
971.0,3.7537,3.7455869769519015,27.4,27.053986894448883,True,prefix,numerical_precision_check
972.0,3.7534,3.745200009742952,27.4,27.05585241064307,True,prefix,numerical_precision_check
973.0,3.7531,3.7448140774787886,27.4,27.05771742678337,True,prefix,numerical_precision_check
974.0,3.7527,3.744429191164845,27.4,27.059581943373985,True,prefix,numerical_precision_check
975.0,3.7524,3.7440453611807043,27.4,27.061445960918775,True,prefix,numerical_precision_check
976.0,3.7521,3.7436625972824693,27.4,27.063309479920974,True,prefix,numerical_precision_check
977.0,3.7521,3.743280908605621,27.4,27.065172500883364,True,prefix,numerical_precision_check
978.0,3.7518,3.7429003036684585,27.4,27.067035024308097,True,prefix,numerical_precision_check
979.0,3.7515,3.742520790376046,27.4,27.068897050696876,True,prefix,numerical_precision_check
980.0,3.7512,3.742142376024668,27.4,27.07075858055083,True,prefix,numerical_precision_check
981.0,3.7506,3.741765067306799,27.4,27.07261961437058,True,prefix,numerical_precision_check
982.0,3.7503,3.741388870316516,27.4,27.07448015265618,True,prefix,numerical_precision_check
983.0,3.7503,3.7410137905553844,27.4,27.07634019590722,True,prefix,numerical_precision_check
984.0,3.7496,3.7406398329387702,27.4,27.078199744622736,True,prefix,numerical_precision_check
985.0,3.7496,3.7402670018025734,27.4,27.080058799301128,True,prefix,numerical_precision_check
986.0,3.7493,3.739895300910363,27.4,27.081917360440514,True,prefix,numerical_precision_check
987.0,3.749,3.739524733460873,27.4,27.083775428538104,True,prefix,numerical_precision_check
988.0,3.7487,3.7391553020958948,27.2,27.085633004090994,True,prefix,numerical_precision_check
989.0,3.7484,3.7387870089084476,27.4,27.087490087595484,True,prefix,numerical_precision_check
990.0,3.7481,3.7384198551040555,27.4,27.089346680513927,True,prefix,numerical_precision_check
991.0,3.7478,3.7380538419965257,27.4,27.091202782526068,True,prefix,numerical_precision_check
992.0,3.7475,3.737688970103389,27.4,27.09305839407523,True,prefix,numerical_precision_check
993.0,3.7472,3.7373252394092997,27.4,27.094913515659528,True,prefix,numerical_precision_check
994.0,3.7468,3.736962649395581,27.4,27.096768147776686,True,prefix,numerical_precision_check
995.0,3.7468,3.73660119905008,27.6,27.098622290924254,True,prefix,numerical_precision_check
996.0,3.7462,3.736240886877185,27.6,27.10047594559876,True,prefix,numerical_precision_check
997.0,3.7462,3.7358817109080755,27.4,27.1023291122969,True,prefix,numerical_precision_check
998.0,3.7459,3.7355236687111186,27.4,27.104181791514407,True,prefix,numerical_precision_check
999.0,3.7456,3.7351667574024447,27.4,27.106033983746784,True,prefix,numerical_precision_check
1000.0,3.7453,3.7348109736566095,27.4,27.10788568948908,True,prefix,numerical_precision_check
1001.0,3.745,3.734456313717417,27.4,27.109736909235664,True,prefix,numerical_precision_check
1002.0,3.7447,3.7341027734088463,27.4,27.111587643480732,True,prefix,numerical_precision_check
1003.0,3.7444,3.733750348146006,27.4,27.11343789271791,True,prefix,numerical_precision_check
1004.0,3.7441,3.733399032946253,27.4,27.11528765744015,True,prefix,numerical_precision_check
1005.0,3.7441,3.733048822440255,27.4,27.117136938140334,True,prefix,numerical_precision_check
1006.0,3.7437,3.7326997108831903,27.4,27.118985735310446,True,prefix,numerical_precision_check
1007.0,3.7434,3.732351692165922,27.4,27.120834049442408,True,prefix,numerical_precision_check
1008.0,3.7428,3.7320047598261805,27.6,27.122681881027347,True,prefix,numerical_precision_check
1009.0,3.7425,3.7316589070597725,27.4,27.124529230556163,True,prefix,numerical_precision_check
1010.0,3.7422,3.7313141267317507,27.4,27.12637609851913,True,prefix,numerical_precision_check
1011.0,3.7419,3.730970411387551,27.4,27.128222485406184,True,prefix,numerical_precision_check
1012.0,3.7416,3.730627753264136,27.4,27.130068391706686,True,prefix,numerical_precision_check
1013.0,3.7416,3.7302861443010342,27.4,27.131913817909606,True,prefix,numerical_precision_check
1014.0,3.7413,3.7299455761513194,27.4,27.133758764503398,True,prefix,numerical_precision_check
1015.0,3.741,3.7296060401925786,27.4,27.13560323197612,True,prefix,numerical_precision_check
1016.0,3.7406,3.7292675275377234,27.6,27.137447220815318,True,prefix,numerical_precision_check
1017.0,3.7403,3.728930029045754,27.4,27.13929073150797,True,prefix,numerical_precision_check
1018.0,3.74,3.728593535332427,27.4,27.141133764540825,True,prefix,numerical_precision_check
1019.0,3.7397,3.7282580367807507,27.4,27.14297632040001,True,prefix,numerical_precision_check
1020.0,3.7394,3.7279235235514903,27.4,27.144818399571193,True,prefix,numerical_precision_check
1021.0,3.7391,3.727589985593385,27.6,27.146660002539647,True,prefix,numerical_precision_check
1022.0,3.7391,3.7272574126533935,27.4,27.14850112979002,True,prefix,numerical_precision_check
1023.0,3.7388,3.7269257942866973,27.4,27.150341781806674,True,prefix,numerical_precision_check
1024.0,3.7385,3.726595119866579,27.6,27.152181959073516,True,prefix,numerical_precision_check
1025.0,3.7382,3.7262653785942037,27.4,27.154021662073717,True,prefix,numerical_precision_check
1026.0,3.7379,3.7259365595081717,27.4,27.155860891290388,True,prefix,numerical_precision_check
1027.0,3.7375,3.7256086514939843,27.4,27.157699647205845,True,prefix,numerical_precision_check
1028.0,3.7372,3.7252816432932923,27.4,27.159537930302065,True,prefix,numerical_precision_check
1029.0,3.7369,3.724955523269032,27.4,27.161375741814084,True,prefix,numerical_precision_check
1030.0,3.7366,3.724630280047845,27.6,27.16321308177146,True,prefix,numerical_precision_check
1031.0,3.7363,3.724305902060724,27.4,27.165049950447326,True,prefix,numerical_precision_check
1032.0,3.736,3.7239823775618923,27.4,27.166886348325704,True,prefix,numerical_precision_check
1033.0,3.736,3.7236596947054763,27.6,27.168722275890104,True,prefix,numerical_precision_check
1034.0,3.7357,3.7233378415537444,27.6,27.170557733623525,True,prefix,numerical_precision_check
1035.0,3.7354,3.7230168060851354,27.4,27.172392722008908,True,prefix,numerical_precision_check
1036.0,3.7348,3.722696576202126,27.4,27.174227241528456,True,prefix,numerical_precision_check
1037.0,3.7344,3.7223771397389083,27.6,27.176061292663974,True,prefix,numerical_precision_check
1038.0,3.7344,3.722058484468873,27.6,27.17789487589721,True,prefix,numerical_precision_check
1039.0,3.7338,3.721740598111919,27.6,27.179727991709115,True,prefix,numerical_precision_check
1040.0,3.7335,3.721423468341581,27.4,27.181560640580358,True,prefix,numerical_precision_check
1041.0,3.7335,3.721107082791934,27.6,27.183392822991436,True,prefix,numerical_precision_check
1042.0,3.7332,3.720791429064396,27.5,27.18522453942211,True,prefix,numerical_precision_check
1043.0,3.7329,3.720476494734227,27.4,27.187055790351906,True,prefix,numerical_precision_check
1044.0,3.7326,3.7201622673569577,27.6,27.188886576259904,True,prefix,numerical_precision_check
1045.0,3.7323,3.719848734474568,27.6,27.190716897624895,True,prefix,numerical_precision_check
1046.0,3.732,3.719535883621517,27.4,27.192546754925104,True,prefix,numerical_precision_check
1047.0,3.7317,3.719223702330545,27.4,27.194376148638412,True,prefix,numerical_precision_check
1048.0,3.7313,3.7189121781383636,27.5,27.19620507924236,True,prefix,numerical_precision_check
1049.0,3.731,3.7186012985911225,27.6,27.198033547214038,True,prefix,numerical_precision_check
1050.0,3.7307,3.718291051249705,27.4,27.19986155303002,True,prefix,numerical_precision_check
1051.0,3.7307,3.7179814236948783,27.5,27.201689097166707,True,prefix,numerical_precision_check
1052.0,3.7304,3.7176724035322244,27.5,27.203516180099996,True,prefix,numerical_precision_check
1053.0,3.7298,3.7173639783969623,27.6,27.20534280230521,True,prefix,numerical_precision_check
1054.0,3.7298,3.717056135958533,27.5,27.20716896425762,True,prefix,numerical_precision_check
1055.0,3.7295,3.7167488639250905,27.5,27.208994666431806,True,prefix,numerical_precision_check
1056.0,3.7292,3.7164421500477895,27.6,27.210819909302018,True,prefix,numerical_precision_check
1057.0,3.7289,3.7161359821249063,27.5,27.2126446933421,True,prefix,numerical_precision_check
1058.0,3.7286,3.71583034800585,27.5,27.214469019025614,True,prefix,numerical_precision_check
1059.0,3.7282,3.715525235594954,27.5,27.216292886825613,True,prefix,numerical_precision_check
1060.0,3.7279,3.7152206328551878,27.6,27.218116297214692,True,prefix,numerical_precision_check
1061.0,3.7276,3.714916527811654,27.5,27.219939250665163,True,prefix,numerical_precision_check
1062.0,3.727,3.714612908555003,27.5,27.221761747648827,True,prefix,numerical_precision_check
1063.0,3.7267,3.714309763244638,27.5,27.2235837886372,True,prefix,numerical_precision_check
1064.0,3.7267,3.714007080111839,27.5,27.225405374101342,True,prefix,numerical_precision_check
1065.0,3.7261,3.713704847462742,27.5,27.227226504511748,True,prefix,numerical_precision_check
1066.0,3.7258,3.7134030536811244,27.5,27.22904718033891,True,prefix,numerical_precision_check
1067.0,3.7255,3.7131016872311537,27.3,27.230867402052468,True,prefix,numerical_precision_check
1068.0,3.7251,3.712800736539195,27.5,27.232687170598183,True,prefix,numerical_precision_check
1069.0,3.7248,3.712500190263492,27.5,27.234506486341786,True,prefix,numerical_precision_check
1070.0,3.7245,3.712200037199229,27.5,27.23632534945574,True,prefix,numerical_precision_check
1071.0,3.7245,3.7119002661557157,27.5,27.238143760411447,True,prefix,numerical_precision_check
1072.0,3.7242,3.7116008660342756,27.5,27.23996171967974,True,prefix,numerical_precision_check
1073.0,3.7239,3.7113018258302293,27.5,27.241779227731513,True,prefix,numerical_precision_check
1074.0,3.7236,3.7110031346347894,27.5,27.24359628503686,True,prefix,numerical_precision_check
1075.0,3.7233,3.7107047816368115,27.5,27.245412892065815,True,prefix,numerical_precision_check
1076.0,3.723,3.710406756124465,27.5,27.247229049287853,True,prefix,numerical_precision_check
1077.0,3.7227,3.7101090474868115,27.5,27.249044757172385,True,prefix,numerical_precision_check
1078.0,3.7224,3.7098116452152574,27.5,27.2508600161882,True,prefix,numerical_precision_check
1079.0,3.722,3.7095145389049398,27.5,27.252674826803798,True,prefix,numerical_precision_check
1080.0,3.722,3.709217718256022,27.5,27.254489189487344,True,prefix,numerical_precision_check
1081.0,3.7214,3.708921173074868,27.5,27.25630310470683,True,prefix,numerical_precision_check
1082.0,3.7211,3.7086248932751587,27.5,27.258116572929623,True,prefix,numerical_precision_check
1083.0,3.7208,3.7083288688789366,27.5,27.25992959462286,True,prefix,numerical_precision_check
1084.0,3.7205,3.708033090017533,27.5,27.261742170253342,True,prefix,numerical_precision_check
1085.0,3.7202,3.7077375469324436,27.5,27.263554300287524,True,prefix,numerical_precision_check
1086.0,3.7202,3.7074422299761185,27.5,27.26536598519135,True,prefix,numerical_precision_check
1087.0,3.7196,3.707147129612693,27.5,27.267177225430657,True,prefix,numerical_precision_check
1088.0,3.7189,3.7068522364186425,27.5,27.26898802147082,True,prefix,numerical_precision_check
1089.0,3.7189,3.7065575410833396,27.5,27.27079837377687,True,prefix,numerical_precision_check
1090.0,3.7186,3.70626303440961,27.5,27.272608282813394,True,prefix,numerical_precision_check
1091.0,3.7183,3.7059687073141587,27.5,27.2744177490448,True,prefix,numerical_precision_check
1092.0,3.718,3.705674550827988,27.5,27.276226772935047,True,prefix,numerical_precision_check
1093.0,3.7174,3.705380556096706,27.6,27.278035354947633,True,prefix,numerical_precision_check
1094.0,3.7174,3.7050867143808452,27.5,27.279843495546004,True,prefix,numerical_precision_check
1095.0,3.7171,3.7047930170560557,27.5,27.28165119519298,True,prefix,numerical_precision_check
1096.0,3.7168,3.704499455613309,27.5,27.28345845435109,True,prefix,numerical_precision_check
1097.0,3.7165,3.704206021658996,27.5,27.28526527348265,True,prefix,numerical_precision_check
1098.0,3.7162,3.7039127069150424,27.5,27.287071653049452,True,prefix,numerical_precision_check
1099.0,3.7158,3.703619503218886,27.5,27.288877593512893,True,prefix,numerical_precision_check
1100.0,3.7155,3.7033264025235226,27.5,27.29068309533443,True,prefix,numerical_precision_check
1101.0,3.7152,3.7030333968974225,27.5,27.29248815897455,True,prefix,numerical_precision_check
1102.0,3.7149,3.7027404785244427,27.5,27.294292784893912,True,prefix,numerical_precision_check
1103.0,3.7146,3.702447639703694,27.5,27.296096973552494,True,prefix,numerical_precision_check
1104.0,3.7143,3.702154872849368,27.5,27.29790072541016,True,prefix,numerical_precision_check
1105.0,3.714,3.7018621704905614,27.5,27.299704040926315,True,prefix,numerical_precision_check
1106.0,3.7137,3.701569525270986,27.5,27.301506920559916,True,prefix,numerical_precision_check
1107.0,3.7134,3.701276929896554,27.5,27.303309365055156,True,prefix,numerical_precision_check
1108.0,3.7131,3.700984377214853,27.5,27.30511137500355,True,prefix,numerical_precision_check
1109.0,3.7127,3.7006918602765078,27.5,27.306912950508604,True,prefix,numerical_precision_check
1110.0,3.7124,3.700399372180319,27.5,27.308714092030698,True,prefix,numerical_precision_check
1111.0,3.7124,3.7001069061381044,27.5,27.310514800029637,True,prefix,numerical_precision_check
1112.0,3.7121,3.699814455474255,27.5,27.31231507496517,True,prefix,numerical_precision_check
1113.0,3.7118,3.6995220136253493,27.5,27.314114917296592,True,prefix,numerical_precision_check
1114.0,3.7112,3.699229574139673,27.5,27.315914327482915,True,prefix,numerical_precision_check
1115.0,3.7109,3.6989371306767516,27.5,27.317713305982863,True,prefix,numerical_precision_check
1116.0,3.7106,3.6986446770068633,27.5,27.31951185325488,True,prefix,numerical_precision_check
1117.0,3.7103,3.6983522070105312,27.5,27.321309969756896,True,prefix,numerical_precision_check
1118.0,3.71,3.698059714677979,27.5,27.323107655946956,True,prefix,numerical_precision_check
1119.0,3.7096,3.6977671941085926,27.5,27.324904912282364,True,prefix,numerical_precision_check
1120.0,3.7093,3.6974746395103764,27.5,27.32670173922037,True,prefix,numerical_precision_check
1121.0,3.709,3.697182045199344,27.5,27.328498137217764,True,prefix,numerical_precision_check
1122.0,3.7087,3.6968894055989594,27.5,27.33029410673123,True,prefix,numerical_precision_check
1123.0,3.7084,3.696596715239523,27.5,27.332089648216822,True,prefix,numerical_precision_check
1124.0,3.7081,3.6963039687575385,27.6,27.333884762130708,True,prefix,numerical_precision_check
1125.0,3.7078,3.6960111608951407,27.6,27.335679448928374,True,prefix,numerical_precision_check
1126.0,3.7075,3.695718286499394,27.5,27.337473709065137,True,prefix,numerical_precision_check
1127.0,3.7072,3.6954253405217026,27.5,27.33926754299614,True,prefix,numerical_precision_check
1128.0,3.7069,3.695132318017117,27.5,27.341060951175905,True,prefix,numerical_precision_check
1129.0,3.7065,3.694839214143719,27.5,27.34285393405895,True,prefix,numerical_precision_check
1130.0,3.7065,3.694546024161885,27.5,27.3446464920994,True,prefix,numerical_precision_check
1131.0,3.7059,3.6942527434336774,27.6,27.34643862575092,True,prefix,numerical_precision_check
1132.0,3.7059,3.693959367422123,27.5,27.348230335467065,True,prefix,numerical_precision_check
1133.0,3.7056,3.6936658916905585,27.6,27.350021621701046,True,prefix,numerical_precision_check
1134.0,3.7053,3.6933723119018818,27.6,27.351812484905565,True,prefix,numerical_precision_check
1135.0,3.705,3.6930786238179216,27.6,27.353602925533323,True,prefix,numerical_precision_check
1136.0,3.7047,3.6927848232986964,27.6,27.355392944036453,True,prefix,numerical_precision_check
1137.0,3.7044,3.6924909063017153,27.5,27.357182540866972,True,prefix,numerical_precision_check
1138.0,3.7041,3.6921968688812874,27.6,27.358971716476447,True,prefix,numerical_precision_check
1139.0,3.7031,3.6919027071877846,27.6,27.360760471316212,True,prefix,numerical_precision_check
1140.0,3.7031,3.69160841746697,27.5,27.36254880583732,True,prefix,numerical_precision_check
1141.0,3.7025,3.691313996059234,27.5,27.36433672049037,True,prefix,numerical_precision_check
1142.0,3.7025,3.6910194393989313,27.6,27.366124215725847,True,prefix,numerical_precision_check
1143.0,3.7022,3.6907247440136315,27.6,27.367911291993778,True,prefix,numerical_precision_check
1144.0,3.7019,3.690429906523401,27.5,27.369697949743966,True,prefix,numerical_precision_check
1145.0,3.7016,3.690134923640109,27.5,27.37148418942587,True,prefix,numerical_precision_check
1146.0,3.7013,3.6898397921426827,27.5,27.373270011648515,True,prefix,numerical_precision_check
1147.0,3.701,3.6895445088753798,27.5,27.375055417186104,True,prefix,numerical_precision_check
1148.0,3.7007,3.6892490708850287,27.5,27.376840406061262,True,prefix,numerical_precision_check
1149.0,3.7003,3.688953475243102,27.5,27.378624978724645,True,prefix,numerical_precision_check
1150.0,3.7,3.6886577191092704,27.5,27.380409135626678,True,prefix,numerical_precision_check
1151.0,3.6997,3.6883617997307048,27.5,27.382192877217392,True,prefix,numerical_precision_check
1152.0,3.6994,3.688065714441354,27.5,27.383976203946645,True,prefix,numerical_precision_check
1153.0,3.6991,3.6877694606612237,27.5,27.385759116264126,True,prefix,numerical_precision_check
1154.0,3.6988,3.687473035895702,27.5,27.387541614619067,True,prefix,numerical_precision_check
1155.0,3.6985,3.6871764377348106,27.6,27.389323699460533,True,prefix,numerical_precision_check
1156.0,3.6982,3.6868796638525367,27.6,27.391105371237245,True,prefix,numerical_precision_check
1157.0,3.6979,3.6865827120061154,27.5,27.39288663039781,True,prefix,numerical_precision_check
1158.0,3.6972,3.6862855800353223,27.5,27.394667477390442,True,prefix,numerical_precision_check
1159.0,3.6969,3.685988265861789,27.6,27.39644791266312,True,prefix,numerical_precision_check
1160.0,3.6969,3.6856907674883104,27.5,27.39822793666343,True,prefix,numerical_precision_check
1161.0,3.6966,3.685393082998124,27.5,27.40000754983896,True,prefix,numerical_precision_check
1162.0,3.6957,3.68509521055428,27.5,27.401786752636838,True,prefix,numerical_precision_check
1163.0,3.6954,3.6847971483988675,27.5,27.40356554550391,True,prefix,numerical_precision_check
1164.0,3.6951,3.684498894852426,27.6,27.40534392888685,True,prefix,numerical_precision_check
1165.0,3.6948,3.6842004483131907,27.6,27.40712190323211,True,prefix,numerical_precision_check
1166.0,3.6945,3.683901807256453,27.6,27.408899468985624,True,prefix,numerical_precision_check
1167.0,3.6941,3.6836029702338737,27.5,27.410676626593272,True,prefix,numerical_precision_check
1168.0,3.6938,3.68330393587281,27.6,27.41245337650065,True,prefix,numerical_precision_check
1169.0,3.6935,3.683004702875651,27.6,27.414229719153013,True,prefix,numerical_precision_check
1170.0,3.6932,3.68270527001915,27.6,27.416005654995445,True,prefix,numerical_precision_check
1171.0,3.6929,3.682405636153766,27.6,27.417781184472574,True,prefix,numerical_precision_check
1172.0,3.6926,3.682105800202997,27.6,27.41955630802903,True,prefix,numerical_precision_check
1173.0,3.6923,3.681805761162716,27.6,27.421331026108987,True,prefix,numerical_precision_check
1174.0,3.692,3.68150551810055,27.6,27.423105339156336,True,prefix,numerical_precision_check
1175.0,3.6917,3.681205070155199,27.6,27.424879247614797,True,prefix,numerical_precision_check
1176.0,3.6914,3.6809044165357885,27.6,27.426652751927804,True,prefix,numerical_precision_check
1177.0,3.691,3.6806035565212483,27.6,27.428425852538453,True,prefix,numerical_precision_check
1178.0,3.6907,3.6803024894596477,27.6,27.430198549889667,True,prefix,numerical_precision_check
1179.0,3.6904,3.680001214767585,27.6,27.43197084442403,True,prefix,numerical_precision_check
1180.0,3.6901,3.6796997319295137,27.6,27.433742736583895,True,prefix,numerical_precision_check
1181.0,3.6895,3.67939804049715,27.6,27.435514226811335,True,prefix,numerical_precision_check
1182.0,3.6895,3.6790961400888142,27.6,27.437285315548138,True,prefix,numerical_precision_check
1183.0,3.6892,3.678794030388821,27.6,27.439056003235862,True,prefix,numerical_precision_check
1184.0,3.6889,3.678491711146849,27.6,27.44082629031567,True,prefix,numerical_precision_check
1185.0,3.6886,3.6781891821760864,27.6,27.44259617723702,True,prefix,numerical_precision_check
1186.0,3.6883,3.6778864433410283,27.6,27.444365664534587,True,prefix,numerical_precision_check
1187.0,3.6876,3.6775834945929087,27.6,27.44613475258717,True,prefix,numerical_precision_check
1188.0,3.6873,3.6772803359361124,27.6,27.447903441838776,True,prefix,numerical_precision_check
1189.0,3.687,3.676976967437289,27.6,27.449671732733236,True,prefix,numerical_precision_check
1190.0,3.6867,3.676673389224738,27.5,27.451439625714215,True,prefix,numerical_precision_check
1191.0,3.6864,3.676369601487827,27.6,27.45320712122532,True,prefix,numerical_precision_check
1192.0,3.6861,3.6760656044763755,27.5,27.45497421970981,True,prefix,numerical_precision_check
1193.0,3.6855,3.675761398500055,27.6,27.456740921611015,True,prefix,numerical_precision_check
1194.0,3.6855,3.675456983927796,27.5,27.458507227371967,True,prefix,numerical_precision_check
1195.0,3.6852,3.675152361187176,27.6,27.460273137435706,True,prefix,numerical_precision_check
1196.0,3.6848,3.6748475307638517,27.5,27.462038652244757,True,prefix,numerical_precision_check
1197.0,3.6842,3.6745424932009443,27.6,27.463803772242045,True,prefix,numerical_precision_check
1198.0,3.6839,3.6742372490984674,27.6,27.465568497869867,True,prefix,numerical_precision_check
1199.0,3.6839,3.67393179866349,27.5,27.46733253951129,True,prefix,numerical_precision_check
1200.0,3.6833,3.673626143044733,27.5,27.469096180272174,True,prefix,numerical_precision_check
1201.0,3.6833,3.67332028322507,27.6,27.47085955905078,True,prefix,numerical_precision_check
1202.0,3.6827,3.6730142199409666,27.6,27.472622621670837,True,prefix,numerical_precision_check
1203.0,3.6827,3.67270795377464,27.6,27.474385182461504,True,prefix,numerical_precision_check
1204.0,3.6821,3.672401485899672,27.6,27.47614739522055,True,prefix,numerical_precision_check
1205.0,3.6817,3.672094817298674,27.6,27.47790925994792,True,prefix,numerical_precision_check
1206.0,3.6814,3.671787949006462,27.6,27.479670776643673,True,prefix,numerical_precision_check
1207.0,3.6811,3.671480882109541,27.6,27.481431945307804,True,prefix,numerical_precision_check
1208.0,3.6808,3.67117361754004,27.5,27.483192651363822,True,prefix,numerical_precision_check
1209.0,3.6805,3.6708661566085903,27.6,27.484952963108526,True,prefix,numerical_precision_check
1210.0,3.6799,3.6705585005886867,27.6,27.486712900302052,True,prefix,numerical_precision_check
1211.0,3.6796,3.67025065076776,27.6,27.4884724629444,True,prefix,numerical_precision_check
1212.0,3.6793,3.6699426084820472,27.6,27.49023165103563,True,prefix,numerical_precision_check
1213.0,3.679,3.669634375116025,27.6,27.49199046457568,True,prefix,numerical_precision_check
1214.0,3.6786,3.669325952101855,27.6,27.493748903564438,True,prefix,numerical_precision_check
1215.0,3.6783,3.6690173409187916,27.6,27.495506968002132,True,prefix,numerical_precision_check
1216.0,3.678,3.6687085430926305,27.6,27.497264657888593,True,prefix,numerical_precision_check
1217.0,3.6777,3.6683995601244557,27.6,27.499021955651415,True,prefix,numerical_precision_check
1218.0,3.6774,3.6680903935771774,27.6,27.50077884782462,True,prefix,numerical_precision_check
1219.0,3.6768,3.667781045218671,27.6,27.502535360710624,True,prefix,numerical_precision_check
1220.0,3.6765,3.6674715167552776,27.6,27.50429149430937,True,prefix,numerical_precision_check
1221.0,3.6765,3.667161809937079,27.6,27.50604724862086,True,prefix,numerical_precision_check
1222.0,3.6759,3.666851926557341,27.6,27.507802623645034,True,prefix,numerical_precision_check
1223.0,3.6755,3.6665418684519446,27.6,27.50955761938195,True,prefix,numerical_precision_check
1224.0,3.6752,3.666231637498838,27.6,27.511312235831667,True,prefix,numerical_precision_check
1225.0,3.6749,3.6659212356174624,27.6,27.513066472994126,True,prefix,numerical_precision_check
1226.0,3.6746,3.6656106647682214,27.6,27.514820330869327,True,prefix,numerical_precision_check
1227.0,3.6743,3.6652999269518935,27.6,27.51657380945727,True,prefix,numerical_precision_check
1228.0,3.674,3.6649890242091043,27.6,27.5183269087579,True,prefix,numerical_precision_check
1229.0,3.6737,3.664677958619744,27.6,27.520079628771384,True,prefix,numerical_precision_check
1230.0,3.6734,3.664366732302441,27.6,27.521831969497498,True,prefix,numerical_precision_check
1231.0,3.6731,3.6640553474139805,27.6,27.52358393093641,True,prefix,numerical_precision_check
1232.0,3.6728,3.663743806148761,27.6,27.525335513088123,True,prefix,numerical_precision_check
1233.0,3.6724,3.6634321107382486,27.6,27.52708671595252,True,prefix,numerical_precision_check
1234.0,3.6718,3.6631202634504034,27.6,27.52883753952966,True,prefix,numerical_precision_check
1235.0,3.6712,3.662808266589132,27.6,27.530587983819544,True,prefix,numerical_precision_check
1236.0,3.6709,3.6624961224347445,27.6,27.532338072544746,True,prefix,numerical_precision_check
1237.0,3.6706,3.6621838333785184,27.6,27.53408779875741,True,prefix,numerical_precision_check
1238.0,3.6703,3.661871401860971,27.6,27.53583714953544,True,prefix,numerical_precision_check
1239.0,3.67,3.6615588303242688,27.6,27.53758612487883,True,prefix,numerical_precision_check
1240.0,3.6697,3.661246121243744,27.6,27.539334724787693,True,prefix,numerical_precision_check
1241.0,3.6693,3.660933277127361,27.6,27.541082949261977,True,prefix,numerical_precision_check
1242.0,3.669,3.660620300515161,27.6,27.54283079830168,True,prefix,numerical_precision_check
1243.0,3.6687,3.660307193978729,27.6,27.544578271906857,True,prefix,numerical_precision_check
1244.0,3.6684,3.659993960120585,27.6,27.546325370077398,True,prefix,numerical_precision_check
1245.0,3.6681,3.6596806015736987,27.6,27.548072092813356,True,prefix,numerical_precision_check
1246.0,3.6675,3.659367121000897,27.6,27.54981844011479,True,prefix,numerical_precision_check
1247.0,3.6672,3.6590535210943194,27.6,27.551564411981587,True,prefix,numerical_precision_check
1248.0,3.6669,3.6587398045748656,27.6,27.55331000841386,True,prefix,numerical_precision_check
1249.0,3.6666,3.6584259741916583,27.8,27.55505522941155,True,prefix,numerical_precision_check
1250.0,3.6662,3.658112032721453,27.6,27.55680007497466,True,prefix,numerical_precision_check
1251.0,3.6659,3.6577979829681366,27.6,27.55854454510319,True,prefix,numerical_precision_check
1252.0,3.6656,3.65748382776214,27.6,27.560288639797136,True,prefix,numerical_precision_check
1253.0,3.6653,3.657169569959892,27.6,27.562032359056502,True,prefix,numerical_precision_check
1254.0,3.665,3.656855212443292,27.6,27.56377570288123,True,prefix,numerical_precision_check
1255.0,3.6647,3.6565407580768605,27.6,27.565518729225687,True,prefix,numerical_precision_check
1256.0,3.6641,3.656226209823655,27.6,27.567261394134164,True,prefix,numerical_precision_check
1257.0,3.6638,3.655911570643943,27.6,27.569003690295744,True,prefix,numerical_precision_check
1258.0,3.6631,3.6555968435158896,27.8,27.570745617710486,True,prefix,numerical_precision_check
1259.0,3.6628,3.6552820314403647,27.6,27.572487176378388,True,prefix,numerical_precision_check
1260.0,3.6625,3.6549671374403934,27.6,27.57422836629945,True,prefix,numerical_precision_check
1261.0,3.6622,3.6546521645605985,27.6,27.575969187473618,True,prefix,numerical_precision_check
1262.0,3.6619,3.6543371158666482,27.8,27.577709639901002,True,prefix,numerical_precision_check
1263.0,3.6616,3.6540219944447183,27.6,27.57944972358149,True,prefix,numerical_precision_check
1264.0,3.6613,3.6537068034009414,27.8,27.581189438515196,True,prefix,numerical_precision_check
1265.0,3.661,3.653391545860841,27.8,27.58292878470195,True,prefix,numerical_precision_check
1266.0,3.6604,3.653076224968812,27.8,27.58466776214192,True,prefix,numerical_precision_check
1267.0,3.66,3.6527608438875467,27.8,27.58640637083505,True,prefix,numerical_precision_check
1268.0,3.6597,3.6524454057975198,27.8,27.58814461078134,True,prefix,numerical_precision_check
1269.0,3.6594,3.6521299138964056,27.8,27.58988248198068,True,prefix,numerical_precision_check
1270.0,3.6591,3.651814371398547,27.8,27.591619984433294,True,prefix,numerical_precision_check
1271.0,3.6588,3.6514987815344404,27.8,27.59335711813901,True,prefix,numerical_precision_check
1272.0,3.6585,3.651183147550134,27.6,27.59509388309789,True,prefix,numerical_precision_check
1273.0,3.6582,3.6508674727045625,27.6,27.596830288657316,True,prefix,numerical_precision_check
1274.0,3.6579,3.6505517602599253,27.8,27.59856639223426,True,prefix,numerical_precision_check
1275.0,3.6576,3.650236013519533,27.8,27.600302134670756,True,prefix,numerical_precision_check
1276.0,3.6573,3.6499202357863587,27.8,27.602037515966686,True,prefix,numerical_precision_check
1277.0,3.6569,3.6496044303762463,27.6,27.60377253612205,True,prefix,numerical_precision_check
1278.0,3.6566,3.649288600617382,27.8,27.605507195136852,True,prefix,numerical_precision_check
1279.0,3.656,3.6489727498497375,27.8,27.607241493011145,True,prefix,numerical_precision_check
1280.0,3.6554,3.6486568814245586,27.8,27.608975429744817,True,prefix,numerical_precision_check
1281.0,3.6551,3.648340998703812,27.8,27.61070900533798,True,prefix,numerical_precision_check
1282.0,3.6548,3.648025105059657,27.8,27.61244221979058,True,prefix,numerical_precision_check
1283.0,3.6545,3.647709203873903,27.8,27.614175073102672,True,prefix,numerical_precision_check
1284.0,3.6542,3.647393298537487,27.8,27.6159075652742,True,prefix,numerical_precision_check
1285.0,3.6538,3.647077392449945,27.6,27.61763969630522,True,prefix,numerical_precision_check
1286.0,3.6535,3.646761489018877,27.6,27.619371466195616,True,prefix,numerical_precision_check
1287.0,3.6532,3.6464455916594054,27.8,27.621102874945507,True,prefix,numerical_precision_check
1288.0,3.6529,3.6461297037936773,27.8,27.622833922554832,True,prefix,numerical_precision_check
1289.0,3.6526,3.645813828850316,27.8,27.624564609023594,True,prefix,numerical_precision_check
1290.0,3.652,3.6454979702639085,27.8,27.626294934351847,True,prefix,numerical_precision_check
1291.0,3.6517,3.6451821314744763,27.8,27.628024898539536,True,prefix,numerical_precision_check
1292.0,3.6514,3.644866315934138,27.8,27.629754536903135,True,prefix,numerical_precision_check
1293.0,3.6511,3.644550527098403,27.6,27.631483879753716,True,prefix,numerical_precision_check
1294.0,3.6507,3.6442347684094165,27.6,27.63321287236556,True,prefix,numerical_precision_check
1295.0,3.6504,3.643919043323808,27.8,27.63494151488851,True,prefix,numerical_precision_check
1296.0,3.6501,3.643603355301081,27.8,27.636669807472458,True,prefix,numerical_precision_check
1297.0,3.6495,3.643287707803065,27.8,27.638397750267416,True,prefix,numerical_precision_check
1298.0,3.6495,3.64297210429345,27.8,27.64012534342328,True,prefix,numerical_precision_check
1299.0,3.6492,3.642656548237246,27.6,27.641852587089886,True,prefix,numerical_precision_check
1300.0,3.6489,3.642341043100282,27.8,27.643579481417248,True,prefix,numerical_precision_check
1301.0,3.648,3.642025592348721,27.8,27.645306026555375,True,prefix,numerical_precision_check
1302.0,3.6476,3.641710199448555,27.8,27.647032222654047,True,prefix,numerical_precision_check
1303.0,3.6473,3.6413948678650954,27.8,27.648758069863277,True,prefix,numerical_precision_check
1304.0,3.647,3.641079601062491,27.8,27.650483568332902,True,prefix,numerical_precision_check
1305.0,3.6467,3.6407644025032275,27.6,27.65220871821299,True,prefix,numerical_precision_check
1306.0,3.6464,3.6404492756476485,27.8,27.653933519653435,True,prefix,numerical_precision_check
1307.0,3.6461,3.64013422395344,27.8,27.65565797280408,True,prefix,numerical_precision_check
1308.0,3.6458,3.6398192508752,27.8,27.657382077814873,True,prefix,numerical_precision_check
1309.0,3.6452,3.6395043598638934,27.8,27.659105834835827,True,prefix,numerical_precision_check
1310.0,3.6449,3.6391895543664154,27.6,27.66082924401684,True,prefix,numerical_precision_check
1311.0,3.6445,3.6388748378251052,27.8,27.662552305507802,True,prefix,numerical_precision_check
1312.0,3.6442,3.6385602136772626,27.8,27.66427501945867,True,prefix,numerical_precision_check
1313.0,3.6439,3.6382456853546916,27.8,27.665997386019285,True,prefix,numerical_precision_check
1314.0,3.6436,3.637931256283233,27.7,27.66771940533971,True,prefix,numerical_precision_check
1315.0,3.6433,3.637616929882276,27.8,27.669441077569786,True,prefix,numerical_precision_check
1316.0,3.643,3.637302709564327,27.6,27.671162402859522,True,prefix,numerical_precision_check
1317.0,3.6427,3.636988598734554,27.6,27.672883381358815,True,prefix,numerical_precision_check
1318.0,3.6424,3.6366746007902955,27.8,27.67460401321756,True,prefix,numerical_precision_check
1319.0,3.6418,3.63636071912065,27.8,27.676324298585712,True,prefix,numerical_precision_check
1320.0,3.6414,3.6360469571060023,27.8,27.678044237613108,True,prefix,numerical_precision_check
1321.0,3.6411,3.635733318117598,27.8,27.679763830449815,True,prefix,numerical_precision_check
1322.0,3.6408,3.635419805517087,27.8,27.68148307724573,True,prefix,numerical_precision_check
1323.0,3.6402,3.6351064226560914,27.8,27.68320197815075,True,prefix,numerical_precision_check
1324.0,3.6399,3.6347931728757814,27.8,27.684920533314767,True,prefix,numerical_precision_check
1325.0,3.6396,3.6344800595064384,27.7,27.686638742887794,True,prefix,numerical_precision_check
1326.0,3.6393,3.6341670858670114,27.8,27.688356607019728,True,prefix,numerical_precision_check
1327.0,3.6387,3.6338542552647457,27.8,27.690074125860463,True,prefix,numerical_precision_check
1328.0,3.6383,3.633541570994697,27.8,27.691791299559952,True,prefix,numerical_precision_check
1329.0,3.638,3.6332290363393698,27.7,27.693508128268206,True,prefix,numerical_precision_check
1330.0,3.6377,3.6329166545883615,27.8,27.695224638128707,True,prefix,numerical_precision_check
1331.0,3.6374,3.6326044290310793,27.8,27.696940872258438,True,prefix,numerical_precision_check
1332.0,3.6371,3.6322923628622767,27.7,27.6986567691215,True,prefix,numerical_precision_check
1333.0,3.6368,3.6319804593102876,27.5,27.70037232905264,True,prefix,numerical_precision_check
1334.0,3.6365,3.63166872158884,27.7,27.70208755238656,True,prefix,numerical_precision_check
1335.0,3.6362,3.6313571528967126,27.8,27.70380243945783,True,prefix,numerical_precision_check
1336.0,3.6359,3.6310457564173144,27.7,27.70551699060121,True,prefix,numerical_precision_check
1337.0,3.6352,3.6307345353183273,27.8,27.707231206151278,True,prefix,numerical_precision_check
1338.0,3.6352,3.6304234927513086,27.7,27.70894508644284,True,prefix,numerical_precision_check
1339.0,3.6346,3.6301126318513393,27.7,27.710658631810475,True,prefix,numerical_precision_check
1340.0,3.6343,3.6298019557366397,27.7,27.71237184258888,True,prefix,numerical_precision_check
1341.0,3.634,3.629491467508211,27.8,27.714084719112748,True,prefix,numerical_precision_check
1342.0,3.6337,3.6291811702494687,27.5,27.715797261716773,True,prefix,numerical_precision_check
1343.0,3.6334,3.6288710670259148,27.7,27.71750947073565,True,prefix,numerical_precision_check
1344.0,3.6325,3.6285611608847477,27.7,27.7192213465039,True,prefix,numerical_precision_check
1345.0,3.6321,3.6282514548545444,27.7,27.720932889356334,True,prefix,numerical_precision_check
1346.0,3.6318,3.627941951944913,27.7,27.7226440996277,True,prefix,numerical_precision_check
1347.0,3.6315,3.6276326551461486,27.7,27.724354977652524,True,prefix,numerical_precision_check
1348.0,3.6312,3.6273235674289186,27.6,27.726065523765556,True,prefix,numerical_precision_check
1349.0,3.6309,3.627014691743912,27.7,27.727775738301432,True,prefix,numerical_precision_check
1350.0,3.6306,3.62670603102154,27.7,27.729485621594847,True,prefix,numerical_precision_check
1351.0,3.6303,3.6263975881716015,27.7,27.731195173980495,True,prefix,numerical_precision_check
1352.0,3.63,3.62608936608299,27.7,27.73290439579307,True,prefix,numerical_precision_check
1353.0,3.6297,3.6257813676233566,27.7,27.734613287367097,True,prefix,numerical_precision_check
1354.0,3.629,3.6254735956388373,27.7,27.736321849037495,True,prefix,numerical_precision_check
1355.0,3.6287,3.625166052953749,27.7,27.73803008113879,True,prefix,numerical_precision_check
1356.0,3.6284,3.624858742370259,27.7,27.739737984005615,True,prefix,numerical_precision_check
1357.0,3.6281,3.6245516666681583,27.7,27.741445557972725,True,prefix,numerical_precision_check
1358.0,3.6278,3.6242448286045397,27.7,27.74315280337487,True,prefix,numerical_precision_check
1359.0,3.6275,3.6239382309135153,27.7,27.74485972054657,True,prefix,numerical_precision_check
1360.0,3.6272,3.623631876305976,27.7,27.74656630982264,True,prefix,numerical_precision_check
1361.0,3.6266,3.623325767469286,27.7,27.74827257153754,True,prefix,numerical_precision_check
1362.0,3.6266,3.623019907067031,27.7,27.749978506026252,True,prefix,numerical_precision_check
1363.0,3.6259,3.6227142977387983,27.7,27.751684113623185,True,prefix,numerical_precision_check
1364.0,3.6256,3.6224089420998573,27.7,27.753389394663145,True,prefix,numerical_precision_check
1365.0,3.6253,3.6221038427409566,27.7,27.75509434948077,True,prefix,numerical_precision_check
1366.0,3.6247,3.621799002228082,27.7,27.756798978410814,True,prefix,numerical_precision_check
1367.0,3.6244,3.6214944231021864,27.7,27.758503281787853,True,prefix,numerical_precision_check
1368.0,3.6238,3.6211901078945044,27.7,27.760207267878798,True,prefix,numerical_precision_check
1369.0,3.6235,3.620886059146463,27.7,27.76191096318115,True,prefix,numerical_precision_check
1370.0,3.6232,3.6205822792622424,27.7,27.763614337169145,True,prefix,numerical_precision_check
1371.0,3.6228,3.6202787706806463,27.7,27.765317390259668,True,prefix,numerical_precision_check
1372.0,3.6225,3.619975535814335,27.7,27.767020122869837,True,prefix,numerical_precision_check
1373.0,3.6222,3.6196725770496587,27.5,27.768722535416657,True,prefix,numerical_precision_check
1374.0,3.6219,3.6193698967464183,27.7,27.770424628317016,True,prefix,numerical_precision_check
1375.0,3.6216,3.6190674972376904,27.7,27.772126401988032,True,prefix,numerical_precision_check
1376.0,3.6213,3.618765380829621,27.7,27.773827856846708,True,prefix,numerical_precision_check
1377.0,3.621,3.618463549801247,27.7,27.77552899330999,True,prefix,numerical_precision_check
1378.0,3.6207,3.618162006404323,27.7,27.777229811794882,True,prefix,numerical_precision_check
1379.0,3.6204,3.6178607528631215,27.7,27.778930312718444,True,prefix,numerical_precision_check
1380.0,3.6197,3.617559791374281,27.7,27.78063049649768,True,prefix,numerical_precision_check
1381.0,3.6194,3.6172591241066403,27.7,27.782330363549534,True,prefix,numerical_precision_check
1382.0,3.6191,3.6169587532010516,27.7,27.784029914291068,True,prefix,numerical_precision_check
1383.0,3.6188,3.6166586807702674,27.7,27.785729149139286,True,prefix,numerical_precision_check
1384.0,3.6185,3.6163589088987353,27.7,27.78742806851119,True,prefix,numerical_precision_check
1385.0,3.6182,3.6160594396424997,27.7,27.789126672823784,True,prefix,numerical_precision_check
1386.0,3.6179,3.6157602750290465,27.7,27.790824962493957,True,prefix,numerical_precision_check
1387.0,3.6173,3.615461417057147,27.5,27.792522937938884,True,prefix,numerical_precision_check
1388.0,3.6166,3.6151628676967427,27.7,27.79422059957551,True,prefix,numerical_precision_check
1389.0,3.6163,3.614864628888822,27.7,27.79591794782084,True,prefix,numerical_precision_check
1390.0,3.616,3.6145667025452974,27.7,27.797614983091876,True,prefix,numerical_precision_check
1391.0,3.6157,3.614269090548875,27.7,27.79931170580562,True,prefix,numerical_precision_check
1392.0,3.6151,3.613971794752954,27.7,27.80100811637908,True,prefix,numerical_precision_check
1393.0,3.6148,3.613674816981535,27.7,27.802704215229255,True,prefix,numerical_precision_check
1394.0,3.6145,3.613378159029085,27.7,27.80440000277315,True,prefix,numerical_precision_check
1395.0,3.6142,3.6130818226604595,27.7,27.806095479427825,True,prefix,numerical_precision_check
1396.0,3.6139,3.6127858096108185,27.7,27.80779064561017,True,prefix,numerical_precision_check
1397.0,3.6135,3.6124901215855063,27.7,27.8094855017373,True,prefix,numerical_precision_check
1398.0,3.6132,3.61219476026001,27.7,27.811180048226163,True,prefix,numerical_precision_check
1399.0,3.6129,3.6118997272798565,27.7,27.81287428549382,True,prefix,numerical_precision_check
1400.0,3.6126,3.611605024260541,27.7,27.814568213957216,True,prefix,numerical_precision_check
1401.0,3.6123,3.611310652787464,27.7,27.816261834033355,True,prefix,numerical_precision_check
1402.0,3.6117,3.611016614415852,27.7,27.81795514613924,True,prefix,numerical_precision_check
1403.0,3.6114,3.6107229106707304,27.7,27.81964815069199,True,prefix,numerical_precision_check
1404.0,3.6111,3.6104295430468287,27.7,27.821340848108434,True,prefix,numerical_precision_check
1405.0,3.6108,3.610136513008555,27.7,27.82303323880575,True,prefix,numerical_precision_check
1406.0,3.6104,3.609843822003852,27.7,27.824725324777035,True,prefix,numerical_precision_check
1407.0,3.6101,3.609551471541813,27.7,27.82641711841211,True,prefix,numerical_precision_check
1408.0,3.6098,3.609259462883782,27.7,27.82810860746912,True,prefix,numerical_precision_check
1409.0,3.6089,3.608967797372498,27.7,27.829799792374047,True,prefix,numerical_precision_check
1410.0,3.6086,3.6086764763201624,27.7,27.83149067355299,True,prefix,numerical_precision_check
1411.0,3.6083,3.6083855010084553,27.7,27.83318125143188,True,prefix,numerical_precision_check
1412.0,3.608,3.6080948726884965,27.7,27.834871526436757,True,prefix,numerical_precision_check
1413.0,3.6077,3.6078045925808087,27.7,27.836561498993547,True,prefix,numerical_precision_check
1414.0,3.607,3.607514661875348,27.9,27.83825116952835,True,prefix,numerical_precision_check
1415.0,3.607,3.607225081731476,27.7,27.839940538467033,True,prefix,numerical_precision_check
1416.0,3.6064,3.60693585327792,27.7,27.8416296062357,True,prefix,numerical_precision_check
1417.0,3.6061,3.6066469776128467,27.7,27.843318373260388,True,prefix,numerical_precision_check
1418.0,3.6058,3.606358455803811,27.7,27.84500683996697,True,prefix,numerical_precision_check
1419.0,3.6055,3.6060702888877705,27.7,27.8466950067816,True,prefix,numerical_precision_check
1420.0,3.6049,3.605782477871126,27.7,27.848382874130152,True,prefix,numerical_precision_check
1421.0,3.6049,3.6054950237297008,27.7,27.850070442438607,True,prefix,numerical_precision_check
1422.0,3.6042,3.6052079274087925,27.7,27.85175771213312,True,prefix,numerical_precision_check
1423.0,3.6039,3.604921189823164,27.7,27.853444683639566,True,prefix,numerical_precision_check
1424.0,3.6036,3.6046348118571148,27.7,27.855131357383982,True,prefix,numerical_precision_check
1425.0,3.6036,3.604348794364461,27.7,27.856817733792298,True,prefix,numerical_precision_check
1426.0,3.603,3.6040631381686046,27.9,27.85850381329061,True,prefix,numerical_precision_check
1427.0,3.6027,3.6037778440625625,27.7,27.860189596304906,True,prefix,numerical_precision_check
1428.0,3.6024,3.6034929128090014,27.7,27.861875083261168,True,prefix,numerical_precision_check
1429.0,3.6021,3.6032083451402896,27.7,27.86356027458538,True,prefix,numerical_precision_check
1430.0,3.6011,3.6029241417585434,27.9,27.865245170703588,True,prefix,numerical_precision_check
1431.0,3.6008,3.6026403033356766,27.7,27.86692977204177,True,prefix,numerical_precision_check
1432.0,3.6005,3.6023568305134552,27.7,27.86861407902586,True,prefix,numerical_precision_check
1433.0,3.6002,3.6020737239035743,27.9,27.870298092081953,True,prefix,numerical_precision_check
1434.0,3.5999,3.6017909840876765,27.9,27.871981811635976,True,prefix,numerical_precision_check
1435.0,3.5996,3.601508611617457,27.9,27.87366523811403,True,prefix,numerical_precision_check
1436.0,3.5993,3.601226607014714,27.7,27.87534837194204,True,prefix,numerical_precision_check
1437.0,3.5987,3.6009449707714203,27.7,27.87703121354599,True,prefix,numerical_precision_check
1438.0,3.5984,3.6006637033498006,27.7,27.87871376335187,True,prefix,numerical_precision_check
1439.0,3.598,3.6003828051824014,27.7,27.880396021785714,True,prefix,numerical_precision_check
1440.0,3.5977,3.6001022766721884,27.7,27.882077989273625,True,prefix,numerical_precision_check
1441.0,3.5974,3.5998221181925856,27.7,27.883759666241417,True,prefix,numerical_precision_check
1442.0,3.5971,3.5995423300876213,27.7,27.885441053115244,True,prefix,numerical_precision_check
1443.0,3.5965,3.5992629126719615,27.7,27.887122150320977,True,prefix,numerical_precision_check
1444.0,3.5965,3.5989838662310305,27.9,27.888802958284714,True,prefix,numerical_precision_check
1445.0,3.5959,3.598705191021093,27.7,27.890483477432383,True,prefix,numerical_precision_check
1446.0,3.5956,3.5984268872693543,27.9,27.892163708190083,True,prefix,numerical_precision_check
1447.0,3.5953,3.5981489551740573,27.7,27.893843650983683,True,prefix,numerical_precision_check
1448.0,3.5949,3.5978713949045713,27.7,27.895523306239284,True,prefix,numerical_precision_check
1449.0,3.5946,3.5975942066015154,27.7,27.897202674382868,True,prefix,numerical_precision_check
1450.0,3.594,3.5973173903768525,27.7,27.89888175584042,True,prefix,numerical_precision_check
1451.0,3.5937,3.597040946313983,27.7,27.900560551037927,True,prefix,numerical_precision_check
1452.0,3.5937,3.5967648744678877,27.9,27.902239060401428,True,prefix,numerical_precision_check
1453.0,3.5928,3.5964891748652104,27.7,27.903917284356908,True,prefix,numerical_precision_check
1454.0,3.5925,3.5962138475043752,27.9,27.905595223330295,True,prefix,numerical_precision_check
1455.0,3.5921,3.595938892355716,27.7,27.907272877747687,True,prefix,numerical_precision_check
1456.0,3.5918,3.5956643093615863,27.7,27.90895024803507,True,prefix,numerical_precision_check
1457.0,3.5915,3.5953900984364715,27.7,27.910627334618425,True,prefix,numerical_precision_check
1458.0,3.5912,3.5951162594671295,27.7,27.91230413792374,True,prefix,numerical_precision_check
1459.0,3.5909,3.5948427923127064,27.7,27.913980658377,True,prefix,numerical_precision_check
1460.0,3.5903,3.594569696804836,27.9,27.915656896404244,True,prefix,numerical_precision_check
1461.0,3.59,3.5942969727478142,27.7,27.917332852431514,True,prefix,numerical_precision_check
1462.0,3.5897,3.594024619918687,27.9,27.91900852688474,True,prefix,numerical_precision_check
1463.0,3.5894,3.5937526380674063,27.9,27.9206839201899,True,prefix,numerical_precision_check
1464.0,3.589,3.5934810269169457,27.9,27.922359032773045,True,prefix,numerical_precision_check
1465.0,3.5887,3.5932097861634436,27.9,27.924033865060153,True,prefix,numerical_precision_check
1466.0,3.5884,3.5929389154763327,27.9,27.925708417477267,True,prefix,numerical_precision_check
1467.0,3.5881,3.5926684144984913,27.9,27.927382690450372,True,prefix,numerical_precision_check
1468.0,3.5878,3.592398282846348,27.7,27.929056684405396,True,prefix,numerical_precision_check
1469.0,3.5872,3.5921285201100503,27.7,27.93073039976838,True,prefix,numerical_precision_check
1470.0,3.5869,3.5918591258536026,27.7,27.93240383696542,True,prefix,numerical_precision_check
1471.0,3.5866,3.5915900996349075,27.7,27.934076996745603,True,prefix,numerical_precision_check
1472.0,3.5863,3.5913214411138568,27.9,27.935749881939444,True,prefix,numerical_precision_check
1473.0,3.5859,3.5910531496171343,27.9,27.937422490384506,True,prefix,numerical_precision_check
1474.0,3.5853,3.5907852246056393,27.7,27.939094822508935,True,prefix,numerical_precision_check
1475.0,3.585,3.5905176655148647,27.7,27.940766878740874,True,prefix,numerical_precision_check
1476.0,3.5847,3.590250471754999,27.9,27.94243865950841,True,prefix,numerical_precision_check
1477.0,3.5841,3.5899836427111125,27.7,27.94411016523958,True,prefix,numerical_precision_check
1478.0,3.5838,3.589717177743272,27.9,27.945781396362577,True,prefix,numerical_precision_check
1479.0,3.5835,3.5894510761867138,27.9,27.947452353305493,True,prefix,numerical_precision_check
1480.0,3.5835,3.5891853373519758,27.7,27.94912303649636,True,prefix,numerical_precision_check
1481.0,3.5828,3.588919960525074,27.9,27.95079344636332,True,prefix,numerical_precision_check
1482.0,3.5825,3.588654944967617,27.7,27.952463583334577,True,prefix,numerical_precision_check
1483.0,3.5822,3.5883902899170006,27.7,27.954133447838103,True,prefix,numerical_precision_check
1484.0,3.5819,3.5881259945865254,27.9,27.955803040302044,True,prefix,numerical_precision_check
1485.0,3.5816,3.5878620581655705,27.7,27.957472361154544,True,prefix,numerical_precision_check
1486.0,3.581,3.5875984798197353,27.9,27.95914141082369,True,prefix,numerical_precision_check
1487.0,3.5807,3.5873352586910077,27.9,27.96081018973763,True,prefix,numerical_precision_check
1488.0,3.5804,3.5870723938979103,27.7,27.96247869832439,True,prefix,numerical_precision_check
1489.0,3.5801,3.5868098845356484,27.7,27.964146937012117,True,prefix,numerical_precision_check
1490.0,3.5797,3.586547729676279,27.7,27.965814906228957,True,prefix,numerical_precision_check
1491.0,3.5794,3.5862859283688593,27.7,27.96748260640294,True,prefix,numerical_precision_check
1492.0,3.5791,3.5860244796396095,27.7,27.96915003796221,True,prefix,numerical_precision_check
1493.0,3.5785,3.5857633824920514,27.7,27.97081720133491,True,prefix,numerical_precision_check
1494.0,3.5785,3.5855026359071887,27.7,27.97248409694913,True,prefix,numerical_precision_check
1495.0,3.5779,3.585242238843647,27.7,27.974150725232903,True,prefix,numerical_precision_check
1496.0,3.5779,3.5849821902378465,27.7,27.97581708661437,True,prefix,numerical_precision_check
1497.0,3.577,3.5847224890041165,27.7,27.977483181521734,True,prefix,numerical_precision_check
1498.0,3.5766,3.5844631340349222,27.7,27.979149010383026,True,prefix,numerical_precision_check
1499.0,3.5763,3.584204124200946,27.7,27.980814573626333,True,prefix,numerical_precision_check
1500.0,3.576,3.583945458351304,27.7,27.982479871679743,True,prefix,numerical_precision_check
1501.0,3.5757,3.583687135313673,27.7,27.984144904971515,True,prefix,numerical_precision_check
1502.0,3.5754,3.5834291538944445,27.7,27.985809673929566,True,prefix,numerical_precision_check
1503.0,3.5751,3.5831715128788906,27.7,27.987474178982097,True,prefix,numerical_precision_check
1504.0,3.5748,3.582914211031324,27.7,27.989138420557197,True,prefix,numerical_precision_check
1505.0,3.5745,3.5826572470952316,27.9,27.990802399083066,True,prefix,numerical_precision_check
1506.0,3.5742,3.5824006197934657,27.7,27.99246611498762,True,prefix,numerical_precision_check
1507.0,3.5739,3.582144327828356,27.7,27.994129568699123,True,prefix,numerical_precision_check
1508.0,3.5735,3.5818883698819,27.9,27.9957927606456,True,prefix,numerical_precision_check
1509.0,3.5732,3.581632744615903,27.7,27.99745569125514,True,prefix,numerical_precision_check
1510.0,3.5729,3.581377450672125,27.7,27.999118360956004,True,prefix,numerical_precision_check
1511.0,3.5726,3.5811224866724434,27.7,28.000780770176107,True,prefix,numerical_precision_check
1512.0,3.572,3.580867851218999,27.7,28.002442919343707,True,prefix,numerical_precision_check
1513.0,3.5717,3.58061354289437,27.7,28.00410480888678,True,prefix,numerical_precision_check
1514.0,3.5714,3.5803595602616847,27.9,28.005766439233525,True,prefix,numerical_precision_check
1515.0,3.5711,3.5801059018648056,27.9,28.007427810812032,True,prefix,numerical_precision_check
1516.0,3.5708,3.579852566228467,27.9,28.00908892405039,True,prefix,numerical_precision_check
1517.0,3.5704,3.5795995518584203,27.7,28.010749779376738,True,prefix,numerical_precision_check
1518.0,3.5701,3.579346857241602,27.7,28.01241037721917,True,prefix,numerical_precision_check
1519.0,3.5695,3.579094480846261,27.7,28.014070718005712,True,prefix,numerical_precision_check
1520.0,3.5692,3.5788424211221086,27.9,28.015730802164626,True,prefix,numerical_precision_check
1521.0,3.5689,3.5785906765004802,27.9,28.017390630123884,True,prefix,numerical_precision_check
1522.0,3.5686,3.578339245394476,27.9,28.01905020231169,True,prefix,numerical_precision_check
1523.0,3.5683,3.578088126199101,27.7,28.020709519156014,True,prefix,numerical_precision_check
1524.0,3.568,3.5778373172914093,27.9,28.022368581085118,True,prefix,numerical_precision_check
1525.0,3.5677,3.5775868170306517,27.7,28.02402738852703,True,prefix,numerical_precision_check
1526.0,3.5673,3.577336623758414,27.9,28.0256859419099,True,prefix,numerical_precision_check
1527.0,3.567,3.577086735798781,27.9,28.027344241661808,True,prefix,numerical_precision_check
1528.0,3.5667,3.5768371514584394,27.7,28.029002288210847,True,prefix,numerical_precision_check
1529.0,3.5664,3.5765878690268518,27.9,28.030660081985104,True,prefix,numerical_precision_check
1530.0,3.5661,3.576338886776369,27.9,28.03231762341278,True,prefix,numerical_precision_check
1531.0,3.5655,3.5760902029623955,27.9,28.033974912921906,True,prefix,numerical_precision_check
1532.0,3.5652,3.5758418158235155,27.9,28.03563195094057,True,prefix,numerical_precision_check
1533.0,3.5649,3.575593723581606,27.9,28.037288737896915,True,prefix,numerical_precision_check
1534.0,3.5646,3.5753459244420167,27.9,28.03894527421909,True,prefix,numerical_precision_check
1535.0,3.5642,3.5750984165936743,27.9,28.04060156033512,True,prefix,numerical_precision_check
1536.0,3.5639,3.5748511982249247,27.9,28.042257597160358,True,prefix,numerical_precision_check
1537.0,3.5636,3.5746042676075347,27.9,28.043913388707495,True,prefix,numerical_precision_check
1538.0,3.5633,3.5743576227572147,27.9,28.0455689315408,True,prefix,numerical_precision_check
1539.0,3.563,3.5741112617986257,27.9,28.047224226091714,True,prefix,numerical_precision_check
1540.0,3.5627,3.573865182840647,27.9,28.04887927279151,True,prefix,numerical_precision_check
1541.0,3.5624,3.5736193839765384,27.9,28.0505340720714,True,prefix,numerical_precision_check
1542.0,3.5621,3.573373863284052,27.9,28.052188624362657,True,prefix,numerical_precision_check
1543.0,3.5615,3.5731286188255487,27.9,28.05384293009655,True,prefix,numerical_precision_check
1544.0,3.5611,3.572883648648139,27.9,28.05549698970418,True,prefix,numerical_precision_check
1545.0,3.5608,3.572638950783796,28.1,28.05715080361705,True,prefix,numerical_precision_check
1546.0,3.5605,3.572394523249475,27.9,28.058804372266252,True,prefix,numerical_precision_check
1547.0,3.5602,3.572150364047252,27.9,28.060457696083063,True,prefix,numerical_precision_check
1548.0,3.5599,3.571906471164413,27.9,28.062110775498752,True,prefix,numerical_precision_check
1549.0,3.5596,3.5716628425736014,27.9,28.06376361094459,True,prefix,numerical_precision_check
1550.0,3.5593,3.57141947623291,27.9,28.065416202851793,True,prefix,numerical_precision_check
1551.0,3.559,3.5711763700860244,27.9,28.067068551651687,True,prefix,numerical_precision_check
1552.0,3.5584,3.570933522062308,27.9,28.068720657775486,True,prefix,numerical_precision_check
1553.0,3.558,3.570690930076932,27.7,28.070372521654463,True,prefix,numerical_precision_check
1554.0,3.558,3.570448592030994,27.9,28.07202414371983,True,prefix,numerical_precision_check
1555.0,3.5574,3.5702065058116004,27.9,28.07367552440286,True,prefix,numerical_precision_check
1556.0,3.5574,3.5699646692920086,27.9,28.07532666413482,True,prefix,numerical_precision_check
1557.0,3.5571,3.5697230803317046,27.9,28.07697756334693,True,prefix,numerical_precision_check
1558.0,3.5565,3.569481736776546,27.9,28.078628222470513,True,prefix,numerical_precision_check
1559.0,3.5562,3.569240636458829,27.9,28.08027864193673,True,prefix,numerical_precision_check
1560.0,3.5559,3.568999777197417,27.9,28.081928822176963,True,prefix,numerical_precision_check
1561.0,3.5559,3.568759156797822,27.9,28.08357876362237,True,prefix,numerical_precision_check
1562.0,3.5556,3.5685187730523413,27.9,28.085228466704223,True,prefix,numerical_precision_check
1563.0,3.5549,3.5682786237401216,27.9,28.086877931853792,True,prefix,numerical_precision_check
1564.0,3.5546,3.568038706627275,27.9,28.08852715950229,True,prefix,numerical_precision_check
1565.0,3.5543,3.5677990194669666,27.9,28.09017615008105,True,prefix,numerical_precision_check
1566.0,3.5537,3.5675595599995304,27.9,28.091824904021337,True,prefix,numerical_precision_check
1567.0,3.5534,3.567320325952538,27.9,28.093473421754254,True,prefix,numerical_precision_check
1568.0,3.5534,3.56708131504091,27.9,28.095121703711243,True,prefix,numerical_precision_check
1569.0,3.5528,3.5668425249669986,27.9,28.096769750323404,True,prefix,numerical_precision_check
1570.0,3.5525,3.5666039534206866,27.9,28.09841756202212,True,prefix,numerical_precision_check
1571.0,3.5522,3.5663655980794644,27.9,28.100065139238495,True,prefix,numerical_precision_check
1572.0,3.5518,3.5661274566085432,27.9,28.10171248240391,True,prefix,numerical_precision_check
1573.0,3.5515,3.565889526660898,27.9,28.103359591949697,True,prefix,numerical_precision_check
1574.0,3.5512,3.565651805877392,27.9,28.105006468306897,True,prefix,numerical_precision_check
1575.0,3.5509,3.5654142918868543,27.9,28.106653111906894,True,prefix,numerical_precision_check
1576.0,3.5506,3.5651769823061463,27.9,28.108299523180847,True,prefix,numerical_precision_check
1577.0,3.5503,3.5649398747402534,27.9,28.109945702560196,True,prefix,numerical_precision_check
1578.0,3.55,3.56470296678237,27.9,28.111591650476043,True,prefix,numerical_precision_check
1579.0,3.5497,3.5644662560139526,27.9,28.11323736735966,True,prefix,numerical_precision_check
1580.0,3.5494,3.564229740004851,27.9,28.114882853642314,True,prefix,numerical_precision_check
1581.0,3.5491,3.563993416313319,27.9,28.116528109755336,True,prefix,numerical_precision_check
1582.0,3.5487,3.5637572824861294,27.9,28.118173136129826,True,prefix,numerical_precision_check
1583.0,3.5484,3.5635213360586504,27.9,28.119817933197226,True,prefix,numerical_precision_check
1584.0,3.5481,3.5632855745548877,27.9,28.121462501388635,True,prefix,numerical_precision_check
1585.0,3.5478,3.563049995487585,27.9,28.12310684113544,True,prefix,numerical_precision_check
1586.0,3.5475,3.5628145963582787,27.9,28.124750952868737,True,prefix,numerical_precision_check
1587.0,3.5472,3.5625793746573664,27.9,28.12639483701986,True,prefix,numerical_precision_check
1588.0,3.5469,3.562344327864188,27.9,28.12803849402019,True,prefix,numerical_precision_check
1589.0,3.5466,3.5621094534470665,27.9,28.129681924300712,True,prefix,numerical_precision_check
1590.0,3.546,3.561874748863398,27.9,28.13132512829293,True,prefix,numerical_precision_check
1591.0,3.5456,3.5616402115596992,27.9,28.132968106427995,True,prefix,numerical_precision_check
1592.0,3.5453,3.561405838971682,27.9,28.134610859137183,True,prefix,numerical_precision_check
1593.0,3.545,3.5611716285242885,27.9,28.13625338685165,True,prefix,numerical_precision_check
1594.0,3.5447,3.560937577631788,27.9,28.137895690002892,True,prefix,numerical_precision_check
1595.0,3.5444,3.5607036836978185,27.9,28.139537769021842,True,prefix,numerical_precision_check
1596.0,3.5441,3.5604699441154195,27.7,28.141179624339998,True,prefix,numerical_precision_check
1597.0,3.5438,3.5602363562671386,27.9,28.142821256388572,True,prefix,numerical_precision_check
1598.0,3.5435,3.5600029175250447,27.9,28.144462665598724,True,prefix,numerical_precision_check
1599.0,3.5432,3.559769625250787,27.9,28.146103852401836,True,prefix,numerical_precision_check
1600.0,3.5429,3.5595364767956874,27.9,28.147744817229068,True,prefix,numerical_precision_check
1601.0,3.5425,3.559303469511436,27.9,28.14938556173007,True,prefix,numerical_precision_check
1602.0,3.5422,3.559070600806457,27.7,28.151026095198404,True,prefix,numerical_precision_check
1603.0,3.5419,3.5588378679172084,27.9,28.152666408500522,True,prefix,numerical_precision_check
1604.0,3.5416,3.5586052681541225,27.9,28.15430650207537,True,prefix,numerical_precision_check
1605.0,3.5413,3.5583727988175275,27.7,28.155946376361953,True,prefix,numerical_precision_check
1606.0,3.541,3.5581404571976765,27.9,28.157586031799553,True,prefix,numerical_precision_check
1607.0,3.5407,3.55790824057483,27.9,28.15922546882706,True,prefix,numerical_precision_check
1608.0,3.5404,3.557676146219245,27.9,28.160864687883475,True,prefix,numerical_precision_check
1609.0,3.5404,3.5574441713912766,27.9,28.162503689408084,True,prefix,numerical_precision_check
1610.0,3.5398,3.557212313341366,27.9,28.16414247383966,True,prefix,numerical_precision_check
1611.0,3.5394,3.55698056931013,27.7,28.165781041617493,True,prefix,numerical_precision_check
1612.0,3.5391,3.556748936528359,27.9,28.167419393180523,True,prefix,numerical_precision_check
1613.0,3.5388,3.556517412217086,27.9,28.169057528967812,True,prefix,numerical_precision_check
1614.0,3.5385,3.5562859935876343,27.9,28.17069544941853,True,prefix,numerical_precision_check
1615.0,3.5379,3.5560546778416007,27.9,28.172333154971625,True,prefix,numerical_precision_check
1616.0,3.5379,3.5558234621709643,27.7,28.173970646066152,True,prefix,numerical_precision_check
1617.0,3.5373,3.5555923437580503,27.9,28.175607923141115,True,prefix,numerical_precision_check
1618.0,3.5373,3.5553613197756433,27.9,28.1772449866358,True,prefix,numerical_precision_check
1619.0,3.5367,3.555130387386947,27.9,28.178881836988978,True,prefix,numerical_precision_check
1620.0,3.5367,3.554899543745661,27.9,28.180518474639882,True,prefix,numerical_precision_check
1621.0,3.5363,3.554668785996019,27.9,28.18215490002757,True,prefix,numerical_precision_check
1622.0,3.536,3.554438111272786,27.7,28.183791113590985,True,prefix,numerical_precision_check
1623.0,3.5357,3.554207516701306,27.9,28.185427115769357,True,prefix,numerical_precision_check
1624.0,3.5351,3.5539769993975603,27.9,28.18706290700152,True,prefix,numerical_precision_check
1625.0,3.5351,3.55374655646815,27.9,28.188698487726754,True,prefix,numerical_precision_check
1626.0,3.5348,3.5535161850103574,27.9,28.190333858384008,True,prefix,numerical_precision_check
1627.0,3.5345,3.5532858821121662,27.9,28.191969019412227,True,prefix,numerical_precision_check
1628.0,3.5342,3.553055644852287,27.9,28.193603971250752,True,prefix,numerical_precision_check
1629.0,3.5339,3.5528254703001845,27.7,28.19523871433836,True,prefix,numerical_precision_check
1630.0,3.5336,3.552595355516119,27.9,28.196873249114276,True,prefix,numerical_precision_check
1631.0,3.5332,3.5523652975511397,27.9,28.198507576017505,True,prefix,numerical_precision_check
1632.0,3.5329,3.552135293447145,27.9,28.200141695487105,True,prefix,numerical_precision_check
1633.0,3.5326,3.551905340236895,27.9,28.201775607962077,True,prefix,numerical_precision_check
1634.0,3.5323,3.551675434944029,27.9,28.20340931388165,True,prefix,numerical_precision_check
1635.0,3.532,3.5514455745831013,27.7,28.205042813684656,True,prefix,numerical_precision_check
1636.0,3.5317,3.5512157561595936,27.9,28.206676107810324,True,prefix,numerical_precision_check
1637.0,3.5314,3.55098597666996,27.9,28.208309196697655,True,prefix,numerical_precision_check
1638.0,3.5311,3.5507562331016147,27.9,28.20994208078571,True,prefix,numerical_precision_check
1639.0,3.5308,3.5505265224329925,27.9,28.211574760513486,True,prefix,numerical_precision_check
1640.0,3.5301,3.5502968416335556,27.9,28.213207236320102,True,prefix,numerical_precision_check
1641.0,3.5298,3.5500671876637977,27.9,28.214839508644616,True,prefix,numerical_precision_check
1642.0,3.5295,3.5498375574753043,27.9,28.21647157792603,True,prefix,numerical_precision_check
1643.0,3.5292,3.549607948010743,27.9,28.218103444603514,True,prefix,numerical_precision_check
1644.0,3.5289,3.549378356203892,27.9,28.219735109116016,True,prefix,numerical_precision_check
1645.0,3.5289,3.5491487789796827,27.9,28.22136657190265,True,prefix,numerical_precision_check
1646.0,3.5283,3.5489192132541825,27.9,28.222997833402474,True,prefix,numerical_precision_check
1647.0,3.5283,3.5486896559346577,27.9,28.224628894054547,True,prefix,numerical_precision_check
1648.0,3.528,3.5484601039195622,27.9,28.226259754297814,True,prefix,numerical_precision_check
1649.0,3.5277,3.548230554098577,27.9,28.227890414571505,True,prefix,numerical_precision_check
1650.0,3.5274,3.548001003352625,28.1,28.22952087531462,True,prefix,numerical_precision_check
1651.0,3.527,3.547771448553892,27.9,28.231151136966105,True,prefix,numerical_precision_check
1652.0,3.5267,3.5475418865658432,27.9,28.23278119996519,True,prefix,numerical_precision_check
1653.0,3.5264,3.547312314243262,28.1,28.23441106475076,True,prefix,numerical_precision_check
1654.0,3.5261,3.547082728432258,27.9,28.236040731762046,True,prefix,numerical_precision_check
1655.0,3.5258,3.546853125970283,27.9,28.237670201437993,True,prefix,numerical_precision_check
1656.0,3.5255,3.5466235036861575,27.9,28.239299474217717,True,prefix,numerical_precision_check
1657.0,3.5252,3.546393858400111,27.9,28.24092855054016,True,prefix,numerical_precision_check
1658.0,3.5249,3.5461641869237748,28.1,28.242557430844556,True,prefix,numerical_precision_check
1659.0,3.5246,3.545934486060218,27.9,28.24418611556979,True,prefix,numerical_precision_check
1660.0,3.5243,3.545704752603987,27.9,28.245814605155033,True,prefix,numerical_precision_check
1661.0,3.5239,3.5454749833410903,28.1,28.247442900039346,True,prefix,numerical_precision_check
1662.0,3.5236,3.5452451750490623,28.1,28.249071000661672,True,prefix,numerical_precision_check
1663.0,3.5236,3.545015324496961,27.9,28.250698907461185,True,prefix,numerical_precision_check
1664.0,3.523,3.5447854284453992,28.1,28.252326620876943,True,prefix,numerical_precision_check
1665.0,3.523,3.544555483646575,27.9,28.253954141347947,True,prefix,numerical_precision_check
1666.0,3.5221,3.544325486852511,28.1,28.25558147141993,True,prefix,numerical_precision_check
1667.0,3.5221,3.544095434857658,27.9,28.25720862668726,True,prefix,numerical_precision_check
1668.0,3.5218,3.5438653243252425,27.9,28.258835591211266,True,prefix,numerical_precision_check
1669.0,3.5215,3.543635151974102,27.9,28.260462365444198,True,prefix,numerical_precision_check
1670.0,3.5212,3.5434049145147686,27.9,28.262088949838585,True,prefix,numerical_precision_check
1671.0,3.5208,3.5431746086495526,27.9,28.263715344846844,True,prefix,numerical_precision_check
1672.0,3.5205,3.5429442310724997,27.9,28.26534155092145,True,prefix,numerical_precision_check
1673.0,3.5202,3.542713778469492,27.9,28.2669675685147,True,prefix,numerical_precision_check
1674.0,3.5199,3.542483247518232,27.9,28.268593398079247,True,prefix,numerical_precision_check
1675.0,3.5196,3.5422526348882855,27.9,28.270219040067218,True,prefix,numerical_precision_check
1676.0,3.5193,3.5420219372411257,27.9,28.271844494931372,True,prefix,numerical_precision_check
1677.0,3.519,3.5417911512301608,28.1,28.2734697631239,True,prefix,numerical_precision_check
1678.0,3.5187,3.5415602735007585,27.9,28.27509484509733,True,prefix,numerical_precision_check
1679.0,3.5184,3.54132930069031,27.9,28.27671974130402,True,prefix,numerical_precision_check
1680.0,3.5184,3.5410982294282283,27.9,28.278344452196507,True,prefix,numerical_precision_check
1681.0,3.5177,3.5408670563360167,27.9,28.279968978227146,True,prefix,numerical_precision_check
1682.0,3.5177,3.540635778027304,27.9,28.28159331984841,True,prefix,numerical_precision_check
1683.0,3.5174,3.540404391107868,27.9,28.28321747751278,True,prefix,numerical_precision_check
1684.0,3.5171,3.540172892175702,27.9,28.28484145167249,True,prefix,numerical_precision_check
1685.0,3.5168,3.539941277821024,27.9,28.286465242780196,True,prefix,numerical_precision_check
1686.0,3.5165,3.539709544626369,27.9,28.288088851288137,True,prefix,numerical_precision_check
1687.0,3.5162,3.5394776891665933,27.9,28.28971227764896,True,prefix,numerical_precision_check
1688.0,3.5159,3.539245708008931,27.9,28.29133552231491,True,prefix,numerical_precision_check
1689.0,3.5156,3.539013597713057,27.9,28.292958585738518,True,prefix,numerical_precision_check
1690.0,3.5153,3.538781354831136,27.9,28.294581468372087,True,prefix,numerical_precision_check
1691.0,3.515,3.538548975907849,27.9,28.29620417066826,True,prefix,numerical_precision_check
1692.0,3.5143,3.5383164574804797,27.9,28.297826693079287,True,prefix,numerical_precision_check
1693.0,3.514,3.538083796078952,27.9,28.29944903605775,True,prefix,numerical_precision_check
1694.0,3.5137,3.5378509882258795,27.9,28.301071200055844,True,prefix,numerical_precision_check
1695.0,3.5134,3.537618030436655,27.9,28.302693185526266,True,prefix,numerical_precision_check
1696.0,3.5131,3.5373849192194693,27.9,28.30431499292132,True,prefix,numerical_precision_check
1697.0,3.5131,3.537151651075412,27.9,28.305936622693366,True,prefix,numerical_precision_check
1698.0,3.5125,3.5369182224985054,27.9,28.307558075294992,True,prefix,numerical_precision_check
1699.0,3.5125,3.536684629975786,28.1,28.309179351178557,True,prefix,numerical_precision_check
1700.0,3.5119,3.53645086998738,27.9,28.31080045079642,True,prefix,numerical_precision_check
1701.0,3.5119,3.5362169390065517,28.1,28.312421374601172,True,prefix,numerical_precision_check
1702.0,3.5115,3.53598283349979,27.9,28.314042123045056,True,prefix,numerical_precision_check
1703.0,3.5112,3.5357485499268875,28.1,28.31566269658066,True,prefix,numerical_precision_check
1704.0,3.5109,3.535514084741006,27.9,28.317283095660343,True,prefix,numerical_precision_check
1705.0,3.5106,3.535279434388747,27.9,28.318903320736524,True,prefix,numerical_precision_check
1706.0,3.5103,3.5350445953102696,28.1,28.320523372261675,True,prefix,numerical_precision_check
1707.0,3.51,3.5348095639393238,27.9,28.322143250688157,True,prefix,numerical_precision_check
1708.0,3.5097,3.534574336703384,28.1,28.3237629564685,True,prefix,numerical_precision_check
1709.0,3.5094,3.5343389100236897,27.9,28.32538249005512,True,prefix,numerical_precision_check
1710.0,3.5094,3.5341032803153887,27.9,28.32700185190032,True,prefix,numerical_precision_check
1711.0,3.5088,3.533867443987579,27.9,28.32862104245669,True,prefix,numerical_precision_check
1712.0,3.5088,3.533631397443439,27.9,28.330240062176586,True,prefix,numerical_precision_check
1713.0,3.5084,3.5333951370803205,27.9,28.331858911512484,True,prefix,numerical_precision_check
1714.0,3.5081,3.5331586592898234,28.1,28.333477590916743,True,prefix,numerical_precision_check
1715.0,3.5078,3.532921960457946,27.9,28.335096100841838,True,prefix,numerical_precision_check
1716.0,3.5075,3.5326850369651503,28.1,28.336714441740128,True,prefix,numerical_precision_check
1717.0,3.5072,3.5324478851864862,27.9,28.3383326140642,True,prefix,numerical_precision_check
1718.0,3.5066,3.5322105014917105,27.9,28.339950618266357,True,prefix,numerical_precision_check
1719.0,3.5063,3.5319728822453973,28.1,28.34156845479913,True,prefix,numerical_precision_check
1720.0,3.5063,3.53173502380705,28.1,28.343186124114823,True,prefix,numerical_precision_check
1721.0,3.506,3.5314969225312236,27.9,28.344803626665907,True,prefix,numerical_precision_check
1722.0,3.5057,3.5312585747676564,28.1,28.346420962904915,True,prefix,numerical_precision_check
1723.0,3.5053,3.531019976861401,28.1,28.34803813328415,True,prefix,numerical_precision_check
1724.0,3.505,3.530781125152936,27.9,28.349655138256082,True,prefix,numerical_precision_check
1725.0,3.5047,3.5305420159783147,28.1,28.351271978273132,True,prefix,numerical_precision_check
1726.0,3.5044,3.5303026456693027,28.1,28.35288865378783,True,prefix,numerical_precision_check
1727.0,3.5041,3.5300630105535094,27.9,28.354505165252476,True,prefix,numerical_precision_check
1728.0,3.5041,3.5298231069545354,28.1,28.356121513119547,True,prefix,numerical_precision_check
1729.0,3.5038,3.5295829311921256,28.1,28.35773769784157,True,prefix,numerical_precision_check
1730.0,3.5032,3.5293424795823207,27.9,28.359353719870796,True,prefix,numerical_precision_check
1731.0,3.5029,3.529101748445664,28.1,28.36096958272742,True,prefix,numerical_precision_check
1732.0,3.5029,3.5288607341486915,28.1,28.362585308690484,True,prefix,numerical_precision_check
1733.0,3.5026,3.5286194329350535,28.1,28.364200874594587,True,prefix,numerical_precision_check
1734.0,3.5022,3.5283778411075892,27.9,28.365816280911304,True,prefix,numerical_precision_check
1735.0,3.5019,3.528135954966206,27.9,28.367431528112547,True,prefix,numerical_precision_check
1736.0,3.5019,3.527893770808111,27.9,28.36904661666989,True,prefix,numerical_precision_check
1737.0,3.5013,3.5276512849279404,28.1,28.370661547055136,True,prefix,numerical_precision_check
1738.0,3.5013,3.5274084936179735,28.1,28.37227631974008,True,prefix,numerical_precision_check
1739.0,3.501,3.527165393168289,28.1,28.373890935196357,True,prefix,numerical_precision_check
1740.0,3.5007,3.526921979866972,28.1,28.375505393895708,True,prefix,numerical_precision_check
1741.0,3.5004,3.5266782500003124,27.9,28.37711969630999,True,prefix,numerical_precision_check
1742.0,3.5001,3.5264341998529694,27.9,28.37873384291089,True,prefix,numerical_precision_check
1743.0,3.4998,3.5261898257082143,27.9,28.38034783417004,True,prefix,numerical_precision_check
1744.0,3.4995,3.5259451238480977,28.1,28.381961670559292,True,prefix,numerical_precision_check
1745.0,3.4991,3.5257000905536904,27.9,28.383575352550338,True,prefix,numerical_precision_check
1746.0,3.4985,3.525454722105278,27.9,28.38518888061492,True,prefix,numerical_precision_check
1747.0,3.4982,3.525209014782575,27.9,28.38680225522478,True,prefix,numerical_precision_check
1748.0,3.4982,3.5249629648649594,28.1,28.388415476851662,True,prefix,numerical_precision_check
1749.0,3.4979,3.5247165686317055,28.1,28.39002854596731,True,prefix,numerical_precision_check
1750.0,3.4976,3.524469822362191,27.9,28.391641463043413,True,prefix,numerical_precision_check
1751.0,3.4973,3.524222722336151,28.1,28.39325422855177,True,prefix,numerical_precision_check
1752.0,3.497,3.5239752648339104,28.1,28.394866842964063,True,prefix,numerical_precision_check
1753.0,3.4967,3.523727446136641,27.9,28.3964793067521,True,prefix,numerical_precision_check
1754.0,3.4964,3.5234792625265845,28.1,28.398091620387504,True,prefix,numerical_precision_check
1755.0,3.496,3.523230710287345,27.9,28.399703784342137,True,prefix,numerical_precision_check
1756.0,3.4957,3.5229817857041086,28.1,28.40131579908774,True,prefix,numerical_precision_check
1757.0,3.4957,3.5227324850639343,28.1,28.402927665095888,True,prefix,numerical_precision_check
1758.0,3.4954,3.5224828046560037,27.9,28.404539382838436,True,prefix,numerical_precision_check
1759.0,3.4951,3.522232740771922,28.1,28.40615095278713,True,prefix,numerical_precision_check
1760.0,3.4948,3.521982289705954,27.9,28.40776237541371,True,prefix,numerical_precision_check
1761.0,3.4945,3.521731447755352,28.1,28.409373651189867,True,prefix,numerical_precision_check
1762.0,3.4942,3.5214802112206054,28.1,28.41098478058734,True,prefix,numerical_precision_check
1763.0,3.4939,3.5212285764057705,27.9,28.412595764077935,True,prefix,numerical_precision_check
1764.0,3.4939,3.520976539618735,28.1,28.414206602133277,True,prefix,numerical_precision_check
1765.0,3.4933,3.5207240971715397,28.1,28.415817295225224,True,prefix,numerical_precision_check
1766.0,3.4933,3.5204712453806843,28.1,28.417427843825408,True,prefix,numerical_precision_check
1767.0,3.4929,3.520217980567434,28.1,28.419038248405684,True,prefix,numerical_precision_check
1768.0,3.4926,3.5199642990581537,28.1,28.420648509437683,True,prefix,numerical_precision_check
1769.0,3.4923,3.519710197184617,28.1,28.42225862739315,True,prefix,numerical_precision_check
1770.0,3.492,3.5194556712843372,28.1,28.42386860274388,True,prefix,numerical_precision_check
1771.0,3.4917,3.5192007177009033,28.1,28.425478435961622,True,prefix,numerical_precision_check
1772.0,3.4917,3.5189453327843276,28.1,28.427088127518005,True,prefix,numerical_precision_check
1773.0,3.4908,3.518689512891386,28.1,28.428697677884827,True,prefix,numerical_precision_check
1774.0,3.4908,3.51843325438595,28.1,28.43030708753389,True,prefix,numerical_precision_check
1775.0,3.4905,3.5181765536393814,28.1,28.431916356936824,True,prefix,numerical_precision_check
1776.0,3.4902,3.5179194070308464,28.1,28.43352548656543,True,prefix,numerical_precision_check
1777.0,3.4898,3.5176618109477302,27.9,28.43513447689145,True,prefix,numerical_precision_check
1778.0,3.4895,3.5174037617859653,27.9,28.436743328386626,True,prefix,numerical_precision_check
1779.0,3.4895,3.5171452559504437,27.9,28.43835204152259,True,prefix,numerical_precision_check
1780.0,3.4892,3.5168862898553623,28.1,28.439960616771202,True,prefix,numerical_precision_check
1781.0,3.4889,3.516626859924663,28.1,28.441569054604145,True,prefix,numerical_precision_check
1782.0,3.4886,3.5163669625923735,28.1,28.44317735549322,True,prefix,numerical_precision_check
1783.0,3.4883,3.516106594303039,28.1,28.444785519910056,True,prefix,numerical_precision_check
1784.0,3.488,3.5158457515121144,28.0,28.446393548326512,True,prefix,numerical_precision_check
1785.0,3.4877,3.5155844306863777,27.9,28.448001441214217,True,prefix,numerical_precision_check
1786.0,3.4874,3.5153226283043444,28.1,28.449609199044914,True,prefix,numerical_precision_check
1787.0,3.4874,3.5150603408566865,27.9,28.451216822290405,True,prefix,numerical_precision_check
1788.0,3.4867,3.5147975648466794,28.1,28.452824311422432,True,prefix,numerical_precision_check
1789.0,3.4867,3.5145342967905933,27.9,28.454431666912683,True,prefix,numerical_precision_check
1790.0,3.4864,3.5142705332181743,28.1,28.4560388892329,True,prefix,numerical_precision_check
1791.0,3.4861,3.51400627067305,28.1,28.457645978854828,True,prefix,numerical_precision_check
1792.0,3.4858,3.5137415057132144,28.1,28.45925293625021,True,prefix,numerical_precision_check
1793.0,3.4855,3.5134762349114523,27.9,28.460859761890845,True,prefix,numerical_precision_check
1794.0,3.4852,3.5132104548558187,27.9,28.462466456248364,True,prefix,numerical_precision_check
1795.0,3.4852,3.512944162150089,28.1,28.46407301979451,True,prefix,numerical_precision_check
1796.0,3.4849,3.512677353414303,27.9,28.46567945302678,True,prefix,numerical_precision_check
1797.0,3.4846,3.512410025287207,28.1,28.46728575729884,True,prefix,numerical_precision_check
1798.0,3.4843,3.5121421742339556,28.1,28.468891839975242,True,prefix,numerical_precision_check
1799.0,3.484,3.5118737971119405,27.9,28.470497793216907,True,prefix,numerical_precision_check
1800.0,3.484,3.511604890700761,28.1,28.472103661870733,True,prefix,numerical_precision_check
1801.0,3.483,3.511335451649535,28.1,28.473709417271778,True,prefix,numerical_precision_check
1802.0,3.483,3.511065476509669,28.1,28.475314973164586,True,prefix,numerical_precision_check
1803.0,3.4827,3.510794962207715,28.1,28.476920418514737,True,prefix,numerical_precision_check
1804.0,3.4824,3.5105239055098814,28.1,28.478525753322117,True,prefix,numerical_precision_check
1805.0,3.4824,3.5102523032030604,28.1,28.480130977586782,True,prefix,numerical_precision_check
1806.0,3.4818,3.509980152095343,28.1,28.481736091308733,True,prefix,numerical_precision_check
1807.0,3.4818,3.5097074490165503,28.1,28.48334109448797,True,prefix,numerical_precision_check
1808.0,3.4815,3.509434190818753,28.1,28.48494598712449,True,prefix,numerical_precision_check
1809.0,3.4812,3.509160374376844,28.1,28.48655076921824,True,prefix,numerical_precision_check
1810.0,3.4809,3.5088859965890524,28.1,28.48815544076939,True,prefix,numerical_precision_check
1811.0,3.4805,3.5086110543325733,28.1,28.489759979758333,True,prefix,numerical_precision_check
1812.0,3.4802,3.508335544564421,28.1,28.491364391304614,True,prefix,numerical_precision_check
1813.0,3.4799,3.508059464283613,28.1,28.49296868885733,True,prefix,numerical_precision_check
1814.0,3.4796,3.5077828104873072,28.1,28.494572872416654,True,prefix,numerical_precision_check
1815.0,3.4796,3.5075055801987864,28.1,28.496176941982526,True,prefix,numerical_precision_check
1816.0,3.4793,3.507227770468059,28.1,28.497780897555003,True,prefix,numerical_precision_check
1817.0,3.479,3.5069493783724095,28.1,28.499384739133916,True,prefix,numerical_precision_check
1818.0,3.4787,3.506670401017013,28.0,28.50098846671949,True,prefix,numerical_precision_check
1819.0,3.4784,3.5063908355354743,28.1,28.502592080311558,True,prefix,numerical_precision_check
1820.0,3.4784,3.5061106790904697,28.1,28.504195579910174,True,prefix,numerical_precision_check
1821.0,3.4778,3.5058299288743036,28.1,28.505798965515396,True,prefix,numerical_precision_check
1822.0,3.4778,3.5055485821095314,28.1,28.507402237127167,True,prefix,numerical_precision_check
1823.0,3.4774,3.5052666360495435,28.1,28.509005394745486,True,prefix,numerical_precision_check
1824.0,3.4771,3.504984087979183,28.1,28.510608438370298,True,prefix,numerical_precision_check
1825.0,3.4768,3.504700935215351,28.1,28.512211368001715,True,prefix,numerical_precision_check
1826.0,3.4765,3.5044171751076383,28.1,28.513814183639624,True,prefix,numerical_precision_check
1827.0,3.4762,3.5041328050389025,28.0,28.515416885284196,True,prefix,numerical_precision_check
1828.0,3.4759,3.503847822425945,28.1,28.517019472935203,True,prefix,numerical_precision_check
1829.0,3.4759,3.503562224720088,28.3,28.518621946592816,True,prefix,numerical_precision_check
1830.0,3.4756,3.503276009407827,28.1,28.520224306257035,True,prefix,numerical_precision_check
1831.0,3.475,3.5029891741768195,28.1,28.521826633500098,True,prefix,numerical_precision_check
1832.0,3.4747,3.502701716881515,28.3,28.52342907417517,True,prefix,numerical_precision_check
1833.0,3.4743,3.5024136346803405,28.0,28.525031412527255,True,prefix,numerical_precision_check
1834.0,3.474,3.50212492520681,28.1,28.526633648556356,True,prefix,numerical_precision_check
1835.0,3.4737,3.5018355861327874,28.3,28.528235782262414,True,prefix,numerical_precision_check
1836.0,3.4737,3.50154561516914,28.1,28.5298378136456,True,prefix,numerical_precision_check
1837.0,3.4734,3.5012550100663677,28.3,28.531439742705743,True,prefix,numerical_precision_check
1838.0,3.4731,3.500963768615281,28.0,28.5330415694429,True,prefix,numerical_precision_check
1839.0,3.4728,3.5006718886476365,28.2,28.534643293857073,True,prefix,numerical_precision_check
1840.0,3.4725,3.5003793680367785,28.3,28.53624491594826,True,prefix,numerical_precision_check
1841.0,3.4722,3.50008620469832,28.1,28.537846435716517,True,prefix,numerical_precision_check
1842.0,3.4719,3.499792396590794,28.0,28.53944785316179,True,prefix,numerical_precision_check
1843.0,3.4716,3.4994979417162995,28.1,28.541049168284076,True,prefix,numerical_precision_check
1844.0,3.4716,3.4992028381211604,28.1,28.54265038108332,True,prefix,numerical_precision_check
1845.0,3.4712,3.498907083896606,28.1,28.544251491559635,True,prefix,numerical_precision_check
1846.0,3.4709,3.4986106771794203,28.1,28.545852499712964,True,prefix,numerical_precision_check
1847.0,3.4709,3.4983136161525996,28.1,28.54745340554331,True,prefix,numerical_precision_check
1848.0,3.4703,3.4980158990460293,28.1,28.549054209050666,True,prefix,numerical_precision_check
1849.0,3.4703,3.4977175241371308,28.2,28.55065491023504,True,prefix,numerical_precision_check
1850.0,3.4697,3.497418489751541,28.1,28.552255509096426,True,prefix,numerical_precision_check
1851.0,3.4697,3.4971187942637694,28.0,28.553856005634884,True,prefix,numerical_precision_check
1852.0,3.4694,3.4968184360978625,28.1,28.555456399850357,True,prefix,numerical_precision_check
1853.0,3.4691,3.496517413728064,28.1,28.557056691742787,True,prefix,numerical_precision_check
1854.0,3.4688,3.4962157256794777,28.1,28.558656881312288,True,prefix,numerical_precision_check
1855.0,3.4688,3.495913370528732,28.0,28.560256968558804,True,prefix,numerical_precision_check
1856.0,3.4685,3.4956103469046464,28.1,28.561856953482277,True,prefix,numerical_precision_check
1857.0,3.4681,3.4953066534888735,28.1,28.563456836082878,True,prefix,numerical_precision_check
1858.0,3.4678,3.495002289016581,28.0,28.565056616360437,True,prefix,numerical_precision_check
1859.0,3.4672,3.4946972522770756,28.1,28.56665629431501,True,prefix,numerical_precision_check
1860.0,3.4669,3.4943915421144935,28.0,28.568255869946597,True,prefix,numerical_precision_check
1861.0,3.4666,3.494085157428431,28.0,28.5698553432552,True,prefix,numerical_precision_check
1862.0,3.4666,3.4937780971745895,28.1,28.571454714240815,True,prefix,numerical_precision_check
1863.0,3.4663,3.4934703603654484,28.1,28.573053982903502,True,prefix,numerical_precision_check
1864.0,3.466,3.4931619460708756,28.1,28.574653149243204,True,prefix,numerical_precision_check
1865.0,3.4657,3.4928528534187997,28.0,28.57625221325992,True,prefix,numerical_precision_check
1866.0,3.4657,3.4925430815958287,28.1,28.57785117495365,True,prefix,numerical_precision_check
1867.0,3.4654,3.4922326298478836,28.0,28.57945003432434,True,prefix,numerical_precision_check
1868.0,3.4647,3.4919214974808472,28.1,28.581048791372154,True,prefix,numerical_precision_check
1869.0,3.4647,3.4916096838611743,28.0,28.58264744609687,True,prefix,numerical_precision_check
1870.0,3.4644,3.491297188416515,28.0,28.584245998498716,True,prefix,numerical_precision_check
1871.0,3.4641,3.49098401063634,28.0,28.585844448577518,True,prefix,numerical_precision_check
1872.0,3.4638,3.490670150072537,28.0,28.587442796333335,True,prefix,numerical_precision_check
1873.0,3.4635,3.4903556063400485,28.0,28.589041041766222,True,prefix,numerical_precision_check
1874.0,3.4632,3.4900403791174375,28.0,28.590639184876068,True,prefix,numerical_precision_check
1875.0,3.4632,3.489724468147506,28.0,28.592237225662984,True,prefix,numerical_precision_check
1876.0,3.4629,3.489407873237894,28.0,28.593835164126858,True,prefix,numerical_precision_check
1877.0,3.4626,3.489090594261633,28.0,28.595433000267803,True,prefix,numerical_precision_check
1878.0,3.4623,3.4887726311577523,28.1,28.59703073408582,True,prefix,numerical_precision_check
1879.0,3.4619,3.4884539839318345,28.2,28.598628365580737,True,prefix,numerical_precision_check
1880.0,3.4616,3.488134652656579,28.1,28.600225894752782,True,prefix,numerical_precision_check
1881.0,3.4613,3.487814637472384,28.1,28.601823321601785,True,prefix,numerical_precision_check
1882.0,3.4613,3.4874939385878547,28.1,28.6034206461278,True,prefix,numerical_precision_check
1883.0,3.461,3.4871725573407364,28.0,28.60501838910801,True,prefix,numerical_precision_check
1884.0,3.4607,3.4868504932374313,28.0,28.606616137788535,True,prefix,numerical_precision_check
1885.0,3.4604,3.486527746521815,28.2,28.60821380737991,True,prefix,numerical_precision_check
1886.0,3.4601,3.486204317680762,28.2,28.609811397882083,True,prefix,numerical_precision_check
1887.0,3.4598,3.4858802072719715,28.0,28.61140890929505,True,prefix,numerical_precision_check
1888.0,3.4598,3.4855554159245195,28.1,28.61300634161887,True,prefix,numerical_precision_check
1889.0,3.4592,3.4852299443392982,28.0,28.61460369485343,True,prefix,numerical_precision_check
1890.0,3.4588,3.4849037932895195,28.0,28.61620096899884,True,prefix,numerical_precision_check
1891.0,3.4585,3.4845769636211683,28.0,28.61779816405499,True,prefix,numerical_precision_check
1892.0,3.4582,3.484249456253488,28.1,28.61939528002199,True,prefix,numerical_precision_check
1893.0,3.4579,3.4839212721793955,28.0,28.62099231689973,True,prefix,numerical_precision_check
1894.0,3.4579,3.483592412465929,28.2,28.622589274688323,True,prefix,numerical_precision_check
1895.0,3.4576,3.4832628782546835,28.2,28.624186153387768,True,prefix,numerical_precision_check
1896.0,3.4573,3.4829326707622044,28.1,28.625782952997895,True,prefix,numerical_precision_check
1897.0,3.457,3.4826017912804037,28.0,28.62737967351893,True,prefix,numerical_precision_check
1898.0,3.457,3.482270241176932,28.2,28.628976314950762,True,prefix,numerical_precision_check
1899.0,3.4564,3.4819380218955835,28.2,28.63057287729339,True,prefix,numerical_precision_check
1900.0,3.4564,3.4816051349566295,28.2,28.63216936054681,True,prefix,numerical_precision_check
1901.0,3.4561,3.481271581957191,28.2,28.633765764710915,True,prefix,numerical_precision_check
1902.0,3.4557,3.480937364571549,28.2,28.63536208978593,True,prefix,numerical_precision_check
1903.0,3.4557,3.480602484551504,28.2,28.636958335771794,True,prefix,numerical_precision_check
1904.0,3.4554,3.4802669437266633,28.2,28.6385545026684,True,prefix,numerical_precision_check
1905.0,3.4551,3.4799307440047373,28.2,28.6401505904758,True,prefix,numerical_precision_check
1906.0,3.4548,3.4795938873718226,28.2,28.64174659919405,True,prefix,numerical_precision_check
1907.0,3.4545,3.4792563758926796,28.2,28.64334252882304,True,prefix,numerical_precision_check
1908.0,3.4542,3.4789182117109596,28.2,28.644938379362884,True,prefix,numerical_precision_check
1909.0,3.4539,3.478579397049479,28.2,28.646534150813466,True,prefix,numerical_precision_check
1910.0,3.4536,3.4782399342103996,28.2,28.6481298431749,True,prefix,numerical_precision_check
1911.0,3.4536,3.4778998255754576,28.0,28.64972545644713,True,prefix,numerical_precision_check
1912.0,3.4533,3.47755907360615,28.2,28.65132099063021,True,prefix,numerical_precision_check
1913.0,3.453,3.4772176808439017,28.2,28.65291644572403,True,prefix,numerical_precision_check
1914.0,3.4526,3.476875649910229,28.2,28.654511821728647,True,prefix,numerical_precision_check
1915.0,3.4526,3.4765329835068726,28.4,28.65610711864406,True,prefix,numerical_precision_check
1916.0,3.452,3.476189684415919,28.2,28.65770233647038,True,prefix,numerical_precision_check
1917.0,3.452,3.4758457554999205,28.2,28.65929747520738,True,prefix,numerical_precision_check
1918.0,3.4514,3.475501199701968,28.2,28.660892534855236,True,prefix,numerical_precision_check
1919.0,3.4511,3.4751560200457723,28.2,28.662487515413886,True,prefix,numerical_precision_check
1920.0,3.4511,3.474810219635691,28.2,28.664082416883332,True,prefix,numerical_precision_check
1921.0,3.4505,3.4744638016568152,28.2,28.665677239263573,True,prefix,numerical_precision_check
1922.0,3.4505,3.474116769374925,28.2,28.667271982554666,True,prefix,numerical_precision_check
1923.0,3.4502,3.4737691261365367,28.2,28.6688666467565,True,prefix,numerical_precision_check
1924.0,3.4499,3.473420875368832,28.2,28.670461231869183,True,prefix,numerical_precision_check
1925.0,3.4495,3.473072020579687,28.2,28.672055737892663,True,prefix,numerical_precision_check
1926.0,3.4492,3.4727225653575338,28.2,28.67365016482688,True,prefix,numerical_precision_check
1927.0,3.4489,3.472372513371335,28.2,28.675244512671952,True,prefix,numerical_precision_check
1928.0,3.4489,3.4720218683704838,28.2,28.67683878142782,True,prefix,numerical_precision_check
1929.0,3.4486,3.4716706341846533,28.2,28.67843297109448,True,prefix,numerical_precision_check
1930.0,3.4483,3.4713188147236926,28.2,28.680027081671994,True,prefix,numerical_precision_check
1931.0,3.448,3.4709664139774534,28.2,28.681621113160247,True,prefix,numerical_precision_check
1932.0,3.4477,3.4706134360156056,28.2,28.683215065559295,True,prefix,numerical_precision_check
1933.0,3.4474,3.4702598849874717,28.2,28.684808938869196,True,prefix,numerical_precision_check
1934.0,3.4474,3.4699057657935786,28.2,28.68640306161757,True,prefix,numerical_precision_check
1935.0,3.4471,3.4695510829507703,28.2,28.687997535920147,True,prefix,numerical_precision_check
1936.0,3.4468,3.4691958400235374,28.2,28.68959195961895,True,prefix,numerical_precision_check
1937.0,3.4464,3.468840041477337,28.4,28.691186332713983,True,prefix,numerical_precision_check
1938.0,3.4461,3.468483691855957,28.2,28.692780655205183,True,prefix,numerical_precision_check
1939.0,3.4458,3.468126795781191,28.2,28.694374927092667,True,prefix,numerical_precision_check
1940.0,3.4455,3.4677693579525104,28.2,28.69596914837632,True,prefix,numerical_precision_check
1941.0,3.4452,3.467411383146692,28.2,28.6975633190562,True,prefix,numerical_precision_check
1942.0,3.4452,3.467052876217438,28.4,28.699157439132307,True,prefix,numerical_precision_check
1943.0,3.4449,3.4666938420949456,28.2,28.700751508604583,True,prefix,numerical_precision_check
1944.0,3.4446,3.466334285785514,28.2,28.702345527473142,True,prefix,numerical_precision_check
1945.0,3.4443,3.465974212371079,28.4,28.70393949573787,True,prefix,numerical_precision_check
1946.0,3.4437,3.4656136270087403,28.4,28.705533413398825,True,prefix,numerical_precision_check
1947.0,3.4437,3.4652525349302747,28.4,28.707127280456007,True,prefix,numerical_precision_check
1948.0,3.4433,3.464890941441621,28.4,28.708721096909414,True,prefix,numerical_precision_check
1949.0,3.443,3.464528851922348,28.4,28.71031486275905,True,prefix,numerical_precision_check
1950.0,3.4427,3.464166271825101,28.2,28.711908578004852,True,prefix,numerical_precision_check
1951.0,3.4427,3.463803206675022,28.2,28.713502242646882,True,prefix,numerical_precision_check
1952.0,3.4424,3.4634396620691414,28.4,28.71509585668514,True,prefix,numerical_precision_check
1953.0,3.4421,3.4630756436757686,28.4,28.71668942011962,True,prefix,numerical_precision_check
1954.0,3.4421,3.4627111572338687,28.4,28.71828293295033,True,prefix,numerical_precision_check
1955.0,3.4415,3.462346208552363,28.4,28.719876395177266,True,prefix,numerical_precision_check
1956.0,3.4415,3.4619808035094737,28.4,28.721469806800428,True,prefix,numerical_precision_check
1957.0,3.4412,3.4616149480520058,28.4,28.72306316781976,True,prefix,numerical_precision_check
1958.0,3.4409,3.4612486481946276,28.4,28.724656478235318,True,prefix,numerical_precision_check
1959.0,3.4406,3.460881910019127,28.4,28.726249738047102,True,prefix,numerical_precision_check
1960.0,3.4402,3.4605147396736426,28.4,28.727842947255112,True,prefix,numerical_precision_check
1961.0,3.4402,3.460147143371868,28.4,28.729436105859293,True,prefix,numerical_precision_check
1962.0,3.4399,3.45977912739225,28.4,28.7310292138597,True,prefix,numerical_precision_check
1963.0,3.4396,3.459410698077177,28.4,28.732622271256446,True,prefix,numerical_precision_check
1964.0,3.4393,3.4590418618320933,28.4,28.73421527804925,True,prefix,numerical_precision_check
1965.0,3.4393,3.4586726251246622,28.4,28.735808234238334,True,prefix,numerical_precision_check
1966.0,3.439,3.4583029944838635,28.4,28.737401139823646,True,prefix,numerical_precision_check
1967.0,3.4387,3.4579329764990887,28.4,28.738993994805128,True,prefix,numerical_precision_check
1968.0,3.4384,3.4575625778192025,28.4,28.740586799182836,True,prefix,numerical_precision_check
1969.0,3.4381,3.457191805151621,28.4,28.742179552956827,True,prefix,numerical_precision_check
1970.0,3.4381,3.4568206652613163,28.4,28.743772256127045,True,prefix,numerical_precision_check
1971.0,3.4375,3.4564491649698468,28.2,28.745364908693375,True,prefix,numerical_precision_check
1972.0,3.4375,3.456077311154345,28.4,28.74695751065599,True,prefix,numerical_precision_check
1973.0,3.4371,3.45570511074651,28.4,28.74855006201483,True,prefix,numerical_precision_check
1974.0,3.4368,3.4553325707315468,28.4,28.750142562769838,True,prefix,numerical_precision_check
1975.0,3.4365,3.4549596981471162,28.4,28.75173501292113,True,prefix,numerical_precision_check
1976.0,3.4362,3.454586500082268,28.4,28.753327412468536,True,prefix,numerical_precision_check
1977.0,3.4362,3.454212983676328,28.4,28.754919761412282,True,prefix,numerical_precision_check
1978.0,3.4356,3.4538391561177937,28.4,28.75651205975214,True,prefix,numerical_precision_check
1979.0,3.4353,3.453465024643225,28.4,28.75810430748828,True,prefix,numerical_precision_check
1980.0,3.435,3.453090596536061,28.4,28.759696504620592,True,prefix,numerical_precision_check
1981.0,3.435,3.4527158791255004,28.4,28.761288651149187,True,prefix,numerical_precision_check
1982.0,3.4347,3.452340879785293,28.2,28.76288074707395,True,prefix,numerical_precision_check
1983.0,3.4343,3.4519656059325743,28.4,28.76447279239494,True,prefix,numerical_precision_check
1984.0,3.434,3.4515900650266333,28.4,28.766064787112157,True,prefix,numerical_precision_check
1985.0,3.4337,3.4512142646216097,28.4,28.767656757468842,True,prefix,numerical_precision_check
1986.0,3.4337,3.4508382138699694,28.2,28.76924948849853,True,prefix,numerical_precision_check
1987.0,3.4331,3.450461918749472,28.4,28.77084220084413,True,prefix,numerical_precision_check
1988.0,3.4328,3.45008538687572,28.4,28.772434894505523,True,prefix,numerical_precision_check
1989.0,3.4325,3.4497086259002194,28.4,28.774027569482826,True,prefix,numerical_precision_check
1990.0,3.4325,3.4493316435090953,28.4,28.77562022577598,True,prefix,numerical_precision_check
1991.0,3.4322,3.4489544474217944,28.4,28.777212863385046,True,prefix,numerical_precision_check
1992.0,3.4319,3.4485770453897526,28.4,28.778805482309906,True,prefix,numerical_precision_check
1993.0,3.4316,3.44819944519509,28.4,28.780398082550676,True,prefix,numerical_precision_check
1994.0,3.4316,3.447821654649245,28.4,28.781990664107298,True,prefix,numerical_precision_check
1995.0,3.4312,3.447443681591652,28.4,28.783583226979772,True,prefix,numerical_precision_check
1996.0,3.4309,3.4470655338883383,28.4,28.785175771168156,True,prefix,numerical_precision_check
1997.0,3.4306,3.446687219430618,28.4,28.786768296672392,True,prefix,numerical_precision_check
1998.0,3.4306,3.446308746133637,28.4,28.788360803492537,True,prefix,numerical_precision_check
1999.0,3.4303,3.4459301219350382,28.4,28.78995329162848,True,prefix,numerical_precision_check
2000.0,3.43,3.445551354793547,28.4,28.791545761080386,True,prefix,numerical_precision_check
2001.0,3.4297,3.445172452687532,28.4,28.79313821184809,True,prefix,numerical_precision_check
2002.0,3.4294,3.4447934236136533,28.4,28.794730643931643,True,prefix,numerical_precision_check
2003.0,3.4291,3.4444142755853786,28.4,28.796323057331108,True,prefix,numerical_precision_check
2004.0,3.4291,3.4440350166315845,28.4,28.79791545204648,True,prefix,numerical_precision_check
2005.0,3.4288,3.443655654795119,28.4,28.799507828077594,True,prefix,numerical_precision_check
2006.0,3.4285,3.4432761981313393,28.4,28.801100185424673,True,prefix,numerical_precision_check
2007.0,3.4278,3.442896654706705,28.4,28.802692524087604,True,prefix,numerical_precision_check
2008.0,3.4275,3.4425170325972747,28.4,28.804284844066444,True,prefix,numerical_precision_check
2009.0,3.4275,3.442137339887278,28.4,28.80587714536108,True,prefix,numerical_precision_check
2010.0,3.4272,3.4417575846676565,28.4,28.80746942797157,True,prefix,numerical_precision_check
2011.0,3.4269,3.44137777503458,28.4,28.809061691898023,True,prefix,numerical_precision_check
2012.0,3.4266,3.4409979190879896,28.4,28.810653937140273,True,prefix,numerical_precision_check
2013.0,3.4263,3.4406180249301332,28.4,28.812246163698433,True,prefix,numerical_precision_check
2014.0,3.4263,3.440238100664062,28.4,28.813838371572444,True,prefix,numerical_precision_check
2015.0,3.426,3.4398581543922067,28.4,28.815430560762366,True,prefix,numerical_precision_check
2016.0,3.4257,3.4394781942148462,28.4,28.81702273126814,True,prefix,numerical_precision_check
2017.0,3.4254,3.4390982282286635,28.4,28.818614883089708,True,prefix,numerical_precision_check
2018.0,3.425,3.4387182645252583,28.6,28.820207016227243,True,prefix,numerical_precision_check
2019.0,3.4247,3.438338311189677,28.4,28.821799130680574,True,prefix,numerical_precision_check
2020.0,3.4247,3.4379583762989276,28.4,28.823391226449758,True,prefix,numerical_precision_check
2021.0,3.4244,3.437578467920504,28.4,28.82498330353485,True,prefix,numerical_precision_check
2022.0,3.4241,3.437198594110924,28.4,28.826575361935852,True,prefix,numerical_precision_check
2023.0,3.4238,3.436818762914234,28.6,28.828167401652706,True,prefix,numerical_precision_check
2024.0,3.4238,3.436438982360581,28.4,28.829759422685356,True,prefix,numerical_precision_check
2025.0,3.4235,3.436059260464711,28.4,28.831351425033915,True,prefix,numerical_precision_check
2026.0,3.4232,3.435679605224505,28.4,28.83294340869844,True,prefix,numerical_precision_check
2027.0,3.4229,3.435300024619557,28.6,28.834535373678705,True,prefix,numerical_precision_check
2028.0,3.4226,3.434920526609689,28.6,28.836127319974935,True,prefix,numerical_precision_check
2029.0,3.4223,3.4345411191335184,28.6,28.837719247586904,True,prefix,numerical_precision_check
2030.0,3.4219,3.4341618101070015,28.6,28.83931115651484,True,prefix,numerical_precision_check
2031.0,3.4216,3.4337826074220112,28.4,28.840903046758626,True,prefix,numerical_precision_check
2032.0,3.4216,3.4334035189449015,28.4,28.842494918318266,True,prefix,numerical_precision_check
2033.0,3.4213,3.433024552515077,28.4,28.844086771193872,True,prefix,numerical_precision_check
2034.0,3.421,3.4326457159435946,28.4,28.845678605385217,True,prefix,numerical_precision_check
2035.0,3.4207,3.4322670170117298,28.4,28.84727042089247,True,prefix,numerical_precision_check
2036.0,3.4204,3.4318884634696034,28.6,28.848862217715634,True,prefix,numerical_precision_check
2037.0,3.4198,3.4315100642015475,28.4,28.850454561351626,True,prefix,numerical_precision_check
2038.0,3.4198,3.4311318265010566,28.6,28.85204726261128,True,prefix,numerical_precision_check
2039.0,3.4195,3.430753757312507,28.4,28.85363998029527,True,prefix,numerical_precision_check
2040.0,3.4192,3.4303758642475337,28.6,28.855232714403655,True,prefix,numerical_precision_check
2041.0,3.4188,3.4299981548797427,28.6,28.856825464936435,True,prefix,numerical_precision_check
2042.0,3.4185,3.4296206367433615,28.4,28.85841823189361,True,prefix,numerical_precision_check
2043.0,3.4185,3.4292433173319194,28.4,28.860011015275063,True,prefix,numerical_precision_check
2044.0,3.4182,3.4288662040969053,28.6,28.86160381508097,True,prefix,numerical_precision_check
2045.0,3.4179,3.4284893044464844,28.6,28.86319663131127,True,prefix,numerical_precision_check
2046.0,3.4176,3.4281126257441934,28.6,28.86478946396585,True,prefix,numerical_precision_check
2047.0,3.4173,3.427736175307642,28.6,28.86638231304488,True,prefix,numerical_precision_check
2048.0,3.417,3.4273599604072684,28.6,28.86797517854825,True,prefix,numerical_precision_check
2049.0,3.4167,3.4269839882650523,28.6,28.869568060476013,True,prefix,numerical_precision_check
2050.0,3.4164,3.4266082660532993,28.6,28.871160958828114,True,prefix,numerical_precision_check
2051.0,3.4164,3.426232800893391,28.6,28.872753873604665,True,prefix,numerical_precision_check
2052.0,3.4161,3.425857599854573,28.6,28.874346804805498,True,prefix,numerical_precision_check
2053.0,3.4157,3.425482669952744,28.6,28.87593975243084,True,prefix,numerical_precision_check
2054.0,3.4154,3.425108018149297,28.6,28.87753271648046,True,prefix,numerical_precision_check
2055.0,3.4151,3.4247336513499174,28.6,28.879125696954418,True,prefix,numerical_precision_check
2056.0,3.4151,3.4243595764034414,28.6,28.880718693852884,True,prefix,numerical_precision_check
2057.0,3.4148,3.423985800100702,28.6,28.882311707175575,True,prefix,numerical_precision_check
2058.0,3.4145,3.4236123291734195,28.6,28.883904736922773,True,prefix,numerical_precision_check
2059.0,3.4142,3.423239170293067,28.6,28.88549778309425,True,prefix,numerical_precision_check
2060.0,3.4139,3.4228663300698177,28.6,28.887090845690125,True,prefix,numerical_precision_check
2061.0,3.4136,3.422493815051421,28.6,28.88868392471045,True,prefix,numerical_precision_check
2062.0,3.4136,3.4221216317221796,28.6,28.890277020154997,True,prefix,numerical_precision_check
2063.0,3.4133,3.4217497865018736,28.6,28.891870132024053,True,prefix,numerical_precision_check
2064.0,3.413,3.4213782857447668,28.6,28.893463260317446,True,prefix,numerical_precision_check
2065.0,3.4126,3.42100713573857,28.6,28.895056405035177,True,prefix,numerical_precision_check
2066.0,3.412,3.420636342703464,28.6,28.89664956617736,True,prefix,numerical_precision_check
2067.0,3.4117,3.4202659127911215,28.6,28.89824274374388,True,prefix,numerical_precision_check
2068.0,3.4114,3.4198958520837515,28.6,28.899835937734736,True,prefix,numerical_precision_check
2069.0,3.4114,3.419526166593163,28.6,28.901429148149987,True,prefix,numerical_precision_check
2070.0,3.4111,3.4191568622598276,28.6,28.90302237498969,True,prefix,numerical_precision_check
2071.0,3.4108,3.4187879449520135,28.6,28.904615618253672,True,prefix,numerical_precision_check
2072.0,3.4105,3.4184194204648555,28.6,28.90620887794205,True,prefix,numerical_precision_check
2073.0,3.4102,3.4180512945195196,28.6,28.90780215405482,True,prefix,numerical_precision_check
2074.0,3.4102,3.4176835727623507,28.6,28.90939544659193,True,prefix,numerical_precision_check
2075.0,3.4099,3.4173162607640317,28.6,28.91098875555349,True,prefix,numerical_precision_check
2076.0,3.4095,3.4169493640187887,28.6,28.91258208093933,True,prefix,numerical_precision_check
2077.0,3.4092,3.416582887943583,28.6,28.914175422749622,True,prefix,numerical_precision_check
2078.0,3.4089,3.4162168378773514,28.6,28.91576878098431,True,prefix,numerical_precision_check
2079.0,3.4086,3.4158512190802375,28.6,28.917362155643332,True,prefix,numerical_precision_check
2080.0,3.4083,3.4154860367328617,28.6,28.918955546726636,True,prefix,numerical_precision_check
2081.0,3.4083,3.415121295935614,28.6,28.920548954234448,True,prefix,numerical_precision_check
2082.0,3.408,3.414757001707941,28.6,28.922142378166598,True,prefix,numerical_precision_check
2083.0,3.4077,3.4143931589876524,28.6,28.923735818523085,True,prefix,numerical_precision_check
2084.0,3.4074,3.414029772630298,28.6,28.925329275303966,True,prefix,numerical_precision_check
2085.0,3.4071,3.413666847408493,28.8,28.92692274850924,True,prefix,numerical_precision_check
2086.0,3.4068,3.4133043880112943,28.8,28.92851623813891,True,prefix,numerical_precision_check
2087.0,3.4064,3.4129423990436116,28.6,28.93010974419292,True,prefix,numerical_precision_check
2088.0,3.4061,3.4125808854523236,28.6,28.931703472540107,True,prefix,numerical_precision_check
2089.0,3.4061,3.4122198529360013,28.6,28.933298032745597,True,prefix,numerical_precision_check
2090.0,3.4058,3.411859304233681,28.8,28.934892648042535,True,prefix,numerical_precision_check
2091.0,3.4055,3.411499243607972,28.6,28.936487318431034,True,prefix,numerical_precision_check
2092.0,3.4052,3.411139675234546,28.6,28.93808204391098,True,prefix,numerical_precision_check
2093.0,3.4049,3.410780603201674,28.8,28.939676824482376,True,prefix,numerical_precision_check
2094.0,3.4043,3.410422031509724,28.8,28.941271660145333,True,prefix,numerical_precision_check
2095.0,3.404,3.4100639640707144,28.6,28.942866550899623,True,prefix,numerical_precision_check
2096.0,3.4037,3.4097064047078574,28.6,28.944461496745475,True,prefix,numerical_precision_check
2097.0,3.4033,3.409349357155138,28.6,28.946056497682832,True,prefix,numerical_precision_check
2098.0,3.403,3.408992825056899,28.6,28.947651553711637,True,prefix,numerical_precision_check
2099.0,3.4027,3.4086368119674533,28.8,28.94924666483189,True,prefix,numerical_precision_check
2100.0,3.4024,3.4082813213507057,28.6,28.950841831043647,True,prefix,numerical_precision_check
2101.0,3.4021,3.407926356579787,28.6,28.952437052346852,True,prefix,numerical_precision_check
2102.0,3.4021,3.4075719209367192,28.6,28.95403232874156,True,prefix,numerical_precision_check
2103.0,3.4018,3.4072180176120703,28.6,28.95562766022772,True,prefix,numerical_precision_check
2104.0,3.4015,3.4068646497046777,28.8,28.95722304680544,True,prefix,numerical_precision_check
2105.0,3.4012,3.406511820221305,28.6,28.958818488474606,True,prefix,numerical_precision_check
2106.0,3.4009,3.4061595320764146,28.6,28.960413985235164,True,prefix,numerical_precision_check
2107.0,3.4006,3.405807788091843,28.6,28.962009537087283,True,prefix,numerical_precision_check
2108.0,3.4002,3.4054565909966152,28.6,28.963605144030794,True,prefix,numerical_precision_check
2109.0,3.3999,3.405105943426656,28.6,28.965200806065866,True,prefix,numerical_precision_check
2110.0,3.3996,3.4047558479245956,28.8,28.966796523192443,True,prefix,numerical_precision_check
2111.0,3.3993,3.4044063069395594,28.6,28.96839229541041,True,prefix,numerical_precision_check
2112.0,3.3993,3.404057322826968,28.6,28.969988122719883,True,prefix,numerical_precision_check
2113.0,3.399,3.40370889784838,28.8,28.971584005120803,True,prefix,numerical_precision_check
2114.0,3.3987,3.403361034171291,28.6,28.97317994261323,True,prefix,numerical_precision_check
2115.0,3.3984,3.4030137338690087,28.6,28.974775935197158,True,prefix,numerical_precision_check
2116.0,3.3981,3.4026669989205116,28.6,28.976371982872593,True,prefix,numerical_precision_check
2117.0,3.3981,3.402320831210309,28.6,28.97796808563936,True,prefix,numerical_precision_check
2118.0,3.3978,3.4019752325283235,28.5,28.979564243497748,True,prefix,numerical_precision_check
2119.0,3.3975,3.401630204569817,28.6,28.981160456447583,True,prefix,numerical_precision_check
2120.0,3.3971,3.401285748935271,28.8,28.982756724488866,True,prefix,numerical_precision_check
2121.0,3.3968,3.400941867130306,28.6,28.984353047621596,True,prefix,numerical_precision_check
2122.0,3.3962,3.4005985605656313,28.7,28.98594942584583,True,prefix,numerical_precision_check
2123.0,3.3959,3.4002558305569632,28.6,28.98754585916157,True,prefix,numerical_precision_check
2124.0,3.3956,3.399913678325001,28.6,28.98914234756876,True,prefix,numerical_precision_check
2125.0,3.3953,3.399572104995362,28.6,28.99073889106745,True,prefix,numerical_precision_check
2126.0,3.395,3.3992311115985756,28.8,28.99233548965759,True,prefix,numerical_precision_check
2127.0,3.3947,3.3988906990700496,28.7,28.99393214333918,True,prefix,numerical_precision_check
2128.0,3.3944,3.398550868250044,28.7,28.99552885211233,True,prefix,numerical_precision_check
2129.0,3.394,3.3982116198837105,28.7,28.99712561597687,True,prefix,numerical_precision_check
2130.0,3.3937,3.39787295462106,28.8,28.998722434932972,True,prefix,numerical_precision_check
2131.0,3.3937,3.39753487301697,28.8,29.000319308980522,True,prefix,numerical_precision_check
2132.0,3.3934,3.3971973755312384,28.8,29.00191623811952,True,prefix,numerical_precision_check
2133.0,3.3931,3.396860462528591,28.8,29.003513222350023,True,prefix,numerical_precision_check
2134.0,3.3928,3.396524134278699,28.7,29.005110261671973,True,prefix,numerical_precision_check
2135.0,3.3925,3.396188390956257,28.7,29.00670735608543,True,prefix,numerical_precision_check
2136.0,3.3922,3.3958532326409787,28.5,29.00830450559033,True,prefix,numerical_precision_check
2137.0,3.3919,3.3955186593176876,28.8,29.00990171018674,True,prefix,numerical_precision_check
2138.0,3.3916,3.3951846708763576,28.7,29.01149896987465,True,prefix,numerical_precision_check
2139.0,3.3913,3.394851267112159,28.7,29.013096284653955,True,prefix,numerical_precision_check
2140.0,3.3909,3.394518449577281,28.8,29.014694543504334,True,prefix,numerical_precision_check
2141.0,3.3906,3.39418621658839,28.7,29.01629312735878,True,prefix,numerical_precision_check
2142.0,3.3903,3.393854567183938,28.8,29.017891809226853,True,prefix,numerical_precision_check
2143.0,3.39,3.393523500780647,28.8,29.019490589108443,True,prefix,numerical_precision_check
2144.0,3.3897,3.3931930167007756,28.8,29.021089467003776,True,prefix,numerical_precision_check
2145.0,3.3894,3.392863114172234,28.7,29.02268844291268,True,prefix,numerical_precision_check
2146.0,3.3891,3.39253379232865,28.7,29.02428751683516,True,prefix,numerical_precision_check
2147.0,3.3885,3.392205050209453,28.7,29.025886688771322,True,prefix,numerical_precision_check
2148.0,3.3882,3.391876886759954,28.8,29.02748595872106,True,prefix,numerical_precision_check
2149.0,3.3878,3.391549300831409,28.8,29.029085326684424,True,prefix,numerical_precision_check
2150.0,3.3875,3.391222291181147,28.8,29.030684792661418,True,prefix,numerical_precision_check
2151.0,3.3875,3.390895856472608,28.7,29.032284356652042,True,prefix,numerical_precision_check
2152.0,3.3872,3.390569995275449,28.7,29.033884018656295,True,prefix,numerical_precision_check
2153.0,3.3869,3.390244706065618,28.8,29.03548377867412,True,prefix,numerical_precision_check
2154.0,3.3866,3.3899199872254187,28.8,29.03708363670563,True,prefix,numerical_precision_check
2155.0,3.3863,3.389595837043614,28.8,29.038683592750715,True,prefix,numerical_precision_check
2156.0,3.386,3.389272253715472,28.8,29.040283646809485,True,prefix,numerical_precision_check
2157.0,3.3857,3.3889492353428654,28.8,29.04188379888177,True,prefix,numerical_precision_check
2158.0,3.3854,3.3886267799343117,28.8,29.04348404896774,True,prefix,numerical_precision_check
2159.0,3.3851,3.3883048854050606,28.7,29.045084397067285,True,prefix,numerical_precision_check
2160.0,3.3847,3.387983549577136,28.7,29.046684843180515,True,prefix,numerical_precision_check
2161.0,3.3844,3.387662770179395,28.7,29.048285387307374,True,prefix,numerical_precision_check
2162.0,3.3844,3.3873425448475896,28.7,29.049886029447748,True,prefix,numerical_precision_check
2163.0,3.3838,3.387022871124407,28.8,29.051486769601865,True,prefix,numerical_precision_check
2164.0,3.3838,3.386703746459495,28.8,29.053087607769555,True,prefix,numerical_precision_check
2165.0,3.3835,3.3863851682095127,28.7,29.054688543950817,True,prefix,numerical_precision_check
2166.0,3.3829,3.386067133638148,28.8,29.056289578145766,True,prefix,numerical_precision_check
2167.0,3.3826,3.3857496399161473,28.7,29.057890710354286,True,prefix,numerical_precision_check
2168.0,3.382,3.3854326841213,28.8,29.059491940576436,True,prefix,numerical_precision_check
2169.0,3.3816,3.385116263238481,28.8,29.061093268812215,True,prefix,numerical_precision_check
2170.0,3.3816,3.384800374159616,28.9,29.062694695061623,True,prefix,numerical_precision_check
2171.0,3.381,3.3844850136836753,28.7,29.06429621932466,True,prefix,numerical_precision_check
2172.0,3.3807,3.3841701785166727,28.7,29.06589784160127,True,prefix,numerical_precision_check
2173.0,3.3804,3.383855865271595,28.7,29.06749956189151,True,prefix,numerical_precision_check
2174.0,3.3798,3.3835420704683967,28.8,29.069101380195434,True,prefix,numerical_precision_check
2175.0,3.3795,3.3832287905339222,28.8,29.07070329651293,True,prefix,numerical_precision_check
2176.0,3.3792,3.3829160218018592,28.7,29.072305310844058,True,prefix,numerical_precision_check
2177.0,3.3789,3.382603760512657,28.7,29.073907423188814,True,prefix,numerical_precision_check
2178.0,3.3785,3.382292002813441,28.5,29.075509633547142,True,prefix,numerical_precision_check
2179.0,3.3782,3.381980744757923,28.7,29.077111941919156,True,prefix,numerical_precision_check
2180.0,3.3782,3.381669982306272,28.7,29.078714348304686,True,prefix,numerical_precision_check
2181.0,3.3776,3.3813597113250107,28.7,29.08031685270396,True,prefix,numerical_precision_check
2182.0,3.3773,3.381049927586879,28.7,29.08191945511686,True,prefix,numerical_precision_check
2183.0,3.377,3.3807406267706606,28.7,29.08352215554322,True,prefix,numerical_precision_check
2184.0,3.377,3.380431804461042,28.8,29.085124953983325,True,prefix,numerical_precision_check
2185.0,3.3767,3.380123456148437,28.7,29.086727850437,True,prefix,numerical_precision_check
2186.0,3.3764,3.3798155772287815,28.7,29.08833084490442,True,prefix,numerical_precision_check
2187.0,3.3761,3.3795081630033215,28.7,29.089933937385297,True,prefix,numerical_precision_check
2188.0,3.3754,3.3792012086783907,28.7,29.091537127879917,True,prefix,numerical_precision_check
2189.0,3.3754,3.3788947093651984,28.8,29.09314041638811,True,prefix,numerical_precision_check
2190.0,3.3751,3.378588660079518,28.9,29.094743802909875,True,prefix,numerical_precision_check
2191.0,3.3748,3.3782830567350746,28.8,29.09634776202165,True,prefix,numerical_precision_check
2192.0,3.3745,3.377977894849323,28.8,29.097952624699587,True,prefix,numerical_precision_check
2193.0,3.3742,3.377673167564579,28.8,29.099557633539803,True,prefix,numerical_precision_check
2194.0,3.3739,3.3773688695121518,28.9,29.101162788542297,True,prefix,numerical_precision_check
2195.0,3.3736,3.377064995226398,28.9,29.102768089707013,True,prefix,numerical_precision_check
2196.0,3.3733,3.3767615391443564,28.9,29.104373537034007,True,prefix,numerical_precision_check
2197.0,3.373,3.376458495605379,28.7,29.105979130523224,True,prefix,numerical_precision_check
2198.0,3.3727,3.3761558588507357,28.8,29.10758487017472,True,prefix,numerical_precision_check
2199.0,3.3723,3.37585362302317,28.9,29.109190755988436,True,prefix,numerical_precision_check
2200.0,3.3717,3.3755517821664704,28.9,29.110796787964432,True,prefix,numerical_precision_check
2201.0,3.3714,3.3752503302250054,28.9,29.112402966102707,True,prefix,numerical_precision_check
2202.0,3.3711,3.3749492610432403,28.9,29.114009290403146,True,prefix,numerical_precision_check
2203.0,3.3705,3.3746485683652363,28.9,29.115615760865865,True,prefix,numerical_precision_check
2204.0,3.3705,3.3743482458341147,29.0,29.11722237749086,True,prefix,numerical_precision_check
2205.0,3.3702,3.3740482869915116,28.9,29.11882914027808,True,prefix,numerical_precision_check
2206.0,3.3699,3.3737486852770067,28.9,29.120436049227635,True,prefix,numerical_precision_check
2207.0,3.3696,3.373449434027531,28.9,29.122043104339298,True,prefix,numerical_precision_check
2208.0,3.3692,3.3731505264767434,28.9,29.123650305613296,True,prefix,numerical_precision_check
2209.0,3.3689,3.3728519557544,28.9,29.125257653049573,True,prefix,numerical_precision_check
2210.0,3.3686,3.372553714885666,28.9,29.126865146648015,True,prefix,numerical_precision_check
2211.0,3.3683,3.372255796790457,28.9,29.128472786408736,True,prefix,numerical_precision_check
2212.0,3.368,3.3719581942827013,28.9,29.130080572331735,True,prefix,numerical_precision_check
2213.0,3.3677,3.3716609000695987,28.9,29.131688504417014,True,prefix,numerical_precision_check
2214.0,3.3674,3.3713639067508807,28.9,29.133296582664514,True,prefix,numerical_precision_check
2215.0,3.3671,3.371067206817981,28.9,29.134904807074236,True,prefix,numerical_precision_check
2216.0,3.3668,3.370770792653259,28.9,29.13651317764618,True,prefix,numerical_precision_check
2217.0,3.3665,3.3704746565291237,28.9,29.13812169438046,True,prefix,numerical_precision_check
2218.0,3.3661,3.3701787906071834,28.9,29.139730357276903,True,prefix,numerical_precision_check
2219.0,3.3658,3.3698831869373356,28.9,29.14133916633574,True,prefix,numerical_precision_check
2220.0,3.3655,3.3695878374568458,28.9,29.142948121556685,True,prefix,numerical_precision_check
2221.0,3.3652,3.3692927339893997,28.9,29.14455722293991,True,prefix,numerical_precision_check
2222.0,3.3646,3.36899786824412,28.9,29.146166470485355,True,prefix,numerical_precision_check
2223.0,3.3646,3.368703231814534,28.9,29.147775864193136,True,prefix,numerical_precision_check
2224.0,3.364,3.3684088161775882,28.9,29.14938540406314,True,prefix,numerical_precision_check
2225.0,3.3634,3.3681146126925112,28.9,29.150995090095364,True,prefix,numerical_precision_check
2226.0,3.3634,3.367820612599778,29.1,29.152604922289868,True,prefix,numerical_precision_check
2227.0,3.3627,3.3675268070199307,28.9,29.154214900646593,True,prefix,numerical_precision_check
2228.0,3.3624,3.367233186952477,28.9,29.155825025165598,True,prefix,numerical_precision_check
2229.0,3.3621,3.3669397432746417,28.9,29.15743529584688,True,prefix,numerical_precision_check
2230.0,3.3618,3.366646466740191,28.9,29.15904571269033,True,prefix,numerical_precision_check
2231.0,3.3615,3.366353347978172,28.9,29.160656275696113,True,prefix,numerical_precision_check
2232.0,3.3612,3.366060377491613,28.9,29.162266984864118,True,prefix,numerical_precision_check
2233.0,3.3609,3.365767545656235,29.1,29.163877840194345,True,prefix,numerical_precision_check
2234.0,3.3606,3.3654748427190935,28.9,29.16548884168685,True,prefix,numerical_precision_check
2235.0,3.3603,3.3651822587972062,29.1,29.167099989341637,True,prefix,numerical_precision_check
2236.0,3.3599,3.3648897838761425,28.9,29.168711283158586,True,prefix,numerical_precision_check
2237.0,3.3596,3.364597407808568,28.9,29.170322723137872,True,prefix,numerical_precision_check
2238.0,3.3593,3.3643051203127854,28.9,29.17193430927938,True,prefix,numerical_precision_check
2239.0,3.359,3.3640129109712276,29.1,29.17354604158311,True,prefix,numerical_precision_check
2240.0,3.3587,3.3637207692288826,29.1,29.175157920049116,True,prefix,numerical_precision_check
2241.0,3.3584,3.363428684391768,28.9,29.176769944677346,True,prefix,numerical_precision_check
2242.0,3.3578,3.363136645625265,29.1,29.17838211546791,True,prefix,numerical_precision_check
2243.0,3.3575,3.3628446448698557,28.9,29.179995818106647,True,prefix,numerical_precision_check
2244.0,3.3572,3.362552668298466,28.9,29.181609766847203,True,prefix,numerical_precision_check
2245.0,3.3568,3.3622607045493873,29.1,29.183223916420445,True,prefix,numerical_precision_check
2246.0,3.3565,3.361968742208817,28.9,29.184838266826432,True,prefix,numerical_precision_check
2247.0,3.3559,3.361676769713757,28.9,29.186452818065163,True,prefix,numerical_precision_check
2248.0,3.3556,3.3613847753501975,28.9,29.18806757013658,True,prefix,numerical_precision_check
2249.0,3.3553,3.361092747251289,29.1,29.189682523040688,True,prefix,numerical_precision_check
2250.0,3.3547,3.360800673395401,29.1,29.191297676777538,True,prefix,numerical_precision_check
2251.0,3.3547,3.360508541604232,28.9,29.192913031347132,True,prefix,numerical_precision_check
2252.0,3.3544,3.360216339540841,28.9,29.19452858674947,True,prefix,numerical_precision_check
2253.0,3.3537,3.3599240547076366,28.9,29.19614434298444,True,prefix,numerical_precision_check
2254.0,3.3534,3.359631674444318,29.1,29.197760300052153,True,prefix,numerical_precision_check
2255.0,3.3531,3.359339185925874,28.9,29.19937645795261,True,prefix,numerical_precision_check
2256.0,3.3528,3.3590465761603845,29.1,29.200992816685755,True,prefix,numerical_precision_check
2257.0,3.3525,3.3587538319869426,28.9,29.202609376251644,True,prefix,numerical_precision_check
2258.0,3.3522,3.358460940073431,28.9,29.20422613665022,True,prefix,numerical_precision_check
2259.0,3.3519,3.358167886914319,28.9,29.20584309788154,True,prefix,numerical_precision_check
2260.0,3.3516,3.3578746588283988,29.1,29.207460259945606,True,prefix,numerical_precision_check
2261.0,3.3513,3.3575812419565025,28.9,29.209077622842358,True,prefix,numerical_precision_check
2262.0,3.3506,3.3572876222591663,29.1,29.210695186571797,True,prefix,numerical_precision_check
2263.0,3.3503,3.3569937855142498,29.1,29.21231295113398,True,prefix,numerical_precision_check
2264.0,3.35,3.3566997173145467,29.1,29.213930916528852,True,prefix,numerical_precision_check
2265.0,3.3497,3.356405403065345,29.1,29.215549082756525,True,prefix,numerical_precision_check
2266.0,3.3494,3.356110827981936,29.1,29.217167449816884,True,prefix,numerical_precision_check
2267.0,3.3491,3.355815977087109,29.1,29.218786017709874,True,prefix,numerical_precision_check
2268.0,3.3488,3.3555208352086066,28.9,29.220404786435665,True,prefix,numerical_precision_check
2269.0,3.3479,3.355225386976516,28.9,29.222023755994144,True,prefix,numerical_precision_check
2270.0,3.3475,3.3549296168206837,29.1,29.22364292638531,True,prefix,numerical_precision_check
2271.0,3.3472,3.3546335089680035,29.1,29.225262297609277,True,prefix,numerical_precision_check
2272.0,3.3469,3.3543370474397713,29.1,29.22688186966593,True,prefix,numerical_precision_check
2273.0,3.3466,3.3540402160489218,29.1,29.228501642555273,True,prefix,numerical_precision_check
2274.0,3.3463,3.3537429983972773,29.1,29.23012161627736,True,prefix,numerical_precision_check
2275.0,3.346,3.353445377872752,29.1,29.23174179083213,True,prefix,numerical_precision_check
2276.0,3.3457,3.3531473376464893,29.1,29.233362166219592,True,prefix,numerical_precision_check
2277.0,3.3451,3.352848860670033,29.1,29.23498274243991,True,prefix,numerical_precision_check
2278.0,3.3448,3.3525499296723886,29.1,29.23660351949286,True,prefix,numerical_precision_check
2279.0,3.3444,3.3522505271571092,29.1,29.23822449737844,True,prefix,numerical_precision_check
2280.0,3.3441,3.351950635399314,28.9,29.239845676096877,True,prefix,numerical_precision_check
2281.0,3.3438,3.3516502364426937,29.1,29.241467055647945,True,prefix,numerical_precision_check
2282.0,3.3435,3.351349312096468,29.1,29.243088636031757,True,prefix,numerical_precision_check
2283.0,3.3432,3.351047843932334,29.1,29.244710417248257,True,prefix,numerical_precision_check
2284.0,3.3426,3.350745813281359,29.1,29.246332399297557,True,prefix,numerical_precision_check
2285.0,3.3426,3.3504432012308687,28.9,29.24795458217949,True,prefix,numerical_precision_check
2286.0,3.342,3.3501399886212737,29.1,29.249576965894164,True,prefix,numerical_precision_check
2287.0,3.3417,3.349836156042904,29.1,29.251199550441584,True,prefix,numerical_precision_check
2288.0,3.3413,3.3495316838328058,29.1,29.252822335821747,True,prefix,numerical_precision_check
2289.0,3.341,3.3492265520714746,29.1,29.25444532203454,True,prefix,numerical_precision_check
2290.0,3.3401,3.3489207405796217,28.9,29.25606850908008,True,prefix,numerical_precision_check
2291.0,3.3398,3.3486142289148866,29.1,29.257691896958363,True,prefix,numerical_precision_check
2292.0,3.3395,3.3483069963685064,29.1,29.259315485669333,True,prefix,numerical_precision_check
2293.0,3.3392,3.3479990219620026,29.1,29.260939275213047,True,prefix,numerical_precision_check
2294.0,3.3389,3.3476902852819643,29.1,29.262563661373633,True,prefix,numerical_precision_check
2295.0,3.3386,3.3473807647196803,29.1,29.264188605905133,True,prefix,numerical_precision_check
2296.0,3.3379,3.347070437819517,29.1,29.265813802856712,True,prefix,numerical_precision_check
2297.0,3.3376,3.3467592824904187,29.1,29.26743925222837,True,prefix,numerical_precision_check
2298.0,3.3373,3.346447276354651,29.1,29.269064954020052,True,prefix,numerical_precision_check
2299.0,3.337,3.3461343967443677,29.1,29.270690908231757,True,prefix,numerical_precision_check
2300.0,3.3367,3.345820620698143,29.1,29.27231711486354,True,prefix,numerical_precision_check
2301.0,3.3364,3.345505924957531,29.1,29.273943573915403,True,prefix,numerical_precision_check
2302.0,3.3361,3.3451902859635747,29.1,29.27557028538729,True,prefix,numerical_precision_check
2303.0,3.3355,3.3448736798533387,29.1,29.277197249279254,True,prefix,numerical_precision_check
2304.0,3.3351,3.344556082456389,29.1,29.278824465591185,True,prefix,numerical_precision_check
2305.0,3.3348,3.344237469291368,29.1,29.280451934323253,True,prefix,numerical_precision_check
2306.0,3.3345,3.3439178155624307,29.1,29.2820796554754,True,prefix,numerical_precision_check
2307.0,3.3339,3.343597096155806,29.1,29.283707629047512,True,prefix,numerical_precision_check
2308.0,3.3336,3.343275285636294,29.1,29.28533585503976,True,prefix,numerical_precision_check
2309.0,3.3333,3.3429523582437635,29.1,29.286964333452033,True,prefix,numerical_precision_check
2310.0,3.333,3.3426282878897147,29.1,29.288593064284328,True,prefix,numerical_precision_check
2311.0,3.3327,3.342303048153777,29.1,29.2902220475367,True,prefix,numerical_precision_check
2312.0,3.332,3.3419766122803,29.1,29.2918512832091,True,prefix,numerical_precision_check
2313.0,3.3314,3.341648953174868,29.1,29.293480771301574,True,prefix,numerical_precision_check
2314.0,3.3311,3.3413200434009376,29.1,29.29511051181413,True,prefix,numerical_precision_check
2315.0,3.3308,3.340989855176401,29.1,29.29674050474665,True,prefix,numerical_precision_check
2316.0,3.3305,3.3406583603702273,29.1,29.298370750099366,True,prefix,numerical_precision_check
2317.0,3.3302,3.340325530499153,29.1,29.30000124787199,True,prefix,numerical_precision_check
2318.0,3.3299,3.3399913367243204,29.1,29.301631998064806,True,prefix,numerical_precision_check
2319.0,3.3293,3.339655749848044,29.1,29.30326300067759,True,prefix,numerical_precision_check
2320.0,3.3289,3.339318740310565,29.1,29.30489425571045,True,prefix,numerical_precision_check
2321.0,3.3286,3.3389802787615155,29.1,29.30652603364109,True,prefix,numerical_precision_check
2322.0,3.3283,3.3386403350764113,29.1,29.30815841388653,True,prefix,numerical_precision_check
2323.0,3.3277,3.3382988779378535,29.1,29.309791089315638,True,prefix,numerical_precision_check
2324.0,3.3274,3.337955876306365,29.1,29.311424059928413,True,prefix,numerical_precision_check
2325.0,3.3271,3.337611298764937,29.1,29.31305732572497,True,prefix,numerical_precision_check
2326.0,3.3268,3.3372651135160942,29.1,29.314690886705193,True,prefix,numerical_precision_check
2327.0,3.3265,3.3369172883790825,29.3,29.316324742869085,True,prefix,numerical_precision_check
2328.0,3.3258,3.336567790787048,29.1,29.3179588942167,True,prefix,numerical_precision_check
2329.0,3.3255,3.336216587784372,29.1,29.319593340748042,True,prefix,numerical_precision_check
2330.0,3.3252,3.335863646024046,29.1,29.32122808246305,True,prefix,numerical_precision_check
2331.0,3.3246,3.3355089317651285,29.3,29.322863119361784,True,prefix,numerical_precision_check
2332.0,3.324,3.335152410870344,29.1,29.324498451444185,True,prefix,numerical_precision_check
2333.0,3.3237,3.3347940488037056,29.1,29.326134078710368,True,prefix,numerical_precision_check
2334.0,3.3234,3.3344338106283353,29.1,29.32777000116016,True,prefix,numerical_precision_check
2335.0,3.3227,3.334071661004309,29.1,29.32940621879368,True,prefix,numerical_precision_check
2336.0,3.3224,3.333707564186672,29.1,29.331042731610978,True,prefix,numerical_precision_check
2337.0,3.3221,3.3333414840235562,29.1,29.33267953961189,True,prefix,numerical_precision_check
2338.0,3.3218,3.3329733839544438,29.3,29.334316642796523,True,prefix,numerical_precision_check
2339.0,3.3212,3.3326032270085477,29.3,29.335954041164882,True,prefix,numerical_precision_check
2340.0,3.3209,3.3322309758033413,29.1,29.33759173471691,True,prefix,numerical_precision_check
2341.0,3.3203,3.331856592543262,29.1,29.33922972345266,True,prefix,numerical_precision_check
2342.0,3.32,3.331480039018542,29.1,29.340868007372137,True,prefix,numerical_precision_check
2343.0,3.3196,3.331101276604194,29.1,29.342506586475338,True,prefix,numerical_precision_check
2344.0,3.3193,3.3307202662592403,29.1,29.34414546076215,True,prefix,numerical_precision_check
2345.0,3.3187,3.3303369685260313,29.1,29.345784630232686,True,prefix,numerical_precision_check
2346.0,3.3184,3.32995134352981,29.1,29.347424094886946,True,prefix,numerical_precision_check
2347.0,3.3181,3.329563350978458,29.1,29.34906385472499,True,prefix,numerical_precision_check
2348.0,3.3175,3.3291729506106775,29.1,29.35070411998845,True,prefix,numerical_precision_check
2349.0,3.3172,3.328780101698722,29.1,29.35234507774311,True,prefix,numerical_precision_check
2350.0,3.3169,3.3283847619419453,29.1,29.35398637283987,True,prefix,numerical_precision_check
2351.0,3.3162,3.3279868893805253,29.1,29.35562800527856,True,prefix,numerical_precision_check
2352.0,3.3159,3.3275864416392458,29.1,29.357269975059125,True,prefix,numerical_precision_check
2353.0,3.3153,3.3271833759286293,29.1,29.358912282181848,True,prefix,numerical_precision_check
2354.0,3.315,3.3267776490462935,29.1,29.360554926646444,True,prefix,numerical_precision_check
2355.0,3.3144,3.3263692173785873,29.1,29.36219790845297,True,prefix,numerical_precision_check
2356.0,3.3141,3.3259580369025112,29.1,29.36384122760154,True,prefix,numerical_precision_check
2357.0,3.3134,3.325544063187916,29.1,29.36548488409204,True,prefix,numerical_precision_check
2358.0,3.3131,3.3251272514000068,29.1,29.36712887792453,True,prefix,numerical_precision_check
2359.0,3.3128,3.324707556302167,29.1,29.368773209099004,True,prefix,numerical_precision_check
2360.0,3.3125,3.3242849322590646,29.1,29.370417877615466,True,prefix,numerical_precision_check
2361.0,3.3122,3.323859333240132,29.1,29.37206288347386,True,prefix,numerical_precision_check
2362.0,3.3116,3.3234307128233684,29.1,29.373708226674296,True,prefix,numerical_precision_check
2363.0,3.3113,3.3229990241994978,29.1,29.375353907216606,True,prefix,numerical_precision_check
2364.0,3.3107,3.3225642201764654,29.1,29.37699992510096,True,prefix,numerical_precision_check
2365.0,3.3103,3.3221262531843507,29.1,29.378646280327246,True,prefix,numerical_precision_check
2366.0,3.31,3.321685075280642,29.1,29.38029297289563,True,prefix,numerical_precision_check
2367.0,3.3094,3.321240638155905,29.1,29.381940002805834,True,prefix,numerical_precision_check
2368.0,3.3091,3.320792893139868,29.1,29.383587370058137,True,prefix,numerical_precision_check
2369.0,3.3088,3.320341791207935,29.1,29.38523507465237,True,prefix,numerical_precision_check
2370.0,3.3079,3.3198872829881,29.1,29.386883116588535,True,prefix,numerical_precision_check
2371.0,3.3076,3.319429318768355,29.1,29.388531495866687,True,prefix,numerical_precision_check
2372.0,3.3072,3.3189678485044944,29.1,29.390180212486825,True,prefix,numerical_precision_check
2373.0,3.3066,3.3185028218284303,29.1,29.39182926644895,True,prefix,numerical_precision_check
2374.0,3.306,3.3180341880569957,29.1,29.393478657753008,True,prefix,numerical_precision_check
2375.0,3.3057,3.3175618963431073,29.1,29.395128452746746,True,prefix,numerical_precision_check
2376.0,3.3054,3.317085895694491,29.1,29.396778788237214,True,prefix,numerical_precision_check
2377.0,3.3051,3.3166061341805366,29.1,29.39842949602371,True,prefix,numerical_precision_check
2378.0,3.3045,3.3161225599590076,29.1,29.400080577753272,True,prefix,numerical_precision_check
2379.0,3.3041,3.3156351209240835,29.1,29.401732035072996,True,prefix,numerical_precision_check
2380.0,3.3035,3.3151437647182447,29.1,29.403383869629977,True,prefix,numerical_precision_check
2381.0,3.3032,3.3146484387447437,29.1,29.40503608307131,True,prefix,numerical_precision_check
2382.0,3.3029,3.3141490901806363,29.1,29.406688677044087,True,prefix,numerical_precision_check
2383.0,3.3023,3.3136456659904128,29.1,29.408341653195464,True,prefix,numerical_precision_check
2384.0,3.3017,3.313138112940192,29.3,29.409995013172477,True,prefix,numerical_precision_check
2385.0,3.3014,3.3126263776125575,29.3,29.411648758622164,True,prefix,numerical_precision_check
2386.0,3.301,3.312110406421988,29.3,29.413302891191677,True,prefix,numerical_precision_check
2387.0,3.3001,3.311590145630911,29.3,29.414957412528167,True,prefix,numerical_precision_check
2388.0,3.2998,3.3110655413664163,29.1,29.416612324278674,True,prefix,numerical_precision_check
2389.0,3.2992,3.3105365396375706,29.3,29.41826762809029,True,prefix,numerical_precision_check
2390.0,3.2989,3.310003086353434,29.3,29.419923325610114,True,prefix,numerical_precision_check
2391.0,3.2986,3.309465127341715,29.3,29.42157941848518,True,prefix,numerical_precision_check
2392.0,3.2979,3.3089226083681,29.1,29.423235908362756,True,prefix,numerical_precision_check
2393.0,3.2973,3.308375475156261,29.1,29.42489279688965,True,prefix,numerical_precision_check
2394.0,3.297,3.3078236734085564,29.3,29.426550085713245,True,prefix,numerical_precision_check
2395.0,3.2964,3.307267148827427,29.3,29.42820777648052,True,prefix,numerical_precision_check
2396.0,3.2961,3.306705847137467,29.1,29.429865870838512,True,prefix,numerical_precision_check
2397.0,3.2958,3.306139714791469,29.3,29.43152468882664,True,prefix,numerical_precision_check
2398.0,3.2952,3.3055686969948566,29.3,29.433183937195565,True,prefix,numerical_precision_check
2399.0,3.2945,3.3049927393547534,29.3,29.434843466825498,True,prefix,numerical_precision_check
2400.0,3.2942,3.3044117880765596,29.3,29.436503352569503,True,prefix,numerical_precision_check
2401.0,3.2936,3.303825789874144,29.4,29.438163839332105,True,prefix,numerical_precision_check
2402.0,3.2933,3.303234690633333,29.3,29.439824707252512,True,prefix,numerical_precision_check
2403.0,3.2924,3.302638436908648,29.3,29.441485956330666,True,prefix,numerical_precision_check
2404.0,3.2921,3.3020369754792065,29.3,29.443147586566624,True,prefix,numerical_precision_check
2405.0,3.2914,3.301430253377267,29.3,29.444809597960273,True,prefix,numerical_precision_check
2406.0,3.2908,3.300818217917519,29.3,29.446471990511725,True,prefix,numerical_precision_check
2407.0,3.2905,3.300200817181261,29.3,29.448134975602045,True,prefix,numerical_precision_check
2408.0,3.2899,3.299577998903137,29.3,29.449798443541624,True,prefix,numerical_precision_check
2409.0,3.2893,3.2989497113054855,29.1,29.451462337354144,True,prefix,numerical_precision_check
2410.0,3.289,3.298315903139656,29.1,29.45312665703966,True,prefix,numerical_precision_check
2411.0,3.2883,3.297676523596424,29.1,29.45479140259812,True,prefix,numerical_precision_check
2412.0,3.288,3.2970315223394557,29.1,29.456456574029573,True,prefix,numerical_precision_check
2413.0,3.2874,3.296380849539465,29.1,29.458122171334026,True,prefix,numerical_precision_check
2414.0,3.2871,3.2957244559090255,29.1,29.459788194511475,True,prefix,numerical_precision_check
2415.0,3.2865,3.295062292738038,29.1,29.461454643561865,True,prefix,numerical_precision_check
2416.0,3.2862,3.2943943119298225,29.1,29.463121518485252,True,prefix,numerical_precision_check
2417.0,3.2855,3.293720466037803,29.1,29.46478881928158,True,prefix,numerical_precision_check
2418.0,3.2849,3.293040708520821,29.1,29.46645664722979,True,prefix,numerical_precision_check
2419.0,3.2843,3.292354993647528,29.1,29.468125142831923,True,prefix,numerical_precision_check
2420.0,3.2837,3.2916632757022213,29.1,29.469794098976024,True,prefix,numerical_precision_check
2421.0,3.2831,3.2909655102175686,29.1,29.471463515662208,True,prefix,numerical_precision_check
2422.0,3.2828,3.2902616535684124,29.1,29.473133392890475,True,prefix,numerical_precision_check
2423.0,3.2821,3.2895516630117565,29.1,29.474803730660767,True,prefix,numerical_precision_check
2424.0,3.2815,3.2888354967271507,29.3,29.476474528973142,True,prefix,numerical_precision_check
2425.0,3.2809,3.288113113857541,29.3,29.478145787827486,True,prefix,numerical_precision_check
2426.0,3.2806,3.287384474550482,29.3,29.479817507223913,True,prefix,numerical_precision_check
2427.0,3.28,3.286649539999712,29.3,29.481489687162423,True,prefix,numerical_precision_check
2428.0,3.2793,3.2859082724870654,29.3,29.4831623276429,True,prefix,numerical_precision_check
2429.0,3.2787,3.285160635424626,29.3,29.48483542866552,True,prefix,numerical_precision_check
2430.0,3.2781,3.284406593397171,29.3,29.486508990230163,True,prefix,numerical_precision_check
2431.0,3.2778,3.2836461122047735,29.3,29.488183012336833,True,prefix,numerical_precision_check
2432.0,3.2772,3.2828791589055917,29.3,29.489857494985586,True,prefix,numerical_precision_check
2433.0,3.2762,3.2821057018587676,29.3,29.491532438176307,True,prefix,numerical_precision_check
2434.0,3.2756,3.281325710767342,29.3,29.493207841909168,True,prefix,numerical_precision_check
2435.0,3.2753,3.2805391567212587,29.3,29.494883706183998,True,prefix,numerical_precision_check
2436.0,3.2747,3.279746012357181,29.3,29.49656008518076,True,prefix,numerical_precision_check
2437.0,3.2741,3.2789462522193262,29.3,29.49823723460679,True,prefix,numerical_precision_check
2438.0,3.2734,3.278139851227678,29.3,29.49991488196389,True,prefix,numerical_precision_check
2439.0,3.2728,3.2773267864478686,29.3,29.501593027252227,True,prefix,numerical_precision_check
2440.0,3.2722,3.2765070365456013,29.3,29.503271670471634,True,prefix,numerical_precision_check
2441.0,3.2716,3.2756805818285826,29.3,29.50495081162228,True,prefix,numerical_precision_check
2442.0,3.271,3.274847404288005,29.3,29.506630450704165,True,prefix,numerical_precision_check
2443.0,3.2703,3.2740074876396443,29.3,29.508310587717176,True,prefix,numerical_precision_check
2444.0,3.27,3.273160817364464,29.3,29.50999122266137,True,prefix,numerical_precision_check
2445.0,3.2694,3.2723073807485434,29.3,29.51167235553669,True,prefix,numerical_precision_check
2446.0,3.2685,3.271447166922469,29.3,29.51335398634319,True,prefix,numerical_precision_check
2447.0,3.2676,3.27058016689996,29.3,29.515036115080875,True,prefix,numerical_precision_check
2448.0,3.2672,3.2697063736156893,29.3,29.5167187417498,True,prefix,numerical_precision_check
2449.0,3.2666,3.2688257819623145,29.3,29.518401866349848,True,prefix,numerical_precision_check
2450.0,3.266,3.2679383888264986,29.4,29.52008548888108,True,prefix,numerical_precision_check
2451.0,3.2651,3.2670441931240113,29.3,29.521769609343494,True,prefix,numerical_precision_check
2452.0,3.2645,3.26614319583367,29.3,29.523454227737034,True,prefix,numerical_precision_check
2453.0,3.2638,3.2652354000302117,29.3,29.525139344061813,True,prefix,numerical_precision_check
2454.0,3.2635,3.264320810916148,29.3,29.526824958434702,True,prefix,numerical_precision_check
2455.0,3.2626,3.2633994371792534,29.3,29.52851168455004,True,prefix,numerical_precision_check
2456.0,3.262,3.2624712871861616,29.3,29.53019897669708,True,prefix,numerical_precision_check
2457.0,3.2614,3.261536372699343,29.3,29.531886835472676,True,prefix,numerical_precision_check
2458.0,3.2604,3.260594707721456,29.3,29.533575261473743,True,prefix,numerical_precision_check
2459.0,3.2598,3.2596463085197533,29.3,29.535264255297136,True,prefix,numerical_precision_check
2460.0,3.2592,3.2586911936487417,29.3,29.536953817539825,True,prefix,numerical_precision_check
2461.0,3.2586,3.257729383971144,29.4,29.538643948798722,True,prefix,numerical_precision_check
2462.0,3.2579,3.25676090267698,29.3,29.54033464967074,True,prefix,numerical_precision_check
2463.0,3.257,3.255785775300847,29.3,29.542025920752792,True,prefix,numerical_precision_check
2464.0,3.2567,3.254804029737144,29.4,29.543717762641677,True,prefix,numerical_precision_check
2465.0,3.2558,3.2538156962533296,29.4,29.54541017593442,True,prefix,numerical_precision_check
2466.0,3.2552,3.2528208075010534,29.3,29.54710316122788,True,prefix,numerical_precision_check
2467.0,3.2542,3.251819398525121,29.3,29.548796719118968,True,prefix,numerical_precision_check
2468.0,3.2539,3.2508115067702703,29.3,29.55049085020454,True,prefix,numerical_precision_check
2469.0,3.2527,3.2497971720856107,29.4,29.552185555081678,True,prefix,numerical_precision_check
2470.0,3.2521,3.248776436726742,29.3,29.55388083434707,True,prefix,numerical_precision_check
2471.0,3.2514,3.247749345355499,29.3,29.555576688597796,True,prefix,numerical_precision_check
2472.0,3.2508,3.2467159450371765,29.3,29.5572731184306,True,prefix,numerical_precision_check
2473.0,3.2499,3.2456762852353283,29.4,29.55897012444251,True,prefix,numerical_precision_check
2474.0,3.2493,3.2446304178039362,29.4,29.560667707230436,True,prefix,numerical_precision_check
2475.0,3.2486,3.2435783969770853,29.4,29.56236586739118,True,prefix,numerical_precision_check
2476.0,3.248,3.242520279355895,29.4,29.564064605521708,True,prefix,numerical_precision_check
2477.0,3.2471,3.241456123892879,29.3,29.56576392221899,True,prefix,numerical_precision_check
2478.0,3.2465,3.2403859918735636,29.4,29.56746381807983,True,prefix,numerical_precision_check
2479.0,3.2459,3.2393099468953555,29.4,29.569164293701192,True,prefix,numerical_precision_check
2480.0,3.2446,3.238228054843722,29.4,29.570865349680048,True,prefix,numerical_precision_check
2481.0,3.244,3.237140383865563,29.4,29.572566986613083,True,prefix,numerical_precision_check
2482.0,3.2434,3.236047004339802,29.3,29.574269205097437,True,prefix,numerical_precision_check
2483.0,3.2424,3.234947988845219,29.4,29.575972005729966,True,prefix,numerical_precision_check
2484.0,3.2418,3.2338434121254465,29.3,29.57767538910747,True,prefix,numerical_precision_check
2485.0,3.2412,3.232733351051193,29.3,29.579379355826973,True,prefix,numerical_precision_check
2486.0,3.2406,3.231617884579707,29.4,29.581083906485333,True,prefix,numerical_precision_check
2487.0,3.2397,3.2304970937114117,29.4,29.582789041679348,True,prefix,numerical_precision_check
2488.0,3.239,3.229371061443817,29.4,29.58449476200616,True,prefix,numerical_precision_check
2489.0,3.2384,3.228239872722697,29.3,29.586201068062508,True,prefix,numerical_precision_check
2490.0,3.2375,3.2271036143905167,29.4,29.587907960445364,True,prefix,numerical_precision_check
2491.0,3.2366,3.2259623751322564,29.4,29.589615439751526,True,prefix,numerical_precision_check
2492.0,3.2356,3.2248162454184928,29.3,29.591323506578078,True,prefix,numerical_precision_check
2493.0,3.235,3.223665317445979,29.3,29.59303216152182,True,prefix,numerical_precision_check
2494.0,3.2341,3.2225096850756287,29.3,29.594741405179604,True,prefix,numerical_precision_check
2495.0,3.2335,3.2213494437680192,29.4,29.596451238148518,True,prefix,numerical_precision_check
2496.0,3.2328,3.220184690516439,29.4,29.598161661025188,True,prefix,numerical_precision_check
2497.0,3.2319,3.2190155237775877,29.3,29.59987267440681,True,prefix,numerical_precision_check
2498.0,3.2313,3.2178420433999952,29.4,29.601584278890186,True,prefix,numerical_precision_check
2499.0,3.2304,3.216664351149766,29.3,29.603296750408106,True,prefix,numerical_precision_check
2500.0,3.2297,3.215482550332968,29.6,29.605010501523452,True,prefix,numerical_precision_check
2501.0,3.2285,3.214296743162885,29.5,29.606724908598153,True,prefix,numerical_precision_check
2502.0,3.2279,3.2131070342989414,29.5,29.608439973600184,True,prefix,numerical_precision_check
2503.0,3.2269,3.2119135294026164,29.4,29.610155698497408,True,prefix,numerical_precision_check
2504.0,3.2263,3.2107163350537484,29.5,29.6118720852578,True,prefix,numerical_precision_check
2505.0,3.2254,3.2095155586651813,29.6,29.61358913584928,True,prefix,numerical_precision_check
2506.0,3.2245,3.208311308395817,29.5,29.615306852239712,True,prefix,numerical_precision_check
2507.0,3.2235,3.2071036930622205,29.5,29.617025236397012,True,prefix,numerical_precision_check
2508.0,3.2229,3.2058928220488685,29.6,29.618744290289158,True,prefix,numerical_precision_check
2509.0,3.222,3.2046788052171267,29.6,29.62046401588401,True,prefix,numerical_precision_check
2510.0,3.2214,3.2034617528131526,29.5,29.622184415149604,True,prefix,numerical_precision_check
2511.0,3.2201,3.202241775374767,29.5,29.6239054900538,True,prefix,numerical_precision_check
2512.0,3.2192,3.2010189836374594,29.5,29.625627242564462,True,prefix,numerical_precision_check
2513.0,3.2183,3.1997934884396386,29.6,29.627349674649565,True,prefix,numerical_precision_check
2514.0,3.2176,3.198565400627261,29.5,29.62907278827703,True,prefix,numerical_precision_check
2515.0,3.217,3.1973348309579612,29.4,29.630796585414714,True,prefix,numerical_precision_check
2516.0,3.2158,3.196101890004819,29.5,29.632521068030655,True,prefix,numerical_precision_check
2517.0,3.2152,3.1948666880598724,29.5,29.634246238092658,True,prefix,numerical_precision_check
2518.0,3.2142,3.19362933503756,29.5,29.635972097568754,True,prefix,numerical_precision_check
2519.0,3.213,3.192389940378134,29.5,29.63769864842675,True,prefix,numerical_precision_check
2520.0,3.2124,3.1911486129513036,29.6,29.639425892634677,True,prefix,numerical_precision_check
2521.0,3.2114,3.1899054609600674,29.5,29.64115383216034,True,prefix,numerical_precision_check
2522.0,3.2105,3.188660591845056,29.5,29.642882468971777,True,prefix,numerical_precision_check
2523.0,3.2096,3.1874141121893436,29.5,29.64461180503679,True,prefix,numerical_precision_check
2524.0,3.2087,3.186166127623972,29.5,29.64634184232341,True,prefix,numerical_precision_check
2525.0,3.2077,3.184916742734257,29.5,29.648072582799443,True,prefix,numerical_precision_check
2526.0,3.2068,3.1836660609669902,29.5,29.649804028432925,True,prefix,numerical_precision_check
2527.0,3.2059,3.182414184538714,29.5,29.651536181191716,True,prefix,numerical_precision_check
2528.0,3.2046,3.181161214345138,29.5,29.653269043043736,True,prefix,numerical_precision_check
2529.0,3.2037,3.179907249871797,29.5,29.65500261595696,True,prefix,numerical_precision_check
2530.0,3.2028,3.1786523891061464,29.5,29.65673690189925,True,prefix,numerical_precision_check
2531.0,3.2018,3.1773967284510927,29.5,29.658471902838528,True,prefix,numerical_precision_check
2532.0,3.2009,3.176140362640161,29.7,29.66020762074271,True,prefix,numerical_precision_check
2533.0,3.2,3.1748833846543314,29.5,29.661944057579774,True,prefix,numerical_precision_check
2534.0,3.199,3.173625885640701,29.7,29.66368121531758,True,prefix,numerical_precision_check
2535.0,3.1981,3.1723679548329797,29.7,29.66541909592405,True,prefix,numerical_precision_check
2536.0,3.1969,3.1711096794740015,29.5,29.667157701367216,True,prefix,numerical_precision_check
2537.0,3.1956,3.16985114474029,29.7,29.668897033614826,True,prefix,numerical_precision_check
2538.0,3.195,3.1685924336687554,29.7,29.670637094634913,True,prefix,numerical_precision_check
2539.0,3.1941,3.16733362708558,29.7,29.67237788639534,True,prefix,numerical_precision_check
2540.0,3.1932,3.1660748035374153,29.7,29.674119410864137,True,prefix,numerical_precision_check
2541.0,3.1919,3.1648160392248967,29.7,29.675861670009112,True,prefix,numerical_precision_check
2542.0,3.191,3.163557407938583,29.7,29.677604665798185,True,prefix,numerical_precision_check
2543.0,3.1901,3.162298980997311,29.7,29.679348400199274,True,prefix,numerical_precision_check
2544.0,3.1885,3.1610408281687454,29.7,29.681093321860715,True,prefix,numerical_precision_check
2545.0,3.1876,3.15978301542374,29.7,29.682839327785416,True,prefix,numerical_precision_check
2546.0,3.1866,3.1585256056840567,29.7,29.68458612922325,True,prefix,numerical_precision_check
2547.0,3.1854,3.157268659818606,29.7,29.686333729243756,True,prefix,numerical_precision_check
2548.0,3.1845,3.1560122359547615,29.7,29.688082130916314,True,prefix,numerical_precision_check
2549.0,3.1835,3.1547563894323067,29.7,29.689831337310295,True,prefix,numerical_precision_check
2550.0,3.1826,3.1535011727599804,29.7,29.691581351495188,True,prefix,numerical_precision_check
2551.0,3.1817,3.152246635574808,29.7,29.693332176540366,True,prefix,numerical_precision_check
2552.0,3.1801,3.1509928246040024,29.7,29.695083815515147,True,prefix,numerical_precision_check
2553.0,3.1792,3.1497397836296797,29.7,29.696836271488962,True,prefix,numerical_precision_check
2554.0,3.1783,3.148487553456148,29.7,29.698589547531412,True,prefix,numerical_precision_check
2555.0,3.177,3.1472361718799617,29.9,29.700343646711758,True,prefix,numerical_precision_check
2556.0,3.1758,3.145985673662576,29.7,29.702098572099317,True,prefix,numerical_precision_check
2557.0,3.1749,3.144736090505649,29.7,29.703854326763746,True,prefix,numerical_precision_check
2558.0,3.1733,3.143487451029018,29.7,29.70561091377425,True,prefix,numerical_precision_check
2559.0,3.1724,3.142239780751165,29.7,29.707368336200375,True,prefix,numerical_precision_check
2560.0,3.1711,3.1409931020723376,29.9,29.709126597111435,True,prefix,numerical_precision_check
2561.0,3.1699,3.1397474342601277,29.7,29.71088569957692,True,prefix,numerical_precision_check
2562.0,3.169,3.138502793437542,29.9,29.712645646666147,True,prefix,numerical_precision_check
2563.0,3.1677,3.137259192573518,29.7,29.714406441448602,True,prefix,numerical_precision_check
2564.0,3.1665,3.136016641475833,29.9,29.71616808699366,True,prefix,numerical_precision_check
2565.0,3.1653,3.1347751467863243,29.7,29.717930586370755,True,prefix,numerical_precision_check
2566.0,3.164,3.133534711978436,29.9,29.71969394264937,True,prefix,numerical_precision_check
2567.0,3.1631,3.132295337356934,29.9,29.72145815889877,True,prefix,numerical_precision_check
2568.0,3.1615,3.131057020059844,29.9,29.723223238188496,True,prefix,numerical_precision_check
2569.0,3.1606,3.129819754062477,29.9,29.724989183587866,True,prefix,numerical_precision_check
2570.0,3.1594,3.128583530183456,29.9,29.72675599816631,True,prefix,numerical_precision_check
2571.0,3.1581,3.1273483360928105,29.9,29.728523684993263,True,prefix,numerical_precision_check
2572.0,3.1566,3.1261141563218793,29.9,29.73029224713821,True,prefix,numerical_precision_check
2573.0,3.1556,3.1248809722751134,29.7,29.73206168767041,True,prefix,numerical_precision_check
2574.0,3.1544,3.12364876224363,29.9,29.733832009659352,True,prefix,numerical_precision_check
2575.0,3.1532,3.122417501420452,29.9,29.735603216174468,True,prefix,numerical_precision_check
2576.0,3.1519,3.1211871619173563,29.9,29.737375310285188,True,prefix,numerical_precision_check
2577.0,3.1507,3.1199577127833438,29.9,29.73914829506083,True,prefix,numerical_precision_check
2578.0,3.1494,3.118729120024461,29.9,29.74092217357088,True,prefix,numerical_precision_check
2579.0,3.1482,3.117501346625108,29.9,29.742696948884713,True,prefix,numerical_precision_check
2580.0,3.147,3.1162743525706507,29.9,29.744472624071705,True,prefix,numerical_precision_check
2581.0,3.1457,3.115048094871227,29.9,29.746249202201398,True,prefix,numerical_precision_check
2582.0,3.1445,3.113822527586807,29.9,29.748026686343167,True,prefix,numerical_precision_check
2583.0,3.1429,3.112597601853243,29.9,29.74980507956633,True,prefix,numerical_precision_check
2584.0,3.142,3.111373265909421,29.9,29.75158438494026,True,prefix,numerical_precision_check
2585.0,3.1405,3.1101494651252963,29.9,29.753364605534614,True,prefix,numerical_precision_check
2586.0,3.1392,3.108926142030826,29.9,29.75514574441854,True,prefix,numerical_precision_check
2587.0,3.138,3.1077032363456887,29.9,29.756927804661643,True,prefix,numerical_precision_check
2588.0,3.1364,3.106480685009685,29.9,29.75871078933318,True,prefix,numerical_precision_check
2589.0,3.1352,3.1052584235840643,29.9,29.760495321717485,True,prefix,numerical_precision_check
2590.0,3.1336,3.104036382429989,30.1,29.762280900996416,True,prefix,numerical_precision_check
2591.0,3.1321,3.1028144901833734,29.9,29.76406746096137,True,prefix,numerical_precision_check
2592.0,3.1308,3.1015926729830086,29.9,29.765855005691435,True,prefix,numerical_precision_check
2593.0,3.1296,3.1003708543482538,29.9,29.767643539265634,True,prefix,numerical_precision_check
2594.0,3.1284,3.0991489552122697,30.1,29.76943306576328,True,prefix,numerical_precision_check
2595.0,3.1268,3.0979268939555284,30.1,29.771223589263343,True,prefix,numerical_precision_check
2596.0,3.1253,3.0967045864394964,30.1,29.77301511384502,True,prefix,numerical_precision_check
2597.0,3.124,3.095481946040387,30.1,29.774807643587394,True,prefix,numerical_precision_check
2598.0,3.1225,3.0942588836830125,30.1,29.77660118256955,True,prefix,numerical_precision_check
2599.0,3.1212,3.093035307874595,30.1,29.778395734870685,True,prefix,numerical_precision_check
2600.0,3.1197,3.091811124738554,30.1,29.780191304569826,True,prefix,numerical_precision_check
2601.0,3.1184,3.0905862380481444,30.1,29.781987895746283,True,prefix,numerical_precision_check
2602.0,3.1166,3.089360549259946,30.1,29.783785512479028,True,prefix,numerical_precision_check
2603.0,3.1153,3.0881339575471105,30.1,29.785584158847143,True,prefix,numerical_precision_check
2604.0,3.1138,3.0869063598323985,30.1,29.787383838929827,True,prefix,numerical_precision_check
2605.0,3.1122,3.0856776508208146,30.1,29.789184556806163,True,prefix,numerical_precision_check
2606.0,3.111,3.0844477230319702,30.1,29.790986316555347,True,prefix,numerical_precision_check
2607.0,3.1091,3.0832164668319764,30.1,29.79278912225641,True,prefix,numerical_precision_check
2608.0,3.1079,3.0819837704649458,30.1,29.794592977988543,True,prefix,numerical_precision_check
2609.0,3.1067,3.0807495200839714,30.1,29.796397887830835,True,prefix,numerical_precision_check
2610.0,3.1051,3.0795135997816026,30.3,29.79820385586237,True,prefix,numerical_precision_check
2611.0,3.1036,3.0782758916197737,30.1,29.800010886162283,True,prefix,numerical_precision_check
2612.0,3.1023,3.077036275659138,30.1,29.801818982809834,True,prefix,numerical_precision_check
2613.0,3.1005,3.0757946299877466,30.3,29.80362814988399,True,prefix,numerical_precision_check
2614.0,3.0989,3.0745508307491516,30.1,29.805438391463838,True,prefix,numerical_precision_check
2615.0,3.0974,3.0733047521697525,30.1,29.80724971162857,True,prefix,numerical_precision_check
2616.0,3.0958,3.0720562665854803,30.1,29.80906211445739,True,prefix,numerical_precision_check
2617.0,3.0943,3.0708052444677456,30.1,29.81087560402932,True,prefix,numerical_precision_check
2618.0,3.0924,3.0695515544486143,30.1,29.812690184423445,True,prefix,numerical_precision_check
2619.0,3.0908,3.068295063345241,30.1,29.81450585971902,True,prefix,numerical_precision_check
2620.0,3.0893,3.0670356361834563,30.1,29.81632263399507,True,prefix,numerical_precision_check
2621.0,3.0877,3.0657731362206215,30.1,29.818140511330682,True,prefix,numerical_precision_check
2622.0,3.0859,3.064507424967553,30.1,29.81995949580505,True,prefix,numerical_precision_check
2623.0,3.0843,3.06323836220969,30.3,29.821779591497318,True,prefix,numerical_precision_check
2624.0,3.0828,3.0619658060273403,30.3,29.82360080248651,True,prefix,numerical_precision_check
2625.0,3.0812,3.06068961281511,30.3,29.825423132851824,True,prefix,numerical_precision_check
2626.0,3.0797,3.0594096373003943,30.3,29.82724658667229,True,prefix,numerical_precision_check
2627.0,3.0778,3.058125732561,30.3,29.829071168027212,True,prefix,numerical_precision_check
2628.0,3.0763,3.056837750041892,30.3,29.83089688099551,True,prefix,numerical_precision_check
2629.0,3.0747,3.05554553957099,30.3,29.832723729656436,True,prefix,numerical_precision_check
2630.0,3.0732,3.0542489493740588,30.3,29.834551718089017,True,prefix,numerical_precision_check
2631.0,3.0716,3.052947826088716,30.3,29.836380850372393,True,prefix,numerical_precision_check
2632.0,3.0695,3.0516420147774506,30.3,29.83821113058582,True,prefix,numerical_precision_check
2633.0,3.0679,3.0503313593119756,30.3,29.840042730050925,True,prefix,numerical_precision_check
2634.0,3.0667,3.0490157028975737,30.3,29.841876217743675,True,prefix,numerical_precision_check
2635.0,3.0651,3.047694884443119,30.3,29.84371092479438,True,prefix,numerical_precision_check
2636.0,3.0633,3.046368742825532,30.3,29.845546856572014,True,prefix,numerical_precision_check
2637.0,3.0614,3.0450371153979616,30.3,29.847384018445325,True,prefix,numerical_precision_check
2638.0,3.0598,3.0436998379972255,30.3,29.84922241578306,True,prefix,numerical_precision_check
2639.0,3.058,3.0423567449503635,30.3,29.851062053954195,True,prefix,numerical_precision_check
2640.0,3.0564,3.0410076690802637,30.3,29.852902938327418,True,prefix,numerical_precision_check
2641.0,3.0549,3.0396524417103166,30.3,29.854745074271534,True,prefix,numerical_precision_check
2642.0,3.0527,3.0382908926682513,30.3,29.85658846715546,True,prefix,numerical_precision_check
2643.0,3.0512,3.036922850288933,30.5,29.858433122348004,True,prefix,numerical_precision_check
2644.0,3.0496,3.035548141416351,30.3,29.860279045217908,True,prefix,numerical_precision_check
2645.0,3.0481,3.0341665914046474,30.3,29.86212624113398,True,prefix,numerical_precision_check
2646.0,3.0459,3.032778024118273,30.3,29.863974715465133,True,prefix,numerical_precision_check
2647.0,3.0443,3.031382261931219,30.3,29.865824473580176,True,prefix,numerical_precision_check
2648.0,3.0428,3.0299791257254065,30.3,29.867675520847797,True,prefix,numerical_precision_check
2649.0,3.0409,3.028568434888166,30.3,29.869527862636915,True,prefix,numerical_precision_check
2650.0,3.0391,3.027150007308824,30.3,29.871381504316332,True,prefix,numerical_precision_check
2651.0,3.0372,3.0257236593745085,30.3,29.873236451254854,True,prefix,numerical_precision_check
2652.0,3.0357,3.0242892059649913,30.3,29.87509270882134,True,prefix,numerical_precision_check
2653.0,3.0338,3.0228464604467518,30.3,29.87695028238454,True,prefix,numerical_precision_check
2654.0,3.0319,3.0213952346661515,30.3,29.878809177313315,True,prefix,numerical_precision_check
2655.0,3.0301,3.0199353389418397,30.3,29.880669398976465,True,prefix,numerical_precision_check
2656.0,3.0282,3.0184665820562677,30.3,29.882530952742798,True,prefix,numerical_precision_check
2657.0,3.0264,3.016988771246415,30.3,29.884393843981172,True,prefix,numerical_precision_check
2658.0,3.0245,3.0155017121937107,30.5,29.886258078060393,True,prefix,numerical_precision_check
2659.0,3.0233,3.014005209013147,30.3,29.88812366034921,True,prefix,numerical_precision_check
2660.0,3.0211,3.0124990642415974,30.5,29.889990596216535,True,prefix,numerical_precision_check
2661.0,3.0192,3.0109830788253737,30.3,29.89185889103112,True,prefix,numerical_precision_check
2662.0,3.0177,3.009457052106973,30.3,29.893728550161825,True,prefix,numerical_precision_check
2663.0,3.0158,3.007920781811078,30.5,29.895599578977397,True,prefix,numerical_precision_check
2664.0,3.0137,3.006374064029815,30.5,29.897471982846696,True,prefix,numerical_precision_check
2665.0,3.0118,3.0048166932072533,30.5,29.899345767138527,True,prefix,numerical_precision_check
2666.0,3.0102,3.003248462123119,30.5,29.901220937221808,True,prefix,numerical_precision_check
2667.0,3.0084,3.0016691618758453,30.5,29.903097498465172,True,prefix,numerical_precision_check
2668.0,3.0062,3.0000785818648765,30.5,29.904975456237594,True,prefix,numerical_precision_check
2669.0,3.0044,2.9984765097722104,30.5,29.90685481590782,True,prefix,numerical_precision_check
2670.0,3.0025,2.9968627315432967,30.5,29.908735582844656,True,prefix,numerical_precision_check
2671.0,3.0009,2.9952370313671874,30.5,29.91061776241702,True,prefix,numerical_precision_check
2672.0,2.9991,2.993599191656026,30.5,29.91250135999354,True,prefix,numerical_precision_check
2673.0,2.9969,2.9919489930238186,30.5,29.914386380943256,True,prefix,numerical_precision_check
2674.0,2.9951,2.990286214264548,30.5,29.91627283063474,True,prefix,numerical_precision_check
2675.0,2.9932,2.9886106323295984,30.5,29.918160714437022,True,prefix,numerical_precision_check
2676.0,2.9913,2.9869220223045527,30.5,29.920050037718795,True,prefix,numerical_precision_check
2677.0,2.9892,2.985220157385266,30.5,29.921940805848976,True,prefix,numerical_precision_check
2678.0,2.987,2.9835048103573545,30.7,29.923833694953828,True,prefix,numerical_precision_check
2679.0,2.9851,2.9817757507671465,30.7,29.925728801112427,True,prefix,numerical_precision_check
2680.0,2.9833,2.9800327444931365,30.5,29.927625461284038,True,prefix,numerical_precision_check
2681.0,2.9811,2.97827555692508,30.7,29.929523682852107,True,prefix,numerical_precision_check
2682.0,2.9792,2.9765039514339033,30.7,29.931423473199857,True,prefix,numerical_precision_check
2683.0,2.9774,2.9747176893439735,30.7,29.933324839710792,True,prefix,numerical_precision_check
2684.0,2.9755,2.972916529904736,30.7,29.935227789768078,True,prefix,numerical_precision_check
2685.0,2.9734,2.9711002302618095,30.7,29.93713233075522,True,prefix,numerical_precision_check
2686.0,2.9715,2.969268545427365,30.7,29.939038470055436,True,prefix,numerical_precision_check
2687.0,2.9693,2.9674212282499854,30.7,29.94094621505218,True,prefix,numerical_precision_check
2688.0,2.9671,2.965558029383869,30.7,29.94285557312884,True,prefix,numerical_precision_check
2689.0,2.965,2.963678697257467,30.7,29.94476655166858,True,prefix,numerical_precision_check
2690.0,2.9631,2.9617829780415073,30.7,29.946679158054962,True,prefix,numerical_precision_check
2691.0,2.9609,2.9598706156164285,30.7,29.948593399671267,True,prefix,numerical_precision_check
2692.0,2.9588,2.9579413515392248,30.7,29.950509283900715,True,prefix,numerical_precision_check
2693.0,2.9566,2.9559949250097204,30.5,29.952426818126867,True,prefix,numerical_precision_check
2694.0,2.9547,2.954031072836217,30.7,29.954346009732944,True,prefix,numerical_precision_check
2695.0,2.9526,2.9520495294006217,30.5,29.956266866102283,True,prefix,numerical_precision_check
2696.0,2.9504,2.950050026622912,30.7,29.958189394618387,True,prefix,numerical_precision_check
2697.0,2.9479,2.9480322939251233,30.7,29.96011360266442,True,prefix,numerical_precision_check
2698.0,2.9461,2.9459960581946505,30.7,29.962039497623778,True,prefix,numerical_precision_check
2699.0,2.9439,2.943941043747067,30.7,29.963967086879904,True,prefix,numerical_precision_check
2700.0,2.9414,2.9418669722883,30.7,29.96589637781608,True,prefix,numerical_precision_check
2701.0,2.9392,2.939773562876274,30.7,29.967827377815695,True,prefix,numerical_precision_check
2702.0,2.9374,2.9376605318819418,30.7,29.96976009426203,True,prefix,numerical_precision_check
2703.0,2.9349,2.9355275929497764,30.9,29.97169453453847,True,prefix,numerical_precision_check
2704.0,2.9327,2.9333744569576723,30.7,29.973630706028416,True,prefix,numerical_precision_check
2705.0,2.9306,2.931200831976248,30.7,29.975568616115197,True,prefix,numerical_precision_check
2706.0,2.9284,2.929006423227607,30.7,29.977508272182092,True,prefix,numerical_precision_check
2707.0,2.9259,2.926790933043519,30.7,29.97944968161255,True,prefix,numerical_precision_check
2708.0,2.9234,2.9245540608229774,30.7,29.98139285178985,True,prefix,numerical_precision_check
2709.0,2.9213,2.922295502989234,30.7,29.983337790097323,True,prefix,numerical_precision_check
2710.0,2.9188,2.9200149529462056,30.7,29.98528450391848,True,prefix,numerical_precision_check
2711.0,2.9163,2.9177121010343257,30.7,29.98723300063648,True,prefix,numerical_precision_check
2712.0,2.9141,2.9153866344857984,30.7,29.989183287634773,True,prefix,numerical_precision_check
2713.0,2.9117,2.9130382373792485,30.7,29.991135372296696,True,prefix,numerical_precision_check
2714.0,2.9092,2.9106665905937987,30.7,29.99308926200564,True,prefix,numerical_precision_check
2715.0,2.907,2.9082713717625466,30.7,29.995044964144824,True,prefix,numerical_precision_check
2716.0,2.9045,2.9058522552254415,30.7,29.9970024860977,True,prefix,numerical_precision_check
2717.0,2.9017,2.9034089119815483,30.7,29.9989618352476,True,prefix,numerical_precision_check
2718.0,2.8993,2.9009410096406985,30.9,30.000923018977915,True,prefix,numerical_precision_check
2719.0,2.8971,2.898448212374591,30.9,30.002886044671982,True,prefix,numerical_precision_check
2720.0,2.8943,2.895930180867188,30.9,30.004850919713135,True,prefix,numerical_precision_check
2721.0,2.8918,2.8933865722645447,30.9,30.006817651484653,True,prefix,numerical_precision_check
2722.0,2.889,2.8908170401240105,30.9,30.008786247369983,True,prefix,numerical_precision_check
2723.0,2.8865,2.888221236230196,30.9,30.010757541581313,True,prefix,numerical_precision_check
2724.0,2.8838,2.8855988056651465,30.7,30.012731035135744,True,prefix,numerical_precision_check
2725.0,2.8813,2.8829493904485477,31.0,30.0147065314884,True,prefix,numerical_precision_check
2726.0,2.8785,2.880272629271994,30.9,30.01668404231566,True,prefix,numerical_precision_check
2727.0,2.876,2.8775681569747995,30.7,30.01866357929407,True,prefix,numerical_precision_check
2728.0,2.8732,2.87483560448932,30.9,30.02064515409984,True,prefix,numerical_precision_check
2729.0,2.8707,2.8720745987855962,30.9,30.02262877840957,True,prefix,numerical_precision_check
2730.0,2.8676,2.8692847628153935,30.9,30.02461446389958,True,prefix,numerical_precision_check
2731.0,2.8652,2.866465715455464,30.9,30.026602222246368,True,prefix,numerical_precision_check
2732.0,2.8621,2.863617071450199,31.0,30.02859206512619,True,prefix,numerical_precision_check
2733.0,2.8596,2.860738441353549,30.9,30.030584004215598,True,prefix,numerical_precision_check
2734.0,2.8565,2.8578294314702477,30.9,30.03257805119091,True,prefix,numerical_precision_check
2735.0,2.8534,2.854889643796335,30.9,30.03457421772856,True,prefix,numerical_precision_check
2736.0,2.8506,2.8519186759589474,31.0,30.036572515505043,True,prefix,numerical_precision_check
2737.0,2.8475,2.848916121155389,31.0,30.038572956196674,True,prefix,numerical_precision_check
2738.0,2.8447,2.8458815680914475,31.0,30.04057555147989,True,prefix,numerical_precision_check
2739.0,2.8416,2.8428146009190147,30.9,30.042580313031124,True,prefix,numerical_precision_check
2740.0,2.8382,2.839714799172872,31.0,30.04458725252681,True,prefix,numerical_precision_check
2741.0,2.8354,2.8365817377067777,31.0,30.046596381643212,True,prefix,numerical_precision_check
2742.0,2.8323,2.8334149866287475,31.0,30.04860771205699,True,prefix,numerical_precision_check
2743.0,2.8289,2.8302141112355494,31.0,30.050621255444355,True,prefix,numerical_precision_check
2744.0,2.8258,2.826978671946426,30.9,30.052637023481793,True,prefix,numerical_precision_check
2745.0,2.8227,2.8237082242359586,31.0,30.054655027845683,True,prefix,numerical_precision_check
2746.0,2.8196,2.8204023185661775,31.0,30.056675280212517,True,prefix,numerical_precision_check
2747.0,2.8162,2.817060500317775,31.0,30.058697792258556,True,prefix,numerical_precision_check
2748.0,2.8128,2.81368230972054,31.0,30.060722575660407,True,prefix,numerical_precision_check
2749.0,2.8097,2.8102672820253165,30.9,30.062749749026523,True,prefix,numerical_precision_check
2750.0,2.8059,2.806814948700387,31.0,30.06478009688368,True,prefix,numerical_precision_check
2751.0,2.8025,2.803324832347199,31.0,30.0668128591567,True,prefix,numerical_precision_check
2752.0,2.7991,2.799796451887504,31.0,30.06884805140936,True,prefix,numerical_precision_check
2753.0,2.7957,2.796229320731074,31.0,30.07088568920568,True,prefix,numerical_precision_check
2754.0,2.7917,2.7926229467007864,31.0,30.072925788109274,True,prefix,numerical_precision_check
2755.0,2.7886,2.7889768319567323,31.0,30.074968363684036,True,prefix,numerical_precision_check
2756.0,2.7852,2.785290472919447,31.0,30.077013431493754,True,prefix,numerical_precision_check
2757.0,2.7814,2.7815633601921212,31.0,30.07906100710221,True,prefix,numerical_precision_check
2758.0,2.7777,2.777794978481838,31.0,30.08111110607331,True,prefix,numerical_precision_check
2759.0,2.7737,2.7739848065198394,31.0,30.083163743970715,True,prefix,numerical_precision_check
2760.0,2.77,2.770132316980734,31.0,30.085218936358388,True,prefix,numerical_precision_check
2761.0,2.7659,2.766236976400742,31.0,30.087276698800054,True,prefix,numerical_precision_check
2762.0,2.7622,2.7622982450948173,31.0,30.08933704685961,True,prefix,numerical_precision_check
2763.0,2.7582,2.758315577072762,31.0,30.091399996100733,True,prefix,numerical_precision_check
2764.0,2.7542,2.754288419954221,31.0,30.09346556208726,True,prefix,numerical_precision_check
2765.0,2.7501,2.7502162148826055,31.0,30.095533760383034,True,prefix,numerical_precision_check
2766.0,2.7461,2.74609839643787,31.2,30.097604606551954,True,prefix,numerical_precision_check
2767.0,2.7418,2.741934392548167,31.0,30.09967811615769,True,prefix,numerical_precision_check
2768.0,2.7377,2.73772362440031,31.2,30.1017543047642,True,prefix,numerical_precision_check
2769.0,2.7331,2.7334655063491073,31.0,30.103833187935095,True,prefix,numerical_precision_check
2770.0,2.7291,2.729159445825429,31.0,30.105914781234333,True,prefix,numerical_precision_check
2771.0,2.7241,2.724804843243104,31.2,30.107999100225697,True,prefix,numerical_precision_check
2772.0,2.7194,2.72040109190452,31.2,30.110086160472974,True,prefix,numerical_precision_check
2773.0,2.7148,2.7159475779049895,31.2,30.112175977540005,True,prefix,numerical_precision_check
2774.0,2.7105,2.7114436800358024,31.2,30.114268566990575,True,prefix,numerical_precision_check
2775.0,2.7055,2.7068887696859436,31.2,30.116363944388524,True,prefix,numerical_precision_check
2776.0,2.7005,2.7022822121225225,31.2,30.118462731864724,True,prefix,numerical_precision_check
2777.0,2.6953,2.697623364257143,31.2,30.120565220514493,True,prefix,numerical_precision_check
2778.0,2.6906,2.69291157302448,31.2,30.12267070309531,True,prefix,numerical_precision_check
2779.0,2.6853,2.688146179207292,31.2,30.12477920083637,True,prefix,numerical_precision_check
2780.0,2.6801,2.683326515673931,31.2,30.126890734967333,True,prefix,numerical_precision_check
2781.0,2.6748,2.6784519072715582,31.2,30.12900532671773,True,prefix,numerical_precision_check
2782.0,2.6695,2.673521670717875,31.2,30.131122997316936,True,prefix,numerical_precision_check
2783.0,2.664,2.6685351144912546,31.2,30.13324376799443,True,prefix,numerical_precision_check
2784.0,2.6584,2.6634915387192937,31.2,30.13536765997992,True,prefix,numerical_precision_check
2785.0,2.6525,2.6583902350657764,31.2,30.137494694502664,True,prefix,numerical_precision_check
2786.0,2.6466,2.653230486615925,31.4,30.139624892792312,True,prefix,numerical_precision_check
2787.0,2.6407,2.6480115677600162,31.4,30.141758276078292,True,prefix,numerical_precision_check
2788.0,2.6348,2.642732744075203,31.2,30.143894865590198,True,prefix,numerical_precision_check
2789.0,2.6286,2.6373932722055775,31.4,30.1460346825574,True,prefix,numerical_precision_check
2790.0,2.6224,2.6319923997404766,31.2,30.148177748209434,True,prefix,numerical_precision_check
2791.0,2.6159,2.626529365090814,31.2,30.150324083775843,True,prefix,numerical_precision_check
2792.0,2.6097,2.6210033973636033,31.2,30.152473710486106,True,prefix,numerical_precision_check
2793.0,2.6029,2.615413716234473,31.4,30.154626649569593,True,prefix,numerical_precision_check
2794.0,2.5964,2.6097595318182147,31.4,30.156782922256014,True,prefix,numerical_precision_check
2795.0,2.5892,2.604040044537233,31.2,30.158942549774792,True,prefix,numerical_precision_check
2796.0,2.5824,2.5982544449879312,31.2,30.161105553355355,True,prefix,numerical_precision_check
2797.0,2.5753,2.5924019138049097,31.4,30.163271954227298,True,prefix,numerical_precision_check
2798.0,2.5682,2.5864816215229283,31.4,30.16544177361999,True,prefix,numerical_precision_check
2799.0,2.561,2.58049272843665,31.4,30.16761503276308,True,prefix,numerical_precision_check
2800.0,2.5536,2.574434384457926,31.4,30.169791752885942,True,prefix,numerical_precision_check
2801.0,2.5455,2.5683057289707913,31.4,30.171971955218112,True,prefix,numerical_precision_check
2802.0,2.5384,2.562105890683883,31.4,30.17415566098913,True,prefix,numerical_precision_check
2803.0,2.5306,2.5558339878732586,31.4,30.176343063666422,True,prefix,numerical_precision_check
2804.0,2.5226,2.5494891275183917,31.4,30.178534217128345,True,prefix,numerical_precision_check
2805.0,2.5145,2.543070405351007,31.4,30.180729125237235,True,prefix,numerical_precision_check
2806.0,2.5058,2.536576905888033,31.4,30.182927825673403,True,prefix,numerical_precision_check
2807.0,2.4978,2.5300077021933385,31.4,30.18513035611727,True,prefix,numerical_precision_check
