time_s,measured_voltage_V,predicted_voltage_V,measured_temperature_C,predicted_temperature_C,covered,split,prediction_kind
0.0,4.1145,4.0384838679403146,24.8,24.80000000000001,True,prefix,full_fit
1.0,4.1145,4.0355659603242335,24.8,24.802371376373287,True,prefix,full_fit
2.0,4.1083,4.032749677989684,24.8,24.80473785541659,True,prefix,full_fit
3.0,4.1037,4.030050840472841,24.8,24.807100532456218,True,prefix,full_fit
4.0,4.0997,4.02747329809668,24.7,24.809460121809252,True,prefix,full_fit
5.0,4.0966,4.025015169657577,24.8,24.81181712027461,True,prefix,full_fit
6.0,4.0935,4.022671885352187,24.8,24.814171892070476,True,prefix,full_fit
7.0,4.0907,4.0204376674734394,24.8,24.816524714169077,True,prefix,full_fit
8.0,4.0882,4.01830638692251,24.9,24.818875806507435,True,prefix,full_fit
9.0,4.086,4.016271917651639,24.7,24.821225347380164,True,prefix,full_fit
10.0,4.0838,4.014328331491686,24.8,24.82357348365798,True,prefix,full_fit
11.0,4.0817,4.012470002470122,24.8,24.82592033791758,True,prefix,full_fit
12.0,4.0801,4.010691659533995,24.7,24.82826601411375,True,prefix,full_fit
13.0,4.0783,4.008988397950796,24.7,24.830610601594117,True,prefix,full_fit
14.0,4.0767,4.007355657689529,24.8,24.832954176851842,True,prefix,full_fit
15.0,4.0749,4.005789210623955,24.7,24.8352968054827,True,prefix,full_fit
16.0,4.0733,4.004285147894115,24.7,24.837638544198512,True,prefix,full_fit
17.0,4.0718,4.002839858252917,24.7,24.839979442132062,True,prefix,full_fit
18.0,4.0705,4.001450004866267,24.7,24.84231954203875,True,prefix,full_fit
19.0,4.069,4.000112504469088,24.7,24.844658881077294,True,prefix,full_fit
20.0,4.0674,3.9988245053284333,24.7,24.846997491320224,True,prefix,full_fit
21.0,4.0662,3.997583368634426,24.8,24.84933540074286,True,prefix,full_fit
22.0,4.0649,3.9963866499550984,24.8,24.851672633245983,True,prefix,full_fit
23.0,4.0637,3.9952320844749893,24.7,24.854009209427147,True,prefix,full_fit
24.0,4.0625,3.994117571421234,24.7,24.85634514687314,True,prefix,full_fit
25.0,4.0612,3.993041160034877,24.8,24.85868046060233,True,prefix,full_fit
26.0,4.0597,3.9920010345527,24.9,24.86101516348566,True,prefix,full_fit
27.0,4.0587,3.990995509539116,24.8,24.86334926583413,True,prefix,full_fit
28.0,4.0578,3.9900230032812276,24.8,24.865682777232678,True,prefix,full_fit
29.0,4.0566,3.9890820542310066,24.7,24.868015704100685,True,prefix,full_fit
30.0,4.0559,3.9881712811186474,25.0,24.87034805289028,True,prefix,full_fit
31.0,4.0547,3.9872894014933578,24.9,24.87267982781316,True,prefix,full_fit
32.0,4.0538,3.9864352119993973,24.9,24.875011031969052,True,prefix,full_fit
33.0,4.0528,3.9856075806381734,24.9,24.87734166767558,True,prefix,full_fit
34.0,4.0516,3.984805450896183,24.9,24.87967173588237,True,prefix,full_fit
35.0,4.0507,3.9840278224478984,24.8,24.882001236986184,True,prefix,full_fit
36.0,4.0497,3.983273759359167,24.9,24.884330170471856,True,prefix,full_fit
37.0,4.0488,3.9825423743339488,24.9,24.886658535289598,True,prefix,full_fit
38.0,4.0479,3.9818328326831867,24.8,24.888986329679994,True,prefix,full_fit
39.0,4.0473,3.981144343810155,24.7,24.891313551453436,True,prefix,full_fit
40.0,4.0463,3.980476160921536,24.8,24.893640197825107,True,prefix,full_fit
41.0,4.0454,3.979827579197363,24.7,24.89596626536337,True,prefix,full_fit
42.0,4.0448,3.979197922048582,24.9,24.89829175080166,True,prefix,full_fit
43.0,4.0435,3.9785865448072992,24.9,24.90061665064235,True,prefix,full_fit
44.0,4.0429,3.9779928534075166,24.9,24.902940959886905,True,prefix,full_fit
45.0,4.0423,3.977416266619293,24.9,24.905264674241664,True,prefix,full_fit
46.0,4.0414,3.976856222861165,24.7,24.907587789659885,True,prefix,full_fit
47.0,4.0407,3.9763121874576735,24.9,24.909910301815046,True,prefix,full_fit
48.0,4.0398,3.9757836863445397,24.7,24.9122322040227,True,prefix,full_fit
49.0,4.0392,3.975270220762853,24.9,24.914553492162895,True,prefix,full_fit
50.0,4.0386,3.974771325111401,24.7,24.916874161273938,True,prefix,full_fit
51.0,4.0376,3.9742865593139967,24.7,24.91919420595991,True,prefix,full_fit
52.0,4.037,3.9738155154960344,24.7,24.921513619923303,True,prefix,full_fit
53.0,4.0364,3.97335777843658,24.9,24.923832398137108,True,prefix,full_fit
54.0,4.0355,3.9729129568914483,24.8,24.926150535066256,True,prefix,full_fit
55.0,4.0345,3.972480680517019,24.7,24.928468024890265,True,prefix,full_fit
56.0,4.0339,3.9720605915976526,24.7,24.93078486180798,True,prefix,full_fit
57.0,4.0336,3.971652341402593,24.7,24.933101040173426,True,prefix,full_fit
58.0,4.033,3.971255595475735,24.8,24.935416554257756,True,prefix,full_fit
59.0,4.0321,3.9708700335541223,24.7,24.93773139833877,True,prefix,full_fit
60.0,4.0314,3.970495343544278,24.9,24.940045566742015,True,prefix,full_fit
61.0,4.0308,3.970131224081571,24.7,24.942359053843063,True,prefix,full_fit
62.0,4.0302,3.9697773840088124,24.8,24.944671854047726,True,prefix,full_fit
63.0,4.0296,3.969433544121363,24.8,24.946983961668877,True,prefix,full_fit
64.0,4.0293,3.9690994299267137,24.7,24.949295371298888,True,prefix,full_fit
65.0,4.0283,3.968774776223618,24.9,24.951606077548604,True,prefix,full_fit
66.0,4.028,3.9684593279015266,24.9,24.95391607496049,True,prefix,full_fit
67.0,4.0271,3.968152838330524,24.7,24.956225358079394,True,prefix,full_fit
68.0,4.0265,3.9678550646271598,24.7,24.958533921741775,True,prefix,full_fit
69.0,4.0259,3.967565771963785,24.9,24.960841760781534,True,prefix,full_fit
70.0,4.0256,3.9672847351210634,24.8,24.963148869949805,True,prefix,full_fit
71.0,4.0249,3.967011733000365,24.9,24.96545524418184,True,prefix,full_fit
72.0,4.0246,3.966746550267732,24.9,24.96776087850253,True,prefix,full_fit
73.0,4.024,3.9664889778575754,24.7,24.97006576799123,True,prefix,full_fit
74.0,4.0234,3.9662388135441047,24.9,24.972369907791062,True,prefix,full_fit
75.0,4.0228,3.9659958589212385,24.9,24.974673293147134,True,prefix,full_fit
76.0,4.0225,3.9657599211464976,24.9,24.976975919384188,True,prefix,full_fit
77.0,4.0218,3.965530812354081,24.9,24.979277781914902,True,prefix,full_fit
78.0,4.0215,3.9653083495329655,24.9,24.981578876242395,True,prefix,full_fit
79.0,4.0209,3.9650923537769223,24.9,24.983879197966075,True,prefix,full_fit
80.0,4.0203,3.9648826505511674,24.9,24.986178742782386,True,prefix,full_fit
81.0,4.02,3.9646790699063454,24.9,24.98847750644012,True,prefix,full_fit
82.0,4.019,3.9644814456849455,24.9,24.990775484795677,True,prefix,full_fit
83.0,4.0187,3.964289615253718,24.9,24.993072673824713,True,prefix,full_fit
84.0,4.0181,3.9641034197498555,24.9,24.995369069587866,True,prefix,full_fit
85.0,4.0178,3.9639227049401344,24.9,24.997664668158052,True,prefix,full_fit
86.0,4.0172,3.963747318894817,24.9,24.999959465781558,True,prefix,full_fit
87.0,4.0166,3.9635771133200914,24.9,25.002253458771293,True,prefix,full_fit
88.0,4.0163,3.9634119432821544,25.2,25.004546643523952,True,prefix,full_fit
89.0,4.0159,3.963251667509872,24.9,25.006839016503875,True,prefix,full_fit
90.0,4.0156,3.9630961470455754,24.9,25.00913057428977,True,prefix,full_fit
91.0,4.015,3.9629452461103454,24.9,25.011421313537994,True,prefix,full_fit
92.0,4.0147,3.96279883190518,25.0,25.0137112309921,True,prefix,full_fit
93.0,4.0144,3.962656774434911,24.9,25.01600032348273,True,prefix,full_fit
94.0,4.0138,3.9625189462130743,24.9,25.018288587926065,True,prefix,full_fit
95.0,4.0135,3.9623852224140608,24.9,25.020576021324644,True,prefix,full_fit
96.0,4.0128,3.9622554808776953,24.9,25.0228626207591,True,prefix,full_fit
97.0,4.0125,3.962129601779753,25.0,25.025148383399653,True,prefix,full_fit
98.0,4.0116,3.9620074676684665,25.0,25.02743330650111,True,prefix,full_fit
99.0,4.0116,3.9618889634291543,24.9,25.02971738739876,True,prefix,full_fit
100.0,4.011,3.961773976354338,24.9,25.032000623490035,True,prefix,full_fit
101.0,4.0107,3.961662395730604,24.9,25.0342830122745,True,prefix,full_fit
102.0,4.0104,3.961554113030233,24.9,25.03656455132335,True,prefix,full_fit
103.0,4.0101,3.9614490219079648,24.9,25.038845238281453,True,prefix,full_fit
104.0,4.0094,3.961347018191659,25.1,25.04112507086404,True,prefix,full_fit
105.0,4.0091,3.961247999444363,24.9,25.043404046871103,True,prefix,full_fit
106.0,4.0088,3.961151865258734,25.0,25.04568216417266,True,prefix,full_fit
107.0,4.0085,3.9610585171478236,24.9,25.047959420711038,True,prefix,full_fit
108.0,4.0082,3.960967858451624,25.0,25.050235814500752,True,prefix,full_fit
109.0,4.0079,3.960879794290846,25.0,25.052511343626747,True,prefix,full_fit
110.0,4.0073,3.960794231544385,24.9,25.054786006243432,True,prefix,full_fit
111.0,4.007,3.9607110792108307,24.9,25.05705980057627,True,prefix,full_fit
112.0,4.0066,3.9606302475856547,24.9,25.05933272491609,True,prefix,full_fit
113.0,4.0063,3.960551648772282,24.9,25.06160477762114,True,prefix,full_fit
114.0,4.006,3.9604751964220215,24.9,25.063875957114647,True,prefix,full_fit
115.0,4.0057,3.9604008054915876,24.9,25.06614626188218,True,prefix,full_fit
116.0,4.0054,3.960328392812282,24.9,25.068415690475547,True,prefix,full_fit
117.0,4.0048,3.96025787657019,24.9,25.07068424150748,True,prefix,full_fit
118.0,4.0045,3.9601891767066593,25.1,25.07295191365182,True,prefix,full_fit
119.0,4.0042,3.960122214875878,24.9,25.07521870564193,True,prefix,full_fit
120.0,4.0035,3.9600569140126995,25.1,25.077484616270283,True,prefix,full_fit
121.0,4.0032,3.9599931978979916,24.9,25.07974964438688,True,prefix,full_fit
122.0,4.0029,3.9599309915201593,25.1,25.08201378889828,True,prefix,full_fit
123.0,4.0026,3.959870222189932,25.1,25.084277048766808,True,prefix,full_fit
124.0,4.0023,3.959810818473979,25.1,25.086539423009526,True,prefix,full_fit
125.0,4.002,3.959752709568242,25.0,25.088800910697273,True,prefix,full_fit
126.0,4.0017,3.9596958262021746,25.1,25.091061510953637,True,prefix,full_fit
127.0,4.0014,3.9596401005904793,25.1,25.093321222953705,True,prefix,full_fit
128.0,4.0011,3.959585466065568,24.9,25.095580045923498,True,prefix,full_fit
129.0,4.0008,3.95953185714036,25.1,25.097837979138376,True,prefix,full_fit
130.0,4.0004,3.959479209547241,25.1,25.100095021922584,True,prefix,full_fit
131.0,4.0001,3.9594274602304806,25.1,25.10235117364806,True,prefix,full_fit
132.0,3.9998,3.9593765472816354,25.1,25.10460643373358,True,prefix,full_fit
133.0,3.9995,3.9593264099187127,25.1,25.10686080164396,True,prefix,full_fit
134.0,3.9992,3.959276988491168,25.1,25.10911427688916,True,prefix,full_fit
135.0,3.9989,3.9592282244753614,25.1,25.111366859022894,True,prefix,full_fit
136.0,3.9986,3.959180060430028,25.1,25.113618547642545,True,prefix,full_fit
137.0,3.9983,3.9591324399756163,25.1,25.115869342387384,True,prefix,full_fit
138.0,3.998,3.9590853077961787,25.1,25.118119242938292,True,prefix,full_fit
139.0,3.9977,3.95903860961312,25.1,25.12036824901668,True,prefix,full_fit
140.0,3.9973,3.9589922921673653,25.1,25.12261636038363,True,prefix,full_fit
141.0,3.997,3.958946303211444,25.1,25.124863576839346,True,prefix,full_fit
142.0,3.9967,3.958900591486825,25.1,25.127109898221875,True,prefix,full_fit
143.0,3.9964,3.9588551067267845,25.1,25.12935532440696,True,prefix,full_fit
144.0,3.9961,3.958809799626674,25.1,25.13159985530666,True,prefix,full_fit
145.0,3.9961,3.9587646218278514,25.1,25.133843490868628,True,prefix,full_fit
146.0,3.9955,3.958719525914192,25.1,25.136086231075637,True,prefix,full_fit
147.0,3.9952,3.958674465387636,25.1,25.1383280759444,True,prefix,full_fit
148.0,3.9949,3.958629394659945,25.1,25.140569025525338,True,prefix,full_fit
149.0,3.9946,3.958584269043212,25.1,25.142809079901326,True,prefix,full_fit
150.0,3.9942,3.9585390447303257,25.1,25.145048239187474,True,prefix,full_fit
151.0,3.9939,3.9584936787955693,25.1,25.147286503530154,True,prefix,full_fit
152.0,3.9939,3.958448129171418,25.1,25.149523873106148,True,prefix,full_fit
153.0,3.9936,3.958402354636721,25.1,25.151760348122252,True,prefix,full_fit
154.0,3.9933,3.9583563148105965,25.1,25.15399592881454,True,prefix,full_fit
155.0,3.993,3.9583099701344326,25.1,25.156230615447498,True,prefix,full_fit
156.0,3.9927,3.9582632818638337,25.1,25.158464408313705,True,prefix,full_fit
157.0,3.9924,3.958216212060392,25.1,25.160697307732846,True,prefix,full_fit
158.0,3.9921,3.9581687235745657,25.1,25.16292931405104,True,prefix,full_fit
159.0,3.9921,3.958120780037338,25.1,25.16516042763851,True,prefix,full_fit
160.0,3.9918,3.958072345860296,25.1,25.16739064889498,True,prefix,full_fit
161.0,3.9915,3.958023386215476,25.1,25.169619978244384,True,prefix,full_fit
162.0,3.9911,3.957973867001443,25.1,25.171848416127204,True,prefix,full_fit
163.0,3.9908,3.95792375489902,25.1,25.174075963020698,True,prefix,full_fit
164.0,3.9908,3.957873017307795,25.1,25.17630261942105,True,prefix,full_fit
165.0,3.9905,3.9578216223076454,25.1,25.178528385834568,True,prefix,full_fit
166.0,3.9902,3.957769538752001,25.1,25.180753262808537,True,prefix,full_fit
167.0,3.9899,3.957716736176161,25.1,25.182977250905196,True,prefix,full_fit
168.0,3.9896,3.957663184766358,25.1,25.185200350694743,True,prefix,full_fit
169.0,3.9896,3.9576088554544198,25.1,25.187422562786878,True,prefix,full_fit
170.0,3.9893,3.957553719808826,25.1,25.189643887799207,True,prefix,full_fit
171.0,3.989,3.957497749978488,25.1,25.191864326342284,True,prefix,full_fit
172.0,3.9887,3.9574409189206388,25.1,25.194083879092886,True,prefix,full_fit
173.0,3.9887,3.9573832002073135,25.1,25.196302546735524,True,prefix,full_fit
174.0,3.988,3.9573245680658604,25.1,25.198520329977214,True,prefix,full_fit
175.0,3.988,3.9572649973722824,25.1,25.200737229547883,True,prefix,full_fit
176.0,3.9874,3.957204463293528,25.1,25.202953246091397,True,prefix,full_fit
177.0,3.9871,3.957142941418513,25.3,25.205168380210637,True,prefix,full_fit
178.0,3.9871,3.9570804088542504,25.1,25.207382632806286,True,prefix,full_fit
179.0,3.9868,3.957016842913423,25.1,25.209596004672846,True,prefix,full_fit
180.0,3.9865,3.9569522215259787,25.3,25.211808496627896,True,prefix,full_fit
181.0,3.9865,3.956886523233135,25.1,25.214020109512035,True,prefix,full_fit
182.0,3.9862,3.956819727181652,25.1,25.216230844189454,True,prefix,full_fit
183.0,3.9859,3.9567518131180757,25.1,25.21844070154731,True,prefix,full_fit
184.0,3.9856,3.9566827613832656,25.3,25.220649682496116,True,prefix,full_fit
185.0,3.9856,3.9566125529068805,25.1,25.222857787969303,True,prefix,full_fit
186.0,3.9853,3.956541165728122,25.1,25.225065017879672,True,prefix,full_fit
187.0,3.9849,3.956468583752719,25.1,25.227271373765973,True,prefix,full_fit
188.0,3.9849,3.9563947895696883,25.3,25.22947685661694,True,prefix,full_fit
189.0,3.9846,3.956319766133635,25.3,25.23168146738493,True,prefix,full_fit
190.0,3.9843,3.9562434969425118,25.1,25.233885207041396,True,prefix,full_fit
191.0,3.9843,3.956165966032344,25.1,25.23608807657689,True,prefix,full_fit
192.0,3.984,3.956087157972051,25.3,25.238290077001068,True,prefix,full_fit
193.0,3.9837,3.9560070578583906,25.1,25.24049120934268,True,prefix,full_fit
194.0,3.9837,3.9559256513109466,25.3,25.24269147464952,True,prefix,full_fit
195.0,3.9834,3.9558429223511964,25.3,25.244890873364625,True,prefix,full_fit
196.0,3.9831,3.9557588562596098,25.1,25.247089406182283,True,prefix,full_fit
197.0,3.9828,3.955673441666467,25.3,25.249287074653523,True,prefix,full_fit
198.0,3.9828,3.9555866658966248,25.3,25.251483879814145,True,prefix,full_fit
199.0,3.9825,3.955498516747926,25.3,25.253679822713536,True,prefix,full_fit
200.0,3.9822,3.9554089824861616,25.3,25.255874904414668,True,prefix,full_fit
201.0,3.9822,3.9553180518400053,25.3,25.25806912599421,True,prefix,full_fit
202.0,3.9818,3.955225713996062,25.3,25.260262488542423,True,prefix,full_fit
203.0,3.9815,3.955131958594019,25.3,25.262454993163146,True,prefix,full_fit
204.0,3.9815,3.9550367755820064,25.3,25.264646640933222,True,prefix,full_fit
205.0,3.9812,3.9549401520486565,25.3,25.266837431987938,True,prefix,full_fit
206.0,3.9809,3.954842081095962,25.3,25.26902736810274,True,prefix,full_fit
207.0,3.9806,3.9547425538757386,25.3,25.271216450370446,True,prefix,full_fit
208.0,3.9806,3.9546415619496313,25.3,25.273404679893304,True,prefix,full_fit
209.0,3.9803,3.9545390972842145,25.3,25.275592057782887,True,prefix,full_fit
210.0,3.98,3.954435152246167,25.3,25.277778585160377,True,prefix,full_fit
211.0,3.9794,3.954329719597495,25.3,25.279964263156387,True,prefix,full_fit
212.0,3.9794,3.9542227924908255,25.3,25.2821490929108,True,prefix,full_fit
213.0,3.9794,3.9541143644647585,25.3,25.284333075573272,True,prefix,full_fit
214.0,3.9791,3.954004428198396,25.3,25.28651621193859,True,prefix,full_fit
215.0,3.9787,3.9538929777280574,25.3,25.288698503105195,True,prefix,full_fit
216.0,3.9784,3.9537800082558596,25.3,25.29087995041243,True,prefix,full_fit
217.0,3.9784,3.953665514658469,25.3,25.293060555005752,True,prefix,full_fit
218.0,3.9781,3.9535494921641017,25.3,25.29524031803743,True,prefix,full_fit
219.0,3.9778,3.9534319363478096,25.3,25.297419240666557,True,prefix,full_fit
220.0,3.9778,3.9533128431271836,25.3,25.29959732405922,True,prefix,full_fit
221.0,3.9775,3.953192208757777,25.3,25.301774569388215,True,prefix,full_fit
222.0,3.9775,3.9530700298288735,25.3,25.30395097783338,True,prefix,full_fit
223.0,3.9772,3.9529463030644982,25.3,25.306126550524198,True,prefix,full_fit
224.0,3.9769,3.9528210245091393,25.3,25.30830128830587,True,prefix,full_fit
225.0,3.9766,3.9526941925151142,25.3,25.310475192613353,True,prefix,full_fit
226.0,3.9766,3.952565804859603,25.3,25.31264826462649,True,prefix,full_fit
227.0,3.9763,3.9524358596244293,25.3,25.314820505530577,True,prefix,full_fit
228.0,3.976,3.952304355191815,25.3,25.31699191651569,True,prefix,full_fit
229.0,3.976,3.9521712902402646,25.3,25.319162498777246,True,prefix,full_fit
230.0,3.9756,3.952036663740459,25.3,25.321332253515664,True,prefix,full_fit
231.0,3.9756,3.951900474951239,25.3,25.323501181936706,True,prefix,full_fit
232.0,3.9753,3.9517627234155746,25.3,25.32566928525108,True,prefix,full_fit
233.0,3.975,3.9516234080373516,25.3,25.327836564423592,True,prefix,full_fit
234.0,3.9747,3.9514825290053497,25.3,25.33000302070343,True,prefix,full_fit
235.0,3.9747,3.951340086915621,25.3,25.332168655380826,True,prefix,full_fit
236.0,3.9744,3.9511960823098193,25.4,25.334333469663022,True,prefix,full_fit
237.0,3.9744,3.951050515987164,25.4,25.336497464760726,True,prefix,full_fit
238.0,3.9738,3.9509033890006564,25.4,25.338660641888566,True,prefix,full_fit
239.0,3.9738,3.95075470265324,25.4,25.340823002264642,True,prefix,full_fit
240.0,3.9735,3.9506044584941473,25.4,25.342984547110746,True,prefix,full_fit
241.0,3.9735,3.9504526583151387,25.4,25.34514527765242,True,prefix,full_fit
242.0,3.9732,3.9502993038393535,25.4,25.34730519504126,True,prefix,full_fit
243.0,3.9732,3.950144396446453,25.4,25.34946430028856,True,prefix,full_fit
244.0,3.9729,3.949987939267487,25.4,25.351622594793525,True,prefix,full_fit
245.0,3.9725,3.9498299349335393,25.4,25.353780079774708,True,prefix,full_fit
246.0,3.9725,3.949670386293375,25.3,25.355936756453048,True,prefix,full_fit
247.0,3.9722,3.9495092964098433,25.3,25.358092626051473,True,prefix,full_fit
248.0,3.9719,3.949346668556448,25.4,25.360247689795756,True,prefix,full_fit
249.0,3.9719,3.9491825062137837,25.4,25.36240194891343,True,prefix,full_fit
250.0,3.9713,3.9490168130662715,25.4,25.364555404634757,True,prefix,full_fit
251.0,3.9713,3.948849592998666,25.4,25.36670805819216,True,prefix,full_fit
252.0,3.971,3.9486808487441314,25.4,25.368859910506444,True,prefix,full_fit
253.0,3.9707,3.9485105850445343,25.4,25.371010962927016,True,prefix,full_fit
254.0,3.9704,3.948338806528922,25.4,25.373161216733592,True,prefix,full_fit
255.0,3.9704,3.9481655177484565,25.4,25.375310673146544,True,prefix,full_fit
256.0,3.9701,3.947990723433722,25.4,25.377459333387833,True,prefix,full_fit
257.0,3.9701,3.947814428491847,25.4,25.379607198681015,True,prefix,full_fit
258.0,3.9698,3.9476366380036985,25.4,25.381754270251577,True,prefix,full_fit
259.0,3.9694,3.947457357221039,25.4,25.38390054932654,True,prefix,full_fit
260.0,3.9691,3.9472765915637953,25.4,25.386046037134975,True,prefix,full_fit
261.0,3.9691,3.9470943466173245,25.4,25.388190734907766,True,prefix,full_fit
262.0,3.9688,3.9469106281297974,25.4,25.390334643877736,True,prefix,full_fit
263.0,3.9688,3.946725442009571,25.4,25.39247776527992,True,prefix,full_fit
264.0,3.9685,3.9465387943226133,25.4,25.39462010035129,True,prefix,full_fit
265.0,3.9682,3.9463506912899957,25.4,25.396761650330916,True,prefix,full_fit
266.0,3.9682,3.946161139285377,25.4,25.398902416460373,True,prefix,full_fit
267.0,3.9679,3.945970143291827,25.4,25.40104239965291,True,prefix,full_fit
268.0,3.9676,3.945777708694805,25.4,25.40318160088418,True,prefix,full_fit
269.0,3.9676,3.945583843935113,25.6,25.405320021755358,True,prefix,full_fit
270.0,3.9673,3.9453885558050517,25.4,25.40745766348482,True,prefix,full_fit
271.0,3.9673,3.9451918512254758,25.4,25.409594527291347,True,prefix,full_fit
272.0,3.967,3.9449937372432284,25.4,25.41173061439423,True,prefix,full_fit
273.0,3.9667,3.9447942210286158,25.4,25.41386592601316,True,prefix,full_fit
274.0,3.9663,3.944593309872834,25.4,25.41600046336856,True,prefix,full_fit
275.0,3.9663,3.944391011185512,25.4,25.41813422768115,True,prefix,full_fit
276.0,3.966,3.944187332492225,25.4,25.420267220172434,True,prefix,full_fit
277.0,3.966,3.9439822814321546,25.4,25.42239944206409,True,prefix,full_fit
278.0,3.9657,3.9437758657556663,25.4,25.424530894578652,True,prefix,full_fit
279.0,3.9654,3.9435680933219537,25.4,25.426661578939388,True,prefix,full_fit
280.0,3.9651,3.9433589720967763,25.4,25.428791496369854,True,prefix,full_fit
281.0,3.9651,3.9431485101501855,25.4,25.4309206480944,True,prefix,full_fit
282.0,3.9648,3.9429367154911397,25.4,25.43304903530617,True,prefix,full_fit
283.0,3.9648,3.9427235925140205,25.4,25.435176658476053,True,prefix,full_fit
284.0,3.9645,3.9425091524565103,25.4,25.437303519395527,True,prefix,full_fit
285.0,3.9642,3.942293403619075,25.4,25.439429619262228,True,prefix,full_fit
286.0,3.9642,3.942076354382897,25.4,25.441554959272366,True,prefix,full_fit
287.0,3.9639,3.9418580132072747,25.4,25.443679540620963,True,prefix,full_fit
288.0,3.9632,3.9416383886270423,25.4,25.445803364501273,True,prefix,full_fit
289.0,3.9632,3.941417489250231,25.4,25.44792643210542,True,prefix,full_fit
290.0,3.9629,3.941195323755487,25.4,25.45004874462387,True,prefix,full_fit
291.0,3.9629,3.9409719008897053,25.4,25.45217030324551,True,prefix,full_fit
292.0,3.9626,3.940747229465625,25.4,25.454291109157793,True,prefix,full_fit
293.0,3.9623,3.940521318359462,25.4,25.456411163546193,True,prefix,full_fit
294.0,3.9623,3.94029417650855,25.4,25.458530467594983,True,prefix,full_fit
295.0,3.962,3.9400658129090522,25.4,25.46064902248628,True,prefix,full_fit
296.0,3.9617,3.9398362366136737,25.4,25.462766829400778,True,prefix,full_fit
297.0,3.9614,3.939605456729351,25.6,25.46488388951701,True,prefix,full_fit
298.0,3.9614,3.939373481604535,25.4,25.467000203897385,True,prefix,full_fit
299.0,3.9614,3.939140320556046,25.6,25.46911577373328,True,prefix,full_fit
300.0,3.9611,3.938905983153231,25.4,25.47123060024262,True,prefix,full_fit
301.0,3.9608,3.938670478645649,25.4,25.47334468458962,True,prefix,full_fit
302.0,3.9608,3.938433816322295,25.4,25.475458027936043,True,prefix,full_fit
303.0,3.9605,3.9381960055092957,25.4,25.477570631441154,True,prefix,full_fit
304.0,3.9601,3.9379570555677805,25.4,25.47968249626149,True,prefix,full_fit
305.0,3.9598,3.9377169758916,25.4,25.481793623551084,True,prefix,full_fit
306.0,3.9598,3.9374757759052157,25.6,25.48390401446113,True,prefix,full_fit
307.0,3.9595,3.93723346506155,25.6,25.486013670140153,True,prefix,full_fit
308.0,3.9592,3.936990052839851,25.6,25.488122591733713,True,prefix,full_fit
309.0,3.9592,3.9367455487435787,25.6,25.490230780384593,True,prefix,full_fit
310.0,3.9589,3.9364999622983805,25.4,25.492338237232616,True,prefix,full_fit
311.0,3.9589,3.936253303050001,25.6,25.49444496341465,True,prefix,full_fit
312.0,3.9586,3.936005580562307,25.4,25.496550960064383,True,prefix,full_fit
313.0,3.9583,3.9357568047781952,25.6,25.49865622839485,True,prefix,full_fit
314.0,3.9583,3.935506986108944,25.4,25.500760769717658,True,prefix,full_fit
315.0,3.958,3.9352561333935925,25.6,25.502864584982092,True,prefix,full_fit
316.0,3.958,3.935004256304815,25.6,25.50496767532104,True,prefix,full_fit
317.0,3.9577,3.93475136452779,25.6,25.50707004186495,True,prefix,full_fit
318.0,3.9574,3.934497467758593,25.6,25.509171685741876,True,prefix,full_fit
319.0,3.9574,3.9342425757023607,25.6,25.511272608077036,True,prefix,full_fit
320.0,3.957,3.9339866980716742,25.4,25.513372809993427,True,prefix,full_fit
321.0,3.9567,3.9337298445848727,25.4,25.515472292611094,True,prefix,full_fit
322.0,3.9567,3.933472024964389,25.6,25.517571057047633,True,prefix,full_fit
323.0,3.9564,3.9332132489352047,25.6,25.519669104417858,True,prefix,full_fit
324.0,3.9561,3.93295352622315,25.4,25.52176643583408,True,prefix,full_fit
325.0,3.9561,3.9326928665534004,25.6,25.52386305240549,True,prefix,full_fit
326.0,3.9558,3.9324312796489216,25.6,25.52595895523882,True,prefix,full_fit
327.0,3.9552,3.9321687752288903,25.6,25.52805414543792,True,prefix,full_fit
328.0,3.9549,3.9319053630072336,25.6,25.530148624103788,True,prefix,full_fit
329.0,3.9549,3.9316410540731326,25.6,25.53224239260146,True,prefix,full_fit
330.0,3.9546,3.9313758573115742,25.6,25.534335451867435,True,prefix,full_fit
331.0,3.9546,3.931109782328998,25.6,25.536427802977585,True,prefix,full_fit
332.0,3.9543,3.9308428388670005,25.6,25.53851944703274,True,prefix,full_fit
333.0,3.9539,3.9305750366592975,25.6,25.540610385131743,True,prefix,full_fit
334.0,3.9539,3.930306385430462,25.6,25.5427006183711,True,prefix,full_fit
335.0,3.9536,3.930036894894761,25.6,25.544790147845276,True,prefix,full_fit
336.0,3.9533,3.929766574754926,25.6,25.546878974646347,True,prefix,full_fit
337.0,3.953,3.929495434701026,25.6,25.54896709986417,True,prefix,full_fit
338.0,3.953,3.9292234844092646,25.6,25.551054524586505,True,prefix,full_fit
339.0,3.9527,3.9289507335409155,25.8,25.55314124989883,True,prefix,full_fit
340.0,3.9527,3.928677191741167,25.6,25.555227276884295,True,prefix,full_fit
341.0,3.9524,3.928402868638032,25.6,25.557312606623896,True,prefix,full_fit
342.0,3.9521,3.92812777384133,25.8,25.559397240196347,True,prefix,full_fit
343.0,3.9518,3.927851916941573,25.6,25.561481178678036,True,prefix,full_fit
344.0,3.9518,3.9275753076486994,25.6,25.563564423164962,True,prefix,full_fit
345.0,3.9515,3.9272979555632737,25.8,25.56564697473698,True,prefix,full_fit
346.0,3.9512,3.9270198701061547,25.6,25.567728834447053,True,prefix,full_fit
347.0,3.9512,3.926741060791952,25.8,25.56981000336407,True,prefix,full_fit
348.0,3.9508,3.9264615371118756,25.8,25.571890482555034,True,prefix,full_fit
349.0,3.9505,3.926181308532749,25.6,25.573970273084512,True,prefix,full_fit
350.0,3.9502,3.9259003844962,25.8,25.57604937601485,True,prefix,full_fit
351.0,3.9502,3.925618774417691,25.6,25.578127792406463,True,prefix,full_fit
352.0,3.9499,3.925336487685724,25.6,25.580205523317204,True,prefix,full_fit
353.0,3.9496,3.925053533660936,25.8,25.582282569803056,True,prefix,full_fit
354.0,3.9493,3.924769921675329,25.8,25.58435893291761,True,prefix,full_fit
355.0,3.9493,3.924485661031396,25.6,25.586434613712186,True,prefix,full_fit
356.0,3.949,3.9242007610013885,25.6,25.58850961323617,True,prefix,full_fit
357.0,3.9487,3.9239152308264753,25.8,25.590583932536504,True,prefix,full_fit
358.0,3.9487,3.923629079716022,25.6,25.592657572657913,True,prefix,full_fit
359.0,3.9484,3.9233423168170187,25.8,25.594730534637222,True,prefix,full_fit
360.0,3.9481,3.92305495106295,25.8,25.5968028194751,True,prefix,full_fit
361.0,3.9477,3.922766991730298,25.8,25.598874428241345,True,prefix,full_fit
362.0,3.9477,3.9224784478839823,25.8,25.60094536196999,True,prefix,full_fit
363.0,3.9471,3.9221893285527845,25.8,25.603015621692805,True,prefix,full_fit
364.0,3.9468,3.9218996427286674,25.8,25.60508520843905,True,prefix,full_fit
365.0,3.9465,3.9216093993660737,25.8,25.607154123235716,True,prefix,full_fit
366.0,3.9465,3.9213186073812714,25.8,25.609222367107236,True,prefix,full_fit
367.0,3.9462,3.921027275651673,25.6,25.61128994107571,True,prefix,full_fit
368.0,3.9459,3.920735413015245,25.8,25.613356846161025,True,prefix,full_fit
369.0,3.9456,3.9204430282698475,25.8,25.615423083380335,True,prefix,full_fit
370.0,3.9453,3.9201501301726096,25.8,25.61748865374875,True,prefix,full_fit
371.0,3.9453,3.9198567274393716,25.8,25.61955355827854,True,prefix,full_fit
372.0,3.945,3.919562828744062,25.8,25.62161779797981,True,prefix,full_fit
373.0,3.9446,3.9192684427181543,25.8,25.623681373860165,True,prefix,full_fit
374.0,3.9443,3.9189735779500756,25.8,25.625744286924714,True,prefix,full_fit
375.0,3.944,3.918678243113063,25.8,25.627806538200787,True,prefix,full_fit
376.0,3.944,3.918382446665027,25.8,25.629868128680187,True,prefix,full_fit
377.0,3.9437,3.9180861970301724,25.8,25.63192905935466,True,prefix,full_fit
378.0,3.9434,3.917789502626468,25.8,25.633989331220675,True,prefix,full_fit
379.0,3.9431,3.9174923718266825,25.8,25.63604894527242,True,prefix,full_fit
380.0,3.9428,3.9171948129580216,25.8,25.638107902501645,True,prefix,full_fit
381.0,3.9428,3.9168968343015904,25.8,25.640166203897707,True,prefix,full_fit
382.0,3.9425,3.916598444092007,25.8,25.642223850447465,True,prefix,full_fit
383.0,3.9422,3.9162996505169283,25.8,25.644280843135505,True,prefix,full_fit
384.0,3.9419,3.916000461716635,25.8,25.64633718294391,True,prefix,full_fit
385.0,3.9415,3.915700885783636,25.8,25.64839287085232,True,prefix,full_fit
386.0,3.9415,3.9154009307622664,25.8,25.65044790783793,True,prefix,full_fit
387.0,3.9412,3.9151006046482717,25.8,25.65250229487566,True,prefix,full_fit
388.0,3.9409,3.914799915388464,25.8,25.65455603293765,True,prefix,full_fit
389.0,3.9406,3.9144988708803403,26.0,25.656609122993927,True,prefix,full_fit
390.0,3.9403,3.9141974793372647,25.8,25.658661566072283,True,prefix,full_fit
391.0,3.94,3.9138957489985473,25.8,25.660713363210505,True,prefix,full_fit
392.0,3.94,3.9135936870606054,25.8,25.662764515279775,True,prefix,full_fit
393.0,3.9394,3.9132913012437944,25.8,25.66481502324399,True,prefix,full_fit
394.0,3.9391,3.9129885992181643,25.8,25.66686488806471,True,prefix,full_fit
395.0,3.9388,3.9126855886030962,25.8,25.66891411070094,True,prefix,full_fit
396.0,3.9384,3.9123822769669796,25.8,25.67096269210947,True,prefix,full_fit
397.0,3.9384,3.9120786718269236,25.8,25.673010633244587,True,prefix,full_fit
398.0,3.9381,3.9117747806484275,25.8,25.675057935058135,True,prefix,full_fit
399.0,3.9378,3.911470610845123,26.0,25.677104598499795,True,prefix,full_fit
400.0,3.9375,3.9111661697784634,25.8,25.679150624516467,True,prefix,full_fit
401.0,3.9372,3.9108614647574464,25.8,25.68119601405283,True,prefix,full_fit
402.0,3.9369,3.910556503038373,25.9,25.683240768051178,True,prefix,full_fit
403.0,3.9366,3.910251291824564,25.8,25.685284887451303,True,prefix,full_fit
404.0,3.9363,3.9099458382661334,25.8,25.687328373190326,True,prefix,full_fit
405.0,3.936,3.9096401494597206,25.9,25.689371226203207,True,prefix,full_fit
406.0,3.9357,3.90933423244829,25.8,25.691413447422406,True,prefix,full_fit
407.0,3.9353,3.9090280942208757,25.8,25.69345503777771,True,prefix,full_fit
408.0,3.935,3.9087217417123883,25.9,25.69549599819652,True,prefix,full_fit
409.0,3.935,3.9084151818033863,25.8,25.69753632960368,True,prefix,full_fit
410.0,3.9344,3.908108421319898,25.8,25.699576032921755,True,prefix,full_fit
411.0,3.9344,3.907801467033201,25.8,25.701615109070474,True,prefix,full_fit
412.0,3.9341,3.907494325659652,25.9,25.703653558967403,True,prefix,full_fit
413.0,3.9338,3.90718700386053,26.0,25.705691383527096,True,prefix,full_fit
414.0,3.9335,3.90687950935869,25.8,25.707728583832363,True,prefix,full_fit
415.0,3.9332,3.9065718499467312,26.0,25.709765160981817,True,prefix,full_fit
416.0,3.9329,3.9062640303695115,25.9,25.711801115615742,True,prefix,full_fit
417.0,3.9326,3.9059560571189453,25.9,25.713836448646646,True,prefix,full_fit
418.0,3.9322,3.905647936633321,26.0,25.715871160984932,True,prefix,full_fit
419.0,3.9319,3.905339675297173,25.9,25.717905253538618,True,prefix,full_fit
420.0,3.9313,3.9050312794411943,25.9,25.719938727213503,True,prefix,full_fit
421.0,3.931,3.904722755342115,25.9,25.721971582913227,True,prefix,full_fit
422.0,3.9307,3.904414109222663,25.9,25.724003821539156,True,prefix,full_fit
423.0,3.9304,3.904105347251436,25.9,25.726035443990384,True,prefix,full_fit
424.0,3.9301,3.9037964755428436,26.0,25.72806645116367,True,prefix,full_fit
425.0,3.9301,3.9034875001570324,25.9,25.73009684395379,True,prefix,full_fit
426.0,3.9298,3.903178427099816,25.9,25.732126623252896,True,prefix,full_fit
427.0,3.9295,3.902869262322634,25.9,25.73415578995099,True,prefix,full_fit
428.0,3.9291,3.9025600117224557,25.9,25.73618434493602,True,prefix,full_fit
429.0,3.9288,3.9022506811417883,25.9,25.738212289093383,True,prefix,full_fit
430.0,3.9285,3.9019412763685657,25.9,25.740239623306252,True,prefix,full_fit
431.0,3.9282,3.901631803136179,25.9,25.742266348455587,True,prefix,full_fit
432.0,3.9279,3.901322267123389,25.9,25.74429246542013,True,prefix,full_fit
433.0,3.9276,3.901012673954311,25.9,25.746317975076295,True,prefix,full_fit
434.0,3.9273,3.9007030291984193,25.9,25.748342878297933,True,prefix,full_fit
435.0,3.927,3.9003933383704767,25.9,25.750367175957024,True,prefix,full_fit
436.0,3.9267,3.9000836069305733,25.9,25.752390868922987,True,prefix,full_fit
437.0,3.9264,3.899773840284059,25.9,25.754413958062912,True,prefix,full_fit
438.0,3.926,3.899464045104329,25.9,25.756436444425617,True,prefix,full_fit
439.0,3.9257,3.8991542281432583,25.9,25.758458329075438,True,prefix,full_fit
440.0,3.9254,3.8988443925584577,25.9,25.760479612583367,True,prefix,full_fit
441.0,3.9251,3.898534543595518,25.9,25.76250029581564,True,prefix,full_fit
442.0,3.9245,3.898224686447957,25.9,25.764520379636338,True,prefix,full_fit
443.0,3.9245,3.8979148262573085,25.9,25.76653986490777,True,prefix,full_fit
444.0,3.9242,3.8976049681131997,25.9,25.768558752490094,True,prefix,full_fit
445.0,3.9239,3.8972951170533867,25.9,25.770577043241815,True,prefix,full_fit
446.0,3.9233,3.89698527806384,25.9,25.77259473801928,True,prefix,full_fit
447.0,3.9229,3.896675456078829,25.9,25.77461183767707,True,prefix,full_fit
448.0,3.9223,3.896365655980988,25.9,25.776628343067614,True,prefix,full_fit
449.0,3.9223,3.8960558826013973,26.1,25.778644255041684,True,prefix,full_fit
450.0,3.922,3.8957461407196776,26.1,25.780659574447952,True,prefix,full_fit
451.0,3.9214,3.8954364350640462,25.9,25.782674302133273,True,prefix,full_fit
452.0,3.9211,3.895126770311456,25.9,25.78468843894251,True,prefix,full_fit
453.0,3.9211,3.894817151087634,25.9,25.78670198571865,True,prefix,full_fit
454.0,3.9208,3.894507581967227,25.9,25.788714943302807,True,prefix,full_fit
455.0,3.9202,3.8941980674738463,25.9,25.790727312534102,True,prefix,full_fit
456.0,3.9198,3.8938886120802096,25.9,25.792739094249896,True,prefix,full_fit
457.0,3.9198,3.89357922020824,25.9,25.79475028928556,True,prefix,full_fit
458.0,3.9192,3.8932698962291297,25.9,25.796760898474645,True,prefix,full_fit
459.0,3.9189,3.8929606444635048,26.1,25.798770922648657,True,prefix,full_fit
460.0,3.9186,3.892651469181489,26.1,25.800780362637397,True,prefix,full_fit
461.0,3.9183,3.8923423746028285,26.1,25.802789219268732,True,prefix,full_fit
462.0,3.918,3.892033365653059,26.1,25.804797493447552,True,prefix,full_fit
463.0,3.9177,3.8917244472824435,26.1,25.80680518608483,True,prefix,full_fit
464.0,3.9174,3.8914156223676524,26.1,25.808812297878376,True,prefix,full_fit
465.0,3.9171,3.8911068949613195,26.1,25.810818829651907,True,prefix,full_fit
466.0,3.9164,3.8907982690677914,26.1,25.81282478222772,True,prefix,full_fit
467.0,3.9161,3.8904897486432457,26.1,25.814830156426297,True,prefix,full_fit
468.0,3.9158,3.8901813375958647,26.1,25.816834953066405,True,prefix,full_fit
469.0,3.9152,3.8898730397859445,26.1,25.818839172965113,True,prefix,full_fit
470.0,3.9149,3.889564859026092,26.1,25.820842816937898,True,prefix,full_fit
471.0,3.9146,3.8892567990813602,26.1,25.82284588579853,True,prefix,full_fit
472.0,3.9143,3.888948863669394,26.1,25.824848380359242,True,prefix,full_fit
473.0,3.9136,3.888641056460582,26.1,25.826850301430284,True,prefix,full_fit
474.0,3.9133,3.888333381078253,26.1,25.828851649820592,True,prefix,full_fit
475.0,3.9133,3.888025841098761,26.1,25.8308524263374,True,prefix,full_fit
476.0,3.9127,3.887718440051712,26.1,25.832852631786125,True,prefix,full_fit
477.0,3.9124,3.887411181420072,26.1,25.834852266970756,True,prefix,full_fit
478.0,3.9121,3.8871040686403653,26.1,25.836851332693584,True,prefix,full_fit
479.0,3.9115,3.886797105102792,26.1,25.838849829755247,True,prefix,full_fit
480.0,3.9115,3.8864902941514274,26.1,25.84084775895485,True,prefix,full_fit
481.0,3.9109,3.8861836390843423,26.1,25.84284512108985,True,prefix,full_fit
482.0,3.9105,3.8858771431538073,26.1,25.844841916956227,True,prefix,full_fit
483.0,3.9102,3.8855708095664077,26.1,25.846838147348137,True,prefix,full_fit
484.0,3.9099,3.8852646414832406,26.1,25.848833813058434,True,prefix,full_fit
485.0,3.9093,3.8849586420200604,26.1,25.850828914878264,True,prefix,full_fit
486.0,3.909,3.8846528143830863,26.1,25.852823453578594,True,prefix,full_fit
487.0,3.9087,3.8843471617468768,26.1,25.854817429927493,True,prefix,full_fit
488.0,3.9084,3.884041686877916,26.1,25.85681084474021,True,prefix,full_fit
489.0,3.9081,3.883736392718082,26.1,25.85880369880101,True,prefix,full_fit
490.0,3.9078,3.8834312821649823,26.3,25.860795992892406,True,prefix,full_fit
491.0,3.9071,3.883126358072108,26.1,25.862787727795364,True,prefix,full_fit
492.0,3.9068,3.8828216232490034,26.1,25.86477890428921,True,prefix,full_fit
493.0,3.9062,3.882517080461406,26.1,25.86676952315196,True,prefix,full_fit
494.0,3.9059,3.882212732431451,26.1,25.86875958515975,True,prefix,full_fit
495.0,3.9056,3.8819085818378074,26.1,25.87074909108742,True,prefix,full_fit
496.0,3.9053,3.8816046313158394,26.1,25.872738041708203,True,prefix,full_fit
497.0,3.905,3.881300883457772,26.3,25.87472643779364,True,prefix,full_fit
498.0,3.9046,3.8809973408128613,26.3,25.87671428011396,True,prefix,full_fit
499.0,3.9043,3.88069400588754,26.1,25.87870156943785,True,prefix,full_fit
500.0,3.9037,3.8803908811455745,26.1,25.880688306532363,True,prefix,full_fit
501.0,3.9034,3.880087969008256,26.1,25.88267449216312,True,prefix,full_fit
502.0,3.9031,3.8797852718545043,26.1,25.884660127094207,True,prefix,full_fit
503.0,3.9028,3.879482792021063,26.1,25.886645212088297,True,prefix,full_fit
504.0,3.9025,3.8791805318026524,26.1,25.888629747906407,True,prefix,full_fit
505.0,3.9019,3.8788784934521,26.1,25.89061373530825,True,prefix,full_fit
506.0,3.9015,3.8785766791805205,26.1,25.892597175051947,True,prefix,full_fit
507.0,3.9012,3.8782750911574473,26.3,25.89458006789414,True,prefix,full_fit
508.0,3.9006,3.877973731510994,26.3,25.89656241459005,True,prefix,full_fit
509.0,3.9006,3.87767260232798,26.3,25.898544215893537,True,prefix,full_fit
510.0,3.9,3.877371705691953,26.1,25.90052547250434,True,prefix,full_fit
511.0,3.8997,3.8770710436470255,26.3,25.902506185118057,True,prefix,full_fit
512.0,3.8991,3.8767706180957697,26.3,25.9044863545692,True,prefix,full_fit
513.0,3.8988,3.8764704309622844,26.3,25.90646598160447,True,prefix,full_fit
514.0,3.8981,3.8761704841300926,26.3,25.908445066968852,True,prefix,full_fit
515.0,3.8978,3.8758707794423217,26.3,25.91042361140626,True,prefix,full_fit
516.0,3.8975,3.875571318701828,26.1,25.912401615658837,True,prefix,full_fit
517.0,3.8972,3.8752721036713353,26.3,25.91437908046754,True,prefix,full_fit
518.0,3.8969,3.874973136073566,26.1,25.916356006571732,True,prefix,full_fit
519.0,3.8963,3.8746744175913683,26.1,25.91833239470941,True,prefix,full_fit
520.0,3.896,3.8743759498678614,26.1,25.920308245617264,True,prefix,full_fit
521.0,3.8957,3.874077734506534,26.3,25.92228356003045,True,prefix,full_fit
522.0,3.8953,3.873779773071403,26.3,25.924258338682648,True,prefix,full_fit
523.0,3.8947,3.873482067087103,26.1,25.926232582306397,True,prefix,full_fit
524.0,3.8944,3.873184618039038,26.1,25.92820629163259,True,prefix,full_fit
525.0,3.8941,3.8728874273734704,26.3,25.93017946739087,True,prefix,full_fit
526.0,3.8935,3.872590496497661,26.3,25.93215211030963,True,prefix,full_fit
527.0,3.8932,3.872293826779965,26.3,25.93412422111544,True,prefix,full_fit
528.0,3.8929,3.8719974195499582,26.3,25.93609580053419,True,prefix,full_fit
529.0,3.8926,3.871701276098529,26.3,25.938066849289726,True,prefix,full_fit
530.0,3.8919,3.8714053976779925,26.3,25.940037368105095,True,prefix,full_fit
531.0,3.8916,3.871109785502204,26.3,25.94200735770164,True,prefix,full_fit
532.0,3.891,3.870814440746638,26.3,25.943976818799513,True,prefix,full_fit
533.0,3.8904,3.8705193645485023,26.3,25.945945752117552,True,prefix,full_fit
534.0,3.8901,3.870224558006817,26.3,25.947914158373237,True,prefix,full_fit
535.0,3.8898,3.8699300221825284,26.3,25.94988203828285,True,prefix,full_fit
536.0,3.8891,3.8696357580985796,26.3,25.951849392561144,True,prefix,full_fit
537.0,3.8888,3.8693417667400087,26.3,25.953816221921727,True,prefix,full_fit
538.0,3.8885,3.869048049054019,26.3,25.955782527076792,True,prefix,full_fit
539.0,3.8879,3.8687546059500577,26.3,25.95774830873745,True,prefix,full_fit
540.0,3.8876,3.868461438299922,26.3,25.95971356761339,True,prefix,full_fit
541.0,3.8873,3.8681685469377896,26.3,25.961678304412885,True,prefix,full_fit
542.0,3.887,3.8678759326603127,26.3,25.96364251984329,True,prefix,full_fit
543.0,3.8864,3.8675835962266856,26.3,25.965606214610432,True,prefix,full_fit
544.0,3.886,3.867291538358701,26.3,25.967569389418827,True,prefix,full_fit
545.0,3.8857,3.866999759740808,26.3,25.969532044972084,True,prefix,full_fit
546.0,3.8851,3.8667082610201744,26.3,25.971494181972275,True,prefix,full_fit
547.0,3.8848,3.866417042806739,26.3,25.973455801120167,True,prefix,full_fit
548.0,3.8845,3.8661261063371315,26.3,25.975416903025973,True,prefix,full_fit
549.0,3.8842,3.865835452947173,26.3,25.977377488279387,True,prefix,full_fit
550.0,3.8836,3.8655450819045156,26.3,25.979337557743804,True,prefix,full_fit
551.0,3.8829,3.8652549936829823,26.3,25.981297112113566,True,prefix,full_fit
552.0,3.8826,3.864965188719667,26.5,25.98325615208182,True,prefix,full_fit
553.0,3.882,3.8646756674149527,26.3,25.985214678340128,True,prefix,full_fit
554.0,3.8817,3.86438643013257,26.3,25.987172691579133,True,prefix,full_fit
555.0,3.8814,3.8640974771995955,26.5,25.98913019248812,True,prefix,full_fit
556.0,3.8808,3.86380880890646,26.3,25.991087181755177,True,prefix,full_fit
557.0,3.8805,3.8635204255070037,26.3,25.9930436600672,True,prefix,full_fit
558.0,3.8802,3.8632323272184403,26.3,25.994999628109724,True,prefix,full_fit
559.0,3.8795,3.8629445142213803,26.3,25.996955086567255,True,prefix,full_fit
560.0,3.8792,3.8626569866598373,26.5,25.998910036122993,True,prefix,full_fit
561.0,3.8789,3.8623697446412164,26.3,26.00086447745906,True,prefix,full_fit
562.0,3.8783,3.862082788236285,26.5,26.00281841125627,True,prefix,full_fit
563.0,3.878,3.861796117479201,26.3,26.004771838194245,True,prefix,full_fit
564.0,3.8777,3.861509732367454,26.3,26.006724758951407,True,prefix,full_fit
565.0,3.8774,3.8612236328618765,26.3,26.00867717420533,True,prefix,full_fit
566.0,3.8767,3.8609378188865793,26.5,26.010629084631944,True,prefix,full_fit
567.0,3.8761,3.8606522903289298,26.5,26.012580490906316,True,prefix,full_fit
568.0,3.8758,3.86036704703954,26.3,26.014531393702327,True,prefix,full_fit
569.0,3.8755,3.8600820888321805,26.5,26.016481793692606,True,prefix,full_fit
570.0,3.8749,3.859797415483747,26.3,26.018431691548813,True,prefix,full_fit
571.0,3.8743,3.8595130267342257,26.3,26.020381087941246,True,prefix,full_fit
572.0,3.874,3.859228922286589,26.5,26.02232998353935,True,prefix,full_fit
573.0,3.8733,3.858945101806792,26.5,26.024278379011264,True,prefix,full_fit
574.0,3.873,3.858661564923627,26.5,26.026226275023987,True,prefix,full_fit
575.0,3.8727,3.858378311228698,26.5,26.028173672243497,True,prefix,full_fit
576.0,3.8721,3.858095340276331,26.5,26.03012057133469,True,prefix,full_fit
577.0,3.8718,3.8578126515834614,26.5,26.03206697296133,True,prefix,full_fit
578.0,3.8715,3.8575302446295643,26.5,26.03401287778604,True,prefix,full_fit
579.0,3.8712,3.857248118856544,26.5,26.035958286470418,True,prefix,full_fit
580.0,3.8705,3.8569662736686148,26.5,26.03790319967493,True,prefix,full_fit
581.0,3.8702,3.856684708432221,26.5,26.039847618059127,True,prefix,full_fit
582.0,3.8699,3.856403422475875,26.5,26.041791542281317,True,prefix,full_fit
583.0,3.8696,3.856122415090064,26.5,26.043734972998777,True,prefix,full_fit
584.0,3.869,3.855841685527099,26.5,26.045677910867767,True,prefix,full_fit
585.0,3.8687,3.8555612330009956,26.5,26.04762035654346,True,prefix,full_fit
586.0,3.8681,3.855281056833108,26.5,26.049562310666715,True,prefix,full_fit
587.0,3.8678,3.855001156511044,26.5,26.051503773857974,True,prefix,full_fit
588.0,3.8671,3.85472153092404,26.5,26.053444746788557,True,prefix,full_fit
589.0,3.8665,3.8544421791657917,26.5,26.055385230106367,True,prefix,full_fit
590.0,3.8662,3.8541631002926535,26.5,26.057325224457884,True,prefix,full_fit
591.0,3.8659,3.853884293323534,26.5,26.059264730488678,True,prefix,full_fit
592.0,3.8656,3.8536057572396962,26.5,26.061203748842843,True,prefix,full_fit
593.0,3.865,3.8533274909846345,26.5,26.063142280163447,True,prefix,full_fit
594.0,3.8647,3.853049493463864,26.5,26.06508032509248,True,prefix,full_fit
595.0,3.864,3.85277176354479,26.5,26.0670178842704,True,prefix,full_fit
596.0,3.864,3.8524943000564833,26.5,26.068954958336803,True,prefix,full_fit
597.0,3.8634,3.852217101789499,26.5,26.070891547929932,True,prefix,full_fit
598.0,3.8631,3.8519401674956866,26.5,26.072827653687057,True,prefix,full_fit
599.0,3.8625,3.8516634958879634,26.5,26.07476327624397,True,prefix,full_fit
600.0,3.8622,3.851387097037564,26.5,26.07669806105696,True,prefix,full_fit
601.0,3.8619,3.8511109581544782,26.5,26.07863235496626,True,prefix,full_fit
602.0,3.8612,3.8508350724464964,26.5,26.080566328061764,True,prefix,full_fit
603.0,3.8609,3.850559440524831,26.5,26.082499914951313,True,prefix,full_fit
604.0,3.8606,3.8502840676716223,26.5,26.084432890763537,True,prefix,full_fit
605.0,3.8603,3.8500089469633982,26.5,26.0863654406528,True,prefix,full_fit
606.0,3.8597,3.849734076930973,26.5,26.088297564619154,True,prefix,full_fit
607.0,3.8591,3.8494594560614015,26.5,26.090229262662547,True,prefix,full_fit
608.0,3.8588,3.8491850827977583,26.5,26.09216053478292,True,prefix,full_fit
609.0,3.8585,3.848910957797005,26.5,26.09409123196866,True,prefix,full_fit
610.0,3.8578,3.848637077844118,26.5,26.0960214573052,True,prefix,full_fit
611.0,3.8575,3.848363441034781,26.5,26.097951224736107,True,prefix,full_fit
612.0,3.8572,3.848090045630995,26.5,26.099880534261388,True,prefix,full_fit
613.0,3.8566,3.847816889849172,26.5,26.101809385880983,True,prefix,full_fit
614.0,3.8563,3.847543971859775,26.5,26.103737779594894,True,prefix,full_fit
615.0,3.8557,3.8472712897869803,26.5,26.105665715403234,True,prefix,full_fit
616.0,3.8554,3.8469988417083014,26.5,26.10759319330589,True,prefix,full_fit
617.0,3.8547,3.846726625654211,26.5,26.109520213302858,True,prefix,full_fit
618.0,3.8544,3.846454634923155,26.5,26.11144675004124,True,prefix,full_fit
619.0,3.8541,3.846182867320372,26.5,26.11337280272818,True,prefix,full_fit
620.0,3.8538,3.8459113247286254,26.5,26.11529839294724,True,prefix,full_fit
621.0,3.8535,3.8456400049892348,26.5,26.117223520698474,True,prefix,full_fit
622.0,3.8529,3.8453689058944778,26.5,26.119148185982,True,prefix,full_fit
623.0,3.8526,3.845098025187137,26.5,26.1210723887977,True,prefix,full_fit
624.0,3.8523,3.8448273605600853,26.5,26.122996129145633,True,prefix,full_fit
625.0,3.8516,3.844556909655823,26.5,26.124919407025743,True,prefix,full_fit
626.0,3.851,3.8442866700659932,26.6,26.126842222438142,True,prefix,full_fit
627.0,3.8507,3.8440166393309436,26.7,26.12876457538266,True,prefix,full_fit
628.0,3.8501,3.843746814939238,26.7,26.130686465859412,True,prefix,full_fit
629.0,3.8498,3.843477194327149,26.7,26.132607893868453,True,prefix,full_fit
630.0,3.8495,3.8432077748781452,26.7,26.134528859409613,True,prefix,full_fit
631.0,3.8492,3.8429385539224246,26.5,26.136449362483063,True,prefix,full_fit
632.0,3.8485,3.842669528736328,26.7,26.13836940308863,True,prefix,full_fit
633.0,3.8482,3.8424006965418633,26.7,26.140288981226433,True,prefix,full_fit
634.0,3.8479,3.842132054506111,26.7,26.142208096896525,True,prefix,full_fit
635.0,3.8473,3.8418635997406927,26.7,26.144126750098735,True,prefix,full_fit
636.0,3.847,3.84159532930121,26.6,26.14604494083318,True,prefix,full_fit
637.0,3.8467,3.8413272401866485,26.7,26.147962669099854,True,prefix,full_fit
638.0,3.8464,3.8410593292240462,26.5,26.14987993540791,True,prefix,full_fit
639.0,3.8461,3.840791577455134,26.7,26.151796810131202,True,prefix,full_fit
640.0,3.8454,3.84052399620934,26.7,26.153713229016944,True,prefix,full_fit
641.0,3.8451,3.84025658225834,26.7,26.15562919206502,True,prefix,full_fit
642.0,3.8448,3.839989332314101,26.7,26.157544699275547,True,prefix,full_fit
643.0,3.8445,3.8397222430282825,26.7,26.159459750648466,True,prefix,full_fit
644.0,3.8439,3.8394553109915384,26.7,26.161374346183663,True,prefix,full_fit
645.0,3.8436,3.839188532732874,26.7,26.163288485881367,True,prefix,full_fit
646.0,3.843,3.8389219047189775,26.7,26.165202169741406,True,prefix,full_fit
647.0,3.8423,3.8386554233534937,26.5,26.16711539776395,True,prefix,full_fit
648.0,3.842,3.8383890849763804,26.7,26.169028169948774,True,prefix,full_fit
649.0,3.8417,3.8381228858631586,26.6,26.170940486296047,True,prefix,full_fit
650.0,3.8414,3.8378568222242064,26.7,26.172852346805655,True,prefix,full_fit
651.0,3.8411,3.8375908902040146,26.6,26.174763751477713,True,prefix,full_fit
652.0,3.8405,3.837325085880479,26.7,26.176674700312162,True,prefix,full_fit
653.0,3.8402,3.837059405264122,26.6,26.178585193308948,True,prefix,full_fit
654.0,3.8399,3.8367938442973197,26.7,26.18049523046824,True,prefix,full_fit
655.0,3.8395,3.836528398853566,26.6,26.18240481178981,True,prefix,full_fit
656.0,3.8389,3.8362630647366642,26.6,26.184313937273885,True,prefix,full_fit
657.0,3.8386,3.835997837679931,26.7,26.186222606920296,True,prefix,full_fit
658.0,3.8383,3.835732713345411,26.7,26.1881308207291,True,prefix,full_fit
659.0,3.838,3.835467679559977,26.6,26.19003863039154,True,prefix,full_fit
660.0,3.8377,3.8352027303235756,26.7,26.191946046198325,True,prefix,full_fit
661.0,3.8374,3.8349378688841362,26.7,26.193853016274318,True,prefix,full_fit
662.0,3.8368,3.834673090615327,26.6,26.19575954061952,True,prefix,full_fit
663.0,3.8364,3.8344083908153705,26.6,26.197665619233874,True,prefix,full_fit
664.0,3.8361,3.8341437647061247,26.7,26.199571252117437,True,prefix,full_fit
665.0,3.8358,3.833879207432261,26.7,26.20147643927021,True,prefix,full_fit
666.0,3.8355,3.833614714060374,26.6,26.203381180692134,True,prefix,full_fit
667.0,3.8346,3.8333502795780867,26.6,26.205285476383324,True,prefix,full_fit
668.0,3.8343,3.8330858988931626,26.6,26.207189326343723,True,prefix,full_fit
669.0,3.834,3.8328215668326133,26.8,26.209092730573218,True,prefix,full_fit
670.0,3.8337,3.8325572781417843,26.6,26.210995689071922,True,prefix,full_fit
671.0,3.833,3.8322930274834413,26.6,26.21289820183989,True,prefix,full_fit
672.0,3.8327,3.832028809436848,26.6,26.214800268877013,True,prefix,full_fit
673.0,3.8324,3.8317646184968566,26.6,26.216701890183344,True,prefix,full_fit
674.0,3.8321,3.8315004490729527,26.6,26.218603065758828,True,prefix,full_fit
675.0,3.8318,3.8312362954883206,26.6,26.22050379560352,True,prefix,full_fit
676.0,3.8315,3.830972151978917,26.6,26.222404079717364,True,prefix,full_fit
677.0,3.8309,3.8307080126925195,26.8,26.22430391810053,True,prefix,full_fit
678.0,3.8306,3.8304438716877676,26.6,26.226203310752794,True,prefix,full_fit
679.0,3.8302,3.8301797229332175,26.6,26.22810225767421,True,prefix,full_fit
680.0,3.8299,3.8299155461908128,26.6,26.230000873341396,True,prefix,full_fit
681.0,3.8296,3.82965134756629,26.8,26.231899058103295,True,prefix,full_fit
682.0,3.829,3.829387121225402,26.8,26.233796808160776,True,prefix,full_fit
683.0,3.8287,3.829122860770988,26.6,26.235694123513724,True,prefix,full_fit
684.0,3.8284,3.828858559710973,26.6,26.237591004162255,True,prefix,full_fit
685.0,3.8281,3.828594211457412,26.6,26.239487450106367,True,prefix,full_fit
686.0,3.8278,3.828329809325534,26.6,26.241383461346004,True,prefix,full_fit
687.0,3.8275,3.8280653465327945,26.6,26.243279037881166,True,prefix,full_fit
688.0,3.8265,3.827800816197901,26.8,26.245174179711853,True,prefix,full_fit
689.0,3.8262,3.8275362113398916,26.6,26.24706888683818,True,prefix,full_fit
690.0,3.8259,3.827271524877197,26.8,26.248963159259915,True,prefix,full_fit
691.0,3.8256,3.82700674962667,26.8,26.250856996977234,True,prefix,full_fit
692.0,3.8253,3.826741878302707,26.8,26.252750399990134,True,prefix,full_fit
693.0,3.825,3.826476903516294,26.8,26.25464336829856,True,prefix,full_fit
694.0,3.8247,3.8262118177740803,26.8,26.256535901902566,True,prefix,full_fit
695.0,3.824,3.8259466134775546,26.8,26.25842800080204,True,prefix,full_fit
696.0,3.8237,3.825681282922056,26.8,26.2603196649971,True,prefix,full_fit
697.0,3.8234,3.8254158182959785,26.8,26.26221089448768,True,prefix,full_fit
698.0,3.8231,3.825150211679872,26.8,26.264101689273787,True,prefix,full_fit
699.0,3.8228,3.824884455045604,26.8,26.265992049355475,True,prefix,full_fit
700.0,3.8225,3.8246185347087436,26.6,26.2678820296332,True,prefix,full_fit
701.0,3.8219,3.8243524401093967,26.8,26.26977165318067,True,prefix,full_fit
702.0,3.8216,3.8240861693987234,26.8,26.27166085566705,True,prefix,full_fit
703.0,3.8213,3.823819714086261,26.8,26.273549637325402,True,prefix,full_fit
704.0,3.8209,3.823553065568978,26.8,26.275437998388668,True,prefix,full_fit
705.0,3.8206,3.823286215130543,26.8,26.27732593908985,True,prefix,full_fit
706.0,3.8203,3.8230191539406406,26.8,26.279213459662003,True,prefix,full_fit
707.0,3.82,3.822751873054286,26.8,26.281100560338132,True,prefix,full_fit
708.0,3.8197,3.8224843634112124,26.8,26.28298724135118,True,prefix,full_fit
709.0,3.8194,3.822216615835248,26.8,26.284873502934204,True,prefix,full_fit
710.0,3.8185,3.8219486210337466,26.8,26.28675934532015,True,prefix,full_fit
711.0,3.8185,3.821680369597077,26.8,26.28864476874213,True,prefix,full_fit
712.0,3.8178,3.821411851998091,26.8,26.290529773433093,True,prefix,full_fit
713.0,3.8175,3.8211430585916895,26.8,26.292414359626036,True,prefix,full_fit
714.0,3.8172,3.8208739796143996,26.8,26.294298527553963,True,prefix,full_fit
715.0,3.8169,3.8206046051840223,26.8,26.296182277449873,True,prefix,full_fit
716.0,3.8166,3.820334925299298,26.8,26.298065609546825,True,prefix,full_fit
717.0,3.8163,3.8200649298396367,26.8,26.29994852407782,True,prefix,full_fit
718.0,3.816,3.8197946085649113,26.8,26.301831021275802,True,prefix,full_fit
719.0,3.8157,3.8195239511152805,26.8,26.303713101373773,True,prefix,full_fit
720.0,3.8154,3.819252947011089,26.8,26.305594764604848,True,prefix,full_fit
721.0,3.8147,3.81898158565283,26.8,26.307476011201857,True,prefix,full_fit
722.0,3.8147,3.818709856321151,26.8,26.309356841398028,True,prefix,full_fit
723.0,3.8141,3.8184377481769536,26.8,26.311237255426192,True,prefix,full_fit
724.0,3.8138,3.8181652502615258,26.8,26.313117253519408,True,prefix,full_fit
725.0,3.8135,3.8178923514967975,27.0,26.314996835910677,True,prefix,full_fit
726.0,3.8132,3.8176190406856096,26.8,26.316876002833055,True,prefix,full_fit
727.0,3.8129,3.817345306512129,26.8,26.318754754519546,True,prefix,full_fit
728.0,3.8126,3.8170711375422743,26.8,26.320633091203035,True,prefix,full_fit
729.0,3.8123,3.816796522224297,26.8,26.32251101311664,True,prefix,full_fit
730.0,3.8116,3.816521448889384,26.8,26.324388520493414,True,prefix,full_fit
731.0,3.8116,3.816245905752404,26.8,26.326265613566193,True,prefix,full_fit
732.0,3.8113,3.815969880912734,26.8,26.32814229256809,True,prefix,full_fit
733.0,3.8107,3.815693362355182,26.8,26.33001855773216,True,prefix,full_fit
734.0,3.8104,3.8154163379509836,26.8,26.33189440929135,True,prefix,full_fit
735.0,3.8101,3.815138795458976,26.8,26.333769847478663,True,prefix,full_fit
736.0,3.8098,3.8148607218948043,27.0,26.335644881733913,True,prefix,full_fit
737.0,3.8092,3.814582099571715,26.8,26.33751958849001,True,prefix,full_fit
738.0,3.8089,3.8143029212616257,26.8,26.339393890235442,True,prefix,full_fit
739.0,3.8085,3.814023174274437,27.0,26.341267787407617,True,prefix,full_fit
740.0,3.8082,3.8137428458150597,26.8,26.3431412804444,True,prefix,full_fit
741.0,3.8079,3.813461922985231,26.8,26.345014369783314,True,prefix,full_fit
742.0,3.8076,3.8131803927855312,27.0,26.346887055862,True,prefix,full_fit
743.0,3.8073,3.8128982421175066,27.0,26.348759339118033,True,prefix,full_fit
744.0,3.807,3.812615457785902,26.8,26.350631219989054,True,prefix,full_fit
745.0,3.8067,3.8123320265011067,27.0,26.352502698912758,True,prefix,full_fit
746.0,3.8064,3.8120479348817233,26.8,26.354373776326725,True,prefix,full_fit
747.0,3.8061,3.8117631694572425,27.0,26.356244452668477,True,prefix,full_fit
748.0,3.8058,3.811477716670983,27.0,26.358114728375767,True,prefix,full_fit
749.0,3.8054,3.8111915628830846,27.0,26.35998460388629,True,prefix,full_fit
750.0,3.8051,3.8109046943737503,27.0,26.361854079637453,True,prefix,full_fit
751.0,3.8048,3.8106170973465865,26.8,26.36372315606701,True,prefix,full_fit
752.0,3.8045,3.8103287579322433,26.8,26.365591833612655,True,prefix,full_fit
753.0,3.8042,3.8100396621920645,26.8,26.367460112711854,True,prefix,full_fit
754.0,3.8039,3.8097497961220634,26.8,26.369327993802415,True,prefix,full_fit
755.0,3.8036,3.80945914565703,26.8,26.37119547732175,True,prefix,full_fit
756.0,3.8033,3.8091676966748436,26.8,26.373062563707606,True,prefix,full_fit
757.0,3.8027,3.808875435000965,26.8,26.374929253397568,True,prefix,full_fit
758.0,3.8023,3.8085823464131425,27.0,26.376795546829385,True,prefix,full_fit
759.0,3.802,3.808288416646343,26.8,26.378661444440525,True,prefix,full_fit
760.0,3.8017,3.8079936313978524,26.8,26.380526946668624,True,prefix,full_fit
761.0,3.8014,3.807697976332621,26.8,26.382392053951435,True,prefix,full_fit
762.0,3.8011,3.8074014370888154,26.8,26.38425676672648,True,prefix,full_fit
763.0,3.8005,3.8071039992835773,26.8,26.386121085431398,True,prefix,full_fit
764.0,3.8002,3.8068056485190227,27.0,26.38798501050377,True,prefix,full_fit
765.0,3.8002,3.8065063703884663,27.0,26.389848542381344,True,prefix,full_fit
766.0,3.7999,3.806206150482859,26.8,26.391711681501647,True,prefix,full_fit
767.0,3.7996,3.8059049743974755,27.0,26.393574428302315,True,prefix,full_fit
768.0,3.7992,3.8056028277388316,26.8,26.395436783220987,True,prefix,full_fit
769.0,3.7989,3.8052996961318244,26.8,26.397298746695355,True,prefix,full_fit
770.0,3.7986,3.80499556522715,27.0,26.399160319162945,True,prefix,full_fit
771.0,3.7983,3.8046904207089,26.8,26.40102150106145,True,prefix,full_fit
772.0,3.798,3.8043842483024557,27.0,26.402882292828394,True,prefix,full_fit
773.0,3.7977,3.8040770342322636,26.8,26.404742718221257,True,prefix,full_fit
774.0,3.7974,3.803768764067122,27.0,26.40660276402855,True,prefix,full_fit
775.0,3.7971,3.8034594235691683,27.0,26.40846242359919,True,prefix,full_fit
776.0,3.7968,3.803148998713814,27.0,26.410321697438462,True,prefix,full_fit
777.0,3.7965,3.8028374755608274,27.0,26.412180586051875,True,prefix,full_fit
778.0,3.7958,3.8025248402636604,27.0,26.414039089944765,True,prefix,full_fit
779.0,3.7958,3.8022110790790493,27.0,26.415897209622585,True,prefix,full_fit
780.0,3.7955,3.8018961783768397,27.0,26.417754945590616,True,prefix,full_fit
781.0,3.7949,3.8015801246500844,27.0,26.419612298354366,True,prefix,full_fit
782.0,3.7946,3.801262904525349,27.0,26.421469268419116,True,prefix,full_fit
783.0,3.7943,3.800944504773275,27.0,26.423325856290376,True,prefix,full_fit
784.0,3.7943,3.8006249123193676,27.0,26.425182062473425,True,prefix,full_fit
785.0,3.7937,3.8003041142550367,27.0,26.42703788747366,True,prefix,full_fit
786.0,3.7934,3.7999820978488135,27.0,26.42889333179653,True,prefix,full_fit
787.0,3.7934,3.7996588505578517,27.0,26.430748395947376,True,prefix,full_fit
788.0,3.7927,3.7993343600396132,27.0,26.43260308043159,True,prefix,full_fit
789.0,3.7924,3.7990086141637485,27.0,26.434457385754627,True,prefix,full_fit
790.0,3.7924,3.798681601024235,26.8,26.43631131242182,True,prefix,full_fit
791.0,3.7921,3.7983533089516626,26.8,26.438164860938627,True,prefix,full_fit
792.0,3.7918,3.7980237265257246,27.0,26.44001803181027,True,prefix,full_fit
793.0,3.7915,3.7976928425879026,27.0,26.44187082554231,True,prefix,full_fit
794.0,3.7912,3.7973606462543152,27.0,26.443723242640033,True,prefix,full_fit
795.0,3.7909,3.7970271269287337,27.0,26.445575283608946,True,prefix,full_fit
796.0,3.7906,3.796692274315739,27.0,26.447426948954273,True,prefix,full_fit
797.0,3.7903,3.796356078434035,27.0,26.44927823918158,True,prefix,full_fit
798.0,3.7899,3.7960185296299063,27.0,26.451129154796092,True,prefix,full_fit
799.0,3.7896,3.7956796185907313,27.0,26.452979696303316,True,prefix,full_fit
800.0,3.7893,3.7953393363586776,27.0,26.45482986420859,True,prefix,full_fit
801.0,3.789,3.794997674344459,27.0,26.456679659017254,True,prefix,full_fit
802.0,3.789,3.794654624341133,27.0,26.458529081234815,True,prefix,full_fit
803.0,3.7884,3.794310178538005,27.0,26.46037813136661,True,prefix,full_fit
804.0,3.7884,3.7939643295345626,27.0,26.46222680991798,True,prefix,full_fit
805.0,3.7881,3.793617070354446,27.0,26.464075117394373,True,prefix,full_fit
806.0,3.7878,3.793268394459381,27.0,26.465923054301186,True,prefix,full_fit
807.0,3.7875,3.7929182957631897,27.0,26.467770621143757,True,prefix,full_fit
808.0,3.7868,3.7925667686456865,27.0,26.469617818427537,True,prefix,full_fit
809.0,3.7865,3.792213811432314,27.0,26.47146464100257,True,prefix,full_fit
810.0,3.7862,3.791859421276458,27.0,26.473311086430556,True,prefix,full_fit
811.0,3.7859,3.7915035892768127,27.0,26.475157162984374,True,prefix,full_fit
812.0,3.7856,3.7911463118190336,27.0,26.477002871162938,True,prefix,full_fit
813.0,3.7853,3.790787585823351,27.0,26.47884821146505,True,prefix,full_fit
814.0,3.785,3.790427408757873,27.0,26.480693184389622,True,prefix,full_fit
815.0,3.7847,3.7900657786518006,27.0,26.482537790435345,True,prefix,full_fit
816.0,3.7847,3.7897026941083056,27.0,26.484382030101187,True,prefix,full_fit
817.0,3.7844,3.789338154317299,27.0,26.48622590388601,True,prefix,full_fit
818.0,3.7841,3.78897215906789,27.0,26.48806941228861,True,prefix,full_fit
819.0,3.7837,3.788604708760564,27.0,26.48991255580779,True,prefix,full_fit
820.0,3.7834,3.788235804419088,27.0,26.49175533494241,True,prefix,full_fit
821.0,3.7831,3.787865447702057,27.0,26.493597750191384,True,prefix,full_fit
822.0,3.7828,3.7874936409140902,27.0,26.495439802053454,True,prefix,full_fit
823.0,3.7825,3.787120387016667,27.0,26.497281491027593,True,prefix,full_fit
824.0,3.7822,3.786745689638516,27.0,26.499122817612545,True,prefix,full_fit
825.0,3.7819,3.786369553085588,27.0,26.500963782307167,True,prefix,full_fit
826.0,3.7819,3.7859919823505925,27.0,26.502804385610318,True,prefix,full_fit
827.0,3.7816,3.7856129831219705,27.0,26.504644628020742,True,prefix,full_fit
828.0,3.7813,3.7852325617924416,27.0,26.506484510037467,True,prefix,full_fit
829.0,3.781,3.7848507254669257,27.0,26.508324032159237,True,prefix,full_fit
830.0,3.7806,3.7844674819699646,27.0,26.51016319488491,True,prefix,full_fit
831.0,3.7803,3.7840828398524833,27.0,26.512001998713288,True,prefix,full_fit
832.0,3.78,3.7836968083979925,27.1,26.513840444143227,True,prefix,full_fit
833.0,3.7797,3.7833093976280945,27.0,26.515678531673586,True,prefix,full_fit
834.0,3.7797,3.7829206183073474,27.0,26.51751626180328,True,prefix,full_fit
835.0,3.7788,3.782530481947412,27.0,26.519353635030996,True,prefix,full_fit
836.0,3.7788,3.7821390008105262,27.0,26.521190651855704,True,prefix,full_fit
837.0,3.7785,3.7817461879121796,27.0,26.52302731277615,True,prefix,full_fit
838.0,3.7782,3.7813520570230628,27.0,26.524863618291306,True,prefix,full_fit
839.0,3.7779,3.7809566226702245,27.0,26.526699568899915,True,prefix,full_fit
840.0,3.7775,3.780559900137433,27.0,26.52853516510089,True,prefix,full_fit
841.0,3.7772,3.780161905464727,27.0,26.53037040739298,True,prefix,full_fit
842.0,3.7772,3.779762655447078,27.1,26.532205296275038,True,prefix,full_fit
843.0,3.7766,3.7793621676322773,27.0,26.534039832246037,True,prefix,full_fit
844.0,3.7766,3.778960460317906,27.0,26.53587401580461,True,prefix,full_fit
845.0,3.7763,3.7785575525474093,27.1,26.537707847449838,True,prefix,full_fit
846.0,3.776,3.778153464105344,27.0,26.53954132768041,True,prefix,full_fit
847.0,3.7757,3.777748215511656,27.0,26.541374456995186,True,prefix,full_fit
848.0,3.7754,3.777341828015089,27.0,26.54320723589302,True,prefix,full_fit
849.0,3.7751,3.7769343235856554,27.0,26.545039664872775,True,prefix,full_fit
850.0,3.7748,3.7765257249062136,27.0,26.546871744433247,True,prefix,full_fit
851.0,3.7744,3.7761160553630724,27.0,26.54870347507341,True,prefix,full_fit
852.0,3.7741,3.775705339035719,27.0,26.55053485729195,True,prefix,full_fit
853.0,3.7741,3.7752936006856133,27.0,26.552365891587726,True,prefix,full_fit
854.0,3.7738,3.7748808657440245,27.0,26.55419657845971,True,prefix,full_fit
855.0,3.7735,3.774467160298979,27.0,26.556026918406587,True,prefix,full_fit
856.0,3.7732,3.774052511081324,27.0,26.55785691192733,True,prefix,full_fit
857.0,3.7729,3.773636945449836,27.0,26.559686559520685,True,prefix,full_fit
858.0,3.7729,3.7732204913754672,27.0,26.561515861685564,True,prefix,full_fit
859.0,3.7723,3.772803177424727,27.0,26.56334481892077,True,prefix,full_fit
860.0,3.772,3.772385032742168,27.0,26.5651734317251,True,prefix,full_fit
861.0,3.772,3.771966087032046,27.0,26.56700170059753,True,prefix,full_fit
862.0,3.7717,3.7715463705391823,27.0,26.56882962603686,True,prefix,full_fit
863.0,3.7713,3.7711259140289557,27.0,26.570657208541775,True,prefix,full_fit
864.0,3.7707,3.770704748766568,27.0,26.572484448611306,True,prefix,full_fit
865.0,3.7704,3.7702829064955363,27.0,26.574311346744253,True,prefix,full_fit
866.0,3.7704,3.7698604194154397,27.0,26.576137903439417,True,prefix,full_fit
867.0,3.7698,3.769437320159004,27.0,26.577964119195713,True,prefix,full_fit
868.0,3.7695,3.7690136417684688,27.0,26.579789994511827,True,prefix,full_fit
869.0,3.7695,3.768589417671344,27.0,26.581615529886847,True,prefix,full_fit
870.0,3.7692,3.7681646816555823,27.1,26.5834407258194,True,prefix,full_fit
871.0,3.7689,3.767739467844135,27.0,26.585265582808347,True,prefix,full_fit
872.0,3.7686,3.7673138106690156,27.0,26.587090101352658,True,prefix,full_fit
873.0,3.7682,3.7668877448448668,27.0,26.588914281951133,True,prefix,full_fit
874.0,3.7679,3.766461305342057,27.0,26.59073812510252,True,prefix,full_fit
875.0,3.7676,3.7660345273593867,27.1,26.592561631305784,True,prefix,full_fit
876.0,3.7676,3.765607446296419,27.0,26.594384801059675,True,prefix,full_fit
877.0,3.7673,3.7651800977254823,27.0,26.596207634863106,True,prefix,full_fit
878.0,3.767,3.7647525173634073,27.0,26.598030133214934,True,prefix,full_fit
879.0,3.7667,3.764324741042993,27.1,26.599852296613903,True,prefix,full_fit
880.0,3.7664,3.763896814431768,27.0,26.60167409438202,True,prefix,full_fit
881.0,3.7664,3.763468772656582,27.0,26.60349552976612,True,prefix,full_fit
882.0,3.7658,3.7630406436120394,27.0,26.605316629225626,True,prefix,full_fit
883.0,3.7658,3.7626124633184843,27.0,26.607137393225287,True,prefix,full_fit
884.0,3.7655,3.7621842677678385,27.0,26.608957822229797,True,prefix,full_fit
885.0,3.7651,3.761756092894636,27.0,26.610777916703967,True,prefix,full_fit
886.0,3.7648,3.7613279745471786,27.0,26.612597677112603,True,prefix,full_fit
887.0,3.7645,3.760899948458812,27.0,26.61441710392029,True,prefix,full_fit
888.0,3.7642,3.7604720502193745,27.0,26.616236197592002,True,prefix,full_fit
889.0,3.7639,3.760044315246913,27.0,26.61805495859238,True,prefix,full_fit
890.0,3.7636,3.759616778759633,27.0,26.61987338738612,True,prefix,full_fit
891.0,3.7633,3.7591894757481863,27.0,26.621691484438088,True,prefix,full_fit
892.0,3.7633,3.7587624409483187,27.0,26.623509250213033,True,prefix,full_fit
893.0,3.7627,3.758335708813934,27.0,26.62532668517565,True,prefix,full_fit
894.0,3.7624,3.7579093134905803,27.1,26.627143789790637,True,prefix,full_fit
895.0,3.762,3.757483288789432,27.0,26.62896056452297,True,prefix,full_fit
896.0,3.7617,3.7570576681618255,27.0,26.63077700983723,True,prefix,full_fit
897.0,3.7614,3.756632484674294,27.0,26.63259312619823,True,prefix,full_fit
898.0,3.7611,3.7562077709842834,27.0,26.63440891407072,True,prefix,full_fit
899.0,3.7608,3.755783559316415,27.0,26.636224373919333,True,prefix,full_fit
900.0,3.7605,3.7553598814395066,27.0,26.63803950620911,True,prefix,full_fit
901.0,3.7605,3.7549367686441886,27.0,26.63985431140452,True,prefix,full_fit
902.0,3.7602,3.7545142517213406,27.0,26.64166878997048,True,prefix,full_fit
903.0,3.7599,3.7540923609412182,27.1,26.64348294237169,True,prefix,full_fit
904.0,3.7596,3.7536711260333937,27.1,26.645296769072957,True,prefix,full_fit
905.0,3.7593,3.753250576167488,27.0,26.647110270538974,True,prefix,full_fit
906.0,3.7589,3.7528307399346987,27.0,26.648923447234495,True,prefix,full_fit
907.0,3.7589,3.75241164533023,27.1,26.650736299624384,True,prefix,full_fit
908.0,3.7586,3.7519933197365503,27.0,26.652548828173224,True,prefix,full_fit
909.0,3.7583,3.7515757899074997,27.0,26.654361033345992,True,prefix,full_fit
910.0,3.758,3.7511590819533374,27.0,26.656172915607158,True,prefix,full_fit
911.0,3.7577,3.7507432213266876,27.0,26.657984475421756,True,prefix,full_fit
912.0,3.7574,3.750328232809316,27.0,26.659795713254425,True,prefix,full_fit
913.0,3.7571,3.7499141404999627,27.0,26.66160662956986,True,prefix,full_fit
914.0,3.7568,3.749500967802941,27.0,26.66341722483287,True,prefix,full_fit
915.0,3.7568,3.749088737417802,27.0,26.665227499508262,True,prefix,full_fit
916.0,3.7565,3.748677471329831,27.0,26.667037454060733,True,prefix,full_fit
917.0,3.7562,3.7482671908015126,27.0,26.66884708895509,True,prefix,full_fit
918.0,3.7558,3.747857916364909,27.0,26.670656404655972,True,prefix,full_fit
919.0,3.7555,3.747449667814964,27.1,26.6724654016283,True,prefix,full_fit
920.0,3.7552,3.747042464203699,27.0,26.674274080336716,True,prefix,full_fit
921.0,3.7552,3.746636323835345,27.0,26.676082441245967,True,prefix,full_fit
922.0,3.7543,3.7462312642623465,27.0,26.67789048482092,True,prefix,full_fit
923.0,3.7543,3.74582730228226,27.0,26.679698211526272,True,prefix,full_fit
924.0,3.754,3.7454244539355215,27.0,26.68150562182666,True,prefix,full_fit
925.0,3.7537,3.7450227345040594,27.0,26.68331271618706,True,prefix,full_fit
926.0,3.7534,3.7446221585107757,27.1,26.68511949507206,True,prefix,full_fit
927.0,3.7531,3.7442227397198193,27.1,26.686925958946517,True,prefix,full_fit
928.0,3.7527,3.7438244911376923,27.1,26.688732108275133,True,prefix,full_fit
929.0,3.7524,3.743427425015136,27.1,26.690537943522656,True,prefix,full_fit
930.0,3.7521,3.743031552849769,27.0,26.692343465153897,True,prefix,full_fit
931.0,3.7521,3.7426368853894885,27.0,26.694148673633492,True,prefix,full_fit
932.0,3.7518,3.742243432636596,27.0,26.695953569426422,True,prefix,full_fit
933.0,3.7515,3.7418512038525913,27.0,26.697758152997153,True,prefix,full_fit
934.0,3.7512,3.741460207563703,27.1,26.699562424810665,True,prefix,full_fit
935.0,3.7509,3.7410704515669986,27.0,26.701366385331653,True,prefix,full_fit
936.0,3.7506,3.7406819429371874,27.1,26.70317003502487,True,prefix,full_fit
937.0,3.7503,3.740294688033977,27.0,26.704973374355006,True,prefix,full_fit
938.0,3.7503,3.7399086925100367,27.1,26.706776403786932,True,prefix,full_fit
939.0,3.7496,3.7395239613194784,27.1,26.708579123785285,True,prefix,full_fit
940.0,3.7493,3.7391404987269077,27.1,26.710381534814985,True,prefix,full_fit
941.0,3.7493,3.738758308316912,27.0,26.712183637340615,True,prefix,full_fit
942.0,3.749,3.7383773930040656,27.0,26.713985431826927,True,prefix,full_fit
943.0,3.7487,3.7379977550433687,27.0,26.715786918738843,True,prefix,full_fit
944.0,3.7484,3.7376193960410653,27.0,26.717588098541057,True,prefix,full_fit
945.0,3.7481,3.737242316965901,27.1,26.719388971698322,True,prefix,full_fit
946.0,3.7478,3.736866518160717,27.0,26.721189538675276,True,prefix,full_fit
947.0,3.7478,3.7364919993543797,27.1,26.722989799936784,True,prefix,full_fit
948.0,3.7475,3.736118759674016,26.9,26.724789755947654,True,prefix,full_fit
949.0,3.7472,3.7357467976575616,27.1,26.726589407172526,True,prefix,full_fit
950.0,3.7465,3.735376111266521,27.0,26.728388754076207,True,prefix,full_fit
951.0,3.7462,3.73500670856416,26.9,26.73018775771925,True,prefix,full_fit
952.0,3.7459,3.734638581657014,27.1,26.7319864361707,True,prefix,full_fit
953.0,3.7456,3.7342717216461483,27.1,26.733784809169492,True,prefix,full_fit
954.0,3.7453,3.733906124331225,27.1,26.735582877145532,True,prefix,full_fit
955.0,3.745,3.733541785002455,27.0,26.73738064052867,True,prefix,full_fit
956.0,3.7447,3.7331786984545037,27.0,26.73917809974887,True,prefix,full_fit
957.0,3.7444,3.7328168590003648,27.0,26.740975255236037,True,prefix,full_fit
958.0,3.7444,3.732456260485356,27.1,26.74277210742025,True,prefix,full_fit
959.0,3.7441,3.7320968963011945,27.1,26.744568656731246,True,prefix,full_fit
960.0,3.7437,3.7317387594000357,27.0,26.746364903599158,True,prefix,full_fit
961.0,3.7434,3.7313818423086,27.0,26.74816084845378,True,prefix,full_fit
962.0,3.7431,3.7310261371422437,27.0,26.74995649172513,True,prefix,full_fit
963.0,3.7428,3.730671635619013,27.0,26.75175183384306,True,prefix,full_fit
964.0,3.7425,3.7303183290736732,27.1,26.75354687523759,True,prefix,full_fit
965.0,3.7422,3.7299662084716934,27.0,26.755341616338626,True,prefix,full_fit
966.0,3.7422,3.729615264423112,27.0,26.75713605757602,True,prefix,full_fit
967.0,3.7419,3.729265487196356,27.0,26.758930199379904,True,prefix,full_fit
968.0,3.7416,3.7289168667319514,27.0,26.760724042180073,True,prefix,full_fit
969.0,3.7413,3.728569392656116,27.0,26.76251758640643,True,prefix,full_fit
970.0,3.741,3.728223054294218,27.0,26.76431083248906,True,prefix,full_fit
971.0,3.7406,3.7278778406840956,27.1,26.766103780857748,True,prefix,full_fit
972.0,3.7403,3.727533740589255,27.1,26.767896431942518,True,prefix,full_fit
973.0,3.74,3.7271907425118735,27.0,26.769688786173333,True,prefix,full_fit
974.0,3.74,3.726848834705636,27.1,26.771480843980044,True,prefix,full_fit
975.0,3.7394,3.7265080051884194,27.0,26.77327260579267,True,prefix,full_fit
976.0,3.7394,3.726168241754779,27.1,26.77506407204106,True,prefix,full_fit
977.0,3.7385,3.7258295319881842,27.0,26.776855243155183,True,prefix,full_fit
978.0,3.7385,3.725491863273169,27.0,26.778646119564996,True,prefix,full_fit
979.0,3.7382,3.7251552228071403,27.0,26.78043670170041,True,prefix,full_fit
980.0,3.7379,3.7248195976120733,27.1,26.782226989991443,True,prefix,full_fit
981.0,3.7375,3.724484974545937,27.1,26.784016984867947,True,prefix,full_fit
982.0,3.7372,3.7241513403139037,27.0,26.785806686759884,True,prefix,full_fit
983.0,3.7369,3.723818681479325,27.1,26.787596096097104,True,prefix,full_fit
984.0,3.7366,3.7234869844744964,27.0,26.789385213309743,True,prefix,full_fit
985.0,3.7363,3.723156235611165,27.1,26.791174038827535,True,prefix,full_fit
986.0,3.7363,3.722826421090788,27.0,26.7929625730805,True,prefix,full_fit
987.0,3.736,3.7224975270145952,27.1,26.794750816498663,True,prefix,full_fit
988.0,3.7357,3.7221695393933354,27.0,26.796538769511756,True,prefix,full_fit
989.0,3.7354,3.721842444156894,27.2,26.79832643254997,True,prefix,full_fit
990.0,3.7351,3.721516227163515,27.2,26.800113806042987,True,prefix,full_fit
991.0,3.7348,3.721190874208913,27.0,26.80190089042088,True,prefix,full_fit
992.0,3.7344,3.7208663710350693,27.1,26.803687686113676,True,prefix,full_fit
993.0,3.7341,3.7205427033387988,27.1,26.80547419355105,True,prefix,full_fit
994.0,3.7338,3.720219856780072,27.1,26.807260413163192,True,prefix,full_fit
995.0,3.7335,3.719897816990083,27.2,26.809046345379898,True,prefix,full_fit
996.0,3.7332,3.7195765695791283,27.0,26.810831990631186,True,prefix,full_fit
997.0,3.7329,3.7192561001441526,27.0,26.812617349346908,True,prefix,full_fit
998.0,3.7326,3.718936394276143,27.0,26.81440242195714,True,prefix,full_fit
999.0,3.7326,3.7186174375672336,27.0,26.816187208891677,True,prefix,full_fit
1000.0,3.7323,3.7182992156176002,27.2,26.817971710580423,True,prefix,full_fit
1001.0,3.732,3.7179817140421267,27.2,26.819755927453457,True,prefix,full_fit
1002.0,3.7317,3.7176649184768156,27.0,26.821539859940685,True,prefix,full_fit
1003.0,3.7313,3.717348814584984,27.2,26.823323508471958,True,prefix,full_fit
1004.0,3.731,3.7170333880632804,27.0,26.825106873477296,True,prefix,full_fit
1005.0,3.7304,3.7167186246474,27.2,26.826889955386548,True,prefix,full_fit
1006.0,3.7301,3.7164045101176444,27.2,26.828672754629793,True,prefix,full_fit
1007.0,3.7298,3.7160910303042765,27.2,26.83045527163688,True,prefix,full_fit
1008.0,3.7295,3.715778171092585,27.2,26.832237506837714,True,prefix,full_fit
1009.0,3.7292,3.715465918427869,27.0,26.83401946066226,True,prefix,full_fit
1010.0,3.7289,3.715154258320092,27.2,26.835801133540485,True,prefix,full_fit
1011.0,3.7289,3.7148431768484365,27.2,26.83758252590235,True,prefix,full_fit
1012.0,3.7286,3.7145326601656077,27.2,26.839363638177645,True,prefix,full_fit
1013.0,3.7282,3.7142226945019914,27.2,26.84114447079645,True,prefix,full_fit
1014.0,3.7279,3.7139132661695795,27.2,26.842925024188673,True,prefix,full_fit
1015.0,3.7276,3.7136043615657486,27.2,26.84470529878422,True,prefix,full_fit
1016.0,3.7273,3.713295967176849,27.0,26.846485295013053,True,prefix,full_fit
1017.0,3.727,3.712988069581617,27.2,26.848265013305024,True,prefix,full_fit
1018.0,3.7267,3.712680655454443,27.2,26.850044454090266,True,prefix,full_fit
1019.0,3.7264,3.712373711568433,27.2,26.851823617798516,True,prefix,full_fit
1020.0,3.7261,3.712067224798366,27.2,26.853602504859793,True,prefix,full_fit
1021.0,3.7258,3.711761182123425,27.2,26.85538111570412,True,prefix,full_fit
1022.0,3.7258,3.7114555788413823,27.2,26.85715941414628,True,prefix,full_fit
1023.0,3.7251,3.7111503964974006,27.2,26.85893742591969,True,prefix,full_fit
1024.0,3.7248,3.710845620308792,27.2,26.86071516079477,True,prefix,full_fit
1025.0,3.7248,3.710541237705152,27.2,26.862492619174304,True,prefix,full_fit
1026.0,3.7242,3.710237236232188,27.2,26.86426980146115,True,prefix,full_fit
1027.0,3.7242,3.7099336035536736,27.2,26.866046708058093,True,prefix,full_fit
1028.0,3.7239,3.709630327453229,27.2,26.867823339367988,True,prefix,full_fit
1029.0,3.7236,3.7093273958359863,27.2,26.869599695793568,True,prefix,full_fit
1030.0,3.7233,3.709024796730171,27.2,26.87137577773774,True,prefix,full_fit
1031.0,3.723,3.7087225182884986,27.2,26.87315158560324,True,prefix,full_fit
1032.0,3.7224,3.708420548789561,27.2,26.874927119792915,True,prefix,full_fit
1033.0,3.722,3.708118876638989,27.2,26.876702380709503,True,prefix,full_fit
1034.0,3.7217,3.707817490370622,27.2,26.878477368755966,True,prefix,full_fit
1035.0,3.7214,3.7075163786474845,27.2,26.880252084334984,True,prefix,full_fit
1036.0,3.7211,3.7072155302627348,27.2,26.882026527849405,True,prefix,full_fit
1037.0,3.7208,3.7069149341404874,27.2,26.88380069970208,True,prefix,full_fit
1038.0,3.7205,3.706614579336529,27.2,26.885574600295683,True,prefix,full_fit
1039.0,3.7202,3.7063144550390112,27.2,26.887348230033297,True,prefix,full_fit
1040.0,3.7199,3.7060145505689768,27.2,26.889121589317483,True,prefix,full_fit
1041.0,3.7196,3.7057148553808927,27.2,26.89089467855115,True,prefix,full_fit
1042.0,3.7193,3.705415359063033,27.2,26.892667498137087,True,prefix,full_fit
1043.0,3.7189,3.70511605133782,27.2,26.89444004847809,True,prefix,full_fit
1044.0,3.7186,3.7048169220621228,27.2,26.896212329977004,True,prefix,full_fit
1045.0,3.7183,3.7045179612274177,27.0,26.897984343036683,True,prefix,full_fit
1046.0,3.718,3.7042191589599534,27.0,26.89975608805986,True,prefix,full_fit
1047.0,3.7177,3.7039205055208244,27.2,26.901527565449328,True,prefix,full_fit
1048.0,3.7174,3.7036219913059805,27.0,26.903298775607993,True,prefix,full_fit
1049.0,3.7174,3.703323606846182,27.0,26.90506971893859,True,prefix,full_fit
1050.0,3.7171,3.7030253428069217,27.0,26.90684039584403,True,prefix,full_fit
1051.0,3.7168,3.7027271899882708,27.2,26.908610806726983,True,prefix,full_fit
1052.0,3.7165,3.7024291393246687,27.2,26.910380951990305,True,prefix,full_fit
1053.0,3.7162,3.7021311818847145,27.2,26.9121508320369,True,prefix,full_fit
1054.0,3.7158,3.701833308870852,27.2,26.913920447269447,True,prefix,full_fit
1055.0,3.7155,3.7015355116190665,27.2,26.91568979809091,True,prefix,full_fit
1056.0,3.7152,3.7012377815984765,27.2,26.91745888490391,True,prefix,full_fit
1057.0,3.7143,3.7009401104109827,27.2,26.919227708111407,True,prefix,full_fit
1058.0,3.714,3.700642489790789,27.2,26.9209962681162,True,prefix,full_fit
1059.0,3.714,3.700344911603923,27.2,26.922764565321017,True,prefix,full_fit
1060.0,3.7137,3.7000473678477603,27.0,26.924532600128714,True,prefix,full_fit
1061.0,3.7134,3.6997498506504516,27.0,26.926300372942137,True,prefix,full_fit
1062.0,3.7131,3.699452352270375,27.2,26.92806788416408,True,prefix,full_fit
1063.0,3.7127,3.699154865095524,27.0,26.929835134197333,True,prefix,full_fit
1064.0,3.7124,3.6988573816429287,27.2,26.93160212344469,True,prefix,full_fit
1065.0,3.7118,3.698559894557954,27.2,26.933368852309002,True,prefix,full_fit
1066.0,3.7118,3.698262396613674,27.2,26.93513532119306,True,prefix,full_fit
1067.0,3.7115,3.6979648807101895,27.2,26.93690153049971,True,prefix,full_fit
1068.0,3.7112,3.6976673398738855,27.2,26.938667480631693,True,prefix,full_fit
1069.0,3.7106,3.697369767256749,27.2,26.940433171991913,True,prefix,full_fit
1070.0,3.7103,3.697072156135599,27.2,26.942198604983105,True,prefix,full_fit
1071.0,3.7103,3.6967744999113545,27.0,26.94396378000812,True,prefix,full_fit
1072.0,3.71,3.6964767921082378,27.2,26.945728697469747,True,prefix,full_fit
1073.0,3.7096,3.696179026373018,27.2,26.94749335777084,True,prefix,full_fit
1074.0,3.7093,3.69588119647419,27.2,26.949257761314186,True,prefix,full_fit
1075.0,3.709,3.695583296301189,27.2,26.95102190850247,True,prefix,full_fit
1076.0,3.7087,3.695285319863568,27.2,26.952785799738706,True,prefix,full_fit
1077.0,3.7084,3.694987261290161,27.2,26.954549435425633,True,prefix,full_fit
1078.0,3.7081,3.694689114828273,27.2,26.956312815966044,True,prefix,full_fit
1079.0,3.7078,3.694390874842804,27.2,26.95807594176273,True,prefix,full_fit
1080.0,3.7075,3.694092535815442,27.2,26.959838813218596,True,prefix,full_fit
1081.0,3.7072,3.6937940923437744,27.2,26.961601430736323,True,prefix,full_fit
1082.0,3.7062,3.6934955391404656,27.2,26.963363794718816,True,prefix,full_fit
1083.0,3.7062,3.6931968710323395,27.2,26.96512590556881,True,prefix,full_fit
1084.0,3.7056,3.692898082959599,27.2,26.966887763689215,True,prefix,full_fit
1085.0,3.7053,3.6925991699748586,27.2,26.96864936948282,True,prefix,full_fit
1086.0,3.705,3.6923001272423632,27.2,26.970410723352416,True,prefix,full_fit
1087.0,3.7047,3.692000950037051,27.2,26.97217182570074,True,prefix,full_fit
1088.0,3.7047,3.69170163374371,27.2,26.973932676930644,True,prefix,full_fit
1089.0,3.7041,3.691402173856109,27.2,26.975693277444975,True,prefix,full_fit
1090.0,3.7038,3.691102565976103,27.0,26.977453627646582,True,prefix,full_fit
1091.0,3.7034,3.690802805812776,27.2,26.97921372793826,True,prefix,full_fit
1092.0,3.7031,3.690502889181566,27.2,26.98097357872274,True,prefix,full_fit
1093.0,3.7028,3.6902028170783066,27.2,26.982733150490105,True,prefix,full_fit
1094.0,3.7025,3.6899025811365527,27.2,26.98449246961343,True,prefix,full_fit
1095.0,3.7022,3.6896021770535485,27.2,26.98625153905033,True,prefix,full_fit
1096.0,3.7019,3.689301601065576,27.2,26.988010359184727,True,prefix,full_fit
1097.0,3.7016,3.6890008495109288,27.2,26.989768930400146,True,prefix,full_fit
1098.0,3.7013,3.6886999188290783,27.2,26.991527253080562,True,prefix,full_fit
1099.0,3.701,3.6883988055597907,27.2,26.993285327609613,True,prefix,full_fit
1100.0,3.7007,3.6880975063423,27.2,26.99504315437099,True,prefix,full_fit
1101.0,3.7003,3.6877960179144282,27.2,26.996800733748614,True,prefix,full_fit
1102.0,3.7,3.6874943371117705,27.2,26.998558066126066,True,prefix,full_fit
1103.0,3.6997,3.687192460866824,27.2,27.00031515188715,True,prefix,full_fit
1104.0,3.6994,3.686890386208178,27.2,27.00207199141562,True,prefix,full_fit
1105.0,3.6991,3.686588110259647,27.2,27.003828585095278,True,prefix,full_fit
1106.0,3.6982,3.686285630239483,27.2,27.00558493330982,True,prefix,full_fit
1107.0,3.6982,3.685982943459514,27.2,27.007341036442938,True,prefix,full_fit
1108.0,3.6979,3.6856800473243303,27.2,27.00909689487844,True,prefix,full_fit
1109.0,3.6976,3.6853769393305167,27.2,27.010852509000074,True,prefix,full_fit
1110.0,3.6972,3.6850736170657634,27.4,27.012607879191705,True,prefix,full_fit
1111.0,3.6969,3.684770078208131,27.2,27.014363005836856,True,prefix,full_fit
1112.0,3.6966,3.6844663205252113,27.2,27.01611788931939,True,prefix,full_fit
1113.0,3.6963,3.6841623418733547,27.2,27.017872530023112,True,prefix,full_fit
1114.0,3.696,3.6838581401968553,27.2,27.019626928331604,True,prefix,full_fit
1115.0,3.6954,3.6835537135271976,27.2,27.021381084628786,True,prefix,full_fit
1116.0,3.6951,3.6832490599822734,27.2,27.02313499929835,True,prefix,full_fit
1117.0,3.6948,3.6829441777655765,27.2,27.024888672724046,True,prefix,full_fit
1118.0,3.6945,3.682639065165474,27.2,27.026642105289568,True,prefix,full_fit
1119.0,3.6941,3.682333720554415,27.2,27.028395297378722,True,prefix,full_fit
1120.0,3.6938,3.682028142388194,27.2,27.03014824937526,True,prefix,full_fit
1121.0,3.6935,3.6817223292051806,27.2,27.03190096166287,True,prefix,full_fit
1122.0,3.6932,3.6814162796256023,27.2,27.033653434625478,True,prefix,full_fit
1123.0,3.6929,3.681109992350752,27.2,27.035405668646547,True,prefix,full_fit
1124.0,3.6923,3.6808034661622933,27.2,27.037157664110055,True,prefix,full_fit
1125.0,3.6923,3.6804966999215254,27.2,27.03890942139958,True,prefix,full_fit
1126.0,3.692,3.6801896925686246,27.2,27.0406609408991,True,prefix,full_fit
1127.0,3.6917,3.6798824431219677,27.2,27.042412222992198,True,prefix,full_fit
1128.0,3.6914,3.6795749506773716,27.2,27.04416326806262,True,prefix,full_fit
1129.0,3.691,3.6792672144074126,27.4,27.045914076494057,True,prefix,full_fit
1130.0,3.6904,3.678959233560689,27.2,27.04766464867049,True,prefix,full_fit
1131.0,3.6898,3.6786510074611636,27.2,27.049414984975442,True,prefix,full_fit
1132.0,3.6898,3.6783425355074133,27.2,27.051165085792775,True,prefix,full_fit
1133.0,3.6892,3.6780338171719626,27.2,27.05291495150624,True,prefix,full_fit
1134.0,3.6892,3.677724852000592,27.2,27.054664582499527,True,prefix,full_fit
1135.0,3.6886,3.6774156396116537,27.2,27.05641397915639,True,prefix,full_fit
1136.0,3.6883,3.67710617969538,27.2,27.058163141860575,True,prefix,full_fit
1137.0,3.6879,3.6767964720132236,27.2,27.059912070995892,True,prefix,full_fit
1138.0,3.6876,3.676486516397156,27.4,27.06166076694609,True,prefix,full_fit
1139.0,3.6873,3.676176312749034,27.4,27.063409230094805,True,prefix,full_fit
1140.0,3.687,3.6758658610399113,27.4,27.0651574608259,True,prefix,full_fit
1141.0,3.6867,3.6755551613093616,27.4,27.06690545952307,True,prefix,full_fit
1142.0,3.6864,3.6752442136648664,27.4,27.06865322657012,True,prefix,full_fit
1143.0,3.6861,3.674933018281119,27.2,27.070400762350744,True,prefix,full_fit
1144.0,3.6858,3.6746215753993914,27.2,27.07214806724869,True,prefix,full_fit
1145.0,3.6855,3.674309885326882,27.4,27.07389514164771,True,prefix,full_fit
1146.0,3.6852,3.673997948436073,27.2,27.07564198593161,True,prefix,full_fit
1147.0,3.6845,3.673685765164069,27.2,27.07738860048397,True,prefix,full_fit
1148.0,3.6842,3.673373336011998,27.2,27.079134985688768,True,prefix,full_fit
1149.0,3.6839,3.673060661544329,27.2,27.080881141929638,True,prefix,full_fit
1150.0,3.6836,3.6727477423882875,27.2,27.082627069590274,True,prefix,full_fit
1151.0,3.6833,3.6724345792331645,27.2,27.084372769054482,True,prefix,full_fit
1152.0,3.683,3.6721211728297476,27.2,27.086118240706128,True,prefix,full_fit
1153.0,3.6824,3.6718075239896466,27.2,27.087863484928732,True,prefix,full_fit
1154.0,3.6821,3.6714936335847113,27.4,27.089608502106216,True,prefix,full_fit
1155.0,3.6817,3.671179502546372,27.2,27.091353292622273,True,prefix,full_fit
1156.0,3.6814,3.6708651318650447,27.2,27.093097856860652,True,prefix,full_fit
1157.0,3.6811,3.6705505225894983,27.2,27.094842195205047,True,prefix,full_fit
1158.0,3.6808,3.670235675826256,27.4,27.09658630803932,True,prefix,full_fit
1159.0,3.6805,3.6699205927389555,27.2,27.09833019574711,True,prefix,full_fit
1160.0,3.6802,3.6696052745477665,27.4,27.10007385871222,True,prefix,full_fit
1161.0,3.6796,3.6692897225287573,27.4,27.101817297318348,True,prefix,full_fit
1162.0,3.6793,3.6689739380132944,27.2,27.103560511949354,True,prefix,full_fit
1163.0,3.679,3.668657922437776,27.4,27.105303502616948,True,prefix,full_fit
1164.0,3.679,3.6683416782968985,27.2,27.107046261922505,True,prefix,full_fit
1165.0,3.678,3.668025206078904,27.4,27.108788797684383,True,prefix,full_fit
1166.0,3.678,3.6677085073331788,27.2,27.110531110266493,True,prefix,full_fit
1167.0,3.6777,3.667391583661387,27.2,27.112273200032746,True,prefix,full_fit
1168.0,3.6774,3.6670744367168537,27.2,27.114015067346998,True,prefix,full_fit
1169.0,3.6771,3.6667570682039727,27.4,27.115756712573102,True,prefix,full_fit
1170.0,3.6768,3.66643947987759,27.4,27.117498136075085,True,prefix,full_fit
1171.0,3.6762,3.6661216735424222,27.2,27.11923933821663,True,prefix,full_fit
1172.0,3.6762,3.665803651052459,27.2,27.120980319361763,True,prefix,full_fit
1173.0,3.6755,3.665485414310327,27.2,27.122721079874395,True,prefix,full_fit
1174.0,3.6752,3.665166965266744,27.4,27.124461620118325,True,prefix,full_fit
1175.0,3.6749,3.664848305919878,27.4,27.12620194045752,True,prefix,full_fit
1176.0,3.6743,3.664529438314753,27.4,27.127942041255835,True,prefix,full_fit
1177.0,3.674,3.664210364542688,27.4,27.129681922877126,True,prefix,full_fit
1178.0,3.6737,3.663891086740655,27.4,27.131421585685246,True,prefix,full_fit
1179.0,3.6731,3.6635716070906943,27.2,27.133161030044164,True,prefix,full_fit
1180.0,3.6728,3.663251927819337,27.2,27.134900256317792,True,prefix,full_fit
1181.0,3.6724,3.6629320511969765,27.3,27.136639264869928,True,prefix,full_fit
1182.0,3.6724,3.662611979537285,27.4,27.138378056064596,True,prefix,full_fit
1183.0,3.6718,3.662291715196633,27.4,27.14011663026548,True,prefix,full_fit
1184.0,3.6715,3.66197126057346,27.2,27.14185498783661,True,prefix,full_fit
1185.0,3.6712,3.6616506181076836,27.4,27.14359312914189,True,prefix,full_fit
1186.0,3.6709,3.6613297902801327,27.4,27.145331054545068,True,prefix,full_fit
1187.0,3.6706,3.6610087796119037,27.2,27.147068764410164,True,prefix,full_fit
1188.0,3.6703,3.660687588663785,27.4,27.148806259101093,True,prefix,full_fit
1189.0,3.6697,3.660366220035668,27.2,27.150543538981594,True,prefix,full_fit
1190.0,3.6697,3.6600446763659327,27.4,27.152280604415637,True,prefix,full_fit
1191.0,3.669,3.6597229603308317,27.3,27.154017455767132,True,prefix,full_fit
1192.0,3.6687,3.6594010746439367,27.4,27.155754093399935,True,prefix,full_fit
1193.0,3.6684,3.6590790220554923,27.4,27.1574905176779,True,prefix,full_fit
1194.0,3.6681,3.6587568053518407,27.4,27.159226728965052,True,prefix,full_fit
1195.0,3.6678,3.6584344273548055,27.4,27.160962727625133,True,prefix,full_fit
1196.0,3.6675,3.658111890921103,27.4,27.162698514022054,True,prefix,full_fit
1197.0,3.6672,3.657789198941739,27.4,27.164434088519727,True,prefix,full_fit
1198.0,3.6662,3.657466354341393,27.4,27.16616945148212,True,prefix,full_fit
1199.0,3.6662,3.657143359681869,27.4,27.16790416154197,True,prefix,full_fit
1200.0,3.6656,3.656820218330368,27.4,27.169638623476942,True,prefix,full_fit
1201.0,3.6653,3.6564969335365833,27.4,27.171373085411915,True,prefix,full_fit
1202.0,3.665,3.656173506597429,27.4,27.173105980336572,True,prefix,full_fit
1203.0,3.6647,3.6558499362892505,27.4,27.17483346166989,True,prefix,full_fit
1204.0,3.6644,3.6555262317966877,27.4,27.17656094300321,True,prefix,full_fit
1205.0,3.6641,3.6552023962631117,27.4,27.178288424336586,True,prefix,full_fit
1206.0,3.6638,3.654878432860764,27.4,27.180015905669904,True,prefix,full_fit
1207.0,3.6631,3.654554344790115,27.4,27.18174338700328,True,prefix,full_fit
1208.0,3.6628,3.6542301352793185,27.4,27.183470868336656,True,prefix,full_fit
1209.0,3.6625,3.6539058075835236,27.4,27.185198349669918,True,prefix,full_fit
1210.0,3.6622,3.6535813649843356,27.4,27.186925831003293,True,prefix,full_fit
1211.0,3.6619,3.6532568107891783,27.4,27.18865331233667,True,prefix,full_fit
1212.0,3.6616,3.652932148330676,27.4,27.19038079366993,True,prefix,full_fit
1213.0,3.661,3.6526073809660686,27.4,27.192108275003307,True,prefix,full_fit
1214.0,3.661,3.652282512076596,27.4,27.193835756336682,True,prefix,full_fit
1215.0,3.6604,3.651957545066858,27.4,27.19556323767,True,prefix,full_fit
1216.0,3.66,3.6516324833642577,27.4,27.197290719003377,True,prefix,full_fit
1217.0,3.6597,3.6513073304183474,27.4,27.199018200336695,True,prefix,full_fit
1218.0,3.6594,3.650982089700237,27.4,27.200745681670014,True,prefix,full_fit
1219.0,3.6591,3.6506567647019903,27.4,27.20247316300339,True,prefix,full_fit
1220.0,3.6588,3.6503313589359947,27.3,27.204200644336765,True,prefix,full_fit
1221.0,3.6579,3.6500058759343688,27.4,27.205928125670027,True,prefix,full_fit
1222.0,3.6576,3.649680319248345,27.4,27.207655607003403,True,prefix,full_fit
1223.0,3.6573,3.6493546924476634,27.4,27.20938308833678,True,prefix,full_fit
1224.0,3.6569,3.6490289991199583,27.4,27.211110569670097,True,prefix,full_fit
1225.0,3.6566,3.6487032428701496,27.4,27.212838051003416,True,prefix,full_fit
1226.0,3.6563,3.648377427319833,27.4,27.214565532336792,True,prefix,full_fit
1227.0,3.656,3.648051556106671,27.3,27.21629301367011,True,prefix,full_fit
1228.0,3.6557,3.647725632883791,27.3,27.218020495003486,True,prefix,full_fit
1229.0,3.6551,3.6473996613191653,27.6,27.219747976336862,True,prefix,full_fit
1230.0,3.6548,3.6470736450950154,27.6,27.221475457670124,True,prefix,full_fit
1231.0,3.6545,3.646747587907188,27.4,27.2232029390035,True,prefix,full_fit
1232.0,3.6542,3.646421493464577,27.5,27.224930420336875,True,prefix,full_fit
1233.0,3.6538,3.6460953654884767,27.4,27.226657901670137,True,prefix,full_fit
1234.0,3.6535,3.645769207712028,27.4,27.228385383003513,True,prefix,full_fit
1235.0,3.6532,3.6454430238795603,27.4,27.23011286433689,True,prefix,full_fit
1236.0,3.6529,3.645116817746027,27.5,27.231840345670207,True,prefix,full_fit
1237.0,3.6523,3.6447905876006277,27.4,27.23356361948612,True,prefix,full_fit
1238.0,3.652,3.644464341946587,27.4,27.235286319096247,True,prefix,full_fit
1239.0,3.6517,3.644138085154818,27.3,27.237008896195505,True,prefix,full_fit
1240.0,3.6514,3.643811821016564,27.4,27.238731350784008,True,prefix,full_fit
1241.0,3.6511,3.6434855533306756,27.4,27.24045368286164,True,prefix,full_fit
1242.0,3.6501,3.6431592859030117,27.5,27.242175892428406,True,prefix,full_fit
1243.0,3.6498,3.6428330225458305,27.4,27.243897979484416,True,prefix,full_fit
1244.0,3.6495,3.6425067670772133,27.4,27.245619944029556,True,prefix,full_fit
1245.0,3.6492,3.6421805233204716,27.4,27.247341786063885,True,prefix,full_fit
1246.0,3.6486,3.6418542951035415,27.4,27.2490635055874,True,prefix,full_fit
1247.0,3.6486,3.6415280862584085,27.4,27.250785102600048,True,prefix,full_fit
1248.0,3.648,3.6412019006205205,27.3,27.25250657710194,True,prefix,full_fit
1249.0,3.6476,3.6408757420281943,27.4,27.254227929092963,True,prefix,full_fit
1250.0,3.6473,3.6405496143220404,27.6,27.255949158573173,True,prefix,full_fit
1251.0,3.647,3.6402235213443754,27.4,27.257670265542572,True,prefix,full_fit
1252.0,3.6467,3.6398974669386397,27.4,27.259391250001045,True,prefix,full_fit
1253.0,3.6464,3.639571454948836,27.5,27.261112111948762,True,prefix,full_fit
1254.0,3.6458,3.6392454892189496,27.4,27.262832851385724,True,prefix,full_fit
1255.0,3.6455,3.638919573592351,27.4,27.26455346831176,True,prefix,full_fit
1256.0,3.6452,3.638593711911273,27.6,27.266273962726984,True,prefix,full_fit
1257.0,3.6449,3.63826790801619,27.5,27.267994334631396,True,prefix,full_fit
1258.0,3.6445,3.6379421657453097,27.5,27.269714584024996,True,prefix,full_fit
1259.0,3.6439,3.637616488933945,27.5,27.271434710907783,True,prefix,full_fit
1260.0,3.6439,3.6372908814140232,27.4,27.273154715279702,True,prefix,full_fit
1261.0,3.6433,3.6369653470134935,27.4,27.27487459714075,True,prefix,full_fit
1262.0,3.643,3.6366398895557475,27.3,27.276594356491103,True,prefix,full_fit
1263.0,3.6427,3.636314512859135,27.4,27.278313993330585,True,prefix,full_fit
1264.0,3.6421,3.6359892207363567,27.3,27.280033507659198,True,prefix,full_fit
1265.0,3.6418,3.635664016993954,27.4,27.281752899477,True,prefix,full_fit
1266.0,3.6411,3.6353389054317438,27.4,27.28347216878393,True,prefix,full_fit
1267.0,3.6408,3.6350138898423037,27.4,27.285191315580107,True,prefix,full_fit
1268.0,3.6405,3.634688974010425,27.3,27.286910339865415,True,prefix,full_fit
1269.0,3.6402,3.634364161712586,27.4,27.288629241639967,True,prefix,full_fit
1270.0,3.6399,3.634039456716411,27.3,27.290348020903593,True,prefix,full_fit
1271.0,3.6393,3.6337148627801725,27.4,27.292066677656464,True,prefix,full_fit
1272.0,3.6393,3.633390383652249,27.4,27.293785211898523,True,prefix,full_fit
1273.0,3.6387,3.633066023070608,27.6,27.295503623629656,True,prefix,full_fit
1274.0,3.6383,3.632741784762316,27.4,27.297221912849977,True,prefix,full_fit
1275.0,3.638,3.632417672443004,27.3,27.2989400795596,True,prefix,full_fit
1276.0,3.6377,3.632093689816379,27.3,27.300658123758296,True,prefix,full_fit
1277.0,3.6374,3.631769840573719,27.3,27.30237604544618,True,prefix,full_fit
1278.0,3.6368,3.6314461283933763,27.4,27.304093844623196,True,prefix,full_fit
1279.0,3.6365,3.631122556940286,27.4,27.305811521289513,True,prefix,full_fit
1280.0,3.6362,3.6307991298654714,27.4,27.307529075444904,True,prefix,full_fit
1281.0,3.6359,3.6304758508055692,27.4,27.309246507089483,True,prefix,full_fit
1282.0,3.6356,3.63015272338236,27.4,27.310963816223193,True,prefix,full_fit
1283.0,3.6352,3.6298297512022666,27.4,27.312681002846148,True,prefix,full_fit
1284.0,3.6346,3.629506937855896,27.3,27.314398066958233,True,prefix,full_fit
1285.0,3.634,3.6291842869176008,27.4,27.316115008559564,True,prefix,full_fit
1286.0,3.6337,3.62886180194497,27.5,27.317831827650025,True,prefix,full_fit
1287.0,3.6334,3.628539486478411,27.3,27.319548524229617,True,prefix,full_fit
1288.0,3.6331,3.6282173440406846,27.6,27.321265098298454,True,prefix,full_fit
1289.0,3.6325,3.6278953781364587,27.3,27.322981549856365,True,prefix,full_fit
1290.0,3.6321,3.627573592251863,27.3,27.324697878903578,True,prefix,full_fit
1291.0,3.6318,3.627251989854064,27.3,27.326414085439865,True,prefix,full_fit
1292.0,3.6315,3.626930574390826,27.3,27.32813016946534,True,prefix,full_fit
1293.0,3.6312,3.6266093492900886,27.4,27.32984613098006,True,prefix,full_fit
1294.0,3.6309,3.626288317959547,27.4,27.331561969983852,True,prefix,full_fit
1295.0,3.6306,3.6259674837862135,27.3,27.33327768647689,True,prefix,full_fit
1296.0,3.63,3.625646850136056,27.5,27.33499328045906,True,prefix,full_fit
1297.0,3.6297,3.625326420353543,27.3,27.336708751930416,True,prefix,full_fit
1298.0,3.6294,3.6250061977612695,27.5,27.33842410089096,True,prefix,full_fit
1299.0,3.629,3.624686185659564,27.5,27.340139327340694,True,prefix,full_fit
1300.0,3.6284,3.624366387326075,27.4,27.341854431279558,True,prefix,full_fit
1301.0,3.6281,3.624046806015425,27.4,27.343569412707666,True,prefix,full_fit
1302.0,3.6278,3.6237274449588055,27.3,27.34528427162485,True,prefix,full_fit
1303.0,3.6275,3.6234083073636105,27.3,27.346999008031275,True,prefix,full_fit
1304.0,3.6272,3.6230893964130737,27.4,27.348713621926834,True,prefix,full_fit
1305.0,3.6263,3.622770715265905,27.5,27.35042811331158,True,prefix,full_fit
1306.0,3.6259,3.622452267055928,27.4,27.352142482185513,True,prefix,full_fit
1307.0,3.6256,3.6221340548917453,27.5,27.353856728548635,True,prefix,full_fit
1308.0,3.6253,3.6218160818563905,27.3,27.355570852400888,True,prefix,full_fit
1309.0,3.625,3.621498351006969,27.5,27.357284853742385,True,prefix,full_fit
1310.0,3.6247,3.621180865374364,27.5,27.358998732572957,True,prefix,full_fit
1311.0,3.6241,3.620863627962874,27.5,27.360712488892773,True,prefix,full_fit
1312.0,3.6238,3.6205466405196907,27.6,27.362425564135947,True,prefix,full_fit
1313.0,3.6235,3.6202299065028747,27.6,27.36413818878873,True,prefix,full_fit
1314.0,3.6232,3.6199134295073865,27.4,27.365850668062933,True,prefix,full_fit
1315.0,3.6225,3.6195972124281277,27.5,27.36756300195856,True,prefix,full_fit
1316.0,3.6222,3.6192812581318683,27.5,27.369275190475605,True,prefix,full_fit
1317.0,3.6219,3.6189655694569707,27.5,27.370987233614073,True,prefix,full_fit
1318.0,3.6216,3.618650149213122,27.5,27.37269913137402,True,prefix,full_fit
1319.0,3.6213,3.6183350001810215,27.5,27.374410883755388,True,prefix,full_fit
1320.0,3.6207,3.618020125112145,27.3,27.376122490758178,True,prefix,full_fit
1321.0,3.6204,3.617705526728441,27.3,27.377833952382446,True,prefix,full_fit
1322.0,3.6201,3.6173912077221,27.5,27.37954526862808,True,prefix,full_fit
1323.0,3.6197,3.6170771707552776,27.5,27.38125643949519,True,prefix,full_fit
1324.0,3.6194,3.616763418459856,27.3,27.382967464983665,True,prefix,full_fit
1325.0,3.6188,3.6164499534372054,27.5,27.384678345093562,True,prefix,full_fit
1326.0,3.6182,3.616136778257937,27.5,27.386389079824994,True,prefix,full_fit
1327.0,3.6179,3.615823895461665,27.3,27.388099669177848,True,prefix,full_fit
1328.0,3.6176,3.6155113075568175,27.5,27.389810113152066,True,prefix,full_fit
1329.0,3.6173,3.615199017020368,27.5,27.391520411747706,True,prefix,full_fit
1330.0,3.6166,3.6148870262976622,27.3,27.393230564964824,True,prefix,full_fit
1331.0,3.6163,3.6145753378021923,27.5,27.394940572803364,True,prefix,full_fit
1332.0,3.616,3.614263953915399,27.5,27.39665043526327,True,prefix,full_fit
1333.0,3.6157,3.613952876986472,27.3,27.398360152344708,True,prefix,full_fit
1334.0,3.6154,3.613642109332178,27.3,27.400069724047512,True,prefix,full_fit
1335.0,3.6148,3.6133316532366617,27.5,27.401779150371794,True,prefix,full_fit
1336.0,3.6145,3.6130215109512682,27.3,27.40348843131744,True,prefix,full_fit
1337.0,3.6142,3.6127116846943874,27.3,27.405197566884567,True,prefix,full_fit
1338.0,3.6139,3.6124021766512713,27.3,27.40690655707317,True,prefix,full_fit
1339.0,3.6132,3.6120929889738846,27.4,27.40861540188314,True,prefix,full_fit
1340.0,3.6129,3.611784123780753,27.3,27.41032410131453,True,prefix,full_fit
1341.0,3.6126,3.611475583156798,27.3,27.41203265536734,True,prefix,full_fit
1342.0,3.6123,3.611167369153231,27.5,27.413741064041687,True,prefix,full_fit
1343.0,3.612,3.610859483787381,27.3,27.4154493273374,True,prefix,full_fit
1344.0,3.6114,3.6105519290425767,27.3,27.417157445254475,True,prefix,full_fit
1345.0,3.6111,3.6102447068680408,27.3,27.418865417793086,True,prefix,full_fit
1346.0,3.6108,3.6099378191787337,27.3,27.42057324495312,True,prefix,full_fit
1347.0,3.6101,3.6096312678552827,27.5,27.422280926734516,True,prefix,full_fit
1348.0,3.6098,3.609325054743839,27.3,27.423988463137334,True,prefix,full_fit
1349.0,3.6092,3.6090191816560013,27.3,27.42569585416163,True,prefix,full_fit
1350.0,3.6089,3.6087136503687036,27.3,27.42740309980735,True,prefix,full_fit
1351.0,3.6086,3.6084084626241335,27.3,27.429110200074547,True,prefix,full_fit
1352.0,3.608,3.608103620129646,27.5,27.43081715496311,True,prefix,full_fit
1353.0,3.608,3.607799124557687,27.5,27.43252396447315,True,prefix,full_fit
1354.0,3.6077,3.6074949775457,27.5,27.434230628604553,True,prefix,full_fit
1355.0,3.607,3.607191180696089,27.3,27.435937147357436,True,prefix,full_fit
1356.0,3.6067,3.6068877355761266,27.5,27.43764352073174,True,prefix,full_fit
1357.0,3.6064,3.6065846437179294,27.3,27.439349748727466,True,prefix,full_fit
1358.0,3.6058,3.606281906618351,27.5,27.44105583134467,True,prefix,full_fit
1359.0,3.6055,3.6059795257389906,27.5,27.44276176858324,True,prefix,full_fit
1360.0,3.6052,3.605677502506136,27.5,27.444467560443343,True,prefix,full_fit
1361.0,3.6049,3.6053758383106853,27.3,27.446173206924755,True,prefix,full_fit
1362.0,3.6042,3.6050745345081814,27.5,27.447878708027645,True,prefix,full_fit
1363.0,3.6042,3.6047735924187374,27.5,27.449584063752013,True,prefix,full_fit
1364.0,3.6039,3.6044730133270195,27.3,27.451289274097746,True,prefix,full_fit
1365.0,3.6033,3.604172798482258,27.5,27.4529943390649,True,prefix,full_fit
1366.0,3.603,3.6038729490981956,27.5,27.45469925865359,True,prefix,full_fit
1367.0,3.6027,3.60357346635312,27.3,27.45640403286359,True,prefix,full_fit
1368.0,3.6021,3.603274351389826,27.3,27.458108661695064,True,prefix,full_fit
1369.0,3.6018,3.602975605315643,27.5,27.45981314514796,True,prefix,full_fit
1370.0,3.6011,3.6026772292024183,27.3,27.461517483222337,True,prefix,full_fit
1371.0,3.6008,3.6023792240865538,27.5,27.463221675918135,True,prefix,full_fit
1372.0,3.6005,3.602081590969007,27.5,27.464925723235297,True,prefix,full_fit
1373.0,3.5999,3.601784330815308,27.5,27.466629625173994,True,prefix,full_fit
1374.0,3.5996,3.6014874445555995,27.3,27.468333381734055,True,prefix,full_fit
1375.0,3.5993,3.60119093308464,27.5,27.47003699291554,True,prefix,full_fit
1376.0,3.599,3.600894797261876,27.5,27.471740458718443,True,prefix,full_fit
1377.0,3.5984,3.6005990379114294,27.5,27.473443779142826,True,prefix,full_fit
1378.0,3.598,3.600303655822195,27.5,27.475146954188574,True,prefix,full_fit
1379.0,3.5977,3.60000865174784,27.5,27.476849983855857,True,prefix,full_fit
1380.0,3.5974,3.5997140264068737,27.5,27.478552868144448,True,prefix,full_fit
1381.0,3.5971,3.599419780482703,27.5,27.480255607054573,True,prefix,full_fit
1382.0,3.5965,3.5991259146236896,27.5,27.481958200586064,True,prefix,full_fit
1383.0,3.5962,3.5988324294432052,27.5,27.483660648739033,True,prefix,full_fit
1384.0,3.5959,3.598539325519704,27.5,27.485362951513423,True,prefix,full_fit
1385.0,3.5956,3.5982466033967797,27.5,27.487065108909178,True,prefix,full_fit
1386.0,3.5953,3.5979542635832633,27.5,27.488767120926468,True,prefix,full_fit
1387.0,3.5949,3.5976623075041174,27.5,27.490469957293442,True,prefix,full_fit
1388.0,3.594,3.597370736188071,27.5,27.49217421287574,True,prefix,full_fit
1389.0,3.5937,3.5970795485339524,27.5,27.493878348797693,True,prefix,full_fit
1390.0,3.5934,3.5967887449124305,27.5,27.495582365059306,True,prefix,full_fit
1391.0,3.5931,3.596498325659803,27.5,27.49728626166052,True,prefix,full_fit
1392.0,3.5928,3.596208291078115,27.5,27.49899003860145,True,prefix,full_fit
1393.0,3.5921,3.5959186414352287,27.5,27.50069369588209,True,prefix,full_fit
1394.0,3.5918,3.5956293769649372,27.5,27.50239723350228,True,prefix,full_fit
1395.0,3.5915,3.595340497867068,27.5,27.50410065146218,True,prefix,full_fit
1396.0,3.5912,3.5950520043075924,27.5,27.50580394976174,True,prefix,full_fit
1397.0,3.5909,3.5947638964187045,27.5,27.507507128400903,True,prefix,full_fit
1398.0,3.5903,3.5944761742989844,27.5,27.509210187379836,True,prefix,full_fit
1399.0,3.59,3.594188838013468,27.5,27.51091312669837,True,prefix,full_fit
1400.0,3.5897,3.5939018875937863,27.3,27.51261594635656,True,prefix,full_fit
1401.0,3.5894,3.5936153230382883,27.5,27.51431864635441,True,prefix,full_fit
1402.0,3.589,3.5933291443121362,27.5,27.51602122669192,True,prefix,full_fit
1403.0,3.5884,3.59304335134747,27.5,27.517723687369084,True,prefix,full_fit
1404.0,3.5881,3.5927579440435062,27.5,27.519426028385908,True,prefix,full_fit
1405.0,3.5878,3.592472922266682,27.5,27.521128249742333,True,prefix,full_fit
1406.0,3.5875,3.5921882858507734,27.5,27.522830351438472,True,prefix,full_fit
1407.0,3.5872,3.591904034597053,27.5,27.524532333474326,True,prefix,full_fit
1408.0,3.5869,3.591620168274404,27.3,27.526234195849725,True,prefix,full_fit
1409.0,3.5859,3.591336686619461,27.5,27.527935938564895,True,prefix,full_fit
1410.0,3.5856,3.591053589336779,27.5,27.52963756161961,True,prefix,full_fit
1411.0,3.5853,3.5907708760989387,27.5,27.531339065014038,True,prefix,full_fit
1412.0,3.5847,3.590488546546714,27.5,27.53304044874818,True,prefix,full_fit
1413.0,3.5844,3.590206600289213,27.3,27.534741712821926,True,prefix,full_fit
1414.0,3.5841,3.5899250369040328,27.5,27.536442857235272,True,prefix,full_fit
1415.0,3.5838,3.589643855937394,27.5,27.538143881988333,True,prefix,full_fit
1416.0,3.5835,3.589363056904312,27.5,27.53984478708111,True,prefix,full_fit
1417.0,3.5832,3.5890826392887423,27.5,27.541545572513485,True,prefix,full_fit
1418.0,3.5825,3.5888026025437294,27.5,27.54324623828552,True,prefix,full_fit
1419.0,3.5822,3.588522946091572,27.5,27.544946784397155,True,prefix,full_fit
1420.0,3.5819,3.5882436693239854,27.5,27.546647210848562,True,prefix,full_fit
1421.0,3.5816,3.587964771602248,27.5,27.54834751763957,True,prefix,full_fit
1422.0,3.5813,3.5876862522573716,27.5,27.550047704770236,True,prefix,full_fit
1423.0,3.5807,3.5874081105902618,27.5,27.55174777224056,True,prefix,full_fit
1424.0,3.5804,3.587130345871878,27.5,27.553447720050542,True,prefix,full_fit
1425.0,3.5801,3.586852957343405,27.5,27.555147548200182,True,prefix,full_fit
1426.0,3.5797,3.58657594421641,27.5,27.556847256689537,True,prefix,full_fit
1427.0,3.5794,3.5862993056730184,27.5,27.558546845518492,True,prefix,full_fit
1428.0,3.5791,3.5860230408660714,27.5,27.56024631468705,True,prefix,full_fit
1429.0,3.5785,3.5857471489193067,27.5,27.561945664195378,True,prefix,full_fit
1430.0,3.5785,3.585471628927502,27.5,27.563644894043307,True,prefix,full_fit
1431.0,3.5776,3.5851964799566836,27.5,27.565344004230894,True,prefix,full_fit
1432.0,3.5773,3.5849217010442707,27.5,27.56704299475814,True,prefix,full_fit
1433.0,3.577,3.58464729119925,27.5,27.5687418656251,True,prefix,full_fit
1434.0,3.5766,3.5843732494023515,27.5,27.570440616831604,True,prefix,full_fit
1435.0,3.5763,3.5840995746062285,27.5,27.57213924837788,True,prefix,full_fit
1436.0,3.5757,3.5838262657356013,27.5,27.5738377602637,True,prefix,full_fit
1437.0,3.5754,3.5835533216874786,27.5,27.575536152489292,True,prefix,full_fit
1438.0,3.5751,3.5832807413312806,27.5,27.577234425054485,True,prefix,full_fit
1439.0,3.5748,3.5830085235090556,27.5,27.578932577959392,True,prefix,full_fit
1440.0,3.5745,3.582736667035627,27.5,27.5806306112039,True,prefix,full_fit
1441.0,3.5742,3.5824651706987694,27.5,27.582328524788068,True,prefix,full_fit
1442.0,3.5735,3.5821940332594115,27.5,27.584026318711892,True,prefix,full_fit
1443.0,3.5732,3.5819232534517704,27.5,27.585723992975375,True,prefix,full_fit
1444.0,3.5729,3.5816528299835557,27.5,27.587421547578515,True,prefix,full_fit
1445.0,3.5726,3.5813827615361435,27.5,27.58911898252137,True,prefix,full_fit
1446.0,3.5723,3.5811130467647256,27.5,27.590816297803826,True,prefix,full_fit
1447.0,3.572,3.5808436842985216,27.5,27.592513493425997,True,prefix,full_fit
1448.0,3.5717,3.5805746727409242,27.5,27.59421056938777,True,prefix,full_fit
1449.0,3.5711,3.5803060106696867,27.5,27.5959075256892,True,prefix,full_fit
1450.0,3.5708,3.580037696637104,27.5,27.597604362330344,True,prefix,full_fit
1451.0,3.5704,3.579769729170166,27.5,27.599301079311033,True,prefix,full_fit
1452.0,3.5698,3.5795021067707546,27.5,27.600997676631494,True,prefix,full_fit
1453.0,3.5695,3.5792348279157995,27.5,27.602694154291555,True,prefix,full_fit
1454.0,3.5692,3.5789678910574767,27.5,27.604390512291275,True,prefix,full_fit
1455.0,3.5686,3.578701294623339,27.5,27.60608675063071,True,prefix,full_fit
1456.0,3.5683,3.5784350370165376,27.5,27.6077828693098,True,prefix,full_fit
1457.0,3.568,3.5781691166159586,27.5,27.609478868328495,True,prefix,full_fit
1458.0,3.5677,3.577903531776406,27.5,27.611174747686846,True,prefix,full_fit
1459.0,3.5673,3.577638280828781,27.5,27.612870507384912,True,prefix,full_fit
1460.0,3.567,3.577373362080237,27.5,27.61456614742258,True,prefix,full_fit
1461.0,3.5667,3.5771087738143694,27.5,27.616261667799904,True,prefix,full_fit
1462.0,3.5661,3.5768445142913534,27.5,27.617957068516887,True,prefix,full_fit
1463.0,3.5658,3.576580581748139,27.5,27.619652349573585,True,prefix,full_fit
1464.0,3.5655,3.576316974398627,27.5,27.621347510969883,True,prefix,full_fit
1465.0,3.5652,3.5760536904337963,27.5,27.623042552705897,True,prefix,full_fit
1466.0,3.5649,3.575790728021905,27.5,27.62473747478151,True,prefix,full_fit
1467.0,3.5642,3.575528085308652,27.5,27.62643227719684,True,prefix,full_fit
1468.0,3.5639,3.5752657604173144,27.5,27.62812695995177,True,prefix,full_fit
1469.0,3.5636,3.5750037514489392,27.5,27.62982152304636,True,prefix,full_fit
1470.0,3.5633,3.574742056482507,27.5,27.631515966480606,True,prefix,full_fit
1471.0,3.563,3.5744806735750627,27.5,27.633210290254567,True,prefix,full_fit
1472.0,3.5624,3.5742196007619134,27.5,27.63490449436813,True,prefix,full_fit
1473.0,3.5624,3.573958836056763,27.5,27.636598578821406,True,prefix,full_fit
1474.0,3.5615,3.5736983774518793,27.5,27.638292543614284,True,prefix,full_fit
1475.0,3.5611,3.573438222918253,27.5,27.639986388746877,True,prefix,full_fit
1476.0,3.5608,3.5731783704057505,27.5,27.641680114219128,True,prefix,full_fit
1477.0,3.5605,3.5729188178432714,27.5,27.64337372003098,True,prefix,full_fit
1478.0,3.5602,3.5726595631388953,27.5,27.645067206182546,True,prefix,full_fit
1479.0,3.5599,3.572400604180053,27.5,27.646760572673713,True,prefix,full_fit
1480.0,3.5593,3.5721419388336626,27.5,27.648453819504596,True,prefix,full_fit
1481.0,3.559,3.571883564946265,27.5,27.65014694667508,True,prefix,full_fit
1482.0,3.5587,3.5716254803442147,27.5,27.651839954185277,True,prefix,full_fit
1483.0,3.5584,3.5713676828338037,27.5,27.653532842035077,True,prefix,full_fit
1484.0,3.558,3.5711101702013957,27.5,27.65522561022459,True,prefix,full_fit
1485.0,3.5577,3.570852940213596,27.5,27.656918258753706,True,prefix,full_fit
1486.0,3.5574,3.5705959906173854,27.5,27.658610787622536,True,prefix,full_fit
1487.0,3.5571,3.570339319140252,27.5,27.660303196830966,True,prefix,full_fit
1488.0,3.5568,3.5700829234903546,27.5,27.661995486379112,True,prefix,full_fit
1489.0,3.5565,3.569826801356652,27.5,27.663687656266916,True,prefix,full_fit
1490.0,3.5559,3.56957095040903,27.5,27.66537970649432,True,prefix,full_fit
1491.0,3.5556,3.569315368298465,27.5,27.66707163706144,True,prefix,full_fit
1492.0,3.5553,3.5690600526571385,27.5,27.668763447968217,True,prefix,full_fit
1493.0,3.5549,3.5688050010985783,27.5,27.670455139214596,True,prefix,full_fit
1494.0,3.5546,3.5685502112177923,27.5,27.67214671080069,True,prefix,full_fit
1495.0,3.554,3.5682956805914134,27.5,27.673838162726383,True,prefix,full_fit
1496.0,3.5537,3.568041406777792,27.5,27.675529494991736,True,prefix,full_fit
1497.0,3.5531,3.5677873873171775,27.5,27.67722070759686,True,prefix,full_fit
1498.0,3.5528,3.567533619731797,27.5,27.678911800541528,True,prefix,full_fit
1499.0,3.5525,3.5672801015260163,27.5,27.68060277382591,True,prefix,full_fit
1500.0,3.5522,3.567026830186444,27.5,27.682293627449894,True,prefix,full_fit
1501.0,3.5518,3.5667738031820653,27.5,27.683984361413593,True,prefix,full_fit
1502.0,3.5515,3.566521017964363,27.5,27.68567497571695,True,prefix,full_fit
1503.0,3.5512,3.566268471967431,27.5,27.687365470359907,True,prefix,full_fit
1504.0,3.5509,3.5660161626081024,27.5,27.68905584534258,True,prefix,full_fit
1505.0,3.5506,3.5657640872860448,27.5,27.69074610066491,True,prefix,full_fit
1506.0,3.55,3.56551224338392,27.5,27.69243623632684,True,prefix,full_fit
1507.0,3.5497,3.565260628267454,27.5,27.694126252328488,True,prefix,full_fit
1508.0,3.5494,3.5650092392855637,27.5,27.695816148669735,True,prefix,full_fit
1509.0,3.5491,3.564758073770497,27.5,27.697505925350754,True,prefix,full_fit
1510.0,3.5487,3.5645071290378763,27.5,27.699195582371317,True,prefix,full_fit
1511.0,3.5484,3.5642564023868895,27.3,27.700885119731538,True,prefix,full_fit
1512.0,3.5481,3.564005891100331,27.5,27.70257453743153,True,prefix,full_fit
1513.0,3.5478,3.563755592444739,27.5,27.704263835471124,True,prefix,full_fit
1514.0,3.5472,3.5635055036704983,27.5,27.70595301385032,True,prefix,full_fit
1515.0,3.5469,3.563255622011913,27.5,27.70764207256923,True,prefix,full_fit
1516.0,3.5466,3.56300594468737,27.5,27.709331011627796,True,prefix,full_fit
1517.0,3.546,3.562756468899365,27.5,27.711019831025965,True,prefix,full_fit
1518.0,3.5456,3.562507191834653,27.5,27.712708530763848,True,prefix,full_fit
1519.0,3.5453,3.5622581106643256,27.5,27.71439711084139,True,prefix,full_fit
1520.0,3.545,3.5620092225439013,27.5,27.71608557125853,True,prefix,full_fit
1521.0,3.5447,3.5617605246134447,27.5,27.717773912015446,True,prefix,full_fit
1522.0,3.5444,3.5615120139976106,27.5,27.719462133111904,True,prefix,full_fit
1523.0,3.5441,3.5612636878058006,27.5,27.721150234548077,True,prefix,full_fit
1524.0,3.5435,3.5610155431321817,27.5,27.722838216323908,True,prefix,full_fit
1525.0,3.5435,3.5607675770558367,27.5,27.72452607843934,True,prefix,full_fit
1526.0,3.5429,3.560519786640815,27.5,27.726213820894543,True,prefix,full_fit
1527.0,3.5425,3.560272168936217,27.5,27.727901443689348,True,prefix,full_fit
1528.0,3.5422,3.560024720976302,27.5,27.72958894682381,True,prefix,full_fit
1529.0,3.5419,3.5597774397805635,27.5,27.73127633029793,True,prefix,full_fit
1530.0,3.5416,3.5595303223537846,27.5,27.73296359411171,True,prefix,full_fit
1531.0,3.5413,3.5592833656861416,27.5,27.73465073826509,True,prefix,full_fit
1532.0,3.541,3.5590365667533015,27.3,27.736337762758183,True,prefix,full_fit
1533.0,3.5407,3.55878992251645,27.5,27.738024667590935,True,prefix,full_fit
1534.0,3.5404,3.558543429922411,27.5,27.739711452763288,True,prefix,full_fit
1535.0,3.5401,3.558297085903708,27.5,27.741398118275413,True,prefix,full_fit
1536.0,3.5398,3.558050887378625,27.5,27.74308466412714,True,prefix,full_fit
1537.0,3.5391,3.5578048312512913,27.5,27.744771090318523,True,prefix,full_fit
1538.0,3.5391,3.5575589144117497,27.5,27.746457396849507,True,prefix,full_fit
1539.0,3.5385,3.55731313373605,27.5,27.748143583720264,True,prefix,full_fit
1540.0,3.5379,3.5570674860862663,27.5,27.74982965093062,True,prefix,full_fit
1541.0,3.5376,3.5568219683106177,27.5,27.75151559848058,True,prefix,full_fit
1542.0,3.5373,3.556576577243503,27.5,27.753201426370254,True,prefix,full_fit
1543.0,3.537,3.5563313097055747,27.5,27.754887134599585,True,prefix,full_fit
1544.0,3.5367,3.556086162503812,27.5,27.756572723168574,True,prefix,full_fit
1545.0,3.536,3.555841132431572,27.5,27.75825819207722,True,prefix,full_fit
1546.0,3.536,3.555596216268662,27.5,27.759943541325526,True,prefix,full_fit
1547.0,3.5357,3.555351410781396,27.5,27.76162877091349,True,prefix,full_fit
1548.0,3.5351,3.555106712722656,27.5,27.76331388084111,True,prefix,full_fit
1549.0,3.5351,3.5548621188319536,27.5,27.76499887110839,True,prefix,full_fit
1550.0,3.5345,3.5546176258354913,27.5,27.766683741715326,True,prefix,full_fit
1551.0,3.5342,3.554373230446205,27.5,27.76836849266192,True,prefix,full_fit
1552.0,3.5339,3.5541289293638445,27.5,27.770053123948117,True,prefix,full_fit
1553.0,3.5336,3.5538847192750205,27.5,27.771737635574084,True,prefix,full_fit
1554.0,3.5336,3.5536405968532434,27.5,27.773422027539652,True,prefix,full_fit
1555.0,3.5332,3.553396558759011,27.5,27.77510629984488,True,prefix,full_fit
1556.0,3.5326,3.5531526016398267,27.5,27.776790452489763,True,prefix,full_fit
1557.0,3.5323,3.552908722130285,27.5,27.778474485474305,True,prefix,full_fit
1558.0,3.532,3.5526649168521045,27.5,27.780158398798505,True,prefix,full_fit
1559.0,3.5317,3.552421182414178,27.5,27.78184219246242,True,prefix,full_fit
1560.0,3.5317,3.552177515412636,27.5,27.783525866465936,True,prefix,full_fit
1561.0,3.5311,3.551933912430898,27.5,27.785209420809053,True,prefix,full_fit
1562.0,3.5308,3.5516903700396987,27.5,27.786892855491942,True,prefix,full_fit
1563.0,3.5305,3.5514468847971843,27.5,27.788576170514432,True,prefix,full_fit
1564.0,3.5298,3.5512034532488985,27.5,27.79025936587658,True,prefix,full_fit
1565.0,3.5295,3.5509600719278973,27.5,27.79194244157833,True,prefix,full_fit
1566.0,3.5292,3.5507167373547426,27.5,27.79362539761985,True,prefix,full_fit
1567.0,3.5289,3.550473446037592,27.5,27.79530823400097,True,prefix,full_fit
1568.0,3.5286,3.5502301944722143,27.5,27.79699095072175,True,prefix,full_fit
1569.0,3.5283,3.549986979142067,27.5,27.798673547782187,True,prefix,full_fit
1570.0,3.5277,3.5497437965183103,27.5,27.800356025182282,True,prefix,full_fit
1571.0,3.5277,3.549500643059875,27.5,27.802038382922035,True,prefix,full_fit
1572.0,3.5274,3.549257515213508,27.5,27.803720621001503,True,prefix,full_fit
1573.0,3.5267,3.5490144094138296,27.5,27.805402739420572,True,prefix,full_fit
1574.0,3.5267,3.548771322083346,27.5,27.8070847381793,True,prefix,full_fit
1575.0,3.5261,3.548528249632515,27.5,27.80876661727774,True,prefix,full_fit
1576.0,3.5258,3.548285188459816,27.5,27.810448376715726,True,prefix,full_fit
1577.0,3.5258,3.5480421349517584,27.5,27.812130016493484,True,prefix,full_fit
1578.0,3.5255,3.547799085482951,27.5,27.813811536610842,True,prefix,full_fit
1579.0,3.5249,3.547556036416134,27.5,27.815492937067916,True,prefix,full_fit
1580.0,3.5249,3.5473129841022466,27.5,27.817174217864533,True,prefix,full_fit
1581.0,3.5246,3.547069924880451,27.5,27.818855379000922,True,prefix,full_fit
1582.0,3.5239,3.546826855827573,27.5,27.82053685763441,True,prefix,full_fit
1583.0,3.5236,3.546583782185548,27.5,27.822223858868142,True,prefix,full_fit
1584.0,3.5233,3.546340690695478,27.5,27.82391080233191,True,prefix,full_fit
1585.0,3.523,3.546097577650011,27.5,27.82559768802571,True,prefix,full_fit
1586.0,3.5227,3.5458544393302383,27.5,27.827284515949543,True,prefix,full_fit
1587.0,3.5224,3.545611272005787,27.5,27.828971286103467,True,prefix,full_fit
1588.0,3.5218,3.5453680719348677,27.5,27.83065799848731,True,prefix,full_fit
1589.0,3.5215,3.545124835364305,27.5,27.832344653101188,True,prefix,full_fit
1590.0,3.5212,3.544881558529579,27.5,27.8340312499451,True,prefix,full_fit
1591.0,3.5208,3.5446382376549246,27.5,27.8357177890191,True,prefix,full_fit
1592.0,3.5208,3.5443948689533524,27.5,27.837404270323077,True,prefix,full_fit
1593.0,3.5202,3.5441514486266743,27.5,27.839090693857088,True,prefix,full_fit
1594.0,3.5199,3.543907972865625,27.5,27.840777059621132,True,prefix,full_fit
1595.0,3.5196,3.5436644378498565,27.5,27.84246336761521,True,prefix,full_fit
1596.0,3.5193,3.5434208397480282,27.5,27.84414961783932,True,prefix,full_fit
1597.0,3.519,3.543177174717853,27.5,27.84583581029341,True,prefix,full_fit
1598.0,3.519,3.542933438906148,27.5,27.84752194497753,True,prefix,full_fit
1599.0,3.5184,3.542689628448914,27.5,27.84920802189174,True,prefix,full_fit
1600.0,3.5181,3.5424457394713778,27.5,27.850894041035872,True,prefix,full_fit
1601.0,3.5177,3.542201768088054,27.5,27.852580002410093,True,prefix,full_fit
1602.0,3.5174,3.541957710402824,27.5,27.854265906014348,True,prefix,full_fit
1603.0,3.5171,3.541713562508985,27.5,27.855951751848636,True,prefix,full_fit
1604.0,3.5168,3.541469320489321,27.5,27.857637539912957,True,prefix,full_fit
1605.0,3.5165,3.5412249804161635,27.5,27.859323270207256,True,prefix,full_fit
1606.0,3.5162,3.5409805383514814,27.5,27.861008942731644,True,prefix,full_fit
1607.0,3.5159,3.540735990346919,27.5,27.86269455748601,True,prefix,full_fit
1608.0,3.5156,3.540491332443897,27.5,27.864380114470407,True,prefix,full_fit
1609.0,3.5153,3.5402465606736646,27.5,27.866065613684896,True,prefix,full_fit
1610.0,3.515,3.540001671057398,27.5,27.867751055129304,True,prefix,full_fit
1611.0,3.5146,3.53975665960624,27.5,27.869436438803803,True,prefix,full_fit
1612.0,3.5143,3.539511522321437,27.7,27.871121764708278,True,prefix,full_fit
1613.0,3.5137,3.539266255194347,27.5,27.872807032842843,True,prefix,full_fit
1614.0,3.5134,3.539020854206587,27.5,27.874492243207385,True,prefix,full_fit
1615.0,3.5131,3.53877531533009,27.5,27.876177395802017,True,prefix,full_fit
1616.0,3.5128,3.5385296345271917,27.5,27.877862490626626,True,prefix,full_fit
1617.0,3.5128,3.538283807750712,27.7,27.879547527681268,True,prefix,full_fit
1618.0,3.5125,3.53803783094407,27.5,27.881232506965887,True,prefix,full_fit
1619.0,3.5119,3.537791700041359,27.7,27.882917428480596,True,prefix,full_fit
1620.0,3.5119,3.537545410967462,27.5,27.88460229222534,True,prefix,full_fit
1621.0,3.5115,3.537298959638109,27.5,27.886287098200057,True,prefix,full_fit
1622.0,3.5109,3.5370523419600417,27.5,27.887971846404866,True,prefix,full_fit
1623.0,3.5106,3.5368055538310528,27.5,27.889656536839652,True,prefix,full_fit
1624.0,3.5106,3.536558591140141,27.5,27.89134116950447,True,prefix,full_fit
1625.0,3.5103,3.536311449767595,27.5,27.893025744399324,True,prefix,full_fit
1626.0,3.51,3.536064125585111,27.5,27.894710261524153,True,prefix,full_fit
1627.0,3.5097,3.5358166144559102,27.5,27.896394720879073,True,prefix,full_fit
1628.0,3.5094,3.5355689122348557,27.5,27.89807912246397,True,prefix,full_fit
1629.0,3.5091,3.5353210147685727,27.5,27.899763466278955,True,prefix,full_fit
1630.0,3.5088,3.5350729178955667,27.5,27.901447752323975,True,prefix,full_fit
1631.0,3.5084,3.534824617446376,27.5,27.90313198059897,True,prefix,full_fit
1632.0,3.5081,3.5345761092436563,27.5,27.904816151104,True,prefix,full_fit
1633.0,3.5078,3.534327389102356,27.5,27.906500263839064,True,prefix,full_fit
1634.0,3.5075,3.5340784528298337,27.5,27.908184318804103,True,prefix,full_fit
1635.0,3.5072,3.533829296226006,27.5,27.90986831599929,True,prefix,full_fit
1636.0,3.5069,3.533579915083477,27.5,27.911552255424397,True,prefix,full_fit
1637.0,3.5066,3.5333303051877127,27.5,27.913236137079593,True,prefix,full_fit
1638.0,3.5063,3.5330804623171566,27.5,27.914919960964767,True,prefix,full_fit
1639.0,3.5057,3.532830382243419,27.4,27.916603727079917,True,prefix,full_fit
1640.0,3.5053,3.5325800607314095,27.5,27.918287435425214,True,prefix,full_fit
1641.0,3.505,3.5323294935395113,27.4,27.919971086000487,True,prefix,full_fit
1642.0,3.5047,3.5320786764197463,27.5,27.921654678805737,True,prefix,full_fit
1643.0,3.5044,3.531827605117948,27.5,27.923338213841078,True,prefix,full_fit
1644.0,3.5041,3.531576275373927,27.5,27.92502169110645,True,prefix,full_fit
1645.0,3.5038,3.5313246829216602,27.5,27.9267051106018,True,prefix,full_fit
1646.0,3.5035,3.531072823489454,27.5,27.928388472327185,True,prefix,full_fit
1647.0,3.5035,3.530820692800158,27.5,27.93007177628266,True,prefix,full_fit
1648.0,3.5032,3.530568286571338,27.5,27.93175502246811,True,prefix,full_fit
1649.0,3.5026,3.53031560051548,27.4,27.933438210883594,True,prefix,full_fit
1650.0,3.5022,3.530062630340172,27.5,27.93512134152911,True,prefix,full_fit
1651.0,3.5019,3.5298093717483425,27.5,27.936804414404605,True,prefix,full_fit
1652.0,3.5016,3.529555820438433,27.5,27.93848742951019,True,prefix,full_fit
1653.0,3.5016,3.529301972104649,27.5,27.94017038684575,True,prefix,full_fit
1654.0,3.5013,3.529047822437137,27.7,27.941853286411344,True,prefix,full_fit
1655.0,3.501,3.528793367122242,27.5,27.943536128206972,True,prefix,full_fit
1656.0,3.5007,3.5285386018427203,27.6,27.94521891223269,True,prefix,full_fit
1657.0,3.5004,3.5282835222779747,27.5,27.946901638488328,True,prefix,full_fit
1658.0,3.5001,3.5280281241042952,27.4,27.948584306974055,True,prefix,full_fit
1659.0,3.4998,3.52777240299511,27.6,27.95026691768976,True,prefix,full_fit
1660.0,3.4995,3.527516354621207,27.5,27.951949470635554,True,prefix,full_fit
1661.0,3.4991,3.5272599746510234,27.6,27.953631965811326,True,prefix,full_fit
1662.0,3.4988,3.527003258750882,27.4,27.955314403217187,True,prefix,full_fit
1663.0,3.4985,3.52674620258526,27.5,27.95699678285297,True,prefix,full_fit
1664.0,3.4982,3.5264888018170675,27.6,27.958679104718897,True,prefix,full_fit
1665.0,3.4976,3.5262310521079154,27.4,27.9603613688148,True,prefix,full_fit
1666.0,3.4973,3.525972949118387,27.6,27.962043575140683,True,prefix,full_fit
1667.0,3.497,3.525714488508347,27.4,27.963725723696655,True,prefix,full_fit
1668.0,3.4967,3.525455665937224,27.6,27.96540781448266,True,prefix,full_fit
1669.0,3.4964,3.5251964770643047,27.6,27.96708984749864,True,prefix,full_fit
1670.0,3.496,3.5249369175490375,27.4,27.968771822744657,True,prefix,full_fit
1671.0,3.4957,3.524676983051353,27.6,27.970453740220705,True,prefix,full_fit
1672.0,3.4957,3.524416669231975,27.4,27.972135599926787,True,prefix,full_fit
1673.0,3.4954,3.5241559717527373,27.4,27.973817401862902,True,prefix,full_fit
1674.0,3.4951,3.5238948862769077,27.4,27.975499146028994,True,prefix,full_fit
1675.0,3.4945,3.523633408469545,27.4,27.977180832425177,True,prefix,full_fit
1676.0,3.4945,3.5233715339978273,27.4,27.978862461051335,True,prefix,full_fit
1677.0,3.4942,3.5231092585313757,27.4,27.980544031907527,True,prefix,full_fit
1678.0,3.4939,3.5228465777426576,27.4,27.98222554499381,True,prefix,full_fit
1679.0,3.4936,3.5225834873072883,27.4,27.98390700031007,True,prefix,full_fit
1680.0,3.4933,3.5223199829044574,27.6,27.98558839785636,True,prefix,full_fit
1681.0,3.4929,3.5220560602172437,27.4,27.987269737632687,True,prefix,full_fit
1682.0,3.4926,3.5217917149330265,27.6,27.988951019639046,True,prefix,full_fit
1683.0,3.4923,3.5215269427438733,27.4,27.990632243875382,True,prefix,full_fit
1684.0,3.492,3.5212617393469245,27.6,27.992313410341808,True,prefix,full_fit
1685.0,3.4917,3.5209961004447883,27.4,27.99399451903821,True,prefix,full_fit
1686.0,3.4914,3.520730021745935,27.6,27.995675569964646,True,prefix,full_fit
1687.0,3.4911,3.5204634989651558,27.4,27.997356563121116,True,prefix,full_fit
1688.0,3.4911,3.520196527823919,27.4,27.99903749850762,True,prefix,full_fit
1689.0,3.4905,3.5199291040508482,27.6,28.000718376124155,True,prefix,full_fit
1690.0,3.4905,3.5196612233821276,27.6,28.002399195970668,True,prefix,full_fit
1691.0,3.4902,3.5193928815619486,27.6,28.00407995804727,True,prefix,full_fit
1692.0,3.4895,3.519124074342953,27.6,28.005760662353907,True,prefix,full_fit
1693.0,3.4892,3.5188547974867017,27.4,28.00744130889052,True,prefix,full_fit
1694.0,3.4889,3.5185850467641107,27.6,28.009121897657167,True,prefix,full_fit
1695.0,3.4886,3.5183148179559445,27.4,28.010802428653847,True,prefix,full_fit
1696.0,3.4883,3.5180441068532753,27.4,28.01248290188056,True,prefix,full_fit
1697.0,3.488,3.5177729092579635,27.6,28.014163317337307,True,prefix,full_fit
1698.0,3.4877,3.5175012209831564,27.6,28.015843675024087,True,prefix,full_fit
1699.0,3.4874,3.5172290378537863,27.6,28.017523974940843,True,prefix,full_fit
1700.0,3.4871,3.5169563557070624,27.4,28.019204217087633,True,prefix,full_fit
1701.0,3.4867,3.5166831703929793,27.6,28.020884401464457,True,prefix,full_fit
1702.0,3.4864,3.5164094777748516,27.4,28.022564528071314,True,prefix,full_fit
1703.0,3.4861,3.5161352737298404,27.6,28.02424459690826,True,prefix,full_fit
1704.0,3.4858,3.515860554149454,27.6,28.025924607975185,True,prefix,full_fit
1705.0,3.4855,3.515585314940114,27.6,28.027604561272085,True,prefix,full_fit
1706.0,3.4855,3.515309552023713,27.4,28.029284456799076,True,prefix,full_fit
1707.0,3.4852,3.5150332613381265,27.6,28.030964294556043,True,prefix,full_fit
1708.0,3.4849,3.514756438837819,27.6,28.0326440745431,True,prefix,full_fit
1709.0,3.4846,3.51447908049438,27.6,28.034323796760134,True,prefix,full_fit
1710.0,3.4843,3.5142011822971204,27.4,28.0360034612072,True,prefix,full_fit
1711.0,3.484,3.513922740253642,27.6,28.037683067884302,True,prefix,full_fit
1712.0,3.4836,3.5136437503904268,27.6,28.039362616791436,True,prefix,full_fit
1713.0,3.4833,3.513364208753452,27.6,28.041042107928604,True,prefix,full_fit
1714.0,3.483,3.513084111408769,27.6,28.042721541295805,True,prefix,full_fit
1715.0,3.4827,3.5128034544431253,27.6,28.044400916892982,True,prefix,full_fit
1716.0,3.4824,3.5125222339646047,27.4,28.046080234720193,True,prefix,full_fit
1717.0,3.4821,3.5122404461032035,27.6,28.047759494777438,True,prefix,full_fit
1718.0,3.4821,3.5119580870114984,27.6,28.049438697064772,True,prefix,full_fit
1719.0,3.4815,3.5116751528652923,27.6,28.051117841582084,True,prefix,full_fit
1720.0,3.4812,3.511391639864229,27.4,28.05279692832937,True,prefix,full_fit
1721.0,3.4809,3.511107544232471,27.4,28.05447595730675,True,prefix,full_fit
1722.0,3.4805,3.510822862219351,27.6,28.05615492851416,True,prefix,full_fit
1723.0,3.4802,3.510537590100035,27.4,28.05783384195155,True,prefix,full_fit
1724.0,3.4799,3.5102517241762023,27.4,28.059512697619027,True,prefix,full_fit
1725.0,3.4796,3.509965260776718,27.4,28.061191495516482,True,prefix,full_fit
1726.0,3.4793,3.5096781962583217,27.6,28.06287023564397,True,prefix,full_fit
1727.0,3.4793,3.5093905270063326,27.4,28.064548918001435,True,prefix,full_fit
1728.0,3.479,3.509102249435321,27.6,28.066227542589047,True,prefix,full_fit
1729.0,3.4787,3.5088133599898454,27.6,28.06790610940658,True,prefix,full_fit
1730.0,3.4784,3.508523855145138,27.6,28.0695846184542,True,prefix,full_fit
1731.0,3.4781,3.5082337314078416,27.6,28.0712630697318,True,prefix,full_fit
1732.0,3.4778,3.507942985316727,27.4,28.072941463239488,True,prefix,full_fit
1733.0,3.4774,3.5076516134434153,27.6,28.074619798977153,True,prefix,full_fit
1734.0,3.4771,3.507359612393118,27.6,28.076298076944852,True,prefix,full_fit
1735.0,3.4771,3.5070669788053914,27.6,28.077976297142584,True,prefix,full_fit
1736.0,3.4768,3.5067737093548637,27.6,28.079654459570293,True,prefix,full_fit
1737.0,3.4765,3.5064798007519933,27.4,28.08133256422809,True,prefix,full_fit
1738.0,3.4759,3.506185249743852,27.6,28.083010611115924,True,prefix,full_fit
1739.0,3.4759,3.505890053114842,27.6,28.08468860023379,True,prefix,full_fit
1740.0,3.4756,3.5055942076875004,27.6,28.086366531581632,True,prefix,full_fit
1741.0,3.4753,3.505297710323265,27.6,28.08804440515945,True,prefix,full_fit
1742.0,3.475,3.505000557923234,27.6,28.08972222096736,True,prefix,full_fit
1743.0,3.4747,3.504702747428988,27.6,28.091399979005303,True,prefix,full_fit
1744.0,3.4743,3.5044042758233274,27.6,28.093077679273335,True,prefix,full_fit
1745.0,3.4737,3.504105140131112,27.6,28.094755321771345,True,prefix,full_fit
1746.0,3.4734,3.503805337420017,27.6,28.09643290649933,True,prefix,full_fit
1747.0,3.4731,3.503504864801369,27.6,28.09811043345735,True,prefix,full_fit
1748.0,3.4731,3.5032037194309225,27.6,28.099787902645403,True,prefix,full_fit
1749.0,3.4728,3.5029018985096854,27.6,28.101465314063546,True,prefix,full_fit
1750.0,3.4725,3.5025993992847133,27.6,28.103142667711666,True,prefix,full_fit
1751.0,3.4722,3.502296219049945,27.8,28.10481996358976,True,prefix,full_fit
1752.0,3.4719,3.5019923551470042,27.6,28.106497201698005,True,prefix,full_fit
1753.0,3.4716,3.5016878049660263,27.6,28.108174382036168,True,prefix,full_fit
1754.0,3.4712,3.501382565946482,27.6,28.10985150460442,True,prefix,full_fit
1755.0,3.4709,3.501076635578007,27.8,28.11152856940265,True,prefix,full_fit
1756.0,3.4706,3.5007700114012197,27.6,28.113205576430914,True,prefix,full_fit
1757.0,3.4706,3.5004626910085586,27.6,28.11488252568921,True,prefix,full_fit
1758.0,3.4703,3.5001546720451198,27.4,28.11655941717754,True,prefix,full_fit
1759.0,3.47,3.499845952209478,27.6,28.118236250895905,True,prefix,full_fit
1760.0,3.4697,3.4995365292545393,27.6,28.1199130268443,True,prefix,full_fit
1761.0,3.4694,3.49922640098836,27.6,28.121589745022675,True,prefix,full_fit
1762.0,3.4691,3.4989155652749964,27.6,28.12326640543114,True,prefix,full_fit
1763.0,3.4688,3.498604020035333,27.6,28.12494300806958,True,prefix,full_fit
1764.0,3.4685,3.498291763247939,27.6,28.12661955293811,True,prefix,full_fit
1765.0,3.4681,3.497978792949874,27.6,28.128296040036616,True,prefix,full_fit
1766.0,3.4681,3.4976651072375624,27.6,28.129972469365157,True,prefix,full_fit
1767.0,3.4678,3.497350704267614,27.6,28.13164884092373,True,prefix,full_fit
1768.0,3.4675,3.497035582257659,27.6,28.13332515471228,True,prefix,full_fit
1769.0,3.4672,3.496719739487188,27.6,28.135001410730922,True,prefix,full_fit
1770.0,3.4669,3.496403174298398,27.8,28.136677608979596,True,prefix,full_fit
1771.0,3.4666,3.4960858850970062,27.6,28.138353749458247,True,prefix,full_fit
1772.0,3.4663,3.4957678703530823,27.6,28.14002983216693,True,prefix,full_fit
1773.0,3.4657,3.4954491286019103,27.6,28.14170585710565,True,prefix,full_fit
1774.0,3.4654,3.495129658444771,27.6,28.1433818242744,True,prefix,full_fit
1775.0,3.4654,3.494809458549802,27.6,28.145057733673184,True,prefix,full_fit
1776.0,3.4647,3.494488527652792,27.8,28.146733585302,True,prefix,full_fit
1777.0,3.4647,3.494166864558017,27.6,28.148409379160796,True,prefix,full_fit
1778.0,3.4644,3.4938444689306998,27.6,28.150085540208124,True,prefix,full_fit
1779.0,3.4638,3.4935213392634807,27.8,28.15176182621832,True,prefix,full_fit
1780.0,3.4638,3.493197474332205,27.6,28.153438109014303,True,prefix,full_fit
1781.0,3.4635,3.4928728732232144,27.6,28.15511438859619,True,prefix,full_fit
1782.0,3.4632,3.4925475350953263,27.6,28.156790664963864,True,prefix,full_fit
1783.0,3.4632,3.4922214591806737,27.8,28.158466938117442,True,prefix,full_fit
1784.0,3.4626,3.4918946447854524,27.6,28.160143208056923,True,prefix,full_fit
1785.0,3.4626,3.491567091290732,27.6,28.16181947478225,True,prefix,full_fit
1786.0,3.4623,3.4912387981531996,27.6,28.163495738293364,True,prefix,full_fit
1787.0,3.4619,3.4909097649059335,27.6,28.16517199859038,True,prefix,full_fit
1788.0,3.4616,3.4905799911591786,27.6,28.1668482556733,True,prefix,full_fit
1789.0,3.4613,3.490249476601054,27.6,28.16852450954201,True,prefix,full_fit
1790.0,3.461,3.4899182209983457,27.6,28.17020076019662,True,prefix,full_fit
1791.0,3.4607,3.489586224197185,27.6,28.17187700763708,True,prefix,full_fit
1792.0,3.4604,3.489253486123831,27.6,28.17355325186344,True,prefix,full_fit
1793.0,3.4601,3.488920006785338,27.6,28.175229492875644,True,prefix,full_fit
1794.0,3.4598,3.4885857862702827,27.6,28.17690573067364,True,prefix,full_fit
1795.0,3.4598,3.488250824749453,27.8,28.178581965257536,True,prefix,full_fit
1796.0,3.4595,3.4879151224765463,27.6,28.180258196627335,True,prefix,full_fit
1797.0,3.4592,3.487578679788823,27.8,28.181934424782924,True,prefix,full_fit
1798.0,3.4588,3.4872414972612495,27.6,28.183610729570148,True,prefix,full_fit
1799.0,3.4588,3.4869035753210826,27.8,28.185287069998196,True,prefix,full_fit
1800.0,3.4582,3.4865649144915745,27.8,28.186963410426245,True,prefix,full_fit
1801.0,3.4576,3.4862255160672766,27.8,28.188640060211526,True,prefix,full_fit
1802.0,3.4576,3.485885382326527,27.6,28.190317778740734,True,prefix,full_fit
1803.0,3.457,3.4855445119919644,27.8,28.191995497269886,True,prefix,full_fit
1804.0,3.457,3.4852029060037775,27.8,28.193673215799095,True,prefix,full_fit
1805.0,3.4567,3.4848605653906843,27.6,28.195350934328303,True,prefix,full_fit
1806.0,3.4564,3.4845174912704984,27.6,28.197028652857455,True,prefix,full_fit
1807.0,3.4561,3.484173684850674,27.8,28.198706371386663,True,prefix,full_fit
1808.0,3.4557,3.4838291474288434,27.8,28.20038408991587,True,prefix,full_fit
1809.0,3.4554,3.483483880393317,27.8,28.202061808445137,True,prefix,full_fit
1810.0,3.4554,3.4831378852235892,27.8,28.20373952697429,True,prefix,full_fit
1811.0,3.4548,3.4827911634908246,27.8,28.205417245503497,True,prefix,full_fit
1812.0,3.4548,3.4824437168583318,27.8,28.207094964032706,True,prefix,full_fit
1813.0,3.4545,3.48209554708198,27.8,28.208772682561857,True,prefix,full_fit
1814.0,3.4542,3.481746656010672,27.9,28.210450401091066,True,prefix,full_fit
1815.0,3.4539,3.481397045586727,27.6,28.212128119620274,True,prefix,full_fit
1816.0,3.4539,3.4810467178462865,27.8,28.213805838149426,True,prefix,full_fit
1817.0,3.4536,3.480695674919699,27.8,28.21548355667869,True,prefix,full_fit
1818.0,3.453,3.4803439190318546,27.8,28.2171612752079,True,prefix,full_fit
1819.0,3.453,3.4799914525025617,27.8,28.21883899373705,True,prefix,full_fit
1820.0,3.4526,3.4796382777468167,27.8,28.22051671226626,True,prefix,full_fit
1821.0,3.4523,3.4792843972751424,27.8,28.22219443079547,True,prefix,full_fit
1822.0,3.452,3.478929813693856,27.8,28.223872149324677,True,prefix,full_fit
1823.0,3.4517,3.478574529705303,27.8,28.22554986785383,True,prefix,full_fit
1824.0,3.4514,3.4782185481081305,27.8,28.227227586383037,True,prefix,full_fit
1825.0,3.4514,3.4778618717974767,27.8,28.228905304912303,True,prefix,full_fit
1826.0,3.4511,3.4775045037651586,27.8,28.230583023441454,True,prefix,full_fit
1827.0,3.4508,3.477146447099875,27.8,28.232260741970663,True,prefix,full_fit
1828.0,3.4505,3.476787704987323,27.8,28.23393846049987,True,prefix,full_fit
1829.0,3.4502,3.4764282807103206,27.8,28.235616179029023,True,prefix,full_fit
1830.0,3.4495,3.476068177648935,27.8,28.23729389755823,True,prefix,full_fit
1831.0,3.4495,3.475707399280548,27.8,28.23897161608744,True,prefix,full_fit
1832.0,3.4492,3.475345949179894,27.8,28.24064933461659,True,prefix,full_fit
1833.0,3.4489,3.4749838310191223,27.8,28.242327053145857,True,prefix,full_fit
1834.0,3.4486,3.4746210485677786,27.8,28.244004771675066,True,prefix,full_fit
1835.0,3.4483,3.47425760569279,27.8,28.245682490204274,True,prefix,full_fit
1836.0,3.4483,3.4738935181862924,27.8,28.247365909940925,True,prefix,full_fit
1837.0,3.4477,3.4735287797072125,27.8,28.249050015986313,True,prefix,full_fit
1838.0,3.4477,3.4731633931347923,27.8,28.250734191558934,True,prefix,full_fit
1839.0,3.4474,3.4727973627248403,27.8,28.25241843665873,True,prefix,full_fit
1840.0,3.4471,3.4724306928300783,27.8,28.254102751285814,True,prefix,full_fit
1841.0,3.4468,3.4720633878999747,27.8,28.25578713544013,True,prefix,full_fit
1842.0,3.4464,3.471695452480531,27.8,28.25747158912168,True,prefix,full_fit
1843.0,3.4461,3.4713268912140776,27.8,28.259156112330345,True,prefix,full_fit
1844.0,3.4461,3.470957708839004,27.8,28.260840705066357,True,prefix,full_fit
1845.0,3.4458,3.4705879101894808,27.8,28.2625253673296,True,prefix,full_fit
1846.0,3.4455,3.4702175001951754,27.8,28.264210099119964,True,prefix,full_fit
1847.0,3.4452,3.469846483880891,27.8,28.265894900437615,True,prefix,full_fit
1848.0,3.4449,3.469474866366214,27.8,28.2675797712825,True,prefix,full_fit
1849.0,3.4446,3.469102652865137,27.8,28.269264711654614,True,prefix,full_fit
1850.0,3.4443,3.4687298486856424,27.6,28.27094972155396,True,prefix,full_fit
1851.0,3.4443,3.4683564592292364,27.8,28.272634800980484,True,prefix,full_fit
1852.0,3.444,3.467982489990511,27.8,28.274319949934295,True,prefix,full_fit
1853.0,3.4437,3.4676079465566128,27.8,28.27600516841528,True,prefix,full_fit
1854.0,3.4433,3.4672328346067314,27.6,28.277690456423556,True,prefix,full_fit
1855.0,3.443,3.4668571599115423,27.8,28.27937581395895,True,prefix,full_fit
1856.0,3.4427,3.4664809283326306,27.6,28.28106124102169,True,prefix,full_fit
1857.0,3.4424,3.4661041458218578,27.8,28.282746737611603,True,prefix,full_fit
1858.0,3.4424,3.4657268184207433,27.8,28.28443230372875,True,prefix,full_fit
1859.0,3.4421,3.465348952259772,27.8,28.28611793937307,True,prefix,full_fit
1860.0,3.4415,3.4649705535577318,27.8,28.28780364454468,True,prefix,full_fit
1861.0,3.4412,3.4645916286209473,27.8,28.289489419243523,True,prefix,full_fit
1862.0,3.4412,3.4642121838425624,27.8,28.29117526346954,True,prefix,full_fit
1863.0,3.4406,3.4638322257017355,27.9,28.292861177222846,True,prefix,full_fit
1864.0,3.4406,3.46345176076284,27.9,28.294547160503328,True,prefix,full_fit
1865.0,3.4402,3.463070795674621,27.8,28.29623321331104,True,prefix,full_fit
1866.0,3.4399,3.462689337169339,27.8,28.297919335646043,True,prefix,full_fit
1867.0,3.4396,3.4623073920618648,27.9,28.299605527508163,True,prefix,full_fit
1868.0,3.4393,3.4619249672487697,27.8,28.301291788897572,True,prefix,full_fit
1869.0,3.439,3.461542069707368,27.9,28.302978119814156,True,prefix,full_fit
1870.0,3.439,3.461158706494736,27.9,28.304664520258086,True,prefix,full_fit
1871.0,3.4387,3.460774884746742,27.9,28.306350990229134,True,prefix,full_fit
1872.0,3.4384,3.4603906116769543,27.8,28.308037529727414,True,prefix,full_fit
1873.0,3.4381,3.4600058945756498,27.8,28.309724138752927,True,prefix,full_fit
1874.0,3.4378,3.4596207408086954,27.9,28.31141081730567,True,prefix,full_fit
1875.0,3.4375,3.459235157816431,27.9,28.313097565385704,True,prefix,full_fit
1876.0,3.4375,3.458849153112554,27.8,28.31478438299291,True,prefix,full_fit
1877.0,3.4368,3.4584627342829446,27.9,28.31647127012735,True,prefix,full_fit
1878.0,3.4368,3.4580759089844846,27.9,28.318158226789024,True,prefix,full_fit
1879.0,3.4365,3.4576886849438395,27.9,28.319845252977927,True,prefix,full_fit
1880.0,3.4362,3.4573010699562183,27.9,28.321532348694006,True,prefix,full_fit
1881.0,3.4359,3.456913071884111,27.8,28.323219513937374,True,prefix,full_fit
1882.0,3.4356,3.4565246986560014,27.9,28.324906748707917,True,prefix,full_fit
1883.0,3.4356,3.4561359582650635,27.9,28.326594053005692,True,prefix,full_fit
1884.0,3.435,3.4557468587678146,27.8,28.3282814268307,True,prefix,full_fit
1885.0,3.435,3.4553574082827523,27.9,28.329968870182995,True,prefix,full_fit
1886.0,3.4347,3.454967614988985,27.9,28.331656383062466,True,prefix,full_fit
1887.0,3.4343,3.454577487124824,27.9,28.33334396546917,True,prefix,full_fit
1888.0,3.434,3.454187032986352,27.9,28.335031617403104,True,prefix,full_fit
1889.0,3.4334,3.4537962609259782,27.9,28.336719338864214,True,prefix,full_fit
1890.0,3.4334,3.4534051793509604,27.9,28.338407129852612,True,prefix,full_fit
1891.0,3.4331,3.4530137967219323,27.9,28.340094990368243,True,prefix,full_fit
1892.0,3.4328,3.4526221215513675,27.8,28.34178292041105,True,prefix,full_fit
1893.0,3.4325,3.4522301624020684,27.9,28.343470919981144,True,prefix,full_fit
1894.0,3.4322,3.4518379278856055,27.9,28.345158989078413,True,prefix,full_fit
1895.0,3.4319,3.4514454266607504,27.9,28.346847127702915,True,prefix,full_fit
1896.0,3.4316,3.4510526674318824,27.9,28.348535335854592,True,prefix,full_fit
1897.0,3.4312,3.450659658947398,27.9,28.350223613533615,True,prefix,full_fit
1898.0,3.4309,3.4502664099980604,27.9,28.351911960739812,True,prefix,full_fit
1899.0,3.4309,3.449872929415388,27.9,28.353600377473242,True,prefix,full_fit
1900.0,3.4306,3.4494792260699785,27.8,28.35528886373379,True,prefix,full_fit
1901.0,3.4303,3.4490853088698357,27.9,28.356977419521684,True,prefix,full_fit
1902.0,3.43,3.448691186758699,27.9,28.35866604483681,True,prefix,full_fit
1903.0,3.4297,3.44829686871432,27.9,28.360354739679167,True,prefix,full_fit
1904.0,3.4294,3.447902363746759,27.9,28.362043504048643,True,prefix,full_fit
1905.0,3.4294,3.4475076808966523,27.9,28.363732337945464,True,prefix,full_fit
1906.0,3.4291,3.4471128292334665,27.9,28.36542124136946,True,prefix,full_fit
1907.0,3.4288,3.44671781785375,27.9,28.367110214320633,True,prefix,full_fit
1908.0,3.4285,3.4463226558793485,27.8,28.368799256799093,True,prefix,full_fit
1909.0,3.4281,3.445927352455654,27.9,28.370488368804786,True,prefix,full_fit
1910.0,3.4278,3.4455319167498017,27.9,28.372177550337653,True,prefix,full_fit
1911.0,3.4275,3.4451363579488645,27.9,28.37386680139781,True,prefix,full_fit
1912.0,3.4272,3.444740685258072,27.9,28.37555612198514,True,prefix,full_fit
1913.0,3.4269,3.444344907898961,27.9,28.377245512099762,True,prefix,full_fit
1914.0,3.4269,3.443949035107578,27.9,28.378934971741558,True,prefix,full_fit
1915.0,3.4266,3.443553076132648,27.9,28.380624500910585,True,prefix,full_fit
1916.0,3.4263,3.443157040233725,27.9,28.382314099606845,True,prefix,full_fit
1917.0,3.426,3.442760936679361,27.9,28.384003767830336,True,prefix,full_fit
1918.0,3.426,3.442364774745245,27.9,28.385693505581003,True,prefix,full_fit
1919.0,3.4254,3.4419685637123734,27.9,28.387383312859015,True,prefix,full_fit
1920.0,3.425,3.4415723128651723,27.9,28.389073189664146,True,prefix,full_fit
1921.0,3.4247,3.441176031489657,27.9,28.390763135996565,True,prefix,full_fit
1922.0,3.4244,3.440779728871552,27.9,28.39245315185616,True,prefix,full_fit
1923.0,3.4241,3.440383414294446,27.9,28.394143237242986,True,prefix,full_fit
1924.0,3.4238,3.4399870970379225,27.9,28.3958333921571,True,prefix,full_fit
1925.0,3.4235,3.4395907863756867,27.9,28.397523616598335,True,prefix,full_fit
1926.0,3.4232,3.4391944915737116,27.9,28.399213910566914,True,prefix,full_fit
1927.0,3.4232,3.4387982218883737,27.9,28.40090427406261,True,prefix,full_fit
1928.0,3.4229,3.43840198656459,27.9,28.402594707085598,True,prefix,full_fit
1929.0,3.4226,3.438005794833965,27.9,28.40428520963576,True,prefix,full_fit
1930.0,3.4223,3.4376096559129223,27.8,28.405975781713266,True,prefix,full_fit
1931.0,3.4219,3.4372135790008604,27.9,28.40766642331789,True,prefix,full_fit
1932.0,3.4216,3.4368175732783106,27.8,28.40935713444975,True,prefix,full_fit
1933.0,3.4213,3.4364216479050746,27.9,28.41104791510884,True,prefix,full_fit
1934.0,3.4213,3.436025812018413,27.9,28.412738765295217,True,prefix,full_fit
1935.0,3.421,3.4356300747311983,27.9,28.41442968500877,True,prefix,full_fit
1936.0,3.4207,3.4352344451300847,27.9,28.416120674249555,True,prefix,full_fit
1937.0,3.4204,3.4348389322737085,27.9,28.417811733017516,True,prefix,full_fit
1938.0,3.4204,3.4344435451908693,27.9,28.419502861312765,True,prefix,full_fit
1939.0,3.4198,3.4340482928787313,27.9,28.42119405913519,True,prefix,full_fit
1940.0,3.4198,3.4336531843010345,27.9,28.42288532648496,True,prefix,full_fit
1941.0,3.4195,3.433258228386323,27.9,28.424576663361847,True,prefix,full_fit
1942.0,3.4192,3.4328634340261486,27.9,28.426268069766024,True,prefix,full_fit
1943.0,3.4188,3.432468810073348,27.8,28.427959545697377,True,prefix,full_fit
1944.0,3.4185,3.432074365340264,27.9,28.42965109115596,True,prefix,full_fit
1945.0,3.4182,3.431680108597026,27.8,28.431342706141777,True,prefix,full_fit
1946.0,3.4179,3.4312860485698504,27.9,28.433034390654825,True,prefix,full_fit
1947.0,3.4173,3.4308921939392802,27.9,28.434726144695105,True,prefix,full_fit
1948.0,3.4173,3.4304985533385497,27.8,28.43641796826256,True,prefix,full_fit
1949.0,3.4167,3.4301051353518504,27.9,28.438109861357304,True,prefix,full_fit
1950.0,3.4167,3.429711948512717,27.9,28.43980182397928,True,prefix,full_fit
1951.0,3.4164,3.429319001302338,27.9,28.44149385612843,True,prefix,full_fit
1952.0,3.4161,3.428926302147956,27.9,28.44318595780487,True,prefix,full_fit
1953.0,3.4161,3.4285338594212234,27.8,28.444878129008487,True,prefix,full_fit
1954.0,3.4157,3.4281416814366263,27.8,28.446570369739277,True,prefix,full_fit
1955.0,3.4151,3.427749776449886,27.9,28.448262679997356,True,prefix,full_fit
1956.0,3.4151,3.4273581526564136,27.9,28.449955059782667,True,prefix,full_fit
1957.0,3.4148,3.426966818189745,27.8,28.45164750909521,True,prefix,full_fit
1958.0,3.4145,3.426575781120023,27.8,28.453340027934985,True,prefix,full_fit
1959.0,3.4142,3.426185049452508,27.9,28.45503261630199,True,prefix,full_fit
1960.0,3.4139,3.4257946311260588,28.0,28.456725274196174,True,prefix,full_fit
1961.0,3.4136,3.4254045340116885,28.0,28.458418001617645,True,prefix,full_fit
1962.0,3.4136,3.4250147659111128,27.8,28.46011079856629,True,prefix,full_fit
1963.0,3.4133,3.4246253345553144,28.0,28.461803665042225,True,prefix,full_fit
1964.0,3.413,3.4242362476031536,27.8,28.46349660104528,True,prefix,full_fit
1965.0,3.4126,3.423847512639972,27.8,28.46518960657562,True,prefix,full_fit
1966.0,3.4123,3.423459137176241,27.8,28.46688268163325,True,prefix,full_fit
1967.0,3.412,3.4230711286462046,28.0,28.468575826218,True,prefix,full_fit
1968.0,3.412,3.422683494406584,27.8,28.470269040330038,True,prefix,full_fit
1969.0,3.4117,3.422296241735276,27.8,28.471962323969308,True,prefix,full_fit
1970.0,3.4114,3.4219093778300667,27.8,28.473655677135753,True,prefix,full_fit
1971.0,3.4111,3.421522909807391,27.8,28.475349099829486,True,prefix,full_fit
1972.0,3.4108,3.421136844701122,27.8,28.477042592050395,True,prefix,full_fit
1973.0,3.4105,3.4207511894613325,28.0,28.478736153798536,True,prefix,full_fit
1974.0,3.4102,3.4203659509531716,27.8,28.48042978507391,True,prefix,full_fit
1975.0,3.4099,3.419981135955638,27.8,28.482123485876514,True,prefix,full_fit
1976.0,3.4092,3.4195967511605203,28.0,28.48381725620635,True,prefix,full_fit
1977.0,3.4089,3.4192128031712326,28.0,28.485511096063362,True,prefix,full_fit
1978.0,3.4089,3.4188292985017683,28.0,28.48720500544772,True,prefix,full_fit
1979.0,3.4086,3.4184462435756267,28.0,28.488898984359196,True,prefix,full_fit
1980.0,3.4083,3.4180636447247865,28.0,28.49059303279796,True,prefix,full_fit
1981.0,3.408,3.417681508188689,27.8,28.4922871507639,True,prefix,full_fit
1982.0,3.4077,3.417299840113237,28.0,28.49398133825713,True,prefix,full_fit
1983.0,3.4074,3.4169186465498758,28.0,28.495675595277532,True,prefix,full_fit
1984.0,3.4071,3.4165379334546344,28.0,28.49736992182511,True,prefix,full_fit
1985.0,3.4068,3.416157706687192,28.0,28.499064317900036,True,prefix,full_fit
1986.0,3.4068,3.4157779720100345,28.0,28.50075878350208,True,prefix,full_fit
1987.0,3.4064,3.4153987350875616,28.0,28.502453318631467,True,prefix,full_fit
1988.0,3.4061,3.4150200014852543,28.0,28.504147923287974,True,prefix,full_fit
1989.0,3.4058,3.4146417766688786,28.0,28.505842597471712,True,prefix,full_fit
1990.0,3.4055,3.4142640660036725,28.0,28.507537341182797,True,prefix,full_fit
1991.0,3.4052,3.4138868747536035,28.0,28.509232154421,True,prefix,full_fit
1992.0,3.4049,3.413510208080618,28.0,28.510927037186434,True,prefix,full_fit
1993.0,3.4046,3.413134071043914,28.0,28.5126219894791,True,prefix,full_fit
1994.0,3.4043,3.41275846859928,28.0,28.514317011299056,True,prefix,full_fit
1995.0,3.404,3.4123834055983964,28.0,28.51601210264613,True,prefix,full_fit
1996.0,3.404,3.412008886788206,28.0,28.517707263520492,True,prefix,full_fit
1997.0,3.4037,3.411634916810294,28.0,28.51940249392203,True,prefix,full_fit
1998.0,3.4033,3.4112615002002924,28.0,28.521097793850856,True,prefix,full_fit
1999.0,3.403,3.410888641387289,28.0,28.522793163306915,True,prefix,full_fit
2000.0,3.4027,3.410516344693307,28.0,28.524488602290205,True,prefix,full_fit
2001.0,3.4024,3.41014461433274,28.0,28.52618411080067,True,prefix,full_fit
2002.0,3.4021,3.40977345441188,28.0,28.527879688838368,True,prefix,full_fit
2003.0,3.4015,3.4094028689284124,28.0,28.529575336403298,True,prefix,full_fit
2004.0,3.4012,3.4090328617709567,28.0,28.53127105349546,True,prefix,full_fit
2005.0,3.4009,3.4086634367186512,28.0,28.532966840114852,True,prefix,full_fit
2006.0,3.4009,3.4082945974406815,28.0,28.534662696261478,True,prefix,full_fit
2007.0,3.4006,3.407926347495948,28.0,28.536358621935335,True,prefix,full_fit
2008.0,3.4002,3.4075586903326376,28.0,28.538054617136368,True,prefix,full_fit
2009.0,3.3999,3.40719162928791,27.8,28.53975068186469,True,prefix,full_fit
2010.0,3.3996,3.4068251675875225,28.0,28.541446816120185,True,prefix,full_fit
2011.0,3.3993,3.4064593083455343,28.0,28.54314301990297,True,prefix,full_fit
2012.0,3.399,3.40609405456402,28.0,28.54483929321293,True,prefix,full_fit
2013.0,3.3987,3.405729409132769,28.0,28.546535636050123,True,prefix,full_fit
2014.0,3.3984,3.405365374829045,28.0,28.548232048414548,True,prefix,full_fit
2015.0,3.3981,3.405001954317347,28.0,28.549928530306204,True,prefix,full_fit
2016.0,3.3981,3.4046391501491753,28.0,28.551625081725092,True,prefix,full_fit
2017.0,3.3975,3.4042769869782337,28.0,28.55333216807111,True,prefix,full_fit
2018.0,3.3975,3.4039154459904974,28.0,28.55503982933203,True,prefix,full_fit
2019.0,3.3971,3.403554528577972,28.0,28.556747679454702,True,prefix,full_fit
2020.0,3.3968,3.403194236838386,28.0,28.558455718439234,True,prefix,full_fit
2021.0,3.3965,3.4028345727556184,28.0,28.5601639462854,True,prefix,full_fit
2022.0,3.3962,3.402475538199577,28.2,28.56187236299337,True,prefix,full_fit
2023.0,3.3959,3.4021171349260997,28.0,28.56358096856303,True,prefix,full_fit
2024.0,3.3956,3.4017593645768462,28.2,28.56528976299444,True,prefix,full_fit
2025.0,3.3953,3.4014022286792205,28.2,28.566998746287595,True,prefix,full_fit
2026.0,3.395,3.4010457286463356,28.0,28.5687079184425,True,prefix,full_fit
2027.0,3.3947,3.4006898657769034,28.2,28.570417279459207,True,prefix,full_fit
2028.0,3.3944,3.400334641255249,28.0,28.572126829337606,True,prefix,full_fit
2029.0,3.394,3.39998005615125,28.2,28.573836568077752,True,prefix,full_fit
2030.0,3.3934,3.3996261114203428,28.0,28.575546495679646,True,prefix,full_fit
2031.0,3.3931,3.399272807903499,28.2,28.577256612143287,True,prefix,full_fit
2032.0,3.3928,3.3989201463272405,28.0,28.578966917468676,True,prefix,full_fit
2033.0,3.3925,3.3985681273036406,28.0,28.580677411655756,True,prefix,full_fit
2034.0,3.3925,3.398216751330375,28.0,28.582388094704697,True,prefix,full_fit
2035.0,3.3922,3.3978660187907446,28.0,28.584098966615272,True,prefix,full_fit
2036.0,3.3919,3.397515929953696,28.0,28.585810027387595,True,prefix,full_fit
2037.0,3.3916,3.3971664849739014,28.0,28.58752127702172,True,prefix,full_fit
2038.0,3.3913,3.3968176838918205,28.2,28.58923271551754,True,prefix,full_fit
2039.0,3.3909,3.3964695266337226,28.2,28.59094434287516,True,prefix,full_fit
2040.0,3.3906,3.3961220130118135,28.0,28.592656159094474,True,prefix,full_fit
2041.0,3.3903,3.395775142724255,28.0,28.59436816417559,True,prefix,full_fit
2042.0,3.3897,3.395428915355307,28.0,28.5960803581184,True,prefix,full_fit
2043.0,3.3897,3.3950833303753623,28.2,28.597792740922955,True,prefix,full_fit
2044.0,3.3894,3.3947383871410657,28.0,28.599505312589258,True,prefix,full_fit
2045.0,3.3891,3.394394084895401,28.0,28.601218073117366,True,prefix,full_fit
2046.0,3.3888,3.394050422767795,28.2,28.602931022507164,True,prefix,full_fit
2047.0,3.3885,3.393707399774195,28.2,28.604644160758653,True,prefix,full_fit
2048.0,3.3882,3.3933650148172116,28.2,28.60635748787189,True,prefix,full_fit
2049.0,3.3878,3.3930232666861664,28.2,28.608071003846987,True,prefix,full_fit
2050.0,3.3875,3.3926821540572463,28.2,28.60978470868372,True,prefix,full_fit
2051.0,3.3875,3.392341675493577,28.2,28.611498602382255,True,prefix,full_fit
2052.0,3.3869,3.3920018294453373,28.2,28.613212684942482,True,prefix,full_fit
2053.0,3.3869,3.391662614249858,28.2,28.614926956364513,True,prefix,full_fit
2054.0,3.3866,3.391324028131729,28.2,28.616641416648292,True,prefix,full_fit
2055.0,3.3863,3.3909860692028757,28.2,28.618356065793762,True,prefix,full_fit
2056.0,3.386,3.390648735462694,28.2,28.62007090380098,True,prefix,full_fit
2057.0,3.3854,3.3903120247981002,28.0,28.62178593067,True,prefix,full_fit
2058.0,3.3851,3.3899759349836436,28.2,28.623501146400713,True,prefix,full_fit
2059.0,3.3844,3.389640463681586,28.2,28.62521655099323,True,prefix,full_fit
2060.0,3.3844,3.389305608441985,28.2,28.62693214444738,True,prefix,full_fit
2061.0,3.3841,3.3889713667027475,28.0,28.628647926763335,True,prefix,full_fit
2062.0,3.3835,3.3886377357897195,28.2,28.630363897941095,True,prefix,full_fit
2063.0,3.3835,3.3883047129167365,28.2,28.632080057980488,True,prefix,full_fit
2064.0,3.3832,3.387972295185669,28.2,28.63379640688163,True,prefix,full_fit
2065.0,3.3826,3.3876404795864854,28.2,28.63551294464463,True,prefix,full_fit
2066.0,3.3826,3.3873092629972645,28.2,28.637229671269267,True,prefix,full_fit
2067.0,3.382,3.3869786421842423,28.2,28.638946586755708,True,prefix,full_fit
2068.0,3.3816,3.3866486138018175,28.2,28.64066369110384,True,prefix,full_fit
2069.0,3.3813,3.3863191743925656,28.2,28.642380984313775,True,prefix,full_fit
2070.0,3.381,3.3859903203872244,28.2,28.644098466385458,True,prefix,full_fit
2071.0,3.3807,3.385662048104691,28.2,28.645816137318775,True,prefix,full_fit
2072.0,3.3804,3.3853343537519858,28.2,28.647533997113953,True,prefix,full_fit
2073.0,3.3801,3.3850072334242207,28.2,28.649252045770822,True,prefix,full_fit
2074.0,3.3798,3.3846806831045315,28.2,28.650970283289496,True,prefix,full_fit
2075.0,3.3795,3.38435469866403,28.2,28.652688709669803,True,prefix,full_fit
2076.0,3.3792,3.3840292758617054,28.2,28.654407324911915,True,prefix,full_fit
2077.0,3.3789,3.3837044103443343,28.2,28.65612612901583,True,prefix,full_fit
2078.0,3.3785,3.383380097646373,28.4,28.65784512198138,True,prefix,full_fit
2079.0,3.3782,3.38305633318983,28.4,28.659564303808793,True,prefix,full_fit
2080.0,3.3779,3.382733112284112,28.2,28.661283674497838,True,prefix,full_fit
2081.0,3.3776,3.3824104301258777,28.2,28.663003234048688,True,prefix,full_fit
2082.0,3.3773,3.3820882817988505,28.2,28.664722982461285,True,prefix,full_fit
2083.0,3.377,3.38176666227361,28.2,28.66644291973563,True,prefix,full_fit
2084.0,3.3767,3.3814455664074075,28.2,28.668163045871665,True,prefix,full_fit
2085.0,3.3764,3.381124988943894,28.2,28.66988336086945,True,prefix,full_fit
2086.0,3.3761,3.380804924512899,28.4,28.671603864729036,True,prefix,full_fit
2087.0,3.3758,3.3804853676301194,28.2,28.673324557450314,True,prefix,full_fit
2088.0,3.3754,3.3801663126968666,28.4,28.67504543903334,True,prefix,full_fit
2089.0,3.3751,3.379847753999692,28.4,28.676766509478114,True,prefix,full_fit
2090.0,3.3748,3.379529685710115,28.4,28.678487768784635,True,prefix,full_fit
2091.0,3.3745,3.379212101884196,28.4,28.68020921695296,True,prefix,full_fit
2092.0,3.3739,3.378894996462198,28.4,28.681930853982976,True,prefix,full_fit
2093.0,3.3736,3.378578363268146,28.4,28.68365267987474,True,prefix,full_fit
2094.0,3.3733,3.378262196009414,28.4,28.68537469462825,True,prefix,full_fit
2095.0,3.373,3.377946488276242,28.2,28.68709689824351,True,prefix,full_fit
2096.0,3.3723,3.3776312335412917,28.4,28.688819290720517,True,prefix,full_fit
2097.0,3.3723,3.3773164251590924,28.2,28.69054187205927,True,prefix,full_fit
2098.0,3.372,3.377002056365537,28.4,28.692264642259715,True,prefix,full_fit
2099.0,3.3714,3.3766881202772985,28.4,28.693987601321908,True,prefix,full_fit
2100.0,3.3714,3.3763746098912555,28.4,28.695710749245848,True,prefix,full_fit
2101.0,3.3711,3.3760615180838633,28.4,28.697434086031592,True,prefix,full_fit
2102.0,3.3708,3.3757488376105136,28.4,28.699157611679027,True,prefix,full_fit
2103.0,3.3702,3.3754365611048494,28.4,28.700881326188266,True,prefix,full_fit
2104.0,3.3702,3.375124681078078,28.4,28.702605229559197,True,prefix,full_fit
2105.0,3.3696,3.3748131899182088,28.2,28.70432932179193,True,prefix,full_fit
2106.0,3.3692,3.3745020798893095,28.2,28.706053602886357,True,prefix,full_fit
2107.0,3.3689,3.3741913431307053,28.4,28.70777807284253,True,prefix,full_fit
2108.0,3.3686,3.37388097165614,28.4,28.70950273166045,True,prefix,full_fit
2109.0,3.3683,3.3735709573529307,28.4,28.711227579340118,True,prefix,full_fit
2110.0,3.368,3.3732612919810663,28.4,28.712952615881534,True,prefix,full_fit
2111.0,3.3677,3.3729519671722725,28.4,28.71467784128464,True,prefix,full_fit
2112.0,3.3674,3.372642974429075,28.4,28.716403255549608,True,prefix,full_fit
2113.0,3.3671,3.37233430512378,28.4,28.71812885867621,True,prefix,full_fit
2114.0,3.3668,3.372025950497472,28.4,28.71985465066456,True,prefix,full_fit
2115.0,3.3665,3.371717901658927,28.4,28.721580631514712,True,prefix,full_fit
2116.0,3.3658,3.3714101495835322,28.4,28.723306801226556,True,prefix,full_fit
2117.0,3.3655,3.3711026851121444,28.4,28.725033159800205,True,prefix,full_fit
2118.0,3.3652,3.37079549894992,28.4,28.726759707235544,True,prefix,full_fit
2119.0,3.3649,3.3704885816650916,28.4,28.728486443532688,True,prefix,full_fit
2120.0,3.3646,3.3701819236877575,28.4,28.730213368691523,True,prefix,full_fit
2121.0,3.3643,3.3698755153085678,28.4,28.73194048271216,True,prefix,full_fit
2122.0,3.364,3.369569346677416,28.4,28.73366778559449,True,prefix,full_fit
2123.0,3.3637,3.3692634078020776,28.4,28.73539527733851,True,prefix,full_fit
2124.0,3.3634,3.36895768854681,28.4,28.737122957944393,True,prefix,full_fit
2125.0,3.363,3.3686521786309096,28.2,28.73885082741191,True,prefix,full_fit
2126.0,3.3627,3.3683468676272432,28.4,28.74057888574123,True,prefix,full_fit
2127.0,3.3624,3.3680417449607236,28.4,28.742307132932297,True,prefix,full_fit
2128.0,3.3618,3.3677367999067402,28.4,28.74403556898511,True,prefix,full_fit
2129.0,3.3615,3.36743202158958,28.4,28.745764193899674,True,prefix,full_fit
2130.0,3.3612,3.3671273989807537,28.4,28.747493007675928,True,prefix,full_fit
2131.0,3.3609,3.3668229208973295,28.4,28.749222010313986,True,prefix,full_fit
2132.0,3.3606,3.366518576000216,28.4,28.750951201813734,True,prefix,full_fit
2133.0,3.3603,3.3662143527923565,28.4,28.752680582175287,True,prefix,full_fit
2134.0,3.3599,3.365910239616943,28.2,28.75441015139853,True,prefix,full_fit
2135.0,3.3596,3.365606224655563,28.4,28.75613990948358,True,prefix,full_fit
2136.0,3.3593,3.3653022959262593,28.4,28.757869856430318,True,prefix,full_fit
2137.0,3.359,3.364998441281626,28.4,28.759599992238748,True,prefix,full_fit
2138.0,3.3587,3.364694648406796,28.4,28.761330316908982,True,prefix,full_fit
2139.0,3.3584,3.3643909048174034,28.4,28.76306083044102,True,prefix,full_fit
2140.0,3.3575,3.364087197857506,28.4,28.764791532834693,True,prefix,full_fit
2141.0,3.3572,3.3637835146974604,28.4,28.766522424090226,True,suffix,full_fit
2142.0,3.3568,3.3634798423317442,28.4,28.768253504207394,True,suffix,full_fit
2143.0,3.3565,3.3631761675767278,28.4,28.769984773186366,True,suffix,full_fit
2144.0,3.3562,3.3628724770684335,28.4,28.771716231027085,True,suffix,full_fit
2145.0,3.3559,3.3625687572601883,28.4,28.773447877729552,True,suffix,full_fit
2146.0,3.3553,3.3622649944202876,28.4,28.77517971329371,True,suffix,full_fit
2147.0,3.3553,3.361961174629575,28.4,28.776911737719615,True,suffix,full_fit
2148.0,3.355,3.361657283778983,28.4,28.778643951007382,True,suffix,full_fit
2149.0,3.3544,3.361353307567046,28.6,28.780376353156726,True,suffix,full_fit
2150.0,3.3541,3.3610492314973377,28.4,28.782108944167987,True,suffix,full_fit
2151.0,3.3537,3.360745040875864,28.4,28.783841724040826,True,suffix,full_fit
2152.0,3.3534,3.360440720808421,28.4,28.78557469277547,True,suffix,full_fit
2153.0,3.3531,3.36013625619792,28.4,28.787307850371917,True,suffix,full_fit
2154.0,3.3528,3.359831631741595,28.6,28.789041196830055,True,suffix,full_fit
2155.0,3.3525,3.359526831928245,28.4,28.79077473214994,True,suffix,full_fit
2156.0,3.3519,3.359221841035397,28.4,28.792508456331575,True,suffix,full_fit
2157.0,3.3516,3.3589166431263826,28.4,28.794242369374956,True,suffix,full_fit
2158.0,3.3513,3.358611222047418,28.4,28.795976471280085,True,suffix,full_fit
2159.0,3.351,3.3583055614246233,28.4,28.79771076204696,True,suffix,full_fit
2160.0,3.3506,3.357999644660962,28.4,28.799445241675528,True,suffix,full_fit
2161.0,3.3503,3.357693454933176,28.4,28.801179910165843,True,suffix,full_fit
2162.0,3.3497,3.3573869751886427,28.4,28.80291476751802,True,suffix,full_fit
2163.0,3.3494,3.3570801881422,28.4,28.80464981373177,True,suffix,full_fit
2164.0,3.3491,3.356773076272885,28.4,28.806385048807385,True,suffix,full_fit
2165.0,3.3485,3.3564656218207105,28.4,28.80812047274469,True,suffix,full_fit
2166.0,3.3482,3.356157806783281,28.4,28.8098560855438,True,suffix,full_fit
2167.0,3.3479,3.355849612912465,28.4,28.8115918872046,True,suffix,full_fit
2168.0,3.3475,3.3555410217109363,28.4,28.813327877727147,True,suffix,full_fit
2169.0,3.3472,3.3552320144287378,28.4,28.8150640571115,True,suffix,full_fit
2170.0,3.3466,3.3549225720597464,28.4,28.816800425357542,True,suffix,full_fit
2171.0,3.3466,3.354612675338133,28.4,28.818536982465332,True,suffix,full_fit
2172.0,3.346,3.3543023047347247,28.4,28.82027372843487,True,suffix,full_fit
2173.0,3.3457,3.3539914404533984,28.4,28.8220106632661,True,suffix,full_fit
2174.0,3.3454,3.3536800624273493,28.6,28.82374778695919,True,suffix,full_fit
2175.0,3.3451,3.3533681503153634,28.6,28.825485099513912,True,suffix,full_fit
2176.0,3.3448,3.3530556834980696,28.6,28.827222600930384,True,suffix,full_fit
2177.0,3.3441,3.3527426410740517,28.4,28.82896029120866,True,suffix,full_fit
2178.0,3.3438,3.3524290018560574,28.4,28.830698170348626,True,suffix,full_fit
2179.0,3.3435,3.3521147443670305,28.6,28.832436238350397,True,suffix,full_fit
2180.0,3.3432,3.3517998468362213,28.4,28.834174495213915,True,suffix,full_fit
2181.0,3.3429,3.351484287195157,28.4,28.835912940939124,True,suffix,full_fit
2182.0,3.342,3.351168043073672,28.4,28.83765157552608,True,suffix,full_fit
2183.0,3.3417,3.3508510917958048,28.6,28.839390398974842,True,suffix,full_fit
2184.0,3.3413,3.3505334103757365,28.6,28.841129411285294,True,suffix,full_fit
2185.0,3.341,3.350214975513675,28.4,28.842868612457437,True,suffix,full_fit
2186.0,3.3404,3.3498957635916695,28.4,28.84460800249144,True,suffix,full_fit
2187.0,3.3401,3.349575750669453,28.4,28.846347581387136,True,suffix,full_fit
2188.0,3.3398,3.3492549124802045,28.4,28.84808734914452,True,suffix,full_fit
2189.0,3.3395,3.3489332244263275,28.6,28.849827305763768,True,suffix,full_fit
2190.0,3.3392,3.3486106615751723,28.4,28.851567451244648,True,suffix,full_fit
2191.0,3.3389,3.3482871986547393,28.4,28.853307785587333,True,suffix,full_fit
2192.0,3.3382,3.3479628100493835,28.6,28.855048308791766,True,suffix,full_fit
2193.0,3.3379,3.3476374697954507,28.4,28.856789020857946,True,suffix,full_fit
2194.0,3.3376,3.3473111515769647,28.4,28.858529921785816,True,suffix,full_fit
2195.0,3.3373,3.3469838287212292,28.4,28.86027101157549,True,suffix,full_fit
2196.0,3.337,3.346655474194468,28.4,28.862012290226858,True,suffix,full_fit
2197.0,3.3364,3.3463260616390413,28.4,28.863754240316155,True,suffix,full_fit
2198.0,3.3361,3.345995600619572,28.6,28.865514156446295,True,suffix,full_fit
2199.0,3.3358,3.3456640250591767,28.6,28.86727446210483,True,suffix,full_fit
2200.0,3.3355,3.34533130643595,28.6,28.86903515729199,True,suffix,full_fit
2201.0,3.3348,3.3449974158449116,28.6,28.870796242007657,True,suffix,full_fit
2202.0,3.3345,3.3446623239935915,28.4,28.87255771625189,True,suffix,full_fit
2203.0,3.3339,3.344326001197661,28.6,28.874319580024576,True,suffix,full_fit
2204.0,3.3336,3.3439884173765364,28.6,28.876081833325827,True,suffix,full_fit
2205.0,3.3333,3.343649542049032,28.4,28.877844476155587,True,suffix,full_fit
2206.0,3.3327,3.343309344328984,28.6,28.879607508513857,True,suffix,full_fit
2207.0,3.3324,3.34296779292095,28.4,28.881370930400692,True,suffix,full_fit
2208.0,3.332,3.3426248561159126,28.6,28.883134741816036,True,suffix,full_fit
2209.0,3.3314,3.3422805017869806,28.6,28.884898942759833,True,suffix,full_fit
2210.0,3.3311,3.341934697385188,28.6,28.88666353323225,True,suffix,full_fit
2211.0,3.3308,3.3415874099352836,28.4,28.88842851323318,True,suffix,full_fit
2212.0,3.3305,3.341238606031589,28.6,28.89019388276256,True,suffix,full_fit
2213.0,3.3302,3.3408882518338916,28.6,28.891959641820563,True,suffix,full_fit
2214.0,3.3296,3.340536313063402,28.6,28.893725790407018,True,suffix,full_fit
2215.0,3.3293,3.3401827549987657,28.6,28.89549232852204,True,suffix,full_fit
2216.0,3.3289,3.339827542472161,28.6,28.89725925616557,True,suffix,full_fit
2217.0,3.3283,3.339470639865412,28.6,28.899026573337608,True,suffix,full_fit
2218.0,3.328,3.339112011106243,28.6,28.900794280038156,True,suffix,full_fit
2219.0,3.3277,3.338751619664599,28.6,28.902562376267326,True,suffix,full_fit
2220.0,3.3274,3.3383894285490188,28.6,28.90433086202495,True,suffix,full_fit
2221.0,3.3271,3.3380254003031435,28.6,28.90609973731108,True,suffix,full_fit
2222.0,3.3265,3.337659497002332,28.6,28.90786900212578,True,suffix,full_fit
2223.0,3.3258,3.337291680250341,28.6,28.909638656468985,True,suffix,full_fit
2224.0,3.3252,3.336921911176185,28.6,28.9114087003407,True,suffix,full_fit
2225.0,3.3249,3.336550150431063,28.6,28.913179133740982,True,suffix,full_fit
2226.0,3.3246,3.3361763581854644,28.6,28.914949956669716,True,suffix,full_fit
2227.0,3.3243,3.335800494126388,28.8,28.916721169127015,True,suffix,full_fit
2228.0,3.3237,3.3354225174547225,28.6,28.91849277111288,True,suffix,full_fit
2229.0,3.3234,3.3350423868827628,28.8,28.9202647626272,True,suffix,full_fit
2230.0,3.3231,3.3346600606319408,28.6,28.92203714367008,True,suffix,full_fit
2231.0,3.3227,3.3342754964306898,28.8,28.923809914241474,True,suffix,full_fit
2232.0,3.3221,3.333888651512487,28.6,28.925583074341375,True,suffix,full_fit
2233.0,3.3218,3.3334994826141453,28.6,28.927356623969843,True,suffix,full_fit
2234.0,3.3215,3.333107945974246,28.6,28.92913056312682,True,suffix,full_fit
2235.0,3.3209,3.332713997331832,28.6,28.930904891812304,True,suffix,full_fit
2236.0,3.3206,3.3323175919253045,28.6,28.932679610026298,True,suffix,full_fit
2237.0,3.3203,3.3319186844915527,28.6,28.934454717768915,True,suffix,full_fit
2238.0,3.3196,3.3315172292653465,28.6,28.936230215039927,True,suffix,full_fit
2239.0,3.3193,3.3311131799789786,28.8,28.938006101839505,True,suffix,full_fit
2240.0,3.3187,3.3307064898621683,28.6,28.93978237816765,True,suffix,full_fit
2241.0,3.3184,3.3302971116422677,28.6,28.941559044024302,True,suffix,full_fit
2242.0,3.3178,3.3298849975447253,28.8,28.943336099409464,True,suffix,full_fit
2243.0,3.3172,3.3294700992939115,28.6,28.945113544323135,True,suffix,full_fit
2244.0,3.3169,3.329052368114185,28.6,28.946891378765372,True,suffix,full_fit
2245.0,3.3165,3.3286317547313944,28.6,28.94866960273606,True,suffix,full_fit
2246.0,3.3162,3.3282082093746044,28.6,28.950448216235372,True,suffix,full_fit
2247.0,3.3156,3.3277816817782693,28.6,28.952227219263136,True,suffix,full_fit
2248.0,3.3153,3.3273521211847545,28.8,28.954006611819466,True,suffix,full_fit
2249.0,3.3147,3.3269194763472143,28.6,28.955786393904248,True,suffix,full_fit
2250.0,3.3144,3.3264836955329096,28.6,28.957566565517652,True,suffix,full_fit
2251.0,3.3138,3.3260447265269297,28.6,28.95934712665951,True,suffix,full_fit
2252.0,3.3134,3.325602516636306,28.6,28.96112807732993,True,suffix,full_fit
2253.0,3.3131,3.3251570126946315,28.6,28.96290941752892,True,suffix,full_fit
2254.0,3.3125,3.324708161067064,28.6,28.96469114725636,True,suffix,full_fit
2255.0,3.3122,3.324255907655907,28.6,28.96647326651231,True,suffix,full_fit
2256.0,3.3119,3.3238001979065395,28.6,28.968255775296882,True,suffix,full_fit
2257.0,3.3113,3.323340976814,28.6,28.970038673609906,True,suffix,full_fit
2258.0,3.311,3.3228781889299697,28.6,28.97182196145144,True,suffix,full_fit
2259.0,3.3103,3.3224117783703675,28.6,28.97360563882154,True,suffix,full_fit
2260.0,3.3097,3.321941688823449,28.6,28.97538970572009,True,suffix,full_fit
2261.0,3.3094,3.3214678635585253,28.6,28.977174162147264,True,suffix,full_fit
2262.0,3.3088,3.32099024543521,28.6,28.97895900810289,True,suffix,full_fit
2263.0,3.3085,3.3205087769133224,28.6,28.98074424358714,True,suffix,full_fit
2264.0,3.3079,3.320023400063354,28.6,28.98252986859984,True,suffix,full_fit
2265.0,3.3076,3.31953405657761,28.6,28.98431588314105,True,suffix,full_fit
2266.0,3.3072,3.3190406877819796,28.6,28.98610228721077,True,suffix,full_fit
2267.0,3.3066,3.318543234648404,28.6,28.987889080809055,True,suffix,full_fit
2268.0,3.3063,3.3180416378079634,28.6,28.98967626393585,True,suffix,full_fit
2269.0,3.3057,3.3175358375647495,28.6,28.99146383659121,True,suffix,full_fit
2270.0,3.3054,3.317025773910359,28.6,28.99325179877502,True,suffix,full_fit
2271.0,3.3048,3.316511386539207,28.8,28.995040150487398,True,suffix,full_fit
2272.0,3.3045,3.3159926148645367,28.6,28.99682889172834,True,suffix,full_fit
2273.0,3.3041,3.315469398035185,28.6,28.998618022497737,True,suffix,full_fit
2274.0,3.3035,3.314941674953169,28.6,29.0004075427957,True,suffix,full_fit
2275.0,3.3032,3.3144093842920226,28.6,29.00219745262217,True,suffix,full_fit
2276.0,3.3026,3.3138724645159634,28.6,29.00398775197715,True,suffix,full_fit
2277.0,3.302,3.3133308538998762,28.8,29.005778440860638,True,suffix,full_fit
2278.0,3.3014,3.312784490550141,28.6,29.00756951927275,True,suffix,full_fit
2279.0,3.301,3.31223331242629,28.6,29.009360987213256,True,suffix,full_fit
2280.0,3.3004,3.3116772573635473,28.6,29.011152844682442,True,suffix,full_fit
2281.0,3.3001,3.3111162630962134,28.6,29.012945091679967,True,suffix,full_fit
2282.0,3.2995,3.3105502672819913,28.8,29.01473772820617,True,suffix,full_fit
2283.0,3.2992,3.3099792075271472,28.6,29.016530754260828,True,suffix,full_fit
2284.0,3.2986,3.309403021412619,28.6,29.018324169843993,True,suffix,full_fit
2285.0,3.2983,3.3088216465210145,28.6,29.02011797495578,True,suffix,full_fit
2286.0,3.2976,3.3082350204645596,28.6,29.021912169595964,True,suffix,full_fit
2287.0,3.2973,3.3076430809139645,28.8,29.02370675376477,True,suffix,full_fit
2288.0,3.2967,3.3070457656282493,28.8,29.02550172746197,True,suffix,full_fit
2289.0,3.2964,3.3064430124854445,28.8,29.027297090687853,True,suffix,full_fit
2290.0,3.2958,3.3058347595143687,28.8,29.029092843442186,True,suffix,full_fit
2291.0,3.2952,3.305220944927219,28.8,29.030888985725028,True,suffix,full_fit
2292.0,3.2945,3.3046015071532273,28.8,29.032685517536436,True,suffix,full_fit
2293.0,3.2939,3.3039763848732036,28.6,29.034482438876353,True,suffix,full_fit
2294.0,3.2936,3.3033455170550523,28.8,29.03627974974478,True,suffix,full_fit
2295.0,3.293,3.3027088429902736,28.8,29.038077450141714,True,suffix,full_fit
2296.0,3.2927,3.3020663023313577,28.8,29.039875540067214,True,suffix,full_fit
2297.0,3.2921,3.3014178351301653,28.8,29.041674019521224,True,suffix,full_fit
2298.0,3.2917,3.3007633818772275,28.7,29.0434728885038,True,suffix,full_fit
2299.0,3.2911,3.3001028835419803,28.8,29.045272147014828,True,suffix,full_fit
2300.0,3.2908,3.2994362816139207,28.6,29.04707179505442,True,suffix,full_fit
2301.0,3.2902,3.2987635181446424,28.8,29.048871832622524,True,suffix,full_fit
2302.0,3.2896,3.2980845357908084,28.8,29.050672259719136,True,suffix,full_fit
2303.0,3.2893,3.297399277857938,28.6,29.052473076344313,True,suffix,full_fit
2304.0,3.2886,3.296707688345119,28.8,29.054274282498,True,suffix,full_fit
2305.0,3.288,3.296009711990499,28.6,29.056075878180195,True,suffix,full_fit
2306.0,3.2874,3.2953052943176058,28.8,29.0578778633909,True,suffix,full_fit
2307.0,3.2871,3.294594381682467,28.8,29.05968023813017,True,suffix,full_fit
2308.0,3.2862,3.293876921321496,28.8,29.06148300239795,True,suffix,full_fit
2309.0,3.2859,3.293152861400054,28.8,29.063286156194238,True,suffix,full_fit
2310.0,3.2852,3.292422151061787,28.6,29.065089699519092,True,suffix,full_fit
2311.0,3.2846,3.2916847404785585,28.8,29.066893632372455,True,suffix,full_fit
2312.0,3.2843,3.2909405809010486,28.8,29.068697954754327,True,suffix,full_fit
2313.0,3.2837,3.2901896247099045,28.8,29.070502666664765,True,suffix,full_fit
2314.0,3.2834,3.289431825467479,28.8,29.072307768103656,True,suffix,full_fit
2315.0,3.2824,3.28866713797,28.8,29.07411325907111,True,suffix,full_fit
2316.0,3.2821,3.2878955183002447,28.8,29.075919139567077,True,suffix,full_fit
2317.0,3.2815,3.2871169238805886,28.8,29.077725409591608,True,suffix,full_fit
2318.0,3.2809,3.286331313526369,28.8,29.079532069144648,True,suffix,full_fit
2319.0,3.2806,3.2855386474996044,28.9,29.081339118226197,True,suffix,full_fit
2320.0,3.28,3.2847388875628374,28.7,29.083146556836198,True,suffix,full_fit
2321.0,3.2793,3.283931997033258,28.8,29.08495438497482,True,suffix,full_fit
2322.0,3.2787,3.2831179408368336,29.0,29.086762602641954,True,suffix,full_fit
2323.0,3.2781,3.2822966855624998,28.8,29.088571209837596,True,suffix,full_fit
2324.0,3.2772,3.2814681995163326,28.8,29.090380206561804,True,suffix,full_fit
2325.0,3.2769,3.28063245277557,28.8,29.092189592814464,True,suffix,full_fit
2326.0,3.2762,3.279789417242483,28.8,29.09399936859569,True,suffix,full_fit
2327.0,3.2756,3.2789390666979457,28.7,29.095809533905424,True,suffix,full_fit
2328.0,3.2753,3.2780813768546624,29.0,29.097620088743668,True,suffix,full_fit
2329.0,3.2747,3.277216325409998,28.8,29.099431033110477,True,suffix,full_fit
2330.0,3.2741,3.2763438920982386,28.8,29.101242367005796,True,suffix,full_fit
2331.0,3.2734,3.275464058742271,28.8,29.10305409042968,True,suffix,full_fit
2332.0,3.2728,3.2745768093045746,28.9,29.104866203382016,True,suffix,full_fit
2333.0,3.2722,3.273682129937402,29.0,29.10667870586292,True,suffix,full_fit
2334.0,3.2716,3.272780009032096,28.7,29.10849159787233,True,suffix,full_fit
2335.0,3.271,3.271870437267409,29.0,29.11030487941025,True,suffix,full_fit
2336.0,3.27,3.270953407656748,28.9,29.112118550476737,True,suffix,full_fit
2337.0,3.2694,3.2700289155942754,29.0,29.113932611071732,True,suffix,full_fit
2338.0,3.2688,3.269096958899668,28.7,29.115747061195236,True,suffix,full_fit
2339.0,3.2682,3.2681575378615424,28.8,29.117561900847306,True,suffix,full_fit
2340.0,3.2676,3.267210655279413,28.9,29.11937713002783,True,suffix,full_fit
2341.0,3.2669,3.2662563165040037,28.7,29.121192748736917,True,suffix,full_fit
2342.0,3.2663,3.265294529475933,29.0,29.123008756974514,True,suffix,full_fit
2343.0,3.266,3.264325304762554,28.8,29.12482515474062,True,suffix,full_fit
2344.0,3.2654,3.263348655592968,29.0,29.126641942035292,True,suffix,full_fit
2345.0,3.2648,3.262364597890917,28.9,29.128459118858473,True,suffix,full_fit
2346.0,3.2641,3.26137315030571,28.9,29.13027668521022,True,suffix,full_fit
2347.0,3.2635,3.260374334240852,28.8,29.132094641090475,True,suffix,full_fit
2348.0,3.2629,3.2593681738803775,28.9,29.13391298649924,True,suffix,full_fit
2349.0,3.2617,3.2583546962127983,29.0,29.135731721436457,True,suffix,full_fit
2350.0,3.2614,3.257333931052513,28.8,29.13755084590224,True,suffix,full_fit
2351.0,3.2604,3.256305911058649,28.9,29.13937035989659,True,suffix,full_fit
2352.0,3.2598,3.255270671751162,28.8,29.141190263419503,True,suffix,full_fit
2353.0,3.2592,3.2542282515241636,28.8,29.14301055647087,True,suffix,full_fit
2354.0,3.2586,3.2531786916563763,29.0,29.144831239050745,True,suffix,full_fit
2355.0,3.2579,3.252122036318608,28.8,29.146652311159187,True,suffix,full_fit
2356.0,3.2573,3.2510583325781606,28.9,29.148473772796137,True,suffix,full_fit
2357.0,3.2567,3.2499876304001503,28.9,29.150295623961597,True,suffix,full_fit
2358.0,3.2561,3.248909982645573,28.7,29.152117864655622,True,suffix,full_fit
2359.0,3.2555,3.2478254450661317,28.9,29.1539404948781,True,suffix,full_fit
2360.0,3.2542,3.246734076295705,28.8,29.1557635146292,True,suffix,full_fit
2361.0,3.2539,3.245635937838395,29.0,29.157586923908752,True,suffix,full_fit
2362.0,3.253,3.2445310940531416,28.9,29.159410722716814,True,suffix,full_fit
2363.0,3.2524,3.243419612134845,28.9,29.161234911053498,True,suffix,full_fit
2364.0,3.2517,3.2423015620918476,28.9,29.163059488918577,True,suffix,full_fit
2365.0,3.2511,3.241177016719929,28.9,29.164884456312336,True,suffix,full_fit
2366.0,3.2505,3.240046051572584,28.9,29.16670981323449,True,suffix,full_fit
2367.0,3.2496,3.238908744927709,28.9,29.16853555968521,True,suffix,full_fit
2368.0,3.249,3.23776517775058,28.9,29.170361695664496,True,suffix,full_fit
2369.0,3.2483,3.236615433653153,29.0,29.172188221172235,True,suffix,full_fit
2370.0,3.2477,3.2354595988496895,29.0,29.17401513620854,True,suffix,full_fit
2371.0,3.2468,3.2342977621086484,28.9,29.17584244077341,True,suffix,full_fit
2372.0,3.2459,3.233130014700973,28.9,29.17767013486673,True,suffix,full_fit
2373.0,3.2452,3.231956450344635,28.9,29.17949821848856,True,suffix,full_fit
2374.0,3.2443,3.230777165145583,28.9,29.181326691639015,True,suffix,full_fit
2375.0,3.2437,3.229592257535077,28.9,29.183155554317864,True,suffix,full_fit
2376.0,3.2431,3.2284018282034643,28.9,29.184984806525335,True,suffix,full_fit
2377.0,3.2424,3.2272059800304063,28.9,29.186814448261316,True,suffix,full_fit
2378.0,3.2415,3.2260048183805345,28.9,29.18864464669366,True,suffix,full_fit
2379.0,3.2409,3.224798453948678,29.0,29.190477060030275,True,suffix,full_fit
2380.0,3.24,3.223586992158923,28.9,29.192310069732684,True,suffix,full_fit
2381.0,3.2393,3.2223705438826165,28.9,29.194143675801,True,suffix,full_fit
2382.0,3.2387,3.2211492217810487,29.1,29.195977878235226,True,suffix,full_fit
2383.0,3.2375,3.219923140216063,28.9,29.1978126770353,True,suffix,full_fit
2384.0,3.2366,3.218692415157639,29.0,29.199648072201285,True,suffix,full_fit
2385.0,3.2359,3.2174571640886263,29.1,29.201484063733062,True,suffix,full_fit
2386.0,3.2353,3.2162175059067373,29.1,29.203320651630747,True,suffix,full_fit
2387.0,3.2344,3.214973560823895,29.1,29.205157835894397,True,suffix,full_fit
2388.0,3.2338,3.2137254502631207,29.1,29.206995616523784,True,suffix,full_fit
2389.0,3.2328,3.2124732967530134,29.0,29.208833993519136,True,suffix,full_fit
2390.0,3.2319,3.2112172238200585,29.1,29.21067296688028,True,suffix,full_fit
2391.0,3.231,3.209957355878811,28.9,29.21251253660739,True,suffix,full_fit
2392.0,3.23,3.2086938181202154,29.1,29.214352702700353,True,suffix,full_fit
2393.0,3.2291,3.207426736398087,29.1,29.216193465159165,True,suffix,full_fit
2394.0,3.2285,3.206156237114031,29.1,29.218034823983828,True,suffix,full_fit
2395.0,3.2276,3.2048824471009234,29.1,29.219876779174456,True,suffix,full_fit
2396.0,3.2266,3.203605493505065,29.1,29.221719330730878,True,suffix,full_fit
2397.0,3.226,3.2023255050048998,29.1,29.223563083621343,True,suffix,full_fit
2398.0,3.2251,3.201042608008666,29.1,29.225407582006483,True,suffix,full_fit
2399.0,3.2242,3.199756929314915,29.1,29.227252567584856,True,suffix,full_fit
2400.0,3.2232,3.1984685973178713,29.1,29.22909857918478,True,suffix,full_fit
2401.0,3.222,3.197177742116151,29.1,29.23094705633531,True,suffix,full_fit
2402.0,3.2214,3.195884486260453,29.1,29.232796211540574,True,suffix,full_fit
2403.0,3.2204,3.194588955722144,29.1,29.234646044800456,True,suffix,full_fit
2404.0,3.2195,3.1932912758186998,29.1,29.236496556115014,True,suffix,full_fit
2405.0,3.2189,3.19199157109235,29.1,29.238347745484248,True,suffix,full_fit
2406.0,3.218,3.1906899651892715,29.1,29.240199612908157,True,suffix,full_fit
2407.0,3.217,3.1893865807394337,29.1,29.24205215838674,True,suffix,full_fit
2408.0,3.2161,3.188081539237287,29.1,29.24390538192,True,suffix,full_fit
2409.0,3.2152,3.186774960923554,29.1,29.245759283507937,True,suffix,full_fit
2410.0,3.2139,3.185466964668135,29.1,29.24761386315049,True,suffix,full_fit
2411.0,3.213,3.184157667854474,29.1,29.249469120847778,True,suffix,full_fit
2412.0,3.2121,3.1828471862653513,29.1,29.25132505659974,True,suffix,full_fit
2413.0,3.2111,3.181535633970493,29.1,29.25318167040632,True,suffix,full_fit
2414.0,3.2102,3.1802231232159275,29.1,29.255038962267633,True,suffix,full_fit
2415.0,3.2093,3.1789097643153816,29.1,29.256896932183622,True,suffix,full_fit
2416.0,3.2083,3.1775956655438096,29.1,29.25875558015423,True,suffix,full_fit
2417.0,3.2074,3.1762809330332065,29.1,29.260614906179512,True,suffix,full_fit
2418.0,3.2062,3.1749656706708094,29.1,29.26247491025947,True,suffix,full_fit
2419.0,3.2052,3.173649979999877,29.1,29.264335592394104,True,suffix,full_fit
2420.0,3.2043,3.1723339601230633,29.1,29.26619695258347,True,suffix,full_fit
2421.0,3.2034,3.1710177076086317,29.1,29.268058990827456,True,suffix,full_fit
2422.0,3.2025,3.1697013163994834,29.1,29.26992170712606,True,suffix,full_fit
2423.0,3.2015,3.168384877725186,29.3,29.271785101479452,True,suffix,full_fit
2424.0,3.2003,3.1670684800170767,29.1,29.273649173887407,True,suffix,full_fit
2425.0,3.1994,3.1657522126077047,29.1,29.275515628041887,True,suffix,full_fit
2426.0,3.1981,3.1644361635385736,29.1,29.277386917860383,True,suffix,full_fit
2427.0,3.1972,3.163120403526838,29.3,29.27925905890106,True,suffix,full_fit
2428.0,3.1963,3.1618050090259096,29.1,29.281132051163752,True,suffix,full_fit
2429.0,3.195,3.1604900533149864,29.3,29.283005894648454,True,suffix,full_fit
2430.0,3.1941,3.159175606434019,29.3,29.284880589355225,True,suffix,full_fit
2431.0,3.1928,3.1578617351221157,29.3,29.286756135284065,True,suffix,full_fit
2432.0,3.1919,3.1565485027595055,29.3,29.288632532434917,True,suffix,full_fit
2433.0,3.191,3.155235969313008,29.3,29.290509780807838,True,suffix,full_fit
2434.0,3.1897,3.1539241912850855,29.3,29.29238788040277,True,suffix,full_fit
2435.0,3.1885,3.1526132216663854,29.3,29.29426683121983,True,suffix,full_fit
2436.0,3.1876,3.1513031098919226,29.3,29.296146633258843,True,suffix,full_fit
2437.0,3.1863,3.149993901800711,29.3,29.298027286519982,True,suffix,full_fit
2438.0,3.1854,3.148685639599029,29.3,29.299908791003134,True,suffix,full_fit
2439.0,3.1842,3.1473783618270863,29.3,29.301791146708354,True,suffix,full_fit
2440.0,3.1832,3.146072103329249,29.3,29.303674353635586,True,suffix,full_fit
2441.0,3.1817,3.1447668952276717,29.3,29.305558411784887,True,suffix,full_fit
2442.0,3.1808,3.143462764899316,29.3,29.307443321156256,True,suffix,full_fit
2443.0,3.1795,3.142159735956367,29.3,29.309329081749638,True,suffix,full_fit
2444.0,3.1786,3.140857828229907,29.3,29.311215693565032,True,suffix,full_fit
2445.0,3.1773,3.139557057756842,29.3,29.313103156602494,True,suffix,full_fit
2446.0,3.1764,3.138257436770014,29.3,29.314991470862026,True,suffix,full_fit
2447.0,3.1752,3.136958973691438,29.5,29.316880636343626,True,suffix,full_fit
2448.0,3.1736,3.1356616731285003,29.5,29.318770653047295,True,suffix,full_fit
2449.0,3.1724,3.1343655358732185,29.3,29.32066152097292,True,suffix,full_fit
2450.0,3.1715,3.133070558904288,29.5,29.32255324012067,True,suffix,full_fit
2451.0,3.1702,3.131776735391971,29.3,29.324445810490374,True,suffix,full_fit
2452.0,3.169,3.1304840547056827,29.5,29.326339232082262,True,suffix,full_fit
2453.0,3.1677,3.129192502424143,29.5,29.328233504896104,True,suffix,full_fit
2454.0,3.1668,3.127902060348119,29.5,29.330128628932016,True,suffix,full_fit
2455.0,3.1653,3.126612706515514,29.5,29.332024604189996,True,suffix,full_fit
2456.0,3.164,3.125324415218843,29.3,29.33392143066999,True,suffix,full_fit
2457.0,3.1628,3.1240371570248726,29.5,29.335819108371993,True,suffix,full_fit
2458.0,3.1615,3.1227508987964168,29.5,29.33771763729618,True,suffix,full_fit
2459.0,3.1603,3.121465603716126,29.5,29.339617017442265,True,suffix,full_fit
2460.0,3.1591,3.1201812313122033,29.5,29.341517248810476,True,suffix,full_fit
2461.0,3.1575,3.1188977374859315,29.3,29.3434183314007,True,suffix,full_fit
2462.0,3.1566,3.1176150745408666,29.5,29.34532026521299,True,suffix,full_fit
2463.0,3.155,3.1163331912136645,29.5,29.34722305024735,True,suffix,full_fit
2464.0,3.1538,3.115052032706378,29.5,29.349126686503723,True,suffix,full_fit
2465.0,3.1525,3.113771540720156,29.5,29.351031173982165,True,suffix,full_fit
2466.0,3.1513,3.1124916534901828,29.5,29.352936512682618,True,suffix,full_fit
2467.0,3.1498,3.1112123058218546,29.5,29.35484270260514,True,suffix,full_fit
2468.0,3.1485,3.109933429127968,29.5,29.35674974374973,True,suffix,full_fit
2469.0,3.1473,3.108654951466913,29.5,29.35865763611639,True,suffix,full_fit
2470.0,3.1457,3.107376797581761,29.5,29.360566379705062,True,suffix,full_fit
2471.0,3.1445,3.1060988889400627,29.5,29.362475974515746,True,suffix,full_fit
2472.0,3.1432,3.104821143774355,29.5,29.3643864205485,True,suffix,full_fit
2473.0,3.1417,3.103543477123274,29.5,29.36629771780332,True,suffix,full_fit
2474.0,3.1401,3.1022658008730963,29.5,29.368209866280154,True,suffix,full_fit
2475.0,3.1389,3.1009880237997502,29.5,29.370122865979113,True,suffix,full_fit
2476.0,3.1377,3.099710051611037,29.7,29.372036716900027,True,suffix,full_fit
2477.0,3.1361,3.098431786989161,29.7,29.37395141904301,True,suffix,full_fit
2478.0,3.1349,3.097153129633329,29.7,29.375866972408062,True,suffix,full_fit
2479.0,3.133,3.095873976302461,29.7,29.377783376995183,True,suffix,full_fit
2480.0,3.1318,3.0945942208578,29.7,29.379700632804315,True,suffix,full_fit
2481.0,3.1302,3.0933137543055045,29.7,29.381618739835517,True,suffix,full_fit
2482.0,3.1287,3.0920324648389643,29.8,29.38353769808873,True,suffix,full_fit
2483.0,3.1274,3.0907502378809637,29.7,29.385457507564013,True,suffix,full_fit
2484.0,3.1256,3.0894669561254524,29.7,29.387378168261307,True,suffix,full_fit
2485.0,3.1243,3.08818249957897,29.7,29.38929968018067,True,suffix,full_fit
2486.0,3.1228,3.08689674560159,29.7,29.39122204332216,True,suffix,full_fit
2487.0,3.1215,3.0856095689474037,29.7,29.393145257685603,True,suffix,full_fit
2488.0,3.12,3.08432084180437,29.7,29.395069323271116,True,suffix,full_fit
2489.0,3.1184,3.083030433833612,29.7,29.396994240078755,True,suffix,full_fit
2490.0,3.1166,3.081738212207986,29.7,29.39892000810829,True,suffix,full_fit
2491.0,3.1153,3.0804440457103186,29.8,29.400848439326296,True,suffix,full_fit
2492.0,3.1138,3.0791478098597858,29.7,29.40278542711735,True,suffix,full_fit
2493.0,3.1122,3.07784934795655,29.7,29.404723548166203,True,suffix,full_fit
2494.0,3.1104,3.0765485175913887,29.8,29.40666280247285,True,suffix,full_fit
2495.0,3.1091,3.0752451740479745,29.7,29.40860319003724,True,suffix,full_fit
2496.0,3.1073,3.073939170336472,29.7,29.41054471085937,True,suffix,full_fit
2497.0,3.106,3.0726303572261338,29.8,29.41248736493924,True,suffix,full_fit
2498.0,3.1042,3.0713185832769625,29.7,29.414431152276904,True,suffix,full_fit
2499.0,3.1029,3.0700036948702425,29.8,29.41637607287231,True,suffix,full_fit
2500.0,3.1011,3.0686855362381418,29.8,29.418322126725513,True,suffix,full_fit
2501.0,3.0995,3.0673639494921012,29.8,29.420269313836513,True,suffix,full_fit
2502.0,3.098,3.0660387746502153,29.8,29.422217634205197,True,suffix,full_fit
2503.0,3.0964,3.064709849663453,29.8,29.424167087831677,True,suffix,full_fit
2504.0,3.0943,3.0633770104407425,29.8,29.426117674715897,True,suffix,full_fit
2505.0,3.093,3.0620400908729044,29.8,29.428069394857914,True,suffix,full_fit
2506.0,3.0912,3.0606989228553654,29.8,29.43002224825767,True,suffix,full_fit
2507.0,3.0896,3.059353336309774,29.8,29.431976234915226,True,suffix,full_fit
2508.0,3.0881,3.0580031592043277,29.8,29.43393135483052,True,suffix,full_fit
2509.0,3.0862,3.0566482175729535,30.0,29.435887608003554,True,suffix,full_fit
2510.0,3.0843,3.0552883355332607,29.8,29.437844994434386,True,suffix,full_fit
2511.0,3.0828,3.053923335303247,29.8,29.439803514122957,True,suffix,full_fit
2512.0,3.0812,3.05255303721681,29.8,29.44176316706927,True,suffix,full_fit
2513.0,3.0794,3.0511772597380187,29.8,29.443723953273377,True,suffix,full_fit
2514.0,3.0772,3.049795819474171,29.8,29.445685872735226,True,suffix,full_fit
2515.0,3.0757,3.048408531187575,29.8,29.44764892545487,True,suffix,full_fit
2516.0,3.0738,3.0470152078061554,30.0,29.449613111432313,True,suffix,full_fit
2517.0,3.0722,3.045615660432796,30.0,29.45157843066744,True,suffix,full_fit
2518.0,3.0704,3.0442096983534674,30.0,29.45354488316036,True,suffix,full_fit
2519.0,3.0685,3.0427971290441196,30.0,29.455512468910968,True,suffix,full_fit
2520.0,3.0667,3.0413777581763752,30.0,29.457481187919427,True,suffix,full_fit
2521.0,3.0651,3.039951389622002,30.2,29.459451040185627,True,suffix,full_fit
2522.0,3.0633,3.0385178254561627,30.0,29.461422025709624,True,suffix,full_fit
2523.0,3.0611,3.0370768659594973,30.0,29.463394144491303,True,suffix,full_fit
2524.0,3.0595,3.035628309618987,30.0,29.46536739653078,True,suffix,full_fit
2525.0,3.0577,3.034171953127613,30.0,29.467341781828054,True,suffix,full_fit
2526.0,3.0558,3.032707591382918,30.0,29.469317300383068,True,suffix,full_fit
2527.0,3.0536,3.0312350174842977,30.0,29.47129395219588,True,suffix,full_fit
2528.0,3.0521,3.0297540227292465,30.0,29.47327173726643,True,suffix,full_fit
2529.0,3.0502,3.0282643966083214,30.0,29.475250655594664,True,suffix,full_fit
2530.0,3.0484,3.026765926799118,30.0,29.477230707180752,True,suffix,full_fit
2531.0,3.0462,3.0252583991590036,30.0,29.479211892024523,True,suffix,full_fit
2532.0,3.0447,3.0237415977167976,30.0,29.481194210126205,True,suffix,full_fit
2533.0,3.0425,3.0222153046633147,30.2,29.483177661485513,True,suffix,full_fit
2534.0,3.0409,3.0206793003408676,30.0,29.485162246102618,True,suffix,full_fit
2535.0,3.0385,3.019133363231602,30.2,29.48714796397752,True,suffix,full_fit
2536.0,3.0366,3.0175772699448706,30.0,29.489134815110162,True,suffix,full_fit
2537.0,3.035,3.0160107952034365,30.2,29.491122799500488,True,suffix,full_fit
2538.0,3.0329,3.014433711828736,30.0,29.493111917148667,True,suffix,full_fit
2539.0,3.031,3.012845790725031,30.0,29.495102168054586,True,suffix,full_fit
2540.0,3.0288,3.011246800862585,30.2,29.497093552218303,True,suffix,full_fit
2541.0,3.027,3.009636509259806,30.2,29.499086069639702,True,suffix,full_fit
2542.0,3.0251,3.00801468096439,30.2,29.501079720318955,True,suffix,full_fit
2543.0,3.0226,3.0063810790334964,30.2,29.503074504255892,True,suffix,full_fit
2544.0,3.0208,3.0047354645129323,30.2,29.505070421450682,True,suffix,full_fit
2545.0,3.0189,3.003077596415378,30.2,29.5070674719031,True,suffix,full_fit
2546.0,3.0171,3.0014072316976574,30.4,29.50906565561337,True,suffix,full_fit
2547.0,3.0146,2.9997241252370572,30.2,29.511064972581437,True,suffix,full_fit
2548.0,3.0127,2.998028029806742,30.2,29.513065422807188,True,suffix,full_fit
2549.0,3.0106,2.996318696050208,30.2,29.515067006290735,True,suffix,full_fit
2550.0,3.0084,2.9945958724548816,30.2,29.517069723032023,True,suffix,full_fit
2551.0,3.0062,2.9928593053247297,30.2,29.519073573031164,True,suffix,full_fit
2552.0,3.0044,2.9911087387520867,30.2,29.521078556287932,True,suffix,full_fit
2553.0,3.0022,2.989343914588514,30.2,29.523084672802554,True,suffix,full_fit
2554.0,3.0,2.987564572414823,30.2,29.525091922574916,True,suffix,full_fit
2555.0,2.9978,2.985770449510235,30.2,29.527100305605018,True,suffix,full_fit
2556.0,2.9957,2.983961280820671,30.2,29.529109821892916,True,suffix,full_fit
2557.0,2.9938,2.9821368021632835,30.4,29.531121902186044,True,suffix,full_fit
2558.0,2.9916,2.9802967732955974,30.4,29.533149616546666,True,suffix,full_fit
2559.0,2.9892,2.9784408902331196,30.2,29.53517893771891,True,suffix,full_fit
2560.0,2.987,2.9765688782551614,30.4,29.537209865702607,True,suffix,full_fit
2561.0,2.9848,2.9746804601366676,30.2,29.53924240049787,True,suffix,full_fit
2562.0,2.9823,2.9727753561115318,30.2,29.541276542104697,True,suffix,full_fit
2563.0,2.9805,2.9708532838351367,30.4,29.54331229052309,True,suffix,full_fit
2564.0,2.9783,2.968913958346027,30.4,29.545349645752992,True,suffix,full_fit
2565.0,2.9761,2.966957092026891,30.4,29.54738860779446,True,suffix,full_fit
2566.0,2.9737,2.9649823945646516,30.4,29.54942917664755,True,suffix,full_fit
2567.0,2.9715,2.9629895729098386,30.2,29.55147135231215,True,suffix,full_fit
2568.0,2.969,2.9609783312351325,30.4,29.553515134788256,True,suffix,full_fit
2569.0,2.9671,2.9589483708931836,30.4,29.55556052407593,True,suffix,full_fit
2570.0,2.9644,2.956899390373605,30.4,29.557607520175168,True,suffix,full_fit
2571.0,2.9622,2.9548310852592308,30.4,29.559656123085972,True,suffix,full_fit
2572.0,2.96,2.952743148181591,30.4,29.561706332808342,True,suffix,full_fit
2573.0,2.9572,2.9506352687756254,30.4,29.563758149342164,True,suffix,full_fit
2574.0,2.9551,2.9485071336336346,30.4,29.565811572687608,True,suffix,full_fit
2575.0,2.9526,2.946358426258437,30.4,29.567866602844617,True,suffix,full_fit
2576.0,2.9501,2.94418882701585,30.4,29.569923239813136,True,suffix,full_fit
2577.0,2.9476,2.9419980130863035,30.4,29.57198148359322,True,suffix,full_fit
2578.0,2.9454,2.939785658415761,30.4,29.574041334184813,True,suffix,full_fit
2579.0,2.9427,2.9375514336658703,30.4,29.576102791588085,True,suffix,full_fit
2580.0,2.9402,2.935295006163334,30.4,29.57816585580275,True,suffix,full_fit
2581.0,2.9377,2.9330160398485385,30.4,29.58023052682904,True,suffix,full_fit
2582.0,2.9355,2.930714195223415,30.4,29.582296804666896,True,suffix,full_fit
2583.0,2.9327,2.928389129298542,30.4,29.58436468931626,True,suffix,full_fit
2584.0,2.9303,2.9260404955394286,30.4,29.58643418077719,True,suffix,full_fit
2585.0,2.9278,2.9236679438121507,30.6,29.588505279049684,True,suffix,full_fit
2586.0,2.925,2.9212711203280857,30.6,29.590577984133745,True,suffix,full_fit
2587.0,2.9225,2.9188496675879367,30.4,29.592652296029314,True,suffix,full_fit
2588.0,2.9197,2.916403224324991,30.6,29.59472821473645,True,suffix,full_fit
2589.0,2.9169,2.913931425447558,30.4,29.596805740255206,True,suffix,full_fit
2590.0,2.9144,2.911433901980656,30.6,29.59888487258536,True,suffix,full_fit
2591.0,2.912,2.9089102810068908,30.4,29.60096561172719,True,suffix,full_fit
2592.0,2.9089,2.906360185606523,30.6,29.603047957680474,True,suffix,full_fit
2593.0,2.9061,2.903783234796803,30.6,29.605131910445436,True,suffix,full_fit
2594.0,2.9036,2.901179043470416,30.6,29.60721747002185,True,suffix,full_fit
2595.0,2.9005,2.8985472223331694,30.6,29.60930463640983,True,suffix,full_fit
2596.0,2.8977,2.895887377840834,30.6,29.61139340960932,True,suffix,full_fit
2597.0,2.8952,2.8931991121351923,30.6,29.61348378962049,True,suffix,full_fit
2598.0,2.8921,2.8904820229792256,30.6,29.61557577644311,True,suffix,full_fit
2599.0,2.8893,2.8877357036914892,30.6,29.617669370077294,True,suffix,full_fit
2600.0,2.8862,2.884959743079594,30.6,29.619764570523046,True,suffix,full_fit
2601.0,2.8831,2.8821537253729113,30.6,29.62186137778025,True,suffix,full_fit
2602.0,2.8803,2.879317230154319,30.8,29.62395979184913,True,suffix,full_fit
2603.0,2.8772,2.876449832291172,30.6,29.626059812729522,True,suffix,full_fit
2604.0,2.8745,2.873551101865315,30.6,29.62816144042148,True,suffix,full_fit
2605.0,2.8714,2.8706206041022497,30.8,29.630264674924945,True,suffix,full_fit
2606.0,2.8683,2.8676578992993624,30.8,29.632369516240033,True,suffix,full_fit
2607.0,2.8652,2.8646625427533006,30.8,29.634475964366572,True,suffix,full_fit
2608.0,2.8617,2.861634084686371,30.8,29.636584019304735,True,suffix,full_fit
2609.0,2.859,2.8585720701720283,30.8,29.638693681054406,True,suffix,full_fit
2610.0,2.8555,2.855476039059403,30.8,29.640804949615642,True,suffix,full_fit
2611.0,2.8521,2.8523455258969164,30.8,29.642917824988444,True,suffix,full_fit
2612.0,2.849,2.84918005985487,30.8,29.645032307172812,True,suffix,full_fit
2613.0,2.8456,2.8459791646470864,30.8,29.64714839616869,True,suffix,full_fit
2614.0,2.8425,2.842742358451565,30.8,29.64926609197613,True,suffix,full_fit
2615.0,2.8385,2.839469153830107,30.8,29.651385394595138,True,suffix,full_fit
2616.0,2.8357,2.8361590576469213,30.8,29.653506304025655,True,suffix,full_fit
2617.0,2.8323,2.832811570986208,30.9,29.655628820267737,True,suffix,full_fit
2618.0,2.8286,2.829426189068676,30.8,29.657752943321384,True,suffix,full_fit
2619.0,2.8255,2.826002401167018,30.8,29.659878673186597,True,suffix,full_fit
2620.0,2.8214,2.8225396905202813,30.8,29.66200600986332,True,suffix,full_fit
2621.0,2.818,2.819037534247153,30.8,29.664134953351663,True,suffix,full_fit
2622.0,2.8143,2.815495403258113,30.9,29.66626550365146,True,suffix,full_fit
2623.0,2.8106,2.8119127621664997,30.8,29.668397660762878,True,suffix,full_fit
2624.0,2.8069,2.8082891188764503,30.9,29.670553192565706,True,suffix,full_fit
2625.0,2.8031,2.8046238778845156,30.8,29.67271138980891,True,suffix,full_fit
2626.0,2.7991,2.8009164838134133,30.8,29.674872009587432,True,suffix,full_fit
2627.0,2.7954,2.797166375175454,30.8,29.677035051901214,True,suffix,full_fit
2628.0,2.7911,2.7933729837233847,30.8,29.679200516750257,True,suffix,full_fit
2629.0,2.7873,2.789535734354254,30.9,29.681368404134616,True,suffix,full_fit
2630.0,2.783,2.7856540450120186,30.9,29.683538714054123,True,suffix,full_fit
2631.0,2.7793,2.781727326588868,30.9,29.685711446509004,True,suffix,full_fit
2632.0,2.7749,2.777754982825241,30.9,29.687886601499144,True,suffix,full_fit
2633.0,2.7709,2.7737364102085085,30.9,29.690064179024432,True,suffix,full_fit
2634.0,2.7666,2.7696709978702976,30.9,29.692244179085037,True,suffix,full_fit
2635.0,2.7619,2.765558127482496,30.8,29.694426601680902,True,suffix,full_fit
2636.0,2.7576,2.761397173151756,30.8,29.696611446812085,True,suffix,full_fit
2637.0,2.7532,2.757187501312674,30.8,29.69879871447847,True,suffix,full_fit
2638.0,2.7486,2.752928470619462,30.9,29.700988404680174,True,suffix,full_fit
2639.0,2.7442,2.7486194318361434,30.9,29.703180517417138,True,suffix,full_fit
2640.0,2.7393,2.744259727725283,30.9,29.705375052689305,True,suffix,full_fit
2641.0,2.7343,2.739848692935139,30.9,29.70757201049679,True,suffix,full_fit
2642.0,2.7297,2.7353856538852974,30.9,29.709771390839478,True,suffix,full_fit
2643.0,2.7244,2.7308699286506677,30.9,29.711973193717427,True,suffix,full_fit
2644.0,2.7198,2.726300826843895,30.9,29.714177419130692,True,suffix,full_fit
2645.0,2.7145,2.7216776494961175,30.9,29.71638406707922,True,suffix,full_fit
2646.0,2.7089,2.7169996889359904,30.9,29.718593137563005,True,suffix,full_fit
2647.0,2.7039,2.7122662286670676,30.9,29.72080463058205,True,suffix,full_fit
2648.0,2.6984,2.707476543243348,31.1,29.723018546136302,True,suffix,full_fit
2649.0,2.6928,2.702629898143099,31.1,29.72523488422587,True,suffix,full_fit
2650.0,2.6872,2.6977255496407957,31.1,29.727453644850698,True,suffix,full_fit
2651.0,2.6816,2.6927627446772306,31.1,29.72967482801073,True,suffix,full_fit
2652.0,2.6757,2.6877407207277124,31.1,29.73189843370608,True,suffix,full_fit
2653.0,2.6695,2.682658705668282,31.1,29.734124461936688,True,suffix,full_fit
2654.0,2.6633,2.6775159176399885,31.1,29.736352912702614,True,suffix,full_fit
2655.0,2.6574,2.6723115649111007,31.1,29.738583786003744,True,suffix,full_fit
2656.0,2.6512,2.6670448457372284,31.1,29.740817081840078,True,suffix,full_fit
2657.0,2.6447,2.6617149482193376,31.1,29.743052800211785,True,suffix,full_fit
2658.0,2.6382,2.656321050159587,31.1,29.745290941118697,True,suffix,full_fit
2659.0,2.632,2.650862318914908,31.1,29.747531504560868,True,suffix,full_fit
2660.0,2.6252,2.645337911248329,31.3,29.7497744905383,True,suffix,full_fit
2661.0,2.6181,2.6397469731779566,31.1,29.752019899050993,True,suffix,full_fit
2662.0,2.6109,2.634088639823535,31.1,29.754267730099002,True,suffix,full_fit
2663.0,2.6041,2.6283620352505936,31.3,29.756517983682215,True,suffix,full_fit
2664.0,2.5967,2.622566272312034,31.1,29.75877065980069,True,suffix,full_fit
2665.0,2.5892,2.616700452487149,31.3,29.76102575845448,True,suffix,full_fit
2666.0,2.5815,2.610763665717995,31.3,29.76328327964353,True,suffix,full_fit
2667.0,2.5737,2.6047549902430127,31.3,29.765543223367786,True,suffix,full_fit
2668.0,2.5663,2.5986734924279036,31.3,29.7678055896273,True,suffix,full_fit
2669.0,2.5582,2.592518226593554,31.3,29.770070378422133,True,suffix,full_fit
2670.0,2.5502,2.5862882348410556,31.3,29.77233758975217,True,suffix,full_fit
2671.0,2.5421,2.579982546873676,31.3,29.77460722361758,True,suffix,full_fit
2672.0,2.5334,2.573600179815662,31.3,29.776879280018136,True,suffix,full_fit
2673.0,2.5251,2.5671401380278587,31.3,29.77915375895401,True,suffix,full_fit
2674.0,2.5167,2.560601412919965,31.3,29.781430660425087,True,suffix,full_fit
2675.0,2.5077,2.553982982759371,31.5,29.783709984431482,True,suffix,full_fit
2676.0,2.4987,2.547283812476465,31.4,29.785991730973137,True,suffix,full_fit
