time_s,cell,phase,soc,voltage_V,temperature_K,current_A,decision_index
0.0,1,charge,0.2436764510811582,3.5197628389222695,298.15,0.0,-1
0.0,2,charge,0.3064504641613643,3.604982372706564,298.15,0.0,-1
0.0,3,charge,0.3951276679802737,3.6885494387403632,298.15,0.0,-1
0.0,1,charge,0.2436764510811582,3.5197628389222695,298.15,6.0,0
0.0,1,charge,0.2436764510811577,3.65511052312982,298.15,6.0,0
0.0,2,charge,0.3064504641613643,3.604982372706564,298.15,4.5,0
0.0,2,charge,0.3064504641613646,3.7140811145152703,298.15,4.5,0
0.0,3,charge,0.3951276679802737,3.6885494387403632,298.15,3.0,0
0.0,3,charge,0.39512766798027366,3.767731063549335,298.15,3.0,0
0.9999999999999999,1,charge,0.24406791937106162,3.659913343698892,298.1536443061371,6.0,0
0.9999999999999999,2,charge,0.3067615014835593,3.7181431785231274,298.1519014006765,4.5,0
0.9999999999999999,3,charge,0.3953447880892126,3.7705120334929267,298.1507875760207,3.0,0
2.0,1,charge,0.2444593876609638,3.6629960384406433,298.15730371121134,6.0,0
2.0,2,charge,0.3070725388057532,3.7206898834797357,298.1538109525318,4.5,0
2.0,3,charge,0.39556190819815246,3.7723612395971333,298.15157844705345,3.0,0
3.0,1,charge,0.24485085595086645,3.6655092563550573,298.1609787419639,6.0,0
3.0,2,charge,0.30738357612794864,3.7227481131200504,298.15572860391325,4.5,0
3.0,3,charge,0.39577902830709366,3.773844817440401,298.1523724994504,3.0,0
4.0,1,charge,0.2452423242407687,3.667720612072012,298.164669294661,6.0,0
4.0,2,charge,0.30769461345014254,3.724546897323754,298.1576541558437,4.5,0
4.0,3,charge,0.39599614841603326,3.7751324901209475,298.1531696163024,3.0,0
5.0,1,charge,0.24563379253067083,3.669739732355997,298.16837516226224,6.0,0
5.0,2,charge,0.30800565077233716,3.7261796844030055,298.1595874040818,4.5,0
5.0,3,charge,0.3962132685249722,3.776295045466809,298.1539696921986,3.0,0
6.0,1,charge,0.2460252608205731,3.6716224776280977,298.1720961102188,6.0,0
6.0,2,charge,0.3083166880945317,3.727694050820366,298.16152815244345,4.5,0
6.0,3,charge,0.39643038863391206,3.777368662326057,298.1547726311273,3.0,0
7.0,1,charge,0.2464167291104757,3.673401547469032,298.175831896513,6.0,0
7.0,2,charge,0.3086277254167264,3.729118038467281,298.1634762139136,4.5,0
7.0,3,charge,0.39664750874285326,3.7783744847774403,298.1555783443123,3.0,0
7.999999999999999,1,charge,0.24680819740037793,3.675097882664053,298.17958227729423,6.0,0
7.999999999999999,2,charge,0.30893876273892107,3.7304694831475222,298.1654314093607,4.5,0
7.999999999999999,3,charge,0.3968646288517908,3.779326182445069,298.15638674859883,3.0,0
9.0,1,charge,0.24719966569028187,3.6767257535419295,298.1833470079656,6.0,0
9.0,2,charge,0.30924980006111574,3.7317607528773094,298.1673935660613,4.5,0
9.0,3,charge,0.39708174896073073,3.780233004118201,298.157197765281,3.0,0
10.0,1,charge,0.2475911339801841,3.678295441954713,298.1871258427958,6.0,0
10.0,2,charge,0.3095608373833104,3.733000702100068,298.1693625162508,4.5,0
10.0,3,charge,0.397298869069672,3.781101698577479,298.1580113192167,3.0,0
11.0,1,charge,0.24798260227008673,3.679814537158927,298.1909185339283,6.0,0
11.0,2,charge,0.3098718747055051,3.7341959843869104,298.17133809596345,4.5,0
11.0,3,charge,0.39751598917861186,3.7819373045950835,298.15882733817455,3.0,0
12.0,1,charge,0.24837407055998892,3.681288785112806,298.19472483050487,6.0,0
12.0,2,charge,0.31018291202769965,3.735351708496625,298.1733201441087,4.5,0
12.0,3,charge,0.39773310928755073,3.7827437019146704,298.1596457523472,3.0,0
13.0,1,charge,0.24876553884989103,3.6827227105039793,298.19854447801663,6.0,0
13.0,2,charge,0.3104939493498943,3.7364718876619607,298.1753085017938,4.5,0
13.0,3,charge,0.39795022939649033,3.783523983393106,298.16046649397157,3.0,0
14.0,1,charge,0.2491570071397938,3.684119905405135,298.2023772178108,6.0,0
14.0,2,charge,0.310804986672089,3.7375597497275566,298.1773030118381,4.5,0
14.0,3,charge,0.39816734950543153,3.784280646018205,298.1612894970604,3.0,0
15.0,1,charge,0.24954847542969602,3.685483267677358,298.2062227868966,6.0,0
15.0,2,charge,0.3111160239942836,3.7386179492506892,298.1793035184161,4.5,0
15.0,3,charge,0.3983844696143714,3.785015735149985,298.16211469720844,3.0,0
16.0,1,charge,0.24993994371959996,3.686815186885756,298.2100809179804,6.0,0
16.0,2,charge,0.31142706131647796,3.7396487063905264,298.18130986684235,4.5,0
16.0,3,charge,0.39860158972331033,3.785730960038216,298.1629420314415,3.0,0
17.0,1,charge,0.25033141200950226,3.688117665636726,298.2139513396455,6.0,0
17.0,2,charge,0.3117380986386726,3.7406538899715422,298.183321903491,4.5,0
17.0,3,charge,0.39881870983225015,3.7864277758604645,298.16377143810297,3.0,0
18.0,1,charge,0.2507228802994048,3.6893924000424594,298.2178337767012,6.0,0
18.0,2,charge,0.31204913596086725,3.7416350874993602,298.1853394757904,4.5,0
18.0,3,charge,0.39903582994119013,3.7871074339582687,298.16460285677863,3.0,0
19.0,1,charge,0.25111434858930703,3.6906408390910004,298.22172795066973,6.0,0
19.0,2,charge,0.3123601732830619,3.742593673135016,298.18736243224896,4.5,0
19.0,3,charge,0.39925295005012906,3.787771019652441,298.1654362282497,3.0,0
20.0,1,charge,0.2515058168792092,3.6918642405311966,298.22563358033244,6.0,0
20.0,2,charge,0.3126712106052566,3.7435308585317735,298.18939062251513,4.5,0
20.0,3,charge,0.39947007015906894,3.7884194841275054,298.16627149446055,3.0,0
21.0,1,charge,0.2518972851691114,3.6930637160581927,298.2295503822989,6.0,0
21.0,2,charge,0.31298224792745116,3.7444477210203897,298.1914238974777,4.5,0
21.0,3,charge,0.3996871902680102,3.789053672127424,298.16710859848996,3.0,0
22.0,1,charge,0.25228875345901397,3.6942402596022763,298.2334780716046,6.0,0
22.0,2,charge,0.31329328524964584,3.7453452218179963,298.19346210939574,4.5,0
22.0,3,charge,0.3999043103769501,3.7896743409654183,298.1679474845375,3.0,0
23.0,1,charge,0.25268022174891624,3.695394766272446,298.23741636233206,6.0,0
23.0,2,charge,0.3136043225718405,3.746224225760063,298.19550511203573,4.5,0
23.0,3,charge,0.40012143048588905,3.790282171886404,298.16878809792195,3.0,0
24.0,1,charge,0.25307169003882013,3.696528049993022,298.241364968227,6.0,0
24.0,2,charge,0.3139153598940352,3.7470855203830373,298.1975527608046,4.5,0
24.0,3,charge,0.40033855059482865,3.790877782830459,298.169630385077,3.0,0
25.0,1,charge,0.2534631583287224,3.697640859614912,298.24532360329107,6.0,0
25.0,2,charge,0.31422639721622986,3.74792982751919,298.1996049128786,4.5,0
25.0,3,charge,0.40055567070376985,3.7914617390065306,298.1704742935501,3.0,0
26.0,1,charge,0.253854626618625,3.698733889664802,298.2492919823346,6.0,0
26.0,2,charge,0.3145374345384245,3.748757816836641,298.201661427334,4.5,0
26.0,3,charge,0.4007727908127097,3.7920345559360014,298.17131977200984,3.0,0
27.0,1,charge,0.25424609490852723,3.6998077908189133,298.25326982152586,6.0,0
27.0,2,charge,0.31484847186061915,3.749570106914378,298.2037221652674,4.5,0
27.0,3,charge,0.40098991092164865,3.7925967109464933,298.172166770237,3.0,0
28.0,1,charge,0.2546375631984294,3.7008631736932176,298.25725683886645,6.0,0
28.0,2,charge,0.3151595091828121,3.7503672814765663,298.20578698991545,4.5,0
28.0,3,charge,0.4012070310305885,3.793148646953596,298.1730152391276,3.0,0
29.0,1,charge,0.2550290314883316,3.7019006206733436,298.261252754712,6.0,0
29.0,2,charge,0.3154705465050068,3.751149884603475,298.20785576675854,4.5,0
29.0,3,charge,0.40142415113952845,3.7936907780868685,298.17386513069056,3.0,0
30.0,1,charge,0.25542049977823417,3.7029206835918695,298.2652572921511,6.0,0
30.0,2,charge,0.31578158382720145,3.7519184275273703,298.20992836359915,4.5,0
30.0,3,charge,0.4016412712484673,3.794223491111704,298.17471639804825,3.0,0
31.0,1,charge,0.25581196806813644,3.703923888673415,298.2692701773681,6.0,0
31.0,2,charge,0.3160926211493961,3.7526733957924314,298.2120046506713,4.5,0
31.0,3,charge,0.40185839135740725,3.7947471488962368,298.175568995434,3.0,0
31.999999999999996,1,charge,0.25620343635804044,3.704910742088111,298.27329114006665,6.0,0
31.999999999999996,2,charge,0.3164036584715908,3.753415248163278,298.21408450067923,4.5,0
31.999999999999996,3,charge,0.40207551146634846,3.795262093009433,298.176422878187,3.0,0
33.0,1,charge,0.2565949046479426,3.7058817292639024,298.27731991369996,6.0,0
33.0,2,charge,0.3167146957937855,3.7541444225374523,298.21616778886516,4.5,0
33.0,3,charge,0.40229263157528805,3.7957686455427844,298.177278002745,3.0,0
34.0,1,charge,0.2569863729378454,3.7068373194049897,298.2813562357694,6.0,0
34.0,2,charge,0.3170257331159802,3.7548613379275264,298.2182543930798,4.5,0
34.0,3,charge,0.40250975168422687,3.796267111422295,298.1781343266377,3.0,0
35.0,1,charge,0.2573778412277475,3.70777796662657,298.28539984811243,6.0,0
35.0,2,charge,0.3173367704381749,3.7555663950719236,298.22034419379116,4.5,0
35.0,3,charge,0.40272687179316685,3.796757780553974,298.17899180848235,3.0,0
36.0,1,charge,0.2577693095176497,3.7087041111228647,298.28945049706687,6.0,0
36.0,2,charge,0.3176478077603695,3.7562599780298154,298.22243707413236,4.5,0
36.0,3,charge,0.40294399190210806,3.7972409269400362,298.1798504079586,3.0,0
37.0,1,charge,0.2581607778075523,3.7096161792912588,298.29350793365177,6.0,0
37.0,2,charge,0.31795884508256417,3.7569424558142037,298.2245329199322,4.5,0
37.0,3,charge,0.40316111201104804,3.7977168157788848,298.18071008583314,3.0,0
38.0,1,charge,0.2585522460974545,3.710514585555481,298.2975719137673,6.0,0
38.0,2,charge,0.3182698824047588,3.7576141822549958,298.2266316197036,4.5,0
38.0,3,charge,0.40337823211998686,3.798185693986773,298.1815708038874,3.0,0
39.0,1,charge,0.25894371438735664,3.7113997318245167,298.301642198266,6.0,0
39.0,2,charge,0.31858091972695346,3.758275498176908,298.22873306467045,4.5,0
39.0,3,charge,0.4035953522289268,3.7986478046267376,298.18243252497933,3.0,0
40.0,1,charge,0.2593351826772608,3.712272008911698,298.3057185530607,6.0,0
40.0,2,charge,0.31889195704914813,3.758926731822849,298.230837148753,4.5,0
40.0,3,charge,0.4038124723378667,3.799103373131791,298.1832952129466,3.0,0
41.0,1,charge,0.25972665096716335,3.7131317968602016,298.30980074923997,6.0,0
41.0,2,charge,0.31920299437134275,3.759568199410693,298.2329437685358,4.5,0
41.0,3,charge,0.40402959244680553,3.7995526202524275,298.1841588326625,3.0,0
42.0,1,charge,0.26011811925706557,3.7139794654798433,298.31388856308297,6.0,0
42.0,2,charge,0.3195140316935374,3.760200207286535,298.2350528233494,4.5,0
42.0,3,charge,0.4042467125557455,3.7999957549700847,298.18502334997197,3.0,0
43.0,1,charge,0.26050958754696774,3.7148153744102923,298.3179817761068,6.0,0
43.0,2,charge,0.3198250690157321,3.760823049311168,298.23716421508834,4.5,0
43.0,3,charge,0.4044638326646864,3.8004329777669685,298.185888731693,3.0,0
44.0,1,charge,0.26090105583686984,3.7156398737151153,298.32208017511584,6.0,0
44.0,2,charge,0.3201361063379268,3.7614370112596203,298.2392778483796,4.5,0
44.0,3,charge,0.40468095277362637,3.8008644816546324,298.1867549456006,3.0,0
45.0,1,charge,0.26129252412677245,3.7164533037294927,298.32618355217426,6.0,0
45.0,2,charge,0.32044714366012145,3.7620423693995226,298.2413936304649,4.5,0
45.0,3,charge,0.40489807288256513,3.801290451619276,298.18762196040007,3.0,0
46.0,1,charge,0.26168399241667467,3.717255995446951,298.33029170460105,6.0,0
46.0,2,charge,0.3207581809823161,3.7626393882113875,298.2435114710378,4.5,0
46.0,3,charge,0.4051151929915051,3.8017110657777984,298.18848974571733,3.0,0
47.0,1,charge,0.2620754607065787,3.718048270816971,298.3344044349808,6.0,0
47.0,2,charge,0.3210692183045104,3.763228327301692,298.2456312825379,4.5,0
47.0,3,charge,0.405332313100445,3.8021264943155484,298.1893582720652,3.0,0
48.0,1,charge,0.26246692899648094,3.7188304427917234,298.3385215510779,6.0,0
48.0,2,charge,0.3213802556267051,3.763809433528631,298.24775297967454,4.5,0
48.0,3,charge,0.40554943320938386,3.802536903320532,298.19022751085316,3.0,0
49.0,1,charge,0.26285839728638355,3.7196028155842296,298.34264286581856,6.0,0
49.0,2,charge,0.3216912929488997,3.764382948599425,298.2498764797933,4.5,0
49.0,3,charge,0.4057665533183238,3.8029424536472254,298.19109743435496,3.0,0
50.0,1,charge,0.26324986557628577,3.72036568482911,298.34676819724353,6.0,0
50.0,2,charge,0.3220023302710944,3.7649491051211315,298.25200170258444,4.5,0
50.0,3,charge,0.40598367342726494,3.8033432933535076,298.19196801563845,3.0,0
51.0,1,charge,0.26364133386618793,3.721119337739731,298.35089736844054,6.0,0
51.0,2,charge,0.32231336759328905,3.7655081277022493,298.2541285700836,4.5,0
51.0,3,charge,0.40620079353620453,3.803739572787933,298.19283922864304,3.0,0
52.0,1,charge,0.26403280215608993,3.72186405325927,298.355030207476,6.0,0
52.0,2,charge,0.3226244049154837,3.7660602344293785,298.256257006703,4.5,0
52.0,3,charge,0.4064179136451434,3.804131437054327,298.19371104810847,3.0,0
53.0,1,charge,0.26442427044599215,3.7226001022390447,298.3591665473173,6.0,0
53.0,2,charge,0.3229354422376784,3.766605635594388,298.2583869390909,4.5,0
53.0,3,charge,0.40663503375408333,3.804519022122191,298.19458344953114,3.0,0
54.0,1,charge,0.2648157387358949,3.723327748165136,298.3633062256995,6.0,0
54.0,2,charge,0.32324647955987307,3.767144535414956,298.26051829616034,4.5,0
54.0,3,charge,0.40685215386302453,3.804902456762979,298.1954564091549,3.0,0
55.0,1,charge,0.2652072070257992,3.7240472455997544,298.3674490852083,6.0,0
55.0,2,charge,0.32355751688206774,3.7676771309592816,298.2626510089861,4.5,0
55.0,3,charge,0.40706927397196446,3.805281872770423,298.1963299040096,3.0,0
56.0,1,charge,0.265598675315702,3.724758843344622,298.37159497288843,6.0,0
56.0,2,charge,0.3238685542042623,3.7682036131570262,298.2647850107833,4.5,0
56.0,3,charge,0.407286394080902,3.805657395027146,298.1972039118326,3.0,0
57.0,1,charge,0.2659901436056049,3.725462779043978,298.3757437407218,6.0,0
57.0,2,charge,0.324179591526457,3.76872416706464,298.2669202368585,4.5,0
57.0,3,charge,0.40750351418984326,3.8060291369601975,298.1980784110346,3.0,0
58.0,1,charge,0.26638161189550924,3.7261592869450135,298.3798952447347,6.0,0
58.0,2,charge,0.32449062884865165,3.769238970924672,298.26905662452396,4.5,0
58.0,3,charge,0.4077206342987832,3.806397216062728,298.1989533807419,3.0,0
59.0,1,charge,0.26677308018541196,3.7268485904146598,298.3840493457352,6.0,0
59.0,2,charge,0.3248016661708463,3.769748198167522,298.2711941131012,4.5,0
59.0,3,charge,0.40793775440772195,3.8067617434570318,298.19982880073337,3.0,0
60.0,1,charge,0.26716454847531407,3.7275309092145696,298.3882059084174,6.0,0
60.0,2,charge,0.325112703493041,3.7702520157433916,298.27333264381775,4.5,0
60.0,3,charge,0.408154874516662,3.807122824962458,298.2007046514438,3.0,0
61.0,1,charge,0.2675560167652163,3.728206453979837,298.3923648019217,6.0,0
61.0,2,charge,0.32542374081523573,3.77075058564405,298.2754721597891,4.5,0
61.0,3,charge,0.40837199462560325,3.807480563212134,298.20158091393125,3.0,0
62.0,1,charge,0.26794748505511884,3.728875430208829,298.396525899277,6.0,0
62.0,2,charge,0.3257347781374304,3.7712440645046392,298.2776126059585,4.5,0
62.0,3,charge,0.40858911473454285,3.807835058122738,298.2024575698559,3.0,0
63.0,1,charge,0.26833895334502106,3.7295380362296267,298.4006890775552,6.0,0
63.0,2,charge,0.326045815459625,3.7717326036294043,298.27975392904665,4.5,0
63.0,3,charge,0.40880623484348166,3.8081864057957313,298.20333460147873,3.0,0
64.0,1,charge,0.2687304216349251,3.7301944638011886,298.404854217761,6.0,0
64.0,2,charge,0.32635685278181975,3.7722163497616394,298.28189607750016,4.5,0
64.0,3,charge,0.4090233549524216,3.80853469876239,298.20421199166367,3.0,0
65.0,1,charge,0.26912188992482733,3.7308448993864523,298.40902120449033,6.0,0
65.0,2,charge,0.3266678901040143,3.772695444453128,298.28403900146105,4.5,0
65.0,3,charge,0.40924047506136285,3.808880027184393,298.20508972379514,3.0,0
66.0,1,charge,0.26951335821472994,3.731489521761292,298.4131899263277,6.0,0
66.0,2,charge,0.3269789274262091,3.7731700250502933,298.2861826526911,4.5,0
66.0,3,charge,0.4094575951703003,3.809222478298412,298.20596778180845,3.0,0
67.0,1,charge,0.2699048265046321,3.7321285057399844,298.4173602750602,6.0,0
67.0,2,charge,0.32728996474840366,3.773640224210036,298.28832698454926,4.5,0
67.0,3,charge,0.4096747152792403,3.8095621350577495,298.20684615020224,3.0,0
68.0,1,charge,0.27029629479453426,3.732762018599346,298.4215321463088,6.0,0
68.0,2,charge,0.32760100207059833,3.774106170244332,298.29047195193806,4.5,0
68.0,3,charge,0.40989183538818147,3.809899079104201,298.2077248139533,3.0,0
69.0,1,charge,0.2706877630844365,3.733390225179349,298.425705438439,6.0,0
69.0,2,charge,0.327912039392793,3.774567987527437,298.2926175112476,4.5,0
69.0,3,charge,0.41010895549712145,3.810233389509094,298.2086037585342,3.0,0
70.0,1,charge,0.27107923137433915,3.7340132810510003,298.42988005391487,6.0,0
70.0,2,charge,0.3282230767149877,3.775025795989356,298.29476362033625,4.5,0
70.0,3,charge,0.4103260756060599,3.810565141948987,298.209482969913,3.0,0
71.0,1,charge,0.2714706996642413,3.734631335492849,298.434055898623,6.0,0
71.0,2,charge,0.32853411403718236,3.775479712060071,298.2969102384531,4.5,0
71.0,3,charge,0.41054319571499986,3.8108944088880032,298.2103624345355,3.0,0
72.0,1,charge,0.27186216795414536,3.7352445381057704,298.43823288036333,6.0,0
72.0,2,charge,0.32884515135937703,3.77592984808465,298.2990573262291,4.5,0
72.0,3,charge,0.41076031582394107,3.8112212620212995,298.2112421392688,3.0,0
73.0,1,charge,0.2722536362440475,3.7358530278432607,298.44241091119983,6.0,0
73.0,2,charge,0.3291561886815717,3.7763763128569043,298.30120484561166,4.5,0
73.0,3,charge,0.41097743593288105,3.811545770187461,298.21212207142503,3.0,0
74.0,1,charge,0.27264510453395013,3.7364569415682745,298.4465899055077,6.0,0
74.0,2,charge,0.32946722600376627,3.776819211687563,298.30335275982895,4.5,0
74.0,3,charge,0.41119455604181987,3.811867998590366,298.21300221878084,3.0,0
75.0,1,charge,0.2730365728238523,3.7370564121836347,298.4507697803517,6.0,0
75.0,2,charge,0.32977826332596094,3.777258646274774,298.30550103336924,4.5,0
75.0,3,charge,0.41141167615075974,3.8121880117460774,298.2138825694739,3.0,0
76.0,1,charge,0.27342804111375446,3.7376515676731312,298.4549504556515,6.0,0
76.0,2,charge,0.33008930064815567,3.7776947152590403,298.30764963190256,4.5,0
76.0,3,charge,0.4116287962596998,3.812505871614406,298.21476311204924,3.0,0
77.0,1,charge,0.2738195094036567,3.738242530815274,298.4591318541358,6.0,0
77.0,2,charge,0.33040033797035034,3.7781275138210617,298.3097985222945,4.5,0
77.0,3,charge,0.4118459163686385,3.812821637885709,298.21564383546223,3.0,0
78.0,1,charge,0.2742109776935594,3.7388294219959,298.46331390076745,6.0,0
78.0,2,charge,0.3307113752925445,3.7785571342666344,298.31194767251844,4.5,0
78.0,3,charge,0.41206303647757847,3.8131353683376683,298.2165247290343,3.0,0
79.0,1,charge,0.2746024459834634,3.7394123552283456,298.46749652345454,6.0,0
79.0,2,charge,0.3310224126147392,3.7789836658364977,298.314097051652,4.5,0
79.0,3,charge,0.41228015658651973,3.813447119050999,298.21740578242463,3.0,0
80.0,1,charge,0.2749939142733656,3.7399914417287388,298.4716796523158,6.0,0
80.0,2,charge,0.33133344993693387,3.7794071948134826,298.3162466298414,4.5,0
80.0,3,charge,0.4124972766954594,3.8137569441896337,298.21828698565486,3.0,0
81.0,1,charge,0.27538538256326817,3.7405667883159004,298.4758632199234,6.0,0
81.0,2,charge,0.33164448725912854,3.779827804863509,298.3183963782401,4.5,0
81.0,3,charge,0.41271439680439803,3.8140648959352594,298.21916832911893,3.0,0
82.0,1,charge,0.2757768508531704,3.7411384978053883,298.4800471611793,6.0,0
82.0,2,charge,0.3319555245813232,3.780245576733443,298.32054626902067,4.5,0
82.0,3,charge,0.41293151691333807,3.8143710251621643,298.22004980348953,3.0,0
83.0,1,charge,0.27616831914307266,3.741706669392506,298.4842314132053,6.0,0
83.0,2,charge,0.3322665619035179,3.780660588780088,298.3226962752918,4.5,0
83.0,3,charge,0.41314863702227933,3.814675381089665,298.2209313997663,3.0,0
84.0,1,charge,0.2765597874329749,3.7422713997696078,298.4884159150139,6.0,0
84.0,2,charge,0.33257759922571256,3.7810729167208845,298.3248463711077,4.5,0
84.0,3,charge,0.41336575713121676,3.8149780108183764,298.22181310929074,3.0,0
85.0,1,charge,0.2769512557228775,3.742832780897446,298.4926006080175,6.0,0
85.0,2,charge,0.33288863654790724,3.781482633852522,298.32699653142066,4.5,0
85.0,3,charge,0.4135828772401567,3.81527896039837,298.22269492367076,3.0,0
86.0,1,charge,0.27734272401277965,3.743390901566854,298.49678543561237,6.0,0
86.0,2,charge,0.33319967387010196,3.78188981120321,298.3291467320428,4.5,0
86.0,3,charge,0.41379999734909795,3.8155782744828786,298.2235768347965,3.0,0
87.0,1,charge,0.27773419230268365,3.7439458471301714,298.50097034321027,6.0,0
87.0,2,charge,0.33351071119229664,3.7822945173982943,298.33129694964816,4.5,0
87.0,3,charge,0.4140171174580376,3.8158759960464392,298.2244588348502,3.0,0
88.0,1,charge,0.27812566059258576,3.744497700656029,298.5051552778889,6.0,0
88.0,2,charge,0.3338217485144913,3.7826968190269796,298.3334471617011,4.5,0
88.0,3,charge,0.4142342375669763,3.8161721663997588,298.22534091629785,3.0,0
89.0,1,charge,0.2785171288824879,3.7450465422877484,298.5093401885416,6.0,0
89.0,2,charge,0.3341327858366859,3.7830967804763205,298.3355973464672,4.5,0
89.0,3,charge,0.4144513576759163,3.8164668260692602,298.2262230718316,3.0,0
90.0,1,charge,0.27890859717239064,3.745592449059716,298.51352502590123,6.0,0
90.0,2,charge,0.33444382315888055,3.783494464107236,298.33774748297054,4.5,0
90.0,3,charge,0.41466847778485755,3.8167600141453484,298.2271052944005,3.0,0
90.0,1,charge,0.27890859717239014,3.745592449059716,298.51352502590123,5.5,1
90.0,1,charge,0.27890859717239064,3.7375815064034805,298.51352502590123,5.5,1
90.0,2,charge,0.3344438231588797,3.783494464107236,298.33774748297054,4.5,1
90.0,2,charge,0.33444382315888055,3.783494464107236,298.33774748297054,4.5,1
90.0,3,charge,0.4146684777848564,3.8167600141453484,298.2271052944005,3.0,1
90.0,3,charge,0.41466847778485755,3.8167600141453484,298.2271052944005,3.0,1
91.0,1,charge,0.27926744310480056,3.7376115805413237,298.51715712624264,5.5,1
91.0,2,charge,0.3347548604810752,3.7838899081482245,298.33989754979797,4.5,1
91.0,3,charge,0.414885597893795,3.817051755250582,298.22798757754936,3.0,1
92.0,1,charge,0.2796262890372107,3.7378112590792103,298.520786265609,5.5,1
92.0,2,charge,0.3350658978032699,3.784283221158928,298.34204752767414,4.5,1
92.0,3,charge,0.415102718002735,3.8173421217122403,298.22886991230854,3.0,1
93.0,1,charge,0.2799851349696225,3.7380662365485193,298.5244125141473,5.5,1
93.0,2,charge,0.33537693512546457,3.7846744337619556,298.34419739833777,4.5,1
93.0,3,charge,0.4153198381116763,3.8176311217710035,298.2297522952269,3.0,1
94.0,1,charge,0.28034398090203294,3.7383510576392824,298.52803596270456,5.5,1
94.0,2,charge,0.33568797244765924,3.7850635992957042,298.34634714390455,4.5,1
94.0,3,charge,0.41553695822061626,3.817918793471674,298.23063471947546,3.0,1
95.0,1,charge,0.28070282683444303,3.7386552570229483,298.5316566985343,5.5,1
95.0,2,charge,0.3359990097698539,3.78545076913527,298.3484967473539,4.5,1
95.0,3,charge,0.41575407832955497,3.8182051707926985,298.23151717899526,3.0,1
96.0,1,charge,0.28106167276685484,3.738973379113374,298.53527480313306,5.5,1
96.0,2,charge,0.3363100470920486,3.7858359921170717,298.3506461925851,4.5,1
96.0,3,charge,0.41597119843849495,3.8184902829926655,298.23239966852026,3.0,1
97.0,1,charge,0.2814205186992651,3.7393022218886145,298.538890352225,5.5,1
97.0,2,charge,0.33662108441424327,3.7862193196173735,298.3527954628224,4.5,1
97.0,3,charge,0.4161883185474359,3.818774160855494,298.233282182589,3.0,1
98.0,1,charge,0.281779364631675,3.7396396286002944,298.5425034161343,5.5,1
98.0,2,charge,0.33693212173643633,3.7866008017733273,298.3549445417815,4.5,1
98.0,3,charge,0.4164054386563759,3.819056835543564,298.2341647157218,3.0,1
99.0,1,charge,0.2821382105640855,3.739984090130835,298.54611406025566,5.5,1
99.0,2,charge,0.337243159058631,3.786980484711421,298.35709341453367,4.5,1
99.0,3,charge,0.41662255876531457,3.8193383366151825,298.23504726273364,3.0,1
100.0,1,charge,0.282497056496497,3.7403344888707504,298.5497223454946,5.5,1
100.0,2,charge,0.33755419638082573,3.787358415766053,298.35924206584406,4.5,1
100.0,3,charge,0.41683967887425455,3.819618690177997,298.23592981903784,3.0,1
101.0,1,charge,0.28285590242890746,3.74068997240518,298.5533283286208,5.5,1
101.0,2,charge,0.3378652337030204,3.787734638280287,298.3613904818276,4.5,1
101.0,3,charge,0.41705679898319586,3.819897927131226,298.2368123792669,3.0,1
102.0,1,charge,0.2832147483613179,3.741049867381498,298.5569320626381,5.5,1
102.0,2,charge,0.3381762710252151,3.788109195547835,298.36353864869204,4.5,1
102.0,3,charge,0.41727391909213324,3.820176073331785,298.2376949389225,3.0,1
103.0,1,charge,0.2835735942937294,3.7414136129202555,298.5605335971586,5.5,1
103.0,2,charge,0.33848730834740975,3.7884821294506565,298.3656865531638,4.5,1
103.0,3,charge,0.4174910392010733,3.820453152117363,298.2385774939491,3.0,1
104.0,1,charge,0.2839324402261399,3.741780738898848,298.56413297868255,5.5,1
104.0,2,charge,0.33879834566960426,3.7888534789838673,298.3678341829756,4.5,1
104.0,3,charge,0.4177081593100145,3.8207291939040653,298.2394600391166,3.0,1
105.0,1,charge,0.2842912861585499,3.742150857177264,298.5677302508244,5.5,1
105.0,2,charge,0.33910938299179894,3.7892232842252715,298.36998152556725,4.5,1
105.0,3,charge,0.41792527941895447,3.8210042183381594,298.2403425710409,3.0,1
106.0,1,charge,0.28465013209095996,3.742523637966332,298.5713254545479,5.5,1
106.0,2,charge,0.3394204203139936,3.789591582408882,298.3721285693657,4.5,1
106.0,3,charge,0.4181423995278928,3.8212782498963054,298.2412250855315,3.0,1
107.0,1,charge,0.2850089780233723,3.742898799455386,298.57491862838225,5.5,1
107.0,2,charge,0.3397314576361883,3.7899584098340773,298.3742753031627,4.5,1
107.0,3,charge,0.4183595196368328,3.8215513149451157,298.242107578093,3.0,1
108.0,1,charge,0.2853678239557823,3.743276091456196,298.5785098086332,5.5,1
108.0,2,charge,0.34004249495838296,3.7903238027144903,298.37642171582814,4.5,1
108.0,3,charge,0.418576639745774,3.8218234286474266,298.2429900461651,3.0,1
109.0,1,charge,0.2857266698881924,3.7436552958766978,298.5820990295451,5.5,1
109.0,2,charge,0.34035353228057763,3.7906877938440555,298.3785677974128,4.5,1
109.0,3,charge,0.4187937598547141,3.8220946170299532,298.24387248533776,3.0,1
110.0,1,charge,0.2860855158206042,3.7440362165506302,298.58568632348937,5.5,1
110.0,2,charge,0.3406645696027723,3.791050418635028,298.380713537145,4.5,1
110.0,3,charge,0.4190108799636515,3.822364900983156,298.2447548920982,3.0,1
111.0,1,charge,0.28644436175301435,3.7444186795853485,298.58927172106445,5.5,1
111.0,2,charge,0.34097560692496665,3.7914117090809065,298.38285892543325,4.5,1
111.0,3,charge,0.41922800007259275,3.8226342963619446,298.2456372638146,3.0,1
112.0,1,charge,0.2868032076854244,3.744802528886747,298.59285525126086,5.5,1
112.0,2,charge,0.3412866442471613,3.791771696338385,298.3850039530047,4.5,1
112.0,3,charge,0.4194451201815328,3.8229028264301594,298.2465195965909,3.0,1
113.0,1,charge,0.2871620536178367,3.745187625090237,298.5964369415629,5.5,1
113.0,2,charge,0.341597681569356,3.7921304127890583,298.3871486102194,4.5,1
113.0,3,charge,0.41966224029047133,3.823170508431101,298.24740188758227,3.0,1
114.0,1,charge,0.28752089955024673,3.745573843273953,298.6000168180505,5.5,1
114.0,2,charge,0.34190871889155067,3.7924878866483436,298.3892928888657,4.5,1
114.0,3,charge,0.4198793603994111,3.823437359148087,298.2482841340344,3.0,1
115.0,1,charge,0.28787974548265677,3.745961069853557,298.60359490549683,5.5,1
115.0,2,charge,0.3422197562137453,3.7928441476399275,298.3914367802613,4.5,1
115.0,3,charge,0.42009648050835235,3.8237033992725413,298.24916633253054,3.0,1
116.0,1,charge,0.28823859141506736,3.7463492011577832,298.6071712274926,5.5,1
116.0,2,charge,0.34253079353593996,3.7931992238207366,298.3935802763169,4.5,1
116.0,3,charge,0.4203136006172924,3.8239686425483255,298.2500484808624,3.0,1
117.0,1,charge,0.2885974373474787,3.7467381423101225,298.6107458065207,5.5,1
117.0,2,charge,0.34284183085813463,3.79355314223144,298.39572336931934,4.5,1
117.0,3,charge,0.420530720726231,3.824233106966738,298.25093057609996,3.0,1
118.0,1,charge,0.2889562832798893,3.747127806627355,298.61431866395014,5.5,1
118.0,2,charge,0.3431528681803293,3.7939059290666073,298.39786605186214,4.5,1
118.0,3,charge,0.4207478408351711,3.8244968102520964,298.2518126153693,3.0,1
119.0,1,charge,0.2893151292122998,3.7475181108568725,298.61788982036506,5.5,1
119.0,2,charge,0.3434639055025239,3.7942576112498427,298.4000083163418,4.5,1
119.0,3,charge,0.420964960944111,3.8247597641533884,298.2526945968335,3.0,1
120.0,1,charge,0.28967397514471116,3.7479089841171986,298.6214592951599,5.5,1
120.0,2,charge,0.3437749428247186,3.7946082136019,298.4021501558748,4.5,1
120.0,3,charge,0.4211820810530497,3.8250219867707247,298.2535765175733,3.0,1
121.0,1,charge,0.29003282107712175,3.748300354106523,298.6250271071641,5.5,1
121.0,2,charge,0.3440859801469133,3.794957759776036,298.4042915639915,4.5,1
121.0,3,charge,0.4213992011619897,3.82528349264017,298.2544583752901,3.0,1
122.0,1,charge,0.2903916670095319,3.7486921578898484,298.62859327423473,5.5,1
122.0,2,charge,0.34439701746910795,3.795306272676371,298.4064325344987,4.5,1
122.0,3,charge,0.4216163212709309,3.8255442937321913,298.2553401681331,3.0,1
123.0,1,charge,0.2907505129419418,3.7490843372238873,298.63215781347907,5.5,1
123.0,2,charge,0.3447080547913026,3.7956537756376862,298.4085730610931,4.5,1
123.0,3,charge,0.4218334413798707,3.8258044064264607,298.25622189350486,3.0,1
124.0,1,charge,0.29110935887435413,3.7494768360328603,298.6357207413772,5.5,1
124.0,2,charge,0.3450190921134973,3.7960002938929116,298.41071313688144,4.5,1
124.0,3,charge,0.4220505614888093,3.826063842694597,298.2571035495688,3.0,1
125.0,1,charge,0.2914682048067642,3.74986960454845,298.63928207362056,5.5,1
125.0,2,charge,0.345330129435692,3.796345846742983,298.412852756936,4.5,1
125.0,3,charge,0.4222676815977493,3.826322615108942,298.25798513439344,3.0,1
126.0,1,charge,0.2918270507391742,3.750262594920202,298.64284182537483,5.5,1
126.0,2,charge,0.3456411667578867,3.796690454661823,298.4149919159726,4.5,1
126.0,3,charge,0.4224848017066905,3.826580738295228,298.25886664570487,3.0,1
127.0,1,charge,0.29218589667158607,3.750655762606316,298.64640001113423,5.5,1
127.0,2,charge,0.34595220408008137,3.7970341372930623,298.4171306090045,4.5,1
127.0,3,charge,0.4227019218156306,3.826838221706907,298.25974808211424,3.0,1
128.0,1,charge,0.29254474260399616,3.7510490657340414,298.6499566448907,5.5,1
128.0,2,charge,0.3462632414022743,3.7973769181495816,298.4192688297981,4.5,1
128.0,3,charge,0.422919041924568,3.8270950788360034,298.26062944155484,3.0,1
129.0,1,charge,0.29290358853640625,3.7514424649076483,298.65351174008134,5.5,1
129.0,2,charge,0.346574278724469,3.797718815849431,298.4214065737509,4.5,1
129.0,3,charge,0.42313616203350923,3.827351321955498,298.26151072217294,3.0,1
130.0,1,charge,0.2932624344688167,3.751835922832488,298.6570653096385,5.5,1
130.0,2,charge,0.34688531604666367,3.798059848279117,298.4235438365217,4.5,1
130.0,3,charge,0.4233532821424492,3.827606959798877,298.26239192271777,3.0,1
131.0,1,charge,0.29362128040122804,3.7522294038020014,298.66061736605684,5.5,1
131.0,2,charge,0.34719635336885835,3.7984000334334267,298.42568061375454,4.5,1
131.0,3,charge,0.4235704022513878,3.827862005298651,298.2632730412375,3.0,1
132.0,1,charge,0.2939801263336386,3.7526228753519,298.6641679213167,5.5,1
132.0,2,charge,0.34750739069105296,3.798739389686016,298.4278169009853,4.5,1
132.0,3,charge,0.4237875223603276,3.828116468651335,298.2641540762455,3.0,1
133.0,1,charge,0.2943389722660491,3.753016305368398,298.66771698704036,5.5,1
133.0,2,charge,0.34781842801324764,3.7990779370383274,298.4299526932258,4.5,1
133.0,3,charge,0.42400464246926883,3.8283703588313815,298.26503502646557,3.0,1
134.0,1,charge,0.2946978181984604,3.753409664658908,298.6712645743803,5.5,1
134.0,2,charge,0.3481294653354423,3.7994156909428574,298.4320879870164,4.5,1
134.0,3,charge,0.4242217625782088,3.8286236875279878,298.26591589017306,3.0,1
135.0,1,charge,0.29505666413087095,3.753802925197318,298.6748106941322,5.5,1
135.0,2,charge,0.34844050265763693,3.7997526679020437,298.43422277856354,4.5,1
135.0,3,charge,0.42443888268714747,3.8288764631027195,298.26679666620225,3.0,1
136.0,1,charge,0.2954155100632812,3.7541960604649387,298.6783553567145,5.5,1
136.0,2,charge,0.3487515399798316,3.8000888838871028,298.43635706426494,4.5,1
136.0,3,charge,0.42465600279608745,3.8291286950306125,298.26767735320794,3.0,1
137.0,1,charge,0.2957743559956911,3.754589045422343,298.6818985721743,5.5,1
137.0,2,charge,0.3490625773020263,3.80042435637366,298.4384908400152,4.5,1
137.0,3,charge,0.42487312290502754,3.829380393737566,298.2685579496926,3.0,1
138.0,1,charge,0.29613320192810294,3.7549818563085102,298.68544035024416,5.5,1
138.0,2,charge,0.34937361462422095,3.800759100604724,298.4406241024792,4.5,1
138.0,3,charge,0.42509024301396614,3.8296315657807187,298.2694384548004,3.0,1
139.0,1,charge,0.29649204786051286,3.755374470352587,298.6889807003101,5.5,1
139.0,2,charge,0.3496846519464156,3.8010931312564082,298.44275684852306,4.5,1
139.0,3,charge,0.4253073631229062,3.829882221354956,298.27031886708215,3.0,1
140.0,1,charge,0.2968508937929235,3.7557668659094094,298.6925196314721,5.5,1
140.0,2,charge,0.34999568926861024,3.8014264629068006,298.44488907505377,4.5,1
140.0,3,charge,0.42552448323184744,3.8301323690175852,298.271199185362,3.0,1
141.0,1,charge,0.2972097397253353,3.7561590226903765,298.6960571525011,5.5,1
141.0,2,charge,0.3503067265908049,3.8017591101248116,298.44702077898586,4.5,1
141.0,3,charge,0.4257416033407872,3.830382015335513,298.2720794087923,3.0,1
142.0,1,charge,0.2975685856577452,3.756550921061007,298.69959327190713,5.5,1
142.0,2,charge,0.35061776391299965,3.80209108810899,298.44915195701907,4.5,1
142.0,3,charge,0.42595872344972574,3.830631169629296,298.27295953608194,3.0,1
143.0,1,charge,0.29792743159015533,3.7569425419542712,298.7031279979541,5.5,1
143.0,2,charge,0.3509288012351943,3.802422409791865,298.4512826066428,4.5,1
143.0,3,charge,0.4261758435586658,3.8308798391156142,298.27383956628427,3.0,1
144.0,1,charge,0.298286277522566,3.757333867103866,298.70666133865143,5.5,1
144.0,2,charge,0.351239838557389,3.8027530884318237,298.4534127252359,4.5,1
144.0,3,charge,0.42639296366760704,3.831128030589377,298.2747194985247,3.0,1
145.0,1,charge,0.29864512345497723,3.7577248810588566,298.7101933016216,5.5,1
145.0,2,charge,0.35155087587958367,3.80308313688401,298.45554231031895,4.5,1
145.0,3,charge,0.42661008377654713,3.8313757524712413,298.27559933167083,3.0,1
146.0,1,charge,0.29900396938738777,3.7581155664927755,298.71372389443826,5.5,1
146.0,2,charge,0.35186191320177834,3.8034125689555074,298.4576713590843,4.5,1
146.0,3,charge,0.42682720388548445,3.8316230106512807,298.27647906499845,3.0,1
147.0,1,charge,0.299362815319798,3.758505907337134,298.7172531244153,5.5,1
147.0,2,charge,0.352172950523973,3.803741396959318,298.4597998692437,4.5,1
147.0,3,charge,0.4270443239944257,3.8318698123363215,298.2773586975773,3.0,1
148.0,1,charge,0.2997216612522078,3.758895888905329,298.7207809985881,5.5,1
148.0,2,charge,0.3524839878461677,3.8040696327285426,298.46192783867593,4.5,1
148.0,3,charge,0.42726144410336575,3.83211616489913,298.2782382284541,3.0,1
149.0,1,charge,0.30008050718461965,3.75928549819514,298.72430752369326,5.5,1
149.0,2,charge,0.35279502516836203,3.804397288001035,298.4640552652927,4.5,1
149.0,3,charge,0.4274785642123043,3.8323620729325993,298.2791176571158,3.0,1
150.0,1,charge,0.3004393531170296,3.7596747206935563,298.7278327064585,5.5,1
150.0,2,charge,0.3531060624905567,3.8047243745343136,298.46618214699953,4.5,1
150.0,3,charge,0.42769568432124444,3.8326075437870597,298.2799969826204,3.0,1
151.0,1,charge,0.3007981990494397,3.760063543117997,298.73135655336677,5.5,1
151.0,2,charge,0.3534170998127514,3.805050904727426,298.4683084814808,4.5,1
151.0,3,charge,0.42791280443018537,3.832852583959361,298.2808762041631,3.0,1
152.0,1,charge,0.30115704498185203,3.7604519537376584,298.7348790705923,5.5,1
152.0,2,charge,0.35372813713494594,3.805376889009925,298.47043426709973,4.5,1
152.0,3,charge,0.4281299245391255,3.833097199935118,298.2817553209444,3.0,1
153.0,1,charge,0.3015158909142619,3.760839940847652,298.73840026419646,5.5,1
153.0,2,charge,0.35403917445714056,3.805702338152671,298.4725595021009,4.5,1
153.0,3,charge,0.42834704464806395,3.8333413957517517,298.28263433254426,3.0,1
154.0,1,charge,0.3018747368466721,3.761227492914996,298.741920140114,5.5,1
154.0,2,charge,0.35435021177933523,3.8060272626211344,298.474684184833,4.5,1
154.0,3,charge,0.42856416475700404,3.833585177908194,298.2835132381675,3.0,1
155.0,1,charge,0.3022335827790828,3.761614599123451,298.7454387040874,5.5,1
155.0,2,charge,0.3546612491015299,3.806351673674942,298.47680831336913,4.5,1
155.0,3,charge,0.4287812848659453,3.8338285522135176,298.28439203712804,3.0,1
156.0,1,charge,0.30259242871149394,3.7620012494164006,298.7489559616174,5.5,1
156.0,2,charge,0.3549722864237245,3.8066755814188786,298.4789318861787,4.5,1
156.0,3,charge,0.4289984049748827,3.8340715242302883,298.2852707287809,3.0,1
157.0,1,charge,0.3029512746439046,3.762387433864939,298.7524719181423,5.5,1
157.0,2,charge,0.3552833237459192,3.806998995546386,298.48105490187106,4.5,1
157.0,3,charge,0.42921552508382277,3.8343140985096618,298.28614931263274,3.0,1
158.0,1,charge,0.30331012057631523,3.762773143066276,298.75598657892357,5.5,1
158.0,2,charge,0.3555943610681124,3.8073219257125563,298.4831773590655,4.5,1
158.0,3,charge,0.42943264519276403,3.834556280114025,298.2870277881192,3.0,1
159.0,1,charge,0.3036689665087264,3.763158368039634,298.7594999490727,5.5,1
159.0,2,charge,0.35590539839030705,3.8076443815650514,298.48529925638053,4.5,1
159.0,3,charge,0.42964976530170407,3.8347980740986873,298.28790615468057,3.0,1
160.0,1,charge,0.3040278124411371,3.763543100227355,298.7630120335475,5.5,1
160.0,2,charge,0.3562164357125017,3.80796637323893,298.48742059226316,4.5,1
160.0,3,charge,0.42986688541064255,3.835039485180378,298.28878441181035,3.0,1
161.0,1,charge,0.30438665837354734,3.7639273313492754,298.76652283720296,5.5,1
161.0,2,charge,0.35652747303469634,3.808287909412116,298.48954136565976,4.5,1
161.0,3,charge,0.43008400551958237,3.8352805180121807,298.28966255900656,3.0,1
162.0,1,charge,0.30474550430595887,3.764311053477022,298.77003236476037,5.5,1
162.0,2,charge,0.356838510356891,3.8086089990075203,298.4916615754277,4.5,1
162.0,3,charge,0.43030112562852363,3.8355211770705226,298.2905405957981,3.0,1
163.0,1,charge,0.3051043502383695,3.7646942594995845,298.77354062075585,5.5,1
163.0,2,charge,0.3571495476790857,3.8089296507188015,298.49378122049905,4.5,1
163.0,3,charge,0.43051824573746367,3.8357614666050215,298.29141852175644,3.0,1
164.0,1,charge,0.30546319617077977,3.7650769423733403,298.7770476096421,5.5,1
164.0,2,charge,0.3574605850012803,3.8092498737474623,298.4959002996256,4.5,1
164.0,3,charge,0.4307353658464022,3.8360013907511945,298.292296336469,3.0,1
165.0,1,charge,0.30582204210318964,3.7654590950702453,298.7805533357987,5.5,1
165.0,2,charge,0.3577716223234751,3.8095696765204394,298.4980188118213,4.5,1
165.0,3,charge,0.43095248595534225,3.8362409537621223,298.2931740395018,3.0,1
166.0,1,charge,0.3061808880356015,3.765840710947958,298.78405780348606,5.5,1
166.0,2,charge,0.3580826596456697,3.809889067133457,298.5001367562095,4.5,1
166.0,3,charge,0.43116960606428234,3.8364801599143528,298.294051630416,3.0,1
167.0,1,charge,0.3065397339680114,3.7662217835682195,298.78756101687253,5.5,1
167.0,2,charge,0.3583936969678644,3.810208053643124,298.50225413192095,4.5,1
167.0,3,charge,0.43138672617322094,3.836719012871929,298.2949291088764,3.0,1
168.0,1,charge,0.3068985799004216,3.766602306665885,298.79106298004217,5.5,1
168.0,2,charge,0.35870473429005906,3.810526644075508,298.50437093809114,4.5,1
168.0,3,charge,0.4316038462821609,3.836957516377458,298.2958064745327,3.0,1
169.0,1,charge,0.30725742583283394,3.766982275612931,298.79456369677905,5.5,1
169.0,2,charge,0.3590157716122537,3.8108448468056615,298.5064871737299,4.5,1
169.0,3,charge,0.43182096639110223,3.8371956741860163,298.2966837270321,3.0,1
170.0,1,charge,0.3076162717652437,3.76736168606205,298.798063170772,5.5,1
170.0,2,charge,0.35932680893444835,3.811162669150436,298.5086028382043,4.5,1
170.0,3,charge,0.432038086500042,3.8374334902522014,298.29756086598644,3.0,1
171.0,1,charge,0.30797511769765396,3.7677405317539936,298.8015614059428,5.5,1
171.0,2,charge,0.359637846256643,3.8114801185873213,298.5107179308198,4.5,1
171.0,3,charge,0.4322552066089805,3.8376709678909044,298.29843789111493,3.0,1
172.0,1,charge,0.3083339636300647,3.7681188076461334,298.80505840598363,5.5,1
172.0,2,charge,0.35994888357883725,3.81179720241626,298.5128324509359,4.5,1
172.0,3,charge,0.4324723267179206,3.8379081105148063,298.2993148021189,3.0,1
173.0,1,charge,0.30869280956247575,3.7684965088330378,298.8085541745206,5.5,1
173.0,2,charge,0.3602599209010319,3.8121139282929812,298.51494639778446,4.5,1
173.0,3,charge,0.43268944682686183,3.8381449214686647,298.30019159870983,3.0,1
174.0,1,charge,0.3090516554948864,3.7688736305209356,298.81204871512006,5.5,1
174.0,2,charge,0.3605709582232266,3.8124303033192177,298.5170597707793,4.5,1
174.0,3,charge,0.4329065669357991,3.838381404276931,298.301068280567,3.0,1
175.0,1,charge,0.3094105014272967,3.7692501689377673,298.8155420311348,5.5,1
175.0,2,charge,0.36088199554542133,3.8127463343222123,298.5191725694209,4.5,1
175.0,3,charge,0.4331236870447392,3.8386175619896976,298.3019448474493,3.0,1
176.0,1,charge,0.3097693473597082,3.7696261221605525,298.819034125565,5.5,1
176.0,2,charge,0.36119303286761584,3.8130620280976584,298.52128479321294,4.5,1
176.0,3,charge,0.43334080715368045,3.838853397699847,298.30282129910694,3.0,1
177.0,1,charge,0.3101281932921188,3.7700014851258112,298.8225250019129,5.5,1
177.0,2,charge,0.3615040701898105,3.8133773913569406,298.5233964416807,4.5,1
177.0,3,charge,0.43355792726262055,3.839088914406681,298.3036976353042,3.0,1
178.0,1,charge,0.3104870392245291,3.7703762543763486,298.8260146633732,5.5,1
178.0,2,charge,0.36181510751200524,3.813692430977373,298.52550751428623,4.5,1
178.0,3,charge,0.4337750473715587,3.839324115178335,298.3045738557918,3.0,1
179.0,1,charge,0.31084588515693895,3.7707504266589846,298.82950311307565,5.5,1
179.0,2,charge,0.3621261448341999,3.814007153324911,298.52761801065674,4.5,1
179.0,3,charge,0.4339921674804988,3.8395590028484325,298.30544996035906,3.0,1
180.0,1,charge,0.3112047310893509,3.771123998917207,298.8329903540873,5.5,1
180.0,2,charge,0.3624371821563946,3.8143215647737305,298.52972793040897,4.5,1
180.0,3,charge,0.43420928758944005,3.8397935802192267,298.306325948799,3.0,1
180.0,1,charge,0.31120473108935043,3.771123998917207,298.8329903540873,5.0,2
180.0,1,charge,0.3112047310893509,3.762779185910217,298.8329903540873,5.0,2
180.0,2,charge,0.3624371821563946,3.8143215647737305,298.52972793040897,4.0,2
180.0,2,charge,0.3624371821563946,3.80506161622578,298.52972793040897,4.0,2
180.0,3,charge,0.43420928758943894,3.8397935802192267,298.306325948799,3.0,2
180.0,3,charge,0.43420928758944005,3.8397935802192267,298.306325948799,3.0,2
181.0,1,charge,0.31153095466426867,3.76265352750079,298.8359608376308,5.0,2
181.0,2,charge,0.36271365977612335,3.8048552682670325,298.5314517103309,4.0,2
181.0,3,charge,0.43442640769838015,3.8400278127931347,298.3072018076394,3.0,2
182.0,1,charge,0.31185717823918824,3.7626926306188997,298.8389277778626,5.0,2
182.0,2,charge,0.3629901373958515,3.804818414175604,298.5331735380636,4.0,2
182.0,3,charge,0.4346435278073187,3.8402617683783546,298.30807755947706,3.0,2
183.0,1,charge,0.3121834018141061,3.7627894064416028,298.841891290497,5.0,2
183.0,2,charge,0.3632666150155803,3.8048469589661607,298.53489348321125,4.0,2
183.0,3,charge,0.4348606479162587,3.8404954299307796,298.3089531971494,3.0,2
184.0,1,charge,0.31250962538902505,3.7629182553839344,298.84485149950206,5.0,2
184.0,2,charge,0.36354309263530915,3.8049112874079722,298.5366116155637,4.0,2
184.0,3,charge,0.4350777680251989,3.840728795773071,298.30982871818355,3.0,2
185.0,1,charge,0.3128358489639446,3.763068543547096,298.8478085216383,5.0,2
185.0,2,charge,0.3638195702550373,3.804999061424945,298.53832799951357,4.0,2
185.0,3,charge,0.4352948881341373,3.8409618689392775,298.3107041218228,3.0,2
186.0,1,charge,0.31316207253886236,3.7632346884935486,298.85076246588096,5.0,2
186.0,2,charge,0.36409604787476607,3.8051038624252893,298.54004269459614,4.0,2
186.0,3,charge,0.43551200824307745,3.841194645513813,298.31157940889705,3.0,2
187.0,1,charge,0.31348829611378193,3.763413390126661,298.85371343396525,5.0,2
187.0,2,charge,0.3643725254944946,3.805221960724417,298.54175575614187,4.0,2
187.0,3,charge,0.4357291283520187,3.8414271312614012,298.3124545788353,3.0,2
188.0,1,charge,0.3138145196887005,3.7636024091031928,298.8566615210669,5.0,2
188.0,2,charge,0.364649003114223,3.805350878188749,298.54346723584734,4.0,2
188.0,3,charge,0.43594624846095853,3.8416593308849345,298.3133296311524,3.0,2
189.0,1,charge,0.31414074326361985,3.7638001620471324,298.8596068164224,5.0,2
189.0,2,charge,0.36492548073395187,3.8054888715573743,298.54517718221734,4.0,2
189.0,3,charge,0.436163368569897,3.8418912380384675,298.3142045662416,3.0,2
190.0,1,charge,0.3144669668385378,3.7640054650423895,298.8625494038809,5.0,2
190.0,2,charge,0.3652019583536804,3.805634675260878,298.54688564089895,4.0,2
190.0,3,charge,0.43638048867883705,3.8421228615413403,298.3150793836324,3.0,2
191.0,1,charge,0.3147931904134574,3.7642174036263656,298.86548936232776,5.0,2
191.0,2,charge,0.36547843597340873,3.805787329486577,298.54859265494804,4.0,2
191.0,3,charge,0.4365976087877783,3.8423542040839282,298.3159540831376,3.0,2
192.0,1,charge,0.3151194139883752,3.7644352492611173,298.8684267661025,5.0,2
192.0,2,charge,0.3657549135931377,3.8059460639316534,298.5502982650972,4.0,2
192.0,3,charge,0.43681472889671563,3.842585259599926,298.3168286649737,3.0,2
193.0,1,charge,0.31544563756329413,3.7646583902224684,298.87136168543,5.0,2
193.0,2,charge,0.36603139121286615,3.8061102513342764,298.5520025099471,4.0,2
193.0,3,charge,0.43703184900565567,3.842816039104842,298.31770312871737,3.0,2
194.0,1,charge,0.31577186113821376,3.764886306206397,298.87429418674435,5.0,2
194.0,2,charge,0.3663078688325931,3.8062793737573486,298.5537054261406,4.0,2
194.0,3,charge,0.437248969114597,3.843046542179299,298.3185774743371,3.0,2
195.0,1,charge,0.31609808471313156,3.7651185609789923,298.8772243329347,5.0,2
195.0,2,charge,0.3665843464523234,3.8064529955528332,298.5554070485205,4.0,2
195.0,3,charge,0.437466089223537,3.8432767638380048,298.3194517019574,3.0,2
196.0,1,charge,0.3164243082880511,3.7653547814937847,298.88015218360033,5.0,2
196.0,2,charge,0.3668608240720519,3.806630747635681,298.5571074102293,4.0,2
196.0,3,charge,0.4376832093324755,3.8435067168745656,298.32032581118796,3.0,2
197.0,1,charge,0.3167505318629697,3.765594643455376,298.88307779529646,5.0,2
197.0,2,charge,0.3671373016917789,3.8068123112373207,298.5588065428371,4.0,2
197.0,3,charge,0.4379003294414154,3.8437363975948875,298.3211998020943,3.0,2
198.0,1,charge,0.3170767554378892,3.765837856988339,298.88600122176155,5.0,2
198.0,2,charge,0.3674137793115092,3.8069974076302735,298.56050447645356,4.0,2
198.0,3,charge,0.43811744955035664,3.843965802307518,298.32207367474234,3.0,2
199.0,1,charge,0.3174029790128071,3.766084167408768,298.88892251410977,5.0,2
199.0,2,charge,0.3676902569312377,3.8071857933862594,298.56220123979534,4.0,2
199.0,3,charge,0.4383345696592967,3.844194945369006,298.32294742877593,3.0,2
200.0,1,charge,0.3177292025877267,3.766333341834316,298.89184172102244,5.0,2
200.0,2,charge,0.3679667345509647,3.8073772448297802,298.5638968603557,4.0,2
200.0,3,charge,0.4385516897682352,3.8444238198840748,298.32382106432254,3.0,2
201.0,1,charge,0.3180554261626456,3.7665851726504744,298.8947588888732,5.0,2
201.0,2,charge,0.36824321217069456,3.807571563624645,298.5655913644174,4.0,2
201.0,3,charge,0.4387688098771752,3.844652423702766,298.3246945814027,3.0,2
202.0,1,charge,0.3183816497375634,3.766839469848759,298.8976740619237,5.0,2
202.0,2,charge,0.36851968979042354,3.8077685717231695,298.5672847771281,4.0,2
202.0,3,charge,0.43898592998611535,3.84488077198346,298.3255679797139,3.0,2
203.0,1,charge,0.31870787331248296,3.7670960633313433,298.90058728240297,5.0,2
203.0,2,charge,0.36879616741015037,3.8079681087055643,298.5689771225684,4.0,2
203.0,3,charge,0.4392030500950538,3.8451088553887782,298.32644125940476,3.0,2
204.0,1,charge,0.31903409688740075,3.767354797752602,298.9034985906554,5.0,2
204.0,2,charge,0.36907264502988035,3.808170030289419,298.5706684237935,4.0,2
204.0,3,charge,0.43942017020399393,3.8453366741295865,298.3273144204542,3.0,2
205.0,1,charge,0.3193603204623202,3.767615530979103,298.9064080252525,5.0,2
205.0,2,charge,0.36934912264960923,3.8083742029776335,298.5723587029129,4.0,2
205.0,3,charge,0.4396372903129352,3.8455642409391597,298.3281874626621,3.0,2
206.0,1,charge,0.31968654403723934,3.76787813197996,298.9093156230887,5.0,2
206.0,2,charge,0.36962560026933633,3.8085805059845015,298.5740479811275,4.0,2
206.0,3,charge,0.43985441042187506,3.845791547305523,298.3290603861325,3.0,2
207.0,1,charge,0.3200127676121589,3.768142479499951,298.9122214195461,5.0,2
207.0,2,charge,0.3699020778890662,3.808788826387099,298.5757362787807,4.0,2
207.0,3,charge,0.4400715305308134,3.846018594690748,298.3299331908375,3.0,2
208.0,1,charge,0.3203389911870768,3.768408462225247,298.9151254484029,5.0,2
208.0,2,charge,0.37017855550879514,3.8089990601210317,298.57742361542313,4.0,2
208.0,3,charge,0.44028865063975353,3.846245393433187,298.3308058766579,3.0,2
209.0,1,charge,0.3206652147619963,3.768675973232215,298.91802774225647,5.0,2
209.0,2,charge,0.3704550331285221,3.8092111108812547,298.5791100098225,4.0,2
209.0,3,charge,0.4405057707486948,3.846471935868321,298.33167844366005,3.0,2
210.0,1,charge,0.32099143833691496,3.7689449174017273,298.9209283321543,5.0,2
210.0,2,charge,0.37073151074825245,3.8094248890516607,298.5807954800101,4.0,2
210.0,3,charge,0.4407228908576321,3.846698224675582,298.33255089181904,3.0,2
211.0,1,charge,0.3213176619118345,3.769215202364962,298.9238272480579,5.0,2
211.0,2,charge,0.37100798836798093,3.8096403094045157,298.5824800433618,4.0,2
211.0,3,charge,0.4409400109665722,3.8469242678392055,298.33342322107575,3.0,2
212.0,1,charge,0.3216438854867522,3.7694867424522527,298.9267245187139,5.0,2
212.0,2,charge,0.3712844659877079,3.809857295918105,298.5841637165129,4.0,2
212.0,3,charge,0.4411571310755134,3.8471500585555036,298.3342954314663,3.0,2
213.0,1,charge,0.3219701090616717,3.769759460444872,298.92962017162114,5.0,2
213.0,2,charge,0.37156094360743824,3.8100757735318638,298.58584651555,4.0,2
213.0,3,charge,0.44137425118445356,3.8473756006879603,298.33516752297743,3.0,2
214.0,1,charge,0.32229633263659074,3.7700332805636427,298.9325142333671,5.0,2
214.0,2,charge,0.3718374212271668,3.810295675228009,298.58752845588026,4.0,2
214.0,3,charge,0.4415913712933917,3.847600899911763,298.3360394955913,3.0,2
215.0,1,charge,0.3226225562115086,3.770308134665887,298.93540672936,5.0,2
215.0,2,charge,0.3721138988468937,3.8105169366042144,298.58920955237284,4.0,2
215.0,3,charge,0.4418084914023318,3.8478259502921004,298.3369113493204,3.0,2
216.0,1,charge,0.32294877978642805,3.7705839573254174,298.93829768414884,5.0,2
216.0,2,charge,0.3723903764666236,3.8107394974212374,298.5908898193343,4.0,2
216.0,3,charge,0.44202561151127306,3.8480507568438176,298.33778308417175,3.0,2
217.0,1,charge,0.32327500336134596,3.77086068727546,298.94118712129585,5.0,2
217.0,2,charge,0.3726668540863526,3.810963301502607,298.59256927052553,4.0,2
217.0,3,charge,0.44224273162021327,3.8482753229801747,298.33865470015047,3.0,2
218.0,1,charge,0.32360122693626503,3.771138266616016,298.94407506350495,5.0,2
218.0,2,charge,0.3729433317060794,3.811188295280855,298.5942479192272,4.0,2
218.0,3,charge,0.4424598517291517,3.8484996436393364,298.3395261972522,3.0,2
219.0,1,charge,0.3239274505111841,3.771416640602602,298.94696153264874,5.0,2
219.0,2,charge,0.3732198093258093,3.8114144285537463,298.5959257782081,4.0,2
219.0,3,charge,0.44267697183809174,3.848723724955633,298.34039757551216,3.0,2
220.0,1,charge,0.3242536740861035,3.7716957575003405,298.94984654976685,5.0,2
220.0,2,charge,0.37349628694553627,3.8116416532531225,298.5976028598023,4.0,2
220.0,3,charge,0.4428940919470319,3.8489475681284366,298.34126883494145,3.0,2
221.0,1,charge,0.3245798976610214,3.7719755675703732,298.9527301351916,5.0,2
221.0,2,charge,0.37377276456526526,3.8118699244439824,298.59927917587464,4.0,2
221.0,3,charge,0.44311121205597015,3.849171168969895,298.3421399755254,3.0,2
222.0,1,charge,0.32490612123593926,3.7722560250965564,298.9556123084431,5.0,2
222.0,2,charge,0.37404924218499513,3.812099199017709,298.6009547378799,4.0,2
222.0,3,charge,0.4433283321649103,3.8493945344244134,298.34301099733284,3.0,2
223.0,1,charge,0.3252323448108587,3.772537085369243,298.95849308841633,5.0,2
223.0,2,charge,0.374325719804722,3.812329436117933,298.60262955686244,4.0,2
223.0,3,charge,0.44354545227385145,3.849617664982971,298.3438819003774,3.0,2
224.0,1,charge,0.32555856838577785,3.7728187068416466,298.961372493286,5.0,2
224.0,2,charge,0.37460219742445106,3.8125605974590946,298.6043036434596,4.0,2
224.0,3,charge,0.4437625723827915,3.849840558626057,298.34475268465144,3.0,2
225.0,1,charge,0.32588479196069725,3.7731008501772,298.964250540587,5.0,2
225.0,2,charge,0.37487867504418093,3.8127926460188046,298.60597700795387,4.0,2
225.0,3,charge,0.44397969249172986,3.850063215349616,298.3456233501641,3.0,2
226.0,1,charge,0.32621101553561516,3.7733834778013327,298.9671272472548,5.0,2
226.0,2,charge,0.37515515266390786,3.813025547250069,298.60764966023936,4.0,2
226.0,3,charge,0.44419681260067,3.8502856360856126,298.3464938969448,3.0,2
227.0,1,charge,0.3265372391105342,3.77366655421201,298.97000262959926,5.0,2
227.0,2,charge,0.3754316302836364,3.8132592679190878,298.60932160988415,4.0,2
227.0,3,charge,0.44441393270961127,3.85050782616431,298.3473643251168,3.0,2
228.0,1,charge,0.3268634626854533,3.773950045699314,298.97287670339495,5.0,2
228.0,2,charge,0.37570810790336673,3.8134937765415833,298.61099286610704,4.0,2
228.0,3,charge,0.4446310528185485,3.8507297833565586,298.34823463464136,3.0,2
229.0,1,charge,0.3271896862603727,3.774233920048828,298.9757494838386,5.0,2
229.0,2,charge,0.37598458552309366,3.813729043103055,298.6126634378104,4.0,2
229.0,3,charge,0.4448481729274886,3.8509515083845005,298.3491048255427,3.0,2
230.0,1,charge,0.32751590983529055,3.7745181466325697,298.97862098563036,5.0,2
230.0,2,charge,0.3762610631428222,3.813965039023221,298.6143333335831,4.0,2
230.0,3,charge,0.4450652930364299,3.851173001977089,298.3499748978453,3.0,2
231.0,1,charge,0.3278421334102084,3.774802696523961,298.98149122293415,5.0,2
231.0,2,charge,0.3765375407625525,3.814201737103943,298.6160025617043,4.0,2
231.0,3,charge,0.44528241314537004,3.8513942657932914,298.3508448516301,3.0,2
232.0,1,charge,0.3281683569851278,3.775087542107268,298.9843602094358,5.0,2
232.0,2,charge,0.3768140183822794,3.814439111144702,298.6176711301942,4.0,2
232.0,3,charge,0.4454995332543082,3.8516153009446885,298.351714686944,3.0,2
233.0,1,charge,0.3284945805600469,3.775372656628238,298.9872279583979,5.0,2
233.0,2,charge,0.3770904960020079,3.8146771360043,298.61933904680455,4.0,2
233.0,3,charge,0.4457166533632482,3.8518361079636074,298.3525844037981,3.0,2
234.0,1,charge,0.3288208041349664,3.77565801437596,298.9900944826544,5.0,2
234.0,2,charge,0.37736697362173693,3.814915788381485,298.6210063189621,4.0,2
234.0,3,charge,0.44593377347218954,3.8520566877796236,298.3534540022274,3.0,2
235.0,1,charge,0.3291470277098838,3.7759435930005263,298.99295979442024,5.0,2
235.0,2,charge,0.37764345124146514,3.8151550455979133,298.62267295387335,4.0,2
235.0,3,charge,0.4461508935811267,3.852277041200426,298.3543234822772,3.0,2
236.0,1,charge,0.3294732512848032,3.776229368798724,298.99582390572067,5.0,2
236.0,2,charge,0.37791992886119374,3.815394885396751,298.6243389585466,4.0,2
236.0,3,charge,0.4463680136900669,3.8524971674056454,298.35519284412555,3.0,2
237.0,1,charge,0.329799474859721,3.77651531946613,298.9986868281616,5.0,2
237.0,2,charge,0.3781964064809227,3.815635286451915,298.62600433975535,4.0,2
237.0,3,charge,0.4465851337990082,3.852717068406238,298.3560620877213,3.0,2
238.0,1,charge,0.3301256984346401,3.7768014239980867,299.00154857293956,5.0,2
238.0,2,charge,0.3784728841006505,3.815876230308745,298.6276691038827,4.0,2
238.0,3,charge,0.44680225390794825,3.852936745102425,298.35693121310385,3.0,2
239.0,1,charge,0.33045192200955953,3.777087664367751,299.0044091506641,5.0,2
239.0,2,charge,0.37874936172037954,3.8161176971741524,298.62933325727477,4.0,2
239.0,3,charge,0.44701937401688663,3.8531561984007263,298.3578002203128,3.0,2
240.0,1,charge,0.3307781455844769,3.777374020646744,299.0072685719105,5.0,2
240.0,2,charge,0.3790258393401085,3.8163596684724403,298.6309968060345,4.0,2
240.0,3,charge,0.44723649412582656,3.8533754292139095,298.35866910938756,3.0,2
241.0,1,charge,0.3311043691593964,3.7776604746027385,299.01012684683064,5.0,2
241.0,2,charge,0.37930231695983635,3.816602126549185,298.63265975604855,4.0,2
241.0,3,charge,0.4474536142347678,3.8535944384609424,298.3595378803676,3.0,2
242.0,1,charge,0.3314305927343155,3.777947009469986,299.01298398515223,5.0,2
242.0,2,charge,0.37957879457956534,3.816845055740789,298.63432211289114,4.0,2
242.0,3,charge,0.44767073434370797,3.8538132270669214,298.36040653329246,3.0,2
243.0,1,charge,0.33175681630923487,3.778233609611256,299.01583999623983,5.0,2
243.0,2,charge,0.37985527219929427,3.8170884394463798,298.63598388210227,4.0,2
243.0,3,charge,0.44788785445264634,3.8540317959630146,298.3612750682016,3.0,2
244.0,1,charge,0.3320830398841527,3.7785202591626366,299.018694889315,5.0,2
244.0,2,charge,0.38013174981902215,3.8173322622466888,298.6376450689938,4.0,2
244.0,3,charge,0.4481049745615865,3.8542501427690983,298.36214348531354,3.0,2
245.0,1,charge,0.3324092634590705,3.7788069433838443,299.0215486732509,5.0,2
245.0,2,charge,0.380408227438751,3.817576509534778,298.63930567867897,4.0,2
245.0,3,charge,0.44832209467052664,3.8544682686106215,298.3630117846581,3.0,2
246.0,1,charge,0.3327354870339899,3.7790936485230917,299.0244013565426,5.0,2
246.0,2,charge,0.38068470505848007,3.817821167531939,298.64096571607297,4.0,2
246.0,3,charge,0.44853921477946496,3.854686175667012,298.3638799662082,3.0,2
247.0,1,charge,0.33306171060890877,3.7793803613066164,299.02725294748075,5.0,2
247.0,2,charge,0.3809611826782079,3.818066222603378,298.6426251859875,4.0,2
247.0,3,charge,0.4487563348884051,3.854903864704794,298.3647480300136,3.0,2
248.0,1,charge,0.33338793418382817,3.7796670690668335,299.030103454106,5.0,2
248.0,2,charge,0.3812376602979369,3.8183116618172694,298.64428409305816,4.0,2
248.0,3,charge,0.44897345499734637,3.8551213364964196,298.36561597612405,3.0,2
249.0,1,charge,0.33371415775874597,3.7799537597871704,299.03295288419184,5.0,2
249.0,2,charge,0.38151413791766586,3.818557472844745,298.64594244174646,4.0,2
249.0,3,charge,0.4491905751062863,3.8553385918202103,298.3664838045891,3.0,2
250.0,1,charge,0.3340403813336653,3.7802404221436223,299.0358012452129,5.0,2
250.0,2,charge,0.3817906155373937,3.818803643813796,298.6476002363772,4.0,2
250.0,3,charge,0.4494076952152246,3.8555556314603163,298.36735151545855,3.0,2
251.0,1,charge,0.33436660490858316,3.7805270452149093,299.03864854447687,5.0,2
251.0,2,charge,0.3820670931571227,3.8190501632539604,298.6492574811509,4.0,2
251.0,3,charge,0.4496248153241647,3.8557724562066413,298.368219108782,3.0,2
252.0,1,charge,0.3346928284835025,3.7808136186286765,299.04149478904856,5.0,2
252.0,2,charge,0.3823435707768513,3.8192970201403176,298.6509141801298,4.0,2
252.0,3,charge,0.449841935433106,3.8559890656928824,298.36908658466757,3.0,2
253.0,1,charge,0.33501905205842175,3.781100132726132,299.04433998573694,5.0,2
253.0,2,charge,0.3826200483965794,3.8195442044302297,298.65257033716597,4.0,2
253.0,3,charge,0.4500590555420433,3.8562054572150015,298.3699539433413,3.0,2
254.0,1,charge,0.33534527563333966,3.7813865786405927,299.0471841410845,5.0,2
254.0,2,charge,0.38289652601630847,3.8197917058404727,298.6542259560785,4.0,2
254.0,3,charge,0.4502761756509834,3.85642163438426,298.37082118471176,3.0,2
255.0,1,charge,0.33567149920825906,3.7816729472866473,299.0500272615607,5.0,2
255.0,2,charge,0.38317300363603707,3.820039514564309,298.65588104055286,4.0,2
255.0,3,charge,0.45049329575992464,3.8566375978210363,298.3716883088385,3.0,2
256.0,1,charge,0.33599772278317797,3.781959230209835,299.0528693534073,5.0,2
256.0,2,charge,0.3834494812557653,3.820287621127572,298.65753559416316,4.0,2
256.0,3,charge,0.4507104158688648,3.8568533481514127,298.3725553157808,3.0,2
257.0,1,charge,0.3363239463580972,3.782245419302397,299.0557104226964,5.0,2
257.0,2,charge,0.3837259588754942,3.8205360163224125,298.65918962038353,4.0,2
257.0,3,charge,0.45092753597780316,3.857068886007098,298.3734222055981,3.0,2
258.0,1,charge,0.33665016993301505,3.7825315067647223,299.0585504753414,5.0,2
258.0,2,charge,0.38400243649522287,3.8207846915082957,298.66084312254947,4.0,2
258.0,3,charge,0.45114465608674303,3.8572842120253794,298.37428897834985,3.0,2
259.0,1,charge,0.3369763935079329,3.7828174867706656,299.0613895167615,5.0,2
259.0,2,charge,0.38427891411494963,3.8210336400999445,298.6624961036587,4.0,2
259.0,3,charge,0.45136177619568424,3.857499326849102,298.37515563409534,3.0,2
260.0,1,charge,0.33730261708285214,3.783103352817129,299.06422755242613,5.0,2
260.0,2,charge,0.38455539173467995,3.821282852968697,298.66414856699635,4.0,2
260.0,3,charge,0.45157889630462444,3.857714231126603,298.37602217289395,3.0,2
261.0,1,charge,0.33762884065777105,3.783389097913844,299.0670645878199,5.0,2
261.0,2,charge,0.3848318693544086,3.821532322289234,298.6658005156156,4.0,2
261.0,3,charge,0.45179601641356165,3.857928921919622,298.3768885949671,3.0,2
262.0,1,charge,0.33795506423269045,3.7836747159234174,299.0699006281733,5.0,2
262.0,2,charge,0.3851083469741355,3.8217820404318856,298.6674519524903,4.0,2
262.0,3,charge,0.4520131365225029,3.858143401366241,298.3777549003074,3.0,2
263.0,1,charge,0.33828128780760824,3.7839602009497657,299.07273567859085,5.0,2
263.0,2,charge,0.38538482459386536,3.822031999932829,298.6691028805207,4.0,2
263.0,3,charge,0.45223025663144306,3.8583576706094576,298.37862108895285,3.0,2
264.0,1,charge,0.3386075113825276,3.784245547306808,299.0755697440616,5.0,2
264.0,2,charge,0.38566130221359435,3.8222821946621237,298.67075330236065,4.0,2
264.0,3,charge,0.4524473767403813,3.8585717301604032,298.37948716097,3.0,2
265.0,1,charge,0.3389337349574454,3.784530752853292,299.0784028286649,5.0,2
265.0,2,charge,0.38593777983332117,3.8225326194156732,298.67240322048093,4.0,2
265.0,3,charge,0.4526644968493215,3.8587855805356455,298.38035311642545,3.0,2
266.0,1,charge,0.3392599585323648,3.7848158115285666,299.08123493735707,5.0,2
266.0,2,charge,0.3862142574530511,3.822783266690131,298.67405263765323,4.0,2
266.0,3,charge,0.4528816169582629,3.8589992222571574,298.38121895538575,3.0,2
267.0,1,charge,0.33958618210728403,3.7851007188809134,299.08406607465275,5.0,2
267.0,2,charge,0.3864907350727779,3.823034130310995,298.67570155640885,4.0,2
267.0,3,charge,0.4530987370672028,3.859212655852283,298.3820846779176,3.0,2
268.0,1,charge,0.33991240568220144,3.7853854707989045,299.0868962449312,5.0,2
268.0,2,charge,0.3867672126925065,3.823285204276905,298.6773499792133,4.0,2
268.0,3,charge,0.45331585717614115,3.8594258818536913,298.3829502840874,3.0,2
269.0,1,charge,0.34023862925712084,3.7856700633941456,299.0897254524667,5.0,2
269.0,2,charge,0.38704369031223684,3.82353648274085,298.6789979084715,4.0,2
269.0,3,charge,0.45353297728508124,3.8596389006224987,298.3838157739693,3.0,2
270.0,1,charge,0.3405648528320402,3.785954493022155,299.0925537014255,5.0,2
270.0,2,charge,0.3873201679319636,3.823787960299173,298.6806453464803,4.0,2
270.0,3,charge,0.45375009739402256,3.8598517118988593,298.38468114766295,3.0,2
270.0,1,charge,0.3405648528320397,3.785954493022155,299.0925537014255,5.0,3
270.0,1,charge,0.3405648528320402,3.785954493022155,299.0925537014255,5.0,3
270.0,2,charge,0.38732016793196417,3.823787960299173,298.6806453464803,4.0,3
270.0,2,charge,0.3873201679319636,3.823787960299173,298.6806453464803,4.0,3
270.0,3,charge,0.45375009739402145,3.8598517118988593,298.38468114766295,3.0,3
270.0,3,charge,0.45375009739402256,3.8598517118988593,298.38468114766295,3.0,3
271.0,1,charge,0.3408910764069595,3.7862387612901003,299.0953809598893,5.0,3
271.0,2,charge,0.3875966455516923,3.824039636338171,298.6822922750255,4.0,3
271.0,3,charge,0.45396721750296265,3.8600642698699166,298.3855463648542,3.0,3
272.0,1,charge,0.3412172999818773,3.7865228571251635,299.0982072999432,5.0,3
272.0,2,charge,0.38787312317142264,3.824291498334274,298.68393873494574,4.0,3
272.0,3,charge,0.45418433761189986,3.860276634878579,298.3864114776495,3.0,3
273.0,1,charge,0.3415435235567952,3.7868067813468063,299.1010326950138,5.0,3
273.0,2,charge,0.38814960079114935,3.824543543632942,298.6855847112613,4.0,3
273.0,3,charge,0.4544014577208412,3.860488811622596,298.38727649007615,3.0,3
274.0,1,charge,0.3418697471317144,3.7870905317747208,299.1038571481134,5.0,3
274.0,2,charge,0.38842607841087806,3.824795769127595,298.6872302057217,4.0,3
274.0,3,charge,0.4546185778297813,3.8607007906090534,298.3881413941282,3.0,3
275.0,1,charge,0.34219597070663377,3.78737410737177,299.1066806615715,5.0,3
275.0,2,charge,0.3887025560306071,3.825048171164462,298.6888752193733,4.0,3
275.0,3,charge,0.4548356979387196,3.860912565827653,298.3890061839034,3.0,3
276.0,1,charge,0.3425221942815528,3.787657506394941,299.1095032383338,5.0,3
276.0,2,charge,0.3889790336503352,3.8253007454723527,298.690519753933,4.0,3
276.0,3,charge,0.4550528180476595,3.8611241381703296,298.38987085987713,3.0,3
277.0,1,charge,0.34284841785647063,3.7879407268455925,299.1123248818064,5.0,3
277.0,2,charge,0.3892555112700638,3.82555348676285,298.69216381170685,4.0,3
277.0,3,charge,0.45526993815660094,3.8613355060257843,298.39073542017564,3.0,3
278.0,1,charge,0.34317464143138987,3.788223768262137,299.11514559448904,5.0,3
278.0,2,charge,0.3895319888897929,3.825806393844443,298.6938073932992,4.0,3
278.0,3,charge,0.4554870582655411,3.8615466692606955,298.3915998662374,3.0,3
279.0,1,charge,0.34350086500630933,3.7885066286860063,299.11796537993075,5.0,3
279.0,2,charge,0.3898084665095206,3.8260594610991774,298.69545050122105,4.0,3
279.0,3,charge,0.4557041783744793,3.8617576331293146,298.3924641962756,3.0,3
280.0,1,charge,0.3438270885812271,3.788789307190397,299.1207842410753,5.0,3
280.0,2,charge,0.39008494412924966,3.826312685828435,298.697093136688,4.0,3
280.0,3,charge,0.4559212984834195,3.8619683942497636,298.39332841106716,3.0,3
281.0,1,charge,0.3441533121561464,3.7890718024400107,299.1236021811658,5.0,3
281.0,2,charge,0.3903614217489786,3.8265660639819217,298.6987353016197,4.0,3
281.0,3,charge,0.4561384185923596,3.8621789508338233,298.3941925109186,3.0,3
282.0,1,charge,0.3444795357310642,3.7893541137290896,299.1264192031123,5.0,3
282.0,2,charge,0.39063789936870635,3.826819591955216,298.7003769976395,4.0,3
282.0,3,charge,0.4563555387012979,3.8623893021325744,298.3950564958298,3.0,3
283.0,1,charge,0.34480575930598356,3.7896362400984156,299.1292353099686,5.0,3
283.0,2,charge,0.3909143769884354,3.8270732666049367,298.70201822629093,4.0,3
283.0,3,charge,0.4565726588102382,3.8625994474035603,298.3959203658009,3.0,3
284.0,1,charge,0.3451319828809026,3.7899181819786723,299.1320505040558,5.0,3
284.0,2,charge,0.3911908546081644,3.8273270843350335,298.70365898922876,4.0,3
284.0,3,charge,0.45678977891917943,3.862809392700415,298.3967841208908,3.0,3
285.0,1,charge,0.345458206455822,3.7901999383327594,299.1348647884898,5.0,3
285.0,2,charge,0.3914673322278922,3.827581042901161,298.70529928766064,4.0,3
285.0,3,charge,0.4570068990281193,3.8630191396659095,298.3976477611199,3.0,3
286.0,1,charge,0.34578443003073966,3.7904815084954726,299.13767816619867,5.0,3
286.0,2,charge,0.39174380984762114,3.827835138774242,298.70693912321417,4.0,3
286.0,3,charge,0.4572240191370576,3.863228682734554,298.3985112864464,3.0,3
287.0,1,charge,0.346110653605659,3.790762893827826,299.14049063903593,5.0,3
287.0,2,charge,0.39202028746735024,3.8280893685840764,298.7085784974581,4.0,3
287.0,3,charge,0.4574411392459977,3.8634380211855506,298.3993746968704,3.0,3
288.0,1,charge,0.3464368771805785,3.7910440936122907,299.1433022099766,5.0,3
288.0,2,charge,0.3922967650870779,3.8283437306337196,298.7102174113986,4.0,3
288.0,3,charge,0.45765825935493903,3.8636471543045303,298.40023799239174,3.0,3
289.0,1,charge,0.34676310075549627,3.791325107601966,299.14611288175263,5.0,3
289.0,2,charge,0.39257324270680694,3.8285982218012413,298.7118558665101,4.0,3
289.0,3,charge,0.4578753794638761,3.863856084652925,298.4011011732061,3.0,3
290.0,1,charge,0.3470893243304156,3.7916059374119206,299.14892265612326,5.0,3
290.0,2,charge,0.3928497203265356,3.828852838937981,298.71349386426965,4.0,3
290.0,3,charge,0.45809249957281634,3.8640648212985047,298.4019642398983,3.0,3
291.0,1,charge,0.3474155479053333,3.791886583063599,299.1517315356949,5.0,3
291.0,2,charge,0.3931261979462637,3.829107580396875,298.7151314056544,4.0,3
291.0,3,charge,0.45830961968175765,3.8642733553037987,298.4028271919758,3.0,3
292.0,1,charge,0.34774177148025226,3.792167044719562,299.1545395230079,5.0,3
292.0,2,charge,0.3934026755659928,3.829362443703367,298.7167684919072,4.0,3
292.0,3,charge,0.4585267397906978,3.8644816859752122,298.40369002943845,3.0,3
293.0,1,charge,0.3480679950551717,3.7924473240667513,299.1573466198148,5.0,3
293.0,2,charge,0.3936791531857214,3.8296174259668914,298.718405124402,4.0,3
293.0,3,charge,0.45874385989963606,3.8646898126255413,298.4045527522863,3.0,3
294.0,1,charge,0.348394218630091,3.7927274217724882,299.1601528284066,5.0,3
294.0,2,charge,0.3939556308054495,3.8298725254990202,298.72004130411426,4.0,3
294.0,3,charge,0.45896098000857605,3.864897734573974,298.4054153605194,3.0,3
295.0,1,charge,0.34872044220500886,3.7930073383758733,299.16295815114813,5.0,3
295.0,2,charge,0.39423210842517853,3.830127740316817,298.7216770321099,4.0,3
295.0,3,charge,0.4591781001175173,3.8651054650942047,298.4062778552567,3.0,3
296.0,1,charge,0.3490466657799266,3.7932870756477577,299.1657625897704,5.0,3
296.0,2,charge,0.39450858604490724,3.8303830677845934,298.7233123096615,4.0,3
296.0,3,charge,0.4593952202264575,3.8653129958529986,298.4071402358842,3.0,3
297.0,1,charge,0.3493728893548459,3.7935666347650576,299.1685661463195,5.0,3
297.0,2,charge,0.3947850636646353,3.8306385062083264,298.72494713772943,4.0,3
297.0,3,charge,0.4596123403353958,3.8655203260643427,298.4080025023925,3.0,3
298.0,1,charge,0.34969911292976524,3.793846016600497,299.1713688230058,5.0,3
298.0,2,charge,0.39506154128436427,3.8308940539585237,298.72658151724744,4.0,3
298.0,3,charge,0.4598294604443359,3.865727455504509,298.40886465481674,3.0,3
299.0,1,charge,0.35002533650468465,3.7941252230421294,299.17417062151634,5.0,3
299.0,2,charge,0.39533801890409304,3.8311497086258113,298.7282154493972,4.0,3
299.0,3,charge,0.4600465805532761,3.86593438395544,298.4097266931922,3.0,3
300.0,1,charge,0.35035156007960205,3.7944042556805413,299.176971543699,5.0,3
300.0,2,charge,0.39561449652381975,3.8314054685469725,298.7298489351116,4.0,3
300.0,3,charge,0.4602637006622144,3.8661411112047435,298.4105886175541,3.0,3
301.0,1,charge,0.35067778365452146,3.7946831156827514,299.1797715916278,5.0,3
301.0,2,charge,0.39589097414355007,3.8316613323630406,298.7314819752186,4.0,3
301.0,3,charge,0.4604808207711546,3.86634763704569,298.4114504279376,3.0,3
302.0,1,charge,0.35100400722944086,3.794961805069538,299.1825707669349,5.0,3
302.0,2,charge,0.3961674517632788,3.8319172978599685,298.73311457081945,4.0,3
302.0,3,charge,0.46069794088009586,3.8665539612772184,298.412312124378,3.0,3
303.0,1,charge,0.3513302308043601,3.7952403257800014,299.1853690713,5.0,3
303.0,2,charge,0.3964439293830055,3.8321733634619175,298.7347467228008,4.0,3
303.0,3,charge,0.46091506098903584,3.8667600869612375,298.41317370724323,3.0,3
304.0,1,charge,0.3516564543792779,3.795518679244276,299.1881665066747,5.0,3
304.0,2,charge,0.39672040700273553,3.8324295281464638,298.7363784318623,4.0,3
304.0,3,charge,0.46113218109797405,3.8669660174025413,298.4140351769266,3.0,3
305.0,1,charge,0.35198267795419574,3.79579686761734,299.19096307463286,5.0,3
305.0,2,charge,0.3969968846224646,3.8326857898938727,298.7380096990251,4.0,3
305.0,3,charge,0.46134930120691425,3.867171748717305,298.4148965330853,3.0,3
306.0,1,charge,0.3523089015291149,3.796074893135251,299.1937587767103,5.0,3
306.0,2,charge,0.3972733622421912,3.832942147034739,298.73964052518977,4.0,3
306.0,3,charge,0.4615664213158555,3.8673772810305316,298.4157577757862,3.0,3
307.0,1,charge,0.35263512510403444,3.7963527574664315,299.19655361474577,5.0,3
307.0,2,charge,0.3975498398619212,3.833198597892904,298.7412709112534,4.0,3
307.0,3,charge,0.46178354142479583,3.8675826144722896,298.416618905096,3.0,3
308.0,1,charge,0.35296134867895385,3.796630462980635,299.19934759021004,5.0,3
308.0,2,charge,0.39782631748164793,3.8334551414492997,298.7429008578906,4.0,3
308.0,3,charge,0.46200066153373287,3.867787749177684,298.41747992108117,3.0,3
309.0,1,charge,0.35328757225387125,3.7969080123007144,299.2021407044432,5.0,3
309.0,2,charge,0.39810279510137664,3.8337117764029265,298.74453036586374,4.0,3
309.0,3,charge,0.4622177816426742,3.8679926852868354,298.41834082380853,3.0,3
310.0,1,charge,0.35361379582879043,3.7971854073082105,299.2049329591821,5.0,3
310.0,2,charge,0.398379272721107,3.8339685010624684,298.7461594360582,4.0,3
310.0,3,charge,0.4624349017516144,3.8681974229448497,298.41920161334474,3.0,3
311.0,1,charge,0.35394001940371,3.7974626501872057,299.2077243560061,5.0,3
311.0,2,charge,0.39865575034083367,3.83422531401379,298.7477880692625,4.0,3
311.0,3,charge,0.46265202186055254,3.8684019623018404,298.42006228975634,3.0,3
312.0,1,charge,0.3542662429786293,3.797739743128904,299.2105148964934,5.0,3
312.0,2,charge,0.39893222796056244,3.8344822138658294,298.7494162662521,4.0,3
312.0,3,charge,0.46286914196949275,3.8686063052133983,298.4209228534281,3.0,3
313.0,1,charge,0.35459246655354704,3.79801668882961,299.21330458195433,5.0,3
313.0,2,charge,0.3992087055802928,3.834739199704213,298.7510440276369,4.0,3
313.0,3,charge,0.4630862620784339,3.8688104510384678,298.4217833042773,3.0,3
314.0,1,charge,0.35491869012846483,3.7982934902522256,299.216093413559,5.0,3
314.0,2,charge,0.3994851832000194,3.8349962701251328,298.75267135418613,4.0,3
314.0,3,charge,0.4633033821873741,3.869014399772772,298.4226436423391,3.0,3
315.0,1,charge,0.355244913703384,3.7985701494337234,299.21888139297516,5.0,3
315.0,2,charge,0.3997616608197482,3.8352534238949025,298.75429824660637,4.0,3
315.0,3,charge,0.4635205022963123,3.8692181516554855,298.42350386769334,3.0,3
316.0,1,charge,0.3555711372783033,3.798846668877787,299.22166852162275,5.0,3
316.0,2,charge,0.4000381384394772,3.8355106598431923,298.75592470557785,4.0,3
316.0,3,charge,0.4637376224052525,3.869421706930516,298.4243639804198,3.0,3
317.0,1,charge,0.3558973608532225,3.799123051121158,299.22445480090545,5.0,3
317.0,2,charge,0.4003146160592052,3.8357679768122166,298.7575507317706,4.0,3
317.0,3,charge,0.46395474251419383,3.869625065846493,298.4252239805984,3.0,3
318.0,1,charge,0.3562235844281403,3.79939929896584,299.22724023208457,5.0,3
318.0,2,charge,0.4005910936789339,3.8360253735754752,298.759176325869,4.0,3
318.0,3,charge,0.46417186262313087,3.8698282286567407,298.42608386830887,3.0,3
319.0,1,charge,0.3565498080030595,3.7996754154381973,299.2300248163008,5.0,3
319.0,2,charge,0.400867571298663,3.8362828491038923,298.7608014884914,4.0,3
319.0,3,charge,0.46438898273207113,3.870031195619254,298.4269436436312,3.0,3
320.0,1,charge,0.3568760315779773,3.799951403064673,299.2328085549681,5.0,3
320.0,2,charge,0.40114404891839106,3.8365404023387377,298.7624262202585,4.0,3
320.0,3,charge,0.46460610284101234,3.8702339666511563,298.42780330666824,3.0,3
321.0,1,charge,0.35720225515289694,3.8002272646592816,299.2355914493451,5.0,3
321.0,2,charge,0.40142052653811977,3.8367980322544257,298.764050521775,4.0,3
321.0,3,charge,0.46482322294995265,3.870436541336767,298.4286628575455,3.0,3
322.0,1,charge,0.3575284787278161,3.8005030030829072,299.23837350066583,5.0,3
322.0,2,charge,0.40169700415784876,3.8370557376996683,298.76567439368,4.0,3
322.0,3,charge,0.46504034305889086,3.8706389205497698,298.4295222963026,3.0,3
323.0,1,charge,0.3578547023027339,3.80077862121614,299.24115471015097,5.0,3
323.0,2,charge,0.4019734817775764,3.837313517513376,298.7672978366102,4.0,3
323.0,3,charge,0.4652574631678308,3.870841104523829,298.43038162302236,3.0,3
324.0,1,charge,0.35818092587765277,3.8010541219528746,299.2439350790107,5.0,3
324.0,2,charge,0.40224995939730546,3.8375713707990986,298.7689208511116,4.0,3
324.0,3,charge,0.4654745832767721,3.8710430934972275,298.43124083778747,3.0,3
325.0,1,charge,0.35850714945257234,3.801329508307788,299.2467146083986,5.0,3
325.0,2,charge,0.40252643701703456,3.8378292965709773,298.77054343775336,4.0,3
325.0,3,charge,0.4656917033857123,3.871244887712895,298.43209994068076,3.0,3
326.0,1,charge,0.3588333730274916,3.8016047833060433,299.2494932994584,5.0,3
326.0,2,charge,0.40280291463676215,3.838087293866385,298.77216559709177,4.0,3
326.0,3,charge,0.4659088234946505,3.871446487418349,298.4329589317849,3.0,3
327.0,1,charge,0.35915959660240937,3.8018799500157154,299.25227115331,5.0,3
327.0,2,charge,0.40307939225649125,3.8383453615237606,298.7737873297413,4.0,3
327.0,3,charge,0.46612594360359066,3.8716478928656857,298.4338178111827,3.0,3
328.0,1,charge,0.35948582017732716,3.80215501132706,299.25504817116297,5.0,3
328.0,2,charge,0.40335586987621996,3.8386034985872115,298.77540863624495,4.0,3
328.0,3,charge,0.4663430637125309,3.87184910431157,298.43467657895684,3.0,3
329.0,1,charge,0.35981204375224646,3.802429969866952,299.2578243543597,5.0,3
329.0,2,charge,0.4036323474959479,3.8388617041404345,298.7770295171274,4.0,3
329.0,3,charge,0.4665601838214692,3.872050120560158,298.4355352351807,3.0,3
330.0,1,charge,0.36013826732716603,3.802704829098681,299.26059970381095,5.0,3
330.0,2,charge,0.40390882511567705,3.839119977237214,298.7786499729176,4.0,3
330.0,3,charge,0.4667773039304093,3.872250942309076,298.43639377993986,3.0,3
331.0,1,charge,0.36046449090208527,3.802979592181254,299.26337422058134,5.0,3
331.0,2,charge,0.40418530273540576,3.8393783169394995,298.7802700041363,4.0,3
331.0,3,charge,0.46699442403935065,3.8724515701449294,298.4372522133189,3.0,3
332.0,1,charge,0.36079071447700267,3.803254262314299,299.2661479057117,5.0,3
332.0,2,charge,0.40446178035513375,3.8396367221553245,298.7818896113483,4.0,3
332.0,3,charge,0.4672115441482909,3.8726520042745234,298.4381105354004,3.0,3
333.0,1,charge,0.3611169380519218,3.8035288427377214,299.26892076021966,5.0,3
333.0,2,charge,0.4047382579748628,3.8398951920289917,298.78350879503716,4.0,3
333.0,3,charge,0.46742866425722884,3.872852244909253,298.4389687462665,3.0,3
334.0,1,charge,0.36144316162684154,3.803803336731355,299.27169278509916,5.0,3
334.0,2,charge,0.40501473559459156,3.8401537256340266,298.7851275557039,4.0,3
334.0,3,charge,0.46764578436616905,3.8730522922650934,298.43982684599945,3.0,3
335.0,1,charge,0.3617693852017592,3.8040777476146324,299.2744639813207,5.0,3
335.0,2,charge,0.40529121321431816,3.8404123220547444,298.7867458938408,4.0,3
335.0,3,charge,0.4678629044751103,3.873252146562581,298.44068483468163,3.0,3
336.0,1,charge,0.3620956087766785,3.8043520786409193,299.2772343498854,5.0,3
336.0,2,charge,0.40556769083404853,3.840670980352739,298.7883638099418,4.0,3
336.0,3,charge,0.4680800245840507,3.8734518080267923,298.44154271239535,3.0,3
337.0,1,charge,0.3624218323515962,3.804626331409002,299.2800038926402,5.0,3
337.0,2,charge,0.4058441684537773,3.840929699547181,298.78998130450935,4.0,3
337.0,3,charge,0.46829714469298767,3.8736512765550195,298.4424004792186,3.0,3
338.0,1,charge,0.3627480559265155,3.8049005103850764,299.2827726099559,5.0,3
338.0,2,charge,0.40612064607350395,3.8411884787731676,298.79159837800347,4.0,3
338.0,3,charge,0.468514264801929,3.873850551155379,298.44325813521806,3.0,3
339.0,1,charge,0.3630742795014347,3.80517461888421,299.28554050279047,5.0,3
339.0,2,charge,0.406397123693234,3.8414473171294627,298.7932150308907,4.0,3
339.0,3,charge,0.46873138491086924,3.874049633026817,298.4441156804882,3.0,3
340.0,1,charge,0.363400503076354,3.8054486602488087,299.2883075720838,5.0,3
340.0,2,charge,0.40667360131296304,3.8417062137227758,298.7948312636297,4.0,3
340.0,3,charge,0.46894850501980734,3.8742485223518974,298.44497311511066,3.0,3
341.0,1,charge,0.3637267266512717,3.805722637848345,299.2910738187578,5.0,3
341.0,2,charge,0.40695007893268975,3.8419651675457747,298.7964470767104,4.0,3
341.0,3,charge,0.46916562512874727,3.8744472193177524,298.4458304391669,3.0,3
342.0,1,charge,0.3640529502261895,3.8059965550789747,299.29383924371604,5.0,3
342.0,2,charge,0.4072265565524198,3.8422241776694683,298.7980624705927,4.0,3
342.0,3,charge,0.4693827452376887,3.8746457241160837,298.44668765273843,3.0,3
343.0,1,charge,0.3643791738011087,3.806270415363275,299.29660384784404,5.0,3
343.0,2,charge,0.40750303417214645,3.8424832432550637,298.7996774457025,4.0,3
343.0,3,charge,0.4695998653466289,3.8748440369431183,298.4475447559068,3.0,3
344.0,1,charge,0.3647053973760284,3.806544222149868,299.29936763200914,5.0,3
344.0,2,charge,0.4077795117918755,3.8427423634174365,298.80129200247535,4.0,3
344.0,3,charge,0.46981698545556716,3.875042157999623,298.44840174875344,3.0,3
345.0,1,charge,0.36503162095094754,3.8068179773504047,299.3021305978597,5.0,3
345.0,2,charge,0.4080559894116056,3.843001537279455,298.8029061413393,4.0,3
345.0,3,charge,0.4700341055645073,3.8752400874908366,298.4492586313599,3.0,3
346.0,1,charge,0.3653578445258654,3.8070916848984258,299.30489274600455,5.0,3
346.0,2,charge,0.40833246703133214,3.843260763972034,298.80451986271476,4.0,3
346.0,3,charge,0.4702512256734486,3.8754378245330416,298.4501154037984,3.0,3
347.0,1,charge,0.3656840681007842,3.8073653484509995,299.30765407718883,5.0,3
347.0,2,charge,0.4086089446510613,3.8435200426342515,298.8061331670146,4.0,3
347.0,3,charge,0.47046834578238894,3.8756353694165453,298.4509720661512,3.0,3
348.0,1,charge,0.3660102916757039,3.8076389713883296,299.31041459229374,5.0,3
348.0,2,charge,0.4088854222707913,3.843779372283782,298.8077460546855,4.0,3
348.0,3,charge,0.4706854658913259,3.8758327227609657,298.4518286185032,3.0,3
349.0,1,charge,0.36633651525062305,3.8079125571034798,299.3131742921881,5.0,3
349.0,2,charge,0.40916189989051793,3.84403875171956,298.8093585262387,4.0,3
349.0,3,charge,0.4709025860002673,3.8760298847286703,298.4526850609353,3.0,3
350.0,1,charge,0.3666627388255409,3.808186109002084,299.31593317772877,5.0,3
350.0,2,charge,0.4094383775102467,3.84429818030785,298.8109705820001,4.0,3
350.0,3,charge,0.47111970610920756,3.8762268554863857,298.4535413935286,3.0,3
351.0,1,charge,0.3669889624004587,3.8084596305020098,299.31869124975987,5.0,3
351.0,2,charge,0.40971485512997713,3.8445576571651867,298.81258222236977,4.0,3
351.0,3,charge,0.47133682621814565,3.876423635205187,298.45439761636396,3.0,3
352.0,1,charge,0.3673151859753778,3.8087331250330667,299.32144850911385,5.0,3
352.0,2,charge,0.4099913327497038,3.8448171814126777,298.81419344774207,4.0,3
352.0,3,charge,0.47155394632708586,3.87662022406047,298.45525372952244,3.0,3
353.0,1,charge,0.36764140955029756,3.809006595451822,299.32420495690855,5.0,3
353.0,2,charge,0.41026781036943255,3.845076752176113,298.81580425850467,4.0,3
353.0,3,charge,0.4717710664360273,3.8768166222319214,298.456109733085,3.0,3
354.0,1,charge,0.36796763312521674,3.8092800449423816,299.3269605940884,5.0,3
354.0,2,charge,0.4105442879891629,3.845336368586059,298.81741465503916,4.0,3
354.0,3,charge,0.47198818654496755,3.8770128299035447,298.45696562713266,3.0,3
355.0,1,charge,0.3682938567001341,3.8095534772278192,299.3297154213164,5.0,3
355.0,2,charge,0.4108207656088895,3.8455960297779903,298.81902463772076,4.0,3
355.0,3,charge,0.4722053066539054,3.877208847263584,298.45782141174635,3.0,3
356.0,1,charge,0.36862008027505333,3.8098268956691452,299.3324694394332,5.0,3
356.0,2,charge,0.4110972432286183,3.8458557345343003,298.8206342070325,4.0,3
356.0,3,charge,0.4724224267628456,3.8774046745045663,298.45867708700706,3.0,3
357.0,1,charge,0.3689463038499731,3.8101003036288676,299.3352226492718,5.0,3
357.0,2,charge,0.4113737208483474,3.846115482077942,298.82224336331257,4.0,3
357.0,3,charge,0.4726395468717871,3.8776003118232323,298.45953265299585,3.0,3
358.0,1,charge,0.36927252742489225,3.8103737044707073,299.3379750516574,5.0,3
358.0,2,charge,0.41165019846807527,3.8463752714945327,298.823852106938,4.0,3
358.0,3,charge,0.4728566669807273,3.8777957594205392,298.4603881097936,3.0,3
359.0,1,charge,0.36959875099981004,3.8106471015593004,299.34072664740745,5.0,3
359.0,2,charge,0.41192667608780403,3.8466351018502056,298.82546043828734,4.0,3
359.0,3,charge,0.4730737870896654,3.8779910175016683,298.4612434574814,3.0,3
360.0,1,charge,0.3699249745747278,3.810920498259888,299.3434774373315,5.0,3
360.0,2,charge,0.4122031537075332,3.846894972207113,298.8270683577362,4.0,3
360.0,3,charge,0.47329090719860567,3.8781860861823523,298.4620986961397,3.0,3
360.0,1,charge,0.3699249745747289,3.810920498259888,299.3434774373315,5.0,4
360.0,1,charge,0.3699249745747278,3.810920498259888,299.3434774373315,5.0,4
360.0,2,charge,0.4122031537075329,3.846894972207113,298.8270683577362,4.0,4
360.0,2,charge,0.4122031537075332,3.846894972207113,298.8270683577362,4.0,4
360.0,3,charge,0.4732909071986059,3.8781860861823523,298.4620986961397,3.0,4
360.0,3,charge,0.47329090719860567,3.8781860861823523,298.4620986961397,3.0,4
361.0,1,charge,0.37025119814964697,3.8111938871207593,299.34622716405704,5.0,4
361.0,2,charge,0.4124796313272606,3.8471548687245303,298.8286757248898,4.0,4
361.0,3,charge,0.47350802730754704,3.8783809389788653,298.4629537788523,3.0,4
362.0,1,charge,0.3705774217245667,3.8114672867749415,299.3489762021806,5.0,4
362.0,2,charge,0.4127561089469898,3.847414807690399,298.8302827290776,4.0,4
362.0,3,charge,0.473725147416484,3.8785755971465177,298.4638087423303,3.0,4
363.0,1,charge,0.3709036452994859,3.811740698397214,299.35172449948385,5.0,4
363.0,2,charge,0.41303258656671893,3.8476747882570854,298.8318893716994,4.0,4
363.0,3,charge,0.47394226752542434,3.8787700864095376,298.4646636332837,3.0,4
364.0,1,charge,0.3712298688744033,3.812014124945091,299.3544720474073,5.0,4
364.0,2,charge,0.4133090641864465,3.8479348073669417,298.83349563025666,4.0,4
364.0,3,charge,0.4741593876343656,3.878964387883727,298.4655184170111,3.0,4
365.0,1,charge,0.3715560924493225,3.812287568089351,299.3572188066626,5.0,4
365.0,2,charge,0.4135855418061755,3.848194862253788,298.8351014853514,4.0,4
365.0,3,charge,0.4743765077433058,3.879158505775295,298.4663731020124,3.0,4
366.0,1,charge,0.3718823160242422,3.8125610303799853,299.3599647588568,5.0,4
366.0,2,charge,0.41386201942590467,3.8484549514513766,298.83670693086134,4.0,4
366.0,3,charge,0.474593627852244,3.8793524372781816,298.4672276825112,3.0,4
367.0,1,charge,0.3722085395991614,3.81283451572733,299.3627099203781,5.0,4
367.0,2,charge,0.4141384970456322,3.848715074085956,298.8383119690745,4.0,4
367.0,3,charge,0.47481074796118394,3.8795461810023477,298.46808215616267,3.0,4
368.0,1,charge,0.37253476317407913,3.8131080273283753,299.3654542896955,5.0,4
368.0,2,charge,0.41441497466536137,3.8489752293271824,298.83991660295897,4.0,4
368.0,3,charge,0.4750278680701254,3.879739737423301,298.4689365229224,3.0,4
369.0,1,charge,0.3728609867489968,3.8133815682171885,299.36819785984284,5.0,4
369.0,2,charge,0.41469145228509047,3.849235416033836,298.84152082970076,4.0,4
369.0,3,charge,0.4752449881790656,3.879933105961463,298.4697907805475,3.0,4
370.0,1,charge,0.37318721032391594,3.8136551417060973,299.3709406346951,5.0,4
370.0,2,charge,0.414967929904818,3.849495633093373,298.843124648428,4.0,4
370.0,3,charge,0.4754621082880037,3.8801262865795576,298.4706449312199,3.0,4
371.0,1,charge,0.37351343389883584,3.8139287510377313,299.3736826142261,5.0,4
371.0,2,charge,0.4152444075245471,3.84975587942551,298.8447280604213,4.0,4
371.0,3,charge,0.475679228396944,3.880319278981031,298.4714989749398,3.0,4
372.0,1,charge,0.37383965747375464,3.8142023995315206,299.3764237983646,5.0,4
372.0,2,charge,0.41552088514427593,3.850016154091151,298.8463310656201,4.0,4
372.0,3,charge,0.47589634850588414,3.880512089016409,298.4723529101362,3.0,4
373.0,1,charge,0.3741658810486723,3.8144760902595625,299.37916418715326,5.0,4
373.0,2,charge,0.41579736276400375,3.8502764561626313,298.8479336639563,4.0,4
373.0,3,charge,0.4761134686148223,3.88070471494384,298.4732067371787,3.0,4
374.0,1,charge,0.37449210462359156,3.814749826499397,299.3819037815014,5.0,4
374.0,2,charge,0.4160738403837329,3.850536784340057,298.8495358554839,4.0,4
374.0,3,charge,0.47633058872376244,3.8808971535921013,298.47406045680566,3.0,4
375.0,1,charge,0.37481832819850924,3.815023611613188,299.38464258297597,5.0,4
375.0,2,charge,0.41635031800346173,3.8507971376349523,298.8511376405351,4.0,4
375.0,3,charge,0.4765477088327039,3.881089404683294,298.47491406901713,3.0,4
376.0,1,charge,0.37514455177342915,3.815297448552547,299.3873805905484,5.0,4
376.0,2,charge,0.4166267956231883,3.8510575153608855,298.8527390200761,4.0,4
376.0,3,charge,0.47676482894164385,3.8812814679450582,298.475767573813,3.0,4
377.0,1,charge,0.3754707753483483,3.8155713407724665,299.3901178066039,5.0,4
377.0,2,charge,0.41690327324291865,3.851317916045396,298.8543399934983,4.0,4
377.0,3,charge,0.476981949050582,3.8814733431105237,298.4766209711933,3.0,4
378.0,1,charge,0.375796998923266,3.8158452917727326,299.3928542339057,5.0,4
378.0,2,charge,0.4171797508626474,3.851578338612235,298.8559405610454,4.0,4
378.0,3,charge,0.47719906915952226,3.8816650299183206,298.4774742611581,3.0,4
379.0,1,charge,0.37612322249818514,3.816119304346776,299.3955898707437,5.0,4
379.0,2,charge,0.41745622848237407,3.8518387829972665,298.85754072526674,4.0,4
379.0,3,charge,0.4774161892684635,3.881856528112585,298.47832744370726,3.0,4
380.0,1,charge,0.3764494460731046,3.816393381558563,299.39832471729693,5.0,4
380.0,2,charge,0.41773270610210445,3.852099247442824,298.8591404849113,4.0,4
380.0,3,charge,0.47763330937740384,3.882047837442905,298.47918051884085,3.0,4
381.0,1,charge,0.3767756696480238,3.81666752645273,299.40105877374435,5.0,4
381.0,2,charge,0.41800918372183327,3.8523597307740864,298.8607398400686,4.0,4
381.0,3,charge,0.4778504294863408,3.882238957664366,298.48003348655885,3.0,4
382.0,1,charge,0.3771018932229415,3.8169417420542304,299.4037920402651,5.0,4
382.0,2,charge,0.41828566134155976,3.852620231805842,298.8623387908281,4.0,4
382.0,3,charge,0.4780675495952822,3.8824299055297584,298.4808863487879,3.0,4
383.0,1,charge,0.37742811679786065,3.8172160313681553,299.4065245170381,5.0,4
383.0,2,charge,0.4185621389612899,3.852880749342632,298.8639373372793,4.0,4
383.0,3,charge,0.47828466970422245,3.882620667020319,298.48173910396787,3.0,4
384.0,1,charge,0.37775434037277844,3.8174903977826826,299.40925620642685,5.0,4
384.0,2,charge,0.41883861658101906,3.853141282178879,298.8655354795118,4.0,4
384.0,3,charge,0.4785017898131605,3.882811241864939,298.48259175209455,3.0,4
385.0,1,charge,0.3780805639476983,3.8177648449453194,299.4119871122796,5.0,4
385.0,2,charge,0.41911509420074555,3.8534018290990315,298.86713321761476,4.0,4
385.0,3,charge,0.47871890992210053,3.883001629833971,298.48344429316813,3.0,4
386.0,1,charge,0.37840678752261747,3.818039375264001,299.4147172318387,5.0,4
386.0,2,charge,0.4193915718204757,3.8536623902151543,298.86873055439565,4.0,4
386.0,3,charge,0.4789360300310419,3.8831918307031397,298.4842967271885,3.0,4
387.0,1,charge,0.37873301109753515,3.818313991730488,299.417446565628,5.0,4
387.0,2,charge,0.4196680494402022,3.8539229637095396,298.87032748875464,4.0,4
387.0,3,charge,0.47915315013998216,3.88338184425358,298.48514905415567,3.0,4
388.0,1,charge,0.37905923467245434,3.8185886973160716,299.42017511417083,5.0,4
388.0,2,charge,0.4199445270599314,3.8541835482575113,298.8719240206155,4.0,4
388.0,3,charge,0.4793702702489202,3.8835716702717793,298.4860012740697,3.0,4
389.0,1,charge,0.3793854582473738,3.818863494971332,299.42290287799096,5.0,4
389.0,2,charge,0.4202210046796614,3.8544441426802116,298.8735201502172,4.0,4
389.0,3,charge,0.4795873903578604,3.8837613085495652,298.4868533869305,3.0,4
390.0,1,charge,0.379711681822293,3.8191383876258733,299.425629857612,5.0,4
390.0,2,charge,0.420497482299388,3.854704745789679,298.875115877799,4.0,4
390.0,3,charge,0.4798045104668006,3.883950758884156,298.4877053927381,3.0,4
391.0,1,charge,0.38003790539721066,3.8194133783645667,299.42835605422937,5.0,4
391.0,2,charge,0.4207739599191168,3.8549653563889814,298.87671120359977,4.0,4
391.0,3,charge,0.4800216305757388,3.8841400269160564,298.4885572925658,3.0,4
392.0,1,charge,0.38036412897212984,3.8196884706815775,299.43108147066863,5.0,4
392.0,2,charge,0.4210504375388472,3.855225973272352,298.8783061278588,4.0,4
392.0,3,charge,0.48023875068467897,3.8843291203668007,298.48940908787165,3.0,4
393.0,1,charge,0.38069035254704753,3.819963667020759,299.43380610583813,5.0,4
393.0,2,charge,0.4213269151585738,3.8554865957928044,298.8799006516842,4.0,4
393.0,3,charge,0.4804558707936204,3.884518028725679,298.4902607767602,3.0,4
394.0,1,charge,0.3810165761219675,3.8202389702705775,299.43652996042397,5.0,4
394.0,2,charge,0.42160339277830267,3.8557472227697778,298.8814947753788,4.0,4
394.0,3,charge,0.4806729909025604,3.884706751803896,298.4911123592317,3.0,4
395.0,1,charge,0.38134279969688656,3.820514383297657,299.4392530351126,5.0,4
395.0,2,charge,0.42187987039803304,3.856007852759059,298.8830884988549,4.0,4
395.0,3,charge,0.4808901110114985,3.8848952894179494,298.4919638352859,3.0,4
396.0,1,charge,0.38166902327180435,3.8207899089465087,299.44197533059037,5.0,4
396.0,2,charge,0.4221563480177594,3.85626848456611,298.8846818224195,4.0,4
396.0,3,charge,0.48110723112043874,3.88508364138955,298.4928152049229,3.0,4
397.0,1,charge,0.38199524684672304,3.8210655500393127,299.4446968475434,5.0,4
397.0,2,charge,0.42243282563748835,3.8565291169882974,298.88627474638014,4.0,4
397.0,3,charge,0.48132435122938,3.8852718075456725,298.49366646814275,3.0,4
398.0,1,charge,0.382321470421643,3.8213413094205473,299.44741758672365,5.0,4
398.0,2,charge,0.4227093032572175,3.8567897488150504,298.8878672710441,4.0,4
398.0,3,charge,0.48154147133832037,3.8854597877185038,298.4945176249454,3.0,4
399.0,1,charge,0.382647693996562,3.8216171902559117,299.4501375493848,5.0,4
399.0,2,charge,0.4229857808769452,3.8570503788279744,298.8894593967188,4.0,4
399.0,3,charge,0.48175859144725736,3.8856475817454337,298.49536867533084,3.0,4
400.0,1,charge,0.38297391757147986,3.821893195049528,299.4528567358478,5.0,4
400.0,2,charge,0.42326225849667415,3.8573110059567357,298.89105112380594,4.0,4
400.0,3,charge,0.4819757115561987,3.8858351894690735,298.49621961929904,3.0,4
401.0,1,charge,0.38330014114639754,3.8221693265545653,299.4555751468312,5.0,4
401.0,2,charge,0.4235387361164033,3.8575716291493203,298.89264245272295,4.0,4
401.0,3,charge,0.48219283166513893,3.8860226224867347,298.4970704593912,3.0,4
402.0,1,charge,0.38362636472131667,3.8224455875007752,299.45829278305405,5.0,4
402.0,2,charge,0.42381521373613074,3.857832247001765,298.89423338367817,4.0,4
402.0,3,charge,0.48240995177407703,3.8862098772863023,298.4979211948844,3.0,4
403.0,1,charge,0.3839525882962366,3.8227219805941828,299.4610096452349,5.0,4
403.0,2,charge,0.42409169135585995,3.8580928582860325,298.89582391699133,4.0,4
403.0,3,charge,0.48262707188301723,3.886396948663279,298.49877182468595,3.0,4
404.0,1,charge,0.38427881187115565,3.8229985085169362,299.46372573409275,5.0,4
404.0,2,charge,0.4243681689755891,3.8583534617669795,298.8974140529819,4.0,4
404.0,3,charge,0.48284419199195866,3.886583836473697,298.499622348796,3.0,4
405.0,1,charge,0.38460503544607305,3.8232751739270863,299.46644105034625,5.0,4
405.0,2,charge,0.42464464659531653,3.858614056202484,298.89900379196945,4.0,4
405.0,3,charge,0.48306131210089864,3.8867705405786803,298.50047276721443,3.0,4
406.0,1,charge,0.3849312590209922,3.8235519796670365,299.4691555943873,5.0,4
406.0,2,charge,0.42492112421504563,3.85887464034357,298.9005931342735,4.0,4
406.0,3,charge,0.4832784322098368,3.8869570608444537,298.5013230799413,3.0,4
407.0,1,charge,0.3852574825959121,3.8238289282187425,299.47186936713285,5.0,4
407.0,2,charge,0.42519760183477484,3.8591352129577743,298.902182080189,4.0,4
407.0,3,charge,0.483495552318777,3.8871433971423235,298.50217328697664,3.0,4
408.0,1,charge,0.3855837061708312,3.824106022176289,299.4745823692859,5.0,4
408.0,2,charge,0.4254740794545022,3.859395772903146,298.9037706299074,4.0,4
408.0,3,charge,0.4837126724277183,3.887329549348674,298.5030233883204,3.0,4
409.0,1,charge,0.3859099297457489,3.824383264108681,299.4772946015492,5.0,4
409.0,2,charge,0.42575055707423143,3.8596563188294626,298.90535878383486,4.0,4
409.0,3,charge,0.48392979253665525,3.887515517344922,298.50387338397263,3.0,4
410.0,1,charge,0.3862361533206667,3.8246606565596375,299.4800060646259,5.0,4
410.0,2,charge,0.42602703469396036,3.8599168494690996,298.90694654228326,4.0,4
410.0,3,charge,0.48414691264559556,3.887701301282706,298.50472327399683,3.0,4
411.0,1,charge,0.38656237689558576,3.8249382020473446,299.48271675921876,5.0,4
411.0,2,charge,0.42630351231368807,3.8601773635482868,298.9085339055641,4.0,4
411.0,3,charge,0.4843640327545369,3.887886917329584,298.50557306229746,3.0,4
412.0,1,charge,0.3868886004705057,3.825215903064274,299.48542668603073,5.0,4
412.0,2,charge,0.4265799899334173,3.8604378597872273,298.91012087398934,4.0,4
412.0,3,charge,0.4845811528634772,3.8880723519570077,298.5064227456603,3.0,4
413.0,1,charge,0.38721482404542445,3.825493762147738,299.48813584537726,5.0,4
413.0,2,charge,0.42685646755314616,3.860698336900267,298.91170744787047,4.0,4
413.0,3,charge,0.48479827297241496,3.888257605059559,298.50727232408553,3.0,4
414.0,1,charge,0.3875410476203422,3.8257717817059396,299.4908442381332,5.0,4
414.0,2,charge,0.42713294517287387,3.8609587935960312,298.9132936275193,4.0,4
414.0,3,charge,0.4850153930813552,3.888442676536769,298.50812179757315,3.0,4
415.0,1,charge,0.38786727119526127,3.8260499641487877,299.4935518650213,5.0,4
415.0,2,charge,0.427409422792603,3.8612192286120752,298.9148794130545,4.0,4
415.0,3,charge,0.4852325131902966,3.888627566293121,298.50897116612305,3.0,4
416.0,1,charge,0.3881934947701813,3.826328311867173,299.4962587267228,5.0,4
416.0,2,charge,0.42768590041233195,3.8614796406274463,298.9164648048908,4.0,4
416.0,3,charge,0.4854496332992369,3.888812274238031,298.5098204297353,3.0,4
417.0,1,charge,0.38851971834509896,3.82660682722514,299.49896482391875,5.0,4
417.0,2,charge,0.4279623780320584,3.8617400283342818,298.9180498033401,4.0,4
417.0,3,charge,0.48566675340817383,3.8889968002858453,298.51066958840994,3.0,4
418.0,1,charge,0.3888459419200181,3.826885512559682,299.50167015729033,5.0,4
418.0,2,charge,0.42823885565178876,3.862000390421398,298.91963440870444,4.0,4
418.0,3,charge,0.48588387351711515,3.889181144355798,298.5115186421468,3.0,4
419.0,1,charge,0.3891721654949358,3.82716437018051,299.5043747275189,5.0,4
419.0,2,charge,0.4285153332715176,3.862260725572571,298.9212186212857,4.0,4
419.0,3,charge,0.4861009936260554,3.889365306372028,298.5123675909462,3.0,4
420.0,1,charge,0.38949838906985484,3.8274434023805863,299.507078535046,5.0,4
420.0,2,charge,0.4287918108912442,3.862521032466713,298.9228024413857,4.0,4
420.0,3,charge,0.48631811373499345,3.8895492909777016,298.51321643604393,3.0,4
421.0,1,charge,0.3898246126447745,3.8277226114113865,299.5097815806085,5.0,4
421.0,2,charge,0.42906828851097456,3.8627813097779806,298.9243858693065,4.0,4
421.0,3,charge,0.48653523384393377,3.889733104033902,298.5140651789981,3.0,4
422.0,1,charge,0.3901508362196936,3.8280019994972516,299.5124838649307,5.0,4
422.0,2,charge,0.42934476613070344,3.8630415561636307,298.9259689052524,4.0,4
422.0,3,charge,0.48675235395287486,3.8899167381427686,298.5149138178886,3.0,4
423.0,1,charge,0.3904770597946113,3.8282815688371237,299.51518538867805,5.0,4
423.0,2,charge,0.4296212437504299,3.8633017702899366,298.9275515495351,4.0,4
423.0,3,charge,0.4869694740618152,3.8901001933967327,298.5157623527564,3.0,4
424.0,1,charge,0.390803283369529,3.8285613216016126,299.517886152516,5.0,4
424.0,2,charge,0.42989772137016,3.8635619508210004,298.9291338024829,4.0,4
424.0,3,charge,0.4871865941707532,3.890283469892551,298.51661078364253,3.0,4
425.0,1,charge,0.3911295069444481,3.8288412599328305,299.5205861571097,5.0,4
425.0,2,charge,0.4301741989898865,3.863822096412578,298.9307156643906,4.0,4
425.0,3,charge,0.4874037142796935,3.8904665677312944,298.5174591105881,3.0,4
426.0,1,charge,0.39145573051936816,3.8291213859441857,299.52328540312465,5.0,4
426.0,2,charge,0.43045067660961567,3.864082205716402,298.9322971355534,4.0,4
426.0,3,charge,0.4876208343886348,3.8906494870183286,298.5183073336343,3.0,4
427.0,1,charge,0.3917819540942871,3.8294017017032527,299.52598389109613,5.0,4
427.0,2,charge,0.4307271542293458,3.864342277380362,298.9338782162664,4.0,4
427.0,3,charge,0.4878379544975717,3.8908322278632927,298.51915545282225,3.0,4
428.0,1,charge,0.3921081776692045,3.829682209264019,299.52868162168244,5.0,4
428.0,2,charge,0.4310036318490722,3.864602310048591,298.9354589068246,4.0,4
428.0,3,charge,0.48805507460651204,3.891014790380097,298.52000346819295,3.0,4
429.0,1,charge,0.3924344012441236,3.829962910658292,299.5313785955952,5.0,4
429.0,2,charge,0.43128010946880146,3.864862302339493,298.93703920748345,4.0,4
429.0,3,charge,0.4882721947154534,3.891197174686879,298.5208513797874,3.0,4
430.0,1,charge,0.3927606248190436,3.8302438078810734,299.5340748134893,5.0,4
430.0,2,charge,0.43155658708853156,3.865122252873286,298.9386191185082,4.0,4
430.0,3,charge,0.48848931482439367,3.8913793809060127,298.521699187647,3.0,4
431.0,1,charge,0.39308684839396263,3.8305249028976767,299.5367702760198,5.0,4
431.0,2,charge,0.43183306470825805,3.8653821603015004,298.9401986402253,4.0,4
431.0,3,charge,0.4887064349333317,3.8915614091640722,298.52254689181257,3.0,4
432.0,1,charge,0.3934130719688803,3.8308061976435672,299.53946498384175,5.0,4
432.0,2,charge,0.43210954232798693,3.8656420232523434,298.9417777729254,4.0,4
432.0,3,charge,0.48892355504227175,3.8917432595918466,298.5233944923254,3.0,4
433.0,1,charge,0.3937392955437981,3.8310876940241876,299.54215893761005,5.0,4
433.0,2,charge,0.4323860199477173,3.8659018403510563,298.9433565168992,4.0,4
433.0,3,charge,0.4891406751512132,3.8919249323242764,298.52424198922637,3.0,4
434.0,1,charge,0.3940655191187171,3.8313693938858098,299.5448521379042,5.0,4
434.0,2,charge,0.43266249756744385,3.8661616102200114,298.94493487243744,4.0,4
434.0,3,charge,0.4893577952601534,3.8921064275004715,298.5250893825568,3.0,4
435.0,1,charge,0.39439174269363675,3.8316512990593674,299.54754458534427,5.0,4
435.0,2,charge,0.4329389751871727,3.866421331478893,298.94651283983075,4.0,4
435.0,3,charge,0.4895749153690914,3.8922877488326906,298.52593667359343,3.0,4
436.0,1,charge,0.3947179662685559,3.8319334113762746,299.550236280631,5.0,4
436.0,2,charge,0.4332154528069031,3.866681002725974,298.9480904193555,4.0,4
436.0,3,charge,0.48979203547803163,3.892468896757744,298.5267838624806,3.0,4
437.0,1,charge,0.39504418984347356,3.8322157326168407,299.5529272244118,5.0,4
437.0,2,charge,0.43349193042662953,3.866940622513132,298.9496676112539,4.0,4
437.0,3,charge,0.490009155586972,3.8926498689179705,298.52763094839224,3.0,4
438.0,1,charge,0.39537041341839263,3.832498264530471,299.5556174173341,5.0,4
438.0,2,charge,0.43376840804635847,3.867200189496362,298.95124441585034,4.0,4
438.0,3,charge,0.4902262756959099,3.8928306655489133,298.5284779313984,3.0,4
439.0,1,charge,0.39569663699331037,3.8327810088354397,299.55830686004555,5.0,4
439.0,2,charge,0.4340448856660877,3.8674597022809936,298.9528208334316,4.0,4
439.0,3,charge,0.49044339580485025,3.8930112868899043,298.529324811569,3.0,4
440.0,1,charge,0.39602286056823044,3.833063967218784,299.56099555319344,5.0,4
440.0,2,charge,0.43432136328581533,3.8677191594703157,298.9543968642845,4.0,4
440.0,3,charge,0.4906605159137916,3.8931917331840973,298.53017158897393,3.0,4
441.0,1,charge,0.3963490841431494,3.833347141304731,299.56368349737704,5.0,4
441.0,2,charge,0.4345978409055443,3.867978559665671,298.95597250869577,4.0,4
441.0,3,charge,0.4908776360227317,3.893372004678383,298.5310182636832,3.0,4
442.0,1,charge,0.3966753077180668,3.8336305326823368,299.5663706931906,5.0,4
442.0,2,charge,0.43487431852527353,3.8682379014666406,298.9575477669521,4.0,4
442.0,3,charge,0.49109475613166964,3.8935521016234356,298.5318648357668,3.0,4
443.0,1,charge,0.3970015312929858,3.833914142974617,299.5690571413296,5.0,4
443.0,2,charge,0.4351507961450011,3.8684971834711845,298.9591226393401,4.0,4
443.0,3,charge,0.49131187624060996,3.893732024273662,298.53271130529447,3.0,4
444.0,1,charge,0.3973277548679059,3.834197973737533,299.57174284243536,5.0,4
444.0,2,charge,0.43542727376473006,3.868756404275773,298.96069712614633,4.0,4
444.0,3,charge,0.4915289963495513,3.8939117728871784,298.53355767233637,3.0,4
445.0,1,charge,0.39765397844282496,3.8344820264949586,299.5744277971488,5.0,4
445.0,2,charge,0.4357037513844593,3.8690155624755573,298.9622712276572,4.0,4
445.0,3,charge,0.4917461164584917,3.8940913477258077,298.5344039369624,3.0,4
446.0,1,charge,0.3979802020177426,3.8347663027385375,299.5771120061115,5.0,4
446.0,2,charge,0.4359802290041869,3.8692746566644844,298.9638449441592,4.0,4
446.0,3,charge,0.4919632365674286,3.894270749055056,298.53525009924243,3.0,4
447.0,1,charge,0.3983064255926604,3.835050803927528,299.5797954699645,5.0,4
447.0,2,charge,0.43625670662391586,3.8695336854283706,298.965418275935,4.0,4
447.0,3,charge,0.49218035667636995,3.8944499771441055,298.5360961592465,3.0,4
448.0,1,charge,0.3986326491675794,3.835335531485126,299.5824781893445,5.0,4
448.0,2,charge,0.4365331842436451,3.8697926473321806,298.966991223257,4.0,4
448.0,3,charge,0.49239747678531015,3.8946290322657657,298.5369421170445,3.0,4
449.0,1,charge,0.39895887274249947,3.8356204867828927,299.5851601648645,5.0,4
449.0,2,charge,0.4368096618633724,3.870051540961599,298.9685637864087,4.0,4
449.0,3,charge,0.4926145968942482,3.894807914696493,298.5377879727063,3.0,4
450.0,1,charge,0.3992850963174181,3.8359056711703228,299.58784139715107,5.0,4
450.0,2,charge,0.43708613948310165,3.870310364895244,298.9701359656701,4.0,4
450.0,3,charge,0.49283171700318823,3.8949866246815685,298.53863372636613,3.0,4
450.0,1,charge,0.3992850963174175,3.8359056711703228,299.58784139715107,4.5,5
450.0,1,charge,0.3992850963174181,3.827236695565132,299.58784139715107,4.5,5
450.0,2,charge,0.43708613948310165,3.870310364895244,298.9701359656701,4.0,5
450.0,2,charge,0.43708613948310165,3.870310364895244,298.9701359656701,4.0,5
450.0,3,charge,0.492831717003189,3.8949866246815685,298.53863372636613,3.0,5
450.0,3,charge,0.49283171700318823,3.8949866246815685,298.53863372636613,3.0,5
451.0,1,charge,0.39957869753484504,3.826994137922874,299.59005371248446,4.5,5
451.0,2,charge,0.4373626171028309,3.870569099842381,298.9717074757464,4.0,5
451.0,3,charge,0.49304883711212955,3.895165146240883,298.53947931909147,3.0,5
452.0,1,charge,0.39987229875227054,3.8269167390501573,299.59226329865237,4.5,5
452.0,2,charge,0.43763909472255824,3.8708277632726724,298.973278613171,4.0,5
452.0,3,charge,0.49326595722106986,3.8953434970993994,298.54032481172965,3.0,5
453.0,1,charge,0.40016589996969704,3.8269070546934856,299.59447026702173,4.5,5
453.0,2,charge,0.4379155723422875,3.8710863538625855,298.9748493819675,4.0,5
453.0,3,charge,0.49348307733000796,3.8955216777473742,298.54117020494044,3.0,5
454.0,1,charge,0.40045950118712487,3.8269349103223727,299.59667472255387,4.5,5
454.0,2,charge,0.4381920499620166,3.871344877051171,298.9764198956027,4.0,5
454.0,3,charge,0.49370019743894816,3.8956996843834917,298.54201548385174,3.0,5
455.0,1,charge,0.40075310240455275,3.8269876180910707,299.5988767611193,4.5,5
455.0,2,charge,0.43846852758174404,3.871603327085694,298.9779900830625,4.0,5
455.0,3,charge,0.4939173175478885,3.8958775297875365,298.5428606951232,3.0,5
456.0,1,charge,0.4010467036219796,3.827058566354998,299.6010764709777,4.5,5
456.0,2,charge,0.4387450052014732,3.8718616979469074,298.9795598687783,4.0,5
456.0,3,charge,0.4941344376568265,3.896055209236823,298.54370582025985,3.0,5
457.0,1,charge,0.40134030483940514,3.827143901382456,299.6032739339116,4.5,5
457.0,2,charge,0.43902148282120246,3.872119991683581,298.9811293148666,4.0,5
457.0,3,charge,0.4943515577657667,3.896232718206245,298.5445508414587,3.0,5
458.0,1,charge,0.4016339060568316,3.827241048593823,299.60546922614213,4.5,5
458.0,2,charge,0.43929796044092984,3.87237820622671,298.9826984112361,4.0,5
458.0,3,charge,0.4945686778747082,3.896410060347444,298.54539577262153,3.0,5
459.0,1,charge,0.40192750727425947,3.8273482043657623,299.60766241899273,4.5,5
459.0,2,charge,0.439574438060659,3.872636337894577,298.9842671137692,4.0,5
459.0,3,charge,0.4947857979836482,3.8965872342337615,298.5462406066045,3.0,5
460.0,1,charge,0.4022211084916873,3.8274640426372883,299.60985357942894,4.5,5
460.0,2,charge,0.43985091568038825,3.8728943863624434,298.9858354491182,4.0,5
460.0,3,charge,0.49500291809258623,3.8967642390718407,298.54708533924594,3.0,5
461.0,1,charge,0.40251470970911424,3.8275875474452588,299.61204277046454,4.5,5
461.0,2,charge,0.44012739330011563,3.8731523500426768,298.98740341728296,4.0,5
461.0,3,charge,0.49522003820152644,3.896941075780976,298.54792997453774,3.0,5
462.0,1,charge,0.4028083109265396,3.827717925161024,299.6142300514986,4.5,5
462.0,2,charge,0.4404038709198448,3.8734102275580664,298.98897098977267,4.0,5
462.0,3,charge,0.49543715831046786,3.897117744515163,298.5487745082446,3.0,5
463.0,1,charge,0.40310191214396623,3.827854520553222,299.6164154786865,4.5,5
463.0,2,charge,0.44068034853957405,3.8736680171810978,298.9905381859834,4.0,5
463.0,3,charge,0.4956542784194082,3.897294245364709,298.54961894036666,3.0,5
464.0,1,charge,0.40339551336139406,3.8279967759819105,299.6185991052272,4.5,5
464.0,2,charge,0.4409568261593013,3.873925717322516,298.99210500669136,4.0,5
464.0,3,charge,0.4958713985283451,3.897470578391901,298.55046327291666,3.0,5
465.0,1,charge,0.40368911457882195,3.8281442240940704,299.62078098155644,4.5,5
465.0,2,charge,0.4412333037790306,3.8741833264004306,298.99367145189666,4.0,5
465.0,3,charge,0.4960885186372864,3.897646743695275,298.5513075058946,3.0,5
466.0,1,charge,0.40398271579624884,3.8282964733339213,299.6229611555309,4.5,5
466.0,2,charge,0.4415097813987596,3.8744408428347556,298.99523752159917,4.0,5
466.0,3,charge,0.4963056387462268,3.8978227413774498,298.5521516393005,3.0,5
467.0,1,charge,0.4042763170136742,3.8284531841816998,299.6251396726273,4.5,5
467.0,2,charge,0.44178625901848717,3.874698265047387,298.9968032157989,4.0,5
467.0,3,charge,0.49652275885516467,3.8979985730249744,298.5529956726274,3.0,5
468.0,1,charge,0.4045699182311021,3.8286140598049685,299.6273165761103,4.5,5
468.0,2,charge,0.44206273663821644,3.8749555967169056,298.9983685283184,4.0,5
468.0,3,charge,0.49673987896410504,3.8981742415651954,298.55383960490855,3.0,5
469.0,1,charge,0.40486351944852866,3.8287788366972397,299.62949190719974,4.5,5
469.0,2,charge,0.4423392142579454,3.875212832669341,298.99993346338846,4.0,5
469.0,3,charge,0.4969569990730462,3.8983497437868775,298.5546834372815,3.0,5
470.0,1,charge,0.40515712066595644,3.828947276993783,299.63166570518996,4.5,5
470.0,2,charge,0.44261569187767297,3.8754699706159617,299.00149802185183,4.0,5
470.0,3,charge,0.4971741191819865,3.8985250798063507,298.5555271697462,3.0,5
471.0,1,charge,0.405450721883383,3.8291191678821637,299.63383800759135,4.5,5
471.0,2,charge,0.44289216949740223,3.8757270089874556,299.00306220370857,4.0,5
471.0,3,charge,0.49739123929092444,3.8987002497439316,298.5563708023027,3.0,5
472.0,1,charge,0.40574432310080877,3.8292943158631267,299.63600885022504,4.5,5
472.0,2,charge,0.4431686471171312,3.875983946217205,299.00462600895855,4.0,5
472.0,3,charge,0.49760835939986475,3.898875253723905,298.557214334951,3.0,5
473.0,1,charge,0.4060379243182353,3.8294725482667946,299.6381782673132,4.5,5
473.0,2,charge,0.44344512473685876,3.876240780741385,299.0061894376018,4.0,5
473.0,3,charge,0.49782547950880496,3.8990500918744675,298.5580577676911,3.0,5
474.0,1,charge,0.4063315255356632,3.8296537067267504,299.6403462916024,4.5,5
474.0,2,charge,0.443721602356588,3.8764975109991475,299.0077524896384,4.0,5
474.0,3,charge,0.49804259961774294,3.8992247643277547,298.558901100523,3.0,5
475.0,1,charge,0.4066251267530911,3.829837648408473,299.64251295441846,4.5,5
475.0,2,charge,0.44399807997631696,3.876754135432742,299.00931516506824,4.0,5
475.0,3,charge,0.49825971972668337,3.899399271219794,298.5597443334467,3.0,5
476.0,1,charge,0.40691872797051765,3.8300242411340872,299.6446782857422,4.5,5
476.0,2,charge,0.4442745575960433,3.8770106524876766,299.01087746389146,4.0,5
476.0,3,charge,0.4984768398356247,3.8995736126904994,298.5605874664621,3.0,5
477.0,1,charge,0.40721232918794337,3.8302133629967656,299.6468423143524,4.5,5
477.0,2,charge,0.4445510352157737,3.877267060612862,299.0124393861079,4.0,5
477.0,3,charge,0.4986939599445647,3.8997477894950703,298.5614304997371,3.0,5
478.0,1,charge,0.4075059304053699,3.8304049016128134,299.6490050677956,4.5,5
478.0,2,charge,0.44482751283550276,3.8775233582607287,299.0140009317177,4.0,5
478.0,3,charge,0.4989110800535027,3.899921809203038,298.56227343531026,3.0,5
479.0,1,charge,0.4077995316227978,3.83059875162214,299.65116657251923,4.5,5
479.0,2,charge,0.4451039904552291,3.8777795438874127,299.01556210072084,4.0,5
479.0,3,charge,0.499128200162443,3.9000956654388053,298.5631162713929,3.0,5
480.0,1,charge,0.4080931328402256,3.8307948130152267,299.65332685398783,4.5,5
480.0,2,charge,0.4453804680749593,3.8780356244282075,299.01712290365293,4.0,5
480.0,3,charge,0.49934532027138434,3.900269358353996,298.56395900798515,3.0,5
481.0,1,charge,0.40838673405765225,3.830992997636769,299.6554859364792,4.5,5
481.0,2,charge,0.44565694569468856,3.878291592255327,299.0186833329468,4.0,5
481.0,3,charge,0.49956244038032466,3.900442888104009,298.56480164508696,3.0,5
482.0,1,charge,0.4086803352750779,3.831193215996623,299.6576438435361,4.5,5
482.0,2,charge,0.4459334233144148,3.878547444918874,299.020243387463,4.0,5
482.0,3,charge,0.49977956048926153,3.900616254848054,298.56564418269835,3.0,5
483.0,1,charge,0.4089739364925045,3.8313953904568807,299.6598005976012,4.5,5
483.0,2,charge,0.446209900934145,3.87880318088983,299.0218030672015,4.0,5
483.0,3,charge,0.49999668059820296,3.900789458749078,298.5664866208192,3.0,5
484.0,1,charge,0.40926753770993235,3.831599445604791,299.6619562203351,4.5,5
484.0,2,charge,0.44648637855387124,3.8790587986434852,299.02336237216247,4.0,5
484.0,3,charge,0.5002138007071432,3.900962499973774,298.56732895944975,3.0,5
485.0,1,charge,0.4095611389273602,3.831805310487701,299.6641107325719,4.5,5
485.0,2,charge,0.4467628561736005,3.8793142966595866,299.02492130234566,4.0,5
485.0,3,charge,0.5004309208160812,3.901135378692547,298.56817119858977,3.0,5
486.0,1,charge,0.4098547401447868,3.8320129203312865,299.6662641542849,4.5,5
486.0,2,charge,0.4470393337933307,3.879569673422449,299.0264798577513,4.0,5
486.0,3,charge,0.5006480409250212,3.901308095079529,298.5690133382394,3.0,5
487.0,1,charge,0.41014834136221245,3.832222212721507,299.6684165047685,4.5,5
487.0,2,charge,0.44731581141305704,3.8798249274211294,299.0280380383793,4.0,5
487.0,3,charge,0.5008651610339626,3.901480649312524,298.56985537839853,3.0,5
488.0,1,charge,0.4104419425796391,3.8324331289239066,299.6705678025357,4.5,5
488.0,2,charge,0.4475922890327863,3.8800800571495255,299.0295958442297,4.0,5
488.0,3,charge,0.501082281142903,3.9016530493011525,298.5706973222804,3.0,5
489.0,1,charge,0.41073554379706695,3.8326456133198255,299.6727180654599,4.5,5
489.0,2,charge,0.4478687666525165,3.880335061106525,299.03115327530236,4.0,5
489.0,3,charge,0.5012994012518409,3.901825290155271,298.5715391677808,3.0,5
490.0,1,charge,0.4110291450144947,3.832859613156599,299.67486731073484,4.5,5
490.0,2,charge,0.4481452442722429,3.8805899377961395,299.03271033159746,4.0,5
490.0,3,charge,0.5015165213607812,3.901997370997372,298.57238091445856,3.0,5
491.0,1,charge,0.41132274623192133,3.8330750781679006,299.67701555492243,4.5,5
491.0,2,charge,0.4484217218919719,3.880844685727629,299.0342670131149,4.0,5
491.0,3,charge,0.5017336414697214,3.902169292015979,298.57322256231345,3.0,5
492.0,1,charge,0.41161634744934705,3.833291959983637,299.6791628140155,4.5,5
492.0,2,charge,0.4486981995117023,3.8810993126987414,299.0358233363831,4.0,5
492.0,3,charge,0.5019507615786594,3.902341053403208,298.57406411134565,3.0,5
493.0,1,charge,0.41190994866677355,3.833510214037685,299.68130910337374,4.5,5
493.0,2,charge,0.4489746771314286,3.8813538102617233,299.0373792890072,4.0,5
493.0,3,charge,0.5021678816875997,3.902512655354765,298.57490556155506,3.0,5
494.0,1,charge,0.41220354988420144,3.833729796333314,299.6834544378639,4.5,5
494.0,2,charge,0.44925115475115773,3.8816081761855266,299.0389348696433,4.0,5
494.0,3,charge,0.5023850017965409,3.9026840980699076,298.5757469129417,3.0,5
495.0,1,charge,0.4124971511016293,3.833950666067214,299.68559883177835,4.5,5
495.0,2,charge,0.4495276323708881,3.8818624089999396,299.04049007829116,4.0,5
495.0,3,charge,0.5026021219054811,3.9028553817514475,298.5765881655056,3.0,5
496.0,1,charge,0.412790752319056,3.83417278425319,299.68774229891216,4.5,5
496.0,2,charge,0.4498041099906144,3.8821165072405694,299.0420449149509,4.0,5
496.0,3,charge,0.5028192420144191,3.9030265066057233,298.57742931924673,3.0,5
497.0,1,charge,0.41308435353648165,3.834396113530733,299.68988485258063,4.5,5
497.0,2,charge,0.4500805876103435,3.882370469448979,299.0435993796225,4.0,5
497.0,3,charge,0.5030363621233594,3.9031974728425807,298.5782703741651,3.0,5
498.0,1,charge,0.41337795475390826,3.8346206184124485,299.69202650560436,4.5,5
498.0,2,charge,0.45035706523007274,3.8826242941727855,299.0451534723061,4.0,5
498.0,3,charge,0.5032534822322997,3.903368286068919,298.57911133294556,3.0,5
499.0,1,charge,0.41367155597133604,3.834846265048036,299.6941672703794,4.5,5
499.0,2,charge,0.4506335428498002,3.8828779799658166,299.0467071930015,4.0,5
499.0,3,charge,0.5034706023412376,3.90353894536014,298.5799521950259,3.0,5
500.0,1,charge,0.4139651571887639,3.835073020852856,299.6963071588439,4.5,5
500.0,2,charge,0.4509100204695292,3.8831315253882117,299.0482605417087,4.0,5
500.0,3,charge,0.503687722450178,3.9037094485124006,298.58079295920277,3.0,5
501.0,1,charge,0.4142587584061906,3.8353008546880134,299.6984461825384,4.5,5
501.0,2,charge,0.45118649808925854,3.8833849290065423,299.04981351842787,4.0,5
501.0,3,charge,0.5039048425591194,3.9038797958153846,298.5816336255112,3.0,5
502.0,1,charge,0.41455235962361586,3.835529736895544,299.7005843525839,4.5,5
502.0,2,charge,0.4514629757089857,3.883638189393931,299.0513661231589,4.0,5
502.0,3,charge,0.5041219626680594,3.904049987561966,298.5824741939862,3.0,5
503.0,1,charge,0.41484596084104275,3.8357596391402193,299.7027216797071,4.5,5
503.0,2,charge,0.451739453328715,3.8838913051301844,299.05291835590174,4.0,5
503.0,3,charge,0.5043390827769973,3.9042200240482225,298.583314664663,3.0,5
504.0,1,charge,0.41513956205847063,3.8359905336548357,299.70485817430506,4.5,5
504.0,2,charge,0.45201593094844433,3.8841442840293414,299.05447023549664,4.0,5
504.0,3,charge,0.5045562028859376,3.9043899055733755,298.5841550375768,3.0,5
505.0,1,charge,0.4154331632758972,3.8362223936022564,299.706993846429,4.5,5
505.0,2,charge,0.4522924085681715,3.8843971174797973,299.05602174724913,4.0,5
505.0,3,charge,0.504773322994879,3.904559632439798,298.5849953127626,3.0,5
506.0,1,charge,0.415726764493325,3.83645519470004,299.70912870569185,4.5,5
506.0,2,charge,0.4525688861879007,3.8846498035644546,299.0575728901067,4.0,5
506.0,3,charge,0.5049904431038158,3.904729204953026,298.5858354902556,3.0,5
507.0,1,charge,0.41602036571075024,3.8366889129664834,299.71126276142434,4.5,5
507.0,2,charge,0.45284536380763,3.8849023408888756,299.0591236640693,4.0,5
507.0,3,charge,0.5052075632127563,3.9048986234216647,298.5866755700909,3.0,5
508.0,1,charge,0.4163139669281768,3.836923524146155,299.7133960227234,4.5,5
508.0,2,charge,0.4531218414273573,3.8851547280658174,299.0606740691372,4.0,5
508.0,3,charge,0.5054246833216977,3.905067888157454,298.58751555230367,3.0,5
509.0,1,charge,0.4166075681456047,3.8371590050586653,299.7155284983754,4.5,5
509.0,2,charge,0.4533983190470865,3.88540696371533,299.0622241053101,4.0,5
509.0,3,charge,0.5056418034306379,3.9052369994751936,298.58835543692896,3.0,5
510.0,1,charge,0.41690116936303123,3.837395335927719,299.7176601966683,4.5,5
510.0,2,charge,0.4536747966668158,3.8856590464648786,299.06377377258815,4.0,5
510.0,3,charge,0.5058589235395756,3.9054059576927562,298.5891952240019,3.0,5
511.0,1,charge,0.4171947705804565,3.8376324957211514,299.7197911257785,4.5,5
511.0,2,charge,0.45395127428654297,3.8859109749494234,299.0653230709714,4.0,5
511.0,3,charge,0.5060760436485159,3.905574763131061,298.59003491355776,3.0,5
512.0,1,charge,0.4174883717978834,3.8378704638088945,299.72192129364544,4.5,5
512.0,2,charge,0.45422775190627224,3.8861627478115697,299.0668720004596,4.0,5
512.0,3,charge,0.5062931637574573,3.905743416114056,298.5908745056315,3.0,5
513.0,1,charge,0.41778197301531117,3.8381092205434015,299.72405070793303,4.5,5
513.0,2,charge,0.45450422952600134,3.8864143637016406,299.06842056105313,4.0,5
513.0,3,charge,0.5065102838663976,3.9059119169687007,298.5917140002584,3.0,5
514.0,1,charge,0.41807557423273783,3.8383487488807155,299.7261793758323,4.5,5
514.0,2,charge,0.45478070714572755,3.8866658212777883,299.06996875275166,4.0,5
514.0,3,charge,0.5067274039753356,3.90608026602495,298.59255339747335,3.0,5
515.0,1,charge,0.41836917545016306,3.838589030484772,299.72830730452336,4.5,5
515.0,2,charge,0.4550571847654581,3.8869171192061156,299.0715165755554,4.0,5
515.0,3,charge,0.5069445240842758,3.9062484674276803,298.59339269973725,3.0,5
516.0,1,charge,0.4186627766675909,3.8388300481135067,299.7304345009022,4.5,5
516.0,2,charge,0.4553336623851871,3.887168265022038,299.073064049355,4.0,5
516.0,3,charge,0.5071616441932162,3.9064165194497438,298.5942319057772,3.0,5
517.0,1,charge,0.4189563778850176,3.8390717852098106,299.732560971632,4.5,5
517.0,2,charge,0.4556101400049134,3.8874192502340037,299.07461115806825,4.0,5
517.0,3,charge,0.5073787643021541,3.9065844215550425,298.5950710150733,3.0,5
518.0,1,charge,0.41924997910244577,3.839314226210191,299.73468672304494,4.5,5
518.0,2,charge,0.45588661762464383,3.887670073249746,299.0761579010656,4.0,5
518.0,3,charge,0.5075958844110944,3.9067521741305233,298.59591002769093,3.0,5
519.0,1,charge,0.41954358031987243,3.8395573556248976,299.736811761396,4.5,5
519.0,2,charge,0.4561630952443729,3.887920732765842,299.07770427834714,4.0,5
519.0,3,charge,0.5078130045200359,3.9069197775659044,298.59674894369533,3.0,5
520.0,1,charge,0.41983718153729765,3.839801158641066,299.73893609269606,4.5,5
520.0,2,charge,0.4564395728640992,3.8881712274872626,299.07925028991286,4.0,5
520.0,3,charge,0.5080301246289759,3.907087232253663,298.59758776315186,3.0,5
521.0,1,charge,0.4201307827547255,3.8400456209470133,299.7410597227569,4.5,5
521.0,2,charge,0.4567160504838296,3.888421556127456,299.0807959357627,4.0,5
521.0,3,charge,0.5082472447379138,3.907254538589,298.5984264861256,3.0,5
522.0,1,charge,0.42042438397215215,3.8402907287831054,299.7431826571588,4.5,5
522.0,2,charge,0.4569925281035587,3.888671717408431,299.0823412158967,4.0,5
522.0,3,charge,0.5084643648468541,3.907421696969851,298.59926511268213,3.0,5
523.0,1,charge,0.4207179851895803,3.8405364686981462,299.7453049013607,4.5,5
523.0,2,charge,0.45726900572328494,3.888921710060881,299.0838861303149,4.0,5
523.0,3,charge,0.5086814849557956,3.907588707796848,298.6001036428865,3.0,5
524.0,1,charge,0.42101158640700703,3.8407828276766827,299.74742646063174,4.5,5
524.0,2,charge,0.4575454833430151,3.8891715328242573,299.0854306790172,4.0,5
524.0,3,charge,0.5088986050647323,3.9077555714733134,298.600942076804,3.0,5
525.0,1,charge,0.4213051876244322,3.8410297933035147,299.74954734004496,4.5,5
525.0,2,charge,0.45782196096274147,3.889421184446857,299.0869748620036,4.0,5
525.0,3,charge,0.5091157251736728,3.9079222884052482,298.60178041450007,3.0,5
526.0,1,charge,0.4215987888418601,3.84127735397599,299.75166754445087,4.5,5
526.0,2,charge,0.4580984385824706,3.889670663685924,299.08851867927433,4.0,5
526.0,3,charge,0.509332845282614,3.908088859001304,298.6026186560398,3.0,5
527.0,1,charge,0.42189239005928664,3.8415254976160815,299.75378707866616,4.5,5
527.0,2,charge,0.4583749162022009,3.8899199693077406,299.0900621308291,4.0,5
527.0,3,charge,0.5095499653915544,3.908255283672778,298.6034568014886,3.0,5
528.0,1,charge,0.4221859912767149,3.841774212737721,299.7559059473244,4.5,5
528.0,2,charge,0.4586513938219271,3.8901691084733745,299.09160523717884,4.0,5
528.0,3,charge,0.5097670855004923,3.908421562833602,298.60429485091163,3.0,5
529.0,1,charge,0.4224795924941415,3.8420234881086444,299.75802415492797,4.5,5
529.0,2,charge,0.4589278714416564,3.89041807294927,299.09314798118226,4.0,5
529.0,3,charge,0.5099842056094324,3.9085876969003164,298.60513280437436,3.0,5
530.0,1,charge,0.4227731937115668,3.8422733127144184,299.7601417058572,4.5,5
530.0,2,charge,0.45920434906138663,3.8906668614548385,299.09469036266285,4.0,5
530.0,3,charge,0.5102013257183738,3.9087536862920595,298.60597066194185,3.0,5
531.0,1,charge,0.42306679492899335,3.8425236770887397,299.76225860416696,4.5,5
531.0,2,charge,0.4594808266811129,3.890915472790943,299.09623238162067,4.0,5
531.0,3,charge,0.5104184458273142,3.908919531430549,298.6068084236795,3.0,5
532.0,1,charge,0.42336039614642124,3.8427745720125346,299.7643748537923,4.5,5
532.0,2,charge,0.459757304300842,3.8911639057678724,299.0977740380557,4.0,5
532.0,3,charge,0.510635565936252,3.9090852331889385,298.60764609020924,3.0,5
533.0,1,charge,0.42365399736384907,3.843025986749841,299.7664904588267,4.5,5
533.0,2,charge,0.4600337819205724,3.8914121592053803,299.099315331968,4.0,5
533.0,3,charge,0.5108526860451924,3.909250791729817,298.6084836612696,3.0,5
534.0,1,charge,0.4239475985812758,3.8432779116383164,299.7686054231219,4.5,5
534.0,2,charge,0.46031025954029875,3.891660231932804,299.10085626335746,4.0,5
534.0,3,charge,0.5110698061541338,3.909416207466399,298.60932113690643,3.0,5
535.0,1,charge,0.4242411997987012,3.843530337183957,299.77071975043225,4.5,5
535.0,2,charge,0.4605867371600278,3.8919081227891175,299.1023968322241,4.0,5
535.0,3,charge,0.5112869262630706,3.909581480846029,298.61015851720464,3.0,5
536.0,1,charge,0.4245348010161279,3.8437832540323518,299.77283344442253,4.5,5
536.0,2,charge,0.46086321477975706,3.8921558306230195,299.103937038568,4.0,5
536.0,3,charge,0.5115040463720111,3.90974661231856,298.61099580224925,3.0,5
537.0,1,charge,0.4248284022335557,3.844036654225671,299.7749465084442,4.5,5
537.0,2,charge,0.46113969239948444,3.892403354293014,299.10547688238915,4.0,5
537.0,3,charge,0.5117211664809524,3.909911602336245,298.61183299212524,3.0,5
538.0,1,charge,0.4251220034509836,3.844290529660585,299.7770589458162,4.5,5
538.0,2,charge,0.46141617001921365,3.8926506926674467,299.10701636368753,4.0,5
538.0,3,charge,0.5119382865898927,3.9100764513538055,298.61267008691766,3.0,5
539.0,1,charge,0.42541560466841033,3.844544872040107,299.77917075983646,4.5,5
539.0,2,charge,0.4616926476389429,3.892897844631294,299.1085554824799,4.0,5
539.0,3,charge,0.5121554066988306,3.910241159828366,298.6135070867114,3.0,5
540.0,1,charge,0.4257092058858358,3.844799673706391,299.78128195363405,4.5,5
540.0,2,charge,0.46196912525867023,3.893144809957275,299.11009424100007,4.0,5
540.0,3,charge,0.512372526807771,3.910405728219456,298.61434399159157,3.0,5
540.0,1,charge,0.42570920588583633,3.844799673706391,299.78128195363405,4.5,6
540.0,1,charge,0.4257092058858358,3.844799673706391,299.78128195363405,4.5,6
540.0,2,charge,0.461969125258671,3.893144809957275,299.11009424100007,4.0,6
540.0,2,charge,0.46196912525867023,3.893144809957275,299.11009424100007,4.0,6
540.0,3,charge,0.5123725268077717,3.910405728219456,298.61434399159157,3.0,6
540.0,3,charge,0.512372526807771,3.910405728219456,298.61434399159157,3.0,6
541.0,1,charge,0.4260028071032624,3.845054937426137,299.78339250581735,4.5,6
541.0,2,charge,0.46224560287839933,3.893391575855521,299.11163227445365,4.0,6
541.0,3,charge,0.5125896469167122,3.9105701455197135,298.6151807188671,3.0,6
542.0,1,charge,0.42629640832069027,3.8453106351114066,299.7855024660647,4.5,6
542.0,2,charge,0.4625220804981287,3.8936381581312087,299.1131700874984,4.0,6
542.0,3,charge,0.5128067670256525,3.910734427953366,298.61601738218593,3.0,6
543.0,1,charge,0.42659000953811815,3.8455667675499967,299.7876118166431,4.5,6
543.0,2,charge,0.46279855811785603,3.893884544965009,299.114707344893,4.0,6
543.0,3,charge,0.5130238871345904,3.910898566135084,298.616853909944,3.0,6
544.0,1,charge,0.42688361075554493,3.845823328769785,299.78972055995365,4.5,6
544.0,2,charge,0.46307503573758513,3.8941307491532235,299.11624447551935,4.0,6
544.0,3,charge,0.5132410072435307,3.911062569162109,298.61769036487,3.0,6
545.0,1,charge,0.4271772119729703,3.8460803132130366,299.79182869764304,4.5,6
545.0,2,charge,0.46335151335731445,3.894376753899971,299.11778097946154,4.0,6
545.0,3,charge,0.5134581273524721,3.911226431623817,298.61852670410474,3.0,6
546.0,1,charge,0.427470813190397,3.846337714387621,299.79393623202367,4.5,6
546.0,2,charge,0.46362799097704155,3.8946225704167547,299.1193172451519,4.0,6
546.0,3,charge,0.5136752474614125,3.911390160938161,298.6193629804178,3.0,6
547.0,1,charge,0.42776441440782487,3.8465955244158607,299.79604316613944,4.5,6
547.0,2,charge,0.4639044685967709,3.8948681976522157,299.12085327259047,4.0,6
547.0,3,charge,0.5138923675703493,3.9115537574415935,298.62019919380924,3.0,6
548.0,1,charge,0.4280580156252515,3.8468537399144354,299.798149501169,4.5,6
548.0,2,charge,0.46418094621650025,3.8951136345653388,299.12238906177737,4.0,6
548.0,3,charge,0.5141094876792908,3.9117172182122535,298.62103531801876,3.0,6
549.0,1,charge,0.42835161684267936,3.8471123526102,299.8002552403631,4.5,6
549.0,2,charge,0.46445742383622735,3.8953588765414238,299.12392448842076,4.0,6
549.0,3,charge,0.514326607788231,3.911880542283993,298.62187134244255,3.0,6
550.0,1,charge,0.42864521806010464,3.8473713574824857,299.80236038556467,4.5,6
550.0,2,charge,0.4647339014559567,3.8956039221394283,299.12545953764675,4.0,6
550.0,3,charge,0.514543727897169,3.9120437320070027,298.62270728316975,3.0,6
551.0,1,charge,0.4289388192775316,3.8476307477951566,299.80446493939667,4.5,6
551.0,2,charge,0.465010379075686,3.8958487721007726,299.1269942699638,4.0,6
551.0,3,charge,0.514760848006109,3.9122067877346103,298.62354314020024,3.0,6
552.0,1,charge,0.42923242049495947,3.8478905176646334,299.8065689040661,4.5,6
552.0,2,charge,0.46528685669541314,3.8960934254314905,299.1285286853718,4.0,6
552.0,3,charge,0.5149779681150505,3.9123697089714122,298.624378904306,3.0,6
553.0,1,charge,0.42952602171238735,3.8481506613544703,299.8086722817569,4.5,6
553.0,2,charge,0.4655633343151424,3.896337880948924,299.13006277394175,4.0,6
553.0,3,charge,0.5151950882239908,3.9125324958697165,298.62521457322714,3.0,6
554.0,1,charge,0.42981962292981396,3.8484111732046307,299.81077507458775,4.5,6
554.0,2,charge,0.46583981193487184,3.896582136600979,299.13159648185166,4.0,6
554.0,3,charge,0.5154122083329287,3.9126951492320945,298.62605015172727,3.0,6
555.0,1,charge,0.4301132241472391,3.848672048310876,299.8128772843799,4.5,6
555.0,2,charge,0.4661162895545989,3.896826192197002,299.1331298474079,4.0,6
555.0,3,charge,0.515629328441869,3.9128576694238664,298.6268856398066,3.0,6
556.0,1,charge,0.4304068253646662,3.8489332804606624,299.81497891345145,4.5,6
556.0,2,charge,0.46639276717432826,3.8970700467873627,299.13466287061044,4.0,6
556.0,3,charge,0.5158464485508093,3.9130200571820164,298.62772103222545,3.0,6
557.0,1,charge,0.43070042658209406,3.8491948644136564,299.8170799637296,4.5,6
557.0,2,charge,0.4666692447940573,3.8973136994333593,299.13619555145937,4.0,6
557.0,3,charge,0.5160635686597471,3.9131823128235634,298.628556329732,3.0,6
558.0,1,charge,0.43099402779952195,3.8494567961091857,299.8191804366684,4.5,6
558.0,2,charge,0.4669457224137847,3.8975571498610413,299.1377278646026,4.0,6
558.0,3,charge,0.5162806887686875,3.91334443654174,298.6293915348733,3.0,6
559.0,1,charge,0.43128762901694856,3.849719069399634,299.8212803345285,4.5,6
559.0,2,charge,0.467222200033514,3.897800396920812,299.1392598190266,4.0,6
559.0,3,charge,0.516497808877629,3.9135064287118593,298.6302266476493,3.0,6
560.0,1,charge,0.4315812302343737,3.8499816792824277,299.8233796591122,4.5,6
560.0,2,charge,0.4674986776532431,3.8980434394728594,299.14079142379126,4.0,6
560.0,3,charge,0.516714928986569,3.91366828971178,298.63106166805994,3.0,6
561.0,1,charge,0.4318748314518007,3.850244622172165,299.82547841165865,4.5,6
561.0,2,charge,0.4677751552729693,3.898286276622268,299.1423226788964,4.0,6
561.0,3,charge,0.5169320490955069,3.9138300199218987,298.6318965961053,3.0,6
562.0,1,charge,0.4321684326692286,3.8505078923081903,299.8275765942441,4.5,6
562.0,2,charge,0.4680516328926998,3.898528907485266,299.14385358434214,4.0,6
562.0,3,charge,0.5171491692044472,3.9139916197251057,298.6327314317854,3.0,6
563.0,1,charge,0.4324620338866553,3.850771484896094,299.8296742085582,4.5,6
563.0,2,charge,0.46832811051242895,3.898771331189263,299.14538414012844,4.0,6
563.0,3,charge,0.5173662893133886,3.914153089506807,298.63356617510016,3.0,6
564.0,1,charge,0.43275563510408316,3.8510353965683604,299.83177125572826,4.5,6
564.0,2,charge,0.4686045881321551,3.8990135468729084,299.1469143462553,4.0,6
564.0,3,charge,0.5175834094223255,3.914314435005756,298.6344008256917,3.0,6
565.0,1,charge,0.4330492363215083,3.8512996219675135,299.83386773764136,4.5,6
565.0,2,charge,0.46888106575188554,3.8992555536861087,299.1484442027227,4.0,6
565.0,3,charge,0.5178005295312658,3.9144756523533206,298.6352353838444,3.0,6
566.0,1,charge,0.4333428375389353,3.851564156488717,299.8359636558833,4.5,6
566.0,2,charge,0.4691575433716147,3.8994973507900763,299.1499737095307,4.0,6
566.0,3,charge,0.5180176496402072,3.914636741524365,298.63606984958597,3.0,6
567.0,1,charge,0.4336364387563632,3.8518289969127455,299.83805901149697,4.5,6
567.0,2,charge,0.4694340209913409,3.899738941466209,299.15150286513153,4.0,6
567.0,3,charge,0.5182347697491475,3.914797702912647,298.6369042229165,3.0,6
568.0,1,charge,0.43393003997378987,3.8520941382205933,299.8401538062074,4.5,6
568.0,2,charge,0.4697104986110711,3.8999803229238523,299.1530316702661,4.0,6
568.0,3,charge,0.5184518898580854,3.914958536914373,298.63773850383586,3.0,6
569.0,1,charge,0.43422364119121776,3.85235957597795,299.84224804150506,4.5,6
569.0,2,charge,0.4699869762308005,3.900221492888979,299.15456012548685,4.0,6
569.0,3,charge,0.5186690099670255,3.9151192439281854,298.6385726923442,3.0,6
570.0,1,charge,0.4345172424086429,3.85262530710409,299.844341718353,4.5,6
570.0,2,charge,0.4702634538505267,3.9004624505667116,299.1560882307936,4.0,6
570.0,3,charge,0.518886130075967,3.915279824355132,298.6394067884415,3.0,6
571.0,1,charge,0.4348108436260699,3.852891326856174,299.84643483834003,4.5,6
571.0,2,charge,0.4705399314702569,3.90070319517363,299.15761598618656,4.0,6
571.0,3,charge,0.5191032501849073,3.915440278598683,298.64024079212754,3.0,6
572.0,1,charge,0.43510444484349775,3.853157630988007,299.8485274028556,4.5,6
572.0,2,charge,0.47081640908998623,3.9009437259377826,299.1591433916656,4.0,6
572.0,3,charge,0.5193203702938451,3.915600607064683,298.64107470340264,3.0,6
573.0,1,charge,0.43539804606092447,3.853424216602531,299.8506194127672,4.5,6
573.0,2,charge,0.47109288670971233,3.901184042098742,299.1606704472308,4.0,6
573.0,3,charge,0.5195374904027855,3.915760810161367,298.6419085222666,3.0,6
574.0,1,charge,0.43569164727835236,3.8536910793239567,299.8527108694946,4.5,6
574.0,2,charge,0.47136936432944254,3.9014241429076044,299.162197152882,4.0,6
574.0,3,charge,0.5197546105117258,3.9159208882993433,298.6427422487194,3.0,6
575.0,1,charge,0.43598524849577736,3.8539582151439014,299.85480177430907,4.5,6
575.0,2,charge,0.47164584194916875,3.9016640276270333,299.16372350861934,4.0,6
575.0,3,charge,0.5199717306206637,3.9160808418915605,298.6435758827612,3.0,6
576.0,1,charge,0.43627884971320413,3.854225620081105,299.8568921284619,4.5,6
576.0,2,charge,0.4719223195688979,3.90190369553127,299.1652495144428,4.0,6
576.0,3,charge,0.520188850729604,3.9162406713533313,298.6444094243919,3.0,6
577.0,1,charge,0.43657245093063235,3.8544932904908658,299.85898193306883,4.5,6
577.0,2,charge,0.47219879718862834,3.9021431459061664,299.16677517035237,4.0,6
577.0,3,charge,0.5204059708385455,3.9164003771022795,298.6452428736115,3.0,6
578.0,1,charge,0.436866052148059,3.854761223376281,299.86107118899304,4.5,6
578.0,2,charge,0.4724752748083546,3.902382378049211,299.16830047634807,4.0,6
578.0,3,charge,0.5206230909474855,3.916559959558374,298.64607623041996,3.0,6
579.0,1,charge,0.4371596533654869,3.8550294145413924,299.8631598975399,4.5,6
579.0,2,charge,0.47275175242808365,3.9026213912695233,299.16982543242983,4.0,6
579.0,3,charge,0.5208402110564234,3.9167194191438828,298.64690949481735,3.0,6
580.0,1,charge,0.43745325458291195,3.855297860305554,299.865248059812,4.5,6
580.0,2,charge,0.47302823004781414,3.902860184887916,299.1713500385978,4.0,6
580.0,3,charge,0.5210573311653637,3.9168787642138865,298.64774267302573,3.0,6
581.0,1,charge,0.43774685580033873,3.8555665570154156,299.8673356768931,4.5,6
581.0,2,charge,0.47330470766754035,3.90309875823686,299.17287429485174,4.0,6
581.0,3,charge,0.5212744512743052,3.917037988876868,298.6485757600978,3.0,6
582.0,1,charge,0.43804045701776684,3.85583550141268,299.8694227497131,4.5,6
582.0,2,charge,0.47358118528726945,3.903337110660549,299.1743982011919,4.0,6
582.0,3,charge,0.5214915713832455,3.917197092948336,298.64940875555436,3.0,6
583.0,1,charge,0.4383340582351936,3.8561046900663367,299.8715092792564,4.5,6
583.0,2,charge,0.4738576629069988,3.90357524676026,299.17592177267954,4.0,6
583.0,3,charge,0.5217086914921824,3.917356076857509,298.6502416593953,3.0,6
584.0,1,charge,0.4386276594526215,3.8563741194251606,299.87359526654285,4.5,6
584.0,2,charge,0.4741341405267261,3.903813164033055,299.17744500397697,4.0,6
584.0,3,charge,0.5219258116011237,3.9175149410359067,298.65107447162063,3.0,6
585.0,1,charge,0.43892126067004655,3.8566437861012552,299.875680712524,4.5,6
585.0,2,charge,0.47441061814645524,3.904050859405941,299.17896788805564,4.0,6
585.0,3,charge,0.522142931710064,3.9176736859172907,298.65190719223045,3.0,6
586.0,1,charge,0.4392148618874733,3.856913686747741,299.87776561812797,4.5,6
586.0,2,charge,0.4746870957661846,3.904288332267585,299.18049042491543,4.0,6
586.0,3,charge,0.5223600518190018,3.91783231193767,298.65273982122466,3.0,6
587.0,1,charge,0.4395084631049015,3.8571838179129765,299.87984998432194,4.5,6
587.0,2,charge,0.47496357338591155,3.904525582018412,299.18201261455636,4.0,6
587.0,3,charge,0.522577171927942,3.9179908195352877,298.6535723586033,3.0,6
588.0,1,charge,0.4398020643223282,3.857454176383117,299.88193381196623,4.5,6
588.0,2,charge,0.47524005100564104,3.904762608070581,299.18353445697846,4.0,6
588.0,3,charge,0.5227942920368835,3.918149209150621,298.6544048043664,3.0,6
589.0,1,charge,0.4400956655397561,3.8577247589158032,299.88401710192755,4.5,6
589.0,2,charge,0.47551652862537036,3.9049994098480383,299.1850559521817,4.0,6
589.0,3,charge,0.5230114121458238,3.9183074812263614,298.6552371585138,3.0,6
590.0,1,charge,0.44038926675718126,3.8579955623106916,299.8860998550497,4.5,6
590.0,2,charge,0.4757930062450974,3.9052359867864976,299.18657710016606,4.0,6
590.0,3,charge,0.5232285322547616,3.9184656362073964,298.65606942104574,3.0,6
591.0,1,charge,0.44068286797460826,3.8582665832719947,299.8881820722071,4.5,6
591.0,2,charge,0.4760694838648267,3.905472338333457,299.1880979009316,4.0,6
591.0,3,charge,0.523445652363702,3.918623674540826,298.656901591962,3.0,6
592.0,1,charge,0.44097646919203615,3.858537818414181,299.890263754303,4.5,6
592.0,2,charge,0.47634596148455616,3.905708463948197,299.18961835447834,4.0,6
592.0,3,charge,0.5236627724726434,3.9187815966759305,298.65773367126275,3.0,6
593.0,1,charge,0.4412700704094628,3.8588092647098073,299.8923449020936,4.5,6
593.0,2,charge,0.47662243910428315,3.9059443631017903,299.19113846080614,4.0,6
593.0,3,charge,0.5238798925815802,3.918939403064159,298.6585656589479,3.0,6
594.0,1,charge,0.4415636716268908,3.8590809190239543,299.89442551637063,4.5,6
594.0,2,charge,0.4768989167240125,3.9061800352771043,299.19265821991513,4.0,6
594.0,3,charge,0.5240970126905206,3.919097094159148,298.65939755501745,3.0,6
595.0,1,charge,0.4418572728443158,3.859352778253098,299.8965055979076,4.5,6
595.0,2,charge,0.4771753943437417,3.906415479968804,299.1941776318053,4.0,6
595.0,3,charge,0.524314132799462,3.9192546704166746,298.6602293594715,3.0,6
596.0,1,charge,0.4421508740617427,3.8596248390856336,299.898585147553,4.5,6
596.0,2,charge,0.47745187196346894,3.9066506966833363,299.19569669647655,4.0,6
596.0,3,charge,0.5245312529084023,3.9194121403507998,298.661061080715,3.0,6
597.0,1,charge,0.44244447527917075,3.8598970984273366,299.9006641660642,4.5,6
597.0,2,charge,0.47772834958319826,3.906885684938956,299.19721541392903,4.0,6
597.0,3,charge,0.5247483730173401,3.919569497997059,298.6618927120584,3.0,6
598.0,1,charge,0.44273807649659735,3.860169553244081,299.90274265416906,4.5,6
598.0,2,charge,0.4780048272029275,3.907120444265704,299.1987337841626,4.0,6
598.0,3,charge,0.5249654931262803,3.9197267432002256,298.6627242528599,3.0,6
599.0,1,charge,0.4430316777140254,3.860442200472589,299.90482061260093,4.5,6
599.0,2,charge,0.4782813048226536,3.9073549789958086,299.20025182583186,4.0,6
599.0,3,charge,0.5251826132352218,3.9198838764225465,298.66355570311975,3.0,6
600.0,1,charge,0.44332527893145035,3.8607150370552192,299.90689804208523,4.5,6
600.0,2,charge,0.47855778244238406,3.907589287678288,299.2017695350718,4.0,6
600.0,3,charge,0.525399733344162,3.9200408981283767,298.6643870628378,3.0,6
601.0,1,charge,0.44361888014887707,3.860988059791298,299.9089749433979,4.5,6
601.0,2,charge,0.47883426006211316,3.9078233670151206,299.2032869007519,4.0,6
601.0,3,charge,0.5256168534530999,3.9201978087842075,298.6652183320142,3.0,6
602.0,1,charge,0.44391248136630523,3.861261265730148,299.9110513172111,4.5,6
602.0,2,charge,0.47911073768183937,3.9080572165808576,299.2048039228723,4.0,6
602.0,3,charge,0.5258339735620403,3.920354608858644,298.6660495106488,3.0,6
603.0,1,charge,0.44420608258373195,3.861534651854243,299.9131271642176,4.5,6
603.0,2,charge,0.47938721530156986,3.9082908359618185,299.20632060143294,4.0,6
603.0,3,charge,0.5260510936709817,3.9205112988223867,298.6668805987416,3.0,6
604.0,1,charge,0.44449968380115995,3.8618082151646256,299.9152024850977,4.5,6
604.0,2,charge,0.47966369292129896,3.9085242247560434,299.2078369364338,4.0,6
604.0,3,charge,0.5262682137799185,3.920667879148252,298.6677115962927,3.0,6
605.0,1,charge,0.4447932850185849,3.8620819526256196,299.917277280541,4.5,6
605.0,2,charge,0.4799401705410252,3.908757382573328,299.2093529278749,4.0,6
605.0,3,charge,0.5264853338888589,3.920824350311146,298.66854250330204,3.0,6
606.0,1,charge,0.4450868862360116,3.862355861201085,299.9193515512318,4.5,6
606.0,2,charge,0.4802166481607554,3.9089903090352074,299.21086857575625,4.0,6
606.0,3,charge,0.5267024539978002,3.920980712788047,298.6693733197697,3.0,6
607.0,1,charge,0.4453804874534398,3.862629937959067,299.92142529780864,4.5,6
607.0,2,charge,0.4804931257804815,3.9092230037749154,299.21238388007777,4.0,6
607.0,3,charge,0.5269195741067406,3.9211369670580085,298.6702040456955,3.0,6
608.0,1,charge,0.44567408867086655,3.862904179942781,299.9234985209148,4.5,6
608.0,2,charge,0.4807696034002108,3.9094554664374077,299.2138988408396,4.0,6
608.0,3,charge,0.5271366942156784,3.921293113602172,298.6710346810797,3.0,6
609.0,1,charge,0.44596768988829144,3.8631785842114104,299.9255712211824,4.5,6
609.0,2,charge,0.481046081019941,3.90968769667933,299.2154134580416,4.0,6
609.0,3,charge,0.5273538143246186,3.921449152903733,298.67186522592203,3.0,6
610.0,1,charge,0.44626129110571944,3.863453147643787,299.9276433993089,4.5,6
610.0,2,charge,0.4813225586396673,3.9099196941690058,299.2169277316839,4.0,6
610.0,3,charge,0.5275709344335601,3.9216050854479443,298.67269568022266,3.0,6
611.0,1,charge,0.44655489232314616,3.8637278673585334,299.9297150558938,4.5,6
611.0,2,charge,0.4815990362593963,3.910151458586438,299.21844166176635,4.0,6
611.0,3,charge,0.5277880545425003,3.9217609117221004,298.6735260439815,3.0,6
612.0,1,charge,0.4468484935405744,3.8640027404640085,299.93178619153605,4.5,6
612.0,2,charge,0.4818755138791268,3.910382989623263,299.2199552482891,4.0,6
612.0,3,charge,0.5280051746514383,3.9219166372722833,298.674356323416,3.0,6
613.0,1,charge,0.44714209475800104,3.8642777640574,299.93385680683434,4.5,6
613.0,2,charge,0.48215199149885296,3.9106142869827676,299.22146849125204,4.0,6
613.0,3,charge,0.5282222947603786,3.922072258790689,298.67518651386445,3.0,6
614.0,1,charge,0.44743569597542604,3.864552935252642,299.9359269023765,4.5,6
614.0,2,charge,0.4824284691185821,3.9108453503798515,299.22298139065526,4.0,6
614.0,3,charge,0.528439414869319,3.9222277764357516,298.67601661491744,3.0,6
615.0,1,charge,0.447729297192854,3.86482825118069,299.9379964787395,4.5,6
615.0,2,charge,0.48270494673831155,3.9110761816632156,299.22449395626035,4.0,6
615.0,3,charge,0.5286565349782567,3.922383190742274,298.6768466266257,3.0,6
616.0,1,charge,0.44802289841028076,3.86510370898978,299.9400655364892,4.5,6
616.0,2,charge,0.48298142435803876,3.91130678070712,299.22600618872224,4.0,6
616.0,3,charge,0.5288736550871972,3.922538502246974,298.6776765490401,3.0,6
617.0,1,charge,0.4483164996277089,3.865379305484968,299.94213407632003,4.5,6
617.0,2,charge,0.4832579019777679,3.911537145756751,299.2275180811374,4.0,6
617.0,3,charge,0.5290907751961386,3.9226937114884852,298.6785063822112,3.0,6
618.0,1,charge,0.4486101008451357,3.865655037769238,299.94420209880707,4.5,6
618.0,2,charge,0.4835343795974973,3.9117672766160982,299.22902963371376,4.0,6
618.0,3,charge,0.5293078953050789,3.9228488190073607,298.67933612618975,3.0,6
619.0,1,charge,0.44890370206256064,3.865930903137551,299.94626960444765,4.5,6
619.0,2,charge,0.4838108572172242,3.911997173100483,299.23054084665887,4.0,6
619.0,3,charge,0.5295250154140165,3.92300382534607,298.68016578102663,3.0,6
620.0,1,charge,0.4491973032799886,3.866206898742873,299.94833659379,4.5,6
620.0,2,charge,0.48408733483695365,3.9122268350365434,299.23205172018044,4.0,6
620.0,3,charge,0.5297421355229569,3.9231587310489853,298.68099534677236,3.0,6
621.0,1,charge,0.4494909044974154,3.8664830217519457,299.9504030673732,4.5,6
621.0,2,charge,0.48436381245668303,3.9124562622622063,299.2335622544862,4.0,6
621.0,3,charge,0.5299592556318983,3.9233135366623846,298.6818248234779,3.0,6
622.0,1,charge,0.4497845057148435,3.8667592693456005,299.9524690257275,4.5,6
622.0,2,charge,0.4846402900764101,3.9126854546266685,299.2350724497837,4.0,6
622.0,3,charge,0.5301763757408386,3.9234682427344514,298.6826542111938,3.0,6
623.0,1,charge,0.45007810693227035,3.8670356387189972,299.9545344693741,4.5,6
623.0,2,charge,0.4849167676961394,3.9129144119903647,299.2365823062807,4.0,6
623.0,3,charge,0.5303934958497765,3.923622849815276,298.6834835099708,3.0,6
624.0,1,charge,0.4503717081496983,3.8673121268404675,299.95659939891715,4.5,6
624.0,2,charge,0.4851932453158688,3.913143134224949,299.23809182418495,4.0,6
624.0,3,charge,0.5306106159587168,3.9237773584568236,298.6843127198597,3.0,6
625.0,1,charge,0.4506653093671233,3.8675887306521375,299.9586638149676,4.5,6
625.0,2,charge,0.4854697229355958,3.913371621213251,299.239601003704,4.0,6
625.0,3,charge,0.5308277360676572,3.923931769212971,298.68514184091123,3.0,6
626.0,1,charge,0.45095891058455023,3.867865447546148,299.96072771796116,4.5,6
626.0,2,charge,0.4857462005553252,3.9135998728492716,299.24110984504574,4.0,6
626.0,3,charge,0.531044856176595,3.924086082639476,298.68597087317613,3.0,6
627.0,1,charge,0.4512525118019782,3.868142274695062,299.96279110841436,4.5,6
627.0,2,charge,0.48602267817505435,3.913827889038135,299.24261834841764,4.0,6
627.0,3,charge,0.5312619762855353,3.9242402992939955,298.686799816705,3.0,6
628.0,1,charge,0.45154611301940495,3.8684192092796774,299.9648539868374,4.5,6
628.0,2,charge,0.48629915579478156,3.9140556696960838,299.2441265140275,4.0,6
628.0,3,charge,0.5314790963944769,3.924394419736067,298.6876286715488,3.0,6
629.0,1,charge,0.4518397142368329,3.8686962484893135,299.9669163537345,4.5,6
629.0,2,charge,0.48657563341451093,3.9142832147504096,299.245634342083,4.0,6
629.0,3,charge,0.531696216503417,3.924548444527098,298.6884574377581,3.0,6
630.0,1,charge,0.45213331545425783,3.868973389522044,299.96897820960345,4.5,6
630.0,2,charge,0.4868521110342401,3.9145105241394673,299.2471418327917,4.0,6
630.0,3,charge,0.5319133366123546,3.924702374230407,298.6892861153836,3.0,6
630.0,1,charge,0.4521333154542586,3.868973389522044,299.96897820960345,4.5,7
630.0,1,charge,0.45213331545425783,3.868973389522044,299.96897820960345,4.5,7
630.0,2,charge,0.4868521110342386,3.9145105241394673,299.2471418327917,3.5,7
630.0,2,charge,0.4868521110342401,3.9048022394346864,299.2471418327917,3.5,7
630.0,3,charge,0.5319133366123557,3.924702374230407,298.6892861153836,3.0,7
630.0,3,charge,0.5319133366123546,3.924702374230407,298.6892861153836,3.0,7
631.0,1,charge,0.45242691667168455,3.8692506515945455,299.971039310874,4.5,7
631.0,2,charge,0.48709402895150206,3.904506234256126,299.248304913131,3.5,7
631.0,3,charge,0.5321304567212952,3.924856201924101,298.6901145919414,3.0,7
632.0,1,charge,0.4527205178891128,3.8695280161936703,299.97309982124625,4.5,7
632.0,2,charge,0.48733594686876264,3.9043772625205673,299.24946650312216,3.5,7
632.0,3,charge,0.5323475768302366,3.925009937629631,298.6909430023257,3.0,7
633.0,1,charge,0.45301411910653955,3.8698054583259545,299.97515999205143,4.5,7
633.0,2,charge,0.48757786478602766,3.904317555978176,299.2506266745252,3.5,7
633.0,3,charge,0.532564696939177,3.9251635803955542,298.6917713237443,3.0,7
634.0,1,charge,0.4533077203239675,3.8700829847714964,299.97721971449533,4.5,7
634.0,2,charge,0.48781978270328935,3.9042958092368014,299.2517854884694,3.5,7
634.0,3,charge,0.5327818170481137,3.925317129770514,298.6925995417151,3.0,7
635.0,1,charge,0.45360132154139243,3.870360598107098,299.979278930532,4.5,7
635.0,2,charge,0.4880617006205501,3.9042987762551324,299.2529429991747,3.5,7
635.0,3,charge,0.532998937157055,3.9254705883164,298.69342768293126,3.0,7
636.0,1,charge,0.45389492275881915,3.8706382915803186,299.9813376946668,4.5,7
636.0,2,charge,0.48830361853781523,3.9043197357964616,299.25409925584023,3.5,7
636.0,3,charge,0.5332160572659955,3.925623945575304,298.6942555776252,3.0,7
637.0,1,charge,0.45418852397624726,3.8709160661329216,299.9833959518386,4.5,7
637.0,2,charge,0.4885455364550769,3.9043546213137477,299.25525430377564,3.5,7
637.0,3,charge,0.5334331773749332,3.925777214286686,298.6950834141614,3.0,7
638.0,1,charge,0.4544821251936741,3.8711939188774807,299.98545371299207,4.5,7
638.0,2,charge,0.48878745437233767,3.9044008164408197,299.2564081850661,3.5,7
638.0,3,charge,0.5336502974838734,3.925930394983375,298.69591119253977,3.0,7
639.0,1,charge,0.4547757264111019,3.8714718469218306,299.98751098265444,4.5,7
639.0,2,charge,0.48902937228959936,3.904456528126918,299.2575609390359,3.5,7
639.0,3,charge,0.5338674175928148,3.9260834882002382,298.69673891276017,3.0,7
640.0,1,charge,0.4550693276285269,3.871749846024918,299.98956773017835,4.5,7
640.0,2,charge,0.4892712902068644,3.904520411437984,299.2587126026422,3.5,7
640.0,3,charge,0.5340845377017551,3.9262364944741672,298.69756657482276,3.0,7
641.0,1,charge,0.45536292884595375,3.8720279153739576,299.9916239783221,4.5,7
641.0,2,charge,0.48951320812412524,3.9045914325497137,299.25986321074475,3.5,7
641.0,3,charge,0.5343016578106929,3.9263894143440403,298.6983941787275,3.0,7
642.0,1,charge,0.45565653006338186,3.872306052685322,299.9936797270856,4.5,7
642.0,2,charge,0.48975512604138693,3.9046687886511675,299.26101279630365,3.5,7
642.0,3,charge,0.5345187779196333,3.926542248350791,298.6992217244744,3.0,7
643.0,1,charge,0.4559501312808087,3.8725842556686434,299.99573497646895,4.5,7
643.0,2,charge,0.48999704395865196,3.90475182586989,299.2621613905809,3.5,7
643.0,3,charge,0.5347358980285738,3.9266949970373584,298.70004921206345,3.0,7
644.0,1,charge,0.45624373249823347,3.872862522027067,299.99778972647204,4.5,7
644.0,2,charge,0.49023896187591254,3.9048400059378694,299.26330902326293,3.5,7
644.0,3,charge,0.5349530181375115,3.9268476609486918,298.70087664149463,3.0,7
645.0,1,charge,0.4565373337156615,3.873140846010564,299.99984397374124,4.5,7
645.0,2,charge,0.4904808797931744,3.904932887911552,299.26445572255227,3.5,7
645.0,3,charge,0.535170138246452,3.9270002370724875,298.70170394608806,3.0,7
646.0,1,charge,0.45683093493308824,3.873419224555593,300.00189771754356,4.5,7
646.0,2,charge,0.49072279771043953,3.9050300900288084,299.26560151533624,3.5,7
646.0,3,charge,0.5353872583553934,3.9271527270482123,298.70253114616077,3.0,7
647.0,1,charge,0.45712453615051624,3.8736976575510287,300.0039509600242,4.5,7
647.0,2,charge,0.4909647156277001,3.9051312766827557,299.26674642728074,3.5,7
647.0,3,charge,0.5356043784643335,3.927305132894923,298.70335826916397,3.0,7
648.0,1,charge,0.4574181373679432,3.873976142675917,300.0060037011832,4.5,7
648.0,2,charge,0.49120663354496197,3.905236152946814,299.2678904829035,3.5,7
648.0,3,charge,0.5358214985732712,3.927457455167467,298.7041853150975,3.0,7
649.0,1,charge,0.45771173858536807,3.874254677604081,300.00805594102053,4.5,7
649.0,2,charge,0.491448551462226,3.9053444589088433,299.2690337056421,3.5,7
649.0,3,charge,0.5360386186822117,3.9276096944227135,298.7050122839615,3.0,7
650.0,1,charge,0.45800533980279606,3.874533259783556,300.01010767963385,4.5,7
650.0,2,charge,0.4916904693794876,3.9054559662385686,299.2701761179126,3.5,7
650.0,3,charge,0.5362557387911531,3.9277618512195245,298.70583917575584,3.0,7
651.0,1,charge,0.4582989410202228,3.8748118798256073,300.01215892014,4.5,7
651.0,2,charge,0.4919323872967496,3.905570474041184,299.27131774115907,3.5,7
651.0,3,charge,0.5364728589000898,3.927913926118781,298.7066659904806,3.0,7
652.0,1,charge,0.4585925422376508,3.875090540391562,300.0142096603279,4.5,7
652.0,2,charge,0.49217430521401356,3.9056877990930987,299.2724585959279,3.5,7
652.0,3,charge,0.5366899790090301,3.9280659196833705,298.7074927281357,3.0,7
653.0,1,charge,0.4588861434550777,3.8753692391364174,300.0162599001975,4.5,7
653.0,2,charge,0.49241622313127525,3.9058077781423113,299.273598701906,3.5,7
653.0,3,charge,0.5369070991179715,3.928217832478196,298.70831938872124,3.0,7
654.0,1,charge,0.45917974467250267,3.8756479737112532,300.0183096397489,4.5,7
654.0,2,charge,0.4926581410485369,3.9059302579294926,299.27473807798566,3.5,7
654.0,3,charge,0.5371242192269119,3.9283696650228603,298.7091459692593,3.0,7
655.0,1,charge,0.45947334588993066,3.875926741763486,300.02035887898217,4.5,7
655.0,2,charge,0.49290005896580114,3.9060551015739198,299.2758767422913,3.5,7
655.0,3,charge,0.5373413393358495,3.928521417481684,298.7099724442688,3.0,7
656.0,1,charge,0.4597669471073574,3.8762055375715994,300.02240762085466,4.5,7
656.0,2,charge,0.4931419768830628,3.9061821796087646,299.2770147122265,3.5,7
656.0,3,charge,0.5375584594447899,3.9286730907857463,298.7107988363829,3.0,7
657.0,1,charge,0.4600605483247854,3.8764843571547694,300.024455866791,4.5,7
657.0,2,charge,0.4933838948003245,3.9063113737695607,299.2781520045134,3.5,7
657.0,3,charge,0.5377755795537312,3.9288246855082134,298.7116251456016,3.0,7
658.0,1,charge,0.4603541495422123,3.876763200921241,300.0265036143565,4.5,7
658.0,2,charge,0.49362581271758865,3.9064425746309563,299.2792886352069,3.5,7
658.0,3,charge,0.5379926996626679,3.928976202224285,298.7124513719249,3.0,7
659.0,1,charge,0.46064775075963726,3.8770420665061476,300.028550863551,4.5,7
659.0,2,charge,0.4938677306348504,3.9065756797942157,299.2804246197514,3.5,7
659.0,3,charge,0.5382098197716083,3.9291276415111804,298.71327751535284,3.0,7
660.0,1,charge,0.460941351977064,3.877320951542256,300.03059761437464,4.5,7
660.0,2,charge,0.49410964855211204,3.906710595921628,299.28155997297944,3.5,7
660.0,3,charge,0.5384269398805497,3.92927900394816,298.71410357588536,3.0,7
661.0,1,charge,0.461234953194492,3.8775998536602394,300.0326438668273,4.5,7
661.0,2,charge,0.49435156646937617,3.9068472348057544,299.28269470916723,3.5,7
661.0,3,charge,0.5386440599894903,3.929430290116531,298.71492955352244,3.0,7
662.0,1,charge,0.46152855441192,3.877878763959023,300.0346896279528,4.5,7
662.0,2,charge,0.4945934843866379,3.9069855150054686,299.2838288420395,3.5,7
662.0,3,charge,0.5388611800984275,3.929581500599638,298.7157554482642,3.0,7
663.0,1,charge,0.461822155629347,3.8781576843682,300.03673489311007,4.5,7
663.0,2,charge,0.4948354023038996,3.907125359724587,299.2849623848088,3.5,7
663.0,3,charge,0.539078300207368,3.92973263598288,298.7165812601105,3.0,7
664.0,1,charge,0.4621157568467718,3.87843661267459,300.0387796621257,4.5,7
664.0,2,charge,0.49507732022116385,3.907266696535462,299.28609535019046,3.5,7
664.0,3,charge,0.5392954203163094,3.929883698305748,298.71740698290546,3.0,7
665.0,1,charge,0.4624093580641986,3.8787155465031526,300.04082393499965,4.5,7
665.0,2,charge,0.4953192381384255,3.907409457863084,299.287227750419,3.5,7
665.0,3,charge,0.5395125404252461,3.9300346882441177,298.71823261627236,3.0,7
666.0,1,charge,0.4627029592816265,3.8789944834780457,300.04286771173196,4.5,7
666.0,2,charge,0.49556115605568724,3.9075535794784617,299.28835959727894,3.5,7
666.0,3,charge,0.5397296605341865,3.9301856051407396,298.71905816550105,3.0,7
667.0,1,charge,0.4629965604990546,3.8792734187250812,300.04491099533897,4.5,7
667.0,2,charge,0.4958030739729515,3.9076989989573883,299.2894909021486,3.5,7
667.0,3,charge,0.539946780643128,3.930336449588806,298.71988363059154,3.0,7
668.0,1,charge,0.4632901617164816,3.879552347819403,300.04695378829456,4.5,7
668.0,2,charge,0.49604499189021317,3.9078456604969656,299.2906216759386,3.5,7
668.0,3,charge,0.5401639007520684,3.9304872221836016,298.7207090115436,3.0,7
669.0,1,charge,0.4635837629339064,3.8798312710302736,300.04899608740396,4.5,7
669.0,2,charge,0.49628690980747486,3.9079935096250016,299.29175192918933,3.5,7
669.0,3,charge,0.540381020861006,3.9306379235224975,298.7215343083575,3.0,7
670.0,1,charge,0.4638773641513332,3.8801101859815934,300.05103789266707,4.5,7
670.0,2,charge,0.49652882772473905,3.9081424917582233,299.29288167210814,3.5,7
670.0,3,charge,0.5405981409699463,3.9307885542049625,298.7223595210331,3.0,7
671.0,1,charge,0.4641709653687611,3.8803890902977836,300.053079204084,4.5,7
671.0,2,charge,0.49677074564200074,3.9082925600809215,299.29401091444373,3.5,7
671.0,3,charge,0.5408152610788877,3.9309391148325536,298.7231846495705,3.0,7
672.0,1,charge,0.4644645665861891,3.8806679816040157,300.0551200216547,4.5,7
672.0,2,charge,0.49701266355926266,3.9084436681190806,299.29513966563576,3.5,7
672.0,3,charge,0.5410323811878244,3.9310896060089613,298.72400969396955,3.0,7
673.0,1,charge,0.4647581678036162,3.880946852427475,300.05716035208974,4.5,7
673.0,2,charge,0.4972545814765266,3.9085957695873335,299.29626793483084,3.5,7
673.0,3,charge,0.5412495012967647,3.9312400283399773,298.72483465423034,3.0,7
674.0,1,charge,0.465051769021041,3.8812257033188033,300.0592001915434,4.5,7
674.0,2,charge,0.4974964993937883,3.9087488237411074,299.29739573076483,3.5,7
674.0,3,charge,0.5414666214057061,3.931390382433529,298.72565953035286,3.0,7
675.0,1,charge,0.4653453702384678,3.8815045323414044,300.0612395394449,4.5,7
675.0,2,charge,0.49773841731105023,3.9089027906795293,299.2985230618983,3.5,7
675.0,3,charge,0.5416837415146466,3.931540668899663,298.72648432233717,3.0,7
676.0,1,charge,0.4656389714558957,3.881783337126609,300.06327839579393,4.5,7
676.0,2,charge,0.49798033522831425,3.909057631748733,299.2996499364148,3.5,7
676.0,3,charge,0.5419008616235842,3.931690888350576,298.72730903018316,3.0,7
677.0,1,charge,0.4659325726733236,3.8820621153078134,300.0653167605907,4.5,7
677.0,2,charge,0.4982222531455759,3.909213310765434,299.30077636216174,3.5,7
677.0,3,charge,0.5421179817325245,3.931841041400623,298.7281336538909,3.0,7
678.0,1,charge,0.4662261738907507,3.8823408627393,300.0673546363664,4.5,7
678.0,2,charge,0.49846417106283786,3.909369793028403,299.3019023467297,3.5,7
678.0,3,charge,0.5423351018414658,3.9319911286663034,298.72895819346036,3.0,7
679.0,1,charge,0.46651977510817544,3.8826195747948984,300.0693920263399,4.5,7
679.0,2,charge,0.4987060889801018,3.909527045284853,299.3030278974518,3.5,7
679.0,3,charge,0.5425522219504062,3.932141150766288,298.72978264889156,3.0,7
680.0,1,charge,0.4668133763256023,3.8828982515634216,300.0714289270345,4.5,7
680.0,2,charge,0.4989480068973635,3.909685035733134,299.30415302138033,3.5,7
680.0,3,charge,0.5427693420593429,3.9322911083214276,298.7306070201845,3.0,7
681.0,1,charge,0.4671069775430303,3.883176890689696,300.07346533845015,4.5,7
681.0,2,charge,0.4991899248146251,3.909843733763539,299.30527772533617,3.5,7
681.0,3,charge,0.5429864621682843,3.9324410019547607,298.73143130733916,3.0,7
682.0,1,charge,0.4674005787604583,3.8834554898218405,300.0755012605869,4.5,7
682.0,2,charge,0.49943184273188934,3.9100031098477537,299.30640201590927,3.5,7
682.0,3,charge,0.5432035822772249,3.932590832981992,298.7322555110774,3.0,7
683.0,1,charge,0.4676941799778851,3.8837340466115577,300.0775366934448,4.5,7
683.0,2,charge,0.499673760649151,3.910163136367986,299.3075258994348,3.5,7
683.0,3,charge,0.5434207023861624,3.9327406053863525,298.7330796349108,3.0,7
684.0,1,charge,0.4679877811953101,3.884012554747628,300.0795716430864,4.5,7
684.0,2,charge,0.4999156785664127,3.9103237862022047,299.3086493820493,3.5,7
684.0,3,charge,0.5436378224951026,3.932890316227673,298.73390367510945,3.0,7
685.0,1,charge,0.4682813824127369,3.884291013773974,300.0816061066343,4.5,7
685.0,2,charge,0.500157596483677,3.910485033171307,299.3097724696834,3.5,7
685.0,3,charge,0.5438549426040442,3.933039966137156,298.7347276316734,3.0,7
686.0,1,charge,0.46857498363016487,3.884569421967653,300.0836400831529,4.5,7
686.0,2,charge,0.5003995144009385,3.9106468530316354,299.3108951680304,3.5,7
686.0,3,charge,0.5440720627129845,3.9331895557482666,298.7355515046028,3.0,7
687.0,1,charge,0.4688685848475929,3.8848477769979515,300.0856735726421,4.5,7
687.0,2,charge,0.5006414323182002,3.9108092218874244,299.3120174826139,3.5,7
687.0,3,charge,0.5442891828219222,3.9333390856967156,298.7363752938975,3.0,7
688.0,1,charge,0.4691621860650199,3.885126076538917,300.08770657510183,4.5,7
688.0,2,charge,0.5008833502354645,3.910972116830945,299.31313941876937,3.5,7
688.0,3,charge,0.5445063029308626,3.9334885566204956,298.73719899955745,3.0,7
689.0,1,charge,0.4694557872824447,3.8854043170249453,300.0897390925737,4.5,7
689.0,2,charge,0.5011252681527262,3.911135516179577,299.3142609816215,3.5,7
689.0,3,charge,0.544723423039803,3.9336379691598813,298.73802262158284,3.0,7
690.0,1,charge,0.4697493884998715,3.8856824937709504,300.0917711289459,4.5,7
690.0,2,charge,0.5013671860699879,3.911299398934589,299.3153821761416,3.5,7
690.0,3,charge,0.5449405431487409,3.9337873239574384,298.7388461599735,3.0,7
691.0,1,charge,0.47004298971729946,3.885960606725963,300.0938026805155,4.5,7
691.0,2,charge,0.5016091039872521,3.911463744970015,299.3165030071304,3.5,7
691.0,3,charge,0.5451576632576812,3.9339366216580443,298.7396696147295,3.0,7
692.0,1,charge,0.47033659093472746,3.8862386535866227,300.09583374728277,4.5,7
692.0,2,charge,0.5018510219045137,3.911628534861607,299.3176234792057,3.5,7
692.0,3,charge,0.5453747833666226,3.9340858629089093,298.7404929858509,3.0,7
693.0,1,charge,0.4706301921521542,3.886516632055553,300.09786432924756,4.5,7
693.0,2,charge,0.5020929398217754,3.911793749992298,299.3187435968446,3.5,7
693.0,3,charge,0.5455919034755631,3.934235048359564,298.7413162733375,3.0,7
694.0,1,charge,0.47092379336957924,3.8867945398416204,300.0998944264098,4.5,7
694.0,2,charge,0.5023348577390394,3.9119593724101724,299.3198633643708,3.5,7
694.0,3,charge,0.5458090235845007,3.9343841786618903,298.74213947718954,3.0,7
695.0,1,charge,0.4712173945870061,3.887072371560115,300.10192404421764,4.5,7
695.0,2,charge,0.5025767756563012,3.912125385042373,299.32098278592883,3.5,7
695.0,3,charge,0.5460261436934409,3.9345332544701366,298.74296259740686,3.0,7
696.0,1,charge,0.47151099580443406,3.8873501260524597,300.1039531807077,4.5,7
696.0,2,charge,0.5028186935735618,3.9122917711830585,299.3221018655591,3.5,7
696.0,3,charge,0.5462432638023823,3.934682276440932,298.74378563398955,3.0,7
697.0,1,charge,0.47180459702186206,3.887627801776038,300.10598183460206,4.5,7
697.0,2,charge,0.5030606114908269,3.9124585147446362,299.3232206071619,3.5,7
697.0,3,charge,0.5464603839113227,3.9348312452332834,298.7446085869376,3.0,7
698.0,1,charge,0.4720981982392888,3.887905396468055,300.10801000590067,4.5,7
698.0,2,charge,0.5033025294080885,3.9126256001446746,299.32433901451344,3.5,7
698.0,3,charge,0.5466775040202594,3.9349801615086197,298.7454314562509,3.0,7
699.0,1,charge,0.4723917994567138,3.8881829078731194,300.11003769460365,4.5,7
699.0,2,charge,0.5035444473253493,3.9127930124540065,299.32545709125554,3.5,7
699.0,3,charge,0.5468946241292009,3.9351290259307907,298.7462542419296,3.0,7
700.0,1,charge,0.47268540067414067,3.8884603329003076,300.11206490229586,4.5,7
700.0,2,charge,0.5037863652426109,3.912960738338232,299.32657484081085,3.5,7
700.0,3,charge,0.5471117442381414,3.9352778391660665,298.7470769439736,3.0,7
701.0,1,charge,0.47297900189156855,3.888737666902664,300.11409163350487,4.5,7
701.0,2,charge,0.5040282831598759,3.9131287633379808,299.32769226663726,3.5,7
701.0,3,charge,0.5473288643470791,3.935426605598468,298.74789957054134,3.0,7
702.0,1,charge,0.47327260310899644,3.889014909737277,300.11611788430724,4.5,7
702.0,2,charge,0.5042702010771368,3.9132970739742,299.32880937203595,3.5,7
702.0,3,charge,0.5475459844560195,3.9355753236370847,298.74872211667434,3.0,7
703.0,1,charge,0.4735662043264234,3.889292059181752,300.11814365470315,4.5,7
703.0,2,charge,0.5045121189943984,3.9134656571335302,299.3299261602112,3.5,7
703.0,3,charge,0.5477631045649609,3.9357239929913703,298.74954458025746,3.0,7
704.0,1,charge,0.4738598055438484,3.8895691130221968,300.1201689446924,4.5,7
704.0,2,charge,0.5047540369116635,3.9136345006729254,299.3310426342076,3.5,7
704.0,3,charge,0.5479802246739014,3.9358726143369127,298.75036696129075,3.0,7
705.0,1,charge,0.47415340676127526,3.889846069053446,300.1221937542751,4.5,7
705.0,2,charge,0.5049959548289241,3.9138035936727587,299.3321587968857,3.5,7
705.0,3,charge,0.548197344782839,3.9360211883518024,298.7511892597742,3.0,7
706.0,1,charge,0.4744470079787032,3.890122922717584,300.1242180882664,4.5,7
706.0,2,charge,0.505237872746186,3.9139729238506558,299.33327465119976,3.5,7
706.0,3,charge,0.5484144648917793,3.9361697157166953,298.7520114757079,3.0,7
707.0,1,charge,0.47474060919613104,3.8903996721719976,300.12624194596907,4.5,7
707.0,2,charge,0.5054797906634512,3.9141424799807565,299.33439019994205,3.5,7
707.0,3,charge,0.5486315850007207,3.936318197114815,298.75283360909174,3.0,7
708.0,1,charge,0.475034210413558,3.8906763159013975,300.12826532603634,4.5,7
708.0,2,charge,0.5057217085807117,3.914312251160057,299.33550544582334,3.5,7
708.0,3,charge,0.5488487051096611,3.9364666332319542,298.7536556599257,3.0,7
709.0,1,charge,0.4753278116309829,3.8909528516467287,300.130288228657,4.5,7
709.0,2,charge,0.5059636264979736,3.9144822275109687,299.3366203913782,3.5,7
709.0,3,charge,0.5490658252185987,3.936615024756513,298.7544776282099,3.0,7
710.0,1,charge,0.47562141284840986,3.8912292771588843,300.1323106540198,4.5,7
710.0,2,charge,0.5062055444152387,3.914652399461808,299.33773503906446,3.5,7
710.0,3,charge,0.5492829453275393,3.936763372379513,298.75529951394424,3.0,7
711.0,1,charge,0.4759150140658377,3.8915055901989435,300.13433260231375,4.5,7
711.0,2,charge,0.5064474623324993,3.9148227570325926,299.33884939136277,3.5,7
711.0,3,charge,0.5495000654364808,3.9369116767946055,298.7561213171287,3.0,7
712.0,1,charge,0.47620861528326563,3.8917817885383252,300.13635407372766,4.5,7
712.0,2,charge,0.5066893802497612,3.9149932909310463,299.3399634506277,3.5,7
712.0,3,charge,0.5497171855454173,3.9370599386981153,298.75694303776345,3.0,7
713.0,1,charge,0.4765022165006926,3.892057869959027,300.13837506845044,4.5,7
713.0,2,charge,0.5069312981670263,3.9151639921647186,299.34107721914245,3.5,7
713.0,3,charge,0.5499343056543579,3.937208158789039,298.7577646758483,3.0,7
714.0,1,charge,0.4767958177181175,3.8923338322538132,300.14039558667093,4.5,7
714.0,2,charge,0.5071732160842869,3.9153348523960583,299.34219069904333,3.5,7
714.0,3,charge,0.5501514257632992,3.9373563377690664,298.75858623138333,3.0,7
715.0,1,charge,0.47708941893554446,3.8926096724501154,300.1424156303869,4.5,7
715.0,2,charge,0.5074151340015487,3.9155058633138378,299.3433038924535,3.5,7
715.0,3,charge,0.5503685458722397,3.937504476342617,298.7594077043685,3.0,7
716.0,1,charge,0.4773830201529724,3.8928853883207695,300.14443519988754,4.5,7
716.0,2,charge,0.5076570519188138,3.915677016817204,299.3444168014436,3.5,7
716.0,3,charge,0.5505856659811773,3.9376525752168408,298.76022909480395,3.0,7
717.0,1,charge,0.47767662137040023,3.8931609778775966,300.14645429493174,4.5,7
717.0,2,charge,0.5078989698360744,3.9158483051508943,299.3455294280033,3.5,7
717.0,3,charge,0.5508027860901178,3.937800635101655,298.76105040268953,3.0,7
718.0,1,charge,0.4779702225878272,3.8934364388693394,300.14847291591826,4.5,7
718.0,2,charge,0.5081408877533362,3.9160197208109206,299.3466417740617,3.5,7
718.0,3,charge,0.5510199061990593,3.937948656709767,298.76187162802523,3.0,7
719.0,1,charge,0.47826382380525206,3.8937117690566674,300.15049106324585,4.5,7
719.0,2,charge,0.5083828056706015,3.9161912565995163,299.34775384147014,3.5,7
719.0,3,charge,0.5512370263079995,3.9380966408860667,298.76269277113687,3.0,7
720.0,1,charge,0.47855742502267906,3.893986966212382,300.1525087373134,4.5,7
720.0,2,charge,0.508624723587862,3.9163629055702267,299.34886563201763,3.5,7
720.0,3,charge,0.5514541464169371,3.9382445886417203,298.76351383276216,3.0,7
720.0,1,charge,0.47855742502268034,3.893986966212382,300.1525087373134,4.0,8
720.0,1,charge,0.47855742502267906,3.884930460498328,300.1525087373134,4.0,8
720.0,2,charge,0.5086247235878627,3.9163629055702267,299.34886563201763,3.5,8
720.0,2,charge,0.508624723587862,3.9163629055702267,299.34886563201763,3.5,8
720.0,3,charge,0.5514541464169384,3.9382445886417203,298.76351383276216,3.0,8
720.0,3,charge,0.5514541464169371,3.9382445886417203,298.76351383276216,3.0,8
721.0,1,charge,0.4788184038826162,3.8846355065446145,300.154101010301,4.0,8
721.0,2,charge,0.5088666415051238,3.916534671231764,299.34997713585324,3.5,8
721.0,3,charge,0.5516712665258776,3.9383924955115823,298.76433466243026,3.0,8
722.0,1,charge,0.47907938274255035,3.884522311893815,300.15569115656496,4.0,8
722.0,2,charge,0.509108559422388,3.9167065267769825,299.3510883768362,3.5,8
722.0,3,charge,0.551888386634819,3.9385403674434896,298.76515540677684,3.0,8
723.0,1,charge,0.47934036160248433,3.8844848605624214,300.1572792780876,4.0,8
723.0,2,charge,0.5093504773396496,3.916878473286915,299.35219934698205,3.5,8
723.0,3,charge,0.5521055067437596,3.9386882081153862,298.76597615112337,3.0,8
724.0,1,charge,0.47960134046242064,3.8844890086506574,300.1588654629989,4.0,8
724.0,2,charge,0.5095923952569115,3.917050506649004,299.3533100475558,3.5,8
724.0,3,charge,0.5523226268526961,3.938836013300516,298.76679674914294,3.0,8
725.0,1,charge,0.4798623193223546,3.8845202821883404,300.1604497899595,4.0,8
725.0,2,charge,0.5098343131741755,3.9172226220227597,299.3544204795084,3.5,8
725.0,3,charge,0.5525397469616375,3.938983785249207,298.7676172456334,3.0,8
726.0,1,charge,0.4801232981822888,3.8845713176326817,300.1620323305763,4.0,8
726.0,2,charge,0.5100762310914372,3.917394813427002,299.35553064431565,3.5,8
726.0,3,charge,0.552756867070578,3.9391315281308015,298.76843774212375,3.0,8
727.0,1,charge,0.4803842770422261,3.8846376689031317,300.16361315087556,4.0,8
727.0,2,charge,0.5103181490086988,3.917567074523286,299.3566405436177,3.5,8
727.0,3,charge,0.5529739871795153,3.93927923705328,298.7692580626757,3.0,8
728.0,1,charge,0.4806452559021592,3.884716468180809,300.16519231220457,4.0,8
728.0,2,charge,0.5105600669259631,3.917739401765294,299.3577501783408,3.5,8
728.0,3,charge,0.5531911072884559,3.9394269119729666,298.7700781826335,3.0,8
729.0,1,charge,0.4809062347620963,3.8848057557151177,300.16676987184735,4.0,8
729.0,2,charge,0.5108019848432247,3.917911789477312,299.3588595499708,3.5,8
729.0,3,charge,0.5534082273973973,3.9395745583386113,298.77089824908296,3.0,8
730.0,1,charge,0.48116721362203047,3.884904045400159,300.16834588360115,4.0,8
730.0,2,charge,0.5110439027604864,3.918084229117613,299.3599686607634,3.5,8
730.0,3,charge,0.5536253475063339,3.9397221768961788,298.7717182620242,3.0,8
731.0,1,charge,0.48142819248196445,3.885010207491055,300.16992039811635,4.0,8
731.0,2,charge,0.5112858206777505,3.918256720818972,299.36107751069363,3.5,8
731.0,3,charge,0.5538424676152743,3.939869768394776,298.77253822145707,3.0,8
732.0,1,charge,0.4816891713419008,3.8851233566347254,300.1714934632219,4.0,8
732.0,2,charge,0.5115277385950122,3.9184292604952153,299.3621861008513,3.5,8
732.0,3,charge,0.5540595877242157,3.940017333586658,298.7733581273817,3.0,8
733.0,1,charge,0.48195015020183474,3.88524277530436,300.1730651241796,4.0,8
733.0,2,charge,0.5117696565122738,3.9186018405622587,299.3632944332553,3.5,8
733.0,3,charge,0.5542767078331562,3.940164873227281,298.774177979798,3.0,8
734.0,1,charge,0.4822111290617689,3.8853678706248904,300.17463542389345,4.0,8
734.0,2,charge,0.5120115744295382,3.9187744596014675,299.36440250829634,3.5,8
734.0,3,charge,0.5544938279420936,3.940312388075318,298.77499777870605,3.0,8
735.0,1,charge,0.4824721079217062,3.885498154076559,300.1762044030532,4.0,8
735.0,2,charge,0.5122534923467997,3.918947112781924,299.365510327274,3.5,8
735.0,3,charge,0.554710948051034,3.9404598788926646,298.7758175241058,3.0,8
736.0,1,charge,0.48273308678163923,3.8856332075142204,300.1777721003472,4.0,8
736.0,2,charge,0.5124954102640614,3.9191197951516816,299.36661789152333,3.5,8
736.0,3,charge,0.5549280681599754,3.9406073464445175,298.7766372159972,3.0,8
737.0,1,charge,0.4829940656415765,3.885772657038231,300.17933855266216,4.0,8
737.0,2,charge,0.5127373281813254,3.9192925030865653,299.3677252020278,3.5,8
737.0,3,charge,0.5551451882689159,3.9407547914993506,298.7774568543803,3.0,8
738.0,1,charge,0.48325504450151063,3.8859161758653578,300.18090379515957,4.0,8
738.0,2,charge,0.5129792460985874,3.919465232861704,299.3688322598076,3.5,8
738.0,3,charge,0.5553623083778525,3.940902214828998,298.77827643925525,3.0,8
739.0,1,charge,0.48351602336144456,3.886063479206058,300.1824678613767,4.0,8
739.0,2,charge,0.5132211640158489,3.9196379805083614,299.36993906594665,3.5,8
739.0,3,charge,0.5555794284867939,3.9410496158670822,298.7790959168233,3.0,8
740.0,1,charge,0.483777002221381,3.8862143169770893,300.1840307833259,4.0,8
740.0,2,charge,0.5134630819331131,3.9198107419590418,299.37104562155696,3.5,8
740.0,3,charge,0.5557965485957345,3.94119699506195,298.77991527377793,3.0,8
741.0,1,charge,0.48403798108131485,3.886368465117883,300.1855925915947,4.0,8
741.0,2,charge,0.5137049998503749,3.9199835147415283,299.3721519273387,3.5,8
741.0,3,charge,0.556013668704672,3.9413443544398246,298.7807345599797,3.0,8
742.0,1,charge,0.484298959941249,3.8865257250173655,300.18715331542603,4.0,8
742.0,2,charge,0.5139469177676366,3.920156294867235,299.3732579843894,3.5,8
742.0,3,charge,0.5562307888136122,3.9414916947865866,298.7815537754286,3.0,8
743.0,1,charge,0.4845599388011862,3.8866859116625974,300.18871298281334,4.0,8
743.0,2,charge,0.5141888356849007,3.920329078867521,299.3743637936737,3.5,8
743.0,3,charge,0.5564479089225537,3.9416390168915916,298.78237292012454,3.0,8
744.0,1,charge,0.48482091766111923,3.8868488605010683,300.1902716205744,4.0,8
744.0,2,charge,0.5144307536021625,3.920501864616682,299.37546935580974,3.5,8
744.0,3,charge,0.5566650290314942,3.9417863215476983,298.78319199406764,3.0,8
745.0,1,charge,0.48508189652105654,3.88701441750284,300.19182925438855,4.0,8
745.0,2,charge,0.514672671519423,3.9206746484372106,299.3765746718216,3.5,8
745.0,3,charge,0.5568821491404317,3.94193360955132,298.78401099725784,3.0,8
746.0,1,charge,0.4853428753809907,3.8871824407970847,300.1933859089224,4.0,8
746.0,2,charge,0.5149145894366882,3.9208474276185044,299.3776797424851,3.5,8
746.0,3,charge,0.5570992692493723,3.9420808817024233,298.78482992969515,3.0,8
747.0,1,charge,0.48560385424092345,3.8873528015545187,300.1949416077835,4.0,8
747.0,2,charge,0.51515650735395,3.921020200437723,299.3787845683229,3.5,8
747.0,3,charge,0.5573163893583127,3.942228138804601,298.7856487913796,3.0,8
748.0,1,charge,0.48586483310086065,3.887525376875301,300.19649637368934,4.0,8
748.0,2,charge,0.5153984252712117,3.921192963584601,299.3798891502708,3.5,8
748.0,3,charge,0.5575335094672501,3.9423753816650797,298.7864675823111,3.0,8
749.0,1,charge,0.4861258119607949,3.887700057141711,300.1980502283927,4.0,8
749.0,2,charge,0.5156403431884758,3.9213657142736533,299.38099348913113,3.5,8
749.0,3,charge,0.5577506295761907,3.942522611094753,298.7872863024898,3.0,8
750.0,1,charge,0.486386790820729,3.887876737717432,300.1996031928318,4.0,8
750.0,2,charge,0.5158822611057376,3.9215384497059045,299.3820975857121,3.5,8
750.0,3,charge,0.5579677496851322,3.9426698279082433,298.7881049519155,3.0,8
751.0,1,charge,0.48664776968066625,3.888055323059803,300.2011552870891,4.0,8
751.0,2,charge,0.5161241790229993,3.9217111670689304,299.3832014408279,3.5,8
751.0,3,charge,0.5581848697940726,3.9428170329103307,298.78892351538013,3.0,8
752.0,1,charge,0.48690874854059907,3.8882357233728597,300.2027065304943,4.0,8
752.0,2,charge,0.5163660969402634,3.9218838658834128,299.3843050546948,3.5,8
752.0,3,charge,0.55840198990301,3.9429642269182428,298.78974198731373,3.0,8
753.0,1,charge,0.48716972740053655,3.888417854269674,300.2042569416136,4.0,8
753.0,2,charge,0.5166080148575253,3.922056543294814,299.38540842814194,3.5,8
753.0,3,charge,0.5586191100119506,3.9431114107718845,298.7905603833428,3.0,8
754.0,1,charge,0.4874307062604708,3.888601636287949,300.2058065383261,4.0,8
754.0,2,charge,0.5168499327747869,3.92222919656051,299.3865115619723,3.5,8
754.0,3,charge,0.558836230120892,3.9432585853010766,298.7913787034672,3.0,8
755.0,1,charge,0.48769168512040356,3.8887869948039913,300.20735533781465,4.0,8
755.0,2,charge,0.517091850692051,3.9224018233808224,299.3876144568772,3.5,8
755.0,3,charge,0.5590533502298285,3.943405751339527,298.792196947687,3.0,8
756.0,1,charge,0.4879526639803408,3.888973858578103,300.2089033566361,4.0,8
756.0,2,charge,0.5173337686093129,3.9225744214898413,299.3887171135414,3.5,8
756.0,3,charge,0.5592704703387691,3.943552909724858,298.7930151160021,3.0,8
757.0,1,charge,0.4882136428402749,3.889162162592454,300.21045061068696,4.0,8
757.0,2,charge,0.5175756865265745,3.9227469891370395,299.38981953252033,3.5,8
757.0,3,charge,0.5594875904477105,3.943700061298679,298.7938332084127,3.0,8
758.0,1,charge,0.4884746217002089,3.889351842340891,300.21199711532836,4.0,8
758.0,2,charge,0.5178176044438386,3.922919525659374,299.39092171409385,3.5,8
758.0,3,charge,0.5597047105566507,3.943847206906582,298.79465122491865,3.0,8
759.0,1,charge,0.48873560056014526,3.8895428369428355,300.2135428853515,4.0,8
759.0,2,charge,0.5180595223611004,3.923092028346594,299.3920236590662,3.5,8
759.0,3,charge,0.5599218306655883,3.943994347398207,298.79546916551993,3.0,8
760.0,1,charge,0.4889965794200791,3.8897350933103914,300.2150879349116,4.0,8
760.0,2,charge,0.5183014402783621,3.923264495441396,299.3931253680005,3.5,8
760.0,3,charge,0.5601389507745288,3.9441414836272832,298.79628703021666,3.0,8
761.0,1,charge,0.48925755828001327,3.889928554497863,300.21663227778936,4.0,8
761.0,2,charge,0.5185433581956261,3.9234369252567864,299.3942268414438,3.5,8
761.0,3,charge,0.5603560708834702,3.944288616451643,298.7971048190087,3.0,8
762.0,1,charge,0.4895185371399509,3.8901231681843464,300.21817592722755,4.0,8
762.0,2,charge,0.5187852761128879,3.9236093161759404,299.39532807992737,3.5,8
762.0,3,charge,0.5605731909924107,3.9444357467332907,298.79792253189623,3.0,8
763.0,1,charge,0.48977951599988484,3.8903188894437166,300.2197188958642,4.0,8
763.0,2,charge,0.5190271940301485,3.923781666838699,299.39642908392483,3.5,8
763.0,3,charge,0.5607903111013472,3.9445828773403053,298.7987401647607,3.0,8
764.0,1,charge,0.4900404948598212,3.8905156692384715,300.22126119605736,4.0,8
764.0,2,charge,0.5192691119474138,3.9239539757858113,299.39752985393153,3.5,8
764.0,3,charge,0.5610074312102886,3.9447300097912947,298.79955771626516,3.0,8
765.0,1,charge,0.49030147371975513,3.8907134629663105,300.2228028396616,4.0,8
765.0,2,charge,0.5195110298646756,3.924126241609936,299.3986303904306,3.5,8
765.0,3,charge,0.5612245513192292,3.944877142545053,298.8003751913782,3.0,8
766.0,1,charge,0.4905624525796892,3.8909122305232993,300.2243438380148,4.0,8
766.0,2,charge,0.5197529477819361,3.924298463022323,299.3997306938785,3.5,8
766.0,3,charge,0.5614416714281667,3.9450242764804955,298.8011925900997,3.0,8
767.0,1,charge,0.49082343143962653,3.891111930728141,300.2258842021728,4.0,8
767.0,2,charge,0.5199948656992013,3.92447063880837,299.4008307647148,3.5,8
767.0,3,charge,0.561658791537107,3.945171412480888,298.80200991242964,3.0,8
768.0,1,charge,0.49108441029955957,3.8913125252416134,300.22742394275286,4.0,8
768.0,2,charge,0.5202367836164632,3.9246427676892477,299.4019306033992,3.5,8
768.0,3,charge,0.5618759116460484,3.945318551433935,298.8028271583682,3.0,8
769.0,1,charge,0.4913453891594969,3.891513977728885,300.2289630699572,4.0,8
769.0,2,charge,0.5204787015337237,3.924814848003715,299.40303021049846,3.5,8
769.0,3,charge,0.5620930317549889,3.9454656942317885,298.80364432791526,3.0,8
770.0,1,charge,0.49160636801943103,3.8917162529756997,300.2305015936828,4.0,8
770.0,2,charge,0.5207206194509889,3.9249868789711138,299.4041295863435,3.5,8
770.0,3,charge,0.5623101518639264,3.945612841771105,298.80446142107087,3.0,8
771.0,1,charge,0.49186734687936495,3.8919193173492572,300.23203952345744,4.0,8
771.0,2,charge,0.5209625373682507,3.925158859538878,299.40522873134216,3.5,8
771.0,3,charge,0.5625272719728671,3.9457599949530735,298.80527843783494,3.0,8
772.0,1,charge,0.4921283257393013,3.892123138576638,300.2335768684603,4.0,8
772.0,2,charge,0.5212044552855113,3.925330788714814,299.4063276458886,3.5,8
772.0,3,charge,0.5627443920818075,3.9459071546834963,298.80609537820766,3.0,8
773.0,1,charge,0.4923893045992353,3.8923276854491147,300.23511363758087,4.0,8
773.0,2,charge,0.5214463732027765,3.9255026655669565,299.40742633036393,3.5,8
773.0,3,charge,0.562961512190745,3.9460543218727855,298.8069122421888,3.0,8
774.0,1,charge,0.4926502834591694,3.892532928441275,300.2366498393688,4.0,8
774.0,2,charge,0.5216882911200383,3.9256744887208272,299.40852478527034,3.5,8
774.0,3,charge,0.5631786322996856,3.9462014974360566,298.8077290297785,3.0,8
775.0,1,charge,0.4929112623191067,3.892738839684415,300.23818548205173,4.0,8
775.0,2,charge,0.5219302090372999,3.9258462572492068,299.40962301099313,3.5,8
775.0,3,charge,0.5633957524086269,3.9463486822931255,298.8085457409767,3.0,8
776.0,1,charge,0.4931722411790397,3.8929453910414877,300.23972057364335,4.0,8
776.0,2,charge,0.5221721269545642,3.9260179704263276,299.41072100786613,3.5,8
776.0,3,charge,0.5636128725175674,3.9464958773686165,298.8093623757835,3.0,8
777.0,1,charge,0.493433220038977,3.8931525555124864,300.2412551218801,4.0,8
777.0,2,charge,0.5224140448718259,3.9261896274182257,299.411818776255,3.5,8
777.0,3,charge,0.5638299926265048,3.946643083591948,298.81017893419875,3.0,8
778.0,1,charge,0.49369419889891114,3.8933603066828004,300.2427891342589,4.0,8
778.0,2,charge,0.5226559627890875,3.9263612274372646,299.41291631651575,3.5,8
778.0,3,charge,0.5640471127354453,3.946790301897411,298.8109954162225,3.0,8
779.0,1,charge,0.49395517775884507,3.89356862395032,300.24432261773904,4.0,8
779.0,2,charge,0.5228978807063517,3.9265327696817143,299.4140136290107,3.5,8
779.0,3,charge,0.5642642328443866,3.9469375332242222,298.81181182185486,3.0,8
780.0,1,charge,0.49421615661878154,3.8937774816023043,300.2458555793897,4.0,8
780.0,2,charge,0.5231397986236135,3.9267042530903966,299.41511071417483,3.5,8
780.0,3,charge,0.5644813529533272,3.9470847785165586,298.81262815109574,3.0,8
781.0,1,charge,0.49447713547871547,3.8939868562824818,300.2473880259611,4.0,8
781.0,2,charge,0.5233817165408752,3.926875677145287,299.4162075722996,3.5,8
781.0,3,charge,0.5646984730622647,3.9472320387236084,298.81344440394514,3.0,8
782.0,1,charge,0.4947381143386496,3.894196725194456,300.24891996399793,4.0,8
782.0,2,charge,0.5236236344581395,3.9270470411670577,299.41730420372255,3.5,8
782.0,3,charge,0.5649155931712052,3.947379314799623,298.814260580403,3.0,8
783.0,1,charge,0.4949990931985869,3.8944070684196266,300.2504513996738,4.0,8
783.0,2,charge,0.5238655523754011,3.92721834451475,299.4184006087735,3.5,8
783.0,3,charge,0.5651327132801458,3.947526607703982,298.8150766804695,3.0,8
784.0,1,charge,0.49526007205852,3.894617867614789,300.251982338893,4.0,8
784.0,2,charge,0.5241074702926627,3.9273895865856643,299.4194967877747,3.5,8
784.0,3,charge,0.5653498333890833,3.9476739184012093,298.8158927041444,3.0,8
785.0,1,charge,0.4955210509184573,3.894829101392533,300.2535127876386,4.0,8
785.0,2,charge,0.5243493882099272,3.927560766683297,299.42059274107646,3.5,8
785.0,3,charge,0.5655669534980239,3.9478212478610617,298.8167086514279,3.0,8
786.0,1,charge,0.4957820297783914,3.8950407505195175,300.255042751595,4.0,8
786.0,2,charge,0.5245913061271887,3.9277318842303,299.42168846899955,3.5,8
786.0,3,charge,0.5657840736069653,3.9479685970585447,298.8175245223199,3.0,8
787.0,1,charge,0.49604300863832557,3.8952527962971395,300.25657223627314,4.0,8
787.0,2,charge,0.5248332240444503,3.927902938752905,299.4227839718392,3.5,8
787.0,3,charge,0.5660011937159057,3.948115966973999,298.81834031682047,3.0,8
788.0,1,charge,0.4963039874982617,3.8954652236739484,300.2581012466793,4.0,8
788.0,2,charge,0.5250751419617145,3.928073929760137,299.42387924989794,3.5,8
788.0,3,charge,0.566218313824843,3.9482633585931355,298.8191560349295,3.0,8
789.0,1,charge,0.4965649663581956,3.895678014504029,300.2596297880458,4.0,8
789.0,2,charge,0.5253170598789763,3.9282448567951134,299.4249743034719,3.5,8
789.0,3,charge,0.5664354339337836,3.9484107729070774,298.81997167664707,3.0,8
790.0,1,charge,0.4968259452181297,3.895891152493748,300.2611578653031,4.0,8
790.0,2,charge,0.5255589777962378,3.92841571941715,299.42606913285533,3.5,8
790.0,3,charge,0.5666525540427251,3.94855821091243,298.8207872419732,3.0,8
791.0,1,charge,0.49708692407806704,3.8961046218941267,300.2626854832249,4.0,8
791.0,2,charge,0.525800895713502,3.928586517071809,299.4271637383753,3.5,8
791.0,3,charge,0.5668696741516654,3.9487056736113497,298.8216027309079,3.0,8
792.0,1,charge,0.4973479029380001,3.8963184076905524,300.26421264636224,4.0,8
792.0,2,charge,0.5260428136307638,3.9287572494635303,299.42825812029224,3.5,8
792.0,3,charge,0.5670867942606032,3.948853162011556,298.82241814345105,3.0,8
793.0,1,charge,0.4976088817979374,3.896532495406478,300.265739359106,4.0,8
793.0,2,charge,0.5262847315480244,3.9289279162389072,299.42935227888427,3.5,8
793.0,3,charge,0.5673039143695436,3.949000677126423,298.8232334796028,3.0,8
794.0,1,charge,0.4978698606578715,3.896746870789223,300.2672656257882,4.0,8
794.0,2,charge,0.5265266494652895,3.929098517075092,299.430446214424,3.5,8
794.0,3,charge,0.5675210344784839,3.9491482199750125,298.824048739363,3.0,8
795.0,1,charge,0.49813083951780535,3.8969615201598913,300.2687914505631,4.0,8
795.0,2,charge,0.5267685673825514,3.929269051679709,299.43153992717816,3.5,8
795.0,3,charge,0.5677381545874216,3.949295791582154,298.82486392273165,3.0,8
796.0,1,charge,0.4983918183777418,3.897176430271223,300.2703168374504,4.0,8
796.0,2,charge,0.527010485299812,3.9294395196343173,299.4326334174494,3.5,8
796.0,3,charge,0.5679552746963621,3.949443392978467,298.82567902970897,3.0,8
797.0,1,charge,0.4986527972376757,3.897391588412874,300.271841790267,4.0,8
797.0,2,charge,0.5272524032170771,3.9296099206258113,299.4337266855146,3.5,8
797.0,3,charge,0.5681723948053036,3.9495910252004585,298.8264940602948,3.0,8
798.0,1,charge,0.4989137760976098,3.8976069820877246,300.27336631279843,4.0,8
798.0,2,charge,0.5274943211343387,3.9297802544900162,299.43481973161374,3.5,8
798.0,3,charge,0.568389514914244,3.949738689290551,298.8273090144891,3.0,8
799.0,1,charge,0.49917475495754715,3.897822599207986,300.27489040868096,4.0,8
799.0,2,charge,0.5277362390515994,3.929950521014055,299.43591255600194,3.5,8
799.0,3,charge,0.5686066350231817,3.949886386297148,298.82812389229196,3.0,8
800.0,1,charge,0.4994357338174802,3.8980384280103495,300.2764140814388,4.0,8
800.0,2,charge,0.5279781569688647,3.9301207200133708,299.43700515892874,3.5,8
800.0,3,charge,0.5688237551321219,3.950034117291275,298.82893869375897,3.0,8
801.0,1,charge,0.4996967126774175,3.898254457452955,300.27793733443946,4.0,8
801.0,2,charge,0.5282200748861262,3.9302908513320256,299.438097540639,3.5,8
801.0,3,charge,0.5690408752410634,3.9501818849765042,298.8297534244026,3.0,8
802.0,1,charge,0.4999576915373516,3.8984706767862916,300.2794601709478,4.0,8
802.0,2,charge,0.5284619928033869,3.930460914843007,299.4391897013716,3.5,8
802.0,3,charge,0.5692579953500039,3.950329689063248,298.8305680796742,3.0,8
803.0,1,charge,0.5002186703972855,3.8986870751824467,300.28098259417555,4.0,8
803.0,2,charge,0.5287039107206486,3.9306309104485155,299.4402816413604,3.5,8
803.0,3,charge,0.5694751154589415,3.9504775306243327,298.8313826595738,3.0,8
804.0,1,charge,0.500479649257222,3.898903642293661,300.282504607215,4.0,8
804.0,2,charge,0.5289458286379138,3.9308008380802697,299.4413733608333,3.5,8
804.0,3,charge,0.569692235567882,3.9506254107388434,298.8321971641014,3.0,8
805.0,1,charge,0.5007406281171558,3.8991203681045707,300.284026213059,4.0,8
805.0,2,charge,0.5291877465551746,3.9309706975255585,299.4424648600588,3.5,8
805.0,3,charge,0.5699093556768233,3.9507733304922223,298.83301159325697,3.0,8
806.0,1,charge,0.50100160697709,3.899337243613631,300.28554741450677,4.0,8
806.0,2,charge,0.5294296644724361,3.9311404886466503,299.44355613928764,3.5,8
806.0,3,charge,0.5701264757857599,3.9509212909763254,298.8338259470405,3.0,8
807.0,1,charge,0.5012625858370273,3.8995542591823984,300.2870682144,4.0,8
807.0,2,charge,0.5296715823897014,3.931310211472171,299.4446471987289,3.5,8
807.0,3,charge,0.5703435958947004,3.951069293289465,298.83464022545206,3.0,8
808.0,1,charge,0.5015235646969604,3.8997714057799913,300.28858861544904,4.0,8
808.0,2,charge,0.5299135003069622,3.931479865956458,299.44573803861334,3.5,8
808.0,3,charge,0.5705607160036418,3.951217338536499,298.8354544284916,3.0,8
809.0,1,charge,0.5017845435568976,3.8999886746428913,300.2901086202841,4.0,8
809.0,2,charge,0.5301554182242237,3.9316494520671967,299.4468286591707,3.5,8
809.0,3,charge,0.5707778361125824,3.9513654278288666,298.83626855615915,3.0,8
810.0,1,charge,0.5020455224168318,3.900206057310435,300.29162823144617,4.0,8
810.0,2,charge,0.530397336141489,3.931818969784355,299.4479190606292,3.5,8
810.0,3,charge,0.5709949562215196,3.9515135622846866,298.8370826084547,3.0,8
810.0,1,charge,0.5020455224168315,3.900206057310435,300.29162823144617,4.0,9
810.0,1,charge,0.5020455224168318,3.900206057310435,300.29162823144617,4.0,9
810.0,2,charge,0.5303973361414882,3.931818969784355,299.4479190606292,3.5,9
810.0,2,charge,0.530397336141489,3.931818969784355,299.4479190606292,3.5,9
810.0,3,charge,0.5709949562215209,3.9515135622846866,298.8370826084547,3.0,9
810.0,3,charge,0.5709949562215196,3.9515135622846866,298.8370826084547,3.0,9
811.0,1,charge,0.5023065012767656,3.9004235569855883,300.2931474353586,4.0,9
811.0,2,charge,0.5306392540587497,3.9319884391779594,299.44900913753486,3.5,9
811.0,3,charge,0.5712120763304602,3.9516617404070873,298.8378964299758,3.0,9
812.0,1,charge,0.502567480136702,3.900641143403541,300.29466626502995,4.0,9
812.0,2,charge,0.5308811719760114,3.9321578471281446,299.45009895495275,3.5,9
812.0,3,charge,0.5714291964394016,3.9518099659752646,298.838710163935,3.0,9
813.0,1,charge,0.502828458996636,3.900858817355204,300.29618470939846,4.0,9
813.0,2,charge,0.5311230898932765,3.9323271726325,299.45118862679743,3.5,9
813.0,3,charge,0.5716463165483421,3.951958241665129,298.8395238978942,3.0,9
814.0,1,charge,0.50308943785657,3.901076573004527,300.2977027703111,4.0,9
814.0,2,charge,0.5313650078105373,3.932496422957069,299.4522781145599,3.5,9
814.0,3,charge,0.5718634366572787,3.9521065676442606,298.84033757478903,3.0,9
815.0,1,charge,0.5033504167165074,3.9012944043580937,300.29922044913,4.0,9
815.0,2,charge,0.5316069257277989,3.9326656053175566,299.45336737994495,3.5,9
815.0,3,charge,0.57208055676622,3.9522549426662588,298.84115105454214,3.0,9
816.0,1,charge,0.5036113955764404,3.9015123044805673,300.3007377477888,4.0,9
816.0,2,charge,0.5318488436450642,3.932834715366351,299.45445645161243,3.5,9
816.0,3,charge,0.5722976768751604,3.9524033712664486,298.84196453429536,3.0,9
817.0,1,charge,0.5038723744363778,3.9017302649737724,300.30225466881984,4.0,9
817.0,2,charge,0.532090761562325,3.93300375588035,299.45554531152493,3.5,9
817.0,3,charge,0.5725147969840981,3.952551854610845,298.8427780140485,3.0,9
818.0,1,charge,0.5041333532963118,3.901948282818976,300.3037712129445,4.0,9
818.0,2,charge,0.5323326794795902,3.933172727974864,299.45663395546654,3.5,9
818.0,3,charge,0.5727319170930384,3.95270038897882,298.8435911865946,3.0,9
819.0,1,charge,0.5043943321562457,3.90216634917617,300.3052873828867,4.0,9
819.0,2,charge,0.5325745973968518,3.9333416314710847,299.4577223900284,3.5,9
819.0,3,charge,0.5729490372019799,3.952848978464181,298.84440423473893,3.0,9
820.0,1,charge,0.5046553110161822,3.902384459148595,300.3068031800124,4.0,9
820.0,2,charge,0.5328165153141124,3.9335104656397686,299.45881060365474,3.5,9
820.0,3,charge,0.5731661573109202,3.9529976254576686,298.84521723397256,3.0,9
821.0,1,charge,0.504916289876116,3.902602605846244,300.30831860641223,4.0,9
821.0,2,charge,0.533058433231374,3.9336792316879627,299.4598986013606,3.5,9
821.0,3,charge,0.573383277419858,3.9531463311546915,298.84603018429533,3.0,9
822.0,1,charge,0.5051772687360502,3.902820783245774,300.30983366385914,4.0,9
822.0,2,charge,0.5333003511486393,3.93384793045688,299.4609863849928,3.5,9
822.0,3,charge,0.5736003975287983,3.953295096758141,298.8468430857073,3.0,9
823.0,1,charge,0.5054382475959875,3.9030389857197214,300.3113483540227,4.0,9
823.0,2,charge,0.5335422690659001,3.9340165625762946,299.46207395455144,3.5,9
823.0,3,charge,0.5738175176377387,3.953443923478449,298.8476559382085,3.0,9
824.0,1,charge,0.5056992264559206,3.9032572072092937,300.31286267870996,4.0,9
824.0,2,charge,0.5337841869831617,3.934185128679884,299.4631613100366,3.5,9
824.0,3,charge,0.5740346377466764,3.9535928125336612,298.8484687417988,3.0,9
825.0,1,charge,0.505960205315858,3.903475443322579,300.31437663917967,4.0,9
825.0,2,charge,0.5340261049004269,3.934353625669142,299.46424844932164,3.5,9
825.0,3,charge,0.5742517578556168,3.9537417651494886,298.84928149647834,3.0,9
826.0,1,charge,0.506221184175792,3.9036936879474053,300.31589023727065,4.0,9
826.0,2,charge,0.5342680228176874,3.9345220555836784,299.46533537319954,3.5,9
826.0,3,charge,0.5744688779645584,3.9538907825594194,298.8500942022471,3.0,9
827.0,1,charge,0.5064821630357259,3.9039119354333294,300.31740347467326,4.0,9
827.0,2,charge,0.5345099407349493,3.9346904198238097,299.4664220820985,3.5,9
827.0,3,charge,0.5746859980734986,3.9540398660047447,298.85090685910495,3.0,9
828.0,1,charge,0.5067431418956624,3.9041301823536427,300.31891635233313,4.0,9
828.0,2,charge,0.5347518586522144,3.934858719041231,299.4675085760184,3.5,9
828.0,3,charge,0.5749031181824362,3.954189016734642,298.8517194670521,3.0,9
829.0,1,charge,0.5070041207555962,3.904348422882329,300.3204288720103,4.0,9
829.0,2,charge,0.534993776569475,3.9350269538915077,299.4685948549594,3.5,9
829.0,3,charge,0.5751202382913767,3.954338236006275,298.8525320260883,3.0,9
830.0,1,charge,0.5072650996155302,3.9045666518335054,300.32194103525455,4.0,9
830.0,2,charge,0.5352356944867367,3.93519512096133,299.4696809196768,3.5,9
830.0,3,charge,0.575337358400318,3.9544875250848324,298.8533445362138,3.0,9
831.0,1,charge,0.5075260784754677,3.904784865919444,300.32345284298094,4.0,9
831.0,2,charge,0.535477612404002,3.9353632221681605,299.47076676993925,3.5,9
831.0,3,charge,0.5755544785092546,3.9546368852436062,298.8541569974284,3.0,9
832.0,1,charge,0.5077870573354006,3.9050030601793626,300.3249642966736,4.0,9
832.0,2,charge,0.5357195303212625,3.935531259186045,299.4718524055604,3.5,9
832.0,3,charge,0.5757715986181952,3.9547863177640883,298.8549694097323,3.0,9
833.0,1,charge,0.508048036195338,3.905221229813155,300.3264753977678,4.0,9
833.0,2,charge,0.5359614482385243,3.935699232689031,299.4729378265404,3.5,9
833.0,3,charge,0.5759887187271365,3.954935822912767,298.855781683692,3.0,9
834.0,1,charge,0.508309015055272,3.905439371540465,300.3279861471933,4.0,9
834.0,2,charge,0.5362033661557885,3.935867143355037,299.47402303287913,3.5,9
834.0,3,charge,0.576205838836077,3.9550854024747006,298.8565938618584,3.0,9
835.0,1,charge,0.508569993915206,3.9056574811298788,300.32949654620427,4.0,9
835.0,2,charge,0.5364452840730501,3.9360349880648227,299.4751080261379,3.5,9
835.0,3,charge,0.5764229589450145,3.9552350581147384,298.85740597555287,3.0,9
836.0,1,charge,0.5088309727751424,3.9058755541449597,300.33100659612893,4.0,9
836.0,2,charge,0.5366872019903116,3.9362027683994274,299.4761928059512,3.5,9
836.0,3,charge,0.576640079053955,3.9553847911478455,298.85821802477545,3.0,9
837.0,1,charge,0.5090919516350764,3.9060935873637126,300.332516297894,4.0,9
837.0,2,charge,0.5369291199075761,3.9363704861750044,299.47727737185784,3.5,9
837.0,3,charge,0.5768571991628962,3.9555346028975262,298.8590300095261,3.0,9
838.0,1,charge,0.5093529304950104,3.9063115771208086,300.3340256525796,4.0,9
838.0,2,charge,0.5371710378248374,3.936538142087949,299.4783617238577,3.5,9
838.0,3,charge,0.5770743192718366,3.9556844946959155,298.85984192980493,3.0,9
839.0,1,charge,0.5096139093549478,3.9065295193134046,300.335534661417,4.0,9
839.0,2,charge,0.5374129557420991,3.9367057368386016,299.47944586195086,3.5,9
839.0,3,charge,0.5772914393807733,3.9558344678838404,298.8606537856118,3.0,9
840.0,1,charge,0.5098748882148808,3.906747410830942,300.3370433253119,4.0,9
840.0,2,charge,0.5376548736593633,3.9368732677472744,299.4805297878536,3.5,9
840.0,3,charge,0.5775085594897147,3.955984523810918,298.8614655769468,3.0,9
841.0,1,charge,0.5101358670748182,3.9069652484686848,300.3385516452062,4.0,9
841.0,2,charge,0.5378967915766251,3.937040736050789,299.48161350130033,3.5,9
841.0,3,charge,0.5777256795986553,3.956134663835593,298.8622773038098,3.0,9
842.0,1,charge,0.5103968459347522,3.9071830284281095,300.34005962224415,4.0,9
842.0,2,charge,0.5381387094938866,3.937208143646173,299.4826970016918,3.5,9
842.0,3,charge,0.5779427997075927,3.956284889325265,298.86308896620096,3.0,9
843.0,1,charge,0.5106578247946861,3.907400747806765,300.34156725727837,4.0,9
843.0,2,charge,0.5383806274111509,3.9373754912521255,299.48378028902795,3.5,9
843.0,3,charge,0.5781599198165331,3.9564352016563227,298.8639005641202,3.0,9
844.0,1,charge,0.5109188036546226,3.9076184039077204,300.3430745510982,4.0,9
844.0,2,charge,0.5386225453284126,3.937542779591303,299.48486336330876,3.5,9
844.0,3,charge,0.5783770399254743,3.956585602214238,298.8647120975675,3.0,9
845.0,1,charge,0.5111797825145564,3.9078359932501527,300.3445815047566,4.0,9
845.0,2,charge,0.5388644632456743,3.9377100064259585,299.4859462262077,3.5,9
845.0,3,charge,0.578594160034411,3.9567360923936405,298.8655235665429,3.0,9
846.0,1,charge,0.5114407613744906,3.908053512711775,300.3460881191931,4.0,9
846.0,2,charge,0.5391063811629386,3.9378771726909845,299.487028877612,3.5,9
846.0,3,charge,0.5788112801433515,3.956886673598405,298.86633497104646,3.0,9
847.0,1,charge,0.5117017402344283,3.9082709591969405,300.34759439534304,4.0,9
847.0,2,charge,0.5393482990802002,3.938044280334248,299.48811131683834,3.5,9
847.0,3,charge,0.579028400252293,3.957037347241708,298.867146311078,3.0,9
848.0,1,charge,0.511962719094361,3.9084883306942304,300.34910033379185,4.0,9
848.0,2,charge,0.5395902169974618,3.938211330096673,299.4891935438868,3.5,9
848.0,3,charge,0.5792455203612332,3.9571881148559216,298.86795756348255,3.0,9
849.0,1,charge,0.5122236979542983,3.9087056242311444,300.3506059354438,4.0,9
849.0,2,charge,0.5398321349147261,3.938378322723212,299.4902755587574,3.5,9
849.0,3,charge,0.5794626404701712,3.957338977836492,298.8687687359801,3.0,9
850.0,1,charge,0.5124846768142324,3.908922836945999,300.3521112011717,4.0,9
850.0,2,charge,0.5400740528319878,3.9385452563806886,299.4913573630251,3.5,9
850.0,3,charge,0.5796797605791114,3.957489937572848,298.8695798395679,3.0,9
851.0,1,charge,0.5127456556741665,3.9091399661893402,300.35361613178304,4.0,9
851.0,2,charge,0.5403159707492494,3.9387121317507363,299.4924389567357,3.5,9
851.0,3,charge,0.5798968806880526,3.9576409955162273,298.8703908742459,3.0,9
852.0,1,charge,0.5130066345341039,3.9093570094302503,300.3551207280523,4.0,9
852.0,2,charge,0.5405578886665138,3.9388789508158846,299.4935203391437,3.5,9
852.0,3,charge,0.580114000796993,3.9577921531275404,298.87120184001424,3.0,9
853.0,1,charge,0.5132676133940366,3.909573964680797,300.356624990585,4.0,9
853.0,2,charge,0.5407998065837754,3.9390457143393296,299.49460151024886,3.5,9
853.0,3,charge,0.5803311209059298,3.9579434118775016,298.87201273687265,3.0,9
854.0,1,charge,0.5135285922539743,3.909790829343331,300.3581289201842,4.0,9
854.0,2,charge,0.5410417245010359,3.939212423088316,299.49568247005135,3.5,9
854.0,3,charge,0.5805482410148711,3.9580947732466916,298.87282356482143,3.0,9
855.0,1,charge,0.5137895711139083,3.9100076011504648,300.3596325175521,4.0,9
855.0,2,charge,0.5412836424183014,3.939379075589802,299.49676322001596,3.5,9
855.0,3,charge,0.5807653611238117,3.9582462387256188,298.8736343238604,3.0,9
856.0,1,charge,0.514050549973841,3.910224277911128,300.3611357833704,4.0,9
856.0,2,charge,0.541525560335563,3.939545672316199,299.49784376034296,3.5,9
856.0,3,charge,0.5809824812327493,3.958397809814823,298.87444501398954,3.0,9
857.0,1,charge,0.5143115288337787,3.910440857459424,300.36263871832057,4.0,9
857.0,2,charge,0.5417674782528235,3.939712215275093,299.4989240902323,3.5,9
857.0,3,charge,0.5811996013416896,3.9585494880249366,298.87525563520893,3.0,9
858.0,1,charge,0.5145725076937124,3.910657337673003,300.36414132307635,4.0,9
858.0,2,charge,0.5420093961700887,3.9398787052520268,299.50000420968405,3.5,9
858.0,3,charge,0.5814167214506308,3.9587012748767796,298.8760661875186,3.0,9
859.0,1,charge,0.5148334865536464,3.9108737166032643,300.36564359825286,4.0,9
859.0,2,charge,0.5422513140873505,3.9400451430366257,299.5010841186982,3.5,9
859.0,3,charge,0.5816338415595712,3.9588531719014366,298.8768766709184,3.0,9
860.0,1,charge,0.5150944654135828,3.9110899923291678,300.3671455444639,4.0,9
860.0,2,charge,0.5424932320046111,3.940211527474146,299.5021638186311,3.5,9
860.0,3,charge,0.5818509616685089,3.9590051806403213,298.8776870854085,3.0,9
861.0,1,charge,0.5153554442735166,3.9113061630017434,300.36864716230417,4.0,9
861.0,2,charge,0.5427351499218763,3.9403778588654252,299.503243309831,3.5,9
861.0,3,charge,0.5820680817774493,3.959157302645261,298.8784974309889,3.0,9
862.0,1,charge,0.5156164231334507,3.9115222265667766,300.37014845244664,4.0,9
862.0,2,charge,0.5429770678391381,3.9405441392368257,299.50432259144736,3.5,9
862.0,3,charge,0.58228520188639,3.959309539478596,298.8793077076594,3.0,9
863.0,1,charge,0.5158774019933882,3.911738181245593,300.3716494154741,4.0,9
863.0,2,charge,0.5432189857563986,3.940710369396382,299.50540166348014,3.5,9
863.0,3,charge,0.5825023219953276,3.9594618941306257,298.8801179135466,3.0,9
864.0,1,charge,0.5161383808533212,3.911954025380995,300.37315005193335,4.0,9
864.0,2,charge,0.5434609036736638,3.9408765501562777,299.50648052592936,3.5,9
864.0,3,charge,0.5827194421042682,3.9596143678151132,298.8809280491394,3.0,9
865.0,1,charge,0.5163993597132586,3.9121697573096004,300.3746503623793,4.0,9
865.0,2,charge,0.5437028215909258,3.941042680643213,299.5075591800473,3.5,9
865.0,3,charge,0.5829365622132091,3.959766961202905,298.8817381156587,3.0,9
866.0,1,charge,0.5166603385731926,3.9123853754185483,300.37615034735575,4.0,9
866.0,2,charge,0.5439447395081862,3.9412087610181286,299.508637626325,3.5,9
866.0,3,charge,0.5831536823221496,3.9599196758991626,298.8825481131046,3.0,9
867.0,1,charge,0.5169213174331267,3.91260087784584,300.3776500074987,4.0,9
867.0,2,charge,0.5441866574254515,3.941374793321856,299.50971586386305,3.5,9
867.0,3,charge,0.5833708024310872,3.96007251351994,298.88335804147687,3.0,9
868.0,1,charge,0.5171822962930641,3.9128162631897805,300.3791493432906,4.0,9
868.0,2,charge,0.5444285753427133,3.9415407783851455,299.5107938926613,3.5,9
868.0,3,charge,0.5835879225400278,3.9602254756922792,298.8841679007757,3.0,9
869.0,1,charge,0.517443275152997,3.913031529953411,300.380648355253,4.0,9
869.0,2,charge,0.5446704932599739,3.9417067170430204,299.51187171271977,3.5,9
869.0,3,charge,0.5838050426489692,3.9603785640542637,298.884977691001,3.0,9
870.0,1,charge,0.5177042540129345,3.9132466766914344,300.3821470438954,4.0,9
870.0,2,charge,0.544912411177239,3.9418726087409173,299.5129493251519,3.5,9
870.0,3,charge,0.5840221627579096,3.960531780255118,298.8857874121528,3.0,9
871.0,1,charge,0.5179652328728686,3.9134617019564164,300.38364540973424,4.0,9
871.0,2,charge,0.5451543290945009,3.9420384533984945,299.5140267306976,3.5,9
871.0,3,charge,0.5842392828668463,3.960685125955272,298.88659706423107,3.0,9
872.0,1,charge,0.5182262117328025,3.9136766042732862,300.38514345330174,4.0,9
872.0,2,charge,0.5453962470117614,3.9422042528715004,299.51510392855386,3.5,9
872.0,3,charge,0.5844564029757875,3.9608386028264517,298.8874066472358,3.0,9
873.0,1,charge,0.518487190592739,3.9138913823776713,300.38664117506255,4.0,9
873.0,2,charge,0.5456381649290266,3.9423700079127113,299.51618091880187,3.5,9
873.0,3,charge,0.584673523084728,3.9609922125517545,298.8882161611671,3.0,9
874.0,1,charge,0.5187481694526729,3.9141060349839316,300.38813857549474,4.0,9
874.0,2,charge,0.5458800828462882,3.942535719279454,299.5172577015226,3.5,9
874.0,3,charge,0.5848906431936657,3.961145956825725,298.88902560602486,3.0,9
875.0,1,charge,0.5190091483126068,3.914320560852599,300.3896356550662,4.0,9
875.0,2,charge,0.546122000763549,3.9427013877336403,299.5183342767973,3.5,9
875.0,3,charge,0.5851077633026062,3.961299837354414,298.8898349818091,3.0,9
876.0,1,charge,0.5192701271725442,3.914534958714241,300.3911324142617,4.0,9
876.0,2,charge,0.5463639186808105,3.9428670140417594,299.5194106447071,3.5,9
876.0,3,charge,0.5853248834115478,3.961453855855493,298.89064428851987,3.0,9
877.0,1,charge,0.5195311060324772,3.914749227381165,300.3926288535432,4.0,9
877.0,2,charge,0.5466058365980757,3.94303259897494,299.520486805333,3.5,9
877.0,3,charge,0.585542003520488,3.9616080140583048,298.8914535261571,3.0,9
878.0,1,charge,0.5197920848924147,3.914963365750809,300.39412497334877,4.0,9
878.0,2,charge,0.5468477545153362,3.9431981426974,299.52156275932833,3.5,9
878.0,3,charge,0.5857591236294257,3.9617623137039426,298.89226269472084,3.0,9
879.0,1,charge,0.5200530637523487,3.9151773727353287,300.39562077411756,4.0,9
879.0,2,charge,0.547089672432598,3.9433636452769094,299.5226385074423,3.5,9
879.0,3,charge,0.5859762437383663,3.9619167565453344,298.89307179421104,3.0,9
880.0,1,charge,0.5203140426122825,3.9153912472891994,300.3971162562795,4.0,9
880.0,2,charge,0.5473315903498632,3.9435291082035704,299.5237140490974,3.5,9
880.0,3,charge,0.5861933638473074,3.962071344347312,298.8938808246278,3.0,9
881.0,1,charge,0.5205750214722188,3.9156049881906974,300.39861142033203,4.0,9
881.0,2,charge,0.5475735082671238,3.9436945322027634,299.5247893844361,3.5,9
881.0,3,charge,0.5864104839562478,3.9622260788866797,298.89468978597097,3.0,9
882.0,1,charge,0.5208360003321529,3.9158185945544375,300.40010626666134,4.0,9
882.0,2,charge,0.5478154261843854,3.9438599180047356,299.52586451360077,3.5,9
882.0,3,charge,0.5866276040651855,3.9623809619523174,298.89549867824064,3.0,9
883.0,1,charge,0.5210969791920869,3.9160320654433525,300.4016007956774,4.0,9
883.0,2,charge,0.5480573441016497,3.9440252663446236,299.5269394367337,3.5,9
883.0,3,charge,0.586844724174126,3.9625359953452173,298.89630750143687,3.0,9
884.0,1,charge,0.5213579580520243,3.916245399954578,300.40309500778403,4.0,9
884.0,2,charge,0.5482992620189113,3.944190577962466,299.5280141539773,3.5,9
884.0,3,charge,0.5870618442830675,3.9626911808785787,298.89711625555947,3.0,9
885.0,1,charge,0.5216189369119573,3.916458597226817,300.4045889033763,4.0,9
885.0,2,charge,0.5485411799361727,3.9443558536032626,299.529088665474,3.5,9
885.0,3,charge,0.5872789643920042,3.9628465203778656,298.8979249406087,3.0,9
886.0,1,charge,0.5218799157718949,3.9166716564402724,300.4060824828408,4.0,9
886.0,2,charge,0.5487830978534374,3.9445210939406783,299.5301629715123,3.5,9
886.0,3,charge,0.5874960845009448,3.9630020156809147,298.8987335565843,3.0,9
887.0,1,charge,0.5221408946318288,3.9168845768165927,300.4075757465553,4.0,9
887.0,2,charge,0.549025015770699,3.9446862995616883,299.53123707255736,3.5,9
887.0,3,charge,0.5877132046098857,3.9631576686379564,298.89954210348645,3.0,9
888.0,1,charge,0.5224018734917627,3.9170973572686156,300.40906869501,4.0,9
888.0,2,charge,0.5492669336879603,3.9448514713659018,299.53231096848407,3.5,9
888.0,3,charge,0.5879303247188264,3.9633134811117223,298.90035058131514,3.0,9
889.0,1,charge,0.5226628523516992,3.91730999704032,300.4105613285862,4.0,9
889.0,2,charge,0.5495088516052249,3.945016610107343,299.5333846594563,3.5,9
889.0,3,charge,0.588147444827764,3.963469454977502,298.90115899007026,3.0,9
890.0,1,charge,0.5229238312116331,3.9175224955632477,300.41205364760606,4.0,9
890.0,2,charge,0.5497507695224862,3.945181716545138,299.5344581456378,3.5,9
890.0,3,charge,0.5883645649367046,3.963625592123219,298.9019673297519,3.0,9
891.0,1,charge,0.523184810071567,3.917734852162708,300.413545652434,4.0,9
891.0,2,charge,0.5499926874397479,3.9453467914435576,299.5355314271924,3.5,9
891.0,3,charge,0.5885816850456461,3.963781894449482,298.90277560036003,3.0,9
892.0,1,charge,0.5234457889315045,3.917947066200832,300.4150373434272,4.0,9
892.0,2,charge,0.5502346053570123,3.945511835572022,299.5366045042839,3.5,9
892.0,3,charge,0.5887988051545864,3.963938363869663,298.90358380189457,3.0,9
893.0,1,charge,0.5237067677914377,3.91815913707647,300.41652872093584,4.0,9
893.0,2,charge,0.5504765232742739,3.9456768497051424,299.53767737707614,3.5,9
893.0,3,charge,0.5890159252635242,3.9640950023099846,298.90439193435566,3.0,9
894.0,1,charge,0.523967746651375,3.918371064225149,300.4180197853027,4.0,9
894.0,2,charge,0.5507184411915353,3.9458418346601114,299.5387500457401,3.5,9
894.0,3,charge,0.5892330453724647,3.964251811709545,298.9051999977433,3.0,9
895.0,1,charge,0.524228725511309,3.9185828469884676,300.4195105369084,4.0,9
895.0,2,charge,0.5509603591087998,3.94600679139522,299.53982251047296,3.5,9
895.0,3,charge,0.5894501654814057,3.964408794020412,298.90600799205737,3.0,9
896.0,1,charge,0.5244897043712429,3.9187944845967877,300.4210009761771,4.0,9
896.0,2,charge,0.5512022770260615,3.946171720592984,299.54089477141787,3.5,9
896.0,3,charge,0.5896672855903462,3.9645659512076747,298.90681591729793,3.0,9
897.0,1,charge,0.5247506832311795,3.919005976690983,300.4224911033975,4.0,9
897.0,2,charge,0.551444194943322,3.9463366230637478,299.5419668287414,3.5,9
897.0,3,charge,0.5898844056992839,3.9647232852495184,298.907623773465,3.0,9
898.0,1,charge,0.5250116620911133,3.919217322769386,300.42398091891243,4.0,9
898.0,2,charge,0.5516861128605874,3.9465014996231536,299.54303868261024,3.5,9
898.0,3,charge,0.5901015258082245,3.9648807981372567,298.90843156055854,3.0,9
899.0,1,charge,0.5252726409510473,3.9194285223579346,300.4254704230608,4.0,9
899.0,2,charge,0.551928030777849,3.9466663510922464,299.544110333191,3.5,9
899.0,3,charge,0.590318645917166,3.9650384918754322,298.90923927857864,3.0,9
900.0,1,charge,0.5255336198109847,3.919639575010108,300.4269596161773,4.0,9
900.0,2,charge,0.5521699486951095,3.946831178297475,299.5451817806503,3.5,9
900.0,3,charge,0.5905357660261065,3.965196368481831,298.9100469275251,3.0,9
900.0,1,charge,0.5255336198109839,3.919639575010108,300.4269596161773,4.0,10
900.0,1,charge,0.5255336198109847,3.919639575010108,300.4269596161773,4.0,10
900.0,2,charge,0.5521699486951109,3.946831178297475,299.5451817806503,3.5,10
900.0,2,charge,0.5521699486951095,3.946831178297475,299.5451817806503,3.5,10
900.0,3,charge,0.5905357660261045,3.965196368481831,298.9100469275251,3.0,10
900.0,3,charge,0.5905357660261065,3.965196368481831,298.9100469275251,3.0,10
901.0,1,charge,0.5257945986709177,3.919850504664388,300.4284483487723,4.0,10
901.0,2,charge,0.5524118666123748,3.9469959965846044,299.5462528403436,3.5,10
901.0,3,charge,0.5907528861350433,3.9653544288331064,298.9108543663684,3.0,10
902.0,1,charge,0.5260555775308551,3.9200612941458832,300.4299367182747,4.0,10
902.0,2,charge,0.5526537845296366,3.9471607888103,299.5473237393147,3.5,10
902.0,3,charge,0.5909700062439841,3.9655126762372213,298.9116617255977,3.0,10
903.0,1,charge,0.5263165563907891,3.9202719181787593,300.4314248811681,4.0,10
903.0,2,charge,0.5528957024468971,3.9473255618279453,299.5483944014024,3.5,10
903.0,3,charge,0.5911871263529248,3.96567111345804,298.9124690848271,3.0,10
904.0,1,charge,0.5265775352507229,3.9204823861439597,300.4329127767296,4.0,10
904.0,2,charge,0.5531376203641625,3.9474903087996758,299.5494649285419,3.5,10
904.0,3,charge,0.5914042464618625,3.96582974179392,298.913276352484,3.0,10
905.0,1,charge,0.5268385141106595,3.9206927049645257,300.43440036052624,4.0,10
905.0,2,charge,0.5533795382814242,3.9476550307472693,299.5505353207333,3.5,10
905.0,3,charge,0.591621366570803,3.965988561430677,298.9140833037828,3.0,10
906.0,1,charge,0.5270994929705933,3.9209028694107353,300.4358876694138,4.0,10
906.0,2,charge,0.5536214561986847,3.947819734983196,299.5516054898216,3.5,10
906.0,3,charge,0.5918384866797445,3.9661475771390466,298.9148902550816,3.0,10
907.0,1,charge,0.5273604718305274,3.9211128829316344,300.43737467404054,4.0,10
907.0,2,charge,0.55386337411595,3.9479844201364243,299.5526754694201,3.5,10
907.0,3,charge,0.5920556067886847,3.966306791031694,298.9156972063805,3.0,10
908.0,1,charge,0.5276214506904647,3.921322745817502,300.4388613744915,4.0,10
908.0,2,charge,0.5541052920332116,3.948149086532334,299.553745269462,3.5,10
908.0,3,charge,0.5922727268976226,3.9664662052349726,298.9165041576793,3.0,10
909.0,1,charge,0.5278824295503979,3.921532457619471,300.4403477778446,4.0,10
909.0,2,charge,0.5543472099504722,3.948313735541876,299.5548148836863,3.5,10
909.0,3,charge,0.592489847006563,3.9666258218889965,298.9173111089782,3.0,10
910.0,1,charge,0.5281434084103351,3.9217420171717077,300.4418338656995,4.0,10
910.0,2,charge,0.5545891278677336,3.9484783695010823,299.555884287694,3.5,10
910.0,3,charge,0.592706967115504,3.966785642628877,298.9181179924766,3.0,10
911.0,1,charge,0.5284043872702693,3.9219514257100023,300.4433196492265,4.0,10
911.0,2,charge,0.554831045784999,3.948642988602847,299.55695349765716,3.5,10
911.0,3,charge,0.5929240872244446,3.966945667110985,298.91892448008576,3.0,10
912.0,1,charge,0.5286653661302031,3.9221606836255423,300.44480512903505,4.0,10
912.0,2,charge,0.5550729637022598,3.9488075939024303,299.55802251357574,3.5,10
912.0,3,charge,0.5931412073333823,3.9671059002073754,298.91973092353845,3.0,10
913.0,1,charge,0.5289263449901397,3.9223697912700493,300.4462903051252,4.0,10
913.0,2,charge,0.5553148816195213,3.9489721861318596,299.5590913263255,3.5,10
913.0,3,charge,0.593358327442323,3.96726634411328,298.9205373228347,3.0,10
914.0,1,charge,0.5291873238500735,3.922578748386096,300.44777517705944,4.0,10
914.0,2,charge,0.5555567995367866,3.949136766320464,299.5601599348587,3.5,10
914.0,3,charge,0.5935754475512633,3.9674270010378594,298.92134367797456,3.0,10
915.0,1,charge,0.5294483027100075,3.922787551214661,300.44925974191426,4.0,10
915.0,2,charge,0.5557987174540471,3.9493013357535967,299.56122834507113,3.5,10
915.0,3,charge,0.5937925676602012,3.967587873204249,298.9221499889579,3.0,10
916.0,1,charge,0.529709281569945,3.9229962031362944,300.45074400180596,4.0,10
916.0,2,charge,0.5560406353713087,3.949465895509811,299.56229655696296,3.5,10
916.0,3,charge,0.5940096877691416,3.967748962849593,298.9229562557849,3.0,10
917.0,1,charge,0.5299702604298779,3.9232047045458867,300.45222795673453,4.0,10
917.0,2,charge,0.5562825532885741,3.9496304466735754,299.563364570534,3.5,10
917.0,3,charge,0.5942268078780825,3.967910272225055,298.9237624784555,3.0,10
918.0,1,charge,0.5302312392898154,3.9234130558481124,300.4537116067,4.0,10
918.0,2,charge,0.5565244712058347,3.949794990335347,299.56443238578436,3.5,10
918.0,3,charge,0.5944439279870228,3.9680718035958615,298.9245686569696,3.0,10
919.0,1,charge,0.5304922181497496,3.9236212557646297,300.4551949521341,4.0,10
919.0,2,charge,0.5567663891230963,3.94995952759158,299.56550000271403,3.5,10
919.0,3,charge,0.5946610480959607,3.9682335592413165,298.92537479132733,3.0,10
920.0,1,charge,0.5307531970096835,3.923829301501966,300.45667799385916,4.0,10
920.0,2,charge,0.5570083070403608,3.950124056134836,299.56656741945284,3.5,10
920.0,3,charge,0.5948781682049011,3.9683955414548326,298.9261808815286,3.0,10
921.0,1,charge,0.531014175869621,3.924037196372767,300.4581607311428,4.0,10
921.0,2,charge,0.5572502249576222,3.950288578344601,299.56763463669597,3.5,10
921.0,3,charge,0.5950952883138425,3.9685577525439433,298.9269869275734,3.0,10
922.0,1,charge,0.5312751547295539,3.9242449408254103,300.45964316398505,4.0,10
922.0,2,charge,0.5574921428748836,3.950453096734789,299.56870165520996,3.5,10
922.0,3,charge,0.5953124084227831,3.968720194830318,298.9277929294618,3.0,10
923.0,1,charge,0.5315361335894914,3.9244525353179913,300.46112529238576,4.0,10
923.0,2,charge,0.5577340607921484,3.950617612427269,299.5697684749949,3.5,10
923.0,3,charge,0.5955295285317198,3.9688828706497823,298.9285988871938,3.0,10
924.0,1,charge,0.5317971124494254,3.924659977613431,300.46260711779803,4.0,10
924.0,2,charge,0.5579759787094098,3.950782126550238,299.5708350960506,3.5,10
924.0,3,charge,0.5957466486406607,3.9690457823523255,298.92940480076936,3.0,10
925.0,1,charge,0.532058091309358,3.9248672667000557,300.46408864102585,4.0,10
925.0,2,charge,0.5582178966266712,3.9509466402382376,299.5719015183772,3.5,10
925.0,3,charge,0.5959637687496012,3.969208932302114,298.93021067018844,3.0,10
926.0,1,charge,0.5323190701692956,3.9250744052490294,300.4655698608996,4.0,10
926.0,2,charge,0.5584598145439359,3.9511111546322413,299.57296774197476,3.5,10
926.0,3,charge,0.5961808888585388,3.96937232287749,298.93101649545116,3.0,10
927.0,1,charge,0.5325800490292294,3.9252813937619084,300.46705077741916,4.0,10
927.0,2,charge,0.5587017324611975,3.951275670879709,299.57403376684323,3.5,10
927.0,3,charge,0.5963980089674793,3.9695359564709705,298.9318222765574,3.0,10
928.0,1,charge,0.5328410278891633,3.92548823274989,300.46853139058464,4.0,10
928.0,2,charge,0.5589436503784588,3.951440190134664,299.57509959298244,3.5,10
928.0,3,charge,0.5966151290764208,3.969699835489277,298.93262801350727,3.0,10
929.0,1,charge,0.5331020067491011,3.925694919144057,300.4700117027535,4.0,10
929.0,2,charge,0.5591855682957234,3.9516047135577343,299.5761652203927,3.5,10
929.0,3,charge,0.5968322491853614,3.9698639623532834,298.93343370630066,3.0,10
930.0,1,charge,0.5333629856090337,3.9259014537939727,300.4714917137215,4.0,10
930.0,2,charge,0.5594274862129851,3.9517692423162405,299.5772306490738,3.5,10
930.0,3,charge,0.5970493692942992,3.9700283392019537,298.934239290974,3.0,10
931.0,1,charge,0.5336239644689678,3.926107838612312,300.4729714225912,4.0,10
931.0,2,charge,0.5596694041302465,3.9519337775842507,299.5782958790257,3.5,10
931.0,3,charge,0.5972664894032389,3.970192968389035,298.9350447469751,3.0,10
932.0,1,charge,0.5338849433289052,3.9263140741532503,300.4744508293624,4.0,10
932.0,2,charge,0.559911322047511,3.952098319414804,299.57936091148576,3.5,10
932.0,3,charge,0.5974836095121795,3.970357852705344,298.9358501450824,3.0,10
933.0,1,charge,0.5341459221888382,3.9265201609805236,300.4759299340352,4.0,10
933.0,2,charge,0.5601532399647726,3.9522628638404975,299.58042575211186,3.5,10
933.0,3,charge,0.5977007296211173,3.9705229946283036,298.9366554852958,3.0,10
934.0,1,charge,0.5344069010487756,3.9267260953036893,300.4774087397825,4.0,10
934.0,2,charge,0.560395157882034,3.9524274172745546,299.5814903951825,3.5,10
934.0,3,charge,0.5979178497300576,3.9706883966494426,298.9374607676153,3.0,10
935.0,1,charge,0.5346678799087096,3.9269318797254478,300.47888724514223,4.0,10
935.0,2,charge,0.5606370757992987,3.95259198091963,299.5825548406976,3.5,10
935.0,3,charge,0.598134969838999,3.9708540612743723,298.93826599204095,3.0,10
936.0,1,charge,0.5349288587686437,3.9271375154154553,300.48036544969807,4.0,10
936.0,2,charge,0.5608789937165602,3.952756555985461,299.5836190886572,3.5,10
936.0,3,charge,0.5983520899479395,3.9710199910227653,298.9390711585728,3.0,10
937.0,1,charge,0.5351898376285812,3.9273430029798964,300.4818433534501,4.0,10
937.0,2,charge,0.5611209116338216,3.9529211436889184,299.5846831390613,3.5,10
937.0,3,charge,0.5985692100568774,3.9711861884283106,298.9398762672107,3.0,10
938.0,1,charge,0.5354508164885139,3.927548342862051,300.4833209565331,4.0,10
938.0,2,charge,0.5613628295510862,3.9530857452540937,299.5857469919099,3.5,10
938.0,3,charge,0.5987863301658181,3.9713526560387047,298.9406813179548,3.0,10
939.0,1,charge,0.5357117953484479,3.9277535311540515,300.4847982624948,4.0,10
939.0,2,charge,0.5616047474683475,3.953250361912369,299.586810647203,3.5,10
939.0,3,charge,0.5990034502747577,3.9715193964155677,298.941486310805,3.0,10
940.0,1,charge,0.5359727742083856,3.927958571553379,300.4862752689454,4.0,10
940.0,2,charge,0.5618466653856092,3.953414994902485,299.5878741049405,3.5,10
940.0,3,charge,0.5992205703836955,3.9716864121344537,298.94229124576134,3.0,10
941.0,1,charge,0.5362337530683183,3.928163464708178,300.487751975885,4.0,10
941.0,2,charge,0.5620885833028738,3.9535796454706156,299.5889373651225,3.5,10
941.0,3,charge,0.5994376904926361,3.9718537057847447,298.9430961228239,3.0,10
942.0,1,charge,0.5364947319282558,3.9283682112760356,300.4892283833135,4.0,10
942.0,2,charge,0.5623305012201352,3.9537443148704616,299.59000042774903,3.5,10
942.0,3,charge,0.5996548106015774,3.9720212799696526,298.9439009419925,3.0,10
943.0,1,charge,0.5367557107881897,3.9285728110606195,300.49070449195096,4.0,10
943.0,2,charge,0.5625724191373965,3.9539090043633056,299.5910632928201,3.5,10
943.0,3,charge,0.5998719307105179,3.972189137306121,298.94470570326723,3.0,10
944.0,1,charge,0.5370166896481234,3.928777261661843,300.49218030436685,4.0,10
944.0,2,charge,0.5628143370546613,3.9540737152181,299.5921259603355,3.5,10
944.0,3,charge,0.6000890508194557,3.972357280424795,298.94551040664817,3.0,10
945.0,1,charge,0.5372776685080602,3.928981566181386,300.49365581855153,4.0,10
945.0,2,charge,0.5630562549719228,3.95423844412782,299.5931884374404,3.5,10
945.0,3,charge,0.6003061709283962,3.972525711969936,298.9463150521352,3.0,10
946.0,1,charge,0.537538647367994,3.929185725318302,300.49513103450494,4.0,10
946.0,2,charge,0.5632981728891842,3.9544031934868213,299.59425072241,3.5,10
946.0,3,charge,0.6005232910373368,3.972694434599344,298.94711963972844,3.0,10
947.0,1,charge,0.537799626227928,3.9293897397810325,300.496605952227,4.0,10
947.0,2,charge,0.563540090806449,3.9545679669774043,299.5953128115214,3.5,10
947.0,3,charge,0.6007404111462775,3.972863450984323,298.9479241694277,3.0,10
948.0,1,charge,0.5380606050878654,3.929593608939517,300.4980805729146,4.0,10
948.0,2,charge,0.5637820087237103,3.9547327659007703,299.59637470477475,3.5,10
948.0,3,charge,0.6009575312552143,3.97303276380953,298.9487286412332,3.0,10
949.0,1,charge,0.5383215839477984,3.929797331753636,300.4995548981411,4.0,10
949.0,2,charge,0.5640239266409717,3.9548975915661573,299.5974364021698,3.5,10
949.0,3,charge,0.6011746513641557,3.9732023757729804,298.94953305514474,3.0,10
950.0,1,charge,0.5385825628077359,3.93000091035469,300.5010289266732,4.0,10
950.0,2,charge,0.5642658445582363,3.9550624452909533,299.59849790370674,3.5,10
950.0,3,charge,0.6013917714730963,3.973372289794826,298.95033738292364,3.0,10
951.0,1,charge,0.5388435416676698,3.9302043453363638,300.50250265865026,4.0,10
951.0,2,charge,0.5645077624754979,3.9552273284007597,299.5995592093855,3.5,10
951.0,3,charge,0.6016088915820341,3.9735425084766813,298.95114164116904,3.0,10
952.0,1,charge,0.5391045205276036,3.9304076373022223,300.50397609421134,4.0,10
952.0,2,charge,0.5647496803927593,3.9553922422294674,299.6006203192062,3.5,10
952.0,3,charge,0.6018260116909744,3.973713034496364,298.951945837933,3.0,10
953.0,1,charge,0.5393654993875403,3.9306107868656586,300.50544923349605,4.0,10
953.0,2,charge,0.5649915983100239,3.9555571881193683,299.6016812331687,3.5,10
953.0,3,charge,0.6020431317999152,3.973883870604152,298.95274997321553,3.0,10
954.0,1,charge,0.5396264782474741,3.9308137946499224,300.50692207664355,4.0,10
954.0,2,charge,0.5652335162272855,3.955722167421227,299.602741951273,3.5,10
954.0,3,charge,0.6022602519088558,3.9740550195631537,298.95355404701667,3.0,10
955.0,1,charge,0.5398874571074118,3.931016661082734,300.5083946240162,4.0,10
955.0,2,charge,0.5654754341445459,3.9558871814943704,299.6038024735191,3.5,10
955.0,3,charge,0.6024773720177935,3.9742264841491353,298.9543580593363,3.0,10
956.0,1,charge,0.5401484359673456,3.9312193853256274,300.5098668773631,4.0,10
956.0,2,charge,0.5657173520618115,3.956052231706778,299.6048627999071,3.5,10
956.0,3,charge,0.6026944921267341,3.9743982671504545,298.9551620101745,3.0,10
957.0,1,charge,0.5404094148272786,3.931421969014256,300.51133883575966,4.0,10
957.0,2,charge,0.5659592699790731,3.9562173187112455,299.6059229317687,3.5,10
957.0,3,charge,0.6029116122356756,3.9745703713678786,298.95596589953124,3.0,10
958.0,1,charge,0.5406703936872161,3.931624412728933,300.51281049943685,4.0,10
958.0,2,charge,0.5662011878963334,3.9563824383571475,299.60698287929137,3.5,10
958.0,3,charge,0.6031287323446123,3.9747427996144897,298.9567697274066,3.0,10
959.0,1,charge,0.54093137254715,3.931826717060084,300.51428186862546,4.0,10
959.0,2,charge,0.5664431058135988,3.9565475972866917,299.60804263282466,3.5,10
959.0,3,charge,0.6033458524535529,3.974915554715519,298.95757349380045,3.0,10
960.0,1,charge,0.5411923514070837,3.9320288826082344,300.51575294355615,4.0,10
960.0,2,charge,0.5666850237308604,3.9567127969039744,299.6091021923688,3.5,10
960.0,3,charge,0.6035629725624936,3.975088639508201,298.95837719871287,3.0,10
961.0,1,charge,0.5414533302670205,3.9322309099839874,300.51722372446005,4.0,10
961.0,2,charge,0.5669269416481211,3.9568780386221816,299.61016155792373,3.5,10
961.0,3,charge,0.6037800926714338,3.9752620568416317,298.95918084214384,3.0,10
962.0,1,charge,0.5417143091269543,3.932432799808046,300.5186942115678,4.0,10
962.0,2,charge,0.5671688595653824,3.9570433238636795,299.61122072948945,3.5,10
962.0,3,charge,0.6039972127803718,3.975435809576592,298.9599844240934,3.0,10
963.0,1,charge,0.5419752879868882,3.932634552474554,300.52016440563915,4.0,10
963.0,2,charge,0.5674107774826478,3.9572086540601252,299.61227970706585,3.5,10
963.0,3,charge,0.6042143328893124,3.975609900585397,298.9607879445615,3.0,10
964.0,1,charge,0.5422362668468258,3.9328361687250837,300.52163430668134,4.0,10
964.0,2,charge,0.5676526953999084,3.957374030652532,299.61333849065306,3.5,10
964.0,3,charge,0.6044314529982537,3.975784332751719,298.9615914035482,3.0,10
965.0,1,charge,0.5424972457067586,3.9330376492279555,300.52310391488714,4.0,10
965.0,2,charge,0.56789461331717,3.9575394550914176,299.614397080251,3.5,10
965.0,3,charge,0.6046485731071943,3.9759591089703834,298.96239480105345,3.0,10
966.0,1,charge,0.5427582245666963,3.9332389946314814,300.52457323051664,4.0,10
966.0,2,charge,0.5681365312344353,3.95770492883686,299.61545547585973,3.5,10
966.0,3,charge,0.6048656932161312,3.9761342321472064,298.9631981370772,3.0,10
967.0,1,charge,0.54301920342663,3.9334402055941036,300.5260422538299,4.0,10
967.0,2,charge,0.568378449151696,3.95787045335861,299.6165136774793,3.5,10
967.0,3,charge,0.6050828133250719,3.9763097051987994,298.9640014116195,3.0,10
968.0,1,charge,0.5432801822865638,3.933641282784397,300.52751098508713,4.0,10
968.0,2,charge,0.5686203670689576,3.9580360301362,299.61757168510957,3.5,10
968.0,3,charge,0.6052999334340123,3.9764855310523606,298.9648046246804,3.0,10
969.0,1,charge,0.5435411611465006,3.9338422268810334,300.52897942454825,4.0,10
969.0,2,charge,0.5688622849862219,3.9582016606590313,299.61862949875064,3.5,10
969.0,3,charge,0.6055170535429502,3.976661712688781,298.96560777612746,3.0,10
970.0,1,charge,0.5438021400064343,3.934043039084006,300.5304475724446,4.0,10
970.0,2,charge,0.5691042029034835,3.958367342883671,299.61968712579466,3.5,10
970.0,3,charge,0.6057341736518905,3.9768382535633817,298.9664108644101,3.0,10
971.0,1,charge,0.5440631188663684,3.9342437201273217,300.53191542903414,4.0,10
971.0,2,charge,0.5693461208207449,3.9585330786308752,299.620744565596,3.5,10
971.0,3,charge,0.605951293760832,3.977015156136786,298.9672138910479,3.0,10
972.0,1,charge,0.5443240977263057,3.9344442704357085,300.53338299459307,4.0,10
972.0,2,charge,0.5695880387380096,3.958698871732482,299.6218018133319,3.5,10
972.0,3,charge,0.6061684138697726,3.9771924233764384,298.96801685604106,3.0,10
973.0,1,charge,0.5445850765862388,3.934644690739827,300.5348502693807,4.0,10
973.0,2,charge,0.5698299566552709,3.958864723718822,299.6228588690023,3.5,10
973.0,3,charge,0.6063855339787103,3.97737005825922,298.96881975938936,3.0,10
974.0,1,charge,0.5448460554461761,3.9348449817804365,300.5363172536564,4.0,10
974.0,2,charge,0.5700718745725325,3.959030636130612,299.6239157326073,3.5,10
974.0,3,charge,0.60660265408765,3.97754806377125,298.96962260109285,3.0,10
975.0,1,charge,0.5451070343061102,3.935045144308398,300.53778394767977,4.0,10
975.0,2,charge,0.5703137924897971,3.9591966105190615,299.6249724041469,3.5,10
975.0,3,charge,0.6068197741965905,3.9777264429075916,298.97042538115164,3.0,10
976.0,1,charge,0.545368013166044,3.9352451790846743,300.53925035171005,4.0,10
976.0,2,charge,0.5705557104070584,3.959362648445934,299.62602888362096,3.5,10
976.0,3,charge,0.6070368943055284,3.9779051986720217,298.9712280995656,3.0,10
977.0,1,charge,0.5456289920259807,3.935445086880341,300.54071646600664,4.0,10
977.0,2,charge,0.5707976283243201,3.9595287514837474,299.62708517102965,3.5,10
977.0,3,charge,0.6072540144144689,3.9780843340767307,298.9720307563349,3.0,10
978.0,1,charge,0.5458899708859145,3.93564486847659,300.54218229082903,4.0,10
978.0,2,charge,0.5710395462415845,3.9596949212157875,299.6281412663729,3.5,10
978.0,3,charge,0.6074711345234105,3.9782638521420566,298.97283335145937,3.0,10
979.0,1,charge,0.5461509497458484,3.935844524664727,300.54364782643665,4.0,10
979.0,2,charge,0.5712814641588461,3.9598611592362833,299.6291971696507,3.5,10
979.0,3,charge,0.6076882546323509,3.9784437558962007,298.97363588493903,3.0,10
980.0,1,charge,0.5464119286057859,3.9360440562461987,300.54511307308877,4.0,10
980.0,2,charge,0.5715233820761076,3.960027467150498,299.63025288086305,3.5,10
980.0,3,charge,0.6079053747412887,3.9786240483749107,298.974438356774,3.0,10
981.0,1,charge,0.546672907465719,3.9362434640325965,300.54657803104493,4.0,10
981.0,2,charge,0.571765299993372,3.960193846574832,299.63130840000997,3.5,10
981.0,3,charge,0.6081224948502292,3.978804732621193,298.97524076696413,3.0,10
982.0,1,charge,0.5469338863256563,3.9364427488456366,300.5480427005645,4.0,10
982.0,2,charge,0.5720072179106337,3.960360298955867,299.63236372750356,3.5,10
982.0,3,charge,0.6083396149591699,3.978985811684992,298.9760431155095,3.0,10
983.0,1,charge,0.5471948651855904,3.936641912206494,300.54950708176784,4.0,10
983.0,2,charge,0.5722491358278953,3.960526822848787,299.63341887036415,3.5,10
983.0,3,charge,0.6085567350681066,3.9791672886228606,298.97684540241016,3.0,10
984.0,1,charge,0.547455844045524,3.936840954859152,300.55097117493386,4.0,10
984.0,2,charge,0.5724910537451596,3.960693422419104,299.63447382286876,3.5,10
984.0,3,charge,0.6087738551770473,3.9793491664976273,298.977647627666,3.0,10
985.0,1,charge,0.5477168229054609,3.937039877460072,300.5524349803613,4.0,10
985.0,2,charge,0.5727329716624212,3.960860099329189,299.63552858501725,3.5,10
985.0,3,charge,0.6089909752859887,3.9795314483780793,298.97844979127706,3.0,10
986.0,1,charge,0.5479778017653946,3.9372386809148487,300.5538984983007,4.0,10
986.0,2,charge,0.5729748895796828,3.961026855253115,299.6365831568097,3.5,10
986.0,3,charge,0.6092080953949291,3.979714137338557,298.9792518932434,3.0,10
987.0,1,charge,0.5482387806253285,3.9374373661391777,300.5553617290025,4.0,10
987.0,2,charge,0.5732168074969469,3.961193691876783,299.6376375382461,3.5,10
987.0,3,charge,0.6094252155038671,3.979897236458638,298.98005393356493,3.0,10
988.0,1,charge,0.548499759485266,3.9376359340588527,300.5568246727173,4.0,10
988.0,2,charge,0.5734587254142088,3.961360610898022,299.63869172932647,3.5,10
988.0,3,charge,0.6096423356128076,3.9800807488227683,298.9808559122417,3.0,10
989.0,1,charge,0.548760738345199,3.9378343856098086,300.5582873296956,4.0,10
989.0,2,charge,0.5737006433314704,3.9615276140267373,299.63974573005083,3.5,10
989.0,3,charge,0.6098594557217478,3.980264677519852,298.98165782927373,3.0,10
990.0,1,charge,0.5490217172051365,3.938032721738116,300.55974970018787,4.0,10
990.0,2,charge,0.573942561248735,3.9616947029850054,299.6407995404191,3.5,10
990.0,3,charge,0.6100765758306885,3.980449025642869,298.9824596846609,3.0,10
990.0,1,charge,0.5490217172051348,3.938032721738116,300.55974970018787,4.0,11
990.0,1,charge,0.5490217172051365,3.938032721738116,300.55974970018787,4.0,11
990.0,2,charge,0.5739425612487338,3.9616947029850054,299.6407995404191,3.5,11
990.0,2,charge,0.573942561248735,3.9616947029850054,299.6407995404191,3.5,11
990.0,3,charge,0.6100765758306872,3.980449025642869,298.9824596846609,3.0,11
990.0,3,charge,0.6100765758306885,3.980449025642869,298.9824596846609,3.0,11
991.0,1,charge,0.5492826960650704,3.9382309597574707,300.5612115455844,4.0,11
991.0,2,charge,0.5741844791659964,3.9618618877647656,299.6418529465065,3.5,11
991.0,3,charge,0.6102936959396255,3.980633795761999,298.9832613513739,3.0,11
992.0,1,charge,0.5495436749250042,3.938429081817561,300.5626731390176,4.0,11
992.0,2,charge,0.574426397083258,3.9620291586513385,299.6429062249112,3.5,11
992.0,3,charge,0.6105108160485668,3.98081899152832,298.9840629465084,3.0,11
993.0,1,charge,0.5498046537849409,3.938627092730634,300.5641344259447,4.0,11
993.0,2,charge,0.5746683150005221,3.962196522343847,299.64395924900265,3.5,11
993.0,3,charge,0.6107279361575075,3.981004616352335,298.9848645416429,3.0,11
994.0,1,charge,0.5500656326448747,3.9388249858811966,300.56559552256056,4.0,11
994.0,2,charge,0.5749102329177838,3.962363975188815,299.6450121560474,3.5,11
994.0,3,charge,0.6109450562664454,3.9811906728854867,298.98566602235,3.0,11
995.0,1,charge,0.5503266115048087,3.939022763363293,300.5670564145982,4.0,11
995.0,2,charge,0.5751521508350446,3.962531524007977,299.6460648133553,3.5,11
995.0,3,charge,0.611162176375386,3.981377163118865,298.98646710774193,3.0,11
996.0,1,charge,0.5505875903647465,3.939220433891998,300.5685169818831,4.0,11
996.0,2,charge,0.5753940687523099,3.9626991689766715,299.6471172628592,3.5,11
996.0,3,charge,0.6113792964843264,3.981564091730302,298.9872681931339,3.0,11
997.0,1,charge,0.5508485692246792,3.9394179942029885,300.56997729597316,4.0,11
997.0,2,charge,0.5756359866695716,3.962866908710496,299.64816958716455,3.5,11
997.0,3,charge,0.6115964165932669,3.9817514618301324,298.9880692785259,3.0,11
998.0,1,charge,0.5511095480846168,3.9396154455179495,300.5714373568685,4.0,11
998.0,2,charge,0.575877904586832,3.9630347450341823,299.6492217862714,3.5,11
998.0,3,charge,0.6118135367022046,3.9819392765293014,298.9888703639179,3.0,11
999.0,1,charge,0.5513705269445506,3.9398127903674953,300.5728971372979,4.0,11
999.0,2,charge,0.5761198225040973,3.963202679785665,299.65027386017977,3.5,11
999.0,3,charge,0.6120306568111453,3.982127538938868,298.98967144930987,3.0,11
1000.0,1,charge,0.5516315058044843,3.940010030196558,300.57435663291545,4.0,11
1000.0,2,charge,0.5763617404213589,3.9633707182775937,299.65132571115686,3.5,11
1000.0,3,charge,0.6122477769200867,3.9823162521695403,298.99047253470184,3.0,11
1001.0,1,charge,0.5518924846644212,3.9402071657189004,300.5758158549405,4.0,11
1001.0,2,charge,0.5766036583386195,3.9635388609598294,299.65237737913804,3.5,11
1001.0,3,charge,0.6124648970290236,3.9825054193311438,298.99127362009386,3.0,11
1002.0,1,charge,0.5521534635243549,3.9404041981115663,300.5772747999858,4.0,11
1002.0,2,charge,0.5768455762558848,3.963707109124127,299.6534288806798,3.5,11
1002.0,3,charge,0.6126820171379644,3.98269504353212,298.99207470548583,3.0,11
1003.0,1,charge,0.5524144423842887,3.9406011282435305,300.57873345142656,4.0,11
1003.0,2,charge,0.5770874941731465,3.963875464662415,299.6544802157822,3.5,11
1003.0,3,charge,0.6128991372469047,3.9828851265351997,298.9928753999996,3.0,11
1004.0,1,charge,0.5526754212442264,3.940797957731114,300.580191823286,4.0,11
1004.0,2,charge,0.5773294120904071,3.9640439294805105,299.65553138444517,3.5,11
1004.0,3,charge,0.6131162573558453,3.9830756722622853,298.9936759421326,3.0,11
1005.0,1,charge,0.5529364001041592,3.9409946878629594,300.581649915564,4.0,11
1005.0,2,charge,0.5775713300076685,3.9642125063975504,299.6565823501298,3.5,11
1005.0,3,charge,0.6133333774647831,3.9832666842025652,298.99447644493296,3.0,11
1006.0,1,charge,0.5531973789640969,3.941191319937734,300.58310772826064,4.0,11
1006.0,2,charge,0.5778132479249338,3.9643811968163956,299.6576331344137,3.5,11
1006.0,3,charge,0.6135504975737235,3.9834581654532757,298.99527690840074,3.0,11
1007.0,1,charge,0.5534583578240306,3.941387855264164,300.5845652613759,4.0,11
1007.0,2,charge,0.5780551658421944,3.964550002643089,299.6586837390123,3.5,11
1007.0,3,charge,0.6137676176826651,3.983650119107519,298.99607733253583,3.0,11
1008.0,1,charge,0.5537193366839644,3.941584295161067,300.58602251490976,4.0,11
1008.0,2,charge,0.5782970837594563,3.9647189258403213,299.6597341639256,3.5,11
1008.0,3,charge,0.6139847377916056,3.9838425482536994,298.9968777173384,3.0,11
1009.0,1,charge,0.5539803155439024,3.9417806370721853,300.58747948672885,4.0,11
1009.0,2,charge,0.5785390016767215,3.9648879683445077,299.66078440799544,3.5,11
1009.0,3,charge,0.6142018579005435,3.9840354559748983,298.99767806280823,3.0,11
1010.0,1,charge,0.5542412944038352,3.94197688380895,300.5889361776374,4.0,11
1010.0,2,charge,0.578780919593982,3.965057131513797,299.6618344532519,3.5,11
1010.0,3,charge,0.614418978009483,3.984228845348315,298.9984783689454,3.0,11
1011.0,1,charge,0.554502273263769,3.9421730382863354,300.59039258849316,4.0,11
1011.0,2,charge,0.5790228375112436,3.9652264179010315,299.66288431517677,3.5,11
1011.0,3,charge,0.6146360981184236,3.984422719444619,298.99927863575004,3.0,11
1012.0,1,charge,0.5547632521237067,3.9423691018659124,300.5918487192963,4.0,11
1012.0,2,charge,0.579264755428508,3.9653958295279232,299.66393399377023,3.5,11
1012.0,3,charge,0.6148532182273614,3.9846170813273285,299.000078863222,3.0,11
1013.0,1,charge,0.5550242309836404,3.942565075919562,300.59330457004677,4.0,11
1013.0,2,charge,0.5795066733457697,3.965565368431297,299.66498348903207,3.5,11
1013.0,3,charge,0.615070338336302,3.984811934052181,299.0008790513613,3.0,11
1014.0,1,charge,0.5552852098435773,3.9427609618295687,300.59476014074454,4.0,11
1014.0,2,charge,0.5797485912630312,3.965735036663186,299.6660328009625,3.5,11
1014.0,3,charge,0.6152874584452435,3.9850072806664696,299.00167920016804,3.0,11
1015.0,1,charge,0.555546188703511,3.9429567609886256,300.5962154313896,4.0,11
1015.0,2,charge,0.5799905091802956,3.9659048362909783,299.66708192956145,3.5,11
1015.0,3,charge,0.6155045785541838,3.9852031242084105,299.0024793096421,3.0,11
1016.0,1,charge,0.5558071675634448,3.943152474799907,300.597670441982,4.0,11
1016.0,2,charge,0.5802324270975572,3.966074769397564,299.66813087482893,3.5,11
1016.0,3,charge,0.6157216986631218,3.985399467706431,299.0032793797836,3.0,11
1017.0,1,charge,0.5560681464233824,3.9433481046771433,300.5991251725217,4.0,11
1017.0,2,charge,0.5804743450148189,3.9662448380814617,299.6691796367649,3.5,11
1017.0,3,charge,0.6159388187720624,3.9855963141785162,299.0040794105924,3.0,11
1018.0,1,charge,0.5563291252833154,3.9435436520446463,300.6005796230088,4.0,11
1018.0,2,charge,0.5807162629320831,3.9664150444569466,299.6702282153694,3.5,11
1018.0,3,charge,0.6161559388810026,3.985793666631497,299.0048794020686,3.0,11
1019.0,1,charge,0.5565901041432529,3.9437391183373904,300.6020337934431,4.0,11
1019.0,2,charge,0.5809581808493448,3.966585390425477,299.6712766107342,3.5,11
1019.0,3,charge,0.6163730589899397,3.985991528060363,299.00567935421213,3.0,11
1020.0,1,charge,0.5568510830031869,3.9439345050010792,300.6034876838248,4.0,11
1020.0,2,charge,0.5812000987666062,3.9667558746642975,299.672324824252,3.5,11
1020.0,3,charge,0.6165901790988803,3.986189901447516,299.00647926702305,3.0,11
1021.0,1,charge,0.5571120618631206,3.9441298103285654,300.6049412987676,4.0,11
1021.0,2,charge,0.5814420166838707,3.9669265025977776,299.67337285461315,3.5,11
1021.0,3,charge,0.6168072992078216,3.986388789762059,299.0072791405014,3.0,11
1022.0,1,charge,0.5573730407230574,3.9443250332499535,300.60639464198425,4.0,11
1022.0,2,charge,0.5816839346011321,3.9670972764045223,299.67442070181767,3.5,11
1022.0,3,charge,0.6170244193167621,3.986588195959045,299.00807897464705,3.0,11
1023.0,1,charge,0.5576340195829912,3.944520179699622,300.60784770698484,4.0,11
1023.0,2,charge,0.5819258525183935,3.967268198279582,299.67546836586564,3.5,11
1023.0,3,charge,0.6172415394256999,3.9867881229787363,299.00887876946007,3.0,11
1023.9999999999999,1,charge,0.5578949984429251,3.944715251169368,300.6093004937693,4.0,11
1023.9999999999999,2,charge,0.5821677704356578,3.967439270434552,299.6765158467569,3.5,11
1023.9999999999999,3,charge,0.6174586595346405,3.9869885737458293,299.00967852494045,3.0,11
1025.0,1,charge,0.5581559773028627,3.9449102491619894,300.6107530023375,4.0,11
1025.0,2,charge,0.5824096883529195,3.9676104950977487,299.67756314449156,3.5,11
1025.0,3,charge,0.6176757796435808,3.9871895511686763,299.01047824108826,3.0,11
1026.0,1,charge,0.5584169561627956,3.945105175191376,300.61220523268963,4.0,11
1026.0,2,charge,0.5826516062701813,3.9677818745143156,299.6786102590696,3.5,11
1026.0,3,charge,0.6178928997525178,3.987391058138507,299.0112779179034,3.0,11
1027.0,1,charge,0.5586779350227332,3.94530003078256,300.6136571848256,4.0,11
1027.0,2,charge,0.5828935241874457,3.9679534109463592,299.67965719049096,3.5,11
1027.0,3,charge,0.6181100198614585,3.9875930975286433,299.01207755538593,3.0,11
1028.0,1,charge,0.5589389138826671,3.945494817471788,300.6151088587454,4.0,11
1028.0,2,charge,0.5831354421047072,3.968125106673114,299.68070393875576,3.5,11
1028.0,3,charge,0.6183271399703999,3.987795672051228,299.0128770494869,3.0,11
1029.0,1,charge,0.559199892742601,3.9456895368066194,300.61656025444904,4.0,11
1029.0,2,charge,0.5833773600219686,3.9682969639910306,299.6817505038639,3.5,11
1029.0,3,charge,0.6185442600793403,3.987998784603368,299.01367644586276,3.0,11
1030.0,1,charge,0.5594608716025387,3.9458841903459554,300.6180113719365,4.0,11
1030.0,2,charge,0.583619277939233,3.9684689852139474,299.6827968858154,3.5,11
1030.0,3,charge,0.6187613801882784,3.9882024380632894,299.014475791071,3.0,11
1031.0,1,charge,0.5597218504624716,3.9460787796601706,300.61946221120786,4.0,11
1031.0,2,charge,0.5838611958564947,3.9686411726732045,299.68384308461026,3.5,11
1031.0,3,charge,0.6189785002972188,3.988406635224327,299.0152750851116,3.0,11
1032.0,1,charge,0.5599828293224092,3.9462733063311437,300.62091277226307,4.0,11
1032.0,2,charge,0.5841031137737555,3.968813528717787,299.68488910024854,3.5,11
1032.0,3,charge,0.6191956204061589,3.9886113788577555,299.01607432798454,3.0,11
1033.0,1,charge,0.5602438081823431,3.9464677711955236,300.622363056632,4.0,11
1033.0,2,charge,0.5843450316910206,3.9689860557144536,299.6859349327301,3.5,11
1033.0,3,charge,0.6194127405150998,3.9888166717118745,299.01687351969,3.0,11
1034.0,1,charge,0.5605047870422767,3.946662168701379,300.62381307879514,4.0,11
1034.0,2,charge,0.5845869496082825,3.9691587560478636,299.6869805820551,3.5,11
1034.0,3,charge,0.6196298606240367,3.989022516511196,299.0176726602278,3.0,11
1035.0,1,charge,0.5607657659022137,3.946856507106677,300.6252628253425,4.0,11
1035.0,2,charge,0.5848288675255429,3.969331632120717,299.6880260482235,3.5,11
1035.0,3,charge,0.6198469807329781,3.9892289159554917,299.01847174959795,3.0,11
1036.0,1,charge,0.5610267447621473,3.9470507880426853,300.6267122962741,4.0,11
1036.0,2,charge,0.5850707854428082,3.969504685559105,299.68907133364434,3.5,11
1036.0,3,charge,0.6200641008419187,3.9894358727189516,299.01927078780056,3.0,11
1037.0,1,charge,0.5612877236220812,3.9472450131525725,300.62816149158976,4.0,11
1037.0,2,charge,0.5853127033600696,3.969677914963998,299.69011644995015,3.5,11
1037.0,3,charge,0.6202812209508566,3.989643389449248,299.0200697748355,3.0,11
1038.0,1,charge,0.5615487024820189,3.9474391840914915,300.6296104112898,4.0,11
1038.0,2,charge,0.5855546212773307,3.9698513268291773,299.69116138490523,3.5,11
1038.0,3,charge,0.6204983410597971,3.989851468766634,299.02086871070287,3.0,11
1039.0,1,charge,0.5618096813419517,3.94763330252667,300.63105905537395,4.0,11
1039.0,2,charge,0.5857965391945957,3.9700249236305756,299.6922061385097,3.5,11
1039.0,3,charge,0.6207154611687372,3.9900601132630125,299.0216675954026,3.0,11
1040.0,1,charge,0.5620706602018894,3.9478273701374986,300.6325074238423,4.0,11
1040.0,2,charge,0.5860384571118574,3.9701987078627976,299.6932507107635,3.5,11
1040.0,3,charge,0.6209325812776779,3.990269325500997,299.02246642893476,3.0,11
1041.0,1,charge,0.5623316390618235,3.9480213886156355,300.6339555166948,4.0,11
1041.0,2,charge,0.586280375029118,3.970372682039248,299.69429510166657,3.5,11
1041.0,3,charge,0.6211497013866148,3.990479108012977,299.02326521129936,3.0,11
1042.0,1,charge,0.5625926179217572,3.948215359665086,300.6354033339316,4.0,11
1042.0,2,charge,0.5865222929463834,3.9705468486922353,299.695339311219,3.5,11
1042.0,3,charge,0.6213668214955562,3.9906894633001517,299.02406394249624,3.0,11
1043.0,1,charge,0.5628535967816948,3.9484092850022856,300.63685087555257,4.0,11
1043.0,2,charge,0.5867642108636447,3.970721210373135,299.69638333942083,3.5,11
1043.0,3,charge,0.6215839416044969,3.990900393831568,299.0248626225256,3.0,11
1044.0,1,charge,0.5631145756416277,3.9486031663562335,300.63829814155775,4.0,11
1044.0,2,charge,0.5870061287809059,3.970895769652464,299.6974271862719,3.5,11
1044.0,3,charge,0.6218010617134349,3.9911119020431647,299.0256612513873,3.0,11
1045.0,1,charge,0.5633755545015654,3.948797005468565,300.63974513194717,4.0,11
1045.0,2,charge,0.5872480466981709,3.9710705291200523,299.6984708517723,3.5,11
1045.0,3,charge,0.6220181818223752,3.991323990336773,299.02645982908143,3.0,11
1046.0,1,charge,0.5636365333614992,3.948990797854632,300.6411918615411,4.0,11
1046.0,2,charge,0.5874899646154326,3.971245491385118,299.69951433592206,3.5,11
1046.0,3,charge,0.6222353019313154,3.9915366610791385,299.02725835560796,3.0,11
1047.0,1,charge,0.563897512221433,3.9491845488362944,300.6426383219183,4.0,11
1047.0,2,charge,0.5877318825326932,3.9714206590764203,299.70055763872114,3.5,11
1047.0,3,charge,0.622452422040256,3.9917499166009134,299.0280568309668,3.0,11
1048.0,1,charge,0.56415849108137,3.9493782616907684,300.64408450953016,4.0,11
1048.0,2,charge,0.5879738004499545,3.9715960348423485,299.7016007601696,3.5,11
1048.0,3,charge,0.622669542149194,3.9919637591956585,299.02885525515813,3.0,11
1049.0,1,charge,0.5644194699413035,3.949571938213365,300.64553042437643,4.0,11
1049.0,2,charge,0.5882157183672196,3.9717716213510696,299.7026437002673,3.5,11
1049.0,3,charge,0.6228866622581345,3.9921781911188363,299.02965362818185,3.0,11
1050.0,1,charge,0.5646804488012375,3.949765580212498,300.6469760664574,4.0,11
1050.0,2,charge,0.588457636284481,3.9719474212906043,299.70368645901436,3.5,11
1050.0,3,charge,0.6231037823670751,3.9923932145867775,299.0304519500379,3.0,11
1051.0,1,charge,0.564941427661175,3.9499591895098183,300.64842143577283,4.0,11
1051.0,2,charge,0.5886995542017424,3.9721234373689693,299.70472903641075,3.5,11
1051.0,3,charge,0.623320902476013,3.9926088317756543,299.03125022072635,3.0,11
1052.0,1,charge,0.565202406521108,3.9501527679403172,300.6498665323228,4.0,11
1052.0,2,charge,0.5889414721190075,3.972299672314266,299.70577143245646,3.5,11
1052.0,3,charge,0.6235380225849538,3.9928250448204627,299.0320484402472,3.0,11
1053.0,1,charge,0.5654633853810459,3.9503463173524267,300.6513113561074,4.0,11
1053.0,2,charge,0.5891833900362681,3.9724761275897276,299.70681365220855,3.5,11
1053.0,3,charge,0.6237551426938935,3.993041855984406,299.0328465883003,3.0,11
1054.0,1,charge,0.5657243642409795,3.9505398396081377,300.6527559071265,4.0,11
1054.0,2,charge,0.5894253079535298,3.9726528030365196,299.7078557071833,3.5,11
1054.0,3,charge,0.6239722628028342,3.993259267280064,299.0336446693069,3.0,11
1055.0,1,charge,0.5659853431009134,3.950733336583119,300.65420018538015,4.0,11
1055.0,2,charge,0.5896672258707948,3.972829705057194,299.7088975831575,3.5,11
1055.0,3,charge,0.6241893829117723,3.9934772806016037,299.0344426964934,3.0,11
1056.0,1,charge,0.566246321960851,3.9509268101668313,300.6556441908684,4.0,11
1056.0,2,charge,0.5899091437880559,3.9730068364609754,299.7099392801314,3.5,11
1056.0,3,charge,0.6244065030207129,3.9936958979088546,299.03524066985966,3.0,11
1057.0,1,charge,0.5665073008207839,3.951120262262627,300.6570879235911,4.0,11
1057.0,2,charge,0.5901510617053175,3.973184200077659,299.71098079810474,3.5,11
1057.0,3,charge,0.6246236231296532,3.9939151211151724,299.0360385894057,3.0,11
1058.0,1,charge,0.5667682796807215,3.9513136913522047,300.65853139279506,4.0,11
1058.0,2,charge,0.5903929796225826,3.973361798757745,299.7120221370776,3.5,11
1058.0,3,charge,0.6248407432385913,3.994134952086419,299.0368364551316,3.0,11
1059.0,1,charge,0.5670292585406554,3.9515070984675877,300.6599746009184,4.0,11
1059.0,2,charge,0.5906348975398432,3.973539635372516,299.71306329705,3.5,11
1059.0,3,charge,0.625057863347532,3.9943553926398683,299.0376342670372,3.0,11
1060.0,1,charge,0.5672902374005893,3.9517004888112166,300.6614175392065,4.0,11
1060.0,2,charge,0.5908768154571049,3.973717712814123,299.714104278022,3.5,11
1060.0,3,charge,0.6252749834564721,3.994576444543136,299.03843202512275,3.0,11
1061.0,1,charge,0.567551216260526,3.951893864345024,300.66286020765915,4.0,11
1061.0,2,charge,0.5911187333743699,3.973896033995692,299.7151450799935,3.5,11
1061.0,3,charge,0.6254921035654125,3.9947981095130913,299.03922972938807,3.0,11
1062.0,1,charge,0.5678121951204598,3.952087227045416,300.66430260627635,4.0,11
1062.0,2,charge,0.5913606512916311,3.974074601851385,299.71618570296454,3.5,11
1062.0,3,charge,0.6257092236743504,3.995020389214809,299.0400273798331,3.0,11
1063.0,1,charge,0.5680731739803935,3.952280578903422,300.66574473505824,4.0,11
1063.0,2,charge,0.5916025692088928,3.9742534193365118,299.7172261469351,3.5,11
1063.0,3,charge,0.625926343783291,3.995243285260447,299.040824976458,3.0,11
1064.0,1,charge,0.5683341528403312,3.9524739219248115,300.66718659400476,4.0,11
1064.0,2,charge,0.5918444871261578,3.9744324894275636,299.7182664119052,3.5,11
1064.0,3,charge,0.6261434638922325,3.99546679920818,299.0416225192628,3.0,11
1065.0,1,charge,0.5685951317002641,3.9526672581302247,300.66862818311586,4.0,11
1065.0,2,charge,0.5920864050434185,3.9746118151223326,299.7193064978748,3.5,11
1065.0,3,charge,0.6263605840011731,3.995690932561109,299.04242000824735,3.0,11
1066.0,1,charge,0.5688561105602017,3.952860589555293,300.6700695023916,4.0,11
1066.0,2,charge,0.59232832296068,3.9747913994399644,299.720346404844,3.5,11
1066.0,3,charge,0.6265777041101103,3.9959156867661845,299.04321744341166,3.0,11
1067.0,1,charge,0.5691170894201356,3.953053918250785,300.6715105518319,4.0,11
1067.0,2,charge,0.5925702408779442,3.9749712454210115,299.7213861328127,3.5,11
1067.0,3,charge,0.6267948242190503,3.9961410632130816,299.0440148247558,3.0,11
1068.0,1,charge,0.5693780682800682,3.95324724628275,300.6729513314368,4.0,11
1068.0,2,charge,0.5928121587952062,3.975151356127534,299.7224256817809,3.5,11
1068.0,3,charge,0.6270119443279908,3.9963670632331514,299.04481215227975,3.0,11
1069.0,1,charge,0.5696390471400058,3.9534405757326403,300.6743918412064,4.0,11
1069.0,2,charge,0.5930540767124679,3.975331734643116,299.72346505174875,3.5,11
1069.0,3,charge,0.6272290644369289,3.9965936880983337,299.0456094259835,3.0,11
1070.0,1,charge,0.5699000259999396,3.953633907773333,300.6758320839236,4.0,11
1070.0,2,charge,0.593295994629732,3.9755123835540838,299.7245042449955,3.5,11
1070.0,3,charge,0.6274461845458693,3.9968209390200204,299.0464066458671,3.0,11
1071.0,1,charge,0.5701610048598734,3.9538272410174824,300.6772720701386,4.0,11
1071.0,2,charge,0.5935379125469936,3.975693305237682,299.72554326481264,3.5,11
1071.0,3,charge,0.6276633046548108,3.9970488171480274,299.0472038119305,3.0,11
1072.0,1,charge,0.5704219837198101,3.954020581099769,300.6787117893023,4.0,11
1072.0,2,charge,0.5937798304642552,3.9758745036555316,299.7265821076258,3.5,11
1072.0,3,charge,0.6278804247637514,3.9972773235694747,299.04800092417366,3.0,11
1073.0,1,charge,0.5706829625797439,3.9542139301660133,300.68015124141476,4.0,11
1073.0,2,charge,0.5940217483815193,3.976055981936771,299.72762077361455,3.5,11
1073.0,3,charge,0.6280975448726893,3.997506459307718,299.0487979825967,3.0,11
1074.0,1,charge,0.5709439414396779,3.954407290378111,300.6815904264758,4.0,11
1074.0,2,charge,0.5942636662987815,3.976237743232279,299.7286592629583,3.5,11
1074.0,3,charge,0.62831466498163,3.9977362253212716,299.04959498719944,3.0,11
1075.0,1,charge,0.5712049202996154,3.9546006639142046,300.6830293444856,4.0,11
1075.0,2,charge,0.594505584216043,3.9764197907147025,299.7296975758361,3.5,11
1075.0,3,charge,0.6285317850905692,3.9979666225027346,299.05039193798217,3.0,11
1076.0,1,charge,0.5714658991595484,3.9547940529688024,300.684467995444,4.0,11
1076.0,2,charge,0.5947475021333072,3.976602127578476,299.7307357124276,3.5,11
1076.0,3,charge,0.6287489051995072,3.998197651677719,299.0511888349446,3.0,11
1077.0,1,charge,0.571726878019486,3.9549874597529433,300.6859063793511,4.0,11
1077.0,2,charge,0.5949894200505688,3.976784757039873,299.731773672912,3.5,11
1077.0,3,charge,0.6289660253084478,3.998429313603775,299.0519856780868,3.0,11
1078.0,1,charge,0.5719878568794198,3.955180886494345,300.6873444962069,4.0,11
1078.0,2,charge,0.5952313379678303,3.9769676823369897,299.7328114574687,3.5,11
1078.0,3,charge,0.6291831454173893,3.9986616089868487,299.05278246727914,3.0,11
1079.0,1,charge,0.5722488357393535,3.9553743354375523,300.6887823460113,4.0,11
1079.0,2,charge,0.5954732558850945,3.9771509067297757,299.7338490662771,3.5,11
1079.0,3,charge,0.6294002655263299,3.9988945384617693,299.0535792023994,3.0,11
1080.0,1,charge,0.5725098145992903,3.9555678088440986,300.6902199287644,4.0,11
1080.0,2,charge,0.5957151738023566,3.977334433500028,299.7348864995164,3.5,11
1080.0,3,charge,0.6296173856352679,3.999128102564403,299.05437588353107,3.0,11
1080.0,1,charge,0.5725098145992897,3.9555678088440986,300.6902199287644,4.0,12
1080.0,1,charge,0.5725098145992903,3.9555678088440986,300.6902199287644,4.0,12
1080.0,2,charge,0.5957151738023564,3.977334433500028,299.7348864995164,3.5,12
1080.0,2,charge,0.5957151738023566,3.977334433500028,299.7348864995164,3.5,12
1080.0,3,charge,0.6296173856352687,3.999128102564403,299.05437588353107,3.0,12
1080.0,3,charge,0.6296173856352679,3.999128102564403,299.05437588353107,3.0,12
1081.0,1,charge,0.5727707934592242,3.9557613180279856,300.6916569653402,4.0,12
1081.0,2,charge,0.595957091719618,3.9775182723192186,299.7359234712472,3.5,12
1081.0,3,charge,0.6298345057442083,3.9993623015742807,299.05517239786644,3.0,12
1082.0,1,charge,0.5730317723191579,3.9559548519363883,300.6930938336545,4.0,12
1082.0,2,charge,0.5961990096368823,3.9777024197825224,299.7369602789825,3.5,12
1082.0,3,charge,0.6300516258531482,3.9995971360893394,299.0559688488113,3.0,12
1083.0,1,charge,0.5732927511790956,3.9561484204203747,300.69453031024153,4.0,12
1083.0,2,charge,0.5964409275541437,3.9778868756004986,299.7379970867179,3.5,12
1083.0,3,charge,0.630268745962089,3.999832606551141,299.05676529975625,3.0,12
1084.0,1,charge,0.5735537300390285,3.9563420158086173,300.6959666892078,4.0,12
1084.0,2,charge,0.5966828454714053,3.978071652855294,299.739033455824,3.5,12
1084.0,3,charge,0.6304858660710271,4.000068712996022,299.057561610353,3.0,12
1085.0,1,charge,0.5738147088989662,3.9565356524930486,300.6974026075224,4.0,12
1085.0,2,charge,0.5969247633886696,3.9782567461433347,299.740069786969,3.5,12
1085.0,3,charge,0.6307029861799675,4.000305455068244,299.0583574360849,3.0,12
1086.0,1,charge,0.5740756877589002,3.956729324069114,300.6988383283002,4.0,12
1086.0,2,charge,0.597166681305931,3.9784421606167353,299.74110599782364,3.5,12
1086.0,3,charge,0.630920106288908,4.000542833611889,299.05915326181685,3.0,12
1087.0,1,charge,0.574336666618834,3.956923032183731,300.70027387384266,4.0,12
1087.0,2,charge,0.5974085992231931,3.97862790991499,299.7421416067611,3.5,12
1087.0,3,charge,0.6311372263978461,4.000780848647428,299.0599490875488,3.0,12
1088.0,1,charge,0.5745976454787715,3.9571167792454713,300.70170924414964,4.0,12
1088.0,2,charge,0.5976505171404572,3.978813987270547,299.7431771003166,3.5,12
1088.0,3,charge,0.6313543465067869,4.001019500116085,299.0607449132807,3.0,12
1089.0,1,charge,0.5748586243387045,3.9573105690859336,300.70314439347317,4.0,12
1089.0,2,charge,0.5978924350577188,3.9790003962012754,299.74421247848994,3.5,12
1089.0,3,charge,0.6315714666157264,4.001258787878894,299.06154073901274,3.0,12
1090.0,1,charge,0.5751196031986422,3.957504406887031,300.70457923259863,4.0,12
1090.0,2,charge,0.5981343529749805,3.9791871402466352,299.7452477412813,3.5,12
1090.0,3,charge,0.6317885867246672,4.00149871171574,299.06233656474467,3.0,12
1091.0,1,charge,0.5753805820585759,3.9576982927368682,300.7060138388003,4.0,12
1091.0,2,charge,0.5983762708922445,3.979374222967602,299.74628288869064,3.5,12
1091.0,3,charge,0.6320057068336052,4.001739271324471,299.0631323904766,3.0,12
1092.0,1,charge,0.5756415609185097,3.9578922291161778,300.707448212078,4.0,12
1092.0,2,charge,0.5986181888095059,3.979561647946598,299.747317920718,3.5,12
1092.0,3,charge,0.6322228269425457,4.001980466319962,299.0639282162086,3.0,12
1093.0,1,charge,0.5759025397784464,3.9580862185246977,300.70888235243206,4.0,12
1093.0,2,charge,0.5988601067267683,3.979749418787409,299.74835283736326,3.5,12
1093.0,3,charge,0.6324399470514863,4.002222296233212,299.0647240419405,3.0,12
1094.0,1,charge,0.5761635186383803,3.9582802642402055,300.71031622555483,4.0,12
1094.0,2,charge,0.5991020246440324,3.9799375391150997,299.74938763862656,3.5,12
1094.0,3,charge,0.6326570671604244,4.002464760510501,299.0655198676725,3.0,12
1095.0,1,charge,0.5764244974983141,3.9584743687179325,300.7117498351655,4.0,12
1095.0,2,charge,0.599343942561294,3.9801260125759104,299.75042232450784,3.5,12
1095.0,3,charge,0.6328741872693647,4.0027078585124976,299.0663156934044,3.0,12
1096.0,1,charge,0.5766854763582516,3.958668534247696,300.7131831933584,4.0,12
1096.0,2,charge,0.5995858604785554,3.9803148428371586,299.7514568950071,3.5,12
1096.0,3,charge,0.633091307378305,4.002951589206667,299.06711125881674,3.0,12
1097.0,1,charge,0.5769464552181848,3.9588627634066516,300.7146163001336,4.0,12
1097.0,2,charge,0.5998277783958198,3.980504033708616,299.7524913431665,3.5,12
1097.0,3,charge,0.6333084274872454,4.003195951708641,299.0679065046812,3.0,12
1098.0,1,charge,0.577207434078122,3.95905705874764,300.7160491537436,4.0,12
1098.0,2,charge,0.6000696963130812,3.980693592640523,299.7535254548362,3.5,12
1098.0,3,charge,0.6335255475961833,4.003440945452771,299.0687017162285,3.0,12
1099.0,1,charge,0.5774684129380561,3.9592514223088857,300.7174817312917,4.0,12
1099.0,2,charge,0.6003116142303435,3.980883520154541,299.754559413789,3.5,12
1099.0,3,charge,0.633742667705124,4.003686569448932,299.06949689345856,3.0,12
1100.0,1,charge,0.5777293917979899,3.959445857223855,300.7189140523732,4.0,12
1100.0,2,charge,0.6005535321476079,3.981073820001578,299.7555932200248,3.5,12
1100.0,3,charge,0.6339597878140646,4.003932822617395,299.0702920363714,3.0,12
1101.0,1,charge,0.5779903706579265,3.959640366150536,300.72034611698797,4.0,12
1101.0,2,charge,0.6007954500648692,3.981264495952957,299.7566268735438,3.5,12
1101.0,3,charge,0.6341769079230025,4.004179703788083,299.0710871449671,3.0,12
1102.0,1,charge,0.5782513495178604,3.959834951767518,300.7217779251361,4.0,12
1102.0,2,charge,0.6010373679821306,3.981455551800254,299.75766037434585,3.5,12
1102.0,3,charge,0.6343940280319433,4.0044272116998805,299.0718822192456,3.0,12
1103.0,1,charge,0.5785123283777942,3.9600296167742037,300.7232094768176,4.0,12
1103.0,2,charge,0.6012792858993949,3.981646991355117,299.75869372243096,3.5,12
1103.0,3,charge,0.6346111481408828,4.004675344999889,299.07267725920684,3.0,12
1104.0,1,charge,0.5787733072377317,3.9602243638909416,300.7246407720325,4.0,12
1104.0,2,charge,0.6015212038166563,3.9818388184490776,299.7597269177991,3.5,12
1104.0,3,charge,0.6348282682498236,4.004924102242818,299.073472264851,3.0,12
1105.0,1,charge,0.5790342860976644,3.960419195859263,300.72607181078064,4.0,12
1105.0,2,charge,0.6017631217339187,3.9820310369333827,299.76075996045046,3.5,12
1105.0,3,charge,0.6350453883587617,4.00517348189031,299.0742672361779,3.0,12
1106.0,1,charge,0.5792952649576023,3.960614115442017,300.7275025930622,4.0,12
1106.0,2,charge,0.6020050396511828,3.9822236506787565,299.7617928503848,3.5,12
1106.0,3,charge,0.6352625084677022,4.005423482310318,299.07506217318763,3.0,12
1107.0,1,charge,0.579556243817536,3.9608091254235696,300.7289331188771,4.0,12
1107.0,2,charge,0.6022469575684444,3.982416663575198,299.76282558760226,3.5,12
1107.0,3,charge,0.6354796285766428,4.005674101776545,299.0758570758801,3.0,12
1108.0,1,charge,0.5798172226774688,3.9610042253045803,300.7303633909125,4.0,12
1108.0,2,charge,0.6024888754857047,3.982610079531769,299.7638581721028,3.5,12
1108.0,3,charge,0.6356967486855807,4.00592533846784,299.0766519442554,3.0,12
1109.0,1,charge,0.5800782015374064,3.9611994197817193,300.73179340765137,4.0,12
1109.0,2,charge,0.6027307934029699,3.982803902762906,299.7648905438784,3.5,12
1109.0,3,charge,0.6359138687945215,4.006177190467691,299.0774467783135,3.0,12
1110.0,1,charge,0.5803391803973401,3.961394712652213,300.73322316832446,4.0,12
1110.0,2,charge,0.6029727113202314,3.98299813701746,299.76592274432596,3.5,12
1110.0,3,charge,0.636130988903461,4.006429655763714,299.0782415780544,3.0,12
1111.0,1,charge,0.580600159257274,3.961590106788755,300.7346526729316,4.0,12
1111.0,2,charge,0.6032146292374928,3.983192786225253,299.76695478075754,3.5,12
1111.0,3,charge,0.6363481090124018,4.006682732247176,299.07903634347815,3.0,12
1112.0,1,charge,0.5808611381172109,3.961785605086456,300.73608192147293,4.0,12
1112.0,2,charge,0.6034565471547579,3.9833878543690515,299.76798665317307,3.5,12
1112.0,3,charge,0.6365652291213398,4.006936417712531,299.07983107458466,3.0,12
1113.0,1,charge,0.5811221169771447,3.9619812104630387,300.7375109139485,4.0,12
1113.0,2,charge,0.6036984650720193,3.9835833454493335,299.7690183615727,3.5,12
1113.0,3,charge,0.6367823492302803,4.0071907098570225,299.080625771374,3.0,12
1114.0,1,charge,0.5813830958370783,3.9621769258590236,300.7389396503581,4.0,12
1114.0,2,charge,0.6039403829892799,3.983779263484034,299.7700499059563,3.5,12
1114.0,3,charge,0.636999469339221,4.007445606280282,299.0814204338461,3.0,12
1115.0,1,charge,0.581644074697016,3.9623727542378795,300.7403681307018,4.0,12
1115.0,2,charge,0.604182300906545,3.983975612508175,299.771081286324,3.5,12
1115.0,3,charge,0.637216589448159,4.007701104484003,299.08221506200107,3.0,12
1116.0,1,charge,0.581905053556949,3.96256869858625,300.7417963549797,4.0,12
1116.0,2,charge,0.6044242188238064,3.984172396573581,299.77211250267555,3.5,12
1116.0,3,charge,0.6374337095570997,4.007957201871577,299.0830096558388,3.0,12
1117.0,1,charge,0.5821660324168864,3.96276476191413,300.74322432319184,4.0,12
1117.0,2,charge,0.604666136741068,3.9843696197485112,299.7731435550112,3.5,12
1117.0,3,charge,0.6376508296660393,4.0082138957478435,299.0838042153593,3.0,12
1118.0,1,charge,0.5824270112768204,3.96296094725502,300.744652035338,4.0,12
1118.0,2,charge,0.6049080546583294,3.9845672861173274,299.7741744433308,3.5,12
1118.0,3,charge,0.63786794977498,4.008471183318834,299.08459874056274,3.0,12
1119.0,1,charge,0.5826879901367542,3.9631572576661522,300.7460794914183,4.0,12
1119.0,2,charge,0.6051499725755942,3.9847653997801,299.7752051676344,3.5,12
1119.0,3,charge,0.6380850698839179,4.008729061691529,299.08539323144885,3.0,12
1120.0,1,charge,0.5829489689966905,3.963353696228628,300.74750669143276,4.0,12
1120.0,2,charge,0.6053918904928551,3.984963962465859,299.7762357097091,3.5,12
1120.0,3,charge,0.6383021899928586,4.0089875278736855,299.0861876880178,3.0,12
1121.0,1,charge,0.5832099478566244,3.9635502660476494,300.7489336353814,4.0,12
1121.0,2,charge,0.6056338084101165,3.985162979614171,299.7772660795639,3.5,12
1121.0,3,charge,0.6385193101017991,4.009246578773707,299.0869821102695,3.0,12
1122.0,1,charge,0.5834709267165584,3.9637469702526626,300.75036032326415,4.0,12
1122.0,2,charge,0.6058757263273815,3.9853624562115373,299.77829628362673,3.5,12
1122.0,3,charge,0.6387364302107371,4.009506211200508,299.0877764982041,3.0,12
1123.0,1,charge,0.5837319055764948,3.963943811997561,300.75178675508107,4.0,12
1123.0,2,charge,0.6061176442446429,3.9855623964166282,299.77932632189743,3.5,12
1123.0,3,charge,0.6389535503196778,4.009766421863457,299.0885708518215,3.0,12
1124.0,1,charge,0.5839928844364287,3.9641407941556785,300.75321293207287,4.0,12
1124.0,2,charge,0.6063595621619046,3.985762804401764,299.7803561943762,3.5,12
1124.0,3,charge,0.6391706704286174,4.010027207372323,299.08936517112164,3.0,12
1125.0,1,charge,0.5842538632963628,3.964337914380894,300.7546388768093,4.0,12
1125.0,2,charge,0.6066014800791694,3.9859636843524457,299.781385901063,3.5,12
1125.0,3,charge,0.6393877905375581,4.010288564237298,299.09015945610463,3.0,12
1126.0,1,charge,0.5845148421563,3.9645351810680207,300.7560645682915,4.0,12
1126.0,2,charge,0.6068433979964301,3.986165040466905,299.78241544195777,3.5,12
1126.0,3,charge,0.639604910646496,4.010550488869018,299.0909537067704,3.0,12
1127.0,1,charge,0.584775821016233,3.9647325974709293,300.7574900065195,4.0,12
1127.0,2,charge,0.6070853159136916,3.9863668769555813,299.78344481706046,3.5,12
1127.0,3,charge,0.6398220307554368,4.010812977578645,299.091747923119,3.0,12
1128.0,1,charge,0.5850367998761706,3.9649301668688004,300.7589151914933,4.0,12
1128.0,2,charge,0.6073272338309567,3.986569198040631,299.7844740263713,3.5,12
1128.0,3,charge,0.6400391508643773,4.011076026605096,299.09254200786995,3.0,12
1129.0,1,charge,0.5852977787361043,3.9651278925662847,300.76034012321287,4.0,12
1129.0,2,charge,0.6075691517482181,3.98677200795542,299.78550306989,3.5,12
1129.0,3,charge,0.6402562709733154,4.011339632052888,299.09333598912076,3.0,12
1130.0,1,charge,0.5855587575960381,3.965325777893719,300.76176480167817,4.0,12
1130.0,2,charge,0.6078110696654795,3.9869753109439454,299.78653194761677,3.5,12
1130.0,3,charge,0.6404733910822561,4.011603789919018,299.09412992628626,3.0,12
1131.0,1,charge,0.5858197364559751,3.9655238262072543,300.7631892268893,4.0,12
1131.0,2,charge,0.6080529875827435,3.9871791112603003,299.78756065955156,3.5,12
1131.0,3,charge,0.6406905111911957,4.0118684961183355,299.09492381936633,3.0,12
1132.0,1,charge,0.586080715315909,3.9657220408890566,300.7646133988462,4.0,12
1132.0,2,charge,0.6082949055000052,3.9873834131680947,299.78858920569434,3.5,12
1132.0,3,charge,0.6409076313001364,4.0121337464672,299.09571766836103,3.0,12
1133.0,1,charge,0.5863416941758426,3.965920425347461,300.7660373175489,4.0,12
1133.0,2,charge,0.6085368234172666,3.987588220939867,299.7896175860451,3.5,12
1133.0,3,charge,0.6411247514090744,4.012399536683832,299.09651147327037,3.0,12
1134.0,1,charge,0.5866026730357803,3.96611898301715,300.7674609829974,4.0,12
1134.0,2,charge,0.6087787413345309,3.9877935388564536,299.7906458006039,3.5,12
1134.0,3,charge,0.641341871518015,4.012665862388637,299.0973052340943,3.0,12
1135.0,1,charge,0.5868636518957134,3.966317717359301,300.76888439519166,4.0,12
1135.0,2,charge,0.609020659251793,3.9879993712063886,299.7916738493706,3.5,12
1135.0,3,charge,0.6415589916269556,4.012932719104658,299.0980989508328,3.0,12
1136.0,1,charge,0.5871246307556507,3.9665166318617557,300.7703075541317,4.0,12
1136.0,2,charge,0.6092625771690546,3.988205722285232,299.7927017323454,3.5,12
1136.0,3,charge,0.6417761117358934,4.013200102257988,299.09889262348605,3.0,12
1137.0,1,charge,0.5873856096155846,3.9667157300392066,300.77173045981755,4.0,12
1137.0,2,charge,0.6095044950863188,3.988412596394913,299.79372944952814,3.5,12
1137.0,3,charge,0.6419932318448343,4.013468007178268,299.0996862520538,3.0,12
1138.0,1,charge,0.5876465884755185,3.966915015433302,300.7731531122491,4.0,12
1138.0,2,charge,0.6097464130035803,3.988619997843046,299.79475700091893,3.5,12
1138.0,3,charge,0.642210351953774,4.013736429099236,299.10047983653624,3.0,12
1139.0,1,charge,0.5879075673354549,3.9671144916128513,300.77457551142646,4.0,12
1139.0,2,charge,0.6099883309208417,3.9888279309422168,299.7957843865177,3.5,12
1139.0,3,charge,0.6424274720627146,4.014005363159267,299.10127337693325,3.0,12
1140.0,1,charge,0.5881685461953889,3.9673141621739543,300.7759976573496,4.0,12
1140.0,2,charge,0.6102302488381058,3.989036400009287,299.79681160632447,3.5,12
1140.0,3,charge,0.6426445921716526,4.014274804402028,299.10206687324495,3.0,12
1141.0,1,charge,0.588429525055323,3.9675140287345974,300.77741956044736,4.0,12
1141.0,2,charge,0.6104721667553684,3.989245409364609,299.79783866033927,3.5,12
1141.0,3,charge,0.6428617122805933,4.014544747777109,299.1028603254712,3.0,12
1142.0,1,charge,0.5886905039152601,3.9677140925635364,300.77884123311514,4.0,12
1142.0,2,charge,0.6107140846726298,3.9894549633312946,299.79886554856205,3.5,12
1142.0,3,charge,0.6430788323895338,4.014815188140762,299.1036537336122,3.0,12
1143.0,1,charge,0.5889514827751933,3.9679143610344356,300.78026265614494,4.0,12
1143.0,2,charge,0.6109560025898939,3.989665066234432,299.7998922709928,3.5,12
1143.0,3,charge,0.6432959524984718,4.015086120256607,299.10444709766773,3.0,12
1144.0,1,charge,0.589212461635131,3.9681148378542668,300.78168382953675,4.0,12
1144.0,2,charge,0.6111979205071555,3.9898757224002797,299.80091882763156,3.5,12
1144.0,3,charge,0.6435130726074124,4.015357538796447,299.10524041763784,3.0,12
1145.0,1,charge,0.5894734404950646,3.9683155267579755,300.78310475329073,4.0,12
1145.0,2,charge,0.6114398384244168,3.9900869361554205,299.80194521847835,3.5,12
1145.0,3,charge,0.6437301927163521,4.015629438341108,299.1060336935226,3.0,12
1146.0,1,charge,0.5897344193549984,3.9685164315086334,300.78452542740666,4.0,12
1146.0,2,charge,0.611681756341681,3.9902987118259525,299.8029714435331,3.5,12
1146.0,3,charge,0.6439473128252927,4.015901813381298,299.1068269253221,3.0,12
1147.0,1,charge,0.5899953982149354,3.9687175558975465,300.78594585188466,4.0,12
1147.0,2,charge,0.6119236742589436,3.990511051701292,299.80399751371544,3.5,12
1147.0,3,charge,0.6441644329342308,4.016174658318514,299.1076201130361,3.0,12
1148.0,1,charge,0.5902563770748693,3.968918903744404,300.7873660267247,4.0,12
1148.0,2,charge,0.6121655921762049,3.9907239593479398,299.80502343306455,3.5,12
1148.0,3,charge,0.6443815530431715,4.016447967466057,299.10841325666473,3.0,12
1149.0,1,charge,0.5905173559348028,3.969120478897378,300.7887859519268,4.0,12
1149.0,2,charge,0.612407510093469,3.990937441491149,299.80604918866385,3.5,12
1149.0,3,charge,0.6445986731521128,4.016721735050002,299.109206356208,3.0,12
1150.0,1,charge,0.5907783347947405,3.9693222852332344,300.7902056274909,4.0,12
1150.0,2,charge,0.6126494280107306,3.991151502445616,299.80707478051346,3.5,12
1150.0,3,charge,0.64481579326105,4.016995955210215,299.10999941166585,3.0,12
1151.0,1,charge,0.5910393136546738,3.96952432665746,300.7916250534171,4.0,12
1151.0,2,charge,0.6128913459279921,3.9913661465210124,299.8081002086133,3.5,12
1151.0,3,charge,0.6450329133699908,4.0172706220015115,299.1107924230384,3.0,12
1152.0,1,charge,0.5913002925146109,3.9697266071043646,300.79304422970523,4.0,12
1152.0,2,charge,0.6131332638452561,3.9915813780210163,299.8091254729635,3.5,12
1152.0,3,charge,0.6452500334789303,4.017545729394742,299.11158539032544,3.0,12
1153.0,1,charge,0.591561271374545,3.969929130537169,300.7944631563555,4.0,12
1153.0,2,charge,0.6133751817625187,3.9917972012423064,299.81015057356393,3.5,12
1153.0,3,charge,0.6454671535878709,4.017821271277969,299.1123783135272,3.0,12
1154.0,1,charge,0.5918222502344789,3.9701319009481053,300.7958818333678,4.0,12
1154.0,2,charge,0.6136170996797802,3.992013620473574,299.8111755104146,3.5,12
1154.0,3,charge,0.645684273696809,4.018097241457699,299.1131711926436,3.0,12
1155.0,1,charge,0.5920832290944154,3.970334922358523,300.79730026074213,4.0,12
1155.0,2,charge,0.6138590175970442,3.9922306399944745,299.81220028351566,3.5,12
1155.0,3,charge,0.6459013938057496,4.018373633660136,299.1139640276746,3.0,12
1156.0,1,charge,0.5923442079543492,3.9705381988189323,300.7987184384785,4.0,12
1156.0,2,charge,0.6141009355143059,3.992448264074577,299.8132248928669,3.5,12
1156.0,3,charge,0.646118513914691,4.018650441532472,299.1147568186202,3.0,12
1157.0,1,charge,0.5926051868142832,3.970741734409124,300.8001363665769,4.0,12
1157.0,2,charge,0.6143428534315672,3.99266649697228,299.8142493384685,3.5,12
1157.0,3,charge,0.6463356340236318,4.01892765864422,299.1155495654804,3.0,12
1158.0,1,charge,0.5928661656742203,3.970945531812608,300.80155405339883,4.0,12
1158.0,2,charge,0.6145847713488313,3.992885342933741,299.8152736203203,3.5,12
1158.0,3,charge,0.646552754132569,4.019205278488606,299.11634226825527,3.0,12
1159.0,1,charge,0.5931271445341536,3.971149595316996,300.80297149807166,4.0,12
1159.0,2,charge,0.614826689266094,3.993104806191729,299.81629773842246,3.5,12
1159.0,3,charge,0.6467698742415086,4.019483294483967,299.11713492694474,3.0,12
1160.0,1,charge,0.5933881233940913,3.971353929817637,300.8043886963302,4.0,12
1160.0,2,charge,0.6150686071833553,3.9933248909644723,299.81732169277484,3.5,12
1160.0,3,charge,0.6469869943504493,4.019761700027242,299.11792753228565,3.0,12
1161.0,1,charge,0.5936491022540255,3.9715585394711512,300.8058056484144,4.0,12
1161.0,2,charge,0.6153105251006193,3.993545601454535,299.81834548337747,3.5,12
1161.0,3,charge,0.6472041144593873,4.0200404883665986,299.1187200887099,3.0,12
1162.0,1,charge,0.5939100811139588,3.9717634284636976,300.8072223545644,4.0,12
1162.0,2,charge,0.615552443017881,3.993766941847593,299.8193691102304,3.5,12
1162.0,3,charge,0.6474212345683278,4.020319652689455,299.1195125989249,3.0,12
1163.0,1,charge,0.5941710599738966,3.971968601011014,300.8086388150203,4.0,12
1163.0,2,charge,0.6157943609351424,3.993988916311258,299.82039257333366,3.5,12
1163.0,3,charge,0.6476383546772694,4.020599186129601,299.12030506293075,3.0,12
1164.0,1,charge,0.5944320388338297,3.972174061358423,300.81005503002206,4.0,12
1164.0,2,charge,0.6160362788524075,3.9942115289938105,299.82141587268717,3.5,12
1164.0,3,charge,0.64785547478621,4.020879081753586,299.1210974807273,3.0,12
1165.0,1,charge,0.5946930176937669,3.972379813780869,300.81147099980984,4.0,12
1165.0,2,charge,0.6162781967696691,3.9944347840229697,299.8224390082909,3.5,12
1165.0,3,charge,0.648072594895148,4.021159332562398,299.12188985231467,3.0,12
1166.0,1,charge,0.5949539965537011,3.9725858625829202,300.81288672462364,4.0,12
1166.0,2,charge,0.6165201146869307,3.994658685504631,299.823461980145,3.5,12
1166.0,3,charge,0.648289715004087,4.0214399314930915,299.1226821776928,3.0,12
1167.0,1,charge,0.5952149754136351,3.9727922120987578,300.8143022047036,4.0,12
1167.0,2,charge,0.6167620326041956,3.9948832375215515,299.8244847882494,3.5,12
1167.0,3,charge,0.6485068351130283,4.021720871420545,299.1234744568617,3.0,12
1168.0,1,charge,0.5954759542735714,3.972998866692192,300.8157174402898,4.0,12
1168.0,2,charge,0.6170039505214562,3.99510844413203,299.82550743260396,3.5,12
1168.0,3,charge,0.6487239552219657,4.022002145159167,299.1242666898214,3.0,12
1169.0,1,charge,0.5957369331335054,3.97320583075661,300.81713243162227,4.0,12
1169.0,2,charge,0.6172458684387178,3.9953343093685794,299.82652991320884,3.5,12
1169.0,3,charge,0.6489410753309064,4.02228374546468,299.12505887657187,3.0,12
1170.0,1,charge,0.5959979119934395,3.9734131087149747,300.81854717894106,4.0,12
1170.0,2,charge,0.6174877863559827,3.995560837236562,299.82755223006404,3.5,12
1170.0,3,charge,0.6491581954398478,4.022565665035948,299.12585101711306,3.0,12
1170.0,1,charge,0.595997911993441,3.9734131087149747,300.81854717894106,4.0,13
1170.0,1,charge,0.5959979119934395,3.9734131087149747,300.81854717894106,4.0,13
1170.0,2,charge,0.6174877863559819,3.995560837236562,299.82755223006404,3.5,13
1170.0,2,charge,0.6174877863559827,3.995560837236562,299.82755223006404,3.5,13
1170.0,3,charge,0.6491581954398477,4.022565665035948,299.12585101711306,3.0,13
1170.0,3,charge,0.6491581954398478,4.022565665035948,299.12585101711306,3.0,13
1171.0,1,charge,0.5962588908533766,3.9736207120482634,300.8199613126884,4.0,13
1171.0,2,charge,0.6177297042732443,3.995788036018011,299.82857404800984,3.5,13
1171.0,3,charge,0.6493753155487885,4.022847896483487,299.1266430132914,3.0,13
1172.0,1,charge,0.5965198697133098,3.9738286374692224,300.82137523301054,4.0,13
1172.0,2,charge,0.6179716221905058,3.996015905286204,299.82959567684077,3.5,13
1172.0,3,charge,0.6495924356577266,4.0231304324404835,299.12743495449126,3.0,13
1173.0,1,charge,0.5967808485732474,3.974036886500948,300.822789096929,4.0,13
1173.0,2,charge,0.6182135401077707,3.9962444464145634,299.83061730567164,3.5,13
1173.0,3,charge,0.6498095557666671,4.023413265468296,299.128226895691,3.0,13
1174.0,1,charge,0.597041827433181,3.9742454733156385,300.82420239708443,4.0,13
1174.0,2,charge,0.6184554580250313,3.9964736649081036,299.8316388112423,3.5,13
1174.0,3,charge,0.6500266758756067,4.023696388026449,299.129018669328,3.0,13
1175.0,1,charge,0.5973028062931149,3.9744543918676754,300.8256156972398,4.0,13
1175.0,2,charge,0.618697375942293,3.996703568606778,299.83265989098334,3.5,13
1175.0,3,charge,0.6502437959845474,4.023979792481056,299.12980986408087,3.0,13
1176.0,1,charge,0.5975637851530519,3.9746636553572827,300.82702852548755,4.0,13
1176.0,2,charge,0.6189392938595578,3.9969341557051417,299.8336809707243,3.5,13
1176.0,3,charge,0.6504609160934854,4.024263471334956,299.13060105883386,3.0,13
1177.0,1,charge,0.5978247640129859,3.9748732698475817,300.8284408049865,4.0,13
1177.0,2,charge,0.6191812117768194,3.9971654299749346,299.8347020504653,3.5,13
1177.0,3,charge,0.6506780362024263,4.024547416942163,299.13139225358674,3.0,13
1178.0,1,charge,0.5980857428729193,3.9750832329863,300.82985292442885,4.0,13
1178.0,2,charge,0.6194231296940811,3.997397402895837,299.8357225133817,3.5,13
1178.0,3,charge,0.6508951563113676,4.02483162161532,299.13218344833973,3.0,13
1179.0,1,charge,0.5983467217328571,3.9752935495005097,300.83126488381464,4.0,13
1179.0,2,charge,0.6196650476113459,3.9976300736439416,299.8367427197725,3.5,13
1179.0,3,charge,0.6511122764203084,4.025116077627697,299.13297464309267,3.0,13
1180.0,1,charge,0.5986077005927903,3.9755042241459106,300.8326766831438,4.0,13
1180.0,2,charge,0.6199069655286068,3.9978634439787992,299.83776282042913,3.5,13
1180.0,3,charge,0.6513293965292457,4.025400777215328,299.13376583784554,3.0,13
1181.0,1,charge,0.5988686794527271,3.975715261706706,300.8340883224164,4.0,13
1181.0,2,charge,0.6201488834458682,3.9980975175094096,299.8387828153519,3.5,13
1181.0,3,charge,0.6515465166381851,4.0256857125790315,299.13455703259854,3.0,13
1182.0,1,charge,0.5991296583126613,3.9759266669954343,300.8354998016324,4.0,13
1182.0,2,charge,0.620390801363133,3.998332297799661,299.83980270454066,3.5,13
1182.0,3,charge,0.651763636747126,4.025970875886559,299.1353482273514,3.0,13
1183.0,1,charge,0.5993906371725954,3.9761384448527624,300.83691112079185,4.0,13
1183.0,2,charge,0.6206327192803951,3.9985677883667,299.8408224879955,3.5,13
1183.0,3,charge,0.651980756856064,4.026256259274728,299.1361394221044,3.0,13
1184.0,1,charge,0.5996516160325316,3.9763506001473345,300.8383222798948,4.0,13
1184.0,2,charge,0.6208746371976562,3.998803992679316,299.84184216571634,3.5,13
1184.0,3,charge,0.6521978769650046,4.026541854851541,299.13693061685734,3.0,13
1185.0,1,charge,0.5999125948924656,3.976563137775522,300.8397332789411,4.0,13
1185.0,2,charge,0.621116555114921,3.9990409141562617,299.84286173770323,3.5,13
1185.0,3,charge,0.6524149970739462,4.026827654698366,299.1377218116102,3.0,13
1186.0,1,charge,0.6001735737523998,3.976776062661228,300.8411441179308,4.0,13
1186.0,2,charge,0.621358473032182,3.9992785561646067,299.8438812039561,3.5,13
1186.0,3,charge,0.6526321171828867,4.027113650872106,299.1385130063632,3.0,13
1187.0,1,charge,0.6004345526123368,3.976989383483127,300.84255455216316,4.0,13
1187.0,2,charge,0.6216003909494433,3.9995169220180236,299.8449005644751,3.5,13
1187.0,3,charge,0.6528492372918248,4.02739983540738,299.13930420111615,3.0,13
1188.0,1,charge,0.6006955314722701,3.9772031030177892,300.8439647262018,4.0,13
1188.0,2,charge,0.6218423088667079,3.999756014975091,299.84591981926,3.5,13
1188.0,3,charge,0.6530663574007657,4.02768620031874,299.1400953958691,3.0,13
1189.0,1,charge,0.6009565103322076,3.9774172255321583,300.84537468851096,4.0,13
1189.0,2,charge,0.6220842267839698,3.9999958382375853,299.846938968311,3.5,13
1189.0,3,charge,0.653283477509705,4.0279727376028625,299.140886590622,3.0,13
1190.0,1,charge,0.6012174891921411,3.9776317560578716,300.8467844390905,4.0,13
1190.0,2,charge,0.6223261447012314,4.00023639494874,299.84795801162807,3.5,13
1190.0,3,charge,0.6535005976186457,4.028259439240774,299.1416777853749,3.0,13
1191.0,1,charge,0.6014784680520752,3.977846699652756,300.8481939779405,4.0,13
1191.0,2,charge,0.6225680626184963,4.0004776881914825,299.8489769492111,3.5,13
1191.0,3,charge,0.6537177177275839,4.028546297233875,299.14246841720285,3.0,13
1192.0,1,charge,0.601739446912012,3.9780620614004976,300.849603305061,4.0,13
1192.0,2,charge,0.6228099805357569,4.000719723159422,299.8499955667142,3.5,13
1192.0,3,charge,0.6539348378365246,4.028833303507184,299.14325898457577,3.0,13
1193.0,1,charge,0.6020004257719461,3.9782778464102924,300.8510124204519,4.0,13
1193.0,2,charge,0.6230518984530184,4.00096250132038,299.8510140112866,3.5,13
1193.0,3,charge,0.6541519579454652,4.029120450005912,299.14404952292347,3.0,13
1194.0,1,charge,0.6022614046318795,3.978494059816507,300.8524213241133,4.0,13
1194.0,2,charge,0.623293816370283,4.0012060252281305,299.85203231630436,3.5,13
1194.0,3,charge,0.6543690780544034,4.029407728670741,299.1448400322461,3.0,13
1195.0,1,charge,0.6025223834918172,3.978710706778277,300.8538300160452,4.0,13
1195.0,2,charge,0.6235357342875454,4.001450297707189,299.8530504817673,3.5,13
1195.0,3,charge,0.6545861981633441,4.0296951314378955,299.1456305125436,3.0,13
1196.0,1,charge,0.6027833623517505,3.978927792479137,300.8552384962475,4.0,13
1196.0,2,charge,0.6237776522048065,4.001695321512875,299.85406850767566,3.5,13
1196.0,3,charge,0.6548033182722833,4.029982650241415,299.14642096381596,3.0,13
1197.0,1,charge,0.6030443412116875,3.9791453221771356,300.85664675477915,4.0,13
1197.0,2,charge,0.6240195701220714,4.001941099329467,299.85508639402923,3.5,13
1197.0,3,charge,0.6550204383812243,4.030270277015379,299.1472113860632,3.0,13
1198.0,1,charge,0.6033053200716216,3.979363301473321,300.8580547188827,4.0,13
1198.0,2,charge,0.6242614880393322,4.002187633768367,299.85610414082817,3.5,13
1198.0,3,charge,0.6552375584901622,4.030558003696182,299.14800177928527,3.0,13
1199.0,1,charge,0.6035662989315556,3.9795817352802216,300.8594624557395,4.0,13
1199.0,2,charge,0.6245034059565936,4.00243492736629,299.85712174807236,3.5,13
1199.0,3,charge,0.6554546785991028,4.0308458222247445,299.1487921434822,3.0,13
1200.0,1,charge,0.6038272777914917,3.9798006288745835,300.8608699653495,4.0,13
1200.0,2,charge,0.6247453238738583,4.002682982583421,299.8581392157618,3.5,13
1200.0,3,charge,0.6556717987080444,4.031133724548786,299.149582478654,3.0,13
1201.0,1,charge,0.6040882566514258,3.9800199875552336,300.86227724771265,4.0,13
1201.0,2,charge,0.6249872417911206,4.002931801801543,299.85915654389663,3.5,13
1201.0,3,charge,0.655888918816985,4.031421702625053,299.15037278480065,3.0,13
1202.0,1,charge,0.60434923551136,3.9802398166426105,300.8636843028289,4.0,13
1202.0,2,charge,0.6252291597083818,4.0031813873222095,299.8601737324768,3.5,13
1202.0,3,charge,0.6561060389259231,4.031709748421552,299.15116306192215,3.0,13
1203.0,1,charge,0.6046102143712969,3.9804601214781816,300.8650911306983,4.0,13
1203.0,2,charge,0.6254710776256466,4.003431741364867,299.8611907815022,3.5,13
1203.0,3,charge,0.6563231590348617,4.0319978539197745,299.15195331001854,3.0,13
1204.0,1,charge,0.6048711932312302,3.980680907423897,300.866497731321,4.0,13
1204.0,2,charge,0.6257129955429075,4.00368286606499,299.8622076909728,3.5,13
1204.0,3,charge,0.6565402791438024,4.032286011116909,299.15274352908983,3.0,13
1205.0,1,charge,0.605132172091168,3.980902179861599,300.8679041046968,4.0,13
1205.0,2,charge,0.6259549134601688,4.003934763472245,299.8632244608889,3.5,13
1205.0,3,charge,0.6567573992527407,4.03257421202804,299.15353371913596,3.0,13
1206.0,1,charge,0.6053931509511014,3.981123944192423,300.8693102508257,4.0,13
1206.0,2,charge,0.6261968313774336,4.004187435630317,299.86424102399576,3.5,13
1206.0,3,charge,0.6569745193616813,4.032862448688364,299.154323880157,3.0,13
1207.0,1,charge,0.6056541298110354,3.981346205836141,300.87071616970786,4.0,13
1207.0,2,charge,0.6264387492946958,4.004440884348249,299.86525743238593,3.5,13
1207.0,3,charge,0.6571916394706228,4.033150713155351,299.1551140121528,3.0,13
1208.0,1,charge,0.6059151086709723,3.9815689690298033,300.8721218492871,4.0,13
1208.0,2,charge,0.6266806672119606,4.004695111400522,299.8662736913972,3.5,13
1208.0,3,charge,0.6574087595795632,4.033438997510908,299.1559041151236,3.0,13
1209.0,1,charge,0.6061760875309063,3.9817922385663898,300.8735272829227,4.0,13
1209.0,2,charge,0.6269225851292217,4.00495011847482,299.86728980102976,3.5,13
1209.0,3,charge,0.6576258796885014,4.033727293863553,299.15669418906907,3.0,13
1210.0,1,charge,0.6064370663908398,3.9820160215394287,300.87493248690373,4.0,13
1210.0,2,charge,0.6271645030464826,4.005205907163679,299.8683057612836,3.5,13
1210.0,3,charge,0.6578429997974421,4.034015594350528,299.1574842339896,3.0,13
1211.0,1,charge,0.6066980452507775,3.9822403234362986,300.87633746123015,4.0,13
1211.0,2,charge,0.627406420963744,4.005462478962619,299.8693215721586,3.5,13
1211.0,3,charge,0.6580601199063816,4.034303891139938,299.1582742498849,3.0,13
1212.0,1,charge,0.6069590241107108,3.982465149759463,300.8777422059018,4.0,13
1212.0,2,charge,0.6276483388810086,4.005719835268326,299.8703372336548,3.5,13
1212.0,3,charge,0.6582772400153188,4.034592176432831,299.159064236755,3.0,13
1213.0,1,charge,0.6072200029706477,3.982690506025711,300.879146720919,4.0,13
1213.0,2,charge,0.6278902567982707,4.005977977376764,299.87135274577224,3.5,13
1213.0,3,charge,0.6584943601242594,4.034880442465283,299.1598541946001,3.0,13
1214.0,1,charge,0.6074809818305819,3.9829163977653455,300.88055100628145,4.0,13
1214.0,2,charge,0.6281321747155321,4.006236906481385,299.87236810851095,3.5,13
1214.0,3,charge,0.658711480233201,4.0351686815104735,299.16064412342,3.0,13
1215.0,1,charge,0.607741960690516,3.9831428305213157,300.88195506198934,4.0,13
1215.0,2,charge,0.6283740926327969,4.006496623671266,299.8733833218708,3.5,13
1215.0,3,charge,0.6589286003421416,4.035456885880693,299.1614340232148,3.0,13
1216.0,1,charge,0.6080029395504521,3.983369809848387,300.88335888804255,4.0,13
1216.0,2,charge,0.6286160105500576,4.006757129929293,299.8743983858519,3.5,13
1216.0,3,charge,0.6591457204510798,4.035745047929376,299.1622238939844,3.0,13
1217.0,1,charge,0.6082639184103862,3.9835973413122168,300.8847624844411,4.0,13
1217.0,2,charge,0.6288579284673191,4.007018426130389,299.8754133004543,3.5,13
1217.0,3,charge,0.6593628405600205,4.0360331600530905,299.1630137357289,3.0,13
1218.0,1,charge,0.6085248972703204,3.9838254304884595,300.8861658511851,4.0,13
1218.0,2,charge,0.6290998463845837,4.007280513039695,299.8764280656778,3.5,13
1218.0,3,charge,0.6595799606689597,4.03632121469348,299.16380354844824,3.0,13
1219.0,1,charge,0.6087858761302571,3.9840540829617854,300.8875689882744,4.0,13
1219.0,2,charge,0.6293417643018459,4.007543391310796,299.8774426815226,3.5,13
1219.0,3,charge,0.6597970807779004,4.036609204339225,299.16459333214254,3.0,13
1220.0,1,charge,0.6090468549901915,3.984283304324917,300.88897189570906,4.0,13
1220.0,2,charge,0.6295836822191072,4.007807058045979,299.87845713990225,3.5,13
1220.0,3,charge,0.6600142008868387,4.036897121527943,299.16538308681163,3.0,13
1221.0,1,charge,0.6093078338501285,3.984513100177632,300.89037457348917,4.0,13
1221.0,2,charge,0.6298256001363721,4.008071516890993,299.8794714484025,3.5,13
1221.0,3,charge,0.6602313209957792,4.037184958848055,299.16617281245556,3.0,13
1222.0,1,charge,0.6095688127100627,3.9847434761256975,300.8917770216146,4.0,13
1222.0,2,charge,0.6300675180536327,4.00833676820068,299.8804856071332,3.5,13
1222.0,3,charge,0.6604484411047199,4.037472708940667,299.1669625090744,3.0,13
1223.0,1,charge,0.6098297915699958,3.9849744377798135,300.8931792400854,4.0,13
1223.0,2,charge,0.6303094359708941,4.008602812164648,299.8814996160946,3.5,13
1223.0,3,charge,0.660665561213658,4.037760364501363,299.1677521766681,3.0,13
1224.0,1,charge,0.6100907704299336,3.9852059907545136,300.89458122890153,4.0,13
1224.0,2,charge,0.6305513538881582,4.008869648852338,299.8825134752864,3.5,13
1224.0,3,charge,0.6608826813225986,4.038047918281997,299.1685418152366,3.0,13
1225.0,1,charge,0.610351749289867,3.985438140667024,300.8959829880631,4.0,13
1225.0,2,charge,0.6307932718054208,4.009137278211354,299.8835271847087,3.5,13
1225.0,3,charge,0.6610998014315379,4.038335363092468,299.16933142478007,3.0,13
1226.0,1,charge,0.6106127281498037,3.985670893136122,300.89738451756995,4.0,13
1226.0,2,charge,0.6310351897226824,4.00940570006585,299.88454074436163,3.5,13
1226.0,3,charge,0.6613169215404788,4.038622691802445,299.17012100529837,3.0,13
1227.0,1,charge,0.610873707009738,3.985904253780914,300.8987858174222,4.0,13
1227.0,2,charge,0.6312771076399463,4.009674914114909,299.885554154245,3.5,13
1227.0,3,charge,0.6615340416494169,4.038909897343013,299.17091055679145,3.0,13
1228.0,1,charge,0.6111346858696721,3.986138228219642,300.9001868876199,4.0,13
1228.0,2,charge,0.6315190255572078,4.0099449199309465,299.8865674143591,3.5,13
1228.0,3,charge,0.6617511617583576,4.039196972708394,299.1717000792595,3.0,13
1229.0,1,charge,0.6113956647296082,3.986372822068395,300.9015877281629,4.0,13
1229.0,2,charge,0.6317609434744692,4.010215716958209,299.88758052470354,3.5,13
1229.0,3,charge,0.6619682818672982,4.039483910957522,299.1724895727024,3.0,13
1230.0,1,charge,0.6116566435895423,3.9866080409398377,300.9029883390512,4.0,13
1230.0,2,charge,0.6320028613917333,4.010487304511225,299.8885934852786,3.5,13
1230.0,3,charge,0.6621854019762363,4.039770705215643,299.17327903712015,3.0,13
1231.0,1,charge,0.6119176224494766,3.986843890441884,300.90438872028494,4.0,13
1231.0,2,charge,0.6322447793089959,4.010759681773289,299.8896062960842,3.5,13
1231.0,3,charge,0.6624025220851771,4.0400573487442095,299.1740684036446,3.0,13
1232.0,1,charge,0.6121786013094134,3.9870803726576547,300.9057888976801,4.0,13
1232.0,2,charge,0.6324866972262573,4.011032847795059,299.89061895712035,3.5,13
1232.0,3,charge,0.6626196421941164,4.040343834791219,299.17485768674663,3.0,13
1233.0,1,charge,0.6124395801693467,3.9873174948451626,300.9071888590124,4.0,13
1233.0,2,charge,0.6327286151435214,4.011306801493138,299.89163146838695,3.5,13
1233.0,3,charge,0.662836762303057,4.040630156643656,299.17564693306235,3.0,13
1234.0,1,charge,0.6127005590292846,3.987555264030208,300.908588593708,4.0,13
1234.0,2,charge,0.6329705330607828,4.011581541648651,299.89264382988415,3.5,13
1234.0,3,charge,0.6630538824119951,4.040916307707096,299.17643614259174,3.0,13
1235.0,1,charge,0.6129615378892178,3.9877936857873717,300.9099881017669,4.0,13
1235.0,2,charge,0.6332124509780441,4.011857066905953,299.8936560416119,3.5,13
1235.0,3,charge,0.6632710025209358,4.041202281460798,299.1772253153346,3.0,13
1236.0,1,charge,0.6132225167491521,3.9880327656793915,300.91138738318904,4.0,13
1236.0,2,charge,0.633454368895308,4.012133375771292,299.89466810357015,3.5,13
1236.0,3,charge,0.6634881226298773,4.041488071459019,299.1780144512912,3.0,13
1237.0,1,charge,0.6134834956090898,3.9882725092555997,300.91278643797455,4.0,13
1237.0,2,charge,0.6336962868125696,4.012410466611586,299.895680015759,3.5,13
1237.0,3,charge,0.6637052427388179,4.041773671332372,299.17880355046134,3.0,13
1238.0,1,charge,0.6137444744690231,3.98851292205037,300.91418526612335,4.0,13
1238.0,2,charge,0.6339382047298325,4.012688337653183,299.89669177817836,3.5,13
1238.0,3,charge,0.6639223628477553,4.0420590747890905,299.1795926128451,3.0,13
1239.0,1,charge,0.61400545332896,3.988754009581541,300.91558386763546,4.0,13
1239.0,2,charge,0.6341801226470963,4.012966986980704,299.89770339082827,3.5,13
1239.0,3,charge,0.6641394829566946,4.042344275616241,299.1803816384425,3.0,13
1240.0,1,charge,0.6142664321888942,3.9889957773487876,300.9169822425108,4.0,13
1240.0,2,charge,0.6344220405643579,4.013246412535933,299.89871485370867,3.5,13
1240.0,3,charge,0.6643566030656355,4.042629267680942,299.1811706272535,3.0,13
1241.0,1,charge,0.6145274110488284,3.9892382308319503,300.9183803907495,4.0,13
1241.0,2,charge,0.6346639584816194,4.013526612116715,299.8997261668196,3.5,13
1241.0,3,charge,0.6645737231745735,4.042914044931489,299.1819595792781,3.0,13
1242.0,1,charge,0.6147883899087644,3.9894813754893477,300.9197783123515,4.0,13
1242.0,2,charge,0.6349058763988832,4.013807583375968,299.9007373301611,3.5,13
1242.0,3,charge,0.664790843283514,4.04319860139849,299.1827484945164,3.0,13
1243.0,1,charge,0.6150493687686985,3.989725216756077,300.92117600731683,4.0,13
1243.0,2,charge,0.6351477943161448,4.0140893238206905,299.9017483437332,3.5,13
1243.0,3,charge,0.6650079633924555,4.043482931195918,299.18353737296815,3.0,13
1244.0,1,charge,0.6153103476286328,3.989969760042187,300.9225734756455,4.0,13
1244.0,2,charge,0.6353897122334069,4.014371830811049,299.9027592075358,3.5,13
1244.0,3,charge,0.6652250835013963,4.043767028522112,299.18432621463364,3.0,13
1245.0,1,charge,0.6155713264885693,3.990215010730964,300.9239707173374,4.0,13
1245.0,2,charge,0.6356316301506715,4.0146551015595255,299.90376992156894,3.5,13
1245.0,3,charge,0.6654422036103345,4.044050887660806,299.1851150195127,3.0,13
1246.0,1,charge,0.615832305348503,3.990460974177013,300.92536773239254,4.0,13
1246.0,2,charge,0.6358735480679328,4.014939133130094,299.90478048583253,3.5,13
1246.0,3,charge,0.6656593237192753,4.04433450298203,299.1859037876054,3.0,13
1247.0,1,charge,0.6160932842084407,3.990707655704483,300.9267645208111,4.0,13
1247.0,2,charge,0.6361154659851935,4.015223922437482,299.90579090032674,3.5,13
1247.0,3,charge,0.6658764438282144,4.044617868943014,299.1866925189117,3.0,13
1248.0,1,charge,0.6163542630683739,3.990955060605099,300.9281610825929,4.0,13
1248.0,2,charge,0.6363573839024583,4.01550946624648,299.90680116505143,3.5,13
1248.0,3,charge,0.6660935639371518,4.0449009800890465,299.1874812134316,3.0,13
1249.0,1,charge,0.6166152419283082,3.9912031941362702,300.929557417738,4.0,13
1249.0,2,charge,0.6365993018197195,4.0157957611713275,299.9078112800067,3.5,13
1249.0,3,charge,0.6663106840460925,4.045183831054267,299.1882698711651,3.0,13
1250.0,1,charge,0.616876220788246,3.991452061519099,300.9309535262464,4.0,13
1250.0,2,charge,0.6368412197369818,4.016082803675097,299.90882124519254,3.5,13
1250.0,3,charge,0.666527804155034,4.045466416562455,299.1890584921122,3.0,13
1251.0,1,charge,0.6171371996481796,3.9917016679363986,300.93234940811817,4.0,13
1251.0,2,charge,0.637083137654243,4.0163705900692666,299.9098310606089,3.5,13
1251.0,3,charge,0.6667449242639746,4.045748731427734,299.18984707627305,3.0,13
1252.0,1,charge,0.6173981785081162,3.991952018530666,300.9337450633532,4.0,13
1252.0,2,charge,0.6373250555715078,4.01665911651321,299.9108407262558,3.5,13
1252.0,3,charge,0.666962044372913,4.046030770555259,299.1906356236473,3.0,13
1253.0,1,charge,0.6176591573680504,3.99220311840199,300.93514049195153,4.0,13
1253.0,2,charge,0.6375669734887685,4.016948379013868,299.9118502421332,3.5,13
1253.0,3,charge,0.6671791644818535,4.046312528941833,299.1914241342353,3.0,13
1254.0,1,charge,0.6179201362279846,3.99245497260598,300.93653569391313,4.0,13
1254.0,2,charge,0.6378088914060298,4.017238373425423,299.9128596082411,3.5,13
1254.0,3,charge,0.6673962845907927,4.046594001676535,299.1922126080369,3.0,13
1255.0,1,charge,0.6181811150879204,3.992707586151626,300.9379306692381,4.0,13
1255.0,2,charge,0.6380508093232939,4.017529095449076,299.9138688245796,3.5,13
1255.0,3,charge,0.6676134046997335,4.046875183941236,299.19300104505214,3.0,13
1256.0,1,charge,0.6184420939478548,3.9929609630216625,300.93932542773445,4.0,13
1256.0,2,charge,0.6382927272405567,4.01782054063287,299.91487789114865,3.5,13
1256.0,3,charge,0.6678305248086717,4.047156071011132,299.19378944528097,3.0,13
1257.0,1,charge,0.618703072807789,3.993215108758944,300.9407199630356,4.0,13
1257.0,2,charge,0.6385346451578181,4.018112704371594,299.9158868079482,3.5,13
1257.0,3,charge,0.6680476449176124,4.047436658255187,299.1945778087234,3.0,13
1258.0,1,charge,0.6189640516677255,3.9934700282303175,300.9421142750293,4.0,13
1258.0,2,charge,0.638776563075082,4.018405581906775,299.91689557497835,3.5,13
1258.0,3,charge,0.6682647650265539,4.047716941136555,299.19536613537946,3.0,13
1259.0,1,charge,0.6192250305276591,3.9937257262359687,300.94350836371575,4.0,13
1259.0,2,charge,0.6390184809923436,4.018699168326707,299.91790419223895,3.5,13
1259.0,3,charge,0.6684818851354911,4.04799691521298,299.19615442524906,3.0,13
1260.0,1,charge,0.6194860093875969,3.99398220751835,300.94490222909474,4.0,13
1260.0,2,charge,0.6392603989096047,4.018993458566577,299.91891265973015,3.5,13
1260.0,3,charge,0.668699005244432,4.048276576137132,299.19694267833233,3.0,13
1260.0,1,charge,0.6194860093875952,3.99398220751835,300.94490222909474,3.5,14
1260.0,1,charge,0.6194860093875969,3.9844749614807418,300.94490222909474,3.5,14
1260.0,2,charge,0.639260398909606,4.018993458566577,299.91891265973015,3.5,14
1260.0,2,charge,0.6392603989096047,4.018993458566577,299.91891265973015,3.5,14
1260.0,3,charge,0.6686990052444322,4.048276576137132,299.19694267833233,3.0,14
1260.0,3,charge,0.668699005244432,4.048276576137132,299.19694267833233,3.0,14
1261.0,1,charge,0.6197143658900403,3.984218162339487,300.9459127708183,3.5,14
1261.0,2,charge,0.6395023168268689,4.01928844990278,299.91992067213334,3.5,14
1261.0,3,charge,0.6689161253533711,4.048555919678002,299.19773081071133,3.0,14
1262.0,1,charge,0.6199427223924838,3.984135171853604,300.94692170286663,3.5,14
1262.0,2,charge,0.6397442347441302,4.01958413437509,299.92092851212857,3.5,14
1262.0,3,charge,0.6691332454623119,4.048834941670005,299.19851889682695,3.0,14
1263.0,1,charge,0.6201710788949236,3.984117188693486,300.94792912436014,3.5,14
1263.0,2,charge,0.639986152661393,4.0198805049721775,299.92193635212374,3.5,14
1263.0,3,charge,0.6693503655712499,4.049113638033186,299.19930698294246,3.0,14
1264.0,1,charge,0.6203994353973671,3.984135027670632,300.94893511108586,3.5,14
1264.0,2,charge,0.6402280705786572,4.020177557497446,299.92294401597303,3.5,14
1264.0,3,charge,0.6695674856801906,4.0493920049160135,299.20009487684007,3.0,14
1265.0,1,charge,0.6206277918998103,3.984176469650027,300.9499397283371,3.5,14
1265.0,2,charge,0.6404699884959185,4.020475289761335,299.92395107128687,3.5,14
1265.0,3,charge,0.6697846057891321,4.049670038727061,299.2008821066774,3.0,14
1266.0,1,charge,0.6208561484022538,3.9842353230910903,300.9509430345163,3.5,14
1266.0,2,charge,0.6407119064131799,4.020773690672167,299.92495812660064,3.5,14
1266.0,3,charge,0.6700017258980727,4.049947735300815,299.20166933651467,3.0,14
1267.0,1,charge,0.6210845049046965,3.984307838660773,300.9519450829796,3.5,14
1267.0,2,charge,0.6409538243304438,4.021072754100516,299.9259651819144,3.5,14
1267.0,3,charge,0.6702188460070102,4.0502250909604705,299.202456566352,3.0,14
1268.0,1,charge,0.62131286140714,3.9843916038536804,300.95294592301383,3.5,14
1268.0,2,charge,0.6411957422477054,4.021372473767604,299.92697223722826,3.5,14
1268.0,3,charge,0.6704359661159494,4.050502102125396,299.20324379618927,3.0,14
1269.0,1,charge,0.621541217909583,3.984484964226885,300.9539456004918,3.5,14
1269.0,2,charge,0.6414376601649682,4.021672843246154,299.9279792925421,3.5,14
1269.0,3,charge,0.6706530862248902,4.050778765311058,299.20403102602654,3.0,14
1270.0,1,charge,0.6217695744120265,3.984586679860934,300.9549441584063,3.5,14
1270.0,2,charge,0.6416795780822321,4.021973861980172,299.92898559226524,3.5,14
1270.0,3,charge,0.6708702063338283,4.051055077129002,299.20481825586387,3.0,14
1271.0,1,charge,0.6219979309144701,3.984695796621509,300.95594163722427,3.5,14
1271.0,2,charge,0.6419214959994937,4.022275519123382,299.9299916551723,3.5,14
1271.0,3,charge,0.6710873264427688,4.051331034286747,299.20560548570114,3.0,14
1272.0,1,charge,0.6222262874169123,3.984811574095793,300.95693807513777,3.5,14
1272.0,2,charge,0.642163413916754,4.02257780668746,299.9309976222592,3.5,14
1272.0,3,charge,0.6713044465517103,4.051606633587635,299.2063927155385,3.0,14
1273.0,1,charge,0.6224546439193556,3.9849334090435304,300.9579335083216,3.5,14
1273.0,2,charge,0.6424053318340189,4.022880717662277,299.9320034935261,3.5,14
1273.0,3,charge,0.671521566660651,4.051881871930682,299.2071799453758,3.0,14
1274.0,1,charge,0.6226830004217991,3.985060805549195,300.95892797108417,3.5,14
1274.0,2,charge,0.6426472497512803,4.023184244894532,299.9330092689731,3.5,14
1274.0,3,charge,0.6717386867695893,4.052156746310331,299.20796717521307,3.0,14
1275.0,1,charge,0.6229113569242426,3.9851933571433418,300.95992149598493,3.5,14
1275.0,2,charge,0.6428891676685426,4.023488381089123,299.93401494859995,3.5,14
1275.0,3,charge,0.6719558068785302,4.052431253816273,299.2087544050504,3.0,14
1276.0,1,charge,0.6231397134266861,3.9853307123055526,300.9609141140387,3.5,14
1276.0,2,charge,0.6431310855858072,4.023793118810498,299.93502053240684,3.5,14
1276.0,3,charge,0.6721729269874683,4.052705391633101,299.20954163488767,3.0,14
1277.0,1,charge,0.6233680699291293,3.985472562283027,300.96190585483015,3.5,14
1277.0,2,charge,0.6433730035030688,4.024098450484202,299.93602602039374,3.5,14
1277.0,3,charge,0.6723900470964066,4.052979157040072,299.210328864725,3.0,14
1278.0,1,charge,0.6235964264315726,3.9856186357561354,300.96289674660244,3.5,14
1278.0,2,charge,0.6436149214203293,4.024404368398391,299.93703141256054,3.5,14
1278.0,3,charge,0.6726071672053473,4.053252547410679,299.21111609456227,3.0,14
1279.0,1,charge,0.6238247829340152,3.9857686930323006,300.96388681634164,3.5,14
1279.0,2,charge,0.6438568393375941,4.024710864705506,299.93803670890736,3.5,14
1279.0,3,charge,0.6728242873142888,4.053525560212366,299.21190332439954,3.0,14
1280.0,1,charge,0.6240531394364588,3.9859225243879655,300.96487608984035,3.5,14
1280.0,2,charge,0.6440987572548552,4.025017931424002,299.93904190943414,3.5,14
1280.0,3,charge,0.6730414074232293,4.053798193006045,299.2126905542369,3.0,14
1281.0,1,charge,0.624281495938902,3.98607994527318,300.96586459176103,3.5,14
1281.0,2,charge,0.6443406751721176,4.025325560440146,299.9400470141409,3.5,14
1281.0,3,charge,0.6732585275321674,4.054070443445696,299.21347778407414,3.0,14
1282.0,1,charge,0.6245098524413456,3.9862407872932852,300.96685234572413,3.5,14
1282.0,2,charge,0.6445825930893789,4.025633743509934,299.9410520230276,3.5,14
1282.0,3,charge,0.6734756476411083,4.0543423092779065,299.2142650139115,3.0,14
1283.0,1,charge,0.624738208943789,3.986404900945219,300.96783937435146,3.5,14
1283.0,2,charge,0.6448245110066435,4.0259424722610415,299.9420569360944,3.5,14
1283.0,3,charge,0.6736927677500474,4.054613788341328,299.21505224374874,3.0,14
1284.0,1,charge,0.6249665654462289,3.9865721453877816,300.96882569934587,3.5,14
1284.0,2,charge,0.6450664289239042,4.02625173819488,299.94306175334106,3.5,14
1284.0,3,charge,0.6739098878589848,4.054884878566188,299.2158394735861,3.0,14
1285.0,1,charge,0.6251949219486723,3.9867423953346597,300.9698113415206,3.5,14
1285.0,2,charge,0.6453083468411656,4.02656153268874,299.9440664747678,3.5,14
1285.0,3,charge,0.6741270079679255,4.0551555779737285,299.21662670342334,3.0,14
1286.0,1,charge,0.6254232784511158,3.986915532038053,300.9707963208539,3.5,14
1286.0,2,charge,0.6455502647584301,4.026871846997986,299.9450711003744,3.5,14
1286.0,3,charge,0.6743441280768669,4.0554258846756,299.2174139332606,3.0,14
1287.0,1,charge,0.625651634953559,3.987091447009331,300.97178065653964,3.5,14
1287.0,2,charge,0.6457921826756927,4.027182672258343,299.94607563016103,3.5,14
1287.0,3,charge,0.6745612481858078,4.055695797224239,299.2182006958225,3.0,14
1288.0,1,charge,0.6258799914560015,3.987270040143782,300.9727643669959,3.5,14
1288.0,2,charge,0.6460341005929541,4.027494000889408,299.94707983990105,3.5,14
1288.0,3,charge,0.6747783682947459,4.055965313677163,299.2189873003603,3.0,14
1289.0,1,charge,0.626108347958445,3.987451217393313,300.9737474699413,3.5,14
1289.0,2,charge,0.646276018510218,4.027805822931202,299.94808386807415,3.5,14
1289.0,3,charge,0.6749954884036865,4.05623443231222,299.2197738815527,3.0,14
1290.0,1,charge,0.6263367044608884,3.9876348934604726,300.9747299823827,3.5,14
1290.0,2,charge,0.6465179364274793,4.0281181288274865,299.94908777037296,3.5,14
1290.0,3,charge,0.6752126085126255,4.056503151596331,299.22056043939983,3.0,14
1291.0,1,charge,0.6265650609633316,3.9878209874726513,300.9757119206895,3.5,14
1291.0,2,charge,0.6467598543447405,4.028430909260088,299.9500915467975,3.5,14
1291.0,3,charge,0.6754297286215664,4.0567714700835324,299.22134697390146,3.0,14
1292.0,1,charge,0.6267934174657752,3.988009424938362,300.97669330059176,3.5,14
1292.0,2,charge,0.6470017722620045,4.028744154803762,299.95109519734785,3.5,14
1292.0,3,charge,0.6756468487305046,4.057039386414235,299.2221334850576,3.0,14
1293.0,1,charge,0.6270217739682187,3.988200135577698,300.9776741372315,3.5,14
1293.0,2,charge,0.6472436901792674,4.029057855928886,299.95209872202383,3.5,14
1293.0,3,charge,0.6758639688394454,4.0573068993144705,299.2229199728684,3.0,14
1294.0,1,charge,0.627250130470662,3.98839305308124,300.9786544451762,3.5,14
1294.0,2,charge,0.647485608096529,4.029372003004276,299.9531021208256,3.5,14
1294.0,3,charge,0.6760810889483859,4.057574007595113,299.2237064373339,3.0,14
1295.0,1,charge,0.6274784869731055,3.9885881155207743,300.9796342384422,3.5,14
1295.0,2,charge,0.6477275260137931,4.029686586300018,299.9541053937531,3.5,14
1295.0,3,charge,0.6762982090573242,4.057840710151073,299.2244928784538,3.0,14
1296.0,1,charge,0.6277068434755487,3.988785264186645,300.9806135305229,3.5,14
1296.0,2,charge,0.6479694439310543,4.030001595990418,299.9551085408063,3.5,14
1296.0,3,charge,0.676515329166265,4.058107005960487,299.2252792962284,3.0,14
1297.0,1,charge,0.6279351999779922,3.988984441778949,300.98159233444716,3.5,14
1297.0,2,charge,0.6482113618483156,4.030317022156966,299.9561115619852,3.5,14
1297.0,3,charge,0.676732449275204,4.0583728940838775,299.22606569065755,3.0,14
1298.0,1,charge,0.6281635564804346,3.9891855968152954,300.9825706627123,3.5,14
1298.0,2,charge,0.6484532797655798,4.030632854791422,299.9571144572899,3.5,14
1298.0,3,charge,0.676949569384145,4.058638373663282,299.22685206174134,3.0,14
1299.0,1,charge,0.6283919129828782,3.9893886797778344,300.98354852737316,3.5,14
1299.0,2,charge,0.6486951976828411,4.0309490837988795,299.9581172267203,3.5,14
1299.0,3,charge,0.6771666894930831,4.058903443921395,299.2276384094797,3.0,14
1300.0,1,charge,0.6286202694853215,3.9895936402074232,300.98452594011394,3.5,14
1300.0,2,charge,0.6489371156001041,4.031265699000974,299.95911987027637,3.5,14
1300.0,3,charge,0.6773838096020236,4.059168104160644,299.2284247338726,3.0,14
1301.0,1,charge,0.6288486259877648,3.98980043464218,300.98550291209915,3.5,14
1301.0,2,charge,0.649179033517368,4.031582690139073,299.9601223879582,3.5,14
1301.0,3,charge,0.6776009297109651,4.0594323537623325,299.2292110349201,3.0,14
1302.0,1,charge,0.6290769824902047,3.9900090208630212,300.9864794541135,3.5,14
1302.0,2,charge,0.6494209514346294,4.031900046877597,299.96112477976584,3.5,14
1302.0,3,charge,0.6778180498199058,4.059696192185658,299.22999731262223,3.0,14
1303.0,1,charge,0.6293053389926483,3.9902193558389962,300.9874555766233,3.5,14
1303.0,2,charge,0.6496628693518908,4.032217758807317,299.9621270456991,3.5,14
1303.0,3,charge,0.678035169928844,4.059959618966811,299.23078356697897,3.0,14
1304.0,1,charge,0.6295336954950915,3.9904314016926232,300.9884312896276,3.5,14
1304.0,2,charge,0.6499047872691549,4.032535815448719,299.96312918575813,3.5,14
1304.0,3,charge,0.6782522900377846,4.0602226337179985,299.23156979799023,3.0,14
1305.0,1,charge,0.6297620519975349,3.990645121799491,300.9894066027881,3.5,14
1305.0,2,charge,0.6501467051864177,4.032854206255498,299.9641311999428,3.5,14
1305.0,3,charge,0.6784694101467231,4.060485236126471,299.23235600565613,3.0,14
1306.0,1,charge,0.6299904084999776,3.9908604801387906,300.99038152546365,3.5,14
1306.0,2,charge,0.6503886231036791,4.033172920582244,299.96513303127307,3.5,14
1306.0,3,charge,0.6786865302556614,4.0607474259535845,299.2331421899766,3.0,14
1307.0,1,charge,0.630218765002421,3.991077443026157,300.9913560666278,3.5,14
1307.0,2,charge,0.6506305410209432,4.033491947778469,299.9661347105552,3.5,14
1307.0,3,charge,0.6789036503646021,4.061009203033741,299.23392835095166,3.0,14
1308.0,1,charge,0.6304471215048646,3.9912959781336927,300.99233023494907,3.5,14
1308.0,2,charge,0.6508724589382046,4.033811277129585,299.96713625586676,3.5,14
1308.0,3,charge,0.6791207704735436,4.061270567273443,299.23471448858135,3.0,14
1309.0,1,charge,0.6306754780073077,3.9915160543417505,300.9933040388069,3.5,14
1309.0,2,charge,0.6511143768554659,4.034130897857042,299.96813766720777,3.5,14
1309.0,3,charge,0.6793378905824843,4.061531518650238,299.23550060286556,3.0,14
1310.0,1,charge,0.6309038345097511,3.9917376418002375,300.99427748626005,3.5,14
1310.0,2,charge,0.65135629477273,4.0344507991332215,299.9691389445781,3.5,14
1310.0,3,charge,0.6795550106914227,4.061792057211711,299.23628669380446,3.0,14
1311.0,1,charge,0.6311321910121931,3.991960711681865,300.9952505850951,3.5,14
1311.0,2,charge,0.6515982126899912,4.034770970085114,299.9701400879779,3.5,14
1311.0,3,charge,0.6797721308003633,4.0620521830744565,299.2370727613978,3.0,14
1312.0,1,charge,0.6313605475146364,3.992185236051439,300.9962233428377,3.5,14
1312.0,2,charge,0.6518401306072543,4.0350913997980005,299.97114109740716,3.5,14
1312.0,3,charge,0.6799892509093022,4.0623118964230205,299.2378588056459,3.0,14
1313.0,1,charge,0.63158890401708,3.9924111886086617,300.9971957667239,3.5,14
1313.0,2,charge,0.6520820485245183,4.035412077319192,299.9721419728657,3.5,14
1313.0,3,charge,0.680206371018243,4.062571197508852,299.23864482654847,3.0,14
1314.0,1,charge,0.6318172605195231,3.9926385435780074,300.99816786375396,3.5,14
1314.0,2,charge,0.6523239664417797,4.035732991661759,299.9731427143538,3.5,14
1314.0,3,charge,0.6804234911271813,4.0628300866492495,299.2394308241057,3.0,14
1315.0,1,charge,0.6320456170219666,3.992867275806704,300.9991396406972,3.5,14
1315.0,2,charge,0.6525658843590412,4.036054131808333,299.9741433218713,3.5,14
1315.0,3,charge,0.680640611236122,4.063088564226284,299.2402167983175,3.0,14
1316.0,1,charge,0.6322739735244093,3.993097361841848,301.0001111040539,3.5,14
1316.0,2,charge,0.6528078022763052,4.036375486714853,299.9751437954181,3.5,14
1316.0,3,charge,0.6808577313450634,4.063346630685748,299.24100274918385,3.0,14
1317.0,1,charge,0.6325023300268527,3.9933287786317386,301.00108226011974,3.5,14
1317.0,2,charge,0.6530497201935663,4.036697045314417,299.97614413499446,3.5,14
1317.0,3,charge,0.6810748514540041,4.06360428653606,299.24178867670486,3.0,14
1318.0,1,charge,0.6327306865292961,3.993561503788584,301.00205311498195,3.5,14
1318.0,2,charge,0.6532916381108297,4.037018796521075,299.9771443406001,3.5,14
1318.0,3,charge,0.6812919715629417,4.0638615323472,299.2425745808804,3.0,14
1319.0,1,charge,0.6329590430317394,3.9937955160005814,301.0030236744876,3.5,14
1319.0,2,charge,0.6535335560280938,4.03734072923369,299.9781444122352,3.5,14
1319.0,3,charge,0.6815090916718806,4.064118368749586,299.24336046171055,3.0,14
1320.0,1,charge,0.6331873995341829,3.994030794547165,301.0039939443,3.5,14
1320.0,2,charge,0.653775473945355,4.037662832339751,299.97914434989974,3.5,14
1320.0,3,charge,0.6817262117808214,4.064374796433041,299.2441463191953,3.0,14
1321.0,1,charge,0.6334157560366227,3.9942673193780878,301.00496392989237,3.5,14
1321.0,2,charge,0.6540173918626163,4.037985094719257,299.9801441535937,3.5,14
1321.0,3,charge,0.6819433318897596,4.064630816145662,299.2449321533346,3.0,14
1322.0,1,charge,0.6336441125390663,3.9945050710106624,301.0059336365295,3.5,14
1322.0,2,charge,0.6542593097798803,4.0383075052485395,299.98114382331704,3.5,14
1322.0,3,charge,0.6821604519987005,4.064886428692722,299.2457179641285,3.0,14
1323.0,1,charge,0.6338724690415097,3.9947440305952275,301.00690306930915,3.5,14
1323.0,2,charge,0.6545012276971415,4.038630052804137,299.9821433590698,3.5,14
1323.0,3,charge,0.6823775721076417,4.065141634935589,299.24650375157705,3.0,14
1324.0,1,charge,0.634100825543953,3.9949841798128323,301.007872233157,3.5,14
1324.0,2,charge,0.6547431456144048,4.0389527255210815,299.98314275805205,3.5,14
1324.0,3,charge,0.6825946922165825,4.065396435790646,299.24728951568017,3.0,14
1325.0,1,charge,0.6343291820463965,3.9952255010418964,301.00884113279693,3.5,14
1325.0,2,charge,0.6549850635316687,4.0392755126554745,299.98414202165,3.5,14
1325.0,3,charge,0.6828118123255208,4.065650832228126,299.24807525643786,3.0,14
1326.0,1,charge,0.634557538548839,3.9954679769376593,301.00980977282313,3.5,14
1326.0,2,charge,0.6552269814489303,4.039598403406532,299.98514115098783,3.5,14
1326.0,3,charge,0.6830289324344616,4.065904825271096,299.2488609738501,3.0,14
1327.0,1,charge,0.6347858950512826,3.995711590577544,301.0107781576763,3.5,14
1327.0,2,charge,0.6554688993661915,4.039921386689864,299.9861401460657,3.5,14
1327.0,3,charge,0.6832460525434004,4.066158415994295,299.24964666791703,3.0,14
1328.0,1,charge,0.6350142515537259,3.995956325405692,301.0117462916531,3.5,14
1328.0,2,charge,0.6557108172834556,4.040244451440477,299.98713900688347,3.5,14
1328.0,3,charge,0.6834631726523414,4.066411605523065,299.2504323386385,3.0,14
1329.0,1,charge,0.6352426080561695,3.996202165263667,301.0127141789071,3.5,14
1329.0,2,charge,0.655952735200719,4.040567586616566,299.9881377334413,3.5,14
1329.0,3,charge,0.6836802927612796,4.066664395032252,299.2512179860145,3.0,14
1330.0,1,charge,0.6354709645586127,3.9964490957104895,301.01368182331663,3.5,14
1330.0,2,charge,0.6561946531179803,4.040890781203269,299.9891363257391,3.5,14
1330.0,3,charge,0.6838974128702201,4.0669167857451,299.25200361004516,3.0,14
1331.0,1,charge,0.6356993210610562,3.99669710081194,301.0146492288175,3.5,14
1331.0,2,charge,0.6564365710352441,4.041214024216485,299.99013478377685,3.5,14
1331.0,3,charge,0.6841145329791609,4.067168778932153,299.25278921073044,3.0,14
1332.0,1,charge,0.6359276775634998,3.9969461655265937,301.0156163991619,3.5,14
1332.0,2,charge,0.6566784889525055,4.0415373047065515,299.9911331075546,3.5,14
1332.0,3,charge,0.6843316530880992,4.067420375910196,299.2535747880703,3.0,14
1333.0,1,charge,0.6361560340659432,3.997196275029344,301.01658333799,3.5,14
1333.0,2,charge,0.6569204068697668,4.041860611761981,299.9921312970723,3.5,14
1333.0,3,charge,0.6845487731970401,4.067671578041139,299.2543603420647,3.0,14
1334.0,1,charge,0.6363843905683868,3.9974474151397787,301.0175500487833,3.5,14
1334.0,2,charge,0.6571623247870315,4.042183934513156,299.9931293523301,3.5,14
1334.0,3,charge,0.684765893305979,4.06792238673092,299.2551458727137,3.0,14
1335.0,1,charge,0.6366127470708302,3.9976995732301885,301.01851653475944,3.5,14
1335.0,2,charge,0.6574042427042941,4.04250726213594,299.9941272733278,3.5,14
1335.0,3,charge,0.6849830134149197,4.068172803428482,299.2559313800173,3.0,14
1336.0,1,charge,0.6368411035732735,3.9979527347621007,301.0194827992837,3.5,14
1336.0,2,charge,0.6576461606215555,4.042830583855311,299.99512506006545,3.5,14
1336.0,3,charge,0.6852001335238581,4.06842282962462,299.2567168639755,3.0,14
1337.0,1,charge,0.6370694600757171,3.9982068862230618,301.0204488455249,3.5,14
1337.0,2,charge,0.65788807853882,4.043153888948934,299.9961227125432,3.5,14
1337.0,3,charge,0.6854172536327986,4.068672466850977,299.2575023245882,3.0,14
1338.0,1,charge,0.6372978165781605,3.998462014277854,301.02141467655844,3.5,14
1338.0,2,charge,0.6581299964560807,4.043477166750716,299.99712023076086,3.5,14
1338.0,3,charge,0.6856343737417401,4.068921716713785,299.2582877317326,3.0,14
1339.0,1,charge,0.6375261730806038,3.998718106332353,301.0223802952833,3.5,14
1339.0,2,charge,0.6583719143733421,4.043800406654259,299.99811761471847,3.5,14
1339.0,3,charge,0.6858514938506809,4.069170580805949,299.25907310023814,3.0,14
1340.0,1,charge,0.6377545295830473,3.99897515033845,301.0233457044532,3.5,14
1340.0,2,charge,0.6586138322906067,4.044123598116353,299.99911486441613,3.5,14
1340.0,3,charge,0.6860686139596192,4.069419060764371,299.259858439441,3.0,14
1341.0,1,charge,0.6379828860854907,3.9992331333683735,301.0243109068925,3.5,14
1341.0,2,charge,0.6588557502078692,4.044446730660361,300.0001119798537,3.5,14
1341.0,3,charge,0.6862857340685601,4.069667158273358,299.26064374934134,3.0,14
1342.0,1,charge,0.6382112425879333,3.999492043136173,301.025275905269,3.5,14
1342.0,2,charge,0.6590976681251306,4.044769793879569,300.0011089610314,3.5,14
1342.0,3,charge,0.6865028541774989,4.06991487505276,299.26142902993905,3.0,14
1343.0,1,charge,0.6384395990903767,3.9997518675147874,301.0262407021689,3.5,14
1343.0,2,charge,0.6593395860423955,4.045092777440496,300.0021058079489,3.5,14
1343.0,3,charge,0.6867199742864397,4.070162212856957,299.2622142812342,3.0,14
1344.0,1,charge,0.63866795559282,4.000012594835278,301.0272053000271,3.5,14
1344.0,2,charge,0.6595815039596561,4.045415671086153,300.00310252060655,3.5,14
1344.0,3,charge,0.6869370943953771,4.070409173473784,299.2629995032267,3.0,14
1345.0,1,charge,0.6388963120952635,4.000274213471345,301.0281697012246,3.5,14
1345.0,2,charge,0.6598234218769207,4.0457384646392285,300.00409909900407,3.5,14
1345.0,3,charge,0.6871542145043186,4.07065575872357,299.2637846959167,3.0,14
1346.0,1,charge,0.6391246685977033,4.000536711733053,301.0291339081126,3.5,14
1346.0,2,charge,0.660065339794182,4.046061148005232,300.0050955431416,3.5,14
1346.0,3,charge,0.6873713346132593,4.070901970458085,299.264569859304,3.0,14
1347.0,1,charge,0.6393530251001468,4.000800078177145,301.03009792294154,3.5,14
1347.0,2,charge,0.6603072577114447,4.04638371117556,300.00609185301914,3.5,14
1347.0,3,charge,0.6875884547221977,4.071147810559534,299.26535499338877,3.0,14
1348.0,1,charge,0.6395813816025903,4.0010643014736225,301.0310617478919,3.5,14
1348.0,2,charge,0.6605491756287093,4.046706144230541,300.00708802863664,3.5,14
1348.0,3,charge,0.6878055748311385,4.07139328093958,299.266140098171,3.0,14
1349.0,1,charge,0.6398097381050337,4.00132937044552,301.0320253850616,3.5,14
1349.0,2,charge,0.6607910935459709,4.0470284373423695,300.0080840699941,3.5,14
1349.0,3,charge,0.6880226949400773,4.07163838353835,299.2669251736505,3.0,14
1350.0,1,charge,0.6400380946074771,4.001595274062449,301.03298883646715,3.5,14
1350.0,2,charge,0.6610330114632322,4.047350580778003,300.00907997709163,3.5,14
1350.0,3,charge,0.688239815049018,4.071883120323452,299.2677102198275,3.0,14
1350.0,1,charge,0.640038094607477,4.001595274062449,301.03298883646715,3.5,15
1350.0,1,charge,0.6400380946074771,4.001595274062449,301.03298883646715,3.5,15
1350.0,2,charge,0.661033011463233,4.047350580778003,300.00907997709163,3.5,15
1350.0,2,charge,0.6610330114632322,4.047350580778003,300.00907997709163,3.5,15
1350.0,3,charge,0.6882398150490175,4.071883120323452,299.2677102198275,3.0,15
1350.0,3,charge,0.688239815049018,4.071883120323452,299.2677102198275,3.0,15
1351.0,1,charge,0.6402664511099198,4.001862011410259,301.0339520963825,3.5,15
1351.0,2,charge,0.6612749293804961,4.047672566489863,300.0100754744787,3.5,15
1351.0,3,charge,0.6884569351579563,4.072127493349409,299.2684951693828,3.0,15
1352.0,1,charge,0.6404948076123632,4.00212955166669,301.03491518153413,3.5,15
1352.0,2,charge,0.6615168472977573,4.047994383370721,300.01107081652407,3.5,15
1352.0,3,charge,0.688674055266897,4.072371504584876,299.26928008178277,3.0,15
1353.0,1,charge,0.6407231641148068,4.002397891237204,301.03587808756254,3.5,15
1353.0,2,charge,0.6617587652150201,4.048316021062961,300.01206615856944,3.5,15
1353.0,3,charge,0.6888911753758385,4.072615156041383,299.27006499418263,3.0,15
1354.0,1,charge,0.64095152061725,4.0026670213799065,301.03684081577774,3.5,15
1354.0,2,charge,0.6620006831322847,4.048637471510133,300.0130612802917,3.5,15
1354.0,3,charge,0.6891082954847793,4.0728584500002665,299.2708496999412,3.0,15
1355.0,1,charge,0.6411798771196936,4.002936932487364,301.03780336743887,3.5,15
1355.0,2,charge,0.662242601049546,4.048958728617439,300.0140556408583,3.5,15
1355.0,3,charge,0.6893254155937167,4.073101389075404,299.2716336918106,3.0,15
1356.0,1,charge,0.6414082336221351,4.0032076136784465,301.03876574426135,3.5,15
1356.0,2,charge,0.6624845189668074,4.049279778885245,300.015050001425,3.5,15
1356.0,3,charge,0.6895425357026554,4.073343974641798,299.27241768368003,3.0,15
1357.0,1,charge,0.6416365901245783,4.003479053559306,301.03972794811165,3.5,15
1357.0,2,charge,0.6627264368840713,4.049600613317494,300.0160443619916,3.5,15
1357.0,3,charge,0.6897596558115964,4.073586208832824,299.27320167554944,3.0,15
1358.0,1,charge,0.6418649466270219,4.003751243443942,301.0406899800341,3.5,15
1358.0,2,charge,0.6629683548013324,4.049921223033513,300.0170387225582,3.5,15
1358.0,3,charge,0.6899767759205346,4.073828093801829,299.27398566741886,3.0,15
1359.0,1,charge,0.6420933031294651,4.004024172359085,301.0416518417084,3.5,15
1359.0,2,charge,0.663210272718596,4.05024159927026,300.0180330831248,3.5,15
1359.0,3,charge,0.6901938960294755,4.074069631721267,299.27476965928827,3.0,15
1360.0,1,charge,0.6423216596319086,4.004297826324033,301.0426135356709,3.5,15
1360.0,2,charge,0.6634521906358598,4.050561733384464,300.01902744369147,3.5,15
1360.0,3,charge,0.6904110161384169,4.074310824781769,299.2755536511577,3.0,15
1361.0,1,charge,0.6425500161343513,4.004572199958478,301.04357506189285,3.5,15
1361.0,2,charge,0.6636941085531213,4.050881616854776,300.0200218042581,3.5,15
1361.0,3,charge,0.6906281362473575,4.074551675191332,299.2763376430271,3.0,15
1362.0,1,charge,0.6427783726367947,4.004847283502171,301.04453642160195,3.5,15
1362.0,2,charge,0.6639360264703826,4.051201245311702,300.021015427134,3.5,15
1362.0,3,charge,0.6908452563562958,4.074792185174408,299.27712163489645,3.0,15
1363.0,1,charge,0.6430067291392382,4.0051230635658985,301.0454976170612,3.5,15
1363.0,2,charge,0.6641779443876467,4.0515206083784,300.0220086988119,3.5,15
1363.0,3,charge,0.6910623764652366,4.075032356971075,299.27790562676586,3.0,15
1364.0,1,charge,0.6432350856416815,4.005399532824028,301.04645864871173,3.5,15
1364.0,2,charge,0.66441986230491,4.051839696462152,300.02300188488664,3.5,15
1364.0,3,charge,0.6912794965741754,4.075272192836209,299.27868961863527,3.0,15
1365.0,1,charge,0.6434634421441249,4.005676680402171,301.047419518011,3.5,15
1365.0,2,charge,0.6646617802221714,4.052158501549168,300.0239949853584,3.5,15
1365.0,3,charge,0.6914966166831163,4.075511695038639,299.2794736105047,3.0,15
1366.0,1,charge,0.6436917986465684,4.00595449518688,301.0483802264536,3.5,15
1366.0,2,charge,0.6649036981394353,4.052477015756767,300.02498800022704,3.5,15
1366.0,3,charge,0.6917137367920536,4.075750865860334,299.2802576023741,3.0,15
1367.0,1,charge,0.6439201551490084,4.006232967261672,301.0493407751449,3.5,15
1367.0,2,charge,0.6651456160566966,4.052795231335031,300.02598092949273,3.5,15
1367.0,3,charge,0.6919308569009953,4.075989707595582,299.2810415942435,3.0,15
1368.0,1,charge,0.6441485116514518,4.00651208651813,301.05030116522266,3.5,15
1368.0,2,charge,0.665387533973958,4.053113140668268,300.0269737731553,3.5,15
1368.0,3,charge,0.6921479770099359,4.076228222550256,299.2818255861129,3.0,15
1369.0,1,charge,0.6443768681538954,4.006791842465121,301.0512613979011,3.5,15
1369.0,2,charge,0.6656294518912216,4.0534307362765105,300.0279665312148,3.5,15
1369.0,3,charge,0.6923650971188742,4.076466413040947,299.2826095779823,3.0,15
1370.0,1,charge,0.6446052246563386,4.007072224388329,301.05222147442663,3.5,15
1370.0,2,charge,0.6658713698084853,4.053748010816843,300.0289592036713,3.5,15
1370.0,3,charge,0.6925822172278151,4.07670428139425,299.28339356985174,3.0,15
1371.0,1,charge,0.644833581158782,4.0073532231062705,301.0531813955741,3.5,15
1371.0,2,charge,0.6661132877257466,4.0540649570846625,300.02995179052476,3.5,15
1371.0,3,charge,0.6927993373367539,4.076941829945998,299.2841775617212,3.0,15
1372.0,1,charge,0.6450619376612247,4.0076348277522005,301.0541411625738,3.5,15
1372.0,2,charge,0.6663552056430104,4.05438156801492,300.03094429177514,3.5,15
1372.0,3,charge,0.6930164574456947,4.077179061040479,299.2849615535905,3.0,15
1373.0,1,charge,0.6452902941636681,4.007917027887927,301.05510077650274,3.5,15
1373.0,2,charge,0.6665971235602718,4.054697836683172,300.03193670742246,3.5,15
1373.0,3,charge,0.6932335775546331,4.077415977029743,299.2857455454599,3.0,15
1374.0,1,charge,0.6455186506661116,4.0081998143415944,301.05606023804404,3.5,15
1374.0,2,charge,0.6668390414775331,4.055013756306667,300.0329290374668,3.5,15
1374.0,3,charge,0.6934506976635736,4.077652580272844,299.2865295373294,3.0,15
1375.0,1,charge,0.6457470071685548,4.008483176237071,301.0570195483432,3.5,15
1375.0,2,charge,0.6670809593947968,4.0553293202452405,300.03392128190796,3.5,15
1375.0,3,charge,0.6936678177725151,4.077888873135148,299.2873135291988,3.0,15
1376.0,1,charge,0.6459753636709983,4.008767103586697,301.05797870826194,3.5,15
1376.0,2,charge,0.6673228773120604,4.055644522002218,300.0349134407461,3.5,15
1376.0,3,charge,0.6938849378814559,4.078124857987611,299.2880975210682,3.0,15
1377.0,1,charge,0.6462037201734416,4.009051587309536,301.05893771837464,3.5,15
1377.0,2,charge,0.6675647952293218,4.05595935522518,300.0359055139813,3.5,15
1377.0,3,charge,0.6941020579903942,4.0783605372061,299.2888815129376,3.0,15
1378.0,1,charge,0.6464320766758851,4.0093366165917494,301.05989657972594,3.5,15
1378.0,2,charge,0.6678067131465856,4.056273813706649,300.0368975016133,3.5,15
1378.0,3,charge,0.6943191780993351,4.078595913170716,299.28966550480703,3.0,15
1379.0,1,charge,0.6466604331783287,4.009622181056571,301.0608552932086,3.5,15
1379.0,2,charge,0.6680486310638469,4.056587891384764,300.03788940364234,3.5,15
1379.0,3,charge,0.6945362982082737,4.078830988265107,299.29044949667644,3.0,15
1380.0,1,charge,0.6468887896807719,4.009908270213428,301.061813859722,3.5,15
1380.0,2,charge,0.6682905489811084,4.056901582343751,300.03888122006833,3.5,15
1380.0,3,charge,0.6947534183172113,4.079065764875839,299.29123348854586,3.0,15
1381.0,1,charge,0.6471171461832154,4.010194873459886,301.0627722801725,3.5,15
1381.0,2,charge,0.668532466898372,4.057214880814442,300.0398729508912,3.5,15
1381.0,3,charge,0.6949705384261521,4.079300245391726,299.29201748041527,3.0,15
1382.0,1,charge,0.6473455026856588,4.0104819825052465,301.0637305547826,3.5,15
1382.0,2,charge,0.6687743848156356,4.057527781174651,300.0408645961111,3.5,15
1382.0,3,charge,0.6951876585350936,4.079534432203204,299.2928014722846,3.0,15
1383.0,1,charge,0.6475738591881023,4.010769586513013,301.0646886844771,3.5,15
1383.0,2,charge,0.6690163027328967,4.0578402779494525,300.0418561557279,3.5,15
1383.0,3,charge,0.6954047786440343,4.079768327701714,299.29358546415403,3.0,15
1384.0,1,charge,0.647802215690545,4.011057674676655,301.06564667014914,3.5,15
1384.0,2,charge,0.6692582206501605,4.058152365811437,300.0428476297417,3.5,15
1384.0,3,charge,0.6956218987529726,4.080001934279103,299.29436945602345,3.0,15
1385.0,1,charge,0.6480305721929883,4.011346236555496,301.0666045125644,3.5,15
1385.0,2,charge,0.6695001385674219,4.05846404054742,300.04383878947726,3.5,15
1385.0,3,charge,0.6958390188619135,4.0802352546015666,299.2951531938292,3.0,15
1386.0,1,charge,0.6482589286954316,4.011635261657391,301.0675622124815,3.5,15
1386.0,2,charge,0.6697420564846832,4.058775296595264,300.04482976059944,3.5,15
1386.0,3,charge,0.6960561389708522,4.080468291052295,299.2959366843512,3.0,15
1387.0,1,charge,0.6484872851978751,4.011924739937767,301.0685197705112,3.5,15
1387.0,2,charge,0.6699839744019471,4.059086128745722,300.04582062007006,3.5,15
1387.0,3,charge,0.696273259079793,4.080701045772187,299.29672015745376,3.0,15
1388.0,1,charge,0.6487156417003186,4.01221466239091,301.06947718695034,3.5,15
1388.0,2,charge,0.6702258923192083,4.059396532262362,300.0468113678892,3.5,15
1388.0,3,charge,0.6964903791887312,4.080933521148722,299.29750361313677,3.0,15
1389.0,1,charge,0.6489439982027622,4.012505017825264,301.0704344626936,3.5,15
1389.0,2,charge,0.6704678102364718,4.059706502556319,300.04780200405673,3.5,15
1389.0,3,charge,0.696707499297672,4.081165719566892,299.2982870514002,3.0,15
1390.0,1,charge,0.6491723547052021,4.0127957959542595,301.07139159836055,3.5,15
1390.0,2,charge,0.6707097281537356,4.060016035186038,300.0487925285728,3.5,15
1390.0,3,charge,0.6969246194066135,4.081397643408653,299.2990704722442,3.0,15
1391.0,1,charge,0.6494007112076455,4.0130869864904355,301.0723485945528,3.5,15
1391.0,2,charge,0.6709516460709971,4.060325125857053,300.0497829414374,3.5,15
1391.0,3,charge,0.6971417395155541,4.08162929505238,299.2998538756686,3.0,15
1392.0,1,charge,0.649629067710089,4.013378579147901,301.0733054518537,3.5,15
1392.0,2,charge,0.6711935639882585,4.0606337704215765,300.05077324265045,3.5,15
1392.0,3,charge,0.6973588596244918,4.081860676872351,299.30063726167344,3.0,15
1393.0,1,charge,0.6498574242125326,4.013670563829819,301.0742621707813,3.5,15
1393.0,2,charge,0.671435481905522,4.060941964878124,300.05176343221194,3.5,15
1393.0,3,charge,0.6975759797334304,4.082091791238236,299.30142063025886,3.0,15
1394.0,1,charge,0.6500857807149758,4.013962930278986,301.0752187518781,3.5,15
1394.0,2,charge,0.6716773998227858,4.0612497053710355,300.05275351012193,3.5,15
1394.0,3,charge,0.6977930998423713,4.082322640514608,299.30220398142467,3.0,15
1395.0,1,charge,0.6503141372174192,4.014255668229707,301.07617519567253,3.5,15
1395.0,2,charge,0.671919317740047,4.06155698818991,300.0537434763804,3.5,15
1395.0,3,charge,0.6980102199513096,4.082553227060426,299.30298731517104,3.0,15
1396.0,1,charge,0.6505424937198627,4.014548767476793,301.07713150266284,3.5,15
1396.0,2,charge,0.6721612356573111,4.061863809769012,300.05473333098735,3.5,15
1396.0,3,charge,0.6982273400602502,4.082783553228587,299.3037706314978,3.0,15
1397.0,1,charge,0.6507708502223054,4.014842217834323,301.07808767332773,3.5,15
1397.0,2,charge,0.6724031535745723,4.062170166686611,300.0557230739428,3.5,15
1397.0,3,charge,0.6984444601691917,4.08301362136541,299.304553930405,3.0,15
1398.0,1,charge,0.6509992067247489,4.015136008993259,301.0790437081694,3.5,15
1398.0,2,charge,0.6726450714918336,4.062476055664223,300.0567127052467,3.5,15
1398.0,3,charge,0.6986615802781325,4.08324343381026,299.3053372118928,3.0,15
1399.0,1,charge,0.6512275632271923,4.015430130187034,301.0799996078126,3.5,15
1399.0,2,charge,0.6728869894090974,4.062781473565854,300.0577022248991,3.5,15
1399.0,3,charge,0.6988787003870709,4.083472992894993,299.30612047596094,3.0,15
1400.0,1,charge,0.6514559197296357,4.015724571526732,301.0809553726122,3.5,15
1400.0,2,charge,0.6731289073263585,4.063086417397136,300.0586916329,3.5,15
1400.0,3,charge,0.6990958204960116,4.083702300943614,299.3069037226096,3.0,15
1401.0,1,charge,0.6516842762320791,4.016019322789415,301.0819110030108,3.5,15
1401.0,2,charge,0.6733708252436221,4.063390884304448,300.05968092924934,3.5,15
1401.0,3,charge,0.6993129406049503,4.08393136027178,299.3076869518388,3.0,15
1402.0,1,charge,0.6519126327345227,4.016314373770976,301.082866499436,3.5,15
1402.0,2,charge,0.673612743160886,4.063694871573915,300.0606701139472,3.5,15
1402.0,3,charge,0.699530060713888,4.0841601731864365,299.30847016364845,3.0,15
1403.0,1,charge,0.652140989236964,4.016609714288989,301.0838218623002,3.5,15
1403.0,2,charge,0.6738546610781474,4.063998376630461,300.0616591869935,3.5,15
1403.0,3,charge,0.6997471808228286,4.084388741985363,299.30925335803846,3.0,15
1404.0,1,charge,0.6523693457394074,4.016905333659497,301.0847770921542,3.5,15
1404.0,2,charge,0.6740965789954088,4.064301397036703,300.0626481483883,3.5,15
1404.0,3,charge,0.6999643009317702,4.0846170689567955,299.31003653500903,3.0,15
1405.0,1,charge,0.6525977022418509,4.017201221628379,301.08573218941575,3.5,15
1405.0,2,charge,0.6743384969126723,4.064603930491867,300.0636369981316,3.5,15
1405.0,3,charge,0.7001814210407109,4.084845156379046,299.3108196945601,3.0,15
1406.0,1,charge,0.6528260587442941,4.017497368122284,301.0866871544435,3.5,15
1406.0,2,charge,0.6745804148299337,4.064905974830621,300.0646257362234,3.5,15
1406.0,3,charge,0.7003985411496492,4.085073006520112,299.31160283669163,3.0,15
1407.0,1,charge,0.6530544152467376,4.017793762923853,301.0876419876325,3.5,15
1407.0,2,charge,0.6748223327471966,4.065207528021876,300.0656143626636,3.5,15
1407.0,3,charge,0.70061566125859,4.085300621637302,299.3123859614036,3.0,15
1408.0,1,charge,0.6532827717491803,4.0180903958373015,301.0885966893667,3.5,15
1408.0,2,charge,0.6750642506644612,4.065508588087619,300.06660282253193,3.5,15
1408.0,3,charge,0.7008327813675285,4.085528003976904,299.3131690686961,3.0,15
1409.0,1,charge,0.6535111282516237,4.018387256628907,301.0895512600374,3.5,15
1409.0,2,charge,0.6753061685817225,4.065809153306997,300.06759114736633,3.5,15
1409.0,3,charge,0.7010499014764693,4.085755155773782,299.31395215856895,3.0,15
1410.0,1,charge,0.6537394847540673,4.018684334771088,301.0905057001196,3.5,15
1410.0,2,charge,0.6755480864989829,4.066109222068979,300.0685793544062,3.5,15
1410.0,3,charge,0.7012670215854077,4.085982079251092,299.3147352310224,3.0,15
1411.0,1,charge,0.6539678412565105,4.018981620286963,301.09146000992365,3.5,15
1411.0,2,charge,0.6757900044162476,4.066408792866504,300.06956744365147,3.5,15
1411.0,3,charge,0.7014841416943486,4.086208776619905,299.31551828605626,3.0,15
1412.0,1,charge,0.6541961977589539,4.019279103015791,301.09241418981287,3.5,15
1412.0,2,charge,0.676031922333509,4.06670786432008,300.0705554151022,3.5,15
1412.0,3,charge,0.7017012618032901,4.086435250078926,299.3163013236706,3.0,15
1413.0,1,charge,0.654424554261394,4.019576772824779,301.09336824014173,3.5,15
1413.0,2,charge,0.6762738402507718,4.067006435176359,300.0715432687584,3.5,15
1413.0,3,charge,0.7019183819122277,4.08666150181412,299.3170843438654,3.0,15
1414.0,1,charge,0.6546529107638375,4.01987461961201,301.0943221612563,3.5,15
1414.0,2,charge,0.6765157581680361,4.067304504306651,300.07253100462,3.5,15
1414.0,3,charge,0.7021355020211684,4.0868875339984765,299.3178673466407,3.0,15
1415.0,1,charge,0.6548812672662808,4.02017263317269,301.09527595353444,3.5,15
1415.0,2,charge,0.6767576760852975,4.067602070705407,300.073518622687,3.5,15
1415.0,3,charge,0.702352622130107,4.08711334879165,299.3186503319965,3.0,15
1416.0,1,charge,0.6551096237687242,4.020470803421279,301.09622961732094,3.5,15
1416.0,2,charge,0.6769995940025582,4.067899133488659,300.0745061229595,3.5,15
1416.0,3,charge,0.7025697422390474,4.087338948339703,299.3194332999327,3.0,15
1417.0,1,charge,0.6553379802711676,4.020769120381008,301.0971831529309,3.5,15
1417.0,2,charge,0.6772415119198193,4.068195691892443,300.07549350543746,3.5,15
1417.0,3,charge,0.7027868623479863,4.087564334774825,299.32021625044945,3.0,15
1418.0,1,charge,0.6555663367736103,4.0210675740597726,301.0981365606881,3.5,15
1418.0,2,charge,0.6774834298370839,4.068491745271208,300.0764807701208,3.5,15
1418.0,3,charge,0.7030039824569267,4.087789510215046,299.32099918354663,3.0,15
1419.0,1,charge,0.6557946932760537,4.0213661545067145,301.09908984090885,3.5,15
1419.0,2,charge,0.6777253477543469,4.068787293096167,300.07746791700964,3.5,15
1419.0,3,charge,0.7032211025658683,4.0880144767639806,299.32178209922427,3.0,15
1420.0,1,charge,0.6560230497784969,4.0216648517969835,301.1000429939073,3.5,15
1420.0,2,charge,0.677967265671608,4.069082334953629,300.0784549461039,3.5,15
1420.0,3,charge,0.703438222674809,4.0882392365105815,299.32256499748246,3.0,15
1421.0,1,charge,0.6562514062809405,4.021963655898027,301.1009960200362,3.5,15
1421.0,2,charge,0.6782091835888726,4.069376870543321,300.0794418574036,3.5,15
1421.0,3,charge,0.7036553427837466,4.088463791528863,299.32334787832104,3.0,15
1422.0,1,charge,0.6564797627833839,4.022262557061621,301.1019489195709,3.5,15
1422.0,2,charge,0.6784511015061331,4.069670899676664,300.0804286509087,3.5,15
1422.0,3,charge,0.7038724628926881,4.088688143877686,299.32413074174013,3.0,15
1423.0,1,charge,0.6567081192858272,4.02256154549662,301.1029016928077,3.5,15
1423.0,2,charge,0.6786930194233944,4.069964422275083,300.0814153266192,3.5,15
1423.0,3,charge,0.704089583001626,4.088912295600512,299.3249135877397,3.0,15
1424.0,1,charge,0.6569364757882707,4.022860611463889,301.1038543400364,3.5,15
1424.0,2,charge,0.678934937340658,4.0702574383682,300.0824018845353,3.5,15
1424.0,3,charge,0.7043067031105644,4.089136248725193,299.32569641631966,3.0,15
1425.0,1,charge,0.657164832290714,4.023159745279059,301.1048068615405,3.5,15
1425.0,2,charge,0.6791768552579218,4.0705499480921095,300.0833883246567,3.5,15
1425.0,3,charge,0.7045238232195052,4.089360005263725,299.32647922748015,3.0,15
1426.0,1,charge,0.6573931887931574,4.023458937153161,301.10575925764414,3.5,15
1426.0,2,charge,0.6794187731751833,4.070841951687578,300.0843746469836,3.5,15
1426.0,3,charge,0.7047409433284467,4.089583567212056,299.32726202122115,3.0,15
1427.0,1,charge,0.6576215452956,4.023758177432834,301.10671152864285,3.5,15
1427.0,2,charge,0.6796606910924469,4.0711334494982285,300.08536085151593,3.5,15
1427.0,3,charge,0.7049580634373873,4.089806936549895,299.3280447975426,3.0,15
1428.0,1,charge,0.6578499017980435,4.024057456653516,301.10766367478936,3.5,15
1428.0,2,charge,0.679902609009708,4.071424441968761,300.08634693825366,3.5,15
1428.0,3,charge,0.7051751835463257,4.090030115240481,299.3288275564445,3.0,15
1429.0,1,charge,0.6580782583004869,4.02435676533336,301.10861569635387,3.5,15
1429.0,2,charge,0.6801445269269694,4.071714929643063,300.0873329071969,3.5,15
1429.0,3,charge,0.7053923036552666,4.0902531052304205,299.3296102979269,3.0,15
1430.0,1,charge,0.6583066148029302,4.0246560940568195,301.1095675936008,3.5,15
1430.0,2,charge,0.6803864448442332,4.072004913162457,300.0883187583455,3.5,15
1430.0,3,charge,0.7056094237642051,4.090475908449493,299.3303930219897,3.0,15
1431.0,1,charge,0.6585349713053736,4.024955433477678,301.11051936678837,3.5,15
1431.0,2,charge,0.6806283627614943,4.0722943931237365,300.089304490825,3.5,15
1431.0,3,charge,0.7058265438731427,4.090698526810483,299.33117572863307,3.0,15
1432.0,1,charge,0.6587633278078137,4.025254774321988,301.1114710161691,3.5,15
1432.0,2,charge,0.6808702806787579,4.072583370423851,300.0902901050518,3.5,15
1432.0,3,charge,0.7060436639820834,4.0909209622089975,299.3319584178569,3.0,15
1433.0,1,charge,0.6589916843102572,4.025554107391048,301.1124225419889,3.5,15
1433.0,2,charge,0.6811121985960218,4.072871846023636,300.09127560126734,3.5,15
1433.0,3,charge,0.7062607840910249,4.09114321652331,299.33274108966117,3.0,15
1434.0,1,charge,0.6592200408127007,4.02585342356428,301.11337394448776,3.5,15
1434.0,2,charge,0.6813541165132831,4.0731598209352935,300.0922609794715,3.5,15
1434.0,3,charge,0.7064779041999657,4.091365291614208,299.3335237440459,3.0,15
1435.0,1,charge,0.6594483973151442,4.026152713621332,301.11432522395114,3.5,15
1435.0,2,charge,0.6815960344305445,4.073447296259051,300.09324623966455,3.5,15
1435.0,3,charge,0.7066950243089039,4.091587189324841,299.3343063810112,3.0,15
1436.0,1,charge,0.6596767538175875,4.026451968469386,301.1152763806455,3.5,15
1436.0,2,charge,0.6818379523478081,4.0737342731813495,300.0942313818462,3.5,15
1436.0,3,charge,0.7069121444178448,4.0918089114805625,299.3350890005568,3.0,15
1437.0,1,charge,0.6599051103200302,4.02675117924638,301.116227414789,3.5,15
1437.0,2,charge,0.6820798702650692,4.074020752972905,300.0952164060166,3.5,15
1437.0,3,charge,0.7071292645267833,4.092030459888807,299.335871602683,3.0,15
1438.0,1,charge,0.6601334668224735,4.027050337069279,301.1171783266251,3.5,15
1438.0,2,charge,0.6823217881823324,4.074306736986857,300.09620131217576,3.5,15
1438.0,3,charge,0.7073463846357241,4.092251836338949,299.3366541873896,3.0,15
1439.0,1,charge,0.660361823324917,4.0273494331284985,301.1181291163954,3.5,15
1439.0,2,charge,0.6825637060995967,4.074592226656867,300.09718610032365,3.5,15
1439.0,3,charge,0.7075635047446625,4.09247304260218,299.3374367546768,3.0,15
1440.0,1,charge,0.6605901798273603,4.02764845868917,301.11907978434084,3.5,15
1440.0,2,charge,0.6828056240168583,4.074877223495243,300.09817077046023,3.5,15
1440.0,3,charge,0.7077806248536032,4.092694080431386,299.33821930454434,3.0,15
1440.0,1,charge,0.6605901798273598,4.02764845868917,301.11907978434084,3.5,16
1440.0,1,charge,0.6605901798273603,4.02764845868917,301.11907978434084,3.5,16
1440.0,2,charge,0.6828056240168575,4.074877223495243,300.09817077046023,3.0,16
1440.0,2,charge,0.6828056240168583,4.064547238393185,300.09817077046023,3.0,16
1440.0,3,charge,0.7077806248536032,4.092694080431386,299.33821930454434,3.0,16
1440.0,3,charge,0.7077806248536032,4.092694080431386,299.33821930454434,3.0,16
1441.0,1,charge,0.6608185363298038,4.027947426690298,301.1200302719929,3.5,16
1441.0,2,charge,0.6830129822316545,4.064218942292257,300.0988462124401,3.0,16
1441.0,3,charge,0.7079977449625439,4.092914951679038,299.3390017858831,3.0,16
1442.0,1,charge,0.6610468928322474,4.0282463143481095,301.1209806162289,3.5,16
1442.0,2,charge,0.683220340446451,4.0641068619363985,300.09952055610404,3.0,16
1442.0,3,charge,0.7082148650714825,4.093135657956134,299.33978423967164,3.0,16
1443.0,1,charge,0.6612752493346884,4.028545090710344,301.12193087976027,3.5,16
1443.0,2,charge,0.6834276986612474,4.064073664099563,300.10019387726044,3.0,16
1443.0,3,charge,0.7084319851804232,4.09335620092846,299.3405666934602,3.0,16
1444.0,1,charge,0.6615036058371319,4.02884375525659,301.12288104096456,3.5,16
1444.0,2,charge,0.6836350568760439,4.06408293268208,300.1008662302055,3.0,16
1444.0,3,charge,0.7086491052893616,4.093576582482683,299.3413489810336,3.0,16
1445.0,1,charge,0.6617319623395751,4.029142307161937,301.1238310794067,3.5,16
1445.0,2,charge,0.6838424150908403,4.0641194917164345,300.1015376607107,3.0,16
1445.0,3,charge,0.7088662253983022,4.093796804789186,299.3421306943795,3.0,16
1446.0,1,charge,0.6619603188420187,4.029440733481099,301.1247810106447,3.5,16
1446.0,2,charge,0.6840497733056368,4.0641756885010025,300.1022082092517,3.0,16
1446.0,3,charge,0.7090833455072408,4.094016868769764,299.34291240772535,3.0,16
1447.0,1,charge,0.6621886753444612,4.029739029040387,301.1257308247983,3.5,16
1447.0,2,charge,0.6842571315204332,4.064246904957901,300.1028779125823,3.0,16
1447.0,3,charge,0.7093004656161815,4.0942367760462535,299.3436941210712,3.0,16
1448.0,1,charge,0.6624170318469048,4.0300371868293885,301.1266805198682,3.5,16
1448.0,2,charge,0.6844644897352297,4.064330179146896,300.1035468045286,3.0,16
1448.0,3,charge,0.7095175857251231,4.094456528221391,299.34447583441704,3.0,16
1449.0,1,charge,0.6626453883493482,4.030335198591068,301.1276300993062,3.5,16
1449.0,2,charge,0.6846718479500261,4.064423488190398,300.1042149165111,3.0,16
1449.0,3,charge,0.7097347058340638,4.094676126878788,299.34525754776297,3.0,16
1450.0,1,charge,0.6628737448517916,4.030633055767015,301.1285795577029,3.5,16
1450.0,2,charge,0.6848792061648226,4.064525334364584,300.1048822779453,3.0,16
1450.0,3,charge,0.7099518259430015,4.094895573582786,299.3460392611088,3.0,16
1451.0,1,charge,0.663102101354235,4.0309307516584845,301.12952889740745,3.5,16
1451.0,2,charge,0.685086564379619,4.064634562096575,300.10554891652583,3.0,16
1451.0,3,charge,0.7101689460519399,4.095114869878454,299.3468209744547,3.0,16
1452.0,1,charge,0.663330457856675,4.03122827930221,301.1304781192023,3.5,16
1452.0,2,charge,0.6852939225944145,4.064750281913295,300.1062148583969,3.0,16
1452.0,3,charge,0.7103860661608807,4.095334017291503,299.34760268780053,3.0,16
1453.0,1,charge,0.6635588143591185,4.0315256316506005,301.13142722308737,3.5,16
1453.0,2,charge,0.6855012808092119,4.064871773745985,300.10688012834487,3.0,16
1453.0,3,charge,0.7106031862698192,4.095553017328241,299.3483844011464,3.0,16
1454.0,1,charge,0.6637871708615619,4.031822801307387,301.13237620903243,3.5,16
1454.0,2,charge,0.6857086390240081,4.0649984504013865,300.10754474989625,3.0,16
1454.0,3,charge,0.7108203063787598,4.09577187147549,299.3491661144923,3.0,16
1455.0,1,charge,0.6640155273640053,4.032119777517641,301.13332507677285,3.5,16
1455.0,2,charge,0.6859159972388048,4.0651298285312265,300.1082087454199,3.0,16
1455.0,3,charge,0.7110374264877013,4.095990581200585,299.34994782783815,3.0,16
1456.0,1,charge,0.6642438838664486,4.032416556258447,301.13427382649434,3.5,16
1456.0,2,charge,0.6861233554536013,4.065265495746598,300.1088721362438,3.0,16
1456.0,3,charge,0.711254546596642,4.096209147951267,299.3507295411841,3.0,16
1457.0,1,charge,0.6644722403688922,4.032713130871551,301.1352224581971,3.5,16
1457.0,2,charge,0.6863307136683977,4.065405094680919,300.1095349427337,3.0,16
1457.0,3,charge,0.7114716667055805,4.096427573155719,299.3515112545299,3.0,16
1458.0,1,charge,0.6647005968713346,4.033009494800272,301.1361709718811,3.5,16
1458.0,2,charge,0.6865380718831932,4.065548310868184,300.1101971843642,3.0,16
1458.0,3,charge,0.7116887868145214,4.096645858222468,299.3522929678758,3.0,16
1459.0,1,charge,0.6649289533737782,4.033305639787164,301.13711936812126,3.5,16
1459.0,2,charge,0.6867454300979896,4.065694863462982,300.110858879782,3.0,16
1459.0,3,charge,0.7119059069234598,4.096864004540372,299.35307468122164,3.0,16
1460.0,1,charge,0.6651573098762217,4.033601557030114,301.1380676476984,3.5,16
1460.0,2,charge,0.6869527883127862,4.065844511969987,300.11152004682253,3.0,16
1460.0,3,charge,0.7121230270323975,4.097082013478598,299.3538563945675,3.0,16
1461.0,1,charge,0.665385666378665,4.033897242666617,301.1390158098515,3.5,16
1461.0,2,charge,0.6871601465275826,4.065997044189782,300.1121807025687,3.0,16
1461.0,3,charge,0.7123401471413382,4.0972998863865975,299.3546381079134,3.0,16
1462.0,1,charge,0.6656140228811085,4.034192690555733,301.1399638545806,3.5,16
1462.0,2,charge,0.6873675047423801,4.066152266973148,300.11284086340277,3.0,16
1462.0,3,charge,0.7125572672502797,4.097517624594058,299.35541982125926,3.0,16
1463.0,1,charge,0.6658423793835518,4.0344878946640925,301.1409117818857,3.5,16
1463.0,2,charge,0.6875748629571765,4.066310011748207,300.1135005450304,3.0,16
1463.0,3,charge,0.7127743873592205,4.097735229410922,299.3562015346051,3.0,16
1464.0,1,charge,0.6660707358859953,4.034782845863672,301.14185959316916,3.5,16
1464.0,2,charge,0.687782221171973,4.066470117816936,300.11415976253886,3.0,16
1464.0,3,charge,0.7129915074681591,4.097952702127358,299.356983247951,3.0,16
1465.0,1,charge,0.6662990923884388,4.035077538228103,301.1428072884772,3.5,16
1465.0,2,charge,0.6879895793867694,4.0666324446360775,300.11481853041477,3.0,16
1465.0,3,charge,0.7132086275770997,4.098170044013724,299.3577649612968,3.0,16
1466.0,1,charge,0.6665274488908823,4.035371967502306,301.14375486717347,3.5,16
1466.0,2,charge,0.6881969376015659,4.066796858850807,300.1154768625718,3.0,16
1466.0,3,charge,0.713425747686038,4.098387256320603,299.35854667464275,3.0,16
1467.0,1,charge,0.6667558053933256,4.0356661280898365,301.14470232925794,3.5,16
1467.0,2,charge,0.6884042958163623,4.066963238112354,300.1161347724022,3.0,16
1467.0,3,charge,0.7136428677949788,4.098604340278758,299.35932838798857,3.0,16
1468.0,1,charge,0.666984161895769,4.035960014506438,301.1456496747307,3.5,16
1468.0,2,charge,0.6886116540311588,4.0671314715965785,300.1167922727558,3.0,16
1468.0,3,charge,0.7138599879039172,4.098821297099157,299.3601101013345,3.0,16
1469.0,1,charge,0.6672125183982126,4.036253616873728,301.14659690581516,3.5,16
1469.0,2,charge,0.6888190122459552,4.067301453342447,300.1174493760194,3.0,16
1469.0,3,charge,0.7140771080128581,4.09903812797296,299.3608918146803,3.0,16
1470.0,1,charge,0.667440874900656,4.036546932286412,301.1475440213476,3.5,16
1470.0,2,charge,0.6890263704607517,4.067473089304311,300.11810609408064,3.0,16
1470.0,3,charge,0.7142942281217988,4.099254834071514,299.3616735280262,3.0,16
1471.0,1,charge,0.6676692314030986,4.036839955982209,301.1484910211382,3.5,16
1471.0,2,charge,0.6892337286755481,4.067646289592616,300.1187624383988,3.0,16
1471.0,3,charge,0.7145113482307374,4.099471416546386,299.3624552413721,3.0,16
1472.0,1,charge,0.667897587905542,4.037132682929303,301.14943790518697,3.5,16
1472.0,2,charge,0.6894410868903446,4.067820972174825,300.119418419987,3.0,16
1472.0,3,charge,0.714728468339678,4.099687876529352,299.36323695471793,3.0,16
1473.0,1,charge,0.6681259444079855,4.0374251075224254,301.15038467385955,3.5,16
1473.0,2,charge,0.689648445105141,4.067997060058344,300.1200740494572,3.0,16
1473.0,3,charge,0.7149455884486164,4.099904215132401,299.36401866806386,3.0,16
1474.0,1,charge,0.6683543009104289,4.0377172213165125,301.1513313290883,3.5,16
1474.0,2,charge,0.6898558033199375,4.068174480929699,300.12072933701205,3.0,16
1474.0,3,charge,0.7151627085575573,4.100120433447785,299.3648003814097,3.0,16
1475.0,1,charge,0.6685826574128723,4.038009022300201,301.152277869452,3.5,16
1475.0,2,charge,0.6900631615347339,4.068353166891457,300.12138429249944,3.0,16
1475.0,3,charge,0.7153798286664956,4.100336532547978,299.36558209475555,3.0,16
1476.0,1,charge,0.6688110139153158,4.038300505902541,301.15322429495063,3.5,16
1476.0,2,charge,0.6902705197495304,4.068533053776333,300.12203892540737,3.0,16
1476.0,3,charge,0.7155969487754363,4.100552513485766,299.3663638081014,3.0,16
1477.0,1,charge,0.6690393704177593,4.038591667669477,301.1541706055843,3.5,16
1477.0,2,charge,0.6904778779643268,4.068714082848883,300.12269324482895,3.0,16
1477.0,3,charge,0.7158140688843779,4.100768377294207,299.3671455214473,3.0,16
1478.0,1,charge,0.6692677269201993,4.0388825015325605,301.1551168023271,3.5,16
1478.0,2,charge,0.6906852361791233,4.068896195718596,300.12334725959886,3.0,16
1478.0,3,charge,0.7160311889933186,4.1009841249866845,299.36792723479317,3.0,16
1479.0,1,charge,0.6694960834226429,4.039173001633947,301.15606288609877,3.5,16
1479.0,2,charge,0.6908925943939197,4.069079337435136,300.12400097822206,3.0,16
1479.0,3,charge,0.7162483091022563,4.101199757905928,299.36870867111475,3.0,16
1480.0,1,charge,0.6697244399250863,4.039463165689007,301.15700885587404,3.5,16
1480.0,2,charge,0.6910999526087162,4.069263460721423,300.12465440881124,3.0,16
1480.0,3,charge,0.7164654292111946,4.101415276728876,299.3694900662375,3.0,16
1481.0,1,charge,0.6699527964275296,4.039752989710019,301.15795471165285,3.5,16
1481.0,2,charge,0.6913073108235126,4.069448515019863,300.1253075592945,3.0,16
1481.0,3,charge,0.7166825493201356,4.101630682372807,299.3702714497263,3.0,16
1482.0,1,charge,0.6701811529299732,4.040042469826835,301.1589004534352,3.5,16
1482.0,2,charge,0.691514669038309,4.06963445374695,300.12596043729246,3.0,16
1482.0,3,charge,0.7168996694290739,4.1018459757726475,299.37105282158115,3.0,16
1483.0,1,charge,0.6704095094324157,4.0403315995503615,301.1598460828467,3.5,16
1483.0,2,charge,0.6917220272531055,4.06982123703094,300.12661305007515,3.0,16
1483.0,3,charge,0.7171167895380146,4.102061157843837,299.37183418180194,3.0,16
1484.0,1,charge,0.6706378659348593,4.04062037556699,301.1607915996932,3.5,16
1484.0,2,charge,0.691929385467902,4.070008822541263,300.1272654047408,3.0,16
1484.0,3,charge,0.7173339096469561,4.102276229482314,299.3726155303887,3.0,16
1485.0,1,charge,0.6708662224373027,4.040908795321883,301.1617370034006,3.5,16
1485.0,2,charge,0.6921367436826984,4.070197171430731,300.12791750811266,3.0,16
1485.0,3,charge,0.7175510297558968,4.10249119156455,299.37339686734146,3.0,16
1486.0,1,charge,0.671094578939746,4.041196855411452,301.1626822939688,3.5,16
1486.0,2,charge,0.6923441018974948,4.070386248241739,300.1285693667299,3.0,16
1486.0,3,charge,0.7177681498648353,4.10270604494761,299.3741781926602,3.0,16
1487.0,1,charge,0.6713229354421895,4.041484552549022,301.1636274713979,3.5,16
1487.0,2,charge,0.6925514601122913,4.070576017968989,300.12922098694565,3.0,16
1487.0,3,charge,0.7179852699737763,4.102920790469213,299.374959506345,3.0,16
1488.0,1,charge,0.6715512919446329,4.041771880080961,301.1645725378734,3.5,16
1488.0,2,charge,0.6927588183270877,4.070766447758132,300.1298723748778,3.0,16
1488.0,3,charge,0.7182023900827146,4.1031354289477235,299.37574080839573,3.0,16
1489.0,1,charge,0.6717796484470739,4.042058836724076,301.165517492281,3.5,16
1489.0,2,charge,0.6929661765418842,4.070957506192659,300.1305235364078,3.0,16
1489.0,3,charge,0.7184195101916523,4.103349961182243,299.3765220988125,3.0,16
1490.0,1,charge,0.6720080049495174,4.042345419499599,301.1664623346442,3.5,16
1490.0,2,charge,0.6931735347566806,4.071149163367647,300.1311744772363,3.0,16
1490.0,3,charge,0.718636630300593,4.103564387952634,299.3773033775952,3.0,16
1491.0,1,charge,0.6722363614519609,4.042631625434501,301.16740706505533,3.5,16
1491.0,2,charge,0.6933808929714771,4.071341390617597,300.131825202861,3.0,16
1491.0,3,charge,0.7188537504095345,4.103778710019583,299.378084644744,3.0,16
1492.0,1,charge,0.6724647179544041,4.042917451670451,301.1683516836066,3.5,16
1492.0,2,charge,0.6935882511862727,4.071534161052419,300.13247571856414,3.0,16
1492.0,3,charge,0.7190708705184753,4.1039929281246295,299.3788659002587,3.0,16
1493.0,1,charge,0.6726930744568477,4.043202895463381,301.1692961903904,3.5,16
1493.0,2,charge,0.69379560940107,4.071727448287074,300.1331260294729,3.0,16
1493.0,3,charge,0.7192879906274138,4.104207042990241,299.3796471441394,3.0,16
1494.0,1,charge,0.6729214309592911,4.043487954182881,301.1702405854989,3.5,16
1494.0,2,charge,0.6940029676158666,4.071921227108179,300.13377614053314,3.0,16
1494.0,3,charge,0.7195051107363545,4.1044210553198575,299.38042837638613,3.0,16
1495.0,1,charge,0.6731497874617338,4.043772624211696,301.17118486985964,3.5,16
1495.0,2,charge,0.694210325830663,4.072115474633449,300.13442605648885,3.0,16
1495.0,3,charge,0.7197222308452927,4.10463496579794,299.3812095969988,3.0,16
1496.0,1,charge,0.6733781439641773,4.044056903099264,301.17212904359775,3.5,16
1496.0,2,charge,0.6944176840454594,4.072310167723433,300.13507578195345,3.0,16
1496.0,3,charge,0.7199393509542336,4.104848775090042,299.3819908059776,3.0,16
1497.0,1,charge,0.6736065004666208,4.044340788947778,301.17307310650415,3.5,16
1497.0,2,charge,0.6946250422602559,4.07250528455485,300.13572532137533,3.0,16
1497.0,3,charge,0.720156471063172,4.105062483842838,299.3827720033222,3.0,16
1498.0,1,charge,0.6738348569690641,4.044624279490378,301.17401705873436,3.5,16
1498.0,2,charge,0.6948324004750523,4.072700805066351,300.1363746790226,3.0,16
1498.0,3,charge,0.7203735911721127,4.105276092684219,299.3835531890329,3.0,16
1499.0,1,charge,0.6740632134715074,4.044907372570366,301.17496090044386,3.5,16
1499.0,2,charge,0.6950397586898488,4.072896709386303,300.137023859044,3.0,16
1499.0,3,charge,0.7205907112810536,4.105489602223319,299.3843343631096,3.0,16
1500.0,1,charge,0.674291569973951,4.045190066140446,301.1759046317882,3.5,16
1500.0,2,charge,0.6952471169046452,4.073092978772635,300.13767286544015,3.0,16
1500.0,3,charge,0.7208078313899922,4.105703013050597,299.3851155255523,3.0,16
1501.0,1,charge,0.6745199264763911,4.045472358261916,301.1768482529229,3.5,16
1501.0,2,charge,0.6954544751194417,4.073289595327729,300.1383217020564,3.0,16
1501.0,3,charge,0.7210249514989329,4.105916325737905,299.3858966763609,3.0,16
1502.0,1,charge,0.6747482829788345,4.045754247009821,301.17779176414126,3.5,16
1502.0,2,charge,0.6956618333342381,4.073486541968425,300.13897037262467,3.0,16
1502.0,3,charge,0.7212420716078712,4.106129540838509,299.3866778155356,3.0,16
1503.0,1,charge,0.6749766394812781,4.046035730496394,301.1787351658378,3.5,16
1503.0,2,charge,0.6958691915490346,4.07368380236807,300.1396188807459,3.0,16
1503.0,3,charge,0.7214591917168118,4.106342658887211,299.3874589430763,3.0,16
1504.0,1,charge,0.6752049959837213,4.046316807235637,301.17967845797403,3.5,16
1504.0,2,charge,0.696076549763831,4.073881360825403,300.14026722986887,3.0,16
1504.0,3,charge,0.7216763118257503,4.106555680400366,299.38824005898294,3.0,16
1505.0,1,charge,0.6754333524861648,4.046597475699716,301.18062164072666,3.5,16
1505.0,2,charge,0.6962839079786275,4.074079202384386,300.14091542335774,3.0,16
1505.0,3,charge,0.7218934319346911,4.106768605875974,299.38902116325556,3.0,16
1506.0,1,charge,0.6756617089886074,4.046877734464806,301.1815647142721,3.5,16
1506.0,2,charge,0.6964912661934239,4.074277312681545,300.1415634644585,3.0,16
1506.0,3,charge,0.7221105520436327,4.1069814357937435,299.3898022558942,3.0,16
1507.0,1,charge,0.6758900654910508,4.0471575822101,301.1825076787872,3.5,16
1507.0,2,charge,0.6966986244082204,4.074475677923235,300.1422113563134,3.0,16
1507.0,3,charge,0.7223276721525703,4.107194170615154,299.3905833368988,3.0,16
1508.0,1,charge,0.6761184219934944,4.047437017716798,301.18345053444864,3.5,16
1508.0,2,charge,0.6969059826230168,4.074674284862109,300.14285910196423,3.0,16
1508.0,3,charge,0.7225447922615111,4.107406810783534,299.3913644062695,3.0,16
1509.0,1,charge,0.6763467784959378,4.047716039892115,301.18439328143273,3.5,16
1509.0,2,charge,0.6971133408378133,4.074873121625409,300.14350670423124,3.0,16
1509.0,3,charge,0.7227619123704494,4.107619356724108,299.39214546400603,3.0,16
1510.0,1,charge,0.6765751349983811,4.0479946485916845,301.18533591991286,3.5,16
1510.0,2,charge,0.6973206990526097,4.075072175745664,300.14415416599974,3.0,16
1510.0,3,charge,0.7229790324793903,4.107831808844097,299.3929265101087,3.0,16
1511.0,1,charge,0.6768034915008246,4.04827284225531,301.18627845006813,3.5,16
1511.0,2,charge,0.6975280572674062,4.07527143557995,300.14480149001275,3.0,16
1511.0,3,charge,0.7231961525883287,4.108044167532762,299.39370754457724,3.0,16
1512.0,1,charge,0.6770318480032679,4.04855062007338,301.1872208720751,3.5,16
1512.0,2,charge,0.6977354154822026,4.075470889889036,300.145448678932,3.0,16
1512.0,3,charge,0.7234132726972694,4.1082564331615075,299.3944885674119,3.0,16
1513.0,1,charge,0.6772602045057114,4.048827981332815,301.18816318611044,3.5,16
1513.0,2,charge,0.6979427736969991,4.075670527908052,300.14609573533016,3.0,16
1513.0,3,charge,0.7236303928062109,4.1084686060839175,299.39526957861244,3.0,16
1514.0,1,charge,0.6774885610081549,4.049104925415895,301.1891053923507,3.5,16
1514.0,2,charge,0.6981501319117955,4.075870340899318,300.146742661509,3.0,16
1514.0,3,charge,0.7238475129151516,4.108680686635861,299.3960505781791,3.0,16
1515.0,1,charge,0.6777169175105981,4.049381451799052,301.19004749097263,3.5,16
1515.0,2,charge,0.698357490126592,4.076070318334313,300.14738945994964,3.0,16
1515.0,3,charge,0.7240646330240902,4.1088926751355395,299.39683156611164,3.0,16
1516.0,1,charge,0.6779452740130417,4.049657560051674,301.1909894821526,3.5,16
1516.0,2,charge,0.6985648483413884,4.076270450827094,300.14803613296795,3.0,16
1516.0,3,charge,0.7242817531330276,4.109104571883588,299.3976125424102,3.0,16
1517.0,1,charge,0.6781736305154851,4.049933249834885,301.19193136606725,3.5,16
1517.0,2,charge,0.6987722065561839,4.076470729318743,300.1486826828112,3.0,16
1517.0,3,charge,0.7244988732419685,4.109316377163115,299.3983935070748,3.0,16
1518.0,1,charge,0.6784019870179278,4.050208520900261,301.19287314289335,3.5,16
1518.0,2,charge,0.6989795647709813,4.076671145212503,300.1493291116437,3.0,16
1518.0,3,charge,0.7247159933509069,4.109528091239808,299.3991744601053,3.0,16
1519.0,1,charge,0.6786303435203712,4.050483373088612,301.1938148128074,3.5,16
1519.0,2,charge,0.6991869229857768,4.076871691585842,300.14997542140617,3.0,16
1519.0,3,charge,0.7249331134598478,4.109739714362016,299.39995540150187,3.0,16
1520.0,1,charge,0.6788587000228145,4.0507578063286775,301.1947563759859,3.5,16
1520.0,2,charge,0.6993942812005742,4.077072359973144,300.1506216141908,3.0,16
1520.0,3,charge,0.725150233568789,4.109951246760799,299.4007363312644,3.0,16
1521.0,1,charge,0.6790870565252579,4.05103182063583,301.19569783260545,3.5,16
1521.0,2,charge,0.6996016394153707,4.077273142910258,300.1512676919465,3.0,16
1521.0,3,charge,0.72536735367773,4.110162688650002,299.40151724939295,3.0,16
1522.0,1,charge,0.679315413027698,4.051305416110788,301.1966391828428,3.5,16
1522.0,2,charge,0.6998089976301671,4.0774740332259505,300.1519136565618,3.0,16
1522.0,3,charge,0.7255844737866683,4.11037404022637,299.4022981558875,3.0,16
1523.0,1,charge,0.6795437695301415,4.051578593799355,301.1975804267773,3.5,16
1523.0,2,charge,0.7000163558449636,4.077675024134745,300.1525595098537,3.0,16
1523.0,3,charge,0.7258015938956092,4.110585301669598,299.40307905074803,3.0,16
1524.0,1,charge,0.6797721260325851,4.051851353642922,301.1985215646223,3.5,16
1524.0,2,charge,0.70022371405976,4.077876109721476,300.1532052535045,3.0,16
1524.0,3,charge,0.7260187140045474,4.110796473142397,299.40385993397456,3.0,16
1525.0,1,charge,0.6800004825350285,4.05212369587675,301.1994625965675,3.5,16
1525.0,2,charge,0.7004310722745565,4.078077283486149,300.15385088925296,3.0,16
1525.0,3,charge,0.7262358341134852,4.1110075547906195,299.40464080556706,3.0,16
1526.0,1,charge,0.6802288390374718,4.052395620975691,301.20040352278437,3.5,16
1526.0,2,charge,0.700638430489353,4.078278539515878,300.1544964187417,3.0,16
1526.0,3,charge,0.726452954222426,4.1112185467432845,299.4054216655256,3.0,16
1527.0,1,charge,0.6804571955399152,4.052667129493364,301.20134434344436,3.5,16
1527.0,2,charge,0.7008457887041495,4.078479872146676,300.1551418435616,3.0,16
1527.0,3,charge,0.7266700743313675,4.1114294491127,299.40620251385,3.0,16
1528.0,1,charge,0.680685552042358,4.05293822206073,301.2022850587189,3.5,16
1528.0,2,charge,0.7010531469189459,4.078681275962129,300.1557871652523,3.0,16
1528.0,3,charge,0.7268871944403082,4.111640261994513,299.40698335054054,3.0,16
1529.0,1,charge,0.6809139085448015,4.053208899384763,301.2032256687796,3.5,16
1529.0,2,charge,0.7012605051337424,4.078882745884982,300.15643238528554,3.0,16
1529.0,3,charge,0.727104314549247,4.111850985467811,299.40776417559704,3.0,16
1530.0,1,charge,0.6811422650472448,4.053479162247028,301.20416617379783,3.5,16
1530.0,2,charge,0.7014678633485388,4.079084277027338,300.15707750509165,3.0,16
1530.0,3,charge,0.7273214346581874,4.11206161959519,299.4085449890195,3.0,16
1530.0,1,charge,0.6811422650472445,4.053479162247028,301.20416617379783,3.5,17
1530.0,1,charge,0.6811422650472448,4.053479162247028,301.20416617379783,3.5,17
1530.0,2,charge,0.7014678633485373,4.079084277027338,300.15707750509165,3.5,17
1530.0,2,charge,0.7014678633485388,4.089386496540465,300.15707750509165,3.5,17
1530.0,3,charge,0.727321434658186,4.11206161959519,299.4085449890195,3.0,17
1530.0,3,charge,0.7273214346581874,4.11206161959519,299.4085449890195,3.0,17
1531.0,1,charge,0.6813706215496883,4.053749026977822,301.20510649094007,3.5,17
1531.0,2,charge,0.7017097812657994,4.0901741090131045,300.1580278778077,3.5,17
1531.0,3,charge,0.7275385547671256,4.112272164464823,299.4093257583939,3.0,17
1532.0,1,charge,0.6815989780521317,4.054018477599838,301.20604671074125,3.5,17
1532.0,2,charge,0.7019516991830638,4.090761488638016,300.1589792748657,3.5,17
1532.0,3,charge,0.7277556748760634,4.112482620071749,299.4101065104436,3.0,17
1533.0,1,charge,0.6818273345545725,4.054287516965021,301.20698682404225,3.5,17
1533.0,2,charge,0.7021936171003249,4.091271799359986,300.1599316127802,3.5,17
1533.0,3,charge,0.7279727949850042,4.112692986407801,299.41088726249325,3.0,17
1534.0,1,charge,0.6820556910570158,4.0545561395568335,301.20792686776724,3.5,17
1534.0,2,charge,0.7024355350175883,4.091740491364179,300.1608848347531,3.5,17
1534.0,3,charge,0.7281899150939457,4.11290326360009,299.41166791605946,3.0,17
1535.0,1,charge,0.6822840475594594,4.054824348585765,301.2088668309436,3.5,17
1535.0,2,charge,0.7026774529348496,4.092182404934245,300.1618388937939,3.5,17
1535.0,3,charge,0.7284070352028865,4.113113451948346,299.41244822939194,3.0,17
1536.0,1,charge,0.6825124040619027,4.0550921513366625,301.209806679458,3.5,17
1536.0,2,charge,0.702919370852114,4.092605005575741,300.16279374869214,3.5,17
1536.0,3,charge,0.7286241553118251,4.113323550969962,299.4132285427245,3.0,17
1537.0,1,charge,0.6827407605643461,4.055359545420073,301.210746435581,3.5,17
1537.0,2,charge,0.7031612887693743,4.093012778914512,300.16374936211395,3.5,17
1537.0,3,charge,0.7288412754207659,4.113533560614394,299.414008856057,3.0,17
1538.0,1,charge,0.6829691170667889,4.05562653235577,301.2116860993123,3.5,17
1538.0,2,charge,0.7034032066866357,4.093408596165688,300.16470569966884,3.5,17
1538.0,3,charge,0.729058395529704,4.113743480815261,299.41478916938956,3.0,17
1539.0,1,charge,0.6831974735692323,4.055893115560513,301.2126256571552,3.5,17
1539.0,2,charge,0.7036451246039,4.093794407246505,300.16566272931976,3.5,17
1539.0,3,charge,0.7292755156386447,4.113953311490434,299.415569482722,3.0,17
1540.0,1,charge,0.6834258300716758,4.056159296027216,301.2135651139245,3.5,17
1540.0,2,charge,0.7038870425211634,4.094171644235219,300.16662042094885,3.5,17
1540.0,3,charge,0.7294926357475833,4.114163052542109,299.41634979605453,3.0,17
1541.0,1,charge,0.683654186574119,4.0564250752636,301.2145044710777,3.5,17
1541.0,2,charge,0.7041289604384248,4.0945414119024255,300.16757874605173,3.5,17
1541.0,3,charge,0.7297097558565242,4.114372703856885,299.4171301093871,3.0,17
1542.0,1,charge,0.6838825430765625,4.056690454800103,301.2154437255437,3.5,17
1542.0,2,charge,0.7043708783556891,4.0949045585896915,300.16853767756623,3.5,17
1542.0,3,charge,0.7299268759654657,4.114582265305867,299.4179104227196,3.0,17
1543.0,1,charge,0.6841108995790027,4.056955436341272,301.2163828757989,3.5,17
1543.0,2,charge,0.7046127962729495,4.095261764975962,300.16949718969687,3.5,17
1543.0,3,charge,0.7301439960744033,4.114791736744712,299.41869073605216,3.0,17
1544.0,1,charge,0.6843392560814462,4.057220021970862,301.21732192457273,3.5,17
1544.0,2,charge,0.7048547141902108,4.095613587039766,300.1704572578088,3.5,17
1544.0,3,charge,0.7303611161833442,4.1150011180137795,299.41947104938464,3.0,17
1545.0,1,charge,0.6845676125838897,4.057484213619398,301.2182608718653,3.5,17
1545.0,2,charge,0.7050966321074752,4.095960482438297,300.17141785833894,3.5,17
1545.0,3,charge,0.7305782362922824,4.115210408938141,299.4202513627171,3.0,17
1546.0,1,charge,0.6847959690863329,4.057748013270251,301.2191997176766,3.5,17
1546.0,2,charge,0.7053385500247388,4.09630283924834,300.17237896869966,3.5,17
1546.0,3,charge,0.7307953564012233,4.115419609327697,299.42103167604967,3.0,17
1547.0,1,charge,0.6850243255887764,4.058011422958247,301.22013846200656,3.5,17
1547.0,2,charge,0.7055804679419999,4.096640992100804,300.1733405672105,3.5,17
1547.0,3,charge,0.7310124765101617,4.115628718977263,299.4218119893822,3.0,17
1548.0,1,charge,0.6852526820912189,4.058274443367924,301.22107710553223,3.5,17
1548.0,2,charge,0.7058223858592643,4.09697523764091,300.1743026330306,3.5,17
1548.0,3,charge,0.7312295966191024,4.115837737666634,299.4225923027147,3.0,17
1549.0,1,charge,0.6854810385936624,4.058537073221049,301.2220156499003,3.5,17
1549.0,2,charge,0.706064303776525,4.097305839952547,300.1752651461145,3.5,17
1549.0,3,charge,0.7314467167280441,4.116046665160704,299.42337261604723,3.0,17
1550.0,1,charge,0.685709395096106,4.058799318607797,301.22295409321845,3.5,17
1550.0,2,charge,0.7063062216937861,4.097633026144983,300.17622808719904,3.5,17
1550.0,3,charge,0.7316638368369848,4.116255501209505,299.4241529293797,3.0,17
1551.0,1,charge,0.6859377515985492,4.0590611817531785,301.2238924354867,3.5,17
1551.0,2,charge,0.7065481396110503,4.097956996857586,300.1771914377545,3.5,17
1551.0,3,charge,0.7318809569459231,4.116464245548318,299.42493324271226,3.0,17
1552.0,1,charge,0.6861661081009927,4.059322664926894,301.2248306767049,3.5,17
1552.0,2,charge,0.7067900575283137,4.098277934731753,300.1781551799405,3.5,17
1552.0,3,charge,0.7320980770548642,4.11667289789774,299.42571355604474,3.0,17
1553.0,1,charge,0.6863944646034359,4.059583770442009,301.22576881687337,3.5,17
1553.0,2,charge,0.7070319754455752,4.098595999531286,300.1791192965916,3.5,17
1553.0,3,charge,0.7323151971638022,4.116881457963785,299.4264938693773,3.0,17
1554.0,1,charge,0.6866228211058795,4.059844500653632,301.22670685599184,3.5,17
1554.0,2,charge,0.7072738933628395,4.098911343981781,300.18008377116064,3.5,17
1554.0,3,charge,0.732532317272743,4.117089925437966,299.4272741827098,3.0,17
1555.0,1,charge,0.6868511776083229,4.060104857957594,301.2276447940603,3.5,17
1555.0,2,charge,0.7075158112800999,4.099224101969265,300.1810485877151,3.5,17
1555.0,3,charge,0.7327494373816807,4.117298299997344,299.42805449604236,3.0,17
1556.0,1,charge,0.6870795341107663,4.060364844789156,301.22858263107895,3.5,17
1556.0,2,charge,0.7077577291973612,4.099534400751877,300.18201373090244,3.5,17
1556.0,3,charge,0.7329665574906223,4.117506581304664,299.4288348093748,3.0,17
1557.0,1,charge,0.6873078906132097,4.060624463621731,301.2295203670476,3.5,17
1557.0,2,charge,0.7079996471146248,4.099842357864698,300.1829791859159,3.5,17
1557.0,3,charge,0.7331836775995632,4.117714769008398,299.42961512270733,3.0,17
1558.0,1,charge,0.6875362471156523,4.060883716965566,301.2304580019663,3.5,17
1558.0,2,charge,0.708241565031889,4.100148079839656,300.18394493850406,3.5,17
1558.0,3,charge,0.7334007977085018,4.117922862742834,299.4303954360399,3.0,17
1559.0,1,charge,0.6877646036180958,4.0611426073665156,301.23139553583513,3.5,17
1559.0,2,charge,0.7084834829491503,4.100451669346869,300.1849109749091,3.5,17
1559.0,3,charge,0.7336179178174427,4.118130862128195,299.4311757493724,3.0,17
1560.0,1,charge,0.687992960120539,4.0614011374047525,301.232332968654,3.5,17
1560.0,2,charge,0.7087254008664137,4.100753217896683,300.1858772818905,3.5,17
1560.0,3,charge,0.7338350379263807,4.118338766770666,299.43195606270496,3.0,17
1561.0,1,charge,0.6882213166229826,4.061659302242818,301.23327030895643,3.5,17
1561.0,2,charge,0.708967318783675,4.101052813126058,300.1868438466707,3.5,17
1561.0,3,charge,0.7340521580353213,4.118546576262515,299.43273637603744,3.0,17
1562.0,1,charge,0.6884496731254226,4.061917109210309,301.23420755136164,3.5,17
1562.0,2,charge,0.7092092367009362,4.101350535560689,300.1878106569424,3.5,17
1562.0,3,charge,0.73426927814426,4.118754290182167,299.4335166893699,3.0,17
1563.0,1,charge,0.6886780296278661,4.062174562378194,301.2351446942669,3.5,17
1563.0,2,charge,0.7094511546181997,4.1016464608920185,300.1887777008342,3.5,17
1563.0,3,charge,0.7344863982532007,4.118961908094274,299.43429700270246,3.0,17
1564.0,1,charge,0.6889063861303096,4.062431664448523,301.23608173767224,3.5,17
1564.0,2,charge,0.7096930725354641,4.101940660462879,300.1897449669116,3.5,17
1564.0,3,charge,0.7347035183621422,4.119169429549832,299.435077316035,3.0,17
1565.0,1,charge,0.6891347426327529,4.062688418151583,301.2370186815776,3.5,17
1565.0,2,charge,0.7099349904527252,4.102233201567205,300.19071244413885,3.5,17
1565.0,3,charge,0.734920638471083,4.119376854086223,299.4358576293675,3.0,17
1566.0,1,charge,0.6893630991351963,4.06294482624469,301.237955525983,3.5,17
1566.0,2,charge,0.7101769083699888,4.102524148270284,300.19168012186617,3.5,17
1566.0,3,charge,0.7351377585800208,4.119584181227324,299.43663794270003,3.0,17
1567.0,1,charge,0.689591455637639,4.063200891511044,301.2388922708885,3.5,17
1567.0,2,charge,0.71041882628725,4.1028135598302775,300.1926479898537,3.5,17
1567.0,3,charge,0.7353548786889589,4.119791410483574,299.4374182560325,3.0,17
1568.0,1,charge,0.6898198121400825,4.063456616758549,301.2398289162941,3.5,17
1568.0,2,charge,0.7106607442045113,4.103101493365097,300.1936160382121,3.5,17
1568.0,3,charge,0.7355719987978999,4.119998541352061,299.43819856936506,3.0,17
1569.0,1,charge,0.690048168642526,4.063712004818697,301.2407654621997,3.5,17
1569.0,2,charge,0.7109026621217749,4.10338800502239,300.1945842573728,3.5,17
1569.0,3,charge,0.7357891189068384,4.1202055734746,299.43897875026386,3.0,17
1570.0,1,charge,0.6902765251449693,4.0639670585454155,301.24170190860536,3.5,17
1570.0,2,charge,0.711144580039036,4.103673145969367,300.1955526381433,3.5,17
1570.0,3,charge,0.7360062390157792,4.120412506187408,299.4397589114672,3.0,17
1571.0,1,charge,0.6905048816474129,4.064221780813982,301.2426382555111,3.5,17
1571.0,2,charge,0.7113864979563002,4.103956962844996,300.19652117168846,3.5,17
1571.0,3,charge,0.7362233591247207,4.120619338931192,299.4405390671089,3.0,17
1572.0,1,charge,0.6907332381498563,4.064476174519884,301.24357450291694,3.5,17
1572.0,2,charge,0.7116284158735637,4.104239505179089,300.19748984941367,3.5,17
1572.0,3,charge,0.7364404792336613,4.120826071150486,299.44131921718883,3.0,17
1573.0,1,charge,0.690961594652297,4.064730238829678,301.24451065595014,3.5,17
1573.0,2,charge,0.7118703337908251,4.104520818168535,300.19845866305997,3.5,17
1573.0,3,charge,0.7366575993426,4.121032702276878,299.442099361707,3.0,17
1574.0,1,charge,0.6911899511547404,4.064983974121126,301.2454467180915,3.5,17
1574.0,2,charge,0.7121122517080862,4.104800940601627,300.19942760472685,3.5,17
1574.0,3,charge,0.7368747194515408,4.121239231729117,299.4428795006635,3.0,17
1575.0,1,charge,0.6914183076571839,4.065237388219957,301.24638268266125,3.5,17
1575.0,2,charge,0.7123541696253498,4.105079914809369,300.2003966667131,3.5,17
1575.0,3,charge,0.7370918395604789,4.121445658913178,299.44365963405824,3.0,17
1576.0,1,charge,0.6916466641596272,4.065490484088683,301.24731854965944,3.5,17
1576.0,2,charge,0.712596087542611,4.105357779625086,300.2013658416137,3.5,17
1576.0,3,charge,0.7373089596694196,4.121651983222332,299.44443976189126,3.0,17
1577.0,1,charge,0.6918750206620706,4.065743264704773,301.2482543190861,3.5,17
1577.0,2,charge,0.7128380054598745,4.1056345701103165,300.20233512233864,3.5,17
1577.0,3,charge,0.7375260797783574,4.121858204037256,299.44521988416255,3.0,17
1578.0,1,charge,0.6921033771645142,4.065995733059647,301.2491899909411,3.5,17
1578.0,2,charge,0.7130799233771389,4.105910321708468,300.2033045019981,3.5,17
1578.0,3,charge,0.7377431998872989,4.122064320726087,299.4460000008721,3.0,17
1579.0,1,charge,0.6923317336669568,4.066247892157668,301.25012556522466,3.5,17
1579.0,2,charge,0.7133218412944002,4.106185067674316,300.2042739739616,3.5,17
1579.0,3,charge,0.7379603199962397,4.122270332644536,299.4467801120199,3.0,17
1580.0,1,charge,0.6925600901694003,4.066499745015179,301.2510610419366,3.5,17
1580.0,2,charge,0.7135637592116606,4.106458839976862,300.2052435318567,3.5,17
1580.0,3,charge,0.7381774401051783,4.122476239135928,299.44756021760594,3.0,17
1581.0,1,charge,0.6927884466718438,4.066751294659513,301.2519964210769,3.5,17
1581.0,2,charge,0.713805677128925,4.106731669238956,300.20621316952315,3.5,17
1581.0,3,charge,0.7383945602141192,4.122682039531327,299.4483403176303,3.0,17
1582.0,1,charge,0.693016803174287,4.067002544128072,301.25293170264575,3.5,17
1582.0,2,charge,0.7140475950461864,4.107003584937771,300.2071828810156,3.5,17
1582.0,3,charge,0.738611680323057,4.122887733149572,299.44912041209295,3.0,17
1583.0,1,charge,0.6932451596767306,4.067253496467358,301.253866886643,3.5,17
1583.0,2,charge,0.7142895129634498,4.107274615197197,300.20815266061754,3.5,17
1583.0,3,charge,0.738828800431998,4.1230933192974,299.44990050099386,3.0,17
1584.0,1,charge,0.6934735161791739,4.067504154732093,301.2548019730687,3.5,17
1584.0,2,charge,0.714531430880714,4.107544787112692,300.2091225028176,3.5,17
1584.0,3,charge,0.7390459205409364,4.1232987972695145,299.450680584333,3.0,17
1585.0,1,charge,0.6937018726816143,4.067754521984263,301.2557369619228,3.5,17
1585.0,2,charge,0.7147733487979755,4.107814127191141,300.21009240228386,3.5,17
1585.0,3,charge,0.7392630406498774,4.123504166348631,299.45146066211043,3.0,17
1586.0,1,charge,0.6939302291840577,4.0680045923330415,301.25667186699724,3.5,17
1586.0,2,charge,0.7150152667152365,4.1080826605423395,300.21106235388845,3.5,17
1586.0,3,charge,0.7394801607588188,4.123709425805634,299.4522407343261,3.0,17
1587.0,1,charge,0.6941585856865011,4.068254376439485,301.2576066765899,3.5,17
1587.0,2,charge,0.7152571846325002,4.108350410570592,300.21203235270616,3.5,17
1587.0,3,charge,0.7396972808677567,4.123914574899562,299.4530208009801,3.0,17
1588.0,1,charge,0.6943869421889445,4.068503877397986,301.258541390672,3.5,17
1588.0,2,charge,0.7154991025497616,4.108617400983652,300.2130023939585,3.5,17
1588.0,3,charge,0.7399144009766976,4.124119612877781,299.45380086207234,3.0,17
1589.0,1,charge,0.6946152986913879,4.068753098287969,301.25947600924343,3.5,17
1589.0,2,charge,0.7157410204670249,4.108883654172734,300.21397247304907,3.5,17
1589.0,3,charge,0.7401315210856353,4.124324538975998,299.4545809176028,3.0,17
1590.0,1,charge,0.6948436551938314,4.069002042191868,301.2604105323043,3.5,17
1590.0,2,charge,0.7159829383842893,4.1091491908253115,300.2149425855738,3.5,17
1590.0,3,charge,0.740348641194576,4.124529352418385,299.4553609675716,3.0,17
1591.0,1,charge,0.695072011696274,4.06925071219431,301.2613449598545,3.5,17
1591.0,2,charge,0.7162248563015506,4.109414031708072,300.2159127272569,3.5,17
1591.0,3,charge,0.7405657613035148,4.124734052417615,299.4561410119787,3.0,17
1592.0,1,charge,0.6953003681987174,4.069499111381299,301.26227929189406,3.5,17
1592.0,2,charge,0.716466774218811,4.109678196482527,300.21688289398423,3.5,17
1592.0,3,charge,0.7407828814124555,4.124938638174996,299.45692105082395,3.0,17
1593.0,1,charge,0.6955287247011608,4.069747242839468,301.263213528423,3.5,17
1593.0,2,charge,0.7167086921360751,4.1099417040381665,300.2178530818129,3.5,17
1593.0,3,charge,0.741000001521397,4.125143108880504,299.4577010841075,3.0,17
1594.0,1,charge,0.6957570812036042,4.069995109655293,301.26414766944134,3.5,17
1594.0,2,charge,0.7169506100533362,4.110204572531314,300.21882328692186,3.5,17
1594.0,3,charge,0.7412171216303378,4.125347463712895,299.45848111182937,3.0,17
1595.0,1,charge,0.6959854377060475,4.070242714914327,301.26508171494896,3.5,17
1595.0,2,charge,0.7171925279706001,4.110466819422761,300.2197935056325,3.5,17
1595.0,3,charge,0.7414342417392766,4.125551701839768,299.4592611339895,3.0,17
1596.0,1,charge,0.696213794208491,4.070490061700477,301.26601566494605,3.5,17
1596.0,2,charge,0.7174344458878644,4.110728461643033,300.2207637344244,3.5,17
1596.0,3,charge,0.7416513618482137,4.125755822417652,299.4600411505879,3.0,17
1597.0,1,charge,0.6964421507109343,4.0707371530952905,301.26694951943244,3.5,17
1597.0,2,charge,0.7176763638051258,4.110989515451969,300.2217339698912,3.5,17
1597.0,3,charge,0.7418684819571544,4.125959824592087,299.46082116162455,3.0,17
1598.0,1,charge,0.6966705072133778,4.070983987520387,301.2678832863853,3.5,17
1598.0,2,charge,0.7179182817223861,4.111249996498476,300.2227042087391,3.5,17
1598.0,3,charge,0.7420856020660931,4.1261637074976925,299.46160116709945,3.0,17
1599.0,1,charge,0.6968988637158213,4.071230568364323,301.26881696524964,3.5,17
1599.0,2,charge,0.7181601996396505,4.111509919921903,300.22367444779417,3.5,17
1599.0,3,charge,0.7423027221750337,4.126367470258273,299.4623811670126,3.0,17
1600.0,1,charge,0.6971272202182638,4.07147690179187,301.2697505507158,3.5,17
1600.0,2,charge,0.7184021175569116,4.111769300363742,300.22464468399016,3.5,17
1600.0,3,charge,0.7425198422839753,4.1265711119868715,299.4631611613641,3.0,17
1601.0,1,charge,0.6973555767207074,4.071722990865426,301.27068404278396,3.5,17
1601.0,2,charge,0.7186440354741752,4.112028151474165,300.22561491446413,3.5,17
1601.0,3,charge,0.742736962392916,4.126774631785857,299.4639411501538,3.0,17
1602.0,1,charge,0.6975839332231506,4.071968838641613,301.27161744145405,3.5,17
1602.0,2,charge,0.7188859533914396,4.112286486848339,300.22658513637805,3.5,17
1602.0,3,charge,0.7429540825018548,4.126978028747011,299.46472113338183,3.0,17
1603.0,1,charge,0.6978122897255941,4.072214448170657,301.272550746726,3.5,17
1603.0,2,charge,0.7191278713087009,4.112544319719493,300.2275553469788,3.5,17
1603.0,3,charge,0.7431712026107918,4.127181301951602,299.46550111104807,3.0,17
1604.0,1,charge,0.6980406462280375,4.072459822495775,301.27348395859985,3.5,17
1604.0,2,charge,0.7193697892259621,4.112801662826022,300.2285255436239,3.5,17
1604.0,3,charge,0.7433883227197335,4.127384450470469,299.4662810831526,3.0,17
1605.0,1,charge,0.6982690027304779,4.0727049646525355,301.27441707707567,3.5,17
1605.0,2,charge,0.719611707143226,4.1130585285474055,300.22949572375677,3.5,17
1605.0,3,charge,0.7436054428286714,4.1275874733640965,299.46706104969536,3.0,17
1606.0,1,charge,0.6984973592329211,4.072949877668299,301.27535010215337,3.5,17
1606.0,2,charge,0.7198536250604868,4.1133149276725,300.2304658850692,3.5,17
1606.0,3,charge,0.7438225629376122,4.127790369682698,299.4678410106765,3.0,17
1607.0,1,charge,0.6987257157353646,4.073194564561602,301.276283033833,3.5,17
1607.0,2,charge,0.7200955429777514,4.113570871701202,300.231436025194,3.5,17
1607.0,3,charge,0.7440396830465537,4.127993138466277,299.4686209660958,3.0,17
1608.0,1,charge,0.6989540722378079,4.07343902834163,301.27721587211454,3.5,17
1608.0,2,charge,0.720337460895015,4.113826371812689,300.23240614184164,3.5,17
1608.0,3,charge,0.7442568031554944,4.128195778744754,299.46940091595343,3.0,17
1609.0,1,charge,0.6991824287402507,4.0736832720076235,301.278148616998,3.5,17
1609.0,2,charge,0.7205793788122761,4.114081438651775,300.23337623282686,3.5,17
1609.0,3,charge,0.744473923264433,4.128398289537991,299.4701808602493,3.0,17
1610.0,1,charge,0.6994107852426942,4.073927297650121,301.2790812701867,3.5,17
1610.0,2,charge,0.7208212967295375,4.114336082559836,300.2343462960375,3.5,17
1610.0,3,charge,0.7446910433733738,4.128600669855903,299.47096079898347,3.0,17
1611.0,1,charge,0.6996391417451376,4.074171103955933,301.2800138398075,3.5,17
1611.0,2,charge,0.7210632146468011,4.114590312400413,300.23531632958344,3.5,17
1611.0,3,charge,0.7449081634823117,4.128802918698531,299.47174073215587,3.0,17
1612.0,1,charge,0.699867498247581,4.074414698011717,301.2809463180374,3.5,17
1612.0,2,charge,0.7213051325640619,4.114844137816627,300.23628633150594,3.5,17
1612.0,3,charge,0.7451252835912526,4.12900503505611,299.4725206597666,3.0,17
1613.0,1,charge,0.7000958547500243,4.074658082769446,301.28187870487625,3.5,17
1613.0,2,charge,0.7215470504813263,4.115097568067497,300.2372562999258,3.5,17
1613.0,3,charge,0.7453424037001903,4.129207017909177,299.4733005818155,3.0,17
1614.0,1,charge,0.700324211252465,4.0749012611686,301.2828110003241,3.5,17
1614.0,2,charge,0.7217889683985902,4.115350611952492,300.2382262330518,3.5,17
1614.0,3,charge,0.7455595238091319,4.129408866228619,299.4740804983027,3.0,17
1615.0,1,charge,0.7005525677549084,4.075144236135701,301.28374320438087,3.5,17
1615.0,2,charge,0.7220308863158513,4.1156032779888205,300.2391961291567,3.5,17
1615.0,3,charge,0.7457766439180726,4.1296105789757505,299.4748604092282,3.0,17
1616.0,1,charge,0.7007809242573518,4.075387010583827,301.2846753170467,3.5,17
1616.0,2,charge,0.7222728042331125,4.1158555738485045,300.24016598666077,3.5,17
1616.0,3,charge,0.7459937640270112,4.129812155102446,299.47564031459194,3.0,17
1617.0,1,charge,0.7010092807597951,4.075629587412168,301.2856073383214,3.5,17
1617.0,2,charge,0.722514722150376,4.116107507481895,300.24113580396255,3.5,17
1617.0,3,charge,0.746210884135952,4.1300135935511335,299.476420214394,3.0,17
1618.0,1,charge,0.7012376372622385,4.075871969505597,301.2865392682052,3.5,17
1618.0,2,charge,0.7227566400676372,4.1163590864903,300.24210557953205,3.5,17
1618.0,3,charge,0.7464280042448899,4.130214893254971,299.4772001086343,3.0,17
1619.0,1,charge,0.7014659937646821,4.076114159734226,301.287471106698,3.5,17
1619.0,2,charge,0.7229985579849008,4.116610318152125,300.24307531190624,3.5,17
1619.0,3,charge,0.7466451243538308,4.130416053137825,299.47797999731284,3.0,17
1620.0,1,charge,0.7016943502671247,4.076356160953017,301.28840285379965,3.5,17
1620.0,2,charge,0.7232404759021651,4.116861209497316,300.24404499967676,3.5,17
1620.0,3,charge,0.7468622444627686,4.130617072114447,299.47875988042966,3.0,17
1620.0,1,charge,0.7016943502671252,4.076356160953017,301.28840285379965,3.5,18
1620.0,1,charge,0.7016943502671247,4.076356160953017,301.28840285379965,3.5,18
1620.0,2,charge,0.7232404759021629,4.116861209497316,300.24404499967676,3.0,18
1620.0,2,charge,0.7232404759021651,4.106488283234736,300.24404499967676,3.0,18
1620.0,3,charge,0.74686224446277,4.130617072114447,299.47875988042966,3.0,18
1620.0,3,charge,0.7468622444627686,4.130617072114447,299.47875988042966,3.0,18
1621.0,1,charge,0.7019227067695682,4.076597985506185,301.2893344196626,3.5,18
1621.0,2,charge,0.7234478341169616,4.106156408259306,300.2447035432681,3.0,18
1621.0,3,charge,0.7470793645717101,4.130817949101674,299.4795397467509,3.0,18
1622.0,1,charge,0.7021510632720114,4.076839621675775,301.2902659307249,3.5,18
1622.0,2,charge,0.723655192331758,4.106018639424562,300.24536103043084,3.0,18
1622.0,3,charge,0.7472964846806508,4.131018682984511,299.48031960674075,3.0,18
1623.0,1,charge,0.7023794197744548,4.07708108151329,301.291197303635,3.5,18
1623.0,2,charge,0.7238625505465545,4.105958371595747,300.2460175409006,3.0,18
1623.0,3,charge,0.7475136047895896,4.131219272644399,299.48109946673054,3.0,18
1624.0,1,charge,0.7026077762768952,4.077322355886812,301.29212864487357,3.5,18
1624.0,2,charge,0.7240699087613509,4.105940040633271,300.24667312954153,3.0,18
1624.0,3,charge,0.7477307248985304,4.131419716978785,299.48187930120923,3.0,18
1625.0,1,charge,0.7028361327793387,4.077563461115879,301.29305983092627,3.5,18
1625.0,2,charge,0.7242772669761474,4.105948690293236,300.2473278419545,3.0,18
1625.0,3,charge,0.7479478450074682,4.131620014903479,299.48265904755397,3.0,18
1626.0,1,charge,0.7030644892817822,4.077804389363333,301.29399095803535,3.5,18
1626.0,2,charge,0.7244846251909438,4.105976777416206,300.2479817181445,3.0,18
1626.0,3,charge,0.748164965116409,4.131820165215821,299.4834387938988,3.0,18
1627.0,1,charge,0.7032928457842257,4.0780451433572065,301.29492202620105,3.5,18
1627.0,2,charge,0.7246919834057403,4.10601975798906,300.2486347942612,3.0,18
1627.0,3,charge,0.7483820852253477,4.132020166768623,299.4842185402436,3.0,18
1628.0,1,charge,0.7035212022866689,4.078285725807486,301.2958530354233,3.5,18
1628.0,2,charge,0.7248993416205367,4.1060747214293265,300.24928710345864,3.0,18
1628.0,3,charge,0.7485992053342885,4.132220018406162,299.4849982865884,3.0,18
1629.0,1,charge,0.7037495587891124,4.078526142468943,301.2967839560411,3.5,18
1629.0,2,charge,0.7251066998353332,4.106139683951941,300.2499386764533,3.0,18
1629.0,3,charge,0.7488163254432301,4.132419718964304,299.4857780329331,3.0,18
1630.0,1,charge,0.703977915291555,4.078766396504653,301.297714783373,3.5,18
1630.0,2,charge,0.7253140580501296,4.106213179340109,300.2505895419471,3.0,18
1630.0,3,charge,0.7490334455521679,4.132619267270517,299.486557779278,3.0,18
1631.0,1,charge,0.7042062717939985,4.079006489003006,301.29864553262854,3.5,18
1631.0,2,charge,0.7255214162649261,4.106294077068842,300.25123972692495,3.0,18
1631.0,3,charge,0.7492505656611087,4.132818662144004,299.48733752562276,3.0,18
1632.0,1,charge,0.7044346282964418,4.079246422602736,301.2995762038077,3.5,18
1632.0,2,charge,0.7257287744797225,4.106381508246018,300.25188925683034,3.0,18
1632.0,3,charge,0.7494676857700465,4.133017902395753,299.4881172719675,3.0,18
1633.0,1,charge,0.7046629847988852,4.079486200070894,301.3005067950121,3.5,18
1633.0,2,charge,0.725936132694519,4.106474770432154,300.2525381557628,3.0,18
1633.0,3,charge,0.7496848058789874,4.133216986828611,299.4888970183123,3.0,18
1634.0,1,charge,0.7048913413013288,4.079725825023935,301.3014372931957,3.5,18
1634.0,2,charge,0.7261434909093154,4.106573291207873,300.2531864465799,3.0,18
1634.0,3,charge,0.749901925987926,4.1334159142373945,299.4896767646571,3.0,18
1635.0,1,charge,0.7051196978037723,4.0799652993347895,301.30236770744546,3.5,18
1635.0,2,charge,0.7263508491241119,4.106676599795092,300.25383415099964,3.0,18
1635.0,3,charge,0.7501190460968667,4.133614683408947,299.49045651100187,3.0,18
1636.0,1,charge,0.7053480543062156,4.0802046255633035,301.3032980377614,3.5,18
1636.0,2,charge,0.7265582073389083,4.106784294933588,300.2544812897192,3.0,18
1636.0,3,charge,0.7503361662058082,4.133813293122234,299.49123625734666,3.0,18
1637.0,1,charge,0.7055764108086591,4.080443806248768,301.30422828414356,3.5,18
1637.0,2,charge,0.7267655655537048,4.106896029221264,300.2551278824935,3.0,18
1637.0,3,charge,0.7505532863147492,4.134011742148395,299.49201600369145,3.0,18
1638.0,1,charge,0.7058047673111026,4.080682843438164,301.3051584428345,3.5,18
1638.0,2,charge,0.726972923768498,4.1070114967851765,300.2557739482075,3.0,18
1638.0,3,charge,0.7507704064236878,4.134210029250854,299.4927957500362,3.0,18
1639.0,1,charge,0.7060331238135461,4.080921739745654,301.3060885147718,3.5,18
1639.0,2,charge,0.7271802819832944,4.107130424542461,300.2564195049384,3.0,18
1639.0,3,charge,0.7509875265326247,4.134408153185394,299.493575496381,3.0,18
1640.0,1,charge,0.7062614803159893,4.081160497854144,301.30701850160625,3.5,18
1640.0,2,charge,0.7273876401980909,4.107252578770698,300.25706456997176,3.0,18
1640.0,3,charge,0.7512046466415656,4.134606112700224,299.4943552427258,3.0,18
1641.0,1,charge,0.7064898368184329,4.081399120218057,301.3079484033381,3.5,18
1641.0,2,charge,0.7275949984128873,4.10737775329879,300.2577091598595,3.0,18
1641.0,3,charge,0.7514217667505043,4.134803906536057,299.4951349890706,3.0,18
1642.0,1,charge,0.7067181933208755,4.081637609270155,301.30887821996726,3.5,18
1642.0,2,charge,0.7278023566276838,4.107505760425962,300.2583532904726,3.0,18
1642.0,3,charge,0.7516388868594451,4.135001533426223,299.49591473541534,3.0,18
1643.0,1,charge,0.706946549823319,4.0818759674213485,301.3098079514938,3.5,18
1643.0,2,charge,0.7280097148424802,4.107636436454488,300.258996977023,3.0,18
1643.0,3,charge,0.7518560069683867,4.135198992096713,299.4966944817602,3.0,18
1644.0,1,charge,0.7071749063257624,4.08211419706054,301.31073759791764,3.5,18
1644.0,2,charge,0.7282170730572765,4.1077696250888245,300.25964023412286,3.0,18
1644.0,3,charge,0.7520731270773273,4.1353962812662814,299.497474228105,3.0,18
1645.0,1,charge,0.7074032628282059,4.082352300554398,301.31166715923877,3.5,18
1645.0,2,charge,0.7284244312720729,4.1079051897432315,300.2602830758006,3.0,18
1645.0,3,charge,0.752290247186266,4.13559339964652,299.4982539744497,3.0,18
1646.0,1,charge,0.7076316193306492,4.0825902802472305,301.31259663545734,3.5,18
1646.0,2,charge,0.7286317894868687,4.108043000636474,300.2609255155286,3.0,18
1646.0,3,charge,0.7525073672952068,4.135790345941931,299.4990337207945,3.0,18
1647.0,1,charge,0.7078599758330927,4.082828134669475,301.3135260338996,3.5,18
1647.0,2,charge,0.7288391477016651,4.108182938611819,300.2615675662741,3.0,18
1647.0,3,charge,0.7527244874041447,4.135987118850023,299.49981346713935,3.0,18
1648.0,1,charge,0.7080883323355363,4.083065868189973,301.3144553505542,3.5,18
1648.0,2,charge,0.7290465059164616,4.108324895703809,300.2622092404776,3.0,18
1648.0,3,charge,0.7529416075130856,4.136183717061389,299.5005932134841,3.0,18
1649.0,1,charge,0.7083166888379766,4.083303484222613,301.31538458321916,3.5,18
1649.0,2,charge,0.729253864131258,4.108468768488535,300.2628505501316,3.0,18
1649.0,3,charge,0.7531587276220234,4.136380139259781,299.50137295982887,3.0,18
1650.0,1,charge,0.70854504534042,4.08354098501956,301.31631373189435,3.5,18
1650.0,2,charge,0.7294612223460545,4.108614465164187,300.2634915067438,3.0,18
1650.0,3,charge,0.7533758477309649,4.136576384122186,299.50215270617366,3.0,18
1651.0,1,charge,0.7087734018428633,4.08377837280991,301.3172427965799,3.5,18
1651.0,2,charge,0.7296685805608509,4.108761897833686,300.2641321214076,3.0,18
1651.0,3,charge,0.7535929678399058,4.136772450318938,299.5029324525184,3.0,18
1652.0,1,charge,0.7090017583453067,4.08401564979951,301.31817177727567,3.5,18
1652.0,2,charge,0.7298759387756474,4.108910986207924,300.26477240478397,3.0,18
1652.0,3,charge,0.7538100879488444,4.136968336513753,299.50371219886324,3.0,18
1653.0,1,charge,0.7092301148477501,4.08425281817089,301.3191006739818,3.5,18
1653.0,2,charge,0.7300832969904438,4.1090616548300165,300.2654123671456,3.0,18
1653.0,3,charge,0.7540272080577853,4.137164041363871,299.50449194520803,3.0,18
1654.0,1,charge,0.7094584713501929,4.08448988008309,301.3200294866981,3.5,18
1654.0,2,charge,0.7302906552052401,4.109213832708054,300.2660520183683,3.0,18
1654.0,3,charge,0.7542443281667228,4.1373595635200715,299.5052716915528,3.0,18
1655.0,1,charge,0.7096868278526365,4.084726837671616,301.32095821542487,3.5,18
1655.0,2,charge,0.7304980134200365,4.109367453092588,300.26669136798495,3.0,18
1655.0,3,charge,0.7544614482756637,4.137554901626798,299.50605143789755,3.0,18
1656.0,1,charge,0.7099151843550797,4.084963693048303,301.3218868601618,3.5,18
1656.0,2,charge,0.730705371634833,4.109522452726598,300.2673304251816,3.0,18
1656.0,3,charge,0.7546785683846025,4.137750054322241,299.5068311842424,3.0,18
1657.0,1,charge,0.7101435408575232,4.0852004483012205,301.3228154209091,3.5,18
1657.0,2,charge,0.7309127298496294,4.109678773690483,300.2679691987586,3.0,18
1657.0,3,charge,0.7548956884935433,4.13794502023841,299.5076109305872,3.0,18
1658.0,1,charge,0.7103718973599666,4.085437105494599,301.3237438976667,3.5,18
1658.0,2,charge,0.7311200880644259,4.10983635825297,300.2686076972689,3.0,18
1658.0,3,charge,0.7551128086024849,4.1381397980012125,299.5083906769319,3.0,18
1659.0,1,charge,0.7106002538624069,4.085673666668732,301.3246722904346,3.5,18
1659.0,2,charge,0.7313274462792223,4.109995151796609,300.2692459289495,3.0,18
1659.0,3,charge,0.7553299287114226,4.138334386135627,299.50917044739276,3.0,18
1660.0,1,charge,0.7108286103648503,4.0859101338398975,301.32560059921275,3.5,18
1660.0,2,charge,0.7315348044940188,4.110155107463299,300.2698839016503,3.0,18
1660.0,3,charge,0.7555470488203635,4.138528783336508,299.5099502214401,3.0,18
1661.0,1,charge,0.7110569668672938,4.086146509000306,301.32652882400123,3.5,18
1661.0,2,charge,0.7317421627088152,4.110316174890908,300.27052162304847,3.0,18
1661.0,3,charge,0.7557641689293013,4.13872298822211,299.5107299965003,3.0,18
1662.0,1,charge,0.7112853233697372,4.0863827941180055,301.3274569648,3.5,18
1662.0,2,charge,0.7319495209236119,4.110478307401717,300.2711591005253,3.0,18
1662.0,3,charge,0.7559812890382422,4.138916999394802,299.51150977257316,3.0,18
1663.0,1,charge,0.7115136798721805,4.0866189900809715,301.3283850245921,3.5,18
1663.0,2,charge,0.7321568791384083,4.110641465132176,300.27179634111684,3.0,18
1663.0,3,charge,0.7561984091471808,4.139110815451261,299.5122895496589,3.0,18
1664.0,1,charge,0.7117420363746233,4.086855093486146,301.3293130183999,3.5,18
1664.0,2,charge,0.7323642373532048,4.110805605535795,300.27243335169743,3.0,18
1664.0,3,charge,0.7564155292561215,4.1393044349825665,299.5130693277574,3.0,18
1665.0,1,charge,0.7119703928770669,4.087091111767464,301.33024093056173,3.5,18
1665.0,2,charge,0.7325715955680012,4.11097068939374,300.27307013887616,3.0,18
1665.0,3,charge,0.7566326493650632,4.1394978565742875,299.5138491068687,3.0,18
1666.0,1,charge,0.7121987493795102,4.087327046794318,301.33116876107766,3.5,18
1666.0,2,charge,0.7327789537827977,4.111136680849185,300.2737067089843,3.0,18
1666.0,3,charge,0.756849769474004,4.139691078806582,299.5146288869928,3.0,18
1667.0,1,charge,0.7124271058819535,4.08756290041171,301.3320965099477,3.5,18
1667.0,2,charge,0.7329863119975941,4.111303544357643,300.27434306817497,3.0,18
1667.0,3,charge,0.7570668895829427,4.139884100254253,299.5154086681296,3.0,18
1668.0,1,charge,0.7126554623843969,4.087798674440206,301.33302417717175,3.5,18
1668.0,2,charge,0.7331936702123906,4.1114712464426955,300.27497922237467,3.0,18
1668.0,3,charge,0.7572840096918835,4.140076919486852,299.51618845027923,3.0,18
1669.0,1,charge,0.7128838188868373,4.088034370675878,301.33395176274985,3.5,18
1669.0,2,charge,0.733401028427187,4.111639754966626,300.27561517728,3.0,18
1669.0,3,charge,0.7575011298008212,4.140269535068747,299.51696823344173,3.0,18
1670.0,1,charge,0.7131121753892807,4.08826999089032,301.334879266682,3.5,18
1670.0,2,charge,0.7336083866419835,4.111809039226046,300.27625093841283,3.0,18
1670.0,3,charge,0.7577182499097592,4.140461945559231,299.51774801761695,3.0,18
1671.0,1,charge,0.7133405318917243,4.08850553683058,301.3358066889682,3.5,18
1671.0,2,charge,0.7338157448567799,4.111979069647267,300.27688651110077,3.0,18
1671.0,3,charge,0.7579353700186999,4.140654149512596,299.5185278028049,3.0,18
1672.0,1,charge,0.7135688883941675,4.088741010219156,301.33673402960846,3.5,18
1672.0,2,charge,0.7340231030715764,4.112149818383452,300.2775219004606,3.0,18
1672.0,3,charge,0.7581524901276415,4.140846145478205,299.5193075890057,3.0,18
1673.0,1,charge,0.7137972448966111,4.088976412753993,301.3376612886028,3.5,18
1673.0,2,charge,0.7342304612863728,4.11232125801172,300.27815711146076,3.0,18
1673.0,3,charge,0.7583696102365823,4.141037932000614,299.5200873762193,3.0,18
1674.0,1,charge,0.7140256013990545,4.089211746108438,301.33858846595115,3.5,18
1674.0,2,charge,0.7344378195011693,4.112493362167211,300.27879214889504,3.0,18
1674.0,3,charge,0.758586730345521,4.141229507619613,299.52086716444563,3.0,18
1675.0,1,charge,0.7142539579014971,4.089447011931244,301.3395155616536,3.5,18
1675.0,2,charge,0.7346451777159657,4.112666106727545,300.27942701736197,3.0,18
1675.0,3,charge,0.758803850454462,4.141420870870366,299.52164695368475,3.0,18
1676.0,1,charge,0.7144823144039406,4.089682211846586,301.34044257571014,3.5,18
1676.0,2,charge,0.7348525359307623,4.1128394673579205,300.28006172133166,3.0,18
1676.0,3,charge,0.7590209705633996,4.141612020283425,299.5224267439367,3.0,18
1677.0,1,charge,0.7147106709063838,4.089917347454007,301.34136950812064,3.5,18
1677.0,2,charge,0.7350598941455587,4.113013420870935,300.2806962651173,3.0,18
1677.0,3,charge,0.7592380906723405,4.141802954384909,299.52320653520144,3.0,18
1678.0,1,charge,0.7149390274088274,4.090152420328463,301.3422963588852,3.5,18
1678.0,2,charge,0.7352672523603552,4.113187945733534,300.28133065285925,3.0,18
1678.0,3,charge,0.759455210781279,4.141993671696508,299.52398632747895,3.0,18
1679.0,1,charge,0.7151673839112708,4.090387432020327,301.3432231280039,3.5,18
1679.0,2,charge,0.7354746105751516,4.113363020697189,300.2819648885776,3.0,18
1679.0,3,charge,0.7596723308902199,4.142184170735607,299.52476612076924,3.0,18
1680.0,1,charge,0.7153957404137141,4.090622380087563,301.3441498284576,3.5,18
1680.0,2,charge,0.7356819687899481,4.113538625472071,300.28259897615277,3.0,18
1680.0,3,charge,0.7598894509991614,4.142374450015385,299.5255459150723,3.0,18
1681.0,1,charge,0.7156240969161577,4.090857266032364,301.3450764602209,3.5,18
1681.0,2,charge,0.7358893270047442,4.113714740587568,300.2832329193172,3.0,18
1681.0,3,charge,0.7601065711081023,4.142564508044881,299.52632571038816,3.0,18
1682.0,1,charge,0.7158524534186009,4.091092094440171,301.3460030131126,3.5,18
1682.0,2,charge,0.736096685219541,4.113891347334514,300.28386672168807,3.0,18
1682.0,3,charge,0.760323691217041,4.142754343329095,299.52710550671685,3.0,18
1683.0,1,charge,0.7160808099210444,4.091326866761696,301.3469294871326,3.5,18
1683.0,2,charge,0.7363040434343374,4.114068427713454,300.2845003867598,3.0,18
1683.0,3,charge,0.7605408113259818,4.142943954369063,299.52788530405826,3.0,18
1684.0,1,charge,0.716309166423488,4.091561584423113,301.3478558822811,3.5,18
1684.0,2,charge,0.7365114016491339,4.114245964312058,300.28513391788334,3.0,18
1684.0,3,charge,0.7607579314349195,4.143133339661983,299.52866510241245,3.0,18
1685.0,1,charge,0.7165375229259305,4.091796248826096,301.34878219855796,3.5,18
1685.0,2,charge,0.7367187598639303,4.114423940395934,300.285767318318,3.0,18
1685.0,3,charge,0.7609750515438576,4.143322497701234,299.52944490177947,3.0,18
1686.0,1,charge,0.716765879428374,4.092030861347861,301.3497084359632,3.5,18
1686.0,2,charge,0.7369261180787268,4.114602339802486,300.2864005912159,3.0,18
1686.0,3,charge,0.7611921716527984,4.143511426976556,299.5302247021592,3.0,18
1687.0,1,charge,0.7169942359308173,4.0922654233411775,301.35063459449674,3.5,18
1687.0,2,charge,0.7371334762935232,4.114781146895261,300.287033739627,3.0,18
1687.0,3,charge,0.7614092917617399,4.1437001259740605,299.53100450355186,3.0,18
1688.0,1,charge,0.7172225924332607,4.092499936134379,301.3515606741588,3.5,18
1688.0,2,charge,0.7373408345083197,4.114960346527873,300.28766676650673,3.0,18
1688.0,3,charge,0.7616264118706808,4.143888593176346,299.5317843059572,3.0,18
1689.0,1,charge,0.7174509489357012,4.092734401031441,301.3524866749492,3.5,18
1689.0,2,charge,0.7375481927231161,4.115139924800211,300.2882996746059,3.0,18
1689.0,3,charge,0.7618435319796194,4.1440768270626265,299.53256410937536,3.0,18
1690.0,1,charge,0.7176793054381445,4.09296881931198,301.353412596868,3.5,18
1690.0,2,charge,0.7377555509379126,4.115319867436806,300.28893246670634,3.0,18
1690.0,3,charge,0.7620606520885603,4.1442648261087704,299.5333439138063,3.0,18
1691.0,1,charge,0.7179076619405881,4.093203192231288,301.3543384399152,3.5,18
1691.0,2,charge,0.737962909152709,4.115500160754561,300.28956514548014,3.0,18
1691.0,3,charge,0.762277772197498,4.144452588787411,299.53412371925003,3.0,18
1692.0,1,charge,0.7181360184430313,4.093437521020397,301.3552642040907,3.5,18
1692.0,2,charge,0.7381702673675055,4.115680791500356,300.29019771351255,3.0,18
1692.0,3,charge,0.7624948923064387,4.144640113568039,299.5349035257065,3.0,18
1693.0,1,charge,0.7183643749454747,4.093671806886099,301.35618988939467,3.5,18
1693.0,2,charge,0.7383776255823019,4.115861746758144,300.29083017331556,3.0,18
1693.0,3,charge,0.7627120124153774,4.144827398917103,299.5356833331758,3.0,18
1694.0,1,charge,0.7185927314479175,4.093906051011007,301.35711549582703,3.5,18
1694.0,2,charge,0.7385849837970984,4.116043015647762,300.2914625271289,3.0,18
1694.0,3,charge,0.7629291325243183,4.145014443298084,299.5364631416579,3.0,18
1695.0,1,charge,0.718821087950361,4.094140254553565,301.3580410233877,3.5,18
1695.0,2,charge,0.7387923420118948,4.116224585710459,300.2920947773456,3.0,18
1695.0,3,charge,0.7631462526332599,4.145201245171606,299.5372429511528,3.0,18
1696.0,1,charge,0.7190494444528043,4.094374418648135,301.3589664720768,3.5,18
1696.0,2,charge,0.7389997002266913,4.116406445347543,300.2927269262265,3.0,18
1696.0,3,charge,0.7633633727422007,4.145387802995497,299.5380227616604,3.0,18
1697.0,1,charge,0.7192778009552477,4.0946085413416915,301.35989185297626,3.5,18
1697.0,2,charge,0.7392070584414877,4.11658858334345,300.293358975957,3.0,18
1697.0,3,charge,0.7635804928511394,4.14557411522491,299.5388025731809,3.0,18
1698.0,1,charge,0.7195061574576878,4.094842625943,301.36081715803306,3.5,18
1698.0,2,charge,0.7394144166562842,4.116770988759569,300.2939909286604,3.0,18
1698.0,3,charge,0.7637976129600803,4.14576018031244,299.539582385714,3.0,18
1699.0,1,charge,0.7197345139601313,4.095076673645725,301.36174238676836,3.5,18
1699.0,2,charge,0.7396217748710806,4.116953652545931,300.29462278621264,3.0,18
1699.0,3,charge,0.7640147330690172,4.145945996708143,299.54036219926013,3.0,18
1700.0,1,charge,0.7199628704625748,4.09531068544071,301.3626675393503,3.5,18
1700.0,2,charge,0.739829133085877,4.1171365640487565,300.2952545506465,3.0,18
1700.0,3,charge,0.7642318531779558,4.1461315628596935,299.5411420138189,3.0,18
1701.0,1,charge,0.720191226965018,4.095544662294894,301.36359261594725,3.5,18
1701.0,2,charge,0.7400364913006735,4.117319713511881,300.29588622386404,3.0,18
1701.0,3,charge,0.7644489732868968,4.1463168772124614,299.5419218293905,3.0,18
1702.0,1,charge,0.7204195834674616,4.095778605151329,301.3645176167274,3.5,18
1702.0,2,charge,0.74024384951547,4.117503091491265,300.29651780770473,3.0,18
1702.0,3,charge,0.7646660933958382,4.14650193820961,299.54270164597483,3.0,18
1703.0,1,charge,0.7206479399699044,4.096012514929312,301.3654425418592,3.5,18
1703.0,2,charge,0.7404512077302664,4.117686688799768,300.29714930395284,3.0,18
1703.0,3,charge,0.7648832135047792,4.146686744292165,299.543481463572,3.0,18
1704.0,1,charge,0.7208762964723479,4.09624639252436,301.3663673915108,3.5,18
1704.0,2,charge,0.7406585659450629,4.117870497318101,300.29778071423266,3.0,18
1704.0,3,charge,0.765100333613718,4.146871293899146,299.54426128218194,3.0,18
1705.0,1,charge,0.7211046529747912,4.0964802388083355,301.3672921658504,3.5,18
1705.0,2,charge,0.7408659241598593,4.118054508183462,300.2984120402448,3.0,18
1705.0,3,charge,0.7653174537226588,4.1470555854676405,299.54504110180466,3.0,18
1706.0,1,charge,0.7213330094772346,4.096714054629486,301.3682168650465,3.5,18
1706.0,2,charge,0.7410732823746558,4.118238713137957,300.2990432835915,3.0,18
1706.0,3,charge,0.7655345738315964,4.147239617432888,299.54582092244016,3.0,18
1707.0,1,charge,0.7215613659796779,4.09694784081252,301.36914148926724,3.5,18
1707.0,2,charge,0.7412806405894522,4.1184231041607156,300.2996744458251,3.0,18
1707.0,3,charge,0.7657516939405373,4.147423388228432,299.54660074408844,3.0,18
1708.0,1,charge,0.7217897224821183,4.097181598158651,301.3700660386809,3.5,18
1708.0,2,charge,0.7414879988042484,4.118607673453962,300.3003055284505,3.0,18
1708.0,3,charge,0.7659688140494758,4.147606896286158,299.54738056674955,3.0,18
1709.0,1,charge,0.7220180789845618,4.097415327445701,301.3709905134558,3.5,18
1709.0,2,charge,0.7416953570190449,4.118792413538337,300.3009365329076,3.0,18
1709.0,3,charge,0.766185934158417,4.1477901400363955,299.54816039042345,3.0,18
1710.0,1,charge,0.7222464354870052,4.097649029428132,301.37191491376024,3.5,18
1710.0,2,charge,0.7419027152338413,4.118977317144331,300.3015674605914,3.0,18
1710.0,3,charge,0.7664030542673582,4.147973117908034,299.54894021511006,3.0,18
1710.0,1,charge,0.7222464354870071,4.097649029428132,301.37191491376024,3.5,19
1710.0,1,charge,0.7222464354870052,4.097649029428132,301.37191491376024,3.5,19
1710.0,2,charge,0.7419027152338401,4.118977317144331,300.3015674605914,3.0,19
1710.0,2,charge,0.7419027152338413,4.118977317144331,300.3015674605914,3.0,19
1710.0,3,charge,0.7664030542673572,4.147973117908034,299.54894021511006,3.0,19
1710.0,3,charge,0.7664030542673582,4.147973117908034,299.54894021511006,3.0,19
1711.0,1,charge,0.7224747919894486,4.09788271254954,301.3728391330679,3.5,19
1711.0,2,charge,0.7421100734486378,4.119162387534024,300.3021983095591,3.0,19
1711.0,3,charge,0.7666201743762991,4.148155828300901,299.5497200525918,3.0,19
1712.0,1,charge,0.7227031484918921,4.098116368740284,301.37376329037266,3.5,19
1712.0,2,charge,0.7423174316634342,4.119347597427343,300.3028290875185,3.0,19
1712.0,3,charge,0.7668372944852379,4.1483382696592415,299.55049989568323,3.0,19
1713.0,1,charge,0.7229315049943354,4.098349996616338,301.37468741420406,3.5,19
1713.0,2,charge,0.7425247898782307,4.119532946939959,300.3034597933386,3.0,19
1713.0,3,charge,0.7670544145941788,4.14852044042188,299.55127973877455,3.0,19
1714.0,1,charge,0.723159861496779,4.09858360501241,301.3756113920037,3.5,19
1714.0,2,charge,0.7427321480930271,4.119718432295235,300.30409042771026,3.0,19
1714.0,3,charge,0.7672715347031164,4.148702338894145,299.5520596357967,3.0,19
1715.0,1,charge,0.7233882179992216,4.098817184068137,301.3765353698033,3.5,19
1715.0,2,charge,0.7429395063078236,4.11990404786231,300.3047209916273,3.0,19
1715.0,3,charge,0.7674886548120572,4.148883963207762,299.5528397191345,3.0,19
1716.0,1,charge,0.7236165745016652,4.0990507477311295,301.3774591573759,3.5,19
1716.0,2,charge,0.7431468645226201,4.120089785853672,300.305351486574,3.0,19
1716.0,3,charge,0.767705774920996,4.149065312195379,299.5536198024724,3.0,19
1717.0,1,charge,0.7238449310041084,4.099284291480901,301.37838282868825,3.5,19
1717.0,2,charge,0.7433542227374166,4.120275642089673,300.3059819132826,3.0,19
1717.0,3,charge,0.7679228950299368,4.149246384278529,299.5543998858102,3.0,19
1718.0,1,charge,0.724073287506552,4.0995178111397035,301.3793064523545,3.5,19
1718.0,2,charge,0.743561580952213,4.1204616109575145,300.3066122727823,3.0,19
1718.0,3,charge,0.7681400151388775,4.14942717787809,299.55517996914807,3.0,19
1719.0,1,charge,0.7243016440089953,4.0997513072994725,301.38023002837457,3.5,19
1719.0,2,charge,0.7437689391670095,4.12064768537455,300.3072425664149,3.0,19
1719.0,3,charge,0.7683571352478163,4.149607691414403,299.5559600524859,3.0,19
1720.0,1,charge,0.7245300005114387,4.099984780529701,301.38115355674853,3.5,19
1720.0,2,charge,0.7439762973818059,4.1208338589160505,300.3078727953845,3.0,19
1720.0,3,charge,0.7685742553567573,4.14978792330734,299.55674013582376,3.0,19
1721.0,1,charge,0.7247583570138822,4.100218231377477,301.3820770374764,3.5,19
1721.0,2,charge,0.7441836555966024,4.121020126967608,300.3085029605087,3.0,19
1721.0,3,charge,0.7687913754656948,4.149967871976436,299.5575202191617,3.0,19
1722.0,1,charge,0.7249867135163255,4.100451660367545,301.38300047055816,3.5,19
1722.0,2,charge,0.7443910138113988,4.121206488070747,300.30913306193446,3.0,19
1722.0,3,charge,0.7690084955746357,4.150147535840977,299.5583003024995,3.0,19
1723.0,1,charge,0.725215070018769,4.100685068002426,301.3839238559937,3.5,19
1723.0,2,charge,0.7445983720261915,4.121392932656095,300.30976310152977,3.0,19
1723.0,3,charge,0.7692256156835745,4.150326913320111,299.5590803858374,3.0,19
1724.0,1,charge,0.7254434265212116,4.100918454762474,301.38484719378323,3.5,19
1724.0,2,charge,0.744805730240988,4.1215794581148675,300.3103930796817,3.0,19
1724.0,3,charge,0.7694427357925153,4.150506002832893,299.5598604691752,3.0,19
1725.0,1,charge,0.725671783023655,4.1011518211059474,301.38577048392665,3.5,19
1725.0,2,charge,0.7450130884557844,4.1217660602949415,300.3110229971037,3.0,19
1725.0,3,charge,0.7696598559014569,4.150684802798512,299.56064055251306,3.0,19
1726.0,1,charge,0.7259001395260984,4.101385168826903,301.38669370424236,3.5,19
1726.0,2,charge,0.7452204466705808,4.121952732571678,300.3116528550371,3.0,19
1726.0,3,charge,0.7698769760103975,4.150863311636254,299.5614206358509,3.0,19
1727.0,1,charge,0.7261284960285418,4.101618500989973,301.387616811476,3.5,19
1727.0,2,charge,0.7454278048853773,4.122139470822642,300.3122826541849,3.0,19
1727.0,3,charge,0.7700940961193363,4.151041527765724,299.56220071918875,3.0,19
1728.0,1,charge,0.7263568525309821,4.101851814878191,301.3885398564602,3.5,19
1728.0,2,charge,0.7456351631001737,4.122326270247587,300.3129123953947,3.0,19
1728.0,3,charge,0.7703112162282773,4.151219449606849,299.56298080252657,3.0,19
1729.0,1,charge,0.7265852090334257,4.102085110863213,301.38946283919506,3.5,19
1729.0,2,charge,0.7458425213149702,4.122513126534658,300.3135420794134,3.0,19
1729.0,3,charge,0.7705283363372147,4.1513970755800464,299.56376088586444,3.0,19
1730.0,1,charge,0.7268135655358688,4.102318389294991,301.39038575968056,3.5,19
1730.0,2,charge,0.7460498795297666,4.122700034699555,300.3141717071228,3.0,19
1730.0,3,charge,0.7707454564461557,4.151574404106324,299.56454096920226,3.0,19
1731.0,1,charge,0.7270419220383123,4.102551650501821,301.3913086179166,3.5,19
1731.0,2,charge,0.7462572377445629,4.122886990426851,300.3148012792646,3.0,19
1731.0,3,charge,0.7709625765550944,4.151751433607366,299.5653210525401,3.0,19
1732.0,1,charge,0.7272702785407551,4.102784894790483,301.39223141390323,3.5,19
1732.0,2,charge,0.7464645959593593,4.123073990123775,300.31543079642825,3.0,19
1732.0,3,charge,0.7711796966640353,4.151928162505643,299.56610113587806,3.0,19
1733.0,1,charge,0.7274986350431984,4.103018122446264,301.3931541476404,3.5,19
1733.0,2,charge,0.7466719541741558,4.123261028931999,300.31606025946513,3.0,19
1733.0,3,charge,0.7713968167729768,4.152104589224523,299.5668812192159,3.0,19
1734.0,1,charge,0.7277269915456419,4.103251333733094,301.39407681912826,3.5,19
1734.0,2,charge,0.7468793123889526,4.123448103081046,300.31668966899855,3.0,19
1734.0,3,charge,0.7716139368819177,4.152280712188359,299.56766130255374,3.0,19
1735.0,1,charge,0.7279553480480853,4.103484528893574,301.39499942836665,3.5,19
1735.0,2,charge,0.747086670603749,4.123635209044833,300.31731902559847,3.0,19
1735.0,3,charge,0.7718310569908556,4.152456529822631,299.56844138589156,3.0,19
1736.0,1,charge,0.7281837045505253,4.103717708149094,301.39592197535563,3.5,19
1736.0,2,charge,0.7472940288185451,4.1238223423856795,300.3179483300238,3.0,19
1736.0,3,charge,0.7720481770997932,4.152632040554014,299.56922146922943,3.0,19
1737.0,1,charge,0.7284120610529689,4.103950872056983,301.3968444429508,3.5,19
1737.0,2,charge,0.7475013870333416,4.124009500031114,300.318577582748,3.0,19
1737.0,3,charge,0.772265297208734,4.152807242810541,299.57000155256725,3.0,19
1738.0,1,charge,0.7286404175554122,4.104184020571106,301.3977668419834,3.5,19
1738.0,2,charge,0.747708745248138,4.124196678565932,300.3192067843141,3.0,19
1738.0,3,charge,0.7724824173176729,4.152982135021633,299.5707816359051,3.0,19
1739.0,1,charge,0.7288687740578556,4.104417153792678,301.3986891751947,3.5,19
1739.0,2,charge,0.7479161034629345,4.124383873935862,300.31983593539564,3.0,19
1739.0,3,charge,0.7726995374266138,4.15315671561827,299.57156171924294,3.0,19
1740.0,1,charge,0.729097130560299,4.104650271859095,301.39961144258467,3.5,19
1740.0,2,charge,0.748123461677731,4.124571082371215,300.32046503660575,3.0,19
1740.0,3,charge,0.7729166575355553,4.153330983033069,299.5723418025808,3.0,19
1741.0,1,charge,0.7293254870627417,4.104883374886926,301.40053364415314,3.5,19
1741.0,2,charge,0.7483308198925275,4.124758300079872,300.3210940885606,3.0,19
1741.0,3,charge,0.7731337776444959,4.153504935700399,299.5731218859187,3.0,19
1742.0,1,charge,0.7295538435651853,4.105116462972029,301.40145577990035,3.5,19
1742.0,2,charge,0.7485381781073239,4.12494552397575,300.3217230917292,3.0,19
1742.0,3,charge,0.7733508977534349,4.153678572056499,299.57390196925655,3.0,19
1743.0,1,charge,0.7297822000676287,4.105349536189607,301.4023778498261,3.5,19
1743.0,2,charge,0.7487455363221204,4.125132751879308,300.32235204639255,3.0,19
1743.0,3,charge,0.7735680178623756,4.153851890539599,299.5746820525944,3.0,19
1744.0,1,charge,0.7300105565700719,4.105582594594294,301.40329985393055,3.5,19
1744.0,2,charge,0.7489528945369168,4.125319979436078,300.3229809532776,3.0,19
1744.0,3,charge,0.7737851379713131,4.154024889589971,299.57546213593224,3.0,19
1745.0,1,charge,0.7302389130725154,4.105815638220256,301.4042217922136,3.5,19
1745.0,2,charge,0.7491602527517133,4.125507203250077,300.3236098129125,3.0,19
1745.0,3,charge,0.774002258080254,4.154197567650115,299.5762422192701,3.0,19
1746.0,1,charge,0.7304672695749589,4.106048667081252,301.4051436646752,3.5,19
1746.0,2,charge,0.7493676109665097,4.1256944199475605,300.3242386258192,3.0,19
1746.0,3,charge,0.7742193781891928,4.154369923164818,299.57702230260793,3.0,19
1747.0,1,charge,0.7306956260774025,4.106281679785666,301.4060654753465,3.5,19
1747.0,2,charge,0.7495749691813062,4.125881626217453,300.3248673925055,3.0,19
1747.0,3,charge,0.7744364982981338,4.1545419545812905,299.5778023859458,3.0,19
1748.0,1,charge,0.7309239825798428,4.1065146755536714,301.4069872264148,3.5,19
1748.0,2,charge,0.7497823273961026,4.126068820339359,300.3254961131535,3.0,19
1748.0,3,charge,0.7746536184070753,4.154713660349273,299.5785824692836,3.0,19
1749.0,1,charge,0.7311523390822863,4.106747656180342,301.40790891251714,3.5,19
1749.0,2,charge,0.7499896856108991,4.126255998466803,300.32612478837666,3.0,19
1749.0,3,charge,0.7748707385160162,4.154885038520863,299.57936274805667,3.0,19
1750.0,1,charge,0.7313806955847296,4.106980621598483,301.4088305336535,3.5,19
1750.0,2,charge,0.7501970438256955,4.126443157618418,300.3267534186106,3.0,19
1750.0,3,charge,0.7750878586249542,4.155056087891989,299.5801430558946,3.0,19
1751.0,1,charge,0.731609052087173,4.107213571720925,301.4097520898239,3.5,19
1751.0,2,charge,0.750404402040492,4.126630294867091,300.3273820042785,3.0,19
1751.0,3,charge,0.7753049787338916,4.155226806963373,299.58092337194,3.0,19
1752.0,1,charge,0.7318374085896157,4.107446506440587,301.41067358102833,3.5,19
1752.0,2,charge,0.7506117602552884,4.126817407339978,300.3280105457908,3.0,19
1752.0,3,charge,0.7755220988428325,4.155397194195977,299.5817036961931,3.0,19
1753.0,1,charge,0.7320657650920591,4.107679425630613,301.4115950072668,3.5,19
1753.0,2,charge,0.7508191184700849,4.127004492302399,300.3286390435325,3.0,19
1753.0,3,charge,0.7757392189517712,4.1555672480538774,299.58248402865365,3.0,19
1754.0,1,charge,0.7322941215945027,4.107912329144393,301.4125163685393,3.5,19
1754.0,2,charge,0.7510264766848813,4.127191547008893,300.3292674978861,3.0,19
1754.0,3,charge,0.7759563390607122,4.155736967004302,299.58326436932185,3.0,19
1755.0,1,charge,0.7325224780969459,4.1081452168156805,301.4134376648459,3.5,19
1755.0,2,charge,0.7512338348996778,4.127378568748391,300.32989590922443,3.0,19
1755.0,3,charge,0.7761734591696536,4.155906349517867,299.58404471819756,3.0,19
1756.0,1,charge,0.7327508345993895,4.108378088458663,301.4143588961865,3.5,19
1756.0,2,charge,0.7514411931144742,4.127565554890534,300.33052427790346,3.0,19
1756.0,3,charge,0.7763905792785943,4.156075394068562,299.5848250752808,3.0,19
1757.0,1,charge,0.732979191101833,4.108610943868042,301.4152800625611,3.5,19
1757.0,2,charge,0.7516485513292707,4.127752502861849,300.33115260426644,3.0,19
1757.0,3,charge,0.7766076993875334,4.156244099133962,299.5856054405716,3.0,19
1758.0,1,charge,0.7332075476042762,4.108843782819132,301.41620116396984,3.5,19
1758.0,2,charge,0.7518559095440671,4.1279394097074835,300.33178088873854,3.0,19
1758.0,3,charge,0.7768248194964741,4.1564124631952915,299.58638581407,3.0,19
1759.0,1,charge,0.7334359041067198,4.109076605067919,301.41712220041256,3.5,19
1759.0,2,charge,0.7520632677588636,4.128126272303783,300.3324091317809,3.0,19
1759.0,3,charge,0.7770419396054116,4.156580484737532,299.587166195776,3.0,19
1760.0,1,charge,0.7336642606091632,4.109309410351148,301.4180431718894,3.5,19
1760.0,2,charge,0.75227062597366,4.128313088636251,300.3330373336137,3.0,19
1760.0,3,charge,0.7772590597143523,4.15674816224961,299.5879465856895,3.0,19
1761.0,1,charge,0.7338926171116065,4.109542198386425,301.41896407840017,3.5,19
1761.0,2,charge,0.7524779841884565,4.128499856249071,300.333665494552,3.0,19
1761.0,3,charge,0.7774761798232912,4.1569154942244,299.5887269838106,3.0,19
1762.0,1,charge,0.73412097361405,4.1097749688722605,301.419884919945,3.5,19
1762.0,2,charge,0.7526853424032529,4.1286865727425965,300.3342936148983,3.0,19
1762.0,3,charge,0.7776932999322321,4.157082479158936,299.5895073901392,3.0,19
1763.0,1,charge,0.7343493301164935,4.110007721488193,301.4208056965239,3.5,19
1763.0,2,charge,0.7528927006180494,4.128873235773266,300.334921694942,3.0,19
1763.0,3,charge,0.7779104200411736,4.157249115554507,299.5902878046754,3.0,19
1764.0,1,charge,0.7345776866189362,4.110240455894838,301.4217264081369,3.5,19
1764.0,2,charge,0.7531000588328458,4.1290598430536996,300.33554973495995,3.0,19
1764.0,3,charge,0.7781275401501145,4.157415401916753,299.59106822741916,3.0,19
1765.0,1,charge,0.7348060431213795,4.110473171733975,301.4226470547839,3.5,19
1765.0,2,charge,0.7533074170476423,4.1292463923527,300.33617773521615,3.0,19
1765.0,3,charge,0.7783446602590526,4.157581336755767,299.5918486583705,3.0,19
1766.0,1,charge,0.7350343996238229,4.1107058686286475,301.42356763646484,3.5,19
1766.0,2,charge,0.7535147752624387,4.129432881495234,300.3368056959618,3.0,19
1766.0,3,charge,0.77856178036799,4.157746918586298,299.59262909752937,3.0,19
1767.0,1,charge,0.7352627561262663,4.110938546183219,301.42448815318,3.5,19
1767.0,2,charge,0.7537221334772352,4.129619305904116,300.33743361796786,3.0,19
1767.0,3,charge,0.7787789004769309,4.157912145927732,299.5934095448958,3.0,19
1768.0,1,charge,0.7354911126287098,4.111171203983462,301.4254086049291,3.5,19
1768.0,2,charge,0.7539294916920316,4.129805664272986,300.3380615012965,3.0,19
1768.0,3,charge,0.7789960205858697,4.158077017304349,299.5941900004698,3.0,19
1769.0,1,charge,0.7357194691311504,4.111403839996262,301.42632900182895,3.5,19
1769.0,2,charge,0.754136849906828,4.129991954794789,300.33868934611763,3.0,19
1769.0,3,charge,0.7792131406948105,4.158241531245375,299.5949704642514,3.0,19
1770.0,1,charge,0.7359478256335937,4.111636451146307,301.42724936046045,3.5,19
1770.0,2,charge,0.7543442081216245,4.1301781752756295,300.3393171526844,3.0,19
1770.0,3,charge,0.7794302608037521,4.158405686285072,299.59575093624045,3.0,19
1771.0,1,charge,0.7361761821360372,4.111869040695323,301.4281696572316,3.5,19
1771.0,2,charge,0.754551566336421,4.130364323563198,300.3399449212403,3.0,19
1771.0,3,charge,0.7796473809126927,4.158569480962949,299.5965314164372,3.0,19
1772.0,1,charge,0.7364045386384804,4.112101608155409,301.4290898921423,3.5,19
1772.0,2,charge,0.7547589245512175,4.130550397546809,300.3405726520195,3.0,19
1772.0,3,charge,0.7798645010216316,4.1587329138237585,299.59731190484143,3.0,19
1773.0,1,charge,0.7366328951409231,4.112334153020483,301.4300100651927,3.5,19
1773.0,2,charge,0.754966282766014,4.130736395157415,300.34120034524636,3.0,19
1773.0,3,charge,0.7800816211305726,4.158895983417768,299.5980924014532,3.0,19
1774.0,1,charge,0.7368612516433667,4.112566674766368,301.4309301763826,3.5,19
1774.0,2,charge,0.7551736409808104,4.130922314367648,300.34182800113587,3.0,19
1774.0,3,charge,0.7802987412395099,4.159058688300718,299.59887290627256,3.0,19
1775.0,1,charge,0.7370896081458099,4.112799172850873,301.43185022571214,3.5,19
1775.0,2,charge,0.7553809991956069,4.131108152542456,300.34245562003485,3.0,19
1775.0,3,charge,0.7805158613484507,4.159221027034086,299.59965341929956,3.0,19
1776.0,1,charge,0.7373179646482535,4.1130316467138766,301.4327702131813,3.5,19
1776.0,2,charge,0.7555883574104033,4.1312939056927895,300.3430832025845,3.0,19
1776.0,3,charge,0.7807329814573897,4.159382998185102,299.600433940534,3.0,19
1777.0,1,charge,0.7375463211506967,4.1132640957773985,301.43369013879004,3.5,19
1777.0,2,charge,0.7557957156251994,4.13147957328461,300.34371074867363,3.0,19
1777.0,3,charge,0.7809501015663305,4.159544600326949,299.60121446997607,3.0,19
1778.0,1,charge,0.7377746776531368,4.113496519445671,301.43461000253836,3.5,19
1778.0,2,charge,0.7560030738399962,4.131665153228418,300.3443382585289,3.0,19
1778.0,3,charge,0.7811672216752721,4.159705832038819,299.6019950076257,3.0,19
1779.0,1,charge,0.73800303415558,4.113728917105241,301.4355298044264,3.5,19
1779.0,2,charge,0.7562104320547924,4.131850643461005,300.3449657323711,3.0,19
1779.0,3,charge,0.7813843417842101,4.159866691906089,299.60277555348284,3.0,19
1780.0,1,charge,0.7382313906580236,4.113961288125028,301.4364495444539,3.5,19
1780.0,2,charge,0.7564177902695889,4.13203604194544,300.3455931704149,3.0,19
1780.0,3,charge,0.7816014618931509,4.16002717852041,299.60355610754755,3.0,19
1781.0,1,charge,0.738459747160467,4.114193631856391,301.4373692226211,3.5,19
1781.0,2,charge,0.7566251484843853,4.132221346671221,300.3462205728686,3.0,19
1781.0,3,charge,0.7818185820020884,4.160187290479831,299.6043366698199,3.0,19
1782.0,1,charge,0.7386881036629098,4.114425947633249,301.4382888389278,3.5,19
1782.0,2,charge,0.7568325066991818,4.132406555654185,300.3468479399347,3.0,19
1782.0,3,charge,0.7820357021110291,4.160347026388951,299.6051172402997,3.0,19
1783.0,1,charge,0.738916460165353,4.114658234772122,301.4392083933742,3.5,19
1783.0,2,charge,0.7570398649139782,4.132591666936669,300.34747527180934,3.0,19
1783.0,3,charge,0.7822528222199681,4.160506384859005,299.6058978189871,3.0,19
1784.0,1,charge,0.7391448166677963,4.11489049257221,301.4401278859602,3.5,19
1784.0,2,charge,0.7572472231287747,4.132776677389856,300.3481025689438,3.0,19
1784.0,3,charge,0.782469942328909,4.160665364508031,299.60667840588206,3.0,19
1785.0,1,charge,0.7393731731702369,4.11512272031549,301.44104731668574,3.5,19
1785.0,2,charge,0.7574545813435711,4.132961585088056,300.3487298315268,3.0,19
1785.0,3,charge,0.7826870624378505,4.160823963960954,299.60745900098465,3.0,19
1786.0,1,charge,0.7396015296726802,4.115354917266782,301.44196668555094,3.5,19
1786.0,2,charge,0.7576619395583676,4.133146388486653,300.3493570596636,3.0,19
1786.0,3,charge,0.7829041825467912,4.160982181849713,299.60823960429474,3.0,19
1787.0,1,charge,0.7398298861751238,4.115587082673814,301.4428859925557,3.5,19
1787.0,2,charge,0.757869297773164,4.133331085587461,300.34998425355815,3.0,19
1787.0,3,charge,0.7831213026557299,4.161140016813418,299.6090202158124,3.0,19
1788.0,1,charge,0.740058242677567,4.115819215767327,301.4438052377001,3.5,19
1788.0,2,charge,0.7580766559879605,4.133515674409294,300.3506114134104,3.0,19
1788.0,3,charge,0.7833384227646709,4.161297467498445,299.60980083553756,3.0,19
1789.0,1,charge,0.7402865991800096,4.116051315761114,301.4447244209841,3.5,19
1789.0,2,charge,0.7582840142027562,4.133700152988002,300.3512385394162,3.0,19
1789.0,3,charge,0.7835555428736082,4.161454532558578,299.61058146347034,3.0,19
1790.0,1,charge,0.740514955682453,4.116283381852145,301.44564354240765,3.5,19
1790.0,2,charge,0.7584913724175526,4.133884519376515,300.3518656317675,3.0,19
1790.0,3,charge,0.7837726629825491,4.1616112106551135,299.61136209961074,3.0,19
1791.0,1,charge,0.7407433121848964,4.116515412898595,301.4465626042998,3.5,19
1791.0,2,charge,0.758698730632349,4.134068771644941,300.3524926906523,3.0,19
1791.0,3,charge,0.783989783091488,4.161767500457028,299.6121427439586,3.0,19
1792.0,1,charge,0.74097166868734,4.1167474064890435,301.44748161805103,3.5,19
1792.0,2,charge,0.7589060888471455,4.134252907809962,300.35311971626976,3.0,19
1792.0,3,charge,0.7842069032004286,4.161923400641072,299.6129233965141,3.0,19
1793.0,1,charge,0.7412000251897832,4.116979363244109,301.44840057300166,3.5,19
1793.0,2,charge,0.759113447061942,4.134436925217404,300.3537467089631,3.0,19
1793.0,3,charge,0.7844240233093696,4.16207890989185,299.6137040572771,3.0,19
1794.0,1,charge,0.7414283816922267,4.117211282294138,301.4493194691517,3.5,19
1794.0,2,charge,0.7593208052767382,4.134620822434957,300.3543736688127,3.0,19
1794.0,3,charge,0.7846411434183085,4.16223402690207,299.61448472624767,3.0,19
1795.0,1,charge,0.7416567381946699,4.117443162753014,301.45023830650126,3.5,19
1795.0,2,charge,0.7595281634915346,4.134804597530252,300.3550005960058,3.0,19
1795.0,3,charge,0.7848582635272494,4.16238875037255,299.6152654034258,3.0,19
1796.0,1,charge,0.7418850946971135,4.11767500371826,301.45115708505017,3.5,19
1796.0,2,charge,0.7597355217063311,4.134988248583021,300.3556274907273,3.0,19
1796.0,3,charge,0.7850753836361867,4.162543079012416,299.6160460888115,3.0,19
1797.0,1,charge,0.742113451199557,4.117906804271099,301.4520758047986,3.5,19
1797.0,2,charge,0.7599428799211275,4.135171773685119,300.35625435315893,3.0,19
1797.0,3,charge,0.7852925037451276,4.16269701153921,299.6168267824048,3.0,19
1798.0,1,charge,0.7423418077019995,4.1181385634765055,301.4529944657465,3.5,19
1798.0,2,charge,0.760150238135924,4.135355170940576,300.35688118347963,3.0,19
1798.0,3,charge,0.7855096238540662,4.162850546678978,299.61760748420556,3.0,19
1799.0,1,charge,0.7425701642044429,4.11837028038332,301.4539130678938,3.5,19
1799.0,2,charge,0.7603575963507204,4.135538438465655,300.35750798186575,3.0,19
1799.0,3,charge,0.7857267439630071,4.163003683166469,299.61838819421394,3.0,19
1800.0,1,charge,0.7427985207068865,4.118601954024308,301.4548316112406,3.5,19
1800.0,2,charge,0.7605649545655169,4.135721574388935,300.3581347484906,3.0,19
1800.0,3,charge,0.7859438640719487,4.163156419745224,299.6191689124299,3.0,19
1800.0,1,charge,0.7427985207068846,4.118601954024308,301.4548316112406,3.5,20
1800.0,1,charge,0.7427985207068865,4.118601954024308,301.4548316112406,3.5,20
1800.0,2,charge,0.7605649545655176,4.135721574388935,300.3581347484906,3.5,20
1800.0,2,charge,0.7605649545655169,4.146106439156543,300.3581347484906,3.5,20
1800.0,3,charge,0.7859438640719476,4.163156419745224,299.6191689124299,2.5,20
1800.0,3,charge,0.7859438640719487,4.151674880326905,299.6191689124299,2.5,20
1801.0,1,charge,0.7430268772093298,4.118833589026819,301.4557499800284,3.5,20
1801.0,2,charge,0.760806872482778,4.146832718286525,300.35907073291617,3.5,20
1801.0,3,charge,0.7861247974960625,4.151373621734626,299.6197026375435,2.5,20
1802.0,1,charge,0.7432552337117733,4.119065178869439,301.4566682830522,3.5,20
1802.0,2,charge,0.7610487904000431,4.147378724537077,300.3600078550817,3.5,20
1802.0,3,charge,0.7863057309201805,4.151218719339058,299.620235662637,2.5,20
1803.0,1,charge,0.7434835902142138,4.1192967192872265,301.45758658607605,3.5,20
1803.0,2,charge,0.7612907083173062,4.147851735897365,300.3609460197276,3.5,20
1803.0,3,charge,0.7864866643442986,4.151123368459441,299.6207680496271,2.5,20
1804.0,1,charge,0.7437119467166574,4.119528211397244,301.4585048450724,3.5,20
1804.0,2,charge,0.7615326262345676,4.148285024412074,300.3618851651389,3.5,20
1804.0,3,charge,0.786667597768413,4.151060618495736,299.62129983829135,2.5,20
1805.0,1,charge,0.7439403032191009,4.119759659090096,301.4594229588154,3.5,20
1805.0,2,charge,0.7617745441518287,4.148692585471433,300.3628252410374,3.5,20
1805.0,3,charge,0.786848531192531,4.151019062945775,299.62183106091595,2.5,20
1806.0,1,charge,0.7441686597215441,4.1199910542190565,301.46034107255844,3.5,20
1806.0,2,charge,0.762016462069092,4.149081469403663,300.36376620367093,3.5,20
1806.0,3,charge,0.7870294646166447,4.150992918551898,299.6223617454697,2.5,20
1807.0,1,charge,0.7443970162239877,4.120222395707099,301.46125918630156,3.5,20
1807.0,2,charge,0.7622583799863532,4.149455911749746,300.3647080135694,3.5,20
1807.0,3,charge,0.7872103980407653,4.1509786862755735,299.6228919170505,2.5,20
1808.0,1,charge,0.7446253727264303,4.120453691892175,301.46217710026406,3.5,20
1808.0,2,charge,0.7625002979036175,4.149818626284956,300.36565063447364,3.5,20
1808.0,3,charge,0.7873913314648792,4.150974106979007,299.62342159858025,2.5,20
1809.0,1,charge,0.7448537292288738,4.120684935994979,301.46309493455493,3.5,20
1809.0,2,charge,0.7627422158208814,4.150171457625092,300.3665940326696,3.5,20
1809.0,3,charge,0.7875722648889978,4.150977633097309,299.62395081124,2.5,20
1810.0,1,charge,0.7450820857313172,4.120916124819317,301.46401273307833,3.5,20
1810.0,2,charge,0.7629841337381428,4.1505157607708885,300.3675381765017,3.5,20
1810.0,3,charge,0.7877531983131116,4.150988119696715,299.6244795747923,2.5,20
1811.0,1,charge,0.7453104422337605,4.121147257226414,301.46493049583415,3.5,20
1811.0,2,charge,0.7632260516554031,4.150852581411092,300.36848303603523,3.5,20
1811.0,3,charge,0.7879341317372296,4.151004676568416,299.6250079078107,2.5,20
1812.0,1,charge,0.745538798736204,4.12137833206237,301.4658482228226,3.5,20
1812.0,2,charge,0.7634679695726669,4.151182723625267,300.36942858286955,3.5,20
1812.0,3,charge,0.7881150651613475,4.151026613519422,299.625535827811,2.5,20
1813.0,1,charge,0.7457671552386438,4.12160934815825,301.4667659140435,3.5,20
1813.0,2,charge,0.7637098874899284,4.151506832752142,300.3703747899473,3.5,20
1813.0,3,charge,0.7882959985854614,4.151053372976024,299.6260633513851,2.5,20
1814.0,1,charge,0.7459955117410872,4.121840304330169,301.46768356949684,3.5,20
1814.0,2,charge,0.7639518054071924,4.151825436480247,300.3713216314382,3.5,20
1814.0,3,charge,0.78847693200958,4.151084495691993,299.6265904942854,2.5,20
1815.0,1,charge,0.7462238682435306,4.122071199379327,301.4686011891828,3.5,20
1815.0,2,charge,0.7641937233244566,4.152138969800985,300.3722690826438,3.5,20
1815.0,3,charge,0.7886578654336939,4.151119600309597,299.6271172714953,2.5,20
1816.0,1,charge,0.7464522247459741,4.122302032092124,301.4695187731012,3.5,20
1816.0,2,charge,0.7644356412417177,4.152447801715725,300.37321711989364,3.5,20
1816.0,3,charge,0.7888387988578145,4.151158361710527,299.6276436973039,2.5,20
1817.0,1,charge,0.7466805812484174,4.122532801240224,301.470436321252,3.5,20
1817.0,2,charge,0.7646775591589783,4.1527522504664365,300.37416572047226,3.5,20
1817.0,3,charge,0.7890197322819283,4.151200498573997,299.6281697853609,2.5,20
1818.0,1,charge,0.7469089377508609,4.122763505580616,301.4713538336355,3.5,20
1818.0,2,charge,0.7649194770762422,4.153052598210413,300.3751148625465,3.5,20
1818.0,3,charge,0.7892006657060471,4.151245759679453,299.6286955487355,2.5,20
1819.0,1,charge,0.7471372942533036,4.122994143855712,301.47227131025136,3.5,20
1819.0,2,charge,0.7651613949935033,4.153349095999984,300.3760645251189,3.5,20
1819.0,3,charge,0.7893815991301608,4.151293920523445,299.6292209999513,2.5,20
1820.0,1,charge,0.7473656507557471,4.123224714793401,301.4731887510998,3.5,20
1820.0,2,charge,0.7654033129107679,4.153641960185423,300.37701468801396,3.5,20
1820.0,3,charge,0.7895625325542787,4.151344786173359,299.62974615099824,2.5,20
1821.0,1,charge,0.7475940072581906,4.123455219455602,301.4741060998517,3.5,20
1821.0,2,charge,0.7656452308280287,4.153931382058056,300.3779653318262,3.5,20
1821.0,3,charge,0.7897434659783967,4.15139818339116,299.630271013371,2.5,20
1822.0,1,charge,0.7478223637606338,4.1236856551641585,301.47502338951546,3.5,20
1822.0,2,charge,0.7658871487452928,4.154217535632337,300.3789164378739,3.5,20
1822.0,3,charge,0.7899243994025106,4.151453954901955,299.6307955981009,2.5,20
1823.0,1,charge,0.7480507202630774,4.123916020056658,301.4759406332053,3.5,20
1823.0,2,charge,0.7661290666625532,4.15450057345889,300.3798679881832,3.5,20
1823.0,3,charge,0.7901053328266292,4.1515119608905735,299.63131991577364,2.5,20
1824.0,1,charge,0.7482790767655179,4.124146312803353,301.47685783092135,3.5,20
1824.0,2,charge,0.7663709845798143,4.154780640935932,300.38081996542877,3.5,20
1824.0,3,charge,0.7902862662507429,4.1515720697662015,299.63184397656516,2.5,20
1825.0,1,charge,0.7485074332679613,4.124376532060338,301.4777749826635,3.5,20
1825.0,2,charge,0.7666129024970785,4.1550578658444834,300.3817723529297,3.5,20
1825.0,3,charge,0.7904671996748637,4.151634163224982,299.6323677902559,2.5,20
1826.0,1,charge,0.7487357897704046,4.1246066764695986,301.4786920884317,3.5,20
1826.0,2,charge,0.7668548204143428,4.155332369333385,300.38272513461334,3.5,20
1826.0,3,charge,0.7906481330989774,4.151698130599739,299.63289136624684,2.5,20
1827.0,1,charge,0.748964146272848,4.124836744659142,301.47960914822613,3.5,20
1827.0,2,charge,0.767096738331604,4.155604263234095,300.38367829497935,3.5,20
1827.0,3,charge,0.7908290665230954,4.151763868591951,299.6334147135913,2.5,20
1828.0,1,charge,0.7491925027752916,4.125066735243008,301.4805261620467,3.5,20
1828.0,2,charge,0.767338656248868,4.155873649099162,300.38463181910885,3.5,20
1828.0,3,charge,0.7910099999472098,4.1518312827987724,299.6339378409883,2.5,20
1829.0,1,charge,0.7494208592777342,4.12529664682142,301.48144312989336,3.5,20
1829.0,2,charge,0.7675805741661283,4.1561406242960315,300.38558569260175,3.5,20
1829.0,3,charge,0.7911909333713278,4.151900283598577,299.634460756821,2.5,20
1830.0,1,charge,0.7496492157801777,4.125526477980784,301.48236005176614,3.5,20
1830.0,2,charge,0.7678224920833895,4.156405276059198,300.3865399015988,3.5,20
1830.0,3,charge,0.7913718667954459,4.1519707890458495,299.63498346914963,2.5,20
1831.0,1,charge,0.749877572282621,4.125756227293816,301.4832769276651,3.5,20
1831.0,2,charge,0.7680644100006536,4.156667687452397,300.38749443272786,3.5,20
1831.0,3,charge,0.7915528002195596,4.152042722086675,299.6355059857395,2.5,20
1832.0,1,charge,0.7501059287850644,4.125985893319597,301.48419375759005,3.5,20
1832.0,2,charge,0.768306327917918,4.156927935004129,300.3884492731084,3.5,20
1832.0,3,charge,0.7917337336436776,4.152116010750264,299.6360283140657,2.5,20
1833.0,1,charge,0.7503342852875079,4.126215474603677,301.4851105415413,3.5,20
1833.0,2,charge,0.7685482458351791,4.157186090474438,300.389404410318,3.5,20
1833.0,3,charge,0.791914667067792,4.152190587670498,299.63655046132976,2.5,20
1834.0,1,charge,0.7505626417899512,4.126444969707594,301.48602727046847,3.5,20
1834.0,2,charge,0.7687901637524431,4.157442221427507,300.39035983239154,3.5,20
1834.0,3,charge,0.7920956004919101,4.152266389155825,299.6370724344638,2.5,20
1835.0,1,charge,0.7507909982923948,4.126674377133183,301.4869439495341,3.5,20
1835.0,2,charge,0.7690320816697036,4.1576963915122205,300.39131552778304,3.5,20
1835.0,3,charge,0.7922765339160265,4.152343355040722,299.63759424015313,2.5,20
1836.0,1,charge,0.7510193547948383,4.12690369537849,301.4878605809661,3.5,20
1836.0,2,charge,0.7692739995869647,4.157948661185582,300.39227148535065,3.5,20
1836.0,3,charge,0.7924574673401446,4.152421428113074,299.6381158848501,2.5,20
1837.0,1,charge,0.7512477112972815,4.127132922935596,301.48877716476443,3.5,20
1837.0,2,charge,0.7695159175042278,4.158199086460504,300.39322769438076,3.5,20
1837.0,3,charge,0.7926384007642591,4.152500554998975,299.6386373747524,2.5,20
1838.0,1,charge,0.7514760677997251,4.127362058283433,301.4896937009291,3.5,20
1838.0,2,charge,0.7697578354214931,4.158447720959595,300.39418414453166,3.5,20
1838.0,3,charge,0.792819334188377,4.152580684549983,299.63915871584385,2.5,20
1839.0,1,charge,0.7517044243021677,4.127591099887786,301.4906101894601,3.5,20
1839.0,2,charge,0.7699997533387543,4.1586946173156765,300.3951408257951,3.5,20
1839.0,3,charge,0.7930002676124951,4.1526617667477606,299.6396799139221,2.5,20
1840.0,1,charge,0.7519327808046112,4.12782004620148,301.4915266303573,3.5,20
1840.0,2,charge,0.7702416712560184,4.1589398237501545,300.3960977285537,3.5,20
1840.0,3,charge,0.7931812010366087,4.152743755668377,299.64020097454824,2.5,20
1841.0,1,charge,0.7521611373070547,4.128048895664367,301.49244302362104,3.5,20
1841.0,2,charge,0.7704835891732787,4.1591833837618015,300.3970548435741,3.5,20
1841.0,3,charge,0.7933621344607268,4.152826608633399,299.64072190306786,2.5,20
1842.0,1,charge,0.7523894938094979,4.128277646703447,301.493359369251,3.5,20
1842.0,2,charge,0.7707255070905399,4.159425343487472,300.3980121618686,3.5,20
1842.0,3,charge,0.7935430678848412,4.152910281759805,299.64124270469165,2.5,20
1843.0,1,charge,0.7526178503119415,4.128506297732957,301.49427566724734,3.5,20
1843.0,2,charge,0.7709674250078039,4.159665745189076,300.39896967479956,3.5,20
1843.0,3,charge,0.7937240013089593,4.152994734809422,299.6417633844188,2.5,20
1844.0,1,charge,0.752846206814385,4.128734847154394,301.49519191760993,3.5,20
1844.0,2,charge,0.7712093429250683,4.159904624921481,300.3999273741129,3.5,20
1844.0,3,charge,0.7939049347330729,4.1530799316145615,299.6422839470346,2.5,20
1845.0,1,charge,0.7530745633168254,4.128963293356668,301.4961081203389,3.5,20
1845.0,2,charge,0.7714512608423294,4.1601420218945995,300.4008852517588,3.5,20
1845.0,3,charge,0.7940858681571935,4.153165834532276,299.6428043972117,2.5,20
1846.0,1,charge,0.7533029198192689,4.129191634716122,301.49702427543417,3.5,20
1846.0,2,charge,0.7716931787595935,4.160377972082561,300.40184329999727,3.5,20
1846.0,3,charge,0.7942668015813072,4.15325240868051,299.6433247394397,2.5,20
1847.0,1,charge,0.7535312763217125,4.129419868050023,301.4979404004745,3.5,20
1847.0,2,charge,0.7719350966768539,4.160612507896327,300.4028015114218,3.5,20
1847.0,3,charge,0.794447735005426,4.153339621771222,299.6438449780226,2.5,20
1848.0,1,charge,0.7537596328241559,4.129647992676373,301.49885648449185,3.5,20
1848.0,2,charge,0.772177014594115,4.160845661955129,300.40375987883544,3.5,20
1848.0,3,charge,0.7946286684295396,4.153427441804718,299.64436511714723,2.5,20
1849.0,1,charge,0.7539879893265992,4.129876007349846,301.4997725227692,3.5,20
1849.0,2,charge,0.7724189325113792,4.16107746482151,300.4047183953127,3.5,20
1849.0,3,charge,0.7948096018536577,4.153515838508296,299.6448851608457,2.5,20
1850.0,1,charge,0.7542163458290427,4.130103910397677,301.5006885153062,3.5,20
1850.0,2,charge,0.7726608504286435,4.161307945750524,300.4056770541965,3.5,20
1850.0,3,charge,0.7949905352777757,4.153604782772128,299.6454051129934,2.5,20
1851.0,1,charge,0.7544447023314853,4.1303317001349775,301.5016044621031,3.5,20
1851.0,2,charge,0.7729027683459045,4.161537132713298,300.40663584905826,3.5,20
1851.0,3,charge,0.7951714687018896,4.153694246687527,299.6459249773504,2.5,20
1852.0,1,charge,0.7546730588339289,4.130559374864772,301.5025203631597,3.5,20
1852.0,2,charge,0.7731446862631687,4.161765052529152,300.40759477369113,3.5,20
1852.0,3,charge,0.7953524021260082,4.1537842033428,299.6464447575442,2.5,20
1853.0,1,charge,0.7549014153363723,4.130786932878149,301.50343621847617,3.5,20
1853.0,2,charge,0.773386604180429,4.161991730759494,300.4085538221262,3.5,20
1853.0,3,charge,0.795533335550122,4.153874627185148,299.6469644570609,2.5,20
1854.0,1,charge,0.7551297718388157,4.131014372454265,301.50435202805244,3.5,20
1854.0,2,charge,0.7736285220976902,4.1622171918462065,300.4095129886159,3.5,20
1854.0,3,charge,0.7957142689742399,4.153965493254132,299.64748407928244,2.5,20
1855.0,1,charge,0.7553581283412591,4.131241691860501,301.50526779188846,3.5,20
1855.0,2,charge,0.7738704400149533,4.162441459662334,300.4104722675974,3.5,20
1855.0,3,charge,0.7958952023983563,4.154056777430769,299.64800362747616,2.5,20
1856.0,1,charge,0.7555864848437027,4.131468889352476,301.5061835099842,3.5,20
1856.0,2,charge,0.7741123579322187,4.162664556856091,300.41143165371955,3.5,20
1856.0,3,charge,0.7960761358224744,4.154148457110244,299.6485231047818,2.5,20
1857.0,1,charge,0.7558148413461422,4.131695963174186,301.50709918233986,3.5,20
1857.0,2,charge,0.7743542758494798,4.16288650429871,300.41239114185,3.5,20
1857.0,3,charge,0.7962570692465888,4.154240510276805,299.64904251423843,2.5,20
1858.0,1,charge,0.7560431978485858,4.131922911558066,301.5080148089553,3.5,20
1858.0,2,charge,0.7745961937667428,4.163107323136133,300.4133507270068,3.5,20
1858.0,3,charge,0.7964380026707069,4.154332915438333,299.6495618587896,2.5,20
1859.0,1,charge,0.756271554351029,4.132149732725032,301.50893038983054,3.5,20
1859.0,2,charge,0.7748381116840042,4.163327033317414,300.4143104043972,3.5,20
1859.0,3,charge,0.7966189360948249,4.154425652302304,299.6500811412664,2.5,20
1860.0,1,charge,0.7564999108534725,4.1323764248846615,301.50984592496553,3.5,20
1860.0,2,charge,0.7750800296012653,4.16354565313325,300.4152701694352,3.5,20
1860.0,3,charge,0.7967998695189387,4.154518701444854,299.65060036440116,2.5,20
1861.0,1,charge,0.756728267355916,4.1326029862351765,301.51076141436033,3.5,20
1861.0,2,charge,0.7753219475185285,4.163763200911395,300.41623001766663,3.5,20
1861.0,3,charge,0.7969808029430565,4.154612043867035,299.65111953084437,2.5,20
1862.0,1,charge,0.7569566238583586,4.13282941496359,301.51167685801494,3.5,20
1862.0,2,charge,0.7755638654357938,4.163979693935259,300.4171899448079,3.5,20
1862.0,3,charge,0.797161736367171,4.154705661405812,299.6516386431494,2.5,20
1863.0,1,charge,0.7571849803608022,4.133055709245773,301.51259225592935,3.5,20
1863.0,2,charge,0.775805783353055,4.164195148730917,300.41814994675093,3.5,20
1863.0,3,charge,0.7973426697912891,4.154799536576755,299.65215770377665,2.5,20
1864.0,1,charge,0.7574133368632455,4.133281867246534,301.5135076081035,3.5,20
1864.0,2,charge,0.7760477012703181,4.164409581128513,300.4191100195245,3.5,20
1864.0,3,charge,0.7975236032154055,4.154893652525248,299.65267671511396,2.5,20
1865.0,1,charge,0.7576416933656889,4.133507887119711,301.51442291453753,3.5,20
1865.0,2,charge,0.7762896191875791,4.164623006290512,300.42007015930045,3.5,20
1865.0,3,charge,0.7977045366395236,4.154987992989829,299.65319567946113,2.5,20
1866.0,1,charge,0.7578700498681324,4.133733767008268,301.5153381752313,3.5,20
1866.0,2,charge,0.7765315371048402,4.164835438814875,300.4210303624128,3.5,20
1866.0,3,charge,0.797885470063638,4.155082542231918,299.65371459902656,2.5,20
1867.0,1,charge,0.7580984063705758,4.1339595050443645,301.5162533901849,3.5,20
1867.0,2,charge,0.7767734550221036,4.165046892707098,300.42199062532785,3.5,20
1867.0,3,charge,0.798066403487756,4.155177285109133,299.65423347596646,2.5,20
1868.0,1,charge,0.7583267628730164,4.134185099349444,301.51716855939827,3.5,20
1868.0,2,charge,0.7770153729393647,4.165257381367455,300.4229509446214,3.5,20
1868.0,3,charge,0.7982473369118741,4.1552722069607615,299.65475231236155,2.5,20
1869.0,1,charge,0.7585551193754598,4.134410548034356,301.5180836828714,3.5,20
1869.0,2,charge,0.7772572908566299,4.165466917704709,300.42391131699765,3.5,20
1869.0,3,charge,0.7984282703359878,4.155367293596301,299.6552711102271,2.5,20
1870.0,1,charge,0.7587834758779032,4.134635847182373,301.51899879191654,3.5,20
1870.0,2,charge,0.777499208773893,4.165675514147631,300.42487173927464,3.5,20
1870.0,3,charge,0.7986092037601066,4.155462531316255,299.6557898715099,2.5,20
1871.0,1,charge,0.7590118323803466,4.134860996165363,301.5199138666792,3.5,20
1871.0,2,charge,0.7777411266911544,4.165883182274792,300.4258322084634,3.5,20
1871.0,3,charge,0.7987901371842204,4.155557907409483,299.6563085980116,2.5,20
1872.0,1,charge,0.7592401888827901,4.13508599356601,301.5208288993605,3.5,20
1872.0,2,charge,0.7779830446084147,4.1660899334056065,300.4267927216444,3.5,20
1872.0,3,charge,0.7989710706083412,4.155653408809117,299.6568272915908,2.5,20
1873.0,1,charge,0.7594685453852328,4.135310837454121,301.5217438899605,3.5,20
1873.0,2,charge,0.7782249625256785,4.166295778658038,300.42775327595604,3.5,20
1873.0,3,charge,0.7991520040324548,4.155749023104821,299.6573459540094,2.5,20
1874.0,1,charge,0.7596969018876764,4.135535525889301,301.52265883847906,3.5,20
1874.0,2,charge,0.7784668804429397,4.166500728637039,300.4287138686613,3.5,20
1874.0,3,charge,0.7993329374565736,4.155844738236011,299.65786458697835,2.5,20
1875.0,1,charge,0.7599252583901198,4.135760056921113,301.52357374491635,3.5,20
1875.0,2,charge,0.7787087983602042,4.16670479360071,300.4296744971139,3.5,20
1875.0,3,charge,0.7995138708806874,4.155940542463023,299.658383192161,2.5,20
1876.0,1,charge,0.7601536148925631,4.135984428589138,301.5244886092724,3.5,20
1876.0,2,charge,0.7789507162774681,4.166907982543118,300.43063515889895,3.5,20
1876.0,3,charge,0.7996948043048054,4.156036425688091,299.65890177101784,2.5,20
1877.0,1,charge,0.7603819713950066,4.136208638923061,301.525403431547,3.5,20
1877.0,2,charge,0.7791926341947293,4.167110304685195,300.4315958516018,3.5,20
1877.0,3,charge,0.7998757377289234,4.156132376596373,299.6594203251426,2.5,20
1878.0,1,charge,0.7606103278974499,4.136432685942788,301.52631821174026,3.5,20
1878.0,2,charge,0.7794345521119896,4.167311769235676,300.43255657284413,3.5,20
1878.0,3,charge,0.8000566711530371,4.156228384618016,299.6599388560326,2.5,20
1879.0,1,charge,0.7608386843998933,4.136656567658519,301.5272329498522,3.5,20
1879.0,2,charge,0.7796764700292508,4.167512384831552,300.43351732036916,3.5,20
1879.0,3,charge,0.8002376045771559,4.156324439534142,299.66045736513456,2.5,20
1880.0,1,charge,0.7610670409023367,4.136880282070866,301.52814764588277,3.5,20
1880.0,2,charge,0.7799183879465138,4.16771215982223,300.4344780919969,3.5,20
1880.0,3,charge,0.8004185380012695,4.15642053139525,299.66097585385467,2.5,20
1881.0,1,charge,0.7612953974047801,4.137103827170916,301.5290622998321,3.5,20
1881.0,2,charge,0.7801603058637792,4.167911101382797,300.43543888575726,3.5,20
1881.0,3,charge,0.8005994714253875,4.156516651463866,299.66149432345236,2.5,20
1882.0,1,charge,0.7615237539072236,4.137327200940344,301.52997691170003,3.5,20
1882.0,2,charge,0.7804022237810403,4.168109217051763,300.43639969965704,3.5,20
1882.0,3,charge,0.8007804048495039,4.156612790505225,299.6620127752335,2.5,20
1883.0,1,charge,0.7617521104096663,4.1375504013515165,301.53089148148666,3.5,20
1883.0,2,charge,0.7806441416983034,4.168306514248542,300.43736053175115,3.5,20
1883.0,3,charge,0.8009613382736219,4.156708939445766,299.66253121047663,2.5,20
1884.0,1,charge,0.7619804669121095,4.137773426367572,301.53180600919194,3.5,20
1884.0,2,charge,0.7808860596155648,4.168502999916099,300.43832138019604,3.5,20
1884.0,3,charge,0.8011422716977364,4.156805089669064,299.6630496303998,2.5,20
1885.0,1,charge,0.7622088234145531,4.137996273942525,301.53272049481586,3.5,20
1885.0,2,charge,0.7811279775328259,4.168698680739009,300.43928224321553,3.5,20
1885.0,3,charge,0.8013232051218545,4.156901232804998,299.66356803618504,2.5,20
1886.0,1,charge,0.7624371799169964,4.138218942021367,301.53363493835843,3.5,20
1886.0,2,charge,0.7813698954500891,4.168893562714073,300.44024311917593,3.5,20
1886.0,3,charge,0.801504138545968,4.156997361017778,299.664086428943,2.5,20
1887.0,1,charge,0.7626655364194371,4.138441428540149,301.5345493398197,3.5,20
1887.0,2,charge,0.7816118133673544,4.169087651945684,300.4412040064454,3.5,20
1887.0,3,charge,0.8016850719700861,4.157093466660623,299.6646048097555,2.5,20
1888.0,1,charge,0.7628938929218805,4.1386637314261225,301.5354636991996,3.5,20
1888.0,2,charge,0.7818537312846154,4.169280954318841,300.44216490345093,3.5,20
1888.0,3,charge,0.8018660053942042,4.157189542085616,299.6651231796987,2.5,20
1889.0,1,charge,0.7631222494243238,4.138885848597786,301.53637801649825,3.5,20
1889.0,2,charge,0.7820956492018786,4.169473475407982,300.44312580869365,3.5,20
1889.0,3,charge,0.8020469388183186,4.157285580010646,299.665641539799,2.5,20
1890.0,1,charge,0.7633506059267665,4.1391077779649965,301.53729229171546,3.5,20
1890.0,2,charge,0.7823375671191399,4.169665220566585,300.44408672073274,3.5,20
1890.0,3,charge,0.8022278722424367,4.157381573378112,299.66615989105037,2.5,20
1890.0,1,charge,0.7633506059267662,4.1391077779649965,301.53729229171546,3.5,21
1890.0,1,charge,0.7633506059267665,4.1391077779649965,301.53729229171546,3.5,21
1890.0,2,charge,0.7823375671191399,4.169665220566585,300.44408672073274,3.0,21
1890.0,2,charge,0.7823375671191399,4.159195543055517,300.44408672073274,3.0,21
1890.0,3,charge,0.8022278722424367,4.157381573378112,299.66615989105037,2.5,21
1890.0,3,charge,0.8022278722424367,4.157381573378112,299.66615989105037,2.5,21
1891.0,1,charge,0.76357896242921,4.139329520083473,301.5382064481014,3.5,21
1891.0,2,charge,0.7825449253339364,4.158923704495141,300.44473169113724,3.0,21
1891.0,3,charge,0.8024088056665529,4.157477524282042,299.66667823411314,2.5,21
1892.0,1,charge,0.7638073189316533,4.139551070145699,301.53912056017793,3.5,21
1892.0,2,charge,0.7827522835487328,4.158799644802755,300.4453756128447,3.0,21
1892.0,3,charge,0.8025897390906711,4.157573408620365,299.66719657058417,2.5,21
1893.0,1,charge,0.7640356754340967,4.13977242443079,301.54003467225454,3.5,21
1893.0,2,charge,0.7829596417635291,4.158735717507309,300.4460185754438,3.0,21
1893.0,3,charge,0.8027706725147847,4.157669225947492,299.66771490140184,2.5,21
1894.0,1,charge,0.7642640319365401,4.139993581842139,301.5409487559162,3.5,21
1894.0,2,charge,0.7831669999783257,4.1587046889399915,300.4466606373896,3.0,21
1894.0,3,charge,0.8029516059389035,4.157764972193709,299.66823322703254,2.5,21
1895.0,1,charge,0.7644923884389797,4.140214542758112,301.541862741412,3.5,21
1895.0,2,charge,0.783374358193122,4.15869502750186,300.4473018464044,3.0,21
1895.0,3,charge,0.8031325393630171,4.157860642011512,299.66875154824913,2.5,21
1896.0,1,charge,0.7647207449414231,4.140435301506719,301.54277672690773,3.5,21
1896.0,2,charge,0.7835817164079184,4.158700878367634,300.4479422439527,3.0,21
1896.0,3,charge,0.8033134727871353,4.157956228514248,299.66926986605586,2.5,21
1897.0,1,charge,0.7649491014438666,4.140655855944686,301.54369071240353,3.5,21
1897.0,2,charge,0.7837890746227149,4.158718693049801,300.44858186729226,3.0,21
1897.0,3,charge,0.8034944062112533,4.158051726804297,299.6697881811098,2.5,21
1898.0,1,charge,0.76517745794631,4.140876209404492,301.54460454212915,3.5,21
1898.0,2,charge,0.7839964328375113,4.158746182638241,300.44922075045855,3.0,21
1898.0,3,charge,0.803675339635367,4.158147132012894,299.67030649406945,2.5,21
1899.0,1,charge,0.7654058144487534,4.1410963564015635,301.54551831022417,3.5,21
1899.0,2,charge,0.7842037910523078,4.158781775453276,300.44985892489433,3.0,21
1899.0,3,charge,0.8038562730594857,4.1582424381864325,299.67082480578154,2.5,21
1900.0,1,charge,0.765634170951196,4.141316293412785,301.54643205513446,3.5,21
1900.0,2,charge,0.7844111492671042,4.158824302478397,300.450496419921,3.0,21
1900.0,3,charge,0.8040372064835994,4.1583376374296055,299.6713431174314,2.5,21
1901.0,1,charge,0.7658625274536396,4.1415360182622045,301.54734577685986,3.5,21
1901.0,2,charge,0.7846185074819007,4.158872856712819,300.4511332630642,3.0,21
1901.0,3,charge,0.8042181399077201,4.158432727656971,299.67186142920826,2.5,21
1902.0,1,charge,0.7660908839560828,4.1417555287665575,301.54825947540047,3.5,21
1902.0,2,charge,0.7848258656966971,4.158926735548414,300.4517694802435,3.0,21
1902.0,3,charge,0.8043990733318338,4.158527706302552,299.67237974138595,2.5,21
1903.0,1,charge,0.7663192404585263,4.1419748227353725,301.5491731507562,3.5,21
1903.0,2,charge,0.7850332239114935,4.158985367304025,300.4524050959858,3.0,21
1903.0,3,charge,0.8045800067559526,4.158622564389832,299.67289805535034,2.5,21
1904.0,1,charge,0.7665475969609699,4.142193897971099,301.55008680292707,3.5,21
1904.0,2,charge,0.78524058212629,4.159048282701704,300.4530401335344,3.0,21
1904.0,3,charge,0.8047609401800663,4.1587173001624596,299.6734163712426,2.5,21
1905.0,1,charge,0.7667759534634103,4.142412752269182,301.5510004319131,3.5,21
1905.0,2,charge,0.7854479403410866,4.159115092688467,300.45367461495806,3.0,21
1905.0,3,charge,0.8049418736041843,4.158811909272638,299.67393468965537,2.5,21
1906.0,1,charge,0.7670043099658539,4.142631383418223,301.55191403771437,3.5,21
1906.0,2,charge,0.785655298555883,4.159185463573179,300.45430856127706,3.0,21
1906.0,3,charge,0.8051228070283024,4.1589063859129425,299.6744530114412,2.5,21
1907.0,1,charge,0.7672326664682974,4.1428497892000475,301.55282762033073,3.5,21
1907.0,2,charge,0.7858626567706795,4.1592591047811425,300.45494199254586,3.0,21
1907.0,3,charge,0.8053037404524162,4.159000726293437,299.67497133710293,2.5,21
1908.0,1,charge,0.7674610229707407,4.143067967389866,301.5537411797623,3.5,21
1908.0,2,charge,0.7860700149854759,4.159335759140916,300.4555749279289,3.0,21
1908.0,3,charge,0.8054846738765348,4.1590949261599,299.67548966723007,2.5,21
1909.0,1,charge,0.7676893794731842,4.143285915756341,301.55465471600905,3.5,21
1909.0,2,charge,0.7862773732002724,4.159415196100678,300.456207385766,3.0,21
1909.0,3,charge,0.8056656073006485,4.159188981540806,299.6760080023689,2.5,21
1910.0,1,charge,0.7679177359756268,4.143503632061729,301.5555682290709,3.5,21
1910.0,2,charge,0.7864847314150688,4.159497216447855,300.45683938358763,3.0,21
1910.0,3,charge,0.8058465407247694,4.159282888027965,299.6765263431412,2.5,21
1911.0,1,charge,0.7681460924780703,4.143721114062009,301.55648171894796,3.5,21
1911.0,2,charge,0.7866920896298653,4.159581643194256,300.45747093817613,3.0,21
1911.0,3,charge,0.8060274741488829,4.159376641996847,299.67704469003945,2.5,21
1912.0,1,charge,0.7683744489805138,4.143938359506974,301.55739518564013,3.5,21
1912.0,2,charge,0.7868994478446617,4.1596683145860816,300.4581020656205,3.0,21
1912.0,3,charge,0.806208407573001,4.159470240055715,299.67756304351997,2.5,21
1913.0,1,charge,0.7686028054829571,4.144155366140352,301.5583086291476,3.5,21
1913.0,2,charge,0.7871068060594582,4.159757088106138,300.4587327813382,3.0,21
1913.0,3,charge,0.8063893409971152,4.159563678022701,299.6780814041769,2.5,21
1914.0,1,charge,0.7688311619854006,4.144372132677602,301.55922202120144,3.5,21
1914.0,2,charge,0.7873141642742546,4.159847827908232,300.45936310013803,3.0,21
1914.0,3,charge,0.8065702744212334,4.159656952844491,299.6785997724153,2.5,21
1915.0,1,charge,0.7690595184878438,4.144588656613433,301.5601353685761,3.5,21
1915.0,2,charge,0.787521522489051,4.159940413914805,300.45999303623483,3.0,21
1915.0,3,charge,0.8067512078453516,4.159750061238794,299.67911814868216,2.5,21
1916.0,1,charge,0.7692878749902874,4.144804935116369,301.5610486873614,3.5,21
1916.0,2,charge,0.7877288807038475,4.160034732117129,300.4606226032793,3.0,21
1916.0,3,charge,0.8069321412694652,4.159842999481176,299.6796365335037,2.5,21
1917.0,1,charge,0.7695162314927309,4.145020965906445,301.56196197755725,3.5,21
1917.0,2,charge,0.787936238918644,4.160130677287347,300.4612518144098,3.0,21
1917.0,3,charge,0.8071130746935841,4.159935765292559,299.6801549271631,2.5,21
1918.0,1,charge,0.7697445879951741,4.145236746698222,301.5628752391637,3.5,21
1918.0,2,charge,0.7881435971334404,4.160228153406013,300.4618806822294,3.0,21
1918.0,3,charge,0.8072940081176976,4.160028355476836,299.6806733301023,2.5,21
1919.0,1,charge,0.7699729444976177,4.145452275200903,301.56378847218076,3.5,21
1919.0,2,charge,0.7883509553482368,4.160327068572071,300.4625092188879,3.0,21
1919.0,3,charge,0.8074749415418158,4.1601207667443365,299.6811917427824,2.5,21
1920.0,1,charge,0.7702013010000603,4.145667549118495,301.5647016766084,3.5,21
1920.0,2,charge,0.7885583135630333,4.160427340267649,300.46313743604253,3.0,21
1920.0,3,charge,0.8076558749659319,4.160212995970857,299.68171016563934,2.5,21
1921.0,1,charge,0.7704296575025038,4.145882566149906,301.5656148524467,3.5,21
1921.0,2,charge,0.7887656717778297,4.160528889529381,300.4637653449316,3.0,21
1921.0,3,charge,0.8078368083900502,4.1603050400349915,299.6822285991118,2.5,21
1922.0,1,charge,0.7706580140049473,4.146097323989084,301.5665279996955,3.5,21
1922.0,2,charge,0.7889730299926262,4.16063164367444,300.4643929563547,3.0,21
1922.0,3,charge,0.8080177418141645,4.160396896535268,299.68274704351984,2.5,21
1923.0,1,charge,0.7708863705073906,4.146311820325137,301.56744111835496,3.5,21
1923.0,2,charge,0.7891803882074226,4.160735534181136,300.4650202807183,3.0,21
1923.0,3,charge,0.8081986752382827,4.160488563880479,299.6832654990489,2.5,21
1924.0,1,charge,0.7711147270098341,4.146526052842459,301.5683542084251,3.5,21
1924.0,2,charge,0.7893877464222191,4.160840496403598,300.46564732802733,3.0,21
1924.0,3,charge,0.8083796086623961,4.16058003846314,299.68378396622865,2.5,21
1925.0,1,charge,0.7713430835122747,4.146740019220874,301.5692672699057,3.5,21
1925.0,2,charge,0.7895951046370155,4.1609464693364036,300.4662741079393,3.0,21
1925.0,3,charge,0.8085605420865143,4.16067131760863,299.68430244543396,2.5,21
1926.0,1,charge,0.7715714400147181,4.146953717135754,301.5701803027969,3.5,21
1926.0,2,charge,0.789802462851812,4.1610533950416375,300.46690062976154,3.0,21
1926.0,3,charge,0.8087414755106325,4.16076239868328,299.68482093703597,2.5,21
1927.0,1,charge,0.7717997965171617,4.147167144258151,301.57109330709886,3.5,21
1927.0,2,charge,0.7900098210666084,4.161161220035627,300.46752690240965,3.0,21
1927.0,3,charge,0.8089224089347467,4.160853279094402,299.6853394414016,2.5,21
1928.0,1,charge,0.7720281530196049,4.147380298254921,301.5720062828113,3.5,21
1928.0,2,charge,0.7902171792814047,4.1612698913687325,300.46815293455063,3.0,21
1928.0,3,charge,0.8091033423588648,4.160943957710765,299.6858579586547,2.5,21
1929.0,1,charge,0.7722565095220484,4.1475931767888845,301.57291922993437,3.5,21
1929.0,2,charge,0.7904245374962011,4.161379358803746,300.46877873453207,3.0,21
1929.0,3,charge,0.8092842757829811,4.161034431734306,299.6863764892021,2.5,21
1930.0,1,charge,0.7724848660244911,4.147805777455142,301.5738321506021,3.5,21
1930.0,2,charge,0.7906318957109976,4.161489578272823,300.46940431030805,3.0,21
1930.0,3,charge,0.8094652092070993,4.161124698858011,299.686895033371,2.5,21
1931.0,1,charge,0.7727132225269345,4.148018097883762,301.57474504566136,3.5,21
1931.0,2,charge,0.790839253925794,4.161600503462276,300.4700296696599,3.0,21
1931.0,3,charge,0.8096461426312129,4.161214756956502,299.68741359146077,2.5,21
1932.0,1,charge,0.7729415790293781,4.148230135798547,301.5756579126971,3.5,21
1932.0,2,charge,0.7910466121405895,4.161712091130443,300.4706548200705,3.0,21
1932.0,3,charge,0.8098270760553318,4.161304603973159,299.68793216376196,2.5,21
1933.0,1,charge,0.7731699355318213,4.148441888847511,301.5765707517094,3.5,21
1933.0,2,charge,0.7912539703553869,4.161824303417667,300.4712797686708,3.0,21
1933.0,3,charge,0.8100080094794453,4.161394237979186,299.6884507505477,2.5,21
1934.0,1,charge,0.7733982920342649,4.1486533546752895,301.57748356269826,3.5,21
1934.0,2,charge,0.7914613285701834,4.161937100796665,300.47190452243086,3.0,21
1934.0,3,charge,0.8101889429035635,4.161483657137401,299.6889693520793,2.5,21
1935.0,1,charge,0.7736266485367042,4.148864530923293,301.5783963456636,3.5,21
1935.0,2,charge,0.7916686867849798,4.162050446495336,300.4725290880524,3.0,21
1935.0,3,charge,0.8103698763276815,4.161572859568567,299.68948796862446,2.5,21
1936.0,1,charge,0.7738550050391476,4.149075415229812,301.5793091006055,3.5,21
1936.0,2,charge,0.7918760449997763,4.162164306523881,300.47315347195524,3.0,21
1936.0,3,charge,0.8105508097517952,4.161661843517601,299.69000660043423,2.5,21
1937.0,1,charge,0.7740833615415912,4.149286005230205,301.58022182752387,3.5,21
1937.0,2,charge,0.7920834032145727,4.162278647386106,300.47377768038007,3.0,21
1937.0,3,charge,0.8107317431759139,4.161750607300013,299.69052524775043,2.5,21
1938.0,1,charge,0.7743117180440346,4.149496298556988,301.5811345264188,3.5,21
1938.0,2,charge,0.7922907614293682,4.162393437375709,300.4744017193386,3.0,21
1938.0,3,charge,0.8109126766000276,4.161839149301668,299.69104391080555,2.5,21
1939.0,1,charge,0.7745400745464779,4.149706292840053,301.5820471972902,3.5,21
1939.0,2,charge,0.7924981196441646,4.16250864605048,300.47502559461,3.0,21
1939.0,3,charge,0.8110936100241484,4.1619274673777245,299.69156258993104,2.5,21
1940.0,1,charge,0.7747684310489213,4.1499159857067,301.5829598401382,3.5,21
1940.0,2,charge,0.7927054778589621,4.16262424424626,300.4756493117974,3.0,21
1940.0,3,charge,0.8112745434482621,4.16201556025249,299.6920812853054,2.5,21
1941.0,1,charge,0.7749967875513648,4.150125374781899,301.5838724549627,3.5,21
1941.0,2,charge,0.7929128360737585,4.162740203872691,300.4762728763076,3.0,21
1941.0,3,charge,0.8114554768723808,4.162103426424293,299.6925999971513,2.5,21
1942.0,1,charge,0.7752251440538076,4.150334457688345,301.58478504176367,3.5,21
1942.0,2,charge,0.7931201942885541,4.162856498339201,300.47689629333445,3.0,21
1942.0,3,charge,0.8116364102964945,4.162191064442627,299.69311872568545,2.5,21
1943.0,1,charge,0.7754535005562511,4.150543232046657,301.5856976005412,3.5,21
1943.0,2,charge,0.7933275525033505,4.162973101591685,300.477519567922,3.0,21
1943.0,3,charge,0.8118173437206126,4.162278472915878,299.69363747111726,2.5,21
1944.0,1,charge,0.7756818570586945,4.150751695475505,301.5866101312953,3.5,21
1944.0,2,charge,0.793534910718147,4.163089988562723,300.47814270493814,3.0,21
1944.0,3,charge,0.8119982771447308,4.162365650236637,299.6941562336979,2.5,21
1945.0,1,charge,0.7759102135611379,4.150959845591769,301.58752263402585,3.5,21
1945.0,2,charge,0.7937422689329434,4.163207136003628,300.47876570905373,3.0,21
1945.0,3,charge,0.8121792105688451,4.162452594880381,299.69467501366734,2.5,21
1946.0,1,charge,0.7761385700635812,4.151167679482572,301.58843512822904,3.5,21
1946.0,2,charge,0.7939496271477399,4.1633245207507965,300.47938858480956,3.0,21
1946.0,3,charge,0.8123601439929634,4.162539305711272,299.695193811199,2.5,21
1947.0,1,charge,0.7763669265660248,4.151375193896064,301.5893476459974,3.5,21
1947.0,2,charge,0.7941569853625363,4.163442120644794,300.4800113365884,3.0,21
1947.0,3,charge,0.8125410774170796,4.162625781461964,299.6957126264931,2.5,21
1948.0,1,charge,0.7765952830684655,4.1515823877371005,301.59026013970754,3.5,21
1948.0,2,charge,0.7943643435773328,4.163559914907227,300.48063396859874,3.0,21
1948.0,3,charge,0.8127220108411978,4.162712020912791,299.69623145974464,2.5,21
1949.0,1,charge,0.7768236395709089,4.15178925861742,301.5911726093595,3.5,21
1949.0,2,charge,0.7945717017921292,4.163677883164279,300.48125648492686,3.0,21
1949.0,3,charge,0.8129029442653112,4.162798022875537,299.69675031114616,2.5,21
1950.0,1,charge,0.7770519960733525,4.151995804147756,301.5920850549533,3.5,21
1950.0,2,charge,0.7947790600069257,4.163796005894014,300.48187888951884,3.0,21
1950.0,3,charge,0.8130838776894301,4.162883785903155,299.69726918094017,2.5,21
1951.0,1,charge,0.7772803525757958,4.152202021937949,301.5929974764889,3.5,21
1951.0,2,charge,0.7949864182217221,4.163914264351398,300.4825011861715,3.0,21
1951.0,3,charge,0.8132648111135438,4.16296930903262,299.697788069285,2.5,21
1952.0,1,charge,0.7775087090782392,4.15240790959712,301.59390987396637,3.5,21
1952.0,2,charge,0.7951937764365183,4.164032640493085,300.48312337856447,3.0,21
1952.0,3,charge,0.8134457445376619,4.163054591174783,299.6983069763654,2.5,21
1953.0,1,charge,0.7777370655806819,4.152613464733829,301.5948222473856,3.5,21
1953.0,2,charge,0.795401134651315,4.164151116944716,300.4837454702545,3.0,21
1953.0,3,charge,0.8136266779617801,4.163139631281753,299.6988259023614,2.5,21
1954.0,1,charge,0.7779654220831254,4.152818684956218,301.5957345967467,3.5,21
1954.0,2,charge,0.7956084928661115,4.1642696769337455,300.48436746465353,3.0,21
1954.0,3,charge,0.8138076113858943,4.163224428346867,299.6993448474491,2.5,21
1955.0,1,charge,0.7781937785855689,4.1530235678721805,301.59664692204956,3.5,21
1955.0,2,charge,0.7958158510809079,4.164388304301415,300.4849893650799,3.0,21
1955.0,3,charge,0.8139885448100126,4.163308981308349,299.699863811818,2.5,21
1956.0,1,charge,0.7784221350880122,4.153228111089533,301.5975592232943,3.5,21
1956.0,2,charge,0.7960232092957044,4.1645069834435375,300.48561117474503,3.0,21
1956.0,3,charge,0.814169478234126,4.163393289188056,299.7003827956454,2.5,21
1957.0,1,charge,0.7786504915904556,4.153432312216156,301.5984715004808,3.5,21
1957.0,2,charge,0.7962305675105008,4.16462569927182,300.4862328967567,3.0,21
1957.0,3,charge,0.8143504116582468,4.163477351118045,299.700901799092,2.5,21
1958.0,1,charge,0.778878848092899,4.1536361688601495,301.5993837536092,3.5,21
1958.0,2,charge,0.7964379257252973,4.164744437180552,300.48685453412753,3.0,21
1958.0,3,charge,0.8145313450823604,4.163561166222797,299.7014208223231,2.5,21
1959.0,1,charge,0.7791072045953424,4.153839678630027,301.60029598267937,3.5,21
1959.0,2,charge,0.7966452839400937,4.164863183641199,300.48747608966556,3.0,21
1959.0,3,charge,0.8147122785064792,4.163644733664514,299.7019398655002,2.5,21
1960.0,1,charge,0.779335561097786,4.154042839134851,301.60120818769144,3.5,21
1960.0,2,charge,0.7968526421548902,4.164981924934361,300.4880975662055,3.0,21
1960.0,3,charge,0.8148932119305928,4.1637280526262685,299.70245892878455,2.5,21
1961.0,1,charge,0.7795639176002293,4.154245647984416,301.6021203686453,3.5,21
1961.0,2,charge,0.7970600003696866,4.1651006478782975,300.48871896647523,3.0,21
1961.0,3,charge,0.8150741453547111,4.163811122214872,299.70297801235427,2.5,21
1962.0,1,charge,0.7797922741026727,4.154448102789404,301.6030325255409,3.5,21
1962.0,2,charge,0.7972673585844828,4.165219339725528,300.48934029311397,3.0,21
1962.0,3,charge,0.8152550787788292,4.163893941751157,299.7034971163519,2.5,21
1963.0,1,charge,0.7800206306051163,4.154650201161536,301.60394465837845,3.5,21
1963.0,2,charge,0.7974747167992793,4.165337988080937,300.48996154868706,3.0,21
1963.0,3,charge,0.8154360122029427,4.163976510520927,299.70401624092943,2.5,21
1964.0,1,charge,0.7802489871075589,4.154851940713779,301.60485676715774,3.5,21
1964.0,2,charge,0.7976820750140757,4.165456582184433,300.49058273548906,3.0,21
1964.0,3,charge,0.8156169456270616,4.164058827844746,299.70453538623576,2.5,21
1965.0,1,charge,0.7804773436100024,4.15505331906047,301.60576885187885,3.5,21
1965.0,2,charge,0.7978894332288722,4.165575110203239,300.49120385595984,3.0,21
1965.0,3,charge,0.8157978790511751,4.164140893077816,299.7050545524166,2.5,21
1966.0,1,charge,0.7807057001124457,4.155254333817549,301.60668091254183,3.5,21
1966.0,2,charge,0.7980967914436686,4.1656935610029855,300.4918249124139,3.0,21
1966.0,3,charge,0.8159788124752959,4.164222705458519,299.7055737396421,2.5,21
1967.0,1,charge,0.7809340566148891,4.155454982602642,301.6075929491466,3.5,21
1967.0,2,charge,0.7983041496584651,4.16581192384216,300.49244590708713,3.0,21
1967.0,3,charge,0.8161597458994093,4.16430426437547,299.70609294805837,2.5,21
1968.0,1,charge,0.7811624131173327,4.155655263035309,301.60850496169314,3.5,21
1968.0,2,charge,0.7985115078732615,4.165930188273961,300.4930668421532,3.0,21
1968.0,3,charge,0.8163406793235275,4.164385569305994,299.70661217779855,2.5,21
1969.0,1,charge,0.7813907696197734,4.155855172737169,301.6094169501816,3.5,21
1969.0,2,charge,0.798718866088058,4.1660483453483295,300.4936877195399,3.0,21
1969.0,3,charge,0.8165216127476419,4.164466619709232,299.7071314290021,2.5,21
1970.0,1,charge,0.7816191261222167,4.156054709332123,301.6103289146119,3.5,21
1970.0,2,charge,0.7989262243028544,4.166166385028305,300.4943085413241,3.0,21
1970.0,3,charge,0.8167025461717601,4.164547415077523,299.70765070180585,2.5,21
1971.0,1,charge,0.7818474826246602,4.156253870446468,301.6112408549839,3.5,21
1971.0,2,charge,0.7991335825176482,4.166284297987886,300.4949293094584,3.0,21
1971.0,3,charge,0.8168834795958735,4.164627954936625,299.70816999634326,2.5,21
1972.0,1,charge,0.7820758391271035,4.156452653709117,301.6121527712978,3.5,21
1972.0,2,charge,0.7993409407324447,4.166402075227957,300.4955500258304,3.0,21
1972.0,3,charge,0.8170644130199917,4.164708238846016,299.7086893127452,2.5,21
1973.0,1,charge,0.7823041956295462,4.156651056751776,301.61306466355353,3.5,21
1973.0,2,charge,0.7995482989472411,4.166519708017695,300.49617069227196,3.0,21
1973.0,3,charge,0.8172453464441098,4.164788266399146,299.70920865113936,2.5,21
1974.0,1,charge,0.7825325521319898,4.156849077209076,301.6139765317511,3.5,21
1974.0,2,charge,0.7997556571620376,4.16663718850425,300.49679131045593,3.0,21
1974.0,3,charge,0.817426279868224,4.1648680372237195,299.70972801165004,2.5,21
1975.0,1,charge,0.7827609086344332,4.157046712718831,301.6148883758905,3.5,21
1975.0,2,charge,0.799963015376834,4.166754508360066,300.4974118821265,3.0,21
1975.0,3,charge,0.8176072132923424,4.164947550870574,299.71024739441907,2.5,21
1976.0,1,charge,0.7829892651368765,4.15724396092214,301.6158001959716,3.5,21
1976.0,2,charge,0.8001703735916305,4.16687165976132,300.49803240893357,3.0,21
1976.0,3,charge,0.8177881467164558,4.165026806879483,299.7107667995929,2.5,21
1977.0,1,charge,0.7832176216393201,4.157440819463602,301.61671199199463,3.5,21
1977.0,2,charge,0.8003777318064269,4.166988635138008,300.4986528924752,3.0,21
1977.0,3,charge,0.8179690801405766,4.165105805002968,299.7112862272828,2.5,21
1978.0,1,charge,0.7834459781417634,4.157637285991511,301.6176237639595,3.5,21
1978.0,2,charge,0.8005850900212234,4.167105427153192,300.4992733343019,3.0,21
1978.0,3,charge,0.8181500135646902,4.165184544923857,299.7118056776156,2.5,21
1979.0,1,charge,0.7836743346442026,4.157833358158018,301.6185355118661,3.5,21
1979.0,2,charge,0.8007924482360198,4.167222028779687,300.49989373589915,3.0,21
1979.0,3,charge,0.818330946988809,4.165263026345178,299.7123251507178,2.5,21
1980.0,1,charge,0.7839026911466461,4.158029033619309,301.6194472357146,3.5,21
1980.0,2,charge,0.8009998064508163,4.1673384332144074,300.5005140987063,3.0,21
1980.0,3,charge,0.8185118804129226,4.165341248989224,299.71284464671504,2.5,21
1980.0,1,charge,0.7839026911466477,4.158029033619309,301.6194472357146,3.0,22
1980.0,1,charge,0.7839026911466461,4.147793150833937,301.6194472357146,3.0,22
1980.0,2,charge,0.8009998064508163,4.1673384332144074,300.5005140987063,2.5,22
1980.0,2,charge,0.8009998064508163,4.156072643286068,300.5005140987063,2.5,22
1980.0,3,charge,0.8185118804129244,4.165341248989224,299.71284464671504,2.0,22
1980.0,3,charge,0.8185118804129226,4.1528037389933425,299.71284464671504,2.0,22
1981.0,1,charge,0.784098425291599,4.1474901573862475,301.62000666383227,3.0,22
1981.0,2,charge,0.801172604963148,4.155805842345385,300.5008539666862,2.5,22
1981.0,3,charge,0.8186566271522182,4.152575869962172,299.71314953822224,2.0,22
1982.0,1,charge,0.7842941594365502,4.147348106432172,301.62056488479453,3.0,22
1982.0,2,charge,0.8013454034754761,4.1556593223528875,300.5011929969394,2.5,22
1982.0,3,charge,0.8188013738915115,4.152441101709532,299.71345391994623,2.0,22
1983.0,1,charge,0.7844898935814989,4.147271967419698,301.62112200032647,3.0,22
1983.0,2,charge,0.8015182019878051,4.1555620283781565,300.50153126268185,2.5,22
1983.0,3,charge,0.8189461206308024,4.152344326201509,299.7137578399666,2.0,22
1984.0,1,charge,0.7846856277264547,4.1472319026122975,301.62167807798073,3.0,22
1984.0,2,charge,0.801691000500137,4.155492002910005,300.50186881118145,2.5,22
1984.0,3,charge,0.8190908673700958,4.152268747875888,299.7140613280606,2.0,22
1985.0,1,charge,0.7848813618714059,4.147215262943877,301.62223317332075,3.0,22
1985.0,2,charge,0.8018637990124694,4.155439921260447,300.50220568092953,2.5,22
1985.0,3,charge,0.8192356141093913,4.1522072160348875,299.71436440804604,2.0,22
1986.0,1,charge,0.7850770960163546,4.147215632022675,301.622787334846,3.0,22
1986.0,2,charge,0.8020365975247985,4.155401034368152,300.50254190534844,2.5,22
1986.0,3,charge,0.8193803608486848,4.152156077760779,299.7146671003815,2.0,22
1987.0,1,charge,0.7852728301613058,4.147229127051524,301.62334060626495,3.0,22
1987.0,2,charge,0.8022093960371303,4.155372455494007,300.5028775144803,2.5,22
1987.0,3,charge,0.8195251075879758,4.152113108364445,299.71496942333437,2.0,22
1988.0,1,charge,0.7854685643062587,4.147253247789646,301.62389302759374,3.0,22
1988.0,2,charge,0.8023821945494584,4.1553523110893344,300.50321253579733,2.5,22
1988.0,3,charge,0.8196698543272692,4.152076855862256,299.71527139353776,2.0,22
1989.0,1,charge,0.7856642984512102,4.147286280557868,301.62444463586127,3.0,22
1989.0,2,charge,0.8025549930617875,4.155339310246704,300.5035469947109,2.5,22
1989.0,3,charge,0.8198146010665647,4.1520463213085135,299.71557302632834,2.0,22
1990.0,1,charge,0.7858600325961589,4.147326952318917,301.6249954656402,3.0,22
1990.0,2,charge,0.8027277915741192,4.155332492693017,300.5038809149487,2.5,22
1990.0,3,charge,0.8199593478058582,4.1520207583480255,299.7158743360043,2.0,22
1991.0,1,charge,0.7860557667411101,4.14737427669332,301.6255455494148,3.0,22
1991.0,2,charge,0.8029005900864518,4.155331108045361,300.5042143188225,2.5,22
1991.0,3,charge,0.8201040945451483,4.151999584115999,299.7161753359969,2.0,22
1992.0,1,charge,0.786251500886063,4.147427490762574,301.6260949177975,3.0,22
1992.0,2,charge,0.8030733885987807,4.155334570906168,300.50454722738357,2.5,22
1992.0,3,charge,0.8202488412844418,4.151982341382117,299.716476038977,2.0,22
1993.0,1,charge,0.7864472350310151,4.147485974360553,301.6266435997717,3.0,22
1993.0,2,charge,0.8032461871111125,4.155342405549131,300.5048796605798,2.5,22
1993.0,3,charge,0.8203935880237373,4.151968659587752,299.71677645694865,2.0,22
1994.0,1,charge,0.7866429691759638,4.1475492191050005,301.62719162281707,3.0,22
1994.0,2,charge,0.8034189856234406,4.155354217900877,300.5052116373544,2.5,22
1994.0,3,charge,0.8205383347630308,4.151958230335826,299.71707660131887,2.0,22
1995.0,1,charge,0.786838703320915,4.147616804105716,301.62773901303507,3.0,22
1995.0,2,charge,0.8035917841357697,4.1553696786812555,300.5055431757301,2.5,22
1995.0,3,charge,0.8206830815023217,4.151950794810964,299.71737648294874,2.0,22
1996.0,1,charge,0.7870344374658679,4.147688368601113,301.6282857952937,3.0,22
1996.0,2,charge,0.8037645826481015,4.155388505526165,300.50587429289715,2.5,22
1996.0,3,charge,0.8208278282416152,4.151946131151863,299.71767611220434,2.0,22
1997.0,1,charge,0.7872301716108193,4.147763598590272,301.6288319933237,3.0,22
1997.0,2,charge,0.803937381160434,4.155410452738691,300.50620500527856,2.5,22
1997.0,3,charge,0.8209725749809107,4.151944048318509,299.71797549898986,2.0,22
1998.0,1,charge,0.7874259057557679,4.147842216406836,301.62937762980596,3.0,22
1998.0,2,charge,0.804110179672763,4.15543530006067,300.50653532859945,2.5,22
1998.0,3,charge,0.8211173217202041,4.151944371425823,299.71827465281007,2.0,22
1999.0,1,charge,0.7876216399007193,4.147923973151222,301.6299227264481,3.0,22
1999.0,2,charge,0.8042829781850949,4.155462849796889,300.5068652779299,2.5,22
1999.0,3,charge,0.821262068459495,4.151946945072936,299.7185735827756,2.0,22
2000.0,1,charge,0.7878173740456722,4.148008654072756,301.63046730400276,3.0,22
2000.0,2,charge,0.8044557766974222,4.155492929139124,300.5071948676984,2.5,22
2000.0,3,charge,0.8214068151987883,4.151951631896062,299.71887229762143,2.0,22
2001.0,1,charge,0.7880131081906235,4.148096068531096,301.63101138233884,3.0,22
2001.0,2,charge,0.804628575209752,4.15552538365076,300.5075241117377,2.5,22
2001.0,3,charge,0.821551561938084,4.15195830873947,299.7191708057302,2.0,22
2002.0,1,charge,0.7882088423355721,4.148186042300814,301.63155498050537,3.0,22
2002.0,2,charge,0.8048013737220837,4.155560072486837,300.5078530233239,2.5,22
2002.0,3,charge,0.8216963086773774,4.151966864318099,299.7194691151517,2.0,22
2003.0,1,charge,0.7884045764805279,4.148278422068724,301.63209811675773,3.0,22
2003.0,2,charge,0.8049741722344155,4.1555968696934205,300.50818161519635,2.5,22
2003.0,3,charge,0.8218410554166683,4.15197719689393,299.71976723362167,2.0,22
2004.0,1,charge,0.7886003106254793,4.148373061561898,301.6326408086304,3.0,22
2004.0,2,charge,0.805146970746745,4.15563565645302,300.50850989960156,2.5,22
2004.0,3,charge,0.8219858021559617,4.151989213020577,299.720065168578,2.0,22
2005.0,1,charge,0.7887960447704279,4.148469831664972,301.633183072955,3.0,22
2005.0,2,charge,0.8053197692590726,4.15567632538631,300.50883788830987,2.5,22
2005.0,3,charge,0.8221305488952574,4.152002825287377,299.72036292717956,2.0,22
2006.0,1,charge,0.7889917789153793,4.1485686096779535,301.63372492589497,3.0,22
2006.0,2,charge,0.8054925677714041,4.1557187757362595,300.50916559263476,2.5,22
2006.0,3,charge,0.8222752956345508,4.152017953604732,299.7206605163124,2.0,22
2007.0,1,charge,0.7891875130603331,4.148669282401771,301.6342663830069,3.0,22
2007.0,2,charge,0.805665366283734,4.155762913221173,300.5094930234713,2.5,22
2007.0,3,charge,0.8224200423738415,4.152034521985023,299.7209579426089,2.0,22
2008.0,1,charge,0.7893832472052843,4.1487717465711,301.63480745921333,3.0,22
2008.0,2,charge,0.8058381647960657,4.15580865126188,300.5098201912877,2.5,22
2008.0,3,charge,0.8225647891131324,4.152052460075757,299.7212552124551,2.0,22
2009.0,1,charge,0.789578981350233,4.148875903296105,301.6353481688993,3.0,22
2009.0,2,charge,0.8060109633083975,4.155855907509286,300.5101471061722,2.5,22
2009.0,3,charge,0.8227095358524258,4.152071702089128,299.72155233199817,2.0,22
2010.0,1,charge,0.7897747154951844,4.148981663869229,301.63588852586696,3.0,22
2010.0,2,charge,0.8061837618207273,4.155904606329852,300.5104737778237,2.5,22
2010.0,3,charge,0.8228542825917213,4.152092185853465,299.7218493071639,2.0,22
2011.0,1,charge,0.7899704496401372,4.14908894334495,301.6364285434213,3.0,22
2011.0,2,charge,0.8063565603330546,4.155954676362521,300.5108002155866,2.5,22
2011.0,3,charge,0.8229990293310149,4.152113854009154,299.72214614365475,2.0,22
2012.0,1,charge,0.7901661837850886,4.1491976635635055,301.63696823434714,3.0,22
2012.0,2,charge,0.8065293588453865,4.156006050775355,300.51112642845516,2.5,22
2012.0,3,charge,0.8231437760703058,4.1521366518454315,299.7224428469706,2.0,22
2013.0,1,charge,0.7903619179300373,4.149307750817272,301.6375076109639,3.0,22
2013.0,2,charge,0.8067021573577162,4.1560586667875885,300.5114524250948,2.5,22
2013.0,3,charge,0.8232885228095992,4.152160528282615,299.7227394224074,2.0,22
2014.0,1,charge,0.790557652074993,4.149419135538015,301.63804668511426,3.0,22
2014.0,2,charge,0.806874955870048,4.156112464928052,300.511778213846,2.5,22
2014.0,3,charge,0.8234332695488947,4.152185434833779,299.7230358750711,2.0,22
2015.0,1,charge,0.7907533862199443,4.149531752058717,301.6385854682294,3.0,22
2015.0,2,charge,0.8070477543823797,4.156167388888177,300.5121038027525,2.5,22
2015.0,3,charge,0.8235780162881883,4.152211325493175,299.72333220988065,2.0,22
2016.0,1,charge,0.790949120364893,4.149645538011169,301.6391239713237,3.0,22
2016.0,2,charge,0.8072205528947096,4.1562233850322645,300.5124291995773,2.5,22
2016.0,3,charge,0.8237227630274792,4.152238156517787,299.72362843158794,2.0,22
2017.0,1,charge,0.7911448545098443,4.149760435772212,301.6396622049498,3.0,22
2017.0,2,charge,0.8073933514070369,4.1562804031702605,300.5127544117755,2.5,22
2017.0,3,charge,0.8238675097667726,4.1522658862495865,299.72392454477466,2.0,22
2018.0,1,charge,0.7913405886547972,4.149876388235301,301.64020017936315,3.0,22
2018.0,2,charge,0.8075661499193687,4.156338395094137,300.5130794465473,2.5,22
2018.0,3,charge,0.8240122565060681,4.152294476062021,299.72422055383277,2.0,22
2019.0,1,charge,0.7915363227997485,4.149993341277735,301.64073790443837,3.0,22
2019.0,2,charge,0.8077389484316985,4.156397313796761,300.5134043108669,2.5,22
2019.0,3,charge,0.8241570032453618,4.152323887440596,299.7245164630393,2.0,22
2020.0,1,charge,0.7917320569446972,4.1501112473474695,301.6412753895888,3.0,22
2020.0,2,charge,0.8079117469440302,4.156457115955735,300.51372901142116,2.5,22
2020.0,3,charge,0.8243017499846527,4.152354083562437,299.72481227651934,2.0,22
2021.0,1,charge,0.7919277910896485,4.150230056403167,301.641812644019,3.0,22
2021.0,2,charge,0.808084545456362,4.156517760899623,300.51405355464357,2.5,22
2021.0,3,charge,0.824446496723951,4.1523850320177225,299.72510799820014,2.0,22
2022.0,1,charge,0.7921235252346022,4.150349721795923,301.642349676577,3.0,22
2022.0,2,charge,0.8082573439686919,4.156579207321874,300.5143779468004,2.5,22
2022.0,3,charge,0.8245912434632444,4.152416699310822,299.7254036319196,2.0,22
2023.0,1,charge,0.7923192593795535,4.150470202602227,301.6428864956997,3.0,22
2023.0,2,charge,0.8084301424810192,4.156641417175647,300.51470219390194,2.5,22
2023.0,3,charge,0.8247359902025353,4.152449053243786,299.72569918138475,2.0,22
2024.0,1,charge,0.7925149935245022,4.150591456059654,301.64342310962877,3.0,22
2024.0,2,charge,0.808602940993351,4.156704355731307,300.5150263017066,2.5,22
2024.0,3,charge,0.8248807369418287,4.1524820643758025,299.7259946501469,2.0,22
2025.0,1,charge,0.7927107276694535,4.150713442401756,301.64395952628666,3.0,22
2025.0,2,charge,0.80877573950568,4.156767987369117,300.5153502758327,2.5,22
2025.0,3,charge,0.8250254836811244,4.152515705094484,299.72629004162314,2.0,22
2026.0,1,charge,0.7929064618144063,4.150836124814511,301.6444957532647,3.0,22
2026.0,2,charge,0.8089485380180125,4.156832278911155,300.51567412167793,2.5,22
2026.0,3,charge,0.8251702304204178,4.152549947259527,299.7265853591462,2.0,22
2027.0,1,charge,0.7931021959593578,4.150959466998762,301.64503179793985,3.0,22
2027.0,2,charge,0.8091213365303443,4.156897199408622,300.5159978444195,2.5,22
2027.0,3,charge,0.8253149771597087,4.152584764646062,299.72688060591867,2.0,22
2028.0,1,charge,0.7932979301043064,4.151083434563159,301.6455676674165,3.0,22
2028.0,2,charge,0.8092941350426733,4.156962718345467,300.51632144909127,2.5,22
2028.0,3,charge,0.8254597238989995,4.152620132955715,299.72717578500726,2.0,22
2029.0,1,charge,0.7934936642492577,4.151207994449225,301.64610336852496,3.0,22
2029.0,2,charge,0.8094669335550014,4.1570288067630035,300.5166449405409,2.5,22
2029.0,3,charge,0.8256044706382978,4.152656027979722,299.7274708994022,2.0,22
2030.0,1,charge,0.7936893983942106,4.15133311495827,301.64663890788586,3.0,22
2030.0,2,charge,0.8096397320673332,4.157095436820848,300.51696832342844,2.5,22
2030.0,3,charge,0.8257492173775883,4.152692426813692,299.7277659519824,2.0,22
2031.0,1,charge,0.7938851325391618,4.151458765536116,301.64717429188545,3.0,22
2031.0,2,charge,0.8098125305796623,4.157162581786524,300.5172916022743,2.5,22
2031.0,3,charge,0.8258939641168819,4.15272930743777,299.7280609455142,2.0,22
2032.0,1,charge,0.7940808666841134,4.151584917219516,301.6477095266595,3.0,22
2032.0,2,charge,0.8099853290919948,4.157230215884898,300.5176147814397,2.5,22
2032.0,3,charge,0.8260387108561728,4.152766648701382,299.7283558826808,2.0,22
2033.0,1,charge,0.7942766008290663,4.151711541581616,301.64824461816477,3.0,22
2033.0,2,charge,0.8101581276043264,4.157298314635392,300.5179378651132,2.5,22
2033.0,3,charge,0.8261834575954662,4.152804430227474,299.72865076607366,2.0,22
2034.0,1,charge,0.7944723349740176,4.151838611259615,301.6487795721489,3.0,22
2034.0,2,charge,0.8103309261166556,4.157366854086069,300.5182608573628,2.5,22
2034.0,3,charge,0.8263282043347617,4.152842632500812,299.72894559818826,2.0,22
2035.0,1,charge,0.7946680691189663,4.151966100911361,301.64931439412413,3.0,22
2035.0,2,charge,0.8105037246289837,4.157435811151759,300.5185837621149,2.5,22
2035.0,3,charge,0.8264729510740553,4.152881236739626,299.7292403814331,2.0,22
2036.0,1,charge,0.7948638032639176,4.152093985108106,301.6498490894526,3.0,22
2036.0,2,charge,0.8106765231413152,4.15750516418025,300.5189065831406,2.5,22
2036.0,3,charge,0.8266176978133462,4.152920224642585,299.7295351181451,2.0,22
2037.0,1,charge,0.7950595374088705,4.152222239589122,301.6503836633055,3.0,22
2037.0,2,charge,0.8108493216536445,4.157574891955024,300.5192293240955,2.5,22
2037.0,3,charge,0.8267624445526395,4.15295957868241,299.72982981057686,2.0,22
2038.0,1,charge,0.7952552715538218,4.152350841636128,301.6509181206448,3.0,22
2038.0,2,charge,0.8110221201659771,4.157644973911788,300.5195519885157,2.5,22
2038.0,3,charge,0.826907191291935,4.152999282495768,299.73012446088956,2.0,22
2039.0,1,charge,0.7954510056987713,4.152479768789206,301.6514524662946,3.0,22
2039.0,2,charge,0.8111949186783086,4.1577153906015685,300.5198745798013,2.5,22
2039.0,3,charge,0.8270519380312286,4.153039319656606,299.73041907119057,2.0,22
2040.0,1,charge,0.7956467398437226,4.152608999602517,301.6519867049072,3.0,22
2040.0,2,charge,0.8113677171906379,4.157786123295603,300.52019710123756,2.5,22
2040.0,3,charge,0.8271966847705194,4.1530796745098755,299.7307136435118,2.0,22
2041.0,1,charge,0.7958424739886755,4.152738513423714,301.6525208409566,3.0,22
2041.0,2,charge,0.8115405157029659,4.15785715377536,300.52051955600837,2.5,22
2041.0,3,charge,0.8273414315098129,4.153120332417297,299.7310081798001,2.0,22
2042.0,1,charge,0.7960382081336267,4.152868290344497,301.65305487878317,3.0,22
2042.0,2,charge,0.8117133142152975,4.157928464592818,300.5208419471797,2.5,22
2042.0,3,charge,0.8274861782491084,4.153161278922151,299.7313026819509,2.0,22
2043.0,1,charge,0.7962339422785754,4.152998311164232,301.6535888225774,3.0,22
2043.0,2,charge,0.8118861127276268,4.158000038949927,300.52116427770886,2.5,22
2043.0,3,charge,0.8276309249884019,4.153202500170114,299.7315971517943,2.0,22
2044.0,1,charge,0.7964296764235266,4.153128557303528,301.65412267635463,3.0,22
2044.0,2,charge,0.8120589112399593,4.158071860647945,300.52148655046346,2.5,22
2044.0,3,charge,0.8277756717276927,4.153243982862856,299.7318915910924,2.0,22
2045.0,1,charge,0.7966254105684795,4.153259010847211,301.6546564440294,3.0,22
2045.0,2,charge,0.8122317097522911,4.158143914063627,300.5218087682038,2.5,22
2045.0,3,charge,0.8279204184669862,4.153285714201065,299.7321860015465,2.0,22
2046.0,1,charge,0.7968211447134308,4.153389654454177,301.6551901293815,3.0,22
2046.0,2,charge,0.8124045082646202,4.158216184106076,300.5221309335843,2.5,22
2046.0,3,charge,0.8280651652062817,4.153327681842336,299.73248038480733,2.0,22
2047.0,1,charge,0.7970168788583794,4.153520471326232,301.65572373607006,3.0,22
2047.0,2,charge,0.812577306776948,4.15828865622642,300.52245304919427,2.5,22
2047.0,3,charge,0.8282099119455753,4.15336987388952,299.73277474246464,2.0,22
2048.0,1,charge,0.7972126130033307,4.153651445170453,301.6562572676417,3.0,22
2048.0,2,charge,0.812750105289277,4.1583613163536075,300.5227751175322,2.5,22
2048.0,3,charge,0.8283546586848661,4.15341227883616,299.73306907604257,2.0,22
2049.0,1,charge,0.7974083471482836,4.153782560959632,301.6567907273793,3.0,22
2049.0,2,charge,0.8129229038016088,4.158434150873136,300.52309714101887,2.5,22
2049.0,3,charge,0.8284994054241596,4.153454885625367,299.7333633870334,2.0,22
2050.0,1,charge,0.7976040812932348,4.153913803186416,301.6573241186464,3.0,22
2050.0,2,charge,0.8130957023139413,4.158507146706208,300.5234191219806,2.5,22
2050.0,3,charge,0.8286441521634551,4.153497683563882,299.73365767687574,2.0,22
2051.0,1,charge,0.7977998154381835,4.154045157109426,301.65785744464034,3.0,22
2051.0,2,charge,0.8132685008262703,4.158580291590379,300.5237410625947,2.5,22
2051.0,3,charge,0.8287888989027486,4.153540662316528,299.73395194696343,2.0,22
2052.0,1,charge,0.7979955495831338,4.154176608386907,301.6583907084647,3.0,22
2052.0,2,charge,0.8134412993385974,4.158653573040498,300.5240629650876,2.5,22
2052.0,3,charge,0.8289336456420395,4.153583811884517,299.7342461986483,2.0,22
2053.0,1,charge,0.7981912837280867,4.154308143094497,301.65892391312684,3.0,22
2053.0,2,charge,0.813614097850929,4.158726979179052,300.52438483157493,2.5,22
2053.0,3,charge,0.829078392381333,4.153627123005693,299.73454043316974,2.0,22
2054.0,1,charge,0.798387017873038,4.154439749137481,301.6594570613056,3.0,22
2054.0,2,charge,0.8137868963632583,4.158800498473079,300.52470666411097,2.5,22
2054.0,3,charge,0.8292231391206286,4.153670586264791,299.73483465180766,2.0,22
2055.0,1,charge,0.7985827520179866,4.1545714129293145,301.659990155899,3.0,22
2055.0,2,charge,0.8139596948755906,4.158874119785223,300.5250284646809,2.5,22
2055.0,3,charge,0.8293678858599223,4.153714192652506,299.735128855785,2.0,22
2056.0,1,charge,0.7987784861629377,4.154703121908966,301.6605231996106,3.0,22
2056.0,2,charge,0.8141324933879196,4.158947833425113,300.5253502350365,2.5,22
2056.0,3,charge,0.8295126325992132,4.153757933460735,299.73542304628415,2.0,22
2057.0,1,charge,0.7989742203078908,4.1548348638458386,301.66105619506516,3.0,22
2057.0,2,charge,0.8143052919002514,4.159021628514443,300.52567197710744,2.5,22
2057.0,3,charge,0.8296573793385066,4.153801800235878,299.73571722445496,2.0,22
2058.0,1,charge,0.799169954452842,4.154966626910181,301.66158914479735,3.0,22
2058.0,2,charge,0.8144780904125785,4.159095495037322,300.52599369268177,2.5,22
2058.0,3,charge,0.8298021260778022,4.153845785268883,299.7360113913509,2.0,22
2059.0,1,charge,0.7993656885977907,4.155098400793463,301.66212205106956,3.0,22
2059.0,2,charge,0.8146508889249082,4.1591694232662295,300.52631538349556,2.5,22
2059.0,3,charge,0.8299468728170957,4.153889881021145,299.7363055480028,2.0,22
2060.0,1,charge,0.799561422742742,4.155230173909073,301.6626549163299,3.0,22
2060.0,2,charge,0.8148236874372403,4.159243403742037,300.52663705123626,2.5,22
2060.0,3,charge,0.8300916195563866,4.15393407969359,299.7365996954747,2.0,22
2061.0,1,charge,0.7997571568876948,4.155361935568145,301.66318774285827,3.0,22
2061.0,2,charge,0.8149964859495719,4.15931742836,300.5269586973788,2.5,22
2061.0,3,charge,0.8302363662956801,4.153978373984351,299.73689383476585,2.0,22
2062.0,1,charge,0.7999528910326461,4.155493675378253,301.6637205328646,3.0,22
2062.0,2,charge,0.8151692844619016,4.1593914880317,300.5272803235388,2.5,22
2062.0,3,charge,0.8303811130349784,4.154022756806472,299.7371879668473,2.0,22
2063.0,1,charge,0.8001486251775957,4.155625383297647,301.66425328848004,3.0,22
2063.0,2,charge,0.8153420829742289,4.159465574293835,300.52760193123015,2.5,22
2063.0,3,charge,0.8305258597742693,4.154067221434411,299.7374820926443,2.0,22
2064.0,1,charge,0.8003443593225469,4.155757050101638,301.66478601167165,3.0,22
2064.0,2,charge,0.8155148814865607,4.15953967899131,300.5279235219134,2.5,22
2064.0,3,charge,0.8306706065135627,4.154111761991032,299.7377762129782,2.0,22
2065.0,1,charge,0.8005400934674999,4.155888666098853,301.6653187044781,3.0,22
2065.0,2,charge,0.8156876799988906,4.159613794213277,300.5282450970053,2.5,22
2065.0,3,charge,0.8308153532528584,4.154156371791728,299.73807032876425,2.0,22
2066.0,1,charge,0.8007358276124512,4.156020222142633,301.66585136882514,3.0,22
2066.0,2,charge,0.8158604785112226,4.159687912689002,300.5285666578153,2.5,22
2066.0,3,charge,0.8309600999921518,4.154201044753059,299.7383644408436,2.0,22
2067.0,1,charge,0.8009315617573999,4.156151709341778,301.6663840065792,3.0,22
2067.0,2,charge,0.8160332770235541,4.159762027057509,300.52888820566375,2.5,22
2067.0,3,charge,0.8311048467314427,4.154245774985671,299.7386585500319,2.0,22
2068.0,1,charge,0.8011272959023512,4.156283119056091,301.666916619548,3.0,22
2068.0,2,charge,0.8162060755358839,4.159836130170781,300.52920974183263,2.5,22
2068.0,3,charge,0.8312495934707362,4.154290556783571,299.7389526571209,2.0,22
2069.0,1,charge,0.8013230300473069,4.156414442977823,301.6674492094602,3.0,22
2069.0,2,charge,0.816378874048216,4.159910215180721,300.5295312675523,2.5,22
2069.0,3,charge,0.8313943402100318,4.154335384758432,299.7392467628622,2.0,22
2070.0,1,charge,0.8015187641922555,4.156545673006821,301.6679817779963,3.0,22
2070.0,2,charge,0.816551672560543,4.159984275457509,300.52985278401485,2.5,22
2070.0,3,charge,0.8315390869493224,4.154380253817145,299.7395408679704,2.0,22
2070.0,1,charge,0.8015187641922557,4.156545673006821,301.6679817779963,3.0,23
2070.0,1,charge,0.8015187641922555,4.156545673006821,301.6679817779963,3.0,23
2070.0,2,charge,0.8165516725605443,4.159984275457509,300.52985278401485,2.5,23
2070.0,2,charge,0.816551672560543,4.159984275457509,300.52985278401485,2.5,23
2070.0,3,charge,0.8315390869493225,4.154380253817145,299.7395408679704,2.0,23
2070.0,3,charge,0.8315390869493224,4.154380253817145,299.7395408679704,2.0,23
2071.0,1,charge,0.8017144983372069,4.156676810696936,301.66851432602414,3.0,23
2071.0,2,charge,0.8167244710728728,4.160058313039174,300.5301742920807,2.5,23
2071.0,3,charge,0.8316838336886159,4.154425166125075,299.7398349731935,2.0,23
2072.0,1,charge,0.8019102324821599,4.156807829671909,301.66904685677673,3.0,23
2072.0,2,charge,0.8168972695852046,4.160132305122689,300.53049579354234,2.5,23
2072.0,3,charge,0.8318285804279067,4.154470102613547,299.74012907921707,2.0,23
2073.0,1,charge,0.8021059666271112,4.156938729041679,301.6695793715675,3.0,23
2073.0,2,charge,0.8170700680975364,4.160206251679442,300.53081728950644,2.5,23
2073.0,3,charge,0.8319733271672002,4.154515063330884,299.74042318696655,2.0,23
2074.0,1,charge,0.8023017007720599,4.157069503639946,301.67011187126604,3.0,23
2074.0,2,charge,0.8172428666098661,4.160280148597243,300.53113878063044,2.5,23
2074.0,3,charge,0.8321180739064958,4.154560045591419,299.7407172967657,2.0,23
2075.0,1,charge,0.8024974349170111,4.15720014724382,301.67064435714997,3.0,23
2075.0,2,charge,0.8174156651221934,4.160353991074286,300.53146026780695,2.5,23
2075.0,3,charge,0.8322628206457893,4.154605045538158,299.74101140919964,2.0,23
2076.0,1,charge,0.8026931690619641,4.157330652198922,301.67117683084183,3.0,23
2076.0,2,charge,0.8175884636345253,4.160427773346385,300.53178175209797,2.5,23
2076.0,3,charge,0.8324075673850801,4.1546500580264745,299.74130552501697,2.0,23
2077.0,1,charge,0.8028889032069161,4.157461012037109,301.67170929363505,3.0,23
2077.0,2,charge,0.8177612621468551,4.160501489580566,300.5321032345757,2.5,23
2077.0,3,charge,0.8325523141243736,4.154695079736891,299.7415996446821,2.0,23
2078.0,1,charge,0.8030846373518646,4.15759122131049,301.67224174655234,3.0,23
2078.0,2,charge,0.8179340606591868,4.160575136044667,300.5324247158742,2.5,23
2078.0,3,charge,0.8326970608636692,4.154740107177887,299.7418937686908,2.0,23
2079.0,1,charge,0.803280371496816,4.157721273309392,301.67277419096524,3.0,23
2079.0,2,charge,0.8181068591715186,4.160648707357469,300.5327461969801,2.5,23
2079.0,3,charge,0.8328418076029627,4.154785135961893,299.74218789767616,2.0,23
2080.0,1,charge,0.8034761056417691,4.157851158208697,301.6733066291042,3.0,23
2080.0,2,charge,0.8182796576838485,4.160722195682974,300.5330676794033,2.5,23
2080.0,3,charge,0.8329865543422535,4.154830160362755,299.7424820324779,2.0,23
2081.0,1,charge,0.8036718397867204,4.157980874286903,301.67383906099116,3.0,23
2081.0,2,charge,0.8184524561961805,4.1607956004591955,300.5333891631241,2.5,23
2081.0,3,charge,0.8331313010815469,4.154875179003781,299.7427761732757,2.0,23
2082.0,1,charge,0.803867573931669,4.158110417245975,301.67437148735587,3.0,23
2082.0,2,charge,0.8186252547085076,4.16086891788027,300.53371064881156,2.5,23
2082.0,3,charge,0.8332760478208424,4.1549201906413,299.7430703202305,2.0,23
2083.0,1,charge,0.8040633080766202,4.1582397774899675,301.6749039103901,3.0,23
2083.0,2,charge,0.8187980532208373,4.160942140760481,300.5340321378557,2.5,23
2083.0,3,charge,0.833420794560136,4.154965188261415,299.7433644743879,2.0,23
2084.0,1,charge,0.8042590422215732,4.1583689523769,301.67543633038093,3.0,23
2084.0,2,charge,0.8189708517331693,4.161015267401462,300.5343536304901,2.5,23
2084.0,3,charge,0.8335655412994268,4.155010171111169,299.74365863583887,2.0,23
2085.0,1,charge,0.8044547763665246,4.158497936364675,301.6759687484198,3.0,23
2085.0,2,charge,0.8191436502455012,4.161088293334833,300.5346751275405,2.5,23
2085.0,3,charge,0.8337102880387202,4.155055136307502,299.74395280500295,2.0,23
2086.0,1,charge,0.8046505105114732,4.158626722895203,301.6765011658877,3.0,23
2086.0,2,charge,0.8193164487578307,4.161161213719337,300.5349966299181,2.5,23
2086.0,3,charge,0.8338550347780158,4.1551000795688555,299.7442469825174,2.0,23
2087.0,1,charge,0.8048462446564287,4.15875530722192,301.67703358366714,3.0,23
2087.0,2,charge,0.8194892472701627,4.161234025037217,300.5353181382568,2.5,23
2087.0,3,charge,0.8339997815173092,4.155144998419274,299.74454116874426,2.0,23
2088.0,1,charge,0.8050419788013802,4.158883684265227,301.6775660027448,3.0,23
2088.0,2,charge,0.8196620457824898,4.161306723605399,300.5356396532332,2.5,23
2088.0,3,charge,0.8341445282566001,4.1551898899320525,299.7448353641181,2.0,23
2089.0,1,charge,0.8052377129463287,4.159011849035998,301.67809842408997,3.0,23
2089.0,2,charge,0.8198348442948196,4.16137930566085,300.53596117554554,2.5,23
2089.0,3,charge,0.8342892749958936,4.15523475149831,299.74512956902834,2.0,23
2090.0,1,charge,0.8054334470912801,4.1591397962340455,301.67863084875745,3.0,23
2090.0,2,charge,0.8200076428071513,4.161451767290043,300.53628270592765,2.5,23
2090.0,3,charge,0.8344340217351893,4.155279580082465,299.74542378393085,2.0,23
2091.0,1,charge,0.8056291812362332,4.159267521649168,301.6791632775165,3.0,23
2091.0,2,charge,0.8201804413194832,4.161524105762004,300.53660424487026,2.5,23
2091.0,3,charge,0.8345787684744819,4.1553243732019,299.7457180092002,2.0,23
2092.0,1,charge,0.8058249153811845,4.159395020674719,301.67969571124826,3.0,23
2092.0,2,charge,0.820353239831813,4.161596317507618,300.536925793045,2.5,23
2092.0,3,charge,0.8347235152137727,4.155369128831537,299.74601224514385,2.0,23
2093.0,1,charge,0.8060206495261331,4.159522288327825,301.68022815094054,3.0,23
2093.0,2,charge,0.8205260383441403,4.16166839898043,300.53724735112354,2.5,23
2093.0,3,charge,0.8348682619530661,4.155413844092183,299.7463064922013,2.0,23
2094.0,1,charge,0.8062163836710844,4.159649321067786,301.6807605971988,3.0,23
2094.0,2,charge,0.8206988368564718,4.161740348058105,300.5375689194826,2.5,23
2094.0,3,charge,0.8350130086923618,4.155458516946517,299.7466007506867,2.0,23
2095.0,1,charge,0.806412117816038,4.1597761143180385,301.6812930509125,3.0,23
2095.0,2,charge,0.8208716353688018,4.1618121612146926,300.5378904987986,2.5,23
2095.0,3,charge,0.8351577554316552,4.155503145504984,299.74689502089365,2.0,23
2096.0,1,charge,0.8066078519609894,4.1599026636743535,301.6818255129301,3.0,23
2096.0,2,charge,0.8210444338811337,4.161883835582087,300.5382120896147,2.5,23
2096.0,3,charge,0.835302502170946,4.155547727254536,299.7471893032131,2.0,23
2097.0,1,charge,0.806803586105938,4.160028966413094,301.6823579836559,3.0,23
2097.0,2,charge,0.8212172323934654,4.161955369517077,300.53853369222156,2.5,23
2097.0,3,charge,0.8354472489102395,4.1555922607395335,299.7474835978775,2.0,23
2098.0,1,charge,0.8069993202508893,4.160155017994914,301.68289046398456,3.0,23
2098.0,2,charge,0.8213900309057952,4.1620267598062295,300.53885530724295,2.5,23
2098.0,3,charge,0.8355919956495352,4.155636744252618,299.7477779051597,2.0,23
2099.0,1,charge,0.8071950543958424,4.160280814445056,301.6834229546652,3.0,23
2099.0,2,charge,0.8215628294181225,4.162098003744653,300.5391769352008,2.5,23
2099.0,3,charge,0.8357367423888284,4.155681175606006,299.74807222540767,2.0,23
2100.0,1,charge,0.8073907885407936,4.160406351791108,301.6839554564519,3.0,23
2100.0,2,charge,0.8217356279304541,4.162169098629029,300.53949857662116,2.5,23
2100.0,3,charge,0.8358814891281193,4.155725552852728,299.7483665589347,2.0,23
2101.0,1,charge,0.8075865226857423,4.160531626063335,301.68448797010325,3.0,23
2101.0,2,charge,0.8219084264427834,4.162240041757913,300.5398202320342,2.5,23
2101.0,3,charge,0.8360262358674128,4.155769874046044,299.7486609060566,2.0,23
2102.0,1,charge,0.8077822568306982,4.160656634678016,301.6850204960141,3.0,23
2102.0,2,charge,0.8220812249551159,4.162310831729268,300.54014190170267,2.5,23
2102.0,3,charge,0.8361709826067084,4.155814137426299,299.7489552670628,2.0,23
2103.0,1,charge,0.8079779909756493,4.160781374503532,301.6855530347297,3.0,23
2103.0,2,charge,0.8222540234674477,4.162381466809915,300.5404635859625,2.5,23
2103.0,3,charge,0.8363157293460018,4.155858342956539,299.749249641984,2.0,23
2104.0,1,charge,0.8081737251205979,4.160905841357616,301.6860855870808,3.0,23
2104.0,2,charge,0.8224268219797775,4.162451943986694,300.54078528542163,2.5,23
2104.0,3,charge,0.8364604760852926,4.155902488023472,299.7495440312427,2.0,23
2105.0,1,charge,0.8083694592655493,4.161030031762461,301.68661815371576,3.0,23
2105.0,2,charge,0.8225996204921046,4.162522261024206,300.5411070005295,2.5,23
2105.0,3,charge,0.8366052228245835,4.155946571045951,299.74983843510734,2.0,23
2106.0,1,charge,0.8085651934105023,4.161153942284576,301.6871507352764,3.0,23
2106.0,2,charge,0.8227724190044363,4.162592415726982,300.54142873173186,2.5,23
2106.0,3,charge,0.8367499695638768,4.155990590474952,299.75013285384364,2.0,23
2107.0,1,charge,0.8087609275554535,4.1612775697307605,301.6876833323463,3.0,23
2107.0,2,charge,0.8229452175167656,4.162662405939427,300.54175047946995,2.5,23
2107.0,3,charge,0.8368947163031725,4.156034544793665,299.75042728771433,2.0,23
2108.0,1,charge,0.8089566617004021,4.161400912277955,301.688215945151,3.0,23
2108.0,2,charge,0.8231180160290982,4.162732231251313,300.5420722438258,2.5,23
2108.0,3,charge,0.8370394630424659,4.156078433233372,299.75072173687136,2.0,23
2109.0,1,charge,0.8091523958453534,4.1615239660907015,301.68874857445365,3.0,23
2109.0,2,charge,0.8232908145414299,4.162801889117592,300.5423940253297,2.5,23
2109.0,3,charge,0.8371842097817568,4.156122254845709,299.7510162014955,2.0,23
2110.0,1,charge,0.8093481299903065,4.161646728221559,301.68928122078745,3.0,23
2110.0,2,charge,0.8234636130537597,4.162871377713611,300.54271582436587,2.5,23
2110.0,3,charge,0.83732895652105,4.156166008041413,299.7513106818659,2.0,23
2111.0,1,charge,0.8095438641352578,4.161769195798211,301.6898138846705,3.0,23
2111.0,2,charge,0.8236364115660868,4.162940695372734,300.54303764128963,2.5,23
2111.0,3,charge,0.8374737032603456,4.156209691686337,299.75160517819523,2.0,23
2112.0,1,charge,0.8097395982802063,4.16189136602339,301.6903465666064,3.0,23
2112.0,2,charge,0.8238092100784186,4.163009840497473,300.54335947644586,2.5,23
2112.0,3,charge,0.8376184499996391,4.156253304702175,299.7518996906893,2.0,23
2113.0,1,charge,0.8099353324251584,4.162013236291527,301.69087926705777,3.0,23
2113.0,2,charge,0.8239820085907487,4.163078811618867,300.5436813301579,2.5,23
2113.0,3,charge,0.8377631967389298,4.156296846067533,299.75219421954733,2.0,23
2114.0,1,charge,0.8101310665701114,4.1621348039863655,301.69141198649123,3.0,23
2114.0,2,charge,0.8241548071030804,4.163147607436297,300.54400320272,2.5,23
2114.0,3,charge,0.8379079434782234,4.156340314961706,299.75248876494254,2.0,23
2115.0,1,charge,0.8103268007150626,4.162256066528272,301.69194472536685,3.0,23
2115.0,2,charge,0.8243276056154122,4.1632162264990065,300.54432509445644,2.5,23
2115.0,3,charge,0.838052690217519,4.1563837104190515,299.75278332706813,2.0,23
2116.0,1,charge,0.8105225348600111,4.162377021453114,301.6924774841206,3.0,23
2116.0,2,charge,0.8245004041277413,4.163284667523369,300.54464700566257,2.5,23
2116.0,3,charge,0.8381974369568117,4.156427031607294,299.7530779061005,2.0,23
2117.0,1,charge,0.8107182690049624,4.162497666374378,301.69301026317305,3.0,23
2117.0,2,charge,0.824673202640069,4.163352929297622,300.54496893662264,2.5,23
2117.0,3,charge,0.8383421836961026,4.156470277751587,299.7533725022087,2.0,23
2118.0,1,charge,0.8109140031499155,4.162617998859835,301.693543062964,3.0,23
2118.0,2,charge,0.8248460011524008,4.163421010681688,300.5452908876096,2.5,23
2118.0,3,charge,0.8384869304353959,4.156513448134239,299.7536671155554,2.0,23
2119.0,1,charge,0.8111097372948669,4.16273801617595,301.6940758840256,3.0,23
2119.0,2,charge,0.8250187996647301,4.163488910193399,300.5456128589768,2.5,23
2119.0,3,charge,0.8386316771746916,4.156556541880311,299.7539617463298,2.0,23
2120.0,1,charge,0.8113054714398156,4.162857716343449,301.69460872668196,3.0,23
2120.0,2,charge,0.8251915981770627,4.163556626728729,300.5459348509987,2.5,23
2120.0,3,charge,0.8387764239139848,4.156599558118467,299.7542563947229,2.0,23
2121.0,1,charge,0.8115012055847667,4.1629770971694775,301.69514159132433,3.0,23
2121.0,2,charge,0.8253643966893944,4.163624159394491,300.54625686390744,2.5,23
2121.0,3,charge,0.8389211706532756,4.156642496394989,299.75455106086173,2.0,23
2122.0,1,charge,0.8116969397297198,4.163096156526796,301.6956744783317,3.0,23
2122.0,2,charge,0.8255371952017235,4.163691507220252,300.5465788979568,2.5,23
2122.0,3,charge,0.8390659173925692,4.15668535612373,299.75484574489616,2.0,23
2123.0,1,charge,0.8118926738746711,4.163214892353768,301.6962073880706,3.0,23
2123.0,2,charge,0.8257099937140513,4.163758669295651,300.5469009533918,2.5,23
2123.0,3,charge,0.8392106641318647,4.156728136765727,299.7551404469707,2.0,23
2124.0,1,charge,0.8120884080196223,4.163333302174204,301.69674032103103,3.0,23
2124.0,2,charge,0.8258827922263804,4.163825644738429,300.54722303045565,2.5,23
2124.0,3,charge,0.8393554108711583,4.156770837829151,299.7554351672245,2.0,23
2125.0,1,charge,0.8122841421645755,4.163451384042672,301.69727327755953,3.0,23
2125.0,2,charge,0.8260555907387122,4.16389243212504,300.547545129515,2.5,23
2125.0,3,charge,0.839500157610449,4.156813458387741,299.75572990586693,2.0,23
2126.0,1,charge,0.8124798763095267,4.163569136079561,301.6978062579904,3.0,23
2126.0,2,charge,0.8262283892510447,4.1639590309602,300.5478672507369,2.5,23
2126.0,3,charge,0.8396449043497425,4.15685599815207,299.7560246630091,2.0,23
2127.0,1,charge,0.8126756104544754,4.163686556363457,301.69833926267586,3.0,23
2127.0,2,charge,0.8264011877633738,4.1640254404618045,300.54818939435546,2.5,23
2127.0,3,charge,0.8397896510890331,4.156898456715649,299.7563194387827,2.0,23
2128.0,1,charge,0.8128713445994266,4.163803643026824,301.69887229195916,3.0,23
2128.0,2,charge,0.8265739862757056,4.164091659896124,300.5485115605988,2.5,23
2128.0,3,charge,0.8399343978283289,4.156940833674427,299.7566142333207,2.0,23
2129.0,1,charge,0.8130670787443798,4.163920394156994,301.69940534620275,3.0,23
2129.0,2,charge,0.8267467847880333,4.164157688577783,300.54883374968847,2.5,23
2129.0,3,charge,0.8400791445676222,4.156983128661628,299.7569090467521,2.0,23
2130.0,1,charge,0.8132628128893318,4.164036807751852,301.69993842580124,3.0,23
2130.0,2,charge,0.8269195833003626,4.1642235257288025,300.5491559618709,2.5,23
2130.0,3,charge,0.8402238913069131,4.157025341257196,299.7572038792165,2.0,23
2131.0,1,charge,0.8134585470342802,4.1641528821885,301.7004715310476,3.0,23
2131.0,2,charge,0.8270923818126944,4.164289170565654,300.54947819739806,2.5,23
2131.0,3,charge,0.8403686380462067,4.1570674709783315,299.75749873086505,2.0,23
2132.0,1,charge,0.8136542811792316,4.16426861574913,301.70100466226796,3.0,23
2132.0,2,charge,0.8272651803250269,4.164354622618211,300.54980045645704,2.5,23
2132.0,3,charge,0.8405133847855023,4.157109517637404,299.75779360180434,2.0,23
2133.0,1,charge,0.8138500153241847,4.164384006763251,301.7015378197818,3.0,23
2133.0,2,charge,0.827437978837356,4.164419881328611,300.5501227392583,2.5,23
2133.0,3,charge,0.8406581315247956,4.15715148096256,299.75808849215593,2.0,23
2134.0,1,charge,0.8140457494691359,4.164499053607681,301.70207100390104,3.0,23
2134.0,2,charge,0.8276107773496878,4.164484946180542,300.5504450460075,2.5,23
2134.0,3,charge,0.8408028782640865,4.157193360713587,299.7583834020385,2.0,23
2135.0,1,charge,0.8142414836140845,4.164613754544664,301.7026042149778,3.0,23
2135.0,2,charge,0.8277835758620157,4.164549816699223,300.5507673769054,2.5,23
2135.0,3,charge,0.8409476250033798,4.157235156681733,299.75867833156724,2.0,23
2136.0,1,charge,0.8144372177590357,4.164728108071097,301.7031374533028,3.0,23
2136.0,2,charge,0.8279563743743449,4.164614492303704,300.5510897321808,2.5,23
2136.0,3,charge,0.8410923717426756,4.157276868568005,299.75897328087416,2.0,23
2137.0,1,charge,0.814632951903989,4.164842112689666,301.70367071917184,3.0,23
2137.0,2,charge,0.8281291728866768,4.164678972610501,300.5514121120225,2.5,23
2137.0,3,charge,0.841237118481969,4.157318496230163,299.7592682500676,2.0,23
2138.0,1,charge,0.8148286860489401,4.164955766930426,301.7042040128792,3.0,23
2138.0,2,charge,0.8283019713990092,4.164743257262495,300.55173451661784,2.5,23
2138.0,3,charge,0.8413818652212599,4.157360039548466,299.7595632392543,2.0,23
2139.0,1,charge,0.8150244201938888,4.165069069367371,301.7047373347132,3.0,23
2139.0,2,charge,0.8284747699113383,4.1648073459161115,300.5520569461552,2.5,23
2139.0,3,charge,0.8415266119605531,4.157401498410372,299.75985824854206,2.0,23
2140.0,1,charge,0.8152201543388399,4.165182018561371,301.70527068497273,3.0,23
2140.0,2,charge,0.82864756842367,4.164871238265624,300.55237940081884,2.5,23
2140.0,3,charge,0.8416713586998489,4.157442872731679,299.7601532780354,2.0,23
2141.0,1,charge,0.8154158884837958,4.165294613086694,301.7058040639592,3.0,23
2141.0,2,charge,0.8288203669359971,4.164934934019543,300.552701880794,2.5,23
2141.0,3,charge,0.8418161054391423,4.1574841624292125,299.7604483278408,2.0,23
2142.0,1,charge,0.8156116226287443,4.165406851678462,301.70633747193443,3.0,23
2142.0,2,charge,0.8289931654483272,4.164998432820836,300.5530243862849,2.5,23
2142.0,3,charge,0.8419608521784332,4.157525367376039,299.7607433980736,2.0,23
2143.0,1,charge,0.8158073567736955,4.165518733057432,301.7068709091708,3.0,23
2143.0,2,charge,0.829165963960659,4.16506173452405,300.55334691745236,2.5,23
2143.0,3,charge,0.8421055989177265,4.157566487608242,299.76103848882474,2.0,23
2144.0,1,charge,0.8160030909186486,4.165630255985562,301.7074043759356,3.0,23
2144.0,2,charge,0.8293387624729908,4.165124838947984,300.5536694744695,2.5,23
2144.0,3,charge,0.8422503456570223,4.157607523131137,299.76133360019196,2.0,23
2145.0,1,charge,0.8161988250636,4.165741419265849,301.70793787249085,3.0,23
2145.0,2,charge,0.8295115609853205,4.165187745946319,300.55399205750575,2.5,23
2145.0,3,charge,0.8423950923963157,4.1576484739757005,299.76162873227065,2.0,23
2146.0,1,charge,0.8163945592085485,4.165852221496914,301.70847139916356,3.0,23
2146.0,2,charge,0.8296843594976523,4.165250455407474,300.55431466672695,2.5,23
2146.0,3,charge,0.8425398391356066,4.1576893401985355,299.76192388515375,2.0,23
2147.0,1,charge,0.8165902933534999,4.165962661650186,301.70900495618076,3.0,23
2147.0,2,charge,0.8298571580099794,4.165312967133692,300.5546373023221,2.5,23
2147.0,3,charge,0.8426845858748999,4.157730121744694,299.7622190589537,2.0,23
2148.0,1,charge,0.816786027498453,4.166072738622711,301.70953854379735,3.0,23
2148.0,2,charge,0.8300299565223092,4.1653752810068045,300.5549599644663,2.5,23
2148.0,3,charge,0.8428293326141957,4.157770818698,299.7625142537626,2.0,23
2149.0,1,charge,0.8169817616434041,4.1661824513453105,301.7100721622649,3.0,23
2149.0,2,charge,0.8302027550346412,4.165437397055003,300.55528265330685,2.5,23
2149.0,3,charge,0.842974079353489,4.157811431205656,299.76280946966443,2.0,23
2150.0,1,charge,0.8171774957883527,4.166291798788755,301.7106058118304,3.0,23
2150.0,2,charge,0.8303755535469728,4.165499315271619,300.55560536900197,2.5,23
2150.0,3,charge,0.8431188260927799,4.157851959396369,299.76310470674724,2.0,23
2151.0,1,charge,0.8173732299333039,4.1664007799640395,301.7111394927358,3.0,23
2151.0,2,charge,0.8305483520593026,4.165561035682813,300.55592811170715,2.5,23
2151.0,3,charge,0.8432635728320733,4.1578924034228155,299.7633999650976,2.0,23
2152.0,1,charge,0.8175689640782572,4.166509393922723,301.7116732052179,3.0,23
2152.0,2,charge,0.8307211505716297,4.165622558347637,300.55625088157433,2.5,23
2152.0,3,charge,0.8434083195713691,4.157932763461934,299.76369524479935,2.0,23
2153.0,1,charge,0.8177646982232091,4.1666176397573444,301.7122069495084,3.0,23
2153.0,2,charge,0.8308939490839614,4.165683883358296,300.5565736787519,2.5,23
2153.0,3,charge,0.8435530663106624,4.1579730397150785,299.76399054593446,2.0,23
2154.0,1,charge,0.8179604323681575,4.166725516601661,301.7127407258339,3.0,23
2154.0,2,charge,0.8310667475962915,4.165745010840295,300.556896503385,2.5,23
2154.0,3,charge,0.8436978130499533,4.1580132324082335,299.76428586858236,2.0,23
2155.0,1,charge,0.8181561665131089,4.166833023366536,301.7132745344914,3.0,23
2155.0,2,charge,0.8312395461086233,4.165805940952538,300.55721935561513,2.5,23
2155.0,3,charge,0.8438425597892466,4.158053341792142,299.7645812128205,2.0,23
2156.0,1,charge,0.8183519006580622,4.16694015927971,301.71380837569393,3.0,23
2156.0,2,charge,0.831412344620955,4.1658666738068835,300.5575422355983,2.5,23
2156.0,3,charge,0.8439873065285425,4.158093368081015,299.76487657873326,2.0,23
2157.0,1,charge,0.8185476348030133,4.1670469235630385,301.71434224966265,3.0,23
2157.0,2,charge,0.8315851431332848,4.1659272095064726,300.55786514349626,2.5,23
2157.0,3,charge,0.8441320532678358,4.158133311447198,299.76517196641385,2.0,23
2158.0,1,charge,0.818743368947962,4.167153315428781,301.7148761566283,3.0,23
2158.0,2,charge,0.8317579416456119,4.165987548289566,300.5581880794448,2.5,23
2158.0,3,charge,0.8442768000071267,4.158173172198629,299.76546737593515,2.0,23
2159.0,1,charge,0.8189391030929131,4.167259334116899,301.7154100968202,3.0,23
2159.0,2,charge,0.8319307401579437,4.16604769036338,300.5585110435901,2.5,23
2159.0,3,charge,0.84442154674642,4.158212950605168,299.7657628073777,2.0,23
2160.0,1,charge,0.8191348372378663,4.167364978894412,301.7159440704668,3.0,23
2160.0,2,charge,0.832103538670273,4.166107635952191,300.55883403607885,2.5,23
2160.0,3,charge,0.8445662934857159,4.158252646946108,299.7660582608225,2.0,23
2160.0,1,charge,0.8191348372378664,4.167364978894412,301.7159440704668,2.5,24
2160.0,1,charge,0.8191348372378663,4.156369743626678,301.7159440704668,2.5,24
2160.0,2,charge,0.8321035386702744,4.166107635952191,300.55883403607885,2.0,24
2160.0,2,charge,0.832103538670273,4.153859281326108,300.55883403607885,2.0,24
2160.0,3,charge,0.8445662934857143,4.158252646946108,299.7660582608225,2.0,24
2160.0,3,charge,0.8445662934857159,4.158252646946108,299.7660582608225,2.0,24
2161.0,1,charge,0.8192979490253253,4.156133885147463,301.7161649292074,2.5,24
2161.0,2,charge,0.8322417774801408,4.153670477832813,300.55891411300695,2.0,24
2161.0,3,charge,0.8447110402250092,4.158292268253668,299.7663537438007,2.0,24
2162.0,1,charge,0.8194610608127862,4.156002556009719,301.7163848967334,2.5,24
2162.0,2,charge,0.8323800162900012,4.153553642368083,300.55899362269724,2.0,24
2162.0,3,charge,0.8448557869643001,4.158331805389523,299.7666492461593,2.0,24
2163.0,1,charge,0.8196241726002435,4.155914210807568,301.7166040560832,2.5,24
2163.0,2,charge,0.8325182550998659,4.153466257020517,300.5590726207363,2.0,24
2163.0,3,charge,0.8450005337035934,4.1583712591813695,299.7669447684551,2.0,24
2164.0,1,charge,0.8197872843877044,4.155849802232174,301.71682246020157,2.5,24
2164.0,2,charge,0.8326564939097337,4.153395559654292,300.55915114151946,2.0,24
2164.0,3,charge,0.8451452804428885,4.15841063094481,299.76724031160586,2.0,24
2165.0,1,charge,0.8199503961751606,4.15580120546087,301.7170401519555,2.5,24
2165.0,2,charge,0.8327947327195941,4.1533360933646595,300.55922921255336,2.0,24
2165.0,3,charge,0.8452900271821818,4.158449922002575,299.76753587675864,2.0,24
2166.0,1,charge,0.8201135079626217,4.15576426876051,301.71725716843105,2.5,24
2166.0,2,charge,0.8329329715294588,4.153285052540084,300.55930685746284,2.0,24
2166.0,3,charge,0.8454347739214727,4.158489132691175,299.76783146461213,2.0,24
2167.0,1,charge,0.8202766197500827,4.155736462886056,301.71747354288294,2.5,24
2167.0,2,charge,0.8330712103393266,4.153240717617224,300.55938409734125,2.0,24
2167.0,3,charge,0.8455795206607661,4.1585282636998855,299.7681270747872,2.0,24
2168.0,1,charge,0.8204397315375397,4.155716141994237,301.7176893056661,2.5,24
2168.0,2,charge,0.833209449149187,4.153201958349723,300.55946095139495,2.0,24
2168.0,3,charge,0.8457242674000619,4.158567315716335,299.7684227071803,2.0,24
2169.0,1,charge,0.8206028433250006,4.155702169536747,301.7179044848192,2.5,24
2169.0,2,charge,0.8333476879590517,4.153167991367614,300.5595374373321,2.0,24
2169.0,3,charge,0.8458690141393552,4.158606287852395,299.768718362814,2.0,24
2170.0,1,charge,0.8207659551124571,4.15569369872714,301.71811910649535,2.5,24
2170.0,2,charge,0.8334859267689195,4.153138227503176,300.5596135716618,2.0,24
2170.0,3,charge,0.846013760878646,4.158645181729959,299.7690140410933,2.0,24
2171.0,1,charge,0.8209290668999207,4.155690066677282,301.7183331952684,2.5,24
2171.0,2,charge,0.8336241655787799,4.1531122038963515,300.5596893698921,2.0,24
2171.0,3,charge,0.8461585076179395,4.158683998103393,299.7693097419866,2.0,24
2172.0,1,charge,0.8210921786873772,4.155690755100428,301.71854677430855,2.5,24
2172.0,2,charge,0.8337624043886446,4.1530895547870195,300.55976484665234,2.0,24
2172.0,3,charge,0.8463032543572352,4.158722737684695,299.7696054654939,2.0,24
2173.0,1,charge,0.8212552904748387,4.155695342258076,301.7187598655597,2.5,24
2173.0,2,charge,0.8339006431985124,4.1530699817377235,300.55984001580225,2.0,24
2173.0,3,charge,0.8464480010965284,4.158761399960169,299.7699012120779,2.0,24
2174.0,1,charge,0.8214184022622951,4.155703478147373,301.71897248985283,2.5,24
2174.0,2,charge,0.8340388820083728,4.15305323476728,300.55991489051195,2.0,24
2174.0,3,charge,0.8465927478358193,4.158799985271905,299.77019698188485,2.0,24
2175.0,1,charge,0.8215815140497562,4.15571486974973,301.71918466699884,2.5,24
2175.0,2,charge,0.8341771208182375,4.15303910263081,300.5599894833207,2.0,24
2175.0,3,charge,0.8467374945751126,4.158838495103865,299.7704927746339,2.0,24
2176.0,1,charge,0.8217446258372173,4.15572926549811,301.7193964158892,2.5,24
2176.0,2,charge,0.8343153596281053,4.153027403089013,300.5600638061967,2.0,24
2176.0,3,charge,0.8468822413144085,4.158876930197146,299.77078859032514,2.0,24
2177.0,1,charge,0.8219077376246743,4.155746446265425,301.7196077545672,2.5,24
2177.0,2,charge,0.8344535984379657,4.153017978166277,300.5601378705741,2.0,24
2177.0,3,charge,0.8470269880537018,4.158915290944672,299.7710844290763,2.0,24
2178.0,1,charge,0.8220708494121354,4.155766215349118,301.71981870030777,2.5,24
2178.0,2,charge,0.8345918372478304,4.153010682757977,300.5602116874261,2.0,24
2178.0,3,charge,0.8471717347929927,4.1589535762351675,299.77138029150956,2.0,24
2179.0,1,charge,0.8222339611995917,4.155788396075176,301.72002926966354,2.5,24
2179.0,2,charge,0.8347300760576982,4.153005387220178,300.56028526727073,2.0,24
2179.0,3,charge,0.847316481532286,4.158991788161143,299.77167617718385,2.0,24
2180.0,1,charge,0.8223970729870553,4.155812833675293,301.7202394784803,2.5,24
2180.0,2,charge,0.8348683148675586,4.153001976181783,300.5603586201921,2.0,24
2180.0,3,charge,0.8474612282715819,4.159029927492883,299.7719720860991,2.0,24
2181.0,1,charge,0.8225601847745114,4.155839389635135,301.72044934194827,2.5,24
2181.0,2,charge,0.8350065536774233,4.153000345599625,300.5604317558674,2.0,24
2181.0,3,charge,0.8476059750108752,4.159067995006765,299.77226801825526,2.0,24
2182.0,1,charge,0.8227232965619733,4.155867937632182,301.7206588746439,2.5,24
2182.0,2,charge,0.8351447924872912,4.153000400955644,300.5605046835892,2.0,24
2182.0,3,charge,0.8477507217501661,4.159105989541179,299.772563974312,2.0,24
2183.0,1,charge,0.8228864083494296,4.155898364341104,301.7208680905545,2.5,24
2183.0,2,charge,0.8352830312971516,4.153002055408988,300.560577412288,2.0,24
2183.0,3,charge,0.8478954684894594,4.159143912288728,299.7728599541357,2.0,24
2184.0,1,charge,0.8230495201368906,4.155930563108816,301.72107700312455,2.5,24
2184.0,2,charge,0.8354212701070169,4.153005228869292,300.56064995054936,2.0,24
2184.0,3,charge,0.8480402152287553,4.159181764416518,299.77315595760234,2.0,24
2185.0,1,charge,0.8232126319243517,4.155964437148533,301.7212856252754,2.5,24
2185.0,2,charge,0.8355595089168841,4.153009846173007,300.56072230663733,2.0,24
2185.0,3,charge,0.8481849619680486,4.159219546659012,299.7734519847366,2.0,24
2186.0,1,charge,0.8233757437118081,4.155999895824317,301.72149396942655,2.5,24
2186.0,2,charge,0.8356977477267494,4.153015838119272,300.5607944885005,2.0,24
2186.0,3,charge,0.8483297087073395,4.159257259757253,299.7737480355632,2.0,24
2187.0,1,charge,0.8235388554992698,4.15603685419404,301.7217020475371,2.5,24
2187.0,2,charge,0.8358359865366102,4.153023138948293,300.56086650379456,2.0,24
2187.0,3,charge,0.8484744554466301,4.159294904458757,299.7740441101068,2.0,24
2188.0,1,charge,0.8237019672867262,4.156075234137676,301.7219098710986,2.5,24
2188.0,2,charge,0.8359742253464773,4.1530316875012385,300.56093835989066,2.0,24
2188.0,3,charge,0.8486192021859235,4.159332481517514,299.77434020839223,2.0,24
2189.0,1,charge,0.8238650790741897,4.156114961480055,301.72211745118295,2.5,24
2189.0,2,charge,0.8361124641563423,4.153041426425556,300.56101006388394,2.0,24
2189.0,3,charge,0.8487639489252193,4.159369991694093,299.7746363304442,2.0,24
2190.0,1,charge,0.824028190861646,4.156155967849765,301.72232479843683,2.5,24
2190.0,2,charge,0.8362507029662031,4.153052301377313,300.5610816226142,2.0,24
2190.0,3,charge,0.8489086956645127,4.1594074351495625,299.7749324765238,2.0,24
2191.0,1,charge,0.8241913026491071,4.156198188872599,301.7225319231154,2.5,24
2191.0,2,charge,0.8363889417760701,4.1530642619872795,300.5611530426629,2.0,24
2191.0,3,charge,0.8490534424038035,4.159444811893792,299.7752286469557,2.0,24
2192.0,1,charge,0.8243544144365641,4.156241564127415,301.722738835091,2.5,24
2192.0,2,charge,0.8365271805859352,4.153077260145285,300.5612243303776,2.0,24
2192.0,3,charge,0.8491981891430969,4.159482123467911,299.7755248414695,2.0,24
2193.0,1,charge,0.8245175262240252,4.156286036876901,301.7229455438734,2.5,24
2193.0,2,charge,0.8366654193957956,4.153091250770178,300.56129549187057,2.0,24
2193.0,3,charge,0.8493429358823927,4.159519370598799,299.7758210601146,2.0,24
2194.0,1,charge,0.8246806380114863,4.156331553362049,301.7231520586168,2.5,24
2194.0,2,charge,0.8368036582056628,4.153106190994235,300.56136653303395,2.0,24
2194.0,3,charge,0.8494876826216861,4.159556554020156,299.7761173029403,2.0,24
2195.0,1,charge,0.8248437497989426,4.156378062668249,301.72335838814837,2.5,24
2195.0,2,charge,0.8369418970155235,4.153122040070134,300.5614374595447,2.0,24
2195.0,3,charge,0.8496324293609767,4.159593674472499,299.776413569996,2.0,24
2196.0,1,charge,0.8250068615864043,4.156425516311581,301.7235645409875,2.5,24
2196.0,2,charge,0.8370801358253886,4.153138759190143,300.5615082768863,2.0,24
2196.0,3,charge,0.8497771761002701,4.159630732703176,299.7767098613312,2.0,24
2197.0,1,charge,0.8251699733738608,4.156473868834089,301.723770525318,2.5,24
2197.0,2,charge,0.8372183746352557,4.153156311338135,300.5615789903458,2.0,24
2197.0,3,charge,0.8499219228395659,4.159667729466278,299.7770061769952,2.0,24
2198.0,1,charge,0.8253330851613244,4.1565230767207435,301.7239763490379,2.5,24
2198.0,2,charge,0.8373566134451161,4.153174662048042,300.5616496049908,2.0,24
2198.0,3,charge,0.8500666695788592,4.159704665522666,299.7773025170374,2.0,24
2199.0,1,charge,0.8254961969487807,4.1565730974964925,301.7241820198017,2.5,24
2199.0,2,charge,0.8374948522549815,4.1531937770895375,300.56172012575666,2.0,24
2199.0,3,charge,0.8502114163181501,4.1597415413329815,299.77759888175405,2.0,24
2200.0,1,charge,0.8256593087362425,4.156623891829344,301.72438754495187,2.5,24
2200.0,2,charge,0.8376330910648486,4.153213623711937,300.5617905574023,2.0,24
2200.0,3,charge,0.8503561630574434,4.1597783578716685,299.77789527103505,2.0,24
2201.0,1,charge,0.8258224205236989,4.156675423084824,301.72459293154236,2.5,24
2201.0,2,charge,0.837771329874714,4.153234172716077,300.56186090446005,2.0,24
2201.0,3,charge,0.8505009097967393,4.1598151159130685,299.77819168493596,2.0,24
2202.0,1,charge,0.82598553231116,4.156727653932274,301.7247981864514,2.5,24
2202.0,2,charge,0.8379095686845744,4.153255394281094,300.56193117135643,2.0,24
2202.0,3,charge,0.8506456565360326,4.159851816234608,299.7784881235152,2.0,24
2203.0,1,charge,0.826148644098621,4.156780549850845,301.72500331627856,2.5,24
2203.0,2,charge,0.8380478074944417,4.153277259682134,300.5620013623682,2.0,24
2203.0,3,charge,0.8507904032753227,4.159888459620383,299.778784586831,2.0,24
2204.0,1,charge,0.8263117558860781,4.156834079536068,301.7252083273377,2.5,24
2204.0,2,charge,0.8381860463043069,4.15329974246572,300.562071481593,2.0,24
2204.0,3,charge,0.8509351500146161,4.159925046861216,299.7790810749419,2.0,24
2205.0,1,charge,0.8264748676735391,4.15688821079385,301.7254132257953,2.5,24
2205.0,2,charge,0.8383242851141676,4.153322817783989,300.56214153297157,2.0,24
2205.0,3,charge,0.8510798967539119,4.15996157875454,299.77937758790637,2.0,24
2206.0,1,charge,0.8266379794609982,4.15694291360737,301.7256180175768,2.5,24
2206.0,2,charge,0.8384625239240354,4.153346460469483,300.56221152034857,2.0,24
2206.0,3,charge,0.8512246434932053,4.159998056104469,299.77967412578255,2.0,24
2207.0,1,charge,0.826801091248459,4.156998160041015,301.72582270836034,2.5,24
2207.0,2,charge,0.8386007627338998,4.153370646970453,300.56228144741783,2.0,24
2207.0,3,charge,0.851369390232496,4.160034479948481,299.7799706886343,2.0,24
2208.0,1,charge,0.8269642030359154,4.157053922534233,301.72602730367026,2.5,24
2208.0,2,charge,0.8387390015437605,4.153395355371926,300.56235131771643,2.0,24
2208.0,3,charge,0.8515141369717892,4.160070851141035,299.78026727652076,2.0,24
2209.0,1,charge,0.8271273148233772,4.157110174949027,301.7262318088266,2.5,24
2209.0,2,charge,0.8388772403536275,4.1534205639265895,300.56242113469267,2.0,24
2209.0,3,charge,0.8516588837110851,4.160107170388393,299.78056388949767,2.0,24
2210.0,1,charge,0.8272904266108335,4.157166892174095,301.72643622894134,2.5,24
2210.0,2,charge,0.8390154791634927,4.153446252015948,300.56249090166665,2.0,24
2210.0,3,charge,0.8518036304503784,4.160143438535307,299.78086052762376,2.0,24
2211.0,1,charge,0.8274535383982946,4.1572240501085584,301.72664056897446,2.5,24
2211.0,2,charge,0.8391537179733534,4.15347239982964,300.5625606218285,2.0,24
2211.0,3,charge,0.8519483771896693,4.160179656432879,299.7811571909578,2.0,24
2212.0,1,charge,0.8276166501857556,4.157281625534408,301.72684483371063,2.5,24
2212.0,2,charge,0.8392919567832204,4.153498988325645,300.5626302982719,2.0,24
2212.0,3,charge,0.8520931239289626,4.160215824938675,299.78145387955846,2.0,24
2213.0,1,charge,0.8277797619732127,4.157339596363196,301.72704902774854,2.5,24
2213.0,2,charge,0.8394301955930858,4.153525999164604,300.5626999339848,2.0,24
2213.0,3,charge,0.8522378706682533,4.1602519449166095,299.7817505934845,2.0,24
2214.0,1,charge,0.8279428737606737,4.157397941097431,301.7272531555472,2.5,24
2214.0,2,charge,0.8395684344029463,4.153553414776771,300.5627695318444,2.0,24
2214.0,3,charge,0.8523826174075491,4.160288017236888,299.78204733279466,2.0,24
2215.0,1,charge,0.8281059855481299,4.157456638975448,301.72745722141553,2.5,24
2215.0,2,charge,0.8397066732128133,4.153581218264337,300.5628390946271,2.0,24
2215.0,3,charge,0.8525273641468425,4.16032404286828,299.7823440975383,2.0,24
2216.0,1,charge,0.8282690973355936,4.157515670442862,301.7276612294944,2.5,24
2216.0,2,charge,0.8398449120226785,4.153609393182121,300.56290862502664,2.0,24
2216.0,3,charge,0.8526721108861334,4.160360023085645,299.782640887734,2.0,24
2217.0,1,charge,0.8284322091230498,4.157575016544522,301.7278651837896,2.5,24
2217.0,2,charge,0.8399831508325392,4.1536379237722825,300.5629781256398,2.0,24
2217.0,3,charge,0.8528168576254267,4.160395958479219,299.78293770347085,2.0,24
2218.0,1,charge,0.8285953209105109,4.157634658802907,301.7280690881819,2.5,24
2218.0,2,charge,0.8401213896424063,4.153666795282301,300.56304759895716,2.0,24
2218.0,3,charge,0.8529616043647225,4.160431849963167,299.7832345448057,2.0,24
2219.0,1,charge,0.8287584326979679,4.157694579720966,301.7282729464043,2.5,24
2219.0,2,charge,0.8402596284522714,4.153695992977545,300.56311704740745,2.0,24
2219.0,3,charge,0.8531063511040159,4.160467698457725,299.7835314117952,2.0,24
2220.0,1,charge,0.828921544485429,4.157754762566938,301.72847676205697,2.5,24
2220.0,2,charge,0.8403978672621321,4.153725502804121,300.56318647333205,2.0,24
2220.0,3,charge,0.8532510978433068,4.16050350488924,299.7838283044963,2.0,24
2221.0,1,charge,0.8290846562728901,4.15781519101286,301.72868053863374,2.5,24
2221.0,2,charge,0.8405361060719992,4.153755311573918,300.56325587897476,2.0,24
2221.0,3,charge,0.8533958445826001,4.16053927019007,299.78412522296543,2.0,24
2222.0,1,charge,0.8292477680603464,4.157875849449086,301.72888427949965,2.5,24
2222.0,2,charge,0.8406743448818643,4.1537854063212984,300.56332526651886,2.0,24
2222.0,3,charge,0.8535405913218959,4.160574995298554,299.78442216725966,2.0,24
2223.0,1,charge,0.8294108798478074,4.1579367228679605,301.7290879878965,2.5,24
2223.0,2,charge,0.8408125836917247,4.153815774607886,300.5633946380727,2.0,24
2223.0,3,charge,0.8536853380611893,4.160610681159068,299.7847191374355,2.0,24
2224.0,1,charge,0.8295739916352644,4.157997796807242,301.72929166697014,2.5,24
2224.0,2,charge,0.8409508225015921,4.153846404502992,300.56346399566644,2.0,24
2224.0,3,charge,0.8538300848004798,4.160646329066161,299.78501613351415,2.0,24
2225.0,1,charge,0.8297371034227253,4.158059057339811,301.72949531975115,2.5,24
2225.0,2,charge,0.8410890613114526,4.153877284531542,300.56353334125953,2.0,24
2225.0,3,charge,0.8539748315397733,4.160681939850724,299.7853131555653,2.0,24
2226.0,1,charge,0.8299002152101844,4.158120491028649,301.72969894914746,2.5,24
2226.0,2,charge,0.8412273001213176,4.153908403630219,300.56360267675296,2.0,24
2226.0,3,charge,0.8541195782790691,4.1607175144174064,299.7856102036515,2.0,24
2227.0,1,charge,0.8300633269976463,4.158182084932955,301.72990255799925,2.5,24
2227.0,2,charge,0.8413655389311847,4.153939751148953,300.5636720039779,2.0,24
2227.0,3,charge,0.8542643250183624,4.160753053749618,299.7859072778279,2.0,24
2228.0,1,charge,0.8302264387851026,4.158243826554804,301.73010614904615,2.5,24
2228.0,2,charge,0.8415037777410455,4.153971316813939,300.56374132468875,2.0,24
2228.0,3,charge,0.8544090717576532,4.1607885588364875,299.7862043781495,2.0,24
2229.0,1,charge,0.8303895505725635,4.158305703818545,301.73030972494206,2.5,24
2229.0,2,charge,0.8416420165509105,4.154003090736759,300.5638106406038,2.0,24
2229.0,3,charge,0.8545538184969467,4.160824030672858,299.7865015046715,2.0,24
2230.0,1,charge,0.8305526623600247,4.158367705077394,301.73051328825204,2.5,24
2230.0,2,charge,0.8417802553607779,4.154035063371598,300.56387995337883,2.0,24
2230.0,3,charge,0.8546985652362417,4.160859470259267,299.78679865744886,2.0,24
2231.0,1,charge,0.8307157741474811,4.158429819568257,301.7307168413445,2.5,24
2231.0,2,charge,0.841918494170643,4.154067225501286,300.56394926461843,2.0,24
2231.0,3,charge,0.8548433119755351,4.160894878601885,299.7870958365368,2.0,24
2232.0,1,charge,0.8308788859349427,4.158492036235192,301.73092038666647,2.5,24
2232.0,2,charge,0.8420567329805034,4.15409956821769,300.5640185758784,2.0,24
2232.0,3,charge,0.8549880587148259,4.160930256831097,299.7873930419817,2.0,24
2233.0,1,charge,0.8310419977223991,4.158554344606907,301.7311239265365,2.5,24
2233.0,2,charge,0.8421949717903708,4.154132083292706,300.5640878885862,2.0,24
2233.0,3,charge,0.8551328054541192,4.160965606094458,299.78769027382936,2.0,24
2234.0,1,charge,0.8312051095098628,4.158616734533096,301.7313274632057,2.5,24
2234.0,2,charge,0.8423332106002313,4.154164762365976,300.5641572042122,2.0,24
2234.0,3,charge,0.8552775521934152,4.1610009272795745,299.7879875321445,2.0,24
2235.0,1,charge,0.8313682212973189,4.158679196160474,301.7315309988621,2.5,24
2235.0,2,charge,0.8424714494100963,4.1541975974387695,300.56422652416404,2.0,24
2235.0,3,charge,0.8554222989327085,4.161036221426257,299.78828481698145,2.0,24
2236.0,1,charge,0.8315313330847801,4.158741720956067,301.7317345354336,2.5,24
2236.0,2,charge,0.8426096882199635,4.154230580796063,300.564295849802,2.0,24
2236.0,3,charge,0.855567045671999,4.161071489579728,299.7885821283944,2.0,24
2237.0,1,charge,0.8316944448722371,4.158804299536177,301.73193807500564,2.5,24
2237.0,2,charge,0.8427479270298239,4.154263704958787,300.5643651824482,2.0,24
2237.0,3,charge,0.8557117924112925,4.161106732790637,299.78887946643766,2.0,24
2238.0,1,charge,0.8318575566596981,4.158866923076898,301.73214161955104,2.5,24
2238.0,2,charge,0.8428861658396892,4.154296963107823,300.5644345233164,2.0,24
2238.0,3,charge,0.8558565391505883,4.161141952114956,299.78917683116543,2.0,24
2239.0,1,charge,0.8320206684471593,4.158929583092769,301.7323451709716,2.5,24
2239.0,2,charge,0.8430244046495566,4.1543303486198635,300.56450387358814,2.0,24
2239.0,3,charge,0.8560012858898817,4.161177148614086,299.78947422263195,2.0,24
2240.0,1,charge,0.8321837802346154,4.158992271349161,301.73254873111557,2.5,24
2240.0,2,charge,0.8431626434594168,4.154363854617597,300.56457323448785,2.0,24
2240.0,3,charge,0.8561460326291724,4.161212323356178,299.78977164089133,2.0,24
2241.0,1,charge,0.8323468920220765,4.159054980579059,301.7327523016438,2.5,24
2241.0,2,charge,0.8433008822692821,4.154397474684374,300.5646426071641,2.0,24
2241.0,3,charge,0.8562907793684658,4.161247477651698,299.7900690859904,2.0,24
2242.0,1,charge,0.8325100038095335,4.159117703232875,301.73295588426333,2.5,24
2242.0,2,charge,0.8434391210791495,4.154431202603349,300.5647119927327,2.0,24
2242.0,3,charge,0.8564355261077616,4.161282612418679,299.79036655798836,2.0,24
2243.0,1,charge,0.8326731155969946,4.159180431857338,301.7331594806571,2.5,24
2243.0,2,charge,0.8435773598890097,4.154465032474979,300.56478139225857,2.0,24
2243.0,3,charge,0.8565802728470551,4.161317728747934,299.7906640569392,2.0,24
2244.0,1,charge,0.8328362273844534,4.159243159413725,301.73336309242484,2.5,24
2244.0,2,charge,0.8437155986988751,4.154498959188366,300.5648508066822,2.0,24
2244.0,3,charge,0.8567250195863458,4.161352827735407,299.7909615828969,2.0,24
2245.0,1,charge,0.8329993391719146,4.159305879090821,301.73356672111817,2.5,24
2245.0,2,charge,0.8438538375087422,4.154532976903932,300.564920237056,2.0,24
2245.0,3,charge,0.8568697663256392,4.161387910482223,299.7912591359153,2.0,24
2246.0,1,charge,0.8331624509593716,4.1593685845199335,301.7337703681985,2.5,24
2246.0,2,charge,0.8439920763186026,4.154567080329008,300.56498968434573,2.0,24
2246.0,3,charge,0.857014513064935,4.16142297809449,299.7915567160486,2.0,24
2247.0,1,charge,0.8333255627468327,4.159431269545967,301.733974035082,2.5,24
2247.0,2,charge,0.844130315128468,4.154601264350856,300.5650591494877,2.0,24
2247.0,3,charge,0.8571592598042285,4.161458031683404,299.7918543233506,2.0,24
2248.0,1,charge,0.8334886745342936,4.159493928016184,301.7341777231817,2.5,24
2248.0,2,charge,0.8442685539383351,4.154635524026996,300.5651286333906,2.0,24
2248.0,3,charge,0.857304006543519,4.161493072365139,299.7921519578754,2.0,24
2249.0,1,charge,0.83365178632175,4.159556554104492,301.7343814338439,2.5,24
2249.0,2,charge,0.8444067927481955,4.154669854698818,300.5651981369178,2.0,24
2249.0,3,charge,0.8574487532828099,4.161528101279795,299.7924496196767,2.0,24
2250.0,1,charge,0.8338148981092111,4.159619142191188,301.7345851683716,2.5,24
2250.0,2,charge,0.8445450315580602,4.154704251985868,300.5652676608883,2.0,24
2250.0,3,charge,0.8575935000221032,4.161563119591685,299.79274730880815,2.0,24
2250.0,1,charge,0.8338148981092101,4.159619142191188,301.7345851683716,2.5,25
2250.0,1,charge,0.8338148981092111,4.159619142191188,301.7345851683716,2.5,25
2250.0,2,charge,0.8445450315580616,4.154704251985868,300.5652676608883,2.0,25
2250.0,2,charge,0.8445450315580602,4.154704251985868,300.5652676608883,2.0,25
2250.0,3,charge,0.8575935000221058,4.161563119591685,299.79274730880815,2.0,25
2250.0,3,charge,0.8575935000221032,4.161563119591685,299.79274730880815,2.0,25
2251.0,1,charge,0.8339780098966681,4.15968169445024,301.734788929195,2.5,25
2251.0,2,charge,0.844683270367928,4.154738717997915,300.56533720710274,2.0,25
2251.0,3,charge,0.8577382467613991,4.161598131471966,299.79304503920883,2.0,25
2252.0,1,charge,0.8341411216841291,4.159744190777424,301.7349927154492,2.5,25
2252.0,2,charge,0.8448215091777884,4.154773235855067,300.56540677456456,2.0,25
2252.0,3,charge,0.8578829935006924,4.161633136137833,299.7933428026703,2.0,25
2253.0,1,charge,0.834304233471588,4.159806631202045,301.7351965297139,2.5,25
2253.0,2,charge,0.844959747987653,4.154807805746966,300.56547636515006,2.0,25
2253.0,3,charge,0.8580277402399833,4.161668131898528,299.79364058572315,2.0,25
2254.0,1,charge,0.834467345259049,4.159869012744204,301.73540037255964,2.5,25
2254.0,2,charge,0.8450979867975209,4.1548424255260095,300.5655459792026,2.0,25
2254.0,3,charge,0.8581724869792765,4.1617031201349795,299.7939383893119,2.0,25
2255.0,1,charge,0.8346304570465062,4.159931331329686,301.7356042450589,2.5,25
2255.0,2,charge,0.8452362256073813,4.154877091955541,300.5656156174299,2.0,25
2255.0,3,charge,0.8583172337185724,4.161738103768316,299.79423622205917,2.0,25
2256.0,1,charge,0.8347935688339672,4.159993581586958,301.7358081485315,2.5,25
2256.0,2,charge,0.845374464417246,4.154911800614924,300.56568528069766,2.0,25
2256.0,3,charge,0.8584619804578657,4.161773083111006,299.7945340793613,2.0,25
2257.0,1,charge,0.8349566806214234,4.160055759772787,301.7360120838601,2.5,25
2257.0,2,charge,0.8455127032271138,4.154946548755583,300.5657549695412,2.0,25
2257.0,3,charge,0.8586067271971565,4.161808059664014,299.79483196308064,2.0,25
2258.0,1,charge,0.8351197924088846,4.160117862303846,301.73621605189885,2.5,25
2258.0,2,charge,0.8456509420369742,4.154981333493716,300.56582468452905,2.0,25
2258.0,3,charge,0.8587514739364498,4.1618430348709206,299.7951298746649,2.0,25
2259.0,1,charge,0.8352829041963457,4.160179884679938,301.73642005373983,2.5,25
2259.0,2,charge,0.8457891808468389,4.155016151115083,300.5658944263851,2.0,25
2259.0,3,charge,0.8588962206757449,4.161878009798482,299.79542781297283,2.0,25
2260.0,1,charge,0.8354460159838026,4.160241820443838,301.7366240909864,2.5,25
2260.0,2,charge,0.8459274196567067,4.155050996629208,300.5659641960758,2.0,25
2260.0,3,charge,0.859040967415039,4.161912985653464,299.7957257799718,2.0,25
2261.0,1,charge,0.8356091277712636,4.160303668671075,301.7368281638225,2.5,25
2261.0,2,charge,0.8460656584665669,4.155085869136422,300.5660339937999,2.0,25
2261.0,3,charge,0.8591857141543291,4.16194796369207,299.7960237749054,2.0,25
2262.0,1,charge,0.8357722395587198,4.160365427633545,301.73703227264355,2.5,25
2262.0,2,charge,0.8462038972764317,4.155120767805335,300.5661038197457,2.0,25
2262.0,3,charge,0.8593304608936223,4.1619829451681465,299.79632179742106,2.0,25
2263.0,1,charge,0.8359353513461836,4.160427090227488,301.7372364192437,2.5,25
2263.0,2,charge,0.8463421360862996,4.1551556864936225,300.56617367510626,2.0,25
2263.0,3,charge,0.8594752076329183,4.162017931334101,299.7966198475189,2.0,25
2264.0,1,charge,0.8360984631336399,4.160488655578719,301.73744060381074,2.5,25
2264.0,2,charge,0.8464803748961598,4.15519062484001,300.5662435599865,2.0,25
2264.0,3,charge,0.8596199543722116,4.1620529233632775,299.79691792539586,2.0,25
2265.0,1,charge,0.8362615749211016,4.160550120545546,301.7376448271261,2.5,25
2265.0,2,charge,0.8466186137060244,4.155225580511088,300.5663134748664,2.0,25
2265.0,3,charge,0.8597647011115024,4.1620879211088475,299.7972160343761,2.0,25
2266.0,1,charge,0.8364246867085579,4.160611480780032,301.7378490902951,2.5,25
2266.0,2,charge,0.8467568525158898,4.155260549892524,300.56638342047233,2.0,25
2266.0,3,charge,0.8599094478507957,4.162122927080649,299.79751417152244,2.0,25
2267.0,1,charge,0.8365877984960189,4.160672733660464,301.73805339397654,2.5,25
2267.0,2,charge,0.8468950913257527,4.15529553102575,300.5664533972187,2.0,25
2267.0,3,charge,0.8600541945900916,4.162157942548221,299.79781233683497,2.0,25
2268.0,1,charge,0.8367509102834801,4.160733876189633,301.738257738937,2.5,25
2268.0,2,charge,0.8470333301356173,4.155330521542358,300.56652340560123,2.0,25
2268.0,3,charge,0.8601989413293848,4.162192968785315,299.79811053031364,2.0,25
2269.0,1,charge,0.8369140220709363,4.160794905610894,301.73846212589024,2.5,25
2269.0,2,charge,0.8471715689454827,4.155365519373561,300.5665934460632,2.0,25
2269.0,3,charge,0.8603436880686757,4.162228007069881,299.7984087519584,2.0,25
2270.0,1,charge,0.8370771338583982,4.160855818794802,301.7386665556473,2.5,25
2270.0,2,charge,0.8473098077553448,4.155400522042336,300.5666635191255,2.0,25
2270.0,3,charge,0.8604884348079689,4.1622630586839895,299.7987070017693,2.0,25
2271.0,1,charge,0.8372402456458544,4.160916613335893,301.7388710288427,2.5,25
2271.0,2,charge,0.8474480465652102,4.155435527595228,300.5667336252143,2.0,25
2271.0,3,charge,0.8606331815472649,4.162298124913951,299.7990052797464,2.0,25
2272.0,1,charge,0.8374033574333182,4.160977286986599,301.7390755460767,2.5,25
2272.0,2,charge,0.8475862853750756,4.155470534500598,300.5668037646793,2.0,25
2272.0,3,charge,0.8607779282865582,4.162333207050136,299.7993035858896,2.0,25
2273.0,1,charge,0.8375664692207745,4.161037836844281,301.7392801081222,2.5,25
2273.0,2,charge,0.8477245241849377,4.1555055404272885,300.56687393802224,2.0,25
2273.0,3,charge,0.860922675025849,4.162368306387056,299.79960192019894,2.0,25
2274.0,1,charge,0.8377295810082362,4.161098261029645,301.7394847154972,2.5,25
2274.0,2,charge,0.8478627629948031,4.155540543836098,300.5669441455992,2.0,25
2274.0,3,charge,0.8610674217651397,4.162403424223325,299.7999002826745,2.0,25
2275.0,1,charge,0.8378926927956923,4.161158557405118,301.7396893687915,2.5,25
2275.0,2,charge,0.8480010018046685,4.155575543317878,300.56701438774445,2.0,25
2275.0,3,charge,0.861212168504433,4.162438561861604,299.8001986733161,2.0,25
2276.0,1,charge,0.8380558045831534,4.161218723492587,301.7398940686871,2.5,25
2276.0,2,charge,0.8481392406145307,4.155610536881692,300.5670846649031,2.0,25
2276.0,3,charge,0.861356915243729,4.16247371954061,299.8004970937716,2.0,25
2277.0,1,charge,0.8382189163706146,4.161278758128322,301.74009881553815,2.5,25
2277.0,2,charge,0.848277479424396,4.155645523532964,300.5671549773372,2.0,25
2277.0,3,charge,0.8615016619830222,4.162508897989364,299.8007955449363,2.0,25
2278.0,1,charge,0.8383820281580711,4.161338659254486,301.7403036099308,2.5,25
2278.0,2,charge,0.8484157182342614,4.155680502028876,300.56722532535713,2.0,25
2278.0,3,charge,0.8616464087223131,4.162544099767574,299.8010940248882,2.0,25
2279.0,1,charge,0.8385451399455327,4.161398424799346,301.74050845246046,2.5,25
2279.0,2,charge,0.8485539570441243,4.155715470680931,300.5672957093582,2.0,25
2279.0,3,charge,0.8617911554616063,4.162579326193185,299.80139253362717,2.0,25
2280.0,1,charge,0.838708251732989,4.16145805282712,301.74071334369336,2.5,25
2280.0,2,charge,0.8486921958539889,4.155750428023849,300.5673661296967,2.0,25
2280.0,3,charge,0.8619359022009023,4.162614578588002,299.80169107115324,2.0,25
2281.0,1,charge,0.8388713635204528,4.161517541409745,301.7409182841996,2.5,25
2281.0,2,charge,0.8488304346638543,4.155785372591073,300.56743658673145,2.0,25
2281.0,3,charge,0.8620806489401955,4.162649858277693,299.8019896374664,2.0,25
2282.0,1,charge,0.8390344753079091,4.161576889283021,301.7411232743867,2.5,25
2282.0,2,charge,0.8489686734737165,4.155820303094145,300.5675070807902,2.0,25
2282.0,3,charge,0.8622253956794863,4.162685166591721,299.8022882325667,2.0,25
2283.0,1,charge,0.8391975870953707,4.161636095874458,301.7413283144922,2.5,25
2283.0,2,charge,0.8491069122835818,4.155855219859844,300.567577611903,2.0,25
2283.0,3,charge,0.8623701424187796,4.162720504863394,299.80258685645407,2.0,25
2284.0,1,charge,0.839360698882827,4.161695158842145,301.7415334052063,2.5,25
2284.0,2,charge,0.8492451510934472,4.155890120791062,300.5676481805519,2.0,25
2284.0,3,charge,0.8625148891580754,4.162755874429767,299.8028855091286,2.0,25
2285.0,1,charge,0.8395238106702884,4.161754076675821,301.74173854701456,2.5,25
2285.0,2,charge,0.8493833899033094,4.155925004760576,300.5677187870411,2.0,25
2285.0,3,charge,0.862659635897368,4.162791276631685,299.8031841905901,2.0,25
2286.0,1,charge,0.8396869224577493,4.161812847906424,301.7419437403971,2.5,25
2286.0,2,charge,0.8495216287131747,4.155959870669991,300.56778943167154,2.0,25
2286.0,3,charge,0.8628043826366589,4.162826712813738,299.8034829008389,2.0,25
2287.0,1,charge,0.8398500342452055,4.161871471106062,301.74214898582915,2.5,25
2287.0,2,charge,0.8496598675230401,4.15599471744991,300.5678601147407,2.0,25
2287.0,3,charge,0.8629491293759523,4.162862184324209,299.80378163987467,2.0,25
2288.0,1,charge,0.8400131460326673,4.1619299461490815,301.74235428346265,2.5,25
2288.0,2,charge,0.8497981063329031,4.156029544736197,300.5679308364179,2.0,25
2288.0,3,charge,0.8630938761152481,4.162897690347698,299.80408041096115,2.0,25
2289.0,1,charge,0.8401762578201236,4.161988271446573,301.7425596338229,2.5,25
2289.0,2,charge,0.8499363451427677,4.156064351991818,300.56800159690613,2.0,25
2289.0,3,charge,0.8632386228545412,4.162933233548788,299.8043792121207,2.0,25
2290.0,1,charge,0.8403393696075874,4.162046445831978,301.7427650373339,2.5,25
2290.0,2,charge,0.850074583952633,4.156099138075778,300.56807239652187,2.0,25
2290.0,3,charge,0.8633833695938321,4.162968815715254,299.80467804270523,2.0,25
2291.0,1,charge,0.8405024813950435,4.162104468311968,301.7429704943809,2.5,25
2291.0,2,charge,0.850212822762496,4.15613390227461,300.56814323550475,2.0,25
2291.0,3,charge,0.8635281163331253,4.163004438208395,299.80497690271494,2.0,25
2292.0,1,charge,0.8406655931825047,4.162162337958788,301.7431760053375,2.5,25
2292.0,2,charge,0.8503510615723606,4.156168643926165,300.56821411408663,2.0,25
2292.0,3,charge,0.8636728630724213,4.163040102393042,299.8052757921496,2.0,25
2293.0,1,charge,0.8408287049699615,4.162220053960324,301.74338157055445,2.5,25
2293.0,2,charge,0.8504893003822259,4.156203362420709,300.56828503249164,2.0,25
2293.0,3,charge,0.863817609811712,4.163075809637478,299.80557471100934,2.0,25
2294.0,1,charge,0.8409918167574226,4.16227761559677,301.7435871903653,2.5,25
2294.0,2,charge,0.8506275391920889,4.156238057334921,300.5683559909136,2.0,25
2294.0,3,charge,0.8639623565510053,4.163111561313433,299.8058736592942,2.0,25
2295.0,1,charge,0.8411549285448789,4.162335022109513,301.74379286511413,2.5,25
2295.0,2,charge,0.8507657780019535,4.156272728110064,300.56842698956984,2.0,25
2295.0,3,charge,0.864107103290296,4.163147358796059,299.8061726370041,2.0,25
2296.0,1,charge,0.8413180403323399,4.1623922728563905,301.7439985951222,2.5,25
2296.0,2,charge,0.8509040168118188,4.156307374311073,300.5684980286581,2.0,25
2296.0,3,charge,0.8642518500295894,4.163183203463914,299.80647164413904,2.0,25
2297.0,1,charge,0.841481152119801,4.162449367262218,301.74420438069836,2.5,25
2297.0,2,charge,0.8510422556216818,4.156341995555843,300.5685691083677,2.0,25
2297.0,3,charge,0.8643965967688851,4.163219096698895,299.80677068069906,2.0,25
2298.0,1,charge,0.841644263907258,4.162506304818612,301.74441022213966,2.5,25
2298.0,2,charge,0.8511804944315464,4.1563765915151,300.5686402288803,2.0,25
2298.0,3,charge,0.8645413435081784,4.163255039886283,299.8070697466842,2.0,25
2299.0,1,charge,0.8418073756947191,4.162563084566722,301.74461611986794,2.5,25
2299.0,2,charge,0.8513187332414117,4.156411161709384,300.5687113904085,2.0,25
2299.0,3,charge,0.8646860902474686,4.163291033925058,299.8073688428798,2.0,25
2300.0,1,charge,0.8419704874821753,4.162619706275434,301.74482207411745,2.5,25
2300.0,2,charge,0.8514569720512747,4.1564457056586255,300.5687825931671,2.0,25
2300.0,3,charge,0.8648308369867618,4.163327078547574,299.8076679719408,2.0,25
2301.0,1,charge,0.8421335992696389,4.1626761695618,301.7450280851681,2.5,25
2301.0,2,charge,0.8515952108611395,4.15648022328036,300.5688538372966,2.0,25
2301.0,3,charge,0.864975583726058,4.163363176884984,299.8079671310757,2.0,25
2302.0,1,charge,0.8422967110570952,4.16273247407859,301.74523415329566,2.5,25
2302.0,2,charge,0.8517334496710074,4.156514714364101,300.5689251229642,2.0,25
2302.0,3,charge,0.8651203304653511,4.163399330333563,299.8082663202845,2.0,25
2303.0,1,charge,0.842459822844557,4.162788619534707,301.7454402787664,2.5,25
2303.0,2,charge,0.8518716884808676,4.156549178742715,300.5689964503306,2.0,25
2303.0,3,charge,0.8652650772046417,4.163435540292691,299.80856553956704,2.0,25
2304.0,1,charge,0.8426229346320133,4.162844605473888,301.74564646189543,2.5,25
2304.0,2,charge,0.8520099272907322,4.156583616292367,300.5690678195506,2.0,25
2304.0,3,charge,0.8654098239439352,4.163471808164805,299.8088647889235,2.0,25
2305.0,1,charge,0.8427860464194744,4.162900431455958,301.7458527029989,2.5,25
2305.0,2,charge,0.8521481661006003,4.156618026476207,300.5691392308596,2.0,25
2305.0,3,charge,0.8655545706832309,4.1635081353554115,299.8091640683537,2.0,25
2306.0,1,charge,0.8429491582069355,4.162956097443955,301.7460590022915,2.5,25
2306.0,2,charge,0.8522864049104607,4.156652409356895,300.56921068438066,2.0,25
2306.0,3,charge,0.8656993174225242,4.163544523273056,299.80946337785787,2.0,25
2307.0,1,charge,0.8431122699943918,4.163011603271736,301.7462653600273,2.5,25
2307.0,2,charge,0.8524246437203253,4.156686764888257,300.5692821802593,2.0,25
2307.0,3,charge,0.865844064161815,4.163580973329287,299.8097627174358,2.0,25
2308.0,1,charge,0.8432753817818536,4.16306694881901,301.74647177645335,2.5,25
2308.0,2,charge,0.8525628825301932,4.15672109302378,300.56935371864313,2.0,25
2308.0,3,charge,0.8659888109011082,4.163617486938634,299.8100620870875,2.0,25
2309.0,1,charge,0.8434384935693098,4.16312213401117,301.7466782518095,2.5,25
2309.0,2,charge,0.8527011213400536,4.156755393750922,300.56942529967523,2.0,25
2309.0,3,charge,0.8661335576404043,4.163654065518602,299.8103614868131,2.0,25
2310.0,1,charge,0.8436016053567735,4.163177158510026,301.7468847864114,2.5,25
2310.0,2,charge,0.8528393601499182,4.156789667005871,300.56949692351037,2.0,25
2310.0,3,charge,0.8662783043796976,4.1636907104895675,299.81066091661256,2.0,25
2311.0,1,charge,0.8437647171442298,4.163232022442399,301.7470913804556,2.5,25
2311.0,2,charge,0.8529775989597861,4.156823912660592,300.5695685903176,2.0,25
2311.0,3,charge,0.8664230511189884,4.163727421924358,299.8109603788432,2.0,25
2312.0,1,charge,0.8439278289316916,4.163286725817242,301.7472980341752,2.5,25
2312.0,2,charge,0.8531158377696465,4.156858130869079,300.56964030021373,2.0,25
2312.0,3,charge,0.8665677978582816,4.163764201343228,299.81125987332763,2.0,25
2313.0,1,charge,0.8440909407191478,4.1633412686834355,301.7475047477979,2.5,25
2313.0,2,charge,0.8532540765795111,4.156892321702913,300.56971205333315,2.0,25
2313.0,3,charge,0.8667125445975723,4.163801051042854,299.81155939854386,2.0,25
2314.0,1,charge,0.8442540525066091,4.163395651129614,301.7477115215457,2.5,25
2314.0,2,charge,0.853392315389379,4.156926485262197,300.56978384980675,2.0,25
2314.0,3,charge,0.8668572913368684,4.1638379724524714,299.8118589544918,2.0,25
2315.0,1,charge,0.8444171642940701,4.163449873210016,301.747918355655,2.5,25
2315.0,2,charge,0.8535305541992394,4.156960621675532,300.5698556897617,2.0,25
2315.0,3,charge,0.8670020380761616,4.163874967003923,299.81215854117164,2.0,25
2316.0,1,charge,0.8445802760815264,4.1635039350266165,301.7481252503545,2.5,25
2316.0,2,charge,0.853668793009104,4.156994730984633,300.56992757334393,2.0,25
2316.0,3,charge,0.8671467848154525,4.163912036131741,299.81245815858324,2.0,25
2317.0,1,charge,0.8447433878689882,4.163557836807708,301.74833220584395,2.5,25
2317.0,2,charge,0.8538070318189719,4.157028813376814,300.5699995006729,2.0,25
2317.0,3,charge,0.8672915315547457,4.163949181273084,299.8127578067266,2.0,25
2318.0,1,charge,0.8449064996564444,4.1636115787705155,301.74853922233115,2.5,25
2318.0,2,charge,0.8539452706288323,4.157062869061368,300.5700714718659,2.0,25
2318.0,3,charge,0.8674362782940418,4.163986403867727,299.8130574856018,2.0,25
2319.0,1,charge,0.8450696114439081,4.163665161168579,301.748746300019,2.5,25
2319.0,2,charge,0.8540835094386977,4.157096898252237,300.57014348704104,2.0,25
2319.0,3,charge,0.867581025033335,4.1640237053579865,299.81335719520877,2.0,25
2320.0,1,charge,0.8452327232313644,4.163718584286281,301.74895343910725,2.5,25
2320.0,2,charge,0.8542217482485648,4.1571309011888635,300.5702155463131,2.0,25
2320.0,3,charge,0.8677257717726259,4.164061087188739,299.81365693554756,2.0,25
2321.0,1,charge,0.8453958350188254,4.163771848319874,301.74916063982425,2.5,25
2321.0,2,charge,0.854359987058425,4.157164878110836,300.57028764979884,2.0,25
2321.0,3,charge,0.8678705185119191,4.164098550807396,299.81395670661817,2.0,25
2322.0,1,charge,0.8455589468062824,4.163824953677436,301.74936790234625,2.5,25
2322.0,2,charge,0.8544982258682898,4.157198829212369,300.5703597976255,2.0,25
2322.0,3,charge,0.8680152652512152,4.164136097663831,299.81425650842056,2.0,25
2323.0,1,charge,0.8457220585937434,4.163877900733334,301.74957522686356,2.5,25
2323.0,2,charge,0.8546364646781577,4.157232754843386,300.57043198989203,2.0,25
2323.0,3,charge,0.8681600119905084,4.164173727072181,299.81455634502436,2.0,25
2324.0,1,charge,0.8458851703812047,4.163930689895402,301.7497826135623,2.5,25
2324.0,2,charge,0.8547747034880179,4.157266655322408,300.57050422670505,2.0,25
2324.0,3,charge,0.8683047587297992,4.164211442201435,299.81485621314494,2.0,25
2325.0,1,charge,0.8460482821686608,4.163983321604855,301.7499900626244,2.5,25
2325.0,2,charge,0.8549129422978827,4.157300530990841,300.57057650816876,2.0,25
2325.0,3,charge,0.8684495054690924,4.164249244567647,299.8151561126643,2.0,25
2326.0,1,charge,0.846211393956122,4.164035796224722,301.7501975742577,2.5,25
2326.0,2,charge,0.8550511811077507,4.157334382213014,300.5706488343844,2.0,25
2326.0,3,charge,0.8685942522083884,4.1642871356272675,299.8154560435824,2.0,25
2327.0,1,charge,0.8463745057435788,4.164088114196181,301.75040514865367,2.5,25
2327.0,2,charge,0.8551894199176108,4.157368209246875,300.57072120547525,2.0,25
2327.0,3,charge,0.8687389989476816,4.164325116839035,299.8157560058994,2.0,25
2328.0,1,charge,0.84653761753104,4.164140276089764,301.750612785974,2.5,25
2328.0,2,charge,0.8553276587274757,4.157402012476735,300.57079362154224,2.0,25
2328.0,3,charge,0.8688837456869725,4.1643631896639,299.8160559996152,2.0,25
2329.0,1,charge,0.8467007293184987,4.16419228244853,301.7508204863925,2.5,25
2329.0,2,charge,0.8554658975373436,4.157435792349726,300.57086608267576,2.0,25
2329.0,3,charge,0.8690284924262656,4.164401355564947,299.81635602472966,2.0,25
2330.0,1,charge,0.8468638411059598,4.164244133847303,301.75102825007923,2.5,25
2330.0,2,charge,0.8556041363472037,4.15746954929257,300.5709385889718,2.0,25
2330.0,3,charge,0.8691732391655611,4.164439616007455,299.816656081243,2.0,25
2331.0,1,charge,0.8470269528934168,4.164295830892753,301.7512360772,2.5,25
2331.0,2,charge,0.8557423751570686,4.157503283753367,300.57101114052386,2.0,25
2331.0,3,charge,0.8693179859048542,4.164477972458812,299.8169561691551,2.0,25
2332.0,1,charge,0.8471900646808779,4.164347374223647,301.7514439679171,2.5,25
2332.0,2,charge,0.8558806139669365,4.157536996201773,300.5710837374228,2.0,25
2332.0,3,charge,0.8694627326441449,4.164516426388499,299.817256288466,2.0,25
2333.0,1,charge,0.8473531764683341,4.164398764511022,301.75165192238865,2.5,25
2333.0,2,charge,0.8560188527767966,4.157570687129216,300.5711563797571,2.0,25
2333.0,3,charge,0.8696074793834381,4.16455497926805,299.8175564391757,2.0,25
2334.0,1,charge,0.8475162882557953,4.164450002458411,301.7518599407685,2.5,25
2334.0,2,charge,0.8561570915866612,4.157604357049044,300.5712290676124,2.0,25
2334.0,3,charge,0.8697522261227342,4.16459363223366,299.8178566219597,2.0,25
2335.0,1,charge,0.8476794000432566,4.164501088728114,301.7520680232263,2.5,25
2335.0,2,charge,0.8562953303965294,4.157638006496746,300.57130180107197,2.0,25
2335.0,3,charge,0.8698969728620274,4.164632386278947,299.8181568377741,2.0,25
2336.0,1,charge,0.8478425118307134,4.164552023922967,301.75227616995227,2.5,25
2336.0,2,charge,0.8564335692063895,4.1576716359726245,300.5713745802269,2.0,25
2336.0,3,charge,0.8700417196013183,4.164671243406137,299.81845708556017,2.0,25
2337.0,1,charge,0.8480056236181746,4.1646028088709866,301.7524843810806,2.5,25
2337.0,2,charge,0.8565718080162544,4.157705245932667,300.5714474051789,2.0,25
2337.0,3,charge,0.8701864663406089,4.164710205091959,299.81875736531777,2.0,25
2338.0,1,charge,0.8481687354056333,4.164653444332393,301.7526926567684,2.5,25
2338.0,2,charge,0.8567100468261223,4.157738836962386,300.5715202760058,2.0,25
2338.0,3,charge,0.8703312130799021,4.164749272814961,299.819057677047,2.0,25
2339.0,1,charge,0.8483318471930946,4.164703931086914,301.752900997172,2.5,25
2339.0,2,charge,0.8568482856359825,4.157772409609006,300.57159319279486,2.0,25
2339.0,3,charge,0.8704759598191982,4.164788448055492,299.81935802074787,2.0,25
2340.0,1,charge,0.8484949589805506,4.164754269932779,301.75310940244714,2.5,25
2340.0,2,charge,0.8569865244458473,4.15780596442704,300.57166615563307,2.0,25
2340.0,3,charge,0.8706207065584914,4.164827732295674,299.8196583964203,2.0,25
2340.0,1,charge,0.8484949589805522,4.164754269932779,301.75310940244714,2.5,26
2340.0,1,charge,0.8484949589805506,4.164754269932779,301.75310940244714,2.5,26
2340.0,2,charge,0.8569865244458486,4.15780596442704,300.57166615563307,2.0,26
2340.0,2,charge,0.8569865244458473,4.15780596442704,300.57166615563307,2.0,26
2340.0,3,charge,0.8706207065584908,4.164827732295674,299.8196583964203,2.0,26
2340.0,3,charge,0.8706207065584914,4.164827732295674,299.8196583964203,2.0,26
2341.0,1,charge,0.8486580707680125,4.164804468569592,301.7533178948798,2.5,26
2341.0,2,charge,0.8571247632557152,4.157839507804208,300.5717391799626,2.0,26
2341.0,3,charge,0.8707654532977822,4.164867129258082,299.81995882882745,2.0,26
2342.0,1,charge,0.8488211825554687,4.164854518289756,301.75352644469655,2.5,26
2342.0,2,charge,0.8572630020655754,4.157873032136758,300.5718122446634,2.0,26
2342.0,3,charge,0.8709102000370754,4.164906637442055,299.82025928890147,2.0,26
2343.0,1,charge,0.8489842943429299,4.164904420175697,301.753735052515,2.5,26
2343.0,2,charge,0.8574012408754402,4.15790653852207,300.5718853510157,2.0,26
2343.0,3,charge,0.8710549467763713,4.16494625881912,299.8205597819831,2.0,26
2344.0,1,charge,0.8491474061303912,4.164954176278526,301.75394372158286,2.5,26
2344.0,2,charge,0.8575394796853081,4.157940028353831,300.57195850071975,2.0,26
2344.0,3,charge,0.8711996935156647,4.164985995705628,299.8208603176837,2.0,26
2345.0,1,charge,0.849310517917848,4.165003788461215,301.75415245522197,2.5,26
2345.0,2,charge,0.8576777184951683,4.157973503100697,300.57203169606294,2.0,26
2345.0,3,charge,0.8713444402549554,4.165025848050988,299.8211608795903,2.0,26
2346.0,1,charge,0.8494736297053092,4.165053257589575,301.7543612550155,2.5,26
2346.0,2,charge,0.8578159573050331,4.1580069633628645,300.5721049383951,2.0,26
2346.0,3,charge,0.8714891869942488,4.16506581692274,299.8214614633191,2.0,26
2347.0,1,charge,0.8496367414927679,4.16510258491272,301.75457012031404,2.5,26
2347.0,2,charge,0.857954196114901,4.158040410070438,300.57217822685556,2.0,26
2347.0,3,charge,0.8716339337335447,4.1651059042221705,299.82176207376835,2.0,26
2348.0,1,charge,0.8497998532802292,4.165151771689112,301.7547790506654,2.5,26
2348.0,2,charge,0.8580924349247612,4.158073844086881,300.5722515613762,2.0,26
2348.0,3,charge,0.871778680472838,4.1651461122615965,299.8220627205066,2.0,26
2349.0,1,charge,0.849962965067686,4.165200818346447,301.75498804753175,2.5,26
2349.0,2,charge,0.858230673734626,4.158107264920447,300.5723249434965,2.0,26
2349.0,3,charge,0.8719234272121288,4.165186441923636,299.8223633964825,2.0,26
2350.0,1,charge,0.8501260768551472,4.165249726367053,301.7551971105593,2.5,26
2350.0,2,charge,0.8583689125444939,4.1581406744137155,300.57239837222244,2.0,26
2350.0,3,charge,0.872068173951422,4.165226894697812,299.8226641016959,2.0,26
2351.0,1,charge,0.8502891886426085,4.165298497157144,301.75540623954595,2.5,26
2351.0,2,charge,0.8585071513543541,4.15817407350062,300.57247184755397,2.0,26
2351.0,3,charge,0.8722129206907181,4.1652674723538485,299.8229648406716,2.0,26
2352.0,1,charge,0.8504523004300646,4.165347130957606,301.7556154354345,2.5,26
2352.0,2,charge,0.8586453901642189,4.158207463120548,300.5725453694912,2.0,26
2352.0,3,charge,0.8723576674300106,4.165308176323028,299.8232656123807,2.0,26
2353.0,1,charge,0.8506154122175257,4.165395629371973,301.75582469797394,2.5,26
2353.0,2,charge,0.8587836289740868,4.158240842894753,300.57261893871384,2.0,26
2353.0,3,charge,0.8725024141693014,4.165349008045976,299.8235664159406,2.0,26
2354.0,1,charge,0.8507785240049826,4.1654439938644305,301.75603402704616,2.5,26
2354.0,2,charge,0.858921867783947,4.158274213746671,300.5726925552371,2.0,26
2354.0,3,charge,0.8726471609085947,4.165389968996318,299.82386725230964,2.0,26
2355.0,1,charge,0.8509416357924438,4.165492224680145,301.75624342341627,2.5,26
2355.0,2,charge,0.8590601065938118,4.158307577187585,300.5727662187761,2.0,26
2355.0,3,charge,0.8727919076478909,4.165431060612123,299.8241681239992,2.0,26
2356.0,1,charge,0.8511047475799025,4.165540323498471,301.7564528868627,2.5,26
2356.0,2,charge,0.8591983454036797,4.158340934179746,300.572839929331,2.0,26
2356.0,3,charge,0.872936654387184,4.165472284446967,299.8244690286164,2.0,26
2357.0,1,charge,0.8512678593673637,4.165588291814744,301.75666241729914,2.5,26
2357.0,2,charge,0.8593365842135399,4.158374285175553,300.5729136871126,2.0,26
2357.0,3,charge,0.8730814011264748,4.165513641999773,299.8247699661614,2.0,26
2358.0,1,charge,0.8514309711548206,4.165636129443156,301.7568720157685,2.5,26
2358.0,2,charge,0.8594748230234047,4.158407629739372,300.57298749269813,2.0,26
2358.0,3,charge,0.8732261478657681,4.165555134770507,299.8250709366341,2.0,26
2359.0,1,charge,0.8515940829422818,4.165683838196658,301.7570816819997,2.5,26
2359.0,2,charge,0.8596130618332726,4.158440969952792,300.5730613456368,2.0,26
2359.0,3,charge,0.8733708946050643,4.165596764260035,299.8253719400346,2.0,26
2360.0,1,charge,0.8517571947297428,4.165731419590983,301.75729141592564,2.5,26
2360.0,2,charge,0.8597513006431328,4.158474306800407,300.57313524592837,2.0,26
2360.0,3,charge,0.8735156413443574,4.165638531970232,299.8256729763628,2.0,26
2361.0,1,charge,0.8519203065171991,4.165778874999068,301.75750121758193,2.5,26
2361.0,2,charge,0.8598895394529976,4.15850764127209,300.573209193573,2.0,26
2361.0,3,charge,0.8736603880836482,4.1656804385587325,299.8259740495461,2.0,26
2362.0,1,charge,0.8520834183046603,4.165826205806123,301.7577110870044,2.5,26
2362.0,2,charge,0.8600277782628655,4.158540972290276,300.5732831893913,2.0,26
2362.0,3,charge,0.8738051348229414,4.165722485512951,299.8262751596141,2.0,26
2363.0,1,charge,0.852246530092117,4.165873413409759,301.75792102422855,2.5,26
2363.0,2,charge,0.8601660170727257,4.158574301676334,300.573357233059,2.0,26
2363.0,3,charge,0.8739498815622375,4.165764675004141,299.8265763034453,2.0,26
2364.0,1,charge,0.8524096418795784,4.165920499219853,301.7581310292903,2.5,26
2364.0,2,charge,0.8603042558825903,4.158607630592951,300.57343132451456,2.0,26
2364.0,3,charge,0.8740946283015306,4.165807008535174,299.8268774810398,2.0,26
2365.0,1,charge,0.8525727536670371,4.165967463630693,301.758341102969,2.5,26
2365.0,2,charge,0.8604424946924584,4.1586409599850525,300.57350546378444,2.0,26
2365.0,3,charge,0.8742393750408215,4.165849487609624,299.82717869239764,2.0,26
2366.0,1,charge,0.8527358654544981,4.166014307992816,301.7585512453665,2.5,26
2366.0,2,charge,0.8605807335023186,4.158674290802754,300.5735796508952,2.0,26
2366.0,3,charge,0.8743841217801147,4.165892113731796,299.82747993751866,2.0,26
2367.0,1,charge,0.8528989772419544,4.166061034156385,301.75876145623107,2.5,26
2367.0,2,charge,0.8607189723121832,4.158707624001286,300.5736538858733,2.0,26
2367.0,3,charge,0.8745288685194053,4.165934888406551,299.827781216403,2.0,26
2368.0,1,charge,0.8530620890294162,4.166107643504603,301.7589717356572,2.5,26
2368.0,2,charge,0.8608572111220513,4.158740960541059,300.5737281687453,2.0,26
2368.0,3,charge,0.8746736152587014,4.165977813139462,299.8280825290506,2.0,26
2369.0,1,charge,0.8532252008168724,4.16615413743361,301.7591820837394,2.5,26
2369.0,2,charge,0.8609954499319115,4.158774301387501,300.57380249953775,2.0,26
2369.0,3,charge,0.8748183619979946,4.166020889436614,299.8283838754615,2.0,26
2370.0,1,charge,0.8533883126043337,4.166200517352408,301.7593925005723,2.5,26
2370.0,2,charge,0.8611336887417761,4.158807646783717,300.5738768785963,2.0,26
2370.0,3,charge,0.8749631087372854,4.166064118804635,299.8286852556356,2.0,26
2371.0,1,charge,0.8535514243917947,4.166246784682821,301.75960298625023,2.5,26
2371.0,2,charge,0.8612719275516442,4.158840997265395,300.5739513061408,2.0,26
2371.0,3,charge,0.8751078554765787,4.166107502750688,299.828986669573,2.0,26
2372.0,1,charge,0.853714536179251,4.166292940675168,301.759813541062,2.5,26
2372.0,2,charge,0.8614101663615044,4.158874354401898,300.57402578193984,2.0,26
2372.0,3,charge,0.8752526022158745,4.166151042782394,299.82928811727373,2.0,26
2373.0,1,charge,0.8538776479667126,4.166338986542618,301.7600241653508,2.5,26
2373.0,2,charge,0.8615484051713692,4.158907719120578,300.57410030604564,2.0,26
2373.0,3,charge,0.8753973489551677,4.166194740407806,299.8295895987377,2.0,26
2374.0,1,charge,0.8540407597541689,4.166384923954142,301.7602348589938,2.5,26
2374.0,2,charge,0.8616866439812372,4.158941092353735,300.57417487851046,2.0,26
2374.0,3,charge,0.8755420956944586,4.166238597135372,299.82989111396495,2.0,26
2375.0,1,charge,0.8542038715416327,4.166430754359661,301.7604456221116,2.5,26
2375.0,2,charge,0.8618248827910973,4.158974475038559,300.57424949938667,2.0,26
2375.0,3,charge,0.8756868424337517,4.1662826144739435,299.8301926629554,2.0,26
2376.0,1,charge,0.8543669833290889,4.166476479221872,301.760656454825,2.5,26
2376.0,2,charge,0.8619631216009622,4.159007868117165,300.57432416872643,2.0,26
2376.0,3,charge,0.8758315891730473,4.166326793932634,299.83049424570925,2.0,26
2377.0,1,charge,0.8545300951165508,4.16652210001641,301.7608673572544,2.5,26
2377.0,2,charge,0.8621013604108301,4.159041272536527,300.5743988865821,2.0,26
2377.0,3,charge,0.8759763359123405,4.166371137020955,299.83079586222624,2.0,26
2378.0,1,charge,0.8546932069040069,4.16656761823158,301.7610783295206,2.5,26
2378.0,2,charge,0.8622395992206902,4.159074689226347,300.5744736530253,2.0,26
2378.0,3,charge,0.8761210826516311,4.16641564321935,299.83109751894153,2.0,26
2379.0,1,charge,0.8548563186914679,4.166613035394727,301.7612893717559,2.5,26
2379.0,2,charge,0.8623778380305551,4.159108118890236,300.57454846832997,2.0,26
2379.0,3,charge,0.8762658293909242,4.166460315118007,299.8313992123615,2.0,26
2380.0,1,charge,0.8550194304789294,4.166658353187367,301.7615004841545,2.5,26
2380.0,2,charge,0.862516076840423,4.159141562666235,300.57462333239346,2.0,26
2380.0,3,charge,0.8764105761302203,4.166505154841196,299.83170094051644,2.0,26
2381.0,1,charge,0.8551825422663855,4.166703573023966,301.7617116667881,2.5,26
2381.0,2,charge,0.862654315650283,4.159175021509886,300.5746982452773,2.0,26
2381.0,3,charge,0.8765553228695135,4.166550163894789,299.8320027034064,2.0,26
2382.0,1,charge,0.8553456540538472,4.166748696453121,301.7619229197815,2.5,26
2382.0,2,charge,0.862792554460148,4.159208496381415,300.57477320704277,2.0,26
2382.0,3,charge,0.8767000696088044,4.166595343784741,299.8323045010314,2.0,26
2383.0,1,charge,0.8555087658413035,4.166793725035893,301.7621342432599,2.5,26
2383.0,2,charge,0.8629307932700159,4.159241988245617,300.5748482177512,2.0,26
2383.0,3,charge,0.8768448163480976,4.1666406960169775,299.8326063333915,2.0,26
2384.0,1,charge,0.8556718776287673,4.166838660345782,301.762345637348,2.5,26
2384.0,2,charge,0.863069032079876,4.159275498071815,300.57492327746405,2.0,26
2384.0,3,charge,0.8769895630873883,4.166686222097432,299.8329082004865,2.0,26
2385.0,1,charge,0.8558349894162233,4.166883503968654,301.76255710217094,2.5,26
2385.0,2,charge,0.8632072708897409,4.159309026833784,300.5749983862426,2.0,26
2385.0,3,charge,0.8771343098266844,4.166731923531958,299.8332101023166,2.0,26
2386.0,1,charge,0.8559981012036846,4.1669282575026525,301.7627686378536,2.5,26
2386.0,2,charge,0.8633455096996088,4.159342575509813,300.57507354414827,2.0,26
2386.0,3,charge,0.8772790565659776,4.166777801826295,299.8335120388818,2.0,26
2387.0,1,charge,0.8561612129911413,4.166972922924565,301.762980244463,2.5,26
2387.0,2,charge,0.863483748509469,4.15937614534419,300.57514875124303,2.0,26
2387.0,3,charge,0.8774238033052685,4.166823858486064,299.83381401018204,2.0,26
2388.0,1,charge,0.8563243247786025,4.167017501679188,301.7631919221519,2.5,26
2388.0,2,charge,0.8636219873193338,4.159409737288873,300.57522400758813,2.0,26
2388.0,3,charge,0.8775685500445616,4.16687009501673,299.83411601621725,2.0,26
2389.0,1,charge,0.8564874365660639,4.16706199538825,301.76340367104746,2.5,26
2389.0,2,charge,0.8637602261292017,4.159443352252419,300.57529931324484,2.0,26
2389.0,3,charge,0.8777132967838577,4.166916512923538,299.83441805698754,2.0,26
2390.0,1,charge,0.8566505483535198,4.167106405717261,301.76361549127137,2.5,26
2390.0,2,charge,0.8638984649390619,4.159476991244671,300.57537466827443,2.0,26
2390.0,3,charge,0.8778580435231509,4.166963113711459,299.83472013249286,2.0,26
2391.0,1,charge,0.8568136601409811,4.167150734343677,301.7638273829456,2.5,26
2391.0,2,charge,0.8640367037489267,4.159510655279717,300.5754500727384,2.0,26
2391.0,3,charge,0.8780027902624417,4.167009898885266,299.8350222427332,2.0,26
2392.0,1,charge,0.8569767719284379,4.167194982956795,301.7640393461921,2.5,26
2392.0,2,charge,0.8641749425587946,4.159544345375785,300.57552552669813,2.0,26
2392.0,3,charge,0.8781475370017348,4.167056869949333,299.8353243877086,2.0,26
2393.0,1,charge,0.8571398837158992,4.167239153257713,301.76425138113257,2.5,26
2393.0,2,charge,0.864313181368655,4.159578062555292,300.575601030215,2.0,26
2393.0,3,charge,0.878292283741031,4.16710402840774,299.83562656741907,2.0,26
2394.0,1,charge,0.8573029955033578,4.167283247188761,301.7644634878446,2.5,26
2394.0,2,charge,0.8644514201785204,4.1596118078446525,300.5756765833504,2.0,26
2394.0,3,charge,0.8784370304803242,4.167151375764142,299.83592878186454,2.0,26
2395.0,1,charge,0.8574661072908188,4.167327266478088,301.7646756664492,2.5,26
2395.0,2,charge,0.8645896589883877,4.159645582413868,300.57575218614875,2.0,26
2395.0,3,charge,0.8785817772196143,4.167198910590522,299.8362310399152,2.0,26
2396.0,1,charge,0.8576292190782752,4.167371212782333,301.7648879170834,2.5,26
2396.0,2,charge,0.8647278977982477,4.1596793875965865,300.575827838635,2.0,26
2396.0,3,charge,0.8787265239589075,4.167246636857445,299.83653333401526,2.0,26
2397.0,1,charge,0.857792330865737,4.16741508786601,301.7651002398659,2.5,26
2397.0,2,charge,0.8648661366081133,4.159713224176344,300.57590354090155,2.0,26
2397.0,3,charge,0.8788712706982037,4.167294556154684,299.8368356638831,2.0,26
2398.0,1,charge,0.8579554426531932,4.167458893505087,301.76531263491506,2.5,26
2398.0,2,charge,0.8650043754179804,4.159747093214526,300.57597929300755,2.0,26
2398.0,3,charge,0.8790160174374968,4.167342669978796,299.8371380295188,2.0,26
2399.0,1,charge,0.8581185544406542,4.1675026314868315,301.7655251023495,2.5,26
2399.0,2,charge,0.8651426142278406,4.159780995776407,300.5760550950121,2.0,26
2399.0,3,charge,0.8791607641767876,4.167390979825742,299.83744043092236,2.0,26
2400.0,1,charge,0.8582816662281154,4.167546303609825,301.7657376422877,2.5,26
2400.0,2,charge,0.8652808530377062,4.15981493293111,300.57613094697433,2.0,26
2400.0,3,charge,0.8793055109160807,4.16743948719072,299.8377428680937,2.0,26
2401.0,1,charge,0.8584447780155717,4.167589911796867,301.7659502548328,2.5,26
2401.0,2,charge,0.8654190918475733,4.159848905751536,300.5762068489533,2.0,26
2401.0,3,charge,0.8794502576553768,4.167488193568252,299.83804534103285,2.0,26
2402.0,1,charge,0.8586078898030327,4.1676334579954695,301.766162940086,2.5,26
2402.0,2,charge,0.8655573306574335,4.159882915314284,300.57628280100806,2.0,26
2402.0,3,charge,0.87959500439467,4.167537100452156,299.8383478497398,2.0,26
2403.0,1,charge,0.8587710015904895,4.1676769439253665,301.7663756981811,2.5,26
2403.0,2,charge,0.8656955694672991,4.1599169626997154,300.5763588031978,2.0,26
2403.0,3,charge,0.8797397511339609,4.167586209335367,299.83865039421465,2.0,26
2404.0,1,charge,0.8589341133779509,4.167720371445585,301.7665885292343,2.5,26
2404.0,2,charge,0.8658338082771662,4.1599510493801075,300.5764348555354,2.0,26
2404.0,3,charge,0.8798844978732541,4.167635521710055,299.8389529744573,2.0,26
2405.0,1,charge,0.8590972251654094,4.1677637424262794,301.7668014333619,2.5,26
2405.0,2,charge,0.8659720470870264,4.159985176236543,300.5765109581047,2.0,26
2405.0,3,charge,0.8800292446125502,4.167685039067514,299.83925559046776,2.0,26
2406.0,1,charge,0.8592603369528707,4.16780705874873,301.76701441068,2.5,26
2406.0,2,charge,0.8661102858968912,4.160019344340679,300.5765871109669,2.0,26
2406.0,3,charge,0.8801739913518434,4.167734762898138,299.839558242246,2.0,26
2407.0,1,charge,0.8594234487403267,4.167850322305268,301.7672274613049,2.5,26
2407.0,2,charge,0.8662485247067591,4.160053554803089,300.5766633141793,2.0,26
2407.0,3,charge,0.8803187380911343,4.167784694691402,299.8398609297921,2.0,26
2408.0,1,charge,0.8595865605277885,4.16789353499923,301.76744058535274,2.5,26
2408.0,2,charge,0.8663867635166193,4.1600878087379,300.5767395677992,2.0,26
2408.0,3,charge,0.8804634848304275,4.167834835935763,299.8401636531061,2.0,26
2409.0,1,charge,0.8597496723152447,4.167936698744828,301.76765378293953,2.5,26
2409.0,2,charge,0.8665250023264841,4.160122107262652,300.5768158718838,2.0,26
2409.0,3,charge,0.8806082315697236,4.167885188118716,299.8404664121878,2.0,26
2410.0,1,charge,0.8599127841027058,4.167979815467104,301.7678670541814,2.5,26
2410.0,2,charge,0.866663241136352,4.160156451498307,300.57689222649043,2.0,26
2410.0,3,charge,0.8807529783090168,4.167935752726713,299.8407692070374,2.0,26
2411.0,1,charge,0.8600758958901672,4.168022887101932,301.7680803991942,2.5,26
2411.0,2,charge,0.8668014799462122,4.160190842569206,300.57696863167604,2.0,26
2411.0,3,charge,0.8808977250483077,4.167986530722888,299.84107203928744,2.0,26
2412.0,1,charge,0.8602390076776232,4.168065915701321,301.768293818092,2.5,26
2412.0,2,charge,0.866939718756077,4.160225281753757,300.57704508748566,2.0,26
2412.0,3,charge,0.8810424717875983,4.168037521514931,299.8413749153753,2.0,26
2413.0,1,charge,0.8604021194650844,4.168108903275964,301.7685073109896,2.5,26
2413.0,2,charge,0.8670779575659449,4.160259770258537,300.5771215939701,2.0,26
2413.0,3,charge,0.8811872185268915,4.168088728808984,299.84167782830036,2.0,26
2414.0,1,charge,0.8605652312525411,4.168151851715484,301.76872087800456,2.5,26
2414.0,2,charge,0.867216196375805,4.160294309106832,300.57719815119594,2.0,26
2414.0,3,charge,0.8813319652661876,4.168140154081597,299.84198077806246,2.0,26
2415.0,1,charge,0.8607283430400025,4.168194763008874,301.76893451925224,2.5,26
2415.0,2,charge,0.8673544351856699,4.1603288994478,300.5772747592194,2.0,26
2415.0,3,charge,0.8814767120054808,4.16819179880796,299.8422837646618,2.0,26
2416.0,1,charge,0.860891454827461,4.168237639156093,301.7691482348485,2.5,26
2416.0,2,charge,0.8674926739955378,4.160363542433884,300.57735141809667,2.0,26
2416.0,3,charge,0.8816214587447717,4.168243664462025,299.8425867880982,2.0,26
2417.0,1,charge,0.8610545666149221,4.168280482167896,301.7693620249087,2.5,26
2417.0,2,charge,0.867630912805398,4.160398239220574,300.5774281278841,2.0,26
2417.0,3,charge,0.8817662054840649,4.168295752516274,299.8428898483717,2.0,26
2418.0,1,charge,0.8612176784023784,4.168323294065905,301.7695758895484,2.5,26
2418.0,2,charge,0.8677691516152628,4.160432990966495,300.5775048886379,2.0,26
2418.0,3,charge,0.881910952223361,4.168348064441855,299.8431929454825,2.0,26
2419.0,1,charge,0.8613807901898403,4.16836607688238,301.769789828883,2.5,26
2419.0,2,charge,0.8679073904251307,4.160467798833285,300.57758170041444,2.0,26
2419.0,3,charge,0.8820556989626542,4.168400601708399,299.84349607943034,2.0,26
2420.0,1,charge,0.8615439019772962,4.168408832660212,301.77000384302795,2.5,26
2420.0,2,charge,0.8680456292349908,4.160502664008804,300.577658563269,2.0,26
2420.0,3,charge,0.8822004457019451,4.168453365784154,299.8437992502153,2.0,26
2421.0,1,charge,0.8617070137647574,4.1684515634529,301.77021793209855,2.5,26
2421.0,2,charge,0.8681838680448557,4.160537587866512,300.5777354772501,2.0,26
2421.0,3,charge,0.8823451924412379,4.168506358135778,299.8441024578374,2.0,26
2422.0,1,charge,0.8618701255522188,4.168494271324333,301.7704320962101,2.5,26
2422.0,2,charge,0.8683221068547237,4.160572571431516,300.5778124424195,2.0,26
2422.0,3,charge,0.8824899391805344,4.168559580228406,299.8444057022966,2.0,26
2423.0,1,charge,0.862033237339675,4.168536958372748,301.77064633548355,2.5,26
2423.0,2,charge,0.8684603456645837,4.160607615886198,300.5778894588332,2.0,26
2423.0,3,charge,0.8826346859198275,4.168613033525596,299.844708983593,2.0,26
2424.0,1,charge,0.8621963491271367,4.168579626690825,301.77086065003607,2.5,26
2424.0,2,charge,0.8685985844744487,4.160642722415784,300.577966526547,2.0,26
2424.0,3,charge,0.8827794326591182,4.168666719489215,299.8450123017265,2.0,26
2425.0,1,charge,0.8623594609145929,4.168622278364115,301.7710750399806,2.5,26
2425.0,2,charge,0.8687368232843166,4.160677892208324,300.5780436456171,2.0,26
2425.0,3,charge,0.8829241793984113,4.1687206395795675,299.8453156566972,2.0,26
2426.0,1,charge,0.8625225727020541,4.168664915501898,301.77128950543323,2.5,26
2426.0,2,charge,0.8688750620941766,4.160713126454603,300.57812081609916,2.0,26
2426.0,3,charge,0.8830689261377076,4.168774795255182,299.845619048505,2.0,26
2427.0,1,charge,0.8626856844895128,4.168707540223982,301.7715040465102,2.5,26
2427.0,2,charge,0.8690133009040416,4.160748426348166,300.5781980380492,2.0,26
2427.0,3,charge,0.8832136728770007,4.168829187972908,299.84592247714994,2.0,26
2428.0,1,charge,0.862848796276974,4.1687501546604135,301.7717186633276,2.5,26
2428.0,2,charge,0.8691515397139095,4.160783793085174,300.5782753115232,2.0,26
2428.0,3,charge,0.8833584196162916,4.168883819047376,299.8462259430571,2.0,26
2429.0,1,charge,0.8630119080644307,4.168792760951515,301.7719333560016,2.5,26
2429.0,2,charge,0.8692897785237695,4.160819227890169,300.5783526365769,2.0,26
2429.0,3,charge,0.8835031663555847,4.168938689672607,299.84652944700093,2.0,26
2430.0,1,charge,0.863175019851892,4.168835361247796,301.77214812464865,2.5,26
2430.0,2,charge,0.8694280173336345,4.160854731999113,300.5784300132655,2.0,26
2430.0,3,charge,0.8836479130948809,4.168993801434752,299.84683298855975,2.0,26
2430.0,1,charge,0.8631750198518915,4.168835361247796,301.77214812464865,2.0,27
2430.0,1,charge,0.863175019851892,4.156856916903794,301.77214812464865,2.0,27
2430.0,2,charge,0.869428017333636,4.160854731999113,300.5784300132655,2.0,27
2430.0,2,charge,0.8694280173336345,4.160854731999113,300.5784300132655,2.0,27
2430.0,3,charge,0.8836479130948793,4.168993801434752,299.84683298855975,1.5,27
2430.0,3,charge,0.8836479130948809,4.154880175620943,299.84683298855975,1.5,27
2431.0,1,charge,0.8633055092818608,4.156711411911944,301.7720898043939,2.0,27
2431.0,2,charge,0.8695662561435024,4.160890309707275,300.57850746671954,2.0,27
2431.0,3,charge,0.8837564731493514,4.154678830861185,299.8469531422008,1.5,27
2432.0,1,charge,0.863435998711827,4.156615726060857,301.77203086466665,2.0,27
2432.0,2,charge,0.8697044949533624,4.1609259604430235,300.57858498324333,2.0,27
2432.0,3,charge,0.8838650332038219,4.154555382668158,299.8470729485644,1.5,27
2433.0,1,charge,0.8635664881417916,4.156540316488536,301.77197137187596,2.0,27
2433.0,2,charge,0.8698427337632274,4.160961682184619,300.57866253569125,2.0,27
2433.0,3,charge,0.8839735932582875,4.154462606133716,299.84719244576553,1.5,27
2434.0,1,charge,0.8636969775717604,4.156476711253027,301.77191136627533,2.0,27
2434.0,2,charge,0.8699809725730953,4.160997476648249,300.57874012810703,2.0,27
2434.0,3,charge,0.8840821533127581,4.154386853195454,299.84731165574607,1.5,27
2435.0,1,charge,0.8638274670017273,4.156421268316846,301.7718508798055,2.0,27
2435.0,2,charge,0.8701192113829554,4.161033346703863,300.5788177745298,2.0,27
2435.0,3,charge,0.8841907133672282,4.1543223814105135,299.8474305955482,1.5,27
2436.0,1,charge,0.863957956431696,4.156372095768314,301.771789939778,2.0,27
2436.0,2,charge,0.8702574501928203,4.161069292746615,300.5788954671155,2.0,27
2436.0,3,charge,0.8842992734216967,4.154266275769903,299.8475492795586,1.5,27
2437.0,1,charge,0.864088445861665,4.156328022657583,301.7717285705116,2.0,27
2437.0,2,charge,0.8703956890026882,4.161105316441888,300.57897321020215,2.0,27
2437.0,3,charge,0.8844078334761676,4.154216772491147,299.8476677204871,1.5,27
2438.0,1,charge,0.864218935291632,4.1562882706458595,301.77166679410715,2.0,27
2438.0,2,charge,0.8705339278125483,4.16114141918565,300.5790510049911,2.0,27
2438.0,3,charge,0.8845163935306377,4.15417272317648,299.84778592982343,1.5,27
2439.0,1,charge,0.8643494247216008,4.15625229380361,301.7716046309118,2.0,27
2439.0,2,charge,0.8706721666224132,4.161177602133526,300.57912884992777,2.0,27
2439.0,3,charge,0.8846249535851084,4.154133344019369,299.84790391810304,1.5,27
2440.0,1,charge,0.8644799141515646,4.156219677378057,301.7715420998754,2.0,27
2440.0,2,charge,0.870810405432281,4.161213866549474,300.57920674912265,2.0,27
2440.0,3,charge,0.8847335136395792,4.154098049933985,299.8480216951172,1.5,27
2441.0,1,charge,0.8646104035815316,4.156190092501419,301.771479218784,2.0,27
2441.0,2,charge,0.8709486442421412,4.1612502137520995,300.579284699914,2.0,27
2441.0,3,charge,0.8848420736940501,4.1540663872346855,299.84813927004046,1.5,27
2442.0,1,charge,0.8647408930115004,4.156163276330359,301.7714160044052,2.0,27
2442.0,2,charge,0.8710868830520059,4.161286645042187,300.5793627023017,2.0,27
2442.0,3,charge,0.8849506337485202,4.154038000303064,299.8482566515155,1.5,27
2443.0,1,charge,0.8648713824414699,4.15613901215677,301.7713524726155,2.0,27
2443.0,2,charge,0.871225121861874,4.161323161723071,300.5794407562858,2.0,27
2443.0,3,charge,0.8850591938029909,4.154012602592832,299.84837384772027,1.5,27
2444.0,1,charge,0.8650018718714363,4.156117116681193,301.77128863849464,2.0,27
2444.0,2,charge,0.8713633606717341,4.161359764547908,300.5795188635042,2.0,27
2444.0,3,charge,0.8851677538574594,4.153989955920151,299.84849086642316,1.5,27
2445.0,1,charge,0.865132361301405,4.156097433401912,301.77122451639514,2.0,27
2445.0,2,charge,0.8715015994815988,4.161396454169424,300.5795970258832,2.0,27
2445.0,3,charge,0.8852763139119303,4.153969860539232,299.8486077150193,1.5,27
2446.0,1,charge,0.8652628507313691,4.156079826022294,301.7711601200106,2.0,27
2446.0,2,charge,0.8716398382914641,4.161433232830528,300.57967524064907,2.0,27
2446.0,3,charge,0.8853848739664005,4.153952145894921,299.8487244005659,1.5,27
2447.0,1,charge,0.8653933401613356,4.156064175227523,301.7710954624205,2.0,27
2447.0,2,charge,0.871778077101327,4.161470101842555,300.5797535078019,2.0,27
2447.0,3,charge,0.8854934340208711,4.15393666635653,299.8488409298039,1.5,27
2448.0,1,charge,0.8655238295913044,4.1560503708600205,301.77103055617454,2.0,27
2448.0,2,charge,0.8719163159111917,4.161507062519253,300.57983182734165,2.0,27
2448.0,3,charge,0.8856019940753367,4.1539232873036385,299.84895730920954,1.5,27
2449.0,1,charge,0.8656543190212739,4.156038313697318,301.77096541329973,2.0,27
2449.0,2,charge,0.8720545547210571,4.161544116176752,300.5799101992684,2.0,27
2449.0,3,charge,0.8857105541298074,4.153911889798179,299.849073544991,1.5,27
2450.0,1,charge,0.865784808451243,4.156027914602677,301.7709000453245,2.0,27
2450.0,2,charge,0.8721927935309197,4.161581264133596,300.57998862358204,2.0,27
2450.0,3,charge,0.8858191141842777,4.153902368173108,299.84918964310424,1.5,27
2451.0,1,charge,0.8659152978812095,4.156019092534359,301.77083446331073,2.0,27
2451.0,2,charge,0.8723310323407846,4.161618507710631,300.58006710028263,2.0,27
2451.0,3,charge,0.8859276742387485,4.153894627649536,299.8493056092685,1.5,27
2452.0,1,charge,0.8660457873111735,4.156011773323687,301.770768677879,2.0,27
2452.0,2,charge,0.87246927115065,4.16165584823102,300.5801456293702,2.0,27
2452.0,3,charge,0.8860362342932169,4.153888583254022,299.8494214489765,1.5,27
2453.0,1,charge,0.8661762767411423,4.156005888374963,301.7707026992344,2.0,27
2453.0,2,charge,0.8726075099605126,4.161693287020251,300.58022421084456,2.0,27
2453.0,3,charge,0.8861447943476869,4.153884156438434,299.8495371675117,1.5,27
2454.0,1,charge,0.8663067661711095,4.156001374064655,301.7706365371877,2.0,27
2454.0,2,charge,0.8727457487703775,4.161730825406107,300.58030284470595,2.0,27
2454.0,3,charge,0.8862533544021578,4.153881276081502,299.84965276995456,1.5,27
2455.0,1,charge,0.8664372556010782,4.155998170426054,301.77057020118076,2.0,27
2455.0,2,charge,0.8728839875802429,4.161768464718582,300.58038153095424,2.0,27
2455.0,3,charge,0.8863619144566285,4.153879874483019,299.84976826119964,1.5,27
2456.0,1,charge,0.8665677450310472,4.155996221901329,301.7705037002946,2.0,27
2456.0,2,charge,0.8730222263901047,4.161806203802979,300.58046027343977,2.0,27
2456.0,3,charge,0.8864704745110993,4.153879890373452,299.84988364595677,1.5,27
2457.0,1,charge,0.8666982344610141,4.155995475578291,301.7704370432751,2.0,27
2457.0,2,charge,0.8731604651999704,4.161844045734968,300.58053906944144,2.0,27
2457.0,3,charge,0.8865790345655694,4.153881265198366,299.8499989287638,1.5,27
2458.0,1,charge,0.8668287238909831,4.155995881970874,301.77037023854245,2.0,27
2458.0,2,charge,0.8732987040098358,4.161881992123808,300.58061791852936,2.0,27
2458.0,3,charge,0.8866875946200402,4.1538839445086,299.85011411399483,1.5,27
2459.0,1,charge,0.8669592133209466,4.15599739450827,301.77030329420114,2.0,27
2459.0,2,charge,0.8734369428196984,4.161920044303934,300.5806968207034,2.0,27
2459.0,3,charge,0.8867961546745086,4.153887877820641,299.85022920585914,1.5,27
2460.0,1,charge,0.8670897027509138,4.1559999689214715,301.77023621806376,2.0,27
2460.0,2,charge,0.8735751816295633,4.1619582036117295,300.5807757759637,2.0,27
2460.0,3,charge,0.8869047147289787,4.153893016757913,299.85034420842,1.5,27
2461.0,1,charge,0.8672201921808825,4.156003563964191,301.77016901764677,2.0,27
2461.0,2,charge,0.8737134204394287,4.161996471385567,300.5808547843101,2.0,27
2461.0,3,charge,0.8870132747834495,4.153899317179387,299.8504591255863,1.5,27
2462.0,1,charge,0.867350681610852,4.156008140176248,301.77010170020014,2.0,27
2462.0,2,charge,0.8738516592492913,4.16203484896583,300.58093384574266,2.0,27
2462.0,3,charge,0.8871218348379151,4.153906736643565,299.85057396113183,1.5,27
2463.0,1,charge,0.8674811710408183,4.156013660437381,301.7700342727039,2.0,27
2463.0,2,charge,0.8739898980591562,4.162073337694773,300.5810129602615,2.0,27
2463.0,3,charge,0.8872303948923855,4.153915235644429,299.85068871869095,1.5,27
2464.0,1,charge,0.8676116604707872,4.156020089386164,301.7699667418877,2.0,27
2464.0,2,charge,0.8741281368690242,4.162111938916651,300.58109212786644,2.0,27
2464.0,3,charge,0.8873389549468559,4.15392477667382,299.85080340177007,1.5,27
2465.0,1,charge,0.8677421499007513,4.156027393351195,301.76989911423374,2.0,27
2465.0,2,charge,0.8742663756788844,4.162150653977529,300.58117134855763,2.0,27
2465.0,3,charge,0.8874475150013267,4.153935324111909,299.8509180137468,1.5,27
2466.0,1,charge,0.8678726393307178,4.156035540211265,301.76983139600395,2.0,27
2466.0,2,charge,0.8744046144887493,4.1621894842253875,300.58125062233495,2.0,27
2466.0,3,charge,0.887556075055795,4.153946844127695,299.85103255788545,1.5,27
2467.0,1,charge,0.8680031287606865,4.1560444992858345,301.7697635932365,2.0,27
2467.0,2,charge,0.8745428532986171,4.162228429749415,300.5813299509308,2.0,27
2467.0,3,charge,0.8876646351102658,4.153959304316257,299.85114703733814,1.5,27
2468.0,1,charge,0.868133618190656,4.1560542419091036,301.76969571171725,2.0,27
2468.0,2,charge,0.8746810921084773,4.162267491141324,300.5814093353692,2.0,27
2468.0,3,charge,0.8877731951647361,4.153972674714381,299.85126145512777,1.5,27
2469.0,1,charge,0.8682641076206224,4.156064739712628,301.7696277570818,2.0,27
2469.0,2,charge,0.8748193309183422,4.162306671260012,300.58148877356757,2.0,27
2469.0,3,charge,0.8878817552192071,4.153986926085483,299.8513758141841,1.5,27
2470.0,1,charge,0.8683945970505913,4.156075965540825,301.7695597347648,2.0,27
2470.0,2,charge,0.8749575697282101,4.162345971455343,300.5815682655258,2.0,27
2470.0,3,charge,0.8879903152736779,4.154002029789311,299.85149011734734,1.5,27
2471.0,1,charge,0.8685250864805554,4.156087894925568,301.76949164994215,2.0,27
2471.0,2,charge,0.8750958085380702,4.162385393078787,300.58164781124407,2.0,27
2471.0,3,charge,0.8880988753281486,4.154017958657604,299.8516043673548,1.5,27
2472.0,1,charge,0.8686555759105219,4.156100503143759,301.7694235076667,2.0,27
2472.0,2,charge,0.8752340473479352,4.162424937483421,300.5817274107223,2.0,27
2472.0,3,charge,0.8882074353826196,4.154034689707528,299.85171856680245,1.5,27
2473.0,1,charge,0.8687860653404907,4.156113766340001,301.7693553128226,2.0,27
2473.0,2,charge,0.875372286157803,4.162464606023862,300.58180706396047,2.0,27
2473.0,3,charge,0.8883159954370904,4.15405219701207,299.85183271825787,1.5,27
2474.0,1,charge,0.8689165547704603,4.156127662426727,301.7692870700895,2.0,27
2474.0,2,charge,0.8755105249676631,4.162504400056279,300.5818867709586,2.0,27
2474.0,3,charge,0.8884245554915606,4.154070456620838,299.851946824186,1.5,27
2475.0,1,charge,0.8690470442004264,4.156142170661092,301.76921878396564,2.0,27
2475.0,2,charge,0.8756487637775281,4.162544320938325,300.58196653171666,2.0,27
2475.0,3,charge,0.8885331155460315,4.15408944715815,299.85206088694315,1.5,27
2476.0,1,charge,0.8691775336303954,4.15615727013688,301.7691504588413,2.0,27
2476.0,2,charge,0.875787002587396,4.1625843700291565,300.5820463462347,2.0,27
2476.0,3,charge,0.8886416756004999,4.15410914831569,299.85217490880245,1.5,27
2477.0,1,charge,0.8693080230603596,4.156172941242494,301.7690820989349,2.0,27
2477.0,2,charge,0.875925241397256,4.1626245486893705,300.58212621451264,2.0,27
2477.0,3,charge,0.8887502356549707,4.154129538918649,299.8522888919866,1.5,27
2478.0,1,charge,0.8694385124903286,4.156189165698879,301.76901370828443,2.0,27
2478.0,2,charge,0.876063480207121,4.1626648582809676,300.5822061365506,2.0,27
2478.0,3,charge,0.888858795709441,4.154150599319975,299.8524028386327,1.5,27
2479.0,1,charge,0.8695690019202947,4.156205925428741,301.76894529082733,2.0,27
2479.0,2,charge,0.8762017190169888,4.162705297241334,300.58228611640635,2.0,27
2479.0,3,charge,0.8889673557639117,4.154172312055133,299.85251675077507,1.5,27
2480.0,1,charge,0.8696994913502643,4.156223203288152,301.7688768503542,2.0,27
2480.0,2,charge,0.8763399578268487,4.162745869280318,300.58236615079556,2.0,27
2480.0,3,charge,0.889075915818377,4.154194658998331,299.85263063041043,1.5,27
2481.0,1,charge,0.8698299807802331,4.156240982836965,301.76880839050847,2.0,27
2481.0,2,charge,0.8764781966367136,4.1627865758322296,300.5824462396155,2.0,27
2481.0,3,charge,0.8891844758728478,4.154217623242823,299.85274447945795,1.5,27
2482.0,1,charge,0.8699604702101996,4.156259248281312,301.7687399148217,2.0,27
2482.0,2,charge,0.8766164354465817,4.162827418258714,300.5825263828661,2.0,27
2482.0,3,charge,0.889293035927318,4.154241188567778,299.85285829976726,1.5,27
2483.0,1,charge,0.8700909596401637,4.156277984433564,301.76867142670574,2.0,27
2483.0,2,charge,0.8767546742564416,4.162868397922642,300.58260658054746,2.0,27
2483.0,3,charge,0.8894015959817888,4.1542653393835725,299.85297209312057,1.5,27
2484.0,1,charge,0.8702214490701325,4.156297176762876,301.7686029294464,2.0,27
2484.0,2,charge,0.8768929130663066,4.162909516187973,300.5826868326596,2.0,27
2484.0,3,charge,0.8895101560362572,4.154290060723041,299.85308586124944,1.5,27
2485.0,1,charge,0.870351938500099,4.156316811327166,301.7685344262132,2.0,27
2485.0,2,charge,0.8770311518761746,4.16295077441977,300.58276713920236,2.0,27
2485.0,3,charge,0.8896187160907281,4.1543153381510365,299.8531996058247,1.5,27
2486.0,1,charge,0.8704824279300685,4.156336874582282,301.7684659200823,2.0,27
2486.0,2,charge,0.8771693906860345,4.16299217398426,300.58284750017583,2.0,27
2486.0,3,charge,0.8897272761451982,4.154341157962241,299.8533133284495,1.5,27
2487.0,1,charge,0.8706129173600372,4.156357353566454,301.76839741401926,2.0,27
2487.0,2,charge,0.8773076294958995,4.163033716248667,300.58292791558006,2.0,27
2487.0,3,charge,0.8898358361996688,4.154367506746753,299.85342703068335,1.5,27
2488.0,1,charge,0.8707434067900044,4.156378236162908,301.7683289108676,2.0,27
2488.0,2,charge,0.8774458683057648,4.163075402581263,300.58300838541504,2.0,27
2488.0,3,charge,0.8899443962541398,4.154394371538638,299.85354071403395,1.5,27
2489.0,1,charge,0.8708738962199679,4.156399510312885,301.7682604134006,2.0,27
2489.0,2,charge,0.8775841071156274,4.163117234351288,300.5830889096807,2.0,27
2489.0,3,charge,0.8900529563086106,4.154421739977111,299.85365437995495,1.5,27
2490.0,1,charge,0.8710043856499369,4.156421164535445,301.768191924292,2.0,27
2490.0,2,charge,0.8777223459254924,4.16315921150635,300.58316949045627,2.0,27
2490.0,3,charge,0.8901615163630807,4.154449600662513,299.8537680298401,1.5,27
2491.0,1,charge,0.8711348750799037,4.156443188063467,301.7681234461048,2.0,27
2491.0,2,charge,0.8778605847353577,4.1632013351271056,300.58325012814043,2.0,27
2491.0,3,charge,0.8902700764175491,4.154477941890332,299.85388166505277,1.5,27
2492.0,1,charge,0.8712653645098727,4.156465570365971,301.76805498133126,2.0,27
2492.0,2,charge,0.8779988235452204,4.163243607808129,300.58333082093094,2.0,27
2492.0,3,charge,0.89037863647202,4.154506752591768,299.8539952869067,1.5,27
2493.0,1,charge,0.8713958539398415,4.156488301350823,301.7679865323794,2.0,27
2493.0,2,charge,0.8781370623550853,4.163286030916442,300.583411568828,2.0,27
2493.0,3,charge,0.8904871965264902,4.1545360225116035,299.8541088966615,1.5,27
2494.0,1,charge,0.8715263433698084,4.156511371371609,301.7679181015678,2.0,27
2494.0,2,charge,0.8782753011649506,4.1633286058199035,300.5834923718315,2.0,27
2494.0,3,charge,0.8905957565809609,4.154565741629339,299.8542224955396,1.5,27
2495.0,1,charge,0.8716568327997773,4.156534771181596,301.7678496911338,2.0,27
2495.0,2,charge,0.8784135399748133,4.163371333887094,300.58357322994146,2.0,27
2495.0,3,charge,0.8907043166354262,4.154595900172847,299.85433608472675,1.5,27
2496.0,1,charge,0.871787322229741,4.1565584918877185,301.7677813032487,2.0,27
2496.0,2,charge,0.8785517787846782,4.163414216487269,300.5836541431579,2.0,27
2496.0,3,charge,0.8908128766898968,4.154626488849932,299.8544496653667,1.5,27
2497.0,1,charge,0.871917811659708,4.156582524963499,301.7677129400041,2.0,27
2497.0,2,charge,0.8786900175945436,4.1634572549903535,300.5837351114808,2.0,27
2497.0,3,charge,0.8909214367443672,4.154657498773415,299.85456323855567,1.5,27
2498.0,1,charge,0.8720483010896768,4.156606862227135,301.76764460340326,2.0,27
2498.0,2,charge,0.8788282564044054,4.163500450766895,300.58381613491014,2.0,27
2498.0,3,charge,0.8910299967988354,4.154688921368382,299.8546768053647,1.5,27
2499.0,1,charge,0.8721787905196463,4.156631495812689,301.7675762954085,2.0,27
2499.0,2,charge,0.8789664952142711,4.163543805188053,300.583897213446,2.0,27
2499.0,3,charge,0.8911385568533062,4.154720748412179,299.8547903668257,1.5,27
2500.0,1,charge,0.8723092799496127,4.156656418161404,301.76750801791127,2.0,27
2500.0,2,charge,0.8791047340241365,4.163587319625588,300.5839783470883,2.0,27
2500.0,3,charge,0.8912471169077765,4.1547529719302565,299.8549039239294,1.5,27
2501.0,1,charge,0.8724397693795815,4.156681622001881,301.7674397727438,2.0,27
2501.0,2,charge,0.8792429728339983,4.163630995313336,300.5840595360526,2.0,27
2501.0,3,charge,0.8913556769622473,4.154785584250133,299.85501747763425,1.5,27
2502.0,1,charge,0.8725702588095456,4.156707100332819,301.76737156168303,2.0,27
2502.0,2,charge,0.879381211643864,4.163674831128286,300.5841407842053,2.0,27
2502.0,3,charge,0.891464237016718,4.1548185780520415,299.8551310288755,1.5,27
2503.0,1,charge,0.8727007482395147,4.156732846762786,301.76730338636315,2.0,27
2503.0,2,charge,0.8795194504537294,4.1637188306117245,300.5842220881483,2.0,27
2503.0,3,charge,0.8915727970711887,4.154851946253845,299.85524457855604,1.5,27
2504.0,1,charge,0.8728312376694811,4.1567588547869105,301.7672352484586,2.0,27
2504.0,2,charge,0.8796576892635912,4.1637629951314965,300.5843034478816,2.0,27
2504.0,3,charge,0.8916813571256589,4.154885682026932,299.8553581275509,1.5,27
2505.0,1,charge,0.8729617270994506,4.1567851181969,301.767167149579,2.0,27
2505.0,2,charge,0.8797959280734569,4.163807326055806,300.5843848634052,2.0,27
2505.0,3,charge,0.8917899171801298,4.154919778801207,299.85547167670575,1.5,27
2506.0,1,charge,0.8730922165294194,4.156811631042362,301.76709909127817,2.0,27
2506.0,2,charge,0.8799341668833223,4.163851824753084,300.58446633471914,2.0,27
2506.0,3,charge,0.891898477234598,4.154954230480777,299.85558522679173,1.5,27
2507.0,1,charge,0.8732227059593864,4.156838387578853,301.7670310750662,2.0,27
2507.0,2,charge,0.8800724056931841,4.163896492592094,300.58454786182335,2.0,27
2507.0,3,charge,0.8920070372890685,4.1549890308471875,299.85569877862315,1.5,27
2508.0,1,charge,0.8733531953893555,4.15686538263134,301.7669631023348,2.0,27
2508.0,2,charge,0.8802106445030495,4.163941330941826,300.5846294447178,2.0,27
2508.0,3,charge,0.8921155973435391,4.155024174012049,299.8558123329655,1.5,27
2509.0,1,charge,0.873483684819319,4.1568926112548805,301.7668951744271,2.0,27
2509.0,2,charge,0.8803488833129149,4.163986341171501,300.5847110834027,2.0,27
2509.0,3,charge,0.8922241573980044,4.155059654275801,299.8559258905629,1.5,27
2510.0,1,charge,0.8736141742492861,4.156920068215924,301.7668272927444,2.0,27
2510.0,2,charge,0.8804871221227768,4.164031524650504,300.58479277787774,2.0,27
2510.0,3,charge,0.8923327174524751,4.1550954661128,299.85603945213865,1.5,27
2511.0,1,charge,0.873744663679255,4.156947748706804,301.76675945859876,2.0,27
2511.0,2,charge,0.8806253609326424,4.164076882748343,300.5848745281432,2.0,27
2511.0,3,charge,0.8924412775069454,4.155131604630911,299.85615301834855,1.5,27
2512.0,1,charge,0.8738751531092245,4.156975648094301,301.7666916732651,2.0,27
2512.0,2,charge,0.8807635997425073,4.164122416834707,300.58495633419886,2.0,27
2512.0,3,charge,0.8925498375614161,4.155168064948513,299.85626658984495,1.5,27
2513.0,1,charge,0.8740056425391934,4.157003762006369,301.76662393796414,2.0,27
2513.0,2,charge,0.8809018385523697,4.1641681273499875,300.58503819754344,2.0,27
2513.0,3,charge,0.8926583976158847,4.155204841987287,299.8563801672979,1.5,27
2514.0,1,charge,0.8741361319691596,4.157032086831838,301.7665562537659,2.0,27
2514.0,2,charge,0.8810400773622353,4.164214015645847,300.5851201181861,2.0,27
2514.0,3,charge,0.8927669576703554,4.155241931039981,299.85649375133625,1.5,27
2515.0,1,charge,0.874266621399124,4.157060618250431,301.7664886218744,2.0,27
2515.0,2,charge,0.8811783161721002,4.1642600836386,300.5852020952335,2.0,27
2515.0,3,charge,0.8928755177248257,4.155279327544937,299.85660734257146,1.5,27
2516.0,1,charge,0.8743971108290928,4.157089352443768,301.76642104339356,2.0,27
2516.0,2,charge,0.8813165549819626,4.164306332692794,300.58528412868566,2.0,27
2516.0,3,charge,0.8929840777792964,4.15531702712034,299.8567209415946,1.5,27
2517.0,1,charge,0.8745276002590592,4.157118285750918,301.7663535193934,2.0,27
2517.0,2,charge,0.8814547937918282,4.164352764172866,300.5853662185424,2.0,27
2517.0,3,charge,0.8930926378337672,4.155355026046728,299.85683454893467,1.5,27
2518.0,1,charge,0.8746580896890287,4.157147414659549,301.76628605091264,2.0,27
2518.0,2,charge,0.8815930326016931,4.164399379443066,300.5854483648039,2.0,27
2518.0,3,charge,0.893201197888238,4.155393320144216,299.85694816515587,1.5,27
2519.0,1,charge,0.8747885791189974,4.157176735901306,301.76621863893985,2.0,27
2519.0,2,charge,0.8817312714115555,4.164446179867518,300.58553056747013,2.0,27
2519.0,3,charge,0.8933097579427082,4.155431905618654,299.8570617907846,1.5,27
2520.0,1,charge,0.8749190685489646,4.157206246472153,301.76615128441017,2.0,27
2520.0,2,charge,0.8818695102214211,4.164493166810134,300.585612826541,2.0,27
2520.0,3,charge,0.8934183179971791,4.155470778835938,299.8571754263292,1.5,27
2520.0,1,charge,0.874919068548963,4.157206246472153,301.76615128441017,2.0,28
2520.0,1,charge,0.8749190685489646,4.157206246472153,301.76615128441017,2.0,28
2520.0,2,charge,0.8818695102214203,4.164493166810134,300.585612826541,2.0,28
2520.0,2,charge,0.8818695102214211,4.164493166810134,300.585612826541,2.0,28
2520.0,3,charge,0.8934183179971769,4.155470778835938,299.8571754263292,1.5,28
2520.0,3,charge,0.8934183179971791,4.155470778835938,299.8571754263292,1.5,28
2521.0,1,charge,0.8750495579789281,4.157235949202303,301.7660839909044,2.0,28
2521.0,2,charge,0.882007749031286,4.164540344473923,300.5856951841627,2.0,28
2521.0,3,charge,0.8935268780516475,4.1555099435309835,299.8572890727669,1.5,28
2522.0,1,charge,0.8751800474088969,4.157265829809717,301.7660167544033,2.0,28
2522.0,2,charge,0.8821459878411484,4.164587710471788,300.5857775915554,2.0,28
2522.0,3,charge,0.8936354381061182,4.1555493823457335,299.8574027296985,1.5,28
2523.0,1,charge,0.875310536838864,4.157295889300538,301.76594957837614,2.0,28
2523.0,2,charge,0.882284226651014,4.1646352664521755,300.585860053193,2.0,28
2523.0,3,charge,0.8937439981605887,4.155589096732543,299.85751639817244,1.5,28
2524.0,1,charge,0.8754410262688328,4.157326126758778,301.7658824631614,2.0,28
2524.0,2,charge,0.8824224654608789,4.164683015468293,300.58594259424063,2.0,28
2524.0,3,charge,0.8938525582150593,4.155629085412865,299.8576300783984,1.5,28
2525.0,1,charge,0.8755715156988018,4.157356540185402,301.765815409633,2.0,28
2525.0,2,charge,0.8825607042707413,4.164730956230221,300.58602517717543,2.0,28
2525.0,3,charge,0.8939611182695246,4.15566934591399,299.8577437708046,1.5,28
2526.0,1,charge,0.8757020051287686,4.157387126440276,301.7657484188033,2.0,28
2526.0,2,charge,0.8826989430806069,4.164779089811169,300.58610779826694,2.0,28
2526.0,3,charge,0.8940696783239952,4.155709874495833,299.85785747591564,1.5,28
2527.0,1,charge,0.8758324945587377,4.157417884049062,301.76568149127047,2.0,28
2527.0,2,charge,0.8828371818904718,4.164827418330917,300.58619046944466,2.0,28
2527.0,3,charge,0.8941782383784656,4.1557506691452195,299.8579711940575,1.5,28
2528.0,1,charge,0.8759629839887012,4.15744881130044,301.76561462769786,2.0,28
2528.0,2,charge,0.8829754207003342,4.164875943859438,300.5862732016698,2.0,28
2528.0,3,charge,0.8942867984329339,4.155791727677538,299.8580849255765,1.5,28
2529.0,1,charge,0.8760934734186683,4.157479905676692,301.7655478289266,2.0,28
2529.0,2,charge,0.8831136595101998,4.164924667086167,300.58635598491685,2.0,28
2529.0,3,charge,0.8943953584874047,4.155833047023308,299.8581986709109,1.5,28
2530.0,1,charge,0.876223962848637,4.157511163644664,301.7654810960276,2.0,28
2530.0,2,charge,0.8832518983200647,4.164973589356106,300.58643881918556,2.0,28
2530.0,3,charge,0.8945039185418749,4.155874622560472,299.85831243066207,1.5,28
2531.0,1,charge,0.8763544522786065,4.157542585193569,301.76541442927055,2.0,28
2531.0,2,charge,0.8833901371299271,4.165022712494932,300.5865217143663,2.0,28
2531.0,3,charge,0.8946124785963456,4.155916454240014,299.8584262049409,1.5,28
2532.0,1,charge,0.8764849417085729,4.157574170663458,301.76534782884636,2.0,28
2532.0,2,charge,0.8835283759397927,4.165072037587073,300.58660466501783,2.0,28
2532.0,3,charge,0.8947210386508164,4.155958542047157,299.85853999385466,1.5,28
2533.0,1,charge,0.8766154311385417,4.15760591520762,301.7652812961305,2.0,28
2533.0,2,charge,0.8836666147496577,4.165121565977739,300.58668767112476,2.0,28
2533.0,3,charge,0.8948295987052871,4.156000879993742,299.85865379814675,1.5,28
2534.0,1,charge,0.8767459205685059,4.1576378194919466,301.76521483124174,2.0,28
2534.0,2,charge,0.88380485355952,4.165171298954453,300.58677073582726,2.0,28
2534.0,3,charge,0.8949381587597575,4.156043468535078,299.8587676178724,1.5,28
2535.0,1,charge,0.8768764099984724,4.157669882322333,301.76514843472444,2.0,28
2535.0,2,charge,0.8839430923693854,4.165221237842776,300.5868538601063,2.0,28
2535.0,3,charge,0.8950467188142281,4.156086305959787,299.85888145331717,1.5,28
2536.0,1,charge,0.8770068994284412,4.157702101249409,301.76508210741383,2.0,28
2536.0,2,charge,0.8840813311792506,4.1652713840301585,300.5869370415283,2.0,28
2536.0,3,charge,0.8951552788686966,4.156129388965449,299.8589953049342,1.5,28
2537.0,1,charge,0.8771373888584106,4.157734475394034,301.76501584978325,2.0,28
2537.0,2,charge,0.884219569989113,4.1653217388587365,300.5870202800934,2.0,28
2537.0,3,charge,0.8952638389231674,4.156172716174654,299.8591091729715,1.5,28
2538.0,1,charge,0.877267878288377,4.157767003474611,301.7649496624019,2.0,28
2538.0,2,charge,0.8843578087989783,4.165372303669753,300.58710357580145,2.0,28
2538.0,3,charge,0.8953723989776378,4.156216285662911,299.85922305773425,1.5,28
2539.0,1,charge,0.8773983677183461,4.157799684508964,301.76488354577543,2.0,28
2539.0,2,charge,0.8844960476088435,4.165423079803478,300.5871869286526,2.0,28
2539.0,3,charge,0.8954809590321084,4.156260095839185,299.8593369594902,1.5,28
2540.0,1,charge,0.8775288571483099,4.157832517092265,301.7648175005005,2.0,28
2540.0,2,charge,0.8846342864187059,4.165474068599213,300.58727033864676,2.0,28
2540.0,3,charge,0.8955895190865738,4.156304144639773,299.8594508785575,1.5,28
2541.0,1,charge,0.877659346578279,4.157865500300912,301.7647515270693,2.0,28
2541.0,2,charge,0.8847725252285712,4.1655252692876905,300.5873538150358,2.0,28
2541.0,3,charge,0.8956980791410444,4.156348430439304,299.8595648152064,1.5,28
2542.0,1,charge,0.8777898360082461,4.157898633650472,301.76468562587814,2.0,28
2542.0,2,charge,0.8849107640384364,4.165576684992287,300.58743734988445,2.0,28
2542.0,3,charge,0.8958066391955148,4.156392952250807,299.85967876963844,1.5,28
2543.0,1,charge,0.8779203254382149,4.157931915845732,301.76461979750246,2.0,28
2543.0,2,charge,0.8850490028482988,4.165628317103555,300.58752094293664,2.0,28
2543.0,3,charge,0.8959151992499855,4.156437708060867,299.8597927421632,1.5,28
2544.0,1,charge,0.8780508148681839,4.157965346332759,301.7645540423552,2.0,28
2544.0,2,charge,0.8851872416581641,4.16568016695284,300.58760459419227,2.0,28
2544.0,3,charge,0.896023759304454,4.156482696589609,299.8599067330119,1.5,28
2545.0,1,charge,0.8781813042981509,4.157998924720784,301.76448836081414,2.0,28
2545.0,2,charge,0.8853254804680293,4.165732235870283,300.5876883036514,2.0,28
2545.0,3,charge,0.8961323193589248,4.156527916962299,299.86002074237166,1.5,28
2546.0,1,charge,0.8783117937281197,4.15803265001388,301.7644227533907,2.0,28
2546.0,2,charge,0.8854637192778917,4.165784525184782,300.587772071314,2.0,28
2546.0,3,charge,0.8962408794133951,4.156573367449164,299.8601347705198,1.5,28
2547.0,1,charge,0.8784422831580834,4.158066522150503,301.7643572203925,2.0,28
2547.0,2,charge,0.885601958087757,4.165837036224036,300.5878558971802,2.0,28
2547.0,3,charge,0.8963494394678658,4.156619047233791,299.860248817636,1.5,28
2548.0,1,charge,0.8785727725880504,4.158100540885279,301.7642917621679,2.0,28
2548.0,2,charge,0.8857401968976222,4.165889770314479,300.5879397812498,2.0,28
2548.0,3,charge,0.8964579995223366,4.156664955670626,299.86036288388163,1.5,28
2549.0,1,charge,0.8787032620180192,4.158134705485817,301.76422637917227,2.0,28
2549.0,2,charge,0.8858784357074846,4.165942728781164,300.58802372352295,2.0,28
2549.0,3,charge,0.8965665595768074,4.156711091258069,299.86047696950743,1.5,28
2550.0,1,charge,0.8788337514479887,4.158169015438115,301.76416107181393,2.0,28
2550.0,2,charge,0.8860166745173499,4.16599591294788,300.58810772399954,2.0,28
2550.0,3,charge,0.8966751196312777,4.156757452804048,299.8605910747304,1.5,28
2551.0,1,charge,0.8789642408779551,4.158203470217638,301.7640958405038,2.0,28
2551.0,2,charge,0.8861549133272151,4.166049324137,300.58819178267964,2.0,28
2551.0,3,charge,0.8967836796857483,4.156804039092715,299.86070519976937,1.5,28
2552.0,1,charge,0.8790947303079242,4.158238069447981,301.7640306856214,2.0,28
2552.0,2,charge,0.8862931521370749,4.166102963669512,300.5882758995632,2.0,28
2552.0,3,charge,0.8968922397402168,4.156850848884244,299.86081934484486,1.5,28
2553.0,1,charge,0.879225219737888,4.158272814344043,301.76396560720144,2.0,28
2553.0,2,charge,0.8864313909469429,4.166156832864972,300.5883600746503,2.0,28
2553.0,3,charge,0.897000799794687,4.156897882769933,299.8609335099862,1.5,28
2554.0,1,charge,0.8793557091678571,4.158307703741279,301.76390060579575,2.0,28
2554.0,2,charge,0.886569629756808,4.166210933041492,300.58844430794085,2.0,28
2554.0,3,charge,0.8971093598491576,4.156945139331027,299.8610476954311,1.5,28
2555.0,1,charge,0.8794861985978235,4.1583427374107425,301.76383568175316,2.0,28
2555.0,2,charge,0.886707868566668,4.166265265515656,300.58852859943494,2.0,28
2555.0,3,charge,0.8972179199036284,4.156992617354015,299.86116190139546,1.5,28
2556.0,1,charge,0.879616688027793,4.158377915142987,301.763770835419,2.0,28
2556.0,2,charge,0.8868461073765358,4.166319831602557,300.5886129491325,2.0,28
2556.0,3,charge,0.897326479958094,4.157040315918483,299.8612761280637,1.5,28
2557.0,1,charge,0.8797471774577618,4.158413236747949,301.76370606713465,2.0,28
2557.0,2,charge,0.8869843461864004,4.166374632615701,300.58869735703354,2.0,28
2557.0,3,charge,0.897435040012564,4.157088234114523,299.86139037561844,1.5,28
2558.0,1,charge,0.8798776668877288,4.158448702714147,301.7636413770964,2.0,28
2558.0,2,charge,0.8871225849962608,4.166429666143721,300.5887818327323,2.0,28
2558.0,3,charge,0.897543600067035,4.157136371205022,299.86150464422377,1.5,28
2559.0,1,charge,0.8800081563176925,4.158484313351238,301.76357676553937,2.0,28
2559.0,2,charge,0.8872608238061287,4.166484936698614,300.5888663678796,2.0,28
2559.0,3,charge,0.8976521601215033,4.157184727743317,299.86161893391073,1.5,28
2560.0,1,charge,0.8801386457476613,4.158520068379293,301.7635122328255,2.0,28
2560.0,2,charge,0.8873990626159938,4.166540445643733,300.58895096231674,2.0,28
2560.0,3,charge,0.8977607201759741,4.157233302307959,299.8617332449126,1.5,28
2561.0,1,charge,0.8802691351776284,4.158555967923854,301.7634477792306,2.0,28
2561.0,2,charge,0.8875373014258537,4.166596194279561,300.5890356160438,2.0,28
2561.0,3,charge,0.8978692802304443,4.157282094302653,299.86184757737715,1.5,28
2562.0,1,charge,0.8803996246075974,4.158592012152711,301.76338340502116,2.0,28
2562.0,2,charge,0.8876755402357216,4.166652183904742,300.58912032906073,2.0,28
2562.0,3,charge,0.897977840284915,4.157331103169023,299.86196193144764,1.5,28
2563.0,1,charge,0.8805301140375661,4.158628201278415,301.7633191104549,2.0,28
2563.0,2,charge,0.8878137790455864,4.166708415816119,300.58920510136755,2.0,28
2563.0,3,charge,0.8980864003393858,4.157380328386799,299.8620763072627,1.5,28
2564.0,1,charge,0.8806606034675332,4.1586645356817105,301.76325489575686,2.0,28
2564.0,2,charge,0.8879520178554466,4.166764891308717,300.5892899329644,2.0,28
2564.0,3,charge,0.8981949603938566,4.157429769545718,299.8621907049502,1.5,28
2565.0,1,charge,0.8807910928975019,4.158701015611075,301.7631907611764,2.0,28
2565.0,2,charge,0.8880902566653145,4.166821611675704,300.58937482385096,2.0,28
2565.0,3,charge,0.8983035204483268,4.157479426306007,299.8623051246303,1.5,28
2566.0,1,charge,0.8809215823274661,4.158737641425884,301.7631267069414,2.0,28
2566.0,2,charge,0.8882284954751793,4.1668785782082916,300.58945977402755,2.0,28
2566.0,3,charge,0.8984120805027977,4.157529298223922,299.86241956643175,1.5,28
2567.0,1,charge,0.8810520717574326,4.1587744135301,301.7630627332706,2.0,28
2567.0,2,charge,0.8883667342850395,4.166935792195801,300.589544783494,2.0,28
2567.0,3,charge,0.898520640557266,4.15757938496659,299.86253403047203,1.5,28
2568.0,1,charge,0.8811825611874016,4.158811332372227,301.7629988403734,2.0,28
2568.0,2,charge,0.8885049730949074,4.166993254925637,300.58962985225025,2.0,28
2568.0,3,charge,0.8986292006117369,4.1576296862433395,299.8626485168639,1.5,28
2569.0,1,charge,0.881313050617371,4.158848398232632,301.7629350284974,2.0,28
2569.0,2,charge,0.8886432119047722,4.167050967683101,300.5897149802965,2.0,28
2569.0,3,charge,0.8987377606662071,4.157680201805748,299.86276302571537,1.5,28
2570.0,1,charge,0.8814435400473398,4.158885611412178,301.7628712978861,2.0,28
2570.0,2,charge,0.8887814507146324,4.1671089317515895,300.58980016763263,2.0,28
2570.0,3,charge,0.8988463207206778,4.157730931037194,299.86287755717336,1.5,28
2571.0,1,charge,0.8815740294773063,4.158922972572996,301.7628076487038,2.0,28
2571.0,2,charge,0.8889196895245003,4.1671671484123625,300.5898854142586,2.0,28
2571.0,3,charge,0.8989548807751432,4.157781873719871,299.86299211134184,1.5,28
2572.0,1,charge,0.8817045189072705,4.1589604822502055,301.76274408114386,2.0,28
2572.0,2,charge,0.8890579283343651,4.167225618944655,300.58997072017456,2.0,28
2572.0,3,charge,0.8990634408296139,4.157833029748078,299.86310668831266,1.5,28
2573.0,1,charge,0.8818350083372393,4.158998141014486,301.7626805953924,2.0,28
2573.0,2,charge,0.8891961671442253,4.167284344625559,300.5900560853804,2.0,28
2573.0,3,charge,0.8991720008840842,4.157884398938138,299.86322128818557,1.5,28
2574.0,1,charge,0.8819654977672065,4.1590359494721145,301.76261719162807,2.0,28
2574.0,2,charge,0.8893344059540932,4.1673433267300375,300.5901415098761,2.0,28
2574.0,3,charge,0.8992805609385549,4.1579359811394525,299.86333591105665,1.5,28
2575.0,1,charge,0.8820959871971752,4.159073907790317,301.76255387012657,2.0,28
2575.0,2,charge,0.889472644763958,4.167402562298789,300.59022700360896,2.0,28
2575.0,3,charge,0.8993891209930234,4.1579877762201045,299.86345055701963,1.5,28
2576.0,1,charge,0.882226476627144,4.1591120167772395,301.76249063102375,2.0,28
2576.0,2,charge,0.8896108835738182,4.167462056293348,300.5903125578005,2.0,28
2576.0,3,charge,0.8994976810474935,4.158039783494928,299.8635652262263,1.5,28
2577.0,1,charge,0.882356966057111,4.159150277080268,301.76242747449106,2.0,28
2577.0,2,charge,0.8897491223836861,4.167521809998462,300.5903981723947,2.0,28
2577.0,3,charge,0.8996062411019643,4.158092003139604,299.86367991873726,1.5,28
2578.0,1,charge,0.8824874554870745,4.159188689352271,301.7623644006997,2.0,28
2578.0,2,charge,0.8898873611935509,4.16758182467287,300.5904838473918,2.0,28
2578.0,3,charge,0.8997148011564351,4.1581444350361805,299.86379463464397,1.5,28
2579.0,1,charge,0.8826179449170435,4.159227254272689,301.7623014098153,2.0,28
2579.0,2,charge,0.8900256000034111,4.1676421015728735,300.59056958279166,2.0,28
2579.0,3,charge,0.8998233612109059,4.158197079090144,299.8639093740351,1.5,28
2580.0,1,charge,0.8827484343470104,4.159265972449934,301.7622385020197,2.0,28
2580.0,2,charge,0.890163838813279,4.1677026419524905,300.59065537859425,2.0,28
2580.0,3,charge,0.899931921265376,4.158249935230585,299.8640241369965,1.5,28
2581.0,1,charge,0.8828789237769792,4.159304844451049,301.76217567750444,2.0,28
2581.0,2,charge,0.8903020776231438,4.167763447063275,300.5907412347997,2.0,28
2581.0,3,charge,0.9000404813198469,4.158303003314367,299.86413892362134,1.5,28
2582.0,1,charge,0.8830094132069481,4.159343871092284,301.76211293640694,2.0,28
2582.0,2,charge,0.8904403164330038,4.167824518154297,300.5908271514079,2.0,28
2582.0,3,charge,0.9001490413743153,4.158356283091553,299.86425373401397,1.5,28
2583.0,1,charge,0.8831399026369152,4.159383053107377,301.7620502788831,2.0,28
2583.0,2,charge,0.8905785552428719,4.167885856472224,300.59091312841883,2.0,28
2583.0,3,charge,0.9002576014287861,4.158409774647397,299.864368568243,1.5,28
2584.0,1,charge,0.8832703920668841,4.159422391251431,301.7619877050851,2.0,28
2584.0,2,charge,0.8907167940527367,4.167947463261122,300.5909991658326,2.0,28
2584.0,3,charge,0.9003661614832564,4.1584634779472776,299.86448342638937,1.5,28
2585.0,1,charge,0.8834008814968483,4.159461886300841,301.7619252151605,2.0,28
2585.0,2,charge,0.8908550328625969,4.168009339762594,300.5910852636491,2.0,28
2585.0,3,charge,0.9004747215377271,4.158517392974774,299.86459830853204,1.5,28
2586.0,1,charge,0.8835313709268148,4.159501538927089,301.76186280928073,2.0,28
2586.0,2,charge,0.8909932716724648,4.168071487215631,300.5911714218685,2.0,28
2586.0,3,charge,0.9005832815921924,4.158571519731845,299.8647132147478,1.5,28
2587.0,1,charge,0.8836618603567835,4.159541349966067,301.7618004875816,2.0,28
2587.0,2,charge,0.8911315104823296,4.168133906856647,300.5912576404906,2.0,28
2587.0,3,charge,0.900691841646663,4.158625858136337,299.864828145122,1.5,28
2588.0,1,charge,0.883792349786753,4.159581320247257,301.76173825020066,2.0,28
2588.0,2,charge,0.8912697492921896,4.16819659991941,300.59134391951545,2.0,28
2588.0,3,charge,0.9008004017011334,4.158680408184211,299.86494309973153,1.5,28
2589.0,1,charge,0.8839228392167194,4.159621450603766,301.7616760972755,2.0,28
2589.0,2,charge,0.8914079881020577,4.168259567635021,300.5914302589432,2.0,28
2589.0,3,charge,0.9009089617556042,4.158735169947852,299.86505807864523,1.5,28
2590.0,1,charge,0.8840533286466885,4.159661741887256,301.7616140289398,2.0,28
2590.0,2,charge,0.8915462269119225,4.168322811231961,300.5915166587736,2.0,28
2590.0,3,charge,0.9010175218100727,4.158790143472257,299.86517308193424,1.5,28
2591.0,1,charge,0.8841838180766523,4.159702194934354,301.76155204533137,2.0,28
2591.0,2,charge,0.8916844657217825,4.1683863319142045,300.5916031190589,2.0,28
2591.0,3,charge,0.9011260818645435,4.158845328818069,299.8652881096682,1.5,28
2592.0,1,charge,0.8843143075066214,4.159742810547425,301.76149014659563,2.0,28
2592.0,2,charge,0.8918227045316499,4.168450126648843,300.5916896499569,2.0,28
2592.0,3,charge,0.9012346419190137,4.158900726061961,299.8654031619148,1.5,28
2593.0,1,charge,0.8844447969365878,4.159783589663935,301.76142833284916,2.0,28
2593.0,2,charge,0.8919609433415155,4.168514200411728,300.5917762423979,2.0,28
2593.0,3,charge,0.9013432019734845,4.158956335158011,299.86551823875425,1.5,28
2594.0,1,charge,0.8845752863665572,4.159824533186736,301.7613666042165,2.0,28
2594.0,2,charge,0.8920991821513754,4.168578554412946,300.591862896382,2.0,28
2594.0,3,charge,0.9014517620279552,4.159012156253474,299.8656333402464,1.5,28
2595.0,1,charge,0.8847057757965261,4.159865642034811,301.7613049608192,2.0,28
2595.0,2,charge,0.8922374209612428,4.1686431898597505,300.59194961190906,2.0,28
2595.0,3,charge,0.901560322082426,4.159068189455677,299.8657484664552,1.5,28
2596.0,1,charge,0.8848362652264926,4.159906917143318,301.76124340277556,2.0,28
2596.0,2,charge,0.8923756597711084,4.168708107956357,300.5920363889792,2.0,28
2596.0,3,charge,0.9016688821368961,4.159124434878483,299.86586361744367,1.5,28
2597.0,1,charge,0.8849667546564567,4.159948359313124,301.76118193023336,2.0,28
2597.0,2,charge,0.8925138985809683,4.16877330990418,300.5921232275923,2.0,28
2597.0,3,charge,0.9017774421913645,4.159180892649511,299.8659787932732,1.5,28
2598.0,1,charge,0.8850972440864254,4.159989969512728,301.76112054330457,2.0,28
2598.0,2,charge,0.8926521373908357,4.168838796901536,300.5922101277485,2.0,28
2598.0,3,charge,0.9018860022458353,4.1592375628650835,299.8660939940083,1.5,28
2599.0,1,charge,0.8852277335163926,4.160031748729363,301.76105924209753,2.0,28
2599.0,2,charge,0.8927903762007013,4.168904570143805,300.59229708944775,2.0,28
2599.0,3,charge,0.9019945623003056,4.159294445503033,299.8662092197252,1.5,28
2600.0,1,charge,0.8853582229463615,4.160073697933276,301.7609980267247,2.0,28
2600.0,2,charge,0.8929286150105612,4.168970630823263,300.59238411269,2.0,28
2600.0,3,charge,0.9021031223547763,4.159351540807998,299.8663244704729,1.5,28
2601.0,1,charge,0.8854887123763303,4.160115818109546,301.76093689729544,2.0,28
2601.0,2,charge,0.8930668538204286,4.169036980129206,300.59247119747533,2.0,28
2601.0,3,charge,0.9022116824092415,4.15940884893107,299.86643974630954,1.5,28
2602.0,1,charge,0.8856192018062974,4.160158110258394,301.7608758539165,2.0,28
2602.0,2,charge,0.8932050926302942,4.1691036192477835,300.5925583438036,2.0,28
2602.0,3,charge,0.9023202424637122,4.159466370035782,299.866555047292,1.5,28
2603.0,1,charge,0.8857496912362608,4.160200575395426,301.7608148966916,2.0,28
2603.0,2,charge,0.8933433314401541,4.169170549362035,300.592645551675,2.0,28
2603.0,3,charge,0.9024288025181824,4.159524104298401,299.8666703734757,1.5,28
2604.0,1,charge,0.8858801806662298,4.160243214551824,301.76075402572144,2.0,28
2604.0,2,charge,0.8934815702500215,4.1692377716518525,300.59273282108944,2.0,28
2604.0,3,charge,0.9025373625726508,4.159582051908209,299.86678572491434,1.5,28
2605.0,1,charge,0.8860106700961966,4.160286028774746,301.76069324110375,2.0,28
2605.0,2,charge,0.8936198090598871,4.169305287293933,300.59282015204684,2.0,28
2605.0,3,charge,0.9026459226271216,4.15964021306789,299.86690110166046,1.5,28
2606.0,1,charge,0.8861411595261657,4.160329019053347,301.7606325429489,2.0,28
2606.0,2,charge,0.893758047869747,4.169373097461808,300.59290754454736,2.0,28
2606.0,3,charge,0.9027544826815918,4.159698587993821,299.8670165037647,1.5,28
2607.0,1,charge,0.8862716489561344,4.160372186351056,301.7605719313729,2.0,28
2607.0,2,charge,0.8938962866796144,4.169441203325735,300.5929949985909,2.0,28
2607.0,3,charge,0.9028630427360625,4.159757176916446,299.86713193127645,1.5,28
2608.0,1,charge,0.8864021383861015,4.160415531742642,301.76051140646837,2.0,28
2608.0,2,charge,0.89403452548948,4.169509606046786,300.59308251419134,2.0,28
2608.0,3,charge,0.9029716027905332,4.159815979973145,299.867247384254,1.5,28
2609.0,1,charge,0.8865326278160703,4.160459056259078,301.7604509683377,2.0,28
2609.0,2,charge,0.8941727642993399,4.169578306259009,300.59317009256944,2.0,28
2609.0,3,charge,0.9030801628450035,4.15987499732799,299.8673628627531,1.5,28
2610.0,1,charge,0.8866631172460339,4.160502760931994,301.7603906170833,2.0,28
2610.0,2,charge,0.8943110031092073,4.16964730529638,300.5932577333093,2.0,28
2610.0,3,charge,0.9031887228994743,4.159934229155985,299.867478366828,1.5,28
2610.0,1,charge,0.8866631172460354,4.160502760931994,301.7603906170833,2.0,29
2610.0,1,charge,0.8866631172460339,4.160502760931994,301.7603906170833,2.0,29
2610.0,2,charge,0.8943110031092063,4.16964730529638,300.5932577333093,1.5,29
2610.0,2,charge,0.8943110031092073,4.155893785087089,300.5932577333093,1.5,29
2610.0,3,charge,0.903188722899472,4.159934229155985,299.867478366828,0.0,29
2610.0,3,charge,0.9031887228994743,4.1091317499067,299.867478366828,0.0,29
2611.0,1,charge,0.8867936066760009,4.160546653678442,301.76033038227604,2.0,29
2611.0,2,charge,0.8944146822166028,4.155656497282647,300.59313789452693,1.5,29
2611.0,3,charge,0.9031887228994743,4.1082635060078765,299.86732750400745,0.0,29
2612.0,1,charge,0.8869240961059697,4.160590726089505,301.7602702240354,2.0,29
2612.0,2,charge,0.8945183613240038,4.155516125558646,300.5930176910797,1.5,29
2612.0,3,charge,0.9031887228994743,4.1077250240793095,299.8671766544385,0.0,29
2613.0,1,charge,0.8870545855359392,4.16063497942955,301.76021014325363,2.0,29
2613.0,2,charge,0.8946220404313993,4.155413975508403,300.59289716674095,1.5,29
2613.0,3,charge,0.9031887228994743,4.107317520239407,299.86702581812,0.0,29
2614.0,1,charge,0.8871850749659056,4.160679415873048,301.7601501440917,2.0,29
2614.0,2,charge,0.8947257195388002,4.155332766086482,300.5927763467461,1.5,29
2614.0,3,charge,0.9031887228994743,4.106979540753523,299.8668749950511,0.0,29
2615.0,1,charge,0.8873155643958747,4.160724037449461,301.7600902308563,2.0,29
2615.0,2,charge,0.8948293986461957,4.155265247036662,300.5926552507084,1.5,29
2615.0,3,charge,0.9031887228994743,4.106685513196632,299.8667241852304,0.0,29
2616.0,1,charge,0.8874460538258385,4.1607688451734335,301.76003040546937,2.0,29
2616.0,2,charge,0.8949330777535967,4.155207756927618,300.5925338951918,1.5,29
2616.0,3,charge,0.9031887228994744,4.106422624266802,299.8665733886568,0.0,29
2617.0,1,charge,0.8875765432558076,4.1608138404252015,301.75997066702786,2.0,29
2617.0,2,charge,0.8950367568609922,4.155158092183931,300.59241229483223,1.5,29
2617.0,3,charge,0.9031887228994743,4.106183316863115,299.8664226053291,0.0,29
2618.0,1,charge,0.887707032685774,4.160859024583076,301.7599110150127,2.0,29
2618.0,2,charge,0.8951404359683931,4.155114826242715,300.59229046286384,1.5,29
2618.0,3,charge,0.9031887228994743,4.105962803961553,299.86627183524627,0.0,29
2619.0,1,charge,0.8878375221157435,4.160904398147392,301.75985145098787,2.0,29
2619.0,2,charge,0.8952441150757886,4.155076991908655,300.5921684114222,1.5,29
2619.0,3,charge,0.9031887228994743,4.105757777643097,299.866121078407,0.0,29
2620.0,1,charge,0.8879680115457124,4.1609499627258195,301.75979197453245,2.0,29
2620.0,2,charge,0.8953477941831895,4.15504387108913,300.59204615178703,1.5,29
2620.0,3,charge,0.9031887228994743,4.105565817097483,299.86597033481013,0.0,29
2621.0,1,charge,0.8880985009756796,4.160995719802246,301.75973258545343,2.0,29
2621.0,2,charge,0.895451473290585,4.15501491004063,300.5919236945279,1.5,29
2621.0,3,charge,0.9031887228994743,4.105385139591762,299.86581960445454,0.0,29
2622.0,1,charge,0.8882289904056428,4.16104166961492,301.7596732845694,2.0,29
2622.0,2,charge,0.895555152397986,4.15498967743484,300.59180104960257,1.5,29
2622.0,3,charge,0.9031887228994743,4.105214370188884,299.8656688873391,0.0,29
2623.0,1,charge,0.8883594798356118,4.161087813873199,301.75961407163766,2.0,29
2623.0,2,charge,0.8956588315053815,4.154967827960134,300.5916782264332,1.5,29
2623.0,3,charge,0.9031887228994744,4.105052396379394,299.8655181834626,0.0,29
2624.0,1,charge,0.8884899692655788,4.1611341540773354,301.7595549465692,2.0,29
2624.0,2,charge,0.8957625106127824,4.154949076267483,300.59155523397044,1.5,29
2624.0,3,charge,0.9031887228994744,4.104898315043256,299.86536749282385,0.0,29
2625.0,1,charge,0.8886204586955478,4.161180690401178,301.759495909927,2.0,29
2625.0,2,charge,0.895866189720178,4.154933184582546,300.59143208073516,1.5,29
2625.0,3,charge,0.9031887228994744,4.104751386496838,299.86521681542166,0.0,29
2626.0,1,charge,0.8887509481255172,4.161227424604036,301.75943696152973,2.0,29
2626.0,2,charge,0.8959698688275789,4.154919951183372,300.5913087748588,1.5,29
2626.0,3,charge,0.9031887228994744,4.104610987020395,299.865066151255,0.0,29
2627.0,1,charge,0.8888814375554837,4.1612743581755804,301.75937810132376,2.0,29
2627.0,2,charge,0.8960735479349744,4.1549092051053345,300.59118532410844,1.5,29
2627.0,3,charge,0.9031887228994744,4.104476583453694,299.86491550032275,0.0,29
2628.0,1,charge,0.8890119269854525,4.161321490722271,301.7593193300029,2.0,29
2628.0,2,charge,0.8961772270423753,4.154900788683206,300.5910617359459,1.5,29
2628.0,3,charge,0.9031887228994744,4.104347716015079,299.86476486262353,0.0,29
2629.0,1,charge,0.8891424164154165,4.161368824134873,301.759260647361,2.0,29
2629.0,2,charge,0.8962809061497709,4.154894563493084,300.5909380175243,1.5,29
2629.0,3,charge,0.9031887228994752,4.1042239841700106,299.86461423815626,0.0,29
2630.0,1,charge,0.8892729058453831,4.161416359866033,301.7592020533656,2.0,29
2630.0,2,charge,0.8963845852571718,4.154890407320331,300.5908141757061,1.5,29
2630.0,3,charge,0.9031887228994744,4.104105037787459,299.8644636269198,0.0,29
2631.0,1,charge,0.889403395275352,4.161464099228481,301.7591435480396,2.0,29
2631.0,2,charge,0.8964882643645673,4.154888211214484,300.5906902170808,1.5,29
2631.0,3,charge,0.9031887228994752,4.1039905668067505,299.86431302891305,0.0,29
2632.0,1,charge,0.8895338847053216,4.161512043535676,301.7590851314058,2.0,29
2632.0,2,charge,0.8965919434719682,4.1548878781623495,300.5905661479767,1.5,29
2632.0,3,charge,0.9031887228994744,4.103880294307126,299.86416244413476,0.0,29
2633.0,1,charge,0.8896643741352903,4.161560194101696,301.75902680348713,2.0,29
2633.0,2,charge,0.8966956225793637,4.154889318830335,300.5904419744811,1.5,29
2633.0,3,charge,0.9031887228994752,4.103773972136844,299.86401187258383,0.0,29
2634.0,1,charge,0.8897948635652569,4.161608552241244,301.7589685643062,2.0,29
2634.0,2,charge,0.8967993016867645,4.154892452892409,300.59031770244707,1.5,29
2634.0,3,charge,0.9031887228994752,4.103671373133027,299.8638613142591,0.0,29
2635.0,1,charge,0.8899253529952209,4.161657118093412,301.75891041433846,2.0,29
2635.0,2,charge,0.89690298079416,4.1548972039576455,300.59019333751314,1.5,29
2635.0,3,charge,0.9031887228994752,4.103572294477113,299.86371076915924,0.0,29
2636.0,1,charge,0.8900558424251898,4.161705892840134,301.7588523536538,2.0,29
2636.0,2,charge,0.8970066599015609,4.154903503422949,300.59006888510527,1.5,29
2636.0,3,charge,0.9031887228994752,4.10347654413402,299.8635602372833,0.0,29
2637.0,1,charge,0.8901863318551569,4.161754878255925,301.758794382095,2.0,29
2637.0,2,charge,0.8971103390089564,4.154911285770087,300.58994435045065,1.5,29
2637.0,3,charge,0.9031887228994752,4.103383953735804,299.86340971863007,0.0,29
2638.0,1,charge,0.8903168212851257,4.161804075555109,301.7587364997207,2.0,29
2638.0,2,charge,0.8972140181163574,4.154920490355094,300.5898197385879,1.5,29
2638.0,3,charge,0.9031887228994752,4.103294361400314,299.8632592131982,0.0,29
2639.0,1,charge,0.8904473107150945,4.1618534859510525,301.7586787065897,2.0,29
2639.0,2,charge,0.8973176972237529,4.154931061225373,300.58969505436545,1.5,29
2639.0,3,charge,0.9031887228994753,4.103207624530686,299.8631087209868,0.0,29
2640.0,1,charge,0.8905778001450616,4.161903110656157,301.75862100276066,2.0,29
2640.0,2,charge,0.8974213763311538,4.15494294480166,300.5895703024633,1.5,29
2640.0,3,charge,0.9031887228994753,4.103123607189767,299.8629582419946,0.0,29
2641.0,1,charge,0.8907082895750249,4.16195295088179,301.7585633882923,2.0,29
2641.0,2,charge,0.8975250554385469,4.154956092562552,300.5894454873835,1.5,29
2641.0,3,charge,0.9031887228994753,4.1030421855418115,299.86280777622045,0.0,29
2642.0,1,charge,0.890838779004994,4.162003007626435,301.7585058633475,2.0,29
2642.0,2,charge,0.8976287345459503,4.154970457867646,300.58932061347207,1.5,29
2642.0,3,charge,0.9031887228994753,4.102963243126746,299.8626573236631,0.0,29
2643.0,1,charge,0.8909692684349609,4.162053281766169,301.7584484281471,2.0,29
2643.0,2,charge,0.8977324136533433,4.154985997521187,300.5891956849145,1.5,29
2643.0,3,charge,0.9031887228994754,4.102886670668212,299.86250688432153,0.0,29
2644.0,1,charge,0.8910997578649297,4.162103774778247,301.7583910826151,2.0,29
2644.0,2,charge,0.8978360927607467,4.155002670602842,300.58907070574855,1.5,29
2644.0,3,charge,0.9031887228994754,4.102812366066727,299.86235645819454,0.0,29
2645.0,1,charge,0.8912302472948987,4.162154487834699,301.75833382682555,2.0,29
2645.0,2,charge,0.8979397718681398,4.155020438337072,300.5889456798633,1.5,29
2645.0,3,charge,0.9031887228994754,4.102740232673025,299.8622060452808,0.0,29
2646.0,1,charge,0.8913607367248657,4.162205422105718,301.75827666085246,2.0,29
2646.0,2,charge,0.8980434509755407,4.155039263981532,300.588820611017,1.5,29
2646.0,3,charge,0.9031887228994754,4.102670180249911,299.86205564557946,0.0,29
2647.0,1,charge,0.8914912261548347,4.162256578759582,301.7582195847696,2.0,29
2647.0,2,charge,0.8981471300829362,4.155059112378733,300.58869550283873,1.5,29
2647.0,3,charge,0.9031887228994754,4.102602123532096,299.86190525908904,0.0,29
2648.0,1,charge,0.891621715584798,4.16230795896256,301.7581625986511,2.0,29
2648.0,2,charge,0.8982508091903372,4.1550799512003165,300.5885703588089,1.5,29
2648.0,3,charge,0.9031887228994754,4.1025359824830385,299.8617548858086,0.0,29
2649.0,1,charge,0.8917522050147652,4.162359563895075,301.7581057025739,2.0,29
2649.0,2,charge,0.8983544882977327,4.155101748890234,300.5884451822993,1.5,29
2649.0,3,charge,0.9031887228994754,4.102471681644493,299.8616045257369,0.0,29
2650.0,1,charge,0.891882694444734,4.1624113949093715,301.7580488966475,2.0,29
2650.0,2,charge,0.8984581674051334,4.155124474432075,300.5883199765792,1.5,29
2650.0,3,charge,0.9031887228994754,4.102409149502213,299.8614541788728,0.0,29
2651.0,1,charge,0.8920131838747027,4.162463453043479,301.75799218092294,2.0,29
2651.0,2,charge,0.8985618465125289,4.155148098447022,300.58819474479947,1.5,29
2651.0,3,charge,0.9031887228994754,4.102348318519345,299.8613038452151,0.0,29
2652.0,1,charge,0.89214367330467,4.162515739465314,301.7579355554761,2.0,29
2652.0,2,charge,0.8986655256199299,4.155172596665831,300.5880694899471,1.5,29
2652.0,3,charge,0.9031887228994754,4.102289124465809,299.8611535247627,0.0,29
2653.0,1,charge,0.8922741627346388,4.162568255340424,301.7578790203828,2.0,29
2653.0,2,charge,0.8987692047273254,4.155197940960063,300.5879442149766,1.5,29
2653.0,3,charge,0.9031887228994754,4.1022315062353325,299.8610032175144,0.0,29
2654.0,1,charge,0.8924046521646026,4.162621001832027,301.757822575719,2.0,29
2654.0,2,charge,0.8988728838347255,4.155224105520504,300.5878189227242,1.5,29
2654.0,3,charge,0.9031887228994754,4.102175406382495,299.86085292346894,0.0,29
2655.0,1,charge,0.8925351415945691,4.162673980100925,301.7577662215604,2.0,29
2655.0,2,charge,0.898976562942121,4.155251067543686,300.58769361590134,1.5,29
2655.0,3,charge,0.9031887228994754,4.102120769326847,299.8607026426254,0.0,29
2656.0,1,charge,0.8926656310245381,4.1627271913053745,301.7577099579829,2.0,29
2656.0,2,charge,0.899080242049522,4.155278805519507,300.58756829712206,1.5,29
2656.0,3,charge,0.9031887228994754,4.102067541927454,299.8605523749824,0.0,29
2657.0,1,charge,0.8927961204545075,4.162780636991037,301.7576537850203,2.0,29
2657.0,2,charge,0.8991839211569175,4.155307296650172,300.58744296894326,1.5,29
2657.0,3,charge,0.9031887228994754,4.102015675652135,299.86040212053894,0.0,29
2658.0,1,charge,0.8929266098844739,4.162834318179686,301.7575977027629,2.0,29
2658.0,2,charge,0.8992876002643184,4.155336519915579,300.5873176338232,1.5,29
2658.0,3,charge,0.9031887228994754,4.10196512156768,299.8602518792937,0.0,29
2659.0,1,charge,0.8930570993144428,4.162888235976051,301.7575417112914,2.0,29
2659.0,2,charge,0.8993912793717139,4.155366456895228,300.58719229410076,1.5,29
2659.0,3,charge,0.9031887228994754,4.101915833349302,299.86010165124566,0.0,29
2660.0,1,charge,0.8931875887444067,4.162942391552486,301.75748581067944,2.0,29
2660.0,2,charge,0.8994949584791149,4.155397088224681,300.58706695207206,1.5,29
2660.0,3,charge,0.9031887228994754,4.101867769206464,299.8599514363936,0.0,29
2661.0,1,charge,0.8933180781743734,4.162996786078704,301.7574300010003,2.0,29
2661.0,2,charge,0.8995986375865104,4.155428395938918,300.5869416099434,1.5,29
2661.0,3,charge,0.9031887228994754,4.101820886430872,299.85980123473644,0.0,29
2662.0,1,charge,0.8934485676043421,4.163051420721758,301.7573742823273,2.0,29
2662.0,2,charge,0.8997023166939113,4.155460362807672,300.5868162698413,1.5,29
2662.0,3,charge,0.9031887228994754,4.101775144875164,299.8596510462729,0.0,29
2663.0,1,charge,0.8935790570343117,4.163106296645987,301.7573186547338,2.0,29
2663.0,2,charge,0.8998059958013068,4.155492972267392,300.58669093381366,1.5,29
2663.0,3,charge,0.9031887228994754,4.101730507463136,299.85950087100184,0.0,29
2664.0,1,charge,0.8937095464642781,4.1631614152480925,301.7572631182664,2.0,29
2664.0,2,charge,0.8999096749087078,4.155526208439749,300.5865656038507,1.5,29
2664.0,3,charge,0.9031887228994754,4.101686937317426,299.8593507089222,0.0,29
2665.0,1,charge,0.8938400358942471,4.163216777781166,301.7572076729878,2.0,29
2665.0,2,charge,0.9000133540161033,4.155560056001739,300.5864402818723,1.5,29
2665.0,3,charge,0.9031887228994754,4.101644399525634,299.8592005600327,0.0,29
2666.0,1,charge,0.893970525324211,4.163272385267669,301.7571523189869,2.0,29
2666.0,2,charge,0.9001170331235042,4.15559450041815,300.58631496972026,1.5,29
2666.0,3,charge,0.9031887228994754,4.101602860841082,299.8590504243323,0.0,29
2667.0,1,charge,0.8941010147541799,4.163328238884006,301.7570970563346,2.0,29
2667.0,2,charge,0.9002207122308997,4.15562952745136,300.58618966918567,1.5,29
2667.0,3,charge,0.9031887228994754,4.10156228913557,299.85890030181974,0.0,29
2668.0,1,charge,0.8942315041841464,4.16338433980382,301.75704188510167,2.0,29
2668.0,2,charge,0.9003243913383007,4.15566512331469,300.58606438200036,1.5,29
2668.0,3,charge,0.9031887228994754,4.101522653622494,299.85875019249386,0.0,29
2669.0,1,charge,0.894361993614116,4.163440689197881,301.7569868053591,2.0,29
2669.0,2,charge,0.9004280704456962,4.155701274871237,300.58593910983353,1.5,29
2669.0,3,charge,0.9031887228994754,4.101483924783601,299.8586000963536,0.0,29
2670.0,1,charge,0.8944924830440847,4.163497288234068,301.75693181717764,2.0,29
2670.0,2,charge,0.9005317495530971,4.155737970110869,300.5858138542852,1.5,29
2670.0,3,charge,0.9031887228994754,4.101446074110157,299.8584500133977,0.0,29
2671.0,1,charge,0.8946229724740513,4.16355413817452,301.7568769206205,2.0,29
2671.0,2,charge,0.9006354286604924,4.155775196556049,300.5856886169205,1.5,29
2671.0,3,charge,0.9031887228994754,4.1014090741973686,299.858299943625,0.0,29
2672.0,1,charge,0.8947534619040152,4.1636112404328856,301.75682211573877,2.0,29
2672.0,2,charge,0.9007391077678936,4.155812942441345,300.5855633992471,1.5,29
2672.0,3,charge,0.9031887228994754,4.101372899009133,299.8581498870345,0.0,29
2673.0,1,charge,0.8948839513339839,4.163668595988772,301.7567674026176,2.0,29
2673.0,2,charge,0.9008427868752888,4.1558511969137815,300.5854382027107,1.5,29
2673.0,3,charge,0.9031887228994754,4.101337523079833,299.85799984362484,0.0,29
2674.0,1,charge,0.8950144407639512,4.163726206021049,301.75671278132614,2.0,29
2674.0,2,charge,0.90094646598269,4.1558899493724875,300.58531302871324,1.5,29
2674.0,3,charge,0.9031887228994754,4.101302922017323,299.85784981339503,0.0,29
2675.0,1,charge,0.8951449301939199,4.163784071706019,301.7566582519335,2.0,29
2675.0,2,charge,0.9010501450900853,4.15592918943521,300.58518787861493,1.5,29
2675.0,3,charge,0.9031887228994754,4.101269072677743,299.8576997963438,0.0,29
2676.0,1,charge,0.8952754196238888,4.163842194217479,301.756603814509,2.0,29
2676.0,2,charge,0.9011538241974866,4.155968907250307,300.5850627537274,1.5,29
2676.0,3,charge,0.9031887228994754,4.101235952407388,299.85754979246997,0.0,29
2677.0,1,charge,0.895405909053856,4.163900574726479,301.75654946912147,2.0,29
2677.0,2,charge,0.9012575033048817,4.156009093390643,300.5849376553076,1.5,29
2677.0,3,charge,0.9031887228994754,4.10120353951128,299.8573998017725,0.0,29
2678.0,1,charge,0.8955363984838249,4.163959214401447,301.7564952158401,2.0,29
2678.0,2,charge,0.9013611824122827,4.156049738768831,300.58481258458283,1.5,29
2678.0,3,charge,0.9031887228994754,4.1011718132099535,299.8572498242502,0.0,29
2679.0,1,charge,0.8956668879137882,4.1640181144080355,301.75644105473384,2.0,29
2679.0,2,charge,0.9014648615196782,4.156090834669064,300.5846875427359,1.5,29
2679.0,3,charge,0.9031887228994755,4.1011407533580435,299.8570998599018,0.0,29
2680.0,1,charge,0.8957973773437554,4.164077275909113,301.75638698587176,2.0,29
2680.0,2,charge,0.9015685406270795,4.1561323726133335,300.584562530902,1.5,29
2680.0,3,charge,0.9031887228994755,4.101110340582595,299.85694990872634,0.0,29
2681.0,1,charge,0.8959278667737243,4.164136700064706,301.7563330093227,2.0,29
2681.0,2,charge,0.9016722197344746,4.156174344434279,300.58443755017856,1.5,29
2681.0,3,charge,0.9031887228994755,4.101080556234615,299.8567999707224,0.0,29
2682.0,1,charge,0.8960583562036939,4.164196388132537,301.7562791251534,2.0,29
2682.0,2,charge,0.9017758988418759,4.156216742369871,300.5843126016366,1.5,29
2682.0,3,charge,0.9031887228994757,4.101051382270823,299.8566500458891,0.0,29
2683.0,1,charge,0.8961888456336603,4.164256341427172,301.7562253334294,2.0,29
2683.0,2,charge,0.9018795779492711,4.156259558893641,300.5841876863097,1.5,29
2683.0,3,charge,0.9031887228994757,4.101022801274894,299.8565001342251,0.0,29
2684.0,1,charge,0.8963193350636293,4.164316560955512,301.7561716342227,2.0,29
2684.0,2,charge,0.9019832570566724,4.156302786745649,300.5840628051994,1.5,29
2684.0,3,charge,0.9031887228994757,4.100994796405823,299.85635023572934,0.0,29
2685.0,1,charge,0.8964498244935933,4.164377047882587,301.7561180276019,2.0,29
2685.0,2,charge,0.9020869361640675,4.156346418931022,300.58393795927395,1.5,29
2685.0,3,charge,0.9031887228994757,4.100967351650805,299.85620035040057,0.0,29
2686.0,1,charge,0.8965803139235622,4.1644378033714045,301.7560645136351,2.0,29
2686.0,2,charge,0.9021906152714688,4.156390448926121,300.5838131494141,1.5,29
2686.0,3,charge,0.9031887228994757,4.100940451343073,299.8560504782377,0.0,29
2687.0,1,charge,0.8967108033535286,4.164498828582786,301.7560110923911,2.0,29
2687.0,2,charge,0.902294294378864,4.156434870117261,300.5836883765513,1.5,29
2687.0,3,charge,0.9031887228994757,4.100914080251259,299.85590061923955,0.0,29
2688.0,1,charge,0.896841292783498,4.164560124675459,301.755957763938,2.0,29
2688.0,2,charge,0.9023979734862653,4.156479676219234,300.58356364156083,1.5,29
2688.0,3,charge,0.9031887228994757,4.1008882236668285,299.855750773405,0.0,29
2689.0,1,charge,0.8969717822134671,4.164621692806043,301.75590452834416,2.0,29
2689.0,2,charge,0.9025016525936604,4.156524861142334,300.5834389452927,1.5,29
2689.0,3,charge,0.9031887228994757,4.100862867471717,299.85560094073287,0.0,29
2690.0,1,charge,0.897102271643434,4.164683534128853,301.7558513856779,2.0,29
2690.0,2,charge,0.9026053317010617,4.156570418976092,300.5833142885734,1.5,29
2690.0,3,charge,0.9031887228994757,4.100837998487895,299.85545112122196,0.0,29
2691.0,1,charge,0.8972327610734031,4.164745649796064,301.7557983360074,2.0,29
2691.0,2,charge,0.9027090108084569,4.156616344468413,300.58318967215354,1.5,29
2691.0,3,charge,0.9031887228994758,4.100813603203553,299.8553013148712,0.0,29
2692.0,1,charge,0.8973632505033663,4.164808040957528,301.75574537940076,2.0,29
2692.0,2,charge,0.9028126899158582,4.156662632414303,300.5830650967747,1.5,29
2692.0,3,charge,0.9031887228994757,4.100789668790769,299.8551515216794,0.0,29
2693.0,1,charge,0.8974937399333336,4.1648707087863865,301.7556925159282,2.0,29
2693.0,2,charge,0.9029163690232533,4.156709277351363,300.5829405632025,1.5,29
2693.0,3,charge,0.9031887228994758,4.100766182796855,299.8550017416453,0.0,29
2694.0,1,charge,0.8976242293633024,4.1649336544610085,301.7556397456607,2.0,29
2694.0,2,charge,0.9030200481306546,4.1567562742201964,300.5828160721547,1.5,29
2694.0,3,charge,0.9031887228994758,4.100743133665857,299.8548519747679,0.0,29
2695.0,1,charge,0.8977547187932718,4.16499687910261,301.75558706866434,2.0,29
2695.0,2,charge,0.9031237272380501,4.156803618110547,300.5826916243282,1.5,29
2695.0,3,charge,0.9031887228994759,4.100720509849809,299.8547022210459,0.0,29
2696.0,1,charge,0.8978852082232408,4.165060383859359,301.75553448500773,2.0,29
2696.0,2,charge,0.9032274063454511,4.156851304289726,300.5825672203978,1.5,29
2696.0,3,charge,0.9031887228994759,4.100698300057164,299.85455248047833,0.0,29
2697.0,1,charge,0.8980156976532074,4.165124169877751,301.75548199475935,2.0,29
2697.0,2,charge,0.9033310854528466,4.156899328764163,300.58244286096505,1.5,29
2697.0,3,charge,0.9031887228994759,4.10067649344805,299.8544027530639,0.0,29
2698.0,1,charge,0.8981461870831714,4.165188238302492,301.7554295979878,2.0,29
2698.0,2,charge,0.9034347645602475,4.156947687011729,300.5823185466727,1.5,29
2698.0,3,charge,0.9031887228994759,4.100655079534572,299.85425303880146,0.0,29
2699.0,1,charge,0.8982766765131402,4.165252590276594,301.7553772947618,2.0,29
2699.0,2,charge,0.9035384436676428,4.156996374928473,300.5821942781198,1.5,29
2699.0,3,charge,0.9031887228994766,4.100634048333504,299.85410333768993,0.0,29
2700.0,1,charge,0.8984071659431074,4.165317226941264,301.7553250851497,2.0,29
2700.0,2,charge,0.903642122775044,4.157045388578021,300.58207005588457,1.5,29
2700.0,3,charge,0.9031887228994766,4.1006133901195,299.85395364972806,0.0,29
2700.0,1,charge,0.8984071659431088,4.165317226941264,301.7553250851497,1.5,30
2700.0,1,charge,0.8984071659431074,4.152149208372338,301.7553250851497,1.5,30
2700.0,2,charge,0.9036421227750427,4.157045388578021,300.58207005588457,0.0,30
2700.0,2,charge,0.903642122775044,4.108847417381041,300.58207005588457,0.0,30
2700.0,3,charge,0.9031887228994776,4.1006133901195,299.85395364972806,0.0,30
2700.0,3,charge,0.9031887228994766,4.1006133901195,299.85395364972806,0.0,30
2701.0,1,charge,0.8985050330155838,4.151920515119724,301.75504485716624,1.5,30
2701.0,2,charge,0.903642122775044,4.108011797555246,300.58164951244134,0.0,30
2701.0,3,charge,0.9031887228994766,4.100593101317317,299.8538039751549,0.0,30
2702.0,1,charge,0.8986029000880582,4.151783921554285,301.7547642437119,1.5,30
2702.0,2,charge,0.903642122775044,4.107489527342127,300.58122904171654,0.0,30
2702.0,3,charge,0.9031887228994766,4.100573160308562,299.85365431350715,0.0,30
2703.0,1,charge,0.8987007671605376,4.151683920683438,301.7544832927087,1.5,30
2703.0,2,charge,0.903642122775044,4.107092040058875,300.580808643698,0.0,30
2703.0,3,charge,0.9031887228994766,4.10055356297082,299.8535046649974,0.0,30
2704.0,1,charge,0.8987986342330122,4.151604013574409,301.754202032123,1.5,30
2704.0,2,charge,0.903642122775044,4.106760975266733,300.58038831837285,0.0,30
2704.0,3,charge,0.9031887228994766,4.100534301610628,299.8533550296263,0.0,30
2705.0,1,charge,0.8988965013054885,4.151537257759498,301.7539204837888,1.5,30
2705.0,2,charge,0.903642122775044,4.106472022502389,300.5799680657285,0.0,30
2705.0,3,charge,0.9031887228994766,4.100515368920542,299.8532054073965,0.0,30
2706.0,1,charge,0.8989943683779632,4.151480142802941,301.75363866619284,1.5,30
2706.0,2,charge,0.903642122775044,4.10621298789191,300.5795478857526,0.0,30
2706.0,3,charge,0.9031887228994766,4.10049675695546,299.8530557983086,0.0,30
2707.0,1,charge,0.8990922354504369,4.151430555352202,301.7533565956962,1.5,30
2707.0,2,charge,0.903642122775044,4.105976671812323,300.5791277784325,0.0,30
2707.0,3,charge,0.9031887228994766,4.10047845821788,299.8529062023621,0.0,30
2708.0,1,charge,0.8991901025229114,4.1513871265549085,301.7530742871092,1.5,30
2708.0,2,charge,0.903642122775044,4.105758508302641,300.5787077437555,0.0,30
2708.0,3,charge,0.9031887228994766,4.1004604647686556,299.8527566195558,0.0,30
2709.0,1,charge,0.8992879695953878,4.151348928103593,301.7527917540256,1.5,30
2709.0,2,charge,0.903642122775044,4.10555533857797,300.57828778170926,0.0,30
2709.0,3,charge,0.9031887228994766,4.100442770272574,299.85260704988906,0.0,30
2710.0,1,charge,0.8993858366678624,4.1513152705872844,301.75250900908776,1.5,30
2710.0,2,charge,0.9036421227750447,4.10536484828488,300.57786789228106,0.0,30
2710.0,3,charge,0.9031887228994766,4.100425366996884,299.85245749336053,0.0,30
2711.0,1,charge,0.8994837037403419,4.151285622289334,301.75222606414803,1.5,30
2711.0,2,charge,0.903642122775044,4.105185330751464,300.5774480754584,0.0,30
2711.0,3,charge,0.9031887228994766,4.100408247714304,299.8523079499691,0.0,30
2712.0,1,charge,0.8995815708128163,4.151259568857647,301.7519429303772,1.5,30
2712.0,2,charge,0.9036421227750447,4.105015467986888,300.5770283312287,0.0,30
2712.0,3,charge,0.9031887228994766,4.10039140548667,299.85215841971353,0.0,30
2713.0,1,charge,0.8996794378852927,4.1512367784895705,301.7516596183492,1.5,30
2713.0,2,charge,0.9036421227750447,4.104854192315518,300.57660865957945,0.0,30
2713.0,3,charge,0.9031887228994766,4.100374833630585,299.8520089025927,0.0,30
2714.0,1,charge,0.8997773049577672,4.15121697690763,301.75137613811125,1.5,30
2714.0,2,charge,0.9036421227750447,4.104700635838231,300.57618906049805,0.0,30
2714.0,3,charge,0.9031887228994766,4.1003585257986845,299.85185939860554,0.0,30
2715.0,1,charge,0.8998751720302413,4.151199935466821,301.7510924992307,1.5,30
2715.0,2,charge,0.9036421227750447,4.104554086676318,300.575769533972,0.0,30
2715.0,3,charge,0.9031887228994766,4.100342475686732,299.85170990775066,0.0,30
2716.0,1,charge,0.8999730391027158,4.151185460131834,301.75080871083975,1.5,30
2716.0,2,charge,0.9036421227750447,4.1044139437533875,300.5753500799887,0.0,30
2716.0,3,charge,0.9031887228994766,4.10032667748405,299.851560430027,0.0,30
2717.0,1,charge,0.900070906175192,4.151173386398064,301.75052478166225,1.5,30
2717.0,2,charge,0.903642122775044,4.104279692571778,300.5749306985357,0.0,30
2717.0,3,charge,0.9031887228994766,4.100311125375887,299.85141096543344,0.0,30
2718.0,1,charge,0.9001687732476665,4.1511635625265075,301.75024072008114,1.5,30
2718.0,2,charge,0.903642122775044,4.104150888824188,300.5745113896004,0.0,30
2718.0,3,charge,0.9031887228994768,4.100295813904305,299.85126151396884,0.0,30
2719.0,1,charge,0.9002666403201461,4.151155855261988,301.74995653413265,1.5,30
2719.0,2,charge,0.9036421227750447,4.104027144912012,300.5740921531702,0.0,30
2719.0,3,charge,0.9031887228994768,4.100280737317904,299.851112075632,0.0,30
2720.0,1,charge,0.900364507392623,4.151150146888922,301.74967223152794,1.5,30
2720.0,2,charge,0.9036421227750447,4.10390812151252,300.5736729892327,0.0,30
2720.0,3,charge,0.9031887228994768,4.10026589051858,299.85096265042176,0.0,30
2721.0,1,charge,0.9004623744650975,4.151146332426514,301.7493878196721,1.5,30
2721.0,2,charge,0.903642122775044,4.103793517715324,300.57325389777515,0.0,30
2721.0,3,charge,0.9031887228994768,4.1002512683656,299.85081323833697,0.0,30
2722.0,1,charge,0.9005602415375715,4.151144318369774,301.74910330567724,1.5,30
2722.0,2,charge,0.903642122775044,4.103683064407031,300.5728348787852,0.0,30
2722.0,3,charge,0.9031887228994768,4.100236865562355,299.8506638393765,0.0,30
2723.0,1,charge,0.9006581086100452,4.151144018576896,301.74881869638506,1.5,30
2723.0,2,charge,0.903642122775044,4.10357652009381,300.57241593225035,0.0,30
2723.0,3,charge,0.9031887228994768,4.10022267746789,299.8505144535393,0.0,30
2724.0,1,charge,0.9007559756825223,4.151145355580752,301.74853399837434,1.5,30
2724.0,2,charge,0.903642122775044,4.103473663483163,300.571997058158,0.0,30
2724.0,3,charge,0.9031887228994768,4.100208699326053,299.850365080824,0.0,30
2725.0,1,charge,0.900853842754996,4.151148255683396,301.74824921798336,1.5,30
2725.0,2,charge,0.903642122775044,4.103374296655927,300.57157825649557,0.0,30
2725.0,3,charge,0.9031887228994768,4.100194926468022,299.8502157212296,0.0,30
2726.0,1,charge,0.9009517098274705,4.151152652683114,301.7479643613113,1.5,30
2726.0,2,charge,0.903642122775044,4.1032782321696555,300.5711595272506,0.0,30
2726.0,3,charge,0.9031887228994768,4.100181354509079,299.8500663747548,0.0,30
2727.0,1,charge,0.9010495768999508,4.151158483348581,301.7476794342343,1.5,30
2727.0,2,charge,0.903642122775044,4.1031853052733265,300.5707408704105,0.0,30
2727.0,3,charge,0.9031887228994768,4.1001679791360175,299.84991704139867,0.0,30
2728.0,1,charge,0.9011474439724271,4.151165689128672,301.7473944424167,1.5,30
2728.0,2,charge,0.9036421227750437,4.1030953575940945,300.57032228596285,0.0,30
2728.0,3,charge,0.9031887228994768,4.100154796185995,299.8497677211599,0.0,30
2729.0,1,charge,0.9012453110449016,4.151174215995002,301.7471093913089,1.5,30
2729.0,2,charge,0.903642122775044,4.103008249257449,300.5699037738951,0.0,30
2729.0,3,charge,0.9031887228994768,4.1001418013385,299.8496184140374,0.0,30
2730.0,1,charge,0.9013431781173756,4.151184012194716,301.7468242861723,1.5,30
2730.0,2,charge,0.903642122775044,4.102923846906233,300.56948533419467,0.0,30
2730.0,3,charge,0.9031887228994768,4.100128990762121,299.84946912003,0.0,30
2731.0,1,charge,0.9014410451898501,4.151195030845024,301.74653913206816,1.5,30
2731.0,2,charge,0.903642122775044,4.102842028843378,300.56906696684905,0.0,30
2731.0,3,charge,0.9031887228994768,4.100116360659854,299.8493198391365,0.0,30
2732.0,1,charge,0.9015389122623263,4.151207226874664,301.74625393388254,1.5,30
2732.0,2,charge,0.903642122775044,4.102762680539502,300.5686486718459,0.0,30
2732.0,3,charge,0.9031887228994768,4.100103907376065,299.84917057135584,0.0,30
2733.0,1,charge,0.9016367793348009,4.151220558528504,301.7459686963207,1.5,30
2733.0,2,charge,0.903642122775044,4.102685694441719,300.5682304491725,0.0,30
2733.0,3,charge,0.9031887228994768,4.100091627180543,299.8490213166868,0.0,30
2734.0,1,charge,0.9017346464072806,4.151234986245785,301.74568342392195,1.5,30
2734.0,2,charge,0.903642122775044,4.102610969963795,300.5678122988164,0.0,30
2734.0,3,charge,0.9031887228994768,4.100079516159964,299.84887207512816,0.0,30
2735.0,1,charge,0.9018325134797548,4.151250472533381,301.7453981210587,1.5,30
2735.0,2,charge,0.903642122775044,4.10253841182538,300.56739422076515,0.0,30
2735.0,3,charge,0.9031887228994768,4.100067571179656,299.84872284667904,0.0,30
2736.0,1,charge,0.9019303805522312,4.151266981860686,301.7451127919559,1.5,30
2736.0,2,charge,0.903642122775044,4.1024679309863625,300.56697621500626,0.0,30
2736.0,3,charge,0.9031887228994768,4.100055788957171,299.84857363133796,0.0,30
2737.0,1,charge,0.9020282476247056,4.151284480229917,301.7448274406929,1.5,30
2737.0,2,charge,0.903642122775044,4.102399443236715,300.5665582815272,0.0,30
2737.0,3,charge,0.9031887228994769,4.100044166329479,299.84842442910394,0.0,30
2738.0,1,charge,0.9021261146971796,4.151302936340449,301.7445420711829,1.5,30
2738.0,2,charge,0.903642122775044,4.102332869470894,300.56614042031543,0.0,30
2738.0,3,charge,0.9031887228994769,4.100032699785631,299.84827523997586,0.0,30
2739.0,1,charge,0.9022239817696541,4.151322319691688,301.74425668721557,1.5,30
2739.0,2,charge,0.903642122775044,4.102268135036434,300.5657226313585,0.0,30
2739.0,3,charge,0.9031887228994769,4.100021386167265,299.84812606395246,0.0,30
2740.0,1,charge,0.902321848842128,4.151342600283704,301.7439712924659,1.5,30
2740.0,2,charge,0.903642122775044,4.102205169140511,300.5653049146438,0.0,30
2740.0,3,charge,0.9031887228994768,4.100010222654918,299.8479769010327,0.0,30
2741.0,1,charge,0.9024197159146041,4.151363749666549,301.7436858904759,1.5,30
2741.0,2,charge,0.903642122775044,4.102143904875186,300.564887270159,0.0,30
2741.0,3,charge,0.9031887228994769,4.099999206362902,299.84782775121533,0.0,30
2742.0,1,charge,0.9025175829870786,4.151385744352086,301.74340048460283,1.5,30
2742.0,2,charge,0.9036421227750447,4.102084278571448,300.5644696978915,0.0,30
2742.0,3,charge,0.9031887228994769,4.099988334501733,299.8476786144993,0.0,30
2743.0,1,charge,0.9026154500595582,4.151408557137682,301.74311507816714,1.5,30
2743.0,2,charge,0.903642122775044,4.102026229626288,300.5640521978289,0.0,30
2743.0,3,charge,0.9031887228994769,4.0999776038468045,299.84752949088323,0.0,30
2744.0,1,charge,0.9027133171320326,4.1514321630600355,301.7428296743564,1.5,30
2744.0,2,charge,0.9036421227750447,4.101969701004959,300.56363476995875,0.0,30
2744.0,3,charge,0.9031887228994769,4.099967011913675,299.84738038036625,0.0,30
2745.0,1,charge,0.9028111842045088,4.151456539978358,301.7425442762189,1.5,30
2745.0,2,charge,0.903642122775044,4.101914637529985,300.5632174142684,0.0,30
2745.0,3,charge,0.9031887228994769,4.099956556082871,299.8472312829471,0.0,30
2746.0,1,charge,0.9029090512769833,4.151481667119646,301.74225888669133,1.5,30
2746.0,2,charge,0.903642122775044,4.101860986433714,300.56280013074553,0.0,30
2746.0,3,charge,0.9031887228994794,4.099946233805861,299.84708219862455,0.0,30
2747.0,1,charge,0.9030069183494572,4.151507522406318,301.7419735086471,1.5,30
2747.0,2,charge,0.9036421227750447,4.101808699400538,300.56238291937757,0.0,30
2747.0,3,charge,0.9031887228994794,4.099936042536756,299.8469331273976,0.0,30
2748.0,1,charge,0.9031047854219317,4.151534085476193,301.74168814484875,1.5,30
2748.0,2,charge,0.9036421227750447,4.101757727810117,300.56196578015204,0.0,30
2748.0,3,charge,0.9031887228994794,4.099925979630436,299.846784069265,0.0,30
2749.0,1,charge,0.903202652494408,4.15156133848701,301.7414027979242,1.5,30
2749.0,2,charge,0.9036421227750447,4.1017080256050225,300.5615487130565,0.0,30
2749.0,3,charge,0.9031887228994794,4.099916042831127,299.8466350242257,0.0,30
2750.0,1,charge,0.9033005195668824,4.1515892626883595,301.74111747045305,1.5,30
2750.0,2,charge,0.9036421227750447,4.1016595510985745,300.56113171807846,0.0,30
2750.0,3,charge,0.9031887228994794,4.099906229826486,299.8464859922784,0.0,30
2751.0,1,charge,0.903398386639362,4.151617840679959,301.74083216491414,1.5,30
2751.0,2,charge,0.9036421227750447,4.10161226180025,300.56071479520546,0.0,30
2751.0,3,charge,0.9031887228994794,4.099896538373658,299.846336973422,0.0,30
2752.0,1,charge,0.9034962537118365,4.151647055774273,301.7405468836963,1.5,30
2752.0,2,charge,0.9036421227750447,4.101566117724969,300.56029794442503,0.0,30
2752.0,3,charge,0.9031887228994794,4.099886966160412,299.84618796765545,0.0,30
2753.0,1,charge,0.9035941207843129,4.151676891928427,301.74026162909996,1.5,30
2753.0,2,charge,0.9036421227750447,4.101521081865501,300.5598811657248,0.0,30
2753.0,3,charge,0.9031887228994794,4.099877510983349,299.8460389749775,0.0,30
2754.0,1,charge,0.9036919878567875,4.1517073337634365,301.7399764033602,1.5,30
2754.0,2,charge,0.9036421227750447,4.101477117462636,300.55946445909206,0.0,30
2754.0,3,charge,0.9031887228994794,4.099868170811062,299.845889995387,0.0,30
2755.0,1,charge,0.9037898549292612,4.151738366439491,301.73969120863325,1.5,30
2755.0,2,charge,0.9036421227750447,4.101434189684296,300.5590478245145,0.0,30
2755.0,3,charge,0.9031887228994794,4.099858943611558,299.8457410288828,0.0,30
2756.0,1,charge,0.9038877220017358,4.1517699758707876,301.73940604698777,1.5,30
2756.0,2,charge,0.9036421227750447,4.101392265339092,300.55863126197977,0.0,30
2756.0,3,charge,0.9031887228994794,4.099849827414138,299.84559207546386,0.0,30
2757.0,1,charge,0.9039855890742122,4.151802148278722,301.7391209204345,1.5,30
2757.0,2,charge,0.9036421227750447,4.101351312348987,300.5582147714752,0.0,30
2757.0,3,charge,0.9031887228994794,4.099840820087099,299.84544313512885,0.0,30
2758.0,1,charge,0.9040834561466867,4.1518348703121974,301.7388358309178,1.5,30
2758.0,2,charge,0.9036421227750447,4.101311299963877,300.5577983529885,0.0,30
2758.0,3,charge,0.9031887228994794,4.099831919807723,299.8452942078768,0.0,30
2759.0,1,charge,0.9041813232191663,4.151868129233761,301.7385507803121,1.5,30
2759.0,2,charge,0.9036421227750447,4.10127219869034,300.5573820065071,0.0,30
2759.0,3,charge,0.9031887228994794,4.099823124745223,299.8451452937065,0.0,30
2760.0,1,charge,0.9042791902916407,4.151901913420656,301.7382657704129,1.5,30
2760.0,2,charge,0.9036421227750447,4.101233980039471,300.5569657320187,0.0,30
2760.0,3,charge,0.9031887228994794,4.099814433108657,299.84499639261674,0.0,30
2761.0,1,charge,0.904377057364117,4.151936210789711,301.7379808029769,1.5,30
2761.0,2,charge,0.9036421227750447,4.101196616620172,300.5565495295107,0.0,30
2761.0,3,charge,0.9031887228994794,4.099805843097505,299.8448475046063,0.0,30
2762.0,1,charge,0.9044749244365915,4.151971009949381,301.73769587969605,1.5,30
2762.0,2,charge,0.9036421227750447,4.101160082385645,300.5561333989707,0.0,30
2762.0,3,charge,0.9031887228994794,4.099797352747753,299.84469862967427,0.0,30
2763.0,1,charge,0.9045727915090654,4.1520063003655805,301.737411002193,1.5,30
2763.0,2,charge,0.9036421227750447,4.101124351872553,300.55571734038625,0.0,30
2763.0,3,charge,0.9031887228994794,4.099788960510997,299.84454976781933,0.0,30
2764.0,1,charge,0.90467065858154,4.152042071791796,301.7371261720401,1.5,30
2764.0,2,charge,0.9036421227750447,4.101089400681468,300.55530135374494,0.0,30
2764.0,3,charge,0.9031887228994794,4.09978066474619,299.84440091904037,0.0,30
2765.0,1,charge,0.9047685256540163,4.152078314166122,301.7368413907634,1.5,30
2765.0,2,charge,0.9036421227750447,4.101055205637971,300.55488543903425,0.0,30
2765.0,3,charge,0.9031887228994796,4.099772463862763,299.84425208333624,0.0,30
2766.0,1,charge,0.9048663927264908,4.1521150179459925,301.7365566598343,1.5,30
2766.0,2,charge,0.9036421227750447,4.101021744070424,300.5544695962419,0.0,30
2766.0,3,charge,0.9031887228994796,4.09976435632146,299.8441032607058,0.0,30
2767.0,1,charge,0.9049642597989704,4.1521521740017,301.7362719806621,1.5,30
2767.0,2,charge,0.9036421227750447,4.100988994256323,300.55405382535525,0.0,30
2767.0,3,charge,0.9031887228994796,4.099756340635148,299.84395445114797,0.0,30
2768.0,1,charge,0.9050621268714448,4.152189773531446,301.735987354623,1.5,30
2768.0,2,charge,0.9036421227750447,4.100956935379687,300.55363812636205,0.0,30
2768.0,3,charge,0.9031887228994796,4.099748415369474,299.8438056546614,0.0,30
2769.0,1,charge,0.9051599939439218,4.152227808093752,301.73570278304305,1.5,30
2769.0,2,charge,0.9036421227750447,4.100925547259193,300.55322249924984,0.0,30
2769.0,3,charge,0.9031887228994796,4.099740579091266,299.84365687124523,0.0,30
2770.0,1,charge,0.9052578610163956,4.152266269485524,301.73541826719537,1.5,30
2770.0,2,charge,0.9036421227750447,4.100894810481892,300.55280694400614,0.0,30
2770.0,3,charge,0.9031887228994796,4.099732829597832,299.843508100898,0.0,30
2771.0,1,charge,0.9053557280888697,4.152305149793673,301.73513380830883,1.5,30
2771.0,2,charge,0.9036421227750447,4.100864706357116,300.5523914606184,0.0,30
2771.0,3,charge,0.9031887228994796,4.09972516603373,299.84335934361883,0.0,30
2772.0,1,charge,0.9054535951613466,4.152344441504095,301.734849407584,1.5,30
2772.0,2,charge,0.9036421227750447,4.10083521679598,300.5519760490744,0.0,30
2772.0,3,charge,0.9031887228994796,4.099717587058409,299.8432105994064,0.0,30
2773.0,1,charge,0.905551462233821,4.152384137330274,301.7345650661785,1.5,30
2773.0,2,charge,0.9036421227750447,4.10080632433551,300.5515607093617,0.0,30
2773.0,3,charge,0.9031887228994796,4.099710091373835,299.8430618682596,0.0,30
2774.0,1,charge,0.9056493293063006,4.152424230244451,301.7342807852142,1.5,30
2774.0,2,charge,0.9036421227750447,4.100778012086716,300.55114544146767,0.0,30
2774.0,3,charge,0.9031887228994796,4.099702677724705,299.8429131501774,0.0,30
2775.0,1,charge,0.9057471963787751,4.152464713471258,301.73399656577675,1.5,30
2775.0,2,charge,0.9036421227750447,4.1007502639910545,300.5507302453801,0.0,30
2775.0,3,charge,0.9031887228994796,4.099695344898823,299.8427644451585,0.0,30
2776.0,1,charge,0.9058450634512515,4.152505580704825,301.73371240885007,1.5,30
2776.0,2,charge,0.9036421227750447,4.10072306432088,300.5503151210865,0.0,30
2776.0,3,charge,0.9031887228994796,4.099688091727401,299.84261575320176,0.0,30
2777.0,1,charge,0.905942930523726,4.1525468255425855,301.7334283154777,1.5,30
2777.0,2,charge,0.9036421227750447,4.100696397798956,300.5499000685745,0.0,30
2777.0,3,charge,0.9031887228994794,4.099680917085321,299.8424670743061,0.0,30
2778.0,1,charge,0.9060407975962,4.152588441903792,301.7331442866389,1.5,30
2778.0,2,charge,0.9036421227750447,4.10067024966615,300.54948508783167,0.0,30
2778.0,3,charge,0.9031887228994794,4.099673818927412,299.8423184084704,0.0,30
2779.0,1,charge,0.9061386646686745,4.152630423897943,301.7328603232847,1.5,30
2779.0,2,charge,0.9036421227750447,4.100644605768837,300.54907017884557,0.0,30
2779.0,3,charge,0.9031887228994794,4.099666796562387,299.8421697556935,0.0,30
2780.0,1,charge,0.9062365317411509,4.15267276580903,301.7325764263394,1.5,30
2780.0,2,charge,0.9036421227750447,4.100619452840979,300.54865534160376,0.0,30
2780.0,3,charge,0.9031887228994794,4.099659848938536,299.8420211159741,0.0,30
2781.0,1,charge,0.9063343988136254,4.15271546253025,301.7322925966456,1.5,30
2781.0,2,charge,0.9036421227750447,4.100594777333624,300.5482405760939,0.0,30
2781.0,3,charge,0.9031887228994794,4.099652974956973,299.84187248931124,0.0,30
2782.0,1,charge,0.906432265886105,4.152758509062951,301.7320088350275,1.5,30
2782.0,2,charge,0.9036421227750447,4.100570566366718,300.5478258823036,0.0,30
2782.0,3,charge,0.9031887228994769,4.099646173546095,299.8417238757037,0.0,30
2783.0,1,charge,0.9065301329585794,4.15280190011412,301.73172514234284,1.5,30
2783.0,2,charge,0.9036421227750447,4.10054680743643,300.54741126022043,0.0,30
2783.0,3,charge,0.9031887228994769,4.099639443660974,299.8415752751503,0.0,30
2784.0,1,charge,0.9066280000310564,4.152845630793617,301.7314415193933,1.5,30
2784.0,2,charge,0.9036421227750447,4.100523488954407,300.54699670983194,0.0,30
2784.0,3,charge,0.9031887228994769,4.099632784282774,299.84142668764997,0.0,30
2785.0,1,charge,0.9067258671035302,4.152889696356661,301.7311579669576,1.5,30
2785.0,2,charge,0.9036421227750447,4.100500599276069,300.54658223112585,0.0,30
2785.0,3,charge,0.9031887228994769,4.0996261944182315,299.8412781132015,0.0,30
2786.0,1,charge,0.9068237341760049,4.152934092217662,301.7308744857902,1.5,30
2786.0,2,charge,0.9036421227750447,4.100478127076455,300.54616782408965,0.0,30
2786.0,3,charge,0.9031887228994769,4.099619672943932,299.8411295518038,0.0,30
2787.0,1,charge,0.9069216012484812,4.152978814521668,301.7305910765619,1.5,30
2787.0,2,charge,0.9036421227750447,4.100456061463303,300.54575348871094,0.0,30
2787.0,3,charge,0.9031887228994769,4.09961321884936,299.8409810034557,0.0,30
2788.0,1,charge,0.9070194683209556,4.153023858902065,301.73030773999005,1.5,30
2788.0,2,charge,0.9036421227750447,4.100434391904193,300.5453392249775,0.0,30
2788.0,3,charge,0.9031887228994769,4.099606831168817,299.840832468156,0.0,30
2789.0,1,charge,0.9071173353934352,4.153069221395872,301.73002447674287,1.5,30
2789.0,2,charge,0.9036421227750447,4.100413108360874,300.54492503287673,0.0,30
2789.0,3,charge,0.9031887228994769,4.099600508910534,299.8406839459036,0.0,30
2790.0,1,charge,0.9072152024659097,4.153114898203642,301.7297412874647,1.5,30
2790.0,2,charge,0.9036421227750447,4.100392201049333,300.5445109123964,0.0,30
2790.0,3,charge,0.9031887228994769,4.099594251088252,299.8405354366974,0.0,30
2790.0,1,hold,0.9072152024659079,4.153114898203642,301.7297412874647,0.0,-1
2790.0,2,hold,0.9036421227750432,4.100392201049333,300.5445109123964,0.0,-1
2790.0,3,hold,0.9031887228994794,4.099594251088252,299.8405354366974,0.0,-1
2790.0,1,hold,0.9072152024659079,4.153114898203642,301.7297412874647,0.0,31
2790.0,1,hold,0.9072152024659097,4.108119547662733,301.7297412874647,0.0,31
2790.0,2,hold,0.9036421227750432,4.100392201049333,300.5445109123964,0.0,31
2790.0,2,hold,0.9036421227750447,4.100392201049333,300.5445109123964,0.0,31
2790.0,3,hold,0.9031887228994794,4.099594251088252,299.8405354366974,0.0,31
2790.0,3,hold,0.9031887228994769,4.099594251088252,299.8405354366974,0.0,31
2791.0,1,hold,0.907215202465909,4.107317928285708,301.7291361275601,0.0,31
2791.0,2,hold,0.9036421227750447,4.100371666306051,300.5440968648166,0.0,31
2791.0,3,hold,0.9031887228994769,4.0995880664242765,299.84038694269896,0.0,31
2792.0,1,hold,0.9072152024659097,4.106814230521264,301.72853106995854,0.0,31
2792.0,2,hold,0.9036421227750447,4.100351482499027,300.5436828876367,0.0,31
2792.0,3,hold,0.9031887228994769,4.099581937342714,299.8402384602062,0.0,31
2793.0,1,hold,0.9072152024659097,4.1064298126122285,301.7279261146427,0.0,31
2793.0,2,hold,0.9036421227750447,4.1003316455317975,300.5432689819936,0.0,31
2793.0,3,hold,0.9031887228994769,4.099575868054446,299.8400899903286,0.0,31
2794.0,1,hold,0.907215202465909,4.1061090493402315,301.7273212615954,0.0,31
2794.0,2,hold,0.903642122775045,4.100312147522246,300.5428551478869,0.0,31
2794.0,3,hold,0.9031887228994769,4.099569859168456,299.83994153344673,0.0,31
2795.0,1,hold,0.9072152024659097,4.105828708523211,301.72671651079935,0.0,31
2795.0,2,hold,0.903642122775045,4.100292981170901,300.5424413853242,0.0,31
2795.0,3,hold,0.9031887228994769,4.0995639094222,299.83979308955196,0.0,31
2796.0,1,hold,0.9072152024659097,4.1055771212980385,301.72611186223713,0.0,31
2796.0,2,hold,0.9036421227750447,4.100274138488041,300.54202769430304,0.0,31
2796.0,3,hold,0.9031887228994769,4.099558018219463,299.839644658705,0.0,31
2797.0,1,hold,0.9072152024659097,4.1053473949397254,301.72550731589155,0.0,31
2797.0,2,hold,0.903642122775045,4.100255611943082,300.54161407481456,0.0,31
2797.0,3,hold,0.9031887228994769,4.099552185961473,299.8394962408437,0.0,31
2798.0,1,hold,0.9072152024659097,4.105135155402136,301.7249028717453,0.0,31
2798.0,2,hold,0.9036421227750447,4.100237393578434,300.54120052684686,0.0,31
2798.0,3,hold,0.9031887228994769,4.099546411216467,299.8393478359939,0.0,31
2799.0,1,hold,0.907215202465909,4.104937375533131,301.7242985297811,0.0,31
2799.0,2,hold,0.9036421227750447,4.100219476914509,300.5407870503898,0.0,31
2799.0,3,hold,0.9031887228994769,4.099540692360417,299.8391994441854,0.0,31
2800.0,1,hold,0.9072152024659097,4.104751836567189,301.72369428998167,0.0,31
2800.0,2,hold,0.9036421227750447,4.100201854244332,300.5403736454307,0.0,31
2800.0,3,hold,0.9031887228994794,4.099535030477563,299.8390510653951,0.0,31
2801.0,1,hold,0.907215202465909,4.104576901275939,301.7230901523298,0.0,31
2801.0,2,hold,0.9036421227750447,4.100184518266831,300.5399603119565,0.0,31
2801.0,3,hold,0.9031887228994794,4.0995294243735305,299.838902699628,0.0,31
2802.0,1,hold,0.907215202465909,4.104411304693478,301.72248611680817,0.0,31
2802.0,2,hold,0.9036421227750447,4.100167462009926,300.5395470499549,0.0,31
2802.0,3,hold,0.9031887228994794,4.099523871669241,299.8387543468947,0.0,31
2803.0,1,hold,0.907215202465909,4.104254021708508,301.7218821833996,0.0,31
2803.0,2,hold,0.903642122775045,4.1001506787339,300.539133859413,0.0,31
2803.0,3,hold,0.9031887228994794,4.099518373784253,299.838606007188,0.0,31
2804.0,1,hold,0.907215202465909,4.1041042185041,301.72127835208664,0.0,31
2804.0,2,hold,0.9036421227750447,4.100134162072587,300.5387207403184,0.0,31
2804.0,3,hold,0.9031887228994794,4.099512929908991,299.838457680508,0.0,31
2805.0,1,hold,0.9072152024659097,4.103961210705691,301.72067462285224,0.0,31
2805.0,2,hold,0.9036421227750447,4.100117905662854,300.53830769265863,0.0,31
2805.0,3,hold,0.9031887228994794,4.099507536926202,299.8383093668542,0.0,31
2806.0,1,hold,0.907215202465909,4.103824420135178,301.72007099567895,0.0,31
2806.0,2,hold,0.9036421227750447,4.100101903652826,300.5378947164213,0.0,31
2806.0,3,hold,0.9031887228994794,4.099502196041357,299.83816106622675,0.0,31
2807.0,1,hold,0.907215202465909,4.103693351593979,301.7194674705498,0.0,31
2807.0,2,hold,0.9036421227750447,4.100086150202641,300.5374818115941,0.0,31
2807.0,3,hold,0.9031887228994796,4.099496906889916,299.83801277862585,0.0,31
2808.0,1,hold,0.907215202465909,4.103567577153841,301.71886404744714,0.0,31
2808.0,2,hold,0.9036421227750447,4.1000706397947315,300.53706897816465,0.0,31
2808.0,3,hold,0.9031887228994796,4.09949166910874,299.8378645040512,0.0,31
2809.0,1,hold,0.907215202465909,4.103446723226524,301.71826072635406,0.0,31
2809.0,2,hold,0.903642122775045,4.10005536663793,300.5366562161206,0.0,31
2809.0,3,hold,0.9031887228994796,4.099486482210594,299.83771624250244,0.0,31
2810.0,1,hold,0.907215202465909,4.1033304625325275,301.71765750725325,0.0,31
2810.0,2,hold,0.903642122775045,4.100040325625601,300.53624352544966,0.0,31
2810.0,3,hold,0.9031887228994796,4.099481343622456,299.837567993973,0.0,31
2811.0,1,hold,0.9072152024659089,4.103218504624612,301.7170543901273,0.0,31
2811.0,2,hold,0.903642122775045,4.100025511539881,300.5358309061395,0.0,31
2811.0,3,hold,0.9031887228994796,4.099476254049291,299.83741975846596,0.0,31
2812.0,1,hold,0.907215202465909,4.103110589562897,301.7164513749591,0.0,31
2812.0,2,hold,0.903642122775045,4.100010919058114,300.53541835817776,0.0,31
2812.0,3,hold,0.9031887228994796,4.099471212930256,299.8372715359806,0.0,31
2813.0,1,hold,0.907215202465909,4.103006483925482,301.7158484617314,0.0,31
2813.0,2,hold,0.903642122775045,4.099996543530986,300.535005881552,0.0,31
2813.0,3,hold,0.9031887228994796,4.099466219706086,299.8371233265165,0.0,31
2814.0,1,hold,0.907215202465909,4.102905973676682,301.71524565042694,0.0,31
2814.0,2,hold,0.903642122775045,4.099982380132667,300.53459347625005,0.0,31
2814.0,3,hold,0.9031887228994796,4.099461273819099,299.83697513007274,0.0,31
2815.0,1,hold,0.907215202465909,4.102808867261386,301.7146429410285,0.0,31
2815.0,2,hold,0.903642122775045,4.099968424171609,300.5341811422595,0.0,31
2815.0,3,hold,0.9031887228994796,4.099456374238704,299.83682694664503,0.0,31
2816.0,1,hold,0.907215202465909,4.10271498316035,301.71404033351894,0.0,31
2816.0,2,hold,0.903642122775045,4.099954671235624,300.533768879568,0.0,31
2816.0,3,hold,0.9031887228994796,4.099451520565053,299.83667877623384,0.0,31
2817.0,1,hold,0.9072152024659097,4.102624161701533,301.7134378278809,0.0,31
2817.0,2,hold,0.9036421227750447,4.0999411169710225,300.53335668816334,0.0,31
2817.0,3,hold,0.9031887228994803,4.099446712238562,299.83653061883837,0.0,31
2818.0,1,hold,0.9072152024659097,4.102536249309411,301.71283542409725,0.0,31
2818.0,2,hold,0.9036421227750447,4.099927757173933,300.53294456803303,0.0,31
2818.0,3,hold,0.9031887228994803,4.099441948661923,299.83638247445776,0.0,31
2819.0,1,hold,0.9072152024659097,4.102451110227365,301.71223312215074,0.0,31
2819.0,2,hold,0.9036421227750447,4.099914587504038,300.5325325191649,0.0,31
2819.0,3,hold,0.9031887228994803,4.099437229239319,299.8362343430909,0.0,31
2820.0,1,hold,0.9072152024659097,4.102368614961536,301.7116309220241,0.0,31
2820.0,2,hold,0.9036421227750447,4.099901604096727,300.5321205415465,0.0,31
2820.0,3,hold,0.9031887228994803,4.099432553627684,299.8360862247358,0.0,31
2821.0,1,hold,0.9072152024659097,4.102288645253351,301.71102882370025,0.0,31
2821.0,2,hold,0.903642122775045,4.099888803125447,300.5317086351655,0.0,31
2821.0,3,hold,0.9031887228994803,4.09942792123603,299.8359381193913,0.0,31
2822.0,1,hold,0.9072152024659097,4.102211089762305,301.7104268271619,0.0,31
2822.0,2,hold,0.9036421227750447,4.099876180905804,300.5312968000097,0.0,31
2822.0,3,hold,0.9031887228994803,4.099423331436206,299.8357900270565,0.0,31
2823.0,1,hold,0.9072152024659097,4.1021358438830635,301.7098249323917,0.0,31
2823.0,2,hold,0.9036421227750447,4.099863733636871,300.53088503606665,0.0,31
2823.0,3,hold,0.9031887228994803,4.099418783669607,299.8356419477304,0.0,31
2824.0,1,hold,0.9072152024659097,4.1020628097237,301.70922313937274,0.0,31
2824.0,2,hold,0.9036421227750447,4.09985145743239,300.5304733433242,0.0,31
2824.0,3,hold,0.9031887228994803,4.099414277379035,299.8354938814117,0.0,31
2825.0,1,hold,0.9072152024659099,4.101991894546371,301.7086214480876,0.0,31
2825.0,2,hold,0.9036421227750447,4.099839349110546,300.5300617217699,0.0,31
2825.0,3,hold,0.9031887228994803,4.099409812298594,299.83534582809915,0.0,31
2826.0,1,hold,0.9072152024659097,4.101923011600867,301.7080198585192,0.0,31
2826.0,2,hold,0.903642122775045,4.099827405362273,300.52965017139155,0.0,31
2826.0,3,hold,0.9031887228994803,4.099405388027398,299.8351977877917,0.0,31
2827.0,1,hold,0.9072152024659097,4.101856078847865,301.7074183706503,0.0,31
2827.0,2,hold,0.903642122775045,4.099815622998603,300.52923869217676,0.0,31
2827.0,3,hold,0.9031887228994803,4.099401003896942,299.83504976048806,0.0,31
2828.0,1,hold,0.9072152024659097,4.101791019148921,301.70681698446367,0.0,31
2828.0,2,hold,0.903642122775045,4.0998039984253865,300.52882728411316,0.0,31
2828.0,3,hold,0.9031887228994803,4.099396659403956,299.8349017461872,0.0,31
2829.0,1,hold,0.9072152024659097,4.1017277596948265,301.70621569994216,0.0,31
2829.0,2,hold,0.903642122775045,4.099792528537067,300.5284159471886,0.0,31
2829.0,3,hold,0.9031887228994803,4.099392354046467,299.8347537448878,0.0,31
2830.0,1,hold,0.9072152024659099,4.10166623141072,301.7056145170686,0.0,31
2830.0,2,hold,0.903642122775045,4.099781210459964,300.5280046813907,0.0,31
2830.0,3,hold,0.9031887228994803,4.0993880874972355,299.83460575658887,0.0,31
2831.0,1,hold,0.9072152024659097,4.101606368981368,301.70501343582583,0.0,31
2831.0,2,hold,0.903642122775045,4.099770041284076,300.52759348670713,0.0,31
2831.0,3,hold,0.9031887228994804,4.0993838595129795,299.83445778128925,0.0,31
2832.0,1,hold,0.9072152024659097,4.101548110239001,301.7044124561965,0.0,31
2832.0,2,hold,0.903642122775045,4.099759018177339,300.5271823631257,0.0,31
2832.0,3,hold,0.9031887228994804,4.0993796694479645,299.83430981898766,0.0,31
2833.0,1,hold,0.9072152024659097,4.101491395988871,301.7038115781637,0.0,31
2833.0,2,hold,0.903642122775045,4.099748137895993,300.526771310634,0.0,31
2833.0,3,hold,0.9031887228994803,4.0993755168478625,299.83416186968316,0.0,31
2834.0,1,hold,0.9072152024659097,4.10143617049245,301.70321080171,0.0,31
2834.0,2,hold,0.903642122775045,4.099737397949225,300.5263603292198,0.0,31
2834.0,3,hold,0.9031887228994803,4.099371401259413,299.8340139333743,0.0,31
2835.0,1,hold,0.9072152024659097,4.10138237983362,301.7026101268184,0.0,31
2835.0,2,hold,0.903642122775045,4.099726795685617,300.5259494188709,0.0,31
2835.0,3,hold,0.9031887228994803,4.099367322308096,299.8338660100602,0.0,31
2836.0,1,hold,0.9072152024659097,4.101329972427962,301.70200955347167,0.0,31
2836.0,2,hold,0.903642122775045,4.099716328534541,300.52553857957474,0.0,31
2836.0,3,hold,0.9031887228994803,4.099363279832092,299.83371809973966,0.0,31
2837.0,1,hold,0.9072152024659097,4.101278900998533,301.70140908165257,0.0,31
2837.0,2,hold,0.903642122775045,4.099705993904662,300.52512781131935,0.0,31
2837.0,3,hold,0.9031887228994803,4.099359273232871,299.8335702024115,0.0,31
2838.0,1,hold,0.9072152024659097,4.101229118016205,301.70080871134405,0.0,31
2838.0,2,hold,0.903642122775045,4.0996957891587105,300.5247171140922,0.0,31
2838.0,3,hold,0.9031887228994803,4.099355302095496,299.8334223180746,0.0,31
2839.0,1,hold,0.9072152024659097,4.101180578421745,301.70020844252895,0.0,31
2839.0,2,hold,0.903642122775045,4.099685712009608,300.5243064878812,0.0,31
2839.0,3,hold,0.9031887228994803,4.099351366006038,299.8332744467278,0.0,31
2840.0,1,hold,0.9072152024659097,4.101133241385588,301.69960827519003,0.0,31
2840.0,2,hold,0.903642122775045,4.099675760124402,300.52389593267384,0.0,31
2840.0,3,hold,0.9031887228994803,4.099347464569938,299.83312658836985,0.0,31
2841.0,1,hold,0.9072152024659097,4.101087065340998,301.6990082093102,0.0,31
2841.0,2,hold,0.903642122775045,4.099665931240331,300.5234854484581,0.0,31
2841.0,3,hold,0.9031887228994803,4.099343597673284,299.8329787429999,0.0,31
2842.0,1,hold,0.9072152024659097,4.101042011138942,301.69840824487227,0.0,31
2842.0,2,hold,0.903642122775045,4.099656223001496,300.52307503522155,0.0,31
2842.0,3,hold,0.9031887228994803,4.099339764761654,299.83283091061656,0.0,31
2843.0,1,hold,0.9072152024659097,4.1009980425188015,301.6978083818591,0.0,31
2843.0,2,hold,0.903642122775045,4.099646633216775,300.522664692952,0.0,31
2843.0,3,hold,0.9031887228994803,4.099335965452633,299.83268309121877,0.0,31
2844.0,1,hold,0.9072152024659097,4.100955123484125,301.69720862025355,0.0,31
2844.0,2,hold,0.903642122775045,4.099637159824136,300.522254421637,0.0,31
2844.0,3,hold,0.9031887228994803,4.099332199364746,299.83253528480543,0.0,31
2845.0,1,hold,0.9072152024659097,4.100913219908296,301.6966089600385,0.0,31
2845.0,2,hold,0.903642122775045,4.099627800773151,300.52184422126453,0.0,31
2845.0,3,hold,0.9031887228994803,4.099328466117409,299.8323874913753,0.0,31
2846.0,1,hold,0.9072152024659097,4.100872299264758,301.6960094011967,0.0,31
2846.0,2,hold,0.903642122775045,4.099618554073853,300.52143409182213,0.0,31
2846.0,3,hold,0.9031887228994803,4.099324765605438,299.8322397109273,0.0,31
2847.0,1,hold,0.9072152024659097,4.100832330116512,301.69540994371124,0.0,31
2847.0,2,hold,0.9036421227750447,4.099609417551564,300.52102403329764,0.0,31
2847.0,3,hold,0.9031887228994804,4.099321097363669,299.8320919434604,0.0,31
2848.0,1,hold,0.9072152024659099,4.100793282322233,301.69481058756475,0.0,31
2848.0,2,hold,0.9036421227750447,4.099600389402449,300.52061404567877,0.0,31
2848.0,3,hold,0.9031887228994804,4.0993174610234036,299.83194418897324,0.0,31
2849.0,1,hold,0.9072152024659099,4.100755126970304,301.6942113327402,0.0,31
2849.0,2,hold,0.9036421227750447,4.099591467764606,300.5202041289532,0.0,31
2849.0,3,hold,0.9031887228994804,4.099313856238689,299.8317964474648,0.0,31
2850.0,1,hold,0.9072152024659099,4.100717836131974,301.6936121792205,0.0,31
2850.0,2,hold,0.9036421227750447,4.099582650830426,300.5197942831088,0.0,31
2850.0,3,hold,0.9031887228994806,4.099310282665311,299.831648718934,0.0,31
2851.0,1,hold,0.9072152024659099,4.100681382948977,301.69301312698843,0.0,31
2851.0,2,hold,0.9036421227750447,4.099573936753913,300.5193845081332,0.0,31
2851.0,3,hold,0.9031887228994806,4.099306739960516,299.83150100337957,0.0,31
2852.0,1,hold,0.9072152024659099,4.100645741876518,301.69241417602694,0.0,31
2852.0,2,hold,0.9036421227750447,4.099565323592456,300.5189748040142,0.0,31
2852.0,3,hold,0.9031887228994806,4.099303227783194,299.83135330080046,0.0,31
2853.0,1,hold,0.9072152024659099,4.10061088794677,301.69181532631893,0.0,31
2853.0,2,hold,0.9036421227750447,4.099556809768847,300.5185651707395,0.0,31
2853.0,3,hold,0.9031887228994806,4.0992997458319405,299.8312056111955,0.0,31
2854.0,1,hold,0.9072152024659099,4.100576797226994,301.6912165778472,0.0,31
2854.0,2,hold,0.9036421227750447,4.09954839362681,300.5181556082969,0.0,31
2854.0,3,hold,0.9031887228994806,4.099296294006745,299.83105793456355,0.0,31
2855.0,1,hold,0.9072152024659099,4.100543446981682,301.6906179305946,0.0,31
2855.0,2,hold,0.9036421227750447,4.099540073561206,300.5177461166742,0.0,31
2855.0,3,hold,0.9031887228994806,4.099292871836376,299.8309102709035,0.0,31
2856.0,1,hold,0.9072152024659099,4.100510814972392,301.6900193845442,0.0,31
2856.0,2,hold,0.9036421227750447,4.0995318480185965,300.517336695859,0.0,31
2856.0,3,hold,0.9031887228994806,4.0992894790127945,299.83076262021416,0.0,31
2857.0,1,hold,0.9072152024659099,4.100478879886268,301.6894209396787,0.0,31
2857.0,2,hold,0.9036421227750447,4.099523715498156,300.5169273458392,0.0,31
2857.0,3,hold,0.9031887228994806,4.09928611523139,299.8306149824944,0.0,31
2858.0,1,hold,0.9072152024659099,4.100447621298459,301.6888225959812,0.0,31
2858.0,2,hold,0.9036421227750447,4.0995156745523555,300.5165180666025,0.0,31
2858.0,3,hold,0.9031887228994806,4.099282780190913,299.8304673577431,0.0,31
2859.0,1,hold,0.9072152024659097,4.1004170194061,301.6882243534344,0.0,31
2859.0,2,hold,0.9036421227750447,4.099507723638181,300.51610885813665,0.0,31
2859.0,3,hold,0.9031887228994806,4.099279473593489,299.8303197459591,0.0,31
2860.0,1,hold,0.9072152024659097,4.1003870551584125,301.68762621202126,0.0,31
2860.0,2,hold,0.9036421227750447,4.099499860686445,300.51569972042944,0.0,31
2860.0,3,hold,0.9031887228994806,4.099276195144556,299.83017214714135,0.0,31
2861.0,1,hold,0.9072152024659097,4.100357710214732,301.6870281717247,0.0,31
2861.0,2,hold,0.9036421227750447,4.099492084769462,300.5152906534686,0.0,31
2861.0,3,hold,0.9031887228994806,4.099272944598196,299.8300245612886,0.0,31
2862.0,1,hold,0.9072152024659097,4.100328966822014,301.68643023252764,0.0,31
2862.0,2,hold,0.9036421227750447,4.0994843945339206,300.5148816572419,0.0,31
2862.0,3,hold,0.9031887228994806,4.099269721725268,299.82987698839975,0.0,31
2863.0,1,hold,0.9072152024659097,4.100300807841569,301.68583239441296,0.0,31
2863.0,2,hold,0.903642122775044,4.09947678866939,300.51447273173716,0.0,31
2863.0,3,hold,0.9031887228994806,4.099266526200205,299.8297294284737,0.0,31
2864.0,1,hold,0.9072152024659097,4.100273216697746,301.68523465736365,0.0,31
2864.0,2,hold,0.903642122775044,4.099469265908548,300.5140638769421,0.0,31
2864.0,3,hold,0.9031887228994806,4.099263357753424,299.82958188150917,0.0,31
2865.0,1,hold,0.907215202465909,4.100246177622681,301.6846370213625,0.0,31
2865.0,2,hold,0.903642122775044,4.099461825027481,300.5136550928445,0.0,31
2865.0,3,hold,0.9031887228994806,4.099260216119616,299.8294343475052,0.0,31
2866.0,1,hold,0.907215202465909,4.100219675187651,301.6840394863925,0.0,31
2866.0,2,hold,0.903642122775044,4.099454464846062,300.5132463794322,0.0,31
2866.0,3,hold,0.9031887228994806,4.099257101037503,299.82928682646053,0.0,31
2867.0,1,hold,0.907215202465909,4.100193694395834,301.6834420524366,0.0,31
2867.0,2,hold,0.903642122775044,4.099447184174833,300.51283773669286,0.0,31
2867.0,3,hold,0.9031887228994806,4.099254012250025,299.8291393183741,0.0,31
2868.0,1,hold,0.907215202465909,4.100168220762088,301.6828447194776,0.0,31
2868.0,2,hold,0.903642122775044,4.099439980928247,300.51242916461433,0.0,31
2868.0,3,hold,0.9031887228994806,4.099250949504178,299.82899182324473,0.0,31
2869.0,1,hold,0.907215202465909,4.100143240385394,301.68224748749867,0.0,31
2869.0,2,hold,0.903642122775044,4.099432854548139,300.5120206631844,0.0,31
2869.0,3,hold,0.9031887228994864,4.099247912530915,299.8288443410714,0.0,31
2870.0,1,hold,0.907215202465909,4.100118740250386,301.68165035648246,0.0,31
2870.0,2,hold,0.903642122775044,4.09942580389597,300.5116122323909,0.0,31
2870.0,3,hold,0.9031887228994864,4.099244901082976,299.82869687185274,0.0,31
2871.0,1,hold,0.907215202465909,4.100094707058101,301.68105332641204,0.0,31
2871.0,2,hold,0.903642122775044,4.09941882786117,300.51120387222153,0.0,31
2871.0,3,hold,0.9031887228994806,4.099241914925097,299.82854941558776,0.0,31
2872.0,1,hold,0.907215202465909,4.100071128167416,301.6804563972703,0.0,31
2872.0,2,hold,0.903642122775044,4.099411925360586,300.510795582664,0.0,31
2872.0,3,hold,0.9031887228994864,4.099238953817524,299.8284019722753,0.0,31
2873.0,1,hold,0.907215202465909,4.100047991307115,301.6798595690403,0.0,31
2873.0,2,hold,0.903642122775044,4.099405095337941,300.5103873637063,0.0,31
2873.0,3,hold,0.9031887228994864,4.099236017524342,299.8282545419142,0.0,31
2874.0,1,hold,0.907215202465909,4.100025285086492,301.6792628417048,0.0,31
2874.0,2,hold,0.903642122775044,4.099398336763249,300.5099792153361,0.0,31
2874.0,3,hold,0.9031887228994864,4.099233105813431,299.82810712450333,0.0,31
2875.0,1,hold,0.9072152024659087,4.100002998092297,301.67866621524684,0.0,31
2875.0,2,hold,0.903642122775044,4.099391648632196,300.50957113754123,0.0,31
2875.0,3,hold,0.9031887228994864,4.099230218456507,299.82795972004163,0.0,31
2876.0,1,hold,0.9072152024659089,4.099981119204802,301.67806968964936,0.0,31
2876.0,2,hold,0.903642122775044,4.099385029751675,300.50916313030945,0.0,31
2876.0,3,hold,0.9031887228994864,4.099227355229042,299.82781232852784,0.0,31
2877.0,1,hold,0.9072152024659087,4.099959637733962,301.6774732648953,0.0,31
2877.0,2,hold,0.903642122775044,4.0993784791728345,300.50875519362864,0.0,31
2877.0,3,hold,0.9031887228994864,4.099224515879138,299.8276649499609,0.0,31
2878.0,1,hold,0.9072152024659087,4.0999385433406665,301.67687694096765,0.0,31
2878.0,2,hold,0.903642122775044,4.099371995897439,300.5083473274865,0.0,31
2878.0,3,hold,0.9031887228994864,4.099221700187046,299.8275175843396,0.0,31
2879.0,1,hold,0.9072152024659087,4.099917826171147,301.6762807178493,0.0,31
2879.0,2,hold,0.903642122775044,4.099365578924816,300.5079395318709,0.0,31
2879.0,3,hold,0.9031887228994864,4.099218907930377,299.82737023166294,0.0,31
2880.0,1,hold,0.9072152024659087,4.099897476623546,301.6756845955233,0.0,31
2880.0,2,hold,0.903642122775044,4.09935922726064,300.50753180676963,0.0,31
2880.0,3,hold,0.9031887228994864,4.099216138887069,299.82722289192964,0.0,31
2880.0,1,hold,0.9072152024659064,4.099897476623546,301.6756845955233,0.0,32
2880.0,1,hold,0.9072152024659087,4.099897476623546,301.6756845955233,0.0,32
2880.0,2,hold,0.9036421227750422,4.09935922726064,300.50753180676963,0.0,32
2880.0,2,hold,0.903642122775044,4.09935922726064,300.50753180676963,0.0,32
2880.0,3,hold,0.9031887228994836,4.099216138887069,299.82722289192964,0.0,32
2880.0,3,hold,0.9031887228994864,4.099216138887069,299.82722289192964,0.0,32
2881.0,1,hold,0.9072152024659087,4.09987749108689,301.6750885757932,0.0,32
2881.0,2,hold,0.903642122775044,4.099352949570347,300.5071241636664,0.0,32
2881.0,3,hold,0.9031887228994864,4.09921340052578,299.8270755697189,0.0,32
2882.0,1,hold,0.9072152024659087,4.099857848360072,301.67449265513693,0.0,32
2882.0,2,hold,0.903642122775044,4.099346728314815,300.5067165828304,0.0,32
2882.0,3,hold,0.9031887228994864,4.099210682797411,299.82692825925534,0.0,32
2883.0,1,hold,0.9072152024659087,4.099838544406632,301.67389683515677,0.0,32
2883.0,2,hold,0.903642122775044,4.099340567748834,300.50630907026584,0.0,32
2883.0,3,hold,0.9031887228994864,4.099207984368652,299.82678095985153,0.0,32
2884.0,1,hold,0.9072152024659087,4.099819571496882,301.6733011158522,0.0,32
2884.0,2,hold,0.903642122775044,4.099334468408214,300.5059016278701,0.0,32
2884.0,3,hold,0.9031887228994864,4.099205306910173,299.8266336725604,0.0,32
2885.0,1,hold,0.9072152024659087,4.099800922469141,301.67270549723446,0.0,32
2885.0,2,hold,0.903642122775044,4.099328428989011,300.5054942556831,0.0,32
2885.0,3,hold,0.9031887228994864,4.0992026512280795,299.8264863980486,0.0,32
2886.0,1,hold,0.9072152024659087,4.099782589484189,301.67210997930033,0.0,32
2886.0,2,hold,0.903642122775044,4.09932244902601,300.50508695394274,0.0,32
2886.0,3,hold,0.9031887228994864,4.099200016969023,299.8263391361979,0.0,32
2887.0,1,hold,0.9072152024659087,4.099764565153935,301.67151456203777,0.0,32
2887.0,2,hold,0.903642122775044,4.099316528855017,300.50467972235333,0.0,32
2887.0,3,hold,0.9031887228994864,4.099197404298927,299.8261918873235,0.0,32
2888.0,1,hold,0.9072152024659087,4.099746841669946,301.6709192454305,0.0,32
2888.0,2,hold,0.903642122775044,4.0993106667555,300.5042725610714,0.0,32
2888.0,3,hold,0.9031887228994864,4.0991948130796665,299.8260446512249,0.0,32
2889.0,1,hold,0.9072152024659087,4.099729412680583,301.6703240294645,0.0,32
2889.0,2,hold,0.903642122775044,4.099304861582285,300.50386547019804,0.0,32
2889.0,3,hold,0.9031887228994864,4.099192242429057,299.82589742811723,0.0,32
2890.0,1,hold,0.9072152024659087,4.099712270622293,301.6697289141223,0.0,32
2890.0,2,hold,0.903642122775044,4.099299114228957,300.50345844963675,0.0,32
2890.0,3,hold,0.9031887228994864,4.099189692440758,299.82575021797265,0.0,32
2891.0,1,hold,0.9072152024659087,4.099695408333988,301.669133899386,0.0,32
2891.0,2,hold,0.9036421227750447,4.099293423024163,300.50305149941187,0.0,32
2891.0,3,hold,0.9031887228994864,4.099187163434895,299.8256030207064,0.0,32
2892.0,1,hold,0.9072152024659087,4.099678818976175,301.6685389852387,0.0,32
2892.0,2,hold,0.9036421227750447,4.099287786342758,300.502644619547,0.0,32
2892.0,3,hold,0.9031887228994864,4.099184655392664,299.8254558363186,0.0,32
2893.0,1,hold,0.9072152024659087,4.099662495938995,301.66794417166255,0.0,32
2893.0,2,hold,0.9036421227750447,4.099282205325686,300.5022378100231,0.0,32
2893.0,3,hold,0.9031887228994866,4.099182168295455,299.8253086648091,0.0,32
2894.0,1,hold,0.9072152024659087,4.099646432978789,301.6673494586406,0.0,32
2894.0,2,hold,0.9036421227750447,4.099276678546341,300.50183107082614,0.0,32
2894.0,3,hold,0.9031887228994867,4.099179701707472,299.82516150619483,0.0,32
2895.0,1,hold,0.9072152024659087,4.099630623855665,301.6667548461556,0.0,32
2895.0,2,hold,0.9036421227750447,4.099271203753078,300.50142440193366,0.0,32
2895.0,3,hold,0.9031887228994867,4.099177253883722,299.8250143605455,0.0,32
2896.0,1,hold,0.907215202465903,4.099615062832543,301.6661603341906,0.0,32
2896.0,2,hold,0.9036421227750447,4.099265781847654,300.5010178033559,0.0,32
2896.0,3,hold,0.9031887228994867,4.0991748262068874,299.8248672278046,0.0,32
2897.0,1,hold,0.9072152024659087,4.099599744183209,301.6655659227286,0.0,32
2897.0,2,hold,0.903642122775045,4.09926041245833,300.5006112750901,0.0,32
2897.0,3,hold,0.9031887228994867,4.099172418659579,299.82472010797215,0.0,32
2898.0,1,hold,0.9072152024659087,4.0995846624999235,301.6649716117526,0.0,32
2898.0,2,hold,0.9036421227750447,4.0992550952148505,300.5002048171332,0.0,32
2898.0,3,hold,0.9031887228994866,4.099170031224604,299.82457300104824,0.0,32
2899.0,1,hold,0.9072152024659087,4.09956981210413,301.66437740124564,0.0,32
2899.0,2,hold,0.9036421227750447,4.099249829100549,300.49979842946453,0.0,32
2899.0,3,hold,0.9031887228994866,4.099167663884868,299.8244259070327,0.0,32
2900.0,1,hold,0.9072152024659087,4.0995551879908785,301.6637832911907,0.0,32
2900.0,2,hold,0.9036421227750447,4.099244612305116,300.49939211204213,0.0,32
2900.0,3,hold,0.9031887228994867,4.099165314801466,299.8242788259385,0.0,32
2901.0,1,hold,0.907215202465903,4.099540785047068,301.6631892815709,0.0,32
2901.0,2,hold,0.9036421227750447,4.099239445227523,300.49898586488365,0.0,32
2901.0,3,hold,0.9031887228994866,4.0991629843442805,299.8241317577631,0.0,32
2902.0,1,hold,0.9072152024659087,4.099526598054494,301.6625953723691,0.0,32
2902.0,2,hold,0.9036421227750447,4.099234327297788,300.4985796879805,0.0,32
2902.0,3,hold,0.9031887228994866,4.099160673110374,299.823984702502,0.0,32
2903.0,1,hold,0.9072152024659087,4.0995126224580325,301.6620015635684,0.0,32
2903.0,2,hold,0.9036421227750447,4.099229257947622,300.49817358132407,0.0,32
2903.0,3,hold,0.9031887228994867,4.099158381083884,299.8238376601553,0.0,32
2904.0,1,hold,0.9072152024659087,4.099498853529651,301.661407855152,0.0,32
2904.0,2,hold,0.9036421227750447,4.099224236502666,300.49776754489915,0.0,32
2904.0,3,hold,0.9031887228994867,4.0991561082491526,299.8236906307228,0.0,32
2905.0,1,hold,0.9072152024659087,4.0994852866722855,301.6608142471026,0.0,32
2905.0,2,hold,0.903642122775045,4.0992192620114825,300.49736157867284,0.0,32
2905.0,3,hold,0.9031887228994867,4.099153854086232,299.8235436142029,0.0,32
2906.0,1,hold,0.9072152024659087,4.099471917563948,301.66022073940354,0.0,32
2906.0,2,hold,0.903642122775045,4.099214334106263,300.4969556826488,0.0,32
2906.0,3,hold,0.9031887228994867,4.099151616825525,299.82339661058944,0.0,32
2907.0,1,hold,0.907215202465903,4.099458741940394,301.6596273320377,0.0,32
2907.0,2,hold,0.9036421227750447,4.099209452178377,300.49654985681536,0.0,32
2907.0,3,hold,0.9031887228994867,4.099149397725249,299.82324961988684,0.0,32
2908.0,1,hold,0.907215202465903,4.099445755684753,301.6590340249881,0.0,32
2908.0,2,hold,0.9036421227750447,4.099204615620872,300.4961441011612,0.0,32
2908.0,3,hold,0.9031887228994867,4.099147196697141,299.8231026420948,0.0,32
2909.0,1,hold,0.907215202465903,4.099432954544719,301.65844081823786,0.0,32
2909.0,2,hold,0.9036421227750447,4.099199823873944,300.4957384156734,0.0,32
2909.0,3,hold,0.9031887228994867,4.099145013653176,299.82295567721314,0.0,32
2910.0,1,hold,0.907215202465903,4.099420334737134,301.65784771176993,0.0,32
2910.0,2,hold,0.9036421227750447,4.099195076623243,300.49533280033233,0.0,32
2910.0,3,hold,0.9031887228994867,4.099142848505517,299.8228087252416,0.0,32
2911.0,1,hold,0.907215202465903,4.099407892515989,301.6572547055675,0.0,32
2911.0,2,hold,0.9036421227750447,4.0991903731255945,300.49492725513045,0.0,32
2911.0,3,hold,0.9031887228994867,4.099140701166499,299.8226617861798,0.0,32
2912.0,1,hold,0.907215202465903,4.099395624275083,301.6566617996135,0.0,32
2912.0,2,hold,0.9036421227750447,4.099185712811293,300.49452178005527,0.0,32
2912.0,3,hold,0.9031887228994867,4.099138571548716,299.8225148600276,0.0,32
2913.0,1,hold,0.907215202465903,4.099383526293911,301.6560689938909,0.0,32
2913.0,2,hold,0.9036421227750447,4.099181095112149,300.4941163750945,0.0,32
2913.0,3,hold,0.9031887228994867,4.099136459564869,299.8223679467847,0.0,32
2914.0,1,hold,0.907215202465903,4.099371594765156,301.65547628838306,0.0,32
2914.0,2,hold,0.9036421227750447,4.099176519495119,300.49371104023567,0.0,32
2914.0,3,hold,0.9031887228994867,4.099134364400603,299.8222210464433,0.0,32
2915.0,1,hold,0.907215202465903,4.099359826577897,301.6548836830728,0.0,32
2915.0,2,hold,0.9036421227750447,4.099171985901188,300.4933057754664,0.0,32
2915.0,3,hold,0.9031887228994867,4.099132285679575,299.82207415899984,0.0,32
2916.0,1,hold,0.907215202465903,4.0993482184948515,301.6542911779432,0.0,32
2916.0,2,hold,0.9036421227750447,4.099167493526679,300.49290058077423,0.0,32
2916.0,3,hold,0.9031887228994867,4.099130223819346,299.8219272844595,0.0,32
2917.0,1,hold,0.907215202465903,4.099336767396901,301.65369877297735,0.0,32
2917.0,2,hold,0.9036421227750447,4.09916304185762,300.49249545614674,0.0,32
2917.0,3,hold,0.9031887228994867,4.099128178683602,299.8217804228215,0.0,32
2918.0,1,hold,0.907215202465903,4.099325469766077,301.6531064681584,0.0,32
2918.0,2,hold,0.9036421227750447,4.099158630381472,300.4920904015716,0.0,32
2918.0,3,hold,0.9031887228994867,4.099126150136234,299.82163357408507,0.0,32
2919.0,1,hold,0.907215202465903,4.099314322562995,301.6525142634693,0.0,32
2919.0,2,hold,0.9036421227750447,4.09915425858693,300.49168541703636,0.0,32
2919.0,3,hold,0.9031887228994867,4.09912413804139,299.8214867382493,0.0,32
2920.0,1,hold,0.907215202465903,4.099303322979354,301.6519221588932,0.0,32
2920.0,2,hold,0.9036421227750447,4.099149926448536,300.4912805025304,0.0,32
2920.0,3,hold,0.9031887228994867,4.0991221422634005,299.8213399153136,0.0,32
2921.0,1,hold,0.907215202465903,4.099292468170004,301.6513301544131,0.0,32
2921.0,2,hold,0.9036421227750447,4.099145633236731,300.4908756580406,0.0,32
2921.0,3,hold,0.9031887228994867,4.099120162666869,299.821193105277,0.0,32
2922.0,1,hold,0.907215202465903,4.099281755367057,301.65073825001224,0.0,32
2922.0,2,hold,0.9036421227750447,4.099141378484864,300.49047088355456,0.0,32
2922.0,3,hold,0.9031887228994867,4.099118199116555,299.8210463081388,0.0,32
2923.0,1,hold,0.907215202465903,4.099271181394217,301.65014644567344,0.0,32
2923.0,2,hold,0.9036421227750447,4.099137161729518,300.49006617906014,0.0,32
2923.0,3,hold,0.9031887228994867,4.09911625125658,299.8208995238915,0.0,32
2924.0,1,hold,0.907215202465903,4.099260743819448,301.64955474138003,0.0,32
2924.0,2,hold,0.9036421227750447,4.099132982508497,300.4896615445451,0.0,32
2924.0,3,hold,0.9031887228994867,4.099114319043437,299.820752752537,0.0,32
2925.0,1,hold,0.907215202465903,4.0992504400514225,301.64896313711495,0.0,32
2925.0,2,hold,0.9036421227750447,4.09912884070517,300.48925697999823,0.0,32
2925.0,3,hold,0.9031887228994867,4.099112402374349,299.82060599407555,0.0,32
2926.0,1,hold,0.907215202465903,4.099240267578283,301.6483716328613,0.0,32
2926.0,2,hold,0.9036421227750447,4.0991247357455425,300.4888524854069,0.0,32
2926.0,3,hold,0.9031887228994867,4.099110501105736,299.82045924850604,0.0,32
2927.0,1,hold,0.907215202465903,4.099230223868018,301.64778022860224,0.0,32
2927.0,2,hold,0.9036421227750447,4.099120667179125,300.48844806075897,0.0,32
2927.0,3,hold,0.9031887228994867,4.09910861509416,299.82031251582737,0.0,32
2928.0,1,hold,0.907215202465903,4.099220306341378,301.64718892432086,0.0,32
2928.0,2,hold,0.9036421227750447,4.099116634582225,300.4880437060423,0.0,32
2928.0,3,hold,0.9031887228994867,4.09910674419644,299.82016579603857,0.0,32
2929.0,1,hold,0.907215202465903,4.099210512765792,301.6465977200002,0.0,32
2929.0,2,hold,0.9036421227750447,4.099112637532208,300.48763942124464,0.0,32
2929.0,3,hold,0.9031887228994867,4.099104888269567,299.8200190891385,0.0,32
2930.0,1,hold,0.907215202465903,4.099200840862757,301.64600661562343,0.0,32
2930.0,2,hold,0.9036421227750447,4.099108675856767,300.48723520635446,0.0,32
2930.0,3,hold,0.9031887228994867,4.099103047170765,299.8198723951261,0.0,32
2931.0,1,hold,0.907215202465903,4.099191288422739,301.6454156111736,0.0,32
2931.0,2,hold,0.903642122775044,4.099104749090012,300.48683106135934,0.0,32
2931.0,3,hold,0.9031887228994867,4.099101220779412,299.81972571399996,0.0,32
2932.0,1,hold,0.907215202465903,4.099181853144524,301.64482470663387,0.0,32
2932.0,2,hold,0.9036421227750447,4.099100856800559,300.48642698624724,0.0,32
2932.0,3,hold,0.9031887228994867,4.099099409138509,299.8195790457571,0.0,32
2933.0,1,hold,0.907215202465903,4.099172532887721,301.64423390198726,0.0,32
2933.0,2,hold,0.9036421227750447,4.099096998597533,300.48602298100604,0.0,32
2933.0,3,hold,0.9031887228994867,4.099097611971416,299.8194323903978,0.0,32
2934.0,1,hold,0.907215202465903,4.099163325640461,301.64364319721705,0.0,32
2934.0,2,hold,0.9036421227750447,4.099093174091026,300.48561904562376,0.0,32
2934.0,3,hold,0.9031887228994867,4.099095829143506,299.819285747921,0.0,32
2935.0,1,hold,0.907215202465903,4.099154229401632,301.6430525923061,0.0,32
2935.0,2,hold,0.9036421227750447,4.099089383104191,300.48521518008823,0.0,32
2935.0,3,hold,0.9031887228994867,4.099094060520345,299.81913911832555,0.0,32
2936.0,1,hold,0.907215202465903,4.099145242229929,301.6424620872378,0.0,32
2936.0,2,hold,0.9036421227750447,4.099085625253487,300.4848113843875,0.0,32
2936.0,3,hold,0.9031887228994873,4.099092305967689,299.8189925016101,0.0,32
2937.0,1,hold,0.9072152024659027,4.099136362000417,301.6418716819951,0.0,32
2937.0,2,hold,0.9036421227750447,4.099081900127315,300.48440765850944,0.0,32
2937.0,3,hold,0.9031887228994873,4.099090565351487,299.8188458977738,0.0,32
2938.0,1,hold,0.907215202465903,4.099127586954724,301.64128137656115,0.0,32
2938.0,2,hold,0.9036421227750447,4.099078207370598,300.4840040024419,0.0,32
2938.0,3,hold,0.9031887228994873,4.0990888385378454,299.8186993068153,0.0,32
2939.0,1,hold,0.907215202465903,4.099118915276799,301.6406911709191,0.0,32
2939.0,2,hold,0.9036421227750447,4.099074546629856,300.4836004161729,0.0,32
2939.0,3,hold,0.9031887228994873,4.099087125393005,299.8185527287335,0.0,32
2940.0,1,hold,0.907215202465903,4.099110345203803,301.64010106505214,0.0,32
2940.0,2,hold,0.903642122775045,4.099070917553268,300.4831968996904,0.0,32
2940.0,3,hold,0.9031887228994873,4.099085425910554,299.8184061635272,0.0,32
2941.0,1,hold,0.907215202465903,4.099101874935661,301.63951105894324,0.0,32
2941.0,2,hold,0.9036421227750447,4.099067319790537,300.48279345298226,0.0,32
2941.0,3,hold,0.9031887228994873,4.09908374008854,299.8182596111952,0.0,32
2942.0,1,hold,0.907215202465903,4.09909350257449,301.63892115257573,0.0,32
2942.0,2,hold,0.9036421227750447,4.099063753005,300.48239007603644,0.0,32
2942.0,3,hold,0.9031887228994873,4.099082067651082,299.81811307173643,0.0,32
2943.0,1,hold,0.907215202465903,4.099085226584624,301.6383313459326,0.0,32
2943.0,2,hold,0.903642122775045,4.09906021712961,300.48198676884084,0.0,32
2943.0,3,hold,0.9031887228994873,4.099080408476498,299.8179665451497,0.0,32
2944.0,1,hold,0.9072152024659027,4.099077045351649,301.6377416389971,0.0,32
2944.0,2,hold,0.9036421227750447,4.099056711667869,300.4815835313836,0.0,32
2944.0,3,hold,0.9031887228994873,4.099078762443336,299.8178200314338,0.0,32
2945.0,1,hold,0.9072152024659027,4.09906895731123,301.6371520317523,0.0,32
2945.0,2,hold,0.903642122775045,4.099053236303115,300.48118036365236,0.0,32
2945.0,3,hold,0.9031887228994873,4.099077129430272,299.81767353058774,0.0,32
2946.0,1,hold,0.9072152024659027,4.099060960950004,301.63656252418133,0.0,32
2946.0,2,hold,0.903642122775045,4.0990497907221,300.4807772656353,0.0,32
2946.0,3,hold,0.9031887228994873,4.099075509316135,299.8175270426102,0.0,32
2947.0,1,hold,0.9072152024659027,4.0990530548061965,301.6359731162674,0.0,32
2947.0,2,hold,0.903642122775045,4.099046374615051,300.48037423732023,0.0,32
2947.0,3,hold,0.9031887228994873,4.099073901979921,299.81738056750004,0.0,32
2948.0,1,hold,0.9072152024659027,4.099045237470444,301.63538380799366,0.0,32
2948.0,2,hold,0.903642122775045,4.099042987675583,300.47997127869513,0.0,32
2948.0,3,hold,0.9031887228994873,4.099072307300743,299.81723410525615,0.0,32
2949.0,1,hold,0.9072152024659027,4.099037507441068,301.63479459934325,0.0,32
2949.0,2,hold,0.903642122775045,4.099039629600744,300.47956838974795,0.0,32
2949.0,3,hold,0.9031887228994873,4.09907072536488,299.81708765587763,0.0,32
2950.0,1,hold,0.9072152024659026,4.099029862691108,301.6342054902992,0.0,32
2950.0,2,hold,0.903642122775045,4.0990363001319725,300.47916557046665,0.0,32
2950.0,3,hold,0.9031887228994876,4.09906915601548,299.81694121936334,0.0,32
2951.0,1,hold,0.9072152024659026,4.099022302325038,301.63361648084503,0.0,32
2951.0,2,hold,0.903642122775045,4.099032999043882,300.4787628208393,0.0,32
2951.0,3,hold,0.9031887228994876,4.099067599068944,299.8167947957119,0.0,32
2952.0,1,hold,0.9072152024659026,4.099014825025581,301.6330275709635,0.0,32
2952.0,2,hold,0.903642122775045,4.09902972599736,300.47836014085357,0.0,32
2952.0,3,hold,0.9031887228994873,4.099066054415289,299.81664838492236,0.0,32
2953.0,1,hold,0.9072152024659026,4.099007429517522,301.63243876063797,0.0,32
2953.0,2,hold,0.903642122775045,4.0990264807153185,300.4779575304977,0.0,32
2953.0,3,hold,0.9031887228994876,4.0990645219446336,299.81650198699344,0.0,32
2954.0,1,hold,0.9072152024659026,4.099000114568041,301.63185004985166,0.0,32
2954.0,2,hold,0.903642122775045,4.099023262924904,300.4775549897595,0.0,32
2954.0,3,hold,0.9031887228994876,4.099063001547252,299.816355601924,0.0,32
2955.0,1,hold,0.9072152024659026,4.098992878986897,301.6312614385876,0.0,32
2955.0,2,hold,0.903642122775045,4.099020072357513,300.47715251862695,0.0,32
2955.0,3,hold,0.9031887228994876,4.099061493113558,299.8162092297129,0.0,32
2956.0,1,hold,0.9072152024659026,4.098985721626869,301.6306729268291,0.0,32
2956.0,2,hold,0.903642122775045,4.099016908748771,300.476750117088,0.0,32
2956.0,3,hold,0.9031887228994876,4.099059996534038,299.8160628703591,0.0,32
2957.0,1,hold,0.9072152024659026,4.0989786413335985,301.63008451455926,0.0,32
2957.0,2,hold,0.903642122775045,4.099013771838541,300.4763477851307,0.0,32
2957.0,3,hold,0.9031887228994876,4.099058511699409,299.8159165238613,0.0,32
2958.0,1,hold,0.907215202465902,4.098971636062098,301.62949620176124,0.0,32
2958.0,2,hold,0.903642122775045,4.099010661352063,300.4759455227429,0.0,32
2958.0,3,hold,0.9031887228994876,4.099057038773326,299.81577019021876,0.0,32
2959.0,1,hold,0.907215202465902,4.098964705279977,301.6289079884183,0.0,32
2959.0,2,hold,0.903642122775045,4.099007577035698,300.47554332991274,0.0,32
2959.0,3,hold,0.9031887228994876,4.099055577465959,299.8156238694301,0.0,32
2960.0,1,hold,0.907215202465902,4.09895784788017,301.6283198745136,0.0,32
2960.0,2,hold,0.903642122775045,4.099004518646682,300.4751412066281,0.0,32
2960.0,3,hold,0.9031887228994876,4.09905412767848,299.8154775614943,0.0,32
2961.0,1,hold,0.907215202465902,4.098951062783117,301.6277318600302,0.0,32
2961.0,2,hold,0.903642122775045,4.099001485938659,300.47473915287685,0.0,32
2961.0,3,hold,0.9031887228994876,4.099052689312687,299.81533126641006,0.0,32
2962.0,1,hold,0.907215202465902,4.098944348936092,301.6271439449515,0.0,32
2962.0,2,hold,0.9036421227750474,4.098998478669321,300.47433716864714,0.0,32
2962.0,3,hold,0.9031887228994876,4.099051262270612,299.8151849841763,0.0,32
2963.0,1,hold,0.907215202465902,4.098937705312673,301.6265561292606,0.0,32
2963.0,2,hold,0.9036421227750474,4.0989954966002085,300.47393525392675,0.0,32
2963.0,3,hold,0.9031887228994876,4.099049846454589,299.8150387147919,0.0,32
2964.0,1,hold,0.907215202465902,4.0989311309122005,301.6259684129408,0.0,32
2964.0,2,hold,0.9036421227750474,4.098992539496857,300.47353340870393,0.0,32
2964.0,3,hold,0.9031887228994876,4.099048441767232,299.8148924582558,0.0,32
2965.0,1,hold,0.907215202465902,4.098924624759176,301.62538079597505,0.0,32
2965.0,2,hold,0.9036421227750474,4.098989607128686,300.4731316329664,0.0,32
2965.0,3,hold,0.9031887228994876,4.099047048111446,299.8147462145668,0.0,32
2966.0,1,hold,0.907215202465902,4.098918185692439,301.6247932783468,0.0,32
2966.0,2,hold,0.9036421227750474,4.098986699222168,300.4727299267023,0.0,32
2966.0,3,hold,0.9031887228994876,4.099045665390376,299.8145999837238,0.0,32
2967.0,1,hold,0.9072152024659017,4.0989118127897495,301.6242058600391,0.0,32
2967.0,2,hold,0.9036421227750474,4.098983815566912,300.4723282898995,0.0,32
2967.0,3,hold,0.9031887228994876,4.099044293507475,299.8144537657256,0.0,32
2968.0,1,hold,0.907215202465902,4.09890550508139,301.6236185410353,0.0,32
2968.0,2,hold,0.9036421227750474,4.098980955934993,300.4719267225462,0.0,32
2968.0,3,hold,0.9031887228994876,4.09904293236645,299.8143075605712,0.0,32
2969.0,1,hold,0.907215202465902,4.098899261594626,301.62303132131854,0.0,32
2969.0,2,hold,0.9036421227750474,4.09897812010021,300.47152522463017,0.0,32
2969.0,3,hold,0.90318872289949,4.099041581871321,299.8141613682593,0.0,32
2970.0,1,hold,0.9072152024659017,4.098893081362879,301.622444200872,0.0,32
2970.0,2,hold,0.9036421227750474,4.098975307839124,300.4711237961395,0.0,32
2970.0,3,hold,0.90318872289949,4.099040241926312,299.8140151887889,0.0,32
2970.0,1,hold,0.9072152024659026,4.098893081362879,301.622444200872,0.0,33
2970.0,1,hold,0.9072152024659017,4.098893081362879,301.622444200872,0.0,33
2970.0,2,hold,0.903642122775045,4.098975307839124,300.4711237961395,0.0,33
2970.0,2,hold,0.9036421227750474,4.098975307839124,300.4711237961395,0.0,33
2970.0,3,hold,0.9031887228994876,4.099040241926312,299.8140151887889,0.0,33
2970.0,3,hold,0.90318872289949,4.099040241926312,299.8140151887889,0.0,33
2971.0,1,hold,0.9072152024659017,4.098886972760733,301.6218571958242,0.0,33
2971.0,2,hold,0.9036421227750474,4.098972526586914,300.4707224611803,0.0,33
2971.0,3,hold,0.90318872289949,4.0990389168788415,299.81386902773124,0.0,33
2972.0,1,hold,0.9072152024659017,4.098880918821363,301.62127027845577,0.0,33
2972.0,2,hold,0.9036421227750474,4.098969766110548,300.47032118863996,0.0,33
2972.0,3,hold,0.9031887228994876,4.09903760320867,299.81372288084305,0.0,33
2973.0,1,hold,0.9072152024659017,4.098874923666651,301.6206834572227,0.0,33
2973.0,2,hold,0.9036421227750474,4.098967025511159,300.4699199762792,0.0,33
2973.0,3,hold,0.90318872289949,4.099036296488402,299.81357674251336,0.0,33
2974.0,1,hold,0.9072152024659017,4.098868987802538,301.6200967347645,0.0,33
2974.0,2,hold,0.9036421227750474,4.098964306175715,300.4695188287726,0.0,33
2974.0,3,hold,0.90318872289949,4.09903499969268,299.81343061670856,0.0,33
2975.0,1,hold,0.9072152024659017,4.098863109962277,301.61951011115855,0.0,33
2975.0,2,hold,0.9036421227750474,4.098961608958382,300.4691177497385,0.0,33
2975.0,3,hold,0.90318872289949,4.099033712239068,299.81328450265886,0.0,33
2976.0,1,hold,0.9072152024659017,4.098857289715726,301.61892358672117,0.0,33
2976.0,2,hold,0.9036421227750474,4.098958933550248,300.468716738886,0.0,33
2976.0,3,hold,0.90318872289949,4.09903243441577,299.8131384008894,0.0,33
2977.0,1,hold,0.9072152024659017,4.098851527379891,301.6183371610451,0.0,33
2977.0,2,hold,0.9036421227750474,4.098956280070675,300.46831579741314,0.0,33
2977.0,3,hold,0.90318872289949,4.0990311664747505,299.8129923118047,0.0,33
2978.0,1,hold,0.9072152024659017,4.098845821221525,301.6177508343615,0.0,33
2978.0,2,hold,0.9036421227750474,4.098953648394437,300.4679149244262,0.0,33
2978.0,3,hold,0.90318872289949,4.099029908244017,299.81284623533395,0.0,33
2979.0,1,hold,0.9072152024659017,4.098840170247245,301.6171646067974,0.0,33
2979.0,2,hold,0.9036421227750474,4.0989510374415214,300.46751412132386,0.0,33
2979.0,3,hold,0.90318872289949,4.099028659776147,299.8127001718479,0.0,33
2980.0,1,hold,0.9072152024659017,4.098834575278323,301.61657847822255,0.0,33
2980.0,2,hold,0.9036421227750474,4.098948447691393,300.46711338744734,0.0,33
2980.0,3,hold,0.90318872289949,4.099027421018684,299.81255412103445,0.0,33
2981.0,1,hold,0.9072152024659017,4.098829034568206,301.61599244867534,0.0,33
2981.0,2,hold,0.9036421227750474,4.098945879282175,300.4667127225884,0.0,33
2981.0,3,hold,0.90318872289949,4.099026191967253,299.8124080828936,0.0,33
2982.0,1,hold,0.9072152024659017,4.098823546751818,301.61540651818547,0.0,33
2982.0,2,hold,0.9036421227750474,4.098943332194292,300.466312126747,0.0,33
2982.0,3,hold,0.90318872289949,4.099024971747108,299.81226205770525,0.0,33
2983.0,1,hold,0.9072152024659017,4.098818112858112,301.6148206867267,0.0,33
2983.0,2,hold,0.9036421227750474,4.098940806408365,300.46591159992323,0.0,33
2983.0,3,hold,0.90318872289949,4.099023760241915,299.81211604550566,0.0,33
2984.0,1,hold,0.9072152024659017,4.098812731322331,301.61423495427795,0.0,33
2984.0,2,hold,0.9036421227750474,4.098938300822651,300.465511142315,0.0,33
2984.0,3,hold,0.9031887228994901,4.099022558121019,299.8119700460781,0.0,33
2985.0,1,hold,0.9072152024658993,4.098807400223713,301.61364932081267,0.0,33
2985.0,2,hold,0.9036421227750474,4.098935814878088,300.46511075402117,0.0,33
2985.0,3,hold,0.9031887228994901,4.099021365380354,299.8118240594227,0.0,33
2986.0,1,hold,0.9072152024658993,4.098802120346674,301.61306378634345,0.0,33
2986.0,2,hold,0.9036421227750474,4.098933349444112,300.4647104348796,0.0,33
2986.0,3,hold,0.9031887228994901,4.0990201820158205,299.8116780855393,0.0,33
2987.0,1,hold,0.9072152024658993,4.098796891331878,301.6124783508663,0.0,33
2987.0,2,hold,0.9036421227750474,4.098930904502623,300.46431018489017,0.0,33
2987.0,3,hold,0.9031887228994901,4.099019008023342,299.8115321244281,0.0,33
2988.0,1,hold,0.9072152024658993,4.098791712821267,301.61189301437736,0.0,33
2988.0,2,hold,0.9036421227750474,4.098928480035655,300.463910004053,0.0,33
2988.0,3,hold,0.9031887228994901,4.09901784339891,299.81138617608894,0.0,33
2989.0,1,hold,0.9072152024658993,4.09878658368673,301.6113077768428,0.0,33
2989.0,2,hold,0.9036421227750474,4.09892607567417,300.46350989236885,0.0,33
2989.0,3,hold,0.9031887228994903,4.099016688138535,299.8112402405219,0.0,33
2990.0,1,hold,0.9072152024658993,4.098781502383858,301.61072263821274,0.0,33
2990.0,2,hold,0.9036421227750474,4.098923689386455,300.4631098498435,0.0,33
2990.0,3,hold,0.9031887228994903,4.099015542238268,299.8110943177269,0.0,33
2991.0,1,hold,0.9072152024658993,4.098776469219244,301.6101375985086,0.0,33
2991.0,2,hold,0.9036421227750474,4.098921322706191,300.4627098764725,0.0,33
2991.0,3,hold,0.9031887228994903,4.099014405694181,299.81094840770396,0.0,33
2992.0,1,hold,0.9072152024658993,4.098771483640533,301.60955265771855,0.0,33
2992.0,2,hold,0.9036421227750474,4.0989189756167015,300.46230997225604,0.0,33
2992.0,3,hold,0.9031887228994903,4.099013276663246,299.8108025105394,0.0,33
2993.0,1,hold,0.9072152024658993,4.098766545096984,301.6089678158311,0.0,33
2993.0,2,hold,0.9036421227750476,4.0989166481015005,300.4619101371939,0.0,33
2993.0,3,hold,0.9031887228994903,4.09901215547935,299.81065662621745,0.0,33
2994.0,1,hold,0.9072152024658993,4.098761652895796,301.60838307282137,0.0,33
2994.0,2,hold,0.9036421227750476,4.098914340144191,300.46151037128624,0.0,33
2994.0,3,hold,0.9031887228994903,4.099011043092247,299.8105107546934,0.0,33
2995.0,1,hold,0.9072152024658993,4.098756806171037,301.6077984286493,0.0,33
2995.0,2,hold,0.9036421227750476,4.098912049786032,300.4611106744235,0.0,33
2995.0,3,hold,0.9031887228994903,4.099009939498357,299.810364895967,0.0,33
2996.0,1,hold,0.9072152024658993,4.098752004544863,301.607213883318,0.0,33
2996.0,2,hold,0.9036421227750476,4.098909777632883,300.4607110466405,0.0,33
2996.0,3,hold,0.9031887228994903,4.099008844694097,299.8102190500386,0.0,33
2997.0,1,hold,0.9072152024658993,4.098747247427172,301.60662943681166,0.0,33
2997.0,2,hold,0.9036421227750476,4.0989075239641455,300.460311487954,0.0,33
2997.0,3,hold,0.9031887228994903,4.099007758676009,299.81007321690794,0.0,33
2998.0,1,hold,0.9072152024658992,4.09874253422946,301.6060450891144,0.0,33
2998.0,2,hold,0.9036421227750484,4.098905288690068,300.4599119983597,0.0,33
2998.0,3,hold,0.9031887228994903,4.099006681440558,299.8099273965752,0.0,33
2999.0,1,hold,0.9072152024658992,4.0987378644385615,301.60546084020734,0.0,33
2999.0,2,hold,0.9036421227750484,4.098903071721081,300.4595125778535,0.0,33
2999.0,3,hold,0.903188722899491,4.099005612984275,299.8097815890402,0.0,33
3000.0,1,hold,0.9072152024658993,4.0987332377081,301.6048766900652,0.0,33
3000.0,2,hold,0.9036421227750484,4.098900872967878,300.45911322643104,0.0,33
3000.0,3,hold,0.903188722899491,4.0990045533037485,299.80963579430306,0.0,33
3001.0,1,hold,0.9072152024658992,4.098728653332897,301.604292638677,0.0,33
3001.0,2,hold,0.9036421227750484,4.098898692341317,300.4587139440881,0.0,33
3001.0,3,hold,0.903188722899491,4.099003502395568,299.8094900123639,0.0,33
3002.0,1,hold,0.9072152024658992,4.0987241107606796,301.6037086860256,0.0,33
3002.0,2,hold,0.9036421227750484,4.0988965297524675,300.45831473082063,0.0,33
3002.0,3,hold,0.903188722899491,4.09900245793348,299.8093442432269,0.0,33
3003.0,1,hold,0.9072152024658992,4.098719609440524,301.6031248320939,0.0,33
3003.0,2,hold,0.9036421227750484,4.0988943847411345,300.45791558658726,0.0,33
3003.0,3,hold,0.903188722899491,4.099001420874702,299.80919848689047,0.0,33
3004.0,1,hold,0.9072152024658992,4.098715148907489,301.6025410768647,0.0,33
3004.0,2,hold,0.9036421227750476,4.098892256370151,300.45751651129933,0.0,33
3004.0,3,hold,0.903188722899491,4.099000391983294,299.80905274335305,0.0,33
3005.0,1,hold,0.9072152024658992,4.098710729032666,301.6019574203211,0.0,33
3005.0,2,hold,0.9036421227750484,4.098890145272934,300.4571175050243,0.0,33
3005.0,3,hold,0.9031887228994911,4.0989993712561805,299.8089070126146,0.0,33
3006.0,1,hold,0.9072152024658992,4.098706349063129,301.601373862446,0.0,33
3006.0,2,hold,0.9036421227750484,4.098888051310835,300.45671856775306,0.0,33
3006.0,3,hold,0.9031887228994911,4.098998358690293,299.8087612946752,0.0,33
3007.0,1,hold,0.907215202465899,4.0987020085007675,301.60079040322216,0.0,33
3007.0,2,hold,0.9036421227750484,4.098885974345414,300.4563196994762,0.0,33
3007.0,3,hold,0.9031887228994911,4.098997354282618,299.8086155895348,0.0,33
3008.0,1,hold,0.9072152024658992,4.098697706848828,301.60020704263263,0.0,33
3008.0,2,hold,0.9036421227750484,4.098883914238522,300.45592090018437,0.0,33
3008.0,3,hold,0.9031887228994911,4.098996358030172,299.8084698971933,0.0,33
3009.0,1,hold,0.907215202465899,4.098693443659679,301.59962378066064,0.0,33
3009.0,2,hold,0.9036421227750484,4.098881870852191,300.4555221698684,0.0,33
3009.0,3,hold,0.9031887228994913,4.098995369929947,299.8083242176509,0.0,33
3010.0,1,hold,0.907215202465899,4.098689218846754,301.5990406172911,0.0,33
3010.0,2,hold,0.9036421227750484,4.098879844048733,300.45512350851897,0.0,33
3010.0,3,hold,0.9031887228994913,4.098994389979,299.8081785509074,0.0,33
3011.0,1,hold,0.907215202465899,4.098685031721351,301.59845755250603,0.0,33
3011.0,2,hold,0.9036421227750484,4.098877833690665,300.45472491612685,0.0,33
3011.0,3,hold,0.9031887228994913,4.098993418174414,299.80803289696297,0.0,33
3012.0,1,hold,0.907215202465899,4.0986808818334435,301.5978745862885,0.0,33
3012.0,2,hold,0.9036421227750484,4.098875839407743,300.45432639263305,0.0,33
3012.0,3,hold,0.9031887228994913,4.098992451928995,299.8078872557863,0.0,33
3013.0,1,hold,0.907215202465899,4.098676768734046,301.59729171862165,0.0,33
3013.0,2,hold,0.9036421227750484,4.098873861132388,300.4539279380431,0.0,33
3013.0,3,hold,0.9031887228994913,4.098991492764167,299.8077416273956,0.0,33
3014.0,1,hold,0.907215202465899,4.098672691993011,301.59670894948874,0.0,33
3014.0,2,hold,0.9036421227750484,4.098871898777672,300.45352955235825,0.0,33
3014.0,3,hold,0.9031887228994913,4.09899054115772,299.807596011797,0.0,33
3015.0,1,hold,0.907215202465899,4.098668651514995,301.5961262788745,0.0,33
3015.0,2,hold,0.9036421227750484,4.09886995219596,300.45313123556696,0.0,33
3015.0,3,hold,0.9031887228994913,4.0989895971070975,299.8074504089903,0.0,33
3016.0,1,hold,0.907215202465899,4.098664646689375,301.5955437067613,0.0,33
3016.0,2,hold,0.9036421227750484,4.0988680212399,300.4527329876575,0.0,33
3016.0,3,hold,0.9031887228994913,4.098988660609619,299.8073048189756,0.0,33
3017.0,1,hold,0.907215202465899,4.098660677104776,301.59496123313244,0.0,33
3017.0,2,hold,0.9036421227750484,4.098866105762344,300.4523348086182,0.0,33
3017.0,3,hold,0.9031887228994915,4.098987731662707,299.80715924175286,0.0,33
3018.0,1,hold,0.907215202465899,4.098656742350892,301.5943788579712,0.0,33
3018.0,2,hold,0.9036421227750484,4.09886420561636,300.4519366984375,0.0,33
3018.0,3,hold,0.9031887228994914,4.0989868102637725,299.807013677322,0.0,33
3019.0,1,hold,0.907215202465899,4.0986528420183514,301.593796581261,0.0,33
3019.0,2,hold,0.9036421227750484,4.098862320655231,300.4515386571037,0.0,33
3019.0,3,hold,0.9031887228994915,4.098985896410332,299.80686812568325,0.0,33
3020.0,1,hold,0.907215202465899,4.098648976001792,301.5932144029856,0.0,33
3020.0,2,hold,0.9036421227750484,4.098860450779428,300.4511406846018,0.0,33
3020.0,3,hold,0.9031887228994915,4.098984990099771,299.8067225868364,0.0,33
3021.0,1,hold,0.9072152024658983,4.098645143756817,301.59263232312816,0.0,33
3021.0,2,hold,0.9036421227750484,4.098858595987808,300.45074278090937,0.0,33
3021.0,3,hold,0.9031887228994915,4.098984091329632,299.8065770607815,0.0,33
3022.0,1,hold,0.907215202465899,4.098641344902438,301.592050341672,0.0,33
3022.0,2,hold,0.9036421227750484,4.098856756017723,300.4503449460234,0.0,33
3022.0,3,hold,0.9031887228994915,4.098983197358185,299.8064315474695,0.0,33
3023.0,1,hold,0.907215202465899,4.098637579060194,301.59146845860045,0.0,33
3023.0,2,hold,0.9036421227750484,4.09885493073101,300.44994717993166,0.0,33
3023.0,3,hold,0.9031887228994915,4.098982310180926,299.8062860469364,0.0,33
3024.0,1,hold,0.907215202465899,4.09863384585258,301.5908866738968,0.0,33
3024.0,2,hold,0.9036421227750484,4.098853119989698,300.4495494826219,0.0,33
3024.0,3,hold,0.9031887228994915,4.098981429991772,299.80614055918534,0.0,33
3025.0,1,hold,0.907215202465899,4.098630145172272,301.59030498754476,0.0,33
3025.0,2,hold,0.9036421227750484,4.0988513236559605,300.4491518540819,0.0,33
3025.0,3,hold,0.9031887228994917,4.098980556788456,299.8059950842166,0.0,33
3026.0,1,hold,0.907215202465899,4.098626476553148,301.5897233995275,0.0,33
3026.0,2,hold,0.9036421227750484,4.098849541592228,300.44875429429953,0.0,33
3026.0,3,hold,0.9031887228994917,4.098979690568742,299.80584962203005,0.0,33
3027.0,1,hold,0.907215202465899,4.098622839633768,301.58914190982847,0.0,33
3027.0,2,hold,0.9036421227750484,4.098847773661037,300.4483568032625,0.0,33
3027.0,3,hold,0.9031887228994917,4.098978831330433,299.80570417262567,0.0,33
3028.0,1,hold,0.907215202465899,4.0986192340706005,301.58856051843094,0.0,33
3028.0,2,hold,0.9036421227750484,4.098846019725221,300.4479593809587,0.0,33
3028.0,3,hold,0.9031887228994918,4.098977979071281,299.8055587360035,0.0,33
3029.0,1,hold,0.907215202465899,4.098615659521572,301.58797922531846,0.0,33
3029.0,2,hold,0.9036421227750484,4.098844279879659,300.4475620273772,0.0,33
3029.0,3,hold,0.9031887228994918,4.098977133789139,299.8054133121635,0.0,33
3030.0,1,hold,0.907215202465899,4.098612115646242,301.5873980304742,0.0,33
3030.0,2,hold,0.9036421227750484,4.098842553941955,300.4471647425058,0.0,33
3030.0,3,hold,0.9031887228994925,4.09897629548184,299.8052679011059,0.0,33
3031.0,1,hold,0.907215202465899,4.098608602105587,301.5868169338817,0.0,33
3031.0,2,hold,0.9036421227750484,4.0988408417099595,300.44676752633154,0.0,33
3031.0,3,hold,0.9031887228994925,4.098975464094316,299.80512250282914,0.0,33
3032.0,1,hold,0.907215202465899,4.098605118621267,301.58623593552437,0.0,33
3032.0,2,hold,0.9036421227750484,4.09883914305893,300.4463703788425,0.0,33
3032.0,3,hold,0.9031887228994925,4.0989746372342974,299.80497711728304,0.0,33
3033.0,1,hold,0.907215202465899,4.098601665060025,301.58565503538557,0.0,33
3033.0,2,hold,0.9036421227750484,4.098837457864297,300.44597330002654,0.0,33
3033.0,3,hold,0.9031887228994925,4.098973816779104,299.8048317445071,0.0,33
3034.0,1,hold,0.907215202465899,4.098598240968359,301.5850742334487,0.0,33
3034.0,2,hold,0.9036421227750484,4.098835786001622,300.44557628987144,0.0,33
3034.0,3,hold,0.9031887228994925,4.0989730026995606,299.8046863845009,0.0,33
3035.0,1,hold,0.907215202465899,4.098594846040315,301.58449352969717,0.0,33
3035.0,2,hold,0.9036421227750484,4.098834127346663,300.44517934836506,0.0,33
3035.0,3,hold,0.9031887228994925,4.09897219496658,299.80454103726385,0.0,33
3036.0,1,hold,0.9072152024658992,4.098591479973326,301.5839129241144,0.0,33
3036.0,2,hold,0.9036421227750484,4.098832481775302,300.44478247549534,0.0,33
3036.0,3,hold,0.9031887228994926,4.098971393550977,299.80439570279526,0.0,33
3037.0,1,hold,0.907215202465899,4.098588142468122,301.5833324166837,0.0,33
3037.0,2,hold,0.9036421227750484,4.0988308492142185,300.4443856712508,0.0,33
3037.0,3,hold,0.9031887228994926,4.0989705984236995,299.8042503810946,0.0,33
3038.0,1,hold,0.9072152024658992,4.098584833228786,301.5827520073885,0.0,33
3038.0,2,hold,0.9036421227750484,4.098829229756298,300.4439889356228,0.0,33
3038.0,3,hold,0.9031887228994926,4.098969809555678,299.8041050721614,0.0,33
3039.0,1,hold,0.9072152024658992,4.098581551962694,301.5821716962122,0.0,33
3039.0,2,hold,0.9036421227750484,4.098827623112081,300.44359226859655,0.0,33
3039.0,3,hold,0.9031887228994926,4.098969026917864,299.80395977599494,0.0,33
3040.0,1,hold,0.907215202465899,4.098578298446013,301.58159148313837,0.0,33
3040.0,2,hold,0.9036421227750486,4.098826029168514,300.44319567016015,0.0,33
3040.0,3,hold,0.9031887228994926,4.098968250481267,299.8038144925947,0.0,33
3041.0,1,hold,0.907215202465899,4.098575072423047,301.58101136815026,0.0,33
3041.0,2,hold,0.9036421227750486,4.098824447812618,300.4427991403015,0.0,33
3041.0,3,hold,0.9031887228994928,4.098967480216892,299.8036692219602,0.0,33
3042.0,1,hold,0.907215202465899,4.098571873581626,301.5804313512313,0.0,33
3042.0,2,hold,0.9036421227750486,4.098822878931639,300.4424026790087,0.0,33
3042.0,3,hold,0.9031887228994928,4.098966716095779,299.8035239640907,0.0,33
3043.0,1,hold,0.907215202465899,4.098568701654463,301.57985143236505,0.0,33
3043.0,2,hold,0.9036421227750486,4.098821322412915,300.4420062862698,0.0,33
3043.0,3,hold,0.9031887228994928,4.098965958088986,299.8033787189857,0.0,33
3044.0,1,hold,0.907215202465899,4.098565556378398,301.57927161153475,0.0,33
3044.0,2,hold,0.9036421227750486,4.098819778143907,300.44160996207285,0.0,33
3044.0,3,hold,0.9031887228994953,4.098965206167586,299.8032334866446,0.0,33
3045.0,1,hold,0.907215202465899,4.098562437494463,301.578691888724,0.0,33
3045.0,2,hold,0.9036421227750486,4.098818246012264,300.4412137064058,0.0,33
3045.0,3,hold,0.9031887228994953,4.098964460302712,299.8030882670669,0.0,33
3046.0,1,hold,0.907215202465899,4.098559344747732,301.578112263916,0.0,33
3046.0,2,hold,0.9036421227750486,4.09881672610131,300.4408175192587,0.0,33
3046.0,3,hold,0.9031887228994953,4.098963720342647,299.8029430602484,0.0,33
3047.0,1,hold,0.907215202465899,4.098556277887459,301.5775327370944,0.0,33
3047.0,2,hold,0.9036421227750486,4.098815218282782,300.4404214006195,0.0,33
3047.0,3,hold,0.9031887228994953,4.0989629853987015,299.8027978661633,0.0,33
3048.0,1,hold,0.907215202465899,4.098553236641704,301.5769533082425,0.0,33
3048.0,2,hold,0.9036421227750486,4.0988137223739525,300.44002535047554,0.0,33
3048.0,3,hold,0.9031887228994953,4.098962256204302,299.8026526848334,0.0,33
3049.0,1,hold,0.907215202465899,4.098550220776778,301.5763739773438,0.0,33
3049.0,2,hold,0.9036421227750486,4.098812238273455,300.4396293688149,0.0,33
3049.0,3,hold,0.9031887228994953,4.098961532715986,299.8025075162576,0.0,33
3050.0,1,hold,0.907215202465899,4.0985472300543275,301.5757947443818,0.0,33
3050.0,2,hold,0.9036421227750486,4.098810765879884,300.43923345562564,0.0,33
3050.0,3,hold,0.9031887228994953,4.098960814890276,299.8023623604349,0.0,33
3051.0,1,hold,0.9072152024658983,4.098544264236919,301.57521560933986,0.0,33
3051.0,2,hold,0.9036421227750486,4.098809305092027,300.438837610896,0.0,33
3051.0,3,hold,0.9031887228994953,4.098960102683792,299.80221721736444,0.0,33
3052.0,1,hold,0.907215202465899,4.098541323091002,301.5746365722015,0.0,33
3052.0,2,hold,0.9036421227750486,4.098807855808664,300.438441834614,0.0,33
3052.0,3,hold,0.9031887228994953,4.09895939605307,299.802072087045,0.0,33
3053.0,1,hold,0.9072152024658983,4.098538406386863,301.57405763295003,0.0,33
3053.0,2,hold,0.903642122775049,4.098806417928737,300.43804612676786,0.0,33
3053.0,3,hold,0.9031887228994953,4.098958694954797,299.80192696947586,0.0,33
3054.0,1,hold,0.9072152024658983,4.0985355138985735,301.57347879156896,0.0,33
3054.0,2,hold,0.903642122775049,4.0988049913512405,300.4376504873457,0.0,33
3054.0,3,hold,0.9031887228994955,4.09895799934557,299.80178186465565,0.0,33
3055.0,1,hold,0.907215202465899,4.098532645396537,301.57290004804184,0.0,33
3055.0,2,hold,0.903642122775049,4.098803575975211,300.4372549163357,0.0,33
3055.0,3,hold,0.9031887228994955,4.098957309182087,299.80163677258366,0.0,33
3056.0,1,hold,0.9072152024658983,4.098529800621433,301.57232140235203,0.0,33
3056.0,2,hold,0.903642122775049,4.098802171699848,300.43685941372587,0.0,33
3056.0,3,hold,0.9031887228994955,4.098956624421058,299.80149169325875,0.0,33
3057.0,1,hold,0.9072152024658983,4.098526979372123,301.57174285448303,0.0,33
3057.0,2,hold,0.903642122775049,4.098800778424332,300.4364639795045,0.0,33
3057.0,3,hold,0.9031887228994955,4.098955945019197,299.8013466266799,0.0,33
3058.0,1,hold,0.9072152024658983,4.0985241814280275,301.5711644044183,0.0,33
3058.0,2,hold,0.903642122775049,4.098799396048033,300.4360686136596,0.0,33
3058.0,3,hold,0.9031887228994955,4.098955270933255,299.80120157284614,0.0,33
3059.0,1,hold,0.9072152024658983,4.098521406571299,301.57058605214127,0.0,33
3059.0,2,hold,0.903642122775049,4.098798024470282,300.43567331617936,0.0,33
3059.0,3,hold,0.9031887228994955,4.098954602120022,299.80105653175644,0.0,33
3060.0,1,hold,0.9072152024658983,4.098518654586826,301.57000779763547,0.0,33
3060.0,2,hold,0.903642122775049,4.098796663590575,300.43527808705187,0.0,33
3060.0,3,hold,0.9031887228994955,4.098953938536265,299.8009115034098,0.0,33
