time_s,cell,phase,soc,voltage_V,temperature_K,current_A,decision_index
0.0,1,charge,0.3278711836933302,3.606958050546966,298.15,0.0,-1
0.0,2,charge,0.1688740968498701,3.476803957851635,298.15,0.0,-1
0.0,3,charge,0.5151972571735919,3.793818840198994,298.15,0.0,-1
0.0,1,charge,0.3278711836933302,3.606958050546966,298.15,6.5,0
0.0,1,charge,0.3278711836933306,3.7454421072632127,298.15,6.5,0
0.0,2,charge,0.1688740968498701,3.476803957851635,298.15,7.5,0
0.0,2,charge,0.16887409684987023,3.644058880966859,298.15,7.5,0
0.0,3,charge,0.5151972571735919,3.793818840198994,298.15,3.0,0
0.0,3,charge,0.5151972571735909,3.87159738143865,298.15,3.0,0
0.9999999999999999,1,charge,0.3282952743407257,3.750747985974421,298.1541543427895,6.5,0
0.9999999999999999,2,charge,0.16939249238686135,3.650184377073825,298.1549563756337,7.5,0
0.9999999999999999,3,charge,0.5154143772825313,3.8747569877111294,298.1507925634905,3.0,0
2.0,1,charge,0.32871936498811793,3.7541447791787985,298.1583285547008,6.5,0
2.0,2,charge,0.16991088792385242,3.6539570562051313,298.15992951162923,7.5,0
2.0,3,charge,0.5156314973914726,3.8768548527822864,298.1515886876737,3.0,0
3.0,1,charge,0.32914345563551306,3.756899440556684,298.1625227220395,6.5,0
3.0,2,charge,0.17042928346084335,3.656995361986143,298.16492163053965,7.5,0
3.0,3,charge,0.5158486175004131,3.8785115861932287,298.15238818834354,3.0,0
4.0,1,charge,0.32956754628290696,3.7593132976511434,298.166736548203,6.5,0
4.0,2,charge,0.17094767899783447,3.6596489215353967,298.1699332204084,7.5,0
4.0,3,charge,0.5160657376093498,3.8799310619564333,298.1531909222896,3.0,0
5.0,1,charge,0.3299916369303021,3.7615102122795543,298.17096970256256,6.5,0
5.0,2,charge,0.17146607453482554,3.6620591848479926,298.1749644150999,7.5,0
5.0,3,charge,0.5162828577182912,3.8811994058176724,298.15399676853906,3.0,0
6.0,1,charge,0.330415727577696,3.7635533895096227,298.1752218602728,6.5,0
6.0,2,charge,0.1719844700718167,3.6642978881843575,298.18001521424054,7.5,0
6.0,3,charge,0.5164999778272316,3.882360703535893,298.15480562027506,3.0,0
7.0,1,charge,0.330839818225091,3.765479848474974,298.17949270791235,6.5,0
7.0,2,charge,0.1725028656088071,3.666407052633766,298.1850855524966,7.5,0
7.0,3,charge,0.5167170979361694,3.8834406908584254,298.15561738054936,3.0,0
7.999999999999999,1,charge,0.3312639088724849,3.7673132114889203,298.18378194176194,6.5,0
7.999999999999999,2,charge,0.1730212611457982,3.6684134541344666,298.19017532567284,7.5,0
7.999999999999999,3,charge,0.5169342180451098,3.8844559773025895,298.1564319596592,3.0,0
9.0,1,charge,0.33168799951988015,3.7690696652583586,298.1880892645816,6.5,0
9.0,2,charge,0.17353965668278934,3.67033534605703,298.19528440226645,7.5,0
9.0,3,charge,0.5171513381540512,3.885417795469064,298.1572492734675,3.0,0
10.0,1,charge,0.332112090167274,3.7707607986401417,298.19241438227266,6.5,0
10.0,2,charge,0.1740580522197804,3.6721857689350124,298.20041262849617,7.5,0
10.0,3,charge,0.5173684582629913,3.886334318319503,298.15806924217964,3.0,0
11.0,1,charge,0.3325361808146691,3.772395119741323,298.19675700100464,6.5,0
11.0,2,charge,0.17457644775677134,3.673974312810515,298.20555983033836,7.5,0
11.0,3,charge,0.5175855783719292,3.887211648239856,298.15889178949374,3.0,0
12.0,1,charge,0.33296027146206303,3.773979139575282,298.20111682496764,6.5,0
12.0,2,charge,0.1750948432937625,3.675708282318685,298.21072581464955,7.5,0
12.0,3,charge,0.5178026984808696,3.888054477776566,298.15971684198337,3.0,0
13.0,1,charge,0.3333843621094578,3.7755179349527612,298.2054935546665,6.5,0
13.0,2,charge,0.17561323883075355,3.677393321928563,298.21591036962525,7.5,0
13.0,3,charge,0.518019818589811,3.8888665419385484,298.16054432861506,3.0,0
14.0,1,charge,0.33380845275685156,3.777015518422134,298.209886885793,6.5,0
14.0,2,charge,0.17613163436774468,3.6790338499486603,298.2211132652746,7.5,0
14.0,3,charge,0.5182369386987513,3.8896508562154435,298.1613741804136,3.0,0
15.0,1,charge,0.33423254340424685,3.7784751364543236,298.21429650856095,6.5,0
15.0,2,charge,0.1766500299047347,3.680633414459893,298.22633425414324,7.5,0
15.0,3,charge,0.5184540588076892,3.8904098880341573,298.16220633022334,3.0,0
16.0,1,charge,0.33465663405164064,3.779899461880614,298.2187221073795,6.5,0
16.0,2,charge,0.1771684254417258,3.6821949135452714,298.2315730721319,7.5,0
16.0,3,charge,0.5186711789166296,3.8911456979483487,298.1630407125142,3.0,0
17.0,1,charge,0.3350807246990358,3.781290716454669,298.2231633609487,6.5,0
17.0,2,charge,0.1776868209787169,3.6837207340693254,298.2368294394211,7.5,0
17.0,3,charge,0.518888299025571,3.8918600370831475,298.1638772632381,3.0,0
18.0,1,charge,0.33550481534642956,3.78265076894563,298.2276199425872,6.5,0
18.0,2,charge,0.1782052165157078,3.6852128707763363,298.24210306161007,7.5,0
18.0,3,charge,0.5191054191345114,3.892554409520062,298.16471591973124,3.0,0
19.0,1,charge,0.3359289059938248,3.783981219782533,298.2320915206809,6.5,0
19.0,2,charge,0.17872361205269896,3.686673021171054,298.2473936309668,7.5,0
19.0,3,charge,0.5193225392434482,3.893230117911126,298.16555662064917,3.0,0
20.0,1,charge,0.3363529966412186,3.7852834613489432,298.23657775926273,6.5,0
20.0,2,charge,0.17924200758969003,3.688102646518886,298.2527008277219,7.5,0
20.0,3,charge,0.5195396593523895,3.8938883020047994,298.1663993059202,3.0,0
21.0,1,charge,0.3367770872886139,3.7865587177964635,298.24107831871237,6.5,0
21.0,2,charge,0.17976040312668112,3.6895030208804878,298.2580243214148,7.5,0
21.0,3,charge,0.51975677946133,3.8945299716932738,298.1672439167045,3.0,0
22.0,1,charge,0.3372011779360076,3.7878080767501214,298.24559285651793,6.5,0
22.0,2,charge,0.18027879866367158,3.69087527242402,298.26336377225346,7.5,0
22.0,3,charge,0.5199738995702677,3.8951560295041983,298.16809039536986,3.0,0
23.0,1,charge,0.3376252685834013,3.7890325168650065,298.2501210280444,6.5,0
23.0,2,charge,0.18079719420066268,3.6922204126806744,298.268718832453,7.5,0
23.0,3,charge,0.5201910196792081,3.8957672854083896,298.1689386854835,3.0,0
24.0,1,charge,0.33804935923079654,3.790232929198628,298.25466248729896,6.5,0
24.0,2,charge,0.18131558973765377,3.6935393591412837,298.2740891475356,7.5,0
24.0,3,charge,0.5204081397881494,3.896364473983412,298.16978873179676,3.0,0
25.0,1,charge,0.33847344987819034,3.791410132955907,298.2592168876883,6.5,0
25.0,2,charge,0.18183398527464487,3.6948329541796037,298.2794743575916,7.5,0
25.0,3,charge,0.5206252598970897,3.8969482627988907,298.17064048024577,3.0,0
26.0,1,charge,0.3388975405255856,3.792564887621407,298.2637838827552,6.5,0
26.0,2,charge,0.18235238081163582,3.696101979303469,298.2848740984765,7.5,0
26.0,3,charge,0.5208423800060276,3.897519260803428,298.1714938779491,3.0,0
27.0,1,charge,0.3393216311729793,3.793697902790897,298.2683631268732,6.5,0
27.0,2,charge,0.18287077634862692,3.6973471662462325,298.290288002938,7.5,0
27.0,3,charge,0.5210595001149679,3.898078029579091,298.17234887319574,3.0,0
28.0,1,charge,0.33974572182037466,3.7948098467483016,298.27295427590843,6.5,0
28.0,2,charge,0.183389171885618,3.6985692059857067,298.2957157016801,7.5,0
28.0,3,charge,0.5212766202239093,3.8986250888955034,298.1732054154443,3.0,0
29.0,1,charge,0.3401698124677683,3.7959013541322078,298.2775569878644,6.5,0
29.0,2,charge,0.18390756742260916,3.6997687557419185,298.3011568243502,7.5,0
29.0,3,charge,0.5214937403328498,3.899160922731652,298.17406345531714,3.0,0
30.0,1,charge,0.3405939031151636,3.796973028997882,298.2821709234102,6.5,0
30.0,2,charge,0.18442596295960023,3.7009464445135576,298.30661100045535,7.5,0
30.0,3,charge,0.5217108604417865,3.899685981989932,298.17492294459896,3.0,0
31.0,1,charge,0.34101799376255726,3.798025449435338,298.2867957464012,6.5,0
31.0,2,charge,0.18494435849659133,3.702102877435789,298.31207786020286,7.5,0
31.0,3,charge,0.521927980550728,3.900200688530283,298.17578383623106,3.0,0
31.999999999999996,1,charge,0.3414420844099526,3.799059171506859,298.2914311243968,6.5,0
31.999999999999996,2,charge,0.18546275403358242,3.7032386392179975,298.3175570352698,7.5,0
31.999999999999996,3,charge,0.5221451006596683,3.9007054383862045,298.17664608430545,3.0,0
33.0,1,charge,0.34186617505734634,3.800074730184136,298.2960767290264,6.5,0
33.0,2,charge,0.18598114957057355,3.7043542968817835,298.32304815951,7.5,0
33.0,3,charge,0.5223622207686062,3.901200603890488,298.1775096440548,3.0,0
34.0,1,charge,0.34229026570474164,3.8010726429820885,298.30073223640113,6.5,0
34.0,2,charge,0.1864995451075645,3.7054504018642556,298.32855086958847,7.5,0
34.0,3,charge,0.5225793408775464,3.9016865364613116,298.17837447184235,3.0,0
35.0,1,charge,0.342714356352135,3.8020534113884574,298.3053973274588,6.5,0
35.0,2,charge,0.18701794064455557,3.7065274916729765,298.33406480555504,7.5,0
35.0,3,charge,0.5227964609864877,3.90216356955576,298.17924052516037,3.0,0
36.0,1,charge,0.3431384469995303,3.8030175225343257,298.3100716882768,6.5,0
36.0,2,charge,0.18753633618154672,3.7075860911718834,298.339589611358,7.5,0
36.0,3,charge,0.5230135810954281,3.9026320172000855,298.1801077625971,3.0,0
37.0,1,charge,0.34356253764692396,3.8039654497192608,298.3147550102956,6.5,0
37.0,2,charge,0.18805473171853782,3.708626713573535,298.345124935302,7.5,0
37.0,3,charge,0.5232307012043658,3.9030921825298686,298.1809761438653,3.0,0
38.0,1,charge,0.34398662829431925,3.804897653408745,298.31944699055595,6.5,0
38.0,2,charge,0.1885731272555283,3.7096498611996305,298.3506704304523,7.5,0
38.0,3,charge,0.5234478213133061,3.9035443475840976,298.18184562972704,3.0,0
39.0,1,charge,0.34441071894171293,3.8058145820555973,298.3241473319075,6.5,0
39.0,2,charge,0.18909152279251937,3.7106560260591572,298.35622575498957,7.5,0
39.0,3,charge,0.5236649414222465,3.9039887881207744,298.18271618205,3.0,0
40.0,1,charge,0.34483480958910817,3.8067166724177675,298.32885574313417,6.5,0
40.0,2,charge,0.1896099183295105,3.7116456902838486,298.3617905725193,7.5,0
40.0,3,charge,0.5238820615311843,3.9044257620169933,298.1835877637256,3.0,0
41.0,1,charge,0.3452589002365019,3.8076043502723964,298.3335719390876,6.5,0
41.0,2,charge,0.19012831386650145,3.7126193264529386,298.36736455233756,7.5,0
41.0,3,charge,0.5240991816401248,3.9048555178992688,298.18446033869475,3.0,0
42.0,1,charge,0.3456829908838972,3.80847803075327,298.3382956407873,6.5,0
42.0,2,charge,0.19064670940349254,3.7135773978329834,298.3729473696572,7.5,0
42.0,3,charge,0.5243163017490662,3.905278293240266,298.1853338719143,3.0,0
43.0,1,charge,0.3461070815312894,3.809338118815198,298.343026575515,6.5,0
43.0,2,charge,0.19116510494048364,3.714520358553292,298.3785387057978,7.5,0
43.0,3,charge,0.5245334218580066,3.905694314268481,298.1862083293345,3.0,0
44.0,1,charge,0.34653117217868473,3.8101850092907643,298.3477644768308,6.5,0
44.0,2,charge,0.19168350047747476,3.7154486537400198,298.3841382483421,7.5,0
44.0,3,charge,0.5247505419669444,3.9061037989012357,298.18708367789554,3.0,0
45.0,1,charge,0.3469552628260784,3.81101908718243,298.3525090846165,6.5,0
45.0,2,charge,0.1922018960144646,3.7163627196174387,298.38974569126117,7.5,0
45.0,3,charge,0.5249676620758845,3.906506955484276,298.1879598854918,3.0,0
46.0,1,charge,0.34737935347347376,3.811840727909284,298.3572601450941,6.5,0
46.0,2,charge,0.19272029155145567,3.717262983785772,298.3953607350221,7.5,0
46.0,3,charge,0.525184782184826,3.9069039845718523,298.1888369209675,3.0,0
47.0,1,charge,0.3478034441208674,3.8126502974576053,298.3620174108134,6.5,0
47.0,2,charge,0.19323868708844588,3.718149867084314,298.40098308673697,7.5,0
47.0,3,charge,0.5254019022937663,3.9072950773690716,298.18971475407625,3.0,0
48.0,1,charge,0.3482275347682626,3.8134481525560457,298.3667806406167,6.5,0
48.0,2,charge,0.1937570826254367,3.7190237778283954,298.406612459991,7.5,0
48.0,3,charge,0.5256190224027041,3.907680419931877,298.19059335549247,3.0,0
49.0,1,charge,0.34865162541565636,3.8142346408375367,298.3715495996042,6.5,0
49.0,2,charge,0.19427547816242752,3.7198851151793804,298.41224857495786,7.5,0
49.0,3,charge,0.5258361425116443,3.9080601919849496,298.191472696777,3.0,0
50.0,1,charge,0.34907571606305166,3.81501010100736,298.37632405909386,6.5,0
50.0,2,charge,0.19479387369941858,3.7207342709763616,298.41789115849537,7.5,0
50.0,3,charge,0.5260532626205848,3.9084345618756418,298.1923527503247,3.0,0
51.0,1,charge,0.34949980671044495,3.815774862993834,298.3811037965598,6.5,0
51.0,2,charge,0.19531226923640907,3.721571629881148,298.42353994409774,7.5,0
51.0,3,charge,0.5262703827295226,3.90880369503211,298.1932334893938,3.0,0
52.0,1,charge,0.34992389735784035,3.816529248077366,298.3858885955551,6.5,0
52.0,2,charge,0.19583066477340016,3.7223975669965848,298.42919467185135,7.5,0
52.0,3,charge,0.5264875028384629,3.909167753608542,298.1941148880821,3.0,0
53.0,1,charge,0.350347988005234,3.8172735690370905,298.3906782456331,6.5,0
53.0,2,charge,0.19634906031039126,3.723212449468223,298.43485508844145,7.5,0
53.0,3,charge,0.5267046229474042,3.9095268915313186,298.1949969212747,3.0,0
54.0,1,charge,0.3507720786526293,3.8180081303004973,298.39547254226216,6.5,0
54.0,2,charge,0.1968674558473824,3.7240166359994253,298.44052094703073,7.5,0
54.0,3,charge,0.5269217430563445,3.9098812510523517,298.19587956460396,3.0,0
55.0,1,charge,0.35119616930002306,3.818733228087159,298.4002712867301,6.5,0
55.0,2,charge,0.19738585138437337,3.7248104764396595,298.44619200723673,7.5,0
55.0,3,charge,0.5271388631652824,3.910230978980746,298.19676279451744,3.0,0
56.0,1,charge,0.3516202599474183,3.8194491505572756,298.4050742860454,6.5,0
56.0,2,charge,0.19790424692136452,3.7255943117716894,298.45186803506806,7.5,0
56.0,3,charge,0.5273559832742227,3.9105762147220497,298.1976465881892,3.0,0
57.0,1,charge,0.352044350594812,3.8201561779608157,298.40988135283294,6.5,0
57.0,2,charge,0.19842264245835556,3.7263684755047555,298.4575488027837,7.5,0
57.0,3,charge,0.5275731033831641,3.9109170862957194,298.1985309234914,3.0,0
58.0,1,charge,0.35246844124220733,3.8208545827901226,298.41469230522597,6.5,0
58.0,2,charge,0.19894103799534535,3.7271332927543357,298.4632340888471,7.5,0
58.0,3,charge,0.5277902234921008,3.9112537229728286,298.19941577901693,3.0,0
59.0,1,charge,0.352892531889601,3.8215446299340705,298.4195069667548,6.5,0
59.0,2,charge,0.19945943353233644,3.727889080296131,298.4689236778547,7.5,0
59.0,3,charge,0.5280073436010413,3.9115862489334714,298.2003011340363,3.0,0
60.0,1,charge,0.35331662253699453,3.8222265768320423,298.4243251662331,6.5,0
60.0,2,charge,0.1999778290693276,3.7286361484342203,298.4746173603015,7.5,0
60.0,3,charge,0.5282244637099827,3.9119147829016683,298.2011869684871,3.0,0
61.0,1,charge,0.35374071318438993,3.822900673632564,298.4291467376423,6.5,0
61.0,2,charge,0.20049622460631858,3.7293747965274644,298.48031493284833,7.5,0
61.0,3,charge,0.5284415838189231,3.9122394386820813,298.20207326295747,3.0,0
62.0,1,charge,0.35416480383178356,3.823567163350642,298.43397152001415,6.5,0
62.0,2,charge,0.20101462014330973,3.7301053204200176,298.48601619754737,7.5,0
62.0,3,charge,0.528658703927861,3.9125603277910423,298.2029599986441,3.0,0
63.0,1,charge,0.35458889447917896,3.824226282026896,298.4387993573129,6.5,0
63.0,2,charge,0.20153301568030071,3.7308280024703713,298.49172096270485,7.5,0
63.0,3,charge,0.5288758240368013,3.9128775574718513,298.20384715735344,3.0,0
64.0,1,charge,0.3550129851265726,3.824878258888039,298.4436300983165,6.5,0
64.0,2,charge,0.2020514112172918,3.7315431233952534,298.4974290415715,7.5,0
64.0,3,charge,0.5290929441457427,3.913191230817664,298.2047347215272,3.0,0
65.0,1,charge,0.3554370757739679,3.8255233165058913,298.44846359649785,6.5,0
65.0,2,charge,0.2025698067542829,3.7322509521504896,298.50314025333626,7.5,0
65.0,3,charge,0.5293100642546829,3.9135014482817776,298.2056226741293,3.0,0
66.0,1,charge,0.35586116642136156,3.8261616709584585,298.4532997099065,6.5,0
66.0,2,charge,0.20308820229127342,3.732951752705831,298.5088544222472,7.5,0
66.0,3,charge,0.5295271843636207,3.913808307002136,298.2065109986919,3.0,0
67.0,1,charge,0.35628525706875697,3.8267935319888573,298.45813830105106,6.5,0
67.0,2,charge,0.2036065978282645,3.7336457822686473,298.51457137776754,7.5,0
67.0,3,charge,0.529744304472561,3.914111900271095,298.2073996793079,3.0,0
68.0,1,charge,0.35670934771615054,3.8274191031641753,298.46297923678117,6.5,0
68.0,2,charge,0.2041249933652556,3.7343332906556137,298.52029095449694,7.5,0
68.0,3,charge,0.5299614245815025,3.9144123183661605,298.2082887005952,3.0,0
69.0,1,charge,0.357133438363546,3.8280385820340257,298.4678223881721,6.5,0
69.0,2,charge,0.20464338890224656,3.73501452084827,298.5260129919744,7.5,0
69.0,3,charge,0.5301785446904429,3.9147096495962326,298.2091780476543,3.0,0
70.0,1,charge,0.35755752901093957,3.828652160286327,298.47266763041,6.5,0
70.0,2,charge,0.2051617844392377,3.7356897099200106,298.53173733458186,7.5,0
70.0,3,charge,0.5303956647993795,3.915003979070767,298.21006770608847,3.0,0
71.0,1,charge,0.3579816196583346,3.8292600239031636,298.47751484267815,6.5,0
71.0,2,charge,0.20568017997622876,3.736359086967636,298.5374638314961,7.5,0
71.0,3,charge,0.530612784908321,3.9152953873800707,298.2109576620146,3.0,0
72.0,1,charge,0.3584057103057282,3.8298623533438505,298.482363908038,6.5,0
72.0,2,charge,0.2061985755132199,3.7370228757745942,298.5431923364813,7.5,0
72.0,3,charge,0.5308299050172615,3.9155839546763183,298.2118479019652,3.0,0
73.0,1,charge,0.35882980095312356,3.830459323656818,298.48721471332897,6.5,0
73.0,2,charge,0.20671697105021097,3.7376812930059007,298.5489227078149,7.5,0
73.0,3,charge,0.5310470251261993,3.915869757967322,298.21273841293055,3.0,0
74.0,1,charge,0.35925389160051713,3.8310511045911864,298.4920671490702,6.5,0
74.0,2,charge,0.2072353665872021,3.738334549460303,298.554654808185,7.5,0
74.0,3,charge,0.5312641452351397,3.916152870928411,298.21362918236485,3.0,0
75.0,1,charge,0.3596779822479126,3.831637860786856,298.49692110934313,6.5,0
75.0,2,charge,0.20775376212419316,3.738982849903831,298.5603885045144,7.5,0
75.0,3,charge,0.531481265344081,3.916433365237756,298.21452019812614,3.0,0
76.0,1,charge,0.36010207289530616,3.8322197521078314,298.5017764916348,6.5,0
76.0,2,charge,0.20827215766118432,3.739626393347196,298.56612366789676,7.5,0
76.0,3,charge,0.5316983854530214,3.916711310600266,298.21541144846384,3.0,0
77.0,1,charge,0.3605261635427016,3.832796933628864,298.50663319678046,6.5,0
77.0,2,charge,0.2087905531981753,3.740265372403834,298.57186017348226,7.5,0
77.0,3,charge,0.531915505561959,3.916986774238289,298.21630292203525,3.0,0
78.0,1,charge,0.36095025419009363,3.8333695554051244,298.51149112896485,6.5,0
78.0,2,charge,0.20930894873516634,3.7408999744381273,298.57759790033396,7.5,0
78.0,3,charge,0.5321326256708994,3.9172598209672653,298.2171946079115,3.0,0
79.0,1,charge,0.3613743448374891,3.8339377633442906,298.51635019541953,6.5,0
79.0,2,charge,0.2098273442721575,3.7415303823368657,298.58333673129863,7.5,0
79.0,3,charge,0.5323497457798407,3.9175305139268595,298.2180864954839,3.0,0
80.0,1,charge,0.3617984354848827,3.8345016980480633,298.5212103066922,6.5,0
80.0,2,charge,0.210345739809148,3.742156774352873,298.5890765529016,7.5,0
80.0,3,charge,0.5325668658887812,3.9177989141883014,298.21897857451165,3.0,0
81.0,1,charge,0.3622225261322781,3.835061496966274,298.52607137597454,6.5,0
81.0,2,charge,0.21086413534613907,3.742779322833387,298.5948172553292,7.5,0
81.0,3,charge,0.5327839859977189,3.9180650806341557,298.21987083514324,3.0,0
82.0,1,charge,0.36264661677967175,3.8356172927069268,298.5309333195302,6.5,0
82.0,2,charge,0.2113825308831302,3.743398192713734,298.6005587324184,7.5,0
82.0,3,charge,0.5330011061066594,3.9183290705887197,298.2207632678231,3.0,0
83.0,1,charge,0.3630707074270672,3.8361692154499547,298.53579605593416,6.5,0
83.0,2,charge,0.21190092642012118,3.7440135481561834,298.6063008811837,7.5,0
83.0,3,charge,0.5332182262155998,3.9185909396452514,298.22165586331806,3.0,0
84.0,1,charge,0.36349479807446067,3.83671738838846,298.5406595074227,6.5,0
84.0,2,charge,0.2124193219571123,3.744625546446934,298.6120436020822,7.5,0
84.0,3,charge,0.5334353463245376,3.918850741490581,298.22254861272546,3.0,0
85.0,1,charge,0.3639188887218562,3.8372619325402146,298.54552359833957,6.5,0
85.0,2,charge,0.2129377174941034,3.745234338949489,298.6177867988704,7.5,0
85.0,3,charge,0.533652466433478,3.919108527923808,298.2234415074637,3.0,0
86.0,1,charge,0.3643429793692497,3.83780296790633,298.5503882547225,6.5,0
86.0,2,charge,0.21345611303109294,3.7458400741371123,298.6235303783184,7.5,0
86.0,3,charge,0.5338695865424193,3.919364349657875,298.22433453920684,3.0,0
87.0,1,charge,0.36476707001664516,3.838340605222478,298.5552534068928,6.5,0
87.0,2,charge,0.21397450856808406,3.7464428953623234,298.6292742502799,7.5,0
87.0,3,charge,0.5340867066513595,3.919618255753808,298.2252276999209,3.0,0
88.0,1,charge,0.36519116066403834,3.8388749532920667,298.56011898706356,6.5,0
88.0,2,charge,0.21449290410507518,3.747042941624273,298.63501832755605,7.5,0
88.0,3,charge,0.5343038267602975,3.919870293215925,298.22612098188256,3.0,0
89.0,1,charge,0.36561525131143385,3.839406121047525,298.56498492862414,6.5,0
89.0,2,charge,0.21501129964206625,3.7476403477158904,298.64076252577456,7.5,0
89.0,3,charge,0.5345209468692377,3.92012050815984,298.2270143775962,3.0,0
90.0,1,charge,0.36603934195882737,3.839934211490382,298.5698511680829,6.5,0
90.0,2,charge,0.2155296951790574,3.7482352444644023,298.6465067633233,7.5,0
90.0,3,charge,0.534738066978179,3.920368945134359,298.2279078798319,3.0,0
90.0,1,charge,0.3660393419588281,3.839934211490382,298.5698511680829,6.0,1
90.0,1,charge,0.36603934195882737,3.8322936315642497,298.5698511680829,6.0,1
90.0,2,charge,0.21552969517905776,3.7482352444644023,298.6465067633233,7.5,1
90.0,2,charge,0.2155296951790574,3.7482352444644023,298.6465067633233,7.5,1
90.0,3,charge,0.5347380669781784,3.920368945134359,298.2279078798319,3.0,1
90.0,3,charge,0.534738066978179,3.920368945134359,298.2279078798319,3.0,1
91.0,1,charge,0.3664308102487298,3.8323086973537377,298.57412459368703,6.0,1
91.0,2,charge,0.21604809071604836,3.748827747597538,298.65225095931316,7.5,1
91.0,3,charge,0.5349551870871194,3.9206156348667287,298.228801482309,3.0,1
92.0,1,charge,0.366822278538632,3.8324718981774835,298.5783945911186,6.0,1
92.0,2,charge,0.21656648625303948,3.749418010737327,298.6579950369301,7.5,1
92.0,3,charge,0.5351723071960572,3.9208606529816548,298.22969517518925,3.0,1
93.0,1,charge,0.3672137468285355,3.8326929906702576,298.58266128613514,6.0,1
93.0,2,charge,0.21708488179003058,3.7500061395720996,298.6637389219851,7.5,1
93.0,3,charge,0.5353894273049976,3.9211040147177547,298.2305889551628,3.0,1
94.0,1,charge,0.3676052151184377,3.8329456840865515,298.58692480467715,6.0,1
94.0,2,charge,0.21760327732702112,3.7505922405944236,298.6694825481872,7.5,1
94.0,3,charge,0.5356065474139381,3.921345762866835,298.23148281527097,3.0,1
95.0,1,charge,0.3679966834083401,3.8332189251750597,298.5911852625021,6.0,1
95.0,2,charge,0.21812167286401224,3.7511764225145585,298.6752258484487,7.5,1
95.0,3,charge,0.5358236675228759,3.921585936451538,298.2323767492878,3.0,1
96.0,1,charge,0.36838815169824224,3.833507072673184,298.59544276565964,6.0,1
96.0,2,charge,0.21864006840100328,3.7517587973146083,298.68096875419724,7.5,1
96.0,3,charge,0.5360407876318163,3.9218245698273395,298.233270751813,3.0,1
97.0,1,charge,0.3687796199881464,3.8338066721976265,298.599697411525,6.0,1
97.0,2,charge,0.2191584639379943,3.75233947020896,298.686711200908,7.5,1
97.0,3,charge,0.5362579077407577,3.922061698643348,298.2341648172419,3.0,1
98.0,1,charge,0.3691710882780485,3.8341154021469395,298.6039492897526,6.0,1
98.0,2,charge,0.2196768594749854,3.7529185466617525,298.69245312439887,7.5,1
98.0,3,charge,0.536475027849698,3.922297358762216,298.2350589399496,3.0,1
99.0,1,charge,0.369562556567951,3.834431747224176,298.6081984830445,6.0,1
99.0,2,charge,0.2201952550119765,3.7534961248652134,298.69819446475407,7.5,1
99.0,3,charge,0.5366921479586358,3.9225315844345876,298.2359531146064,3.0,1
100.0,1,charge,0.3699540248578531,3.834754552134404,298.6124450678533,6.0,1
100.0,2,charge,0.22071365054896763,3.754072300183429,298.7039351639407,7.5,1
100.0,3,charge,0.536909268067576,3.9227644064305847,298.23684733651464,3.0,1
101.0,1,charge,0.37034549314775667,3.835082905143876,298.61668911500595,6.0,1
101.0,2,charge,0.2212320460859587,3.754647166943487,298.7096751648176,7.5,1
101.0,3,charge,0.5371263881765174,3.9229958599693022,298.2377416001639,3.0,1
102.0,1,charge,0.37073696143765883,3.835416057351437,298.62093069024286,6.0,1
102.0,2,charge,0.22175044162294982,3.7552208129336138,298.7154144140388,7.5,1
102.0,3,charge,0.5373435082854577,3.923225975676579,298.23863590088365,3.0,1
103.0,1,charge,0.37112842972756127,3.835753427436508,298.6251698546755,6.0,1
103.0,2,charge,0.22226883715994095,3.7557933246121302,298.7211528592819,7.5,1
103.0,3,charge,0.5375606283943956,3.923454780986883,298.23953023458654,3.0,1
104.0,1,charge,0.3715198980174635,3.8360945728462985,298.6294066651911,6.0,1
104.0,2,charge,0.22278723269693204,3.7563647866569045,298.72689044942746,7.5,1
104.0,3,charge,0.537777748503336,3.923682310447112,298.24042459587554,3.0,1
105.0,1,charge,0.3719113663073657,3.8364391150089485,298.63364117482826,6.0,1
105.0,2,charge,0.22330562823392305,3.7569352786608725,298.7326271363627,7.5,1
105.0,3,charge,0.5379948686122775,3.923908588776518,298.2413189811687,3.0,1
106.0,1,charge,0.37230283459726815,3.83678670246789,298.6378734331234,6.0,1
106.0,2,charge,0.22382402377091418,3.757504879087425,298.7383628728139,7.5,1
106.0,3,charge,0.5382119887212141,3.9241336437416185,298.2422133863149,3.0,1
107.0,1,charge,0.3726943028871703,3.8371370288150795,298.64210348641603,6.0,1
107.0,2,charge,0.22434241930790522,3.7580736642482795,298.7440976128591,7.5,1
107.0,3,charge,0.5384291088301546,3.924357506115679,298.2431078066015,3.0,1
108.0,1,charge,0.37308577117707376,3.837489843758002,298.64633137811495,6.0,1
108.0,2,charge,0.22486081484489634,3.75864170598628,298.74983131322773,7.5,1
108.0,3,charge,0.538646228939096,3.92458019560402,298.2440022393802,3.0,1
109.0,1,charge,0.3734772394669759,3.837844934722204,298.6505571489386,6.0,1
109.0,2,charge,0.22537921038188688,3.7592090744604527,298.7555639317396,7.5,1
109.0,3,charge,0.5388633490480365,3.9248017414794805,298.2448966802084,3.0,1
110.0,1,charge,0.37386870775687836,3.8382021084118287,298.65478083713754,6.0,1
110.0,2,charge,0.225897605918878,3.759775837842098,298.7612954274217,7.5,1
110.0,3,charge,0.5390804691569742,3.9250221692759126,298.24579112534,3.0,1
111.0,1,charge,0.3742601760467806,3.8385611954905214,298.6590024786895,6.0,1
111.0,2,charge,0.22641600145586913,3.7603420638347935,298.7670257596634,7.5,1
111.0,3,charge,0.5392975892659145,3.925241498312693,298.2466855721949,3.0,1
112.0,1,charge,0.37465164433668474,3.8389220370951405,298.6632221075026,6.0,1
112.0,2,charge,0.2269343969928601,3.7609078132693368,298.7727548918504,7.5,1
112.0,3,charge,0.539514709374856,3.925459755590524,298.24758001674195,3.0,1
113.0,1,charge,0.37504311262658685,3.839284498465778,298.6674397555684,6.0,1
113.0,2,charge,0.22745279252985123,3.761473150661777,298.77848278527705,7.5,1
113.0,3,charge,0.5397318294837963,3.925676962929084,298.2484744559224,3.0,1
114.0,1,charge,0.3754345809164893,3.8396484616041313,298.6716554530948,6.0,1
114.0,2,charge,0.22797118806684233,3.762038132637354,298.7842094058711,7.5,1
114.0,3,charge,0.5399489495927339,3.9258931399979486,298.2493688870792,3.0,1
115.0,1,charge,0.3758260492063915,3.8400138141866584,298.6758692287005,6.0,1
115.0,2,charge,0.22848958360383345,3.762602817037294,298.78993471879926,7.5,1
115.0,3,charge,0.5401660697016744,3.9261083112089548,298.25026330665514,3.0,1
116.0,1,charge,0.376217517496295,3.840380464839505,298.68008110944857,6.0,1
116.0,2,charge,0.22900797914082285,3.763167258367349,298.795658691215,7.5,1
116.0,3,charge,0.5403831898106158,3.926322495057754,298.25115771220555,3.0,1
117.0,1,charge,0.3766089857861971,3.840748326706139,298.68429112101506,6.0,1
117.0,2,charge,0.229526374677814,3.7637315087497307,298.80138129164476,7.5,1
117.0,3,charge,0.5406003099195524,3.9265357117776505,298.2520521009534,3.0,1
118.0,1,charge,0.3770004540760997,3.841117321748548,298.68849928778144,6.0,1
118.0,2,charge,0.2300447702148051,3.7642956186693706,298.8071024895248,7.5,1
118.0,3,charge,0.5408174300284928,3.9267479833275756,298.2529464697905,3.0,1
119.0,1,charge,0.3773919223660017,3.8414873770420157,298.69270563291576,6.0,1
119.0,2,charge,0.2305631657517962,3.7648596389238254,298.8128222542522,7.5,1
119.0,3,charge,0.5410345501374343,3.926959324999029,298.25384081686275,3.0,1
120.0,1,charge,0.37778339065590394,3.8418584293544114,298.6969101784432,6.0,1
120.0,2,charge,0.23108156128878718,3.765423614554578,298.81854055828035,7.5,1
120.0,3,charge,0.5412516702463748,3.9271697578633464,298.25473513922054,3.0,1
121.0,1,charge,0.37817485894580605,3.84223041754203,298.7011129453849,6.0,1
121.0,2,charge,0.23159995682577827,3.765987589099307,298.8242573749138,7.5,1
121.0,3,charge,0.5414687903553124,3.927379300663726,298.2556294343488,3.0,1
122.0,1,charge,0.37856632723570854,3.8426032845430096,298.7053139538043,6.0,1
122.0,2,charge,0.2321183523627694,3.766551604019523,298.82997267858957,7.5,1
122.0,3,charge,0.5416859104642526,3.927587968084939,298.2565237004921,3.0,1
123.0,1,charge,0.3789577955256121,3.8429769877636466,298.7095132227461,6.0,1
123.0,2,charge,0.23263674789975997,3.7671157038047234,298.83568644222026,7.5,1
123.0,3,charge,0.541903030573194,3.9277957798147467,298.2574179349485,3.0,1
124.0,1,charge,0.37934926381551415,3.8433514724642492,298.7137107706557,6.0,1
124.0,2,charge,0.233155143436751,3.7676799258438542,298.8413986424445,7.5,1
124.0,3,charge,0.5421201506821344,3.928002752076364,298.25831213566283,3.0,1
125.0,1,charge,0.3797407321054167,3.843726704111041,298.7179066148954,6.0,1
125.0,2,charge,0.23367353897374216,3.768244307945671,298.8471092557106,7.5,1
125.0,3,charge,0.5423372707910722,3.9282088996167763,298.25920630085284,3.0,1
126.0,1,charge,0.3801322003953188,3.844102642625227,298.7221007722882,6.0,1
126.0,2,charge,0.23419193451073314,3.768808887474938,298.85281825871874,7.5,1
126.0,3,charge,0.5425543909000126,3.9284142404097726,298.2601004281258,3.0,1
127.0,1,charge,0.38052366868522086,3.8444792508385297,298.72629325896077,6.0,1
127.0,2,charge,0.23471033004772426,3.7693736986172484,298.8585256298367,7.5,1
127.0,3,charge,0.5427715110089529,3.9286187883495076,298.2609945158488,3.0,1
128.0,1,charge,0.38091513697512513,3.844856501195373,298.7304840901726,6.0,1
128.0,2,charge,0.23522872558471536,3.769938774621104,298.8642313479143,7.5,1
128.0,3,charge,0.5429886311178908,3.928822558521513,298.26188856216197,3.0,1
129.0,1,charge,0.38130660526502724,3.8452343629493964,298.7346732807993,6.0,1
129.0,2,charge,0.23574712112170648,3.7705041471574647,298.8699353926175,7.5,1
129.0,3,charge,0.5432057512268311,3.929025567202336,298.26278256497784,3.0,1
130.0,1,charge,0.3816980735549298,3.8456128096519393,298.73886084496155,6.0,1
130.0,2,charge,0.23626551665869755,3.7710698461114243,298.87563774454225,7.5,1
130.0,3,charge,0.5434228713357726,3.929227826044536,298.2636765230675,3.0,1
131.0,1,charge,0.38208954184483185,3.845991816785957,298.7430467962904,6.0,1
131.0,2,charge,0.2367839121956887,3.771635900216073,298.88133838483037,7.5,1
131.0,3,charge,0.5436399914447131,3.9294293506961,298.26457043445276,3.0,1
132.0,1,charge,0.3824810101347354,3.846371361526682,298.74723114790015,6.0,1
132.0,2,charge,0.2373023077326798,3.772202336359176,298.88703729558165,7.5,1
132.0,3,charge,0.5438571115536506,3.929630155191604,298.2654642974519,3.0,1
133.0,1,charge,0.38287247842463745,3.8467514224676576,298.75141391237196,6.0,1
133.0,2,charge,0.23782070326967078,3.772769179900825,298.8927344596584,7.5,1
133.0,3,charge,0.544074231662591,3.9298302507465843,298.26635811090176,3.0,1
134.0,1,charge,0.38326394671454,3.8471319791931977,298.7555951018759,6.0,1
134.0,2,charge,0.2383390988066619,3.773336455610484,298.8984298601458,7.5,1
134.0,3,charge,0.5442913517715323,3.930029652038246,298.2672518729934,3.0,1
135.0,1,charge,0.3836554150044421,3.8475130140255724,298.75977472808916,6.0,1
135.0,2,charge,0.23885749434365297,3.773904185861473,298.90412348137806,7.5,1
135.0,3,charge,0.5445084718804727,3.930228371340053,298.26814558235816,3.0,1
136.0,1,charge,0.3840468832943442,3.84789450962114,298.76395280231065,6.0,1
136.0,2,charge,0.2393758898806441,3.7744723921140215,298.9098153080894,7.5,1
136.0,3,charge,0.5447255919894105,3.930426419895449,298.2690392378138,3.0,1
137.0,1,charge,0.3844383515842464,3.8482764498507307,298.76812933544466,6.0,1
137.0,2,charge,0.2398942854176347,3.7750410950876887,298.915505325315,7.5,1
137.0,3,charge,0.544942712098351,3.9306238111816096,298.2699328377622,3.0,1
138.0,1,charge,0.3848298198741489,3.8486588208399146,298.77230433796336,6.0,1
138.0,2,charge,0.2404126809546258,3.775610313280376,298.9211935192271,7.5,1
138.0,3,charge,0.5451598322072924,3.9308205558417013,298.2708263811216,3.0,1
139.0,1,charge,0.38522128816405243,3.8490416089017874,298.7764778200519,6.0,1
139.0,2,charge,0.2409310764916169,3.7761800646091688,298.92687987619564,7.5,1
139.0,3,charge,0.5453769523162327,3.9310166653392034,298.27171986665655,3.0,1
140.0,1,charge,0.3856127564539546,3.8494248015493433,298.7806497914858,6.0,1
140.0,2,charge,0.241449472028608,3.7767503658030828,298.93256438313495,7.5,1
140.0,3,charge,0.5455940724251706,3.9312121519631407,298.2726132929767,3.0,1
141.0,1,charge,0.38600422474385704,3.849808387288481,298.7848202617416,6.0,1
141.0,2,charge,0.24196786756559902,3.7773212318784517,298.9382470278046,7.5,1
141.0,3,charge,0.5458111925341111,3.9314070247819233,298.2735066592743,3.0,1
142.0,1,charge,0.3863956930337591,3.8501923554182476,298.7889892399844,6.0,1
142.0,2,charge,0.24248626310259014,3.7778926774097923,298.94392779805935,7.5,1
142.0,3,charge,0.5460283126430525,3.931601295638891,298.2743999642338,3.0,1
143.0,1,charge,0.3867871613236635,3.8505766957605494,298.7931567350522,6.0,1
143.0,2,charge,0.24300465863958126,3.778464715359095,298.9496066825454,7.5,1
143.0,3,charge,0.5462454327519929,3.931794975253133,298.27529320674,3.0,1
144.0,1,charge,0.38717862961356564,3.85096139887015,298.7973227555249,6.0,1
144.0,2,charge,0.24352305417657052,3.7790373575306457,298.95528367042544,7.5,1
144.0,3,charge,0.5464625528609296,3.9319880723700944,298.27618638603053,3.0,1
145.0,1,charge,0.38757009790346814,3.8513464561275295,298.8014873096877,6.0,1
145.0,2,charge,0.24404144971356165,3.7796106152114346,298.9609587509867,7.5,1
145.0,3,charge,0.5466796729698711,3.932180598150535,298.27707950090405,3.0,1
146.0,1,charge,0.38796156619337024,3.8517318592831042,298.80565040557485,6.0,1
146.0,2,charge,0.2445598452505528,3.780184497981749,298.96663191436886,7.5,1
146.0,3,charge,0.5468967930788114,3.932372562072001,298.2779725504583,3.0,1
147.0,1,charge,0.38835303448327374,3.8521176007259923,298.8098120509633,6.0,1
147.0,2,charge,0.2450782407875439,3.7807590146943504,298.9723031509619,7.5,1
147.0,3,charge,0.5471139131877493,3.9325639728861286,298.27886553391767,3.0,1
148.0,1,charge,0.3887445027731758,3.8525036738500456,298.81397225335877,6.0,1
148.0,2,charge,0.2455966363245349,3.7813341735783226,298.9779724513408,7.5,1
148.0,3,charge,0.5473310332966896,3.932754840907621,298.27975845022405,3.0,1
149.0,1,charge,0.38913597106307823,3.8528900717644716,298.8181310200903,6.0,1
149.0,2,charge,0.246115031861526,3.7819099811924746,298.98363980691465,7.5,1
149.0,3,charge,0.547548153405631,3.932945174275591,298.280651298702,3.0,1
150.0,1,charge,0.3895274393529804,3.853276788027828,298.82228835827095,6.0,1
150.0,2,charge,0.2466334273985171,3.782486443207969,298.9893052094418,7.5,1
150.0,3,charge,0.5477652735145716,3.9331349817074868,298.28154407857113,3.0,1
151.0,1,charge,0.38991890764288256,3.8536638165707995,298.82644427480454,6.0,1
151.0,2,charge,0.24715182293550822,3.7830635642798374,298.99496865110996,7.5,1
151.0,3,charge,0.5479823936235091,3.93332427254982,298.28243678893693,3.0,1
152.0,1,charge,0.39031037593278456,3.854051153584427,298.83059877619587,6.0,1
152.0,2,charge,0.24767021847249882,3.783641349536464,299.0006301236092,7.5,1
152.0,3,charge,0.5481995137324494,3.9335130557355953,298.28332942897526,3.0,1
153.0,1,charge,0.3907018442226867,3.854438792917689,298.8347518690331,6.0,1
153.0,2,charge,0.24818861400948994,3.7842198013587494,299.0062896201413,7.5,1
153.0,3,charge,0.5484166338413909,3.933701339015827,298.2842219980649,3.0,1
154.0,1,charge,0.3910933125125892,3.8548267293664287,298.83890355965275,6.0,1
154.0,2,charge,0.248707009546481,3.78479892175545,299.01194713393954,7.5,1
154.0,3,charge,0.5486337539503313,3.933889129995138,298.28511449560756,3.0,1
155.0,1,charge,0.39148478080249133,3.8552149577305705,298.843053854243,6.0,1
155.0,2,charge,0.2492254050834721,3.7853787117649476,299.01760265864414,7.5,1
155.0,3,charge,0.5488508740592689,3.9340764373932946,298.2860069208086,3.0,1
156.0,1,charge,0.3918762490923947,3.855603475988713,298.8472027584942,6.0,1
156.0,2,charge,0.2497438006204631,3.78595917262776,299.02325618756737,7.5,1
156.0,3,charge,0.5490679941682095,3.9342632692138695,298.28689927299547,3.0,1
157.0,1,charge,0.3922677173822969,3.855992279273803,298.8513502782776,6.0,1
157.0,2,charge,0.25026219615745426,3.7865403039937275,299.02890771482305,7.5,1
157.0,3,charge,0.5492851142771509,3.934449632984303,298.28779155157355,3.0,1
158.0,1,charge,0.3926591856721993,3.8563813633404567,298.8554964192627,6.0,1
158.0,2,charge,0.2507805916944454,3.7871221044871906,299.0345572349728,7.5,1
158.0,3,charge,0.5495022343860875,3.934635535681015,298.28868375603867,3.0,1
159.0,1,charge,0.3930506539621015,3.8567707242337104,298.85964118695875,6.0,1
159.0,2,charge,0.2512989872314365,3.7877045721629328,299.04020474274284,7.5,1
159.0,3,charge,0.549719354495028,3.9348209849670472,298.2895758857709,3.0,1
160.0,1,charge,0.3934421222520059,3.857160359544304,298.8637845865547,6.0,1
160.0,2,charge,0.2518173827684275,3.788287704498279,299.0458502330265,7.5,1
160.0,3,charge,0.5499364746039693,3.9350059879903805,298.29046794023503,3.0,1
161.0,1,charge,0.3938335905419085,3.857550266508982,298.8679266231675,6.0,1
161.0,2,charge,0.25233577830541865,3.7888714983771523,299.05149370089896,7.5,1
161.0,3,charge,0.5501535947129099,3.935190551759731,298.29135991891536,3.0,1
162.0,1,charge,0.3942250588318106,3.857940441706327,298.8720673018852,6.0,1
162.0,2,charge,0.25285417384240977,3.789455949667439,299.0571351418976,7.5,1
162.0,3,charge,0.5503707148218472,3.9353746832374794,298.2922518212935,3.0,1
163.0,1,charge,0.394616527121714,3.858330882324086,298.87620662760867,6.0,1
163.0,2,charge,0.25337256937940095,3.7900410537151705,299.06277455170255,7.5,1
163.0,3,charge,0.5505878349307877,3.9355583890439965,298.29314364692004,3.0,1
164.0,1,charge,0.3950079954116162,3.8587215858607733,298.88034460506935,6.0,1
164.0,2,charge,0.25389096491639207,3.790626805182062,299.0684119262436,7.5,1
164.0,3,charge,0.5508049550397293,3.9357416757034276,298.294035395355,3.0,1
165.0,1,charge,0.3953994637015186,3.8591125501137657,298.8844812388346,6.0,1
165.0,2,charge,0.2544093604533831,3.791213197754893,299.07404726187417,7.5,1
165.0,3,charge,0.5510220751486696,3.9359245496067707,298.29492706617845,3.0,1
166.0,1,charge,0.39579093199142074,3.859503772638363,298.8886165334474,6.0,1
166.0,2,charge,0.25492775599037415,3.7918002249557192,299.07968055489783,7.5,1
166.0,3,charge,0.5512391952576073,3.936107017594527,298.2958186588788,3.0,1
167.0,1,charge,0.3961824002813229,3.8598952512513693,298.89275049329945,6.0,1
167.0,2,charge,0.2554461515273653,3.7923878795528383,299.0853118019172,7.5,1
167.0,3,charge,0.5514563153665478,3.9362890856083776,298.2967101731112,3.0,1
168.0,1,charge,0.39657386857122506,3.8602869838454845,298.89688312266793,6.0,1
168.0,2,charge,0.2559645470643564,3.7929761537437714,299.09094099973015,7.5,1
168.0,3,charge,0.5516734354754892,3.9364707597187913,298.2976016085006,3.0,1
169.0,1,charge,0.3969653368611275,3.860678968287286,298.9010144256952,6.0,1
169.0,2,charge,0.2564829426013475,3.7935650387477633,299.09656814558207,7.5,1
169.0,3,charge,0.5518905555844258,3.9366520458600904,298.298492964693,3.0,1
170.0,1,charge,0.3973568051510296,3.8610712026331253,298.90514440646405,6.0,1
170.0,2,charge,0.2570013381383381,3.794154525590309,299.1021932366906,7.5,1
170.0,3,charge,0.5521076756933663,3.9368329503063935,298.2993842412648,3.0,1
171.0,1,charge,0.39774827344093305,3.861463684928344,298.9092730689471,6.0,1
171.0,2,charge,0.2575197336753292,3.794744604718723,299.10781627048493,7.5,1
171.0,3,charge,0.5523247958023076,3.9370134787264495,298.3002754379022,3.0,1
172.0,1,charge,0.3981397417308352,3.8618564132388853,298.91340041702637,6.0,1
172.0,2,charge,0.2580381292123204,3.7953352660080117,299.1134372446063,7.5,1
172.0,3,charge,0.5525419159112482,3.9371936367674483,298.30116655429055,3.0,1
173.0,1,charge,0.3985312100207376,3.86224938641723,298.9175264543663,6.0,1
173.0,2,charge,0.2585565247493115,3.7959264987588988,299.1190561569154,7.5,1
173.0,3,charge,0.5527590360201857,3.937373429997087,298.3020575901255,3.0,1
174.0,1,charge,0.39892267831063977,3.8626426023743923,298.9216511847082,6.0,1
174.0,2,charge,0.2590749202863025,3.7965182917670868,299.12467300545336,7.5,1
174.0,3,charge,0.552976156129126,3.9375528640854176,298.302948545078,3.0,1
175.0,1,charge,0.39931414660054426,3.8630360593100006,298.9257746116644,6.0,1
175.0,2,charge,0.2595933158232936,3.7971106334177294,299.13028778838617,7.5,1
175.0,3,charge,0.5531932762380674,3.9377319444565373,298.3038394188609,3.0,1
176.0,1,charge,0.3997056148904464,3.86342975540048,298.92989673877287,6.0,1
176.0,2,charge,0.2601117113602847,3.797703511600821,299.13590050406447,7.5,1
176.0,3,charge,0.553410396347008,3.9379106763742593,298.3047302112131,3.0,1
177.0,1,charge,0.4000970831803488,3.8638236887682513,298.93401756950516,6.0,1
177.0,2,charge,0.26063010689727584,3.798296913766546,299.14151115099423,7.5,1
177.0,3,charge,0.5536275164559454,3.9380890650517095,298.3056209218783,3.0,1
178.0,1,charge,0.400488551470251,3.864217857462128,298.93813710727113,6.0,1
178.0,2,charge,0.261148502434265,3.7988908269581563,299.1471197278226,7.5,1
178.0,3,charge,0.5538446365648861,3.9382671156580775,298.3065115506034,3.0,1
179.0,1,charge,0.400880019760153,3.86461225946056,298.942255355422,6.0,1
179.0,2,charge,0.26166689797125614,3.7994852377992414,299.1527262333479,7.5,1
179.0,3,charge,0.5540617566738265,3.9384448333046644,298.3074020971417,3.0,1
180.0,1,charge,0.4012714880500564,3.8650068937151207,298.9463723171023,6.0,1
180.0,2,charge,0.2621852935082472,3.8000801325378966,299.1583306665004,7.5,1
180.0,3,charge,0.5542788767827641,3.938622222959367,298.3082925612689,3.0,1
180.0,1,charge,0.4012714880500555,3.8650068937151207,298.9463723171023,6.0,2
180.0,1,charge,0.4012714880500564,3.8650068937151207,298.9463723171023,6.0,2
180.0,2,charge,0.2621852935082479,3.8000801325378966,299.1583306665004,7.5,2
180.0,2,charge,0.2621852935082472,3.8000801325378966,299.1583306665004,7.5,2
180.0,3,charge,0.5542788767827659,3.938622222959367,298.3082925612689,3.0,2
180.0,3,charge,0.5542788767827641,3.938622222959367,298.3082925612689,3.0,2
181.0,1,charge,0.40166295633995897,3.8654017357801767,298.9504879099176,6.0,2
181.0,2,charge,0.26270368904523833,3.8006754755811505,299.16393294523544,7.5,2
181.0,3,charge,0.5544959968917046,3.9387992599251787,298.30918293339505,3.0,2
182.0,1,charge,0.40205442462986113,3.86579682779158,298.95460229679037,6.0,2
182.0,2,charge,0.26322208458222934,3.801271294639691,299.16953322233735,7.5,2
182.0,3,charge,0.554713117000646,3.9389760009108588,298.3100732294069,3.0,2
183.0,1,charge,0.4024458929197631,3.86619214974609,298.95871541299397,6.0,2
183.0,2,charge,0.26374048011922047,3.801867556982339,299.1751314282123,7.5,2
183.0,3,charge,0.5549302371095864,3.9391524349138214,298.31096344414266,3.0,2
184.0,1,charge,0.4028373612096653,3.866587698877143,298.9628272571644,6.0,2
184.0,2,charge,0.26425887565621153,3.802464246584553,299.1807275615224,7.5,2
184.0,3,charge,0.555147357218524,3.9393285633032153,298.31185357577385,3.0,2
185.0,1,charge,0.40322882949956745,3.8669834737706803,298.96693783274407,6.0,2
185.0,2,charge,0.26477727119320266,3.8030613461345824,299.18632162049994,7.5,2
185.0,3,charge,0.5553644773274643,3.939504390828696,298.3127436237277,3.0,2
186.0,1,charge,0.4036202977894699,3.8673794721864763,298.9710471404084,6.0,2
186.0,2,charge,0.2652956667301933,3.803658839499904,299.19191360399157,7.5,2
186.0,3,charge,0.5555815974364057,3.939679917023081,298.3136335886117,3.0,2
187.0,1,charge,0.404011766079372,3.867775692650495,298.975155183117,6.0,2
187.0,2,charge,0.26581406226718446,3.8042567112724663,299.19750351146047,7.5,2
187.0,3,charge,0.5557987175453463,3.939855150458654,298.31452346977034,3.0,2
188.0,1,charge,0.4044032343692754,3.868172133018393,298.97926196242366,6.0,2
188.0,2,charge,0.2663324578041755,3.8048549428390332,299.203091342792,7.5,2
188.0,3,charge,0.5560158376542828,3.9400300948121902,298.3154132669934,3.0,2
189.0,1,charge,0.4047947026591775,3.8685687921788374,298.9833674819467,6.0,2
189.0,2,charge,0.26685085334116654,3.805453519088731,299.20867709780896,7.5,2
189.0,3,charge,0.5562329577632241,3.9402047485527487,298.31630298054574,3.0,2
190.0,1,charge,0.40518617094908,3.868965667554857,298.98747174264366,6.0,2
190.0,2,charge,0.26736924887815766,3.806052422583653,299.2142607765635,7.5,2
190.0,3,charge,0.5564500778721648,3.9403791246801094,298.3171926097403,3.0,2
191.0,1,charge,0.4055776392389821,3.8693627585671897,298.9915747490265,6.0,2
191.0,2,charge,0.2678876444151488,3.806651637135339,299.21984237921896,7.5,2
191.0,3,charge,0.5566671979811023,3.940553221965102,298.3180821547297,3.0,2
192.0,1,charge,0.40596910752888665,3.869760061976984,298.995676501079,6.0,2
192.0,2,charge,0.2684060399521399,3.8072511455416884,299.22542190604923,7.5,2
192.0,3,charge,0.5568843180900428,3.940727040832633,298.31897161557646,3.0,2
193.0,1,charge,0.40636057581878876,3.8701575781918773,298.9997770046503,6.0,2
193.0,2,charge,0.26892443548913103,3.807850930857745,299.2309993573761,7.5,2
193.0,3,charge,0.5571014381989843,3.940900595591886,298.319860991678,3.0,2
194.0,1,charge,0.40675204410869126,3.870555303983024,299.0038762599742,6.0,2
194.0,2,charge,0.26944283102612204,3.8084509748285993,299.23657473398424,7.5,2
194.0,3,charge,0.5573185583079248,3.941073883636179,298.32075028321793,3.0,2
195.0,1,charge,0.4071435123985934,3.870953236373249,299.00797426782805,6.0,2
195.0,2,charge,0.26996122656311317,3.809051260251078,299.2421480362477,7.5,2
195.0,3,charge,0.5575356784168624,3.941246907764637,298.3216394901286,3.0,2
196.0,1,charge,0.4075349806884968,3.871351374686097,299.0120710321544,6.0,2
196.0,2,charge,0.2704796221001043,3.80965177015403,299.2477192644494,7.5,2
196.0,3,charge,0.5577527985258026,3.9414196707727482,298.32252861234207,3.0,2
197.0,1,charge,0.4079264489783989,3.871749717133733,299.01616655552306,6.0,2
197.0,2,charge,0.27099801763709547,3.810252485853856,299.25328841961806,7.5,2
197.0,3,charge,0.5579699186347441,3.9415921813224495,298.32341764964303,3.0,2
198.0,1,charge,0.40831791726830147,3.8721482607849893,299.0202608391134,6.0,2
198.0,2,charge,0.2715164131740866,3.8108533890287735,299.2588555026432,7.5,2
198.0,3,charge,0.5581870387436846,3.941764441266689,298.3243066019871,3.0,2
199.0,1,charge,0.4087093855582035,3.8725470039062477,299.0243538854232,6.0,2
199.0,2,charge,0.2720348087110776,3.8114544627159885,299.264420513853,7.5,2
199.0,3,charge,0.5584041588526222,3.9419364536527857,298.3251954692998,3.0,2
200.0,1,charge,0.4091008538481057,3.872945945115167,299.02844569727216,6.0,2
200.0,2,charge,0.2725532042480687,3.812055688498193,299.2699834542532,7.5,2
200.0,3,charge,0.5586212789615627,3.9421082221162673,298.3260842514918,3.0,2
201.0,1,charge,0.4094923221380078,3.8733450817589694,299.0325362765489,6.0,2
201.0,2,charge,0.2730715997850598,3.8126570469683068,299.27554432533645,7.5,2
201.0,3,charge,0.5588383990705041,3.9422797511978915,298.3269729485209,3.0,2
202.0,1,charge,0.4098837904279103,3.8737444117007005,299.03662562545907,6.0,2
202.0,2,charge,0.2735899953220509,3.813258521036193,299.2811031275653,7.5,2
202.0,3,charge,0.5590555191794407,3.9424510447690055,298.32786156031057,3.0,2
203.0,1,charge,0.4102752587178137,3.8741439331779324,299.04071374599465,6.0,2
203.0,2,charge,0.27410839085904154,3.8138600925596,299.28665986193437,7.5,2
203.0,3,charge,0.5592726392883812,3.942622106345139,298.3287500867658,3.0,2
204.0,1,charge,0.41066672700771584,3.8745436437110614,299.0448006404624,6.0,2
204.0,2,charge,0.27462678639603266,3.8144617416557347,299.2922145303206,7.5,2
204.0,3,charge,0.5594897593973226,3.9427929397230823,298.32963852780654,3.0,2
205.0,1,charge,0.4110581952976182,3.8749435409796966,299.04888631105985,6.0,2
205.0,2,charge,0.2751451819330238,3.8150634510860284,299.29776713338543,7.5,2
205.0,3,charge,0.5597068795062632,3.942963547566989,298.33052688351023,3.0,2
206.0,1,charge,0.4114496635875204,3.875343622837167,299.05297075924955,6.0,2
206.0,2,charge,0.27566357747001474,3.8156652028727795,299.30331767220343,7.5,2
206.0,3,charge,0.5599239996152007,3.9431339328584722,298.33141515390963,3.0,2
207.0,1,charge,0.41184113187742505,3.8757438867848815,299.05705398736393,6.0,2
207.0,2,charge,0.2761819730070059,3.8162669772243722,299.30886614877994,7.5,2
207.0,3,charge,0.5601411197241413,3.943304100116048,298.3323033388225,3.0,2
208.0,1,charge,0.41223260016732716,3.876144330348287,299.0611359974632,6.0,2
208.0,2,charge,0.276700368543997,3.8168687566540815,299.314412564083,7.5,2
208.0,3,charge,0.5603582398330825,3.9434740530273587,298.3331914381819,3.0,2
209.0,1,charge,0.41262406845722954,3.876544951080667,299.0652167911356,6.0,2
209.0,2,charge,0.2772187640809881,3.8174705232714823,299.31995691934634,7.5,2
209.0,3,charge,0.560575359942023,3.9436437952768064,298.3340794519212,3.0,2
210.0,1,charge,0.4130155367471317,3.876945746404034,299.0692963702986,6.0,2
210.0,2,charge,0.27773715961797923,3.818072258061603,299.32549921640185,7.5,2
210.0,3,charge,0.5607924800509604,3.943813330545662,298.3349673799735,3.0,2
211.0,1,charge,0.4134070050370351,3.877346713655564,299.07337473697595,6.0,2
211.0,2,charge,0.27825555515497036,3.8186739429354883,299.3310394567286,7.5,2
211.0,3,charge,0.5610096001599011,3.943982662512199,298.3358552222719,3.0,2
212.0,1,charge,0.41379847332693714,3.877747850179131,299.0774518928189,6.0,2
212.0,2,charge,0.2787739506919596,3.8192755603791086,299.33657764162194,7.5,2
212.0,3,charge,0.5612267202688425,3.944151793602493,298.33674297889,3.0,2
213.0,1,charge,0.4141899416168393,3.878149153263549,299.08152783942455,6.0,2
213.0,2,charge,0.2792923462289507,3.819877092067058,299.3421137728283,7.5,2
213.0,3,charge,0.5614438403777829,3.944320723659807,298.3376306501908,3.0,2
214.0,1,charge,0.41458140990674175,3.878550620066487,299.0856025787526,6.0,2
214.0,2,charge,0.27981074176594184,3.8204785196676543,299.3476478521839,7.5,2
214.0,3,charge,0.5616609604867195,3.944489459127765,298.33851823579647,3.0,2
215.0,1,charge,0.41497287819664386,3.8789522477124754,299.0896761126063,6.0,2
215.0,2,charge,0.28032913730293296,3.8210798260728485,299.35317988107136,7.5,2
215.0,3,charge,0.5618780805956609,3.9446580034041068,298.3394057356706,3.0,2
216.0,1,charge,0.41536434648654597,3.879354033264391,299.0937484427877,6.0,2
216.0,2,charge,0.280847532839924,3.8216809936226834,299.3587098612084,7.5,2
216.0,3,charge,0.5620952007046016,3.944826359884395,298.34029314977687,3.0,2
217.0,1,charge,0.41575581477644813,3.8797559737413656,299.0978195709727,6.0,2
217.0,2,charge,0.28136592837691504,3.822282004015931,299.3642377946813,7.5,2
217.0,3,charge,0.5623123208135391,3.9449945319621422,298.34118047807897,3.0,2
218.0,1,charge,0.4161472830663505,3.880158066150801,299.10188949847213,6.0,2
218.0,2,charge,0.28188432391390617,3.822882840594062,299.3697636829737,7.5,2
218.0,3,charge,0.5625294409224795,3.9451625230289453,298.34206772054046,3.0,2
219.0,1,charge,0.4165387513562527,3.8805603073516277,299.1059582272346,6.0,2
219.0,2,charge,0.28240271945089684,3.8234834863488882,299.3752875278191,7.5,2
219.0,3,charge,0.5627465610314211,3.9453303364746053,298.34295487712495,3.0,2
220.0,1,charge,0.41693021964615606,3.8809626941811763,299.11002575893525,6.0,2
220.0,2,charge,0.28292111498788797,3.8240839229341947,299.38080933159,7.5,2
220.0,3,charge,0.5629636811403613,3.9454979700456394,298.3438419484018,3.0,2
221.0,1,charge,0.41732168793605817,3.881365223419577,299.11409209523606,6.0,2
221.0,2,charge,0.2834395105248791,3.8246841342303,299.38632909586323,7.5,2
221.0,3,charge,0.5631808012492988,3.9456654305145404,298.3447289339714,3.0,2
222.0,1,charge,0.4177131562259605,3.881767891790424,299.1181572377862,6.0,2
222.0,2,charge,0.2839579060618702,3.825284103727004,299.39184682247935,7.5,2
222.0,3,charge,0.5633979213582394,3.945832721051626,298.34561583382055,3.0,2
223.0,1,charge,0.4181046245158627,3.882170695916712,299.1222211879169,6.0,2
223.0,2,charge,0.2844763015988612,3.8258838151801435,299.3973625132809,7.5,2
223.0,3,charge,0.5636150414671808,3.945999844774648,298.3465026479416,3.0,2
224.0,1,charge,0.41849609280576744,3.882573632422246,299.12628394733923,6.0,2
224.0,2,charge,0.28499469713585235,3.8264832526190493,299.40287617011205,7.5,2
224.0,3,charge,0.5638321615761213,3.9461668048003373,298.3473893763269,3.0,2
225.0,1,charge,0.41888756109566966,3.8829766978562166,299.13034551761166,6.0,2
225.0,2,charge,0.28551309267284347,3.8270823986588196,299.4083877954573,7.5,2
225.0,3,charge,0.5640492816850579,3.9463336042445336,298.3482760189689,3.0,2
226.0,1,charge,0.419279029385572,3.8833798887118074,299.13440590026715,6.0,2
226.0,2,charge,0.2860314882098345,3.8276812380154155,299.41389739111816,7.5,2
226.0,3,charge,0.5642664017939995,3.9465002462222887,298.34916257585985,3.0,2
227.0,1,charge,0.41967049767547415,3.883783201427881,299.13846509681923,6.0,2
227.0,2,charge,0.2865498837468253,3.828279755390221,299.4194049590143,7.5,2
227.0,3,charge,0.5644835219029408,3.9466667306523844,298.3500490473145,3.0,2
228.0,1,charge,0.4200619659653775,3.884186632293649,299.1425231087895,6.0,2
228.0,2,charge,0.2870682792838164,3.828877935542009,299.42491050115825,7.5,2
228.0,3,charge,0.5647006420118774,3.946833061149558,298.3509354332747,3.0,2
229.0,1,charge,0.42045343425527965,3.884590177612265,299.1465799376612,6.0,2
229.0,2,charge,0.28758667482080746,3.829475763495876,299.4304140195794,7.5,2
229.0,3,charge,0.5649177621208179,3.9469992415838044,298.35182173365666,3.0,2
230.0,1,charge,0.4208449025451821,3.884993833667115,299.15063558489,6.0,2
230.0,2,charge,0.2881050703577985,3.83007322390116,299.43591551653356,7.5,2
230.0,3,charge,0.5651348822297594,3.947165274853366,298.35270794847463,3.0,2
231.0,1,charge,0.42123637083508425,3.885397596656416,299.154690051921,6.0,2
231.0,2,charge,0.2886234658947896,3.830670302023235,299.44141499418254,7.5,2
231.0,3,charge,0.5653520023387,3.9473311638564548,298.35359407774257,3.0,2
232.0,1,charge,0.4216278391249864,3.8858014627247597,299.1587433401819,6.0,2
232.0,2,charge,0.2891418614317807,3.8312669837693374,299.44691245458824,7.5,2
232.0,3,charge,0.5655691224476376,3.947496911491311,298.35448012147475,3.0,2
233.0,1,charge,0.42201930741488886,3.8862054278552964,299.1627954512149,6.0,2
233.0,2,charge,0.2896602569687713,3.8318632550524336,299.4524078999205,7.5,2
233.0,3,charge,0.5657862425565781,3.9476625206563396,298.3553660796852,3.0,2
234.0,1,charge,0.42241077570479096,3.886609487935048,299.16684638659876,6.0,2
234.0,2,charge,0.2901786525057624,3.8324591020543846,299.4579013323731,7.5,2
234.0,3,charge,0.5660033626655194,3.9478279927203905,298.3562519525284,3.0,2
235.0,1,charge,0.42280224399469435,3.887013639044193,299.1708961475938,6.0,2
235.0,2,charge,0.2906970480427534,3.833054511240726,299.46339275412845,7.5,2
235.0,3,charge,0.5662204827744599,3.9479933293989413,298.3571377401269,3.0,2
236.0,1,charge,0.42319371228459646,3.887417877095654,299.17494473558554,6.0,2
236.0,2,charge,0.2912154435797446,3.8336494693604735,299.4688821673715,7.5,2
236.0,3,charge,0.5664376028833975,3.9481585348317285,298.35802344238124,3.0,2
237.0,1,charge,0.4235851805744988,3.8878221979528553,299.17899215194115,6.0,2
237.0,2,charge,0.29173383911673567,3.8342439634227934,299.4743695743842,7.5,2
237.0,3,charge,0.566654722992338,3.948323611750733,298.35890905932115,3.0,2
238.0,1,charge,0.423976648864401,3.888226597430559,299.1830383980096,6.0,2
238.0,2,charge,0.2922522346537249,3.834837980732449,299.47985497743633,7.5,2
238.0,3,charge,0.5668718431012796,3.9484885628887634,298.35979459097626,3.0,2
239.0,1,charge,0.4243681171543058,3.888631071295771,299.1870834751217,6.0,2
239.0,2,charge,0.292770630190716,3.8354315088832376,299.4853383788199,7.5,2
239.0,3,charge,0.5670889632102198,3.9486533909795787,298.360680037376,3.0,2
240.0,1,charge,0.424759585444208,3.8890356152685914,299.1911273845898,6.0,2
240.0,2,charge,0.293289025727707,3.8360245359295306,299.4908197807612,7.5,2
240.0,3,charge,0.5673060833191573,3.9488180987579926,298.3615653985502,3.0,2
241.0,1,charge,0.42515105373411033,3.889440225023143,299.19517012770814,6.0,2
241.0,2,charge,0.2938074212646981,3.8366170508271495,299.4962991851941,7.5,2
241.0,3,charge,0.5675232034280979,3.9489826884350028,298.3624506745712,3.0,2
242.0,1,charge,0.4255425220240125,3.889844895813405,299.1992117062453,6.0,2
242.0,2,charge,0.2943258168016893,3.8372090416711995,299.5017765946765,7.5,2
242.0,3,charge,0.5677403235370394,3.949147160642635,298.36333586564024,3.0,2
243.0,1,charge,0.4259339903139158,3.890249623108679,299.2032521216123,6.0,2
243.0,2,charge,0.2948442123386799,3.837800497333914,299.50725201154034,7.5,2
243.0,3,charge,0.5679574436459799,3.9493115195894783,298.3642209716672,3.0,2
244.0,1,charge,0.42632545860381793,3.890654402623592,299.2072913748224,6.0,2
244.0,2,charge,0.295362607875671,3.83839140699125,299.5127254381389,7.5,2
244.0,3,charge,0.5681745637549175,3.9494757678790835,298.3651059926928,3.0,2
245.0,1,charge,0.4267169268937204,3.891059229806549,299.2113294671647,6.0,2
245.0,2,charge,0.295881003412662,3.8389817601246787,299.51819687684673,7.5,2
245.0,3,charge,0.568391683863858,3.9496399081166906,298.3659909287579,3.0,2
246.0,1,charge,0.4271083951836225,3.8914641000616963,299.21536639991456,6.0,2
246.0,2,charge,0.2963993989496531,3.839571546522775,299.5236663300597,7.5,2
246.0,3,charge,0.5686088039727996,3.949803942909343,298.36687577990335,3.0,2
247.0,1,charge,0.42749986347352464,3.8918690087499463,299.21940217433263,6.0,2
247.0,2,charge,0.29691779448664424,3.8401607562825193,299.529133800195,7.5,2
247.0,3,charge,0.56882592408174,3.949967874865993,298.3677605461699,3.0,2
248.0,1,charge,0.4278913317634272,3.8922739511899227,299.22343679166585,6.0,2
248.0,2,charge,0.29743619002363525,3.840749379810318,299.534599289691,7.5,2
248.0,3,charge,0.5690430441906775,3.9501317065976056,298.3686452275982,3.0,2
249.0,1,charge,0.42828280005332925,3.892678922659012,299.22747025314646,6.0,2
249.0,2,charge,0.2979545855606264,3.8413374100025157,299.5400627999027,7.5,2
249.0,3,charge,0.5692601642996181,3.9502954383829314,298.369529824398,3.0,2
250.0,1,charge,0.42867426834323136,3.8930839183943577,299.2315025599929,6.0,2
250.0,2,charge,0.2984729810976175,3.841924836744254,299.5455243338925,7.5,2
250.0,3,charge,0.5694772844085596,3.9504590741142427,298.3704143365176,3.0,2
251.0,1,charge,0.42906573663313474,3.8934889330851234,299.2355337140926,6.0,2
251.0,2,charge,0.2989913766346085,3.8425116515141804,299.5509838940933,7.5,2
251.0,3,charge,0.5696944045175001,3.9506226163971245,298.37129876399894,3.0,2
252.0,1,charge,0.4294572049230371,3.8938939619828563,299.23956371651354,6.0,2
252.0,2,charge,0.29950977217159963,3.8430978461597816,299.5564414829302,7.5,2
252.0,3,charge,0.5699115246264377,3.950786067735913,298.37218310689104,3.0,2
253.0,1,charge,0.4298486732129393,3.894299000301753,299.2435925683094,6.0,2
253.0,2,charge,0.3000281677085907,3.843683412852319,299.56189710284366,7.5,2
253.0,3,charge,0.5701286447353782,3.9509494306375776,298.3730673652432,3.0,2
254.0,1,charge,0.4302401415028442,3.8947040430764863,299.2476202707125,6.0,2
254.0,2,charge,0.3005465632455819,3.8442683440864145,299.5673507562889,7.5,2
254.0,3,charge,0.5703457648443195,3.9511127076118067,298.37395153910444,3.0,2
255.0,1,charge,0.4306316097927464,3.895109085303452,299.2516468249455,6.0,2
255.0,2,charge,0.3010649587825725,3.844852632679406,299.57280244573667,7.5,2
255.0,3,charge,0.5705628849532601,3.9512759011711505,298.37483562852424,3.0,2
256.0,1,charge,0.4310230780826487,3.8955141219418534,299.25567223222146,6.0,2
256.0,2,charge,0.3015833543195636,3.8454362717704393,299.5782521736726,7.5,2
256.0,3,charge,0.5707800050621978,3.951439012426934,298.37571963364184,3.0,2
257.0,1,charge,0.4314145463725509,3.8959191479148205,299.2596964937436,6.0,2
257.0,2,charge,0.30210174985655475,3.846019256400823,299.5836999417921,7.5,2
257.0,3,charge,0.5709971251711383,3.9516020439791957,298.3766035545012,3.0,2
258.0,1,charge,0.4318060146624542,3.8963241581104837,299.2637196107058,6.0,2
258.0,2,charge,0.30262014539354587,3.8466015801424245,299.5891457527187,7.5,2
258.0,3,charge,0.5712142452800797,3.9517649987674943,298.37748739112465,3.0,2
259.0,1,charge,0.43219748295235627,3.8967291473830787,299.2677415842921,6.0,2
259.0,2,charge,0.3031385409305369,3.8471832368332084,299.59458960911707,7.5,2
259.0,3,charge,0.5714313653890163,3.951927879215974,298.3783711435681,3.0,2
260.0,1,charge,0.4325889512422587,3.8971341101991204,299.2717624162421,6.0,2
260.0,2,charge,0.303656936467528,3.847764221079128,299.6000315134368,7.5,2
260.0,3,charge,0.5716484854979568,3.9520906877522055,298.37925481188705,3.0,2
261.0,1,charge,0.4329804195321609,3.8975390415200213,299.2757821074488,6.0,2
261.0,2,charge,0.3041753320045192,3.848344527813711,299.605471468136,7.5,2
261.0,3,charge,0.5718656056068981,3.952253426807312,298.3801383961373,3.0,2
262.0,1,charge,0.433371887822063,3.8979439361046007,299.27980065906877,6.0,2
262.0,2,charge,0.3046937275415084,3.848924152295848,299.6109094756812,7.5,2
262.0,3,charge,0.5720827257158387,3.952416098816056,298.3810218963744,3.0,2
263.0,1,charge,0.43376335611196515,3.8983487886539496,299.2838180722945,6.0,2
263.0,2,charge,0.30521212307849965,3.8495030901073566,299.6163455385475,7.5,2
263.0,3,charge,0.5722998458247763,3.9525787054858172,298.3819053126961,3.0,2
264.0,1,charge,0.4341548244018676,3.898753593839107,299.2878343483113,6.0,2
264.0,2,charge,0.3057305186154908,3.850081337150354,299.62177965921865,7.5,2
264.0,3,charge,0.5725169659337169,3.9527412485138673,298.3827886452003,3.0,2
265.0,1,charge,0.4345462926917697,3.899158346302245,299.29184948829857,6.0,2
265.0,2,charge,0.30624891415248184,3.8506588900452723,299.62721183998633,7.5,2
265.0,3,charge,0.5727340860426582,3.95290373104947,298.3836718939027,3.0,2
266.0,1,charge,0.434937760981673,3.8995630406577906,299.2958634934285,6.0,2
266.0,2,charge,0.3067673096894729,3.8512357457019775,299.63264208316417,7.5,2
266.0,3,charge,0.5729512061515987,3.953066155454244,298.3845550588642,3.0,2
267.0,1,charge,0.4353292292715754,3.8999676714936298,299.29987636486675,6.0,2
267.0,2,charge,0.307285705226464,3.8518119008365597,299.63807039132683,7.5,2
267.0,3,charge,0.5731683262605364,3.953228524094053,298.3854381401455,3.0,2
268.0,1,charge,0.43572069756147763,3.9003722333712956,299.3038881037748,6.0,2
268.0,2,charge,0.3078041007634551,3.8523873527671655,299.6434967669105,7.5,2
268.0,3,charge,0.5733854463694766,3.953390839339076,298.38632113780733,3.0,2
269.0,1,charge,0.4361121658513825,3.900776720796263,299.30789871138614,6.0,2
269.0,2,charge,0.30832249630044584,3.8529620991330327,299.6489212123517,7.5,2
269.0,3,charge,0.5736025664784181,3.953553103563956,298.3872040519105,3.0,2
270.0,1,charge,0.4365036341412847,3.901181128260471,299.31190818890445,6.0,2
270.0,2,charge,0.308840891837437,3.8535361378907576,299.65434373008753,7.5,2
270.0,3,charge,0.5738196865873586,3.9537153191389782,298.38808688251635,3.0,2
270.0,1,charge,0.43650363414128385,3.901181128260471,299.31190818890445,5.5,3
270.0,1,charge,0.4365036341412847,3.893268646386697,299.31190818890445,5.5,3
270.0,2,charge,0.3088408918374372,3.8535361378907576,299.65434373008753,7.5,3
270.0,2,charge,0.308840891837437,3.8535361378907576,299.65434373008753,7.5,3
270.0,3,charge,0.5738196865873574,3.9537153191389782,298.38808688251635,3.0,3
270.0,3,charge,0.5738196865873586,3.9537153191389782,298.38808688251635,3.0,3
271.0,1,charge,0.4368624800736932,3.893063814066612,299.31536316609765,5.5,3
271.0,2,charge,0.3093592873744281,3.85410941612668,299.6597638863275,7.5,3
271.0,3,charge,0.5740368066962963,3.953877453981804,298.3889696021679,3.0,3
272.0,1,charge,0.4372213260061056,3.8930452571709377,299.3188139363226,5.5,3
272.0,2,charge,0.3098776829114192,3.854682015606345,299.66518238625804,7.5,3
272.0,3,charge,0.5742539268052367,3.9540395578042973,298.38985224903433,3.0,3
273.0,1,charge,0.43758017193851423,3.89310511824507,299.32226068636203,5.5,3
273.0,2,charge,0.3103960784484102,3.8552539162744375,299.67059907425033,7.5,3
273.0,3,charge,0.574471046914178,3.954201629603501,298.39073482056875,3.0,3
274.0,1,charge,0.4379390178709257,3.8932087263316753,299.32570358628357,5.5,3
274.0,2,charge,0.31091447398540134,3.855825108750535,299.6760138783247,7.5,3
274.0,3,charge,0.5746881670231186,3.954363668404598,298.3916173145874,3.0,3
275.0,1,charge,0.438297863803338,3.893341337390863,299.329142790878,5.5,3
275.0,2,charge,0.31143286952239246,3.856395589517649,299.68142677365836,7.5,3
275.0,3,charge,0.5749052871320551,3.954525671175179,298.3924997268076,3.0,3
276.0,1,charge,0.4386567097357466,3.893495362133092,299.33257844234663,5.5,3
276.0,2,charge,0.3119512650593825,3.8569653600305482,299.6868377660916,7.5,3
276.0,3,charge,0.5751224072409966,3.9546876397005306,298.3933820562865,3.0,3
277.0,1,charge,0.4390155556681578,3.8936661867794706,299.3360106722057,5.5,3
277.0,2,charge,0.3124696605963736,3.857534419911803,299.6922468488594,7.5,3
277.0,3,charge,0.5753395273499371,3.954849575590166,298.3942643033806,3.0,3
278.0,1,charge,0.4393744016005693,3.8938508167612147,299.3394396026031,5.5,3
278.0,2,charge,0.31298805613336467,3.8581027657455227,299.69765402920615,7.5,3
278.0,3,charge,0.5755566474588748,3.955011481837388,298.3951464680641,3.0,3
279.0,1,charge,0.4397332475329788,3.8940471617358696,299.3428653473258,5.5,3
279.0,2,charge,0.3135064516703558,3.858670397260149,299.7030593075778,7.5,3
279.0,3,charge,0.5757737675678151,3.9551733622835874,298.3960285496148,3.0,3
280.0,1,charge,0.44009209346539024,3.894253628658092,299.34628801275795,5.5,3
280.0,2,charge,0.31402484720734697,3.8592373234663775,299.70846268791234,7.5,3
280.0,3,charge,0.5759908876767565,3.9553352161650546,298.3969105486871,3.0,3
281.0,1,charge,0.4404509393978017,3.8944689919878757,299.3497076985455,5.5,3
281.0,2,charge,0.314543242744338,3.859803537624702,299.71386416790216,7.5,3
281.0,3,charge,0.5762080077856968,3.9554970449163394,298.3977924652811,3.0,3
282.0,1,charge,0.44080978533021126,3.894692276997208,299.35312449824534,5.5,3
282.0,2,charge,0.3150616382813291,3.8603690391760943,299.7192637475472,7.5,3
282.0,3,charge,0.5764251278946345,3.9556588499780854,298.3986742993968,3.0,3
283.0,1,charge,0.44116863126262273,3.8949226913586736,299.35653849979366,5.5,3
283.0,2,charge,0.31558003381832017,3.860933836890302,299.72466143604356,7.5,3
283.0,3,charge,0.576642248003575,3.9558206370649502,298.3995560511303,3.0,3
284.0,1,charge,0.44152747719503393,3.8951595769050646,299.3599497859686,5.5,3
284.0,2,charge,0.3160984293553109,3.861497930673986,299.73005723326844,7.5,3
284.0,3,charge,0.5768593681125164,3.9559824094329743,298.4004377205222,3.0,3
285.0,1,charge,0.4418863231274425,3.8954023706314014,299.36335843486984,5.5,3
285.0,2,charge,0.316616824892302,3.862061318020074,299.7354511364113,7.5,3
285.0,3,charge,0.577076488221457,3.9561441654815686,298.4013193075037,3.0,3
286.0,1,charge,0.44224516905985484,3.895650591841112,299.3667645202637,5.5,3
286.0,2,charge,0.31713522042929304,3.8626240031841808,299.7408431501249,7.5,3
286.0,3,charge,0.5772936083303936,3.9563059066761808,298.4022008120745,3.0,3
287.0,1,charge,0.4426040149922634,3.895903809001495,299.3701681120112,5.5,3
287.0,2,charge,0.3176536159662842,3.8631859969992695,299.74623328684976,7.5,3
287.0,3,charge,0.5775107284393347,3.956467634488786,298.403082234235,3.0,3
288.0,1,charge,0.44296286092467463,3.896161656220344,299.373569276193,5.5,3
288.0,2,charge,0.3181720115032753,3.863747295281767,299.75162154009513,7.5,3
288.0,3,charge,0.5777278485482754,3.9566293572012547,298.40396357449373,3.0,3
289.0,1,charge,0.44332170685708605,3.8964237976804443,299.37696807553874,5.5,3
289.0,2,charge,0.3186904070402664,3.864307900112435,299.7570079108616,7.5,3
289.0,3,charge,0.5779449686572129,3.9567910749463087,298.4048448327498,3.0,3
290.0,1,charge,0.4436805527894958,3.8966899381739646,299.38036456957775,5.5,3
290.0,2,charge,0.3192088025772558,3.8648678138015047,299.76239240014974,7.5,3
290.0,3,charge,0.5781620887661532,3.9569527871404384,298.40572600884786,3.0,3
291.0,1,charge,0.44403939872190706,3.8969598212051997,299.38375881481585,5.5,3
291.0,2,charge,0.31972719811424694,3.8654270388824497,299.7677750089602,7.5,3
291.0,3,charge,0.5783792088750948,3.957114495282447,298.4066071027879,3.0,3
292.0,1,charge,0.44439824465431854,3.897233209820687,299.3871508650601,5.5,3
292.0,2,charge,0.320245593651238,3.865985581025253,299.77315574243994,7.5,3
292.0,3,charge,0.5785963289840351,3.957276200878166,298.4074881145699,3.0,3
293.0,1,charge,0.44475709058672797,3.897509894044081,299.39054077149905,5.5,3
293.0,2,charge,0.3207639891882291,3.866543449460827,299.7785346104384,7.5,3
293.0,3,charge,0.5788134490929728,3.9574379144972545,298.408369045066,3.0,3
294.0,1,charge,0.4451159365191395,3.8977896790560136,299.3939285829311,5.5,3
294.0,2,charge,0.3212823847252202,3.8671006433737927,299.78391160822963,7.5,3
294.0,3,charge,0.579030569201913,3.957599633327313,298.40924989385906,3.0,3
295.0,1,charge,0.44547478245155075,3.898072384448705,299.39731434594074,5.5,3
295.0,2,charge,0.32180078026221126,3.867657166874749,299.7892867378095,7.5,3
295.0,3,charge,0.5792476893108536,3.9577613586481357,298.41013066092523,3.0,3
296.0,1,charge,0.44583362838396057,3.89835784411557,299.40069810498807,5.5,3
296.0,2,charge,0.3223191757992024,3.8682130242734485,299.7946600011738,7.5,3
296.0,3,charge,0.5794648094197913,3.9579230923246596,298.4110113462962,3.0,3
297.0,1,charge,0.44619247431637193,3.898645904319568,299.4040799025706,5.5,3
297.0,2,charge,0.3228375713361935,3.8687682200723588,299.8000314003184,7.5,3
297.0,3,charge,0.5796819295287317,3.9580848362293217,298.4118919500039,3.0,3
298.0,1,charge,0.4465513202487832,3.89893642369607,299.40745977933364,5.5,3
298.0,2,charge,0.32335596687318424,3.8693227599137376,299.8054009390794,7.5,3
298.0,3,charge,0.5798990496376729,3.9582465922421557,298.4127724720801,3.0,3
299.0,1,charge,0.4469101661811917,3.8992292722981685,299.41083777415207,5.5,3
299.0,2,charge,0.3238743624101753,3.8698766505007365,299.81076862296806,7.5,3
299.0,3,charge,0.5801161697466134,3.9584083622508937,298.41365291255653,3.0,3
300.0,1,charge,0.44726901211360404,3.899524328748485,299.4142139242518,5.5,3
300.0,2,charge,0.32439275794716643,3.8704298956893934,299.81613445166073,7.5,3
300.0,3,charge,0.580333289855551,3.9585701481510616,298.4145332714651,3.0,3
301.0,1,charge,0.4476278580460126,3.899821479899126,299.4175882652987,5.5,3
301.0,2,charge,0.32491115348415756,3.870982500917842,299.82149842756775,7.5,3
301.0,3,charge,0.5805504099644916,3.9587319577965845,298.4154135495509,3.0,3
302.0,1,charge,0.44798670397842394,3.9001206217219853,299.42096083153916,5.5,3
302.0,2,charge,0.3254295490211487,3.871534471786747,299.82686055309966,7.5,3
302.0,3,charge,0.5807675300734327,3.958893789581775,298.4162937464241,3.0,3
303.0,1,charge,0.4483455499108366,3.900421653041496,299.42433165570293,5.5,3
303.0,2,charge,0.3259479445581397,3.8720858140527405,299.83222083066676,7.5,3
303.0,3,charge,0.5809846501823694,3.9590556454491654,298.4171738621192,3.0,3
304.0,1,charge,0.44870439584324506,3.9007244822107463,299.4277007694171,5.5,3
304.0,2,charge,0.3264663400951308,3.872636533379212,299.83757926303383,7.5,3
304.0,3,charge,0.5812017702913099,3.959217527574081,298.41805389669764,3.0,3
305.0,1,charge,0.4490632417756563,3.901029021241654,299.4310682028785,5.5,3
305.0,2,charge,0.326984735632122,3.873186635397643,299.8429358532171,7.5,3
305.0,3,charge,0.5814188904002514,3.9593794381402025,298.4189338502209,3.0,3
306.0,1,charge,0.4494220877080678,3.9013351867793524,299.434433985172,5.5,3
306.0,2,charge,0.3275031311691131,3.873736126570244,299.84829060321886,7.5,3
306.0,3,charge,0.5816360105091919,3.9595413793396266,298.4198137227506,3.0,3
307.0,1,charge,0.44978093364047733,3.9016429001559843,299.4377981443435,5.5,3
307.0,2,charge,0.3280215267061042,3.874285013157794,299.85364351552454,7.5,3
307.0,3,charge,0.5818531306181296,3.9597033533730173,298.42069351434793,3.0,3
308.0,1,charge,0.45013977957288875,3.9019520882375853,299.4411607071454,5.5,3
308.0,2,charge,0.32853992224309525,3.874833301543756,299.85899459261987,7.5,3
308.0,3,charge,0.5820702507270699,3.959865362449672,298.4215732250745,3.0,3
309.0,1,charge,0.45049862550530007,3.9022626795975883,299.44452169953433,5.5,3
309.0,2,charge,0.3290583177800864,3.875380998227702,299.86434383699026,7.5,3
309.0,3,charge,0.582287370836011,3.9600274103588626,298.42245285531396,3.0,3
310.0,1,charge,0.4508574714377085,3.902574608613465,299.44788114633985,5.5,3
310.0,2,charge,0.3295767133170775,3.875928109182768,299.86969125093907,7.5,3
310.0,3,charge,0.5825044909449515,3.960189498337079,298.42333240492474,3.0,3
311.0,1,charge,0.4512163173701212,3.9028878123061004,299.4512390715137,5.5,3
311.0,2,charge,0.3300951088540685,3.8764746401401333,299.8750368366723,7.5,3
311.0,3,charge,0.5827216110538892,3.9603516286666363,298.42421187397764,3.0,3
312.0,1,charge,0.4515751633025325,3.9032022306638043,299.4545954981355,5.5,3
312.0,2,charge,0.33061350439105963,3.877020598572261,299.8803805968684,7.5,3
312.0,3,charge,0.5829387311628298,3.9605138036555525,298.42509126254726,3.0,3
313.0,1,charge,0.45193400923494087,3.903517807209546,299.45795044839247,5.5,3
313.0,2,charge,0.33113189992805075,3.8775659912429727,299.8857225339763,7.5,3
313.0,3,charge,0.5831558512717712,3.960676025621038,298.4259705707077,3.0,3
314.0,1,charge,0.45229285516735335,3.9038344878018774,299.46130394372665,5.5,3
314.0,2,charge,0.33165029546504143,3.8781108249984886,299.89106265044506,7.5,3
314.0,3,charge,0.5833729713807079,3.9608382968895874,298.42684979853357,3.0,3
315.0,1,charge,0.4526517010997619,3.904152220699209,299.4646560047474,5.5,3
315.0,2,charge,0.33216869100203256,3.878655106761024,299.8964009487237,7.5,3
315.0,3,charge,0.5835900914896484,3.961000619797101,298.427728946099,3.0,3
316.0,1,charge,0.45301054703217314,3.904470956400171,299.4680066513786,5.5,3
316.0,2,charge,0.3326870865390237,3.8791988428791973,299.90173743101434,7.5,3
316.0,3,charge,0.5838072115985894,3.961162996677648,298.4286080134799,3.0,3
317.0,1,charge,0.45336939296458467,3.9047906475167196,299.4713559028271,5.5,3
317.0,2,charge,0.3332054820760148,3.879742039520221,299.90707209942764,7.5,3
317.0,3,charge,0.58402433170753,3.961325429163608,298.4294870008322,3.0,3
318.0,1,charge,0.45372823889699404,3.9051112488021813,299.47470377758236,5.5,3
318.0,2,charge,0.3337238776130058,3.8802847044117117,299.912404956652,7.5,3
318.0,3,charge,0.5842414518164677,3.96148792009061,298.43036590817707,3.0,3
319.0,1,charge,0.45408708482940563,3.9054327162595905,299.47805029355413,5.5,3
319.0,2,charge,0.33424227314999694,3.8808268445871814,299.9177360050894,7.5,3
319.0,3,charge,0.5844585719254081,3.9616504718038494,298.4312447355921,3.0,3
320.0,1,charge,0.45444593076181705,3.9057550087346735,299.48139546794624,5.5,3
320.0,2,charge,0.33476066868698806,3.881368467123534,299.92306524714235,7.5,3
320.0,3,charge,0.5846756920343495,3.9618130866584345,298.43212348315507,3.0,3
321.0,1,charge,0.4548047766942265,3.906078085854432,299.4847393174272,5.5,3
321.0,2,charge,0.33527906422397913,3.8819095791349256,299.9283926852127,7.5,3
321.0,3,charge,0.5848928121432899,3.9619757670194713,298.43300215094365,3.0,3
322.0,1,charge,0.45516362262663806,3.9064019092117013,299.4880818580663,5.5,3
322.0,2,charge,0.33579745976096875,3.8824501871150483,299.9337183214889,7.5,3
322.0,3,charge,0.5851099322522277,3.96213851526218,298.4338807390355,3.0,3
323.0,1,charge,0.4555224685590493,3.9067264421681314,299.491423105365,5.5,3
323.0,2,charge,0.3363158552979599,3.88299029742197,299.939042158109,7.5,3
323.0,3,charge,0.5853270523611682,3.962301333771973,298.4347592475083,3.0,3
324.0,1,charge,0.4558813144914578,3.907051649250829,299.4947630743227,5.5,3
324.0,2,charge,0.33683425083495083,3.8835299178074774,299.94436419766174,7.5,3
324.0,3,charge,0.5855441724701094,3.9624642248904527,298.4356376764399,3.0,3
325.0,1,charge,0.4562401604238705,3.907377496341308,299.4981017793704,5.5,3
325.0,2,charge,0.33735264637194196,3.8840690553405315,299.9496844425079,7.5,3
325.0,3,charge,0.5857612925790461,3.9626271897998944,298.43651602591046,3.0,3
326.0,1,charge,0.45659900635628164,3.9077039507114577,299.5014392345123,5.5,3
326.0,2,charge,0.3378710419089331,3.884607717094854,299.9550028950074,7.5,3
326.0,3,charge,0.5859784126879866,3.9627902317278543,298.437394295996,3.0,3
327.0,1,charge,0.4569578522886902,3.908030980811421,299.5047754532866,5.5,3
327.0,2,charge,0.33838943744592415,3.885145910143159,299.9603195575199,7.5,3
327.0,3,charge,0.5861955327969279,3.9629533530496834,298.4382724867743,3.0,3
328.0,1,charge,0.4573166982211026,3.908358556206154,299.50811044876065,5.5,3
328.0,2,charge,0.3389078329829149,3.885683641551456,299.96563443240433,7.5,3
328.0,3,charge,0.5864126529058685,3.963116556151384,298.4391505983232,3.0,3
329.0,1,charge,0.45767554415351114,3.908686647465399,299.51144423344965,5.5,3
329.0,2,charge,0.33942622851990606,3.8862209183734153,299.9709475220195,7.5,3
329.0,3,charge,0.5866297730148061,3.963279843429738,298.4400286307204,3.0,3
330.0,1,charge,0.45803439008592245,3.9090152261703506,299.51477681965207,5.5,3
330.0,2,charge,0.33994462405689724,3.8867577476448187,299.9762588287234,7.5,3
330.0,3,charge,0.5868468931237466,3.9634432172924003,298.4409065840438,3.0,3
331.0,1,charge,0.45839323601833515,3.9093442647665873,299.51810821923135,5.5,3
331.0,2,charge,0.3404630195938883,3.887294136378108,299.9815683548736,7.5,3
331.0,3,charge,0.5870640132326875,3.963606680157987,298.4417844583711,3.0,3
332.0,1,charge,0.45875208195074363,3.9096737368786405,299.5214384435612,5.5,3
332.0,2,charge,0.34098141513087943,3.887830089783958,299.9868761023626,7.5,3
332.0,3,charge,0.5872811333416281,3.9637702343756827,298.44266225377964,3.0,3
333.0,1,charge,0.4591109278831549,3.9100036171614785,299.5247675035757,5.5,3
333.0,2,charge,0.3414998106678705,3.8883656158130897,299.99218207381193,7.5,3
333.0,3,charge,0.5874982534505657,3.9639338813247855,298.44353997034113,3.0,3
334.0,1,charge,0.4594697738155665,3.9103338804829813,299.528095410072,5.5,3
334.0,2,charge,0.3420182062048616,3.8889007213079845,299.9974862715613,7.5,3
334.0,3,charge,0.5877153735595064,3.964097624173566,298.44441760813754,3.0,3
335.0,1,charge,0.4598286197479759,3.9106645026218994,299.5314221734424,5.5,3
335.0,2,charge,0.3425366017418527,3.889435413006236,300.00278869793453,7.5,3
335.0,3,charge,0.5879324936684478,3.964261465338244,298.4452951672462,3.0,3
336.0,1,charge,0.46018746568038743,3.910995460867753,299.53474780358334,5.5,3
336.0,2,charge,0.34305499727884387,3.8899696975880502,300.0080893552531,7.5,3
336.0,3,charge,0.5881496137773845,3.964425407246431,298.44617264774485,3.0,3
337.0,1,charge,0.46054631161279896,3.911326732893194,299.5380723101455,5.5,3
337.0,2,charge,0.3435733928158334,3.8905035816712124,300.01338824583604,7.5,3
337.0,3,charge,0.5883667338863251,3.9645894523372425,298.4470500497108,3.0,3
338.0,1,charge,0.46090515754520833,3.9116582966862765,299.5413957025545,5.5,3
338.0,2,charge,0.3440917883528261,3.8910370718061555,300.01868537200033,7.5,3
338.0,3,charge,0.588583853995266,3.9647536030613546,298.4479273732218,3.0,3
339.0,1,charge,0.46126400347761987,3.911990131074134,299.5447179899015,5.5,3
339.0,2,charge,0.34461018388981557,3.891570174471133,300.0239807360606,7.5,3
339.0,3,charge,0.5888009741042065,3.9649178618811316,298.4488046183551,3.0,3
340.0,1,charge,0.46162284941003123,3.912322216213913,299.54803918085963,5.5,3
340.0,2,charge,0.3451285794268067,3.8921028960674686,300.0292743403291,7.5,3
340.0,3,charge,0.5890180942131443,3.9650822311540326,298.44968178518866,3.0,3
341.0,1,charge,0.4619816953424396,3.912654532237462,299.55135928395265,5.5,3
341.0,2,charge,0.3456469749637978,3.8926352424688284,300.03456618699204,7.5,3
341.0,3,charge,0.5892352143220848,3.9652467123164437,298.4505588738011,3.0,3
342.0,1,charge,0.4623405412748523,3.912987060007633,299.55467830741486,5.5,3
342.0,2,charge,0.3461653705007888,3.8931672196630887,300.03985627829,7.5,3
342.0,3,charge,0.5894523344310264,3.965411308591151,298.4514358842693,3.0,3
343.0,1,charge,0.46269938720726367,3.913319781008261,299.557996259214,5.5,3
343.0,2,charge,0.34668376603777995,3.8936988340855736,300.04514461661057,7.5,3
343.0,3,charge,0.5896694545399667,3.9655760224402474,298.4523128166706,3.0,3
344.0,1,charge,0.46305823313967215,3.9136526773987077,299.561313147009,5.5,3
344.0,2,charge,0.3472021615747711,3.894230091720618,300.05043120424017,7.5,3
344.0,3,charge,0.5898865746489045,3.965740856338031,298.4531896710826,3.0,3
345.0,1,charge,0.4634170790720845,3.9139857317154263,299.56462897829715,5.5,3
345.0,2,charge,0.34772055711176214,3.8947609984491196,300.05571604346187,7.5,3
345.0,3,charge,0.590103694757845,3.965905812771141,298.45406644758305,3.0,3
346.0,1,charge,0.463775925004493,3.9143189270412835,299.5679437603253,5.5,3
346.0,2,charge,0.34823895264875293,3.8952915600443507,300.0609991365553,7.5,3
346.0,3,charge,0.5903208148667859,3.966070894238594,298.4549431462493,3.0,3
347.0,1,charge,0.4641347709369043,3.9146522470099576,299.57125750008237,5.5,3
347.0,2,charge,0.34875734818574405,3.8958217821679146,300.066280485797,7.5,3
347.0,3,charge,0.5905379349757265,3.966236103251865,298.45581976715914,3.0,3
348.0,1,charge,0.464493616869317,3.9149856758447994,299.57457020427455,5.5,3
348.0,2,charge,0.3492757437227352,3.8963516703657697,300.07156009346005,7.5,3
348.0,3,charge,0.5907550550846642,3.9664014423349814,298.45669631039,3.0,3
349.0,1,charge,0.46485246280172543,3.915319197937804,299.57788187954503,5.5,3
349.0,2,charge,0.3497941392597263,3.8968812300644027,300.07683796181425,7.5,3
349.0,3,charge,0.5909721751936047,3.9665669140245794,298.45757277601956,3.0,3
350.0,1,charge,0.46521130873413674,3.9156527981687255,299.58119253230075,5.5,3
350.0,2,charge,0.35031253479671726,3.8974104665687914,300.08211409312304,7.5,3
350.0,3,charge,0.5911892953025462,3.9667325208700026,298.45844916412534,3.0,3
351.0,1,charge,0.46557015466654833,3.915986461780321,299.58450216877486,5.5,3
351.0,2,charge,0.3508309303337084,3.897939385089523,300.08738848958785,7.5,3
351.0,3,charge,0.5914064154114869,3.966898265433343,298.459325474785,3.0,3
352.0,1,charge,0.46592900059895764,3.9163201743492055,299.587810795038,5.5,3
352.0,2,charge,0.35134932587069956,3.898467990650823,300.09266115350783,7.5,3
352.0,3,charge,0.5916235355204236,3.967064150289544,298.46020170807606,3.0,3
353.0,1,charge,0.4662878465313693,3.916653922659509,299.59111841669784,5.5,3
353.0,2,charge,0.3518677214076891,3.8989962881672025,300.0979320871354,7.5,3
353.0,3,charge,0.5918406556293644,3.9672301780264365,298.46107786407606,3.0,3
354.0,1,charge,0.4666466924637808,3.916987693494656,299.5944250393184,5.5,3
354.0,2,charge,0.35238611694468025,3.899524282416248,300.1032012927195,7.5,3
354.0,3,charge,0.5920577757383051,3.9673963510644645,298.4619539428641,3.0,3
355.0,1,charge,0.4670055383961902,3.9173214732561936,299.59773066855433,5.5,3
355.0,2,charge,0.3529045124816714,3.900051978035427,300.1084687725054,7.5,3
355.0,3,charge,0.5922748958472428,3.967562671687638,298.4628299445205,3.0,3
356.0,1,charge,0.4673643843286017,3.9176552490418706,299.6010353097788,5.5,3
356.0,2,charge,0.35342290801866244,3.9005793795190264,300.11373452873465,7.5,3
356.0,3,charge,0.5924920159561834,3.967729142674195,298.46370586912155,3.0,3
357.0,1,charge,0.46772323026101337,3.917989008211492,299.6043389682358,5.5,3
357.0,2,charge,0.35394130355565356,3.901106491215179,300.1189985636455,7.5,3
357.0,3,charge,0.5927091360651248,3.967895766586526,298.46458171674556,3.0,3
358.0,1,charge,0.4680820761934226,3.918322738362204,299.6076416490502,5.5,3
358.0,2,charge,0.35445969909264463,3.901633317323042,300.12426087947256,7.5,3
358.0,3,charge,0.5929262561740654,3.968062545993792,298.46545748747064,3.0,3
359.0,1,charge,0.46844092212583427,3.91865642787474,299.61094335704877,5.5,3
359.0,2,charge,0.3549780946296357,3.9021598618900573,300.1295214784467,7.5,3
359.0,3,charge,0.5931433762830031,3.9682294834719514,298.46633318137526,3.0,3
360.0,1,charge,0.4687997680582455,3.9189900658694254,299.6142440967764,5.5,3
360.0,2,charge,0.3554964901666269,3.9026861288328694,300.1347803627957,7.5,3
360.0,3,charge,0.5933604963919438,3.968396581603801,298.4672087985378,3.0,3
360.0,1,charge,0.46879976805824414,3.9189900658694254,299.6142440967764,5.0,4
360.0,1,charge,0.4687997680582455,3.9107443507534265,299.6142440967764,5.0,4
360.0,2,charge,0.35549649016662727,3.9026861288328694,300.1347803627957,7.5,4
360.0,2,charge,0.3554964901666269,3.9026861288328694,300.1347803627957,7.5,4
360.0,3,charge,0.5933604963919441,3.968396581603801,298.4672087985378,3.0,4
360.0,3,charge,0.5933604963919438,3.968396581603801,298.4672087985378,3.0,4
361.0,1,charge,0.46912599163316426,3.9104880362546464,299.61702888203206,5.0,4
361.0,2,charge,0.356014885703618,3.903212076179692,300.14003693702614,7.5,4
361.0,3,charge,0.5935776165008845,3.968563821970925,298.4680843074412,3.0,4
362.0,1,charge,0.46945221520808184,3.910414548058343,299.6198101536595,5.0,4
362.0,2,charge,0.3565332812406087,3.9037377668300994,300.14529197005197,7.5,4
362.0,3,charge,0.593794736609825,3.968731227000357,298.46895973739413,3.0,4
363.0,1,charge,0.4697784387829996,3.910418208487111,299.62258807491287,5.0,4
363.0,2,charge,0.3570516767775998,3.904263209164764,300.1505455284981,7.5,4
363.0,3,charge,0.5940118567187627,3.9688988154941707,298.46983511319866,3.0,4
364.0,1,charge,0.47010466235791826,3.9104647888786612,299.6253627899095,5.0,4
364.0,2,charge,0.3575700723145909,3.904788396585655,300.1557974919503,7.5,4
364.0,3,charge,0.5942289768277033,3.969066575393811,298.4707104124956,3.0,4
365.0,1,charge,0.470430885932839,3.910539709230755,299.62813442863984,5.0,4
365.0,2,charge,0.35808846785158194,3.9053133259019104,300.16104777423664,7.5,4
365.0,3,charge,0.5944460969366446,3.969234514103327,298.47158564320694,3.0,4
366.0,1,charge,0.4707571095077575,3.9106354986317426,299.63090311006783,5.0,4
366.0,2,charge,0.3586068633885731,3.9058380008351183,300.16629638771354,7.5,4
366.0,3,charge,0.5946632170455852,3.9694026295640294,298.47246079761993,3.0,4
367.0,1,charge,0.47108333308267514,3.910747604816743,299.6336689441137,5.0,4
367.0,2,charge,0.3591252589255642,3.906362422108233,300.1715433015044,7.5,4
367.0,3,charge,0.5948803371545219,3.969570925652722,298.4733358784235,3.0,4
368.0,1,charge,0.4714095566575938,3.9108731044496334,299.63643203286483,5.0,4
368.0,2,charge,0.35964365446255525,3.9068865920321345,300.17678853707883,7.5,4
368.0,3,charge,0.5950974572634634,3.9697394039139984,298.47421088209984,3.0,4
369.0,1,charge,0.4717357802325147,3.9110099342476263,299.63919247157435,5.0,4
369.0,2,charge,0.3601620499995464,3.90741051820323,300.1820320776512,7.5,4
369.0,3,charge,0.5953145773724033,3.969908067111624,298.4750858106407,3.0,4
370.0,1,charge,0.4720620038074334,3.9111565419763035,299.64195034943106,5.0,4
370.0,2,charge,0.3606804455365375,3.9079341995070505,300.1872739297502,7.5,4
370.0,3,charge,0.5955316974813412,3.970076917586588,298.4759606640459,3.0,4
371.0,1,charge,0.472388227382351,3.911311734471633,299.64470575017026,5.0,4
371.0,2,charge,0.3611988410735285,3.908457635686057,300.19251409707084,7.5,4
371.0,3,charge,0.5957488175902818,3.970245960842832,298.47683544159696,3.0,4
372.0,1,charge,0.4727144509572687,3.911474566280679,299.6474587525824,5.0,4
372.0,2,charge,0.36171723661051963,3.908980827667337,300.19775257961317,7.5,4
372.0,3,charge,0.5959659376992232,3.9704151989474323,298.477710143363,3.0,4
373.0,1,charge,0.47304067453218734,3.9116442650466414,299.6502094309314,5.0,4
373.0,2,charge,0.36223563214751076,3.9095037762058054,300.20298937737704,7.5,4
373.0,3,charge,0.5961830578081637,3.9705846326265535,298.47858476972164,3.0,4
374.0,1,charge,0.4733668981071082,3.9118201960399768,299.65295785527735,5.0,4
374.0,2,charge,0.3627540276845019,3.910026483711555,300.20822449276545,7.5,4
374.0,3,charge,0.5964001779171015,3.970754264274899,298.4794593206729,3.0,4
375.0,1,charge,0.4736931216820267,3.9120018206133347,299.65570409186904,5.0,4
375.0,2,charge,0.3632724232214926,3.910548962849669,300.21345794184543,7.5,4
375.0,3,charge,0.5966172980260419,3.970924096300407,298.48033379621677,3.0,4
376.0,1,charge,0.4740193452569442,3.912188669501715,299.65844820347996,5.0,4
376.0,2,charge,0.36379081875848374,3.911071204426584,300.21868971217015,7.5,4
376.0,3,charge,0.5968344181349827,3.9710941311242567,298.4812081963532,3.0,4
377.0,1,charge,0.47434556883186296,3.9123803306528315,299.6611902496668,5.0,4
377.0,2,charge,0.36430921429547486,3.91159320852619,300.2239198037394,7.5,4
377.0,3,charge,0.5970515382439232,3.971264371180887,298.48208252108225,3.0,4
378.0,1,charge,0.4746717924067838,3.912576443486353,299.663930286976,5.0,4
378.0,2,charge,0.36482760983246587,3.9121149750571966,300.22914821655337,7.5,4
378.0,3,charge,0.597268658352861,3.9714348189179516,298.4829567704039,3.0,4
379.0,1,charge,0.4749980159817014,3.9127766929103354,299.66666836913004,5.0,4
379.0,2,charge,0.365346005369457,3.9126365037529895,300.23437495061194,7.5,4
379.0,3,charge,0.5974857784618016,3.971605484378777,298.48383094543806,3.0,4
380.0,1,charge,0.4753242395566201,3.912980798794181,299.66940454722436,5.0,4
380.0,2,charge,0.3658644009064481,3.9131578018497537,300.23960002093395,7.5,4
380.0,3,charge,0.597702898570743,3.971776366153432,298.48470504561016,3.0,4
381.0,1,charge,0.4756504631315377,3.9131885117309837,299.6721388699088,5.0,4
381.0,2,charge,0.3663827964434392,3.9136788731917713,300.244823436155,7.5,4
381.0,3,charge,0.5979200186796836,3.9719474651980606,298.485579070694,3.0,4
382.0,1,charge,0.47597668670645615,3.9133996026797755,299.6748713835585,5.0,4
382.0,2,charge,0.3669011919804289,3.9141997101201156,300.2500451827713,7.5,4
382.0,3,charge,0.5981371387886203,3.972118784015016,298.4864530206893,3.0,4
383.0,1,charge,0.47630291028137695,3.9136138668208122,299.6776021324441,5.0,4
383.0,2,charge,0.36741958751742,3.914720311692146,300.2552652607829,7.5,4
383.0,3,charge,0.5983542588975611,3.9722903251198427,298.48732689559637,3.0,4
384.0,1,charge,0.4766291338562957,3.913831114214257,299.6803311588018,5.0,4
384.0,2,charge,0.3679379830544111,3.9152406767900865,300.26048367018984,7.5,4
384.0,3,charge,0.5985713790065018,3.9724620910412556,298.48820069541495,3.0,4
385.0,1,charge,0.47695535743121326,3.914051170403187,299.6830585030759,5.0,4
385.0,2,charge,0.3684563785914022,3.9157608041215273,300.26570041099194,7.5,4
385.0,3,charge,0.5987884991154395,3.972634084321146,298.48907442014513,3.0,4
386.0,1,charge,0.477281581006131,3.9142738765102205,299.6857842038506,5.0,4
386.0,2,charge,0.3689747741283933,3.916280705207261,300.27091551183526,7.5,4
386.0,3,charge,0.5990056192243802,3.9728063075260343,298.48994806978953,3.0,4
387.0,1,charge,0.47760780458104957,3.9144990820954604,299.68850829816165,5.0,4
387.0,2,charge,0.3694931696653844,3.916800373723742,300.27612896227106,7.5,4
387.0,3,charge,0.5992227393333216,3.9729787737320166,298.4908216466205,3.0,4
388.0,1,charge,0.4779340281559702,3.914726652805832,299.69123082136144,5.0,4
388.0,2,charge,0.37001156520237516,3.917319806143156,300.2813407584452,7.5,4
388.0,3,charge,0.5994398594422621,3.973151477396674,298.4916951488798,3.0,4
389.0,1,charge,0.47826025173088893,3.9149564604305396,299.69395180741765,5.0,4
389.0,2,charge,0.3705299607393663,3.917839000993454,300.28655090142,7.5,4
389.0,3,charge,0.5996569795511998,3.9733244211162724,298.4925685765674,3.0,4
390.0,1,charge,0.47858647530580656,3.915188388730767,299.69667128881485,5.0,4
390.0,2,charge,0.3710483562763574,3.918357956633952,300.2917593922576,7.5,4
390.0,3,charge,0.5998740996601403,3.973497607500052,298.49344192968334,3.0,4
391.0,1,charge,0.47891269888072524,3.9154223283505667,299.69938929677267,5.0,4
391.0,2,charge,0.3715667518133484,3.918876671256268,300.29696623201994,7.5,4
391.0,3,charge,0.6000912197690811,3.9736710391701995,298.4943152082277,3.0,4
392.0,1,charge,0.4792389224556428,3.915658177046721,299.70210586120686,5.0,4
392.0,2,charge,0.37208514735033954,3.9193951428854357,300.30217142176946,7.5,4
392.0,3,charge,0.6003083398780216,3.9738447187617725,298.4951884122004,3.0,4
393.0,1,charge,0.47956514603056366,3.9158958388029657,299.7048210108894,5.0,4
393.0,2,charge,0.37260354288733066,3.919913369381055,300.30737496256813,7.5,4
393.0,3,charge,0.6005254599869594,3.974018648922623,298.49606154160136,3.0,4
394.0,1,charge,0.47989136960548234,3.916135223421948,299.707534773418,5.0,4
394.0,2,charge,0.3731219384243218,3.9204313496699665,300.31257685855036,7.5,4
394.0,3,charge,0.6007425800959001,3.974192834103803,298.496934596871,3.0,4
395.0,1,charge,0.48021759318039997,3.916376244899544,299.71024717536386,5.0,4
395.0,2,charge,0.37364033396131296,3.920949088623017,300.31777712904875,7.5,4
395.0,3,charge,0.6009597002048415,3.974367284303244,298.49780757980926,3.0,4
396.0,1,charge,0.4805438167553187,3.916618823533396,299.7129582422271,5.0,4
396.0,2,charge,0.374158729498302,3.921466578179283,300.32297576152416,7.5,4
396.0,3,charge,0.6011768203137821,3.9745419954724257,298.49868048875913,3.0,4
397.0,1,charge,0.48087004033023933,3.9168628826448195,299.71566799857806,5.0,4
397.0,2,charge,0.3746771250352931,3.9219838158787192,300.32817275782656,7.5,4
397.0,3,charge,0.6013939404227189,3.9747169703120155,298.4995533237207,3.0,4
398.0,1,charge,0.4811962639051579,3.9171083511394693,299.71837646801555,5.0,4
398.0,2,charge,0.37519552057228417,3.922500799104233,300.3333681198059,7.5,4
398.0,3,charge,0.6016110605316595,3.974892211535163,298.500426084694,3.0,4
399.0,1,charge,0.48152248748007564,3.9173551610658404,299.72108367328457,5.0,4
399.0,2,charge,0.3757139161092753,3.923017525083296,300.33856184931227,7.5,4
399.0,3,charge,0.6018281806406002,3.975067721867375,298.50129877167905,3.0,4
400.0,1,charge,0.4818487110549943,3.9176032483078878,299.7237896362545,5.0,4
400.0,2,charge,0.3762323116462664,3.9235339908896543,300.34375394819546,7.5,4
400.0,3,charge,0.602045300749538,3.9752435040464364,298.5021713846757,3.0,4
401.0,1,charge,0.482174934629912,3.9178525520312064,299.7264943780028,5.0,4
401.0,2,charge,0.3767507071832576,3.924050193445096,300.34894441830545,7.5,4
401.0,3,charge,0.6022624208584785,3.975419560822296,298.5030439236841,3.0,4
402.0,1,charge,0.48250115820483286,3.9181030142081124,299.7291979187971,5.0,4
402.0,2,charge,0.37726910272024866,3.9245661295213354,300.35413326149234,7.5,4
402.0,3,charge,0.60247954096742,3.975595898465726,298.5039163896376,3.0,4
403.0,1,charge,0.4828273817797516,3.918354579655142,299.73190027821914,5.0,4
403.0,2,charge,0.37778749825723973,3.9250817965543967,300.35932048314993,7.5,4
403.0,3,charge,0.6026966610763604,3.975772523636925,298.50478878356864,3.0,4
404.0,1,charge,0.4831536053546691,3.91860719571578,299.73460147513725,5.0,4
404.0,2,charge,0.37830589379423085,3.9255971915374035,300.3645060873632,7.5,4
404.0,3,charge,0.6029137811852981,3.975949434014365,298.5056611041177,3.0,4
405.0,1,charge,0.48347982892958785,3.918860812702178,299.7373015276317,5.0,4
405.0,2,charge,0.378824289331222,3.92611231011852,300.3696900729807,7.5,4
405.0,3,charge,0.6031309012942387,3.9761266323978717,298.50653335128465,3.0,4
406.0,1,charge,0.48380605250450853,3.9191153822235725,299.74000045330683,5.0,4
406.0,2,charge,0.3793426848682131,3.926627148554119,300.3748724421259,7.5,4
406.0,3,charge,0.6033480214031794,3.9763041215988792,298.50740552506954,3.0,4
407.0,1,charge,0.48413227607942727,3.9193708581479116,299.7426982691139,5.0,4
407.0,2,charge,0.3798610804052038,3.9271417029610873,300.38005319692235,7.5,4
407.0,3,charge,0.60356514151212,3.9764819044402717,298.50827762547243,3.0,4
408.0,1,charge,0.4844584996543448,3.9196271978572783,299.7453949912022,5.0,4
408.0,2,charge,0.38037947594219496,3.9276559693191264,300.3852323394937,7.5,4
408.0,3,charge,0.6037822616210577,3.97665998375627,298.5091496524932,3.0,4
409.0,1,charge,0.4847847232292635,3.9198843586797323,299.74809063540835,5.0,4
409.0,2,charge,0.3808978714791861,3.928169943473085,300.3904098719636,7.5,4
409.0,3,charge,0.6039993817299985,3.976838362392246,298.51002160613194,3.0,4
410.0,1,charge,0.48511094680418104,3.920142300142075,299.75078521696145,5.0,4
410.0,2,charge,0.38141626701617715,3.928683621135394,300.3955857964554,7.5,4
410.0,3,charge,0.6042165018389398,3.9770170488981895,298.51089348804385,3.0,4
411.0,1,charge,0.48543717037910206,3.9204009850047976,299.75347875036624,5.0,4
411.0,2,charge,0.38193466255316827,3.9291969978885293,300.4007601150929,7.5,4
411.0,3,charge,0.6044336219478805,3.977196047016167,298.51176529848146,3.0,4
412.0,1,charge,0.48576339395402074,3.920660375918416,299.75617124983506,5.0,4
412.0,2,charge,0.38245305809015934,3.929710068154095,300.4059328303988,7.5,4
412.0,3,charge,0.6046507420568172,3.977375355909658,298.5126370363637,3.0,4
413.0,1,charge,0.48608961752893826,3.920920437474299,299.7588627290385,5.0,4
413.0,2,charge,0.38297145362715046,3.9302228276506104,300.411103944346,7.5,4
413.0,3,charge,0.6048678621657579,3.9775549785784565,298.5135087017219,3.0,4
414.0,1,charge,0.48641584110385705,3.921181136474034,299.7615532010698,5.0,4
414.0,2,charge,0.3834898491641402,3.930735271756538,300.41627345899155,7.5,4
414.0,3,charge,0.6050849822746985,3.9777349180328807,298.5143802945876,3.0,4
415.0,1,charge,0.4867420646787777,3.921442440287401,299.76424267868083,5.0,4
415.0,2,charge,0.3840082447011313,3.931247395514428,300.4214413764765,7.5,4
415.0,3,charge,0.6053021023836364,3.9779151772935566,298.51525181499227,3.0,4
416.0,1,charge,0.4870682882536964,3.9217043177731883,299.76693117416306,5.0,4
416.0,2,charge,0.38452664023812244,3.9317591938501115,300.42660769894184,7.5,4
416.0,3,charge,0.6055192224925771,3.978095759391234,298.5161232629673,3.0,4
417.0,1,charge,0.487394511828614,3.9219667392069892,299.76961869934183,5.0,4
417.0,2,charge,0.3850450357751135,3.9322706615754797,300.43177242852835,7.5,4
417.0,3,charge,0.6057363426015184,3.9782766673665906,298.5169946385442,3.0,4
418.0,1,charge,0.48772073540353267,3.92222967578134,299.7723052656926,5.0,4
418.0,2,charge,0.3855634313121046,3.9327817933914195,300.4369355673772,7.5,4
418.0,3,charge,0.6059534627104589,3.9784579042700225,298.5178659417543,3.0,4
419.0,1,charge,0.4880469589784502,3.922493099778991,299.7749908843008,5.0,4
419.0,2,charge,0.3860818268490957,3.933292583890685,300.44209711762915,7.5,4
419.0,3,charge,0.6061705828193968,3.9786394731614014,298.51873717262913,3.0,4
420.0,1,charge,0.4883731825533712,3.922756985029232,299.77767556578056,5.0,4
420.0,2,charge,0.3866002223860868,3.9338030271227575,300.44725708109604,7.5,4
420.0,3,charge,0.6063877029283372,3.978821377109873,298.5196083312002,3.0,4
421.0,1,charge,0.4886994061282898,3.923021305782729,299.78035932049306,5.0,4
421.0,2,charge,0.38711861792307756,3.934313114343227,300.45241545756886,7.5,4
421.0,3,charge,0.6066048230372778,3.979003619193619,298.52047941749885,3.0,4
422.0,1,charge,0.48902562970320745,3.923286037185748,299.78304215845964,5.0,4
422.0,2,charge,0.3876370134600687,3.93482284241925,300.45757225113044,7.5,4
422.0,3,charge,0.6068219431462183,3.9791862024996068,298.5213504315566,3.0,4
423.0,1,charge,0.4893518532781259,3.9235511551563618,299.7857240893898,5.0,4
423.0,2,charge,0.38815540899705975,3.9353322054913553,300.46272746388524,7.5,4
423.0,3,charge,0.6070390632551562,3.9793691301233514,298.52222137340476,3.0,4
424.0,1,charge,0.4896780768530469,3.923816636717113,299.7884051226311,5.0,4
424.0,2,charge,0.38867380453405087,3.93584119760727,300.46788109793783,7.5,4
424.0,3,charge,0.6072561833640968,3.979552405168639,298.52309224307504,3.0,4
425.0,1,charge,0.4900043004279655,3.9240824613438288,299.79108526694574,5.0,4
425.0,2,charge,0.38919220007104194,3.936349812725129,300.4730331553929,7.5,4
425.0,3,charge,0.6074733034730382,3.9797360376478297,298.523963042938,3.0,4
426.0,1,charge,0.49033052400288313,3.9243486065864115,299.7937645312591,5.0,4
426.0,2,charge,0.38971059560803306,3.9368580447166677,300.4781836383548,7.5,4
426.0,3,charge,0.6076904235819751,3.979920025978486,298.52483377142914,3.0,4
427.0,1,charge,0.4906567475778018,3.924615051531388,299.79644292407886,5.0,4
427.0,2,charge,0.3902289911450242,3.937365887370474,300.4833325489281,7.5,4
427.0,3,charge,0.6079075436909157,3.9801043727127743,298.52570442838424,3.0,4
428.0,1,charge,0.4909829711527194,3.924881775780041,299.799120453674,5.0,4
428.0,2,charge,0.3907473866820152,3.937873334395265,300.48847988921744,7.5,4
428.0,3,charge,0.6081246637998563,3.9802890810844884,298.52657501386784,3.0,4
429.0,1,charge,0.49130919472764034,3.9251487611109264,299.80179712778494,5.0,4
429.0,2,charge,0.3912657822190064,3.9383803794231804,300.4936256613273,7.5,4
429.0,3,charge,0.6083417839087969,3.9804741543344493,298.5274455279444,3.0,4
430.0,1,charge,0.4916354183025591,3.9254159899961936,299.80447295389206,5.0,4
430.0,2,charge,0.3917841777559975,3.9388870160131013,300.4987698673622,7.5,4
430.0,3,charge,0.6085589040177346,3.9806595957102355,298.5283159706785,3.0,4
431.0,1,charge,0.4919616418774766,3.9256834435051413,299.80714793959334,5.0,4
431.0,2,charge,0.39230257329298857,3.9393932376540235,300.50391250942675,7.5,4
431.0,3,charge,0.6087760241266753,3.980845408465835,298.5291863421345,3.0,4
432.0,1,charge,0.4922878654523953,3.9259511041536648,299.80982209210424,5.0,4
432.0,2,charge,0.3928209688299797,3.9398990377683942,300.5090535896256,7.5,4
432.0,3,charge,0.6089931442356166,3.9810315958613356,298.5300566423771,3.0,4
433.0,1,charge,0.49261408902731607,3.9262189549279176,299.81249541843636,5.0,4
433.0,2,charge,0.39333936436697076,3.940404409715509,300.514193110063,7.5,4
433.0,3,charge,0.6092102643445572,3.9812181611626043,298.5309268714706,3.0,4
434.0,1,charge,0.49294031260223475,3.9264869813147385,299.8151679249809,5.0,4
434.0,2,charge,0.3938577599039615,3.9409093445971317,300.51933107130264,7.5,4
434.0,3,charge,0.609427384453495,3.98140510764092,298.53179702947983,3.0,4
435.0,1,charge,0.49326653617715227,3.926755167395065,299.81783961832156,5.0,4
435.0,2,charge,0.39437615544095267,3.9414138333231485,300.52446747381424,7.5,4
435.0,3,charge,0.6096445045624357,3.981592438572622,298.532667116469,3.0,4
436.0,1,charge,0.4935927597520699,3.9270234979845444,299.8205105047961,5.0,4
436.0,2,charge,0.39489455097794374,3.9419178722636965,300.52960232193317,7.5,4
436.0,3,charge,0.609861624671376,3.9817801572387705,298.5335371325028,3.0,4
437.0,1,charge,0.4939189833269885,3.927291958604192,299.82318059050624,5.0,4
437.0,2,charge,0.3954129465149348,3.942421454470264,300.53473561770136,7.5,4
437.0,3,charge,0.6100787447803167,3.9819682669247594,298.5344070776456,3.0,4
438.0,1,charge,0.49424520690190954,3.927560535323902,299.8258498813414,5.0,4
438.0,2,charge,0.3959313420519259,3.942924572948494,300.5398673631609,7.5,4
438.0,3,charge,0.6102958648892546,3.982156770919926,298.53527695196203,3.0,4
439.0,1,charge,0.49457143047682817,3.927829215179207,299.82851838283483,5.0,4
439.0,2,charge,0.396449737588917,3.943427220661653,300.5449975603539,7.5,4
439.0,3,charge,0.6105129849981953,3.9823456728561943,298.53614675570225,3.0,4
440.0,1,charge,0.4948976540517455,3.9280979849445514,299.83118610058966,5.0,4
440.0,2,charge,0.3969681331259068,3.943929390534138,300.5501262113224,7.5,4
440.0,3,charge,0.6107301051071367,3.9825349769811895,298.5370164894512,3.0,4
441.0,1,charge,0.4952238776266642,3.9283668320837726,299.8338530399499,5.0,4
441.0,2,charge,0.3974865286628979,3.9444310754549265,300.5552533181085,7.5,4
441.0,3,charge,0.6109472252160736,3.982724685692461,298.53788615277955,3.0,4
442.0,1,charge,0.4955501012015851,3.928635744467689,299.83651920609844,5.0,4
442.0,2,charge,0.39800492419988903,3.9449322682810664,300.56037888275415,7.5,4
442.0,3,charge,0.6111643453250143,3.982914802324639,298.53875574576983,3.0,4
443.0,1,charge,0.49587632477650373,3.928904710409503,299.83918460401736,5.0,4
443.0,2,charge,0.3985233197368801,3.9454329618411745,300.56550290730155,7.5,4
443.0,3,charge,0.6113814654339547,3.9831053302143298,298.5396252685046,3.0,4
444.0,1,charge,0.49620254835142147,3.929173718612252,299.8418492385213,5.0,4
444.0,2,charge,0.39904171527387117,3.945933148938898,300.5706253937927,7.5,4
444.0,3,charge,0.6115985855428953,3.9832962726996284,298.54049472106635,3.0,4
445.0,1,charge,0.496528771926339,3.929442758046335,299.84451311435197,5.0,4
445.0,2,charge,0.3995601108108623,3.9464328223563925,300.57574634426965,7.5,4
445.0,3,charge,0.6118157056518331,3.9834876331197178,298.54136410353766,3.0,4
446.0,1,charge,0.4968549955012576,3.929711818050185,299.8471762360817,5.0,4
446.0,2,charge,0.4000785063478531,3.9469319748577822,300.5808657607745,7.5,4
446.0,3,charge,0.6120328257607737,3.9836794148143797,298.5422334160011,3.0,4
447.0,1,charge,0.4971812190761786,3.9299808882722456,299.84983860815333,5.0,4
447.0,2,charge,0.40059690188484415,3.9474305991926095,300.58598364534924,7.5,4
447.0,3,charge,0.6122499458697153,3.9838716211235132,298.5431026585392,3.0,4
448.0,1,charge,0.4975074426510973,3.930249958842529,299.8525002348327,5.0,4
448.0,2,charge,0.4011152974218352,3.9479286875913244,300.5910999997258,7.5,4
448.0,3,charge,0.6124670659786556,3.984064255386669,298.54397183123456,3.0,4
449.0,1,charge,0.4978336662260146,3.930519020154607,299.85516112027176,5.0,4
449.0,2,charge,0.40163369295882634,3.948426232153953,300.5962148255607,7.5,4
449.0,3,charge,0.6126841860875935,3.984257320942557,298.54484093416966,3.0,4
450.0,1,charge,0.49815988980093334,3.9307880628840723,299.8578212685054,5.0,4
450.0,2,charge,0.40215208849581746,3.948923225563386,300.60132812486904,7.5,4
450.0,3,charge,0.612901306196534,3.984450821128522,298.5457099674272,3.0,4
450.0,1,charge,0.4981598898009343,3.9307880628840723,299.8578212685054,5.0,5
450.0,1,charge,0.49815988980093334,3.9307880628840723,299.8578212685054,5.0,5
450.0,2,charge,0.4021520884958163,3.948923225563386,300.60132812486904,7.0,5
450.0,2,charge,0.40215208849581746,3.94184043098539,300.60132812486904,7.0,5
450.0,3,charge,0.612901306196534,3.984450821128522,298.5457099674272,3.0,5
450.0,3,charge,0.612901306196534,3.984450821128522,298.5457099674272,3.0,5
451.0,1,charge,0.4984861133758543,3.9310570882192843,299.8604806565259,5.0,5
451.0,2,charge,0.40263592433034057,3.9416621876544484,300.6058731357075,7.0,5
451.0,3,charge,0.6131184263054745,3.9846447458965177,298.5465788963125,3.0,5
452.0,1,charge,0.498812336950773,3.9313260669215895,299.8631393398044,5.0,5
452.0,2,charge,0.40311976016486706,3.941681228207989,300.6104117332688,7.0,5
452.0,3,charge,0.6133355464144152,3.9848391120408895,298.54744775577666,3.0,5
453.0,1,charge,0.4991385605256905,3.931594999399249,299.86579729912853,5.0,5
453.0,2,charge,0.40360359599939016,3.9417826123214734,300.6149442168569,7.0,5
453.0,3,charge,0.613552666523353,3.985033921244705,298.5483165414843,3.0,5
454.0,1,charge,0.49946478410060813,3.9318638777415895,299.8684545375456,5.0,5
454.0,2,charge,0.4040874318339153,3.9419309013049944,300.61947086913597,7.0,5
454.0,3,charge,0.6137697866322936,3.985229180197692,298.54918526263947,3.0,5
455.0,1,charge,0.4997910076755267,3.9321326955566613,299.87111105753206,5.0,5
455.0,2,charge,0.40457126766844215,3.9421111600440235,300.62399195165386,7.0,5
455.0,3,charge,0.613986906741235,3.9854248989401952,298.55005393748274,3.0,5
456.0,1,charge,0.5001172312504475,3.9324014455597665,299.87376686205954,5.0,5
456.0,2,charge,0.40505510350296525,3.9423156225300904,300.628507706245,7.0,5
456.0,3,charge,0.6142040268501757,3.985621070474107,298.55092253839507,3.0,5
457.0,1,charge,0.5004434548253662,3.932670120395498,299.8764219543087,5.0,5
457.0,2,charge,0.40553893933749047,3.942539336810042,300.6330183566284,7.0,5
457.0,3,charge,0.6144211469591128,3.9858177024402153,298.5517910778933,3.0,5
458.0,1,charge,0.5007696784002837,3.932938713823928,299.8790763370077,5.0,5
458.0,2,charge,0.40602277517201596,3.9427790879836757,300.63752410991333,7.0,5
458.0,3,charge,0.614638267068053,3.986014797073363,298.5526595532961,3.0,5
459.0,1,charge,0.5010959019752024,3.933207218574079,299.8817300133983,5.0,5
459.0,2,charge,0.40650661100654034,3.9430325930610213,300.6420251580375,7.0,5
459.0,3,charge,0.6148553871769936,3.986212355745078,298.553527959172,3.0,5
460.0,1,charge,0.5014221255501199,3.9334756279614007,299.88438298650493,5.0,5
460.0,2,charge,0.4069904468410655,3.943298055327248,300.6465216791436,7.0,5
460.0,3,charge,0.6150725072859315,3.986410382491715,298.55439629869153,3.0,5
461.0,1,charge,0.501748349125041,3.933743935195146,299.8870352593974,5.0,5
461.0,2,charge,0.4074742826755911,3.943574013703571,300.6510138388353,7.0,5
461.0,3,charge,0.6152896273948721,3.9866088802350905,298.55526456904016,3.0,5
462.0,1,charge,0.5020745726999596,3.9340121341374825,299.88968683489196,5.0,5
462.0,2,charge,0.4079581185101151,3.943859316755482,300.655501791301,7.0,5
462.0,3,charge,0.6155067475038136,3.986807852029078,298.5561327706632,3.0,5
463.0,1,charge,0.5024007962748772,3.9342802183826038,299.8923377159223,5.0,5
463.0,2,charge,0.4084419543446406,3.944153062610713,300.65998568032325,7.0,5
463.0,3,charge,0.615723867612754,3.9870073009386604,298.5570009044788,3.0,5
464.0,1,charge,0.5027270198497958,3.9345481830358136,299.894987904748,5.0,5
464.0,2,charge,0.40892579017916614,3.94445447272731,300.6644656401974,7.0,5
464.0,3,charge,0.6159409877216918,3.9872072299790697,298.5578689704868,3.0,5
465.0,1,charge,0.5030532434247167,3.9348160215600183,299.8976374044029,5.0,5
465.0,2,charge,0.40940962601369013,3.9447628390036638,300.66894179656384,7.0,5
465.0,3,charge,0.6161581078306324,3.9874076421547846,298.55873696868736,3.0,5
466.0,1,charge,0.5033794669996353,3.9350837280263455,299.9002862176556,5.0,5
466.0,2,charge,0.40989346184821573,3.94507754526591,300.67341426715564,7.0,5
466.0,3,charge,0.6163752279395728,3.9876085497389973,298.55960489953844,3.0,5
467.0,1,charge,0.5037056905745528,3.935351298845562,299.90293434620094,5.0,5
467.0,2,charge,0.41037729768274095,3.9453980740468504,300.67788316246634,7.0,5
467.0,3,charge,0.6165923480485135,3.9878099475803115,298.56047276263826,3.0,5
468.0,1,charge,0.5040319141494716,3.9356187276294916,299.9055817930529,5.0,5
468.0,2,charge,0.41086113351726394,3.945723968515166,300.6823485863473,7.0,5
468.0,3,charge,0.6168094681574504,3.9880118386380996,298.56134055798617,3.0,5
469.0,1,charge,0.5043581377243891,3.9358860089921306,299.9082285607748,5.0,5
469.0,2,charge,0.41134496935179077,3.9460548137835634,300.686810636542,7.0,5
469.0,3,charge,0.6170265882663918,3.988214225868516,298.56220828558224,3.0,5
470.0,1,charge,0.5046843612993102,3.9361531399656062,299.9108746508248,5.0,5
470.0,2,charge,0.411828805186316,3.946390234565494,300.6912694051874,7.0,5
470.0,3,charge,0.6172437083753325,3.988417112213406,298.56307594542653,3.0,5
471.0,1,charge,0.5050105848742288,3.9364201147983766,299.91352006596605,5.0,5
471.0,2,charge,0.41231264102083914,3.946729899179589,300.695724979243,7.0,5
471.0,3,charge,0.6174608284842704,3.9886205005995707,298.5639435375189,3.0,5
472.0,1,charge,0.5053368084491461,3.9366869286673807,299.916164808547,5.0,5
472.0,2,charge,0.4127964768553656,3.94707349894853,300.70017744093803,7.0,5
472.0,3,charge,0.6176779485932111,3.9888243939379633,298.5648110618596,3.0,5
473.0,1,charge,0.5056630320240647,3.936953578821556,299.91880887997684,5.0,5
473.0,2,charge,0.4132803126898912,3.9474207626487665,300.70462686809395,7.0,5
473.0,3,charge,0.6178950687021513,3.9890287951229557,298.56567851844835,3.0,5
474.0,1,charge,0.5059892555989858,3.937220060256341,299.921452282717,5.0,5
474.0,2,charge,0.4137641485244142,3.947771444570156,300.709073334427,7.0,5
474.0,3,charge,0.618112188811092,3.9892337070315484,298.56654590728533,3.0,5
475.0,1,charge,0.5063154791739044,3.937486368653926,299.92409501892786,5.0,5
475.0,2,charge,0.4142479843589406,3.948125317183081,300.71351690987007,7.0,5
475.0,3,charge,0.6183293089200296,3.989439132522567,298.5674132283704,3.0,5
476.0,1,charge,0.506641702748822,3.9377525013512815,299.9267370900261,5.0,5
476.0,2,charge,0.4147318201934637,3.948482171408758,300.71795766085074,7.0,5
476.0,3,charge,0.6185464290289703,3.989645074435857,298.5682804817037,3.0,5
477.0,1,charge,0.5069679263237395,3.9380184540843195,299.9293784981762,5.0,5
477.0,2,charge,0.415215656027989,3.94884181222148,300.7223956505082,7.0,5
477.0,3,charge,0.6187635491379118,3.989851535591451,298.5691476672851,3.0,5
478.0,1,charge,0.5072941498986582,3.9382842229447514,299.9320192453941,5.0,5
478.0,2,charge,0.4156994918625158,3.9492040635726706,300.726830938892,7.0,5
478.0,3,charge,0.6189806692468522,3.9900585187887847,298.5700147851147,3.0,5
479.0,1,charge,0.5076203734735792,3.938549805421276,299.9346593330725,5.0,5
479.0,2,charge,0.4161833276970388,3.9495687528981627,300.7312635833712,7.0,5
479.0,3,charge,0.6191977893557902,3.9902660268058083,298.57088183519244,3.0,5
480.0,1,charge,0.5079465970484979,3.9388151978591877,299.93729876313984,5.0,5
480.0,2,charge,0.41666716353156413,3.949935735376936,300.73569363837163,7.0,5
480.0,3,charge,0.6194149094647309,3.990474062398167,298.57174881751837,3.0,5
481.0,1,charge,0.5082728206234152,3.9390803967273795,299.939937537482,5.0,5
481.0,2,charge,0.41715099936609096,3.9503048588663625,300.74012115625123,7.0,5
481.0,3,charge,0.6196320295736711,3.990682631973243,298.572615733494,3.0,5
482.0,1,charge,0.5085990441983339,3.939345399700071,299.9425756574512,5.0,5
482.0,2,charge,0.41763483520061395,3.950675992073126,300.74454618676515,7.0,5
482.0,3,charge,0.619849149682612,3.990891739180202,298.5734825834757,3.0,5
483.0,1,charge,0.5089252677732549,3.9396102036461533,299.94521312477866,5.0,5
483.0,2,charge,0.4181186710351392,3.95104901190612,300.74896877755634,7.0,5
483.0,3,charge,0.6200662697915489,3.991101383779978,298.5743493663474,3.0,5
484.0,1,charge,0.5092514913481735,3.9398748053857497,299.94784994123216,5.0,5
484.0,2,charge,0.41860250686966616,3.951423798130003,300.753388974363,7.0,5
484.0,3,charge,0.6202833899004903,3.9913115684328933,298.57521608210897,3.0,5
485.0,1,charge,0.5095777149230912,3.9401392027886635,299.95048610811733,5.0,5
485.0,2,charge,0.419086342704189,3.951800245513234,300.7578068206771,7.0,5
485.0,3,charge,0.6205005100094309,3.9915222957725627,298.57608273076056,3.0,5
486.0,1,charge,0.5099039384980087,3.9404033931853895,299.9531216269972,5.0,5
486.0,2,charge,0.41957017853871437,3.9521782499074485,300.76222235849383,7.0,5
486.0,3,charge,0.6207176301183688,3.991733568404978,298.5769493123021,3.0,5
487.0,1,charge,0.5102301620729274,3.9406673737255913,299.95575649953025,5.0,5
487.0,2,charge,0.42005401437324,3.9525577154205047,300.7666356277972,7.0,5
487.0,3,charge,0.6209347502273096,3.9919453889075944,298.5778158267336,3.0,5
488.0,1,charge,0.5105563856478484,3.9409311426407054,299.95839072690114,5.0,5
488.0,2,charge,0.42053785020776385,3.9529385510623776,300.7710466671514,7.0,5
488.0,3,charge,0.6211518703362497,3.992157759828392,298.5786822740551,3.0,5
489.0,1,charge,0.5108826092227671,3.9411946977622003,299.96102431048695,5.0,5
489.0,2,charge,0.4210216860422894,3.953320670744773,300.7754555134503,7.0,5
489.0,3,charge,0.6213689904451901,3.9923706879320786,298.5795486562328,3.0,5
490.0,1,charge,0.5112088327976844,3.941458036570695,299.963657251836,5.0,5
490.0,2,charge,0.42150552187681506,3.953703992239353,300.7798622022378,7.0,5
490.0,3,charge,0.621586110554128,3.9925841742219195,298.58041497257744,3.0,5
491.0,1,charge,0.5115350563726031,3.9417211568067336,299.96628955239265,5.0,5
491.0,2,charge,0.4219893577113389,3.954088438347922,300.7842667676321,7.0,5
491.0,3,charge,0.6218032306630686,3.992798219762787,298.5812812224447,3.0,5
492.0,1,charge,0.5118612799475241,3.9419840562423487,299.9689212135998,5.0,5
492.0,2,charge,0.42247319354586454,3.9544739357065364,300.7886692424704,7.0,5
492.0,3,charge,0.62202035077201,3.9930128269774796,298.5821474058345,3.0,5
493.0,1,charge,0.5121875035224427,3.9422467337205744,299.97155223643534,5.0,5
493.0,2,charge,0.4229570293803899,3.954860414113007,300.79306965838765,7.0,5
493.0,3,charge,0.6222374708809507,3.993227998254533,298.58301352274685,3.0,5
494.0,1,charge,0.5125137270973603,3.942509187437122,299.9741826221779,5.0,5
494.0,2,charge,0.42344086521491275,3.955247808121266,300.7974680457625,7.0,5
494.0,3,charge,0.6224545909898888,3.993443735947249,298.5838795731817,3.0,5
495.0,1,charge,0.5128399506722778,3.9427714152666704,299.9768123722626,5.0,5
495.0,2,charge,0.42392470104943963,3.955636054559271,300.80186443396326,7.0,5
495.0,3,charge,0.6226717110988294,3.993660042372679,298.5847455571392,3.0,5
496.0,1,charge,0.5131661742471963,3.9430334154671467,299.9794414879654,5.0,5
496.0,2,charge,0.4244085368839649,3.956025093665551,300.80625885116586,7.0,5
496.0,3,charge,0.6228888312077694,3.9938769198106367,298.58561147461916,3.0,5
497.0,1,charge,0.5134923978221175,3.94329518636155,299.9820699705461,5.0,5
497.0,2,charge,0.42489237271848795,3.9564148684847016,300.81065132463436,7.0,5
497.0,3,charge,0.6231059513167065,3.9940943754617253,298.5864773281902,3.0,5
498.0,1,charge,0.5138186213970359,3.943556726880119,299.9846978210097,5.0,5
498.0,2,charge,0.4253762085530144,3.9568053244681067,300.8150418805763,7.0,5
498.0,3,charge,0.6233230714256472,3.994312408104694,298.58734311607583,3.0,5
499.0,1,charge,0.5141448449719536,3.9438180356757337,299.9873250404943,5.0,5
499.0,2,charge,0.42586004438754,3.9571964094673784,300.819430544323,7.0,5
499.0,3,charge,0.6235401915345886,3.9945310195914097,298.5882088381143,3.0,5
500.0,1,charge,0.5144710685468721,3.944079111261158,299.9899516302109,5.0,5
500.0,2,charge,0.426343880222063,3.957588073714816,300.8238173402955,7.0,5
500.0,3,charge,0.6237573116435293,3.9947502120445675,298.5890744943057,3.0,5
501.0,1,charge,0.5147972921217933,3.944339952409878,299.9925775912679,5.0,5
501.0,2,charge,0.42682771605658953,3.957980269524466,300.82820229206936,7.0,5
501.0,3,charge,0.6239744317524671,3.994969987544521,298.58994008465,3.0,5
502.0,1,charge,0.5151235156967108,3.9446005579791814,299.9952029247479,5.0,5
502.0,2,charge,0.42731155189111253,3.9583729512728674,300.8325854224047,7.0,5
502.0,3,charge,0.6241915518614076,3.9951903481282254,298.59080560914714,3.0,5
503.0,1,charge,0.5154497392716294,3.944860926866677,299.99782763173545,5.0,5
503.0,2,charge,0.4277953877256378,3.958766075719417,300.83696675324,7.0,5
503.0,3,charge,0.6244086719703478,3.9954112957881778,298.5916710677971,3.0,5
504.0,1,charge,0.5157759628465468,3.945121058078925,300.0004517132736,5.0,5
504.0,2,charge,0.4282792235601646,3.9591596005427157,300.84134630587073,7.0,5
504.0,3,charge,0.6246257920792884,3.995632833048951,298.5925364609283,3.0,5
505.0,1,charge,0.5161021864214655,3.9453809507241306,300.0030751703685,5.0,5
505.0,2,charge,0.4287630593946877,3.9595534849772767,300.8457241009107,7.0,5
505.0,3,charge,0.6248429121882254,3.9958549655646936,298.5934017906728,3.0,5
506.0,1,charge,0.5164284099963864,3.945640603976927,300.00569800401115,5.0,5
506.0,2,charge,0.42924689522921294,3.9599476916603473,300.85010015801964,7.0,5
506.0,3,charge,0.6250600322971668,3.996077692177596,298.59426705531695,3.0,5
507.0,1,charge,0.5167546335713049,3.9459000170930647,300.00832021516817,5.0,5
507.0,2,charge,0.4297307310637398,3.960342183149644,300.85447449644687,7.0,5
507.0,3,charge,0.6252771524061075,3.9963010147640974,298.59513225490053,3.0,5
508.0,1,charge,0.5170808571462226,3.946159188853069,300.0109418050447,5.0,5
508.0,2,charge,0.4302145668982626,3.9607369229052765,300.85884713489963,7.0,5
508.0,3,charge,0.6254942725150454,3.996524935151062,298.5959973894634,3.0,5
509.0,1,charge,0.5174070807211402,3.946418118537424,300.01356277462355,5.0,5
509.0,2,charge,0.43069840273278803,3.961131876087967,300.8632180914316,7.0,5
509.0,3,charge,0.6257113926239858,3.9967494551146734,298.59686245904527,3.0,5
510.0,1,charge,0.5177333042960587,3.946676805773431,300.01618312473744,5.0,5
510.0,2,charge,0.4311822385673136,3.961527011928716,300.86758738305247,7.0,5
510.0,3,charge,0.6259285127329259,3.9969745763793614,298.597727463686,3.0,5
511.0,1,charge,0.5180595278709799,3.9469352500527544,300.0188028562966,5.0,5
511.0,2,charge,0.4316660744018374,3.9619222971723462,300.8719550268465,7.0,5
511.0,3,charge,0.6261456328418666,3.997200300616726,298.59859240342524,3.0,5
512.0,1,charge,0.5183857514458985,3.9471934509466524,300.02142197018725,5.0,5
512.0,2,charge,0.43214991023636307,3.962317700718164,300.8763210392057,7.0,5
512.0,3,charge,0.6263627529508047,3.997426629444452,298.5994572783029,3.0,5
513.0,1,charge,0.5187119750208158,3.947451408105759,300.0240404672715,5.0,5
513.0,2,charge,0.4326337460708884,3.9627131935707847,300.88068543581784,7.0,5
513.0,3,charge,0.6265798730597452,3.9976535644252182,298.6003220883587,3.0,5
514.0,1,charge,0.5190381985957345,3.947709121259873,300.0266583483874,5.0,5
514.0,2,charge,0.4331175819054113,3.9631087481720826,300.88504823180807,7.0,5
514.0,3,charge,0.6267969931686856,3.9978811070656217,298.6011868336325,3.0,5
515.0,1,charge,0.5193644221706556,3.947966590217749,300.02927561434876,5.0,5
515.0,2,charge,0.4336014177399377,3.963504336577468,300.88940944210873,7.0,5
515.0,3,charge,0.6270141132776237,3.9981092588150933,298.60205151416403,3.0,5
516.0,1,charge,0.5196906457455741,3.9482238139217856,300.0318922663918,5.0,5
516.0,2,charge,0.4340852535744634,3.9638999323640385,300.8937690810968,7.0,5
516.0,3,charge,0.6272312333865641,3.9983380210647903,298.60291612999305,3.0,5
517.0,1,charge,0.5200168693204917,3.948480791619939,300.0345083056221,5.0,5
517.0,2,charge,0.4345690894089863,3.9642955106562208,300.89812716250844,7.0,5
517.0,3,charge,0.627448353495504,3.998567396749181,298.60378068223605,3.0,5
518.0,1,charge,0.5203430928954105,3.948737523974475,300.03712373248993,5.0,5
518.0,2,charge,0.4350529252435129,3.964691046937425,300.9024836998389,7.0,5
518.0,3,charge,0.6276654736044448,3.998797386995,298.60464517083363,3.0,5
519.0,1,charge,0.5206693164703279,3.9489940109253268,300.0397385477997,5.0,5
519.0,2,charge,0.43553676107803574,3.965086517653,300.9068387061451,7.0,5
519.0,3,charge,0.6278825937133828,3.9990279922042298,298.60550959528194,3.0,5
520.0,1,charge,0.5209955400452491,3.949250252478698,300.0423527523372,5.0,5
520.0,2,charge,0.4360205969125611,3.9654819001095145,300.91119219406585,7.0,5
520.0,3,charge,0.6280997138223233,3.999259213571043,298.6063739556515,3.0,5
521.0,1,charge,0.5213217636201677,3.949506248706896,300.04496634686984,5.0,5
521.0,2,charge,0.43650443274708794,3.965877172413852,300.9155441758048,7.0,5
521.0,3,charge,0.6283168339312639,3.999491052226036,298.60723825201273,3.0,5
522.0,1,charge,0.5216479871950852,3.949761999748131,300.0475793321465,5.0,5
522.0,2,charge,0.4369882685816108,3.9662723133641027,300.91989466328323,7.0,5
522.0,3,charge,0.628533954040202,3.999723509235186,298.6081024844361,3.0,5
523.0,1,charge,0.5219742107700036,3.9500175058063514,300.05019170889767,5.0,5
523.0,2,charge,0.43747210441613626,3.9666673024517745,300.92424366805284,7.0,5
523.0,3,charge,0.6287510741491427,3.9999565855987287,298.608966652992,3.0,5
524.0,1,charge,0.5223004343449248,3.9502727665490056,300.0528034781204,5.0,5
524.0,2,charge,0.43795594025066187,3.9670621200724705,300.9285912012722,7.0,5
524.0,3,charge,0.6289681942580826,4.000190282250147,298.60983075775107,3.0,5
525.0,1,charge,0.5226266579198433,3.9505277810408255,300.05541464111013,5.0,5
525.0,2,charge,0.4384397760851859,3.967456747238852,300.93293727378546,7.0,5
525.0,3,charge,0.6291853143670231,4.000424600055055,298.61069479878364,3.0,5
526.0,1,charge,0.5229528814947609,3.9507825505423777,300.05802519813506,5.0,5
526.0,2,charge,0.43892361191971135,3.967851165395147,300.9372818961757,7.0,5
526.0,3,charge,0.629402434475961,4.000659539810187,298.6115587761603,3.0,5
527.0,1,charge,0.5232791050696796,3.951037075337607,300.06063514993775,5.0,5
527.0,2,charge,0.43940744775423707,3.968245356646481,300.9416250787131,7.0,5
527.0,3,charge,0.6296195545849017,4.0008951022423185,298.61242268995136,3.0,5
528.0,1,charge,0.5236053286445971,3.9512913557625584,300.06324449724895,5.0,5
528.0,2,charge,0.4398912835887608,3.968639304331653,300.9459668312263,7.0,5
528.0,3,charge,0.6298366746938431,4.001131288007219,298.6132865402274,3.0,5
529.0,1,charge,0.5239315522195183,3.9515453922052384,300.0658532407865,5.0,5
529.0,2,charge,0.4403751194232865,3.969032991686922,300.9503071634277,7.0,5
529.0,3,charge,0.6300537948027837,4.001368097734391,298.61415032711835,3.0,5
530.0,1,charge,0.5242577757944368,3.9517991851054255,300.0684613812564,5.0,5
530.0,2,charge,0.4408589552578121,3.9694264027273345,300.9546460847096,7.0,5
530.0,3,charge,0.6302709149117208,4.001605532315782,298.6150140511896,3.0,5
531.0,1,charge,0.5245839993693543,3.9520527349545365,300.0710689193519,5.0,5
531.0,2,charge,0.4413427910923358,3.9698195220929975,300.9589836041745,7.0,5
531.0,3,charge,0.6304880350206624,4.001843591879066,298.6158777121097,3.0,5
532.0,1,charge,0.524910222944273,3.9523060421203677,300.07367585583665,5.0,5
532.0,2,charge,0.44182662692686153,3.9702123351190126,300.96331973060853,7.0,5
532.0,3,charge,0.6307051551296025,4.002082276795958,298.61674130996215,3.0,5
533.0,1,charge,0.525236446519194,3.952559106039936,300.0762821919255,5.0,5
533.0,2,charge,0.442310462761387,3.970604827432269,300.9676544726456,7.0,5
533.0,3,charge,0.6309222752385396,4.00232158736209,298.6176048448303,3.0,5
534.0,1,charge,0.5255626700941124,3.9528119280513105,300.07888792794853,5.0,5
534.0,2,charge,0.44279429859590974,3.970996985252831,300.9719878386503,7.0,5
534.0,3,charge,0.6311393953474802,4.002561523796034,298.61846831679765,3.0,5
535.0,1,charge,0.5258888936690301,3.9530645087339957,300.08149306460507,5.0,5
535.0,2,charge,0.4432781344304367,3.971388795311416,300.9763198367146,7.0,5
535.0,3,charge,0.6313565154564216,4.002802086238326,298.6193317259475,3.0,5
536.0,1,charge,0.5262151172439476,3.9533168487099966,300.08409760258644,5.0,5
536.0,2,charge,0.4437619702649621,3.9717802448036794,300.98065047472676,7.0,5
536.0,3,charge,0.6315736355653623,4.003043274750514,298.62019507236334,3.0,5
537.0,1,charge,0.5265413408188662,3.9535689486436922,300.0867015425753,5.0,5
537.0,2,charge,0.4442458060994849,3.972171321373782,300.9849797603766,7.0,5
537.0,3,charge,0.6317907556743003,4.003285089314183,298.62105835612863,3.0,5
538.0,1,charge,0.5268675643937873,3.953820809241708,300.08930488524635,5.0,5
538.0,2,charge,0.4447296419340115,3.972562013109062,300.9893077011382,7.0,5
538.0,3,charge,0.6320078757832411,4.00352752983001,298.62192157732676,3.0,5
539.0,1,charge,0.527193787968706,3.954072431252766,300.0919076312655,5.0,5
539.0,2,charge,0.4452134777685372,3.97295230855001,300.9936343042641,7.0,5
539.0,3,charge,0.632224995892181,4.003770596116877,298.62278473604107,3.0,5
540.0,1,charge,0.5275200115436233,3.954323815467548,300.0945097812906,5.0,5
540.0,2,charge,0.44569731360306,3.9733421966369873,300.9979595768213,7.0,5
540.0,3,charge,0.6324421160011214,4.0040142879109215,298.6236478323551,3.0,5
540.0,1,charge,0.527520011543624,3.954323815467548,300.0945097812906,5.0,6
540.0,1,charge,0.5275200115436233,3.954323815467548,300.0945097812906,5.0,6
540.0,2,charge,0.44569731360306064,3.9733421966369873,300.9979595768213,6.5,6
540.0,2,charge,0.44569731360306,3.966028601184473,300.9979595768213,6.5,6
540.0,3,charge,0.6324421160011207,4.0040142879109215,298.6236478323551,3.0,6
540.0,3,charge,0.6324421160011214,4.0040142879109215,298.6236478323551,3.0,6
541.0,1,charge,0.5278462351185419,3.9545749815606417,300.0971110549548,5.0,6
541.0,2,charge,0.44614658973511817,3.965813135433745,301.0017504187614,6.5,6
541.0,3,charge,0.6326592361100595,4.004258594053013,298.6245108200003,3.0,6
542.0,1,charge,0.5281724586934631,3.954825915330079,300.09971166160346,5.0,6
542.0,2,charge,0.4465958658671794,3.9657749237805118,301.00553593699624,6.5,6
542.0,3,charge,0.6328763562190001,4.004503526997347,298.6253737542035,3.0,6
543.0,1,charge,0.5284986822683816,3.955076599895189,300.10231187239805,5.0,6
543.0,2,charge,0.44704514199923656,3.965811566900225,301.0093163894985,6.5,6
543.0,3,charge,0.6330934763279414,4.00474908436226,298.62623662720847,3.0,6
544.0,1,charge,0.5288249058432992,3.9553270463158405,300.1049115313271,5.0,6
544.0,2,charge,0.44749441813129504,3.965890765890495,301.0130920114468,6.5,6
544.0,3,charge,0.6333105964368823,4.004995260625524,298.627099417196,3.0,6
545.0,1,charge,0.5291511294182167,3.9555772572637493,300.10751061890795,5.0,6
545.0,2,charge,0.4479436942633563,3.9659988783054185,301.01686301804904,6.5,6
545.0,3,charge,0.6335277165458202,4.005242063029165,298.627962159453,3.0,6
546.0,1,charge,0.5294773529931354,3.9558272316544176,300.11010917606893,5.0,6
546.0,2,charge,0.44839297039541337,3.9661288354445103,301.0206296074206,6.5,6
546.0,3,charge,0.6337448366547592,4.005489492154858,298.6288248604573,3.0,6
547.0,1,charge,0.5298035765680565,3.9560769740689277,300.11270713001863,5.0,6
547.0,2,charge,0.44884224652747196,3.9662761787017367,301.0243919626891,6.5,6
547.0,3,charge,0.6339619567636999,4.005737544799395,298.62968750996833,3.0,6
548.0,1,charge,0.5301298001429752,3.9563264846061497,300.11530451476114,5.0,6
548.0,2,charge,0.44929152265953193,3.9664379501947558,301.0281502535442,6.5,6
548.0,3,charge,0.6341790768726379,4.005986216542947,298.6305500925672,3.0,6
549.0,1,charge,0.5304560237178925,3.95657576401525,300.1179013151626,5.0,6
549.0,2,charge,0.4497407987915903,3.9666121137845267,301.03190463752964,6.5,6
549.0,3,charge,0.6343961969815786,4.006235508830137,298.6314126203531,3.0,6
550.0,1,charge,0.530782247292811,3.956824813085638,300.1204975164657,5.0,6
550.0,2,charge,0.45019007492364854,3.966797068429637,301.0356552612489,6.5,6
550.0,3,charge,0.6346133170905198,4.006485420397427,298.6322750933259,3.0,6
551.0,1,charge,0.5311084708677322,3.9570736343285797,300.1230931360655,5.0,6
551.0,2,charge,0.45063935105570885,3.9669915126861923,301.03940226139616,6.5,6
551.0,3,charge,0.6348304371994604,4.006735948460921,298.6331375032799,3.0,6
552.0,1,charge,0.5314346944426508,3.957322229351643,300.12568817396203,5.0,6
552.0,2,charge,0.4510886271877671,3.9671943953409956,301.0431457656448,6.5,6
552.0,3,charge,0.6350475573083985,4.006987092072439,298.63399985309906,3.0,6
553.0,1,charge,0.5317609180175682,3.957570599780783,300.1282826301553,5.0,6
553.0,2,charge,0.4515379033198255,3.9674049041489976,301.0468858934203,6.5,6
553.0,3,charge,0.6352646774173392,4.007238849862365,298.63486214377696,3.0,6
554.0,1,charge,0.5320871415924859,3.957818747022642,300.1308765043832,5.0,6
554.0,2,charge,0.4519871794518858,3.9676223623513054,301.0506227566174,6.5,6
554.0,3,charge,0.6354817975262789,4.007491220282656,298.6357243739236,3.0,6
555.0,1,charge,0.5324133651674045,3.958066667454691,300.13346979081166,5.0,6
555.0,2,charge,0.4524364555839441,3.9678461482441003,301.0543564602578,6.5,6
555.0,3,charge,0.635698917635216,4.007744201733754,298.6365865414775,3.0,6
556.0,1,charge,0.5327395887423254,3.9583143665094065,300.1360624935706,5.0,6
556.0,2,charge,0.4528857317160023,3.9680757072651742,301.05808710306684,6.5,6
556.0,3,charge,0.6359160377441567,4.007997792245204,298.63744864872484,3.0,6
557.0,1,charge,0.533065812317244,3.9585618458898804,300.13865461266016,5.0,6
557.0,2,charge,0.45333500784806247,3.968310572466174,301.0618147779791,6.5,6
557.0,3,charge,0.6361331578530982,4.008251989896079,298.63831069566555,3.0,6
558.0,1,charge,0.5333920358921616,3.958809107317369,300.14124614808026,5.0,6
558.0,2,charge,0.45378428398012094,3.9685503407542413,301.0655395725986,6.5,6
558.0,3,charge,0.6363502779620386,4.00850679266944,298.63917268229966,3.0,6
559.0,1,charge,0.5337182594670801,3.9590561525312036,300.14383709983093,5.0,6
559.0,2,charge,0.454233560112178,3.968794644681715,301.0692615696195,6.5,6
559.0,3,charge,0.6365673980709766,4.008762198451858,298.6400346086272,3.0,6
560.0,1,charge,0.5340444830420014,3.9593029791754697,300.1464274709866,5.0,6
560.0,2,charge,0.45468283624423933,3.9690431561963955,301.0729808471915,6.5,6
560.0,3,charge,0.6367845181799173,4.009018205032968,298.6408964746481,3.0,6
561.0,1,charge,0.5343707066169189,3.959549589531858,300.1490172611759,5.0,6
561.0,2,charge,0.45513211237629747,3.969295570171198,301.0766974792956,6.5,6
561.0,3,charge,0.6370016382888573,4.009274815110269,298.64175828225285,3.0,6
562.0,1,charge,0.5346969301918374,3.959795987016043,300.15160646919077,5.0,6
562.0,2,charge,0.4555813885083548,3.9695516174295786,301.08041153603824,6.5,6
562.0,3,charge,0.637218758397798,4.009532023890596,298.6426200305366,3.0,6
563.0,1,charge,0.5350231537667549,3.9600421734440783,300.1541950950312,5.0,6
563.0,2,charge,0.45603066464041303,3.9698110560853768,301.0841230839137,6.5,6
563.0,3,charge,0.637435878506735,4.009789827013588,298.64348171879703,3.0,6
564.0,1,charge,0.5353493773416733,3.9602881506499426,300.15678313869716,5.0,6
564.0,2,charge,0.45647994077247434,3.9700736601568694,301.08783218612473,6.5,6
564.0,3,charge,0.6376529986156765,4.010048221878675,298.6443433470341,3.0,6
565.0,1,charge,0.5356756009165945,3.960533918781552,300.1593706024865,5.0,6
565.0,2,charge,0.4569292169045314,3.9703392314078814,301.0915389027189,6.5,6
565.0,3,charge,0.6378701187246171,4.010307205786589,298.645204915248,3.0,6
566.0,1,charge,0.5360018244915131,3.9607794763721436,300.1619574909073,5.0,6
566.0,2,charge,0.45737849303658995,3.970607583070149,301.09524329084803,6.5,6
566.0,3,charge,0.6380872388335551,4.010566775939049,298.6460664234384,3.0,6
567.0,1,charge,0.5363280480664306,3.9610248284320395,300.1645437997583,5.0,6
567.0,2,charge,0.45782776916865003,3.970878543117483,301.0989454049696,6.5,6
567.0,3,charge,0.6383043589424959,4.010826929438579,298.6469278716056,3.0,6
568.0,1,charge,0.5366542716413482,3.961269976871174,300.16712952903936,5.0,6
568.0,2,charge,0.45827704530070834,3.9711519507131285,301.10264529700044,6.5,6
568.0,3,charge,0.6385214790514354,4.01108766328829,298.6477892597495,3.0,6
569.0,1,charge,0.5369804952162668,3.96151492361726,300.1697146787506,5.0,6
569.0,2,charge,0.4587263214327668,3.971427660509783,301.1063430164556,6.5,6
569.0,3,charge,0.6387385991603762,4.011348974391744,298.64865058787007,3.0,6
570.0,1,charge,0.5373067187911881,3.961759670615815,300.1722992488921,5.0,6
570.0,2,charge,0.459175597564827,3.9717055286162872,301.11003861077023,6.5,6
570.0,3,charge,0.6389557192693143,4.011610859552812,298.6495118559673,3.0,6
571.0,1,charge,0.5376329423661066,3.962004214538042,300.1748832481856,5.0,6
571.0,2,charge,0.45962487369688526,3.9719854359695637,301.11373212504355,6.5,6
571.0,3,charge,0.6391728393782549,4.011873315475629,298.6503730640413,3.0,6
572.0,1,charge,0.5379591659410239,3.962248560607941,300.1774666713031,5.0,6
572.0,2,charge,0.46007414982894346,3.972267255641176,301.1174236027608,6.5,6
572.0,3,charge,0.6393899594871962,4.012136338764497,298.65123421209194,3.0,6
573.0,1,charge,0.5382853895159424,3.9624927111061785,300.1800495177871,5.0,6
573.0,2,charge,0.4605234259610039,3.9725508765538793,301.1211130853931,6.5,6
573.0,3,charge,0.6396070795961334,4.012399925923935,298.6520953001193,3.0,6
574.0,1,charge,0.5386116130908636,3.962736668053463,300.1826317876378,5.0,6
574.0,2,charge,0.46097270209306207,3.972836198590432,301.1248006126124,6.5,6
574.0,3,charge,0.6398241997050742,4.012664073358678,298.6529563281233,3.0,6
575.0,1,charge,0.5389378366657822,3.962980433488206,300.18521348085505,5.0,6
575.0,2,charge,0.4614219782251203,3.973123119156047,301.128486222723,6.5,6
575.0,3,charge,0.640041319814014,4.0129287773737605,298.6538172961041,3.0,6
576.0,1,charge,0.5392640602406996,3.9632240067095674,300.18779460256263,5.0,6
576.0,2,charge,0.4618712543571808,3.9734115515188915,301.1321699520867,6.5,6
576.0,3,charge,0.6402584399229546,4.0131940341746155,298.65467820406144,3.0,6
577.0,1,charge,0.5395902838156174,3.9634673892178878,300.19037515383957,5.0,6
577.0,2,charge,0.462320530489239,3.973701408131862,301.1358518359559,6.5,6
577.0,3,charge,0.6404755600318927,4.0134598398672345,298.65553905199556,3.0,6
578.0,1,charge,0.5399165073905356,3.9637105848253267,300.1929551314982,5.0,6
578.0,2,charge,0.4627698066212972,3.9739926087104456,301.1395319079332,6.5,6
578.0,3,charge,0.6406926801408334,4.01372619045835,298.6563998399064,3.0,6
579.0,1,charge,0.5402427309654569,3.963953595645105,300.19553453553834,5.0,6
579.0,2,charge,0.46321908275335744,3.9742850772358342,301.1432102004285,6.5,6
579.0,3,charge,0.6409098002497746,4.013993086576873,298.6572605716241,3.0,6
580.0,1,charge,0.5405689545403755,3.964196423808213,300.1981133659601,5.0,6
580.0,2,charge,0.46366835888541585,3.974578741732331,301.1468867445716,6.5,6
580.0,3,charge,0.6411269203587152,4.014260521127609,298.6581212447865,3.0,6
581.0,1,charge,0.540895178115293,3.9644390706311947,300.2006916244664,5.0,6
581.0,2,charge,0.464117635017473,3.9748735337342147,301.1505615702815,6.5,6
581.0,3,charge,0.6413440404676534,4.014528489066759,298.65898185877967,3.0,6
582.0,1,charge,0.5412214016902115,3.9646815349596056,300.2032693178621,5.0,6
582.0,2,charge,0.46456691114953425,3.975169387959918,301.1542347064123,6.5,6
582.0,3,charge,0.641561160576594,4.0147969860089034,298.6598424136035,3.0,6
583.0,1,charge,0.541547625265129,3.964923821668222,300.2058464406538,5.0,6
583.0,2,charge,0.4650161872815924,3.975466244005977,301.1579061806661,6.5,6
583.0,3,charge,0.6417782806855337,4.015066007470921,298.660702909258,3.0,6
584.0,1,charge,0.5418738488400503,3.9651659329627673,300.20842299284135,5.0,6
584.0,2,charge,0.46546546341364986,3.975764042757465,301.16157601983195,6.5,6
584.0,3,charge,0.641995400794471,4.015335548872464,298.6615633457433,3.0,6
585.0,1,charge,0.5422000724149688,3.9654078710668244,300.21099897442485,5.0,6
585.0,2,charge,0.465914739545708,3.976062729607584,301.1652442496228,6.5,6
585.0,3,charge,0.6422125209034116,4.015605605536432,298.6624237230592,3.0,6
586.0,1,charge,0.5425262959898861,3.9656496382219135,300.2135743854043,5.0,6
586.0,2,charge,0.46636401567776936,3.9763622522328674,301.16891089488877,6.5,6
586.0,3,charge,0.642429641012353,4.015876172689477,298.6632840412058,3.0,6
587.0,1,charge,0.5428525195648046,3.9658912332282643,300.21614923351285,5.0,6
587.0,2,charge,0.46681329180982667,3.9766625608758916,301.17257597958087,6.5,6
587.0,3,charge,0.6426467611212937,4.016147245462605,298.66414430018324,3.0,6
588.0,1,charge,0.5431787431397259,3.966132659911668,300.21872351530465,5.0,6
588.0,2,charge,0.4672625679418849,3.9769636083364075,301.1762395267509,6.5,6
588.0,3,charge,0.6428638812302317,4.016418819490065,298.6650045005606,3.0,6
589.0,1,charge,0.5435049667146445,3.9663739211509,300.22129722948404,5.0,6
589.0,2,charge,0.4677118440739462,3.977265349699814,301.1799015587035,6.5,6
589.0,3,charge,0.6430810013391725,4.016690893265999,298.66586464571503,3.0,6
590.0,1,charge,0.543831190289562,3.966615019262676,300.2238703760509,5.0,6
590.0,2,charge,0.4681611202060033,3.9775677419714737,301.18356209689654,6.5,6
590.0,3,charge,0.643298121448112,4.016963458358443,298.66672473252186,3.0,6
591.0,1,charge,0.5441574138644796,3.966855956581865,300.2264429550054,5.0,6
591.0,2,charge,0.46861039633806173,3.977870744147254,301.187221162095,6.5,6
591.0,3,charge,0.6435152415570528,4.017236509524016,298.6675847609812,3.0,6
592.0,1,charge,0.544483637439398,3.967096733809866,300.22901497036196,5.0,6
592.0,2,charge,0.469059672470122,3.978174317276948,301.19087877431576,6.5,6
592.0,3,charge,0.6437323616659908,4.017510041427144,298.66844473109296,3.0,6
593.0,1,charge,0.5448098610143192,3.967337352174906,300.231586424911,5.0,6
593.0,2,charge,0.4695089486021802,3.978478423999072,301.19453495290685,6.5,6
593.0,3,charge,0.6439494817749315,4.017784048640916,298.6693046428572,3.0,6
594.0,1,charge,0.5451360845892377,3.9675778156503645,300.23415731481276,5.0,6
594.0,2,charge,0.4699582247342384,3.9787830287841808,301.1981897165436,6.5,6
594.0,3,charge,0.6441666018838729,4.018058525647913,298.6701644962739,3.0,6
595.0,1,charge,0.5454623081641553,3.967818126647101,300.23672764006716,5.0,6
595.0,2,charge,0.47040750086629896,3.9790880980520136,301.20184308323866,6.5,6
595.0,3,charge,0.64438372199281,4.018333466841149,298.6710242913431,3.0,6
596.0,1,charge,0.5457885317390738,3.968058287594464,300.2392974006744,5.0,6
596.0,2,charge,0.47085677699835704,3.979393598991481,301.2054950704819,6.5,6
596.0,3,charge,0.6446008421017508,4.018608866525012,298.6718840280647,3.0,6
597.0,1,charge,0.546114755313995,3.968298300651074,300.2418665973968,5.0,6
597.0,2,charge,0.47130605313041535,3.9796995001375226,301.2091456952028,6.5,6
597.0,3,charge,0.6448179622106903,4.018884718916276,298.6727437064388,3.0,6
598.0,1,charge,0.5464409788889125,3.9685381652064926,300.2444352383535,5.0,6
598.0,2,charge,0.47175532926247576,3.980005772472275,301.2127949736082,6.5,6
598.0,3,charge,0.645035082319631,4.019161019825454,298.673603328245,3.0,6
599.0,1,charge,0.546767202463831,3.968777886003954,300.2470033176035,5.0,6
599.0,2,charge,0.47220460539453396,3.9803123879015687,301.2164429214244,6.5,6
599.0,3,charge,0.6452522024285691,4.019437764381513,298.6744628946274,3.0,6
600.0,1,charge,0.5470934260387486,3.9690174655500274,300.249570835147,5.0,6
600.0,2,charge,0.47265388152659216,3.9806193183501017,301.22008955404743,6.5,6
600.0,3,charge,0.6454693225375097,4.019714944554666,298.6753224034751,3.0,6
601.0,1,charge,0.5474196496136668,3.9692569063701786,300.2521377909838,5.0,6
601.0,2,charge,0.4731031576586524,3.980926537026793,301.22373488636515,6.5,6
601.0,3,charge,0.645686442646451,4.0199925542235775,298.6761818547882,3.0,6
602.0,1,charge,0.5477458731885884,3.96949621100889,300.25470418511406,5.0,6
602.0,2,charge,0.4735524337907108,3.981234020598205,301.22737893239787,6.5,6
602.0,3,charge,0.6459035627553918,4.0202705871849,298.6770412485664,3.0,6
603.0,1,charge,0.5480720967635068,3.969735379768271,300.25727002399304,5.0,6
603.0,2,charge,0.4740017099227679,3.9815417448570027,301.2310217060318,6.5,6
603.0,3,charge,0.6461206828643291,4.02054903715454,298.6779005848101,3.0,6
604.0,1,charge,0.5483983203384244,3.9699744157597823,300.2598353061252,5.0,6
604.0,2,charge,0.47445098605482927,3.981849686199832,301.2346632207842,6.5,6
604.0,3,charge,0.6463378029732686,4.0208278977689424,298.6787598635191,3.0,6
605.0,1,charge,0.5487245439133418,3.9702133223031675,300.26240002947003,5.0,6
605.0,2,charge,0.47490026218688747,3.9821578221749894,301.23830348972325,6.5,6
605.0,3,charge,0.6465549230822094,4.021107162586404,298.67961908469334,3.0,6
606.0,1,charge,0.5490507674882603,3.9704521020222483,300.2649641940274,5.0,6
606.0,2,charge,0.47534953831894483,3.9824661335235385,301.2419425250686,6.5,6
606.0,3,charge,0.6467720431911474,4.021386825088474,298.6804782483329,3.0,6
607.0,1,charge,0.5493769910631817,3.9706907575604102,300.26752779979756,5.0,6
607.0,2,charge,0.4757988144510062,3.9827745993841757,301.24558033913274,6.5,6
607.0,3,charge,0.6469891633000879,4.02166687868133,298.68133735443786,3.0,6
608.0,1,charge,0.5497032146381002,3.9709292906205427,300.27009084973974,5.0,6
608.0,2,charge,0.4762480905830644,3.9830832004395917,301.2492169437189,6.5,6
608.0,3,charge,0.6472062834090294,4.0219473192004624,298.6821964059432,3.0,6
609.0,1,charge,0.5500294382130175,3.9711677024761025,300.27265334820777,5.0,6
609.0,2,charge,0.4766973667151216,3.9833919182460784,301.2528523502503,6.5,6
609.0,3,charge,0.64742340351797,4.022228139053759,298.6830554018447,3.0,6
610.0,1,charge,0.550355661787936,3.971405997264575,300.2752152907895,5.0,6
610.0,2,charge,0.47714664284718317,3.9837007356635628,301.256486569619,6.5,6
610.0,3,charge,0.647640523626908,4.022509330615597,298.68391434118456,3.0,6
611.0,1,charge,0.5506818853628574,3.9716441777109477,300.27777667748495,5.0,6
611.0,2,charge,0.47759591897924136,3.984009635666292,301.2601196125961,6.5,6
611.0,3,charge,0.6478576437358471,4.022790887042575,298.68477322400395,3.0,6
612.0,1,charge,0.551008108937776,3.9718822465604493,300.2803375082941,5.0,6
612.0,2,charge,0.47804519511129856,3.9843186021540076,301.26375148955503,6.5,6
612.0,3,charge,0.6480747638447877,4.023072801423655,298.68563205034417,3.0,6
613.0,1,charge,0.5513343325126936,3.97212020657871,300.2828977832171,5.0,6
613.0,2,charge,0.47849447124335676,3.984627619703442,301.2673822105399,6.5,6
613.0,3,charge,0.6482918839537257,4.023355066781798,298.6864908202465,3.0,6
614.0,1,charge,0.551660556087611,3.972358057924344,300.2854575111233,5.0,6
614.0,2,charge,0.4789437473754181,3.9849366735382508,301.2710117852418,6.5,6
614.0,3,charge,0.6485090040626663,4.023637676075623,298.6873495337521,3.0,6
615.0,1,charge,0.5519867796625294,3.97259580497961,300.2880166867103,5.0,6
615.0,2,charge,0.4793930235074752,3.9852457494662312,301.27464022313785,6.5,6
615.0,3,charge,0.6487261241716078,4.0239206222011195,298.6882081909023,3.0,6
616.0,1,charge,0.5523130032374509,3.9728334505247105,300.2905753101463,5.0,6
616.0,2,charge,0.4798422996395337,3.9855548338624054,301.27826753340366,6.5,6
616.0,3,charge,0.6489432442805483,4.02420389799339,298.68906679173836,3.0,6
617.0,1,charge,0.5526392268123691,3.9730709973329374,300.2931333816947,5.0,6
617.0,2,charge,0.48029157577159504,3.985863913789723,301.281893724911,6.5,6
617.0,3,charge,0.6491603643894863,4.024487496228399,298.6899253363015,3.0,6
618.0,1,charge,0.5529654503872867,3.9733084481990115,300.29569090161874,5.0,6
618.0,2,charge,0.4807408519036521,3.986172976958784,301.2855188062422,6.5,6
618.0,3,charge,0.6493774844984271,4.024771409624794,298.69078382463283,3.0,6
619.0,1,charge,0.5532916739622052,3.973545805939265,300.2982478701818,5.0,6
619.0,2,charge,0.48119012803571054,3.9864820113130213,301.2891427858044,6.5,6
619.0,3,charge,0.6495946046073666,4.025055630845721,298.6916422567739,3.0,6
620.0,1,charge,0.5536178975371265,3.9737830733918313,300.3008042876471,5.0,6
620.0,2,charge,0.4816394041677708,3.9867910053736724,301.29276567174276,6.5,6
620.0,3,charge,0.6498117247163039,4.025340152500705,298.69250063276564,3.0,6
621.0,1,charge,0.553944121112044,3.9740202534168363,300.3033601542781,5.0,6
621.0,2,charge,0.482088680299829,3.987099948448773,301.29638747189705,6.5,6
621.0,3,charge,0.6500288448252447,4.025624967147525,298.69335895264953,3.0,6
622.0,1,charge,0.5542703446869625,3.974257348458662,300.3059154721189,5.0,6
622.0,2,charge,0.4825379564318871,3.987408830277051,301.3000081938927,6.5,6
622.0,3,charge,0.6502459649341861,4.025910067294136,298.6942172164667,3.0,6
623.0,1,charge,0.55459656826188,3.9744943607449077,300.3084702441918,5.0,6
623.0,2,charge,0.4829872325639477,3.9877176408143633,301.3036278451974,6.5,6
623.0,3,charge,0.6504630850431267,4.026195445524131,298.69507542442494,3.0,6
624.0,1,charge,0.5549227918367985,3.9747312938328436,300.3110244682042,5.0,6
624.0,2,charge,0.48343650869600585,3.988026370568183,301.3072464330453,6.5,6
624.0,3,charge,0.6506802051520648,4.02648109491037,298.6959335774526,3.0,6
625.0,1,charge,0.5552490154117198,3.9749681506227854,300.3135781446261,5.0,6
625.0,2,charge,0.483885784828064,3.9883350106844206,301.3108639643833,6.5,6
625.0,3,charge,0.6508973252610054,4.0267670073869795,298.6967916750015,3.0,6
626.0,1,charge,0.5555752389866382,3.9752049340381705,300.3161312739279,5.0,6
626.0,2,charge,0.48433506096012435,3.9886435525923845,301.3144804460184,6.5,6
626.0,3,charge,0.6511144453699449,4.027053175323289,298.6976497171671,3.0,6
627.0,1,charge,0.5559014625615558,3.975441647025828,300.31868385657975,5.0,6
627.0,2,charge,0.4847843370921827,3.9889519881039694,301.31809588457844,6.5,6
627.0,3,charge,0.6513315654788857,4.027339591048889,298.6985077040446,3.0,6
628.0,1,charge,0.5562276861364732,3.9756782925561733,300.32123589305183,5.0,6
628.0,2,charge,0.48523361322423975,3.9892603094572587,301.3217102864958,6.5,6
628.0,3,charge,0.6515486855878238,4.027626246855704,298.6993656357293,3.0,6
629.0,1,charge,0.5565539097113917,3.9759148736234655,300.3237873838144,5.0,6
629.0,2,charge,0.4856828893563012,3.989568509276837,301.3253236579958,6.5,6
629.0,3,charge,0.6517658056967645,4.027913135000109,298.7002235123166,3.0,6
630.0,1,charge,0.5568801332863131,3.9761513932460186,300.3263383293376,5.0,6
630.0,2,charge,0.48613216548835936,3.9898765805503915,301.32893600513034,6.5,6
630.0,3,charge,0.6519829258057058,4.028200247705003,298.7010813339019,3.0,6
630.0,1,charge,0.5568801332863125,3.9761513932460186,300.3263383293376,4.5,7
630.0,1,charge,0.5568801332863131,3.967548466967417,300.3263383293376,4.5,7
630.0,2,charge,0.48613216548835875,3.9898765805503915,301.32893600513034,6.0,7
630.0,2,charge,0.48613216548835936,3.9823016845214307,301.32893600513034,6.0,7
630.0,3,charge,0.6519829258057045,4.028200247705003,298.7010813339019,3.0,7
630.0,3,charge,0.6519829258057058,4.028200247705003,298.7010813339019,3.0,7
631.0,1,charge,0.5571737345037373,3.967312454658849,300.3284153716276,4.5,7
631.0,2,charge,0.48654688191795226,3.982077015886075,301.3320469254918,6.0,7
631.0,3,charge,0.6522000459146466,4.028487568635846,298.70193904141047,3.0,7
632.0,1,charge,0.5574673357211654,3.9672192214384605,300.3304897175683,4.5,7
632.0,2,charge,0.48696159834754515,3.9820077650368684,301.3351535240569,6.0,7
632.0,3,charge,0.6524171660235839,4.028775101353419,298.7027967134827,3.0,7
633.0,1,charge,0.5577609369385924,3.967186125079486,300.3325615127139,4.5,7
633.0,2,charge,0.48737631477713794,3.9820043588204803,301.3382560195101,6.0,7
633.0,3,charge,0.6526342861325234,4.029062831709361,298.70365430634325,3.0,7
634.0,1,charge,0.5580545381560205,3.9671867036726436,300.33463087576723,4.5,7
634.0,2,charge,0.48779103120673084,3.9820384479285895,301.3413546043904,6.0,7
634.0,3,charge,0.6528514062414641,4.029350759683247,298.70451187548286,3.0,7
635.0,1,charge,0.5583481393734477,3.9672096700504227,300.33669791126823,4.5,7
635.0,2,charge,0.4882057476363237,3.982098017646796,301.34444945291443,6.0,7
635.0,3,charge,0.6530685263504022,4.0296388681434365,298.70536935551775,3.0,7
636.0,1,charge,0.5586417405908719,3.9672492343622388,300.33876271376687,4.5,7
636.0,2,charge,0.4886204640659166,3.9821767976639477,301.3475407247122,6.0,7
636.0,3,charge,0.653285646459343,4.029927155158333,298.70622678962314,3.0,7
637.0,1,charge,0.5589353418082988,3.967301867390474,300.34082537009135,4.5,7
637.0,2,charge,0.48903518049550837,3.9822709408385606,301.3506285670923,6.0,7
637.0,3,charge,0.6535027665682844,4.030215614079253,298.7070841875516,3.0,7
638.0,1,charge,0.559228943025727,3.9673652826573544,300.34288596062044,4.5,7
638.0,2,charge,0.48944989692510127,3.982377909854839,301.35371311654364,6.0,7
638.0,3,charge,0.6537198866772249,4.030504236868133,298.7079415493029,3.0,7
639.0,1,charge,0.559522544243155,3.9674378881630536,300.34494456019036,4.5,7
639.0,2,charge,0.4898646133546942,3.9824958887720228,301.3567944999267,6.0,7
639.0,3,charge,0.653937006786163,4.0307930147846545,298.70879886964,3.0,7
640.0,1,charge,0.559816145460582,3.9675184698417283,300.34700123887035,4.5,7
640.0,2,charge,0.49027932978428707,3.982623478793899,301.3598728355356,6.0,7
640.0,3,charge,0.6541541268951039,4.031081936437335,298.70965612327046,3.0,7
641.0,1,charge,0.5601097466780063,3.967606097476969,300.3490560624399,4.5,7
641.0,2,charge,0.49069404621387996,3.982759587034143,301.3629482339064,6.0,7
641.0,3,charge,0.6543712470040431,4.031370996209533,298.71051332892785,3.0,7
642.0,1,charge,0.5604033478954334,3.967700033555135,300.35110909283867,4.5,7
642.0,2,charge,0.4911087626434728,3.9829033331620654,301.3660207985176,6.0,7
642.0,3,charge,0.654588367112984,4.0316601860171914,298.7113704866122,3.0,7
643.0,1,charge,0.5606969491128614,3.9677996747258737,300.3531603885135,4.5,7
643.0,2,charge,0.4915234790730657,3.983053991166204,301.3690906263684,6.0,7
643.0,3,charge,0.6548054872219212,4.031949497771167,298.7122275963235,3.0,7
644.0,1,charge,0.5609905503302886,3.9679045218092885,300.3552100046892,4.5,7
644.0,2,charge,0.4919381955026586,3.9832109474661896,301.3721578085623,6.0,7
644.0,3,charge,0.6550226073308626,4.0322389229355196,298.71308465348784,3.0,7
645.0,1,charge,0.5612841515477125,3.968014154338335,300.3572579936362,4.5,7
645.0,2,charge,0.4923529119322513,3.9833736731412452,301.37522243084743,6.0,7
645.0,3,charge,0.6552397274398034,4.032528453118555,298.7139416550355,3.0,7
646.0,1,charge,0.5615777527651405,3.968128209228237,300.35930440493354,4.5,7
646.0,2,charge,0.4927676283618442,3.9835417087561247,301.3782845740441,6.0,7
646.0,3,charge,0.6554568475487416,4.0328180806144225,298.7147986049429,3.0,7
647.0,1,charge,0.5618713539825677,3.9682463647005264,300.3613492857052,4.5,7
647.0,2,charge,0.4931823447914371,3.9837146534437315,301.3813443144009,6.0,7
647.0,3,charge,0.6556739676576824,4.033107797335436,298.71565550321014,3.0,7
648.0,1,charge,0.562164955199996,3.9683683353092976,300.36339268079064,4.5,7
648.0,2,charge,0.49359706122102986,3.9838921402781393,301.3844017240756,6.0,7
648.0,3,charge,0.6558910877666216,4.0333975952000785,298.7165123498372,3.0,7
649.0,1,charge,0.562458556417423,3.968493873615281,300.36543463283965,4.5,7
649.0,2,charge,0.49401177765062276,3.9840738587945608,301.38745687119973,6.0,7
649.0,3,charge,0.6561082078755622,4.033687466620039,298.7173691415384,3.0,7
650.0,1,charge,0.5627521576348471,3.968622760683451,300.3674751824726,4.5,7
650.0,2,charge,0.49442649408021566,3.984259518244719,301.39050982042824,6.0,7
650.0,3,charge,0.6563253279845004,4.033977403292871,298.7182258799462,3.0,7
651.0,1,charge,0.5630457588522741,3.9687547979914677,300.3695143684328,4.5,7
651.0,2,charge,0.49484121050980856,3.9844488686811186,301.3935606329885,6.0,7
651.0,3,charge,0.6565424480934411,4.034267397046591,298.7190825658923,3.0,7
652.0,1,charge,0.5633393600697023,3.9688898101370524,300.371552227683,4.5,7
652.0,2,charge,0.495255926939398,3.984641680995436,301.39660936701375,6.0,7
652.0,3,charge,0.6567595682023826,4.034557439846957,298.7199391993767,3.0,7
653.0,1,charge,0.5636329612871301,3.9690276321949884,300.37358879555455,4.5,7
653.0,2,charge,0.49567064336899436,3.984837747331653,301.39965607778197,6.0,7
653.0,3,charge,0.6569766883113233,4.034847523677026,298.7207957803994,3.0,7
654.0,1,charge,0.5639265625045572,3.969168118398735,300.37562410582854,4.5,7
654.0,2,charge,0.4960853597985838,3.985036874675382,301.4027008178894,6.0,7
654.0,3,charge,0.6571938084202614,4.035137640539336,298.7216523089605,3.0,7
655.0,1,charge,0.5642201637219812,3.969311130876357,300.37765819081335,4.5,7
655.0,2,charge,0.4965000762281767,3.9852388868077204,301.40574363742405,6.0,7
655.0,3,charge,0.6574109285292021,4.035427782458097,298.72250878505986,3.0,7
656.0,1,charge,0.5645137649394083,3.96945654404421,300.37969108148553,4.5,7
656.0,2,charge,0.49691479265776956,3.9854436185094597,301.40878458418325,6.0,7
656.0,3,charge,0.6576280486381416,4.0357179414813835,298.7233652086976,3.0,7
657.0,1,charge,0.5648073661568366,3.969604242388055,300.38172280746323,4.5,7
657.0,2,charge,0.4973295090873624,3.9856509205365755,301.41182370374054,6.0,7
657.0,3,charge,0.6578451687470789,4.036008109683241,298.7242215798736,3.0,7
658.0,1,charge,0.5651009673742637,3.9697541173789848,300.3837533971969,4.5,7
658.0,2,charge,0.4977442255169553,3.9858606542238553,301.41486103962546,6.0,7
658.0,3,charge,0.6580622888560197,4.03629828043173,298.72507789991465,3.0,7
659.0,1,charge,0.5653945685916918,3.969906071104687,300.38578287790835,4.5,7
659.0,2,charge,0.4981589419465482,3.9860726920263554,301.41789663344224,6.0,7
659.0,3,charge,0.6582794089649611,4.036588447609828,298.72593417065127,3.0,7
660.0,1,charge,0.5656881698091157,3.9700600107967103,300.38781127576203,4.5,7
660.0,2,charge,0.49857365837614115,3.9862869143411617,301.4209305249477,6.0,7
660.0,3,charge,0.6584965290739018,4.036878600830629,298.7267903894061,3.0,7
661.0,1,charge,0.5659817710265429,3.970215851582405,300.3898386158371,4.5,7
661.0,2,charge,0.49898837480573405,3.9865032123185773,301.42396275229123,6.0,7
661.0,3,charge,0.65871364918284,4.037168732294411,298.72764655617925,3.0,7
662.0,1,charge,0.566275372243971,3.9703735135975684,300.39186492224314,4.5,7
662.0,2,charge,0.49940309123532695,3.986721480733051,301.42699335183954,6.0,7
662.0,3,charge,0.6589307692917807,4.0374588342379365,298.7285026709706,3.0,7
663.0,1,charge,0.5665689734613979,3.9705329219750105,300.39389021812934,4.5,7
663.0,2,charge,0.49981780766491984,3.986941624065688,301.43002235867976,6.0,7
663.0,3,charge,0.6591478894007198,4.037748898936531,298.7293587337802,3.0,7
664.0,1,charge,0.5668625746788222,3.9706940064791802,300.39591452575905,4.5,7
664.0,2,charge,0.5002325240945128,3.987163551722329,301.43304980635895,6.0,7
664.0,3,charge,0.6593650095096607,4.038038918706103,298.7302147446081,3.0,7
665.0,1,charge,0.5671561758962493,3.970856700854725,300.3979378665298,4.5,7
665.0,2,charge,0.5006472405241057,3.98738717792296,301.4360757270001,6.0,7
665.0,3,charge,0.6595821296185989,4.0383288859051145,298.7310707034542,3.0,7
666.0,1,charge,0.5674497771136773,3.971020942639744,300.39996026103296,4.5,7
666.0,2,charge,0.5010619569536986,3.987612422086057,301.4391001516655,6.0,7
666.0,3,charge,0.6597992497275394,4.0386187929365605,298.73192661031845,3.0,7
667.0,1,charge,0.5677433783311053,3.971186673324328,300.4019817290701,4.5,7
667.0,2,charge,0.5014766733832915,3.9878392097425994,301.44212310989207,6.0,7
667.0,3,charge,0.660016369836481,4.038908632249928,298.73278246520107,3.0,7
668.0,1,charge,0.5680369795485325,3.971353837452452,300.4040022897067,4.5,7
668.0,2,charge,0.5018913898128844,3.988067468693277,301.44514463032726,6.0,7
668.0,3,charge,0.6602334899454216,4.0391983963430675,298.7336382681019,3.0,7
669.0,1,charge,0.5683305807659568,3.9715223831446544,300.4060219612882,4.5,7
669.0,2,charge,0.502306106242477,3.9882971324637007,301.4481647403644,6.0,7
669.0,3,charge,0.6604506100543591,4.039488077764133,298.73449401902104,3.0,7
670.0,1,charge,0.5686241819833839,3.9716922611243928,300.40804076147185,4.5,7
670.0,2,charge,0.5027208226720699,3.9885281381315396,301.45118346637406,6.0,7
670.0,3,charge,0.6606677301632983,4.039777669113391,298.7353497179584,3.0,7
671.0,1,charge,0.5689177832008121,3.971863424928187,300.41005870726747,4.5,7
671.0,2,charge,0.5031355391016628,3.988760425817824,301.45420083376956,6.0,7
671.0,3,charge,0.6608848502722391,4.040067163045091,298.7362053649139,3.0,7
672.0,1,charge,0.5692113844182399,3.9720358306082097,300.4120758150951,4.5,7
672.0,2,charge,0.5035502555312557,3.9889939395088656,301.4572168669571,6.0,7
672.0,3,charge,0.6611019703811771,4.040356552269223,298.7370609598878,3.0,7
673.0,1,charge,0.5695049856356671,3.97220943641506,300.4140921007124,4.5,7
673.0,2,charge,0.5039649719608486,3.9892286258509895,301.46023158951164,6.0,7
673.0,3,charge,0.6613190904901177,4.040645829553307,298.7379165028799,3.0,7
674.0,1,charge,0.5697985868530914,3.972384202647871,300.4161075793459,4.5,7
674.0,2,charge,0.5043796883904414,3.9894644341789363,301.4632450240738,6.0,7
674.0,3,charge,0.6615362105990592,4.040934987724107,298.73877199389017,3.0,7
675.0,1,charge,0.5700921880705185,3.972560091440361,300.41812226573643,4.5,7
675.0,2,charge,0.5047944048200342,3.9897013163171646,301.4662571925321,6.0,7
675.0,3,charge,0.661753330708,4.0412240211925585,298.7396274355631,3.0,7
676.0,1,charge,0.5703857892879464,3.9727370673167557,300.42013617397885,4.5,7
676.0,2,charge,0.5052091212496271,3.989939226488328,301.46926811596256,6.0,7
676.0,3,charge,0.6619704508169381,4.041512925948554,298.74048283316574,3.0,7
677.0,1,charge,0.5706793905053745,3.972915096186191,300.4221493177197,4.5,7
677.0,2,charge,0.50562383767922,3.9901781211859015,301.4722778146618,6.0,7
677.0,3,charge,0.6621875709258789,4.041801691107787,298.74133817992254,3.0,7
678.0,1,charge,0.5709729917228016,3.973094145140524,300.4241617101899,4.5,7
678.0,2,charge,0.506038554108813,3.990417958539971,301.4752863082701,6.0,7
678.0,3,charge,0.662404691034818,4.042090309752082,298.7421934758333,3.0,7
679.0,1,charge,0.5712665929402257,3.973274183881882,300.42617336403526,4.5,7
679.0,2,charge,0.5064532705384048,3.990658699535671,301.478293615654,6.0,7
679.0,3,charge,0.6626218111437555,4.042378775030631,298.74304872089823,3.0,7
680.0,1,charge,0.571560194157653,3.97345518317267,300.42818429149764,4.5,7
680.0,2,charge,0.5068679869679977,3.990900306222617,301.48129975508994,6.0,7
680.0,3,charge,0.6628389312526961,4.042667080161568,298.7439039151172,3.0,7
681.0,1,charge,0.571853795375081,3.9736371147326937,300.4301945044359,4.5,7
681.0,2,charge,0.5072827033975906,3.99114274289086,301.4843047441788,6.0,7
681.0,3,charge,0.6630560513616377,4.042955218433393,298.7447590584902,3.0,7
682.0,1,charge,0.572147396592508,3.9738199523874043,300.4322040142229,4.5,7
682.0,2,charge,0.5076974198271835,3.9913859755289876,301.4873085999179,6.0,7
682.0,3,charge,0.6632731714705783,4.043243183206453,298.7456141510173,3.0,7
683.0,1,charge,0.5724409978099322,3.9740036710170186,300.43421283185717,4.5,7
683.0,2,charge,0.5081121362567764,3.9916299715790546,301.4903113387279,6.0,7
683.0,3,charge,0.6634902915795164,4.043530967914318,298.74646919269844,3.0,7
684.0,1,charge,0.5727345990273603,3.974188246508999,300.43622096797844,4.5,7
684.0,2,charge,0.5085268526863692,3.9918746999974317,301.4933129764283,6.0,7
684.0,3,charge,0.6637074116884571,4.043818566065164,298.74732418353375,3.0,7
685.0,1,charge,0.5730282002447873,3.9743736560953136,300.4382284328237,4.5,7
685.0,2,charge,0.5089415691159621,3.9921201312036327,301.49631352836263,6.0,7
685.0,3,charge,0.6639245317973964,4.044105971243077,298.7481791235231,3.0,7
686.0,1,charge,0.5733218014622155,3.9745598780438383,300.44023523629136,4.5,7
686.0,2,charge,0.509356285545555,3.9923662369185724,301.49931300936834,6.0,7
686.0,3,charge,0.6641416519063371,4.044393177109352,298.74903401266636,3.0,7
687.0,1,charge,0.5736154026796426,3.974746891594304,300.44224138795556,4.5,7
687.0,2,charge,0.5097710019751476,3.9926129901230976,301.5023114336783,6.0,7
687.0,3,charge,0.6643587720152745,4.044680177403741,298.7498888509638,3.0,7
688.0,1,charge,0.5739090038970668,3.974934677150328,300.444246896998,4.5,7
688.0,2,charge,0.5101857184047408,3.992860364928015,301.5053088151106,6.0,7
688.0,3,charge,0.6645758921242159,4.0449669659456156,298.7507436384153,3.0,7
689.0,1,charge,0.5742026051144948,3.9751232158780683,300.44625177233115,4.5,7
689.0,2,charge,0.5106004348343334,3.9931083364797586,301.50830516711284,6.0,7
689.0,3,charge,0.6647930122331566,4.045253536635176,298.75159837502093,3.0,7
690.0,1,charge,0.5744962063319219,3.975312489695879,300.44825602259505,4.5,7
690.0,2,charge,0.5110151512639263,3.9933568809416964,301.51130050267926,6.0,7
690.0,3,charge,0.6650101323420948,4.045539883454538,298.75245306078057,3.0,7
691.0,1,charge,0.5747898075493498,3.975502481282288,300.4502596561481,4.5,7
691.0,2,charge,0.5114298676935192,3.993605976238745,301.51429483409424,6.0,7
691.0,3,charge,0.6652272524510355,4.045826000468804,298.7533076956943,3.0,7
692.0,1,charge,0.5750834087667772,3.9756931741953814,300.4522626810528,4.5,7
692.0,2,charge,0.5118445841231121,3.9938556003008445,301.51728817358855,6.0,7
692.0,3,charge,0.6654443725599747,4.046111883097732,298.7541622823421,3.0,7
693.0,1,charge,0.5753770099842012,3.975884554097267,300.45426510484634,4.5,7
693.0,2,charge,0.512259300552705,3.994105732179798,301.5202805329135,6.0,7
693.0,3,charge,0.6656614926689154,4.046397529240416,298.75501682815525,3.0,7
694.0,1,charge,0.5756706112016283,3.9760766053403573,300.4562669351931,4.5,7
694.0,2,charge,0.5126740169822979,3.9943563521266388,301.5232719233675,6.0,7
694.0,3,charge,0.6658786127778537,4.046682928961996,298.7558713244845,3.0,7
695.0,1,charge,0.5759642124190564,3.9762693135421143,300.45826817939917,4.5,7
695.0,2,charge,0.5130887334118908,3.9946074416290123,301.5262623557921,6.0,7
695.0,3,charge,0.6660957328867942,4.0469680766709075,298.75672577132985,3.0,7
696.0,1,charge,0.5762578136364843,3.976462664826242,300.4602688445597,4.5,7
696.0,2,charge,0.5135034498414836,3.9948589821677682,301.529251840872,6.0,7
696.0,3,charge,0.6663128529957358,4.047252966863308,298.7575801686914,3.0,7
697.0,1,charge,0.5765514148539115,3.9766566471459788,300.4622689373223,4.5,7
697.0,2,charge,0.5139181662710764,3.995110956258329,301.53224038889323,6.0,7
697.0,3,charge,0.6665299731046764,4.047537594123909,298.75843451656914,3.0,7
698.0,1,charge,0.5768450160713358,3.976851249063471,300.46426846411293,4.5,7
698.0,2,charge,0.5143328827006693,3.9953633476438473,301.53522800971206,6.0,7
698.0,3,charge,0.6667470932136147,4.047821953126736,298.75928881496293,3.0,7
699.0,1,charge,0.5771386172887629,3.9770464581681004,300.46626743143,4.5,7
699.0,2,charge,0.5147475991302622,3.9956161404482726,301.53821471294634,6.0,7
699.0,3,charge,0.6669642133225531,4.048106038635879,298.760143063873,3.0,7
700.0,1,charge,0.5774322185061909,3.9772422632522955,300.4682658454505,4.5,7
700.0,2,charge,0.5151623155598551,3.99586931944202,301.5412005079233,6.0,7
700.0,3,charge,0.6671813334314938,4.048389845506168,298.7609972632991,3.0,7
701.0,1,charge,0.5777258197236188,3.977438653554712,300.470263712173,4.5,7
701.0,2,charge,0.515577031989448,3.996122870133218,301.5441854036599,6.0,7
701.0,3,charge,0.6673984535404321,4.048673368683815,298.7618514132414,3.0,7
702.0,1,charge,0.5780194209410461,3.977635620705832,300.47226103703116,4.5,7
702.0,2,charge,0.5159917484190409,3.9963767787580977,301.54716940883964,6.0,7
702.0,3,charge,0.6676155736493727,4.048956603207007,298.76270551369987,3.0,7
703.0,1,charge,0.5783130221584704,3.977833154724391,300.4742578256994,4.5,7
703.0,2,charge,0.5164064648486338,3.9966310320308267,301.550152531945,6.0,7
703.0,3,charge,0.6678326937583142,4.0492395442065,298.76355956467444,3.0,7
704.0,1,charge,0.5786066233758976,3.9780312466652283,300.47625408356583,4.5,7
704.0,2,charge,0.5168211812782265,3.996885617271159,301.5531347811814,6.0,7
704.0,3,charge,0.6680498138672549,4.0495221869060956,298.76441356616516,3.0,7
705.0,1,charge,0.5789002245933255,3.9782298881248117,300.47824981583517,4.5,7
705.0,2,charge,0.5172358977078194,3.9971405224759753,301.55611616443724,6.0,7
705.0,3,charge,0.668266933976193,4.0498045266231255,298.7652675181721,3.0,7
706.0,1,charge,0.5791938258107534,3.978429071302,300.4802450275037,4.5,7
706.0,2,charge,0.5176506141374122,3.997395736165429,301.5590966893591,6.0,7
706.0,3,charge,0.6684840540851338,4.0500865587689034,298.76612142069513,3.0,7
707.0,1,charge,0.5794874270281807,3.9786287891653727,300.48223972331124,4.5,7
707.0,2,charge,0.518065330567005,3.99765124718287,301.56207636345175,6.0,7
707.0,3,charge,0.668701174194073,4.050368278849078,298.7669752737343,3.0,7
708.0,1,charge,0.579781028245605,3.978829034532029,300.48423390801406,4.5,7
708.0,2,charge,0.5184800469965979,3.997907044885938,301.5650551939749,6.0,7
708.0,3,charge,0.6689182943030137,4.050649682464007,298.7678290772897,3.0,7
709.0,1,charge,0.5800746294630322,3.9790298008525564,300.4862275861546,4.5,7
709.0,2,charge,0.5188947634261908,3.998163119043978,301.5680331879922,6.0,7
709.0,3,charge,0.6691354144119519,4.05093076562045,298.7686828320482,3.0,7
710.0,1,charge,0.58036823068046,3.97923108196571,300.48822076213526,4.5,7
710.0,2,charge,0.5193094798557838,3.998419459882622,301.571010352357,6.0,7
710.0,3,charge,0.6693525345208927,4.051211525601497,298.7695365412992,3.0,7
711.0,1,charge,0.580661831897888,3.979432872168167,300.4902134401614,4.5,7
711.0,2,charge,0.5197241962853767,3.998676059385927,301.57398669324095,6.0,7
711.0,3,charge,0.6695696546298341,4.051491957004703,298.7703902021952,3.0,7
712.0,1,charge,0.5809554331153152,3.979635166063554,300.49220562434226,4.5,7
712.0,2,charge,0.5201389127149685,3.9989329080429954,301.57696221731425,6.0,7
712.0,3,charge,0.6697867747387749,4.051772055856997,298.7712438148329,3.0,7
713.0,1,charge,0.5812490343327393,3.97983795856197,300.4941973186834,4.5,7
713.0,2,charge,0.5205536291445614,3.9991899973794025,301.5799369308301,6.0,7
713.0,3,charge,0.6700038948477123,4.052051818281216,298.77209737930974,3.0,7
714.0,1,charge,0.5815426355501664,3.980041244916664,300.49618852705424,4.5,7
714.0,2,charge,0.5209683455741543,3.9994473192420497,301.5829108398855,6.0,7
714.0,3,charge,0.6702210149566514,4.052331240496271,298.7729508957224,3.0,7
715.0,1,charge,0.5818362367675946,3.980245020709623,300.4981792532035,4.5,7
715.0,2,charge,0.5213830620037472,3.999704865771057,301.58588395043245,6.0,7
715.0,3,charge,0.6704381350655922,4.0526103188171305,298.77380436416786,3.0,7
716.0,1,charge,0.5821298379850215,3.9804492821835282,300.50016950066436,4.5,7
716.0,2,charge,0.5217977784333401,3.9999626302392572,301.5888562679823,6.0,7
716.0,3,charge,0.6706552551745304,4.052889049654919,298.77465778474317,3.0,7
717.0,1,charge,0.5824234392024459,3.9806540254061304,300.50215927299587,4.5,7
717.0,2,charge,0.5222124948629329,4.000220606162117,301.5918277979227,6.0,7
717.0,3,charge,0.6708723752834711,4.0531674295168685,298.7755111575453,3.0,7
718.0,1,charge,0.5827170404198737,3.9808592468870825,300.5041485736067,4.5,7
718.0,2,charge,0.5226272112925258,4.00047878659244,301.5947985457693,6.0,7
718.0,3,charge,0.6710894953924124,4.053445455006248,298.77636448267117,3.0,7
719.0,1,charge,0.5830106416373011,3.9810649433968157,300.50613740580843,4.5,7
719.0,2,charge,0.5230419277221187,4.000737165324768,301.59776851674087,6.0,7
719.0,3,charge,0.6713066155013532,4.053723122822303,298.7772177602179,3.0,7
720.0,1,charge,0.5833042428547291,3.981271111994344,300.50812577281124,4.5,7
720.0,2,charge,0.5234566441517113,4.000995736468626,301.6007377159121,6.0,7
720.0,3,charge,0.6715237356102913,4.054000429760112,298.77807099028234,3.0,7
720.0,1,charge,0.5833042428547281,3.981271111994344,300.50812577281124,4.5,8
720.0,1,charge,0.5833042428547291,3.981271111994344,300.50812577281124,4.5,8
720.0,2,charge,0.5234566441517103,4.000995736468626,301.6007377159121,5.5,8
720.0,2,charge,0.5234566441517113,3.9931244184012185,301.6007377159121,5.5,8
720.0,3,charge,0.6715237356102911,4.054000429760112,298.77807099028234,3.0,8
720.0,3,charge,0.6715237356102913,4.054000429760112,298.77807099028234,3.0,8
721.0,1,charge,0.583597844072156,3.981477760118806,300.51011365941343,4.5,8
721.0,2,charge,0.5238368008788366,3.992895736233087,301.6032376797137,5.5,8
721.0,3,charge,0.6717408557192321,4.054277366108089,298.7789241005759,3.0,8
722.0,1,charge,0.5838914452895805,3.981684865882397,300.5121011036422,4.5,8
722.0,2,charge,0.5242169576059642,3.992810094093792,301.60573413382355,5.5,8
722.0,3,charge,0.6719579758281713,4.054553936078168,298.7797771691042,3.0,8
723.0,1,charge,0.5841850465070083,3.9818924349846143,300.5140880930797,4.5,8
723.0,2,charge,0.5245971143330918,3.9927848398398136,301.60822726460356,5.5,8
723.0,3,charge,0.6721750959371087,4.054830139845976,298.7806302298463,3.0,8
724.0,1,charge,0.5844786477244357,3.982100466709767,300.5160746301204,4.5,8
724.0,2,charge,0.524977271060216,3.9927939175981777,301.61071723060786,5.5,8
724.0,3,charge,0.6723922160460495,4.055105964970913,298.7814831772938,3.0,8
725.0,1,charge,0.5847722489418637,3.982308960803576,300.5180607165821,4.5,8
725.0,2,charge,0.5253574277873445,3.992826289460451,301.61320417371735,5.5,8
725.0,3,charge,0.6726093361549909,4.055381418961954,298.78233612474133,3.0,8
726.0,1,charge,0.5850658501592905,3.9825179162096633,300.52004635486196,4.5,8
726.0,2,charge,0.5257375845144723,3.9928762377062066,301.61568822327695,5.5,8
726.0,3,charge,0.6728264562639317,4.055656491945104,298.7831889897679,3.0,8
727.0,1,charge,0.585359451376715,3.98272733064709,300.52203154804266,4.5,8
727.0,2,charge,0.5261177412415963,3.9929402511467456,301.61816949843455,5.5,8
727.0,3,charge,0.6730435763728699,4.05593117849088,298.78404173992527,3.0,8
728.0,1,charge,0.5856530525941419,3.982937206119488,300.52401629732,4.5,8
728.0,2,charge,0.5264978979687249,3.993016022299873,301.62064810956826,5.5,8
728.0,3,charge,0.6732606964818106,4.056205483459365,298.7848944593432,3.0,8
729.0,1,charge,0.5859466538115702,3.9831475401237,300.5260006059653,4.5,8
729.0,2,charge,0.526878054695849,3.9931019188032413,301.6231241593301,5.5,8
729.0,3,charge,0.6734778165907497,4.056479404455317,298.78574714802147,3.0,8
730.0,1,charge,0.586240255028998,3.983358333279254,300.52798447584274,4.5,8
730.0,2,charge,0.5272582114229765,3.993196682558882,301.62559774359806,5.5,8
730.0,3,charge,0.6736949366996906,4.0567529391760235,298.78659980596024,3.0,8
731.0,1,charge,0.586533856246425,3.983569584671325,300.5299679095808,4.5,8
731.0,2,charge,0.5276383681501052,3.993299334017645,301.62806895210866,5.5,8
731.0,3,charge,0.6739120568086288,4.057026085410827,298.78745243315956,3.0,8
732.0,1,charge,0.5868274574638496,3.9837812942621573,300.53195090940204,4.5,8
732.0,2,charge,0.5280185248772294,3.9934090849298567,301.6305378690701,5.5,8
732.0,3,charge,0.6741291769175694,4.057298841040598,298.7883050296193,3.0,8
733.0,1,charge,0.5871210586812765,3.9839934622231135,300.53393347749227,4.5,8
733.0,2,charge,0.528398681604357,3.993525287384638,301.6330045736007,5.5,8
733.0,3,charge,0.6743462970265108,4.057571204037169,298.7891575953395,3.0,8
734.0,1,charge,0.5874146598987041,3.984206088877343,300.5359156159767,4.5,8
734.0,2,charge,0.5287788383314858,3.993647397605364,301.6354691401582,5.5,8
734.0,3,charge,0.6745634171354514,4.057843172462764,298.7900101303201,3.0,8
735.0,1,charge,0.5877082611161325,3.9844191753231577,300.5378973266751,4.5,8
735.0,2,charge,0.52915899505861,3.993774946712361,301.6379316389833,5.5,8
735.0,3,charge,0.6747805372443898,4.058114744469398,298.7908626345613,3.0,8
736.0,1,charge,0.5880018623335594,3.9846327215137927,300.53987861191604,4.5,8
736.0,2,charge,0.5295391517857374,3.9939075310146817,301.64039213640905,5.5,8
736.0,3,charge,0.6749976573533306,4.05838591829823,298.7917151080628,3.0,8
737.0,1,charge,0.5882954635509839,3.9848467283894733,300.5418594736267,4.5,8
737.0,2,charge,0.5299193085128652,3.9940447868281055,301.6428506952581,5.5,8
737.0,3,charge,0.6752147774622695,4.058656689891361,298.792567518893,3.0,8
738.0,1,charge,0.588589064768411,3.985061198062585,300.54383991325295,4.5,8
738.0,2,charge,0.5302994652399904,3.9941864021399143,301.64530737495016,5.5,8
738.0,3,charge,0.6754318975712071,4.058927057748125,298.79341986821305,3.0,8
739.0,1,charge,0.5888826659858387,3.985276130771304,300.5458199330642,4.5,8
739.0,2,charge,0.5306796219671179,3.9943320913904623,301.6477622318868,5.5,8
739.0,3,charge,0.6756490176801477,4.059197021952784,298.7942721771849,3.0,8
740.0,1,charge,0.5891762672032671,3.985491527900649,300.5477995348603,4.5,8
740.0,2,charge,0.5310597786942457,3.9944816006648125,301.6502153196014,5.5,8
740.0,3,charge,0.6758661377890892,4.059466581094789,298.7951244458086,3.0,8
741.0,1,charge,0.5894698684206939,3.9857073922331225,300.5497787198665,4.5,8
741.0,2,charge,0.5314399354213706,3.9946347080493725,301.65266668890064,5.5,8
741.0,3,charge,0.67608325789803,4.059735733849221,298.795976674084,3.0,8
742.0,1,charge,0.5897634696381185,3.9859237245916823,300.5517574901637,4.5,8
742.0,2,charge,0.5318200921484985,3.99479120830071,301.65511638816855,5.5,8
742.0,3,charge,0.6763003780069682,4.0600044789760155,298.7968288620113,3.0,8
743.0,1,charge,0.5900570708555453,3.9861405267776844,300.5537358474375,4.5,8
743.0,2,charge,0.5322002488756261,3.9949509182448777,301.65756446343596,5.5,8
743.0,3,charge,0.6765174981159089,4.060272815319157,298.7976810095903,3.0,8
744.0,1,charge,0.5903506720729733,3.9863578020012675,300.55571379279786,4.5,8
744.0,2,charge,0.532580405602751,3.9951136679488153,301.6600109585868,5.5,8
744.0,3,charge,0.6767346182248479,4.060540741805873,298.7985331168212,3.0,8
745.0,1,charge,0.5906442732904007,3.98657555168455,300.5576913281323,4.5,8
745.0,2,charge,0.5329605623298787,3.9952793000499245,301.6624559155152,5.5,8
745.0,3,charge,0.6769517383337886,4.060808257445789,298.79938518370386,3.0,8
746.0,1,charge,0.5909378745078285,3.986793778027217,300.55966845502047,4.5,8
746.0,2,charge,0.5333407190570063,3.9954476694058343,301.6648993742079,5.5,8
746.0,3,charge,0.6771688584427269,4.061075361330101,298.8002372102384,3.0,8
747.0,1,charge,0.5912314757252529,3.9870124845999335,300.5616451744858,4.5,8
747.0,2,charge,0.5337208757841314,3.995618641837279,301.6673413728843,5.5,8
747.0,3,charge,0.6773859785516677,4.061342052630659,298.80108919642464,3.0,8
748.0,1,charge,0.5915250769426799,3.9872316733624507,300.56362148825036,4.5,8
748.0,2,charge,0.5341010325112592,3.9957920935012265,301.6697819481024,5.5,8
748.0,3,charge,0.6776030986606092,4.06160833038928,298.80194113208756,3.0,8
749.0,1,charge,0.5918186781601079,3.9874513468939643,300.56559739779624,4.5,8
749.0,2,charge,0.5344811892383868,3.9959679105211547,301.6722211348257,5.5,8
749.0,3,charge,0.6778202187695499,4.061874194005743,298.8027930206056,3.0,8
750.0,1,charge,0.5921122793775353,3.9876715091145276,300.56757290406534,4.5,8
750.0,2,charge,0.5348613459655108,3.9961459864949775,301.674658966534,5.5,8
750.0,3,charge,0.6780373388784882,4.062139642975755,298.8036448662168,3.0,8
751.0,1,charge,0.5924058805949591,3.987892162461851,300.5695480086405,4.5,8
751.0,2,charge,0.5352415026926397,3.9963262223928995,301.67709547530796,5.5,8
751.0,3,charge,0.6782544589874291,4.062404676784713,298.80449666892116,3.0,8
752.0,1,charge,0.5926994818123876,3.9881133099112454,300.5715227129,4.5,8
752.0,2,charge,0.5356216594197671,3.9965085268033054,301.67953069194476,5.5,8
752.0,3,charge,0.678471579096368,4.062669294994082,298.8053484287187,3.0,8
753.0,1,charge,0.5929930830298145,3.988334955766631,300.573497017691,4.5,8
753.0,2,charge,0.5360018161468914,3.996692811689277,301.68196464588607,5.5,8
753.0,3,charge,0.6786886992053055,4.062933497240422,298.8062001456093,3.0,8
754.0,1,charge,0.5932866842472421,3.9885571030319746,300.57547092442115,4.5,8
754.0,2,charge,0.5363819728740199,3.9968789967169434,301.68439736557633,5.5,8
754.0,3,charge,0.6789058193142471,4.063197283234423,298.8070518195931,3.0,8
755.0,1,charge,0.5935802854646697,3.988779755120012,300.57744443434865,4.5,8
755.0,2,charge,0.5367621296011439,3.997067005286665,301.6868288781621,5.5,8
755.0,3,charge,0.6791229394231879,4.063460652759911,298.80790345067004,3.0,8
756.0,1,charge,0.5938738866820937,3.989002915542539,300.57941754871126,4.5,8
756.0,2,charge,0.5371422863282717,3.9972567650314135,301.68925920981314,5.5,8
756.0,3,charge,0.6793400595321293,4.063723605672852,298.80875503884016,3.0,8
757.0,1,charge,0.5941674878995211,3.9892265881943576,300.5813902686092,4.5,8
757.0,2,charge,0.5375224430554003,3.997448207764538,301.69168838573916,5.5,8
757.0,3,charge,0.6795571796410701,4.063986141900319,298.80960658410345,3.0,8
758.0,1,charge,0.5944610891169491,3.989450777650659,300.5833625948831,4.5,8
758.0,2,charge,0.5379025997825244,3.997641270202325,301.69411643000177,5.5,8
758.0,3,charge,0.6797742997500076,4.0642482614394755,298.81045808645985,3.0,8
759.0,1,charge,0.5947546903343767,3.9896754874360836,300.5853345288259,4.5,8
759.0,2,charge,0.538282756509652,3.9978358908782954,301.6965433659391,5.5,8
759.0,3,charge,0.6799914198589465,4.064509966796942,298.81130954757964,3.0,8
760.0,1,charge,0.595048291551804,3.9899007216274374,300.58730607152364,4.5,8
760.0,2,charge,0.5386629132367807,3.998032013477697,301.69896921586707,5.5,8
760.0,3,charge,0.6802085399678882,4.064771256529177,298.8121609663803,3.0,8
761.0,1,charge,0.5953418927692281,3.990126484397369,300.5892772240428,4.5,8
761.0,2,charge,0.5390430699639048,3.998229583974158,301.7013940013265,5.5,8
761.0,3,charge,0.6804256600768257,4.06503213023263,298.81301234244745,3.0,8
762.0,1,charge,0.5956354939866557,3.990352780354325,300.59124798729425,4.5,8
762.0,2,charge,0.5394232266910324,3.9984285512681277,301.7038177430593,5.5,8
762.0,3,charge,0.6806427801857664,4.065292588174945,298.81386367578085,3.0,8
763.0,1,charge,0.5959290952040833,3.9905796140190892,300.5932183622433,4.5,8
763.0,2,charge,0.5398033834181601,3.9986288673660413,301.7062404610098,5.5,8
763.0,3,charge,0.6808599002947079,4.065552630688597,298.8147149663807,3.0,8
764.0,1,charge,0.5962226964215102,3.990806989867705,300.59518834989154,4.5,8
764.0,2,charge,0.5401835401452851,3.998830486476467,301.7086621744489,5.5,8
764.0,3,charge,0.6810770204036486,4.065812258169862,298.81556621424687,3.0,8
765.0,1,charge,0.5965162976389387,3.9910349125975104,300.5971579511712,4.5,8
765.0,2,charge,0.5405636968724129,3.999033365097019,301.7110829018923,5.5,8
765.0,3,charge,0.681294140512587,4.066071471077713,298.8164174193795,3.0,8
766.0,1,charge,0.5968098988563625,3.9912633870126015,300.5991271669903,4.5,8
766.0,2,charge,0.5409438535995407,3.9992374618009743,301.71350266124784,5.5,8
766.0,3,charge,0.6815112606215276,4.066330269932733,298.81726858177836,3.0,8
767.0,1,charge,0.5971035000737901,3.991492417884629,300.6010959982987,4.5,8
767.0,2,charge,0.5413240103266654,3.999442737182469,301.71592146976576,5.5,8
767.0,3,charge,0.6817283807304665,4.066588655316059,298.8181197014437,3.0,8
768.0,1,charge,0.5973971012912179,3.991722010277293,300.6030644459351,4.5,8
768.0,2,charge,0.5417041670537931,3.9996491538162777,301.7183393440584,5.5,8
768.0,3,charge,0.6819455008394073,4.066846627868266,298.8189707783754,3.0,8
769.0,1,charge,0.5976907025086448,3.9919521692934437,300.6050325107456,4.5,8
769.0,2,charge,0.5420843237809209,3.999856675593947,301.7207563002089,5.5,8
769.0,3,charge,0.6821626209483456,4.067104188288289,298.8198218125735,3.0,8
770.0,1,charge,0.5979843037260694,3.9921829001412785,300.607000193553,4.5,8
770.0,2,charge,0.5424644805080447,4.000065268907871,301.7231723536669,5.5,8
770.0,3,charge,0.6823797410572863,4.067361337332333,298.8206728040378,3.0,8
771.0,1,charge,0.5982779049434971,3.992414208005978,300.6089674952114,4.5,8
771.0,2,charge,0.5428446372351736,4.00027490104436,301.72558751939914,5.5,8
771.0,3,charge,0.6825968611662279,4.067618075812746,298.82152375276866,3.0,8
772.0,1,charge,0.5985715061609246,3.992646098051651,300.61093441660563,4.5,8
772.0,2,charge,0.5432247939623013,4.000485541132983,301.728001811829,5.5,8
772.0,3,charge,0.6828139812751685,4.0678744045969655,298.8223746587658,3.0,8
773.0,1,charge,0.5988651073783523,3.992878575843319,300.61290095846897,4.5,8
773.0,2,charge,0.5436049506894253,4.000697159895637,301.7304152448721,5.5,8
773.0,3,charge,0.6830311013841067,4.068130324606393,298.82322552202936,3.0,8
774.0,1,charge,0.5991587085957791,3.9931116469085373,300.61486712157165,4.5,8
774.0,2,charge,0.5439851074165541,4.0009097292368665,301.7328278319866,5.5,8
774.0,3,charge,0.683248221493045,4.068385836815294,298.82407634255924,3.0,8
775.0,1,charge,0.599452309813204,3.9933453168671447,300.6168329066656,4.5,8
775.0,2,charge,0.5443652641436816,4.001123222392861,301.735239586122,5.5,8
775.0,3,charge,0.6834653416019858,4.068640942249715,298.82492712035554,3.0,8
776.0,1,charge,0.5997459110306317,3.9935795912073173,300.61879831457924,4.5,8
776.0,2,charge,0.5447454208708058,4.001337613869907,301.73765051984185,5.5,8
776.0,3,charge,0.6836824617109242,4.068895641986355,298.82577785541815,3.0,8
777.0,1,charge,0.6000395122480592,3.9938144756799634,300.6207633460488,4.5,8
777.0,2,charge,0.5451255775979343,4.001552879314946,301.7400606452894,5.5,8
777.0,3,charge,0.6838995818198648,4.069149937151522,298.8266285477472,3.0,8
778.0,1,charge,0.6003331134654871,3.9940499761543444,300.6227280017798,4.5,8
778.0,2,charge,0.5455057343250621,4.00176899547742,301.74246997417265,5.5,8
778.0,3,charge,0.6841167019288062,4.069403828919963,298.8274791973426,3.0,8
779.0,1,charge,0.6006267146829138,3.994286098531825,300.6246922824837,4.5,8
779.0,2,charge,0.5458858910521861,4.001985940164959,301.7448785177237,5.5,8
779.0,3,charge,0.6843338220377471,4.069657318513837,298.8283298042043,3.0,8
780.0,1,charge,0.6009203159003423,3.9945228487782227,300.62665618886376,4.5,8
780.0,2,charge,0.5462660477793148,4.002203692051445,301.7472862869643,5.5,8
780.0,3,charge,0.6845509421466851,4.069910407201602,298.8291803683324,3.0,8
781.0,1,charge,0.6012139171177663,3.9947602327827427,300.628619721676,4.5,8
781.0,2,charge,0.5466462045064387,4.0024222307007875,301.74969329252787,5.5,8
781.0,3,charge,0.684768062255626,4.070163096296898,298.83003088972697,3.0,8
782.0,1,charge,0.6015075183351938,3.994998256726088,300.63058288156964,4.5,8
782.0,2,charge,0.5470263612335664,4.002641536903926,301.7520995445819,5.5,8
782.0,3,charge,0.6849851823645647,4.0704153887286925,298.83088137386244,3.0,8
783.0,1,charge,0.6018011195526217,3.9952369267823116,300.6325456692156,4.5,8
783.0,2,charge,0.5474065179606941,4.002861592326141,301.7545050529476,5.5,8
783.0,3,charge,0.6852023024735057,4.070667288074116,298.83173182830654,3.0,8
784.0,1,charge,0.6020947207700484,3.995476249197833,300.6345080852719,4.5,8
784.0,2,charge,0.5477866746878188,4.003082378964955,301.7569098272866,5.5,8
784.0,3,charge,0.6854194225824439,4.07091879245908,298.8325822414922,3.0,8
785.0,1,charge,0.6023883219874769,3.995716230239001,300.6364701304064,4.5,8
785.0,2,charge,0.5481668314149468,4.003303879700745,301.75931387690486,5.5,8
785.0,3,charge,0.6856365426913846,4.0711699033680535,298.83343261341935,3.0,8
786.0,1,charge,0.6026819232049009,3.9959568762238344,300.6384318052823,4.5,8
786.0,2,charge,0.5485469881420746,4.00352607893514,301.76171721063383,5.5,8
786.0,3,charge,0.6858536628003252,4.07142062232532,298.8342829440878,3.0,8
787.0,1,charge,0.6029755244223284,3.9961981936201036,300.6403931105156,4.5,8
787.0,2,charge,0.5489271448691994,4.003748961245151,301.7641198371411,5.5,8
787.0,3,charge,0.6860707829092635,4.071670950893925,298.8351332334978,3.0,8
788.0,1,charge,0.6032691256397562,3.9964401889226826,300.64235404672735,4.5,8
788.0,2,charge,0.5493073015963271,4.003972511760839,301.76652176484845,5.5,8
788.0,3,charge,0.6862879030182044,4.071920890674619,298.8359834816493,3.0,8
789.0,1,charge,0.603562726857183,3.9966828686906686,300.64431461452756,4.5,8
789.0,2,charge,0.5496874583234549,4.004196716384319,301.76892300188626,5.5,8
789.0,3,charge,0.6865050231271432,4.07217044330482,298.83683368854213,3.0,8
790.0,1,charge,0.6038563280746078,3.9969262393632694,300.64627481459337,4.5,8
790.0,2,charge,0.5500676150505798,4.00442156229472,301.77132355599457,5.5,8
790.0,3,charge,0.6867221432360838,4.0724196104575405,298.83768385417653,3.0,8
791.0,1,charge,0.6041499292920355,3.9971703076487644,300.6482346475023,4.5,8
791.0,2,charge,0.5504477717777077,4.004647036603138,301.77372343481073,5.5,8
791.0,3,charge,0.6869392633450222,4.072668393840374,298.8385339785523,3.0,8
792.0,1,charge,0.6044435305094631,3.9974150802925053,300.65019411383076,4.5,8
792.0,2,charge,0.5508279285048352,4.004873127246759,301.77612264568626,5.5,8
792.0,3,charge,0.6871563834539629,4.072916795194473,298.83938406166953,3.0,8
793.0,1,charge,0.6047371317268908,3.99766056407292,300.6521532141553,4.5,8
793.0,2,charge,0.5512080852319592,4.005099822757009,301.7785211957344,5.5,8
793.0,3,charge,0.6873735035629044,4.073164816293497,298.8402341035283,3.0,8
794.0,1,charge,0.6050307329443175,3.997906765826454,300.6541119490417,4.5,8
794.0,2,charge,0.5515882419590881,4.005327112316518,301.78091909179875,5.5,8
794.0,3,charge,0.6875906236718452,4.073412458942631,298.8410841041284,3.0,8
795.0,1,charge,0.6053243341617424,3.9981536924463583,300.6560703190448,4.5,8
795.0,2,charge,0.5519683986862157,4.005554985510129,301.78331634057173,5.5,8
795.0,3,charge,0.6878077437807826,4.073659724977542,298.84193406347,3.0,8
796.0,1,charge,0.60561793537917,3.998401350881315,300.65802832470825,4.5,8
796.0,2,charge,0.5523485554133397,4.005783432468881,301.78571294852156,5.5,8
796.0,3,charge,0.6880248638897214,4.073906616263429,298.84278398155305,3.0,8
797.0,1,charge,0.6059115365965976,3.9986497477986043,300.6599859667077,4.5,8
797.0,2,charge,0.5527287121404684,4.006012443909638,301.78810892187005,5.5,8
797.0,3,charge,0.6882419839986623,4.074153134693995,298.8436338583776,3.0,8
798.0,1,charge,0.6062051378140254,3.998898890175788,300.6619432455978,4.5,8
798.0,2,charge,0.5531088688675962,4.006242011082895,301.7905042666151,5.5,8
798.0,3,charge,0.6884591041076006,4.07439928219047,298.8444836939435,3.0,8
799.0,1,charge,0.606498739031452,3.9991487852074306,300.6639001618521,4.5,8
799.0,2,charge,0.5534890255947201,4.006472125469173,301.7928989886756,5.5,8
799.0,3,charge,0.6886762242165414,4.074645060700645,298.84533348825096,3.0,8
800.0,1,charge,0.606792340248877,3.9993994399869166,300.66585671599717,4.5,8
800.0,2,charge,0.5538691823218488,4.006702779036292,301.7952930937636,5.5,8
800.0,3,charge,0.6888933443254827,4.074890472197923,298.84618324129985,3.0,8
801.0,1,charge,0.6070859414663036,3.999650861651147,300.6678129085506,4.5,8
801.0,2,charge,0.5542493390489727,4.00693396412977,301.7976865874348,5.5,8
801.0,3,charge,0.6891104644344234,4.075135518680337,298.8470329530902,3.0,8
802.0,1,charge,0.6073795426837321,3.999903057378848,300.6697687400209,4.5,8
802.0,2,charge,0.5546294957761005,4.007165673445637,301.80007947509927,5.5,8
802.0,3,charge,0.6893275845433617,4.07538020216964,298.8478826236219,3.0,8
803.0,1,charge,0.6076731439011598,4.000156034388905,300.67172421090754,4.5,8
803.0,2,charge,0.5550096525032292,4.007397901043529,301.8024717616732,5.5,8
803.0,3,charge,0.6895447046523026,4.075624524710319,298.8487322528951,3.0,8
804.0,1,charge,0.6079667451185866,4.000409799714648,300.67367932179525,4.5,8
804.0,2,charge,0.5553898092303532,4.007630640490674,301.80486345222,5.5,8
804.0,3,charge,0.6897618247612414,4.075868488368723,298.8495818409098,3.0,8
805.0,1,charge,0.6082603463360116,4.000664360383696,300.67563407327725,4.5,8
805.0,2,charge,0.5557699659574808,4.007863885502689,301.807254551731,5.5,8
805.0,3,charge,0.6899789448701787,4.076112095232123,298.85043138766594,3.0,8
806.0,1,charge,0.6085539475534382,4.0009197238673115,300.67758846576584,4.5,8
806.0,2,charge,0.5561501226846097,4.008097630345031,301.8096450649875,5.5,8
806.0,3,charge,0.6901960649791196,4.076355348209969,298.85128089634543,3.0,8
807.0,1,charge,0.6088475487708667,4.001175897449244,300.67954249975674,4.5,8
807.0,2,charge,0.5565302794117336,4.0083318695656995,301.8120349966554,5.5,8
807.0,3,charge,0.690413185088061,4.076598249105224,298.8521303656603,3.0,8
808.0,1,charge,0.6091411499882944,4.0014328884369,300.6814961757397,4.5,8
808.0,2,charge,0.5569104361388613,4.008566597981345,301.8144243512902,5.5,8
808.0,3,charge,0.6906303051970019,4.076840799927517,298.85297979507214,3.0,8
809.0,1,charge,0.609434751205721,4.001690704159284,300.6834494941982,4.5,8
809.0,2,charge,0.557290592865989,4.008801811371465,301.81681313310906,5.5,8
809.0,3,charge,0.6908474253059399,4.077083002839485,298.853829184581,3.0,8
810.0,1,charge,0.6097283524231462,4.001949351964881,300.68540245560985,4.5,8
810.0,2,charge,0.5576707495931137,4.0090375058468215,301.81920134620145,5.5,8
810.0,3,charge,0.6910645454148808,4.077324860020262,298.854678534187,3.0,8
810.0,1,charge,0.6097283524231475,4.001949351964881,300.68540245560985,4.5,9
810.0,1,charge,0.6097283524231462,4.001949351964881,300.68540245560985,4.5,9
810.0,2,charge,0.5576707495931145,4.0090375058468215,301.81920134620145,5.5,9
810.0,2,charge,0.5576707495931137,4.0090375058468215,301.81920134620145,5.5,9
810.0,3,charge,0.6910645454148799,4.077324860020262,298.854678534187,3.0,9
810.0,3,charge,0.6910645454148808,4.077324860020262,298.854678534187,3.0,9
811.0,1,charge,0.6100219536405728,4.002208860595466,300.6873548895193,4.5,9
811.0,2,charge,0.5580509063202416,4.009273688804216,301.8215889749316,5.5,9
811.0,3,charge,0.6912816655238195,4.077566368895511,298.8555277629869,3.0,9
812.0,1,charge,0.6103155548580014,4.0024692218682665,300.6893069136227,4.5,9
812.0,2,charge,0.5584310630473693,4.009510334147311,301.8239760612394,5.5,9
812.0,3,charge,0.6914987856327605,4.077807536306967,298.85637694606703,3.0,9
813.0,1,charge,0.6106091560754288,4.002730421964728,300.69125870076186,4.5,9
813.0,2,charge,0.5588112197744941,4.009747448336276,301.8263625921967,5.5,9
813.0,3,charge,0.6917159057416987,4.0780483672286305,298.857226129147,3.0,9
814.0,1,charge,0.6109027572928556,4.002992477824686,300.6932101727781,4.5,9
814.0,2,charge,0.5591913765016221,4.009985029315711,301.82874857075967,5.5,9
814.0,3,charge,0.6919330258506395,4.078288862146902,298.8580752825719,3.0,9
815.0,1,charge,0.6111963585102805,4.003255401588496,300.6951612930095,4.5,9
815.0,2,charge,0.5595715332287499,4.010223074599369,301.83113400019806,5.5,9
815.0,3,charge,0.69215014595958,4.078529019001746,298.8589243335465,3.0,9
816.0,1,charge,0.6114899597277073,4.003519196901086,300.69711209811186,4.5,9
816.0,2,charge,0.5599516899558736,4.010461582292541,301.83351888368463,5.5,9
816.0,3,charge,0.6923672660685184,4.078768846118052,298.8597733845211,3.0,9
817.0,1,charge,0.6117835609451348,4.0037838748783905,300.69906254909256,4.5,9
817.0,2,charge,0.5603318466830026,4.010700551783474,301.8359032237973,5.5,9
817.0,3,charge,0.6925843861774592,4.079008345771914,298.86062243549566,3.0,9
818.0,1,charge,0.6120771621625624,4.004049442614538,300.70101265510846,4.5,9
818.0,2,charge,0.56071200341013,4.010939979810182,301.83828702454537,5.5,9
818.0,3,charge,0.692801506286398,4.079247512169172,298.8614713440868,3.0,9
819.0,1,charge,0.61237076337999,4.004315907421335,300.7029624186951,4.5,9
819.0,2,charge,0.5610921601372542,4.011179866002138,301.84067028848455,5.5,9
819.0,3,charge,0.693018626395339,4.079486352276419,298.86232019281067,3.0,9
820.0,1,charge,0.6126643645974149,4.004583275948035,300.7049118225065,4.5,9
820.0,2,charge,0.5614723168643828,4.011420208106605,301.84305301920983,5.5,9
820.0,3,charge,0.6932357465042772,4.079724870364835,298.86316901639924,3.0,9
821.0,1,charge,0.6129579658148415,4.004851556794125,300.70686087867443,4.5,9
821.0,2,charge,0.5618524735915106,4.011661004944091,301.84543521977247,5.5,9
821.0,3,charge,0.6934528666132177,4.079963068743439,298.8640178148526,3.0,9
822.0,1,charge,0.6132515670322694,4.00512075771738,300.7088095871988,4.5,9
822.0,2,charge,0.5622326303186346,4.011902255450739,301.8478168932372,5.5,9
822.0,3,charge,0.6936699867221593,4.080200949728287,298.86486658817074,3.0,9
823.0,1,charge,0.613545168249697,4.005390886443935,300.7107579480795,4.5,9
823.0,2,charge,0.5626127870457631,4.012143959172512,301.8501980423918,5.5,9
823.0,3,charge,0.6938871068311,4.080438515641699,298.8657153363536,3.0,9
824.0,1,charge,0.6138387694671209,4.005661948801151,300.71270596007264,4.5,9
824.0,2,charge,0.5629929437728871,4.012386115812113,301.8525786699841,5.5,9
824.0,3,charge,0.6941042269400384,4.080675768811616,298.86656405940124,3.0,9
825.0,1,charge,0.6141323706845486,4.005933950975127,300.7146536222002,4.5,9
825.0,2,charge,0.5633731005000149,4.0126287242695104,301.8549587791647,5.5,9
825.0,3,charge,0.6943213470489793,4.080912711570841,298.86741275731373,3.0,9
826.0,1,charge,0.6144259719019761,4.006206902326583,300.71660093563094,4.5,9
826.0,2,charge,0.5637532572271435,4.012871785020373,301.85733837237535,5.5,9
826.0,3,charge,0.6945384671579179,4.081149346256424,298.86826143009085,3.0,9
827.0,1,charge,0.6147195731194036,4.006480810421748,300.7185479003647,4.5,9
827.0,2,charge,0.5641334139542676,4.013115298745818,301.8597174519908,5.5,9
827.0,3,charge,0.6947555872668586,4.081385675208926,298.86911007773284,3.0,9
828.0,1,charge,0.6150131743368316,4.00675568277907,300.7204945164015,4.5,9
828.0,2,charge,0.5645135706813953,4.013359264759557,301.8620960210547,5.5,9
828.0,3,charge,0.6949727073757972,4.081621700771816,298.8699587002396,3.0,9
829.0,1,charge,0.6153067755542553,4.007031522831475,300.7224407859327,4.5,9
829.0,2,charge,0.5648937274085231,4.0136036840907785,301.8644740818414,5.5,9
829.0,3,charge,0.6951898274847379,4.081857425290783,298.870807297611,3.0,9
830.0,1,charge,0.6156003767716832,4.007308339376812,300.7243867082033,4.5,9
830.0,2,charge,0.565273884135648,4.013848558289382,301.866851636413,5.5,9
830.0,3,charge,0.6954069475936795,4.08209285111313,298.87165586984736,3.0,9
831.0,1,charge,0.6158939779891107,4.007586140572822,300.7263322827757,4.5,9
831.0,2,charge,0.5656540408627758,4.014093887362775,301.8692286875782,5.5,9
831.0,3,charge,0.695624067702617,4.082327979885488,298.8725044021924,3.0,9
832.0,1,charge,0.616187579206538,4.007864933709574,300.72827750964984,4.5,9
832.0,2,charge,0.5660341975899036,4.014339672792655,301.8716052374944,5.5,9
832.0,3,charge,0.6958411878115578,4.082562812654057,298.8733528672964,3.0,9
833.0,1,charge,0.6164811804239658,4.0081447253727935,300.730222389405,4.5,9
833.0,2,charge,0.5664143543170284,4.014585916770509,301.87398128802323,5.5,9
833.0,3,charge,0.6960583079204964,4.082797353409223,298.87420129972173,3.0,9
834.0,1,charge,0.6167747816413899,4.008425518557297,300.7321669258115,4.5,9
834.0,2,charge,0.566794511044156,4.014832620013183,301.876356841736,5.5,9
834.0,3,charge,0.6962754280294373,4.083031604497961,298.8750496994684,3.0,9
835.0,1,charge,0.6170683828588178,4.008707323310427,300.7341111161769,4.5,9
835.0,2,charge,0.567174667771284,4.015079784444921,301.8787319006819,5.5,9
835.0,3,charge,0.6964925481383756,4.083265568265865,298.87589806653637,3.0,9
836.0,1,charge,0.6173619840762451,4.0089901466344555,300.73605496050106,4.5,9
836.0,2,charge,0.5675548244984088,4.01532741280872,301.8811064665678,5.5,9
836.0,3,charge,0.6967096682473164,4.083499247056547,298.8767464009257,3.0,9
837.0,1,charge,0.6176555852936726,4.0092739954505126,300.7379984587841,4.5,9
837.0,2,charge,0.5679349812255365,4.01557550647183,301.8834805417612,5.5,9
837.0,3,charge,0.6969267883562579,4.0837326432111,298.8775947026364,3.0,9
838.0,1,charge,0.6179491865111004,4.009558874418441,300.7399416133521,4.5,9
838.0,2,charge,0.5683151379526643,4.015824067804064,301.88585412820515,5.5,9
838.0,3,charge,0.6971439084651987,4.08396575906753,298.87844297166845,3.0,9
839.0,1,charge,0.6182427877285243,4.009844788880527,300.7418844257026,4.5,9
839.0,2,charge,0.5686952946797881,4.016073100072315,301.8882272274694,5.5,9
839.0,3,charge,0.697361028574137,4.08419859696024,298.8792912080218,3.0,9
840.0,1,charge,0.6185363889459524,4.010131747329332,300.7438268938663,4.5,9
840.0,2,charge,0.5690754514069171,4.01632260523785,301.8905998417484,5.5,9
840.0,3,charge,0.6975781486830779,4.0844311592195055,298.8801394116965,3.0,9
841.0,1,charge,0.6188299901633796,4.010419756318244,300.74576901784314,4.5,9
841.0,2,charge,0.5694556081340445,4.016572586116343,301.892971972884,5.5,9
841.0,3,charge,0.6977952687920165,4.084663448170938,298.8809875826927,3.0,9
842.0,1,charge,0.6191235913808072,4.010708822298783,300.747710797633,4.5,9
842.0,2,charge,0.5698357648611686,4.016823046482141,301.89534362232064,5.5,9
842.0,3,charge,0.6980123889009575,4.084895466135023,298.8818357210101,3.0,9
843.0,1,charge,0.619417192598235,4.010998947919641,300.749652237564,4.5,9
843.0,2,charge,0.570215921588297,4.017073988854095,301.8977147921019,5.5,9
843.0,3,charge,0.6982295090098958,4.085127215426583,298.8826838266489,3.0,9
844.0,1,charge,0.6197107938156591,4.011290140863125,300.751593335936,4.5,9
844.0,2,charge,0.570596078315421,4.0173254164921515,301.9000854839738,5.5,9
844.0,3,charge,0.6984466291188366,4.085358698354334,298.88353189960895,3.0,9
845.0,1,charge,0.6200043950330869,4.011582407867108,300.75353409202233,4.5,9
845.0,2,charge,0.5709762350425488,4.0175773336580285,301.90245569926947,5.5,9
845.0,3,charge,0.6986637492277781,4.085589917225244,298.88437993064855,3.0,9
846.0,1,charge,0.6202979962505142,4.011875754929591,300.755474505823,4.5,9
846.0,2,charge,0.5713563917696776,4.017829743406369,301.90482543989725,5.5,9
846.0,3,charge,0.6988808693367187,4.0858208743316915,298.885227924846,3.0,9
847.0,1,charge,0.6205915974679417,4.012170187296574,300.7574145781263,4.5,9
847.0,2,charge,0.5717365484968016,4.018082649468098,301.9071947075001,5.5,9
847.0,3,charge,0.6990979894456572,4.086051571959931,298.88607588469523,3.0,9
848.0,1,charge,0.6208851986853696,4.0124657074222565,300.75935431305993,4.5,9
848.0,2,charge,0.5721167052239293,4.018336056806374,301.9095635032122,5.5,9
848.0,3,charge,0.699315109554598,4.086282012389578,298.8869238101963,3.0,9
849.0,1,charge,0.6211787999027937,4.012762323317707,300.7612937076089,4.5,9
849.0,2,charge,0.572496861951058,4.018589968977828,301.91193182882654,5.5,9
849.0,3,charge,0.6995322296635366,4.0865121978918815,298.8877717013492,3.0,9
850.0,1,charge,0.6214724011202216,4.013060040455201,300.76323276177334,4.5,9
850.0,2,charge,0.5728770186781821,4.018844390120704,301.9142996859163,5.5,9
850.0,3,charge,0.6997493497724775,4.0867421307292915,298.88861955815383,3.0,9
851.0,1,charge,0.6217660023376489,4.013358864164515,300.76517147555296,4.5,9
851.0,2,charge,0.5732571754053097,4.019099324463006,301.91666707605253,5.5,9
851.0,3,charge,0.6999664698814158,4.086971813155065,298.88946738061037,3.0,9
852.0,1,charge,0.6220596035550762,4.013658797749383,300.7671098514559,4.5,9
852.0,2,charge,0.5736373321324375,4.0193547765911,301.91903400068776,5.5,9
852.0,3,charge,0.7001835899903566,4.087201247412855,298.8903151687187,3.0,9
853.0,1,charge,0.6223532047725042,4.013959845267313,300.7690478907764,4.5,9
853.0,2,charge,0.5740174888595625,4.019610752284359,301.92140046079186,5.5,9
853.0,3,charge,0.700400710099298,4.087430435736316,298.89116292247877,3.0,9
854.0,1,charge,0.6226468059899283,4.014262013023557,300.7709855915999,4.5,9
854.0,2,charge,0.5743976455866903,4.019867255692045,301.9237664580854,5.5,9
854.0,3,charge,0.7006178302082389,4.087659380348754,298.8920106418907,3.0,9
855.0,1,charge,0.6229404072073562,4.014565305728245,300.7729229539265,4.5,9
855.0,2,charge,0.5747778023138178,4.020124291772152,301.9261319939751,5.5,9
855.0,3,charge,0.7008349503171772,4.087888083462701,298.89285832695435,3.0,9
856.0,1,charge,0.6232340084247834,4.014869727925166,300.7748599777562,4.5,9
856.0,2,charge,0.5751579590409428,4.020381865614829,301.92849706984975,5.5,9
856.0,3,charge,0.7010520704261182,4.0881165472796255,298.8937059776699,3.0,9
857.0,1,charge,0.6235276096422108,4.015175281095804,300.7767966671882,4.5,9
857.0,2,charge,0.5755381157680706,4.02063998262113,301.93086168700523,5.5,9
857.0,3,charge,0.7012691905350567,4.088344773989505,298.8945535940372,3.0,9
858.0,1,charge,0.6238212108596386,4.015481970400497,300.77873302085,4.5,9
858.0,2,charge,0.5759182724951982,4.020898648816682,301.9332258465118,5.5,9
858.0,3,charge,0.7014863106439975,4.088572766955108,298.89540118294155,3.0,9
859.0,1,charge,0.6241148120770625,4.0157898000861065,300.78066903840954,4.5,9
859.0,2,charge,0.5762984292223232,4.021157869520202,301.93558954977925,5.5,9
859.0,3,charge,0.7017034307529358,4.08880053055287,298.8962487572147,3.0,9
860.0,1,charge,0.6244084132944904,4.016098773830939,300.7826047200773,4.5,9
860.0,2,charge,0.5766785859494508,4.021417650551221,301.93795279804556,5.5,9
860.0,3,charge,0.7019205508618767,4.089028063754943,298.8970962983544,3.0,9
861.0,1,charge,0.624702014511918,4.016408895122296,300.78454006606364,4.5,9
861.0,2,charge,0.5770587426765785,4.021677997888214,301.940315592522,5.5,9
861.0,3,charge,0.7021376709708183,4.089255368702405,298.8979438063607,3.0,9
862.0,1,charge,0.6249956157293445,4.016720167251564,300.78647507657917,4.5,9
862.0,2,charge,0.5774388994037025,4.021938917649688,301.94267793440616,5.5,9
862.0,3,charge,0.7023547910797558,4.08948244752327,298.8987912812335,3.0,9
863.0,1,charge,0.6252892169467732,4.017032593309371,300.7884097518341,4.5,9
863.0,2,charge,0.5778190561308313,4.022200416077851,301.94503982489346,5.5,9
863.0,3,charge,0.7025719111886966,4.08970930233216,298.8996387229728,3.0,9
864.0,1,charge,0.6255828181641971,4.01734617497919,300.79034409412867,4.5,9
864.0,2,charge,0.5781992128579589,4.022462499650313,301.9474012651061,5.5,9
864.0,3,charge,0.7027890312976351,4.08993593523002,298.90048613157865,3.0,9
865.0,1,charge,0.6258764193816249,4.017660915157465,300.7922781032838,4.5,9
865.0,2,charge,0.578579369585083,4.022725174976293,301.9497622561608,5.5,9
865.0,3,charge,0.7030061514065762,4.090162348303862,298.901333507051,3.0,9
866.0,1,charge,0.6261700205990526,4.017976816552,300.79421177907494,4.5,9
866.0,2,charge,0.5789595263122115,4.022988448828386,301.9521227991487,5.5,9
866.0,3,charge,0.7032232715155144,4.090388543626439,298.90218084938994,3.0,9
867.0,1,charge,0.6264636218164791,4.018293881318212,300.7961451218554,4.5,9
867.0,2,charge,0.5793396830393355,4.023252327870992,301.95448289526297,5.5,9
867.0,3,charge,0.7034403916244552,4.090614523256033,298.90302815859536,3.0,9
868.0,1,charge,0.6267572230339042,4.018612111386428,300.7980781319785,4.5,9
868.0,2,charge,0.5797198397664632,4.02351681868054,301.9568425457894,5.5,9
868.0,3,charge,0.7036575117333967,4.090840289236166,298.9038754346673,3.0,9
869.0,1,charge,0.6270508242513317,4.01893150845709,300.80001080979747,4.5,9
869.0,2,charge,0.580099996493592,4.023781928789961,301.959201751621,5.5,9
869.0,3,charge,0.7038746318423375,4.091065843595372,298.90472267760583,3.0,9
870.0,1,charge,0.6273444254687595,4.019252073996095,300.8019431556657,4.5,9
870.0,2,charge,0.580480153220716,4.02404766554773,301.96156051378955,5.5,9
870.0,3,charge,0.704091751951276,4.091291188346922,298.9055698874109,3.0,9
871.0,1,charge,0.6276380266861868,4.019573809064726,300.8038751705209,4.5,9
871.0,2,charge,0.5808603099478438,4.024314036470683,301.96391883330233,5.5,9
871.0,3,charge,0.7043088720602168,4.091516325488628,298.9064170640825,3.0,9
872.0,1,charge,0.6279316279036136,4.019896714629495,300.80580685477264,4.5,9
872.0,2,charge,0.5812404666749715,4.024581049245249,301.96627671114186,5.5,9
872.0,3,charge,0.7045259921691553,4.091741257002603,298.9072642076206,3.0,9
873.0,1,charge,0.6282252291210388,4.020220791487447,300.8077382085518,4.5,9
873.0,2,charge,0.5816206234020965,4.024848711728726,301.968634148266,5.5,9
873.0,3,charge,0.7047431122780963,4.091965984855017,298.90811131802525,3.0,9
874.0,1,charge,0.6285188303384653,4.0205460401062725,300.8096692322595,4.5,9
874.0,2,charge,0.5820007801292242,4.025117031950478,301.9709911456076,5.5,9
874.0,3,charge,0.7049602323870346,4.092190510995936,298.9089583952964,3.0,9
875.0,1,charge,0.6288124315558941,4.0208724606962765,300.8115999262969,4.5,9
875.0,2,charge,0.582380936856352,4.025386017181301,301.97334770450726,5.5,9
875.0,3,charge,0.7051773524959754,4.092414837359062,298.90980543943414,3.0,9
876.0,1,charge,0.6291060327733213,4.021200053206036,300.8135302910649,4.5,9
876.0,2,charge,0.5827610935834769,4.025655675211649,301.97570382612014,5.5,9
876.0,3,charge,0.7053944726049167,4.092638965861578,298.9106524504384,3.0,9
877.0,1,charge,0.6293996339907478,4.021528817318113,300.815460326965,4.5,9
877.0,2,charge,0.5831412503106047,4.025926015098764,301.97805951107085,5.5,9
877.0,3,charge,0.7056115927138574,4.0928628984039435,298.9114994283092,3.0,9
878.0,1,charge,0.6296932352081731,4.021858752875177,300.8173900344079,4.5,9
878.0,2,charge,0.5835214070377323,4.026197045387773,301.98041476027873,5.5,9
878.0,3,charge,0.7058287128227958,4.0930866368696925,298.9123463730465,3.0,9
879.0,1,charge,0.6299868364255997,4.022189859159088,300.819319413798,4.5,9
879.0,2,charge,0.583901563764857,4.026468774789211,301.982769574644,5.5,9
879.0,3,charge,0.7060458329317367,4.093310183125297,298.91319328465033,3.0,9
880.0,1,charge,0.6302804376430271,4.022522134713301,300.8212484655292,4.5,9
880.0,2,charge,0.584281720491985,4.026741212180138,301.9851239550481,5.5,9
880.0,3,charge,0.7062629530406753,4.093533539019951,298.91404016312066,3.0,9
881.0,1,charge,0.6305740388604549,4.02285557812728,300.823177190003,4.5,9
881.0,2,charge,0.5846618772191127,4.02701436660519,301.98747790235325,5.5,9
881.0,3,charge,0.706480073149616,4.093756706385452,298.9148870084576,3.0,9
882.0,1,charge,0.6308676400778824,4.023190187704461,300.82510558762067,4.5,9
882.0,2,charge,0.5850420339462378,4.02728824727767,301.9898314174028,5.5,9
882.0,3,charge,0.7066971932585546,4.093979687036001,298.91573382066105,3.0,9
883.0,1,charge,0.6311612412953077,4.023525961458568,300.8270336587837,4.5,9
883.0,2,charge,0.5854221906733652,4.027562862320668,301.9921845016054,5.5,9
883.0,3,charge,0.7069143133674953,4.094202482768079,298.916580599731,3.0,9
884.0,1,charge,0.6314548425127341,4.02386289711004,300.8289614038934,4.5,9
884.0,2,charge,0.585802347400493,4.027838221221784,301.9945371557964,5.5,9
884.0,3,charge,0.7071314334764369,4.094425095360291,298.9174273456675,3.0,9
885.0,1,charge,0.6317484437301617,4.024200992082582,300.8308888233512,4.5,9
885.0,2,charge,0.586182504127617,4.0281143340067,301.99688938062263,5.5,9
885.0,3,charge,0.7073485535853776,4.094647526573244,298.91827405847056,3.0,9
886.0,1,charge,0.6320420449475895,4.024540243499858,300.8328159175584,4.5,9
886.0,2,charge,0.586562660854746,4.028391210388306,301.9992411769364,5.5,9
886.0,3,charge,0.7075656736943161,4.094869778149384,298.9191207381401,3.0,9
887.0,1,charge,0.632335646165017,4.024880648182307,300.8347426869165,4.5,9
887.0,2,charge,0.5869428175818734,4.028668860239533,302.0015925455777,5.5,9
887.0,3,charge,0.7077827938032569,4.095091851812896,298.9199673846762,3.0,9
888.0,1,charge,0.6326292473824422,4.025222202644134,300.83666913182685,4.5,9
888.0,2,charge,0.5873229743089977,4.02894729359411,302.0039434873733,5.5,9
888.0,3,charge,0.7079999139121954,4.095313749269565,298.92081399807887,3.0,9
889.0,1,charge,0.6329228485998687,4.025564903090407,300.83859525269094,4.5,9
889.0,2,charge,0.5877031310361259,4.029226520647405,302.00629400313727,5.5,9
889.0,3,charge,0.708217034021133,4.095535472206684,298.92166057834805,3.0,9
890.0,1,charge,0.6332164498172962,4.025908745414327,300.8405210499099,4.5,9
890.0,2,charge,0.5880832877632499,4.029506551757101,302.00864409367057,5.5,9
890.0,3,charge,0.7084341541300747,4.095757022292906,298.9225071254837,3.0,9
891.0,1,charge,0.6335100510347242,4.026253726094274,300.84244652368693,4.5,9
891.0,2,charge,0.5884634444903779,4.029787396386172,302.0109937602487,5.5,9
891.0,3,charge,0.7086512742390154,4.095978401178176,298.9233536394859,3.0,9
892.0,1,charge,0.6338036522521516,4.026599840215433,300.8443716744627,4.5,9
892.0,2,charge,0.5888436012175065,4.030069065535802,302.01334300350067,5.5,9
892.0,3,charge,0.7088683943479571,4.096199610493608,298.9242001203547,3.0,9
893.0,1,charge,0.6340972534695769,4.02694708241307,300.84629650270654,4.5,9
893.0,2,charge,0.5892237579446307,4.0303515701027415,302.0156918241664,5.5,9
893.0,3,charge,0.7090855144568947,4.0964206518514015,298.92504656809,3.0,9
894.0,1,charge,0.6343908546870035,4.027295447348286,300.84822100881166,4.5,9
894.0,2,charge,0.5896039146717584,4.03063492097732,302.0180402230519,5.5,9
894.0,3,charge,0.7093026345658355,4.096641526844763,298.9258929826919,3.0,9
895.0,1,charge,0.6346844559044308,4.027644929359381,300.8501451931707,4.5,9
895.0,2,charge,0.5899840713988866,4.030919129206193,302.020388200954,5.5,9
895.0,3,charge,0.7095197546747739,4.096862237047784,298.92673936416026,3.0,9
896.0,1,charge,0.6349780571218586,4.027995522460174,300.8520690561768,4.5,9
896.0,2,charge,0.590364228126011,4.031204205992721,302.02273575866104,5.5,9
896.0,3,charge,0.7097368747837148,4.097082784015406,298.92758571249516,3.0,9
897.0,1,charge,0.6352716583392826,4.028347220338527,300.85399259822276,4.5,9
897.0,2,charge,0.5907443848531387,4.031490162697249,302.02508289695214,5.5,9
897.0,3,charge,0.7099539948926532,4.097303169283315,298.9284320276966,3.0,9
898.0,1,charge,0.6355652595567115,4.028700016355104,300.85591581970147,4.5,9
898.0,2,charge,0.5911245415802674,4.031777010837327,302.0274296165976,5.5,9
898.0,3,charge,0.710171115001594,4.097523394367887,298.9292783097645,3.0,9
899.0,1,charge,0.6358588607741379,4.029053903542291,300.85783872100603,4.5,9
899.0,2,charge,0.5915046983073917,4.032064761904143,302.02977591844234,5.5,9
899.0,3,charge,0.7103882351105355,4.097743460766125,298.93012455869905,3.0,9
900.0,1,charge,0.6361524619915654,4.02940887460337,300.8597613025292,4.5,9
900.0,2,charge,0.5918848550345194,4.0323534275761155,302.03212180330837,5.5,9
900.0,3,charge,0.7106053552194763,4.097963369955577,298.93097077450005,3.0,9
900.0,1,charge,0.636152461991565,4.02940887460337,300.8597613025292,4.0,10
900.0,1,charge,0.6361524619915654,4.020373311285204,300.8597613025292,4.0,10
900.0,2,charge,0.5918848550345199,4.0323534275761155,302.03212180330837,5.0,10
900.0,2,charge,0.5918848550345194,4.024146859529962,302.03212180330837,5.0,10
900.0,3,charge,0.7106053552194751,4.097963369955577,298.93097077450005,3.0,10
900.0,3,charge,0.7106053552194763,4.097963369955577,298.93097077450005,3.0,10
901.0,1,charge,0.6364134408514996,4.020136466835362,300.8612487751848,4.0,10
901.0,2,charge,0.592230452059179,4.023930473328486,302.03403101845504,5.0,10
901.0,3,charge,0.7108224753284148,4.098183120982085,298.9318168950331,3.0,10
902.0,1,charge,0.6366744197114365,4.020107672550318,300.8627341303404,4.0,10
902.0,2,charge,0.5925760490838425,4.0238715532522,302.0359375082076,5.0,10
902.0,3,charge,0.7110395954373555,4.098402717873968,298.93266297989646,3.0,10
903.0,1,charge,0.6369353985713695,4.020152707780126,300.8642174992077,4.0,10
903.0,2,charge,0.5929216461085017,4.023875737221061,302.0378414346264,5.0,10
903.0,3,charge,0.7112567155462939,4.098622163512566,298.9335090647598,3.0,10
904.0,1,charge,0.6371963774313041,4.020238382970629,300.8656989817104,4.0,10
904.0,2,charge,0.5932672431331613,4.02391545704509,302.0397429273748,5.0,10
904.0,3,charge,0.7114738356552346,4.098841458366163,298.9343551265551,3.0,10
905.0,1,charge,0.6374573562912418,4.020350882442536,300.86717866398556,4.0,10
905.0,2,charge,0.5936128401578239,4.0239791397460625,302.04164210023646,5.0,10
905.0,3,charge,0.7116909557641732,4.0990606015249575,298.9352011086563,3.0,10
906.0,1,charge,0.6377183351511752,4.020483190789515,300.8686566231157,4.0,10
906.0,2,charge,0.593958437182484,4.0240608686404595,302.04353905593496,5.0,10
906.0,3,charge,0.7119080758731139,4.099279597571325,298.93604709075754,3.0,10
907.0,1,charge,0.6379793140111082,4.020631063734399,300.8701329295013,4.0,10
907.0,2,charge,0.5943040342071433,4.024157027751276,302.0454338886566,5.0,10
907.0,3,charge,0.7121251959820555,4.09949844784698,298.93689307285877,3.0,10
908.0,1,charge,0.6382402928710462,4.020791758614353,300.87160764813297,4.0,10
908.0,2,charge,0.5946496312318061,4.024265286607303,302.04732668540464,5.0,10
908.0,3,charge,0.7123423160909932,4.099717148506992,298.9377389212606,3.0,10
909.0,1,charge,0.6385012717309797,4.020963397841617,300.87308083941537,4.0,10
909.0,2,charge,0.5949952282564654,4.024383996278552,302.04921752705224,5.0,10
909.0,3,charge,0.7125594361999339,4.099935703992934,298.93858471730294,3.0,10
910.0,1,charge,0.6387622505909161,4.021144554969024,300.87455255990454,4.0,10
910.0,2,charge,0.5953408252811253,4.024511910470638,302.05110648911995,5.0,10
910.0,3,charge,0.7127765563088723,4.100154116863619,298.93943049404686,3.0,10
911.0,1,charge,0.6390232294508505,4.021334142726124,300.87602286271493,4.0,10
911.0,2,charge,0.5956864223057882,4.024648068990015,302.05299364235316,5.0,10
911.0,3,charge,0.7129936764178131,4.100372388380741,298.9402762514923,3.0,10
912.0,1,charge,0.6392842083107849,4.021531307614976,300.87749179790256,4.0,10
912.0,2,charge,0.5960320193304477,4.024791709213206,302.05487905319865,5.0,10
912.0,3,charge,0.7132107965267515,4.100590519786142,298.94112198963927,3.0,10
913.0,1,charge,0.6395451871707211,4.021735355909811,300.87895941276383,4.0,10
913.0,2,charge,0.5963776163551076,4.024942206840455,302.0567627841939,5.0,10
913.0,3,charge,0.7134279166356922,4.100808512301747,298.94196770848777,3.0,10
914.0,1,charge,0.6398061660306548,4.021945712752105,300.88042575207515,4.0,10
914.0,2,charge,0.5967232133797704,4.0250990481302305,302.05864489425824,5.0,10
914.0,3,charge,0.7136450367446336,4.101026367129608,298.94281340803775,3.0,10
915.0,1,charge,0.6400671448905927,4.022161904135432,300.8818908582462,4.0,10
915.0,2,charge,0.5970688104044297,4.025261797243504,302.06052543904434,5.0,10
915.0,3,charge,0.7138621568535745,4.101244085451864,298.9436590882893,3.0,10
916.0,1,charge,0.6403281237505256,4.022383522155834,300.8833547715708,4.0,10
916.0,2,charge,0.5974144074290888,4.025430074837527,302.0624044712365,5.0,10
916.0,3,charge,0.7140792769625128,4.101461668430753,298.94450474924224,3.0,10
917.0,1,charge,0.64058910261046,4.0226102014486536,300.8848175304395,4.0,10
917.0,2,charge,0.5977600044537527,4.025603547947485,302.0642820407806,5.0,10
917.0,3,charge,0.7142963970714505,4.101679117208606,298.9453503908968,3.0,10
918.0,1,charge,0.6408500814703971,4.022841621407889,300.88627917142395,4.0,10
918.0,2,charge,0.598105601478412,4.025781925441788,302.0661581950627,5.0,10
918.0,3,charge,0.7145135171803915,4.101896432907871,298.94619601325286,3.0,10
919.0,1,charge,0.6411110603303316,4.023077501289663,300.88773972938515,4.0,10
919.0,2,charge,0.5984511985030712,4.025964953481308,302.068032979071,5.0,10
919.0,3,charge,0.7147306372893298,4.102113616631074,298.94704161631046,3.0,10
920.0,1,charge,0.6413720391902643,4.023317593494573,300.8891992375812,4.0,10
920.0,2,charge,0.5987967955277349,4.0261524075292785,302.0699064355633,5.0,10
920.0,3,charge,0.7149477573982707,4.102330669460901,298.94788720006954,3.0,10
921.0,1,charge,0.6416330180502021,4.023561675516981,300.8906577277743,4.0,10
921.0,2,charge,0.599142392552394,4.026344087902496,302.0717786052292,5.0,10
921.0,3,charge,0.7151648775072121,4.102547592460141,298.9487327645301,3.0,10
922.0,1,charge,0.6418939969101359,4.023809548621019,300.89211523031844,4.0,10
922.0,2,charge,0.5994879895770534,4.026539812855114,302.0736495268348,5.0,10
922.0,3,charge,0.715381997616153,4.10276438667173,298.94957830969224,3.0,10
923.0,1,charge,0.6421549757700721,4.02406102757787,300.8935717742602,4.0,10
923.0,2,charge,0.5998335866017133,4.02673941972539,302.0755192373692,5.0,10
923.0,3,charge,0.7155991177250914,4.102981053118775,298.9504238355559,3.0,10
924.0,1,charge,0.6424159546300066,4.024315945779048,300.89502738741777,4.0,10
924.0,2,charge,0.6001791836263763,4.02694275942411,302.07738777211006,5.0,10
924.0,3,charge,0.7158162378340321,4.103197592667243,298.95126933789226,3.0,10
925.0,1,charge,0.642676933489941,4.024574147201963,300.89648209642206,4.0,10
925.0,2,charge,0.6005247806510357,4.027149695187335,302.07925516481794,5.0,10
925.0,3,charge,0.7160333579429704,4.103414005025991,298.95211477746255,3.0,10
926.0,1,charge,0.6429379123498772,4.024835486767939,300.89793592684583,4.0,10
926.0,2,charge,0.6008703776756955,4.027360103547382,302.0811214477004,5.0,10
926.0,3,charge,0.7162504780519112,4.103630292396687,298.9529601924013,3.0,10
927.0,1,charge,0.643198891209811,4.0250998319356635,300.8993889031599,4.0,10
927.0,2,charge,0.6012159747003586,4.027573868512137,302.08298665164807,5.0,10
927.0,3,charge,0.7164675981608497,4.103846455723232,298.9538055827083,3.0,10
928.0,1,charge,0.6434598700697489,4.02536705559481,300.9008410489065,4.0,10
928.0,2,charge,0.6015615717250179,4.027790887118401,302.08485080615054,5.0,10
928.0,3,charge,0.7166847182697906,4.104062495929799,298.95465094838374,3.0,10
929.0,1,charge,0.6437208489296817,4.02563704326176,300.9022923866227,4.0,10
929.0,2,charge,0.6019071687496778,4.028011062222047,302.0867139395238,5.0,10
929.0,3,charge,0.7169018383787321,4.104278413920884,298.95549628942746,3.0,10
930.0,1,charge,0.6439818277896162,4.025909684966576,300.9037429379996,4.0,10
930.0,2,charge,0.6022527657743408,4.028234306526702,302.08857607884465,5.0,10
930.0,3,charge,0.7171189584876728,4.104494210581352,298.95634160583955,3.0,10
931.0,1,charge,0.6442428066495531,4.02618487938602,300.90519272383625,4.0,10
931.0,2,charge,0.6025983627989999,4.028460538740619,302.0904372501281,5.0,10
931.0,3,charge,0.7173360785966105,4.104709886776458,298.95718689762,3.0,10
932.0,1,charge,0.6445037855094876,4.026462530531879,300.9066417641499,4.0,10
932.0,2,charge,0.60294395982366,4.028689683704632,302.0922974782956,5.0,10
932.0,3,charge,0.7175531987055521,4.104925443351888,298.9580321647687,3.0,10
933.0,1,charge,0.6447647643694204,4.026742547444051,300.908090078164,4.0,10
933.0,2,charge,0.6032895568483231,4.028921671586774,302.0941567873121,5.0,10
933.0,3,charge,0.7177703188144898,4.105140881133801,298.9588774072858,3.0,10
934.0,1,charge,0.6450257432293584,4.027024843693072,300.9095376843888,4.0,10
934.0,2,charge,0.6036351538729822,4.029156437618518,302.09601520015804,5.0,10
934.0,3,charge,0.7179874389234283,4.105356200928872,298.95972262517125,3.0,10
935.0,1,charge,0.645286722089292,4.027309337370191,300.91098460061096,4.0,10
935.0,2,charge,0.6039807508976422,4.029393920600798,302.09787273895745,5.0,10
935.0,3,charge,0.718204559032369,4.105571403524328,298.9605678184251,3.0,10
936.0,1,charge,0.6455477009492281,4.027595949521277,300.91243084396905,4.0,10
936.0,2,charge,0.6043263479223043,4.029634064797586,302.0997294249365,5.0,10
936.0,3,charge,0.7184216791413105,4.1057864896880005,298.9614129870472,3.0,10
937.0,1,charge,0.6458086798091627,4.027884607244718,300.91387643091315,4.0,10
937.0,2,charge,0.6046719449469644,4.029876817060041,302.1015852785463,5.0,10
937.0,3,charge,0.7186387992502513,4.106001460168368,298.9622581310377,3.0,10
938.0,1,charge,0.6460696586690972,4.028175237812426,300.9153213773394,4.0,10
938.0,2,charge,0.6050175419716245,4.030122129074366,302.1034403194243,5.0,10
938.0,3,charge,0.71885591935919,4.106216315694608,298.96310325039656,3.0,10
939.0,1,charge,0.6463306375290325,4.028467771596515,300.9167656985581,4.0,10
939.0,2,charge,0.6053631389962866,4.0303699552479575,302.1052945664964,5.0,10
939.0,3,charge,0.7190730394681307,4.106431056976646,298.9639483451237,3.0,10
940.0,1,charge,0.6465916163889672,4.028762146966437,300.9182094092081,4.0,10
940.0,2,charge,0.6057087360209468,4.0306202533168065,302.1071480379566,5.0,10
940.0,3,charge,0.719290159577069,4.106645684705214,298.9647934152192,3.0,10
941.0,1,charge,0.646852595248905,4.029058297880333,300.9196525235483,4.0,10
941.0,2,charge,0.6060543330456065,4.0308729838655015,302.1090007513396,5.0,10
941.0,3,charge,0.7195072796860099,4.106860199611223,298.9656384584398,3.0,10
942.0,1,charge,0.6471135741088377,4.029356162451594,300.9210950552863,4.0,10
942.0,2,charge,0.6063999300702686,4.031128109926553,302.1108527235017,5.0,10
942.0,3,charge,0.7197243997949482,4.107074602390323,298.9664834731544,3.0,10
943.0,1,charge,0.6473745529687722,4.029655686545212,300.92253701748615,4.0,10
943.0,2,charge,0.6067455270949287,4.031385596976927,302.11270397072775,5.0,10
943.0,3,charge,0.719941519903889,4.1072888935910115,298.9673284625758,3.0,10
944.0,1,charge,0.6476355318287095,4.029956811297512,300.92397842293315,4.0,10
944.0,2,charge,0.6070911241195889,4.031645412645947,302.114554508715,5.0,10
944.0,3,charge,0.7201586400128305,4.107503073827768,298.96817342670374,3.0,10
945.0,1,charge,0.647896510688644,4.030259482008782,300.9254192838952,4.0,10
945.0,2,charge,0.6074367211442506,4.031907527247431,302.1164043524902,5.0,10
945.0,3,charge,0.7203757601217713,4.107717143696139,298.9690183655384,3.0,10
946.0,1,charge,0.6481574895485767,4.030563648628256,300.9268596120918,4.0,10
946.0,2,charge,0.607782318168911,4.032171912107658,302.118253516692,5.0,10
946.0,3,charge,0.7205928802307097,4.107931103772831,298.96986327907973,3.0,10
947.0,1,charge,0.6484184684085148,4.0308692596091795,300.92829941895883,4.0,10
947.0,2,charge,0.6081279151935711,4.032438540429499,302.12010201542404,5.0,10
947.0,3,charge,0.7208100003396507,4.108144954615728,298.9707081673277,3.0,10
948.0,1,charge,0.6486794472684484,4.031176266112505,300.9297387154795,4.0,10
948.0,2,charge,0.6084735122182332,4.032707388673661,302.12194986210187,5.0,10
948.0,3,charge,0.721027120448589,4.108358696763997,298.97155303028234,3.0,10
949.0,1,charge,0.6489404261283845,4.0314846212012885,300.9311775122009,4.0,10
949.0,2,charge,0.6088191092428933,4.032978433053705,302.1237970698934,5.0,10
949.0,3,charge,0.7212442405575267,4.10857233073812,298.9723978679437,3.0,10
950.0,1,charge,0.649201404988319,4.0317942788690875,300.93261581935803,4.0,10
950.0,2,charge,0.6091647062675534,4.03325165162212,302.1256436514675,5.0,10
950.0,3,charge,0.7214613606664675,4.108785857039969,298.97324268031167,3.0,10
951.0,1,charge,0.6494623838482535,4.0321051945521535,300.93405364680467,4.0,10
951.0,2,charge,0.6095103032922154,4.033527025408079,302.1274896188736,5.0,10
951.0,3,charge,0.721678480775409,4.108999276152886,298.9740874673863,3.0,10
952.0,1,charge,0.6497233627081894,4.0324173249239355,300.9354910040305,4.0,10
952.0,2,charge,0.6098559003168755,4.033804535162712,302.1293349839278,5.0,10
952.0,3,charge,0.7218956008843497,4.109212588541737,298.9749322291676,3.0,10
953.0,1,charge,0.6499843415681233,4.032730627584997,300.9369279002273,4.0,10
953.0,2,charge,0.6102014973415356,4.034084163295511,302.1311797579959,5.0,10
953.0,3,charge,0.7221127209932883,4.109425794652958,298.9757769656556,3.0,10
954.0,1,charge,0.6502453204280613,4.033045061622902,300.9383643442398,4.0,10
954.0,2,charge,0.6105470943661975,4.034365894114395,302.1330239519642,5.0,10
954.0,3,charge,0.7223298411022289,4.109638894914678,298.9766216768503,3.0,10
955.0,1,charge,0.6505062992879939,4.033360587878424,300.9398003445686,4.0,10
955.0,2,charge,0.6108926913908578,4.034649712407623,302.13486757642687,5.0,10
955.0,3,charge,0.7225469612111672,4.109851889736738,298.9774663627516,3.0,10
956.0,1,charge,0.6507672781479276,4.033677166656078,300.9412359095005,4.0,10
956.0,2,charge,0.6112382884155172,4.034935604148021,302.13671064160224,5.0,10
956.0,3,charge,0.722764081320108,4.1100647795107825,298.9783110233596,3.0,10
957.0,1,charge,0.6510282570078655,4.033994759334779,300.9426710470336,4.0,10
957.0,2,charge,0.6115838854401797,4.0352235564767565,302.1385531573251,5.0,10
957.0,3,charge,0.7229812014290465,4.1102775646103265,298.9791556586743,3.0,10
958.0,1,charge,0.6512892358677999,4.0343133277765,300.9441057649182,4.0,10
958.0,2,charge,0.61192948246484,4.035513557307242,302.1403951331272,5.0,10
958.0,3,charge,0.7231983215379874,4.110490246570601,298.98000028571767,3.0,10
959.0,1,charge,0.6515502147277327,4.034632839311201,300.94554007037243,4.0,10
959.0,2,charge,0.6122750794894994,4.035805595382966,302.1422365782249,5.0,10
959.0,3,charge,0.723415441646929,4.110702825143729,298.98084489604105,3.0,10
960.0,1,charge,0.6518111935876706,4.034953256900626,300.94697397066994,4.0,10
960.0,2,charge,0.612620676514162,4.036099660680739,302.1440775014522,5.0,10
960.0,3,charge,0.7236325617558697,4.110915300156215,298.98168948252965,3.0,10
961.0,1,charge,0.6520721724476044,4.035274545031797,300.94840747280216,4.0,10
961.0,2,charge,0.612966273538822,4.036395743575917,302.145917911406,5.0,10
961.0,3,charge,0.7238496818648082,4.111127671909802,298.98253404518346,3.0,10
962.0,1,charge,0.6523331513075369,4.035596668905784,300.9498405835344,4.0,10
962.0,2,charge,0.6133118705634811,4.036693835005911,302.1477578164212,5.0,10
962.0,3,charge,0.7240668019737491,4.111339940688454,298.9833785840024,3.0,10
963.0,1,charge,0.6525941301674747,4.035919596228238,300.9512733092774,4.0,10
963.0,2,charge,0.6136574675881405,4.036993926495139,302.1495972245676,5.0,10
963.0,3,charge,0.7242839220826873,4.111552106758458,298.9842230989867,3.0,10
964.0,1,charge,0.6528551090274086,4.036243297173517,300.952705656097,4.0,10
964.0,2,charge,0.6140030646128041,4.03729601022393,302.15143614364536,5.0,10
964.0,3,charge,0.724501042191625,4.111764170368499,298.9850675901362,3.0,10
965.0,1,charge,0.6531160878873445,4.036567737992748,300.9541376301924,4.0,10
965.0,2,charge,0.6143486616374635,4.037600080940441,302.1532745808998,5.0,10
965.0,3,charge,0.7247181623005658,4.111976131749714,298.985912057451,3.0,10
966.0,1,charge,0.653377066747279,4.036892887301614,300.9555692374402,4.0,10
966.0,2,charge,0.6146942586621226,4.037906131076463,302.15511254376383,5.0,10
966.0,3,charge,0.7249352824095073,4.112187991115803,298.986756500931,3.0,10
967.0,1,charge,0.6536380456072136,4.037218714180469,300.9570004835418,4.0,10
967.0,2,charge,0.6150398556867853,4.038214154396742,302.1569500393095,5.0,10
967.0,3,charge,0.7251524025184483,4.112399748663087,298.98760092057614,3.0,10
968.0,1,charge,0.6538990244671489,4.03754519131016,300.9584313736931,4.0,10
968.0,2,charge,0.6153854527114454,4.038524144949141,302.15878707441055,5.0,10
968.0,3,charge,0.7253695226273867,4.112611404570586,298.98844531638656,3.0,10
969.0,1,charge,0.6541600033270834,4.037872288612898,300.9598619132712,4.0,10
969.0,2,charge,0.6157310497361046,4.038836098220681,302.1606236555645,5.0,10
969.0,3,charge,0.7255866427363277,4.112822959000102,298.98928968836225,3.0,10
970.0,1,charge,0.6544209821870179,4.038199977480059,300.96129210738684,4.0,10
970.0,2,charge,0.6160766467607673,4.039150011062162,302.1624597889086,5.0,10
970.0,3,charge,0.7258037628452658,4.113034412096312,298.99013403650315,3.0,10
971.0,1,charge,0.6546819610469538,4.038528229973221,300.9627219609758,4.0,10
971.0,2,charge,0.6164222437854268,4.039465878057322,302.164295480792,5.0,10
971.0,3,charge,0.7260208829542067,4.113245763986823,298.9909783608092,3.0,10
972.0,1,charge,0.6549429399068877,4.038857018862375,300.96415147875666,4.0,10
972.0,2,charge,0.6167678408100858,4.039783695116332,302.1661307372151,5.0,10
972.0,3,charge,0.7262380030631452,4.113457014782261,298.9918226612806,3.0,10
973.0,1,charge,0.6552039187668255,4.039186317555186,300.96558066525444,4.0,10
973.0,2,charge,0.6171134378347496,4.040103458353089,302.16796556400914,5.0,10
973.0,3,charge,0.726455123172086,4.113668164576387,298.9926669379172,3.0,10
974.0,1,charge,0.6554648976267582,4.039516099635344,300.9670095249545,4.0,10
974.0,2,charge,0.6174590348594088,4.040425165642066,302.1697999665566,5.0,10
974.0,3,charge,0.7266722432810275,4.113879213446104,298.99351119071906,3.0,10
975.0,1,charge,0.6557258764866927,4.039846339305219,300.9684380621528,4.0,10
975.0,2,charge,0.6178046318840681,4.040748814124175,302.17163395024494,5.0,10
975.0,3,charge,0.7268893633899683,4.114090161451628,298.99435541968614,3.0,10
976.0,1,charge,0.6559868553466299,4.040177011223883,300.96986628100996,4.0,10
976.0,2,charge,0.618150228908732,4.041074400682854,302.173467520382,5.0,10
976.0,3,charge,0.7271064834989069,4.114301008636492,298.99519962481844,3.0,10
977.0,1,charge,0.6562478342065644,4.040508090631169,300.9712941854728,4.0,10
977.0,2,charge,0.6184958259333908,4.041401922786915,302.1753006820453,5.0,10
977.0,3,charge,0.7273236036078478,4.1145117550276815,298.99604380611595,3.0,10
978.0,1,charge,0.6565088130664971,4.040839553023769,300.9727217794545,4.0,10
978.0,2,charge,0.6188414229580501,4.041731378070307,302.17713344015846,5.0,10
978.0,3,charge,0.7275407237167859,4.114722400635703,298.99688796357873,3.0,10
979.0,1,charge,0.656769791926435,4.041171374347077,300.97414906671725,4.0,10
979.0,2,charge,0.6191870199827104,4.042062764956357,302.17896579930283,5.0,10
979.0,3,charge,0.727757843825727,4.11493294545464,298.99773209720667,3.0,10
980.0,1,charge,0.6570307707863688,4.041503530923855,300.97557605090685,4.0,10
980.0,2,charge,0.619532617007373,4.042396081196314,302.1807977641522,5.0,10
980.0,3,charge,0.7279749639346653,4.115143389462279,298.99857620699987,3.0,10
981.0,1,charge,0.6572917496463047,4.041835999797072,300.97700273551624,4.0,10
981.0,2,charge,0.6198782140320324,4.042731324918828,302.18262933915616,5.0,10
981.0,3,charge,0.7281920840436062,4.115353732620157,298.99942029295835,3.0,10
982.0,1,charge,0.6575527285062392,4.042168758541718,300.9784291239115,4.0,10
982.0,2,charge,0.6202238110566927,4.0430684943198845,302.18446052863123,5.0,10
982.0,3,charge,0.7284092041525477,4.115563974873684,299.00026435508204,3.0,10
983.0,1,charge,0.6578137073661738,4.042501784562728,300.9798552194199,4.0,10
983.0,2,charge,0.6205694080813543,4.043407587666609,302.18629133674153,5.0,10
983.0,3,charge,0.7286263242614884,4.115774116152197,299.00110839337094,3.0,10
984.0,1,charge,0.6580746862261091,4.0428350558646935,300.98128102524123,4.0,10
984.0,2,charge,0.6209150051060146,4.043748603301774,302.18812176748116,5.0,10
984.0,3,charge,0.7288434443704273,4.115984156369045,299.0019524078251,3.0,10
985.0,1,charge,0.6583356650860436,4.043168550802984,300.9827065444808,4.0,10
985.0,2,charge,0.6212606021306747,4.0440915394381225,302.1899518248068,5.0,10
985.0,3,charge,0.729060564479368,4.116194095421676,299.0027963984445,3.0,10
986.0,1,charge,0.658596643945978,4.043502249001168,300.9841317800269,4.0,10
986.0,2,charge,0.6216061991553365,4.044436394287086,302.19178151252913,5.0,10
986.0,3,charge,0.7292776845883061,4.116403933191755,299.0036403652291,3.0,10
987.0,1,charge,0.6588576228059139,4.04383612938898,300.9855567348241,4.0,10
987.0,2,charge,0.6219517961799969,4.044783165983745,302.1936108343509,5.0,10
987.0,3,charge,0.7294948046972471,4.1166136695452025,299.004484308179,3.0,10
988.0,1,charge,0.6591186016658477,4.0441701716397525,300.986981411678,4.0,10
988.0,2,charge,0.622297393204657,4.0451318526762785,302.1954397938447,5.0,10
988.0,3,charge,0.7297119248061855,4.1168233043322875,299.00532822729406,3.0,10
989.0,1,charge,0.6593795805257823,4.0445043557928315,300.9884058133116,4.0,10
989.0,2,charge,0.6226429902293186,4.045482452484091,302.1972683944616,5.0,10
989.0,3,charge,0.7299290449151264,4.117032837387754,299.0061721225743,3.0,10
990.0,1,charge,0.6596405593857181,4.044838662280484,300.9898299423598,4.0,10
990.0,2,charge,0.6229885872539789,4.045834963338306,302.1990966395683,5.0,10
990.0,3,charge,0.7301461650240679,4.117242268530845,299.00701599401987,3.0,10
990.0,1,charge,0.6596405593857182,4.044838662280484,300.9898299423598,4.0,11
990.0,1,charge,0.6596405593857181,4.044838662280484,300.9898299423598,4.0,11
990.0,2,charge,0.6229885872539787,4.045834963338306,302.1990966395683,5.0,11
990.0,2,charge,0.6229885872539789,4.045834963338306,302.1990966395683,5.0,11
990.0,3,charge,0.7301461650240675,4.117242268530845,299.00701599401987,3.0,11
990.0,3,charge,0.7301461650240679,4.117242268530845,299.00701599401987,3.0,11
991.0,1,charge,0.6599015382456519,4.045173083005018,300.9912537903211,4.0,11
991.0,2,charge,0.6233341842786393,4.046189394274576,302.20092451915247,5.0,11
991.0,3,charge,0.7303632851330086,4.117451596299272,299.007859798431,3.0,11
992.0,1,charge,0.6601625171055899,4.045507577460917,300.9926773808511,4.0,11
992.0,2,charge,0.6236797813033008,4.046545720581799,302.20275206205866,5.0,11
992.0,3,charge,0.730580405241947,4.1176608218012625,299.0087035778721,3.0,11
993.0,1,charge,0.6604234959655223,4.0458421353742375,300.9941007072864,4.0,11
993.0,2,charge,0.6240253783279612,4.046903949142163,302.20457926014484,5.0,11
993.0,3,charge,0.7307975253508879,4.117869945565049,299.00954735731324,3.0,11
994.0,1,charge,0.6606844748254571,4.046176740301239,300.9955237714587,4.0,11
994.0,2,charge,0.6243709753526215,4.047264077855109,302.2064061160856,5.0,11
994.0,3,charge,0.7310146454598261,4.118078966419162,299.01039110525915,3.0,11
995.0,1,charge,0.6609454536853943,4.046511375726821,300.9969465749512,4.0,11
995.0,2,charge,0.6247165723772831,4.047626105420722,302.2082326319918,5.0,11
995.0,3,charge,0.731231765568767,4.118287881825706,299.0112347443979,3.0,11
996.0,1,charge,0.6612064325453288,4.0468460243277455,300.9983691198259,4.0,11
996.0,2,charge,0.6250621694019435,4.047990029112389,302.2100588104451,5.0,11
996.0,3,charge,0.7314488856777046,4.118496694723984,299.01207838353656,3.0,11
997.0,1,charge,0.6614674114052614,4.047180667443151,300.9997914087226,4.0,11
997.0,2,charge,0.6254077664266028,4.048355844950782,302.21188465443606,5.0,11
997.0,3,charge,0.7316660057866462,4.11870540482704,299.01292202267524,3.0,11
998.0,1,charge,0.6617283902651993,4.0475152919560555,301.0012134423985,4.0,11
998.0,2,charge,0.6257533634512651,4.048723551371059,302.21371016577893,5.0,11
998.0,3,charge,0.731883125895587,4.1189140118331125,299.013765661814,3.0,11
999.0,1,charge,0.6619893691251332,4.047849879034253,301.00263522368044,4.0,11
999.0,2,charge,0.6260989604759255,4.049093143301372,302.21553534756976,5.0,11
999.0,3,charge,0.7321002460045256,4.1191225154257225,299.0146093009526,3.0,11
1000.0,1,charge,0.6622503479850689,4.048184413942894,301.004056753996,4.0,11
1000.0,2,charge,0.626444557500585,4.049464617183934,302.21736020207834,5.0,11
1000.0,3,charge,0.7323173661134662,4.11933091527373,299.0154529400913,3.0,11
1001.0,1,charge,0.6625113268450036,4.048518880103444,301.00547803550967,4.0,11
1001.0,2,charge,0.6267901545252473,4.049837967983159,302.21918473200395,5.0,11
1001.0,3,charge,0.7325344862224046,4.119539209278997,299.0162965181945,3.0,11
1002.0,1,charge,0.6627723057049381,4.048853261935168,301.00689907006637,4.0,11
1002.0,2,charge,0.6271357515499077,4.050213190995583,302.22100893970236,5.0,11
1002.0,3,charge,0.7327516063313452,4.11974739626686,299.0171400068534,3.0,11
1003.0,1,charge,0.6630332845648732,4.049187544427489,301.0083198593966,4.0,11
1003.0,2,charge,0.6274813485745673,4.050590280821806,302.22283282761276,5.0,11
1003.0,3,charge,0.7329687264402838,4.1199554780650605,299.01798348274525,3.0,11
1004.0,1,charge,0.6632942634248077,4.049521712268729,301.0097404053768,4.0,11
1004.0,2,charge,0.6278269455992261,4.0509692327142535,302.22465639771383,5.0,11
1004.0,3,charge,0.7331858465492246,4.120163454285091,299.0188269458701,3.0,11
1005.0,1,charge,0.6635552422847424,4.049855752013049,301.01116070931533,4.0,11
1005.0,2,charge,0.6281725426238898,4.051350040432553,302.2264796523616,5.0,11
1005.0,3,charge,0.7334029666581653,4.120371324524228,299.0196703962278,3.0,11
1006.0,1,charge,0.6638162211446774,4.050189648598919,301.0125807731214,4.0,11
1006.0,2,charge,0.6285181396485493,4.051732697046612,302.2283025939713,5.0,11
1006.0,3,charge,0.7336200867671039,4.120579088365659,299.0205138338185,3.0,11
1007.0,1,charge,0.6640772000046119,4.050523387596324,301.01400059854996,4.0,11
1007.0,2,charge,0.6288637366732084,4.0521171970649075,302.23012522418776,5.0,11
1007.0,3,charge,0.7338372068760447,4.120786745378542,299.0213572586421,3.0,11
1008.0,1,charge,0.6643381788645466,4.0508569570327255,301.0154201865862,4.0,11
1008.0,2,charge,0.629209333697872,4.052503533150557,302.2319475451575,5.0,11
1008.0,3,charge,0.7340543269849827,4.120994295118077,299.0222006706986,3.0,11
1009.0,1,charge,0.6645991577244823,4.051190342612164,301.01683953905956,4.0,11
1009.0,2,charge,0.6295549307225315,4.052891697049644,302.2337695591633,5.0,11
1009.0,3,charge,0.7342714470939233,4.121201737125649,299.02304406998815,3.0,11
1010.0,1,charge,0.6648601365844162,4.0515235308708055,301.0182586575794,4.0,11
1010.0,2,charge,0.6299005277471904,4.053281681831622,302.2355912677587,5.0,11
1010.0,3,charge,0.7344885672028619,4.1214090709288485,299.0238874565106,3.0,11
1011.0,1,charge,0.6651211154443543,4.051856510470524,301.0196775431012,4.0,11
1011.0,2,charge,0.6302461247718533,4.0536734792079745,302.2374126727972,5.0,11
1011.0,3,charge,0.7347056873118029,4.121616296041605,299.0247308302659,3.0,11
1012.0,1,charge,0.6653820943042866,4.052189268509498,301.0210961971685,4.0,11
1012.0,2,charge,0.6305917217965136,4.054067079630107,302.2392337763905,5.0,11
1012.0,3,charge,0.7349228074207443,4.121823411964254,299.02557419125424,3.0,11
1013.0,1,charge,0.6656430731642213,4.052521792425398,301.0225146212733,4.0,11
1013.0,2,charge,0.6309373188211728,4.054462474516574,302.2410545800544,5.0,11
1013.0,3,charge,0.7351399275296822,4.122030418183618,299.0264175394755,3.0,11
1014.0,1,charge,0.6659040520241585,4.052854071395402,301.0239328163873,4.0,11
1014.0,2,charge,0.6312829158458355,4.054859654388445,302.24287508541846,5.0,11
1014.0,3,charge,0.7353570476386229,4.122237314173088,299.02726087492977,3.0,11
1015.0,1,charge,0.6661650308840933,4.053186093788465,301.0253507838164,4.0,11
1015.0,2,charge,0.6316285128704959,4.055258608325563,302.24469529442933,5.0,11
1015.0,3,charge,0.7355741677475609,4.122444099392759,299.02810419761687,3.0,11
1016.0,1,charge,0.6664260097440257,4.053517847937071,301.02676852494267,4.0,11
1016.0,2,charge,0.6319741098951548,4.055659326050148,302.2465152085584,5.0,11
1016.0,3,charge,0.7357912878565017,4.122650773289434,299.0289475075369,3.0,11
1017.0,1,charge,0.6666869886039636,4.053849323600785,301.0281860407357,4.0,11
1017.0,2,charge,0.6323197069198178,4.056061796703153,302.2483348292633,5.0,11
1017.0,3,charge,0.7360084079654402,4.122857335296782,299.02979080469,3.0,11
1018.0,1,charge,0.6669479674638976,4.054180510262396,301.0296033323216,4.0,11
1018.0,2,charge,0.6326653039444766,4.056466007888018,302.2501541583467,5.0,11
1018.0,3,charge,0.736225528074381,4.1230637848353755,299.03063408907593,3.0,11
1019.0,1,charge,0.6672089463238332,4.054511397130452,301.0310204009829,4.0,11
1019.0,2,charge,0.633010900969137,4.056871947607861,302.25197319722463,5.0,11
1019.0,3,charge,0.7364426481833225,4.123270121312812,299.0314773606948,3.0,11
1020.0,1,charge,0.6674699251837678,4.054841974613088,301.03243724766804,4.0,11
1020.0,2,charge,0.6333564979937998,4.057279603503141,302.25379194721233,5.0,11
1020.0,3,charge,0.7366597682922633,4.123476344123775,299.0323206195466,3.0,11
1021.0,1,charge,0.6677309040437025,4.055172233206327,301.0338538733609,4.0,11
1021.0,2,charge,0.633702095018459,4.057688961610976,302.2556104099877,5.0,11
1021.0,3,charge,0.7368768884012011,4.123682452650131,299.03316386563137,3.0,11
1022.0,1,charge,0.6679918829036375,4.055502162973046,301.0352702792547,4.0,11
1022.0,2,charge,0.6340476920431193,4.058100008189659,302.2574285869072,5.0,11
1022.0,3,charge,0.7370940085101392,4.123888446261006,299.0340070989491,3.0,11
1023.0,1,charge,0.6682528617635721,4.05583175507656,301.03668646624357,4.0,11
1023.0,2,charge,0.6343932890677821,4.058512729296962,302.2592464791636,5.0,11
1023.0,3,charge,0.7373111286190799,4.124094323705371,299.03485029754455,3.0,11
1023.9999999999999,1,charge,0.6685138406235068,4.056161001079704,301.03810243515494,4.0,11
1023.9999999999999,2,charge,0.6347388860924412,4.058927109340882,302.2610640883239,5.0,11
1023.9999999999999,3,charge,0.7375282487280185,4.1243000846371345,299.03569347260145,3.0,11
1025.0,1,charge,0.6687748194834424,4.056489891918556,301.03951818708816,4.0,11
1025.0,2,charge,0.6350844831171005,4.059343132812854,302.2628814156849,5.0,11
1025.0,3,charge,0.7377453688369592,4.124505728610991,299.0365366321816,3.0,11
1026.0,1,charge,0.6690357983433765,4.05681841908092,301.0409337230257,4.0,11
1026.0,2,charge,0.6354300801417644,4.059760784126652,302.2646984623339,5.0,11
1026.0,3,charge,0.7379624889459008,4.124711254946092,299.03737977628487,3.0,11
1027.0,1,charge,0.6692967772033143,4.057146574264502,301.0423490439458,4.0,11
1027.0,2,charge,0.6357756771664235,4.06018004602347,302.2665152297373,5.0,11
1027.0,3,charge,0.7381796090548415,4.124916662949275,299.03822290491115,3.0,11
1028.0,1,charge,0.6695577560632469,4.057474350458029,301.0437641504692,4.0,11
1028.0,2,charge,0.6361212741910828,4.0606009012764,302.2683317191124,5.0,11
1028.0,3,charge,0.7383967291637793,4.125121951915178,299.03906601806074,3.0,11
1029.0,1,charge,0.6698187349231814,4.05780173985554,301.0451790435407,4.0,11
1029.0,2,charge,0.6364668712157466,4.061023332833093,302.27014793137715,5.0,11
1029.0,3,charge,0.7386138492727173,4.125327121126277,299.0399091157333,3.0,11
1030.0,1,charge,0.6700797137831187,4.05812873494111,301.0465937240749,4.0,11
1030.0,2,charge,0.6368124682404057,4.061447321729269,302.27196386791366,5.0,11
1030.0,3,charge,0.7388309693816584,4.125532169853042,299.04075219792907,3.0,11
1031.0,1,charge,0.6703406926430534,4.05845532859985,301.04800819291927,4.0,11
1031.0,2,charge,0.637158065265065,4.061872848804834,302.2737795299413,5.0,11
1031.0,3,charge,0.7390480894905969,4.125737097353923,299.041595264648,3.0,11
1032.0,1,charge,0.6706016715029859,4.05878151401872,301.04942245088705,4.0,11
1032.0,2,charge,0.6375036622897289,4.062299894263757,302.2755949186787,5.0,11
1032.0,3,charge,0.7392652095995377,4.1259419028755495,299.04243831589,3.0,11
1033.0,1,charge,0.6708626503629238,4.059107285121286,301.05083649861893,4.0,11
1033.0,2,charge,0.6378492593143875,4.062728437972437,302.27741003523755,5.0,11
1033.0,3,charge,0.7394823297084792,4.126146585652712,299.04328135165514,3.0,11
1034.0,1,charge,0.6711236292228577,4.05943263538957,301.0522503369574,4.0,11
1034.0,2,charge,0.6381948563390474,4.063158460239366,302.27922488034363,5.0,11
1034.0,3,charge,0.7396994498174199,4.126351144908515,299.0441243719435,3.0,11
1035.0,1,charge,0.6713846080827934,4.05975755882232,301.0536639666418,4.0,11
1035.0,2,charge,0.6385404533637075,4.063589939009875,302.2810394553493,5.0,11
1035.0,3,charge,0.7399165699263585,4.126555579854422,299.04496737675487,3.0,11
1036.0,1,charge,0.6716455869427281,4.060082049675262,301.0550773883905,4.0,11
1036.0,2,charge,0.6388860503883698,4.064022852340056,302.28285376134386,5.0,11
1036.0,3,charge,0.7401336900352993,4.12675988969038,299.0458103660895,3.0,11
1037.0,1,charge,0.6719065658026627,4.060406102405568,301.0564906029218,4.0,11
1037.0,2,charge,0.6392316474130293,4.0644571777101195,302.2846677994033,5.0,11
1037.0,3,charge,0.7403508101442372,4.126964073604862,299.04665333994717,3.0,11
1038.0,1,charge,0.6721675446625975,4.060729711689751,301.05790361094677,4.0,11
1038.0,2,charge,0.6395772444376899,4.0648928921413345,302.2864815705518,5.0,11
1038.0,3,charge,0.7405679302531751,4.127168130774978,299.0474962983279,3.0,11
1039.0,1,charge,0.6724285235225321,4.061052872562985,301.05931641311537,4.0,11
1039.0,2,charge,0.639922841462352,4.065329972780013,302.28829507556037,5.0,11
1039.0,3,charge,0.7407850503621158,4.12737206036654,299.04833924123193,3.0,11
1040.0,1,charge,0.6726895023824667,4.061375580260729,301.0607290100765,4.0,11
1040.0,2,charge,0.6402684384870116,4.065768395191215,302.29010831554734,5.0,11
1040.0,3,charge,0.7410021704710573,4.127575861534169,299.049182168659,3.0,11
1041.0,1,charge,0.6729504812424018,4.061697830265259,301.0621414024599,4.0,11
1041.0,2,charge,0.640614035511672,4.0662081348185275,302.2919212914699,5.0,11
1041.0,3,charge,0.7412192905799981,4.127779533421375,299.0500250806092,3.0,11
1042.0,1,charge,0.6732114601023365,4.062019618016237,301.06355359097535,4.0,11
1042.0,2,charge,0.6409596325363343,4.066649166592709,302.293734004265,5.0,11
1042.0,3,charge,0.741436410688937,4.127983075160621,299.0508679770826,3.0,11
1043.0,1,charge,0.6734724389622712,4.062340939407156,301.0649655762409,4.0,11
1043.0,2,charge,0.6413052295609939,4.067091464937771,302.2955464548516,5.0,11
1043.0,3,charge,0.7416535307978777,4.128186485873428,299.0517108580791,3.0,11
1044.0,1,charge,0.6737334178222067,4.062661790626797,301.0663773588369,4.0,11
1044.0,2,charge,0.6416508265856542,4.067535003728843,302.2973586441608,5.0,11
1044.0,3,charge,0.7418706509068156,4.128389764673123,299.05255372369334,3.0,11
1045.0,1,charge,0.6739943966821407,4.062982168022778,301.0677889393525,4.0,11
1045.0,2,charge,0.6419964236103165,4.067979756443205,302.299170573058,5.0,11
1045.0,3,charge,0.7420877710157563,4.128592910871134,299.0533965814016,3.0,11
1046.0,1,charge,0.6742553755420786,4.063302068159742,301.06920031836523,4.0,11
1046.0,2,charge,0.6423420206349761,4.068425696059475,302.30098224240635,5.0,11
1046.0,3,charge,0.742304891124695,4.1287959233612455,299.0542394243074,3.0,11
1047.0,1,charge,0.674516354402011,4.063621487505004,301.0706114965482,4.0,11
1047.0,2,charge,0.6426876176596364,4.068872795101774,302.30279365304955,5.0,11
1047.0,3,charge,0.7425220112336358,4.1289988012219965,299.05508225241056,3.0,11
1048.0,1,charge,0.6747773332619458,4.063940423165054,301.07202247441626,4.0,11
1048.0,2,charge,0.6430332146842979,4.069321025635579,302.3046048058185,5.0,11
1048.0,3,charge,0.7427391313425773,4.129201543521386,299.0559250657112,3.0,11
1049.0,1,charge,0.675038312121883,4.064258872305879,301.07343325252464,4.0,11
1049.0,2,charge,0.6433788117089584,4.069770358359756,302.30641570188425,5.0,11
1049.0,3,charge,0.7429562514515181,4.1294041493169615,299.05676786420935,3.0,11
1050.0,1,charge,0.6752992909818153,4.064576832303812,301.07484383141633,4.0,11
1050.0,2,charge,0.6437244087336187,4.070220764962253,302.3082263418629,5.0,11
1050.0,3,charge,0.7431733715604569,4.129606617655924,299.05761064790494,3.0,11
1051.0,1,charge,0.6755602698417501,4.06489430068787,301.0762542116415,4.0,11
1051.0,2,charge,0.6440700057582801,4.070672216205034,302.310036726554,5.0,11
1051.0,3,charge,0.7433904916693976,4.129808947575182,299.058453416798,3.0,11
1052.0,1,charge,0.675821248701687,4.0652112751103235,301.07766439376724,4.0,11
1052.0,2,charge,0.6444156027829406,4.071124682471038,302.31184685673765,5.0,11
1052.0,3,charge,0.7436076117783356,4.130011138101473,299.05929617088844,3.0,11
1053.0,1,charge,0.6760822275616218,4.065527753592972,301.0790743782905,4.0,11
1053.0,2,charge,0.644761199807601,4.071578133781157,302.31365673317475,5.0,11
1053.0,3,charge,0.7438247318872735,4.130213188251396,299.0601389101764,3.0,11
1054.0,1,charge,0.6763432064215542,4.065843734283709,301.08048416572257,4.0,11
1054.0,2,charge,0.6451067968322624,4.07203253981181,302.3154663566067,5.0,11
1054.0,3,charge,0.7440418519962143,4.130415097031545,299.06098163466186,3.0,11
1055.0,1,charge,0.6766041852814921,4.066159215524363,301.0818937565644,4.0,11
1055.0,2,charge,0.6454523938569229,4.072487869912973,302.3172757277556,5.0,11
1055.0,3,charge,0.7442589721051558,4.130616863438561,299.06182434434476,3.0,11
1056.0,1,charge,0.6768651641414262,4.066474195769692,301.08330315133435,4.0,11
1056.0,2,charge,0.6457979908815835,4.072944093126816,302.3190848473241,5.0,11
1056.0,3,charge,0.7444760922140967,4.130818486459233,299.06266703922506,3.0,11
1057.0,1,charge,0.6771261430013618,4.066788673700151,301.0847123505277,4.0,11
1057.0,2,charge,0.6461435879062446,4.073401176754793,302.3208937165477,5.0,11
1057.0,3,charge,0.7446932123230353,4.131019965070585,299.06350971930283,3.0,11
1058.0,1,charge,0.6773871218612965,4.067102648224004,301.086121354615,4.0,11
1058.0,2,charge,0.6464891849309052,4.073859089154859,302.3227023361377,5.0,11
1058.0,3,charge,0.7449103324319761,4.131221298239938,299.0643523845781,3.0,11
1059.0,1,charge,0.677648100721231,4.067416118401377,301.087530164068,4.0,11
1059.0,2,charge,0.6468347819555658,4.074317798983332,302.3245107065775,5.0,11
1059.0,3,charge,0.7451274525409141,4.131422484925,299.06519503505086,3.0,11
1060.0,1,charge,0.6779090795811661,4.067729083470611,301.0889387793496,4.0,11
1060.0,2,charge,0.6471803789802276,4.074777274049909,302.3263188285665,5.0,11
1060.0,3,charge,0.7453445726498549,4.131623524073978,299.0660376707211,3.0,11
1061.0,1,charge,0.6781700584411007,4.068041542619396,301.09034720099197,4.0,11
1061.0,2,charge,0.6475259760048875,4.075237481943725,302.328126702789,5.0,11
1061.0,3,charge,0.7455616927587936,4.131824414625617,299.0668802915887,3.0,11
1062.0,1,charge,0.6784310373010355,4.068353495512641,301.09175542941307,4.0,11
1062.0,2,charge,0.647871573029548,4.0756983900544705,302.3299343299148,5.0,11
1062.0,3,charge,0.7457788128677345,4.132025155509325,299.06772289765377,3.0,11
1063.0,1,charge,0.678692016160971,4.068664941889272,301.0931634650553,4.0,11
1063.0,2,charge,0.6482171700542099,4.0761599655937975,302.3317417105988,5.0,11
1063.0,3,charge,0.7459959329766758,4.132225745645233,299.06856548891636,3.0,11
1064.0,1,charge,0.678952995020905,4.068975881647764,301.09457130835494,4.0,11
1064.0,2,charge,0.6485627670788697,4.0766221756170875,302.3335488454812,5.0,11
1064.0,3,charge,0.7462130530856168,4.13242618394427,299.06940806537636,3.0,11
1065.0,1,charge,0.6792139738808429,4.069286314851445,301.0959789597395,4.0,11
1065.0,2,charge,0.6489083641035304,4.077084986434114,302.33535573542,5.0,11
1065.0,3,charge,0.7464301731945555,4.1326264693082955,299.0702506270339,3.0,11
1066.0,1,charge,0.6794749527407752,4.069596241725851,301.0973864196278,4.0,11
1066.0,2,charge,0.6492539611281914,4.07754836336346,302.33716238159303,5.0,11
1066.0,3,charge,0.7466472933034962,4.1328266007169745,299.0710931773392,3.0,11
1067.0,1,charge,0.67973593160071,4.069905662656078,301.0987936884298,4.0,11
1067.0,2,charge,0.649599558152852,4.078012274131087,302.33896878421234,5.0,11
1067.0,3,charge,0.7468644134124341,4.133026577191959,299.07193572177647,3.0,11
1068.0,1,charge,0.6799969104606473,4.070214577820929,301.1002007666714,4.0,11
1068.0,2,charge,0.6499451551775123,4.07847668519539,302.3407749439325,5.0,11
1068.0,3,charge,0.7470815335213749,4.133226397422341,299.07277825296796,3.0,11
1069.0,1,charge,0.6802578893205793,4.070522987852229,301.1016076547673,4.0,11
1069.0,2,charge,0.6502907522021737,4.078941562956848,302.3425808613984,5.0,11
1069.0,3,charge,0.7472986536303137,4.133426060274282,299.0736207709137,3.0,11
1070.0,1,charge,0.6805188681805141,4.070830893687132,301.1030143530701,4.0,11
1070.0,2,charge,0.6506363492268342,4.079406873780821,302.3443865372453,5.0,11
1070.0,3,charge,0.7475157737392544,4.133625564605275,299.07446327561377,3.0,11
1071.0,1,charge,0.6807798470404514,4.0711382962578675,301.10442086197673,4.0,11
1071.0,2,charge,0.6509819462514946,4.079872584020476,302.34619197209884,5.0,11
1071.0,3,charge,0.747732893848196,4.133824909264188,299.0753057670681,3.0,11
1072.0,1,charge,0.6810408259003863,4.071445196638185,301.1058271818768,4.0,11
1072.0,2,charge,0.6513275432761559,4.080338660039727,302.34799716657506,5.0,11
1072.0,3,charge,0.7479500139571367,4.1340240930913925,299.0761482452767,3.0,11
1073.0,1,charge,0.6813018047603185,4.071751596040652,301.1072333131527,4.0,11
1073.0,2,charge,0.6516731403008165,4.080805068236182,302.34980212128016,5.0,11
1073.0,3,charge,0.7481671340660755,4.134223114918825,299.07699071023956,3.0,11
1074.0,1,charge,0.6815627836202564,4.072057495813889,301.1086392561795,4.0,11
1074.0,2,charge,0.6520187373254769,4.081271773951419,302.35160683723274,5.0,11
1074.0,3,charge,0.7483842541750164,4.134421973570058,299.0778331619568,3.0,11
1075.0,1,charge,0.6818237624801905,4.072362897304585,301.1100450113715,4.0,11
1075.0,2,charge,0.652364334350138,4.081738744160242,302.3534113148523,5.0,11
1075.0,3,charge,0.7486013742839533,4.134620667860421,299.0786756004282,3.0,11
1076.0,1,charge,0.682084741340126,4.072667801834783,301.1114505791883,4.0,11
1076.0,2,charge,0.6527099313747985,4.082205945433629,302.3552155547406,5.0,11
1076.0,3,charge,0.748818494392892,4.134819196597036,299.0795180256539,3.0,11
1077.0,1,charge,0.6823457202000607,4.072972211244453,301.1128559599496,4.0,11
1077.0,2,charge,0.6530555283994591,4.082673344384952,302.357019557521,5.0,11
1077.0,3,charge,0.7490356145018329,4.135017558578941,299.08036043763394,3.0,11
1078.0,1,charge,0.6826066990599954,4.07327612731225,301.11426115403134,4.0,11
1078.0,2,charge,0.6534011254241204,4.083140907762564,302.3588233238119,5.0,11
1078.0,3,charge,0.7492527346107744,4.13521575259718,299.0812028363683,3.0,11
1079.0,1,charge,0.6828676779199303,4.073579551930088,301.11566616180545,4.0,11
1079.0,2,charge,0.6537467224487808,4.08360860247207,302.3606268542266,5.0,11
1079.0,3,charge,0.7494698547197153,4.135413777434842,299.08204522185684,3.0,11
1080.0,1,charge,0.683128656779865,4.0738824871004,301.1170709836397,4.0,11
1080.0,2,charge,0.6540923194734414,4.08407639559836,302.36243014937327,5.0,11
1080.0,3,charge,0.749686974828654,4.135611631867183,299.08288759409965,3.0,11
1080.0,1,charge,0.683128656779865,4.0738824871004,301.1170709836397,4.0,12
1080.0,1,charge,0.683128656779865,4.0738824871004,301.1170709836397,4.0,12
1080.0,2,charge,0.6540923194734412,4.08407639559836,302.36243014937327,4.5,12
1080.0,2,charge,0.6540923194734414,4.075475069097226,302.36243014937327,4.5,12
1080.0,3,charge,0.7496869748286544,4.135611631867183,299.08288759409965,3.0,12
1080.0,3,charge,0.749686974828654,4.135611631867183,299.08288759409965,3.0,12
1081.0,1,charge,0.6833896356397997,4.074184953581132,301.11847555588,4.0,12
1081.0,2,charge,0.6544033567956351,4.075259673051958,302.36382767191895,4.5,12
1081.0,3,charge,0.7499040949375948,4.135809314011446,299.0837299299584,3.0,12
1082.0,1,charge,0.6836506144997352,4.074486928258466,301.1198799640248,4.0,12
1082.0,2,charge,0.6547143941178297,4.0752902280557395,302.3652230213753,4.5,12
1082.0,3,charge,0.7501212150465326,4.136006823269085,299.0845722523508,3.0,12
1083.0,1,charge,0.6839115933596693,4.074788412802015,301.12128421080916,4.0,12
1083.0,2,charge,0.6550254314400235,4.075404961846078,302.3666163420908,4.5,12
1083.0,3,charge,0.7503383351554735,4.136204158768713,299.08541457474314,3.0,12
1084.0,1,charge,0.6841725722196071,4.075089413307498,301.1226882849073,4.0,12
1084.0,2,charge,0.6553364687622191,4.075565356280381,302.36800774319283,4.5,12
1084.0,3,charge,0.7505554552644121,4.1364013186306625,299.0862568748051,3.0,12
1085.0,1,charge,0.6844335510795393,4.075389934738469,301.1240921778349,4.0,12
1085.0,2,charge,0.6556475060844128,4.075755544529493,302.36939731871087,4.5,12
1085.0,3,charge,0.7507725753733528,4.136598300063955,299.0870990977214,3.0,12
1086.0,1,charge,0.6846945299394734,4.075689979523402,301.12549588783617,4.0,12
1086.0,2,charge,0.6559585434066084,4.075967479844531,302.37078515277454,4.5,12
1086.0,3,charge,0.7509896954822943,4.136795103953352,299.08794132063775,3.0,12
1087.0,1,charge,0.6849555087994114,4.075989550927917,301.1268994151764,4.0,12
1087.0,2,charge,0.6562695807288021,4.076196278638509,302.37217132217825,4.5,12
1087.0,3,charge,0.7512068155912353,4.136991729020657,299.0887835435541,3.0,12
1088.0,1,charge,0.6852164876593436,4.076288652253678,301.1283027613658,4.0,12
1088.0,2,charge,0.6565806180509979,4.0764387942662506,302.3735558977209,4.5,12
1088.0,3,charge,0.7514239357001739,4.1371881739804905,299.0896257664705,3.0,12
1089.0,1,charge,0.6854774665192784,4.076587285785233,301.1297059258957,4.0,12
1089.0,2,charge,0.6568916553731915,4.0766928451111815,302.37493894513057,4.5,12
1089.0,3,charge,0.7516410558091108,4.137384437540373,299.09046798938687,3.0,12
1090.0,1,charge,0.6857384453792157,4.076885454113668,301.1311089083651,4.0,12
1090.0,2,charge,0.6572026926953872,4.07695677295042,302.3763205258315,4.5,12
1090.0,3,charge,0.7518581759180517,4.1375805184008065,299.09131021230314,3.0,12
1091.0,1,charge,0.6859994242391505,4.077183161615703,301.1325117091422,4.0,12
1091.0,2,charge,0.6575137300175808,4.07722931280997,302.37770069739787,4.5,12
1091.0,3,charge,0.7520752960269904,4.137776415255388,299.09215243521953,3.0,12
1092.0,1,charge,0.6862604030990826,4.077480411158684,301.1339143284864,4.0,12
1092.0,2,charge,0.6578247673397766,4.077509465266029,302.37907951397733,4.5,12
1092.0,3,charge,0.7522924161359312,4.137972126790846,299.0929946581359,3.0,12
1093.0,1,charge,0.6865213819590207,4.077777204124011,301.1353167671901,4.0,12
1093.0,2,charge,0.65813580466197,4.077796414988667,302.38045702661594,4.5,12
1093.0,3,charge,0.7525095362448728,4.138167651687169,299.09383688105225,3.0,12
1094.0,1,charge,0.6867823608189548,4.0780735457040285,301.1367190247511,4.0,12
1094.0,2,charge,0.6584468419841657,4.078089489189136,302.38183328350704,4.5,12
1094.0,3,charge,0.7527266563538134,4.138362986310229,299.0946790284456,3.0,12
1095.0,1,charge,0.6870433396788902,4.0783694395947885,301.1381211012227,4.0,12
1095.0,2,charge,0.6587578793063593,4.078388122330207,302.3832083302362,4.5,12
1095.0,3,charge,0.7529437764627521,4.1385581313040305,299.0955211648718,3.0,12
1096.0,1,charge,0.687304318538825,4.078664886265216,301.1395229984369,4.0,12
1096.0,2,charge,0.659068916628555,4.078691826480564,302.38458221001963,4.5,12
1096.0,3,charge,0.753160896571693,4.138753085489217,299.09636329555644,3.0,12
1097.0,1,charge,0.6875652973987597,4.0789598914278615,301.1409247154089,4.0,12
1097.0,2,charge,0.6593799539507487,4.079000168919197,302.3859549639187,4.5,12
1097.0,3,charge,0.7533780166806308,4.138947847520223,299.0972054204996,3.0,12
1098.0,1,charge,0.6878262762586945,4.079254459030535,301.1423262521387,4.0,12
1098.0,2,charge,0.6596909912729444,4.07931276546241,302.3873266309905,4.5,12
1098.0,3,charge,0.7535951367895717,4.139142416045189,299.0980475397012,3.0,12
1099.0,1,charge,0.6880872551186292,4.079548589514977,301.1437276109001,4.0,12
1099.0,2,charge,0.660002028595138,4.079629283065605,302.3886972483716,4.5,12
1099.0,3,charge,0.7538122568985095,4.139336789705993,299.09888965316117,3.0,12
1100.0,1,charge,0.688348233978564,4.079842287390328,301.1451287913889,4.0,12
1100.0,2,charge,0.6603130659173313,4.079949426706951,302.39006685142095,4.5,12
1100.0,3,charge,0.754029377007451,4.139530967138423,299.09973176087965,3.0,12
1101.0,1,charge,0.6886092128384994,4.0801355572234606,301.1465297932922,4.0,12
1101.0,2,charge,0.6606241032395271,4.080272928175174,302.391435473856,4.5,12
1101.0,3,charge,0.7542464971163919,4.13972494697218,299.1005738628566,3.0,12
1102.0,1,charge,0.6888701916984336,4.080428402981247,301.14793061670684,4.0,12
1102.0,2,charge,0.6609351405617206,4.0805995501152985,302.3928031478378,4.5,12
1102.0,3,charge,0.7544636172253305,4.139918727831018,299.101415959092,3.0,12
1103.0,1,charge,0.6891311705583716,4.08072082866858,301.1493312617299,4.0,12
1103.0,2,charge,0.6612461778839165,4.080929068288384,302.39416990410393,4.5,12
1103.0,3,charge,0.7546807373342714,4.140112308332798,299.1022580495858,3.0,12
1104.0,1,charge,0.6893921494183037,4.0810128383261475,301.15073172845837,4.0,12
1104.0,2,charge,0.66155721520611,4.0812612840740226,302.3955357720386,4.5,12
1104.0,3,charge,0.7548978574432093,4.140305687089624,299.1031001343382,3.0,12
1105.0,1,charge,0.6896531282782387,4.0813044360283435,301.15213201698907,4.0,12
1105.0,2,charge,0.6618682525283058,4.081596008628368,302.39690077974194,4.5,12
1105.0,3,charge,0.7551149775521498,4.140498862707863,299.10394221334894,3.0,12
1106.0,1,charge,0.6899141071381759,4.081595623440339,301.1535321291965,4.0,12
1106.0,2,charge,0.6621792898504993,4.0819330692708276,302.3982649541542,4.5,12
1106.0,3,charge,0.7553320976610886,4.140691833788315,299.1047842866181,3.0,12
1107.0,1,charge,0.6901750859981107,4.081886404427648,301.1549320653702,4.0,12
1107.0,2,charge,0.6624903271726953,4.082272306452166,302.39962832103004,4.5,12
1107.0,3,charge,0.7555492177700295,4.140884598926206,299.1056263541458,3.0,12
1108.0,1,charge,0.6904360648580429,4.082176784107652,301.1563318249089,4.0,12
1108.0,2,charge,0.6628013644948887,4.082613569495086,302.4009909051092,4.5,12
1108.0,3,charge,0.755766337878971,4.141077156711358,299.10646841593194,3.0,12
1109.0,1,charge,0.6906970437179809,4.082466766466016,301.1577314080539,4.0,12
1109.0,2,charge,0.6631124018170846,4.082956721846736,302.40235273005936,4.5,12
1109.0,3,charge,0.7559834579879119,4.141269505728246,299.1073104719765,3.0,12
1110.0,1,charge,0.690958022577915,4.082756355511225,301.15913081504686,4.0,12
1110.0,2,charge,0.663423439139278,4.0833016334239005,302.40371381862934,4.5,12
1110.0,3,charge,0.7562005780968505,4.141461644556086,299.1081525222795,3.0,12
1111.0,1,charge,0.6912190014378504,4.0830455552726335,301.16053004612917,4.0,12
1111.0,2,charge,0.663734476461474,4.08364818457795,302.40507419262246,4.5,12
1111.0,3,charge,0.7564176982057874,4.141653571768913,299.108994566841,3.0,12
1112.0,1,charge,0.6914799802977852,4.083334369798522,301.16192910154217,4.0,12
1112.0,2,charge,0.6640455137836674,4.083996262117866,302.40643387299906,4.5,12
1112.0,3,charge,0.7566348183147283,4.141845285935691,299.109836605661,3.0,12
1113.0,1,charge,0.6917409591577199,4.083622802595615,301.163327982085,4.0,12
1113.0,2,charge,0.6643565511058633,4.084345759326429,302.4077928798839,4.5,12
1113.0,3,charge,0.7568519384236669,4.142036785620405,299.11067863873933,3.0,12
1114.0,1,charge,0.6920019380176547,4.083910857279702,301.16472668846137,4.0,12
1114.0,2,charge,0.6646675884280567,4.084696575537235,302.40915123263244,4.5,12
1114.0,3,charge,0.7570690585326079,4.142228069382131,299.11152066607616,3.0,12
1115.0,1,charge,0.6922629168775896,4.08419853840867,301.16612522044795,4.0,12
1115.0,2,charge,0.6649786257502527,4.085048615262014,302.41050894984653,4.5,12
1115.0,3,charge,0.7572861786415493,4.142419135775139,299.1123626876714,3.0,12
1116.0,1,charge,0.6925238957375243,4.084485850022126,301.16752357835037,4.0,12
1116.0,2,charge,0.6652896630724461,4.0854017879655045,302.41186604942834,4.5,12
1116.0,3,charge,0.7575032987504903,4.142609983348979,299.1132047035252,3.0,12
1117.0,1,charge,0.6927848745974596,4.0847727961693066,301.1689217624745,4.0,12
1117.0,2,charge,0.665600700394642,4.085756008372124,302.4132225485927,4.5,12
1117.0,3,charge,0.757720418859429,4.142800610648575,299.11404671363744,3.0,12
1118.0,1,charge,0.6930458534573936,4.085059380907351,301.17031977312604,4.0,12
1118.0,2,charge,0.6659117377168354,4.086111195201088,302.414578463916,4.5,12
1118.0,3,charge,0.7579375389683697,4.142991016214303,299.11488871800805,3.0,12
1119.0,1,charge,0.6933068323173286,4.085345608299619,301.1717176106106,4.0,12
1119.0,2,charge,0.6662227750390312,4.086467271980379,302.415933811348,4.5,12
1119.0,3,charge,0.7581546590773074,4.14318119858212,299.1157307166372,3.0,12
1120.0,1,charge,0.6935678111772637,4.0856314825098865,301.17311527529415,4.0,12
1120.0,2,charge,0.6665338123612246,4.086824165676301,302.41728860624147,4.5,12
1120.0,3,charge,0.7583717791862483,4.143371156283592,299.11657270952475,3.0,12
1121.0,1,charge,0.6938287900371979,4.085917007839023,301.1745127676263,4.0,12
1121.0,2,charge,0.6668448496834205,4.0871818070479975,302.41864286338625,4.5,12
1121.0,3,charge,0.7585888992951869,4.143560887540552,299.11741469864154,3.0,12
1122.0,1,charge,0.6940897688971358,4.086202188187826,301.17591008780533,4.0,12
1122.0,2,charge,0.6671558870056139,4.087540130291237,302.41999659706056,4.5,12
1122.0,3,charge,0.7588060194041278,4.143750391005835,299.11825668315714,3.0,12
1123.0,1,charge,0.6943507477570678,4.086487027646731,301.1773072361484,4.0,12
1123.0,2,charge,0.6674669243278099,4.087899072517181,302.42134982096803,4.5,12
1123.0,3,charge,0.7590231395130693,4.143939665342966,299.11909866214137,3.0,12
1124.0,1,charge,0.6946117266170029,4.0867715303045165,301.1787042129726,4.0,12
1124.0,2,charge,0.6677779616500034,4.088258573669722,302.42270254834943,4.5,12
1124.0,3,charge,0.7592402596220102,4.144128709067166,299.11994063559416,3.0,12
1125.0,1,charge,0.6948727054769401,4.087055700246809,301.18010101859505,4.0,12
1125.0,2,charge,0.6680889989721982,4.08861857627776,302.4240547920256,4.5,12
1125.0,3,charge,0.759457379730949,4.144317520689759,299.1207826035157,3.0,12
1126.0,1,charge,0.6951336843368722,4.087339541554637,301.181497653333,4.0,12
1126.0,2,charge,0.6684000362943917,4.088979026062783,302.42540656425734,4.5,12
1126.0,3,charge,0.7596744998398898,4.144506098718271,299.1216245659058,3.0,12
1127.0,1,charge,0.6953946631968072,4.087623058392083,301.1828941174896,4.0,12
1127.0,2,charge,0.6687110736165873,4.089339870752466,302.42675787691365,4.5,12
1127.0,3,charge,0.7598916199488275,4.144694441656494,299.12246652276457,3.0,12
1128.0,1,charge,0.6956556420567452,4.087906255584894,301.1842904112629,4.0,12
1128.0,2,charge,0.6690221109387811,4.089701059783621,302.4281087415052,4.5,12
1128.0,3,charge,0.7601087400577654,4.144882548004647,299.1233084740919,3.0,12
1129.0,1,charge,0.6959166209166792,4.088189136701804,301.18568653504735,4.0,12
1129.0,2,charge,0.6693331482609767,4.090062546152156,302.42945916903517,4.5,12
1129.0,3,charge,0.7603258601667063,4.1450704162594025,299.12415041988794,3.0,12
1130.0,1,charge,0.6961775997766112,4.0884717058352,301.1870824891533,4.0,12
1130.0,2,charge,0.6696441855831702,4.090424284454446,302.430809170154,4.5,12
1130.0,3,charge,0.7605429802756478,4.14525804491401,299.1249923601526,3.0,12
1131.0,1,charge,0.6964385786365492,4.0887539670661806,301.188478273891,4.0,12
1131.0,2,charge,0.669955222905366,4.090786230688999,302.4321587551821,4.5,12
1131.0,3,charge,0.7607601003845887,4.145445432458397,299.12583429488586,3.0,12
1132.0,1,charge,0.6966995574964835,4.089035924463341,301.1898738895711,4.0,12
1132.0,2,charge,0.6702662602275595,4.091148343802587,302.43350793401765,4.5,12
1132.0,3,charge,0.7609772204935273,4.145632577379246,299.1266762240878,3.0,12
1133.0,1,charge,0.6969605363564187,4.089317582081576,301.1912693365039,4.0,12
1133.0,2,charge,0.6705772975497554,4.091510584335315,302.43485671623324,4.5,12
1133.0,3,charge,0.7611943406024683,4.145819478160094,299.1275181477583,3.0,12
1134.0,1,charge,0.6972215152163536,4.089598943960822,301.19266461499984,4.0,12
1134.0,2,charge,0.6708883348719489,4.0918729143216455,302.43620511109106,4.5,12
1134.0,3,charge,0.761411460711406,4.146006133281437,299.12836006589754,3.0,12
1135.0,1,charge,0.6974824940762885,4.089880014917886,301.1940597252148,4.0,12
1135.0,2,charge,0.6711993721941448,4.092235297746316,302.4375531275045,4.5,12
1135.0,3,charge,0.7616285808203468,4.1461925412208025,299.1292019785053,3.0,12
1136.0,1,charge,0.6977434729362231,4.09016079853262,301.19545466754255,4.0,12
1136.0,2,charge,0.6715104095163382,4.09259770015912,302.4389007740922,4.5,12
1136.0,3,charge,0.7618457009292854,4.146378700452896,299.1300438855818,3.0,12
1137.0,1,charge,0.6980044517961579,4.090441298798101,301.1968494422927,4.0,12
1137.0,2,charge,0.6718214468385338,4.092960088586516,302.4402480591922,4.5,12
1137.0,3,charge,0.7620628210382262,4.146564609449641,299.13088578712683,3.0,12
1138.0,1,charge,0.6982654306560928,4.090721519724487,301.19824404976794,4.0,12
1138.0,2,charge,0.6721324841607276,4.09332243174198,302.441594990803,4.5,12
1138.0,3,charge,0.7622799411471678,4.146750266680277,299.1317276831406,3.0,12
1139.0,1,charge,0.698526409516028,4.0910014653016376,301.19963849027056,4.0,12
1139.0,2,charge,0.6724435214829233,4.093684699567368,302.442941576688,4.5,12
1139.0,3,charge,0.7624970612561086,4.14693567061151,299.1325695736229,3.0,12
1140.0,1,charge,0.6987873883759621,4.091281139498055,301.2010327641032,4.0,12
1140.0,2,charge,0.6727545588051169,4.0940468631980345,302.4442878243756,4.5,12
1140.0,3,charge,0.7627141813650474,4.147120819707563,299.1334114585739,3.0,12
1141.0,1,charge,0.6990483672359001,4.091560546259949,301.2024268715684,4.0,12
1141.0,2,charge,0.6730655961273126,4.094408894968004,302.44563374114983,4.5,12
1141.0,3,charge,0.7629313014739884,4.147305712430271,299.13425333799347,3.0,12
1142.0,1,charge,0.6993093460958322,4.0918396900080385,301.2038208128946,4.0,12
1142.0,2,charge,0.6733766334495063,4.094770768543092,302.4469793340404,4.5,12
1142.0,3,charge,0.7631484215829258,4.147490347239222,299.1350952118817,3.0,12
1143.0,1,charge,0.6995703249557672,4.092118574516224,301.205214588403,4.0,12
1143.0,2,charge,0.673687670771702,4.095132460494278,302.44832460961635,4.5,12
1143.0,3,charge,0.7633655416918668,4.147674722591786,299.13593708023865,3.0,12
1144.0,1,charge,0.6998313038157045,4.092397203573296,301.2066081984088,4.0,12
1144.0,2,charge,0.6739987080938956,4.095493945974343,302.4496695745614,4.5,12
1144.0,3,charge,0.7635826618008056,4.147858836943305,299.1367789430641,3.0,12
1145.0,1,charge,0.7000922826756393,4.092675581059559,301.2080016432098,4.0,12
1145.0,2,charge,0.6743097454160913,4.095855201960263,302.4510142352477,4.5,12
1145.0,3,charge,0.7637997819097464,4.148042688747088,299.1376208003582,3.0,12
1146.0,1,charge,0.7003532615355715,4.092953710828613,301.2093949231038,4.0,12
1146.0,2,charge,0.674620782738285,4.096216206295593,302.4523585978647,4.5,12
1146.0,3,charge,0.764016902018688,4.148226276454594,299.138462652121,3.0,12
1147.0,1,charge,0.7006142403955095,4.093231596706479,301.21078803838844,4.0,12
1147.0,2,charge,0.6749318200604807,4.096576939317927,302.45370266821715,4.5,12
1147.0,3,charge,0.7642340221276288,4.1484095985154745,299.1393044983524,3.0,12
1148.0,1,charge,0.7008752192554437,4.093509242490886,301.2121809893615,4.0,12
1148.0,2,charge,0.6752428573826744,4.096937382424459,302.4550464519091,4.5,12
1148.0,3,charge,0.7644511422365667,4.148592653418849,299.1401463486634,3.0,12
1149.0,1,charge,0.7011361981153788,4.093786652247397,301.2135737762953,4.0,12
1149.0,2,charge,0.6755538947048668,4.097297515950438,302.4563899546149,4.5,12
1149.0,3,charge,0.7646682623455046,4.148775439635081,299.14098820874096,3.0,12
1150.0,1,charge,0.7013971769753138,4.094063829773544,301.21496639948236,4.0,12
1150.0,2,charge,0.6758649320270602,4.0976573219730605,302.4577331817285,4.5,12
1150.0,3,charge,0.7648853824544454,4.148957955552259,299.14183006534324,3.0,12
1151.0,1,charge,0.7016581558352487,4.094340778645435,301.21635885923195,4.0,12
1151.0,2,charge,0.6761759693492562,4.0980167833402845,302.4590761384893,4.5,12
1151.0,3,charge,0.765102502563384,4.14914019961385,299.1426719184702,3.0,12
1152.0,1,charge,0.7019191346951832,4.0946175025658516,301.2177511558397,4.0,12
1152.0,2,charge,0.6764870066714496,4.098375886069171,302.46041882965056,4.5,12
1152.0,3,charge,0.7653196226723249,4.149322170262039,299.14351376812203,3.0,12
1153.0,1,charge,0.7021801135551181,4.094894005205725,301.2191432896011,4.0,12
1153.0,2,charge,0.6767980439936455,4.098734614432995,302.4617612601653,4.5,12
1153.0,3,charge,0.7655367427812664,4.1495038659378185,299.1443556142986,3.0,12
1154.0,1,charge,0.702441092415053,4.095170290203509,301.2205352608118,4.0,12
1154.0,2,charge,0.677109081315839,4.099092954141602,302.46310343474636,4.5,12
1154.0,3,charge,0.7657538628902073,4.149685285081102,299.1451974569999,3.0,12
1155.0,1,charge,0.7027020712749881,4.095446361164529,301.2219270697673,4.0,12
1155.0,2,charge,0.6774201186380346,4.099450891790471,302.46444535794546,4.5,12
1155.0,3,charge,0.7659709829991459,4.149866426130828,299.14603929622587,3.0,12
1156.0,1,charge,0.7029630501349223,4.095722221852985,301.2233187167566,4.0,12
1156.0,2,charge,0.6777311559602284,4.099808414902792,302.46578703413513,4.5,12
1156.0,3,charge,0.7661881031080867,4.150047287525062,299.14688113197667,3.0,12
1157.0,1,charge,0.7032240289948604,4.095997876002174,301.2247102020689,4.0,12
1157.0,2,charge,0.678042193282424,4.100165512147795,302.46712846746277,4.5,12
1157.0,3,charge,0.7664052232170243,4.150227867701087,299.1477229642522,3.0,12
1158.0,1,charge,0.7034850078547922,4.09627332693872,301.2261015260055,4.0,12
1158.0,2,charge,0.6783532306046177,4.100522172189216,302.46846966209245,4.5,12
1158.0,3,charge,0.7666223433259651,4.1504081650955005,299.1485647930524,3.0,12
1159.0,1,charge,0.7037459867147273,4.096548578157196,301.2274926888611,4.0,12
1159.0,2,charge,0.6786642679268131,4.100878384647114,302.4698106220027,4.5,12
1159.0,3,charge,0.766839463434904,4.150588178144357,299.1494066183775,3.0,12
1160.0,1,charge,0.7040069655746645,4.096823633116818,301.22888369093045,4.0,12
1160.0,2,charge,0.6789753052490068,4.101234139790431,302.47115135105037,4.5,12
1160.0,3,charge,0.7670565835438449,4.150767905283239,299.1502484402272,3.0,12
1161.0,1,charge,0.7042679444345994,4.097098495240957,301.2302745325082,4.0,12
1161.0,2,charge,0.6792863425712027,4.101589428599868,302.47249185292327,4.5,12
1161.0,3,charge,0.7672737036527855,4.150947344947353,299.15109025860176,3.0,12
1162.0,1,charge,0.7045289232945314,4.097373167916658,301.2316652138887,4.0,12
1162.0,2,charge,0.6795973798933962,4.1019442426035795,302.4738321312233,4.5,12
1162.0,3,charge,0.7674908237617243,4.151126495571678,299.1519320735011,3.0,12
1163.0,1,charge,0.7047899021544688,4.0976476544941995,301.23305573536686,4.0,12
1163.0,2,charge,0.679908417215592,4.102298573860782,302.4751721894648,4.5,12
1163.0,3,charge,0.7677079438706652,4.151305355590999,299.15277388492507,3.0,12
1164.0,1,charge,0.7050508810144037,4.097921958286676,301.234446097237,4.0,12
1164.0,2,charge,0.6802194545377855,4.102652414994753,302.4765120310437,4.5,12
1164.0,3,charge,0.7679250639796027,4.151483923440097,299.1536156928738,3.0,12
1165.0,1,charge,0.7053118598743358,4.098196082569555,301.2358362997939,4.0,12
1165.0,2,charge,0.6805304918599812,4.103005759167998,302.4778516592523,4.5,12
1165.0,3,charge,0.7681421840885436,4.151662197553769,299.1544574973473,3.0,12
1166.0,1,charge,0.7055728387342738,4.098470030580311,301.237226343332,4.0,12
1166.0,2,charge,0.6808415291821749,4.10335860049075,302.4791910771946,4.5,12
1166.0,3,charge,0.7683593041974824,4.151840176367013,299.1552992983456,3.0,12
1167.0,1,charge,0.705833817594208,4.098743805574471,301.2386162281454,4.0,12
1167.0,2,charge,0.6811525665043705,4.10371093298498,302.48053028799865,4.5,12
1167.0,3,charge,0.768576424306423,4.152017858315077,299.1561410958686,3.0,12
1168.0,1,charge,0.7060947964541431,4.099017410799979,301.2400059545284,4.0,12
1168.0,2,charge,0.6814636038265642,4.104062751335216,302.48186929466175,4.5,12
1168.0,3,charge,0.7687935444153646,4.1521952418335815,299.1569828899164,3.0,12
1169.0,1,charge,0.706355775314078,4.099290849399721,301.241395522775,4.0,12
1169.0,2,charge,0.6817746411487599,4.104414050660478,302.48320810009744,4.5,12
1169.0,3,charge,0.7690106645243054,4.152372325358652,299.1578246804889,3.0,12
1170.0,1,charge,0.7066167541740129,4.099564124503447,301.2427849331796,4.0,12
1170.0,2,charge,0.6820856784709526,4.104764826540181,302.4845467071319,4.5,12
1170.0,3,charge,0.7692277846332443,4.152549107326973,299.15866646758616,3.0,12
1170.0,1,charge,0.7066167541740128,4.099564124503447,301.2427849331796,4.0,13
1170.0,1,charge,0.7066167541740129,4.099564124503447,301.2427849331796,4.0,13
1170.0,2,charge,0.6820856784709541,4.104764826540181,302.4845467071319,4.5,13
1170.0,2,charge,0.6820856784709526,4.104764826540181,302.4845467071319,4.5,13
1170.0,3,charge,0.7692277846332432,4.152549107326973,299.15866646758616,3.0,13
1170.0,3,charge,0.7692277846332443,4.152549107326973,299.15866646758616,3.0,13
1171.0,1,charge,0.7068777330339475,4.099837256248915,301.2441740753722,4.0,13
1171.0,2,charge,0.6823967157931485,4.105115087493052,302.48588511081573,4.5,13
1171.0,3,charge,0.769444904742181,4.152725585863308,299.1595082507533,3.0,13
1172.0,1,charge,0.7071387118938823,4.100110230763014,301.2455630570737,4.0,13
1172.0,2,charge,0.6827077531153419,4.1054648059437735,302.4872233286575,4.5,13
1172.0,3,charge,0.7696620248511218,4.152901759712407,299.1603500329509,3.0,13
1173.0,1,charge,0.7073996907538174,4.100383048709924,301.2469518947482,4.0,13
1173.0,2,charge,0.6830187904375379,4.105813988523549,302.4885613569467,4.5,13
1173.0,3,charge,0.7698791449600606,4.15307762749897,299.16119181514847,3.0,13
1174.0,1,charge,0.7076606696137524,4.100655707189027,301.2483406279651,4.0,13
1174.0,2,charge,0.6833298277597313,4.106162633793972,302.4898991977775,4.5,13
1174.0,3,charge,0.7700962650690015,4.153253187247195,299.16203359784413,3.0,13
1175.0,1,charge,0.7079216484736867,4.1009282144930355,301.2497292209563,4.0,13
1175.0,2,charge,0.6836408650819272,4.10651074101751,302.4912368529634,4.5,13
1175.0,3,charge,0.770313385177943,4.1534284363828995,299.1628753822605,3.0,13
1176.0,1,charge,0.7081826273336247,4.1012005764667965,301.25111765462384,4.0,13
1176.0,2,charge,0.6839519024041206,4.106858308605316,302.4925743247115,4.5,13
1176.0,3,charge,0.7705305052868839,4.153603374783808,299.16371716667686,3.0,13
1177.0,1,charge,0.7084436061935567,4.101472793143616,301.25250594963154,4.0,13
1177.0,2,charge,0.6842629397263166,4.10720533364217,302.4939116157665,4.5,13
1177.0,3,charge,0.7707476253958226,4.15377800089278,299.1645589510933,3.0,13
1178.0,1,charge,0.7087045850534917,4.101744868364239,301.25389409873924,4.0,13
1178.0,2,charge,0.6845739770485101,4.107551818179494,302.4952487272125,4.5,13
1178.0,3,charge,0.7709647455047633,4.153952313154127,299.16540073550965,3.0,13
1179.0,1,charge,0.7089655639134289,4.102016806504993,301.25528208982564,4.0,13
1179.0,2,charge,0.6848850143707059,4.107897759192908,302.49658566194023,4.5,13
1179.0,3,charge,0.771181865613701,4.154126310013723,299.166242519926,3.0,13
1180.0,1,charge,0.7092265427733639,4.1022886094646145,301.25666993147485,4.0,13
1180.0,2,charge,0.6851960516928994,4.108243157291968,302.497922421621,4.5,13
1180.0,3,charge,0.7713989857226418,4.1542999899191155,299.1670843043424,3.0,13
1181.0,1,charge,0.709487521633296,4.1025602800405,301.2580576221017,4.0,13
1181.0,2,charge,0.685507089015095,4.108588011376273,302.49925900857875,4.5,13
1181.0,3,charge,0.7716161058315806,4.154473351319629,299.1679260887588,3.0,13
1182.0,1,charge,0.709748500493234,4.102831820772015,301.25944515516244,4.0,13
1182.0,2,charge,0.6858181263372884,4.108932321425517,302.50059542478937,4.5,13
1182.0,3,charge,0.7718332259405212,4.154646392666475,299.1687678731751,3.0,13
1183.0,1,charge,0.7100094793531684,4.10310323467698,301.26083253607595,4.0,13
1183.0,2,charge,0.6861291636594844,4.109276087674512,302.5019316721948,4.5,13
1183.0,3,charge,0.7720503460494621,4.154819112412881,299.1696096575915,3.0,13
1184.0,1,charge,0.7102704582131033,4.103374524495318,301.2622197648422,4.0,13
1184.0,2,charge,0.6864402009816779,4.109619310618079,302.5032677526764,4.5,13
1184.0,3,charge,0.7722674661584009,4.154991509014167,299.17045144200785,3.0,13
1185.0,1,charge,0.7105314370730383,4.103645692924554,301.2636068414611,4.0,13
1185.0,2,charge,0.6867512383038737,4.109961991602081,302.50460366786774,4.5,13
1185.0,3,charge,0.7724845862673418,4.1551635809279155,299.17129322642427,3.0,13
1186.0,1,charge,0.7107924159329732,4.103916742619761,301.26499376593284,4.0,13
1186.0,2,charge,0.6870622756260673,4.11030413074524,302.5059394198342,4.5,13
1186.0,3,charge,0.7727017063762793,4.155335326614027,299.17213501084063,3.0,13
1187.0,1,charge,0.7110533947929077,4.104187673406219,301.2663805405768,4.0,13
1187.0,2,charge,0.6873733129482631,4.110645729343716,302.5072750102809,4.5,13
1187.0,3,charge,0.77291882648522,4.155506743737661,299.1729768147653,3.0,13
1188.0,1,charge,0.7113143736528426,4.104458486020517,301.2677671669135,4.0,13
1188.0,2,charge,0.6876843502704566,4.110986789952855,302.50861044052385,4.5,13
1188.0,3,charge,0.7731359465941587,4.155677830821016,299.17381863690827,3.0,13
1189.0,1,charge,0.7115753525127777,4.104729186548327,301.26915364197816,4.0,13
1189.0,2,charge,0.6879953875926526,4.111327313080466,302.50994571257434,4.5,13
1189.0,3,charge,0.7733530667030997,4.155848586992853,299.17466046113424,3.0,13
1190.0,1,charge,0.7118363313727125,4.1049997774721465,301.2705399657709,4.0,13
1190.0,2,charge,0.6883064249148457,4.111667300563949,302.5112808280291,4.5,13
1190.0,3,charge,0.7735701868120411,4.15601901072413,299.1755022874433,3.0,13
1191.0,1,charge,0.7120973102326469,4.105270261231648,301.27192613829175,4.0,13
1191.0,2,charge,0.6886174622370419,4.112006755746276,302.5126157880127,4.5,13
1191.0,3,charge,0.7737873069209821,4.156189100488721,299.17634411583543,3.0,13
1192.0,1,charge,0.7123582890925849,4.1055406402236185,301.27331215954064,4.0,13
1192.0,2,charge,0.6889284995592353,4.112345679806415,302.5139505943734,4.5,13
1192.0,3,charge,0.77400442702992,4.156358854763532,299.1771859463106,3.0,13
1193.0,1,charge,0.7126192679525168,4.10581091680189,301.27469802951754,4.0,13
1193.0,2,charge,0.6892395368814285,4.112684075039309,302.51528524861203,4.5,13
1193.0,3,charge,0.7742215471388575,4.156528272028609,299.1780277788688,3.0,13
1194.0,1,charge,0.7128802468124518,4.106081093277339,301.27608374822256,4.0,13
1194.0,2,charge,0.6895505742036244,4.113021945257403,302.5166197517517,4.5,13
1194.0,3,charge,0.7744386672477984,4.156697350767267,299.1788696135101,3.0,13
1195.0,1,charge,0.7131412256723891,4.106351171917862,301.27746931565554,4.0,13
1195.0,2,charge,0.6898616115258206,4.113359292278878,302.51795410547436,4.5,13
1195.0,3,charge,0.7746557873567372,4.156866089466195,299.17971145023444,3.0,13
1196.0,1,charge,0.7134022045323242,4.106621154948322,301.27885473181664,4.0,13
1196.0,2,charge,0.6901726488480138,4.113696118792314,302.5192883111914,4.5,13
1196.0,3,charge,0.7748729074656782,4.157034486615572,299.18055328904177,3.0,13
1197.0,1,charge,0.7136631833922562,4.106891044550606,301.28023999670575,4.0,13
1197.0,2,charge,0.690483686170207,4.114032428959134,302.5206223698498,4.5,13
1197.0,3,charge,0.7750900275746196,4.157202540709211,299.18139512993224,3.0,13
1198.0,1,charge,0.7139241622521942,4.107160842863548,301.281625110323,4.0,13
1198.0,2,charge,0.6907947234924031,4.114368225123869,302.5219562829894,4.5,13
1198.0,3,charge,0.7753071476835602,4.1573702502446395,299.18223697290574,3.0,13
1199.0,1,charge,0.7141851411121286,4.107430550120583,301.2830100757546,4.0,13
1199.0,2,charge,0.6911057608145963,4.114703510307229,302.5232900519389,4.5,13
1199.0,3,charge,0.7755242677924992,4.157537613723218,299.1830788179623,3.0,13
1200.0,1,charge,0.7144461199720635,4.107700160921076,301.28439490534083,4.0,13
1200.0,2,charge,0.6914167981367925,4.115038288965259,302.5246236775741,4.5,13
1200.0,3,charge,0.77574138790144,4.157704629650304,299.18392066510194,3.0,13
1201.0,1,charge,0.7147070988319986,4.107969684934193,301.2857795863774,4.0,13
1201.0,2,charge,0.6917278354589856,4.115372563861806,302.5259571613151,4.5,13
1201.0,3,charge,0.7759585080103774,4.157871296535319,299.1847625143246,3.0,13
1202.0,1,charge,0.7149680776919334,4.1082391241243394,301.28716411886415,4.0,13
1202.0,2,charge,0.6920388727811818,4.1157063383151336,302.52729050440763,4.5,13
1202.0,3,charge,0.7761756281193183,4.158037612891867,299.18560436563035,3.0,13
1203.0,1,charge,0.7152290565518679,4.108508480413082,301.28854850280123,4.0,13
1203.0,2,charge,0.692349910103375,4.116039617127178,302.5286237076289,4.5,13
1203.0,3,charge,0.7763927482282563,4.158203577237922,299.1864462190191,3.0,13
1204.0,1,charge,0.7154900354118028,4.1087777556791565,301.28993273818855,4.0,13
1204.0,2,charge,0.6926609474255709,4.116372403493035,302.52995677226517,4.5,13
1204.0,3,charge,0.7766098683371978,4.1583691880958575,299.18728807449094,3.0,13
1205.0,1,charge,0.7157510142717378,4.109046951758514,301.2913168250262,4.0,13
1205.0,2,charge,0.6929719847477641,4.116704701075898,302.5312896994532,4.5,13
1205.0,3,charge,0.7768269884461387,4.158534443992611,299.18812993204585,3.0,13
1206.0,1,charge,0.7160119931316727,4.109316070444401,301.29270076331403,4.0,13
1206.0,2,charge,0.6932830220699603,4.117036513570871,302.5326224903177,4.5,13
1206.0,3,charge,0.7770441085550777,4.1586993434598085,299.1889717916838,3.0,13
1207.0,1,charge,0.7162729719916069,4.109585113487396,301.2940845530522,4.0,13
1207.0,2,charge,0.6935940593921535,4.117367845065385,302.533955145857,4.5,13
1207.0,3,charge,0.7772612286640184,4.1588638850338775,299.18981365340477,3.0,13
1208.0,1,charge,0.716533950851542,4.109854082595474,301.2954681942406,4.0,13
1208.0,2,charge,0.6939050967143496,4.117698700286672,302.5352876668656,4.5,13
1208.0,3,charge,0.7774783487729559,4.159028067256152,299.1906555172088,3.0,13
1209.0,1,charge,0.7167949297114767,4.1101229794340846,301.2968516868792,4.0,13
1209.0,2,charge,0.6942161340365428,4.1180290827481345,302.5366200545114,4.5,13
1209.0,3,charge,0.7776954688818966,4.159191888673021,299.1914973830959,3.0,13
1210.0,1,charge,0.7170559085714112,4.110391805626224,301.2982350309682,4.0,13
1210.0,2,charge,0.694527171358738,4.1183589964988485,302.5379523097885,4.5,13
1210.0,3,charge,0.7779125889908356,4.159355347836026,299.19233925106613,3.0,13
1211.0,1,charge,0.7173168874313492,4.110660562752513,301.29961822650745,4.0,13
1211.0,2,charge,0.6948382086809323,4.118688445617146,302.5392844336744,4.5,13
1211.0,3,charge,0.7781297090997763,4.159518443301987,299.1931811211194,3.0,13
1212.0,1,charge,0.7175778662912811,4.1109292416102345,301.30100129442417,4.0,13
1212.0,2,charge,0.6951492460031274,4.119017434609326,302.5406164270092,4.5,13
1212.0,3,charge,0.7783468292087178,4.15968117363315,299.19402299325566,3.0,13
1213.0,1,charge,0.7178388451512161,4.111197852140881,301.3023842182416,4.0,13
1213.0,2,charge,0.6954602833253208,4.119345967759768,302.54194829068985,4.5,13
1213.0,3,charge,0.7785639493176587,4.159843537397258,299.194864867475,3.0,13
1214.0,1,charge,0.7180998240111535,4.111466396358173,301.3037669968641,4.0,13
1214.0,2,charge,0.6957713206475168,4.119674049243716,302.5432800256359,4.5,13
1214.0,3,charge,0.7787810694265974,4.160005533167743,299.1957067437774,3.0,13
1215.0,1,charge,0.7183608028710886,4.111734875671873,301.30514963029174,4.0,13
1215.0,2,charge,0.6960823579697102,4.12000168338897,302.54461163270946,4.5,13
1215.0,3,charge,0.7789981895355383,4.160167159523761,299.1965486221628,3.0,13
1216.0,1,charge,0.7186217817310205,4.11200329144989,301.30653211852444,4.0,13
1216.0,2,charge,0.6963933952919061,4.120328874548672,302.54594311275343,4.5,13
1216.0,3,charge,0.7792153096444758,4.160328415050417,299.1973905026314,3.0,13
1217.0,1,charge,0.7188827605909585,4.112271645018377,301.30791446156235,4.0,13
1217.0,2,charge,0.6967044326140995,4.120655626957954,302.5472744666456,4.5,13
1217.0,3,charge,0.7794324297534139,4.1604892983387884,299.1982323851829,3.0,13
1218.0,1,charge,0.7191437394508929,4.1125399376618645,301.30929665940533,4.0,13
1218.0,2,charge,0.6970154699362955,4.12098194507148,302.54860569516825,4.5,13
1218.0,3,charge,0.7796495498623547,4.160649807986108,299.1990742698175,3.0,13
1219.0,1,charge,0.7194047183108278,4.112808170623328,301.31067871205335,4.0,13
1219.0,2,charge,0.6973265072584889,4.121307833293605,302.5499367991103,4.5,13
1219.0,3,charge,0.7798666699712963,4.160809942595895,299.19991615653515,3.0,13
1220.0,1,charge,0.7196656971707628,4.113076345104354,301.3120606195065,4.0,13
1220.0,2,charge,0.6976375445806848,4.12163329604686,302.5512677792406,4.5,13
1220.0,3,charge,0.7800837900802371,4.160969700778024,299.2007580453359,3.0,13
1221.0,1,charge,0.7199266760306977,4.113344462265229,301.3134423817648,4.0,13
1221.0,2,charge,0.697948581902878,4.12195833761636,302.5525986363597,4.5,13
1221.0,3,charge,0.7803009101891759,4.161129081026015,299.2015999612979,3.0,13
1222.0,1,charge,0.7201876548906322,4.113612523225072,301.3148239988282,4.0,13
1222.0,2,charge,0.6982596192250742,4.122282962187565,302.5539293712856,4.5,13
1222.0,3,charge,0.7805180302981168,4.161288081887957,299.2024419198496,3.0,13
1223.0,1,charge,0.7204486337505671,4.113880529061948,301.3162054706967,4.0,13
1223.0,2,charge,0.6985706565472674,4.122607174266534,302.55525998471256,4.5,13
1223.0,3,charge,0.7807351504070542,4.161446702174677,299.2032838841343,3.0,13
1224.0,1,charge,0.7207096126105023,4.114148473290664,301.3175868138473,4.0,13
1224.0,2,charge,0.6988816938694635,4.122930978217644,302.5565904773652,4.5,13
1224.0,3,charge,0.780952270515995,4.161604940522967,299.2041258541519,3.0,13
1225.0,1,charge,0.720970591470437,4.114416359952944,301.3189680215916,4.0,13
1225.0,2,charge,0.6991927311916567,4.123254378400738,302.5579208499524,4.5,13
1225.0,3,charge,0.7811693906249337,4.161762795576632,299.20496782990256,3.0,13
1226.0,1,charge,0.7212315703303714,4.1146841928340265,301.3203490877253,4.0,13
1226.0,2,charge,0.6995037685138529,4.123577378909361,302.55925110325364,4.5,13
1226.0,3,charge,0.7813865107338747,4.16192026598662,299.2058098113861,3.0,13
1227.0,1,charge,0.7214925491903095,4.114951972847318,301.32173001224805,4.0,13
1227.0,2,charge,0.699814805836046,4.123899984048007,302.56058123795947,4.5,13
1227.0,3,charge,0.7816036308428161,4.162077350411163,299.20665179860254,3.0,13
1228.0,1,charge,0.7217535280502414,4.115219700865923,301.3231107951602,4.0,13
1228.0,2,charge,0.700125843158242,4.1242221981188365,302.5619112547413,4.5,13
1228.0,3,charge,0.7818207509517571,4.1622340475158595,299.207493791552,3.0,13
1229.0,1,charge,0.7220145069101764,4.115487377722763,301.3244914364615,4.0,13
1229.0,2,charge,0.7004368804804354,4.124544025354558,302.5632411542741,4.5,13
1229.0,3,charge,0.7820378710606959,4.162390355973859,299.2083357902344,3.0,13
1230.0,1,charge,0.7222754857701147,4.115755004210707,301.3258719361521,4.0,13
1230.0,2,charge,0.7007479178026313,4.124865469941949,302.56457093722804,4.5,13
1230.0,3,charge,0.7822549911696326,4.1625462744659245,299.20917779464975,3.0,13
1231.0,1,charge,0.7225364646300488,4.116022581082756,301.327252294232,4.0,13
1231.0,2,charge,0.7010589551248245,4.125186535882211,302.56590060431506,4.5,13
1231.0,3,charge,0.7824721112785742,4.162701801680615,299.2100198047981,3.0,13
1232.0,1,charge,0.7227974434899808,4.116290109052153,301.3286325107011,4.0,13
1232.0,2,charge,0.7013699924470207,4.125507227376629,302.5672301561577,4.5,13
1232.0,3,charge,0.7826892313875122,4.162856936314416,299.2108618206793,3.0,13
1233.0,1,charge,0.7230584223499188,4.116557588792548,301.33001258555936,4.0,13
1233.0,2,charge,0.7016810297692107,4.125827548507585,302.5685595933968,4.5,13
1233.0,3,charge,0.7829063514964532,4.1630116770718075,299.21170384229356,3.0,13
1234.0,1,charge,0.7233194012098532,4.116825020938137,301.33139251880704,4.0,13
1234.0,2,charge,0.7019920670914068,4.126147503323218,302.5698889166625,4.5,13
1234.0,3,charge,0.7831234716053946,4.163166022665415,299.21254586964073,3.0,13
1235.0,1,charge,0.723580380069788,4.117092406083838,301.33277231044383,4.0,13
1235.0,2,charge,0.7023031044136001,4.126467095774392,302.5712181265954,4.5,13
1235.0,3,charge,0.7833405917143356,4.1633199718162,299.21338790272085,3.0,13
1236.0,1,charge,0.7238413589297231,4.117359740247602,301.33415197155693,4.0,13
1236.0,2,charge,0.7026141417357962,4.126786329765693,302.5725472238284,4.5,13
1236.0,3,charge,0.7835577118232742,4.163473523253497,299.214229941534,3.0,13
1237.0,1,charge,0.7241023377896584,4.1176270223327265,301.3355315060759,4.0,13
1237.0,2,charge,0.7029251790579895,4.127105209243323,302.5738762089567,4.5,13
1237.0,3,charge,0.7837748319322151,4.1636266757151965,299.21507198608,3.0,13
1238.0,1,charge,0.7243633166495923,4.117894257453826,301.33691090266467,4.0,13
1238.0,2,charge,0.7032362163801856,4.127423738071067,302.5752050825794,4.5,13
1238.0,3,charge,0.7839919520411525,4.16377942794786,299.2159140363589,3.0,13
1239.0,1,charge,0.7246242955095276,4.118161446048893,301.3382901613233,4.0,13
1239.0,2,charge,0.7035472537023788,4.127741920068995,302.57653384528624,4.5,13
1239.0,3,charge,0.7842090721500933,4.1639317787068695,299.2167560923709,3.0,13
1240.0,1,charge,0.7248852743694656,4.118428588517472,301.33966928205194,4.0,13
1240.0,2,charge,0.703858291024575,4.128059758799202,302.57786249772965,4.5,13
1240.0,3,charge,0.7844261922590322,4.164083726756488,299.2175981541158,3.0,13
1241.0,1,charge,0.7251462532293974,4.118695685220798,301.3410482648504,4.0,13
1241.0,2,charge,0.7041693283467682,4.12837725803478,302.57919104046607,4.5,13
1241.0,3,charge,0.784643312367973,4.164235270870087,299.2184402215937,3.0,13
1242.0,1,charge,0.7254072320893326,4.11896273648199,301.3424271097188,4.0,13
1242.0,2,charge,0.7044803656689643,4.12869442145286,302.58051947405903,4.5,13
1242.0,3,charge,0.7848604324769146,4.1643864098301915,299.2192822948045,3.0,13
1243.0,1,charge,0.7256682109492699,4.119229742586187,301.3438058166571,4.0,13
1243.0,2,charge,0.7047914029911575,4.129011252660433,302.5818477990706,4.5,13
1243.0,3,charge,0.7850775525858527,4.1645371424286495,299.22012437374826,3.0,13
1244.0,1,charge,0.7259291898092051,4.119496703780727,301.3451843856653,4.0,13
1244.0,2,charge,0.7051024403133537,4.129327755216067,302.5831760160535,4.5,13
1244.0,3,charge,0.7852946726947935,4.164687467466786,299.220966458425,3.0,13
1245.0,1,charge,0.7261901686691368,4.119763620275286,301.3465628167434,4.0,13
1245.0,2,charge,0.7054134776355468,4.12964393262926,302.58450412555135,4.5,13
1245.0,3,charge,0.7855117928037308,4.164837383755479,299.22180854883464,3.0,13
1246.0,1,charge,0.7264511475290749,4.120030492242083,301.3479411098914,4.0,13
1246.0,2,charge,0.705724514957743,4.129959788359815,302.58583212809845,4.5,13
1246.0,3,charge,0.7857289129126718,4.164986890115305,299.2226506449773,3.0,13
1247.0,1,charge,0.7267121263890093,4.120297319815994,301.34931926510933,4.0,13
1247.0,2,charge,0.706035552279936,4.130275325418753,302.5871600243531,4.5,13
1247.0,3,charge,0.7859460330216105,4.16513598537669,299.2234927468529,3.0,13
1248.0,1,charge,0.7269731052489441,4.120564101059737,301.35069728793553,4.0,13
1248.0,2,charge,0.7063465896021324,4.130590547122347,302.58848781484573,4.5,13
1248.0,3,charge,0.7861631531305513,4.165284668380011,299.2243348544614,3.0,13
1249.0,1,charge,0.7272340841088792,4.1208308306938175,301.3520751928956,4.0,13
1249.0,2,charge,0.7066576269243255,4.130905456857743,302.5898155000559,4.5,13
1249.0,3,charge,0.7863802732394929,4.165432937975799,299.22517696780295,3.0,13
1250.0,1,charge,0.7274950629688143,4.121097514739851,301.35345296365995,4.0,13
1250.0,2,charge,0.7069686642465213,4.131220057811414,302.59114308050454,4.5,13
1250.0,3,charge,0.7865973933484337,4.165580793024738,299.2260190868774,3.0,13
1251.0,1,charge,0.7277560418287485,4.121364153184299,301.3548306002285,4.0,13
1251.0,2,charge,0.7072797015687147,4.131534353112714,302.5924705567045,4.5,13
1251.0,3,charge,0.7868145134573726,4.165728232397939,299.2268612116848,3.0,13
1252.0,1,charge,0.7280170206886836,4.121630745977244,301.3562081026014,4.0,13
1252.0,2,charge,0.7075907388909106,4.131848345833572,302.59379792916127,4.5,13
1252.0,3,charge,0.7870316335663134,4.165875254976946,299.22770334222514,3.0,13
1253.0,1,charge,0.7282779995486186,4.121897293032473,301.3575854707785,4.0,13
1253.0,2,charge,0.707901776213104,4.13216203898814,302.59512519837284,4.5,13
1253.0,3,charge,0.7872487536752499,4.166021859653963,299.22854547849846,3.0,13
1254.0,1,charge,0.7285389784085534,4.122163794227717,301.35896270475985,4.0,13
1254.0,2,charge,0.7082128135353002,4.13247543525282,302.5964523649223,4.5,13
1254.0,3,charge,0.7874658737841889,4.166168045331947,299.2293876205047,3.0,13
1255.0,1,charge,0.7287999572684878,4.122430249404772,301.36033980454545,4.0,13
1255.0,2,charge,0.7085238508574934,4.132788537273146,302.597779429376,4.5,13
1255.0,3,charge,0.7876829938931297,4.166313810923505,299.23022977033827,3.0,13
1256.0,1,charge,0.7290609361284259,4.122696658369712,301.3617167701354,4.0,13
1256.0,2,charge,0.7088348881796895,4.133101348032313,302.59910639216145,4.5,13
1256.0,3,charge,0.7879001140020713,4.166459155350065,299.23107193386915,3.0,13
1257.0,1,charge,0.7293219149883577,4.122963020893022,301.36309360152956,4.0,13
1257.0,2,charge,0.7091459255018827,4.133413870225732,302.6004332537747,4.5,13
1257.0,3,charge,0.7881172341110121,4.166604077550421,299.2319141061059,3.0,13
1258.0,1,charge,0.7295828938482929,4.123229336709773,301.36447029872795,4.0,13
1258.0,2,charge,0.7094569628240789,4.13372610648239,302.6017600147065,4.5,13
1258.0,3,charge,0.7883343542199509,4.166748576471829,299.2327562870484,3.0,13
1259.0,1,charge,0.7298438727082303,4.123495605519823,301.36584686173063,4.0,13
1259.0,2,charge,0.7097680001462721,4.134038059364738,302.60308667544274,4.5,13
1259.0,3,charge,0.7885514743288918,4.166892651072898,299.2335984766968,3.0,13
1260.0,1,charge,0.7301048515681654,4.123761826987942,301.36722329053754,4.0,13
1260.0,2,charge,0.710079037468468,4.134349731368613,302.6044132364643,4.5,13
1260.0,3,charge,0.7887685944378292,4.167036300323847,299.234440675051,3.0,13
1260.0,1,charge,0.7301048515681642,4.123761826987942,301.36722329053754,4.0,14
1260.0,1,charge,0.7301048515681654,4.123761826987942,301.36722329053754,4.0,14
1260.0,2,charge,0.710079037468468,4.134349731368613,302.6044132364643,4.5,14
1260.0,2,charge,0.710079037468468,4.134349731368613,302.6044132364643,4.5,14
1260.0,3,charge,0.7887685944378309,4.167036300323847,299.234440675051,2.5,14
1260.0,3,charge,0.7887685944378292,4.155501712038824,299.234440675051,2.5,14
1261.0,1,charge,0.7303658304280971,4.124028011541584,301.3685994660714,4.0,14
1261.0,2,charge,0.7103900747906615,4.134661147017953,302.6057396655436,4.5,14
1261.0,3,charge,0.7889495278619473,4.155209921829099,299.2350279705917,2.5,14
1262.0,1,charge,0.7306268092880351,4.124294141130122,301.3699755675173,4.0,14
1262.0,2,charge,0.7107011121128574,4.134972277274746,302.60706600876125,4.5,14
1262.0,3,charge,0.7891304612860652,4.155054919352311,299.23561454269566,2.5,14
1263.0,1,charge,0.7308877881479695,4.124560228478602,301.37135145462855,4.0,14
1263.0,2,charge,0.7110121494350505,4.135283126299844,302.6083922638735,4.5,14
1263.0,3,charge,0.789311394710179,4.154956991958269,299.23620045488207,2.5,14
1264.0,1,charge,0.7311487670079043,4.124826259104593,301.3727272750187,4.0,14
1264.0,2,charge,0.7113231867572467,4.135593699012891,302.6097184276556,4.5,14
1264.0,3,charge,0.7894923281342976,4.154890616164822,299.23678574800203,2.5,14
1265.0,1,charge,0.7314097458678395,4.125092243450161,301.3741029109618,4.0,14
1265.0,2,charge,0.7116342240794392,4.135904000670835,302.61104449595507,4.5,14
1265.0,3,charge,0.7896732615584114,4.154844828630422,299.2373704552178,2.5,14
1266.0,1,charge,0.7316707247277737,4.125358171790525,301.3754784611525,4.0,14
1266.0,2,charge,0.7119452614016354,4.136214033485971,302.61237046765876,4.5,14
1266.0,3,charge,0.7898541949825321,4.154814035854519,299.23795460525685,2.5,14
1267.0,1,charge,0.7319317035877083,4.125624043547482,301.37685392559064,4.0,14
1267.0,2,charge,0.7122562987238286,4.136523799931468,302.61369634396334,4.5,14
1267.0,3,charge,0.7900351284066459,4.154794848297742,299.23853822389697,2.5,14
1268.0,1,charge,0.7321926824476435,4.125889859044774,301.3782292936509,4.0,14
1268.0,2,charge,0.7125673360460247,4.136833302577898,302.61502212499244,4.5,14
1268.0,3,charge,0.7902160618307646,4.154785073833704,299.2391213346804,2.5,14
1269.0,1,charge,0.7324536613075787,4.126155622505451,301.3796045100438,4.0,14
1269.0,2,charge,0.7128783733682179,4.137142541494141,302.6163478115384,4.5,14
1269.0,3,charge,0.7903969952548784,4.154783209476683,299.23970395936124,2.5,14
1270.0,1,charge,0.7327146401675128,4.126421329890778,301.38097961295836,4.0,14
1270.0,2,charge,0.7131894106904141,4.137451520100143,302.6176734032751,4.5,14
1270.0,3,charge,0.7905779286789962,4.154788142776463,299.24028611823627,2.5,14
1271.0,1,charge,0.7329756190274478,4.1266869804904145,301.3823546023945,4.0,14
1271.0,2,charge,0.7135004480126073,4.1377602408452,302.6189989001641,4.5,14
1271.0,3,charge,0.7907588621031143,4.154799008177969,299.2408678303808,2.5,14
1272.0,1,charge,0.733236597887383,4.126952573570896,301.3837294782119,4.0,14
1272.0,2,charge,0.7138114853348034,4.138068702704904,302.6203243041661,4.5,14
1272.0,3,charge,0.7909397955272282,4.154815134019989,299.2414491137841,2.5,14
1273.0,1,charge,0.7334975767473176,4.127218109846022,301.3851042189814,4.0,14
1273.0,2,charge,0.7141225226569966,4.138376909151024,302.62164961449304,4.5,14
1273.0,3,charge,0.7911207289513468,4.154835977355935,299.24202998548606,2.5,14
1274.0,1,charge,0.7337585556072521,4.127483587590394,301.38647883789747,4.0,14
1274.0,2,charge,0.7144335599791928,4.138684862431082,302.6229748310395,4.5,14
1274.0,3,charge,0.7913016623754606,4.154861090696139,299.2426104616649,2.5,14
1275.0,1,charge,0.7340195344671901,4.1277490059633495,301.3878533349602,4.0,14
1275.0,2,charge,0.7147445973013857,4.138992561120555,302.62429995611996,4.5,14
1275.0,3,charge,0.7914825957995812,4.154890102137147,299.2431905577083,2.5,14
1276.0,1,charge,0.7342805133271219,4.128014364092028,301.3892277101695,4.0,14
1276.0,2,charge,0.7150556346235819,4.139300008457694,302.62562498882636,4.5,14
1276.0,3,charge,0.791663529223695,4.154922694378838,299.24377028829156,2.5,14
1277.0,1,charge,0.734541492187057,4.128279660535552,301.39060195785623,4.0,14
1277.0,2,charge,0.7153666719457751,4.139607206458717,302.6269499290223,4.5,14
1277.0,3,charge,0.7918444626478129,4.154958592668468,299.244349667433,2.5,14
1278.0,1,charge,0.7348024710469945,4.128544894660258,301.39197608122635,4.0,14
1278.0,2,charge,0.7156777092679713,4.139914152029013,302.6282747802829,4.5,14
1278.0,3,charge,0.7920253960719276,4.154997551533677,299.2449287085547,2.5,14
1279.0,1,charge,0.7350634499069296,4.128810065588734,301.3933500812423,4.0,14
1279.0,2,charge,0.7159887465901644,4.1402208483996255,302.62959954143344,4.5,14
1279.0,3,charge,0.7922063294960454,4.155039351494748,299.24550742451845,2.5,14
1280.0,1,charge,0.7353244287668613,4.129075172321069,301.3947239579041,4.0,14
1280.0,2,charge,0.7162997839123606,4.1405272972706815,302.6309242123709,4.5,14
1280.0,3,charge,0.7923872629201635,4.155083801807223,299.2460858276382,2.5,14
1281.0,1,charge,0.7355854076267995,4.129340213826004,301.39609771121167,4.0,14
1281.0,2,charge,0.7166108212345538,4.140833499954728,302.6322487932176,4.5,14
1281.0,3,charge,0.7925681963442773,4.155130732827137,299.2466639297187,2.5,14
1282.0,1,charge,0.735846386486734,4.129605189041124,301.3974713411651,4.0,14
1282.0,2,charge,0.71692185855675,4.141139457680736,302.63357328409575,4.5,14
1282.0,3,charge,0.792749129768396,4.155179990451266,299.24724174208933,2.5,14
1283.0,1,charge,0.7361073653466684,4.129870096873029,301.3988448477644,4.0,14
1283.0,2,charge,0.7172328958789431,4.141445171594446,302.6348976851274,4.5,14
1283.0,3,charge,0.7929300631925098,4.155231437567988,299.24781927562157,2.5,14
1284.0,1,charge,0.7363683442066037,4.1301349361974555,301.40021823100943,4.0,14
1284.0,2,charge,0.7175439332011393,4.141750642758738,302.6362219964348,4.5,14
1284.0,3,charge,0.7931109966166305,4.155284945102247,299.2483965407664,2.5,14
1285.0,1,charge,0.7366293230665387,4.130399701957999,301.4015915032394,4.0,14
1285.0,2,charge,0.7178549705233326,4.142055868182916,302.63754622140596,4.5,14
1285.0,3,charge,0.7932919300407444,4.155340396923622,299.24897354756814,2.5,14
1286.0,1,charge,0.7368903019264728,4.13066439448617,301.4029646596581,4.0,14
1286.0,2,charge,0.7181660078455288,4.142360849919105,302.6388703592151,4.5,14
1286.0,3,charge,0.793472863464863,4.155397684361105,299.24955030568185,2.5,14
1287.0,1,charge,0.7371512807864079,4.130929014286088,301.40433769482763,4.0,14
1287.0,2,charge,0.7184770451677219,4.14266558936273,302.64019440950887,4.5,14
1287.0,3,charge,0.7936537968889769,4.155456705948412,299.2501268244052,2.5,14
1288.0,1,charge,0.737412259646343,4.131193560112205,301.4057106087479,4.0,14
1288.0,2,charge,0.7187880824899149,4.142970086998984,302.641518372616,4.5,14
1288.0,3,charge,0.7938347303130949,4.155517368896554,299.2507031126723,2.5,14
1289.0,1,charge,0.7376732385062771,4.131458030689004,301.4070834014189,4.0,14
1289.0,2,charge,0.719099119812111,4.143274343232466,302.64284224886524,4.5,14
1289.0,3,charge,0.794015663737213,4.155579585100119,299.25127917909253,2.5,14
1290.0,1,charge,0.7379342173662121,4.1317224247112145,301.40845607284064,4.0,14
1290.0,2,charge,0.7194101571343039,4.143578358387631,302.64416603858524,4.5,14
1290.0,3,charge,0.7941965971613274,4.155643273949778,299.2518550319438,2.5,14
1291.0,1,charge,0.7381951962261504,4.131986740843928,301.40982862301314,4.0,14
1291.0,2,charge,0.7197211944565004,4.143882132709245,302.6454897421047,4.5,14
1291.0,3,charge,0.7943775305854455,4.1557083596155415,299.2524306792013,2.5,14
1292.0,1,charge,0.7384561750860821,4.132250977722811,301.41120105193636,4.0,14
1292.0,2,charge,0.7200322317786934,4.144185665211643,302.6468133610115,4.5,14
1292.0,3,charge,0.7945584640095591,4.155774771246948,299.2530061285419,2.5,14
1293.0,1,charge,0.7387171539460172,4.132515133954257,301.4125733596103,4.0,14
1293.0,2,charge,0.7203432691008897,4.144488955986875,302.64813689562936,4.5,14
1293.0,3,charge,0.7947393974336798,4.155842442495564,299.2535813873617,2.5,14
1294.0,1,charge,0.7389781328059545,4.132779208115555,301.413945546035,4.0,14
1294.0,2,charge,0.7206543064230827,4.144792005413227,302.64946034588326,4.5,14
1294.0,3,charge,0.7949203308577936,4.155911310619292,299.2541564627798,2.5,14
1295.0,1,charge,0.7392391116658898,4.133043198755031,301.41531761121047,4.0,14
1295.0,2,charge,0.7209653437452791,4.145094813333797,302.6507837121986,4.5,14
1295.0,3,charge,0.7951012642819122,4.155981316334932,299.25473136166244,2.5,14
1296.0,1,charge,0.7395000905258214,4.1333071043922756,301.41668955513666,4.0,14
1296.0,2,charge,0.721276381067472,4.145397379514627,302.6521069950007,4.5,14
1296.0,3,charge,0.795282197706026,4.156052403261658,299.25530609063605,2.5,14
1297.0,1,charge,0.7397610693857597,4.133570923518259,301.4180613778136,4.0,14
1297.0,2,charge,0.7215874183896684,4.145699703645191,302.653430194715,4.5,14
1297.0,3,charge,0.7954631311301441,4.156124518778377,299.2558806560656,2.5,14
1298.0,1,charge,0.7400220482456941,4.133834654595507,301.4194330792413,4.0,14
1298.0,2,charge,0.7218984557118614,4.14600178533894,302.65475331176697,4.5,14
1298.0,3,charge,0.7956440645542622,4.15619761244932,299.2564550640967,2.5,14
1299.0,1,charge,0.7402830271056287,4.134098296058297,301.4208046594197,4.0,14
1299.0,2,charge,0.7222094930340578,4.146303624301069,302.65607634680276,4.5,14
1299.0,3,charge,0.7958249979783766,4.156271634983961,299.2570293206837,2.5,14
1300.0,1,charge,0.740544005965564,4.1343618463127925,301.42217611834883,4.0,14
1300.0,2,charge,0.7225205303562505,4.146605220063365,302.6573993003388,4.5,14
1300.0,3,charge,0.7960059314024946,4.156346541097603,299.25760343153775,2.5,14
1301.0,1,charge,0.7408049848254993,4.134625302485997,301.423547461417,4.0,14
1301.0,2,charge,0.7228315676784471,4.146906571918444,302.65872217267366,4.5,14
1301.0,3,charge,0.796186864826611,4.156422288650473,299.25817740214893,2.5,14
1302.0,1,charge,0.741065963685433,4.134888656668462,301.42491871559093,4.0,14
1302.0,2,charge,0.7231426050006399,4.147207679197267,302.66004496425404,4.5,14
1302.0,3,charge,0.7963677982507291,4.156498834404461,299.25875123786875,2.5,14
1303.0,1,charge,0.7413269425453682,4.135151913715455,301.42628985274825,4.0,14
1303.0,2,charge,0.7234536423228363,4.147508541157474,302.6613676755266,4.5,14
1303.0,3,charge,0.7965487316748436,4.156576138683411,299.2593249438313,2.5,14
1304.0,1,charge,0.7415879214053035,4.135415071923344,301.4276608728892,4.0,14
1304.0,2,charge,0.7237646796450292,4.147809156984044,302.66269030693815,4.5,14
1304.0,3,charge,0.7967296650989617,4.156654165747334,299.2598985249515,2.5,14
1305.0,1,charge,0.741848900265238,4.135678129561299,301.4290317760136,4.0,14
1305.0,2,charge,0.7240757169672256,4.1481095257898035,302.6640128589354,4.5,14
1305.0,3,charge,0.7969105985230797,4.1567328784902475,299.260471986028,2.5,14
1306.0,1,charge,0.7421098791251723,4.135941084871444,301.43040256212157,4.0,14
1306.0,2,charge,0.7243867542894186,4.148409646998611,302.66533533192137,4.5,14
1306.0,3,charge,0.7970915319471935,4.156812242502532,299.2610453316718,2.5,14
1307.0,1,charge,0.7423708579851106,4.136203936069043,301.43177323121296,4.0,14
1307.0,2,charge,0.724697791611615,4.148709519989751,302.66665772629597,4.5,14
1307.0,3,charge,0.7972724653713122,4.156892225900474,299.26161856630347,2.5,14
1308.0,1,charge,0.7426318368450421,4.136466681342662,301.43314378328785,4.0,14
1308.0,2,charge,0.7250088289338079,4.149009143289695,302.66798004254855,4.5,14
1308.0,3,charge,0.7974533987954261,4.156972797116193,299.26219169422285,2.5,14
1309.0,1,charge,0.7428928157049766,4.136729318854342,301.43451421834635,4.0,14
1309.0,2,charge,0.7253198662560033,4.14930851577719,302.6693022811204,4.5,14
1309.0,3,charge,0.7976343322195467,4.157053926275777,299.26276471957124,2.5,14
1310.0,1,charge,0.7431537945649147,4.136991846739759,301.4358845363883,4.0,14
1310.0,2,charge,0.7256309035781965,4.149607636261653,302.6706244424524,4.5,14
1310.0,3,charge,0.7978152656436606,4.157135584658656,299.2633376463288,2.5,14
1311.0,1,charge,0.7434147734248464,4.137254263108398,301.4372547374137,4.0,14
1311.0,2,charge,0.7259419409003927,4.149906503483855,302.6719465269858,4.5,14
1311.0,3,charge,0.7979961990677792,4.157217744728454,299.26391047835745,2.5,14
1312.0,1,charge,0.7436757522847817,4.137516566043709,301.43862482142265,4.0,14
1312.0,2,charge,0.7262529782225859,4.15020511611644,302.67326853516164,4.5,14
1312.0,3,charge,0.798177132491893,4.157300379938244,299.26448321938284,2.5,14
1313.0,1,charge,0.743936731144719,4.137778753603302,301.4399947884151,4.0,14
1313.0,2,charge,0.7265640155447821,4.150503473018794,302.6745904673773,4.5,14
1313.0,3,charge,0.7983580659160111,4.15738346508218,299.2650558729854,2.5,14
1314.0,1,charge,0.7441977100046543,4.1380408238190824,301.441364638391,4.0,14
1314.0,2,charge,0.7268750528669753,4.150801573307249,302.6759123239738,4.5,14
1314.0,3,charge,0.7985389993401292,4.157466975543336,299.26562844263884,2.5,14
1315.0,1,charge,0.744458688864586,4.138302774697453,301.44273437135047,4.0,14
1315.0,2,charge,0.7271860901891715,4.151099415019029,302.67723410546733,4.5,14
1315.0,3,charge,0.7987199327642436,4.1575508875466785,299.266200931699,2.5,14
1316.0,1,charge,0.7447196677245239,4.138564604219454,301.4441039872935,4.0,14
1316.0,2,charge,0.7274971275113646,4.1513969966072075,302.6785558122908,4.5,14
1316.0,3,charge,0.7989008661883616,4.157635178806418,299.2667733433907,2.5,14
1317.0,1,charge,0.7449806465844585,4.138826310340954,301.44547348621995,4.0,14
1317.0,2,charge,0.7278081648335608,4.151694316459696,302.6798774448772,4.5,14
1317.0,3,charge,0.7990817996124753,4.157719827611876,299.2673456808355,2.5,14
1318.0,1,charge,0.745241625444393,4.13908788564795,301.4468428948562,4.0,14
1318.0,2,charge,0.728119202155754,4.151991372899827,302.6811990036594,4.5,14
1318.0,3,charge,0.799262733036596,4.157804812791541,299.2679179470568,2.5,14
1319.0,1,charge,0.7455026043043282,4.139349329365658,301.44821220663425,4.0,14
1319.0,2,charge,0.7284302394779499,4.15228816418697,302.68252048907044,4.5,14
1319.0,3,charge,0.7994436664607097,4.157890114353032,299.26849014496247,2.5,14
1320.0,1,charge,0.7457635831642635,4.139610642410714,301.4495814063897,4.0,14
1320.0,2,charge,0.7287412768001428,4.152584688631818,302.68384190153023,4.5,14
1320.0,3,charge,0.7996245998848286,4.157975713151929,299.2690622773592,2.5,14
1321.0,1,charge,0.7460245620241973,4.139871822641531,301.4509504941226,4.0,14
1321.0,2,charge,0.7290523141223393,4.152880944963565,302.68516324140336,4.5,14
1321.0,3,charge,0.7998055333089422,4.15806159048015,299.26963434696944,2.5,14
1322.0,1,charge,0.7462855408841326,4.14013286789224,301.4523194698329,4.0,14
1322.0,2,charge,0.7293633514445322,4.153176930853361,302.68648450916845,4.5,14
1322.0,3,charge,0.7999864667330603,4.158147728453075,299.2702063564161,2.5,14
1323.0,1,charge,0.7465465197440678,4.140393775972898,301.4536883335207,4.0,14
1323.0,2,charge,0.7296743887667286,4.153472644347885,302.6878057052543,4.5,14
1323.0,3,charge,0.8001674001571784,4.158234109859128,299.2707783082266,2.5,14
1324.0,1,charge,0.7468074986040022,4.140654544669666,301.45505708518584,4.0,14
1324.0,2,charge,0.7299854260889216,4.153768083432869,302.68912683008944,4.5,14
1324.0,3,charge,0.8003483335812929,4.158320718110252,299.27135020485366,2.5,14
1325.0,1,charge,0.7470684774639369,4.140915171744934,301.4564257248284,4.0,14
1325.0,2,charge,0.730296463411118,4.154063246033631,302.6904478841026,4.5,14
1325.0,3,charge,0.8005292670054108,4.158407537207895,299.2719220486599,2.5,14
1326.0,1,charge,0.7473294563238748,4.141175654937565,301.4577942524484,4.0,14
1326.0,2,charge,0.7306075007333109,4.154358130015771,302.6917688677224,4.5,14
1326.0,3,charge,0.8007102004295273,4.15849455167781,299.27249384191396,2.5,14
1327.0,1,charge,0.7475904351838065,4.14143599196299,301.45916266804585,4.0,14
1327.0,2,charge,0.7309185380555073,4.154652733210829,302.69308978137667,4.5,14
1327.0,3,charge,0.8008911338536454,4.158581746631734,299.27306558683097,2.5,14
1328.0,1,charge,0.7478514140437418,4.141696180513452,301.4605309716208,4.0,14
1328.0,2,charge,0.7312295753777003,4.15494705393781,302.69441062547673,4.5,14
1328.0,3,charge,0.8010720672777598,4.158669107662197,299.2736372855484,2.5,14
1329.0,1,charge,0.7481123929036791,4.141956218258129,301.4618991631731,4.0,14
1329.0,2,charge,0.7315406126998967,4.1552410895312875,302.6957314004621,4.5,14
1329.0,3,charge,0.8012530007018779,4.1587566208294735,299.27420894013704,2.5,14
1330.0,1,charge,0.7483733717636106,4.14221610284334,301.46326724270284,4.0,14
1330.0,2,charge,0.7318516500220866,4.155534837653122,302.6970521067604,4.5,14
1330.0,3,charge,0.8014339341259916,4.158844272686315,299.27478055259616,2.5,14
1331.0,1,charge,0.7486343506235461,4.142475831892723,301.46463521021,4.0,14
1331.0,2,charge,0.732162687344286,4.155828295908435,302.6983727447994,4.5,14
1331.0,3,charge,0.8016148675501095,4.158932050751838,299.2753521247777,2.5,14
1332.0,1,charge,0.7488953294834841,4.142735403007371,301.4660030656946,4.0,14
1332.0,2,charge,0.732473724666476,4.1561214618462285,302.699693315007,4.5,14
1332.0,3,charge,0.8017958009742275,4.159019942209348,299.27592365859095,2.5,14
1333.0,1,charge,0.7491563083434188,4.142994813766065,301.4673708091566,4.0,14
1333.0,2,charge,0.7327847619886724,4.1564143329600265,302.70101381781075,4.5,14
1333.0,3,charge,0.801976734398342,4.1591079348906295,299.2764951558464,2.5,14
1334.0,1,charge,0.7494172872033502,4.143254061338779,301.4687384428227,4.0,14
1334.0,2,charge,0.7330957993108651,4.156706906688451,302.7023342536385,4.5,14
1334.0,3,charge,0.8021576678224601,4.159196016976649,299.2770666183022,2.5,14
1335.0,1,charge,0.7496782660632885,4.143513139566506,301.47010598798033,4.0,14
1335.0,2,charge,0.7334068366330615,4.156999180878853,302.7036546229349,4.5,14
1335.0,3,charge,0.8023386012465765,4.159284176969452,299.27763804766755,2.5,14
1336.0,1,charge,0.7499392449232237,4.143772049254287,301.47147342568957,4.0,14
1336.0,2,charge,0.7337178739552545,4.157291152626768,302.704974926119,4.5,14
1336.0,3,charge,0.8025195346706947,4.159372404995407,299.2782094454412,2.5,14
1337.0,1,charge,0.7502002237831573,4.1440307878483384,301.47284075621934,4.0,14
1337.0,2,charge,0.7340289112774508,4.157582819203438,302.70629516361845,4.5,14
1337.0,3,charge,0.8027004680948089,4.159460689963515,299.27878081326384,2.5,14
1338.0,1,charge,0.7504612026430927,4.144289352773618,301.47420797983824,4.0,14
1338.0,2,charge,0.7343399485996438,4.157874177858313,302.7076153358618,4.5,14
1338.0,3,charge,0.8028814015189271,4.1595490215480595,299.2793521526732,2.5,14
1339.0,1,charge,0.750722181503028,4.144547741434,301.4755750968151,4.0,14
1339.0,2,charge,0.7346509859218403,4.158165225788999,302.7089354432778,4.5,14
1339.0,3,charge,0.8030623349430452,4.159637389763869,299.27992346515606,2.5,14
1340.0,1,charge,0.7509831603629615,4.144805951212457,301.47694210741855,4.0,14
1340.0,2,charge,0.7349620232440331,4.158455960141898,302.7102554862951,4.5,14
1340.0,3,charge,0.8032432683671589,4.159725784895544,299.2804947521579,2.5,14
1341.0,1,charge,0.7512441392228971,4.1450639794712805,301.4783090119175,4.0,14
1341.0,2,charge,0.7352730605662297,4.158746378012834,302.7115754653423,4.5,14
1341.0,3,charge,0.8034242017912776,4.159814198428975,299.28106601497115,2.5,14
1342.0,1,charge,0.751505118082832,4.145321823552227,301.4796758105805,4.0,14
1342.0,2,charge,0.7355840978884226,4.1590364767895,302.7128953808749,4.5,14
1342.0,3,charge,0.8036051352153913,4.159902621339226,299.28163725494073,2.5,14
1343.0,1,charge,0.7517660969427667,4.145579480776743,301.4810425036765,4.0,14
1343.0,2,charge,0.735895135210619,4.159326253365448,302.71421523331355,4.5,14
1343.0,3,charge,0.8037860686395121,4.159991044792315,299.2822084733799,2.5,14
1344.0,1,charge,0.7520270758027011,4.145836948446136,301.4824090914741,4.0,14
1344.0,2,charge,0.7362061725328116,4.159615704640094,302.71553502308313,4.5,14
1344.0,3,charge,0.8039670020636258,4.160079460398398,299.2827796715408,2.5,14
1345.0,1,charge,0.7522880546626395,4.146094223841782,301.48377557424215,4.0,14
1345.0,2,charge,0.7365172098550081,4.159904827534158,302.71685475061383,4.5,14
1345.0,3,charge,0.8041479354877447,4.1601678600138055,299.2833508506385,2.5,14
1346.0,1,charge,0.7525490335225747,4.146351304225312,301.48514195224925,4.0,14
1346.0,2,charge,0.736828247177201,4.160193618920802,302.71817441633624,4.5,14
1346.0,3,charge,0.8043288689118584,4.160256236028657,299.283922011814,2.5,14
1347.0,1,charge,0.7528100123825063,4.146608186838803,301.4865082257642,4.0,14
1347.0,2,charge,0.7371392844993975,4.160482075626309,302.7194940206805,4.5,14
1347.0,3,charge,0.8045098023359764,4.160344581008852,299.2844931561805,2.5,14
1348.0,1,charge,0.7530709912424444,4.146864868904985,301.4878743950558,4.0,14
1348.0,2,charge,0.7374503218215904,4.160770194430688,302.72081356407705,4.5,14
1348.0,3,charge,0.8046907357600944,4.160432887534252,299.28506428484417,2.5,14
1349.0,1,charge,0.7533319701023791,4.147121347627421,301.4892404603928,4.0,14
1349.0,2,charge,0.737761359143786,4.161057972106282,302.72213304695975,4.5,14
1349.0,3,charge,0.8048716691842082,4.160521148544289,299.2856353988607,2.5,14
1350.0,1,charge,0.7535929489623134,4.147377620190725,301.49060642204387,4.0,14
1350.0,2,charge,0.738072396465979,4.161345405442067,302.7234524697687,4.5,14
1350.0,3,charge,0.8050526026083268,4.160609357202407,299.2862064992518,2.5,14
1350.0,1,charge,0.753592948962313,4.147377620190725,301.49060642204387,4.0,15
1350.0,1,charge,0.7535929489623134,4.147377620190725,301.49060642204387,4.0,15
1350.0,2,charge,0.7380723964659804,4.161345405442067,302.7234524697687,4.0,15
1350.0,2,charge,0.738072396465979,4.152252712149776,302.7234524697687,4.0,15
1350.0,3,charge,0.8050526026083257,4.160609357202407,299.2862064992518,2.5,15
1350.0,3,charge,0.8050526026083268,4.160609357202407,299.2862064992518,2.5,15
1351.0,1,charge,0.7538539278222487,4.14763369140222,301.4919721461682,4.0,15
1351.0,2,charge,0.738348874085708,4.151966156495601,302.7243946410832,4.0,15
1351.0,3,charge,0.8052335360324406,4.1606975155855555,299.2867775864976,2.5,15
1352.0,1,charge,0.754114906682184,4.147889549052149,301.49333779135014,4.0,15
1352.0,2,charge,0.7386253517054395,4.151866777554577,302.7253351087854,4.0,15
1352.0,3,charge,0.8054144694565614,4.160785600270797,299.28734866261743,2.5,15
1353.0,1,charge,0.7543758855421178,4.148145190717285,301.4947033502149,4.0,15
1353.0,2,charge,0.7389018293251648,4.151842488794415,302.7262740069312,4.0,15
1353.0,3,charge,0.805595402880675,4.160873610868352,299.2879197284033,2.5,15
1354.0,1,charge,0.754636864402053,4.148400616883152,301.49606876716507,4.0,15
1354.0,2,charge,0.7391783069448936,4.151859191902787,302.72721142922614,4.0,15
1354.0,3,charge,0.8057763363047938,4.160961543488591,299.28849078434143,2.5,15
1355.0,1,charge,0.7548978432619883,4.148655818095717,301.4974341515459,4.0,15
1355.0,2,charge,0.7394547845646253,4.151902592018898,302.72814745433095,4.0,15
1355.0,3,charge,0.8059572697289076,4.161049392992192,299.28906183121865,2.5,15
1356.0,1,charge,0.7551588221219226,4.148910808789178,301.49879920573045,4.0,15
1356.0,2,charge,0.7397312621843506,4.151965437383945,302.72908215168854,4.0,15
1356.0,3,charge,0.8061382031530258,4.16113715273246,299.289632870066,2.5,15
1357.0,1,charge,0.755419800981857,4.149165570653284,301.5001641945135,4.0,15
1357.0,2,charge,0.7400077398040792,4.152043345855113,302.7300155842342,4.0,15
1357.0,3,charge,0.8063191365771436,4.161224818018004,299.29020390155966,2.5,15
1358.0,1,charge,0.7556807798417954,4.149420100779859,301.5015291178951,4.0,15
1358.0,2,charge,0.7402842174238081,4.152133487681684,302.7309478097622,4.0,15
1358.0,3,charge,0.8065000700012573,4.161312384190529,299.2907749263762,2.5,15
1359.0,1,charge,0.755941758701727,4.149674396243564,301.50289397587517,4.0,15
1359.0,2,charge,0.7405606950435362,4.15223392670886,302.73187888178524,4.0,15
1359.0,3,charge,0.8066810034253762,4.161399845527688,299.29134594538704,2.5,15
1360.0,1,charge,0.7562027375616622,4.149928454102208,301.50425876845384,4.0,15
1360.0,2,charge,0.740837172663265,4.152343193245341,302.73280885028294,4.0,15
1360.0,3,charge,0.8068619368494899,4.161487194417161,299.2919169598112,2.5,15
1361.0,1,charge,0.7564637164215997,4.150182271396904,301.5056234956311,4.0,15
1361.0,2,charge,0.7411136502829939,4.152460167706417,302.733737762099,4.0,15
1361.0,3,charge,0.8070428702736107,4.1615744289303915,299.29248796984444,2.5,15
1362.0,1,charge,0.756724695281535,4.150435845152266,301.5069881574068,4.0,15
1362.0,2,charge,0.741390127902722,4.152583972088426,302.73466566130975,4.0,15
1362.0,3,charge,0.8072238036977244,4.161661546680689,299.29305897576796,2.5,15
1363.0,1,charge,0.7569856741414666,4.150689172376633,301.5083527537811,4.0,15
1363.0,2,charge,0.7416666055224508,4.152713893488539,302.7355925895112,4.0,15
1363.0,3,charge,0.807404737121843,4.161748539000593,299.2936299790087,2.5,15
1364.0,1,charge,0.7572466530014047,4.150942250062306,301.50971728475395,4.0,15
1364.0,2,charge,0.7419430831421798,4.152849341906839,302.73651858604404,4.0,15
1364.0,3,charge,0.8075856705459568,4.161835404297753,299.2942009797116,2.5,15
1365.0,1,charge,0.7575076318613393,4.151195076246088,301.511081730014,4.0,15
1365.0,2,charge,0.7422195607619081,4.152989831425921,302.73744368813556,4.0,15
1365.0,3,charge,0.8077666039700749,4.161922138445615,299.29477197848695,2.5,15
1366.0,1,charge,0.7577686107212736,4.151447651537946,301.51244601953374,4.0,15
1366.0,2,charge,0.7424960383816368,4.153134944591343,302.7383679311343,4.0,15
1366.0,3,charge,0.807947537394193,4.162008735893519,299.2953429762127,2.5,15
1367.0,1,charge,0.7580295895812089,4.15169996918209,301.5138102240769,4.0,15
1367.0,2,charge,0.7427725160013686,4.153284308607849,302.7392913487048,4.0,15
1367.0,3,charge,0.8081284708183065,4.162095193064802,299.2959139734063,2.5,15
1368.0,1,charge,0.7582905684411442,4.15195202610532,301.51517434364337,4.0,15
1368.0,2,charge,0.7430489936210939,4.153437597184821,302.7402139729024,4.0,15
1368.0,3,charge,0.8083094042424254,4.162181505933967,299.296484970675,2.5,15
1369.0,1,charge,0.7585515473010779,4.152203819219372,301.5165383782331,4.0,15
1369.0,2,charge,0.7433254712408224,4.153594525335942,302.7411358342711,4.0,15
1369.0,3,charge,0.8084903376665391,4.162267670758082,299.2970559685817,2.5,15
1370.0,1,charge,0.7588125261610132,4.152455345421098,301.5179023278463,4.0,15
1370.0,2,charge,0.7436019488605514,4.153754842436477,302.74205696194053,4.0,15
1370.0,3,charge,0.8086712710906598,4.162353683363881,299.2976269677663,2.5,15
1371.0,1,charge,0.7590735050209486,4.152706601592727,301.5192661924828,4.0,15
1371.0,2,charge,0.7438784264802795,4.153918324041013,302.74297738372286,4.0,15
1371.0,3,charge,0.8088522045147736,4.1624395403520325,299.2981979687366,2.5,15
1372.0,1,charge,0.7593344838808829,4.152957584602054,301.52062997214256,4.0,15
1372.0,2,charge,0.7441549041000082,4.154084770330984,302.743897126191,4.0,15
1372.0,3,charge,0.8090331379388922,4.162525238555132,299.2987689719628,2.5,15
1373.0,1,charge,0.7595954627408176,4.153208291302667,301.5219936668257,4.0,15
1373.0,2,charge,0.7444313817197372,4.154253995930613,302.74481621477,4.0,15
1373.0,3,charge,0.8092140713630059,4.162610774030602,299.29933997805654,2.5,15
1374.0,1,charge,0.7598564416007557,4.153458718534189,301.52335727653224,4.0,15
1374.0,2,charge,0.7447078593394653,4.154425834744786,302.74573467380685,4.0,15
1374.0,3,charge,0.8093950047871241,4.162696143947445,299.29991098743596,2.5,15
1375.0,1,charge,0.7601174204606872,4.153708863281434,301.5247207944848,4.0,15
1375.0,2,charge,0.744984336959194,4.154600132009084,302.7466525266068,4.0,15
1375.0,3,charge,0.8095759382112423,4.162781345252435,299.30048200056166,2.5,15
1376.0,1,charge,0.7603783993206225,4.153958722614316,301.52608420966857,4.0,15
1376.0,2,charge,0.745260814578923,4.154776744559026,302.7475697955489,4.0,15
1376.0,3,charge,0.8097568716353565,4.162866374459609,299.3010530179756,2.5,15
1377.0,1,charge,0.7606393781805599,4.154208293013942,301.5274475356091,4.0,15
1377.0,2,charge,0.7455372921986511,4.154955542240757,302.74848650204547,4.0,15
1377.0,3,charge,0.8099378050594747,4.162951229505342,299.30162403997076,2.5,15
1378.0,1,charge,0.7609003570404952,4.15445757126593,301.5288107723062,4.0,15
1378.0,2,charge,0.7458137698183798,4.155136401007485,302.7494026666977,4.0,15
1378.0,3,charge,0.8101187384835911,4.163035907427732,299.3021950670027,2.5,15
1379.0,1,charge,0.7611613359004268,4.154706554143041,301.5301739197599,4.0,15
1379.0,2,charge,0.7460902474381088,4.15531920975981,302.75031830922495,4.0,15
1379.0,3,charge,0.8102996719077091,4.163120405174679,299.3027660995465,2.5,15
1380.0,1,charge,0.7614223147603649,4.154955238405456,301.5315369779703,4.0,15
1380.0,2,charge,0.7463667250578369,4.1555038624541165,302.75123344860793,4.0,15
1380.0,3,charge,0.8104806053318235,4.163204719859101,299.30333713805175,2.5,15
1381.0,1,charge,0.7616832936202995,4.155203620800967,301.5328999469373,4.0,15
1381.0,2,charge,0.7466432026775657,4.155690262033525,302.75214810304664,4.0,15
1381.0,3,charge,0.8106615387559417,4.16328884859872,299.3039081829707,2.5,15
1382.0,1,charge,0.7619442724802338,4.155451698065205,301.5342628266609,4.0,15
1382.0,2,charge,0.7469196802972946,4.1558783171814895,302.7530622900581,4.0,15
1382.0,3,charge,0.8108424721800599,4.163372789223278,299.30447923463345,2.5,15
1383.0,1,charge,0.7622052513401691,4.155699466921947,301.53562561714114,4.0,15
1383.0,2,charge,0.7471961579170227,4.156067941973423,302.7539760264654,4.0,15
1383.0,3,charge,0.8110234056041734,4.16345654035341,299.30505029323314,2.5,15
1384.0,1,charge,0.7624662302001044,4.1559469240832705,301.53698831837806,4.0,15
1384.0,2,charge,0.7474726355367515,4.1562590553694685,302.75488932846974,4.0,15
1384.0,3,charge,0.8112043390282923,4.163540098637741,299.3056213593151,2.5,15
1385.0,1,charge,0.7627272090600381,4.156194065082779,301.538350938382,4.0,15
1385.0,2,charge,0.7477491131564804,4.156451581159011,302.75580221163955,4.0,15
1385.0,3,charge,0.811385272452406,4.163623461641366,299.3061924332662,2.5,15
1386.0,1,charge,0.7629881879199735,4.156440885950027,301.5397134817205,4.0,15
1386.0,2,charge,0.7480255907762084,4.156645446432019,302.75671469097864,4.0,15
1386.0,3,charge,0.8115662058765267,4.16370662697169,299.3067635154692,2.5,15
1387.0,1,charge,0.7632491667799087,4.156687384914954,301.5410759377684,4.0,15
1387.0,2,charge,0.7483020683959365,4.15684058450725,302.75762678088853,4.0,15
1387.0,3,charge,0.8117471393006405,4.163789592278427,299.30733460630285,2.5,15
1388.0,1,charge,0.763510145639843,4.1569335586467595,301.5424383065256,4.0,15
1388.0,2,charge,0.748578546015666,4.157036929296426,302.758538495289,4.0,15
1388.0,3,charge,0.8119280727247593,4.16387235665252,299.30790570589545,2.5,15
1389.0,1,charge,0.7637711244997776,4.1571794038042365,301.543800587992,4.0,15
1389.0,2,charge,0.748855023635394,4.157234418060748,302.759449847589,4.0,15
1389.0,3,charge,0.8121090061488728,4.163954917538634,299.3084768146681,2.5,15
1390.0,1,charge,0.7640321033597157,4.1574249170360185,301.54516278216767,4.0,15
1390.0,2,charge,0.7491315012551221,4.157432996047356,302.760360850609,4.0,15
1390.0,3,charge,0.812289939572991,4.164037272876085,299.30904793295804,2.5,15
1391.0,1,charge,0.7642930822196472,4.157670094980853,301.54652488905265,4.0,15
1391.0,2,charge,0.7494079788748509,4.1576326046829415,302.761271516842,4.0,15
1391.0,3,charge,0.8124708729971092,4.164119420781381,299.30961906107444,2.5,15
1392.0,1,charge,0.7645540610795818,4.157914934267824,301.54788690864683,4.0,15
1392.0,2,charge,0.7496844564945798,4.157833189671509,302.7621818582997,4.0,15
1392.0,3,charge,0.8126518064212228,4.1642013594404155,299.31019019931756,2.5,15
1393.0,1,charge,0.7648150399395199,4.1581594315166335,301.5492488409504,4.0,15
1393.0,2,charge,0.7499609341143049,4.158034704373631,302.7630918864295,4.0,15
1393.0,3,charge,0.8128327398453415,4.164283087166558,299.3107613479699,2.5,15
1394.0,1,charge,0.7650760187994515,4.158403583337889,301.5506106859632,4.0,15
1394.0,2,charge,0.7502374117340367,4.158237097999034,302.7640016124398,4.0,15
1394.0,3,charge,0.8130136732694553,4.164364602363298,299.31133250730164,2.5,15
1395.0,1,charge,0.7653369976593868,4.15864738633328,301.5519724436852,4.0,15
1395.0,2,charge,0.7505138893537654,4.1584403239727825,302.76491104708725,4.0,15
1395.0,3,charge,0.8131946066935761,4.164445903397011,299.3119036775897,2.5,15
1396.0,1,charge,0.7655979765193243,4.15889083709591,301.5533341141166,4.0,15
1396.0,2,charge,0.7507903669734904,4.158644340372237,302.76582020064853,4.0,15
1396.0,3,charge,0.8133755401176896,4.164526988756952,299.3124748590938,2.5,15
1397.0,1,charge,0.7658589553792596,4.159133932210579,301.55469569725716,4.0,15
1397.0,2,charge,0.7510668445932225,4.1588491041317734,302.76672908315544,4.0,15
1397.0,3,charge,0.8135564735418085,4.164607857003487,299.31304605206407,2.5,15
1398.0,1,charge,0.766119934239191,4.159376668253943,301.55605719310705,4.0,15
1398.0,2,charge,0.7513433222129512,4.159054574975177,302.7676377042451,4.0,15
1398.0,3,charge,0.8137374069659221,4.164688506767863,299.31361725674134,2.5,15
1399.0,1,charge,0.7663809130991291,4.159619041794928,301.5574186016662,4.0,15
1399.0,2,charge,0.7516197998326762,4.159260714648117,302.768546073174,4.0,15
1399.0,3,charge,0.8139183403900403,4.164768936156404,299.31418847346845,2.5,15
1400.0,1,charge,0.7666418919590637,4.159861049394867,301.5587799229346,4.0,15
1400.0,2,charge,0.7518962774524081,4.159467485984028,302.76945419892746,4.0,15
1400.0,3,charge,0.8140992738141585,4.16484914414295,299.3147597024296,2.5,15
1401.0,1,charge,0.7669028708189951,4.16010268760787,301.5601411569123,4.0,15
1401.0,2,charge,0.752172755072137,4.159674853378095,302.7703620901589,4.0,15
1401.0,3,charge,0.8142802072382728,4.164929129471551,299.315330943856,2.5,15
1402.0,1,charge,0.7671638496789333,4.1603439529810435,301.56150230359935,4.0,15
1402.0,2,charge,0.7524492326918621,4.159882782585609,302.7712697552049,4.0,15
1402.0,3,charge,0.8144611406623911,4.165008890940806,299.315902197972,2.5,15
1403.0,1,charge,0.767424828538868,4.160584842054788,301.5628633629956,4.0,15
1403.0,2,charge,0.7527257103115939,4.160091240410019,302.7721772021424,4.0,15
1403.0,3,charge,0.8146420740865045,4.165088427408724,299.31647346499466,2.5,15
1404.0,1,charge,0.7676858073988021,4.160825350625653,301.5642243433387,4.0,15
1404.0,2,charge,0.7530021879313219,4.160300195212946,302.7730844387466,4.0,15
1404.0,3,charge,0.8148230075106253,4.165167737518528,299.31704474518466,2.5,15
1405.0,1,charge,0.7679467862587375,4.161065471925845,301.56558528154477,4.0,15
1405.0,2,charge,0.7532786655510476,4.160509617158334,302.7739914724925,4.0,15
1405.0,3,charge,0.8150039409347388,4.165246820006706,299.3176160387891,2.5,15
1406.0,1,charge,0.768207765118673,4.161305206063353,301.5669461376486,4.0,15
1406.0,2,charge,0.7535551431707797,4.160719476068137,302.77489831067004,4.0,15
1406.0,3,charge,0.8151848743588577,4.165325673985064,299.3181873459886,2.5,15
1407.0,1,charge,0.7684687439786064,4.161544549557126,301.5683069116502,4.0,15
1407.0,2,charge,0.7538316207905075,4.160929742913526,302.7758049603179,4.0,15
1407.0,3,charge,0.8153658077829713,4.165404298439972,299.3187586669908,2.5,15
1408.0,1,charge,0.7687297228385418,4.16178349892084,301.5696676035496,4.0,15
1408.0,2,charge,0.7541080984102335,4.16114038925824,302.7767114282592,4.0,15
1408.0,3,charge,0.8155467412070896,4.165482692406226,299.31933000199786,2.5,15
1409.0,1,charge,0.7689907016984772,4.162022050663231,301.5710282133468,4.0,15
1409.0,2,charge,0.7543845760299615,4.161351391791446,302.7776177208533,4.0,15
1409.0,3,charge,0.8157276746312078,4.165560854948701,299.31990135121,2.5,15
1410.0,1,charge,0.7692516805584113,4.162260201288367,301.5723887410417,4.0,15
1410.0,2,charge,0.7546610536496933,4.161562723369337,302.7785238445072,4.0,15
1410.0,3,charge,0.815908608055322,4.165638784884507,299.32047271487744,2.5,15
1411.0,1,charge,0.7695126594183461,4.1624979472959325,301.5737491866344,4.0,15
1411.0,2,charge,0.7549375312694185,4.1617743583215585,302.7794298053849,4.0,15
1411.0,3,charge,0.8160895414794402,4.165716481504051,299.32104409316537,2.5,15
1412.0,1,charge,0.7697736382782843,4.1627352851815305,301.57510955012486,4.0,15
1412.0,2,charge,0.755214008889147,4.161986271755083,302.78033560945295,4.0,15
1412.0,3,charge,0.8162704749035564,4.165793943976231,299.3216154862651,2.5,15
1413.0,1,charge,0.7700346171382156,4.162972211436987,301.57646983151307,4.0,15
1413.0,2,charge,0.7554904865088761,4.162198441144301,302.78124126237014,4.0,15
1413.0,3,charge,0.8164514083276746,4.165871171512006,299.3221868943637,2.5,15
1414.0,1,charge,0.770295595998151,4.163208722550658,301.5778300307991,4.0,15
1414.0,2,charge,0.7557669641286041,4.162410846348237,302.7821467694906,4.0,15
1414.0,3,charge,0.8166323417517888,4.165948163364202,299.3227583176441,2.5,15
1415.0,1,charge,0.7705565748580885,4.163444815007684,301.57919014798284,4.0,15
1415.0,2,charge,0.7560434417483328,4.162623463683307,302.7830521362902,4.0,15
1415.0,3,charge,0.8168132751759071,4.166024918731001,299.3233297563031,2.5,15
1416.0,1,charge,0.770817553718024,4.163680485290353,301.5805501830644,4.0,15
1416.0,2,charge,0.7563199193680619,4.162836271709598,302.78395736796256,4.0,15
1416.0,3,charge,0.8169942086000253,4.166101436898705,299.32390121052447,2.5,15
1417.0,1,charge,0.7710785325779553,4.163915729878402,301.5819101360437,4.0,15
1417.0,2,charge,0.7565963969877899,4.163049249475698,302.7848624695488,4.0,15
1417.0,3,charge,0.8171751420241389,4.166177717259673,299.32447268047525,2.5,15
1418.0,1,charge,0.7713395114378937,4.164150545249266,301.5832700069208,4.0,15
1418.0,2,charge,0.756872874607518,4.163262379357704,302.78576744565095,4.0,15
1418.0,3,charge,0.8173560754482571,4.166253759201211,299.32504416632725,2.5,15
1419.0,1,charge,0.7716004902978282,4.164384927878472,301.58462979569566,4.0,15
1419.0,2,charge,0.7571493522272474,4.163475641289763,302.7866723010263,4.0,15
1419.0,3,charge,0.8175370088723714,4.166329562149029,299.3256156682485,2.5,15
1420.0,1,charge,0.7718614691577627,4.1646188742398795,301.58598950236825,4.0,15
1420.0,2,charge,0.7574258298469755,4.163689016554249,302.7875770402034,4.0,15
1420.0,3,charge,0.8177179422964894,4.166405125549266,299.3261871864066,2.5,15
1421.0,1,charge,0.772122448017698,4.164852380806051,301.58734912693865,4.0,15
1421.0,2,charge,0.7577023074667035,4.163902487084047,302.788481667558,4.0,15
1421.0,3,charge,0.8178988757206056,4.166480448777628,299.3267587209865,2.5,15
1422.0,1,charge,0.7723834268776334,4.165085444048521,301.5887086694068,4.0,15
1422.0,2,charge,0.7579787850864332,4.164116035487878,302.7893861872776,4.0,15
1422.0,3,charge,0.8180798091447239,4.1665555314189895,299.32733027213646,2.5,15
1423.0,1,charge,0.7726444057375675,4.165318060438159,301.59006812977276,4.0,15
1423.0,2,charge,0.7582552627061613,4.164329644982768,302.79029060338,4.0,15
1423.0,3,charge,0.8182607425688382,4.166630373025837,299.32790184001465,2.5,15
1424.0,1,charge,0.7729053845975022,4.165550222842229,301.59142755730807,4.0,15
1424.0,2,charge,0.7585317403258893,4.164543298933699,302.7911949198497,4.0,15
1424.0,3,charge,0.8184416759929564,4.16670497318599,299.3284734247762,2.5,15
1425.0,1,charge,0.7731663634574404,4.1657819305697155,301.59278691341996,4.0,15
1425.0,2,charge,0.7588082179456184,4.164756981280693,302.79209914050676,4.0,15
1425.0,3,charge,0.8186226094170698,4.166779331522653,299.3290450265726,2.5,15
1426.0,1,charge,0.7734273423173719,4.1660131804314675,301.5941461935067,4.0,15
1426.0,2,charge,0.7590846955653471,4.164970676375869,302.7930032690533,4.0,15
1426.0,3,charge,0.818803542841188,4.166853447542005,299.3296166455814,2.5,15
1427.0,1,charge,0.7736883211773072,4.166243968901814,301.5955053975683,4.0,15
1427.0,2,charge,0.7593611731850749,4.1651843691009525,302.79390730900667,4.0,15
1427.0,3,charge,0.8189844762653061,4.166927320907469,299.3301882819536,2.5,15
1428.0,1,charge,0.7739493000372447,4.166474292456085,301.59686452560476,4.0,15
1428.0,2,charge,0.7596376508048039,4.165398044545322,302.79481126385355,4.0,15
1428.0,3,charge,0.8191654096894203,4.167000951364033,299.33075993582844,2.5,15
1429.0,1,charge,0.7742102788971801,4.166704147570928,301.5982235776161,4.0,15
1429.0,2,charge,0.7599141284245327,4.165611688187957,302.79571513695066,4.0,15
1429.0,3,charge,0.8193463431135386,4.167074338641992,299.3313316073512,2.5,15
1430.0,1,charge,0.7744712577571116,4.166933530724624,301.5995825536024,4.0,15
1430.0,2,charge,0.7601906060442577,4.1658252858254325,302.7966189315537,4.0,15
1430.0,3,charge,0.8195272765376521,4.167147482505387,299.3319032966644,2.5,15
1431.0,1,charge,0.7747322366170499,4.167162438397506,301.6009414535635,4.0,15
1431.0,2,charge,0.7604670836639897,4.166038823865478,302.79752265078554,4.0,15
1431.0,3,charge,0.8197082099617728,4.1672203827523635,299.33247500390723,2.5,15
1432.0,1,charge,0.7749932154769845,4.167390867072202,301.6023002774995,4.0,15
1432.0,2,charge,0.7607435612837175,4.166252289166033,302.7984262976582,4.0,15
1432.0,3,charge,0.8198891433858865,4.167293039215373,299.3330467292162,2.5,15
1433.0,1,charge,0.7752541943369187,4.167618813234017,301.6036590254104,4.0,15
1433.0,2,charge,0.7610200389034433,4.166465668389474,302.7993298751511,4.0,15
1433.0,3,charge,0.8200700768100053,4.167365451761421,299.33361847272425,2.5,15
1434.0,1,charge,0.7755151731968541,4.167846273371299,301.6050176972962,4.0,15
1434.0,2,charge,0.7612965165231753,4.166678948690787,302.80023338613273,4.0,15
1434.0,3,charge,0.820251010234119,4.167437620292352,299.33419023456145,2.5,15
1435.0,1,charge,0.7757761520567895,4.168073243975737,301.6063762931568,4.0,15
1435.0,2,charge,0.7615729941429032,4.166892117485456,302.80113683339033,4.0,15
1435.0,3,charge,0.8204319436582371,4.167509544631516,299.3347620148758,2.5,15
1436.0,1,charge,0.7760371309167237,4.16829972154277,301.60773481299236,4.0,15
1436.0,2,charge,0.7618494717626291,4.167105163269448,302.80204021952096,4.0,15
1436.0,3,charge,0.8206128770823553,4.1675812246008395,299.3353338138194,2.5,15
1437.0,1,charge,0.7762981097766585,4.1685257025718805,301.60909325680274,4.0,15
1437.0,2,charge,0.7621259493823571,4.16731807385579,302.802943547172,4.0,15
1437.0,3,charge,0.8207938105064695,4.167652660226862,299.33590563150864,2.5,15
1438.0,1,charge,0.7765590886365966,4.168751183566974,301.61045162458805,4.0,15
1438.0,2,charge,0.7624024270020892,4.16753083765569,302.8038468188704,4.0,15
1438.0,3,charge,0.8209747439305879,4.167723851470015,299.336477468076,2.5,15
1439.0,1,charge,0.776820067496528,4.16897616103675,301.61180991634825,4.0,15
1439.0,2,charge,0.7626789046218149,4.167743443335785,302.8047500370711,4.0,15
1439.0,3,charge,0.8211556773547041,4.167794798311634,299.3370493236531,2.5,15
1440.0,1,charge,0.7770810463564634,4.169200631495002,301.6131681320833,4.0,15
1440.0,2,charge,0.7629553822415429,4.167955879837192,302.80565320415275,4.0,15
1440.0,3,charge,0.8213366107788223,4.1678655007531535,299.33762119837155,2.5,15
1440.0,1,charge,0.7770810463564648,4.169200631495002,301.6131681320833,3.0,16
1440.0,1,charge,0.7770810463564634,4.149279742095004,301.6131681320833,3.0,16
1440.0,2,charge,0.7629553822415449,4.167955879837192,302.80565320415275,3.5,16
1440.0,2,charge,0.7629553822415429,4.158323393607956,302.80565320415275,3.5,16
1440.0,3,charge,0.8213366107788208,4.1678655007531535,299.33762119837155,2.0,16
1440.0,3,charge,0.8213366107788223,4.155251406371791,299.33762119837155,2.0,16
1441.0,1,charge,0.7772767805014149,4.148487538193983,301.6137554272309,3.0,16
1441.0,2,charge,0.763197300158808,4.158023461051938,302.8062109837611,3.5,16
1441.0,3,charge,0.8214813575181129,4.155036475377554,299.3379713438009,2.0,16
1442.0,1,charge,0.7774725146463678,4.148019577777408,301.6143400737612,3.0,16
1442.0,2,charge,0.7634392180760711,4.157889784655445,302.80676738148475,3.5,16
1442.0,3,charge,0.8216261042574065,4.154905444332318,299.3383209614951,2.0,16
1443.0,1,charge,0.777668248791319,4.147685883105474,301.6149222961966,3.0,16
1443.0,2,charge,0.7636811359933325,4.1578232250057905,302.8073225122412,3.5,16
1443.0,3,charge,0.8217708509967021,4.15480947442973,299.3386701008328,2.0,16
1444.0,1,charge,0.7778639829362677,4.147426256736384,301.61550224732656,3.0,16
1444.0,2,charge,0.7639230539105929,4.157793461906762,302.8078764542287,3.5,16
1444.0,3,charge,0.8219155977359955,4.1547333081388516,299.33901879242586,2.0,16
1445.0,1,charge,0.7780597170812233,4.147215158966876,301.6160800537795,3.0,16
1445.0,2,charge,0.7641649718278567,4.157787755136836,302.80842927248744,3.5,16
1445.0,3,charge,0.8220603444752863,4.154670350883611,299.3393670607639,2.0,16
1446.0,1,charge,0.7782554512261747,4.147039468666335,301.61665582643263,3.0,16
1446.0,2,charge,0.7644068897451181,4.157799642719143,302.80898102417154,3.5,16
1446.0,3,charge,0.82220509121458,4.1546172095851865,299.3397149268823,2.0,16
1447.0,1,charge,0.7784511853711233,4.146891238416554,301.6172296651169,3.0,16
1447.0,2,charge,0.7646488076623824,4.157825204978411,302.8095317609862,3.5,16
1447.0,3,charge,0.8223498379538754,4.154571812317463,299.340062409563,2.0,16
1448.0,1,charge,0.7786469195160747,4.1467653558326685,301.61780166099686,3.0,16
1448.0,2,charge,0.7648907255796463,4.157861913006054,302.8100815303749,3.5,16
1448.0,3,charge,0.8224945846931689,4.154532803052079,299.3404095259077,2.0,16
1449.0,1,charge,0.7788426536610275,4.146658331842152,301.61837189816345,3.0,16
1449.0,2,charge,0.7651326434969075,4.157908026680068,302.810630376288,3.5,16
1449.0,3,charge,0.8226393314324597,4.154499246794118,299.3407562916841,2.0,16
1450.0,1,charge,0.7790383878059788,4.146567508827815,301.6189404548287,3.0,16
1450.0,2,charge,0.765374561414168,4.157962237627215,302.8111783397885,3.5,16
1450.0,3,charge,0.8227840781717533,4.154470443929279,299.34110272159245,2.0,16
1451.0,1,charge,0.7792341219509277,4.146490862044235,301.6195074040868,3.0,16
1451.0,2,charge,0.7656164793314318,4.158023536008585,302.81172545943423,3.5,16
1451.0,3,charge,0.8229288249110489,4.154445847126899,299.3414488294414,2.0,16
1452.0,1,charge,0.7794298560958798,4.146426815384968,301.62007281452225,3.0,16
1452.0,2,charge,0.765858397248693,4.158091134734713,302.81227177154335,3.5,16
1452.0,3,charge,0.8230735716503423,4.154425026144315,299.34179462825784,2.0,16
1453.0,1,charge,0.7796255902408327,4.146374088524311,301.6206367507286,3.0,16
1453.0,2,charge,0.7661003151659576,4.158164390335907,302.8128173104658,3.5,16
1453.0,3,charge,0.8232183183896332,4.154407631659869,299.3421401303829,2.0,16
1454.0,1,charge,0.7798213243857839,4.1463316086812725,301.621199273708,3.0,16
1454.0,2,charge,0.7663422330832185,4.15824277146522,302.81336210873985,3.5,16
1454.0,3,charge,0.8233630651289267,4.154393372447921,299.34248534754386,2.0,16
1455.0,1,charge,0.7800170585307328,4.146298469746117,301.6217604411861,3.0,16
1455.0,2,charge,0.7665841510004826,4.158325840357666,302.8139061972099,3.5,16
1455.0,3,charge,0.8235078118682222,4.154382003625697,299.3428302909066,2.0,16
1456.0,1,charge,0.7802127926756841,4.146273909269695,301.62232030788994,3.0,16
1456.0,2,charge,0.7668260689177432,4.158413217070686,302.81444960523675,3.5,16
1456.0,3,charge,0.8236525586075157,4.154373314886244,299.34317497112806,2.0,16
1457.0,1,charge,0.780408526820637,4.146257272829338,301.6228789257886,3.0,16
1457.0,2,charge,0.7670679868350041,4.158504566842779,302.81499236081123,3.5,16
1457.0,3,charge,0.8237973053468066,4.154367124774988,299.3435193983906,2.0,16
1458.0,1,charge,0.7806042609655882,4.146247990777512,301.62343634433506,3.0,16
1458.0,2,charge,0.7673099047522682,4.158599594511187,302.8155344906412,3.5,16
1458.0,3,charge,0.8239420520861,4.154363267030841,299.34386358246536,2.0,16
1459.0,1,charge,0.7807999951105369,4.146245553997765,301.623992610621,3.0,16
1459.0,2,charge,0.7675518226695325,4.158698038571982,302.8160760202338,3.5,16
1459.0,3,charge,0.8240867988253956,4.154361593671562,299.3442075327187,2.0,16
1460.0,1,charge,0.7809957292554882,4.146249510331961,301.62454776957145,3.0,16
1460.0,2,charge,0.7677937405867936,4.158799668817004,302.81661697395845,3.5,16
1460.0,3,charge,0.8242315455646891,4.154361973642518,299.3445512581307,2.0,16
1461.0,1,charge,0.7811914634004409,4.146259448402873,301.6251018640827,3.0,16
1461.0,2,charge,0.7680356585040568,4.158904281588178,302.81715737510774,3.5,16
1461.0,3,charge,0.82437629230398,4.154364289242399,299.34489476731886,2.0,16
1462.0,1,charge,0.7813871975453922,4.146275005026224,301.6256549350906,3.0,16
1462.0,2,charge,0.7682775764213181,4.159011690569262,302.81769724598524,3.5,16
1462.0,3,charge,0.8245210390432735,4.154368433938007,299.34523806855884,2.0,16
1463.0,1,charge,0.7815829316903409,4.1462958481244385,301.62620702176434,3.0,16
1463.0,2,charge,0.768519494338579,4.159121729209757,302.81823660794635,3.5,16
1463.0,3,charge,0.824665785782569,4.154374310201498,299.34558116980327,2.0,16
1464.0,1,charge,0.7817786658352923,4.146321681812687,301.6267581615544,3.0,16
1464.0,2,charge,0.7687614122558424,4.1592342406990745,302.81877548147713,3.5,16
1464.0,3,charge,0.8248105325218625,4.154381828326483,299.34592407869843,2.0,16
1465.0,1,charge,0.7819743999802479,4.146352233284375,301.62730839032446,3.0,16
1465.0,2,charge,0.7690033301731035,4.159349084456659,302.81931388622013,3.5,16
1465.0,3,charge,0.8249552792611534,4.154390904334425,299.346266802604,2.0,16
1466.0,1,charge,0.7821701341251965,4.146387252033282,301.6278577424423,3.0,16
1466.0,2,charge,0.7692452480903679,4.159466127280481,302.81985184102973,3.5,16
1466.0,3,charge,0.8251000260004469,4.15440146115506,299.3466093485991,2.0,16
1467.0,1,charge,0.782365868270148,4.146426503493995,301.6284062508581,3.0,16
1467.0,2,charge,0.7694871660076317,4.159585246933605,302.820389364018,3.5,16
1467.0,3,charge,0.8252447727397424,4.154413425636463,299.34695172350183,2.0,16
1468.0,1,charge,0.7825616024151006,4.146469772021398,301.62895394716656,3.0,16
1468.0,2,charge,0.769729083924893,4.159706330092826,302.8209264725644,3.5,16
1468.0,3,charge,0.8253895194790359,4.154426729961542,299.34729393387727,2.0,16
1469.0,1,charge,0.7827573365600522,4.146516855157023,301.62950086169843,3.0,16
1469.0,2,charge,0.7699710018421534,4.159829270214059,302.8214631833878,3.5,16
1469.0,3,charge,0.8255342662183269,4.154441310651289,299.34763598604474,2.0,16
1470.0,1,charge,0.7829530707050009,4.1465675678300755,301.6300470235551,3.0,16
1470.0,2,charge,0.7702129197594173,4.15995396986232,302.82199951253517,3.5,16
1470.0,3,charge,0.8256790129576203,4.154457107678848,299.3479778860962,2.0,16
1471.0,1,charge,0.7831488048499521,4.1466217366371865,301.6305924606843,3.0,16
1471.0,2,charge,0.7704548376766787,4.160080336624577,302.82253547545224,3.5,16
1471.0,3,charge,0.8258237596969158,4.154474065576534,299.34831963989376,2.0,16
1472.0,1,charge,0.783344538994905,4.146679199990137,301.63113719993333,3.0,16
1472.0,2,charge,0.770696755593943,4.160208284846023,302.82307108698217,3.5,16
1472.0,3,charge,0.8259685064362093,4.154492131422303,299.3486612530913,2.0,16
1473.0,1,charge,0.7835402731398562,4.146739805281294,301.6316812670961,3.0,16
1473.0,2,charge,0.7709386735112068,4.160337733526907,302.8236063614134,3.5,16
1473.0,3,charge,0.8261132531755002,4.154511255748928,299.3490027311333,2.0,16
1474.0,1,charge,0.7837360072848049,4.146803410444521,301.6322246869928,3.0,16
1474.0,2,charge,0.7711805914284682,4.160468606051586,302.8241413124943,3.5,16
1474.0,3,charge,0.8262579999147937,4.154531391575568,299.3493440792684,2.0,16
1475.0,1,charge,0.7839317414297571,4.146869879967905,301.6327674834375,3.0,16
1475.0,2,charge,0.7714225093457286,4.160600830566246,302.8246759534526,3.5,16
1475.0,3,charge,0.8264027466540892,4.154552494301457,299.34968530255367,2.0,16
1476.0,1,charge,0.7841274755747099,4.146939086798156,301.6333096794202,3.0,16
1476.0,2,charge,0.7716644272629924,4.160734338743275,302.82521029702554,3.5,16
1476.0,3,charge,0.8265474933933827,4.154574521498096,299.35002640587385,2.0,16
1477.0,1,charge,0.7843232097196612,4.147010911043935,301.63385129698315,3.0,16
1477.0,2,charge,0.7719063451802536,4.160869064133936,302.82574435551396,3.5,16
1477.0,3,charge,0.8266922401326736,4.1545974327456765,299.3503673939389,2.0,16
1478.0,1,charge,0.7845189438646099,4.1470852386215284,301.63439235737826,3.0,16
1478.0,2,charge,0.7721482630975179,4.161004946439017,302.82627814071367,3.5,16
1478.0,3,charge,0.8268369868719672,4.15462119050647,299.35070827126384,2.0,16
1479.0,1,charge,0.7847146780095611,4.147161961442254,301.63493288107423,3.0,16
1479.0,2,charge,0.7723901810147791,4.161141927357852,302.82681166401085,3.5,16
1479.0,3,charge,0.8269817336112627,4.154645757406454,299.35104904224556,2.0,16
1480.0,1,charge,0.784910412154514,4.147240978348325,301.63547288771167,3.0,16
1480.0,2,charge,0.7726320989320421,4.161279948370689,302.82734493644165,3.5,16
1480.0,3,charge,0.8271264803505562,4.154671097703748,299.35138971112434,2.0,16
1481.0,1,charge,0.7851061462994655,4.147322191633574,301.6360123962755,3.0,16
1481.0,2,charge,0.7728740168493036,4.161418958142638,302.82787796854626,3.5,16
1481.0,3,charge,0.8272712270898472,4.15469717984132,299.3517302819373,2.0,16
1482.0,1,charge,0.785301880444414,4.147405510203207,301.6365514249781,3.0,16
1482.0,2,charge,0.7731159347665644,4.161558906465643,302.8284107705188,3.5,16
1482.0,3,charge,0.8274159738291407,4.154723971266506,299.35207075863025,2.0,16
1483.0,1,charge,0.7854976145893654,4.147490846370733,301.63708999140835,3.0,16
1483.0,2,charge,0.7733578526838277,4.161699743088178,302.8289433522489,3.5,16
1483.0,3,charge,0.8275607205684363,4.154751440712834,299.35241114501366,2.0,16
1484.0,1,charge,0.7856933487343183,4.147578117006937,301.63762811248625,3.0,16
1484.0,2,charge,0.7735997706010889,4.16184142301409,302.8294757231819,3.5,16
1484.0,3,charge,0.8277054673077298,4.1547795595403585,299.3527514447381,2.0,16
1485.0,1,charge,0.7858890828792696,4.147667242797162,301.63816580451606,3.0,16
1485.0,2,charge,0.773841688518354,4.16198390250965,302.8300078924561,3.5,16
1485.0,3,charge,0.8278502140470206,4.154808300830508,299.35309166131657,2.0,16
1486.0,1,charge,0.7860848170242211,4.147758147898527,301.6387030832199,3.0,16
1486.0,2,charge,0.774083606435617,4.162127138947291,302.83053986891923,3.5,16
1486.0,3,charge,0.8279949607863141,4.154837637238986,299.35343179817517,2.0,16
1487.0,1,charge,0.786280551169174,4.1478507599989065,301.63923996372915,3.0,16
1487.0,2,charge,0.7743255243528785,4.162271092188144,302.8310716610559,3.5,16
1487.0,3,charge,0.8281397075256097,4.15486754324981,299.3537718586056,2.0,16
1488.0,1,charge,0.7864762853141253,4.1479450094221235,301.639776460659,3.0,16
1488.0,2,charge,0.7745674422701395,4.1624157236442105,302.8316032770692,3.5,16
1488.0,3,charge,0.828284454264903,4.1548979951775005,299.35411184576117,2.0,16
1489.0,1,charge,0.7866720194590738,4.148040830339257,301.64031258806074,3.0,16
1489.0,2,charge,0.7748093601874027,4.162560996186581,302.83213472488745,3.5,16
1489.0,3,charge,0.828429201004194,4.154928969464188,299.35445176271537,2.0,16
1490.0,1,charge,0.7868677536040253,4.148138158943823,301.6408483595128,3.0,16
1490.0,2,charge,0.775051278104664,4.162706874180545,302.8326660121374,3.5,16
1490.0,3,charge,0.8285739477434875,4.154960443805736,299.3547916124279,2.0,16
1491.0,1,charge,0.787063487748978,4.14823693448686,301.64138378809173,3.0,16
1491.0,2,charge,0.7752931960219284,4.162853323228844,302.83319714619336,3.5,16
1491.0,3,charge,0.8287186944827831,4.154992396763646,299.3551313977424,2.0,16
1492.0,1,charge,0.7872592218939295,4.148337098967005,301.6419188863992,3.0,16
1492.0,2,charge,0.7755351139391923,4.163000310058145,302.8337281341829,3.5,16
1492.0,3,charge,0.8288634412220764,4.155024807743245,299.3554711214175,2.0,16
1493.0,1,charge,0.7874549560388782,4.148438596453932,301.6424536666033,3.0,16
1493.0,2,charge,0.7757770318564536,4.163147803243116,302.8342589829596,3.5,16
1493.0,3,charge,0.8290081879613673,4.155057656905715,299.35581078611716,2.0,16
1494.0,1,charge,0.7876506901838303,4.148541373520548,301.6429881404176,3.0,16
1494.0,2,charge,0.776018949773714,4.163295772016694,302.83478969916086,3.5,16
1494.0,3,charge,0.8291529347006608,4.155090925253951,299.3561503944067,2.0,16
1495.0,1,charge,0.7878464243287832,4.148645378775761,301.6435223191586,3.0,16
1495.0,2,charge,0.7762608676909778,4.163444186540692,302.83532028920416,3.5,16
1495.0,3,charge,0.8292976814399564,4.155124594503033,299.3564899487624,2.0,16
1496.0,1,charge,0.7880421584737344,4.148750562963791,301.6440562137083,3.0,16
1496.0,2,charge,0.7765027856082389,4.163593018840358,302.83585075925237,3.5,16
1496.0,3,charge,0.8294424281792498,4.155158646848652,299.35682945158646,2.0,16
1497.0,1,charge,0.788237892618683,4.14885687864791,301.6445898345883,3.0,16
1497.0,2,charge,0.7767447035255035,4.1637422414504375,302.8363811152821,3.5,16
1497.0,3,charge,0.8295871749185407,4.155193065244251,299.3571689051947,2.0,16
1498.0,1,charge,0.7884336267636344,4.1489642801261155,301.64512319196103,3.0,16
1498.0,2,charge,0.7769866214427674,4.163891827859113,302.8369113630707,3.5,16
1498.0,3,charge,0.829731921657834,4.155227833749824,299.35750831180917,2.0,16
1499.0,1,charge,0.7886293609085873,4.149072723302803,301.6456562956466,3.0,16
1499.0,2,charge,0.7772285393600286,4.164041752787799,302.8374415081686,3.5,16
1499.0,3,charge,0.8298766683971298,4.1552629363993505,299.3578476735963,2.0,16
1500.0,1,charge,0.7888250950535387,4.149182166754503,301.6461891549832,3.0,16
1500.0,2,charge,0.7774704572772891,4.164191991700292,302.8379715559588,3.5,16
1500.0,3,charge,0.8300214151364231,4.1552983579719625,299.358186992645,2.0,16
1501.0,1,charge,0.7890208291984874,4.149292569384343,301.64672177914264,3.0,16
1501.0,2,charge,0.777712375194553,4.1643425209377956,302.8385015116427,3.5,16
1501.0,3,charge,0.830166161875714,4.155334084230578,299.3585262709568,2.0,16
1502.0,1,charge,0.789216563343443,4.149403891710367,301.6472541769594,3.0,16
1502.0,2,charge,0.7779542931118142,4.164493317592752,302.83903138022544,3.5,16
1502.0,3,charge,0.8303109086150074,4.1553701011156425,299.35886551048054,2.0,16
1503.0,1,charge,0.7894122974883944,4.1495160955250245,301.6477863569793,3.0,16
1503.0,2,charge,0.7781962110290788,4.1646443595705165,302.8395611665591,3.5,16
1503.0,3,charge,0.8304556553543031,4.15540639516512,299.35920471309777,2.0,16
1504.0,1,charge,0.7896080316333431,4.149629146054423,301.648318327199,3.0,16
1504.0,2,charge,0.7784381289463426,4.164795625477344,302.8400908753321,3.5,16
1504.0,3,charge,0.8306004020935965,4.155442953458203,299.35954388062015,2.0,16
1505.0,1,charge,0.7898037657782945,4.149743007258714,301.64885009564307,3.0,16
1505.0,2,charge,0.7786800468636037,4.164947094806194,302.84062051104115,3.5,16
1505.0,3,charge,0.8307451488328874,4.155479763561664,299.35988301479705,2.0,16
1506.0,1,charge,0.7899994999232474,4.149857645021278,301.6493816699787,3.0,16
1506.0,2,charge,0.7789219647808643,4.165098747475467,302.8411500780684,3.5,16
1506.0,3,charge,0.8308898955721808,4.155516813489011,299.3602221173255,2.0,16
1507.0,1,charge,0.7901952340681995,4.149973026369089,301.6499130576144,3.0,16
1507.0,2,charge,0.7791638826981252,4.165250564035121,302.8416795806473,3.5,16
1507.0,3,charge,0.8310346423114763,4.155554091691487,299.36056118984027,2.0,16
1508.0,1,charge,0.7903909682131481,4.150089121186358,301.6504442654913,3.0,16
1508.0,2,charge,0.7794058006153891,4.1654025255756615,302.8422090228779,3.5,16
1508.0,3,charge,0.831179389050767,4.15559158701087,299.36090023390847,2.0,16
1509.0,1,charge,0.7905867023580996,4.150205898309011,301.65097530056937,3.0,16
1509.0,2,charge,0.7796477185326539,4.1655546138340345,302.8427384087184,3.5,16
1509.0,3,charge,0.8313241357900606,4.155629288719982,299.3612392510645,2.0,16
1510.0,1,charge,0.7907824365030524,4.1503233282696605,301.6515061694921,3.0,16
1510.0,2,charge,0.7798896364499177,4.165706812138515,302.8432677418851,3.5,16
1510.0,3,charge,0.8314688825293515,4.155667186451611,299.3615782427878,2.0,16
1511.0,1,charge,0.7909781706480038,4.150441382639642,301.65203687866966,3.0,16
1511.0,2,charge,0.7801315543671788,4.165859102802144,302.8437970261373,3.5,16
1511.0,3,charge,0.8316136292686449,4.155705270190018,299.3619172105117,2.0,16
1512.0,1,charge,0.7911739047929524,4.150560034705805,301.65256743418365,3.0,16
1512.0,2,charge,0.7803734722844395,4.166011469115455,302.84432626506515,3.5,16
1512.0,3,charge,0.8317583760079404,4.155743530249592,299.3622561556264,2.0,16
1513.0,1,charge,0.7913696389379037,4.150679257702157,301.65309784204334,3.0,16
1513.0,2,charge,0.7806153902017033,4.166163894767084,302.84485546215444,3.5,16
1513.0,3,charge,0.831903122747234,4.155781957679384,299.3625950794052,2.0,16
1514.0,1,charge,0.7915653730828566,4.150799026054983,301.6536281080101,3.0,16
1514.0,2,charge,0.7808573081189645,4.166316364364557,302.84538462072413,3.5,16
1514.0,3,charge,0.8320478694865246,4.155820543356035,299.3629339831662,2.0,16
1515.0,1,charge,0.7917611072278078,4.150919315058809,301.6541582376421,3.0,16
1515.0,2,charge,0.781099226036229,4.166468863779977,302.8459137438846,3.5,16
1515.0,3,charge,0.8321926162258182,4.15585927857126,299.3632728681664,2.0,16
1516.0,1,charge,0.7919568413727565,4.151040101023909,301.6546882362609,3.0,16
1516.0,2,charge,0.781341143953493,4.166621377619676,302.8464428348562,3.5,16
1516.0,3,charge,0.8323373629651137,4.155898154909146,299.36361173562216,2.0,16
1517.0,1,charge,0.7921525755177079,4.151161360718598,301.65521810907325,3.0,16
1517.0,2,charge,0.7815830618707543,4.16677389153532,302.84697189668304,3.5,16
1517.0,3,charge,0.8324821097044071,4.155937164204393,299.36395058671604,2.0,16
1518.0,1,charge,0.7923483096626635,4.151283071727661,301.65574786109175,3.0,16
1518.0,2,charge,0.7818249797880155,4.166926391528416,302.8475009323217,3.5,16
1518.0,3,charge,0.8326268564436979,4.1559762990337665,299.3642894225296,2.0,16
1519.0,1,charge,0.7925440438076121,4.151405212388269,301.65627749714986,3.0,16
1519.0,2,charge,0.7820668977052785,4.167078864578988,302.84802994454316,3.5,16
1519.0,3,charge,0.8327716031829915,4.156015552108592,299.364628244126,2.0,16
1520.0,1,charge,0.7927397779525636,4.151527761909826,301.6568070218784,3.0,16
1520.0,2,charge,0.7823088156225396,4.167231298051606,302.84855893602776,3.5,16
1520.0,3,charge,0.8329163499222862,4.156054915916966,299.3649670525985,2.0,16
1521.0,1,charge,0.7929355120975164,4.151650699816464,301.6573364398158,3.0,16
1521.0,2,charge,0.7825507335398042,4.1673836789327785,302.8490879094873,3.5,16
1521.0,3,charge,0.8330610966615798,4.156094383426179,299.3653058489753,2.0,16
1522.0,1,charge,0.7931312462424678,4.151774006334595,301.6578657553323,3.0,16
1522.0,2,charge,0.7827926514570681,4.167535994904625,302.84961686749676,3.5,16
1522.0,3,charge,0.8332058434008707,4.156133947815225,299.3656446342554,2.0,16
1523.0,1,charge,0.7933269803874164,4.151897662401808,301.6583949726341,3.0,16
1523.0,2,charge,0.7830345693743295,4.16768823397099,302.85014581255444,3.5,16
1523.0,3,charge,0.833350590140164,4.1561736026289555,299.3659834093891,2.0,16
1524.0,1,charge,0.7935227145323686,4.15202164977735,301.65892409574855,3.0,16
1524.0,2,charge,0.7832764872915898,4.167840384789621,302.8506747470034,3.5,16
1524.0,3,charge,0.8334953368794596,4.156213342211321,299.36632217522333,2.0,16
1525.0,1,charge,0.7937184486773214,4.1521459503362195,301.659453128637,3.0,16
1525.0,2,charge,0.7835184052088537,4.167992436094642,302.85120367316756,3.5,16
1525.0,3,charge,0.8336400836187532,4.156253160147318,299.3666609326992,2.0,16
1526.0,1,charge,0.7939141828222727,4.152270546625921,301.6599820751087,3.0,16
1526.0,2,charge,0.7837603231261145,4.168144376839219,302.8517325933191,3.5,16
1526.0,3,charge,0.833784830358044,4.1562930506024065,299.3669996826821,2.0,16
1527.0,1,charge,0.7941099169672213,4.152395421807993,301.66051093883056,3.0,16
1527.0,2,charge,0.7840022410433791,4.168296196344054,302.8522615096422,3.5,16
1527.0,3,charge,0.8339295770973374,4.156333007933187,299.3673384260113,2.0,16
1528.0,1,charge,0.7943056511121727,4.152520559689602,301.66103972332274,3.0,16
1528.0,2,charge,0.7842441589606405,4.168447884202236,302.85279042425583,3.5,16
1528.0,3,charge,0.834074323836633,4.1563730266769765,299.36767716350164,2.0,16
1529.0,1,charge,0.7945013852571258,4.152645944320538,301.6615684320297,3.0,16
1529.0,2,charge,0.7844860768779034,4.168599430332222,302.85331933919696,3.5,16
1529.0,3,charge,0.8342190705759265,4.1564131016874475,299.368015895926,2.0,16
1530.0,1,charge,0.794697119402077,4.15277156031398,301.6620970682665,3.0,16
1530.0,2,charge,0.7847279947951648,4.1687508249278284,302.8538482564345,3.5,16
1530.0,3,charge,0.8343638173152172,4.156453228098423,299.36835462402007,2.0,16
1530.0,1,charge,0.7946971194020769,4.15277156031398,301.6620970682665,3.0,17
1530.0,1,charge,0.794697119402077,4.15277156031398,301.6620970682665,3.0,17
1530.0,2,charge,0.7847279947951648,4.1687508249278284,302.8538482564345,3.0,17
1530.0,2,charge,0.7847279947951648,4.158495736464804,302.8538482564345,3.0,17
1530.0,3,charge,0.8343638173152178,4.156453228098423,299.36835462402007,2.0,17
1530.0,3,charge,0.8343638173152172,4.156453228098423,299.36835462402007,2.0,17
1531.0,1,charge,0.7948928535470257,4.15289740387378,301.66262563364154,3.0,17
1531.0,2,charge,0.7849353530099612,4.1582102004207755,302.8540657037923,3.0,17
1531.0,3,charge,0.8345085640545107,4.156493408081234,299.36869334838985,2.0,17
1532.0,1,charge,0.7950885876919814,4.15302343749447,301.6631541347626,3.0,17
1532.0,2,charge,0.7851427112247577,4.158064640896011,302.85428209666674,3.0,17
1532.0,3,charge,0.8346533107938063,4.156533623235684,299.36903207005105,2.0,17
1533.0,1,charge,0.7952843218369327,4.153149657601748,301.6636825729635,3.0,17
1533.0,2,charge,0.7853500694395541,4.157975689889401,302.85449752926445,3.0,17
1533.0,3,charge,0.8347980575330998,4.156573873671684,299.3693707898143,2.0,17
1534.0,1,charge,0.7954800559818813,4.15327605181885,301.6642109508717,3.0,17
1534.0,2,charge,0.7855574276543503,4.15791791831321,302.854712063826,3.0,17
1534.0,3,charge,0.8349428042723906,4.156614156894174,299.36970950801805,2.0,17
1535.0,1,charge,0.7956757901268325,4.153402606002084,301.6647392715216,3.0,17
1535.0,2,charge,0.785764785869147,4.157880618543356,302.85492575153177,3.0,17
1535.0,3,charge,0.8350875510116841,4.15665446925489,299.37004822525785,2.0,17
1536.0,1,charge,0.7958715242717855,4.153529310003121,301.66526753691375,3.0,17
1536.0,2,charge,0.7859721440839432,4.157858354390386,302.8551386370744,3.0,17
1536.0,3,charge,0.8352322977509798,4.156694805846512,299.3703869423031,2.0,17
1537.0,1,charge,0.796067258416737,4.153656150470816,301.66579574987344,3.0,17
1537.0,2,charge,0.7861795022987397,4.157847821981484,302.85535076075394,3.0,17
1537.0,3,charge,0.8353770444902732,4.156735163554171,299.37072565963143,2.0,17
1538.0,1,charge,0.7962629925616854,4.153783115031477,301.6663239129751,3.0,17
1538.0,2,charge,0.7863868605135361,4.157846883811807,302.8555621594834,3.0,17
1538.0,3,charge,0.8355217912295642,4.1567755390920516,299.3710643777532,2.0,17
1539.0,1,charge,0.7964587267066369,4.153910191667755,301.6668520287097,3.0,17
1539.0,2,charge,0.7865942187283326,4.157854065873337,302.85577286743523,3.0,17
1539.0,3,charge,0.8356665379688575,4.156815928297011,299.37140309732035,2.0,17
1540.0,1,charge,0.7966544608515898,4.154037368536461,301.6673800995221,3.0,17
1540.0,2,charge,0.786801576943129,4.157868266471471,302.85598291652707,3.0,17
1540.0,3,charge,0.8358112847081531,4.156856325703232,299.37174181919687,2.0,17
1541.0,1,charge,0.7968501949965419,4.15416463540174,301.6679081274387,3.0,17
1541.0,2,charge,0.7870089351579255,4.157888627724329,302.8561923367563,3.0,17
1541.0,3,charge,0.8359560314474466,4.156896730093295,299.37208054356876,2.0,17
1542.0,1,charge,0.7970459291414905,4.154291980150379,301.668436114995,3.0,17
1542.0,2,charge,0.7872162933727219,4.1579144816666265,302.8564011563984,3.0,17
1542.0,3,charge,0.8361007781867374,4.156937140389557,299.3724192706012,2.0,17
1543.0,1,charge,0.7972416632864417,4.154419391707664,301.6689640644569,3.0,17
1543.0,2,charge,0.7874236515875184,4.157945281922014,302.8566094022304,3.0,17
1543.0,3,charge,0.8362455249260308,4.156977549863013,299.3727580013715,2.0,17
1544.0,1,charge,0.7974373974313946,4.154546861580915,301.6694919774039,3.0,17
1544.0,2,charge,0.7876310098023148,4.1579805779101875,302.8568170996427,3.0,17
1544.0,3,charge,0.8363902716653264,4.157017957913489,299.3730967359736,2.0,17
1545.0,1,charge,0.7976331315763462,4.1546743777834685,301.670019856361,3.0,17
1545.0,2,charge,0.7878383680171113,4.158019994148184,302.8570242727554,3.0,17
1545.0,3,charge,0.8365350184046172,4.157058361857522,299.3734354748393,2.0,17
1546.0,1,charge,0.7978288657212949,4.15480193046033,301.6705477032878,3.0,17
1546.0,2,charge,0.7880457262319077,4.158063206858227,302.8572309445516,3.0,17
1546.0,3,charge,0.8366797651439105,4.157098757645589,299.37377421862556,2.0,17
1547.0,1,charge,0.7980245998662461,4.154929511769197,301.67107551960805,3.0,17
1547.0,2,charge,0.7882530844467042,4.158109932602883,302.8574371369657,3.0,17
1547.0,3,charge,0.8368245118832014,4.157139142991406,299.37411296770523,2.0,17
1548.0,1,charge,0.798220334011199,4.155057110729279,301.6716033075983,3.0,17
1548.0,2,charge,0.7884604426615006,4.158159919755839,302.8576428709624,3.0,17
1548.0,3,charge,0.8369692586224949,4.157179515170432,299.37445172252626,2.0,17
1549.0,1,charge,0.7984160681561502,4.155184718542143,301.6721310689535,3.0,17
1549.0,2,charge,0.7886678008762972,4.158212941753543,302.8578481666076,3.0,17
1549.0,3,charge,0.8371140053617906,4.157219871773792,299.3747904834902,2.0,17
1550.0,1,charge,0.7986118023011017,4.15531232759141,301.6726588050557,3.0,17
1550.0,2,charge,0.7888751590910936,4.1582688016871785,302.8580530430857,3.0,17
1550.0,3,charge,0.8372587521010839,4.1572602099687455,299.3751292510667,2.0,17
1551.0,1,charge,0.7988075364460546,4.155439927936884,301.6731865179211,3.0,17
1551.0,2,charge,0.7890825173058901,4.158327323730443,302.8582575187649,3.0,17
1551.0,3,charge,0.8374034988403748,4.15730052746788,299.3754680256421,2.0,17
1552.0,1,charge,0.7990032705910058,4.1555675116551285,301.6737142090284,3.0,17
1552.0,2,charge,0.7892898755206865,4.158388346581798,302.85846161125585,3.0,17
1552.0,3,charge,0.8375482455796682,4.157340822435343,299.3758068075335,2.0,17
1553.0,1,charge,0.7991990047359545,4.155695071321487,301.67424187972694,3.0,17
1553.0,2,charge,0.7894972337354826,4.158451727181546,302.8586653374365,3.0,17
1553.0,3,charge,0.8376929923189639,4.157381092193619,299.3761455971939,2.0,17
1554.0,1,charge,0.7993947388809057,4.155822597893156,301.67476953181,3.0,17
1554.0,2,charge,0.7897045919502791,4.15851732906804,302.85886871351846,3.0,17
1554.0,3,charge,0.8378377390582573,4.157421334893548,299.37648439494745,2.0,17
1555.0,1,charge,0.799590473025859,4.155950084208056,301.6752971665697,3.0,17
1555.0,2,charge,0.7899119501650755,4.158585030755109,302.85907175506395,3.0,17
1555.0,3,charge,0.8379824857975481,4.157461548832773,299.3768232010972,2.0,17
1556.0,1,charge,0.7997862071708102,4.156077523062297,301.6758247853154,3.0,17
1556.0,2,charge,0.7901193083798723,4.158654716732244,302.859274477018,3.0,17
1556.0,3,charge,0.8381272325368414,4.157501731694316,299.37716201604593,2.0,17
1557.0,1,charge,0.7999819413157588,4.156204906178777,301.67635238965175,3.0,17
1557.0,2,charge,0.7903266665946688,4.15872628000832,302.859476893764,3.0,17
1557.0,3,charge,0.8382719792761372,4.157541882201835,299.37750084003426,2.0,17
1558.0,1,charge,0.800177675460711,4.156332227084061,301.6768799807045,3.0,17
1558.0,2,charge,0.7905340248094652,4.158799622424187,302.8596790191004,3.0,17
1558.0,3,charge,0.8384167260154306,4.157581998832739,299.37783967334366,2.0,17
1559.0,1,charge,0.8003734096056638,4.156459478803182,301.67740755973944,3.0,17
1559.0,2,charge,0.7907413830242617,4.158874649999104,302.8598808663278,3.0,17
1559.0,3,charge,0.8385614727547214,4.15762207959045,299.37817851633304,2.0,17
1560.0,1,charge,0.800569143750615,4.1565866537351575,301.677935128197,3.0,17
1560.0,2,charge,0.7909487412390579,4.158951277728754,302.86008244820886,3.0,17
1560.0,3,charge,0.8387062194940149,4.157662122715672,299.3785173693257,2.0,17
1561.0,1,charge,0.8007648778955638,4.156713746034331,301.6784626870528,3.0,17
1561.0,2,charge,0.7911560994538543,4.159029424194209,302.8602837770461,3.0,17
1561.0,3,charge,0.8388509662333106,4.157702126449377,299.3788562326473,2.0,17
1562.0,1,charge,0.8009606120405152,4.1568407489452355,301.6789902375314,3.0,17
1562.0,2,charge,0.7913634576686508,4.1591090140672335,302.8604848646619,3.0,17
1562.0,3,charge,0.8389957129726039,4.157742089216731,299.3791951065968,2.0,17
1563.0,1,charge,0.8011563461854682,4.156967655479885,301.67951778092566,3.0,17
1563.0,2,charge,0.7915708158834472,4.159189976119823,302.8606857224475,3.0,17
1563.0,3,charge,0.8391404597118948,4.157782011139426,299.37953399120704,2.0,17
1564.0,1,charge,0.8013520803304194,4.157094460556216,301.68004531802563,3.0,17
1564.0,2,charge,0.7917781740982427,4.159272242967955,302.8608863613548,3.0,17
1564.0,3,charge,0.8392852064511883,4.157821889802299,299.3798728869135,2.0,17
1565.0,1,charge,0.801547814475368,4.157221157706635,301.6805728499959,3.0,17
1565.0,2,charge,0.7919855323130391,4.159355750815335,302.8610867919548,3.0,17
1565.0,3,charge,0.839429953190484,4.157861723806412,299.38021179399345,2.0,17
1566.0,1,charge,0.8017435486203193,4.157347740610078,301.68110037796737,3.0,17
1566.0,2,charge,0.7921928905278356,4.159440439003337,302.8612870244315,3.0,17
1566.0,3,charge,0.8395746999297773,4.157901511784551,299.38055071272123,2.0,17
1567.0,1,charge,0.801939282765275,4.157474203132308,301.6816279030268,3.0,17
1567.0,2,charge,0.792400248742632,4.159526251105952,302.8614870685455,3.0,17
1567.0,3,charge,0.8397194466690675,4.1579412524010575,299.38088964336805,2.0,17
1568.0,1,charge,0.8021350169102237,4.157600539911233,301.68215542606214,3.0,17
1568.0,2,charge,0.7926076069574285,4.159613131417984,302.8616869337812,3.0,17
1568.0,3,charge,0.8398641934083608,4.157980945057744,299.38122858609137,2.0,17
1569.0,1,charge,0.8023307510551749,4.157726746010507,301.6826829478535,3.0,17
1569.0,2,charge,0.7928149651722249,4.1597010271558155,302.8618866292668,3.0,17
1569.0,3,charge,0.8400089401476565,4.158020588977942,299.38156754107865,2.0,17
1570.0,1,charge,0.8025264852001278,4.1578528153345164,301.6832104694928,3.0,17
1570.0,2,charge,0.7930223233870212,4.159789891126042,302.86208616371175,3.0,17
1570.0,3,charge,0.84015368688695,4.158060182755264,299.381906508618,2.0,17
1571.0,1,charge,0.8027222193450791,4.157978742433734,301.6837379919066,3.0,17
1571.0,2,charge,0.7932296816018176,4.159879674382896,302.86228554562797,3.0,17
1571.0,3,charge,0.8402984336262409,4.15809972543117,299.38224548892913,2.0,17
1572.0,1,charge,0.8029179534900278,4.1581045219892125,301.6842655159919,3.0,17
1572.0,2,charge,0.7934370398166141,4.159970331191431,302.86248478319493,3.0,17
1572.0,3,charge,0.8404431803655342,4.158139216101978,299.3825844822251,2.0,17
1573.0,1,charge,0.8031136876349791,4.158230149566428,301.6847930424221,3.0,17
1573.0,2,charge,0.7936443980314077,4.1600618206669395,302.86268388421877,3.0,17
1573.0,3,charge,0.8405879271048299,4.158178653920283,299.38292348871187,2.0,17
1574.0,1,charge,0.8033094217799323,4.15835561984362,301.6853205721035,3.0,17
1574.0,2,charge,0.7938517562462042,4.160154100699311,302.862882856321,3.0,17
1574.0,3,charge,0.8407326738441234,4.158218038234946,299.3832625085689,2.0,17
1575.0,1,charge,0.8035051559248843,4.1584809279809125,301.6858481058223,3.0,17
1575.0,2,charge,0.7940591144610006,4.160247131935829,302.86308170682696,3.0,17
1575.0,3,charge,0.8408774205834143,4.158257368253846,299.38360154199614,2.0,17
1576.0,1,charge,0.8037008900698328,4.158606069262067,301.6863756443372,3.0,17
1576.0,2,charge,0.7942664726757971,4.16034087764875,302.86328044275956,3.0,17
1576.0,3,charge,0.8410221673227076,4.158296643315608,299.383940589176,2.0,17
1577.0,1,charge,0.803896624214784,4.1587310389863426,301.68690318841345,3.0,17
1577.0,2,charge,0.7944738308905935,4.160435301762586,302.8634790709414,3.0,17
1577.0,3,charge,0.8411669140620033,4.158335862815381,299.38427965028404,2.0,17
1578.0,1,charge,0.8040923583597371,4.158855832617231,301.68743073877533,3.0,17
1578.0,2,charge,0.79468118910539,4.160530369982904,302.86367759794257,3.0,17
1578.0,3,charge,0.8413116608012968,4.1583750262046895,299.38461872548834,2.0,17
1579.0,1,charge,0.8042880925046886,4.158980445800889,301.6879582961007,3.0,17
1579.0,2,charge,0.7948885473201865,4.160626049333768,302.86387603008154,3.0,17
1579.0,3,charge,0.8414564075405877,4.158414132778681,299.3849578149851,2.0,17
1580.0,1,charge,0.804483826649637,4.159104874260667,301.68848586105406,3.0,17
1580.0,2,charge,0.795095905534983,4.160722308133074,302.86407437348214,3.0,17
1580.0,3,charge,0.841601154279881,4.15845318183753,299.38529691897185,2.0,17
1581.0,1,charge,0.8046795607945884,4.159229113737819,301.6890134343021,3.0,17
1581.0,2,charge,0.7953032637497794,4.1608191158531564,302.86427263405034,3.0,17
1581.0,3,charge,0.8417459010191767,4.158492173092649,299.38563603758035,2.0,17
1582.0,1,charge,0.8048752949395415,4.159353159732529,301.68954101658744,3.0,17
1582.0,2,charge,0.7955106219645756,4.160916443443247,302.86447081746286,3.0,17
1582.0,3,charge,0.8418906477584702,4.158531106124671,299.3859751709662,2.0,17
1583.0,1,charge,0.8050710290844926,4.159477008395243,301.6900686084752,3.0,17
1583.0,2,charge,0.795717980179372,4.161014262459771,302.86466892923,3.0,17
1583.0,3,charge,0.8420353944977611,4.158569980560734,299.3863143192793,2.0,17
1584.0,1,charge,0.8052667632294412,4.159600655766802,301.690596210569,3.0,17
1584.0,2,charge,0.7959253383941685,4.1611125455544915,302.8648669746667,3.0,17
1584.0,3,charge,0.8421801412370544,4.158608796074351,299.386653482664,2.0,17
1585.0,1,charge,0.8054624973743923,4.159724097986333,301.6911238234516,3.0,17
1585.0,2,charge,0.7961326966089649,4.161211267155487,302.8650649588737,3.0,17
1585.0,3,charge,0.8423248879763501,4.158647551908372,299.386992661337,2.0,17
1586.0,1,charge,0.8056582315193482,4.159847330940266,301.69165144778447,3.0,17
1586.0,2,charge,0.7963400548237615,4.161310401787315,302.8652628868112,3.0,17
1586.0,3,charge,0.8424696347156443,4.1586862479376006,299.38733185541366,2.0,17
1587.0,1,charge,0.8058539656642969,4.159970350924045,301.6921790841204,3.0,17
1587.0,2,charge,0.7965474130385579,4.161409925118464,302.86546076326175,3.0,17
1587.0,3,charge,0.8426143814549352,4.158724883918572,299.3876710650308,2.0,17
1588.0,1,charge,0.806049699809248,4.160093154307891,301.6927067329981,3.0,17
1588.0,2,charge,0.7967547712533544,4.161509814204514,302.86565859281677,3.0,17
1588.0,3,charge,0.8427591281942286,4.158763459610694,299.3880102903265,2.0,17
1589.0,1,charge,0.8062454339542011,4.160215737495262,301.6932343949537,3.0,17
1589.0,2,charge,0.7969621294681508,4.161610046459153,302.86585637993915,3.0,17
1589.0,3,charge,0.8429038749335236,4.1588019748100855,299.3883495314348,2.0,17
1590.0,1,charge,0.8064411680991525,4.1603380968840185,301.69376207053244,3.0,17
1590.0,2,charge,0.7971694876829473,4.161710600266428,302.86605412893243,3.0,17
1590.0,3,charge,0.843048621672817,4.158840429259215,299.38868878850053,2.0,17
1591.0,1,charge,0.8066369022441009,4.160460228875186,301.69428976028587,3.0,17
1591.0,2,charge,0.7973768458977437,4.161811454804269,302.8662518439359,3.0,17
1591.0,3,charge,0.8431933684121079,4.158878822639861,299.3890280616804,2.0,17
1592.0,1,charge,0.8068326363890522,4.160582130141709,301.69481746469495,3.0,17
1592.0,2,charge,0.7975842041125402,4.16191258997681,302.8664495289663,3.0,17
1592.0,3,charge,0.8433381151514012,4.158917154924153,299.3893673510854,2.0,17
1593.0,1,charge,0.8070283705340053,4.160703797348784,301.69534518424996,3.0,17
1593.0,2,charge,0.7977915623273366,4.162013986393131,302.86664718789945,3.0,17
1593.0,3,charge,0.843482861890697,4.158955426001065,299.3897066568419,2.0,17
1594.0,1,charge,0.8072241046789566,4.1608252272358754,301.69587291942713,3.0,17
1594.0,2,charge,0.7979989205421331,4.16211562531012,302.86684482444997,3.0,17
1594.0,3,charge,0.8436276086299904,4.158993635790602,299.3900459790731,2.0,17
1595.0,1,charge,0.8074198388239052,4.1609464164350065,301.6964006707413,3.0,17
1595.0,2,charge,0.7982062787569295,4.162217488624012,302.8670424422428,3.0,17
1595.0,3,charge,0.8437723553692813,4.1590317842437,299.3903853178992,2.0,17
1596.0,1,charge,0.8076155729688564,4.161067361873382,301.69692843862924,3.0,17
1596.0,2,charge,0.798413636971726,4.162319558812195,302.8672400447755,3.0,17
1596.0,3,charge,0.8439171021085746,4.15906987122117,299.3907246734569,2.0,17
1597.0,1,charge,0.8078113071138094,4.161188060468071,301.69745622353804,3.0,17
1597.0,2,charge,0.7986209951865224,4.162421818900626,302.86743763543524,3.0,17
1597.0,3,charge,0.8440618488478703,4.159107896739868,299.391064045859,2.0,17
1598.0,1,charge,0.8080070412587615,4.161308509204922,301.6979840259023,3.0,17
1598.0,2,charge,0.7988283534013181,4.162524252495853,302.8676352174918,3.0,17
1598.0,3,charge,0.8442065955871638,4.159145860837724,299.391403435217,2.0,17
1599.0,1,charge,0.80820277540371,4.161428705048607,301.69851184616977,3.0,17
1599.0,2,charge,0.7990357116161153,4.162626844284038,302.8678327939997,3.0,17
1599.0,3,charge,0.8443513423264546,4.159183763559725,299.3917428416426,2.0,17
1600.0,1,charge,0.8083985095486614,4.161548645048814,301.69903968477115,3.0,17
1600.0,2,charge,0.7992430698309118,4.162729578644443,302.86803036806765,3.0,17
1600.0,3,charge,0.844496089065748,4.159221604978657,299.3920822652449,2.0,17
1601.0,1,charge,0.8085942436936145,4.161668326395462,301.69956754210403,3.0,17
1601.0,2,charge,0.7994504280457082,4.162832440684392,302.86822794265623,3.0,17
1601.0,3,charge,0.8446408358050439,4.15925938516769,299.39242170613494,2.0,17
1602.0,1,charge,0.8087899778385658,4.161787746300675,301.7000954185667,3.0,17
1602.0,2,charge,0.7996577862605047,4.162935415922371,302.8684255206397,3.0,17
1602.0,3,charge,0.8447855825443372,4.159297104157229,299.39276116443244,2.0,17
1603.0,1,charge,0.8089857119835144,4.161906901991156,301.7006233145602,3.0,17
1603.0,2,charge,0.7998651444753011,4.163038490468239,302.86862310477585,3.0,17
1603.0,3,charge,0.8449303292836281,4.159334762138036,299.39310064023226,2.0,17
1604.0,1,charge,0.8091814461284655,4.162025790508807,301.70115123054535,3.0,17
1604.0,2,charge,0.8000725026900976,4.163141651793996,302.8688206975787,3.0,17
1604.0,3,charge,0.8450750760229214,4.159372359270414,299.3934401336365,2.0,17
1605.0,1,charge,0.8093771802734188,4.162144409336419,301.7016791668645,3.0,17
1605.0,2,charge,0.800279860904894,4.163244886317763,302.86901830172013,3.0,17
1605.0,3,charge,0.8452198227622173,4.159409895739698,299.39377964474437,2.0,17
1606.0,1,charge,0.8095729144183701,4.16226275587573,301.70220712389005,3.0,17
1606.0,2,charge,0.8004872191196907,4.163348181368503,302.86921591970423,3.0,17
1606.0,3,charge,0.8453645695015106,4.159447371756284,299.39411917365294,2.0,17
1607.0,1,charge,0.8097686485633213,4.162380827591434,301.7027351019834,3.0,17
1607.0,2,charge,0.8006945773344871,4.163451524618438,302.8694135539624,3.0,17
1607.0,3,charge,0.8455093162408015,4.159484787419033,299.39445872047946,2.0,17
1608.0,1,charge,0.8099643827082743,4.162498622012581,301.70326310149477,3.0,17
1608.0,2,charge,0.8009019355492836,4.163554904320456,302.86961120681394,3.0,17
1608.0,3,charge,0.8456540629800948,4.159522142965966,299.3947982853198,2.0,17
1609.0,1,charge,0.8101601168532258,4.162616136734053,301.70379112276214,3.0,17
1609.0,2,charge,0.80110929376408,4.1636583097753395,302.8698088803895,3.0,17
1609.0,3,charge,0.8457988097193907,4.159559438695785,299.3951378682615,2.0,17
1610.0,1,charge,0.8103558509981744,4.16273336941801,301.7043191661117,3.0,17
1610.0,2,charge,0.8013166519788766,4.163761729446314,302.870006576944,3.0,17
1610.0,3,charge,0.845943556458684,4.159596674889073,299.39547746939695,2.0,17
1611.0,1,charge,0.8105515851431256,4.16285031779524,301.70484723185666,3.0,17
1611.0,2,charge,0.801524010193673,4.1638651525783565,302.87020429858916,3.0,17
1611.0,3,charge,0.8460883031979749,4.159633851849824,299.39581708881616,2.0,17
1612.0,1,charge,0.8107473192880786,4.162966979666685,301.70537532029715,3.0,17
1612.0,2,charge,0.8017313684084695,4.163968568724075,302.87040204737264,3.0,17
1612.0,3,charge,0.8462330499372682,4.159670969905803,299.3961567266071,2.0,17
1613.0,1,charge,0.8109430534330306,4.163083352366691,301.70590343187325,3.0,17
1613.0,2,charge,0.8019387266232659,4.164071967892948,302.87059982525057,3.0,17
1613.0,3,charge,0.8463777966765641,4.159708029408583,299.3964963828551,2.0,17
1614.0,1,charge,0.8111387875779792,4.16319943339853,301.7064315669843,3.0,17
1614.0,2,charge,0.8021460848380624,4.164175340660979,302.87079763406774,3.0,17
1614.0,3,charge,0.8465225434158574,4.159745030733826,299.39683605764367,2.0,17
1615.0,1,charge,0.8113345217229307,4.163315221030054,301.70695972581836,3.0,17
1615.0,2,charge,0.8023534430528585,4.164278677374032,302.87099547570494,3.0,17
1615.0,3,charge,0.8466672901551483,4.159781974281461,299.3971757510534,2.0,17
1616.0,1,charge,0.8115302558678837,4.163430713170275,301.7074879086726,3.0,17
1616.0,2,charge,0.8025608012676549,4.164381968867474,302.8711933519467,3.0,17
1616.0,3,charge,0.8468120368944416,4.159818860414119,299.3975154631728,2.0,17
1617.0,1,charge,0.811725990012835,4.16354590777965,301.70801611583624,3.0,17
1617.0,2,charge,0.8027681594824515,4.164485206242674,302.8713912645225,3.0,17
1617.0,3,charge,0.8469567836337375,4.159855689453937,299.39785519409907,2.0,17
1618.0,1,charge,0.8119217241577863,4.1636608028699165,301.70854434759104,3.0,17
1618.0,2,charge,0.802975517697248,4.164588380880204,302.87158921510405,3.0,17
1618.0,3,charge,0.8471015303730308,4.1598924618562725,299.39819494390855,2.0,17
1619.0,1,charge,0.8121174583027395,4.163775396503983,301.7090726042109,3.0,17
1619.0,2,charge,0.8031828759120436,4.164691484487538,302.8717872052926,3.0,17
1619.0,3,charge,0.8472462771123216,4.159929178038611,299.39853471268555,2.0,17
1620.0,1,charge,0.8123131924476906,4.163889686795837,301.709600885962,3.0,17
1620.0,2,charge,0.8033902341268409,4.164794508979114,302.87198523664813,3.0,17
1620.0,3,charge,0.847391023851615,4.15996583842737,299.3988745005146,2.0,17
1620.0,1,charge,0.8123131924476884,4.163889686795837,301.709600885962,2.5,18
1620.0,1,charge,0.8123131924476906,4.152919691121925,301.709600885962,2.5,18
1620.0,2,charge,0.8033902341268395,4.164794508979114,302.87198523664813,2.5,18
1620.0,2,charge,0.8033902341268409,4.1538270067816665,302.87198523664813,2.5,18
1620.0,3,charge,0.847391023851616,4.15996583842737,299.3988745005146,2.0,18
1620.0,3,charge,0.847391023851615,4.15996583842737,299.3988745005146,2.0,18
1621.0,1,charge,0.8124763042351472,4.152659751230649,301.7098083459107,2.5,18
1621.0,2,charge,0.8035630326391682,4.153566540274861,302.87190824326893,2.5,18
1621.0,3,charge,0.8475357705909108,4.160002449932977,299.3992143139128,2.0,18
1622.0,1,charge,0.8126394160226088,4.15251631693828,301.7100148894285,2.5,18
1622.0,2,charge,0.8037358311514997,4.153420436662161,302.8718304826498,2.5,18
1622.0,3,charge,0.8476805173302042,4.160039003958041,299.39955414414607,2.0,18
1623.0,1,charge,0.8128025278100651,4.152420898927515,301.710220601042,2.5,18
1623.0,2,charge,0.8039086296638289,4.1533206314306295,302.87175202878535,2.5,18
1623.0,3,charge,0.847825264069495,4.160075501432059,299.3998939916875,2.0,18
1624.0,1,charge,0.812965639597526,4.152352104263146,301.71042553488496,2.5,18
1624.0,2,charge,0.8040814281761615,4.153246481466441,302.871672929364,2.5,18
1624.0,3,charge,0.8479700108087884,4.160111943780662,299.4002338573415,2.0,18
1625.0,1,charge,0.8131287513849871,4.1523008103761825,301.71062973485635,2.5,18
1625.0,2,charge,0.804254226688493,4.153189276431663,302.87159322320457,2.5,18
1625.0,3,charge,0.848114757548084,4.16014833243553,299.4005737421137,2.0,18
1626.0,1,charge,0.8132918631724434,4.15226236570118,301.7108332389697,2.5,18
1626.0,2,charge,0.8044270252008223,4.153144586486658,302.8715129440097,2.5,18
1626.0,3,charge,0.8482595042873774,4.160184667882179,299.4009136466521,2.0,18
1627.0,1,charge,0.8134549749599052,4.152233944023058,301.71103608133035,2.5,18
1627.0,2,charge,0.8045998237131504,4.153109716077537,302.87143212207263,2.5,18
1627.0,3,charge,0.8484042510266683,4.160220950943154,299.40125357060543,2.0,18
1628.0,1,charge,0.8136180867473616,4.152213711628326,301.7112382930821,2.5,18
1628.0,2,charge,0.804772622225482,4.153082913729273,302.8713507850941,2.5,18
1628.0,3,charge,0.8485489977659616,4.1602571824397945,299.40159351388564,2.0,18
1629.0,1,charge,0.8137811985348224,4.1522004063233435,301.7114399030013,2.5,18
1629.0,2,charge,0.8049454207378113,4.153062970563338,302.8712689586965,2.5,18
1629.0,3,charge,0.8486937445052576,4.1602933616390265,299.40193347750176,2.0,18
1630.0,1,charge,0.8139443103222814,4.152193090396727,301.71164093793453,2.5,18
1630.0,2,charge,0.8051182192501435,4.153048985704684,302.87118666680357,2.5,18
1630.0,3,charge,0.848838491244551,4.1603294903276735,299.4022734608378,2.0,18
1631.0,1,charge,0.8141074221097423,4.152191031628824,301.71184142311165,2.5,18
1631.0,2,charge,0.8052910177624752,4.153040254072678,302.8711039319116,2.5,18
1631.0,3,charge,0.8489832379838418,4.160365569363153,299.4026134638822,2.0,18
1632.0,1,charge,0.8142705338971995,4.152193659328992,301.71204138232434,2.5,18
1632.0,2,charge,0.8054638162748046,4.153036224575191,302.87102077524446,2.5,18
1632.0,3,charge,0.8491279847231352,4.160401599591061,299.40295348663466,2.0,18
1633.0,1,charge,0.8144336456846605,4.152200510423599,301.7122408381078,2.5,18
1633.0,2,charge,0.8056366147871324,4.1530364485279225,302.87093721691326,2.5,18
1633.0,3,charge,0.849272731462431,4.160437580591571,299.40329352959645,2.0,18
1634.0,1,charge,0.8145967574721169,4.152211201654158,301.7124398118558,2.5,18
1634.0,2,charge,0.8058094132994614,4.153040553572831,302.8708532760158,2.5,18
1634.0,3,charge,0.8494174782017244,4.160473512992014,299.40363359286073,2.0,18
1635.0,1,charge,0.8147598692595779,4.15222541310173,301.71263832391685,2.5,18
1635.0,2,charge,0.8059822118117935,4.153048227976386,302.8707689707208,2.5,18
1635.0,3,charge,0.8495622249410152,4.160509398324976,299.4039736761656,2.0,18
1636.0,1,charge,0.8149229810470389,4.152242870812318,301.71283639369506,2.5,18
1636.0,2,charge,0.8061550103241257,4.153059203940565,302.8706843183576,2.5,18
1636.0,3,charge,0.8497069716803084,4.160545237464014,299.404313779511,2.0,18
1637.0,1,charge,0.8150860928344952,4.152263336739731,301.71303403972524,2.5,18
1637.0,2,charge,0.8063278088364576,4.153073248034049,302.87059933548124,2.5,18
1637.0,3,charge,0.8498517184196043,4.16058103084171,299.4046539030563,2.0,18
1638.0,1,charge,0.8152492046219568,4.152286597531512,301.71323127975285,2.5,18
1638.0,2,charge,0.8065006073487868,4.153090150705216,302.870514037943,2.5,18
1638.0,3,charge,0.8499964651588978,4.16061677771138,299.4049940473845,2.0,18
1639.0,1,charge,0.8154123164094134,4.152312461892892,301.7134281307821,2.5,18
1639.0,2,charge,0.8066734058611147,4.153109723590363,302.870428440933,2.5,18
1639.0,3,charge,0.8501412118981885,4.1606524801851466,299.40533421206254,2.0,18
1640.0,1,charge,0.8155754281968769,4.152340762748006,301.7136246090918,2.5,18
1640.0,2,charge,0.8068462043734465,4.1531318016913,302.87034255899414,2.5,18
1640.0,3,charge,0.850285958637482,4.160688139164333,299.40567439709054,2.0,18
1641.0,1,charge,0.8157385399843333,4.152371350917685,301.7138207302875,2.5,18
1641.0,2,charge,0.8070190028857758,4.153156237285966,302.8702564060688,2.5,18
1641.0,3,charge,0.8504307053767777,4.160723755556401,299.4060146024685,2.0,18
1642.0,1,charge,0.815901651771795,4.152404090577951,301.71401650934456,2.5,18
1642.0,2,charge,0.8071918013981081,4.153182895457645,302.87016999553714,2.5,18
1642.0,3,charge,0.8505754521160712,4.160759328200839,299.40635482895635,2.0,18
1643.0,1,charge,0.8160647635592512,4.152438860203288,301.7142119606334,2.5,18
1643.0,2,charge,0.8073645999104399,4.153211655310093,302.87008334023847,2.5,18
1643.0,3,charge,0.850720198855362,4.160794858708003,299.40669507630366,2.0,18
1644.0,1,charge,0.8162278753467123,4.152475545458493,301.7144070979666,2.5,18
1644.0,2,charge,0.8075373984227692,4.1532424027110455,302.8699964525147,2.5,18
1644.0,3,charge,0.8508649455946554,4.160830348243874,299.40703534442406,2.0,18
1645.0,1,charge,0.8163909871341685,4.152514042834971,301.7146019346199,2.5,18
1645.0,2,charge,0.8077101969350972,4.15327503431322,302.8699093442273,2.5,18
1645.0,3,charge,0.8510096923339513,4.160865797674431,299.4073756333433,2.0,18
1646.0,1,charge,0.8165540989216294,4.152554255467738,301.7147964833531,2.5,18
1646.0,2,charge,0.8078829954474287,4.153309453049362,302.8698220267771,2.5,18
1646.0,3,charge,0.8511544390732446,4.160901207871907,299.407715943087,2.0,18
1647.0,1,charge,0.8167172107090905,4.15259609265348,301.71499075645335,2.5,18
1647.0,2,charge,0.808055793959758,4.153345567987428,302.86973451114284,2.5,18
1647.0,3,charge,0.8512991858125355,4.160936579714862,299.40805627368115,2.0,18
1648.0,1,charge,0.8168803224965475,4.152639471125797,301.71518476572703,2.5,18
1648.0,2,charge,0.8082285924720906,4.153383295483595,302.8696468078726,2.5,18
1648.0,3,charge,0.8514439325518288,4.160971914088069,299.40839662515117,2.0,18
1649.0,1,charge,0.8170434342840084,4.152684311836493,301.71537852255017,2.5,18
1649.0,2,charge,0.8084013909844221,4.153422555923383,302.8695589271312,2.5,18
1649.0,3,charge,0.8515886792911247,4.1610072118826045,299.4087369975229,2.0,18
1650.0,1,charge,0.8172065460714649,4.152730542058848,301.71557203786125,2.5,18
1650.0,2,charge,0.8085741894967514,4.153463276052223,302.8694708786908,2.5,18
1650.0,3,charge,0.851733426030418,4.161042473320127,299.40907739110787,2.0,18
1651.0,1,charge,0.8173696578589286,4.152778093369227,301.7157653221969,2.5,18
1651.0,2,charge,0.8087469880090794,4.153505386681475,302.8693826719659,2.5,18
1651.0,3,charge,0.8518781727697089,4.161077698690914,299.40941780619266,2.0,18
1652.0,1,charge,0.8175327696463857,4.152826901604227,301.7159583857001,2.5,18
1652.0,2,charge,0.8089197865214083,4.153548822930038,302.86929431601794,2.5,18
1652.0,3,charge,0.8520229195090022,4.161112889592646,299.4097582425132,2.0,18
1653.0,1,charge,0.8176958814338466,4.1528769065717945,301.7161512381417,2.5,18
1653.0,2,charge,0.8090925850337403,4.153593523772683,302.86920581957673,2.5,18
1653.0,3,charge,0.8521676662482981,4.161148046881881,299.41009870012135,2.0,18
1654.0,1,charge,0.8178589932213031,4.152928051258952,301.71634388892693,2.5,18
1654.0,2,charge,0.8092653835460726,4.153639431346404,302.86911719104404,2.5,18
1654.0,3,charge,0.8523124129875914,4.161183171421551,299.41043917906893,2.0,18
1655.0,1,charge,0.818022105008764,4.15298028169604,301.7165363471249,2.5,18
1655.0,2,charge,0.8094381820584043,4.153686490807518,302.8690284385226,2.5,18
1655.0,3,charge,0.8524571597268823,4.161218264080964,299.4107796794078,2.0,18
1656.0,1,charge,0.8181852167962251,4.153033546499389,301.7167286214885,2.5,18
1656.0,2,charge,0.8096109805707337,4.153734649870545,302.8689395698319,2.5,18
1656.0,3,charge,0.8526019064661756,4.161253325735737,299.4111202011899,2.0,18
1657.0,1,charge,0.8183483285836821,4.153087797538619,301.716920720426,2.5,18
1657.0,2,charge,0.8097837790830614,4.153783859538189,302.8688505924809,2.5,18
1657.0,3,charge,0.8527466532054715,4.161288357267797,299.4114607444668,2.0,18
1658.0,1,charge,0.8185114403711432,4.153142988733228,301.717112652052,2.5,18
1658.0,2,charge,0.8099565775953905,4.153834072718773,302.86876151372127,2.5,18
1658.0,3,charge,0.8528913999447648,4.1613233595604795,299.4118013092948,2.0,18
1659.0,1,charge,0.8186745521586022,4.153199075043824,301.7173044242303,2.5,18
1659.0,2,charge,0.8101293761077223,4.153885243492871,302.86867234057695,2.5,18
1659.0,3,charge,0.8530361466840556,4.161358333208007,299.4121418959885,2.0,18
1660.0,1,charge,0.8188376639460634,4.153256014837094,301.7174960445047,2.5,18
1660.0,2,charge,0.8103021746200548,4.153937329450754,302.868583079782,2.5,18
1660.0,3,charge,0.853180893423349,4.161393279313456,299.4124825044236,2.0,18
1661.0,1,charge,0.8190007757335204,4.153313769396236,301.7176875201223,2.5,18
1661.0,2,charge,0.8104749731323839,4.153990290711034,302.8684937378149,2.5,18
1661.0,3,charge,0.8533256401626448,4.161428198773084,299.41282313466155,2.0,18
1662.0,1,charge,0.8191638875209813,4.153372299104857,301.7178788581492,2.5,18
1662.0,2,charge,0.8106477716447157,4.154044086838445,302.8684043209854,2.5,18
1662.0,3,charge,0.853470386901938,4.161463092489434,299.41316378676385,2.0,18
1663.0,1,charge,0.8193269993084423,4.153431567396675,301.7180700653657,2.5,18
1663.0,2,charge,0.8108205701570437,4.154098680503262,302.86831483534525,2.5,18
1663.0,3,charge,0.8536151336412289,4.161497961371085,299.41350446079207,2.0,18
1664.0,1,charge,0.8194901110958989,4.153491541222623,301.71826114825825,2.5,18
1664.0,2,charge,0.8109933686693728,4.154154037527141,302.868225286692,2.5,18
1664.0,3,charge,0.8537598803805222,4.161532806332807,299.4138451568075,2.0,18
1665.0,1,charge,0.8196532228833605,4.153552186428817,301.7184521131618,2.5,18
1665.0,2,charge,0.8111661671817045,4.154210122934787,302.8681356806818,2.5,18
1665.0,3,charge,0.8539046271198182,4.161567628295377,299.4141858748718,2.0,18
1666.0,1,charge,0.8198163346708169,4.153613471215099,301.7186429661634,2.5,18
1666.0,2,charge,0.8113389656940371,4.154266904082652,302.8680460227485,2.5,18
1666.0,3,charge,0.8540493738591114,4.16160242818563,299.41452661504627,2.0,18
1667.0,1,charge,0.8199794464582806,4.153675366028228,301.7188337130964,2.5,18
1667.0,2,charge,0.8115117642063662,4.1543243504577685,302.86795631810327,2.5,18
1667.0,3,charge,0.8541941205984023,4.161637207167826,299.4148673774001,2.0,18
1668.0,1,charge,0.8201425582457368,4.153737841651923,301.7190243596356,2.5,18
1668.0,2,charge,0.8116845627186979,4.154382431986329,302.8678665718132,2.5,18
1668.0,3,charge,0.8543388673376956,4.161671966205983,299.4152081619953,2.0,18
1669.0,1,charge,0.820305670033198,4.15380087038494,301.7192149112461,2.5,18
1669.0,2,charge,0.811857361231026,4.1544411200919065,302.8677767887569,2.5,18
1669.0,3,charge,0.8544836140769916,4.161706706133393,299.4155489688899,2.0,18
1670.0,1,charge,0.820468781820655,4.153864425589838,301.71940537317903,2.5,18
1670.0,2,charge,0.812030159743355,4.154500387285081,302.86768697362413,2.5,18
1670.0,3,charge,0.8546283608162848,4.161741427914972,299.4158897981458,2.0,18
1671.0,1,charge,0.820631893608116,4.153928481696569,301.7195957505294,2.5,18
1671.0,2,charge,0.8122029582556868,4.1545602071450976,302.86759713096376,2.5,18
1671.0,3,charge,0.8547731075555757,4.161776132521435,299.4162306498251,2.0,18
1672.0,1,charge,0.8207950053955769,4.153993014049691,301.71978604821174,2.5,18
1672.0,2,charge,0.8123757567680187,4.154620554182333,302.86750726516385,2.5,18
1672.0,3,charge,0.854917854294869,4.1618108209292055,299.4165715239895,2.0,18
1673.0,1,charge,0.8209581171830332,4.1540579991870725,301.7199762709498,2.5,18
1673.0,2,charge,0.8125485552803484,4.154681404157584,302.8674173804389,2.5,18
1673.0,3,charge,0.8550626010341649,4.161845494120532,299.41691242070107,2.0,18
1674.0,1,charge,0.8211212289704942,4.154123414243781,301.7201664233236,2.5,18
1674.0,2,charge,0.8127213537926802,4.154742733352466,302.867327480881,2.5,18
1674.0,3,charge,0.8552073477734582,4.161880153083204,299.41725334002183,2.0,18
1675.0,1,charge,0.8212843407579513,4.154189237114222,301.7203565097586,2.5,18
1675.0,2,charge,0.8128941523050073,4.154804518893151,302.86723757044,2.5,18
1675.0,3,charge,0.8553520945127491,4.161914798902731,299.41759428200385,2.0,18
1676.0,1,charge,0.8214474525454124,4.154255446986065,301.7205465345079,2.5,18
1676.0,2,charge,0.813066950817337,4.154866739283294,302.8671476529088,2.5,18
1676.0,3,charge,0.8554968412520397,4.16194943296813,299.4179352466681,2.0,18
1677.0,1,charge,0.8216105643328687,4.154322023658219,301.7207365016856,2.5,18
1677.0,2,charge,0.8132397493296688,4.154929373457156,302.86705773196377,2.5,18
1677.0,3,charge,0.855641587991333,4.161984055987128,299.4182762341076,2.0,18
1678.0,1,charge,0.8217736761203323,4.154388947406375,301.72092641527735,2.5,18
1678.0,2,charge,0.8134125478420007,4.154992400990322,302.86696781116115,2.5,18
1678.0,3,charge,0.855786334730629,4.162018668988925,299.4186172443825,2.0,18
1679.0,1,charge,0.8219367879077887,4.154456199551147,301.72111627911664,2.5,18
1679.0,2,charge,0.8135853463543304,4.155055802533655,302.8668778939195,2.5,18
1679.0,3,charge,0.8559310814699223,4.1620532730082225,299.4189582775525,2.0,18
1680.0,1,charge,0.8220998996952503,4.154523762218496,301.721306096901,2.5,18
1680.0,2,charge,0.8137581448666578,4.1551195594363595,302.8667879835416,2.5,18
1680.0,3,charge,0.8560758282092131,4.1620878690850995,299.4192993336776,2.0,18
1681.0,1,charge,0.8222630114827068,4.154591617936308,301.7214958722179,2.5,18
1681.0,2,charge,0.8139309433789893,4.1551836535515605,302.8666980832281,2.5,18
1681.0,3,charge,0.8562205749485065,4.162122458265015,299.41964041281767,2.0,18
1682.0,1,charge,0.8224261232701677,4.154659749987228,301.72168560852276,2.5,18
1682.0,2,charge,0.8141037418913193,4.155248067480484,302.86660819606067,2.5,18
1682.0,3,charge,0.8563653216878022,4.1621570415987446,299.41998151503265,2.0,18
1683.0,1,charge,0.8225892350576287,4.15472814227825,301.72187530914454,2.5,18
1683.0,2,charge,0.8142765404036512,4.155312784458149,302.8665183250114,2.5,18
1683.0,3,charge,0.8565100684270956,4.162191620142345,299.4203226403825,2.0,18
1684.0,1,charge,0.8227523468450851,4.154796779287121,301.72206497731304,2.5,18
1684.0,2,charge,0.8144493389159829,4.155377788302971,302.8664284729616,2.5,18
1684.0,3,charge,0.8566548151663865,4.162226195293576,299.42066378889086,2.0,18
1685.0,1,charge,0.8229154586325467,4.15486564604374,301.72225461614005,2.5,18
1685.0,2,charge,0.8146221374283127,4.155443063397085,302.86633864268487,2.5,18
1685.0,3,charge,0.8567995619056797,4.162260768006981,299.42100496062983,2.0,18
1686.0,1,charge,0.8230785704200031,4.154934728075652,301.7224442286109,2.5,18
1686.0,2,charge,0.81479493594064,4.155508594646044,302.8662488368475,2.5,18
1686.0,3,charge,0.8569443086449757,4.162295339291581,299.4213461556659,2.0,18
1687.0,1,charge,0.823241682207464,4.155004011438416,301.72263381764157,2.5,18
1687.0,2,charge,0.8149677344529715,4.155574367480385,302.86615905805024,2.5,18
1687.0,3,charge,0.8570890553842689,4.162329910239938,299.42168737405734,2.0,18
1688.0,1,charge,0.8234047939949231,4.15507348264129,301.7228233860444,2.5,18
1688.0,2,charge,0.8151405329653009,4.155640367800002,302.8660693088023,2.5,18
1688.0,3,charge,0.8572338021235596,4.162364481949623,299.4220286158623,2.0,18
1689.0,1,charge,0.823567905782384,4.155143128630124,301.72301293654357,2.5,18
1689.0,2,charge,0.8153133314776334,4.155706581951971,302.8659795915345,2.5,18
1689.0,3,charge,0.857378548862853,4.162399055523284,299.42236988113893,2.0,18
1690.0,1,charge,0.8237310175698402,4.15521293679482,301.72320247177214,2.5,18
1690.0,2,charge,0.8154861299899652,4.155772996809896,302.86588990858166,2.5,18
1690.0,3,charge,0.8575232956021489,4.162433632068517,299.4227111699455,2.0,18
1691.0,1,charge,0.8238941293573019,4.155282895446154,301.7233919941609,2.5,18
1691.0,2,charge,0.8156589285022949,4.155839600038357,302.8658002621297,2.5,18
1691.0,3,charge,0.8576680423414422,4.162468212697848,299.4230524823402,2.0,18
1692.0,1,charge,0.8240572411447583,4.155352992579804,301.7235815062215,2.5,18
1692.0,2,charge,0.815831727014622,4.15590637909502,302.865710654413,2.5,18
1692.0,3,charge,0.857812789080733,4.162502798637692,299.4233938183731,2.0,18
1693.0,1,charge,0.8242203529322192,4.15542321679837,301.72377101033334,2.5,18
1693.0,2,charge,0.8160045255269538,4.155973322030622,302.8656210875544,2.5,18
1693.0,3,charge,0.8579575358200264,4.162537391157874,299.4237351780915,2.0,18
1694.0,1,charge,0.8243834647196803,4.155493557034243,301.72396050880656,2.5,18
1694.0,2,charge,0.8161773240392831,4.156040417235085,302.8655315636149,2.5,18
1694.0,3,charge,0.8581022825593222,4.162571991242908,299.4240765615641,2.0,18
1695.0,1,charge,0.8245465765071365,4.1555640025241445,301.72415000388645,2.5,18
1695.0,2,charge,0.8163501225516157,4.156107653493056,302.86544208458463,2.5,18
1695.0,3,charge,0.8582470292986156,4.162606600036313,299.4244179688484,2.0,18
1696.0,1,charge,0.8247096882945976,4.15563454391053,301.7243394975502,2.5,18
1696.0,2,charge,0.8165229210639474,4.156175020975471,302.86535265222096,2.5,18
1696.0,3,charge,0.8583917760379065,4.162641218686314,299.4247594000015,2.0,18
1697.0,1,charge,0.8248728000820544,4.1557051709017525,301.72452899193877,2.5,18
1697.0,2,charge,0.8166957195762772,4.156242508727811,302.8652632684585,2.5,18
1697.0,3,charge,0.858536522777199,4.162675848345806,299.4251008550809,2.0,18
1698.0,1,charge,0.8250359118695156,4.155775873800854,301.7247184890755,2.5,18
1698.0,2,charge,0.8168685180886045,4.1563101066300145,302.8651739350895,2.5,18
1698.0,3,charge,0.8586812695164949,4.162710490172344,299.4254423341439,2.0,18
1699.0,1,charge,0.8251990236569717,4.1558466432591015,301.72490799091133,2.5,18
1699.0,2,charge,0.817041316600936,4.156377804846835,302.8650846538539,2.5,18
1699.0,3,charge,0.8588260162557882,4.162745145328039,299.4257838372478,2.0,18
1700.0,1,charge,0.8253621354444355,4.155917470184599,301.72509749934216,2.5,18
1700.0,2,charge,0.8172141151132661,4.156445593808266,302.8649954264426,2.5,18
1700.0,3,charge,0.8589707629950791,4.162779814979614,299.42612536445,2.0,18
1701.0,1,charge,0.8255252472318919,4.155988346518297,301.7252870160706,2.5,18
1701.0,2,charge,0.8173869136255979,4.156513465267418,302.86490625433004,2.5,18
1701.0,3,charge,0.8591155097343725,4.162814500529967,299.42646691580046,2.0,18
1702.0,1,charge,0.8256883590193536,4.156059263874214,301.7254765428483,2.5,18
1702.0,2,charge,0.8175597121379297,4.156581410007233,302.8648171391374,2.5,18
1702.0,3,charge,0.8592602564736683,4.1628492030129305,299.42680849136104,2.0,18
1703.0,1,charge,0.8258514708068099,4.156130213967094,301.72566608140073,2.5,18
1703.0,2,charge,0.8177325106502595,4.156649419444323,302.86472808237926,2.5,18
1703.0,3,charge,0.8594050032129616,4.162883923609026,299.427150091189,2.0,18
1704.0,1,charge,0.8260145825942707,4.15620118894377,301.7258556333681,2.5,18
1704.0,2,charge,0.8179053091625869,4.156717485291429,302.86463908551735,2.5,18
1704.0,3,charge,0.8595497499522525,4.162918663511509,299.42749171534143,2.0,18
1705.0,1,charge,0.8261776943817319,4.156272181184768,301.72604520034145,2.5,18
1705.0,2,charge,0.8180781076749183,4.156785599502914,302.8645501499693,2.5,18
1705.0,3,charge,0.8596944966915459,4.162953423917946,299.4278333638755,2.0,18
1706.0,1,charge,0.8263408061691884,4.156343183537755,301.7262347838181,2.5,18
1706.0,2,charge,0.8182509061872484,4.15685375466483,302.8644612770434,2.5,18
1706.0,3,charge,0.8598392434308417,4.162988206030278,299.4281750368481,2.0,18
1707.0,1,charge,0.82650391795665,4.156414189064025,301.7264243852502,2.5,18
1707.0,2,charge,0.8184237046995801,4.15692194326407,302.86437246806133,2.5,18
1707.0,3,charge,0.859983990170135,4.163023011054649,299.4285167343164,2.0,18
1708.0,1,charge,0.8266670297441063,4.156485190822451,301.72661400608615,2.5,18
1708.0,2,charge,0.8185965032119119,4.156990158011775,302.8642837243044,2.5,18
1708.0,3,charge,0.8601287369094258,4.163057840201473,299.42885845633737,2.0,18
1709.0,1,charge,0.8268301415315701,4.156556182211963,301.7268036477053,2.5,18
1709.0,2,charge,0.818769301724241,4.157058391910569,302.8641950470023,2.5,18
1709.0,3,charge,0.8602734836487191,4.163092694701091,299.42920020296805,2.0,18
1710.0,1,charge,0.8269932533190264,4.1566271568441735,301.726993311443,2.5,18
1710.0,2,charge,0.8189421002365688,4.157126638179079,302.86410643734587,2.5,18
1710.0,3,charge,0.860418230388015,4.163127575813267,299.4295419742652,2.0,18
1710.0,1,charge,0.8269932533190275,4.1566271568441735,301.726993311443,2.5,19
1710.0,1,charge,0.8269932533190264,4.1566271568441735,301.726993311443,2.5,19
1710.0,2,charge,0.8189421002365708,4.157126638179079,302.86410643734587,2.5,19
1710.0,2,charge,0.8189421002365688,4.157126638179079,302.86410643734587,2.5,19
1710.0,3,charge,0.860418230388013,4.163127575813267,299.4295419742652,2.0,19
1710.0,3,charge,0.860418230388015,4.163127575813267,299.4295419742652,2.0,19
1711.0,1,charge,0.827156365106488,4.1566981171766155,301.7271829996843,2.5,19
1711.0,2,charge,0.8191148987489006,4.1571948993029135,302.864017899474,2.5,19
1711.0,3,charge,0.8605629771273082,4.1631624878433895,299.4298837821959,2.0,19
1712.0,1,charge,0.8273194768939444,4.156769040325527,301.7273727117421,2.5,19
1712.0,2,charge,0.8192876972612299,4.1572631511610805,302.86392942897044,2.5,19
1712.0,3,charge,0.8607077238665991,4.1631974302980135,299.4302256205801,2.0,19
1713.0,1,charge,0.8274825886814053,4.156839926396897,301.7275624501611,2.5,19
1713.0,2,charge,0.8194604957735624,4.157331394136344,302.86384102975904,2.5,19
1713.0,3,charge,0.8608524706058924,4.163232401083795,299.4305674760893,2.0,19
1714.0,1,charge,0.8276457004688665,4.156910771740659,301.72775221553843,2.5,19
1714.0,2,charge,0.8196332942858939,4.157399623892822,302.8637527024419,2.5,19
1714.0,3,charge,0.8609972173451883,4.163267401977301,299.43090935080204,2.0,19
1715.0,1,charge,0.8278088122563227,4.1569815716127625,301.7279420089646,2.5,19
1715.0,2,charge,0.8198060927982233,4.157467835514739,302.8636644480184,2.5,19
1715.0,3,charge,0.8611419640844816,4.16330243588017,299.43125125152034,2.0,19
1716.0,1,charge,0.8279719240437845,4.157052319900382,301.7281318317774,2.5,19
1716.0,2,charge,0.8199788913105511,4.157536023207703,302.863576267554,2.5,19
1716.0,3,charge,0.8612867108237725,4.16333750320903,299.43159317443644,2.0,19
1717.0,1,charge,0.8281350358312409,4.157123012065982,301.7283216849059,2.5,19
1717.0,2,charge,0.8201516898228801,4.157604180708885,302.86348816217566,2.5,19
1717.0,3,charge,0.8614314575630657,4.163372605657414,299.4319351216944,2.0,19
1718.0,1,charge,0.8282981476187047,4.157193643898212,301.72851156921,2.5,19
1718.0,2,charge,0.8203244883352119,4.1576723051496085,302.8634001323154,2.5,19
1718.0,3,charge,0.8615762043023617,4.163407744654287,299.43227709391834,2.0,19
1719.0,1,charge,0.8284612594061608,4.157264210224424,301.72870148578704,2.5,19
1719.0,2,charge,0.8204972868475444,4.157740390149916,302.86331217912664,2.5,19
1719.0,3,charge,0.861720951041655,4.163442921381557,299.43261909031725,2.0,19
1720.0,1,charge,0.828624371193622,4.157334703420483,301.72889143634046,2.5,19
1720.0,2,charge,0.8206700853598735,4.157808431288659,302.8632243033706,2.5,19
1720.0,3,charge,0.8618656977809459,4.1634781371497915,299.4329611131175,2.0,19
1721.0,1,charge,0.828787482981079,4.1574051223596165,301.72908142098294,2.5,19
1721.0,2,charge,0.8208428838722053,4.157876423506183,302.8631365059331,2.5,19
1721.0,3,charge,0.8620104445202391,4.163513393298528,299.43330316090214,2.0,19
1722.0,1,charge,0.8289505947685399,4.15747546455996,301.7292714401636,2.5,19
1722.0,2,charge,0.8210156823845324,4.157944361885459,302.8630487876815,2.5,19
1722.0,3,charge,0.8621551912595351,4.163548691161436,299.43364523366034,2.0,19
1723.0,1,charge,0.829113706556001,4.157545722011564,301.7294614956982,2.5,19
1723.0,2,charge,0.8211884808968624,4.158012241964249,302.86296114938904,2.5,19
1723.0,3,charge,0.8622999379988284,4.163584032075863,299.433987331392,2.0,19
1724.0,1,charge,0.8292768183434572,4.157615893312869,301.7296515877826,2.5,19
1724.0,2,charge,0.8213612794091942,4.158080059133152,302.862873591866,2.5,19
1724.0,3,charge,0.8624446847381191,4.163619416854911,299.4343294553131,2.0,19
1725.0,1,charge,0.8294399301309183,4.157685974593525,301.7298417172245,2.5,19
1725.0,2,charge,0.8215340779215267,4.158147809552414,302.8627861157648,2.5,19
1725.0,3,charge,0.8625894314774099,4.163654846334903,299.43467160658906,2.0,19
1726.0,1,charge,0.8296030419183753,4.15775596073048,301.73003188514633,2.5,19
1726.0,2,charge,0.8217068764338558,4.158215489014955,302.862698721821,2.5,19
1726.0,3,charge,0.8627341782167033,4.163690322651413,299.43501378340426,2.0,19
1727.0,1,charge,0.8297661537058364,4.157825848441544,301.7302220922238,2.5,19
1727.0,2,charge,0.8218796749461875,4.1582830929859735,302.86261141084634,2.5,19
1727.0,3,charge,0.8628789249559992,4.1637258471557645,299.43535598575875,2.0,19
1728.0,1,charge,0.8299292654932954,4.157895634035947,301.730412339238,2.5,19
1728.0,2,charge,0.8220524734585146,4.158350618082807,302.86252418341184,2.5,19
1728.0,3,charge,0.8630236716952925,4.163761421202923,299.4356982136525,2.0,19
1729.0,1,charge,0.8300923772807562,4.15796531404113,301.7306026269208,2.5,19
1729.0,2,charge,0.8222252719708447,4.158418060791828,302.86243704012156,2.5,19
1729.0,3,charge,0.8631684184345833,4.163797046151447,299.4360404670854,2.0,19
1730.0,1,charge,0.8302554890682127,4.158034884624163,301.730792956101,2.5,19
1730.0,2,charge,0.8223980704831765,4.1584854168058865,302.8623499817543,2.5,19
1730.0,3,charge,0.8633131651738767,4.16383272336346,299.43638274605763,2.0,19
1731.0,1,charge,0.8304186008556744,4.158104342729731,301.730983327419,2.5,19
1731.0,2,charge,0.8225708689955082,4.158552682889102,302.8622630088654,2.5,19
1731.0,3,charge,0.8634579119131726,4.163868454204671,299.43672505056907,2.0,19
1732.0,1,charge,0.8305817126431307,4.158173685400863,301.7311737414959,2.5,19
1732.0,2,charge,0.822743667507838,4.158619856189096,302.8621761219334,2.5,19
1732.0,3,charge,0.8636026586524659,4.1639042400443405,299.4370673806198,2.0,19
1733.0,1,charge,0.8307448244305916,4.158242909037671,301.7313641991191,2.5,19
1733.0,2,charge,0.8229164660201698,4.158686932749893,302.8620893216772,2.5,19
1733.0,3,charge,0.8637474053917568,4.163940082255215,299.43740973620964,2.0,19
1734.0,1,charge,0.8309079362180527,4.15831201113607,301.73155470080866,2.5,19
1734.0,2,charge,0.8230892645324969,4.158753909466787,302.8620026086396,2.5,19
1734.0,3,charge,0.86389215213105,4.16397598221357,299.43775211733885,2.0,19
1735.0,1,charge,0.8310710480055091,4.158380988844476,301.73174524717587,2.5,19
1735.0,2,charge,0.8232620630448266,4.158820783935639,302.8619159832186,2.5,19
1735.0,3,charge,0.8640368988703458,4.164011940324066,299.43809452547333,2.0,19
1736.0,1,charge,0.8312341597929707,4.158449839004881,301.7319358389145,2.5,19
1736.0,2,charge,0.8234348615571585,4.158887552568402,302.8618294460693,2.5,19
1736.0,3,charge,0.8641816456096393,4.164047957302206,299.4384369616084,2.0,19
1737.0,1,charge,0.8313972715804271,4.15851855987397,301.7321264763717,2.5,19
1737.0,2,charge,0.8236076600694903,4.158954212423316,302.86174299771443,2.5,19
1737.0,3,charge,0.8643263923489302,4.164084035759415,299.4387794238964,2.0,19
1738.0,1,charge,0.8315603833678907,4.158587148661104,301.7323171601599,2.5,19
1738.0,2,charge,0.82378045858182,4.159020761429963,302.86165663849573,2.5,19
1738.0,3,charge,0.8644711390882233,4.164120177083298,299.4391219123373,2.0,19
1739.0,1,charge,0.831723495155347,4.158655602635017,301.7325078908818,2.5,19
1739.0,2,charge,0.8239532570941471,4.159087196337781,302.86157036901096,2.5,19
1739.0,3,charge,0.8646158858275191,4.164156382664712,299.4394644269313,2.0,19
1740.0,1,charge,0.831886606942808,4.158723919186427,301.7326986691153,2.5,19
1740.0,2,charge,0.8241260556064789,4.159153514386157,302.8614841897582,2.5,19
1740.0,3,charge,0.8647606325668126,4.164192653897831,299.4398069676781,2.0,19
1741.0,1,charge,0.832049718730265,4.158792095712071,301.7328894954421,2.5,19
1741.0,2,charge,0.824298854118809,4.159219713784962,302.86139810103464,2.5,19
1741.0,3,charge,0.8649053793061032,4.164228992179969,299.440149534578,2.0,19
1742.0,1,charge,0.832212830517726,4.158860130328074,301.73308037027084,2.5,19
1742.0,2,charge,0.8244716526311408,4.159285791586504,302.86131210338726,2.5,19
1742.0,3,charge,0.8650501260453963,4.164265398911676,299.44049212763076,2.0,19
1743.0,1,charge,0.8323759423051823,4.15892802184122,301.73327129384313,2.5,19
1743.0,2,charge,0.8246444511434725,4.1593517452492925,302.86122619728167,2.5,19
1743.0,3,charge,0.8651948727846925,4.164301875496653,299.44083474683646,2.0,19
1744.0,1,charge,0.8325390540926434,4.158995767207834,301.7334622668649,2.5,19
1744.0,2,charge,0.8248172496558023,4.159417573255002,302.8611403829723,2.5,19
1744.0,3,charge,0.8653396195239857,4.164338423341732,299.44117739219513,2.0,19
1745.0,1,charge,0.8327021658801044,4.159063364257593,301.73365328983033,2.5,19
1745.0,2,charge,0.8249900481681294,4.159483273046137,302.86105466093676,2.5,19
1745.0,3,charge,0.865484366263276,4.164375043856887,299.4415200637068,2.0,19
1746.0,1,charge,0.8328652776675606,4.159130810861731,301.73384436322874,2.5,19
1746.0,2,charge,0.8251628466804611,4.159548842355841,302.8609690315962,2.5,19
1746.0,3,charge,0.8656291130025697,4.164411737302601,299.4418627630391,2.0,19
1747.0,1,charge,0.8330283894550224,4.159198104932795,301.73403548754396,2.5,19
1747.0,2,charge,0.8253356451927905,4.159614278982589,302.86088349536215,2.5,19
1747.0,3,charge,0.8657738597418654,4.16444850456984,299.4422054909404,2.0,19
1748.0,1,charge,0.8331915012424788,4.159265245754288,301.73422666292635,2.5,19
1748.0,2,charge,0.825508443705123,4.159679580891758,302.86079805261585,2.5,19
1748.0,3,charge,0.8659186064811585,4.164485348303563,299.44254824562864,2.0,19
1749.0,1,charge,0.8333546130299397,4.15933223108196,301.7344178899074,2.5,19
1749.0,2,charge,0.8256812422174548,4.15974474683957,302.86071270357724,2.5,19
1749.0,3,charge,0.8660633532204494,4.164522269922723,299.44289102710394,2.0,19
1750.0,1,charge,0.8335177248173985,4.159399059089074,301.7346091689208,2.5,19
1750.0,2,charge,0.8258540407297839,4.159809774499076,302.8606274486969,2.5,19
1750.0,3,charge,0.8662080999597426,4.164559270849159,299.4432338353663,2.0,19
1751.0,1,charge,0.8336808366048596,4.1594657281400735,301.7348005003577,2.5,19
1751.0,2,charge,0.8260268392421116,4.159874662025473,302.860542288329,2.5,19
1751.0,3,charge,0.8663528466990388,4.164596352507525,299.4435766704157,2.0,19
1752.0,1,charge,0.8338439483923167,4.159532236666758,301.734991884597,2.5,19
1752.0,2,charge,0.8261996377544434,4.1599394076284835,302.8604572228204,2.5,19
1752.0,3,charge,0.8664975934383319,4.164633516325301,299.4439195322521,2.0,19
1753.0,1,charge,0.8340070601797777,4.1595985832211895,301.7351833219947,2.5,19
1753.0,2,charge,0.8263724362667725,4.1600040097243625,302.86037225248003,2.5,19
1753.0,3,charge,0.8666423401776228,4.164670763732775,299.4442624208756,2.0,19
1754.0,1,charge,0.8341701719672339,4.159664766461669,301.73537481288656,2.5,19
1754.0,2,charge,0.826545234779105,4.1600684669188315,302.86028737758147,2.5,19
1754.0,3,charge,0.866787086916916,4.164708096162935,299.44460533628614,2.0,19
1755.0,1,charge,0.8343332837546951,4.1597307849889535,301.73556635762213,2.5,19
1755.0,2,charge,0.8267180332914341,4.1601327775265755,302.8602025984618,2.5,19
1755.0,3,charge,0.8669318336562122,4.164745515051591,299.4449482784837,2.0,19
1756.0,1,charge,0.8344963955421562,4.159796637530661,301.73575795652647,2.5,19
1756.0,2,charge,0.8268908318037659,4.160196940081319,302.86011791541705,2.5,19
1756.0,3,charge,0.8670765803955053,4.164783021837174,299.4452912474683,2.0,19
1757.0,1,charge,0.834659507329613,4.159862322883546,301.7359496099119,2.5,19
1757.0,2,charge,0.8270636303160936,4.160260953182187,302.86003332873355,2.5,19
1757.0,3,charge,0.8672213271347962,4.164820616733983,299.44563424509516,2.0,19
1758.0,1,charge,0.8348226191170742,4.159927839913278,301.73614131807847,2.5,19
1758.0,2,charge,0.827236428828423,4.160324815430814,302.8599488387038,2.5,19
1758.0,3,charge,0.8673660738740894,4.16485830086211,299.4459772718386,2.0,19
1759.0,1,charge,0.8349857309045304,4.159993187042426,301.736333081448,2.5,19
1759.0,2,charge,0.8274092273407547,4.160388525519188,302.85986444560456,2.5,19
1759.0,3,charge,0.8675108206133856,4.164896076775076,299.4463203260147,2.0,19
1760.0,1,charge,0.8351488426919941,4.160058363383749,301.73652490026666,2.5,19
1760.0,2,charge,0.8275820258530865,4.160452082242982,302.85978014969294,2.5,19
1760.0,3,charge,0.8676555673526787,4.16493394591812,299.44666340762353,2.0,19
1761.0,1,charge,0.8353119544794504,4.160123367948911,301.73671677481235,2.5,19
1761.0,2,charge,0.8277548243654164,4.160515484434287,302.8596959512235,2.5,19
1761.0,3,charge,0.8678003140919696,4.164971909738955,299.4470065166651,2.0,19
1762.0,1,charge,0.835475066266912,4.160188199769491,301.73690870536336,2.5,19
1762.0,2,charge,0.8279276228777481,4.160578730986799,302.8596118504422,2.5,19
1762.0,3,charge,0.8679450608312628,4.165009969687749,299.4473496531394,2.0,19
1763.0,1,charge,0.8356381780543684,4.160252857935108,301.7371006921878,2.5,19
1763.0,2,charge,0.8281004213900752,4.160641820595949,302.85952784764424,2.5,19
1763.0,3,charge,0.868089807570559,4.165048127216993,299.44769281704646,2.0,19
1764.0,1,charge,0.8358012898418297,4.160317341392107,301.73729273559684,2.5,19
1764.0,2,charge,0.8282732199024052,4.160704752282706,302.859443943057,2.5,19
1764.0,3,charge,0.8682345543098521,4.165086383781587,299.4480360083862,2.0,19
1765.0,1,charge,0.8359644016292906,4.160381649028983,301.7374848359219,2.5,19
1765.0,2,charge,0.828446018414737,4.160767525086042,302.85936013690815,2.5,19
1765.0,3,charge,0.8683793010491428,4.165124740838731,299.44837922715874,2.0,19
1766.0,1,charge,0.8361275134167468,4.160445780216806,301.73767699337355,2.5,19
1766.0,2,charge,0.8286188169270688,4.160830138067277,302.8592764294256,2.5,19
1766.0,3,charge,0.8685240477884362,4.165163199847978,299.448722473364,2.0,19
1767.0,1,charge,0.8362906252042086,4.160509734173566,301.7378692082075,2.5,19
1767.0,2,charge,0.8287916154393986,4.16089259032541,302.8591928208334,2.5,19
1767.0,3,charge,0.8686687945277322,4.165201762271087,299.44906574700195,2.0,19
1768.0,1,charge,0.8364537369916649,4.160573510164571,301.73806148067234,2.5,19
1768.0,2,charge,0.8289644139517304,4.16095488078734,302.85910931139927,2.5,19
1768.0,3,charge,0.8688135412670255,4.165240428308183,299.4494090501141,2.0,19
1769.0,1,charge,0.8366168487791259,4.160637107502426,301.73825381100914,2.5,19
1769.0,2,charge,0.8291372124640575,4.161017008734575,302.85902590131593,2.5,19
1769.0,3,charge,0.8689582880063164,4.165279199298095,299.44975238288777,2.0,19
1770.0,1,charge,0.8367799605665848,4.160700525251878,301.73844619953013,2.5,19
1770.0,2,charge,0.8293100109763872,4.16107897338169,302.85894259079583,2.5,19
1770.0,3,charge,0.8691030347456096,4.165318077676808,299.450095743749,2.0,19
1771.0,1,charge,0.836943072354046,4.16076376289284,301.7386386464426,2.5,19
1771.0,2,charge,0.8294828094887193,4.161140773989089,302.858859380046,2.5,19
1771.0,3,charge,0.8692477814849058,4.165357064910811,299.4504391326976,2.0,19
1772.0,1,charge,0.8371061841415028,4.160826819840912,301.7388311519766,2.5,19
1772.0,2,charge,0.8296556080010511,4.161202409826396,302.8587762692762,2.5,19
1772.0,3,charge,0.8693925282241989,4.165396162468649,299.4507825497338,2.0,19
1773.0,1,charge,0.8372692959289639,4.160889695535994,301.7390237163605,2.5,19
1773.0,2,charge,0.8298284065133806,4.161263880136991,302.85869325870686,2.5,19
1773.0,3,charge,0.8695372749634898,4.16543537182078,299.45112599485736,2.0,19
1774.0,1,charge,0.8374324077164201,4.160952389459073,301.7392163398172,2.5,19
1774.0,2,charge,0.8300012050257077,4.161325184342447,302.8586103485228,2.5,19
1774.0,3,charge,0.869682021702783,4.165474694439718,299.4514694680686,2.0,19
1775.0,1,charge,0.8375955195038812,4.161014901069754,301.73940902258033,2.5,19
1775.0,2,charge,0.8301740035380397,4.1613863218509355,302.85852753891663,2.5,19
1775.0,3,charge,0.869826768442079,4.165514131799777,299.4518129693672,2.0,19
1776.0,1,charge,0.8377586312913423,4.16107722984213,301.7396017648852,2.5,19
1776.0,2,charge,0.8303468020503695,4.161447292112021,302.85844483007617,2.5,19
1776.0,3,charge,0.8699715151813723,4.165553685377255,299.45215649875337,2.0,19
1777.0,1,charge,0.8379217430787985,4.161139375409997,301.7397945669294,2.5,19
1777.0,2,charge,0.8305196005627012,4.161508094570401,302.85836222219535,2.5,19
1777.0,3,charge,0.8701162619206632,4.165593356650292,299.452500056227,2.0,19
1778.0,1,charge,0.8380848548662603,4.161201337387569,301.7399874289209,2.5,19
1778.0,2,charge,0.8306923990750331,4.161568728712197,302.8582797154632,2.5,19
1778.0,3,charge,0.8702610086599564,4.165633147098817,299.45284364178804,2.0,19
1779.0,1,charge,0.8382479666537165,4.1612631154266975,301.7401803510631,2.5,19
1779.0,2,charge,0.8308651975873621,4.161629194116967,302.8581973100523,2.5,19
1779.0,3,charge,0.8704057553992526,4.1656730569152165,299.45318725766845,2.0,19
1780.0,1,charge,0.8384110784411802,4.1613247092168315,301.7403733335541,2.5,19
1780.0,2,charge,0.83103799609969,4.16168949037529,302.85811500613715,2.5,19
1780.0,3,charge,0.8705505021385457,4.165713087633844,299.45353090375784,2.0,19
1781.0,1,charge,0.8385741902286364,4.161386118352247,301.7405663766227,2.5,19
1781.0,2,charge,0.8312107946120217,4.161749617116209,302.85803280388853,2.5,19
1781.0,3,charge,0.8706952488778366,4.16575324157535,299.4538745785981,2.0,19
1782.0,1,charge,0.8387373020160983,4.161447342634377,301.7407594804476,2.5,19
1782.0,2,charge,0.8313835931243511,4.161809573880346,302.8579507035016,2.5,19
1782.0,3,charge,0.8708399956171298,4.1657935202223895,299.45421828218923,2.0,19
1783.0,1,charge,0.8389004138035544,4.161508381846135,301.74095264521725,2.5,19
1783.0,2,charge,0.8315563916366833,4.161869360372171,302.85786870513914,2.5,19
1783.0,3,charge,0.8709847423564258,4.16583392505918,299.4545620145312,2.0,19
1784.0,1,charge,0.8390635255910157,4.1615692357997425,301.7411458711174,2.5,19
1784.0,2,charge,0.8317291901490124,4.16192897634552,302.8577868089572,2.5,19
1784.0,3,charge,0.8711294890957191,4.16587445757145,299.45490577562396,2.0,19
1785.0,1,charge,0.8392266373784768,4.16162990434214,301.74133915832954,2.5,19
1785.0,2,charge,0.8319019886613443,4.161988421562681,302.8577050151144,2.5,19
1785.0,3,charge,0.8712742358350098,4.165915119246449,299.45524956546757,2.0,19
1786.0,1,charge,0.8393897491659331,4.1616903872665265,301.7415325070545,2.5,19
1786.0,2,charge,0.832074787173672,4.162047695823604,302.8576233237652,2.5,19
1786.0,3,charge,0.871418982574303,4.165955911572871,299.45559338406207,2.0,19
1787.0,1,charge,0.8395528609533949,4.161750684381202,301.74172591749374,2.5,19
1787.0,2,charge,0.8322475856860012,4.16210679896564,302.8575417350606,2.5,19
1787.0,3,charge,0.871563729313599,4.165996836040941,299.4559372314074,2.0,19
1788.0,1,charge,0.8397159727408511,4.16181079568266,301.7419193898041,2.5,19
1788.0,2,charge,0.8324203841983331,4.162165730863547,302.8574602491469,2.5,19
1788.0,3,charge,0.8717084760528924,4.166037894142187,299.45628110750357,2.0,19
1789.0,1,charge,0.8398790845283148,4.161870721124137,301.74211292415845,2.5,19
1789.0,2,charge,0.8325931827106648,4.162224491304245,302.8573788661954,2.5,19
1789.0,3,charge,0.8718532227921831,4.16607908736959,299.45662501235057,2.0,19
1790.0,1,charge,0.8400421963157712,4.1619304606918615,301.7423065207259,2.5,19
1790.0,2,charge,0.8327659812229946,4.162283079977321,302.8572975864038,2.5,19
1790.0,3,charge,0.8719979695314763,4.166120415955342,299.4569689482815,2.0,19
1791.0,1,charge,0.840205308103233,4.16199001440528,301.7425001796716,2.5,19
1791.0,2,charge,0.8329387797353264,4.162341497024682,302.8572164098714,2.5,19
1791.0,3,charge,0.8721427162707724,4.166161881590377,299.4573129149105,2.0,19
1792.0,1,charge,0.8403684198906892,4.162049382317187,301.74269390115666,2.5,19
1792.0,2,charge,0.8331115782476535,4.162399742425434,302.857135336739,2.5,19
1792.0,3,charge,0.8722874630100657,4.166203486458226,299.45765691095545,2.0,19
1793.0,1,charge,0.8405315316781504,4.162108564514048,301.74288768533796,2.5,19
1793.0,2,charge,0.8332843767599832,4.162457816192534,302.8570543671441,2.5,19
1793.0,3,charge,0.8724322097493565,4.1662452320526295,299.4580009364163,2.0,19
1794.0,1,charge,0.8406946434656115,4.162167561116073,301.74308153236836,2.5,19
1794.0,2,charge,0.8334571752723153,4.16251571837258,302.85697350122086,2.5,19
1794.0,3,charge,0.8725769564886497,4.16628711986835,299.4583449912931,2.0,19
1795.0,1,charge,0.8408577552530684,4.162226372228675,301.7432754424093,2.5,19
1795.0,2,charge,0.8336299737846469,4.1625734490458175,302.85689273910026,2.5,19
1795.0,3,charge,0.8727217032279458,4.1663291514012855,299.4586890755858,2.0,19
1796.0,1,charge,0.8410208670405296,4.162284997843029,301.7434694156573,2.5,19
1796.0,2,charge,0.8338027722969769,4.16263100832597,302.85681208090995,2.5,19
1796.0,3,charge,0.872866449967239,4.1663713281484,299.4590331892945,2.0,19
1797.0,1,charge,0.8411839788279857,4.162343438216084,301.74366345224314,2.5,19
1797.0,2,charge,0.8339755708093087,4.162688396160352,302.85673152681983,2.5,19
1797.0,3,charge,0.8730111967065299,4.166413651607663,299.4593773324191,2.0,19
1798.0,1,charge,0.8413470906154494,4.16240169352872,301.74385755232265,2.5,19
1798.0,2,charge,0.8341483693216357,4.162745612710392,302.8566510769554,2.5,19
1798.0,3,charge,0.8731559434458231,4.166456123278044,299.4597215049596,2.0,19
1799.0,1,charge,0.8415102024029055,4.162459763982033,301.7440517160506,2.5,19
1799.0,2,charge,0.8343211678339656,4.162802658131271,302.8565707314481,2.5,19
1799.0,3,charge,0.8733006901851192,4.166498744659432,299.46006570691605,2.0,19
1800.0,1,charge,0.8416733141903667,4.162517649796486,301.7442459435818,2.5,19
1800.0,2,charge,0.8344939663462974,4.16285953258782,302.85649049043116,2.5,19
1800.0,3,charge,0.8734454369244125,4.166541517252634,299.4604099382885,2.0,19
1800.0,1,charge,0.8416733141903657,4.162517649796486,301.7442459435818,2.5,20
1800.0,1,charge,0.8416733141903667,4.162517649796486,301.7442459435818,2.5,20
1800.0,2,charge,0.8344939663462971,4.16285953258782,302.85649049043116,2.5,20
1800.0,2,charge,0.8344939663462974,4.16285953258782,302.85649049043116,2.5,20
1800.0,3,charge,0.8734454369244103,4.166541517252634,299.4604099382885,1.5,20
1800.0,3,charge,0.8734454369244125,4.15243670669827,299.4604099382885,1.5,20
1801.0,1,charge,0.8418364259778236,4.162575360168418,301.7444402561325,2.5,20
1801.0,2,charge,0.8346667648586291,4.1629162458714095,302.8564103865955,2.5,20
1801.0,3,charge,0.8735539969788808,4.152265437442831,299.4605664695563,1.5,20
1802.0,1,charge,0.8419995377652847,4.1626328825281345,301.7446346243178,2.5,20
1802.0,2,charge,0.8348395633709591,4.1629727837258805,302.8563303719888,2.5,20
1802.0,3,charge,0.8736625570333516,4.152154909333386,299.4607226435834,1.5,20
1803.0,1,charge,0.8421626495527459,4.162690218341234,301.74482905088985,2.5,20
1803.0,2,charge,0.835012361883286,4.163029148987185,302.8562504553399,2.5,20
1803.0,3,charge,0.8737711170878217,4.152068938531321,299.4608784977773,1.5,20
1804.0,1,charge,0.8423257613402021,4.162747368860666,301.74502353763194,2.5,20
1804.0,2,charge,0.8351851603956177,4.163085342225946,302.8561706370786,2.5,20
1804.0,3,charge,0.8738796771422926,4.151996913535038,299.4610340540538,1.5,20
1805.0,1,charge,0.8424888731276631,4.162804335745001,301.7452180877187,2.5,20
1805.0,2,charge,0.8353579589079471,4.163141365164984,302.85609092246307,2.5,20
1805.0,3,charge,0.8739882371967581,4.151934287682476,299.4611893295496,1.5,20
1806.0,1,charge,0.8426519849151202,4.162861119428513,301.74541270338835,2.5,20
1806.0,2,charge,0.8355307574202794,4.163197218332934,302.85601131373824,2.5,20
1806.0,3,charge,0.8740967972512288,4.151878725395813,299.46134433878615,1.5,20
1807.0,1,charge,0.8428150967025813,4.162917720589688,301.74560738303256,2.5,20
1807.0,2,charge,0.8357035559326114,4.163252902365462,302.8559318089915,2.5,20
1807.0,3,charge,0.8742053573056991,4.151828802814849,299.4614990946217,1.5,20
1808.0,1,charge,0.84297820849004,4.162974139658308,301.74580212704336,2.5,20
1808.0,2,charge,0.8358763544449405,4.163308416747947,302.8558524102327,2.5,20
1808.0,3,charge,0.87431391736017,4.151783585555458,299.4616536087,1.5,20
1809.0,1,charge,0.8431413202775011,4.163030375969656,301.74599693730227,2.5,20
1809.0,2,charge,0.836049152957268,4.1633637622562265,302.855773117423,2.5,20
1809.0,3,charge,0.8744224774146383,4.151742430788157,299.4618078917107,1.5,20
1810.0,1,charge,0.8433044320649581,4.163086431319867,301.7461918124568,2.5,20
1810.0,2,charge,0.8362219514695973,4.163418940127494,302.85569392979374,2.5,20
1810.0,3,charge,0.8745310374691083,4.151704855682028,299.4619619535977,1.5,20
1811.0,1,charge,0.8434675438524193,4.163142306490682,301.7463867525069,2.5,20
1811.0,2,charge,0.8363947499819291,4.163473951133527,302.8556148473449,2.5,20
1811.0,3,charge,0.8746395975235791,4.15167048343776,299.4621158036849,1.5,20
1812.0,1,charge,0.8436306556398806,4.163198002275502,301.74658175745265,2.5,20
1812.0,2,charge,0.8365675484942616,4.1635287949586814,302.8555358707689,2.5,20
1812.0,3,charge,0.87474815757805,4.151639016537161,299.4622694507611,1.5,20
1813.0,1,charge,0.8437937674273366,4.163253517216493,301.7467768287927,2.5,20
1813.0,2,charge,0.836740347006591,4.163583471090144,302.8554570008983,2.5,20
1813.0,3,charge,0.8748567176325207,4.151610213550923,299.46242290314626,1.5,20
1814.0,1,charge,0.8439568792147978,4.163308852961988,301.74697196598737,2.5,20
1814.0,2,charge,0.8369131455189227,4.163637981612851,302.85537823693716,2.5,20
1814.0,3,charge,0.8749652776869908,4.15158387249749,299.4625761687469,1.5,20
1815.0,1,charge,0.8441199910022547,4.163364010740805,301.7471671687783,2.5,20
1815.0,2,charge,0.8370859440312503,4.1636923273564985,302.85529957888565,2.5,20
1815.0,3,charge,0.8750738377414616,4.1515598227970285,299.46272925509203,1.5,20
1816.0,1,charge,0.8442831027897159,4.163418991402089,301.74736243716546,2.5,20
1816.0,2,charge,0.8372587425435796,4.163746508797365,302.8552210269124,2.5,20
1816.0,3,charge,0.87518239779593,4.151537917797705,299.462882169369,1.5,20
1817.0,1,charge,0.8444462145771746,4.163473794597129,301.7475577718196,2.5,20
1817.0,2,charge,0.8374315410559113,4.163800524160257,302.85514258223657,2.5,20
1817.0,3,charge,0.8752909578504008,4.151518031301568,299.4630349184445,1.5,20
1818.0,1,charge,0.8446093263646358,4.163528420179096,301.7477531733132,2.5,20
1818.0,2,charge,0.8376043395682431,4.163854376116415,302.85506424403195,2.5,20
1818.0,3,charge,0.8753995179048711,4.151500046358527,299.46318750891675,1.5,20
1819.0,1,charge,0.8447724381520927,4.163582870188717,301.7479486410126,2.5,20
1819.0,2,charge,0.837777138080573,4.163908065554647,302.8549860122986,2.5,20
1819.0,3,charge,0.8755080779593418,4.151483858984444,299.46333994711165,1.5,20
1820.0,1,charge,0.8449355499395539,4.163637145531796,301.7481441749178,2.5,20
1820.0,2,charge,0.8379499365929047,4.163961593375824,302.8549078870364,2.5,20
1820.0,3,charge,0.8756166380138074,4.1514693761968084,299.46349223909954,1.5,20
1821.0,1,charge,0.8450986617270151,4.1636912468949685,301.74833977515607,2.5,20
1821.0,2,charge,0.8381227351052318,4.164014957555123,302.85482986950757,2.5,20
1821.0,3,charge,0.8757251980682782,4.151456514077865,299.4636443907098,1.5,20
1822.0,1,charge,0.8452617735144712,4.163745172335469,301.7485354433152,2.5,20
1822.0,2,charge,0.8382955336175616,4.164068160094876,302.8547519592595,2.5,20
1822.0,3,charge,0.8758337581227483,4.151445196886497,299.46379640754196,1.5,20
1823.0,1,charge,0.8454248853019332,4.163798924523739,301.7487311784528,2.5,20
1823.0,2,charge,0.8384683321298934,4.164121202197704,302.85467415618507,2.5,20
1823.0,3,charge,0.8759423181772191,4.151435354332827,299.46394829498263,1.5,20
1824.0,1,charge,0.8455879970893895,4.163852504335425,301.7489269806188,2.5,20
1824.0,2,charge,0.8386411306422251,4.164174084723937,302.85459646032916,2.5,20
1824.0,3,charge,0.8760508782316876,4.15142692235452,299.4641000582119,1.5,20
1825.0,1,charge,0.8457511088768531,4.163905912659091,301.74912284986345,2.5,20
1825.0,2,charge,0.8388139291545552,4.164226808547312,302.85451887173707,2.5,20
1825.0,3,charge,0.8761594382861583,4.151419839906237,299.46425170222057,1.5,20
1826.0,1,charge,0.8459142206643092,4.163959150396151,301.7493187862367,2.5,20
1826.0,2,charge,0.838986727666882,4.16427937455496,302.8544413904537,2.5,20
1826.0,3,charge,0.8762679983406285,4.151414051337792,299.4644032318114,1.5,20
1827.0,1,charge,0.8460773324517704,4.164012218460966,301.74951478978863,2.5,20
1827.0,2,charge,0.8391595261792137,4.164331783647439,302.85436401652424,2.5,20
1827.0,3,charge,0.8763765583950993,4.151409503433219,299.46455465161205,1.5,20
1828.0,1,charge,0.8462404442392272,4.164065117780842,301.7497108605694,2.5,20
1828.0,2,charge,0.8393323246915431,4.1643840367387135,302.8542867499937,2.5,20
1828.0,3,charge,0.8764851184495702,4.151406146485693,299.46470596608333,1.5,20
1829.0,1,charge,0.8464035560266885,4.1641178492959785,301.74990699862894,2.5,20
1829.0,2,charge,0.8395051232038756,4.164436132927312,302.8542095917592,2.5,20
1829.0,3,charge,0.8765936785040409,4.151403934201721,299.4648571795183,1.5,20
1830.0,1,charge,0.8465666678141497,4.164170412372682,301.7501032050129,2.5,20
1830.0,2,charge,0.8396779217162074,4.164488073809281,302.8541325415677,2.5,20
1830.0,3,charge,0.876702238558511,4.151402822184384,299.4650082960607,1.5,20
1831.0,1,charge,0.8467297796016059,4.1642228084293915,301.7502994794964,2.5,20
1831.0,2,charge,0.8398507202285365,4.164539860637179,302.85405559933,2.5,20
1831.0,3,charge,0.8768107986129818,4.15140276963883,299.4651593196977,1.5,20
1832.0,1,charge,0.8468928913890678,4.164275038801126,301.7504958219116,2.5,20
1832.0,2,charge,0.840023518740864,4.164591494296774,302.85397876513366,2.5,20
1832.0,3,charge,0.8769193586674503,4.151403737330074,299.46531025427805,1.5,20
1833.0,1,charge,0.847056003176524,4.164327104408818,301.7506922323583,2.5,20
1833.0,2,charge,0.8401963172531933,4.164642975688475,302.85390203906616,2.5,20
1833.0,3,charge,0.8770279187219211,4.151405688563786,299.465461103509,1.5,20
1834.0,1,charge,0.8472191149639877,4.164379006187227,301.7508887109365,2.5,20
1834.0,2,charge,0.8403691157655251,4.164694305727096,302.8538254212152,2.5,20
1834.0,3,charge,0.8771364787763913,4.151408588430108,299.4656118709668,1.5,20
1835.0,1,charge,0.8473822267514438,4.164430745085044,301.7510852577461,2.5,20
1835.0,2,charge,0.8405419142778576,4.16474548534204,302.85374891166833,2.5,20
1835.0,3,charge,0.877245038830862,4.151412403708543,299.4657625600966,1.5,20
1836.0,1,charge,0.847545338538905,4.164482322064805,301.7512818728869,2.5,20
1836.0,2,charge,0.8407147127901894,4.16479651547713,302.8536725105132,2.5,20
1836.0,3,charge,0.8773535988853276,4.151417102780498,299.46591317422804,1.5,20
1837.0,1,charge,0.8477084503263619,4.164533738102948,301.7514785564589,2.5,20
1837.0,2,charge,0.8408875113025187,4.164847396744408,302.85359621811637,2.5,20
1837.0,3,charge,0.8774621589397982,4.151422655333838,299.46606371657595,1.5,20
1838.0,1,charge,0.8478715621138231,4.164584994021505,301.7516753087598,2.5,20
1838.0,2,charge,0.8410603098148463,4.164898130195299,302.8535200345054,2.5,20
1838.0,3,charge,0.8775707189942683,4.151429033173926,299.46621419022387,1.5,20
1839.0,1,charge,0.8480346739012843,4.164636090668431,301.7518721300768,2.5,20
1839.0,2,charge,0.8412331083271756,4.16494871690495,302.85344395969935,2.5,20
1839.0,3,charge,0.8776792790487368,4.151436208830389,299.46636459816,1.5,20
1840.0,1,charge,0.8481977856887405,4.164687029237458,301.75206902030607,2.5,20
1840.0,2,charge,0.8414059068395073,4.164999157858523,302.85336799380116,2.5,20
1840.0,3,charge,0.8777878391032075,4.151444155467057,299.4665149432812,1.5,20
1841.0,1,charge,0.8483608974762024,4.164737810746706,301.7522659795664,2.5,20
1841.0,2,charge,0.8415787053518399,4.165049454055877,302.8532921369137,2.5,20
1841.0,3,charge,0.8778963991576776,4.151452847579834,299.4666652283789,1.5,20
1842.0,1,charge,0.8485240092636586,4.164788436228346,301.7524630079761,2.5,20
1842.0,2,charge,0.8417515038641692,4.165099606511532,302.85321638913996,2.5,20
1842.0,3,charge,0.8780049592121485,4.151462263114354,299.46681545610164,1.5,20
1843.0,1,charge,0.8486871210511195,4.164838906728557,301.7526601056537,2.5,20
1843.0,2,charge,0.841924302376501,4.165149616254647,302.85314075058295,2.5,20
1843.0,3,charge,0.8781135192666193,4.151472377823961,299.46696562906754,1.5,20
1844.0,1,charge,0.8488502328385784,4.164889223307499,301.7528572727179,2.5,20
1844.0,2,charge,0.8420971008888286,4.16519948432896,302.85306522134556,2.5,20
1844.0,3,charge,0.87822207932109,4.1514831691640595,299.46711574979065,1.5,20
1845.0,1,charge,0.8490133446260396,4.164939387039309,301.7530545092869,2.5,20
1845.0,2,charge,0.8422698994011578,4.165249212074356,302.85298980154266,2.5,20
1845.0,3,charge,0.8783306393755603,4.1514946167915685,299.4672658206735,1.5,20
1846.0,1,charge,0.8491764564134965,4.164989399047927,301.7532518154824,2.5,20
1846.0,2,charge,0.8424426979134897,4.16529880054731,302.8529144912766,2.5,20
1846.0,3,charge,0.878439199430031,4.151506701281135,299.4674158440353,1.5,20
1847.0,1,charge,0.8493395682009576,4.165039260815918,301.7534491914544,2.5,20
1847.0,2,charge,0.8426154964258221,4.165348250735473,302.85283929064616,2.5,20
1847.0,3,charge,0.8785477594844995,4.151519402674241,299.4675658221422,1.5,20
1848.0,1,charge,0.8495026799884189,4.165088973191837,301.7536466372993,2.5,20
1848.0,2,charge,0.8427882949381514,4.165397563757123,302.8527641997549,2.5,20
1848.0,3,charge,0.8786563195389702,4.151532702338399,299.46771575717344,1.5,20
1849.0,1,charge,0.849665791775875,4.165138537320706,301.7538441531371,2.5,20
1849.0,2,charge,0.8429610934504832,4.165446740744864,302.85268921870653,2.5,20
1849.0,3,charge,0.8787648795934406,4.151546583478371,299.4678656512038,1.5,20
1850.0,1,charge,0.8498289035633362,4.165187954361306,301.75404173908737,2.5,20
1850.0,2,charge,0.8431338919628109,4.1654957828455945,302.8526143476048,2.5,20
1850.0,3,charge,0.8788734396479111,4.1515610288790095,299.4680155062693,1.5,20
1851.0,1,charge,0.8499920153507932,4.165237225486154,301.75423939527025,2.5,20
1851.0,2,charge,0.8433066904751402,4.165544691220509,302.85253958655335,2.5,20
1851.0,3,charge,0.8789819997023767,4.151576022394888,299.4681653243269,1.5,20
1852.0,1,charge,0.8501551271382569,4.165286351881411,301.7544371218053,2.5,20
1852.0,2,charge,0.8434794889874719,4.165593467045062,302.8524649356558,2.5,20
1852.0,3,charge,0.8790905597568474,4.1515915485279296,299.4683151072624,1.5,20
1853.0,1,charge,0.8503182389257129,4.16533533474688,301.7546349188125,2.5,20
1853.0,2,charge,0.8436522874998037,4.165642111865001,302.8523903949706,2.5,20
1853.0,3,charge,0.8791991198113177,4.151607592382042,299.46846485689315,1.5,20
1854.0,1,charge,0.8504813507131742,4.165384175296014,301.7548327864116,2.5,20
1854.0,2,charge,0.8438250860121337,4.165690626932408,302.85231596459494,2.5,20
1854.0,3,charge,0.8793076798657885,4.151624139634716,299.46861457498454,1.5,20
1855.0,1,charge,0.8506444625006311,4.165432875200629,301.75503072465375,2.5,20
1855.0,2,charge,0.8439978845244656,4.165739013292848,302.8522416446542,2.5,20
1855.0,3,charge,0.879416239920257,4.15164117647732,299.4687642632401,1.5,20
1856.0,1,charge,0.8508075742880922,4.16548143556963,301.7552287336786,2.5,20
1856.0,2,charge,0.8441706830367923,4.165787272201179,302.85216743524904,2.5,20
1856.0,3,charge,0.8795247999747277,4.151658689782849,299.4689139232938,1.5,20
1857.0,1,charge,0.8509706860755535,4.165529857562499,301.75542681362055,2.5,20
1857.0,2,charge,0.8443434815491224,4.165835404926112,302.85209333647987,2.5,20
1857.0,3,charge,0.8796333600291977,4.151676666720653,299.46906355673593,1.5,20
1858.0,1,charge,0.8511337978630096,4.165578142467412,301.7556249645958,2.5,20
1858.0,2,charge,0.8445162800614542,4.165883412750217,302.85201934844736,2.5,20
1858.0,3,charge,0.8797419200836687,4.151695094900058,299.46921316510327,1.5,20
1859.0,1,charge,0.8512969096504714,4.165626291585825,301.755823186721,2.5,20
1859.0,2,charge,0.8446890785737867,4.165931296969758,302.85194547125207,2.5,20
1859.0,3,charge,0.8798504801381395,4.15171396249851,299.4693627498771,1.5,20
1860.0,1,charge,0.8514600214379278,4.1656743062324555,301.7560214801125,2.5,20
1860.0,2,charge,0.844861877086116,4.165979058894827,302.8518717049945,2.5,20
1860.0,3,charge,0.8799590401926103,4.151733258514473,299.4695123124787,1.5,20
1861.0,1,charge,0.8516231332253887,4.165722187735218,301.7562198448867,2.5,20
1861.0,2,charge,0.8450346755984478,4.166026700111216,302.8517980497433,2.5,20
1861.0,3,charge,0.8800676002470805,4.151752971783028,299.4696618542973,1.5,20
1862.0,1,charge,0.8517862450128475,4.165769937435222,301.75641828116005,2.5,20
1862.0,2,charge,0.8452074741107753,4.166074222055498,302.8517245055867,2.5,20
1862.0,3,charge,0.8801761603015512,4.151773091710895,299.469811376672,1.5,20
1863.0,1,charge,0.8519493568003088,4.165817556883612,301.75661678901827,2.5,20
1863.0,2,charge,0.8453802726231047,4.166121625909975,302.8516510726455,2.5,20
1863.0,3,charge,0.8802847203560197,4.151793608433998,299.46996088088605,1.5,20
1864.0,1,charge,0.8521124685877656,4.165865047623656,301.7568153685502,2.5,20
1864.0,2,charge,0.8455530711354364,4.16616891305833,302.85157775101806,2.5,20
1864.0,3,charge,0.8803932804104904,4.151814512309175,299.47011036818554,1.5,20
1865.0,1,charge,0.8522755803752268,4.165912410837544,301.75701401990295,2.5,20
1865.0,2,charge,0.845725869647769,4.166216084897544,302.85150454080224,2.5,20
1865.0,3,charge,0.8805018404649608,4.1518357939692025,299.4702598397787,1.5,20
1866.0,1,charge,0.8524386921626881,4.165959647935692,301.75721274318994,2.5,20
1866.0,2,charge,0.8458986681600983,4.166263142837948,302.85143144209616,2.5,20
1866.0,3,charge,0.8806104005194314,4.1518574444841,299.4704092968306,1.5,20
1867.0,1,charge,0.8526018039501442,4.1660067603413555,301.75741153852493,2.5,20
1867.0,2,charge,0.84607146667243,4.166310088303158,302.851358454998,2.5,20
1867.0,3,charge,0.880718960573897,4.151879455311537,299.4705587404587,1.5,20
1868.0,1,charge,0.8527649157376053,4.166053749490628,301.75761040602134,2.5,20
1868.0,2,charge,0.8462442651847576,4.166356922730005,302.8512855796057,2.5,20
1868.0,3,charge,0.8808275206283677,4.151901818200026,299.47070817175364,1.5,20
1869.0,1,charge,0.8529280275250621,4.166100616832358,301.75780934579296,2.5,20
1869.0,2,charge,0.8464170636970869,4.1664036477364785,302.85121281600476,2.5,20
1869.0,3,charge,0.880936080682838,4.151924525233897,299.47085759176696,1.5,20
1870.0,1,charge,0.8530911393125233,4.166147363828101,301.75800835795326,2.5,20
1870.0,2,charge,0.8465898622094187,4.166450264901544,302.8511401642845,2.5,20
1870.0,3,charge,0.8810446407373087,4.151947568756059,299.4710070015075,1.5,20
1871.0,1,charge,0.8532542510999821,4.166193991984112,301.7582074426126,2.5,20
1871.0,2,charge,0.8467626607217512,4.166496775559006,302.8510676245536,2.5,20
1871.0,3,charge,0.8811532007917772,4.1519709414025785,299.4711564019517,1.5,20
1872.0,1,charge,0.8534173628874431,4.166240503099919,301.7584065998541,2.5,20
1872.0,2,charge,0.8469354592340805,4.166543181212248,302.85099519690897,2.5,20
1872.0,3,charge,0.881261760846248,4.1519946361194515,299.4713057940524,1.5,20
1873.0,1,charge,0.8535804746749002,4.166286898453718,301.7586058298127,2.5,20
1873.0,2,charge,0.8471082577464123,4.16658948337753,302.85092288144756,2.5,20
1873.0,3,charge,0.8813703209007181,4.152018646092289,299.4714551787288,1.5,20
1874.0,1,charge,0.8537435864623613,4.166333179570021,301.75880513260074,2.5,20
1874.0,2,charge,0.8472810562587392,4.166635683583928,302.85085067826634,2.5,20
1874.0,3,charge,0.8814788809551889,4.152042964749637,299.47160455687236,1.5,20
1875.0,1,charge,0.8539066982498174,4.166379347985687,301.7590045083306,2.5,20
1875.0,2,charge,0.8474538547710692,4.166681783373269,302.8507785874622,2.5,20
1875.0,3,charge,0.8815874410096597,4.152067585776339,299.47175392934275,1.5,20
1876.0,1,charge,0.8540698100372787,4.16642540524999,301.7592039571144,2.5,20
1876.0,2,charge,0.8476266532834009,4.16672778430018,302.8507066091321,2.5,20
1876.0,3,charge,0.8816960010641305,4.152092503325347,299.4719032969268,1.5,20
1877.0,1,charge,0.8542329218247399,4.1664713529244874,301.7594034790646,2.5,20
1877.0,2,charge,0.8477994517957328,4.166773688039283,302.8506347433712,2.5,20
1877.0,3,charge,0.8818045611186007,4.152117711408569,299.4720526604529,1.5,20
1878.0,1,charge,0.8543960336121966,4.166517192583013,301.75960307429335,2.5,20
1878.0,2,charge,0.8479722503080628,4.166819496288763,302.85056299027445,2.5,20
1878.0,3,charge,0.8819131211730714,4.1521432043673325,299.47220202070065,1.5,20
1879.0,1,charge,0.8545591453996579,4.1665629258116414,301.75980274291305,2.5,20
1879.0,2,charge,0.8481450488203945,4.16686521052098,302.85049134994074,2.5,20
1879.0,3,charge,0.8820216812275399,4.152168976726982,299.4723513784273,1.5,20
1880.0,1,charge,0.8547222571871166,4.166608554409786,301.7600024850311,2.5,20
1880.0,2,charge,0.8483178473327214,4.166910832351517,302.85041982246685,2.5,20
1880.0,3,charge,0.8821302412820107,4.152195023182696,299.47250073436936,1.5,20
1881.0,1,charge,0.8548853689745779,4.166654079925378,301.7602023007616,2.5,20
1881.0,2,charge,0.8484906458450512,4.166956363408332,302.8503484079495,2.5,20
1881.0,3,charge,0.882238801336481,4.152221339045517,299.47265008919146,1.5,20
1882.0,1,charge,0.8550484807620347,4.166699503939983,301.7604021902174,2.5,20
1882.0,2,charge,0.848663444357383,4.167001805331726,302.8502771064856,2.5,20
1882.0,3,charge,0.8823473613909516,4.152247919590615,299.47279944356103,1.5,20
1883.0,1,charge,0.8552115925494959,4.166744828097242,301.76060215351066,2.5,20
1883.0,2,charge,0.848836242869715,4.167047159774237,302.8502059181717,2.5,20
1883.0,3,charge,0.8824559214454172,4.152274759966687,299.47294879815837,1.5,20
1884.0,1,charge,0.855374704336952,4.166790054052784,301.76080219075357,2.5,20
1884.0,2,charge,0.8490090413820448,4.16709242840062,302.8501348431046,2.5,20
1884.0,3,charge,0.8825644814998879,4.1523018556608315,299.47309815362365,1.5,20
1885.0,1,charge,0.8555378161244133,4.166835183474065,301.761002302058,2.5,20
1885.0,2,charge,0.8491818398943717,4.167137612929098,302.85006388138214,2.5,20
1885.0,3,charge,0.8826730415543588,4.152329202303477,299.4732475105788,1.5,20
1886.0,1,charge,0.8557009279118745,4.166880218040356,301.76120248753614,2.5,20
1886.0,2,charge,0.8493546384067034,4.16718271513176,302.8499930331034,2.5,20
1886.0,3,charge,0.8827816016088291,4.152356795710769,299.4733968696239,1.5,20
1887.0,1,charge,0.8558640396993312,4.166925159442675,301.7614027473,2.5,20
1887.0,2,charge,0.8495274369190328,4.167227736659992,302.84992229836377,2.5,20
1887.0,3,charge,0.8828901616632999,4.152384632284447,299.4735462312974,1.5,20
1888.0,1,charge,0.8560271514867925,4.166970009403077,301.7616030814621,2.5,20
1888.0,2,charge,0.8497002354313652,4.167272679238279,302.8498516772603,2.5,20
1888.0,3,charge,0.8829987217177684,4.152412708034157,299.4736955961732,1.5,20
1889.0,1,charge,0.8561902632742485,4.167014769683027,301.76180349013555,2.5,20
1889.0,2,charge,0.8498730339436971,4.167317544602891,302.84978116989004,2.5,20
1889.0,3,charge,0.8831072817722391,4.1524410193248125,299.47384496478645,1.5,20
1890.0,1,charge,0.8563533750617123,4.167059442011952,301.7620039734325,2.5,20
1890.0,2,charge,0.8500458324560264,4.167362334501965,302.84971077635004,2.5,20
1890.0,3,charge,0.8832158418267093,4.152469562674888,299.4739943376541,1.5,20
1890.0,1,charge,0.8563533750617098,4.167059442011952,301.7620039734325,2.0,21
1890.0,1,charge,0.8563533750617123,4.155124738712142,301.7620039734325,2.0,21
1890.0,2,charge,0.850045832456025,4.167362334501965,302.84971077635004,2.0,21
1890.0,2,charge,0.8500458324560264,4.155416348316582,302.84971077635004,2.0,21
1890.0,3,charge,0.8832158418267105,4.152469562674888,299.4739943376541,1.5,21
1890.0,3,charge,0.8832158418267093,4.152469562674888,299.4739943376541,1.5,21
1891.0,1,charge,0.8564838644916786,4.154973547053008,301.7619250636025,2.0,21
1891.0,2,charge,0.8501840712658892,4.155267114203228,302.8494006140638,2.0,21
1891.0,3,charge,0.8833244018811801,4.152498341209886,299.47414371550826,1.5,21
1892.0,1,charge,0.856614353921643,4.1548748668023014,301.76184552178734,2.0,21
1892.0,2,charge,0.8503223100757547,4.155170316894838,302.8490899510884,2.0,21
1892.0,3,charge,0.8834329619356509,4.1525273391659665,299.474293098437,1.5,21
1893.0,1,charge,0.8567448433516118,4.154797735811912,301.76176541530845,2.0,21
1893.0,2,charge,0.8504605488856193,4.155094622752162,302.8487788458283,2.0,21
1893.0,3,charge,0.8835415219901217,4.152556557610824,299.47444248727896,1.5,21
1894.0,1,charge,0.8568753327815788,4.154733107282168,301.76168478517707,2.0,21
1894.0,2,charge,0.8505987876954821,4.155031136949071,302.8484673337188,2.0,21
1894.0,3,charge,0.883650082044592,4.1525859952756505,299.4745918822556,1.5,21
1895.0,1,charge,0.8570058222115475,4.154677081875788,301.7616036639936,2.0,21
1895.0,2,charge,0.8507370265053472,4.154976064760206,302.8481554428923,2.0,21
1895.0,3,charge,0.8837586420990626,4.152615649779634,299.4747412837911,1.5,21
1896.0,1,charge,0.8571363116415163,4.1546276345029565,301.7615220796619,2.0,21
1896.0,2,charge,0.8508752653152118,4.154927440807623,302.84784319741283,2.0,21
1896.0,3,charge,0.8838672021535311,4.152645517583232,299.47489069241544,1.5,21
1897.0,1,charge,0.8572668010714833,4.154583513022938,301.7614400570448,2.0,21
1897.0,2,charge,0.8510135041250723,4.1548840489236465,302.84753061871317,2.0,21
1897.0,3,charge,0.8839757622080018,4.152675596745564,299.47504010845984,1.5,21
1898.0,1,charge,0.8573972905014523,4.154543886255213,301.7613576187472,2.0,21
1898.0,2,charge,0.8511517429349401,4.154845081235762,302.8472177262737,2.0,21
1898.0,3,charge,0.8840843222624722,4.152705885176956,299.47518953227495,1.5,21
1899.0,1,charge,0.857527779931416,4.154508172219811,301.7612747855875,2.0,21
1899.0,2,charge,0.8512899817448047,4.154809971191023,302.8469045380316,2.0,21
1899.0,3,charge,0.8841928823169428,4.152736379976513,299.4753389643049,1.5,21
1900.0,1,charge,0.8576582693613831,4.154475929396958,301.7611915769594,2.0,21
1900.0,2,charge,0.8514282205546653,4.154778288413804,302.8465910706935,2.0,21
1900.0,3,charge,0.8843014423714084,4.152767076814568,299.4754884051608,1.5,21
1901.0,1,charge,0.8577887587913519,4.154446808180772,301.7611080110686,2.0,21
1901.0,2,charge,0.8515664593645331,4.154749691706621,302.8462773399409,2.0,21
1901.0,3,charge,0.8844100024258791,4.152797975590651,299.4756378549542,1.5,21
1902.0,1,charge,0.8579192482213214,4.15442052962774,301.76102410508133,2.0,21
1902.0,2,charge,0.8517046981743978,4.154723908515359,302.84596336055836,2.0,21
1902.0,3,charge,0.8845185624803492,4.152829076226898,299.4757873137942,1.5,21
1903.0,1,charge,0.8580497376512878,4.154396864136591,301.7609398752534,2.0,21
1903.0,2,charge,0.8518429369842582,4.15470071418962,302.8456491465449,2.0,21
1903.0,3,charge,0.8846271225348176,4.152860373163687,299.4759367824347,1.5,21
1904.0,1,charge,0.8581802270812565,4.15437561779896,301.7608553370266,2.0,21
1904.0,2,charge,0.851981175794126,4.154679918794667,302.84533471119767,2.0,21
1904.0,3,charge,0.8847356825892884,4.152891866766206,299.47608626093165,1.5,21
1905.0,1,charge,0.8583107165112209,4.154356625320654,301.76077050509895,2.0,21
1905.0,2,charge,0.8521194146039907,4.1546613602475615,302.8450200671725,2.0,21
1905.0,3,charge,0.8848442426437586,4.152923555411609,299.476235749575,1.5,21
1906.0,1,charge,0.8584412059411871,4.154339742967658,301.7606853934952,2.0,21
1906.0,2,charge,0.8522576534138511,4.154644897452213,302.84470522654493,2.0,21
1906.0,3,charge,0.8849528026982294,4.1529554360307595,299.47638524882325,1.5,21
1907.0,1,charge,0.8585716953711561,4.154324845114698,301.7606000156114,2.0,21
1907.0,2,charge,0.8523958922237189,4.154630406932434,302.8443902008487,2.0,21
1907.0,3,charge,0.8850613627527001,4.152987507313775,299.4765347589284,1.5,21
1908.0,1,charge,0.8587021848011255,4.154311815887704,301.7605143843017,2.0,21
1908.0,2,charge,0.8525341310335836,4.154617774771375,302.84407500115054,2.0,21
1908.0,3,charge,0.8851699228071709,4.1530197674586855,299.4766842801993,1.5,21
1909.0,1,charge,0.8588326742310944,4.154300551065504,301.7604285118858,2.0,21
1909.0,2,charge,0.852672369843444,4.154606898400981,302.84375963805655,2.0,21
1909.0,3,charge,0.8852784828616411,4.153052214984348,299.47683381290716,1.5,21
1910.0,1,charge,0.8589631636610606,4.154290957157581,301.76034241017254,2.0,21
1910.0,2,charge,0.8528106086533118,4.154597685736685,302.8434441217329,2.0,21
1910.0,3,charge,0.8853870429161119,4.153084847963796,299.47698335737437,1.5,21
1911.0,1,charge,0.859093653091025,4.154282949275395,301.76025609049356,2.0,21
1911.0,2,charge,0.8529488474631765,4.154590053095182,302.84312846193427,2.0,21
1911.0,3,charge,0.8854956029705803,4.153117664885663,299.4771329138745,1.5,21
1912.0,1,charge,0.8592241425209938,4.154276449824958,301.7601695637286,2.0,21
1912.0,2,charge,0.8530870862730369,4.154583923912999,302.84281266802657,2.0,21
1912.0,3,charge,0.8856041630250504,4.1531506648351915,299.4772824826108,1.5,21
1913.0,1,charge,0.859354631950961,4.154271387113901,301.7600828403321,2.0,21
1913.0,2,charge,0.8532253250829047,4.1545792274206566,302.8424967490089,2.0,21
1913.0,3,charge,0.8857127230795211,4.1531838459459856,299.4774320638973,1.5,21
1914.0,1,charge,0.8594851213809297,4.154267694715245,301.7599959303543,2.0,21
1914.0,2,charge,0.8533635638927694,4.154575897982294,302.8421807135326,2.0,21
1914.0,3,charge,0.885821283133992,4.153217207037957,299.47758165796745,1.5,21
1915.0,1,charge,0.8596156108108984,4.1542653100621285,301.7599088434684,2.0,21
1915.0,2,charge,0.8535018027026298,4.15457387377668,302.841864569924,2.0,21
1915.0,3,charge,0.8859298431884572,4.153250747309351,299.4777312650103,1.5,21
1916.0,1,charge,0.8597461002408656,4.1542641752469125,301.75982158897745,2.0,21
1916.0,2,charge,0.8536400415124968,4.154573097529048,302.8415483261907,2.0,21
1916.0,3,charge,0.8860384032429283,4.153284465167851,299.47788088530626,1.5,21
1917.0,1,charge,0.8598765896708292,4.154264235146518,301.7597341758411,2.0,21
1917.0,2,charge,0.8537782803223622,4.154573514715186,302.8412319900449,2.0,21
1917.0,3,charge,0.8861469632973984,4.153318359873749,299.47803051903674,1.5,21
1918.0,1,charge,0.8600070791007981,4.154265438248281,301.7596466126861,2.0,21
1918.0,2,charge,0.8539165191322224,4.154575074358324,302.8409155689115,2.0,21
1918.0,3,charge,0.8862555233518667,4.153352430847244,299.4781801663642,1.5,21
1919.0,1,charge,0.860137568530765,4.154267736104455,301.75955890781506,2.0,21
1919.0,2,charge,0.8540547579420897,4.154577728483693,302.84059906993684,2.0,21
1919.0,3,charge,0.8863640834063378,4.153386676717085,299.4783298275421,1.5,21
1920.0,1,charge,0.860268057960734,4.154271082683335,301.7594710692319,2.0,21
1920.0,2,charge,0.8541929967519499,4.154581431511613,302.8402825000096,2.0,21
1920.0,3,charge,0.8864726434608086,4.153421096402588,299.47847950278975,1.5,21
1921.0,1,charge,0.8603985473907028,4.154275435125468,301.7593831046372,2.0,21
1921.0,2,charge,0.8543312355618153,4.154586140965138,302.83996586575756,2.0,21
1921.0,3,charge,0.8865812035152787,4.1534556888039065,299.4786291923283,1.5,21
1922.0,1,charge,0.8605290368206697,4.154280752439075,301.7592950214582,2.0,21
1922.0,2,charge,0.8544694743716824,4.154591816220471,302.839649173573,2.0,21
1922.0,3,charge,0.8866897635697496,4.153490452802029,299.4787788963806,1.5,21
1923.0,1,charge,0.8606595262506387,4.15428699608057,301.75920682684614,2.0,21
1923.0,2,charge,0.8546077131815428,4.154598419059292,302.8393324296106,2.0,21
1923.0,3,charge,0.8867983236242203,4.153525388982518,299.47892861497377,1.5,21
1924.0,1,charge,0.860790015680603,4.154294129341952,301.75911852769497,2.0,21
1924.0,2,charge,0.8547459519914082,4.154605913076061,302.83901563980316,2.0,21
1924.0,3,charge,0.8869068836786911,4.153560496063162,299.47907834834876,1.5,21
1925.0,1,charge,0.8609205051105693,4.154302117277058,301.7590301306459,2.0,21
1925.0,2,charge,0.8548841908012753,4.154614263605716,302.8386988098664,2.0,21
1925.0,3,charge,0.8870154437331613,4.153595772958361,299.47922809672343,1.5,21
1926.0,1,charge,0.8610509945405381,4.154310926556124,301.7589416421137,2.0,21
1926.0,2,charge,0.8550224296111357,4.154623437578224,302.838381945321,2.0,21
1926.0,3,charge,0.8871240037876321,4.153631218856657,299.47937786028365,1.5,21
1927.0,1,charge,0.8611814839705076,4.1543205253472095,301.75885306828434,2.0,21
1927.0,2,charge,0.8551606684210011,4.1546334034105765,302.8380650514898,2.0,21
1927.0,3,charge,0.8872325638421005,4.153666832959124,299.4795276392135,1.5,21
1928.0,1,charge,0.8613119734004765,4.154330883913089,301.7587644150849,2.0,21
1928.0,2,charge,0.8552989072308682,4.154644131575145,302.83774813347407,2.0,21
1928.0,3,charge,0.8873411238965713,4.153702614630259,299.47967743367815,1.5,21
1929.0,1,charge,0.8614424628304428,4.1543419728256215,301.7586756882888,2.0,21
1929.0,2,charge,0.8554371460407286,4.154655592866113,302.8374311962418,2.0,21
1929.0,3,charge,0.8874496839510417,4.1537385644310865,299.47982724370695,1.5,21
1930.0,1,charge,0.8615729522604073,4.154353763917761,301.7585868934629,2.0,21
1930.0,2,charge,0.855575384850594,4.154667759324467,302.8371142445838,2.0,21
1930.0,3,charge,0.8875582440055124,4.153774681096505,299.4799770695357,1.5,21
1931.0,1,charge,0.861703441690376,4.15436623179926,301.7584980359101,2.0,21
1931.0,2,charge,0.8557136236604611,4.154680605749539,302.8367972830619,2.0,21
1931.0,3,charge,0.8876668040599777,4.153810964128315,299.48012691131294,1.5,21
1932.0,1,charge,0.8618339311203431,4.154379350831163,301.75840912080565,2.0,21
1932.0,2,charge,0.8558518624703215,4.154694106655183,302.8364803161309,2.0,21
1932.0,3,charge,0.8877753641144484,4.1538474130658525,299.48027676918235,1.5,21
1933.0,1,charge,0.8619644205503119,4.154393096263954,301.758320153153,2.0,21
1933.0,2,charge,0.8559901012801862,4.154708237479592,302.8361633480957,2.0,21
1933.0,3,charge,0.8878839241689187,4.153884027486161,299.4804266432833,1.5,21
1934.0,1,charge,0.8620949099802808,4.154407445173257,301.7582311377457,2.0,21
1934.0,2,charge,0.856128340090054,4.154722975468884,302.83584638308014,2.0,21
1934.0,3,charge,0.8879924842233896,4.153920807069398,299.48057653374383,1.5,21
1935.0,1,charge,0.8622253994102477,4.154422376034084,301.7581420791914,2.0,21
1935.0,2,charge,0.8562665788999144,4.154738299213745,302.8355294250495,2.0,21
1935.0,3,charge,0.888101044277858,4.153957751562477,299.4807264406842,1.5,21
1936.0,1,charge,0.8623558888402166,4.154437867146706,301.7580529819869,2.0,21
1936.0,2,charge,0.856404817709779,4.154754187172142,302.83521247787286,2.0,21
1936.0,3,charge,0.8882096043323289,4.153994860620961,299.4808763642334,1.5,21
1937.0,1,charge,0.8624863782701804,4.154453898148068,301.75796385045294,2.0,21
1937.0,2,charge,0.8565430565196469,4.154770619121054,302.83489554526744,2.0,21
1937.0,3,charge,0.8883181643867998,4.154032134004067,299.48102630450904,1.5,21
1938.0,1,charge,0.8626168677001473,4.154470450049442,301.7578746887255,2.0,21
1938.0,2,charge,0.8566812953295071,4.154787576185687,302.8345786307917,2.0,21
1938.0,3,charge,0.8884267244412699,4.154069571512099,299.48117626162383,1.5,21
1939.0,1,charge,0.8627473571301162,4.154487504070637,301.75778550083726,2.0,21
1939.0,2,charge,0.856819534139372,4.154805039711161,302.83426173791537,2.0,21
1939.0,3,charge,0.8885352844957408,4.15410717298663,299.4813262356856,1.5,21
1940.0,1,charge,0.8628778465600849,4.154505042392729,301.7576962906706,2.0,21
1940.0,2,charge,0.8569577729492398,4.154822991993201,302.8339448699784,2.0,21
1940.0,3,charge,0.8886438445502115,4.154144937927426,299.48147622684183,1.5,21
1941.0,1,charge,0.863008335990052,4.154523047919818,301.75760706195695,2.0,21
1941.0,2,charge,0.8570960117591,4.1548414160474785,302.8336280301906,2.0,21
1941.0,3,charge,0.8887524046046823,4.154182866208709,299.48162623519636,1.5,21
1942.0,1,charge,0.8631388254200207,4.154541504222572,301.75751781831286,2.0,21
1942.0,2,charge,0.8572342505689649,4.154860295550613,302.8333112216638,2.0,21
1942.0,3,charge,0.8888609646591525,4.154220957810228,299.4817762608405,1.5,21
1943.0,1,charge,0.8632693148499851,4.154560395495507,301.75742856323234,2.0,21
1943.0,2,charge,0.85737248937883,4.154879614799813,302.8329944474035,2.0,21
1943.0,3,charge,0.8889695247136233,4.154259212640956,299.48192630387354,1.5,21
1944.0,1,charge,0.8633998042799514,4.154579706606679,301.75733930008045,2.0,21
1944.0,2,charge,0.8575107281886929,4.154899358764452,302.83267771030404,2.0,21
1944.0,3,charge,0.8890780847680917,4.154297630642274,299.4820763643912,1.5,21
1945.0,1,charge,0.8635302937099203,4.1545994230310574,301.75725003210243,2.0,21
1945.0,2,charge,0.8576489669985575,4.154919513012618,302.83236101315754,2.0,21
1945.0,3,charge,0.8891866448225626,4.1543362117744005,299.4822264424868,1.5,21
1946.0,1,charge,0.8636607831398898,4.154619530653811,301.75716076244834,2.0,21
1946.0,2,charge,0.8577872058084229,4.154940063525109,302.83204435867333,2.0,21
1946.0,3,charge,0.8892952048770328,4.154374955485216,299.4823765383126,1.5,21
1947.0,1,charge,0.8637912725698587,4.154640015956727,301.7570714941545,2.0,21
1947.0,2,charge,0.8579254446182858,4.154960996879691,302.8317277494632,2.0,21
1947.0,3,charge,0.8894037649315036,4.154413862024636,299.4825266519283,1.5,21
1948.0,1,charge,0.863921761999825,4.1546608662880695,301.7569822301323,2.0,21
1948.0,2,charge,0.8580636834281504,4.15498230050392,302.83141118803115,2.0,21
1948.0,3,charge,0.8895123249859689,4.154452931371014,299.4826767834246,1.5,21
1949.0,1,charge,0.8640522514297894,4.154682069059799,301.75689297322134,2.0,21
1949.0,2,charge,0.8582019222380158,4.155003961899271,302.8310946768197,2.0,21
1949.0,3,charge,0.8896208850404396,4.154492163526202,299.4828269328896,1.5,21
1950.0,1,charge,0.8641827408597581,4.154703612276851,301.7568037261585,2.0,21
1950.0,2,charge,0.8583401610478787,4.155025969154716,302.83077821818273,2.0,21
1950.0,3,charge,0.8897294450949099,4.154531558515494,299.4829771004085,1.5,21
1951.0,1,charge,0.8643132302897245,4.154725484669397,301.7567144915679,2.0,21
1951.0,2,charge,0.8584783998577433,4.155048311084441,302.8304618143765,2.0,21
1951.0,3,charge,0.8898380051493782,4.15457111629845,299.48312728607397,1.5,21
1952.0,1,charge,0.864443719719694,4.154747675219143,301.75662527200046,2.0,21
1952.0,2,charge,0.8586166386676087,4.15507097674224,302.83014546759557,2.0,21
1952.0,3,charge,0.8899465652038491,4.154610836737007,299.48327748998986,1.5,21
1953.0,1,charge,0.8645742091496628,4.154770173353604,301.75653606992114,2.0,21
1953.0,2,charge,0.8587548774774717,4.155093955634898,302.82982917995935,2.0,21
1953.0,3,charge,0.8900551252583192,4.154650720006286,299.48342771222383,1.5,21
1954.0,1,charge,0.8647046985796297,4.154792968957438,301.7564468877032,2.0,21
1954.0,2,charge,0.8588931162873363,4.155117237722451,302.8295129535086,2.0,21
1954.0,3,charge,0.89016368531279,4.154690766171327,299.4835779528561,1.5,21
1955.0,1,charge,0.8648351880095936,4.1548160523254065,301.75635772763627,2.0,21
1955.0,2,charge,0.8590313550972016,4.155140813372166,302.8291967902124,2.0,21
1955.0,3,charge,0.8902722453672607,4.154730975315542,299.48372821196466,1.5,21
1956.0,1,charge,0.8649656774395624,4.154839414115148,301.7562685919425,2.0,21
1956.0,2,charge,0.8591695939070646,4.155164673312927,302.82888069198145,2.0,21
1956.0,3,charge,0.8903808054217316,4.154771347540798,299.4838784896253,1.5,21
1957.0,1,charge,0.8650961668695293,4.154863045359908,301.75617948276243,2.0,21
1957.0,2,charge,0.8593078327169292,4.155188808648031,302.82856466065596,2.0,21
1957.0,3,charge,0.8904893654762017,4.1548118828719875,299.4840287859228,1.5,21
1958.0,1,charge,0.8652266562994982,4.154886937446183,301.7560904021457,2.0,21
1958.0,2,charge,0.8594460715267945,4.1552132108342645,302.82824869799845,2.0,21
1958.0,3,charge,0.8905979255306726,4.154852581408274,299.48417910093315,1.5,21
1959.0,1,charge,0.865357145729467,4.154911082085232,301.7560013521002,2.0,21
1959.0,2,charge,0.8595843103366575,4.155237871649544,302.82793280573526,2.0,21
1959.0,3,charge,0.890706485585141,4.154893443321073,299.4843294347239,1.5,21
1960.0,1,charge,0.8654876351594342,4.1549354713034345,301.75591233456095,2.0,21
1960.0,2,charge,0.8597225491465221,4.155262783186318,302.82761698553,2.0,21
1960.0,3,charge,0.8908150456396118,4.15493446875766,299.4844797873654,1.5,21
1961.0,1,charge,0.8656181245894029,4.154960097422458,301.75582335140246,2.0,21
1961.0,2,charge,0.8598607879563874,4.155287937831179,302.8273012389942,2.0,21
1961.0,3,charge,0.8909236056940821,4.1549756578812245,299.484630158926,1.5,21
1962.0,1,charge,0.8657486140193671,4.154984953041749,301.75573440444225,2.0,21
1962.0,2,charge,0.8599990267662504,4.155313328247284,302.8269855676903,2.0,21
1962.0,3,charge,0.8910321657485528,4.155017010870943,299.48478054947225,1.5,21
1963.0,1,charge,0.8658791034493336,4.155010031372534,301.7556454953527,2.0,21
1963.0,2,charge,0.860137265576115,4.155338947718273,302.826669973054,2.0,21
1963.0,3,charge,0.8911407258030181,4.155058527793472,299.4849309590836,1.5,21
1964.0,1,charge,0.8660095928793023,4.155035325530198,301.755556625845,2.0,21
1964.0,2,charge,0.8602755043859803,4.155364789409821,302.8263544565588,2.0,21
1964.0,3,charge,0.8912492858574887,4.155100208896254,299.4850813878185,1.5,21
1965.0,1,charge,0.8661400823092719,4.155060828926454,301.7554677975656,2.0,21
1965.0,2,charge,0.8604137431958433,4.155390846799056,302.82603901961915,2.0,21
1965.0,3,charge,0.8913578459119591,4.155142054390661,299.4852318357398,1.5,21
1966.0,1,charge,0.8662705717392383,4.155086535239558,301.75537901210333,2.0,21
1966.0,2,charge,0.8605519820057081,4.155417113624582,302.8257236636005,2.0,21
1966.0,3,charge,0.89146640596643,4.155184064495459,299.4853823029091,1.5,21
1967.0,1,charge,0.866401061169207,4.155112438360628,301.75529027100225,2.0,21
1967.0,2,charge,0.860690220815576,4.155443583836846,302.8254083898301,2.0,21
1967.0,3,charge,0.8915749660208984,4.15522623944327,299.4855327893866,1.5,21
1968.0,1,charge,0.8665315505991711,4.155138532747513,301.7552015756863,2.0,21
1968.0,2,charge,0.8608284596254362,4.155470251966765,302.82509319952885,2.0,21
1968.0,3,charge,0.8916835260753692,4.1552685794389905,299.48568329523545,1.5,21
1969.0,1,charge,0.8666620400291376,4.155164813107712,301.75511292752645,2.0,21
1969.0,2,charge,0.860966698435301,4.155497112760686,302.8247780938784,2.0,21
1969.0,3,charge,0.8917920861298394,4.155311084579083,299.485833820531,1.5,21
1970.0,1,charge,0.8667925294591063,4.1551912738593435,301.7550243279557,2.0,21
1970.0,2,charge,0.8611049372451689,4.15552416070154,302.824463074109,2.0,21
1970.0,3,charge,0.8919006461843102,4.1553537552080675,299.48598436532063,1.5,21
1971.0,1,charge,0.8669230188890759,4.155217909853412,301.75493577831503,2.0,21
1971.0,2,charge,0.8612431760550293,4.1555513906971395,302.82414814137286,2.0,21
1971.0,3,charge,0.8920092062387809,4.155396591585042,299.48613492966115,1.5,21
1972.0,1,charge,0.8670535083190423,4.155244716121364,301.754847279907,2.0,21
1972.0,2,charge,0.8613814148648947,4.155578797835079,302.82383329678925,2.0,21
1972.0,3,charge,0.8921177662932518,4.155439593981697,299.4862855136079,1.5,21
1973.0,1,charge,0.867183997749011,4.155271687955914,301.75475883397974,2.0,21
1973.0,2,charge,0.8615196536747618,4.155606377474985,302.8235185414285,2.0,21
1973.0,3,charge,0.8922263263477227,4.155482762682616,299.4864361172149,1.5,21
1974.0,1,charge,0.8673144871789752,4.155298821418849,301.754670441625,2.0,21
1974.0,2,charge,0.8616578924846222,4.155634125718784,302.82320387623065,2.0,21
1974.0,3,charge,0.8923348864021928,4.155526097985522,299.4865867405344,1.5,21
1975.0,1,charge,0.8674449766089417,4.155326111870705,301.7545821040733,2.0,21
1975.0,2,charge,0.8617961312944876,4.155662037987164,302.8228893022521,2.0,21
1975.0,3,charge,0.8924434464566612,4.155569600201578,299.4867373836173,1.5,21
1976.0,1,charge,0.8675754660389107,4.155353555177142,301.7544938224517,2.0,21
1976.0,2,charge,0.8619343701043547,4.155690110199797,302.822574820461,2.0,21
1976.0,3,charge,0.892552006511132,4.155613269655655,299.48688804651283,1.5,21
1977.0,1,charge,0.8677059554688802,4.155381147366282,301.75440559785307,2.0,21
1977.0,2,charge,0.8620726089142151,4.1557183384382475,302.82226043179594,2.0,21
1977.0,3,charge,0.8926605665656023,4.155657106686648,299.4870387292686,1.5,21
1978.0,1,charge,0.8678364448988489,4.155408884619746,301.7543174313377,2.0,21
1978.0,2,charge,0.8622108477240797,4.155746718937081,302.8219461371676,2.0,21
1978.0,3,charge,0.892769126620073,4.155701111548505,299.4871894319416,1.5,21
1979.0,1,charge,0.8679669343288154,4.155436763364596,301.7542293239151,2.0,21
1979.0,2,charge,0.8623490865339476,4.155775248180703,302.8216319374421,2.0,21
1979.0,3,charge,0.8928776866745383,4.155745284520978,299.48734015458604,1.5,21
1980.0,1,charge,0.8680974237587796,4.1554647802975655,301.75414127653954,2.0,21
1980.0,2,charge,0.8624873253438078,4.155803922914897,302.82131783343897,2.0,21
1980.0,3,charge,0.8929862467290091,4.155789625894839,299.4874908972546,1.5,21
1980.0,1,charge,0.8680974237587822,4.1554647802975655,301.75414127653954,2.0,22
1980.0,1,charge,0.8680974237587796,4.1554647802975655,301.75414127653954,2.0,22
1980.0,2,charge,0.86248732534381,4.155803922914897,302.82131783343897,2.0,22
1980.0,2,charge,0.8624873253438078,4.155803922914897,302.82131783343897,2.0,22
1980.0,3,charge,0.8929862467290107,4.155789625894839,299.4874908972546,1.5,22
1980.0,3,charge,0.8929862467290091,4.155789625894839,299.4874908972546,1.5,22
1981.0,1,charge,0.8682279131887486,4.155492937897279,301.7540532929283,2.0,22
1981.0,2,charge,0.8626255641536726,4.155832745666387,302.82100383031815,2.0,22
1981.0,3,charge,0.8930948067834793,4.155834145180337,299.48764166676636,1.5,22
1982.0,1,charge,0.8683584026187154,4.155521221700351,301.7539653688597,2.0,22
1982.0,2,charge,0.8627638029635405,4.155861702026227,302.8206899207328,2.0,22
1982.0,3,charge,0.8932033668379502,4.155878829903209,299.48779245388977,1.5,22
1983.0,1,charge,0.8684888920486842,4.155549632394505,301.75387750792834,2.0,22
1983.0,2,charge,0.8629020417734007,4.155890792732498,302.8203761094741,2.0,22
1983.0,3,charge,0.8933119268924185,4.155923680947815,299.48794325907227,1.5,22
1984.0,1,charge,0.8686193814786533,4.155578168767822,301.75378971047724,2.0,22
1984.0,2,charge,0.8630402805832655,4.155920016622342,302.8200623967757,2.0,22
1984.0,3,charge,0.8934204869468894,4.155968699938531,299.48809408315844,1.5,22
1985.0,1,charge,0.8687498709086201,4.155606828539585,301.75370197740034,2.0,22
1985.0,2,charge,0.8631785193931334,4.1559493714677815,302.81974878348444,2.0,22
1985.0,3,charge,0.8935290470013596,4.15601388851264,299.4882449271662,1.5,22
1986.0,1,charge,0.8688803603385891,4.155635608305711,301.75361430972987,2.0,22
1986.0,2,charge,0.8633167582029936,4.155978853916828,302.81943527050504,2.0,22
1986.0,3,charge,0.8936376070558304,4.156059246996391,299.48839579167543,1.5,22
1987.0,1,charge,0.8690108497685527,4.155664506311449,301.75352670807627,2.0,22
1987.0,2,charge,0.8634549970128582,4.156008462255547,302.8191218583645,2.0,22
1987.0,3,charge,0.8937461671103012,4.156104776066198,299.48854667636334,1.5,22
1988.0,1,charge,0.8691413391985198,4.155693520576982,301.75343917311517,2.0,22
1988.0,2,charge,0.8635932358227263,4.156038194559947,302.81880854764694,2.0,22
1988.0,3,charge,0.8938547271647719,4.156150476413049,299.48869758113767,1.5,22
1989.0,1,charge,0.8692718286284885,4.155722648330352,301.7533517057031,2.0,22
1989.0,2,charge,0.8637314746325865,4.156068048111828,302.81849533908843,2.0,22
1989.0,3,charge,0.8939632872192421,4.15619634759351,299.48884850650524,1.5,22
1990.0,1,charge,0.869402318058458,4.155751885791023,301.75326430693264,2.0,22
1990.0,2,charge,0.8638697134424511,4.156098019153586,302.8181822336309,2.0,22
1990.0,3,charge,0.8940718472737129,4.156242390743647,299.48899945226884,1.5,22
1991.0,1,charge,0.8695328074884244,4.155781232683291,301.7531769770759,2.0,22
1991.0,2,charge,0.8640079522523165,4.156128107486635,302.817869231503,2.0,22
1991.0,3,charge,0.8941804073281813,4.156288606623348,299.4891504183995,1.5,22
1992.0,1,charge,0.8696632969183933,4.1558106890644035,301.7530897163287,2.0,22
1992.0,2,charge,0.8641461910621794,4.156158313206862,302.81755633287577,2.0,22
1992.0,3,charge,0.8942889673826522,4.1563349943532195,299.4893014052341,1.5,22
1993.0,1,charge,0.8697937863483576,4.155840249882021,301.7530025260903,2.0,22
1993.0,2,charge,0.864284429872044,4.156188631305981,302.81724353894793,2.0,22
1993.0,3,charge,0.8943975274371224,4.156381555328855,299.489452412621,1.5,22
1994.0,1,charge,0.8699242757783239,4.155869915528999,301.7529154064818,2.0,22
1994.0,2,charge,0.8644226686819094,4.156219062228595,302.8169308498239,2.0,22
1994.0,3,charge,0.8945060874915932,4.156428290269309,299.48960344055376,1.5,22
1995.0,1,charge,0.8700547652082928,4.1558996845646305,301.7528283580575,2.0,22
1995.0,2,charge,0.8645609074917723,4.156249604578548,302.81661826597974,2.0,22
1995.0,3,charge,0.8946146475460585,4.15647519816682,299.4897544893075,1.5,22
1996.0,1,charge,0.8701852546382624,4.1559295543177255,301.752741381666,2.0,22
1996.0,2,charge,0.8646991463016369,4.156280255729577,302.81630578814213,2.0,22
1996.0,3,charge,0.8947232076005291,4.156522280547824,299.4899055587453,1.5,22
1997.0,1,charge,0.8703157440682311,4.155959523668062,301.75265447778946,2.0,22
1997.0,2,charge,0.8648373851115023,4.1563110146078435,302.81599341672495,2.0,22
1997.0,3,charge,0.8948317676549995,4.156569538009281,299.4900566488806,1.5,22
1998.0,1,charge,0.8704462334981982,4.155989591103976,301.7525676470062,2.0,22
1998.0,2,charge,0.8649756239213643,4.15634187974767,302.81568115222393,2.0,22
1998.0,3,charge,0.8949403277094703,4.156616968828524,299.4902077600684,1.5,22
1999.0,1,charge,0.8705767229281617,4.156019755413868,301.7524808898294,2.0,22
1999.0,2,charge,0.8651138627312296,4.156372849981673,302.81536899507853,2.0,22
1999.0,3,charge,0.8950488877639389,4.156664574779418,299.4903588921462,1.5,22
2000.0,1,charge,0.8707072123581308,4.156050014972501,301.75239420686614,2.0,22
2000.0,2,charge,0.865252101541095,4.156403923728531,302.8150569458093,2.0,22
2000.0,3,charge,0.8951574478184096,4.156712356467424,299.4905100451246,1.5,22
2001.0,1,charge,0.8708377017880976,4.1560803686349965,301.75230759861586,2.0,22
2001.0,2,charge,0.8653903403509572,4.156435099889968,302.814745004844,2.0,22
2001.0,3,charge,0.8952660078728798,4.156760314497744,299.4906612190141,1.5,22
2002.0,1,charge,0.8709681912180666,4.156110815691763,301.75222106548017,2.0,22
2002.0,2,charge,0.8655285791608225,4.156466377799247,302.8144331725266,2.0,22
2002.0,3,charge,0.8953745679273506,4.156808449475342,299.49081241382515,1.5,22
2003.0,1,charge,0.8710986806480354,4.156141354638858,301.7521346080442,2.0,22
2003.0,2,charge,0.8656668179706879,4.1564977559953284,302.8141214493586,2.0,22
2003.0,3,charge,0.8954831279818214,4.156856762004857,299.49096362956845,1.5,22
2004.0,1,charge,0.8712291700780025,4.156171984707722,301.75204822672595,2.0,22
2004.0,2,charge,0.8658050567805501,4.1565292337561,302.8138098356976,2.0,22
2004.0,3,charge,0.8955916880362922,4.156905252690632,299.4911148662544,1.5,22
2005.0,1,charge,0.8713596595079712,4.156202705292499,301.7519619219082,2.0,22
2005.0,2,charge,0.8659432955904154,4.1565608105170195,302.8134983318715,2.0,22
2005.0,3,charge,0.8957002480907631,4.156953920292517,299.49126612416677,1.5,22
2006.0,1,charge,0.8714901489379354,4.15623351519621,301.7518756941103,2.0,22
2006.0,2,charge,0.8660815344002808,4.156592485123599,302.8131869383252,2.0,22
2006.0,3,charge,0.8958088081452332,4.157002765798627,299.491417403257,1.5,22
2007.0,1,charge,0.8716206383679019,4.156264414147009,301.75178954364225,2.0,22
2007.0,2,charge,0.866219773210143,4.156624257351415,302.8128756553232,2.0,22
2007.0,3,charge,0.8959173681997041,4.157051790173981,299.49156870348065,1.5,22
2008.0,1,charge,0.8717511277978707,4.156295401692704,301.75170347085674,2.0,22
2008.0,2,charge,0.8663580120200083,4.156656126787794,302.8125644831677,2.0,22
2008.0,3,charge,0.8960259282541725,4.157100993892907,299.4917200248659,1.5,22
2009.0,1,charge,0.8718816172278403,4.156326476907172,301.7516174762156,2.0,22
2009.0,2,charge,0.8664962508298737,4.156688092548722,302.8122534222542,2.0,22
2009.0,3,charge,0.8961344883086428,4.157150377428046,299.49187136744087,1.5,22
2010.0,1,charge,0.8720121066578066,4.156357639082683,301.75153156013243,2.0,22
2010.0,2,charge,0.8666344896397359,4.15672015396766,302.8119424729367,2.0,22
2010.0,3,charge,0.8962430483631134,4.157199941250198,299.49202273123353,1.5,22
2011.0,1,charge,0.8721425960877754,4.156388887505068,301.7514457230237,2.0,22
2011.0,2,charge,0.8667727284496013,4.156752310371062,302.81163163557187,2.0,22
2011.0,3,charge,0.8963516084175788,4.157249685828415,299.4921741162722,1.5,22
2012.0,1,charge,0.8722730855177397,4.156420221609525,301.7513599652733,2.0,22
2012.0,2,charge,0.8669109672594666,4.156784561236243,302.8113209104879,2.0,22
2012.0,3,charge,0.8964601684720495,4.157299611259953,299.4923255226515,1.5,22
2013.0,1,charge,0.8724035749477086,4.15645164239974,301.7512742869117,2.0,22
2013.0,2,charge,0.8670492060693288,4.156816907612623,302.81101029770946,2.0,22
2013.0,3,charge,0.8965687285265197,4.15734971770619,299.49247695045335,1.5,22
2014.0,1,charge,0.872534064377675,4.156483148542132,301.7511886884996,2.0,22
2014.0,2,charge,0.8671874448791942,4.156849348203345,302.8106997977172,2.0,22
2014.0,3,charge,0.8966772885809906,4.157400005935383,299.49262839965047,1.5,22
2015.0,1,charge,0.8726645538076444,4.156514739627343,301.75110317038985,2.0,22
2015.0,2,charge,0.8673256836890595,4.156881882638922,302.81038941081295,2.0,22
2015.0,3,charge,0.8967858486354591,4.157450476364128,299.4927798702782,1.5,22
2016.0,1,charge,0.8727950432376133,4.156546415268694,301.7510177329314,2.0,22
2016.0,2,charge,0.8674639224989217,4.156914510572214,302.81007913729513,2.0,22
2016.0,3,charge,0.8968944086899298,4.157501129406622,299.4929313623721,1.5,22
2017.0,1,charge,0.8729255326675798,4.1565781751022195,301.75093237646945,2.0,22
2017.0,2,charge,0.8676021613087871,4.156947231678278,302.80976897745904,2.0,22
2017.0,3,charge,0.8970029687444,4.157551965474452,299.4930828759678,1.5,22
2018.0,1,charge,0.8730560220975438,4.156610019432292,301.7508471011998,2.0,22
2018.0,2,charge,0.8677404001186524,4.15698004630269,302.8094589314716,2.0,22
2018.0,3,charge,0.8971115287988708,4.157602984976742,299.4932344111008,1.5,22
2019.0,1,charge,0.8731865115275126,4.156641948393484,301.75076190735814,2.0,22
2019.0,2,charge,0.8678786389285144,4.157012954621659,302.8091489995335,2.0,22
2019.0,3,charge,0.8972200888533416,4.157654188352805,299.4933859678087,1.5,22
2020.0,1,charge,0.8733170009574798,4.156673961542634,301.75067679531105,2.0,22
2020.0,2,charge,0.86801687773838,4.157045956228626,302.8088391819584,2.0,22
2020.0,3,charge,0.8973286489078124,4.1577055761825,299.4935375461388,1.5,22
2021.0,1,charge,0.8734474903874485,4.156706058838626,301.7505917653357,2.0,22
2021.0,2,charge,0.8681551165482453,4.1570790511211095,302.8085294789832,2.0,22
2021.0,3,charge,0.8974372089622825,4.15775714874833,299.4936891461185,1.5,22
2022.0,1,charge,0.8735779798174174,4.156738240285107,301.75050681770057,2.0,22
2022.0,2,charge,0.8682933553581075,4.157112239341105,302.80821989083705,2.0,22
2022.0,3,charge,0.8975457690167533,4.157808906459761,299.4938407677844,1.5,22
2023.0,1,charge,0.8737084692473844,4.156770505932602,301.7504219526646,2.0,22
2023.0,2,charge,0.8684315941679729,4.157145520977049,302.80791041774125,2.0,22
2023.0,3,charge,0.8976543290712219,4.157860849723663,299.4939924111725,1.5,22
2024.0,1,charge,0.8738389586773534,4.156802855999384,301.7503371704532,2.0,22
2024.0,2,charge,0.8685698329778382,4.157178896286269,302.8076010598877,2.0,22
2024.0,3,charge,0.8977628891256926,4.15791297894425,299.49414407631895,1.5,22
2025.0,1,charge,0.8739694481073169,4.156835290577768,301.7502524713169,2.0,22
2025.0,2,charge,0.8687080717877004,4.157212365398248,302.8072918174905,2.0,22
2025.0,3,charge,0.897871449180163,4.157965294522939,299.49429576326014,1.5,22
2026.0,1,charge,0.8740999375372841,4.1568678098716285,301.7501678554843,2.0,22
2026.0,2,charge,0.8688463105975658,4.157245928554291,302.80698269074446,2.0,22
2026.0,3,charge,0.8979800092346336,4.158017796858556,299.4944474720323,1.5,22
2027.0,1,charge,0.8742304269672528,4.156900414131528,301.7500833231742,2.0,22
2027.0,2,charge,0.8689845494074312,4.157279586042255,302.8066736798362,2.0,22
2027.0,3,charge,0.898088569289099,4.158070486848887,299.4945992026439,1.5,22
2028.0,1,charge,0.8743609163972224,4.156933103654633,301.7499988745964,2.0,22
2028.0,2,charge,0.869122788217293,4.157313338196394,302.8063647849445,2.0,22
2028.0,3,charge,0.8981971293435695,4.158123364668403,299.4947509551435,1.5,22
2029.0,1,charge,0.8744914058271887,4.156965878577506,301.7499145099989,2.0,22
2029.0,2,charge,0.8692610270271587,4.157347185190801,302.8060560062808,2.0,22
2029.0,3,charge,0.8983056893980399,4.158176430678226,299.4949027295689,1.5,22
2030.0,1,charge,0.8746218952571576,4.156998739056752,301.7498302296268,2.0,22
2030.0,2,charge,0.8693992658370235,4.15738112721522,302.80574734405474,2.0,22
2030.0,3,charge,0.8984142494525107,4.1582296852948595,299.4950545259549,1.5,22
2031.0,1,charge,0.8747523846871218,4.1570316856086125,301.7497460336432,2.0,22
2031.0,2,charge,0.869537504646886,4.157415164823655,302.80543879840485,2.0,22
2031.0,3,charge,0.8985228095069792,4.158283128932237,299.4952063443362,1.5,22
2032.0,1,charge,0.8748828741170908,4.157064718626816,301.7496619222408,2.0,22
2032.0,2,charge,0.8696757434567516,4.157449298445698,302.80513036949515,2.0,22
2032.0,3,charge,0.8986313695614493,4.158336762001529,299.49535818474766,1.5,22
2033.0,1,charge,0.875013363547057,4.157097838542823,301.74957789560534,2.0,22
2033.0,2,charge,0.8698139822666164,4.157483528548411,302.80482205748376,2.0,22
2033.0,3,charge,0.89873992961592,4.1583905849113,299.49551004722383,1.5,22
2034.0,1,charge,0.8751438529770266,4.157131045825714,301.7494939539147,2.0,22
2034.0,2,charge,0.8699522210764788,4.1575178556362244,302.8045138625221,2.0,22
2034.0,3,charge,0.8988484896703909,4.158444598371485,299.4956619317823,1.5,22
2035.0,1,charge,0.8752743424069953,4.1571643405199215,301.7494100974457,2.0,22
2035.0,2,charge,0.8700904598863445,4.157552279789355,302.8042057848464,2.0,22
2035.0,3,charge,0.8989570497248617,4.158498802866521,299.4958138384532,1.5,22
2036.0,1,charge,0.8754048318369618,4.157197723294802,301.7493263263332,2.0,22
2036.0,2,charge,0.8702286986962093,4.15758680170829,302.8038978245715,2.0,22
2036.0,3,charge,0.8990656097793318,4.158553198647816,299.49596576727987,1.5,22
2037.0,1,charge,0.875535321266926,4.157231194669468,301.74924264074724,2.0,22
2037.0,2,charge,0.8703669375060717,4.1576214219483,302.80358998184204,2.0,22
2037.0,3,charge,0.8991741698338026,4.158607786140878,299.4961177182956,1.5,22
2038.0,1,charge,0.875665810696895,4.157264755169941,301.74915904085805,2.0,22
2038.0,2,charge,0.8705051763159374,4.157656141069402,302.8032822568026,2.0,22
2038.0,3,charge,0.8992827298882711,4.158662565768606,299.4962696915335,1.5,22
2039.0,1,charge,0.8757963001268619,4.157298405350837,301.7490755268301,2.0,22
2039.0,2,charge,0.8706434151258022,4.157690959660048,302.8029746495933,2.0,22
2039.0,3,charge,0.8993912899427419,4.158717537951334,299.496421687027,1.5,22
2040.0,1,charge,0.8759267895568307,4.157332145701368,301.74899209884427,2.0,22
2040.0,2,charge,0.8707816539356646,4.157725878244084,302.80266716036783,2.0,22
2040.0,3,charge,0.8994998499972122,4.158772703106737,299.49657370480924,1.5,22
2041.0,1,charge,0.8760572789867996,4.157365976670305,301.748908757092,2.0,22
2041.0,2,charge,0.8709198927455303,4.157760897300338,302.80235978928954,2.0,22
2041.0,3,charge,0.8996084100516828,4.158828061763697,299.49672574490825,1.5,22
2042.0,1,charge,0.8761877684167665,4.157399898954921,301.74882550170855,2.0,22
2042.0,2,charge,0.8710581315553951,4.157796017560279,302.80205253647324,2.0,22
2042.0,3,charge,0.8997169701061482,4.158883614605361,299.49687780734513,1.5,22
2043.0,1,charge,0.8763182578467356,4.157433913173897,301.7487423328486,2.0,22
2043.0,2,charge,0.8711963703652575,4.157831239675076,302.8017454020503,2.0,22
2043.0,3,charge,0.8998255301606187,4.158939361838901,299.49702989216235,1.5,22
2044.0,1,charge,0.8764487472766991,4.157468019969426,301.7486592506625,2.0,22
2044.0,2,charge,0.8713346091751232,4.15786656431913,302.8014383861486,2.0,22
2044.0,3,charge,0.8999340902150889,4.158995303893596,299.49718199939224,1.5,22
2045.0,1,charge,0.8765792367066662,4.157502220007126,301.7485762552964,2.0,22
2045.0,2,charge,0.871472847984988,4.157901992190054,302.8011314888922,2.0,22
2045.0,3,charge,0.9000426502695599,4.15905144119615,299.49733412906704,1.5,22
2046.0,1,charge,0.876709726136635,4.157536513853801,301.7484933469204,2.0,22
2046.0,2,charge,0.8716110867948504,4.157937523886988,302.8008247104258,2.0,22
2046.0,3,charge,0.9001512103240282,4.15910777417072,299.49748628121904,1.5,22
2047.0,1,charge,0.8768402155666044,4.157570902237075,301.74841052566853,2.0,22
2047.0,2,charge,0.8717493256047159,4.157973160167074,302.8005180508635,2.0,22
2047.0,3,charge,0.9002597703784991,4.159164303238838,299.49763845588063,1.5,22
2048.0,1,charge,0.8769707049965708,4.157605385882814,301.7483277916764,2.0,22
2048.0,2,charge,0.8718875644145807,4.158008901788029,302.80021151032025,2.0,22
2048.0,3,charge,0.9003683304329694,4.159221028819467,299.497790653084,1.5,22
2049.0,1,charge,0.87710119442654,4.15763996552245,301.7482451450795,2.0,22
2049.0,2,charge,0.8720258032244409,4.158044749512042,302.7999050889111,2.0,22
2049.0,3,charge,0.9004768904874402,4.1592779516831495,299.4979428728506,1.5,22
2050.0,1,charge,0.8772316838565037,4.157674641908067,301.7481625860097,2.0,22
2050.0,2,charge,0.8721640420343088,4.158080704121615,302.79959878674794,2.0,22
2050.0,3,charge,0.900585450541911,4.159335072028807,299.4980951152193,1.5,22
2051.0,1,charge,0.8773621732864728,4.1577094157803565,301.74808011460243,2.0,22
2051.0,2,charge,0.8723022808441734,4.158116766388513,302.7992926039455,2.0,22
2051.0,3,charge,0.9006940105963818,4.15939239028439,299.498247380222,1.5,22
2052.0,1,charge,0.87749266271644,4.15774428784755,301.74799773100165,2.0,22
2052.0,2,charge,0.8724405196540338,4.158152937049022,302.7989865406267,2.0,22
2052.0,3,charge,0.9008025706508519,4.159449906875928,299.4983996678905,1.5,22
2053.0,1,charge,0.8776231521464087,4.157779258953339,301.7479154353214,2.0,22
2053.0,2,charge,0.8725787584639009,4.15818921697718,302.7986805968878,2.0,22
2053.0,3,charge,0.9009111307053227,4.159507622226946,299.4985519782565,1.5,22
2054.0,1,charge,0.8777536415763777,4.157814329909846,301.74783322768377,2.0,22
2054.0,2,charge,0.8727169972737663,4.158225607014328,302.79837477283246,2.0,22
2054.0,3,charge,0.9010196907597913,4.159565536758411,299.4987043113518,1.5,22
2055.0,1,charge,0.8778841310063447,4.157849501547378,301.7477511082079,2.0,22
2055.0,2,charge,0.8728552360836265,4.158262108019784,302.79806906856174,2.0,22
2055.0,3,charge,0.9011282508142621,4.15962365088861,299.4988566672083,1.5,22
2056.0,1,charge,0.8780146204363082,4.157884774714417,301.74766907700973,2.0,22
2056.0,2,charge,0.8729934748934939,4.158298720870734,302.7977634841738,2.0,22
2056.0,3,charge,0.9012368108687324,4.159681965231107,299.4990090458539,1.5,22
2057.0,1,charge,0.878145109866277,4.157920150133175,301.74758713423466,2.0,22
2057.0,2,charge,0.8731317137033592,4.158335446319461,302.79745801979215,2.0,22
2057.0,3,charge,0.901345370923203,4.159740480180483,299.4991614473208,1.5,22
2058.0,1,charge,0.878275599296244,4.157955628687236,301.74750527999277,2.0,22
2058.0,2,charge,0.8732699525132194,4.158372285274168,302.79715267551023,2.0,22
2058.0,3,charge,0.9014539309776683,4.159799196094361,299.49931387164185,1.5,22
2059.0,1,charge,0.8784060887262131,4.157991211284129,301.74742351438925,2.0,22
2059.0,2,charge,0.8734081913230868,4.158409238671637,302.7968474514172,2.0,22
2059.0,3,charge,0.9015624910321389,4.159858113395333,299.49946631884853,1.5,22
2060.0,1,charge,0.8785365781561818,4.158026898816373,301.74734183753384,2.0,22
2060.0,2,charge,0.8735464301329466,4.15844630743183,302.7965423476059,2.0,22
2060.0,3,charge,0.9016710510866092,4.15991723250346,299.49961878897244,1.5,22
2061.0,1,charge,0.8786670675861489,4.158062692193282,301.74726024953327,2.0,22
2061.0,2,charge,0.8736846689428115,4.158483492491303,302.7962373641668,2.0,22
2061.0,3,charge,0.9017796111410776,4.159976553836156,299.499771282045,1.5,22
2062.0,1,charge,0.8787975570161177,4.158098592341343,301.74717875049134,2.0,22
2062.0,2,charge,0.8738229077526793,4.158520794803346,302.79593250118774,2.0,22
2062.0,3,charge,0.9018881711955485,4.16003607780836,299.4999237980978,1.5,22
2063.0,1,charge,0.8789280464460818,4.158134600204273,301.74709734050884,2.0,22
2063.0,2,charge,0.8739611465625395,4.1585582153383225,302.79562775875405,2.0,22
2063.0,3,charge,0.9019967312500187,4.160095804928432,299.50007633716143,1.5,22
2064.0,1,charge,0.8790585358760483,4.158170716743322,301.7470160196835,2.0,22
2064.0,2,charge,0.8740993853724044,4.158595755083818,302.79532313694847,2.0,22
2064.0,3,charge,0.9021052913044895,4.160155735715714,299.500228899266,1.5,22
2065.0,1,charge,0.8791890253060171,4.1582069429375235,301.7469347881098,2.0,22
2065.0,2,charge,0.8742376241822724,4.158633415044932,302.7950186358509,2.0,22
2065.0,3,charge,0.9022138513589603,4.160215870479002,299.5003814844444,1.5,22
2066.0,1,charge,0.8793195147359866,4.158243279713483,301.74685364589504,2.0,22
2066.0,2,charge,0.8743758629921324,4.1586711961757485,302.794714255552,2.0,22
2066.0,3,charge,0.9023224114134312,4.160276209635662,299.50053409272783,1.5,22
2067.0,1,charge,0.8794500041659555,4.1582797279727925,301.746772593153,2.0,22
2067.0,2,charge,0.8745141018019974,4.158709099400996,302.7944099961484,2.0,22
2067.0,3,charge,0.9024309714679012,4.160336753600486,299.5006867241478,1.5,22
2068.0,1,charge,0.879580493595922,4.158316288728669,301.74669162997293,2.0,22
2068.0,2,charge,0.8746523406118653,4.158747125759479,302.79410585771564,2.0,22
2068.0,3,charge,0.9025395315223721,4.160397502785724,299.5008393787356,1.5,22
2069.0,1,charge,0.8797109830258861,4.158352962953971,301.74661075645406,2.0,22
2069.0,2,charge,0.8747905794217253,4.158785276248662,302.7938018403377,2.0,22
2069.0,3,charge,0.9026480915768405,4.160458457600969,299.50099205652265,1.5,22
2070.0,1,charge,0.879841472455855,4.158389751624582,301.74652997269584,2.0,22
2070.0,2,charge,0.8749288182315903,4.1588235518686805,302.79349794409893,2.0,22
2070.0,3,charge,0.9027566516313112,4.160519618453808,299.50114475754043,1.5,22
2070.0,1,charge,0.8798414724558555,4.158389751624582,301.74652997269584,2.0,23
2070.0,1,charge,0.879841472455855,4.158389751624582,301.74652997269584,2.0,23
2070.0,2,charge,0.8749288182315917,4.1588235518686805,302.79349794409893,2.0,23
2070.0,2,charge,0.8749288182315903,4.1588235518686805,302.79349794409893,2.0,23
2070.0,3,charge,0.9027566516313099,4.160519618453808,299.50114475754043,0.0,23
2070.0,3,charge,0.9027566516313112,4.109208303437692,299.50114475754043,0.0,23
2071.0,1,charge,0.8799719618858214,4.158426661680283,301.74644930908454,2.0,23
2071.0,2,charge,0.8750670570414582,4.158861959612895,302.7931942098151,2.0,23
2071.0,3,charge,0.9027566516313115,4.108328317784537,299.50102208088646,0.0,23
2072.0,1,charge,0.8801024513157909,4.15846368590457,301.7463687245611,2.0,23
2072.0,2,charge,0.8752052958513182,4.15890049218705,302.7928905817747,2.0,23
2072.0,3,charge,0.9027566516313115,4.107777842484472,299.50089941537095,0.0,23
2073.0,1,charge,0.8802329407457596,4.158500825521335,301.74628822018025,2.0,23
2073.0,2,charge,0.8753435346611832,4.158939150960851,302.7925870622027,2.0,23
2073.0,3,charge,0.9027566516313115,4.1073614219062105,299.5007767609927,0.0,23
2074.0,1,charge,0.8803634301757267,4.158538082496793,301.7462078001023,2.0,23
2074.0,2,charge,0.875481773471051,4.158977937858809,302.79228365619196,2.0,23
2074.0,3,charge,0.9027566516313115,4.107016619915727,299.5006541177509,0.0,23
2075.0,1,charge,0.8804939196056905,4.158575458692108,301.7461274687525,2.0,23
2075.0,2,charge,0.8756200122809112,4.159016854778095,302.79198036965363,2.0,23
2075.0,3,charge,0.9027566516313115,4.106717124541211,299.50053148564444,0.0,23
2076.0,1,charge,0.8806244090356592,4.158612955078022,301.74604722817713,2.0,23
2076.0,2,charge,0.8757582510907761,4.159055902714388,302.791677205419,2.0,23
2076.0,3,charge,0.9027566516313115,4.106449687591725,299.50040886467224,0.0,23
2077.0,1,charge,0.8807548984656262,4.158650572973633,301.7459670773346,2.0,23
2077.0,2,charge,0.875896489900644,4.159095083016539,302.7913741618514,2.0,23
2077.0,3,charge,0.9027566516313115,4.106206496475787,299.5002862548333,0.0,23
2078.0,1,charge,0.8808853878955952,4.158688313692973,301.74588701574334,2.0,23
2078.0,2,charge,0.8760347287105041,4.15913439702349,302.7910712384315,2.0,23
2078.0,3,charge,0.9027566516313115,4.1059826021773365,299.5001636561268,0.0,23
2079.0,1,charge,0.881015877325564,4.158726177720604,301.7458070450628,2.0,23
2079.0,2,charge,0.876172967520369,4.159173845185401,302.790768437328,2.0,23
2079.0,3,charge,0.9027566516313139,4.105774587316613,299.5000410685516,0.0,23
2080.0,1,charge,0.881146366755531,4.158764166640443,301.7457271647434,2.0,23
2080.0,2,charge,0.8763112063302368,4.159213429199195,302.79046575765636,2.0,23
2080.0,3,charge,0.9027566516313139,4.105579953194786,299.4999184921066,0.0,23
2081.0,1,charge,0.8812768561854998,4.158802281840495,301.7456473746385,2.0,23
2081.0,2,charge,0.8764494451400967,4.159253150443747,302.7901631993194,2.0,23
2081.0,3,charge,0.9027566516313139,4.1053968610988605,299.49979592679097,0.0,23
2082.0,1,charge,0.881407345615464,4.15884052354671,301.745567675622,2.0,23
2082.0,2,charge,0.8765876839499619,4.159293009061784,302.7898607633618,2.0,23
2082.0,3,charge,0.9027566516313139,4.105223894037794,299.4996733726035,0.0,23
2083.0,1,charge,0.8815378350454305,4.158878893502722,301.7454880673522,2.0,23
2083.0,2,charge,0.8767259227598297,4.159333006985537,302.78955844926855,2.0,23
2083.0,3,charge,0.9027566516313139,4.105059906413658,299.49955082954347,0.0,23
2084.0,1,charge,0.8816683244753992,4.158917393091579,301.7454085497798,2.0,23
2084.0,2,charge,0.8768641615696896,4.159373145503181,302.78925625706825,2.0,23
2084.0,3,charge,0.902756651631314,4.104903968931319,299.4994282976095,0.0,23
2085.0,1,charge,0.8817988139053687,4.158956022459961,301.7453291235092,2.0,23
2085.0,2,charge,0.8770024003795546,4.159413424802069,302.78895418733237,2.0,23
2085.0,3,charge,0.902756651631314,4.104755321046964,299.4993057768008,0.0,23
2086.0,1,charge,0.8819293033353351,4.158994783455975,301.7452497882705,2.0,23
2086.0,2,charge,0.8771406391894226,4.159453846817935,302.78865223977016,2.0,23
2086.0,3,charge,0.902756651631314,4.104613321952751,299.4991832671164,0.0,23
2087.0,1,charge,0.8820597927653042,4.159033677435543,301.74517054404885,2.0,23
2087.0,2,charge,0.8772788779992826,4.159494412735639,302.7883504144428,2.0,23
2087.0,3,charge,0.902756651631314,4.104477424285333,299.4990607685552,0.0,23
2088.0,1,charge,0.8821902821952681,4.159072703957245,301.74509139159727,2.0,23
2088.0,2,charge,0.8774171168091477,4.1595351223212464,302.78804871193404,2.0,23
2088.0,3,charge,0.9027566516313142,4.104347156352519,299.4989382811162,0.0,23
2089.0,1,charge,0.8823207716252345,4.159111865139054,301.74501233057816,2.0,23
2089.0,2,charge,0.8775553556190155,4.159575977668279,302.7877471319687,2.0,23
2089.0,3,charge,0.9027566516313142,4.104222107529077,299.4988158047983,0.0,23
2090.0,1,charge,0.8824512610552034,4.159151162259805,301.744933361013,2.0,23
2090.0,2,charge,0.8776935944288755,4.159616980077113,302.78744567456573,2.0,23
2090.0,3,charge,0.9027566516313142,4.1041019191311445,299.4986933396007,0.0,23
2091.0,1,charge,0.882581750485173,4.159190596600731,301.7448544829237,2.0,23
2091.0,2,charge,0.8778318332387404,4.159658130850345,302.787144339744,2.0,23
2091.0,3,charge,0.9027566516313142,4.103986273750076,299.49857088552227,0.0,23
2092.0,1,charge,0.8827122399151418,4.159230169445482,301.7447756963317,2.0,23
2092.0,2,charge,0.8779700720486058,4.159699431292656,302.78684312752256,2.0,23
2092.0,3,charge,0.9027566516313142,4.103874888093717,299.498448442562,0.0,23
2093.0,1,charge,0.8828427293451083,4.159269882080101,301.74469700125877,2.0,23
2093.0,2,charge,0.8781083108584684,4.15974088271095,302.7865420379201,2.0,23
2093.0,3,charge,0.9027566516313142,4.103767508472586,299.4983260107189,0.0,23
2094.0,1,charge,0.8829732187750721,4.159309735793003,301.74461839772647,2.0,23
2094.0,2,charge,0.8782465496683333,4.15978248641415,302.7862410709557,2.0,23
2094.0,3,charge,0.9027566516313142,4.103663902783106,299.498203589992,0.0,23
2095.0,1,charge,0.8831037082050386,4.159349730646508,301.7445398862693,2.0,23
2095.0,2,charge,0.8783847884781987,4.159824242198556,302.7859402271669,2.0,23
2095.0,3,charge,0.9027566516313149,4.10356386395693,299.49808118038015,0.0,23
2096.0,1,charge,0.8832341976350075,4.159389868141054,301.7444614668188,2.0,23
2096.0,2,charge,0.8785230272880605,4.159866152006689,302.78563950635356,2.0,23
2096.0,3,charge,0.9027566516313149,4.1034671959890385,299.4979587818824,0.0,23
2097.0,1,charge,0.883364687064977,4.159430149841272,301.7443831392813,2.0,23
2097.0,2,charge,0.8786612660979262,4.159908217255246,302.7853389084975,2.0,23
2097.0,3,charge,0.9027566516313149,4.103373727206812,299.4978363944979,0.0,23
2098.0,1,charge,0.8834951764949458,4.159470576956378,301.74430490371265,2.0,23
2098.0,2,charge,0.8787995049077916,4.159950439170061,302.78503843364655,2.0,23
2098.0,3,charge,0.9027566516313149,4.103283292565587,299.4977140182254,0.0,23
2099.0,1,charge,0.8836256659249123,4.159511150696755,301.7442267601687,2.0,23
2099.0,2,charge,0.8789377437176534,4.159992818977911,302.78473808184816,2.0,23
2099.0,3,charge,0.9027566516313149,4.1031957468371445,299.4975916530641,0.0,23
2100.0,1,charge,0.8837561553548764,4.159551872273971,301.7441487087052,2.0,23
2100.0,2,charge,0.8790759825275188,4.16003535790631,302.7844378531501,2.0,23
2100.0,3,charge,0.902756651631315,4.103110951601989,299.4974692990129,0.0,23
2101.0,1,charge,0.8838866447848452,4.159592742900723,301.744070749378,2.0,23
2101.0,2,charge,0.8792142213373841,4.160078057183606,302.78413774760025,2.0,23
2101.0,3,charge,0.902756651631315,4.10302878085651,299.49734695607077,0.0,23
2102.0,1,charge,0.8840171342148117,4.1596337635479825,301.743992882374,2.0,23
2102.0,2,charge,0.8793524601472461,4.16012091770464,302.78383776539005,2.0,23
2102.0,3,charge,0.9027566516313152,4.102949116148114,299.4972246242366,0.0,23
2103.0,1,charge,0.8841476236447812,4.159674935245141,301.7439151078476,2.0,23
2103.0,2,charge,0.8794906989571117,4.160163940639249,302.7835379065915,2.0,23
2103.0,3,charge,0.9027566516313152,4.102871846377733,299.4971023035096,0.0,23
2104.0,1,charge,0.8842781130747499,4.159716259398333,301.7438374257501,2.0,23
2104.0,2,charge,0.8796289377669766,4.16020712736062,302.78323817118945,2.0,23
2104.0,3,charge,0.9027566516313152,4.102796867788957,299.49697999388866,0.0,23
2105.0,1,charge,0.884408602504717,4.159757737194947,301.7437598361516,2.0,23
2105.0,2,charge,0.879767176576839,4.16025047906911,302.7829385592436,2.0,23
2105.0,3,charge,0.9027566516313152,4.102724082202373,299.4968576953728,0.0,23
2106.0,1,charge,0.8845390919346805,4.159799369822857,301.7436823391223,2.0,23
2106.0,2,charge,0.8799054153867046,4.160293996965149,302.7826390708134,2.0,23
2106.0,3,charge,0.9027566516313152,4.10265339798678,299.4967354079609,0.0,23
2107.0,1,charge,0.8846695813646492,4.1598411584702575,301.74360493473233,2.0,23
2107.0,2,charge,0.8800436541965695,4.160337682249179,302.7823397059584,2.0,23
2107.0,3,charge,0.9027566516313152,4.102584728601299,299.4966131316521,0.0,23
2108.0,1,charge,0.8848000707946164,4.159883104325688,301.7435276230518,2.0,23
2108.0,2,charge,0.8801818930064319,4.160381536121566,302.7820404647383,2.0,23
2108.0,3,charge,0.9027566516313152,4.102517992837919,299.4964908664453,0.0,23
2109.0,1,charge,0.8849305602245854,4.159925208614293,301.74345040415665,2.0,23
2109.0,2,charge,0.8803201318162973,4.160425559846163,302.78174134722065,2.0,23
2109.0,3,charge,0.9027566516313152,4.1024531141699825,299.49636861233955,0.0,23
2110.0,1,charge,0.8850610496545541,4.159967472671648,301.74337327814067,2.0,23
2110.0,2,charge,0.8804583706261624,4.160469754725024,302.78144235347753,2.0,23
2110.0,3,charge,0.9027566516313154,4.102390020091908,299.4962463693338,0.0,23
2111.0,1,charge,0.8851915390845212,4.160009897584745,301.74329624505754,2.0,23
2111.0,2,charge,0.8805966094360224,4.16051412187417,302.78114348355825,2.0,23
2111.0,3,charge,0.9027566516313154,4.102328642155765,299.4961241374271,0.0,23
2112.0,1,charge,0.88532202851449,4.160052484552342,301.7432193049789,2.0,23
2112.0,2,charge,0.8807348482458902,4.1605586625026385,302.7808447375235,2.0,23
2112.0,3,charge,0.9027566516313155,4.102268915283977,299.4960019166184,0.0,23
2113.0,1,charge,0.8854525179444536,4.160095234773158,301.7431424579764,2.0,23
2113.0,2,charge,0.8808730870557551,4.160603377819059,302.78054611543416,2.0,23
2113.0,3,charge,0.9027566516313155,4.102210777580337,299.4958797069066,0.0,23
2114.0,1,charge,0.8855830073744207,4.160138149445904,301.74306570412176,2.0,23
2114.0,2,charge,0.8810113258656153,4.160648269031533,302.78024761735077,2.0,23
2114.0,3,charge,0.9027566516313155,4.102154170883134,299.49575750829086,0.0,23
2115.0,1,charge,0.8857134968043895,4.160181229769057,301.7429890434866,2.0,23
2115.0,2,charge,0.8811495646754831,4.160693337347765,302.7799492433342,2.0,23
2115.0,3,charge,0.9027566516313155,4.102099038922834,299.49563532077,0.0,23
2116.0,1,charge,0.885843986234359,4.160224476940978,301.7429124761425,2.0,23
2116.0,2,charge,0.881287803485348,4.160738584012681,302.7796509934413,2.0,23
2116.0,3,charge,0.9027566516313155,4.102045327907296,299.4955131443432,0.0,23
2117.0,1,charge,0.8859744756643254,4.160267892570928,301.74283600210936,2.0,23
2117.0,2,charge,0.8814260422952082,4.160784010621139,302.7793528676921,2.0,23
2117.0,3,charge,0.9027566516313155,4.101992988756097,299.4953909790094,0.0,23
2118.0,1,charge,0.8861049650942942,4.160311477636444,301.7427596214868,2.0,23
2118.0,2,charge,0.881564281105076,4.16082961813,302.7790548661736,2.0,23
2118.0,3,charge,0.9027566516313156,4.101941971956675,299.4952688247675,0.0,23
2119.0,1,charge,0.8862354545242582,4.1603552333365155,301.74268333434657,2.0,23
2119.0,2,charge,0.8817025199149406,4.160875407766317,302.7787569889446,2.0,23
2119.0,3,charge,0.9027566516313155,4.101892230647993,299.49514668161646,0.0,23
2120.0,1,charge,0.8863659439542247,4.160399160889848,301.7426071407576,2.0,23
2120.0,2,charge,0.881840758724801,4.160921380756434,302.7784592360634,2.0,23
2120.0,3,charge,0.9027566516313156,4.1018437226042135,299.49502454955547,0.0,23
2121.0,1,charge,0.8864964333841936,4.160443261514817,301.74253104078895,2.0,23
2121.0,2,charge,0.8819789975346681,4.160967538325975,302.7781616075886,2.0,23
2121.0,3,charge,0.9027566516313156,4.101796404640387,299.4949024285834,0.0,23
2122.0,1,charge,0.886626922814163,4.160487536429364,301.74245503450965,2.0,23
2122.0,2,charge,0.8821172363445335,4.161013881699788,302.7778641035789,2.0,23
2122.0,3,charge,0.9027566516313156,4.101750236177024,299.4947803186992,0.0,23
2123.0,1,charge,0.8867574122441294,4.160531986850982,301.74237912198896,2.0,23
2123.0,2,charge,0.8822554751543937,4.161060412101828,302.77756672409276,2.0,23
2123.0,3,charge,0.9027566516313156,4.101705179766755,299.4946582199019,0.0,23
2124.0,1,charge,0.8868879016740985,4.160576614259991,301.74230330326077,2.0,23
2124.0,2,charge,0.882393713964261,4.161107131101072,302.77726946915186,2.0,23
2124.0,3,charge,0.9027566516313156,4.101661198151424,299.4945361321906,0.0,23
2125.0,1,charge,0.8870183911040623,4.160621419865598,301.74222757839544,2.0,23
2125.0,2,charge,0.8825319527741264,4.161154039787032,302.77697233882907,2.0,23
2125.0,3,charge,0.9027566516313156,4.101618256069905,299.4944140555642,0.0,23
2126.0,1,charge,0.8871488805340288,4.160666404802618,301.7421519474729,2.0,23
2126.0,2,charge,0.8826701915839866,4.161201139350256,302.7766753331864,2.0,23
2126.0,3,charge,0.9027566516313157,4.1015763199517625,299.4942919900216,0.0,23
2127.0,1,charge,0.8872793699639977,4.160711570306589,301.7420764105597,2.0,23
2127.0,2,charge,0.8828084303938539,4.161248431031791,302.7763784522803,2.0,23
2127.0,3,charge,0.9027566516313157,4.101535357359939,299.494169935562,0.0,23
2128.0,1,charge,0.8874098593939672,4.160756917612434,301.7420009677224,2.0,23
2128.0,2,charge,0.8829466692037139,4.161295916071697,302.7760816961673,2.0,23
2128.0,3,charge,0.9027566516313157,4.101495337217136,299.4940478921842,0.0,23
2129.0,1,charge,0.8875403488239361,4.160802447954461,301.74192561902737,2.0,23
2129.0,2,charge,0.8830849080135795,4.161343595708963,302.77578506490374,2.0,23
2129.0,3,charge,0.9027566516313157,4.101456229731221,299.4939258598874,0.0,23
2130.0,1,charge,0.8876708382539026,4.160848162566188,301.7418503645412,2.0,23
2130.0,2,charge,0.8832231468234466,4.161391471181522,302.7754885585461,2.0,23
2130.0,3,charge,0.9027566516313157,4.101418006132324,299.4938038386704,0.0,23
2131.0,1,charge,0.8878013276838667,4.160894062810422,301.7417752043179,2.0,23
2131.0,2,charge,0.8833613856333068,4.1614395439232466,302.7751921771364,2.0,23
2131.0,3,charge,0.9027566516313165,4.101380638767591,299.49368182853226,0.0,23
2132.0,1,charge,0.8879318171138355,4.160940150067933,301.7417001384097,2.0,23
2132.0,2,charge,0.8834996244431724,4.161487815220869,302.77489592072726,2.0,23
2132.0,3,charge,0.9027566516313165,4.1013441013743535,299.493559829472,0.0,23
2133.0,1,charge,0.8880623065438019,4.1609864254415365,301.74162516689574,2.0,23
2133.0,2,charge,0.8836378632530398,4.161536286218703,302.77459978938197,2.0,23
2133.0,3,charge,0.9027566516313165,4.101308368262922,299.49343784148857,0.0,23
2134.0,1,charge,0.8881927959737713,4.161032890181454,301.74155028984063,2.0,23
2134.0,2,charge,0.8837761020628997,4.161584958170421,302.77430378315546,2.0,23
2134.0,3,charge,0.9027566516313165,4.101273414830599,299.493315864581,0.0,23
2135.0,1,charge,0.8883232854037403,4.161079545537392,301.741475507309,2.0,23
2135.0,2,charge,0.8839143408727653,4.161633832328785,302.77400790210294,2.0,23
2135.0,3,charge,0.9027566516313165,4.101239217742263,299.4931938987483,0.0,23
2136.0,1,charge,0.8884537748337074,4.161126392758489,301.7414008193656,2.0,23
2136.0,2,charge,0.8840525796826324,4.161682909945758,302.77371214627914,2.0,23
2136.0,3,charge,0.9027566516313165,4.1012057541547815,299.4930719439894,0.0,23
2137.0,1,charge,0.8885842642636707,4.161173433093366,301.7413262260749,2.0,23
2137.0,2,charge,0.8841908184924926,4.161732192272298,302.77341651573926,2.0,23
2137.0,3,charge,0.9027566516313165,4.10117300219582,299.4929500003033,0.0,23
2138.0,1,charge,0.8887147536936395,4.16122066778993,301.74125172750155,2.0,23
2138.0,2,charge,0.8843290573023582,4.161781680558308,302.77312101053803,2.0,23
2138.0,3,charge,0.9027566516313165,4.10114094091994,299.4928280676891,0.0,23
2139.0,1,charge,0.8888452431236067,4.161268098095438,301.74117732371,2.0,23
2139.0,2,charge,0.8844672961122253,4.161831376052663,302.7728256307305,2.0,23
2139.0,3,charge,0.9027566516313165,4.101109550022423,299.49270614614574,0.0,23
2140.0,1,charge,0.8889757325535754,4.161315725256391,301.7411030147649,2.0,23
2140.0,2,charge,0.8846055349220855,4.161881280003118,302.77253037637144,2.0,23
2140.0,3,charge,0.9027566516313165,4.101078809979379,299.4925842356722,0.0,23
2141.0,1,charge,0.8891062219835444,4.161363550518475,301.74102880073065,2.0,23
2141.0,2,charge,0.8847437737319511,4.161931393656251,302.7722352475157,2.0,23
2141.0,3,charge,0.9027566516313165,4.101048701997897,299.49246233626747,0.0,23
2142.0,1,charge,0.8892367114135115,4.161411575248407,301.74095468166763,2.0,23
2142.0,2,charge,0.8848820125418183,4.161981718434477,302.7719402442147,2.0,23
2142.0,3,charge,0.9027566516313165,4.101019207898462,299.4923404479305,0.0,23
2143.0,1,charge,0.8893672008434804,4.161459800770622,301.7408806576375,2.0,23
2143.0,2,charge,0.8850202513516784,4.162032255580871,302.7716453665233,2.0,23
2143.0,3,charge,0.9027566516313165,4.100990310134737,299.49221857066027,0.0,23
2144.0,1,charge,0.8894976902734437,4.16150822822793,301.74080672870804,2.0,23
2144.0,2,charge,0.885158490161544,4.162083006270565,302.77135061449763,2.0,23
2144.0,3,charge,0.9027566516313165,4.100961991741697,299.49209670445595,0.0,23
2145.0,1,charge,0.8896281797034107,4.161556858876829,301.7407328949432,2.0,23
2145.0,2,charge,0.8852967289714112,4.162133971760114,302.771055988192,2.0,23
2145.0,3,charge,0.9027566516313166,4.100934236588836,299.49197484931636,0.0,23
2146.0,1,charge,0.8897586691333798,4.16160569397365,301.7406591564069,2.0,23
2146.0,2,charge,0.8854349677812713,4.162185153305574,302.77076148766105,2.0,23
2146.0,3,charge,0.9027566516313166,4.100907028898748,299.49185300524067,0.0,23
2147.0,1,charge,0.8898891585633485,4.16165473477445,301.74058551316267,2.0,23
2147.0,2,charge,0.8855732065911369,4.16223655216241,302.7704671129592,2.0,23
2147.0,3,charge,0.9027566516313166,4.100880353331204,299.4917311722277,0.0,23
2148.0,1,charge,0.8900196479933156,4.161703982535008,301.7405119652745,2.0,23
2148.0,2,charge,0.8857114454010043,4.162288169585491,302.7701728641406,2.0,23
2148.0,3,charge,0.9027566516313167,4.100854195074346,299.49160935027646,0.0,23
2149.0,1,charge,0.8901501374232845,4.161753438510827,301.74043851280595,2.0,23
2149.0,2,charge,0.8858496842108642,4.162340006828984,302.76987874125973,2.0,23
2149.0,3,charge,0.9027566516313166,4.10082853991009,299.491487539386,0.0,23
2150.0,1,charge,0.8902806268532484,4.1618031039569905,301.7403651558206,2.0,23
2150.0,2,charge,0.8859879230207298,4.162392065146378,302.7695847443708,2.0,23
2150.0,3,charge,0.9027566516313167,4.100803374575628,299.49136573955536,0.0,23
2151.0,1,charge,0.890411116283215,4.161852980128222,301.74029189438204,2.0,23
2151.0,2,charge,0.886126161830597,4.162444345790467,302.7692908735281,2.0,23
2151.0,3,charge,0.9027566516313167,4.100778685465309,299.4912439507834,0.0,23
2152.0,1,charge,0.8905416057131839,4.161903068278784,301.7402187285538,2.0,23
2152.0,2,charge,0.8862644006404572,4.162496850013195,302.76899712878577,2.0,23
2152.0,3,charge,0.9027566516313167,4.100754459665351,299.49112217306936,0.0,23
2153.0,1,charge,0.8906720951431534,4.161953369691621,301.74014565840184,2.0,23
2153.0,2,charge,0.8864026394503227,4.162549579107697,302.7687035102019,2.0,23
2153.0,3,charge,0.9027566516313167,4.100730684640437,299.491000406412,0.0,23
2154.0,1,charge,0.8908025845731222,4.162003885636962,301.740072683991,2.0,23
2154.0,2,charge,0.8865408782601899,4.162602534324355,302.76841001783043,2.0,23
2154.0,3,charge,0.9027566516313191,4.100707348757778,299.4908786508104,0.0,23
2155.0,1,charge,0.8909330740030887,4.162054617353141,301.7399998053834,2.0,23
2155.0,2,charge,0.8866791170700501,4.162655716904208,302.7681166517247,2.0,23
2155.0,3,charge,0.9027566516313191,4.100684440399959,299.4907569062636,0.0,23
2156.0,1,charge,0.8910635634330526,4.1621055660987505,301.73992702264275,2.0,23
2156.0,2,charge,0.8868173558799157,4.162709128102418,302.7678234119394,2.0,23
2156.0,3,charge,0.9027566516313191,4.1006619482009725,299.4906351727704,0.0,23
2157.0,1,charge,0.8911940528630216,4.162156733132262,301.7398543358328,2.0,23
2157.0,2,charge,0.886955594689783,4.16276276917367,302.76753029852904,2.0,23
2157.0,3,charge,0.9027566516313191,4.100639861252597,299.49051345033007,0.0,23
2158.0,1,charge,0.8913245422929881,4.162208119712133,301.73978174501747,2.0,23
2158.0,2,charge,0.887093833499643,4.162816641372213,302.7672373115482,2.0,23
2158.0,3,charge,0.9027566516313191,4.100618169000798,299.4903917389414,0.0,23
2159.0,1,charge,0.8914550317229576,4.16225972709665,301.73970925026043,2.0,23
2159.0,2,charge,0.8872320723095086,4.162870745951946,302.76694445105153,2.0,23
2159.0,3,charge,0.9027566516313194,4.100596861401579,299.4902700386035,0.0,23
2160.0,1,charge,0.8915855211529263,4.162311556543982,301.73963685162545,2.0,23
2160.0,2,charge,0.8873703111193759,4.162925084166226,302.76665171709374,2.0,23
2160.0,3,charge,0.9027566516313194,4.100575928671384,299.49014834931535,0.0,23
2160.0,1,charge,0.8915855211529238,4.162311556543982,301.73963685162545,2.0,24
2160.0,1,charge,0.8915855211529263,4.162311556543982,301.73963685162545,2.0,24
2160.0,2,charge,0.8873703111193745,4.162925084166226,302.76665171709374,2.0,24
2160.0,2,charge,0.8873703111193759,4.162925084166226,302.76665171709374,2.0,24
2160.0,3,charge,0.9027566516313208,4.100575928671384,299.49014834931535,0.0,24
2160.0,3,charge,0.9027566516313194,4.100575928671384,299.49014834931535,0.0,24
2161.0,1,charge,0.891716010582893,4.162363614035263,301.7395645989887,2.0,24
2161.0,2,charge,0.8875085499292359,4.162979662049158,302.76635917575226,2.0,24
2161.0,3,charge,0.9027566516313194,4.100555367176764,299.49002667127735,0.0,24
2162.0,1,charge,0.8918465000128568,4.162415897752296,301.7394924613997,2.0,24
2162.0,2,charge,0.8876467887391015,4.163034477619456,302.7660667843205,2.0,24
2162.0,3,charge,0.9027566516313194,4.1005351552440725,299.48990500410093,0.0,24
2163.0,1,charge,0.8919769894428256,4.162468404743344,301.73942039347946,2.0,24
2163.0,2,charge,0.8877850275489686,4.1630895280556155,302.7657744851158,2.0,24
2163.0,3,charge,0.9027566516313194,4.100515288698601,299.48978334796425,0.0,24
2164.0,1,charge,0.8921074788727921,4.162521136328961,301.73934839593466,2.0,24
2164.0,2,charge,0.8879232663588288,4.1631448146544505,302.7654822788047,2.0,24
2164.0,3,charge,0.9027566516313194,4.100495759796148,299.4896617028679,0.0,24
2165.0,1,charge,0.8922379683027616,4.162574096669288,301.7392765009355,2.0,24
2165.0,2,charge,0.8880615051686936,4.16320034153127,302.76519020698464,2.0,24
2165.0,3,charge,0.9027566516313194,4.100476561185248,299.48954006881405,0.0,24
2166.0,1,charge,0.8923684577327303,4.162627285593623,301.7392046916903,2.0,24
2166.0,2,charge,0.8881997439785615,4.163256108530377,302.764898247909,2.0,24
2166.0,3,charge,0.90275665163132,4.100457684875002,299.48941844580327,0.0,24
2167.0,1,charge,0.892498947162697,4.162680704780182,301.73913297347116,2.0,24
2167.0,2,charge,0.8883379827884217,4.163312117342493,302.7646064088265,2.0,24
2167.0,3,charge,0.9027566516313194,4.10043912332473,299.4892968338349,0.0,24
2168.0,1,charge,0.8926294365926609,4.162734355993004,301.73906135268516,2.0,24
2168.0,2,charge,0.8884762215982865,4.163368369693309,302.7643146975175,2.0,24
2168.0,3,charge,0.90275665163132,4.1004208685523444,299.48917523290817,0.0,24
2169.0,1,charge,0.8927599260226298,4.162788240245159,301.7389898249486,2.0,24
2169.0,2,charge,0.8886144604081544,4.163424866604384,302.7640231084766,2.0,24
2169.0,3,charge,0.90275665163132,4.100402914182581,299.4890536430222,0.0,24
2170.0,1,charge,0.8928904154525962,4.162842358816897,301.7389183953533,2.0,24
2170.0,2,charge,0.8887526992180146,4.163481609331934,302.7637316486297,2.0,24
2170.0,3,charge,0.90275665163132,4.100385252442923,299.4889320641761,0.0,24
2171.0,1,charge,0.8930209048825657,4.1628967130291095,301.73884706310366,2.0,24
2171.0,2,charge,0.8888909380278794,4.163538599198804,302.7634403162889,2.0,24
2171.0,3,charge,0.90275665163132,4.100367876067388,299.4888104963687,0.0,24
2172.0,1,charge,0.8931513943125345,4.16295130420814,301.7387758264986,2.0,24
2172.0,2,charge,0.8890291768377473,4.1635958375285895,302.76314910953124,2.0,24
2172.0,3,charge,0.90275665163132,4.1003507780809745,299.4886889395991,0.0,24
2173.0,1,charge,0.8932818837425016,4.163006133667556,301.7387046855381,2.0,24
2173.0,2,charge,0.8891674156476075,4.163653325628693,302.76285802835685,2.0,24
2173.0,3,charge,0.90275665163132,4.100333951765053,299.48856739386616,0.0,24
2174.0,1,charge,0.8934123731724705,4.163061202720069,301.73863364022213,2.0,24
2174.0,2,charge,0.8893056544574723,4.163711064805279,302.76256707276576,2.0,24
2174.0,3,charge,0.9027566516313201,4.100317390739553,299.488445859169,0.0,24
2175.0,1,charge,0.893542862602434,4.163116510459625,301.7385626973701,2.0,24
2175.0,2,charge,0.8894438932673402,4.163769053932359,302.76227625095544,2.0,24
2175.0,3,charge,0.9027566516313204,4.100301088667235,299.48832433550655,0.0,24
2176.0,1,charge,0.893673352032401,4.163172059756843,301.7384918521147,2.0,24
2176.0,2,charge,0.8895821320772004,4.163827296059988,302.7619855569515,2.0,24
2176.0,3,charge,0.9027566516313204,4.100285039707233,299.4882028228777,0.0,24
2177.0,1,charge,0.8938038414623698,4.163227852152856,301.73842110372425,2.0,24
2177.0,2,charge,0.8897203708870652,4.1638857927225255,302.7616949899481,2.0,24
2177.0,3,charge,0.9027566516313204,4.100269238015565,299.4880813212816,0.0,24
2178.0,1,charge,0.8939343308923388,4.1632838889507,301.7383504521987,2.0,24
2178.0,2,charge,0.8898586096969331,4.163944545215053,302.7614045499452,2.0,24
2178.0,3,charge,0.9027566516313204,4.100253678105977,299.48795983071716,0.0,24
2179.0,1,charge,0.8940648203223058,4.163340171452445,301.7382798975381,2.0,24
2179.0,2,charge,0.8899968485067933,4.16400355483121,302.7611142369428,2.0,24
2179.0,3,charge,0.9027566516313204,4.10023835419854,299.4878383511834,0.0,24
2180.0,1,charge,0.8941953097522747,4.1633967009589705,301.7382094397425,2.0,24
2180.0,2,charge,0.8901350873166581,4.164062822863252,302.7608240509407,2.0,24
2180.0,3,charge,0.9027566516313261,4.100223261170168,299.48771688267936,0.0,24
2181.0,1,charge,0.894325799182238,4.163453478769939,301.7381390788118,2.0,24
2181.0,2,charge,0.890273326126526,4.164122350601972,302.7605339919392,2.0,24
2181.0,3,charge,0.9027566516313204,4.100208393854254,299.48759542520395,0.0,24
2182.0,1,charge,0.8944562886122052,4.163510506183913,301.738068814746,2.0,24
2182.0,2,charge,0.890411564936386,4.164182139336638,302.7602440599382,2.0,24
2182.0,3,charge,0.9027566516313261,4.100193746928751,299.48747397875627,0.0,24
2183.0,1,charge,0.894586778042174,4.163567784498153,301.7379986475452,2.0,24
2183.0,2,charge,0.890549803746251,4.164242190355027,302.7599542549376,2.0,24
2183.0,3,charge,0.9027566516313261,4.10017931573047,299.48735254333525,0.0,24
2184.0,1,charge,0.8947172674721435,4.163625315008713,301.73792857720935,2.0,24
2184.0,2,charge,0.8906880425561189,4.164302504943383,302.7596645769375,2.0,24
2184.0,3,charge,0.9027566516313261,4.100165095480284,299.48723111894,0.0,24
2185.0,1,charge,0.89484775690211,4.163683099010344,301.73785860373846,2.0,24
2185.0,2,charge,0.8908262813659791,4.164363084386311,302.7593750259379,2.0,24
2185.0,3,charge,0.9027566516313261,4.10015108148739,299.48710970556925,0.0,24
2186.0,1,charge,0.8949782463320788,4.163741136532577,301.73778872882934,2.0,24
2186.0,2,charge,0.8909645201758437,4.164423929945332,302.7590856019663,2.0,24
2186.0,3,charge,0.9027566516313261,4.100137269346561,299.48698830322235,0.0,24
2187.0,1,charge,0.8951087357620428,4.16379942686819,301.7377189551303,2.0,24
2187.0,2,charge,0.8911027589857119,4.164485038270296,302.75879631092363,2.0,24
2187.0,3,charge,0.9027566516313263,4.100123654724502,299.486866911898,0.0,24
2188.0,1,charge,0.8952392251920093,4.163857973841213,301.7376492792111,2.0,24
2188.0,2,charge,0.8912409977955718,4.164546414522791,302.75850714780427,2.0,24
2188.0,3,charge,0.9027566516313265,4.100110233439322,299.48674553159543,0.0,24
2189.0,1,charge,0.8953697146219783,4.1639167787309885,301.7375797010718,2.0,24
2189.0,2,charge,0.8913792366054366,4.164608059970313,302.7582181126081,2.0,24
2189.0,3,charge,0.9027566516313265,4.100097001150868,299.4866241623135,0.0,24
2190.0,1,charge,0.8955002040519476,4.16397584281541,301.7375102207124,2.0,24
2190.0,2,charge,0.8915174754153048,4.164669975878558,302.7579292053353,2.0,24
2190.0,3,charge,0.9027566516313265,4.100083954010449,299.4865028040512,0.0,24
2191.0,1,charge,0.8956306934819166,4.164035167370755,301.73744083813284,2.0,24
2191.0,2,charge,0.8916557142251644,4.164732163511399,302.7576404259857,2.0,24
2191.0,3,charge,0.9027566516313265,4.100071088204105,299.4863814568077,0.0,24
2192.0,1,charge,0.8957611829118832,4.16409475367176,301.7373715533332,2.0,24
2192.0,2,charge,0.8917939530350295,4.164794624130756,302.75735177455937,2.0,24
2192.0,3,charge,0.9027566516313265,4.100058400060044,299.48626012058173,0.0,24
2193.0,1,charge,0.8958916723418471,4.164154602991464,301.7373023663135,2.0,24
2193.0,2,charge,0.8919321918448951,4.164857358996691,302.75706325105637,2.0,24
2193.0,3,charge,0.9027566516313265,4.100045885831763,299.48613879537254,0.0,24
2194.0,1,charge,0.8960221617718159,4.16421471660132,301.7372332770736,2.0,24
2194.0,2,charge,0.8920704306547573,4.164920369367245,302.7567748554765,2.0,24
2194.0,3,charge,0.9027566516313265,4.100033541589113,299.486017481179,0.0,24
2195.0,1,charge,0.8961526512017831,4.164275095771043,301.73716428561363,2.0,24
2195.0,2,charge,0.8922086694646224,4.164983656498551,302.75648658782,2.0,24
2195.0,3,charge,0.9027566516313265,4.100021364183931,299.4858961780001,0.0,24
2196.0,1,charge,0.8962831406317519,4.1643357417687135,301.7370953919335,2.0,24
2196.0,2,charge,0.892346908274488,4.165047221644736,302.75619844808676,2.0,24
2196.0,3,charge,0.9027566516313265,4.100009350319814,299.4857748858348,0.0,24
2197.0,1,charge,0.8964136300617207,4.1643966558606005,301.7370265960333,2.0,24
2197.0,2,charge,0.8924851470843502,4.1651110660577775,302.7559104362768,2.0,24
2197.0,3,charge,0.9027566516313265,4.099997496820409,299.48565360468234,0.0,24
2198.0,1,charge,0.8965441194916879,4.164457835914098,301.7369579015899,2.0,24
2198.0,2,charge,0.8926233858942154,4.1651751904770435,302.7556225528793,2.0,24
2198.0,3,charge,0.9027566516313265,4.099985800160237,299.48553233454146,0.0,24
2199.0,1,charge,0.8966746089216514,4.164519284624638,301.7368893070082,2.0,24
2199.0,2,charge,0.8927616247040809,4.165239591903566,302.75533480193707,2.0,24
2199.0,3,charge,0.9027566516313265,4.099974257168062,299.4854110754112,0.0,24
2200.0,1,charge,0.8968050983516201,4.164581004402226,301.7368208110268,2.0,24
2200.0,2,charge,0.8928998635139431,4.165304275484202,302.7550471796841,2.0,24
2200.0,3,charge,0.9027566516313265,4.099962865012893,299.4852898272908,0.0,24
2201.0,1,charge,0.8969355877815871,4.1646429964947,301.73675241364566,2.0,24
2201.0,2,charge,0.8930381023238083,4.16536924245089,302.7547596861202,2.0,24
2201.0,3,charge,0.9027566516313265,4.099951620797432,299.4851685901789,0.0,24
2202.0,1,charge,0.8970660772115562,4.164705262148014,301.7366841148647,2.0,24
2202.0,2,charge,0.8931763411336736,4.165434494033259,302.75447232124566,2.0,24
2202.0,3,charge,0.9027566516313265,4.099940521721008,299.4850473640748,0.0,24
2203.0,1,charge,0.8971965666415249,4.16476780260604,301.736615914684,2.0,24
2203.0,2,charge,0.893314579943536,4.165500031458667,302.7541850850602,2.0,24
2203.0,3,charge,0.9027566516313265,4.099929564546379,299.4849261489772,0.0,24
2204.0,1,charge,0.897327056071492,4.164830619110614,301.7365478131035,2.0,24
2204.0,2,charge,0.8934528187534012,4.1655658559520665,302.75389797756407,2.0,24
2204.0,3,charge,0.9027566516313265,4.099918746779585,299.4848049448854,0.0,24
2205.0,1,charge,0.897457545501461,4.164893712901477,301.7364798101232,2.0,24
2205.0,2,charge,0.8935910575632665,4.165631968736093,302.75361099875704,2.0,24
2205.0,3,charge,0.9027566516313265,4.099908065790993,299.4846837517983,0.0,24
2206.0,1,charge,0.8975880349314241,4.164957085216304,301.73641190574324,2.0,24
2206.0,2,charge,0.8937292963731285,4.165698371030919,302.75332414863925,2.0,24
2206.0,3,charge,0.9027566516313271,4.099897519022361,299.48456256971485,0.0,24
2207.0,1,charge,0.8977185243613913,4.165020737290585,301.7363440999635,2.0,24
2207.0,2,charge,0.8938675351829941,4.16576506405431,302.7530374272107,2.0,24
2207.0,3,charge,0.9027566516313271,4.09988710391813,299.48444139863403,0.0,24
2208.0,1,charge,0.8978490137913602,4.165084670357639,301.73627639278396,2.0,24
2208.0,2,charge,0.8940057739928594,4.165832049021605,302.7527508344712,2.0,24
2208.0,3,charge,0.9027566516313271,4.099876817823587,299.484320238555,0.0,24
2209.0,1,charge,0.8979795032213289,4.165148885007255,301.7362087848792,2.0,24
2209.0,2,charge,0.8941440128027214,4.165899327145585,302.7524643704211,2.0,24
2209.0,3,charge,0.9027566516313271,4.099866658474625,299.4841990894766,0.0,24
2210.0,1,charge,0.898109992651296,4.16521337884966,301.73614128002816,2.0,24
2210.0,2,charge,0.8942822516125868,4.165966898630465,302.7521780359687,2.0,24
2210.0,3,charge,0.9027566516313271,4.0998566235504565,299.4840779513978,0.0,24
2211.0,1,charge,0.898240482081265,4.165278156560769,301.7360738745741,2.0,24
2211.0,2,charge,0.8944204904224523,4.166034761342014,302.7518918341054,2.0,24
2211.0,3,charge,0.9027566516313271,4.099846710800241,299.4839568243178,0.0,24
2212.0,1,charge,0.8983709715112282,4.165343219353843,301.7360065685171,2.0,24
2212.0,2,charge,0.8945587292323143,4.1661029199759385,302.7516057616537,2.0,24
2212.0,3,charge,0.9027566516313271,4.099836917903483,299.4838357082354,0.0,24
2213.0,1,charge,0.8985014609411954,4.1654085684397835,301.735939361857,2.0,24
2213.0,2,charge,0.8946969680421797,4.166171375723138,302.7513198186134,2.0,24
2213.0,3,charge,0.9027566516313271,4.099827242649292,299.48371460314974,0.0,24
2214.0,1,charge,0.8986319503711643,4.165474205027004,301.7358722545939,2.0,24
2214.0,2,charge,0.8948352068520453,4.166240129771773,302.7510340049847,2.0,24
2214.0,3,charge,0.9027566516313271,4.099817682999211,299.48359350905974,0.0,24
2215.0,1,charge,0.8987624398011338,4.165540130321456,301.7358052467278,2.0,24
2215.0,2,charge,0.894973445661907,4.16630918330726,302.7507483207675,2.0,24
2215.0,3,charge,0.9027566516313273,4.099808236914326,299.4834724259644,0.0,24
2216.0,1,charge,0.8988929292311001,4.165606345526611,301.73573833825867,2.0,24
2216.0,2,charge,0.8951116844717726,4.166378537512234,302.75046276596186,2.0,24
2216.0,3,charge,0.9027566516313273,4.099798902417369,299.4833513538629,0.0,24
2217.0,1,charge,0.899023418661069,4.165672851843447,301.73567152918656,2.0,24
2217.0,2,charge,0.8952499232816374,4.166448193566531,302.7501773405677,2.0,24
2217.0,3,charge,0.9027566516313273,4.09978967736941,299.48323029275394,0.0,24
2218.0,1,charge,0.8991539080910329,4.16573965047036,301.73560481951137,2.0,24
2218.0,2,charge,0.8953881620914999,4.166518152647126,302.749892044585,2.0,24
2218.0,3,charge,0.9027566516313273,4.099780559942127,299.4831092426367,0.0,24
2219.0,1,charge,0.8992843975209994,4.165806742603128,301.73553820923314,2.0,24
2219.0,2,charge,0.8955264009013655,4.166588415928112,302.7496068780139,2.0,24
2219.0,3,charge,0.9027566516313273,4.099771548298699,299.4829882035102,0.0,24
2220.0,1,charge,0.8994148869509684,4.165874129434954,301.73547169835194,2.0,24
2220.0,2,charge,0.8956646397112303,4.166658984580711,302.7493218408543,2.0,24
2220.0,3,charge,0.9027566516313273,4.099762640642538,299.4828671753734,0.0,24
2221.0,1,charge,0.8995453763809378,4.165941809648108,301.7354052895827,2.0,24
2221.0,2,charge,0.8958028785210927,4.166729859773176,302.7490369331062,2.0,24
2221.0,3,charge,0.9027566516313273,4.099753835167318,299.4827461582252,0.0,24
2222.0,1,charge,0.8996758658109067,4.16600978436294,301.73533898296006,2.0,24
2222.0,2,charge,0.8959411173309582,4.166801041209099,302.74875215612303,2.0,24
2222.0,3,charge,0.9027566516313273,4.099745129903221,299.4826251520648,0.0,24
2223.0,1,charge,0.8998063552408733,4.16607805654912,301.73527277653204,2.0,24
2223.0,2,charge,0.8960793561408232,4.166872527708576,302.74846751204456,2.0,24
2223.0,3,charge,0.9027566516313273,4.099736523297128,299.48250415689114,0.0,24
2224.0,1,charge,0.899936844670837,4.166146627378393,301.7352066702984,2.0,24
2224.0,2,charge,0.8962175949506832,4.166944323404099,302.7481829980947,2.0,24
2224.0,3,charge,0.9027566516313273,4.099728013703137,299.4823831727031,0.0,24
2225.0,1,charge,0.9000673341008061,4.166215498019641,301.7351406642592,2.0,24
2225.0,2,charge,0.8963558337605511,4.16701642944079,302.7478986142735,2.0,24
2225.0,3,charge,0.9027566516313298,4.0997195995260345,299.48226219949987,0.0,24
2226.0,1,charge,0.9001978235307725,4.166284669638925,301.73507475841444,2.0,24
2226.0,2,charge,0.8964940725704159,4.167088846960566,302.7476143605809,2.0,24
2226.0,3,charge,0.9027566516313298,4.099711279222172,299.4821412372803,0.0,24
2227.0,1,charge,0.9003283129607421,4.166354143399342,301.73500895276413,2.0,24
2227.0,2,charge,0.8966323113802761,4.167161577102202,302.7473302370169,2.0,24
2227.0,3,charge,0.9027566516313298,4.099703051300219,299.48202028604345,0.0,24
2228.0,1,charge,0.9004588023907109,4.166423920461164,301.7349432473082,2.0,24
2228.0,2,charge,0.896770550190144,4.167234621001298,302.74704624358156,2.0,24
2228.0,3,charge,0.9027566516313298,4.099694914321887,299.48189934578835,0.0,24
2229.0,1,charge,0.9005892918206775,4.1664940019816195,301.73487764204685,2.0,24
2229.0,2,charge,0.8969087890000088,4.167307979790153,302.74676238027484,2.0,24
2229.0,3,charge,0.9027566516313299,4.099686866850531,299.481778416514,0.0,24
2230.0,1,charge,0.9007197812506411,4.166564389115057,301.73481213697994,2.0,24
2230.0,2,charge,0.897047027809869,4.167381654597899,302.7464786470967,2.0,24
2230.0,3,charge,0.9027566516313298,4.099678906676225,299.4816574982193,0.0,24
2231.0,1,charge,0.9008502706806101,4.16663508301273,301.7347467321074,2.0,24
2231.0,2,charge,0.8971852666197369,4.167455646550291,302.7461950440472,2.0,24
2231.0,3,charge,0.9027566516313299,4.099671032942053,299.4815365909033,0.0,24
2232.0,1,charge,0.9009807601105766,4.166706084822972,301.73468142742934,2.0,24
2232.0,2,charge,0.8973235054296017,4.167529956769863,302.74591157112644,2.0,24
2232.0,3,charge,0.9027566516313299,4.099663244304081,299.4814156945651,0.0,24
2233.0,1,charge,0.9011112495405461,4.1667773913380195,301.73461622789625,2.0,24
2233.0,2,charge,0.8974617442394619,4.167604586375746,302.7456282283342,2.0,24
2233.0,3,charge,0.9027566516313299,4.099655539461006,299.48129480920363,0.0,24
2234.0,1,charge,0.901241738970515,4.166849007204632,301.734551129472,2.0,24
2234.0,2,charge,0.8975999830493298,4.167679534608206,302.74534501750344,2.0,24
2234.0,3,charge,0.9027566516313299,4.099647917154455,299.48117393481783,0.0,24
2235.0,1,charge,0.9013722284004821,4.166920933645708,301.7344861320489,2.0,24
2235.0,2,charge,0.8977382218591946,4.167754801207327,302.7450619399437,2.0,24
2235.0,3,charge,0.9027566516313299,4.099640376169379,299.48105307140685,0.0,24
2236.0,1,charge,0.9015027178304454,4.166993171786865,301.73442123562717,2.0,24
2236.0,2,charge,0.8978764606690548,4.167830389733603,302.74477899323773,2.0,24
2236.0,3,charge,0.9027566516313299,4.099632915334261,299.48093221896954,0.0,24
2237.0,1,charge,0.9016332072604142,4.167065722750465,301.7343564402068,2.0,24
2237.0,2,charge,0.8980146994789227,4.167906301282003,302.74449617738577,2.0,24
2237.0,3,charge,0.9027566516313299,4.099625533521465,299.48081137750506,0.0,24
2238.0,1,charge,0.9017636966903815,4.167138587655621,301.73429174578763,2.0,24
2238.0,2,charge,0.8981529382887875,4.167982536943898,302.74421349238764,2.0,24
2238.0,3,charge,0.9027566516313299,4.099618228682409,299.4806905470123,0.0,24
2239.0,1,charge,0.9018941861203503,4.167211767618166,301.73422715236984,2.0,24
2239.0,2,charge,0.8982911770986475,4.168059097807131,302.7439309382434,2.0,24
2239.0,3,charge,0.9027566516313299,4.099611000121122,299.48056972749026,0.0,24
2240.0,1,charge,0.9020246755503192,4.1672852637505855,301.7341626599533,2.0,24
2240.0,2,charge,0.8984294159085155,4.168135984955902,302.7436485149531,2.0,24
2240.0,3,charge,0.9027566516313299,4.09960384678539,299.48044891893807,0.0,24
2241.0,1,charge,0.9021551649802865,4.1673590771620175,301.73409826853805,2.0,24
2241.0,2,charge,0.8985676547183804,4.168213199470854,302.7433662225166,2.0,24
2241.0,3,charge,0.9027566516313299,4.099596767574047,299.48032812135455,0.0,24
2242.0,1,charge,0.9022856544102552,4.167433208958284,301.73403397812416,2.0,24
2242.0,2,charge,0.8987058935282406,4.168290742428955,302.74308406093405,2.0,24
2242.0,3,charge,0.9027566516313298,4.0995897614133145,299.48020733473885,0.0,24
2243.0,1,charge,0.9024161438402185,4.167507660241739,301.7339697887115,2.0,24
2243.0,2,charge,0.8988441323381084,4.168368614903482,302.74280203020527,2.0,24
2243.0,3,charge,0.9027566516313299,4.0995828272562225,299.4800865590899,0.0,24
2244.0,1,charge,0.9025466332701856,4.167582431317781,301.733905701228,2.0,24
2244.0,2,charge,0.8989823711479733,4.168446817964036,302.7425201303305,2.0,24
2244.0,3,charge,0.9027566516313299,4.099575964082007,299.4799657944067,0.0,24
2245.0,1,charge,0.9026771227001544,4.167657522421926,301.733841716662,2.0,24
2245.0,2,charge,0.8991206099578333,4.168525352676506,302.7422383613096,2.0,24
2245.0,3,charge,0.9027566516313298,4.099569170895597,299.4798450406884,0.0,24
2246.0,1,charge,0.902807612130124,4.167732935677022,301.7337778337927,2.0,24
2246.0,2,charge,0.8992588487677006,4.168604219346721,302.7419567238924,2.0,24
2246.0,3,charge,0.9027566516313299,4.099562446572337,299.47972429793384,0.0,24
2247.0,1,charge,0.9029381015600905,4.1678086721631855,301.73371405262003,2.0,24
2247.0,2,charge,0.8993970875775662,4.168683418611807,302.7416752184846,2.0,24
2247.0,3,charge,0.9027566516313299,4.099555790098622,299.47960356614203,0.0,24
2248.0,1,charge,0.9030685909900596,4.167884732956972,301.7336503731441,2.0,24
2248.0,2,charge,0.8995353263874262,4.168762952092846,302.74139384451365,2.0,24
2248.0,3,charge,0.9027566516313299,4.099549200507463,299.479482845312,0.0,24
2249.0,1,charge,0.9031990804200233,4.167961119131283,301.7335867953648,2.0,24
2249.0,2,charge,0.8996735651972935,4.168842820832467,302.7411126019797,2.0,24
2249.0,3,charge,0.9027566516313299,4.099542676805333,299.4793621354428,0.0,24
2250.0,1,charge,0.9033295698499922,4.168037831755422,301.73352331928214,2.0,24
2250.0,2,charge,0.8998118040071591,4.168923025869286,302.7408314908826,2.0,24
2250.0,3,charge,0.9027566516313299,4.099536218004223,299.4792414365334,0.0,24
2250.0,1,charge,0.9033295698499926,4.168037831755422,301.73352331928214,0.0,25
2250.0,1,charge,0.9033295698499922,4.109287420409572,301.73352331928214,0.0,25
2250.0,2,charge,0.8998118040071564,4.168923025869286,302.7408314908826,1.5,25
2250.0,2,charge,0.8998118040071591,4.155637764206112,302.7408314908826,1.5,25
2250.0,3,charge,0.9027566516313277,4.099536218004223,299.4792414365334,0.0,25
2250.0,3,charge,0.9027566516313299,4.099536218004223,299.4792414365334,0.0,25
2251.0,1,charge,0.9033295698499922,4.1082178247144245,301.7328832883467,0.0,25
2251.0,2,charge,0.8999154831145546,4.15537309314927,302.74034736045337,1.5,25
2251.0,3,charge,0.9027566516313299,4.099529832935,299.4791207504154,0.0,25
2252.0,1,charge,0.9033295698499898,4.107555175128978,301.7322433717235,0.0,25
2252.0,2,charge,0.9000191622219555,4.15522120324974,302.7398629272195,1.5,25
2252.0,3,charge,0.90275665163133,4.099523503850003,299.4790000739556,0.0,25
2253.0,1,charge,0.9033295698499922,4.107054445739353,301.7316035693919,0.0,25
2253.0,2,charge,0.900122841329351,4.15511325590621,302.7393782356336,1.5,25
2253.0,3,charge,0.90275665163133,4.099517234975762,299.4788794080849,0.0,25
2254.0,1,charge,0.9033295698499922,4.106639549782553,301.7309638813314,0.0,25
2254.0,2,charge,0.900226520436752,4.15502912542483,302.73889331117357,1.5,25
2254.0,3,charge,0.90275665163133,4.0995110269676935,299.47875875313537,0.0,25
2255.0,1,charge,0.9033295698499922,4.106279095701611,301.7303243075217,0.0,25
2255.0,2,charge,0.9003301995441475,4.1549604394965005,302.7384081735946,1.5,25
2255.0,3,charge,0.90275665163133,4.0995048785853,299.4786381090912,0.0,25
2256.0,1,charge,0.9033295698499922,4.105957186481847,301.7296848479422,0.0,25
2256.0,2,charge,0.9004338786515484,4.154902991757784,302.73792283955754,1.5,25
2256.0,3,charge,0.90275665163133,4.0994987891555805,299.47851747601106,0.0,25
2257.0,1,charge,0.9033295698499898,4.105664505158261,301.7290455025727,0.0,25
2257.0,2,charge,0.9005375577589437,4.154854258011601,302.73743732377187,1.5,25
2257.0,3,charge,0.90275665163133,4.099492759103134,299.47839685383957,0.0,25
2258.0,1,charge,0.9033295698499922,4.105395093175526,301.72840627139266,0.0,25
2258.0,2,charge,0.900641236866345,4.154812609413253,302.7369516395299,1.5,25
2258.0,3,charge,0.90275665163133,4.099486787132271,299.4782762425961,0.0,25
2259.0,1,charge,0.9033295698499922,4.105144900379498,301.7277671543818,0.0,25
2259.0,2,charge,0.9007449159737404,4.154776945347688,302.7364657990149,1.5,25
2259.0,3,charge,0.90275665163133,4.099480871395828,299.47815564230933,0.0,25
2260.0,1,charge,0.9033295698499898,4.104910948530238,301.7271281515197,0.0,25
2260.0,2,charge,0.9008485950811357,4.154746450758783,302.7359798135468,1.5,25
2260.0,3,charge,0.9027566516313308,4.09947501305288,299.4780350529586,0.0,25
2261.0,1,charge,0.9033295698499898,4.104690986203064,301.7264892627859,0.0,25
2261.0,2,charge,0.9009522741885369,4.154720498902954,302.7354936937303,1.5,25
2261.0,3,charge,0.9027566516313308,4.09946921111384,299.4779144745472,0.0,25
2262.0,1,charge,0.9033295698499922,4.104483308853078,301.7258504881601,0.0,25
2262.0,2,charge,0.9010559532959321,4.154698603229749,302.7350074495535,1.5,25
2262.0,3,charge,0.9027566516313308,4.099463462880701,299.477793907085,0.0,25
2263.0,1,charge,0.9033295698499922,4.104286562629417,301.7252118276219,0.0,25
2263.0,2,charge,0.9011596324033331,4.154680375516521,302.7345210904661,1.5,25
2263.0,3,charge,0.9027566516313309,4.0994577698764765,299.4776733505659,0.0,25
2264.0,1,charge,0.9033295698499922,4.104099626501194,301.72457328115075,0.0,25
2264.0,2,charge,0.9012633115107286,4.154665495959291,302.73403462544303,1.5,25
2264.0,3,charge,0.902756651631331,4.099452131536436,299.4775528049897,0.0,25
2265.0,1,charge,0.9033295698499898,4.103921571339063,301.7239348487265,0.0,25
2265.0,2,charge,0.9013669906181295,4.15465369901332,302.733548063027,1.5,25
2265.0,3,charge,0.902756651631331,4.099446544394139,299.47743227035596,0.0,25
2266.0,1,charge,0.9033295698499898,4.1037516259539455,301.7232965303288,0.0,25
2266.0,2,charge,0.901470669725525,4.154644760195341,302.7330614113698,1.5,25
2266.0,3,charge,0.902756651631331,4.099441009769386,299.4773117466648,0.0,25
2267.0,1,charge,0.9033295698499898,4.1035891312764186,301.7226583259372,0.0,25
2267.0,2,charge,0.901574348832926,4.1546384900371125,302.7325746782566,1.5,25
2267.0,3,charge,0.902756651631331,4.099435527297489,299.4771912339162,0.0,25
2268.0,1,charge,0.9033295698499898,4.103433518943332,301.7220202355312,0.0,25
2268.0,2,charge,0.9016780279403215,4.154634714057966,302.73208787116636,1.5,25
2268.0,3,charge,0.902756651631331,4.099430096615096,299.4770707321101,0.0,25
2269.0,1,charge,0.9033295698499898,4.103284290038713,301.7213822590907,0.0,25
2269.0,2,charge,0.9017817070477224,4.15463327961692,302.7316009972679,1.5,25
2269.0,3,charge,0.902756651631331,4.099424717360241,299.4769502412465,0.0,25
2270.0,1,charge,0.9033295698499898,4.103141004554008,301.7207443965952,0.0,25
2270.0,2,charge,0.9018853861551179,4.154634052446447,302.7311140634381,1.5,25
2270.0,3,charge,0.9027566516313312,4.0994193869507125,299.47682976131966,0.0,25
2271.0,1,charge,0.9033295698499897,4.103003275631336,301.72010664802434,0.0,25
2271.0,2,charge,0.9019890652625189,4.154636913285664,302.73062707628003,1.5,25
2271.0,3,charge,0.9027566516313312,4.099414105881413,299.4767092923316,0.0,25
2272.0,1,charge,0.9033295698499897,4.102870758211445,301.71946901335787,0.0,25
2272.0,2,charge,0.9020927443699144,4.15464175636663,302.7301400421344,1.5,25
2272.0,3,charge,0.9027566516313313,4.099408873710107,299.4765888342821,0.0,25
2273.0,1,charge,0.9033295698499897,4.102743142755157,301.7188314925754,0.0,25
2273.0,2,charge,0.9021964234773153,4.154648484531893,302.72965296709987,1.5,25
2273.0,3,charge,0.9027566516313313,4.099403689878857,299.47646838717054,0.0,25
2274.0,1,charge,0.9033295698499897,4.102620150605798,301.71819408565653,0.0,25
2274.0,2,charge,0.9023001025847108,4.154657010778117,302.7291658570403,1.5,25
2274.0,3,charge,0.9027566516313313,4.099398553831344,299.4763479509965,0.0,25
2275.0,1,charge,0.9033295698499897,4.102501526212526,301.717556792581,0.0,25
2275.0,2,charge,0.9024037816921118,4.154667252427652,302.7286787176045,1.5,25
2275.0,3,charge,0.9027566516313313,4.099393464648795,299.4762275257567,0.0,25
2276.0,1,charge,0.9033295698499897,4.102387038834616,301.71691961332834,0.0,25
2276.0,2,charge,0.9025074607995068,4.1546791355769574,302.7281915542274,1.5,25
2276.0,3,charge,0.9027566516313313,4.099388421759462,299.47610711145046,0.0,25
2277.0,1,charge,0.9033295698499897,4.102276468639198,301.7162825478784,0.0,25
2277.0,2,charge,0.902611139906908,4.154692589681644,302.7277043721449,1.5,25
2277.0,3,charge,0.9027566516313313,4.099383424675803,299.4759867080777,0.0,25
2278.0,1,charge,0.9033295698499897,4.1021696259318645,301.71564559621083,0.0,25
2278.0,2,charge,0.9027148190143033,4.154707549639638,302.7272171764037,1.5,25
2278.0,3,charge,0.9027566516313315,4.099378472802256,299.47586631563746,0.0,25
2279.0,1,charge,0.9033295698499897,4.102066319844381,301.7150087583052,0.0,25
2279.0,2,charge,0.9028184981217044,4.154723955565107,302.72672997185964,1.5,25
2279.0,3,charge,0.9027566516313315,4.0993735655448535,299.4757459341289,0.0,25
2280.0,1,charge,0.9033295698499897,4.1019663837023845,301.7143720341412,0.0,25
2280.0,2,charge,0.9029221772290997,4.154741750149879,302.72624276319965,1.5,25
2280.0,3,charge,0.9027566516313316,4.099368702472951,299.4756255635505,0.0,25
2281.0,1,charge,0.9033295698499897,4.101869660904347,301.71373542369867,0.0,25
2281.0,2,charge,0.9030258563365009,4.154760881738921,302.725755554932,1.5,25
2281.0,3,charge,0.9027566516313316,4.099363883136299,299.4755052039009,0.0,25
2282.0,1,charge,0.9033295698499898,4.101776001948645,301.7130989269571,0.0,25
2282.0,2,charge,0.9031295354438962,4.154781300694603,302.72526835140866,1.5,25
2282.0,3,charge,0.9027566516313316,4.099359106853404,299.4753848551795,0.0,25
2283.0,1,charge,0.9033295698499898,4.1016852744183385,301.7124625438963,0.0,25
2283.0,2,charge,0.9032332145512973,4.154802961194322,302.72478115682037,1.5,25
2283.0,3,charge,0.9027566516313316,4.099354373067632,299.4752645173853,0.0,25
2284.0,1,charge,0.9033295698499898,4.101597349004189,301.711826274496,0.0,25
2284.0,2,charge,0.9033368936586926,4.154825819893191,302.72429397520966,1.5,25
2284.0,3,charge,0.9027566516313316,4.099349681223822,299.4751441905173,0.0,25
2285.0,1,charge,0.9033295698499898,4.101512106961819,301.7111901187358,0.0,25
2285.0,2,charge,0.9034405727660938,4.15484983577861,302.7238068104701,1.5,25
2285.0,3,charge,0.9027566516313323,4.099345030900208,299.47502387457456,0.0,25
2286.0,1,charge,0.9033295698499898,4.101429436025354,301.71055407659543,0.0,25
2286.0,2,charge,0.9035442518734891,4.154874970047634,302.72331966636403,1.5,25
2286.0,3,charge,0.9027566516313323,4.099340421937407,299.4749035695558,0.0,25
2287.0,1,charge,0.9033295698499897,4.101349229775186,301.70991814805467,0.0,25
2287.0,2,charge,0.9036479309808902,4.154901185596612,302.72283254652416,1.5,25
2287.0,3,charge,0.9027566516313323,4.099335853575852,299.47478327546014,0.0,25
2288.0,1,charge,0.9033295698499897,4.1012713872168,301.70928233309314,0.0,25
2288.0,2,charge,0.9037516100882855,4.154928448442393,302.72234545443405,1.5,25
2288.0,3,charge,0.9027566516313323,4.0993313253144485,299.4746629922865,0.0,25
2289.0,1,charge,0.9033295698499897,4.101195814251655,301.70864663169056,0.0,25
2289.0,2,charge,0.903855289195687,4.154956725392313,302.7218583934683,1.5,25
2289.0,3,charge,0.9027566516313325,4.09932683665348,299.474542720034,0.0,25
2290.0,1,charge,0.9033295698499896,4.10112241991693,301.70801104382673,0.0,25
2290.0,2,charge,0.9039589683030825,4.154985983756395,302.7213713668988,1.5,25
2290.0,3,charge,0.9027566516313325,4.099322387116581,299.4744224587016,0.0,25
2291.0,1,charge,0.9033295698499896,4.1010511193717445,301.70737556948126,0.0,25
2291.0,2,charge,0.9040626474104835,4.155016192603994,302.7208843778787,1.5,25
2291.0,3,charge,0.9027566516313325,4.099317976686196,299.4743022082883,0.0,25
2292.0,1,charge,0.9033295698499896,4.100981832163992,301.70674020863396,0.0,25
2292.0,2,charge,0.9041663265178846,4.155047326793068,302.72039742939637,1.5,25
2292.0,3,charge,0.9027566516313325,4.099313604634174,299.4741819687931,0.0,25
2293.0,1,charge,0.9033295698499896,4.100914481594204,301.7061049612645,0.0,25
2293.0,2,charge,0.9042700056252801,4.1550793566416,302.7199105244081,1.5,25
2293.0,3,charge,0.9027566516313326,4.099309270508536,299.47406174021506,0.0,25
2294.0,1,charge,0.9033295698499896,4.10084899528581,301.70546982735266,0.0,25
2294.0,2,charge,0.9043736847326813,4.155112255039318,302.7194236657513,1.5,25
2294.0,3,charge,0.9027566516313326,4.099304973858475,299.473941522553,0.0,25
2295.0,1,charge,0.9033295698499896,4.1007853042885944,301.70483480687824,0.0,25
2295.0,2,charge,0.9044773638400768,4.155145998196262,302.71893685613867,1.5,25
2295.0,3,charge,0.9027566516313326,4.099300714234369,299.47382131580605,0.0,25
2296.0,1,charge,0.9033295698499896,4.1007233426977,301.7041998998208,0.0,25
2296.0,2,charge,0.9045810429474778,4.155180563786899,302.71845009818423,1.5,25
2296.0,3,charge,0.9027566516313326,4.099296491511671,299.4737011199732,0.0,25
2297.0,1,charge,0.9033295698499896,4.1006630478952975,301.7035651061602,0.0,25
2297.0,2,charge,0.9046847220548733,4.15521592787815,302.7179633944455,1.5,25
2297.0,3,charge,0.9027566516313326,4.099292305173353,299.4735809350536,0.0,25
2298.0,1,charge,0.9033295698499896,4.100604360117467,301.7029304258762,0.0,25
2298.0,2,charge,0.9047884011622742,4.155252068497048,302.71747674738083,1.5,25
2298.0,3,charge,0.902756651631335,4.099288154758645,299.47346076104606,0.0,25
2299.0,1,charge,0.9033295698499896,4.100547222017427,301.7022958589485,0.0,25
2299.0,2,charge,0.9048920802696697,4.1552889665820585,302.7169901593288,1.5,25
2299.0,3,charge,0.902756651631335,4.099284039856119,299.47334059794963,0.0,25
2300.0,1,charge,0.9033295698499896,4.100491579303521,301.7016614053569,0.0,25
2300.0,2,charge,0.9049957593770707,4.155326601912279,302.7165036325849,1.5,25
2300.0,3,charge,0.902756651631335,4.099279960055478,299.4732204457634,0.0,25
2301.0,1,charge,0.9033295698499896,4.100437379655537,301.7010270650811,0.0,25
2301.0,2,charge,0.905099438484466,4.155364955799001,302.71601716935487,1.5,25
2301.0,3,charge,0.902756651631335,4.099275915130612,299.47310030448637,0.0,25
2302.0,1,charge,0.9033295698499896,4.1003845734841295,301.7003928381009,0.0,25
2302.0,2,charge,0.9052031175918671,4.155404010323204,302.71553077176424,1.5,25
2302.0,3,charge,0.902756651631335,4.099271904737421,299.4729801741174,0.0,25
2303.0,1,charge,0.9033295698499888,4.100333113190645,301.6997587243961,0.0,25
2303.0,2,charge,0.9053067966992624,4.155443748256422,302.7150444418597,1.5,25
2303.0,3,charge,0.902756651631335,4.099267928409946,299.4728600546557,0.0,25
2304.0,1,charge,0.9033295698499888,4.100282952971105,301.69912472394634,0.0,25
2304.0,2,charge,0.9054104758066636,4.15548415310083,302.71455818162985,1.5,25
2304.0,3,charge,0.902756651631335,4.09926398576933,299.4727399461002,0.0,25
2305.0,1,charge,0.9033295698499888,4.100234049081267,301.6984908367315,0.0,25
2305.0,2,charge,0.9055141549140588,4.15552520892975,302.71407199299296,1.5,25
2305.0,3,charge,0.902756651631335,4.099260076437693,299.4726198484498,0.0,25
2306.0,1,charge,0.9033295698499888,4.100186360206253,301.6978570627314,0.0,25
2306.0,2,charge,0.9056178340214598,4.155566900643354,302.7135858777892,1.5,25
2306.0,3,charge,0.902756651631335,4.099256200133544,299.4724997617038,0.0,25
2307.0,1,charge,0.9033295698499888,4.100139845655031,301.69722340192567,0.0,25
2307.0,2,charge,0.9057215131288553,4.1556092134439515,302.7130998378075,1.5,25
2307.0,3,charge,0.902756651631335,4.099252356627389,299.47237968586086,0.0,25
2308.0,1,charge,0.9033295698499888,4.100094466463913,301.6965898542942,0.0,25
2308.0,2,charge,0.9058251922362562,4.155652132986318,302.71261387477705,1.5,25
2308.0,3,charge,0.902756651631335,4.099248545459032,299.4722596209202,0.0,25
2309.0,1,charge,0.9033295698499888,4.100050186425307,301.6959564198168,0.0,25
2309.0,2,charge,0.9059288713436517,4.155695645601693,302.71212799036516,1.5,25
2309.0,3,charge,0.902756651631335,4.099244766277833,299.4721395668808,0.0,25
2310.0,1,charge,0.9033295698499888,4.100006969820626,301.6953230984732,0.0,25
2310.0,2,charge,0.9060325504510527,4.155739738878448,302.7116421861688,1.5,25
2310.0,3,charge,0.902756651631335,4.099241018733943,299.47201952374166,0.0,25
2311.0,1,charge,0.9033295698499888,4.0999647820601375,301.69468989024324,0.0,25
2311.0,2,charge,0.9061362295584482,4.1557843998108055,302.7111564637502,1.5,25
2311.0,3,charge,0.902756651631335,4.099237302514126,299.4718994915018,0.0,25
2312.0,1,charge,0.9033295698499888,4.099923590289833,301.69405679510663,0.0,25
2312.0,2,charge,0.9062399086658491,4.155829616161827,302.71067082461417,1.5,25
2312.0,3,charge,0.902756651631335,4.0992336174719455,299.4717794701602,0.0,25
2313.0,1,charge,0.9033295698499888,4.099883363766214,301.69342381304324,0.0,25
2313.0,2,charge,0.9063435877732446,4.155875376671026,302.7101852702035,1.5,25
2313.0,3,charge,0.9027566516313352,4.099229963158086,299.47165945971585,0.0,25
2314.0,1,charge,0.9033295698499887,4.099844071715699,301.6927909440328,0.0,25
2314.0,2,charge,0.9064472668806456,4.155921670356624,302.7096998019162,1.5,25
2314.0,3,charge,0.902756651631335,4.099226339247117,299.4715394601679,0.0,25
2315.0,1,charge,0.9033295698499888,4.099805684899383,301.69215818805526,0.0,25
2315.0,2,charge,0.9065509459880411,4.155968486422055,302.70921442110927,1.5,25
2315.0,3,charge,0.9027566516313352,4.099222745414394,299.47141947151516,0.0,25
2316.0,1,charge,0.9033295698499888,4.099768175619078,301.6915255450903,0.0,25
2316.0,2,charge,0.906654625095442,4.156015814640344,302.70872912909067,1.5,25
2316.0,3,charge,0.9027566516313352,4.099219181336023,299.4712994937568,0.0,25
2317.0,1,charge,0.9033295698499888,4.09973151690798,301.6908930151178,0.0,25
2317.0,2,charge,0.9067583042028375,4.156063645222351,302.70824392711336,1.5,25
2317.0,3,charge,0.9027566516313352,4.099215646970695,299.4711795268918,0.0,25
2318.0,1,charge,0.9033295698499887,4.099695682785303,301.6902605981176,0.0,25
2318.0,2,charge,0.9068619833102385,4.156111968738317,302.7077588164007,1.5,25
2318.0,3,charge,0.9027566516313352,4.099212141877787,299.47105957091907,0.0,25
2319.0,1,charge,0.9033295698499887,4.099660648286234,301.6896282940695,0.0,25
2319.0,2,charge,0.906965662417634,4.156160776143424,302.7072737981314,1.5,25
2319.0,3,charge,0.9027566516313359,4.099208665749783,299.4709396258378,0.0,25
2320.0,1,charge,0.9033295698499886,4.099626389380328,301.6889961029533,0.0,25
2320.0,2,charge,0.907069341525035,4.156210058625182,302.70678887343655,1.5,25
2320.0,3,charge,0.9027566516313359,4.09920521828967,299.4708196916468,0.0,25
2321.0,1,charge,0.9033295698499886,4.099592882833891,301.68836402474886,0.0,25
2321.0,2,charge,0.9071730206324304,4.156259807680875,302.70630404340886,1.5,25
2321.0,3,charge,0.9027566516313359,4.099201799200918,299.4706997683452,0.0,25
2322.0,1,charge,0.9033295698499886,4.099560106227573,301.687732059436,0.0,25
2322.0,2,charge,0.9072766997398315,4.156310015256365,302.7058193091148,1.5,25
2322.0,3,charge,0.9027566516313359,4.0991984081874495,299.47057985593204,0.0,25
2323.0,1,charge,0.9033295698499886,4.099528038100948,301.6871002069945,0.0,25
2323.0,2,charge,0.9073803788472269,4.156360673529615,302.7053346715832,1.5,25
2323.0,3,charge,0.9027566516313359,4.099195044953822,299.4704599544062,0.0,25
2324.0,1,charge,0.9033295698499886,4.0994966575740275,301.6864684674043,0.0,25
2324.0,2,charge,0.9074840579546279,4.156411774954338,302.70485013181093,1.5,25
2324.0,3,charge,0.902756651631336,4.0991917092049075,299.47034006376686,0.0,25
2325.0,1,charge,0.9033295698499886,4.099465944459469,301.6858368406452,0.0,25
2325.0,2,charge,0.9075877370620231,4.156463312253168,302.704365690762,1.5,25
2325.0,3,charge,0.9027566516313362,4.099188400646215,299.4702201840129,0.0,25
2326.0,1,charge,0.9033295698499886,4.099435879368789,301.68520532669703,0.0,25
2326.0,2,charge,0.9076914161694186,4.15651527861518,302.70388134931096,1.5,25
2326.0,3,charge,0.9027566516313362,4.099185119349714,299.4701003151433,0.0,25
2327.0,1,charge,0.9033295698499886,4.099406443794374,301.6845739255397,0.0,25
2327.0,2,charge,0.9077950952768196,4.156567667166688,302.7033971083845,1.5,25
2327.0,3,charge,0.9027566516313362,4.099181864857929,299.46998045715725,0.0,25
2328.0,1,charge,0.9033295698499886,4.099377619515197,301.68394263715294,0.0,25
2328.0,2,charge,0.9078987743842151,4.156620471359483,302.7029129688526,1.5,25
2328.0,3,charge,0.9027566516313362,4.099178636869439,299.46986061005356,0.0,25
2329.0,1,charge,0.9033295698499886,4.099349389025887,301.6833114615167,0.0,25
2329.0,2,charge,0.9080024534916158,4.156673684845591,302.7024289315597,1.5,25
2329.0,3,charge,0.902756651631342,4.099175435121278,299.46974077383146,0.0,25
2330.0,1,charge,0.9033295698499886,4.0993217356726515,301.6826803986109,0.0,25
2330.0,2,charge,0.9081061325990111,4.156727301460231,302.70194499732685,1.5,25
2330.0,3,charge,0.902756651631342,4.099172259352612,299.46962094848976,0.0,25
2331.0,1,charge,0.9033295698499886,4.099294643157609,301.68204944841534,0.0,25
2331.0,2,charge,0.9082098117064122,4.156781315704909,302.70146116690097,1.5,25
2331.0,3,charge,0.902756651631342,4.099169109304654,299.4695011340276,0.0,25
2332.0,1,charge,0.9033295698499886,4.09926809575685,301.6814186109099,0.0,25
2332.0,2,charge,0.908313490813807,4.156835722171806,302.70097744101525,1.5,25
2332.0,3,charge,0.902756651631342,4.0991659847207895,299.4693813304439,0.0,25
2333.0,1,charge,0.9033295698499886,4.0992420783127965,301.68078788607437,0.0,25
2333.0,2,charge,0.9084171699212079,4.156890515141027,302.70049382043044,1.5,25
2333.0,3,charge,0.902756651631342,4.099162885346411,299.4692615377378,0.0,25
2334.0,1,charge,0.9033295698499886,4.099216576206798,301.68015727388877,0.0,25
2334.0,2,charge,0.9085208490286034,4.15694568932092,302.7000103058583,1.5,25
2334.0,3,charge,0.902756651631342,4.099159810929034,299.46914175590814,0.0,25
2335.0,1,charge,0.9033295698499886,4.099191575256199,301.6795267743329,0.0,25
2335.0,2,charge,0.9086245281360041,4.157001239571504,302.69952689799004,1.5,25
2335.0,3,charge,0.9027566516313422,4.09915676133576,299.46902198495405,0.0,25
2336.0,1,charge,0.9033295698499886,4.099167061758779,301.67889638738666,0.0,25
2336.0,2,charge,0.9087282072433996,4.157057160924938,302.69904359749495,1.5,25
2336.0,3,charge,0.9027566516313422,4.0991537363040536,299.46890222487457,0.0,25
2337.0,1,charge,0.9033295698499886,4.099143022491537,301.6782661130299,0.0,25
2337.0,2,charge,0.9088318863508006,4.157113449209978,302.69856040496796,1.5,25
2337.0,3,charge,0.902756651631342,4.099150735591847,299.4687824756686,0.0,25
2338.0,1,charge,0.9033295698499886,4.0991194446235415,301.67763595124256,0.0,25
2338.0,2,charge,0.9089355654581961,4.157170099679374,302.69807732104573,1.5,25
2338.0,3,charge,0.9027566516313423,4.099147758979553,299.46866273733525,0.0,25
2339.0,1,charge,0.9033295698499886,4.099096315731588,301.67700590200457,0.0,25
2339.0,2,charge,0.909039244565597,4.157227108026099,302.69759434632095,1.5,25
2339.0,3,charge,0.9027566516313423,4.099144806251909,299.46854300987343,0.0,25
2340.0,1,charge,0.9033295698499886,4.099073623784109,301.6763759652957,0.0,25
2340.0,2,charge,0.9091429236729925,4.1572844701162035,302.6971114813652,1.5,25
2340.0,3,charge,0.9027566516313423,4.099141877197921,299.4684232932823,0.0,25
2340.0,1,hold,0.9033295698499886,4.099073623784109,301.6763759652957,0.0,-1
2340.0,2,hold,0.9091429236729929,4.1572844701162035,302.6971114813652,0.0,-1
2340.0,3,hold,0.902756651631341,4.099141877197921,299.4684232932823,0.0,-1
2340.0,1,hold,0.9033295698499886,4.099073623784109,301.6763759652957,0.0,26
2340.0,1,hold,0.9033295698499886,4.099073623784109,301.6763759652957,0.0,26
2340.0,2,hold,0.9091429236729929,4.1572844701162035,302.6971114813652,0.0,26
2340.0,2,hold,0.9091429236729925,4.111626143462463,302.6971114813652,0.0,26
2340.0,3,hold,0.902756651631341,4.099141877197921,299.4684232932823,0.0,26
2340.0,3,hold,0.9027566516313423,4.099141877197921,299.4684232932823,0.0,26
2341.0,1,hold,0.9033295698499886,4.0990513626173275,301.6757461427294,0.0,26
2341.0,2,hold,0.9091429236729925,4.110666649066374,302.6963409827711,0.0,26
2341.0,3,hold,0.9027566516313423,4.099138979442204,299.46830359141694,0.0,26
2342.0,1,hold,0.9033295698499886,4.099029508605346,301.67511643115006,0.0,26
2342.0,2,hold,0.9091429236729925,4.1100745680964135,302.6955706147364,0.0,26
2342.0,3,hold,0.9027566516313423,4.099136102796747,299.4681838994369,0.0,26
2343.0,1,hold,0.9033295698499885,4.099008056513542,301.6744868319628,0.0,26
2343.0,2,hold,0.9091429236729925,4.109626709569923,302.69480037723895,0.0,26
2343.0,3,hold,0.9027566516313423,4.0991332458237935,299.4680642167223,0.0,26
2344.0,1,hold,0.9033295698499885,4.098986996771272,301.6738573451869,0.0,26
2344.0,2,hold,0.9091429236729925,4.109255141661743,302.69403027025663,0.0,26
2344.0,3,hold,0.9027566516313423,4.099130410274185,299.46794454418244,0.0,26
2345.0,1,hold,0.9033295698499885,4.098966318798835,301.6732279708237,0.0,26
2345.0,2,hold,0.9091429236729925,4.108931760991265,302.69326029376725,0.0,26
2345.0,3,hold,0.9027566516313423,4.099127596968309,299.46782488237676,0.0,26
2346.0,1,hold,0.9033295698499882,4.098946013768996,301.6725987088618,0.0,26
2346.0,2,hold,0.9091429236729925,4.108642520223093,302.6924904477488,0.0,26
2346.0,3,hold,0.9027566516313423,4.099124805538553,299.4677052311932,0.0,26
2347.0,1,hold,0.9033295698499882,4.0989260731986015,301.67196955928824,0.0,26
2347.0,2,hold,0.9091429236729925,4.108379132113734,302.69172073217925,0.0,26
2347.0,3,hold,0.9027566516313423,4.099122036172771,299.4675855909118,0.0,26
2348.0,1,hold,0.9033295698499882,4.098906487881983,301.6713405220853,0.0,26
2348.0,2,hold,0.9091429236729925,4.108136348286518,302.6909511470363,0.0,26
2348.0,3,hold,0.902756651631343,4.0991192887202175,299.46746596136,0.0,26
2349.0,1,hold,0.9033295698499882,4.0988872481911365,301.67071159723184,0.0,26
2349.0,2,hold,0.9091429236729901,4.107910540928911,302.690181692298,0.0,26
2349.0,3,hold,0.902756651631343,4.0991165623707335,299.4673463427097,0.0,26
2350.0,1,hold,0.9033295698499882,4.09886834550684,301.67008278470877,0.0,26
2350.0,2,hold,0.9091429236729901,4.1076990537526665,302.6894123679421,0.0,26
2350.0,3,hold,0.902756651631343,4.09911385716193,299.4672267349481,0.0,26
2351.0,1,hold,0.9033295698499882,4.098849770878706,301.66945408449476,0.0,26
2351.0,2,hold,0.9091429236729901,4.107499930652741,302.68864317394673,0.0,26
2351.0,3,hold,0.902756651631343,4.099111173408817,299.4671071380021,0.0,26
2352.0,1,hold,0.9033295698499882,4.098831516444493,301.6688254965694,0.0,26
2352.0,2,hold,0.9091429236729901,4.107311662873693,302.68787411028967,0.0,26
2352.0,3,hold,0.902756651631343,4.09910851109097,299.46698755187185,0.0,26
2353.0,1,hold,0.9033295698499882,4.098813573330018,301.66819702091243,0.0,26
2353.0,2,hold,0.9091429236729901,4.107133029128468,302.6871051769489,0.0,26
2353.0,3,hold,0.9027566516313432,4.099105870188142,299.4668679765572,0.0,26
2354.0,1,hold,0.9033295698499882,4.098795934732696,301.6675686575037,0.0,26
2354.0,2,hold,0.9091429236729901,4.106963037909454,302.68633637390224,0.0,26
2354.0,3,hold,0.9027566516313432,4.0991032500713604,299.46674841207954,0.0,26
2355.0,1,hold,0.9033295698499882,4.098778592406324,301.666940406323,0.0,26
2355.0,2,hold,0.9091429236729901,4.106800877273793,302.68556770112764,0.0,26
2355.0,3,hold,0.9027566516313432,4.099100649430129,299.4666288584839,0.0,26
2356.0,1,hold,0.9033295698499882,4.098761539274632,301.6663122673504,0.0,26
2356.0,2,hold,0.9091429236729901,4.106645862563779,302.684799158603,0.0,26
2356.0,3,hold,0.9027566516313432,4.099098069425095,299.4665093157292,0.0,26
2357.0,1,hold,0.9033295698499882,4.098744768588881,301.6656842405657,0.0,26
2357.0,2,hold,0.9091429236729899,4.106497408565611,302.6840307463064,0.0,26
2357.0,3,hold,0.9027566516313432,4.099095510037298,299.4663897838153,0.0,26
2358.0,1,hold,0.9033295698499882,4.098728273040264,301.6650563259489,0.0,26
2358.0,2,hold,0.9091429236729899,4.106355010701288,302.68326246421566,0.0,26
2358.0,3,hold,0.9027566516313432,4.099092971247968,299.4662702627423,0.0,26
2359.0,1,hold,0.9033295698499882,4.098712046740159,301.66442852348,0.0,26
2359.0,2,hold,0.9091429236729899,4.106218229521483,302.6824943123087,0.0,26
2359.0,3,hold,0.9027566516313457,4.099090453038473,299.4661507525101,0.0,26
2360.0,1,hold,0.9033295698499882,4.098696082587242,301.663800833139,0.0,26
2360.0,2,hold,0.9091429236729899,4.106086681024319,302.6817262905634,0.0,26
2360.0,3,hold,0.9027566516313457,4.099087953040192,299.4660312531331,0.0,26
2361.0,1,hold,0.9033295698499882,4.098680375060761,301.6631732549059,0.0,26
2361.0,2,hold,0.9091429236729899,4.105960025265558,302.68095839895784,0.0,26
2361.0,3,hold,0.9027566516313457,4.099085472648731,299.46591176460277,0.0,26
2362.0,1,hold,0.9033295698499882,4.098664917681484,301.6625457887606,0.0,26
2362.0,2,hold,0.9091429236729899,4.105837958746664,302.6801906374699,0.0,26
2362.0,3,hold,0.9027566516313458,4.099083011985703,299.46579228691814,0.0,26
2363.0,1,hold,0.9033295698499882,4.098649704743545,301.6619184346832,0.0,26
2363.0,2,hold,0.9091429236729899,4.105720209623987,302.6794230060776,0.0,26
2363.0,3,hold,0.9027566516313458,4.099080571033792,299.46567282007925,0.0,26
2364.0,1,hold,0.9033295698499882,4.098634730715451,301.6612911926536,0.0,26
2364.0,2,hold,0.9091429236729899,4.10560652909961,302.67865550475875,0.0,26
2364.0,3,hold,0.9027566516313458,4.099078149775844,299.46555336408613,0.0,26
2365.0,1,hold,0.9033295698499882,4.098619989771898,301.6606640626518,0.0,26
2365.0,2,hold,0.9091429236729899,4.1054966951968535,302.67788813349154,0.0,26
2365.0,3,hold,0.9027566516313458,4.099075746895611,299.4654339189346,0.0,26
2366.0,1,hold,0.9033295698499882,4.09860547702894,301.6600370446578,0.0,26
2366.0,2,hold,0.9091429236729899,4.105390497717005,302.67712089225375,0.0,26
2366.0,3,hold,0.9027566516313458,4.099073361964695,299.4653144846235,0.0,26
2367.0,1,hold,0.9033295698499882,4.098591186773556,301.6594101386516,0.0,26
2367.0,2,hold,0.9091429236729899,4.105287752573263,302.6763537810234,0.0,26
2367.0,3,hold,0.9027566516313459,4.0990709956843805,299.465195061155,0.0,26
2368.0,1,hold,0.9033295698499881,4.098577114708535,301.65878334461325,0.0,26
2368.0,2,hold,0.9091429236729899,4.105188282739064,302.67558679977844,0.0,26
2368.0,3,hold,0.9027566516313459,4.099068647967206,299.4650756485289,0.0,26
2369.0,1,hold,0.9033295698499882,4.098563255594799,301.6581566625227,0.0,26
2369.0,2,hold,0.9091429236729899,4.105091932458162,302.6748199484968,0.0,26
2369.0,3,hold,0.9027566516313459,4.099066318725955,299.464956246745,0.0,26
2370.0,1,hold,0.9033295698499881,4.098549604403646,301.65753009236,0.0,26
2370.0,2,hold,0.9091429236729901,4.104998553253038,302.6740532271566,0.0,26
2370.0,3,hold,0.9027566516313459,4.099064007873631,299.464836855803,0.0,26
2371.0,1,hold,0.9033295698499881,4.098536156293267,301.656903634105,0.0,26
2371.0,2,hold,0.9091429236729901,4.104908009964401,302.67328663573574,0.0,26
2371.0,3,hold,0.9027566516313459,4.099061715323447,299.4647174757028,0.0,26
2372.0,1,hold,0.9033295698499882,4.098522907668377,301.6562772877379,0.0,26
2372.0,2,hold,0.9091429236729899,4.104820175514806,302.6725201742122,0.0,26
2372.0,3,hold,0.9027566516313467,4.099059440988777,299.46459810644404,0.0,26
2373.0,1,hold,0.9033295698499882,4.0985098535226285,301.6556510532387,0.0,26
2373.0,2,hold,0.9091429236729899,4.104734930702399,302.67175384256393,0.0,26
2373.0,3,hold,0.9027566516313467,4.0990571847832395,299.4644787480266,0.0,26
2374.0,1,hold,0.9033295698499882,4.09849698944438,301.65502493058733,0.0,26
2374.0,2,hold,0.9091429236729899,4.104652164207479,302.670987640769,0.0,26
2374.0,3,hold,0.9027566516313467,4.099054945309712,299.46435940043807,0.0,26
2375.0,1,hold,0.9033295698499882,4.098484311298199,301.6543989197639,0.0,26
2375.0,2,hold,0.9091429236729899,4.104571770660041,302.67022156880535,0.0,26
2375.0,3,hold,0.9027566516313468,4.099052723189972,299.4642400636849,0.0,26
2376.0,1,hold,0.9033295698499882,4.098471815493776,301.6537730207483,0.0,26
2376.0,2,hold,0.9091429236729899,4.104493651751371,302.669455626651,0.0,26
2376.0,3,hold,0.9027566516313468,4.099050518412993,299.4641207377674,0.0,26
2377.0,1,hold,0.9033295698499882,4.098459497858828,301.6531472335207,0.0,26
2377.0,2,hold,0.9091429236729901,4.104417714589813,302.668689814284,0.0,26
2377.0,3,hold,0.9027566516313469,4.09904833084347,299.4640014226851,0.0,26
2378.0,1,hold,0.9033295698499882,4.09844735460071,301.65252155806115,0.0,26
2378.0,2,hold,0.9091429236729899,4.104343872038454,302.6679241316822,0.0,26
2378.0,3,hold,0.9027566516313469,4.099046160346411,299.463882118437,0.0,26
2379.0,1,hold,0.9033295698499882,4.098435382051502,301.65189599434945,0.0,26
2379.0,2,hold,0.9091429236729899,4.104272041958595,302.6671585788238,0.0,26
2379.0,3,hold,0.9027566516313469,4.099044006787006,299.4637628250227,0.0,26
2380.0,1,hold,0.9033295698499882,4.098423576665114,301.6512705423659,0.0,26
2380.0,2,hold,0.9091429236729899,4.104202146528225,302.6663931556867,0.0,26
2380.0,3,hold,0.9027566516313469,4.099041870030682,299.4636435424413,0.0,26
2381.0,1,hold,0.9033295698499882,4.098411935006075,301.6506452020905,0.0,26
2381.0,2,hold,0.9091429236729899,4.1041341122785,302.66562786224904,0.0,26
2381.0,3,hold,0.9027566516313469,4.099039749943126,299.46352427069223,0.0,26
2382.0,1,hold,0.9033295698499882,4.098400453760938,301.6500199735032,0.0,26
2382.0,2,hold,0.9091429236729899,4.104067869348887,302.6648626984887,0.0,26
2382.0,3,hold,0.9027566516313472,4.099037646323387,299.46340500977334,0.0,26
2383.0,1,hold,0.9033295698499881,4.098389129148458,301.64939485658414,0.0,26
2383.0,2,hold,0.9091429236729899,4.104003351290208,302.66409766438386,0.0,26
2383.0,3,hold,0.9027566516313472,4.099035558815059,299.4632857596791,0.0,26
2384.0,1,hold,0.9033295698499881,4.098377957868527,301.6487698513133,0.0,26
2384.0,2,hold,0.9091429236729899,4.103940495662748,302.66333275991246,0.0,26
2384.0,3,hold,0.9027566516313472,4.099033487462757,299.46316652041264,0.0,26
2385.0,1,hold,0.9033295698499881,4.098366937048294,301.6481449576708,0.0,26
2385.0,2,hold,0.9091429236729899,4.103879242037655,302.6625679850524,0.0,26
2385.0,3,hold,0.9027566516313472,4.099031432121908,299.463047291973,0.0,26
2386.0,1,hold,0.903329569849988,4.098356063736707,301.6475201756367,0.0,26
2386.0,2,hold,0.9091429236729899,4.10381953265267,302.66180333978195,0.0,26
2386.0,3,hold,0.9027566516313472,4.099029392648143,299.4629280743594,0.0,26
2387.0,1,hold,0.9033295698499881,4.098345335105945,301.64689550519114,0.0,26
2387.0,2,hold,0.9091429236729899,4.1037613148089935,302.66103882407907,0.0,26
2387.0,3,hold,0.9027566516313472,4.099027368897316,299.4628088675708,0.0,26
2388.0,1,hold,0.903329569849988,4.098334748451087,301.64627094631396,0.0,26
2388.0,2,hold,0.9091429236729899,4.103704535306589,302.6602744379217,0.0,26
2388.0,3,hold,0.9027566516313472,4.099025360725491,299.46268967160626,0.0,26
2389.0,1,hold,0.903329569849988,4.098324301189692,301.64564649898546,0.0,26
2389.0,2,hold,0.9091429236729899,4.103649143809699,302.65951018128806,0.0,26
2389.0,3,hold,0.9027566516313473,4.099023367989018,299.4625704864649,0.0,26
2390.0,1,hold,0.903329569849988,4.098313990861369,301.6450221631856,0.0,26
2390.0,2,hold,0.9091429236729899,4.103595094969284,302.65874605415604,0.0,26
2390.0,3,hold,0.9027566516313473,4.099021390544399,299.4624513121458,0.0,26
2391.0,1,hold,0.9033295698499874,4.098303814125039,301.64439793889454,0.0,26
2391.0,2,hold,0.9091429236729899,4.103542342367222,302.6579820565038,0.0,26
2391.0,3,hold,0.9027566516313473,4.099019428361485,299.46233214864685,0.0,26
2392.0,1,hold,0.9033295698499874,4.098293768232226,301.6437738260923,0.0,26
2392.0,2,hold,0.9091429236729899,4.1034908423984024,302.65721818830946,0.0,26
2392.0,3,hold,0.9027566516313473,4.0990174813279285,299.46221299596687,0.0,26
2393.0,1,hold,0.9033295698499874,4.09828385109846,301.643149824759,0.0,26
2393.0,2,hold,0.9091429236729899,4.103440554827168,302.6564544495509,0.0,26
2393.0,3,hold,0.9027566516313473,4.099015549232417,299.46209385410555,0.0,26
2394.0,1,hold,0.9033295698499874,4.098274060316717,301.64252593487464,0.0,26
2394.0,2,hold,0.9091429236729899,4.1033914395978,302.6556908402063,0.0,26
2394.0,3,hold,0.9027566516313473,4.0990136319396075,299.461974723062,0.0,26
2395.0,1,hold,0.9033295698499874,4.098264393551007,301.64190215641946,0.0,26
2395.0,2,hold,0.9091429236729899,4.103343458803494,302.65492736025374,0.0,26
2395.0,3,hold,0.9027566516313474,4.099011729314432,299.461855602835,0.0,26
2396.0,1,hold,0.9033295698499874,4.09825484806049,301.6412784893735,0.0,26
2396.0,2,hold,0.9091429236729899,4.103296576350878,302.65416400967126,0.0,26
2396.0,3,hold,0.9027566516313474,4.09900984122196,299.4617364934238,0.0,26
2397.0,1,hold,0.9033295698499874,4.098245421705414,301.6406549337169,0.0,26
2397.0,2,hold,0.9091429236729899,4.103250757356152,302.65340078843695,0.0,26
2397.0,3,hold,0.9027566516313474,4.099007967527484,299.46161739482716,0.0,26
2398.0,1,hold,0.9033295698499874,4.098236112273442,301.6400314894297,0.0,26
2398.0,2,hold,0.9091429236729899,4.103205968393526,302.6526376965289,0.0,26
2398.0,3,hold,0.9027566516313474,4.099006108096447,299.4614983070443,0.0,26
2399.0,1,hold,0.9033295698499874,4.098226917575664,301.639408156492,0.0,26
2399.0,2,hold,0.9091429236729899,4.103162177411173,302.6518747339252,0.0,26
2399.0,3,hold,0.9027566516313481,4.099004262794544,299.46137923007404,0.0,26
2400.0,1,hold,0.9033295698499874,4.098217835479852,301.638784934884,0.0,26
2400.0,2,hold,0.9091429236729899,4.103119353451364,302.65111190060395,0.0,26
2400.0,3,hold,0.9027566516313474,4.09900243178347,299.4612601639154,0.0,26
2401.0,1,hold,0.9033295698499874,4.098208863915341,301.6381618245856,0.0,26
2401.0,2,hold,0.9091429236729899,4.103077466754696,302.6503491965431,0.0,26
2401.0,3,hold,0.9027566516313481,4.099000614775486,299.46114110856746,0.0,26
2402.0,1,hold,0.9033295698499874,4.098200000857348,301.63753882557717,0.0,26
2402.0,2,hold,0.9091429236729899,4.103036489049886,302.649586621721,0.0,26
2402.0,3,hold,0.9027566516313481,4.09899881161593,299.4610220640292,0.0,26
2403.0,1,hold,0.9033295698499874,4.098191244339798,301.6369159378388,0.0,26
2403.0,2,hold,0.9091429236729899,4.102996392674822,302.64882417611557,0.0,26
2403.0,3,hold,0.9027566516313481,4.098997022182635,299.46090303029945,0.0,26
2404.0,1,hold,0.9033295698499874,4.098182592451467,301.63629316135047,0.0,26
2404.0,2,hold,0.9091429236729899,4.102957151135653,302.6480618597049,0.0,26
2404.0,3,hold,0.9027566516313481,4.098995246353594,299.46078400737747,0.0,26
2405.0,1,hold,0.9033295698499874,4.09817404324661,301.6356704960924,0.0,26
2405.0,2,hold,0.9091429236729899,4.102918739296856,302.6472996724673,0.0,26
2405.0,3,hold,0.9027566516313481,4.098993484006977,299.46066499526205,0.0,26
2406.0,1,hold,0.9033295698499874,4.098165594818232,301.63504794204476,0.0,26
2406.0,2,hold,0.9091429236729899,4.102881132545347,302.6465376143807,0.0,26
2406.0,3,hold,0.9027566516313481,4.098991735021096,299.4605459939522,0.0,26
2407.0,1,hold,0.9033295698499874,4.09815724547761,301.63442549918767,0.0,26
2407.0,2,hold,0.9091429236729899,4.102844307310525,302.64577568542313,0.0,26
2407.0,3,hold,0.9027566516313483,4.098989999274446,299.4604270034471,0.0,26
2408.0,1,hold,0.903329569849988,4.098148993512183,301.6338031675012,0.0,26
2408.0,2,hold,0.9091429236729899,4.102808241014349,302.645013885573,0.0,26
2408.0,3,hold,0.9027566516313483,4.098988276702537,299.46030802374565,0.0,26
2409.0,1,hold,0.9033295698499874,4.098140837264111,301.6331809469655,0.0,26
2409.0,2,hold,0.9091429236729899,4.102772911764012,302.6442522148082,0.0,26
2409.0,3,hold,0.9027566516313481,4.098986567392034,299.46018905484704,0.0,26
2410.0,1,hold,0.9033295698499874,4.098132775130038,301.63255883756085,0.0,26
2410.0,2,hold,0.9091429236729899,4.102738298503288,302.64349067310695,0.0,26
2410.0,3,hold,0.9027566516313483,4.0989848710577945,299.4600700967503,0.0,26
2411.0,1,hold,0.903329569849988,4.0981248055609765,301.63193683926727,0.0,26
2411.0,2,hold,0.9091429236729899,4.102704380956473,302.6427292604474,0.0,26
2411.0,3,hold,0.9027566516313484,4.098983187589061,299.45995114945424,0.0,26
2412.0,1,hold,0.9033295698499874,4.098116927062151,301.631314952065,0.0,26
2412.0,2,hold,0.9091429236729899,4.102671139506954,302.6419679768076,0.0,26
2412.0,3,hold,0.9027566516313484,4.098981516875249,299.45983221295796,0.0,26
2413.0,1,hold,0.9033295698499874,4.0981091381927595,301.6306931759341,0.0,26
2413.0,2,hold,0.9091429236729899,4.102638555215515,302.6412068221657,0.0,26
2413.0,3,hold,0.9027566516313484,4.098979858805892,299.45971328726034,0.0,26
2414.0,1,hold,0.9033295698499874,4.098101437470882,301.6300715108548,0.0,26
2414.0,2,hold,0.9091429236729899,4.102606609765331,302.64044579649993,0.0,26
2414.0,3,hold,0.9027566516313484,4.098978213270696,299.4595943723606,0.0,26
2415.0,1,hold,0.9033295698499874,4.0980938227723325,301.6294499568073,0.0,26
2415.0,2,hold,0.9091429236729899,4.102575285739787,302.6396848997883,0.0,26
2415.0,3,hold,0.9027566516313484,4.098976580159498,299.45947546825755,0.0,26
2416.0,1,hold,0.9033295698499874,4.09808629317836,301.6288285137717,0.0,26
2416.0,2,hold,0.9091429236729899,4.102544566080077,302.6389241320091,0.0,26
2416.0,3,hold,0.9027566516313484,4.098974959362264,299.4593565749503,0.0,26
2417.0,1,hold,0.9033295698499874,4.098078847333619,301.62820718172816,0.0,26
2417.0,2,hold,0.9091429236729899,4.102514434214042,302.6381634931404,0.0,26
2417.0,3,hold,0.9027566516313509,4.098973350909281,299.45923769243797,0.0,26
2418.0,1,hold,0.9033295698499874,4.098071483923123,301.6275859606569,0.0,26
2418.0,2,hold,0.9091429236729899,4.102484874129493,302.63740298316037,0.0,26
2418.0,3,hold,0.9027566516313509,4.09897175473739,299.45911882071965,0.0,26
2419.0,1,hold,0.9033295698499874,4.098064201672203,301.6269648505382,0.0,26
2419.0,2,hold,0.9091429236729899,4.102455870472104,302.6366426020472,0.0,26
2419.0,3,hold,0.9027566516313509,4.098970170648242,299.4589999597942,0.0,26
2420.0,1,hold,0.9033295698499874,4.098056999346259,301.626343851352,0.0,26
2420.0,2,hold,0.9091429236729899,4.102427408858874,302.63588234977897,0.0,26
2420.0,3,hold,0.9027566516313509,4.09896859854252,299.4588811096607,0.0,26
2421.0,1,hold,0.9033295698499874,4.098049875150156,301.62572296307866,0.0,26
2421.0,2,hold,0.9091429236729899,4.102399474581244,302.63512222633403,0.0,26
2421.0,3,hold,0.9027566516313509,4.098967038321165,299.4587622703181,0.0,26
2422.0,1,hold,0.9033295698499874,4.0980428281720975,301.6251021856984,0.0,26
2422.0,2,hold,0.9091429236729899,4.102372053659929,302.6343622316903,0.0,26
2422.0,3,hold,0.9027566516313509,4.098965489885314,299.45864344176556,0.0,26
2423.0,1,hold,0.9033295698499874,4.098035857219392,301.62448151919125,0.0,26
2423.0,2,hold,0.9091429236729899,4.102345132521025,302.63360236582616,0.0,26
2423.0,3,hold,0.9027566516313509,4.098963953136346,299.4585246240019,0.0,26
2424.0,1,hold,0.9033295698499874,4.098028961123951,301.62386096353754,0.0,26
2424.0,2,hold,0.9091429236729901,4.1023186985962905,302.6328426287197,0.0,26
2424.0,3,hold,0.9027566516313511,4.098962427975861,299.4584058170263,0.0,26
2425.0,1,hold,0.9033295698499874,4.098022138749192,301.6232405187174,0.0,26
2425.0,2,hold,0.9091429236729901,4.102292739242968,302.63208302034906,0.0,26
2425.0,3,hold,0.9027566516313511,4.098960914305673,299.45828702083764,0.0,26
2426.0,1,hold,0.9033295698499874,4.098015388990023,301.62262018471114,0.0,26
2426.0,2,hold,0.9091429236729901,4.102267242161426,302.63132354069256,0.0,26
2426.0,3,hold,0.9027566516313511,4.098959412027822,299.45816823543504,0.0,26
2427.0,1,hold,0.9033295698499871,4.098008710628802,301.6219999614989,0.0,26
2427.0,2,hold,0.9091429236729901,4.102242195522043,302.63056418972826,0.0,26
2427.0,3,hold,0.9027566516313511,4.098957921044544,299.45804946081756,0.0,26
2428.0,1,hold,0.9033295698499871,4.098002102594332,301.6213798490609,0.0,26
2428.0,2,hold,0.9091429236729899,4.102217587884363,302.62980496743444,0.0,26
2428.0,3,hold,0.9027566516313511,4.0989564412583395,299.457930696984,0.0,26
2429.0,1,hold,0.9033295698499871,4.097995563833479,301.62075984737726,0.0,26
2429.0,2,hold,0.9091429236729899,4.102193408346563,302.62904587378927,0.0,26
2429.0,3,hold,0.9027566516313511,4.098954972571866,299.4578119439337,0.0,26
2430.0,1,hold,0.9033295698499871,4.097989093298173,301.6201399564284,0.0,26
2430.0,2,hold,0.9091429236729899,4.102169646279522,302.62828690877086,0.0,26
2430.0,3,hold,0.9027566516313511,4.098953514888025,299.4576932016654,0.0,26
2430.0,1,hold,0.9033295698499849,4.097989093298173,301.6201399564284,0.0,27
2430.0,1,hold,0.9033295698499871,4.097989093298173,301.6201399564284,0.0,27
2430.0,2,hold,0.9091429236729921,4.102169646279522,302.62828690877086,0.0,27
2430.0,2,hold,0.9091429236729899,4.102169646279522,302.62828690877086,0.0,27
2430.0,3,hold,0.9027566516313529,4.098953514888025,299.4576932016654,0.0,27
2430.0,3,hold,0.9027566516313511,4.098953514888025,299.4576932016654,0.0,27
2431.0,1,hold,0.9033295698499871,4.09798269836252,301.6195201913275,0.0,27
2431.0,2,hold,0.9091429236729899,4.102146297797789,302.62752807467194,0.0,27
2431.0,3,hold,0.9027566516313511,4.098952072700991,299.4575744748237,0.0,27
2432.0,1,hold,0.903329569849987,4.097976363275739,301.61890052591104,0.0,27
2432.0,2,hold,0.9091429236729899,4.102123339213865,302.6267693670156,0.0,27
2432.0,3,hold,0.9027566516313511,4.098950642268756,299.45745575975434,0.0,27
2433.0,1,hold,0.9033295698499871,4.097970091698452,301.6182809684167,0.0,27
2433.0,2,hold,0.9091429236729899,4.102100766168556,302.6260107878376,0.0,27
2433.0,3,hold,0.9027566516313511,4.098949219103389,299.457337051871,0.0,27
2434.0,1,hold,0.903329569849987,4.097963883899659,301.6176615208772,0.0,27
2434.0,2,hold,0.9091429236729899,4.102078570069159,302.6252523371376,0.0,27
2434.0,3,hold,0.9027566516313518,4.098947806480407,299.4572183546871,0.0,27
2435.0,1,hold,0.9033295698499871,4.097957738016532,301.61704218431004,0.0,27
2435.0,2,hold,0.9091429236729899,4.102056742971056,302.62449401492955,0.0,27
2435.0,3,hold,0.9027566516313518,4.098946403516484,299.45709966726196,0.0,27
2436.0,1,hold,0.903329569849987,4.0979516547144765,301.6164229579123,0.0,27
2436.0,2,hold,0.9091429236729899,4.102035276180137,302.6237358212093,0.0,27
2436.0,3,hold,0.9027566516313518,4.098945010696797,299.45698099024224,0.0,27
2437.0,1,hold,0.903329569849987,4.0979456334246755,301.61580384175153,0.0,27
2437.0,2,hold,0.9091429236729899,4.1020141614978645,302.62297775596153,0.0,27
2437.0,3,hold,0.9027566516313518,4.098943628172309,299.45686232382434,0.0,27
2438.0,1,hold,0.903329569849987,4.097939671304177,301.61518483622973,0.0,27
2438.0,2,hold,0.9091429236729899,4.101993390266754,302.6222198191654,0.0,27
2438.0,3,hold,0.9027566516313518,4.098942255821957,299.4567436680533,0.0,27
2439.0,1,hold,0.903329569849987,4.097933769708371,301.61456594113224,0.0,27
2439.0,2,hold,0.9091429236729899,4.101972955409661,302.62146201080276,0.0,27
2439.0,3,hold,0.9027566516313518,4.0989408936905605,299.4566250231432,0.0,27
2440.0,1,hold,0.903329569849987,4.097927927585493,301.6139471564819,0.0,27
2440.0,2,hold,0.9091429236729899,4.101952848544748,302.6207043308517,0.0,27
2440.0,3,hold,0.9027566516313518,4.0989395417214975,299.4565063888732,0.0,27
2441.0,1,hold,0.903329569849987,4.097922142363116,301.6133284823387,0.0,27
2441.0,2,hold,0.9091429236729899,4.101933061714535,302.61994677928897,0.0,27
2441.0,3,hold,0.9027566516313518,4.098938199909744,299.45638776524333,0.0,27
2442.0,1,hold,0.903329569849987,4.0979164154112,301.6127099186669,0.0,27
2442.0,2,hold,0.9091429236729899,4.1019135873237165,302.619189356093,0.0,27
2442.0,3,hold,0.9027566516313518,4.098936867235588,299.4562691525509,0.0,27
2443.0,1,hold,0.903329569849987,4.097910745278005,301.61209146544735,0.0,27
2443.0,2,hold,0.9091429236729899,4.101894418022384,302.6184320612411,0.0,27
2443.0,3,hold,0.9027566516313518,4.09893554407782,299.4561505506834,0.0,27
2444.0,1,hold,0.9033295698499846,4.097905129794759,301.6114731226508,0.0,27
2444.0,2,hold,0.9091429236729899,4.101875546867818,302.6176748947114,0.0,27
2444.0,3,hold,0.9027566516313521,4.098934230777418,299.45603195953987,0.0,27
2445.0,1,hold,0.9033295698499846,4.097899569661314,301.6108548902886,0.0,27
2445.0,2,hold,0.9091429236729899,4.101856966917646,302.6169178564819,0.0,27
2445.0,3,hold,0.9027566516313521,4.098932927329679,299.45591337912015,0.0,27
2446.0,1,hold,0.9033295698499846,4.097894064444324,301.61023676835566,0.0,27
2446.0,2,hold,0.9091429236729899,4.101838671780024,302.616160946531,0.0,27
2446.0,3,hold,0.9027566516313521,4.098931633729871,299.45579480942416,0.0,27
2447.0,1,hold,0.9033295698499846,4.097888613712117,301.6096187568473,0.0,27
2447.0,2,hold,0.9091429236729899,4.101820655079273,302.61540416483695,0.0,27
2447.0,3,hold,0.9027566516313521,4.09893034997333,299.4556762504521,0.0,27
2448.0,1,hold,0.9033295698499846,4.097883215255441,301.60900085568386,0.0,27
2448.0,2,hold,0.9091429236729899,4.101802910781865,302.61464751137794,0.0,27
2448.0,3,hold,0.9027566516313521,4.098929076055464,299.4555577022038,0.0,27
2449.0,1,hold,0.9033295698499846,4.097877869120934,301.6083830648804,0.0,27
2449.0,2,hold,0.9091429236729899,4.101785432565984,302.6138909861322,0.0,27
2449.0,3,hold,0.9027566516313579,4.098927811971658,299.4554391646793,0.0,27
2450.0,1,hold,0.9033295698499846,4.097872574796019,301.60776538442843,0.0,27
2450.0,2,hold,0.9091429236729899,4.10176821484521,302.6131345890781,0.0,27
2450.0,3,hold,0.9027566516313521,4.098926557717361,299.45532063787874,0.0,27
2451.0,1,hold,0.9033295698499846,4.097867331640781,301.607147814314,0.0,27
2451.0,2,hold,0.9091429236729899,4.101751251909567,302.6123783201939,0.0,27
2451.0,3,hold,0.9027566516313579,4.098925311674824,299.4552021218717,0.0,27
2452.0,1,hold,0.9033295698499846,4.097862138876069,301.606530354509,0.0,27
2452.0,2,hold,0.9091429236729899,4.1017345379433685,302.61162217945787,0.0,27
2452.0,3,hold,0.9027566516313579,4.098924074172357,299.4550836166439,0.0,27
2453.0,1,hold,0.9033295698499846,4.097856995609169,301.60591300497384,0.0,27
2453.0,2,hold,0.9091429236729899,4.101718067852639,302.6108661668483,0.0,27
2453.0,3,hold,0.9027566516313579,4.098922845978182,299.45496512216187,0.0,27
2454.0,1,hold,0.9033295698499844,4.097851901320944,301.605295765706,0.0,27
2454.0,2,hold,0.9091429236729899,4.101701836351596,302.6101102823435,0.0,27
2454.0,3,hold,0.9027566516313579,4.098921627088112,299.45484663842575,0.0,27
2455.0,1,hold,0.9033295698499844,4.097846855331246,301.60467863668686,0.0,27
2455.0,2,hold,0.9091429236729899,4.101685838302817,302.60935452592184,0.0,27
2455.0,3,hold,0.9027566516313581,4.09892041749799,299.45472816543537,0.0,27
2456.0,1,hold,0.9033295698499844,4.097841856961656,301.6040616178976,0.0,27
2456.0,2,hold,0.9091429236729899,4.101670068868314,302.6085988975614,0.0,27
2456.0,3,hold,0.9027566516313581,4.098919217203699,299.45460970319084,0.0,27
2457.0,1,hold,0.9033295698499844,4.097836905795237,301.6034447093091,0.0,27
2457.0,2,hold,0.9091429236729899,4.101654523272861,302.6078433972407,0.0,27
2457.0,3,hold,0.9027566516313581,4.098918026201149,299.4544912516921,0.0,27
2458.0,1,hold,0.9033295698499844,4.097832001114369,301.60282791090407,0.0,27
2458.0,2,hold,0.9091429236729899,4.101639196902655,302.6070880249379,0.0,27
2458.0,3,hold,0.9027566516313582,4.0989168444863004,299.4543728109392,0.0,27
2459.0,1,hold,0.9033295698499844,4.097827142247235,301.602211222664,0.0,27
2459.0,2,hold,0.9091429236729899,4.101624085001559,302.6063327806314,0.0,27
2459.0,3,hold,0.9027566516313582,4.098915672055101,299.4542543809322,0.0,27
2460.0,1,hold,0.9033295698499844,4.097822328556411,301.60159464456854,0.0,27
2460.0,2,hold,0.9091429236729899,4.1016091833207025,302.6055776642995,0.0,27
2460.0,3,hold,0.9027566516313582,4.098914507349617,299.4541359616749,0.0,27
2461.0,1,hold,0.9033295698499844,4.097817559537434,301.6009781765977,0.0,27
2461.0,2,hold,0.9091429236729899,4.101594487653566,302.60482267592056,0.0,27
2461.0,3,hold,0.9027566516313582,4.098913350352351,299.45401755316755,0.0,27
2462.0,1,hold,0.9033295698499844,4.097812834877244,301.60036181873136,0.0,27
2462.0,2,hold,0.9091429236729899,4.101579993946467,302.6040678154727,0.0,27
2462.0,3,hold,0.9027566516313582,4.098912202071947,299.4538991554074,0.0,27
2463.0,1,hold,0.9033295698499844,4.097808153802438,301.59974557094927,0.0,27
2463.0,2,hold,0.9091429236729899,4.101565698020982,302.6033130829345,0.0,27
2463.0,3,hold,0.9027566516313582,4.098911062504724,299.4537807683945,0.0,27
2464.0,1,hold,0.9033295698499844,4.0978035157350075,301.5991294332314,0.0,27
2464.0,2,hold,0.9091429236729899,4.101551595615568,302.6025584782841,0.0,27
2464.0,3,hold,0.9027566516313588,4.098909931647036,299.4536623921289,0.0,27
2465.0,1,hold,0.9033295698499844,4.097798920098411,301.5985134055576,0.0,27
2465.0,2,hold,0.9091429236729899,4.101537683214806,302.6018040014999,0.0,27
2465.0,3,hold,0.9027566516313582,4.09890880949529,299.45354402661053,0.0,27
2466.0,1,hold,0.9033295698499844,4.097794366650737,301.59789748790956,0.0,27
2466.0,2,hold,0.9091429236729899,4.1015239571707625,302.60104965256016,0.0,27
2466.0,3,hold,0.9027566516313588,4.0989076960459006,299.4534256718394,0.0,27
2467.0,1,hold,0.9033295698499837,4.0977898548021585,301.597281680267,0.0,27
2467.0,2,hold,0.9091429236729899,4.1015104139647445,302.6002954314434,0.0,27
2467.0,3,hold,0.9027566516313588,4.098906591295302,299.45330732781554,0.0,27
2468.0,1,hold,0.9033295698499837,4.097785383965698,301.5966659826097,0.0,27
2468.0,2,hold,0.9091429236729899,4.101497049645358,302.5995413381277,0.0,27
2468.0,3,hold,0.9027566516313588,4.098905495239968,299.45318899453895,0.0,27
2469.0,1,hold,0.9033295698499837,4.097780953618107,301.5960503949179,0.0,27
2469.0,2,hold,0.9091429236729899,4.101483860791172,302.59878737259163,0.0,27
2469.0,3,hold,0.9027566516313588,4.098904406553961,299.4530706719964,0.0,27
2470.0,1,hold,0.9033295698499837,4.097776563325111,301.59543491717193,0.0,27
2470.0,2,hold,0.9091429236729899,4.101470844221234,302.59803353481345,0.0,27
2470.0,3,hold,0.9027566516313588,4.098903324856332,299.45295236018427,0.0,27
2471.0,1,hold,0.9033295698499837,4.097772212861718,301.59481954935336,0.0,27
2471.0,2,hold,0.9091429236729899,4.101457996719532,302.59727982477153,0.0,27
2471.0,3,hold,0.9027566516313588,4.098902251299121,299.4528340591139,0.0,27
2472.0,1,hold,0.9033295698499837,4.0977679015868755,301.5942042914418,0.0,27
2472.0,2,hold,0.9091429236729899,4.101445315152269,302.5965262424442,0.0,27
2472.0,3,hold,0.9027566516313588,4.098901185879127,299.4527157687854,0.0,27
2473.0,1,hold,0.9033295698499837,4.097763629030629,301.59358914341743,0.0,27
2473.0,2,hold,0.9091429236729899,4.101432795955134,302.59577278780984,0.0,27
2473.0,3,hold,0.9027566516313588,4.0989001285931455,299.45259748919875,0.0,27
2474.0,1,hold,0.9033295698499837,4.097759394724957,301.59297410526074,0.0,27
2474.0,2,hold,0.9091429236729899,4.101420436360867,302.59501946084674,0.0,27
2474.0,3,hold,0.9027566516313588,4.098899079438057,299.4524792203539,0.0,27
2475.0,1,hold,0.9033295698499837,4.097755198203995,301.59235917695196,0.0,27
2475.0,2,hold,0.9091429236729899,4.1014082334341495,302.5942662615334,0.0,27
2475.0,3,hold,0.9027566516313588,4.098898038410665,299.4523609622509,0.0,27
2476.0,1,hold,0.9033295698499834,4.097751039003791,301.5917443584715,0.0,27
2476.0,2,hold,0.9091429236729899,4.10139618432696,302.59351318984807,0.0,27
2476.0,3,hold,0.9027566516313588,4.0988970055079275,299.45224271488973,0.0,27
2477.0,1,hold,0.9033295698499834,4.097746916717147,301.59112964979977,0.0,27
2477.0,2,hold,0.9091429236729899,4.101384286169006,302.59276024576917,0.0,27
2477.0,3,hold,0.9027566516313588,4.098895980726747,299.4521244782704,0.0,27
2478.0,1,hold,0.9033295698499834,4.097742831202362,301.5905150509175,0.0,27
2478.0,2,hold,0.9091429236729899,4.101372536047366,302.59200742927516,0.0,27
2478.0,3,hold,0.9027566516313588,4.098894962998694,299.452006252377,0.0,27
2479.0,1,hold,0.9033295698499834,4.097738781837117,301.58990056180465,0.0,27
2479.0,2,hold,0.9091429236729899,4.101360931418219,302.59125474034425,0.0,27
2479.0,3,hold,0.9027566516313588,4.0988939516229745,299.4518880371992,0.0,27
2480.0,1,hold,0.9033295698499834,4.097734768208216,301.58928618244204,0.0,27
2480.0,2,hold,0.9091429236729899,4.101349469691714,302.5905021789549,0.0,27
2480.0,3,hold,0.9027566516313588,4.098892947843327,299.4517698327555,0.0,27
2481.0,1,hold,0.9033295698499834,4.097730789907601,301.58867191280973,0.0,27
2481.0,2,hold,0.9091429236729899,4.101338148353756,302.5897497450856,0.0,27
2481.0,3,hold,0.9027566516313588,4.098891951656974,299.4516516390459,0.0,27
2482.0,1,hold,0.9033295698499776,4.0977268465322805,301.58805775288835,0.0,27
2482.0,2,hold,0.9091429236729899,4.101326964791122,302.5889974387146,0.0,27
2482.0,3,hold,0.9027566516313588,4.098890963061114,299.4515334560705,0.0,27
2483.0,1,hold,0.9033295698499776,4.097722937684404,301.5874437026582,0.0,27
2483.0,2,hold,0.9091429236729899,4.101315916571414,302.5882452598204,0.0,27
2483.0,3,hold,0.9027566516313591,4.098889982053004,299.4514152838292,0.0,27
2484.0,1,hold,0.9033295698499776,4.097719062980913,301.58682976209985,0.0,27
2484.0,2,hold,0.9091429236729899,4.101305001396609,302.58749320838126,0.0,27
2484.0,3,hold,0.9027566516313591,4.0988890086299055,299.45129712232193,0.0,27
2485.0,1,hold,0.9033295698499776,4.097715222191104,301.58621593119335,0.0,27
2485.0,2,hold,0.9091429236729899,4.101294216983463,302.5867412843757,0.0,27
2485.0,3,hold,0.9027566516313591,4.0988880427891115,299.4511789715489,0.0,27
2486.0,1,hold,0.9033295698499776,4.0977114148524105,301.58560220991944,0.0,27
2486.0,2,hold,0.9091429236729899,4.10128356111275,302.58598948778223,0.0,27
2486.0,3,hold,0.9027566516313591,4.098887084527911,299.45106083150995,0.0,27
2487.0,1,hold,0.9033295698499776,4.097707640605256,301.58498859825846,0.0,27
2487.0,2,hold,0.9091429236729899,4.1012730313739265,302.58523781857906,0.0,27
2487.0,3,hold,0.9027566516313591,4.098886133031462,299.4509427021907,0.0,27
2488.0,1,hold,0.9033295698499774,4.097703899096599,301.58437509619085,0.0,27
2488.0,2,hold,0.9091429236729899,4.101262625748577,302.5844862767446,0.0,27
2488.0,3,hold,0.9027566516313591,4.098885187286081,299.4508245835728,0.0,27
2489.0,1,hold,0.9033295698499774,4.097700189979742,301.5837617036971,0.0,27
2489.0,2,hold,0.9091429236729899,4.1012523421586184,302.58373486225736,0.0,27
2489.0,3,hold,0.9027566516313591,4.098884248531343,299.4507064756786,0.0,27
2490.0,1,hold,0.9033295698499776,4.09769651291448,301.58314842075765,0.0,27
2490.0,2,hold,0.9091429236729899,4.101242178584853,302.5829835750958,0.0,27
2490.0,3,hold,0.9027566516313591,4.098883316740492,299.45058837850775,0.0,27
2491.0,1,hold,0.9033295698499774,4.097692867566993,301.58253524735295,0.0,27
2491.0,2,hold,0.9091429236729899,4.101232132965796,302.58223241523825,0.0,27
2491.0,3,hold,0.9027566516313615,4.098882391886743,299.4504702920597,0.0,27
2492.0,1,hold,0.9033295698499774,4.0976892535704454,301.58192218346323,0.0,27
2492.0,2,hold,0.9091429236729899,4.101222203145094,302.5814813826631,0.0,27
2492.0,3,hold,0.9027566516313615,4.098881473943326,299.45035221633407,0.0,27
2493.0,1,hold,0.9033295698499773,4.097685670622033,301.5813092290691,0.0,27
2493.0,2,hold,0.9091429236729899,4.101212387350293,302.58073047734905,0.0,27
2493.0,3,hold,0.9027566516313615,4.098880562883586,299.4502341513304,0.0,27
2494.0,1,hold,0.9033295698499773,4.097682118403538,301.5806963841509,0.0,27
2494.0,2,hold,0.9091429236729899,4.101202683727605,302.5799796992742,0.0,27
2494.0,3,hold,0.9027566516313617,4.098879658680781,299.45011609704824,0.0,27
2495.0,1,hold,0.9033295698499773,4.097678596601936,301.58008364868925,0.0,27
2495.0,2,hold,0.9091429236729899,4.101193090478505,302.5792290484172,0.0,27
2495.0,3,hold,0.9027566516313617,4.098878761308319,299.4499980534872,0.0,27
2496.0,1,hold,0.9033295698499773,4.097675104910101,301.5794710226645,0.0,27
2496.0,2,hold,0.9091429236729899,4.101183605860658,302.5784785247564,0.0,27
2496.0,3,hold,0.9027566516313617,4.098877870739537,299.44988002064673,0.0,27
2497.0,1,hold,0.9033295698499773,4.097671643026935,301.5788585060571,0.0,27
2497.0,2,hold,0.9091429236729899,4.101174228188578,302.57772812827034,0.0,27
2497.0,3,hold,0.9027566516313618,4.098876986947831,299.4497619985266,0.0,27
2498.0,1,hold,0.9033295698499773,4.097668210657169,301.57824609884756,0.0,27
2498.0,2,hold,0.9091429236729899,4.101164955834465,302.5769778589373,0.0,27
2498.0,3,hold,0.9027566516313618,4.098876109906653,299.4496439871262,0.0,27
2499.0,1,hold,0.9033295698499773,4.097664807414963,301.57763380101625,0.0,27
2499.0,2,hold,0.9091429236729899,4.101155787063737,302.57622771673584,0.0,27
2499.0,3,hold,0.9027566516313618,4.09887523958945,299.4495259864451,0.0,27
2500.0,1,hold,0.9033295698499773,4.097661433047302,301.5770216125437,0.0,27
2500.0,2,hold,0.9091429236729899,4.101146719600591,302.5754777016445,0.0,27
2500.0,3,hold,0.9027566516313625,4.098874375969723,299.44940799648293,0.0,27
2501.0,1,hold,0.9033295698499773,4.097658087275391,301.5764095334104,0.0,27
2501.0,2,hold,0.9091429236729899,4.101137752368375,302.57472781364163,0.0,27
2501.0,3,hold,0.9027566516313625,4.098873519020971,299.44929001723926,0.0,27
2502.0,1,hold,0.9033295698499773,4.097654769814666,301.5757975635968,0.0,27
2502.0,2,hold,0.9091429236729899,4.10112888384352,302.5739780527057,0.0,27
2502.0,3,hold,0.9027566516313625,4.09887266853076,299.44917204870944,0.0,27
2503.0,1,hold,0.9033295698499773,4.097651480385432,301.57518570308326,0.0,27
2503.0,2,hold,0.9091429236729899,4.1011201125490135,302.57322841881523,0.0,27
2503.0,3,hold,0.9027566516313626,4.0988718233584915,299.44905409086795,0.0,27
2504.0,1,hold,0.9033295698499773,4.097648218712875,301.57457395185037,0.0,27
2504.0,2,hold,0.9091429236729899,4.10111143705457,302.5724789119487,0.0,27
2504.0,3,hold,0.9027566516313628,4.098870984499422,299.4489361437374,0.0,27
2505.0,1,hold,0.9033295698499773,4.09764498452699,301.5739623098786,0.0,27
2505.0,2,hold,0.9091429236729899,4.101102855977027,302.5717295320845,0.0,27
2505.0,3,hold,0.9027566516313628,4.098870151910226,299.44881820731695,0.0,27
2506.0,1,hold,0.9033295698499773,4.097641777496545,301.57335077714845,0.0,27
2506.0,2,hold,0.9091429236729899,4.10109436798062,302.57098027920114,0.0,27
2506.0,3,hold,0.9027566516313628,4.098869325547584,299.4487002816057,0.0,27
2507.0,1,hold,0.9033295698499773,4.0976385973697,301.5727393536404,0.0,27
2507.0,2,hold,0.9091429236729899,4.101085971714376,302.5702311532772,0.0,27
2507.0,3,hold,0.9027566516313628,4.098868505368234,299.44858236660286,0.0,27
2508.0,1,hold,0.9033295698499773,4.097635443896236,301.57212803933487,0.0,27
2508.0,2,hold,0.9091429236729899,4.101077664892495,302.569482154291,0.0,27
2508.0,3,hold,0.9027566516313629,4.098867691328946,299.4484644623077,0.0,27
2509.0,1,hold,0.9033295698499773,4.097632316815266,301.57151683421245,0.0,27
2509.0,2,hold,0.9091429236729891,4.1010694468388404,302.56873328222116,0.0,27
2509.0,3,hold,0.902756651631363,4.098866883386512,299.44834656871933,0.0,27
2510.0,1,hold,0.9033295698499773,4.097629215869947,301.57090573825354,0.0,27
2510.0,2,hold,0.9091429236729891,4.101061316265573,302.56798453704613,0.0,27
2510.0,3,hold,0.902756651631363,4.098866081497745,299.44822868583685,0.0,27
2511.0,1,hold,0.9033295698499773,4.097626140807366,301.5702947514388,0.0,27
2511.0,2,hold,0.9091429236729891,4.101053271915514,302.5672359187444,0.0,27
2511.0,3,hold,0.902756651631363,4.098865285619491,299.4481108136596,0.0,27
2512.0,1,hold,0.9033295698499773,4.097623091378624,301.5696838737485,0.0,27
2512.0,2,hold,0.9091429236729889,4.101045312561489,302.5664874272946,0.0,27
2512.0,3,hold,0.902756651631363,4.09886449570863,299.44799295218667,0.0,27
2513.0,1,hold,0.9033295698499766,4.097620067306957,301.56907310516334,0.0,27
2513.0,2,hold,0.9091429236729889,4.101037437005838,302.565739062675,0.0,27
2513.0,3,hold,0.902756651631363,4.098863711722087,299.44787510141725,0.0,27
2514.0,1,hold,0.9033295698499766,4.097617068347885,301.5684624456638,0.0,27
2514.0,2,hold,0.9091429236729889,4.101029644079619,302.56499082486425,0.0,27
2514.0,3,hold,0.9027566516313632,4.098862933616777,299.44775726135055,0.0,27
2515.0,1,hold,0.9033295698499766,4.0976140942706945,301.5678518952303,0.0,27
2515.0,2,hold,0.9091429236729889,4.1010219326420785,302.5642427138408,0.0,27
2515.0,3,hold,0.9027566516313633,4.098862161349716,299.44763943198564,0.0,27
2516.0,1,hold,0.9033295698499766,4.097611144836671,301.56724145384356,0.0,27
2516.0,2,hold,0.9091429236729891,4.101014301350199,302.56349472958334,0.0,27
2516.0,3,hold,0.9027566516313633,4.098861394877867,299.4475216133219,0.0,27
2517.0,1,hold,0.9033295698499766,4.097608219810464,301.56663112148385,0.0,27
2517.0,2,hold,0.9091429236729889,4.1010067491268245,302.5627468720702,0.0,27
2517.0,3,hold,0.9027566516313633,4.098860634158251,299.4474038053583,0.0,27
2518.0,1,hold,0.9033295698499766,4.0976053189602855,301.5660208981319,0.0,27
2518.0,2,hold,0.9091429236729889,4.10099927483923,302.5619991412799,0.0,27
2518.0,3,hold,0.9027566516313633,4.098859879079237,299.4472860080919,0.0,27
2519.0,1,hold,0.9033295698499766,4.0976024420577115,301.5654107837682,0.0,27
2519.0,2,hold,0.9091429236729889,4.100991877353929,302.5612515371911,0.0,27
2519.0,3,hold,0.9027566516313633,4.098859129586421,299.4471682215213,0.0,27
2520.0,1,hold,0.9033295698499766,4.097599588875525,301.5648007783732,0.0,27
2520.0,2,hold,0.9091429236729889,4.100984555545013,302.5605040597822,0.0,27
2520.0,3,hold,0.902756651631364,4.098858385628391,299.44705044564546,0.0,27
2520.0,1,hold,0.903329569849978,4.097599588875525,301.5648007783732,0.0,28
2520.0,1,hold,0.9033295698499766,4.097599588875525,301.5648007783732,0.0,28
2520.0,2,hold,0.9091429236729901,4.100984555545013,302.5605040597822,0.0,28
2520.0,2,hold,0.9091429236729889,4.100984555545013,302.5605040597822,0.0,28
2520.0,3,hold,0.902756651631365,4.098858385628391,299.44705044564546,0.0,28
2520.0,3,hold,0.902756651631364,4.098858385628391,299.44705044564546,0.0,28
2521.0,1,hold,0.9033295698499766,4.097596766455522,301.56419091757147,0.0,28
2521.0,2,hold,0.9091429236729889,4.100977319434078,302.55975672963416,0.0,28
2521.0,3,hold,0.902756651631364,4.098857650188862,299.44693268653043,0.0,28
2522.0,1,hold,0.9033295698499766,4.097593964322273,301.5635811516811,0.0,28
2522.0,2,hold,0.9091429236729889,4.100970148776282,302.5590095113673,0.0,28
2522.0,3,hold,0.902756651631364,4.098856920091707,299.44681493799385,0.0,28
2523.0,1,hold,0.9033295698499764,4.097591183115796,301.5629714848718,0.0,28
2523.0,2,hold,0.9091429236729891,4.100963048517359,302.55826241578956,0.0,28
2523.0,3,hold,0.902756651631364,4.098856195306325,299.44669720008386,0.0,28
2524.0,1,hold,0.9033295698499766,4.097588423208348,301.5623619194739,0.0,28
2524.0,2,hold,0.9091429236729891,4.100956019278618,302.557515446257,0.0,28
2524.0,3,hold,0.902756651631364,4.098855476321271,299.4465794738729,0.0,28
2525.0,1,hold,0.9033295698499766,4.097585685528566,301.56175246114685,0.0,28
2525.0,2,hold,0.9091429236729891,4.100949059567599,302.55676860287656,0.0,28
2525.0,3,hold,0.902756651631364,4.098854760893186,299.446461754788,0.0,28
2526.0,1,hold,0.9033295698499764,4.0975829699865205,301.56114311152527,0.0,28
2526.0,2,hold,0.9091429236729891,4.100942168881579,302.55602188604814,0.0,28
2526.0,3,hold,0.902756651631364,4.098854050090305,299.44634404513766,0.0,28
2527.0,1,hold,0.9033295698499764,4.097580276495991,301.56053386980614,0.0,28
2527.0,2,hold,0.9091429236729891,4.1009353475792825,302.5552752952499,0.0,28
2527.0,3,hold,0.902756651631364,4.098853344529582,299.44622634625665,0.0,28
2528.0,1,hold,0.9033295698499764,4.097577604626393,301.5599247364493,0.0,28
2528.0,2,hold,0.9091429236729899,4.100928593675944,302.5545288307685,0.0,28
2528.0,3,hold,0.902756651631364,4.098852643621699,299.4461086568754,0.0,28
2529.0,1,hold,0.9033295698499764,4.097574953902603,301.55931571249954,0.0,28
2529.0,2,hold,0.9091429236729891,4.1009219059130455,302.5537824927794,0.0,28
2529.0,3,hold,0.9027566516313641,4.098851947723462,299.4459909779447,0.0,28
2530.0,1,hold,0.9033295698499764,4.097572324773436,301.55870679688513,0.0,28
2530.0,2,hold,0.9091429236729899,4.100915285281502,302.55303628111085,0.0,28
2530.0,3,hold,0.9027566516313641,4.098851256896262,299.445873309631,0.0,28
2531.0,1,hold,0.9033295698499764,4.097569717219967,301.55809798960604,0.0,28
2531.0,2,hold,0.9091429236729891,4.1009087298478,302.55229019580827,0.0,28
2531.0,3,hold,0.9027566516313641,4.098850571015388,299.44575565160653,0.0,28
2532.0,1,hold,0.9033295698499764,4.097567131223439,301.5574892906623,0.0,28
2532.0,2,hold,0.9091429236729899,4.1009022378032345,302.5515442369143,0.0,28
2532.0,3,hold,0.9027566516313643,4.098849890084191,299.4456380044888,0.0,28
2533.0,1,hold,0.9033295698499764,4.097564565732442,301.55688070038264,0.0,28
2533.0,2,hold,0.9091429236729899,4.100895810424371,302.55079840439396,0.0,28
2533.0,3,hold,0.9027566516313643,4.09884921409982,299.445520368059,0.0,28
2534.0,1,hold,0.9033295698499764,4.097562020425881,301.5562722188638,0.0,28
2534.0,2,hold,0.9091429236729891,4.100889446060792,302.5500526982229,0.0,28
2534.0,3,hold,0.9027566516313643,4.098848543059985,299.44540274217894,0.0,28
2535.0,1,hold,0.9033295698499764,4.097559495941605,301.5556638458971,0.0,28
2535.0,2,hold,0.9091429236729899,4.10088314218198,302.5493071183629,0.0,28
2535.0,3,hold,0.9027566516313668,4.098847876963486,299.44528512684855,0.0,28
2536.0,1,hold,0.9033295698499764,4.097556992262103,301.5550555814826,0.0,28
2536.0,2,hold,0.9091429236729899,4.100876899793198,302.54856166483137,0.0,28
2536.0,3,hold,0.9027566516313668,4.098847215809089,299.44516752206783,0.0,28
2537.0,1,hold,0.9033295698499764,4.097554509370051,301.55444742562014,0.0,28
2537.0,2,hold,0.9091429236729899,4.100870718464902,302.5478163376235,0.0,28
2537.0,3,hold,0.9027566516313668,4.098846559060167,299.44504992808623,0.0,28
2538.0,1,hold,0.9033295698499764,4.097552045708801,301.5538393783298,0.0,28
2538.0,2,hold,0.9091429236729891,4.1008645977692755,302.54707113673396,0.0,28
2538.0,3,hold,0.9027566516313668,4.098845906697816,299.44493234491216,0.0,28
2539.0,1,hold,0.9033295698499764,4.097549601574569,301.55323143960754,0.0,28
2539.0,2,hold,0.9091429236729891,4.100858536494302,302.54632606212476,0.0,28
2539.0,3,hold,0.9027566516313668,4.098845259098487,299.44481477236957,0.0,28
2540.0,1,hold,0.9033295698499764,4.097547177419633,301.5526236094471,0.0,28
2540.0,2,hold,0.9091429236729891,4.1008525326453,302.5455811137247,0.0,28
2540.0,3,hold,0.9027566516313668,4.098844616261042,299.44469721045857,0.0,28
2541.0,1,hold,0.9033295698499764,4.097544773227851,301.55201588784865,0.0,28
2541.0,2,hold,0.9091429236729891,4.100846586640193,302.54483629156385,0.0,28
2541.0,3,hold,0.9027566516313668,4.098843978184364,299.4445796591791,0.0,28
2542.0,1,hold,0.9033295698499764,4.097542388983255,301.5514082748122,0.0,28
2542.0,2,hold,0.9091429236729891,4.100840697823418,302.54409159562726,0.0,28
2542.0,3,hold,0.9027566516313668,4.09884334486731,299.44446211853113,0.0,28
2543.0,1,hold,0.9033295698499764,4.097540022736075,301.55080077017,0.0,28
2543.0,2,hold,0.9091429236729891,4.100834865541453,302.5433470258997,0.0,28
2543.0,3,hold,0.902756651631367,4.098842716308795,299.44434458851475,0.0,28
2544.0,1,hold,0.9033295698499764,4.0975376753104165,301.5501933739948,0.0,28
2544.0,2,hold,0.9091429236729891,4.100829088998866,302.5426025823527,0.0,28
2544.0,3,hold,0.902756651631367,4.0988420925077165,299.4442270691299,0.0,28
2545.0,1,hold,0.9033295698499739,4.097535346794826,301.54958608629545,0.0,28
2545.0,2,hold,0.9091429236729889,4.100823367124624,302.5418582649306,0.0,28
2545.0,3,hold,0.902756651631367,4.098841473462951,299.44410956037666,0.0,28
2546.0,1,hold,0.9033295698499764,4.09753303710019,301.54897890706565,0.0,28
2546.0,2,hold,0.9091429236729889,4.100817699487363,302.5411140736392,0.0,28
2546.0,3,hold,0.902756651631367,4.098840859173441,299.4439920622549,0.0,28
2547.0,1,hold,0.9033295698499739,4.097530746137606,301.5483718362988,0.0,28
2547.0,2,hold,0.9091429236729889,4.1008120853868295,302.54037000845796,0.0,28
2547.0,3,hold,0.902756651631367,4.098840249199723,299.44387457479695,0.0,28
2548.0,1,hold,0.9033295698499739,4.097528473818285,301.54776487398857,0.0,28
2548.0,2,hold,0.9091429236729889,4.10080652412465,302.5396260693668,0.0,28
2548.0,3,hold,0.9027566516313676,4.098839642753235,299.44375709806087,0.0,28
2549.0,1,hold,0.9033295698499739,4.097526220053727,301.54715802012845,0.0,28
2549.0,2,hold,0.9091429236729889,4.100801015069797,302.53888225634233,0.0,28
2549.0,3,hold,0.902756651631367,4.098839040778385,299.44363963197696,0.0,28
2550.0,1,hold,0.9033295698499739,4.097523984755616,301.5465512747119,0.0,28
2550.0,2,hold,0.9091429236729889,4.100795557819929,302.5381385693512,0.0,28
2550.0,3,hold,0.9027566516313676,4.098838443274163,299.44352217654523,0.0,28
2551.0,1,hold,0.9033295698499739,4.097521766525054,301.5459446375294,0.0,28
2551.0,2,hold,0.9091429236729889,4.100790151537735,302.5373950083794,0.0,28
2551.0,3,hold,0.9027566516313676,4.0988378502395815,299.4434047317658,0.0,28
2552.0,1,hold,0.9033295698499739,4.0975195660762775,301.54533810869856,0.0,28
2552.0,2,hold,0.9091429236729889,4.1007847955662236,302.5366515734052,0.0,28
2552.0,3,hold,0.9027566516313676,4.098837261673651,299.44328729763845,0.0,28
2553.0,1,hold,0.9033295698499739,4.097517383297218,301.54473168820925,0.0,28
2553.0,2,hold,0.9091429236729889,4.1007794892502005,302.5359082644068,0.0,28
2553.0,3,hold,0.9027566516313676,4.098836677575445,299.44316987416346,0.0,28
2554.0,1,hold,0.9033295698499739,4.097515218046757,301.5441253760466,0.0,28
2554.0,2,hold,0.9091429236729891,4.100774232004946,302.5351650813623,0.0,28
2554.0,3,hold,0.9027566516313676,4.0988360979439395,299.4430524613406,0.0,28
2555.0,1,hold,0.9033295698499738,4.097513070184002,301.5435191721958,0.0,28
2555.0,2,hold,0.9091429236729889,4.10076902369541,302.53442202424986,0.0,28
2555.0,3,hold,0.9027566516313676,4.0988355227782165,299.4429350591699,0.0,28
2556.0,1,hold,0.9033295698499738,4.097510939568368,301.54291307664187,0.0,28
2556.0,2,hold,0.9091429236729891,4.100763863422387,302.5336790930477,0.0,28
2556.0,3,hold,0.902756651631368,4.09883495207735,299.4428176676515,0.0,28
2557.0,1,hold,0.9033295698499738,4.0975088260594354,301.54230708937024,0.0,28
2557.0,2,hold,0.9091429236729891,4.1007587505914636,302.5329362877338,0.0,28
2557.0,3,hold,0.902756651631368,4.098834385796113,299.4427002867853,0.0,28
2558.0,1,hold,0.9033295698499738,4.097506729502998,301.54170121036157,0.0,28
2558.0,2,hold,0.9091429236729889,4.100753684609851,302.5321936082864,0.0,28
2558.0,3,hold,0.902756651631368,4.098833822321975,299.4425829165728,0.0,28
2559.0,1,hold,0.9033295698499738,4.097504649458385,301.54109543950835,0.0,28
2559.0,2,hold,0.9091429236729889,4.100748664916733,302.53145105468394,0.0,28
2559.0,3,hold,0.902756651631368,4.098833263009864,299.4424655570128,0.0,28
2560.0,1,hold,0.9033295698499736,4.097502585984989,301.5404897768571,0.0,28
2560.0,2,hold,0.9091429236729889,4.100743691422492,302.53070862690737,0.0,28
2560.0,3,hold,0.902756651631368,4.098832707858932,299.4423482081052,0.0,28
2561.0,1,hold,0.9033295698499738,4.097500538930493,301.5398842223891,0.0,28
2561.0,2,hold,0.9091429236729889,4.100738763303161,302.5299663249335,0.0,28
2561.0,3,hold,0.902756651631368,4.098832156868317,299.44223086985016,0.0,28
2562.0,1,hold,0.9033295698499736,4.097498508142797,301.53927877608544,0.0,28
2562.0,2,hold,0.9091429236729889,4.100733880019879,302.5292241487409,0.0,28
2562.0,3,hold,0.902756651631368,4.098831610037186,299.4421135422476,0.0,28
2563.0,1,hold,0.9033295698499736,4.097496493469988,301.5386734379274,0.0,28
2563.0,2,hold,0.9091429236729889,4.100729041035217,302.52848209830785,0.0,28
2563.0,3,hold,0.9027566516313736,4.098831067364687,299.4419962252975,0.0,28
2564.0,1,hold,0.9033295698499736,4.097494494760406,301.53806820789606,0.0,28
2564.0,2,hold,0.9091429236729889,4.100724245814073,302.52774017361287,0.0,28
2564.0,3,hold,0.9027566516313736,4.098830528849982,299.44187891899986,0.0,28
2565.0,1,hold,0.9033295698499736,4.097492511862621,301.5374630859727,0.0,28
2565.0,2,hold,0.9091429236729889,4.1007194942509475,302.52699837463655,0.0,28
2565.0,3,hold,0.9027566516313736,4.098829994492267,299.4417616233547,0.0,28
2566.0,1,hold,0.9033295698499736,4.097490544645163,301.5368580721358,0.0,28
2566.0,2,hold,0.9091429236729889,4.100714785614118,302.5262567013562,0.0,28
2566.0,3,hold,0.9027566516313736,4.098829464290702,299.44164433836204,0.0,28
2567.0,1,hold,0.9033295698499729,4.0974885931049645,301.536253166346,0.0,28
2567.0,2,hold,0.9091429236729889,4.1007101194096585,302.52551515375063,0.0,28
2567.0,3,hold,0.9027566516313736,4.098828938244475,299.4415270640219,0.0,28
2568.0,1,hold,0.9033295698499736,4.097486656988329,301.5356483685987,0.0,28
2568.0,2,hold,0.9091429236729889,4.100705495144927,302.52477373179846,0.0,28
2568.0,3,hold,0.9027566516313736,4.098828415186906,299.4414098003054,0.0,28
2569.0,1,hold,0.9033295698499736,4.097484736151788,301.5350436788742,0.0,28
2569.0,2,hold,0.9091429236729889,4.100700912328561,302.5240324354782,0.0,28
2569.0,3,hold,0.9027566516313736,4.098827895625178,299.4412925472252,0.0,28
2570.0,1,hold,0.9033295698499729,4.097482830452034,301.53443909715264,0.0,28
2570.0,2,hold,0.9091429236729889,4.100696370793205,302.52329126476934,0.0,28
2570.0,3,hold,0.9027566516313736,4.098827379871301,299.4411753047889,0.0,28
2571.0,1,hold,0.9033295698499729,4.097480939746001,301.53383462341424,0.0,28
2571.0,2,hold,0.9091429236729889,4.100691869931834,302.5225502196503,0.0,28
2571.0,3,hold,0.902756651631374,4.0988268679108355,299.44105807299627,0.0,28
2572.0,1,hold,0.9033295698499729,4.097479063890779,301.53323025763916,0.0,28
2572.0,2,hold,0.9091429236729889,4.100687409270337,302.52180930009973,0.0,28
2572.0,3,hold,0.902756651631374,4.098826359729303,299.44094085184696,0.0,28
2573.0,1,hold,0.9033295698499729,4.097477202743713,301.53262599980764,0.0,28
2573.0,2,hold,0.9091429236729889,4.100682988353286,302.52106850609624,0.0,28
2573.0,3,hold,0.902756651631374,4.0988258553122545,299.44082364134056,0.0,28
2574.0,1,hold,0.9033295698499736,4.097475356215195,301.53202184990033,0.0,28
2574.0,2,hold,0.9091429236729889,4.100678606726422,302.5203278376186,0.0,28
2574.0,3,hold,0.9027566516313741,4.098825354645276,299.4407064414768,0.0,28
2575.0,1,hold,0.9033295698499729,4.097473524373898,301.53141780789935,0.0,28
2575.0,2,hold,0.9091429236729889,4.100674264222745,302.51958729464576,0.0,28
2575.0,3,hold,0.9027566516313741,4.098824857713938,299.4405892522553,0.0,28
2576.0,1,hold,0.9033295698499729,4.097471706921523,301.53081387378353,0.0,28
2576.0,2,hold,0.9091429236729889,4.100669960323836,302.5188468771565,0.0,28
2576.0,3,hold,0.9027566516313741,4.098824364503821,299.4404720736757,0.0,28
2577.0,1,hold,0.9033295698499729,4.09746990372787,301.5302100475331,0.0,28
2577.0,2,hold,0.9091429236729889,4.100665694579261,302.5181065851294,0.0,28
2577.0,3,hold,0.9027566516313741,4.098823875000514,299.44035490573776,0.0,28
2578.0,1,hold,0.9033295698499729,4.097468114662927,301.5296063291284,0.0,28
2578.0,2,hold,0.9091429236729889,4.100661466574238,302.51736641854313,0.0,28
2578.0,3,hold,0.9027566516313741,4.098823389189622,299.440237748441,0.0,28
2579.0,1,hold,0.9033295698499729,4.097466339596805,301.5290027185497,0.0,28
2579.0,2,hold,0.9091429236729889,4.100657275895932,302.51662637737655,0.0,28
2579.0,3,hold,0.9027566516313741,4.098822907056745,299.44012060178517,0.0,28
2580.0,1,hold,0.9033295698499729,4.097464578399789,301.5283992157774,0.0,28
2580.0,2,hold,0.9091429236729889,4.100653122133293,302.51588646160843,0.0,28
2580.0,3,hold,0.9027566516313741,4.098822428587523,299.44000346576996,0.0,28
2581.0,1,hold,0.9033295698499728,4.097462830942398,301.5277958207917,0.0,28
2581.0,2,hold,0.9091429236729889,4.100649004877129,302.51514667121745,0.0,28
2581.0,3,hold,0.9027566516313741,4.098821953767537,299.43988634039493,0.0,28
2582.0,1,hold,0.9033295698499728,4.097461097161295,301.52719253357463,0.0,28
2582.0,2,hold,0.9091429236729889,4.100644923769307,302.5144070061824,0.0,28
2582.0,3,hold,0.9027566516313746,4.098821482582448,299.4397692256598,0.0,28
2583.0,1,hold,0.9033295698499728,4.097459377085608,301.52658935411046,0.0,28
2583.0,2,hold,0.9091429236729889,4.100640878669845,302.5136674664821,0.0,28
2583.0,3,hold,0.9027566516313746,4.098821015017899,299.4396521215643,0.0,28
2584.0,1,hold,0.9033295698499728,4.097457670459093,301.52598628237615,0.0,28
2584.0,2,hold,0.9091429236729889,4.100636869024456,302.51292805209533,0.0,28
2584.0,3,hold,0.9027566516313746,4.09882055086937,299.4395350280993,0.0,28
2585.0,1,hold,0.9033295698499727,4.097455977163346,301.52538331835245,0.0,28
2585.0,2,hold,0.9091429236729889,4.100632894462487,302.5121887630008,0.0,28
2585.0,3,hold,0.902756651631375,4.098820089575566,299.43941794523926,0.0,28
2586.0,1,hold,0.9033295698499728,4.097454297080175,301.5247804620199,0.0,28
2586.0,2,hold,0.9091429236729889,4.100628954617326,302.5114495991772,0.0,28
2586.0,3,hold,0.902756651631375,4.098819631700202,299.4393008730106,0.0,28
2587.0,1,hold,0.9033295698499728,4.09745263009148,301.524177713359,0.0,28
2587.0,2,hold,0.9091429236729889,4.100625049126185,302.51071056060334,0.0,28
2587.0,3,hold,0.902756651631375,4.098819177220003,299.43918381141236,0.0,28
2588.0,1,hold,0.9033295698499727,4.097450976079314,301.52357507235035,0.0,28
2588.0,2,hold,0.9091429236729889,4.100621177630311,302.50997164725806,0.0,28
2588.0,3,hold,0.902756651631375,4.09881872611173,299.43906676044384,0.0,28
2589.0,1,hold,0.9033295698499727,4.097449334925878,301.52297253897456,0.0,28
2589.0,2,hold,0.9091429236729889,4.100617339774741,302.50923285912006,0.0,28
2589.0,3,hold,0.902756651631375,4.098818278352116,299.43894972010435,0.0,28
2590.0,1,hold,0.9033295698499727,4.097447706604244,301.52237011321375,0.0,28
2590.0,2,hold,0.9091429236729889,4.100613535275103,302.50849419616816,0.0,28
2590.0,3,hold,0.902756651631375,4.098817833917957,299.43883269039304,0.0,28
2591.0,1,hold,0.9033295698499727,4.09744609113123,301.52176779505083,0.0,28
2591.0,2,hold,0.9091429236729889,4.100609763837101,302.50775565838126,0.0,28
2591.0,3,hold,0.902756651631375,4.098817392785998,299.43871567130935,0.0,28
2592.0,1,hold,0.9033295698499727,4.097444488267083,301.5211655844642,0.0,28
2592.0,2,hold,0.9091429236729889,4.1006060250756455,302.50701724573804,0.0,28
2592.0,3,hold,0.902756651631375,4.098816954933044,299.4385986628523,0.0,28
2593.0,1,hold,0.9033295698499727,4.097442897905109,301.52056348143464,0.0,28
2593.0,2,hold,0.9091429236729889,4.100602318665725,302.5062789582173,0.0,28
2593.0,3,hold,0.9027566516313774,4.098816520335857,299.4384816650213,0.0,28
2594.0,1,hold,0.9033295698499727,4.097441319938655,301.51996148594293,0.0,28
2594.0,2,hold,0.9091429236729889,4.100598644287164,302.50554079579786,0.0,28
2594.0,3,hold,0.9027566516313774,4.098816088971278,299.4383646778155,0.0,28
2595.0,1,hold,0.9033295698499727,4.097439754261119,301.5193595979698,0.0,28
2595.0,2,hold,0.9091429236729889,4.100595001624734,302.5048027584585,0.0,28
2595.0,3,hold,0.9027566516313774,4.0988156608160775,299.4382477012343,0.0,28
2596.0,1,hold,0.9033295698499727,4.097438200765881,301.51875781749595,0.0,28
2596.0,2,hold,0.9091429236729889,4.1005913903679705,302.504064846178,0.0,28
2596.0,3,hold,0.9027566516313774,4.09881523584712,299.43813073527673,0.0,28
2597.0,1,hold,0.9033295698499727,4.0974366593464655,301.5181561445023,0.0,28
2597.0,2,hold,0.9091429236729887,4.100587810211289,302.5033270589351,0.0,28
2597.0,3,hold,0.9027566516313774,4.098814814041194,299.4380137799422,0.0,28
2598.0,1,hold,0.9033295698499727,4.0974351298963345,301.51755457896934,0.0,28
2598.0,2,hold,0.9091429236729887,4.100584260830226,302.5025893967088,0.0,28
2598.0,3,hold,0.9027566516313774,4.098814395375163,299.4378968352298,0.0,28
2599.0,1,hold,0.9033295698499727,4.097433612309056,301.51695312087804,0.0,28
2599.0,2,hold,0.9091429236729887,4.10058074193393,302.5018518594779,0.0,28
2599.0,3,hold,0.9027566516313774,4.098813979825836,299.43777990113904,0.0,28
2600.0,1,hold,0.9033295698499727,4.097432106478189,301.516351770209,0.0,28
2600.0,2,hold,0.9091429236729887,4.10057725323318,302.501114447221,0.0,28
2600.0,3,hold,0.9027566516313775,4.098813567370103,299.437662977669,0.0,28
2601.0,1,hold,0.9033295698499727,4.0974306122973445,301.515750526943,0.0,28
2601.0,2,hold,0.9091429236729887,4.100573794438583,302.5003771599172,0.0,28
2601.0,3,hold,0.9027566516313775,4.098813157920519,299.4375460648119,0.0,28
2602.0,1,hold,0.9033295698499727,4.0974291296601475,301.5151493910608,0.0,28
2602.0,2,hold,0.9091429236729887,4.100570365265257,302.49963999754516,0.0,28
2602.0,3,hold,0.9027566516313775,4.098812751466978,299.43742916256855,0.0,28
2603.0,1,hold,0.9033295698499727,4.097427658460299,301.5145483625431,0.0,28
2603.0,2,hold,0.9091429236729887,4.100566965432888,302.4989029600837,0.0,28
2603.0,3,hold,0.9027566516313775,4.098812348008028,299.4373122709405,0.0,28
2604.0,1,hold,0.9033295698499727,4.097426198623312,301.51394744137104,0.0,28
2604.0,2,hold,0.9091429236729887,4.100563594665685,302.4981660475117,0.0,28
2604.0,3,hold,0.9027566516313775,4.098811947517822,299.43719538992667,0.0,28
2605.0,1,hold,0.9033295698499725,4.09742475013317,301.5133466275259,0.0,28
2605.0,2,hold,0.9091429236729887,4.100560252687661,302.4974292598081,0.0,28
2605.0,3,hold,0.9027566516313775,4.098811549970582,299.43707851952604,0.0,28
2606.0,1,hold,0.9033295698499727,4.0974233128447874,301.51274592098815,0.0,28
2606.0,2,hold,0.9091429236729887,4.100556939182011,302.49669259695156,0.0,28
2606.0,3,hold,0.9027566516313776,4.098811155340506,299.4369616597375,0.0,28
2607.0,1,hold,0.9033295698499724,4.097421886670068,301.5121453217387,0.0,28
2607.0,2,hold,0.9091429236729887,4.100553653902374,302.49595605892097,0.0,28
2607.0,3,hold,0.9027566516313776,4.098810763601799,299.4368448105601,0.0,28
2608.0,1,hold,0.9033295698499724,4.097420471522431,301.5115448297585,0.0,28
2608.0,2,hold,0.9091429236729887,4.100550396579822,302.4952196456953,0.0,28
2608.0,3,hold,0.9027566516313776,4.098810374728659,299.4367279719928,0.0,28
2609.0,1,hold,0.9033295698499724,4.09741906731686,301.5109444450283,0.0,28
2609.0,2,hold,0.9091429236729887,4.100547166948646,302.4944833572532,0.0,28
2609.0,3,hold,0.9027566516313776,4.098809988695345,299.4366111440345,0.0,28
2610.0,1,hold,0.9033295698499724,4.097417673969787,301.5103441675292,0.0,28
2610.0,2,hold,0.9091429236729887,4.100543964746416,302.49374719357377,0.0,28
2610.0,3,hold,0.9027566516313776,4.098809605476054,299.43649432668417,0.0,28
